time,open,high,low,close
2023-01-02 07:00:00,0.68075,0.68082,0.68061,0.68064
2023-01-02 08:00:00,0.68058,0.68081,0.68046,0.68046
2023-01-02 09:00:00,0.67977,0.68048,0.67946,0.67987
2023-01-02 10:00:00,0.67987,0.6811,0.67982,0.68014
2023-01-02 11:00:00,0.68015,0.68023,0.67929,0.67947
2023-01-02 12:00:00,0.67945,0.68033,0.67945,0.67956
2023-01-02 13:00:00,0.67958,0.68062,0.67942,0.6805
2023-01-02 14:00:00,0.68049,0.68128,0.67994,0.68085
2023-01-02 15:00:00,0.68088,0.68091,0.68015,0.68047
2023-01-02 16:00:00,0.68047,0.6814,0.68047,0.68125
2023-01-02 17:00:00,0.68126,0.68171,0.6812,0.68168
2023-01-02 18:00:00,0.68168,0.6819,0.6813,0.68146
2023-01-02 19:00:00,0.68147,0.68172,0.68121,0.6816
2023-01-02 20:00:00,0.68161,0.68165,0.68066,0.68069
2023-01-02 21:00:00,0.68069,0.6814,0.68051,0.68083
2023-01-02 22:00:00,0.68084,0.68118,0.67952,0.67953
2023-01-02 23:00:00,0.67954,0.68065,0.6788,0.68007
2023-01-03 00:00:00,0.68007,0.68061,0.67862,0.67933
2023-01-03 01:00:00,0.67936,0.68092,0.67936,0.68072
2023-01-03 02:00:00,0.68072,0.68107,0.67918,0.6796
2023-01-03 03:00:00,0.6796,0.6796,0.67726,0.67814
2023-01-03 04:00:00,0.67812,0.68145,0.67783,0.68113
2023-01-03 05:00:00,0.68112,0.68347,0.68105,0.68314
2023-01-03 06:00:00,0.68314,0.68343,0.68237,0.68273
2023-01-03 07:00:00,0.68274,0.68291,0.67873,0.67959
2023-01-03 08:00:00,0.67958,0.68029,0.67953,0.68008
2023-01-03 09:00:00,0.68007,0.68094,0.67831,0.67871
2023-01-03 10:00:00,0.67873,0.67879,0.67102,0.67126
2023-01-03 11:00:00,0.67127,0.67273,0.66941,0.67214
2023-01-03 12:00:00,0.67213,0.67219,0.67026,0.67037
2023-01-03 13:00:00,0.67037,0.6705,0.6688,0.66981
2023-01-03 14:00:00,0.66981,0.67092,0.66919,0.67058
2023-01-03 15:00:00,0.67058,0.67402,0.66998,0.67378
2023-01-03 16:00:00,0.67378,0.67674,0.67282,0.67494
2023-01-03 17:00:00,0.67495,0.67535,0.67292,0.67431
2023-01-03 18:00:00,0.67431,0.67446,0.67214,0.67292
2023-01-03 19:00:00,0.67292,0.67366,0.67242,0.67281
2023-01-03 20:00:00,0.6728,0.67354,0.672,0.67332
2023-01-03 21:00:00,0.67333,0.67422,0.67291,0.67359
2023-01-03 22:00:00,0.67362,0.67391,0.67257,0.67285
2023-01-03 23:00:00,0.67285,0.67302,0.67248,0.67259
2023-01-04 00:00:00,0.67255,0.67284,0.67216,0.6726
2023-01-04 01:00:00,0.6726,0.67278,0.67166,0.67253
2023-01-04 02:00:00,0.67253,0.67448,0.67233,0.67435
2023-01-04 03:00:00,0.67436,0.67677,0.67416,0.67646
2023-01-04 04:00:00,0.67647,0.67765,0.67636,0.67672
2023-01-04 05:00:00,0.67672,0.6783,0.6767,0.67821
2023-01-04 06:00:00,0.67826,0.68172,0.67725,0.68047
2023-01-04 07:00:00,0.6805,0.68168,0.67872,0.68015
2023-01-04 08:00:00,0.68016,0.68043,0.67904,0.68038
2023-01-04 09:00:00,0.68037,0.68492,0.6803,0.68416
2023-01-04 10:00:00,0.68416,0.68792,0.68373,0.6871
2023-01-04 11:00:00,0.68705,0.68847,0.68668,0.68711
2023-01-04 12:00:00,0.68711,0.68799,0.68658,0.68795
2023-01-04 13:00:00,0.68795,0.6886,0.68664,0.68719
2023-01-04 14:00:00,0.68719,0.68736,0.68532,0.68567
2023-01-04 15:00:00,0.68568,0.68779,0.68531,0.68749
2023-01-04 16:00:00,0.68749,0.68865,0.68673,0.68764
2023-01-04 17:00:00,0.68773,0.68811,0.68346,0.68535
2023-01-04 18:00:00,0.68536,0.68604,0.68387,0.68584
2023-01-04 19:00:00,0.68585,0.68638,0.68452,0.68452
2023-01-04 20:00:00,0.68453,0.68562,0.68336,0.68367
2023-01-04 21:00:00,0.68345,0.68478,0.68189,0.68395
2023-01-04 22:00:00,0.68394,0.68413,0.6832,0.68375
2023-01-04 23:00:00,0.68377,0.68421,0.68359,0.68374
2023-01-05 00:00:00,0.68347,0.68369,0.68206,0.68338
2023-01-05 01:00:00,0.68338,0.68364,0.68283,0.68283
2023-01-05 02:00:00,0.68286,0.68396,0.68215,0.68309
2023-01-05 03:00:00,0.6831,0.68452,0.68305,0.68387
2023-01-05 04:00:00,0.68387,0.68388,0.68092,0.68159
2023-01-05 05:00:00,0.68158,0.68209,0.68012,0.68023
2023-01-05 06:00:00,0.68024,0.68186,0.68008,0.68141
2023-01-05 07:00:00,0.68143,0.68228,0.68082,0.68221
2023-01-05 08:00:00,0.6822,0.68343,0.68161,0.68161
2023-01-05 09:00:00,0.68158,0.6826,0.68007,0.68091
2023-01-05 10:00:00,0.68091,0.68205,0.68004,0.68205
2023-01-05 11:00:00,0.68205,0.6829,0.68146,0.68253
2023-01-05 12:00:00,0.68253,0.68316,0.68197,0.68278
2023-01-05 13:00:00,0.6828,0.68401,0.68277,0.6834
2023-01-05 14:00:00,0.6834,0.68418,0.68267,0.68293
2023-01-05 15:00:00,0.68293,0.68379,0.67729,0.67772
2023-01-05 16:00:00,0.67773,0.67812,0.6761,0.67647
2023-01-05 17:00:00,0.6765,0.67744,0.67352,0.67386
2023-01-05 18:00:00,0.67383,0.67553,0.67378,0.67427
2023-01-05 19:00:00,0.67429,0.67513,0.67403,0.67454
2023-01-05 20:00:00,0.67454,0.67725,0.67426,0.67653
2023-01-05 21:00:00,0.67653,0.67682,0.67572,0.67576
2023-01-05 22:00:00,0.67576,0.67581,0.67509,0.67517
2023-01-05 23:00:00,0.67518,0.67527,0.67474,0.67507
2023-01-06 00:00:00,0.67495,0.67603,0.67477,0.67508
2023-01-06 01:00:00,0.67506,0.67628,0.67482,0.67523
2023-01-06 02:00:00,0.67522,0.67714,0.6751,0.67714
2023-01-06 03:00:00,0.67713,0.6774,0.67548,0.67599
2023-01-06 04:00:00,0.67597,0.67682,0.67594,0.67619
2023-01-06 05:00:00,0.67623,0.67881,0.67609,0.67734
2023-01-06 06:00:00,0.67736,0.67782,0.67676,0.67681
2023-01-06 07:00:00,0.67681,0.67688,0.67492,0.67555
2023-01-06 08:00:00,0.67552,0.67685,0.67541,0.676
2023-01-06 09:00:00,0.67599,0.67698,0.67399,0.67497
2023-01-06 10:00:00,0.67496,0.67593,0.67456,0.67518
2023-01-06 11:00:00,0.67519,0.67519,0.67321,0.67414
2023-01-06 12:00:00,0.67418,0.67462,0.67364,0.67398
2023-01-06 13:00:00,0.67399,0.67467,0.67241,0.67292
2023-01-06 14:00:00,0.67293,0.67333,0.67242,0.67293
2023-01-06 15:00:00,0.67293,0.67909,0.67223,0.67885
2023-01-06 16:00:00,0.67884,0.67896,0.67459,0.67489
2023-01-06 17:00:00,0.67754,0.68455,0.67683,0.68405
2023-01-06 18:00:00,0.68406,0.68697,0.68336,0.68633
2023-01-06 19:00:00,0.68635,0.687,0.68565,0.68689
2023-01-06 20:00:00,0.68688,0.68787,0.6861,0.6875
2023-01-06 21:00:00,0.6875,0.68838,0.6874,0.68809
2023-01-06 22:00:00,0.68805,0.68867,0.68755,0.68839
2023-01-06 23:00:00,0.68835,0.68837,0.68738,0.68755
2023-01-09 00:00:00,0.68773,0.68779,0.68741,0.68744
2023-01-09 01:00:00,0.68743,0.68969,0.68739,0.68955
2023-01-09 02:00:00,0.68955,0.68999,0.68847,0.68997
2023-01-09 03:00:00,0.68994,0.69096,0.68871,0.69032
2023-01-09 04:00:00,0.69032,0.69264,0.69,0.69257
2023-01-09 05:00:00,0.69257,0.69259,0.69116,0.69144
2023-01-09 06:00:00,0.69144,0.6931,0.69135,0.69276
2023-01-09 07:00:00,0.69276,0.69378,0.69227,0.69345
2023-01-09 08:00:00,0.69345,0.69398,0.69297,0.69341
2023-01-09 09:00:00,0.69345,0.69468,0.69111,0.69159
2023-01-09 10:00:00,0.69161,0.69417,0.69139,0.69265
2023-01-09 11:00:00,0.69267,0.69341,0.69217,0.69258
2023-01-09 12:00:00,0.69259,0.69287,0.69056,0.69088
2023-01-09 13:00:00,0.69091,0.69194,0.69075,0.69137
2023-01-09 14:00:00,0.69137,0.69266,0.69057,0.69211
2023-01-09 15:00:00,0.69211,0.6945,0.69193,0.69329
2023-01-09 16:00:00,0.69329,0.69398,0.69172,0.69368
2023-01-09 17:00:00,0.69369,0.69499,0.6932,0.69422
2023-01-09 18:00:00,0.69422,0.69491,0.694,0.69474
2023-01-09 19:00:00,0.69474,0.69475,0.69274,0.69369
2023-01-09 20:00:00,0.69372,0.69393,0.69199,0.69257
2023-01-09 21:00:00,0.69256,0.69357,0.69238,0.69349
2023-01-09 22:00:00,0.69348,0.69348,0.69111,0.69124
2023-01-09 23:00:00,0.69121,0.69134,0.69081,0.69125
2023-01-10 00:00:00,0.69111,0.69126,0.69068,0.69085
2023-01-10 01:00:00,0.69087,0.69139,0.69064,0.69095
2023-01-10 02:00:00,0.69096,0.69165,0.69011,0.69112
2023-01-10 03:00:00,0.69111,0.69279,0.69083,0.69248
2023-01-10 04:00:00,0.6925,0.69268,0.68918,0.69036
2023-01-10 05:00:00,0.69036,0.69064,0.68942,0.6903
2023-01-10 06:00:00,0.69034,0.69074,0.68961,0.69041
2023-01-10 07:00:00,0.69039,0.69193,0.69032,0.69122
2023-01-10 08:00:00,0.69122,0.69158,0.69003,0.69081
2023-01-10 09:00:00,0.69081,0.69097,0.68853,0.68966
2023-01-10 10:00:00,0.68966,0.6911,0.68951,0.69056
2023-01-10 11:00:00,0.69057,0.69067,0.68915,0.68997
2023-01-10 12:00:00,0.68998,0.6903,0.68924,0.68937
2023-01-10 13:00:00,0.68941,0.68946,0.68823,0.68842
2023-01-10 14:00:00,0.68842,0.68852,0.68602,0.68641
2023-01-10 15:00:00,0.68645,0.68749,0.68598,0.68736
2023-01-10 16:00:00,0.68736,0.69091,0.68735,0.68923
2023-01-10 17:00:00,0.68923,0.69013,0.68687,0.68814
2023-01-10 18:00:00,0.68813,0.68909,0.68755,0.68829
2023-01-10 19:00:00,0.68829,0.68927,0.68786,0.68849
2023-01-10 20:00:00,0.68845,0.68914,0.68794,0.68908
2023-01-10 21:00:00,0.68909,0.68947,0.68876,0.68945
2023-01-10 22:00:00,0.68945,0.68959,0.68888,0.68933
2023-01-10 23:00:00,0.68935,0.68948,0.68912,0.68914
2023-01-11 00:00:00,0.68855,0.68968,0.68785,0.6896
2023-01-11 01:00:00,0.68964,0.68976,0.68923,0.68931
2023-01-11 02:00:00,0.68931,0.69142,0.6892,0.68986
2023-01-11 03:00:00,0.68985,0.68993,0.68854,0.68906
2023-01-11 04:00:00,0.68906,0.69049,0.68875,0.6889
2023-01-11 05:00:00,0.6889,0.69048,0.6889,0.69017
2023-01-11 06:00:00,0.69018,0.69126,0.69014,0.69112
2023-01-11 07:00:00,0.69111,0.69256,0.69102,0.69169
2023-01-11 08:00:00,0.69169,0.69215,0.69114,0.69118
2023-01-11 09:00:00,0.69118,0.69155,0.6902,0.69056
2023-01-11 10:00:00,0.69056,0.69076,0.68946,0.68971
2023-01-11 11:00:00,0.68971,0.69202,0.68948,0.69119
2023-01-11 12:00:00,0.69119,0.69159,0.6899,0.69041
2023-01-11 13:00:00,0.69041,0.69064,0.68924,0.68932
2023-01-11 14:00:00,0.68933,0.68942,0.6873,0.68862
2023-01-11 15:00:00,0.68863,0.69005,0.68848,0.68977
2023-01-11 16:00:00,0.68978,0.69097,0.68892,0.68978
2023-01-11 17:00:00,0.68979,0.69031,0.68905,0.69004
2023-01-11 18:00:00,0.69004,0.69068,0.68963,0.68979
2023-01-11 19:00:00,0.68981,0.69034,0.68927,0.68938
2023-01-11 20:00:00,0.68938,0.69102,0.68842,0.69072
2023-01-11 21:00:00,0.69072,0.69127,0.69025,0.69115
2023-01-11 22:00:00,0.69118,0.69124,0.69062,0.69065
2023-01-11 23:00:00,0.69065,0.69104,0.69047,0.69053
2023-01-12 00:00:00,0.68957,0.69066,0.6889,0.69009
2023-01-12 01:00:00,0.69013,0.69149,0.69003,0.69091
2023-01-12 02:00:00,0.69091,0.69208,0.69067,0.69128
2023-01-12 03:00:00,0.69129,0.69192,0.69095,0.69168
2023-01-12 04:00:00,0.69168,0.69204,0.69132,0.69164
2023-01-12 05:00:00,0.69165,0.69174,0.69102,0.69129
2023-01-12 06:00:00,0.69129,0.69245,0.69109,0.6923
2023-01-12 07:00:00,0.69228,0.69243,0.69156,0.69172
2023-01-12 08:00:00,0.69172,0.69201,0.69007,0.69027
2023-01-12 09:00:00,0.69021,0.69021,0.68899,0.69007
2023-01-12 10:00:00,0.69008,0.69024,0.68871,0.68952
2023-01-12 11:00:00,0.68952,0.69155,0.68921,0.69127
2023-01-12 12:00:00,0.69126,0.6913,0.69006,0.69051
2023-01-12 13:00:00,0.69051,0.69084,0.69,0.69023
2023-01-12 14:00:00,0.69023,0.69084,0.68977,0.69084
2023-01-12 15:00:00,0.69083,0.69836,0.68766,0.69812
2023-01-12 16:00:00,0.69809,0.69821,0.68868,0.69046
2023-01-12 17:00:00,0.69046,0.69517,0.69005,0.69331
2023-01-12 18:00:00,0.6933,0.69484,0.69261,0.69452
2023-01-12 19:00:00,0.69452,0.69762,0.69429,0.69753
2023-01-12 20:00:00,0.69753,0.69846,0.69611,0.69789
2023-01-12 21:00:00,0.69789,0.69811,0.69666,0.69716
2023-01-12 22:00:00,0.69715,0.69715,0.69628,0.69684
2023-01-12 23:00:00,0.69685,0.69707,0.69661,0.69668
2023-01-13 00:00:00,0.69622,0.69691,0.69578,0.69608
2023-01-13 01:00:00,0.69608,0.69703,0.69582,0.69673
2023-01-13 02:00:00,0.69674,0.69828,0.69628,0.69658
2023-01-13 03:00:00,0.69658,0.697,0.69587,0.69684
2023-01-13 04:00:00,0.69686,0.69688,0.69453,0.69564
2023-01-13 05:00:00,0.69563,0.69578,0.69502,0.6954
2023-01-13 06:00:00,0.69541,0.6955,0.69451,0.69548
2023-01-13 07:00:00,0.69548,0.69601,0.69446,0.69526
2023-01-13 08:00:00,0.69526,0.69772,0.69521,0.69753
2023-01-13 09:00:00,0.69755,0.69773,0.69606,0.69713
2023-01-13 10:00:00,0.69713,0.69941,0.69629,0.69847
2023-01-13 11:00:00,0.69846,0.69939,0.69662,0.6975
2023-01-13 12:00:00,0.6975,0.69844,0.69748,0.69784
2023-01-13 13:00:00,0.69781,0.69786,0.6945,0.6949
2023-01-13 14:00:00,0.6949,0.69567,0.69356,0.69382
2023-01-13 15:00:00,0.69383,0.69419,0.69193,0.69247
2023-01-13 16:00:00,0.69251,0.69497,0.69153,0.6944
2023-01-13 17:00:00,0.69416,0.69644,0.69363,0.69598
2023-01-13 18:00:00,0.69597,0.69614,0.69409,0.69494
2023-01-13 19:00:00,0.69494,0.6968,0.69465,0.69663
2023-01-13 20:00:00,0.69663,0.69756,0.69583,0.69749
2023-01-13 21:00:00,0.69749,0.69777,0.69711,0.69774
2023-01-13 22:00:00,0.69775,0.69817,0.69749,0.69779
2023-01-13 23:00:00,0.69781,0.69781,0.69732,0.69747
2023-01-16 00:00:00,0.69669,0.69746,0.69665,0.69704
2023-01-16 01:00:00,0.69704,0.69777,0.69674,0.6972
2023-01-16 02:00:00,0.69719,0.69915,0.69701,0.69867
2023-01-16 03:00:00,0.69867,0.70169,0.6985,0.70151
2023-01-16 04:00:00,0.70151,0.70191,0.70071,0.70153
2023-01-16 05:00:00,0.70154,0.70173,0.70052,0.70094
2023-01-16 06:00:00,0.70095,0.70116,0.69784,0.69873
2023-01-16 07:00:00,0.69876,0.69971,0.6986,0.69939
2023-01-16 08:00:00,0.6994,0.69942,0.69695,0.69795
2023-01-16 09:00:00,0.69795,0.69847,0.69656,0.69776
2023-01-16 10:00:00,0.69774,0.69776,0.69408,0.6944
2023-01-16 11:00:00,0.69441,0.6966,0.69426,0.6964
2023-01-16 12:00:00,0.6964,0.69715,0.69618,0.69655
2023-01-16 13:00:00,0.69657,0.69743,0.69654,0.69681
2023-01-16 14:00:00,0.69681,0.69744,0.69621,0.69622
2023-01-16 15:00:00,0.69623,0.69647,0.69539,0.69596
2023-01-16 16:00:00,0.69595,0.6966,0.69563,0.69594
2023-01-16 17:00:00,0.69594,0.69673,0.69575,0.69582
2023-01-16 18:00:00,0.69582,0.6963,0.69555,0.69581
2023-01-16 19:00:00,0.69581,0.69591,0.69511,0.69549
2023-01-16 20:00:00,0.69549,0.6955,0.69491,0.69509
2023-01-16 21:00:00,0.69509,0.69547,0.69507,0.69541
2023-01-16 22:00:00,0.69541,0.69557,0.69485,0.69495
2023-01-16 23:00:00,0.69494,0.69563,0.69489,0.69543
2023-01-17 00:00:00,0.69519,0.6957,0.6948,0.69536
2023-01-17 01:00:00,0.69536,0.6967,0.6953,0.69661
2023-01-17 02:00:00,0.69665,0.6973,0.69637,0.69652
2023-01-17 03:00:00,0.69652,0.69763,0.69613,0.69673
2023-01-17 04:00:00,0.6967,0.69786,0.69503,0.69593
2023-01-17 05:00:00,0.69592,0.69753,0.6958,0.6969
2023-01-17 06:00:00,0.69691,0.69744,0.69646,0.6973
2023-01-17 07:00:00,0.6973,0.69776,0.69594,0.69665
2023-01-17 08:00:00,0.69669,0.69748,0.69512,0.69527
2023-01-17 09:00:00,0.69524,0.69641,0.69475,0.69628
2023-01-17 10:00:00,0.69626,0.6973,0.69556,0.69594
2023-01-17 11:00:00,0.69594,0.6966,0.6948,0.69506
2023-01-17 12:00:00,0.69506,0.6957,0.69297,0.69399
2023-01-17 13:00:00,0.69399,0.69518,0.69328,0.69511
2023-01-17 14:00:00,0.69511,0.69621,0.69466,0.69554
2023-01-17 15:00:00,0.69551,0.69571,0.69405,0.6947
2023-01-17 16:00:00,0.69474,0.69746,0.69473,0.69688
2023-01-17 17:00:00,0.69687,0.69928,0.69595,0.69908
2023-01-17 18:00:00,0.69908,0.6994,0.69794,0.69851
2023-01-17 19:00:00,0.69852,0.699,0.6975,0.69852
2023-01-17 20:00:00,0.69853,0.69896,0.69804,0.69829
2023-01-17 21:00:00,0.69829,0.69973,0.69797,0.69896
2023-01-17 22:00:00,0.69894,0.69934,0.69823,0.69858
2023-01-17 23:00:00,0.69859,0.69908,0.69839,0.69864
2023-01-18 00:00:00,0.69849,0.6988,0.69695,0.69878
2023-01-18 01:00:00,0.69878,0.69915,0.69832,0.69878
2023-01-18 02:00:00,0.69879,0.69932,0.69773,0.69799
2023-01-18 03:00:00,0.69799,0.6993,0.69779,0.69928
2023-01-18 04:00:00,0.69928,0.70009,0.69729,0.69913
2023-01-18 05:00:00,0.69911,0.70025,0.69764,0.69854
2023-01-18 06:00:00,0.69854,0.69946,0.69762,0.69937
2023-01-18 07:00:00,0.69936,0.69962,0.69846,0.69959
2023-01-18 08:00:00,0.69959,0.70103,0.69936,0.70101
2023-01-18 09:00:00,0.70097,0.70319,0.7009,0.70191
2023-01-18 10:00:00,0.70191,0.70361,0.70154,0.70184
2023-01-18 11:00:00,0.70184,0.70301,0.70037,0.70249
2023-01-18 12:00:00,0.7025,0.70262,0.70077,0.70227
2023-01-18 13:00:00,0.70228,0.70271,0.70148,0.70184
2023-01-18 14:00:00,0.7018,0.70298,0.70133,0.70237
2023-01-18 15:00:00,0.70237,0.70556,0.70211,0.70421
2023-01-18 16:00:00,0.70421,0.70635,0.70315,0.70478
2023-01-18 17:00:00,0.70477,0.70507,0.70068,0.70123
2023-01-18 18:00:00,0.70123,0.7016,0.69803,0.6987
2023-01-18 19:00:00,0.6987,0.69891,0.69531,0.69602
2023-01-18 20:00:00,0.69602,0.69637,0.6943,0.69503
2023-01-18 21:00:00,0.69503,0.69526,0.69385,0.69439
2023-01-18 22:00:00,0.69439,0.69439,0.69355,0.69363
2023-01-18 23:00:00,0.69363,0.69415,0.6936,0.69406
2023-01-19 00:00:00,0.69394,0.69434,0.6935,0.69426
2023-01-19 01:00:00,0.69426,0.69458,0.69394,0.69436
2023-01-19 02:00:00,0.69432,0.6948,0.69046,0.69071
2023-01-19 03:00:00,0.6907,0.69187,0.68931,0.69011
2023-01-19 04:00:00,0.69009,0.69091,0.68938,0.69055
2023-01-19 05:00:00,0.69054,0.69158,0.69023,0.69061
2023-01-19 06:00:00,0.69058,0.69088,0.68947,0.69038
2023-01-19 07:00:00,0.69039,0.69078,0.68951,0.68976
2023-01-19 08:00:00,0.68977,0.6907,0.68887,0.68912
2023-01-19 09:00:00,0.68911,0.68949,0.68785,0.68892
2023-01-19 10:00:00,0.68892,0.69014,0.68856,0.68938
2023-01-19 11:00:00,0.68938,0.68959,0.68824,0.68837
2023-01-19 12:00:00,0.68837,0.68884,0.68751,0.6888
2023-01-19 13:00:00,0.6888,0.68905,0.68769,0.68824
2023-01-19 14:00:00,0.68823,0.68879,0.68744,0.68769
2023-01-19 15:00:00,0.68769,0.69044,0.6872,0.69041
2023-01-19 16:00:00,0.69043,0.69191,0.68975,0.69124
2023-01-19 17:00:00,0.69129,0.69178,0.68864,0.68904
2023-01-19 18:00:00,0.6891,0.6901,0.68831,0.68859
2023-01-19 19:00:00,0.68858,0.69049,0.68858,0.68997
2023-01-19 20:00:00,0.68997,0.69151,0.68913,0.69106
2023-01-19 21:00:00,0.69106,0.69223,0.69045,0.69176
2023-01-19 22:00:00,0.69174,0.69222,0.6912,0.69123
2023-01-19 23:00:00,0.69123,0.69161,0.69087,0.69094
2023-01-20 00:00:00,0.69083,0.69116,0.69053,0.69114
2023-01-20 01:00:00,0.69106,0.69195,0.6909,0.69117
2023-01-20 02:00:00,0.69118,0.69207,0.6909,0.69121
2023-01-20 03:00:00,0.69122,0.69239,0.69063,0.69214
2023-01-20 04:00:00,0.69214,0.69328,0.6916,0.69258
2023-01-20 05:00:00,0.69259,0.69271,0.69211,0.69222
2023-01-20 06:00:00,0.69224,0.69225,0.6915,0.6917
2023-01-20 07:00:00,0.69169,0.69247,0.69118,0.69247
2023-01-20 08:00:00,0.69246,0.69311,0.69222,0.69269
2023-01-20 09:00:00,0.69265,0.69388,0.69231,0.69383
2023-01-20 10:00:00,0.69384,0.69479,0.69368,0.69385
2023-01-20 11:00:00,0.69385,0.69457,0.69305,0.69321
2023-01-20 12:00:00,0.69321,0.6938,0.6925,0.69321
2023-01-20 13:00:00,0.69323,0.69346,0.69184,0.69189
2023-01-20 14:00:00,0.69189,0.69345,0.69145,0.69294
2023-01-20 15:00:00,0.69294,0.69354,0.69102,0.69134
2023-01-20 16:00:00,0.69131,0.69405,0.69126,0.69348
2023-01-20 17:00:00,0.69349,0.69664,0.69303,0.69505
2023-01-20 18:00:00,0.69505,0.69594,0.69465,0.69516
2023-01-20 19:00:00,0.69516,0.69631,0.69496,0.69573
2023-01-20 20:00:00,0.69573,0.69691,0.69487,0.69682
2023-01-20 21:00:00,0.69681,0.69733,0.69649,0.69698
2023-01-20 22:00:00,0.69698,0.69736,0.69672,0.69698
2023-01-20 23:00:00,0.69693,0.6973,0.6967,0.69677
2023-01-23 00:00:00,0.69593,0.6971,0.69567,0.6971
2023-01-23 01:00:00,0.6971,0.69844,0.69695,0.69835
2023-01-23 02:00:00,0.69837,0.69884,0.69725,0.69869
2023-01-23 03:00:00,0.69868,0.69945,0.69829,0.69858
2023-01-23 04:00:00,0.69862,0.69901,0.698,0.69833
2023-01-23 05:00:00,0.69835,0.6994,0.69832,0.69838
2023-01-23 06:00:00,0.69839,0.69853,0.69744,0.69826
2023-01-23 07:00:00,0.69823,0.69868,0.69781,0.69787
2023-01-23 08:00:00,0.69787,0.69838,0.69723,0.69802
2023-01-23 09:00:00,0.698,0.69871,0.69735,0.69813
2023-01-23 10:00:00,0.69814,0.7011,0.6979,0.70085
2023-01-23 11:00:00,0.70086,0.70126,0.69975,0.70081
2023-01-23 12:00:00,0.70082,0.70144,0.70037,0.70114
2023-01-23 13:00:00,0.70112,0.70139,0.69867,0.699
2023-01-23 14:00:00,0.69901,0.70032,0.69817,0.69965
2023-01-23 15:00:00,0.69965,0.7006,0.69716,0.69763
2023-01-23 16:00:00,0.69762,0.69883,0.69621,0.69801
2023-01-23 17:00:00,0.69798,0.70359,0.69666,0.70317
2023-01-23 18:00:00,0.70314,0.70399,0.70205,0.70239
2023-01-23 19:00:00,0.70239,0.70286,0.70179,0.70261
2023-01-23 20:00:00,0.70262,0.70378,0.70253,0.70273
2023-01-23 21:00:00,0.70273,0.70284,0.70104,0.70207
2023-01-23 22:00:00,0.70209,0.7028,0.70201,0.70265
2023-01-23 23:00:00,0.70265,0.70294,0.70242,0.70278
2023-01-24 00:00:00,0.70258,0.70295,0.70177,0.70287
2023-01-24 01:00:00,0.7029,0.70331,0.70274,0.70286
2023-01-24 02:00:00,0.70288,0.70356,0.70243,0.7034
2023-01-24 03:00:00,0.70341,0.70451,0.70321,0.70441
2023-01-24 04:00:00,0.7044,0.70451,0.70385,0.70406
2023-01-24 05:00:00,0.70405,0.70413,0.70314,0.70353
2023-01-24 06:00:00,0.70352,0.70367,0.70263,0.7032
2023-01-24 07:00:00,0.70321,0.70431,0.70311,0.70381
2023-01-24 08:00:00,0.7038,0.70491,0.70373,0.70486
2023-01-24 09:00:00,0.70482,0.7049,0.70352,0.70361
2023-01-24 10:00:00,0.70358,0.70401,0.70209,0.70281
2023-01-24 11:00:00,0.70281,0.70306,0.70145,0.70194
2023-01-24 12:00:00,0.70195,0.70248,0.701,0.70243
2023-01-24 13:00:00,0.70243,0.70249,0.70134,0.70233
2023-01-24 14:00:00,0.70233,0.70239,0.70131,0.7014
2023-01-24 15:00:00,0.70141,0.70306,0.7011,0.70161
2023-01-24 16:00:00,0.7016,0.70217,0.69984,0.6999
2023-01-24 17:00:00,0.6999,0.70581,0.69934,0.70496
2023-01-24 18:00:00,0.70499,0.70552,0.70368,0.70411
2023-01-24 19:00:00,0.7041,0.70472,0.70357,0.70453
2023-01-24 20:00:00,0.70449,0.70501,0.70427,0.70433
2023-01-24 21:00:00,0.70433,0.70502,0.70389,0.70496
2023-01-24 22:00:00,0.70497,0.70502,0.70407,0.70421
2023-01-24 23:00:00,0.70424,0.70504,0.70405,0.70449
2023-01-25 00:00:00,0.70455,0.70479,0.70235,0.70415
2023-01-25 01:00:00,0.70412,0.70534,0.7032,0.70503
2023-01-25 02:00:00,0.70513,0.70846,0.70382,0.70827
2023-01-25 03:00:00,0.70826,0.70924,0.7078,0.70854
2023-01-25 04:00:00,0.70855,0.71053,0.70855,0.70965
2023-01-25 05:00:00,0.70965,0.71056,0.70956,0.71007
2023-01-25 06:00:00,0.71006,0.71086,0.71001,0.71014
2023-01-25 07:00:00,0.71015,0.71051,0.70939,0.71011
2023-01-25 08:00:00,0.71011,0.71192,0.70996,0.71163
2023-01-25 09:00:00,0.7116,0.71229,0.70976,0.70991
2023-01-25 10:00:00,0.70991,0.71075,0.70964,0.70997
2023-01-25 11:00:00,0.71,0.71028,0.70915,0.70926
2023-01-25 12:00:00,0.70925,0.70935,0.70782,0.70863
2023-01-25 13:00:00,0.70863,0.70934,0.70777,0.70848
2023-01-25 14:00:00,0.70846,0.70912,0.70722,0.70838
2023-01-25 15:00:00,0.70836,0.70864,0.70621,0.7067
2023-01-25 16:00:00,0.70671,0.70874,0.7063,0.70757
2023-01-25 17:00:00,0.70758,0.70986,0.70634,0.70771
2023-01-25 18:00:00,0.70772,0.70844,0.70659,0.70819
2023-01-25 19:00:00,0.70822,0.70859,0.70769,0.70826
2023-01-25 20:00:00,0.70824,0.71038,0.70821,0.7098
2023-01-25 21:00:00,0.70982,0.7107,0.70963,0.71026
2023-01-25 22:00:00,0.71027,0.71065,0.70986,0.7105
2023-01-25 23:00:00,0.7105,0.71086,0.71021,0.71031
2023-01-26 00:00:00,0.71014,0.71047,0.70952,0.71023
2023-01-26 01:00:00,0.71023,0.71108,0.71007,0.71073
2023-01-26 02:00:00,0.71074,0.71125,0.71046,0.71049
2023-01-26 03:00:00,0.7105,0.71107,0.70922,0.71104
2023-01-26 04:00:00,0.71102,0.71138,0.7104,0.71138
2023-01-26 05:00:00,0.71139,0.71228,0.71073,0.71108
2023-01-26 06:00:00,0.71108,0.71228,0.71105,0.71199
2023-01-26 07:00:00,0.71195,0.71285,0.71151,0.71234
2023-01-26 08:00:00,0.71233,0.71248,0.71112,0.71129
2023-01-26 09:00:00,0.71129,0.71201,0.70993,0.71187
2023-01-26 10:00:00,0.71186,0.71284,0.71079,0.71088
2023-01-26 11:00:00,0.71088,0.71143,0.70956,0.71037
2023-01-26 12:00:00,0.71038,0.71184,0.71019,0.71168
2023-01-26 13:00:00,0.71166,0.71264,0.71143,0.71174
2023-01-26 14:00:00,0.71174,0.71257,0.71093,0.71214
2023-01-26 15:00:00,0.71209,0.71276,0.70979,0.71226
2023-01-26 16:00:00,0.71227,0.71424,0.70969,0.71043
2023-01-26 17:00:00,0.71042,0.71134,0.70804,0.7085
2023-01-26 18:00:00,0.70849,0.70951,0.70793,0.70929
2023-01-26 19:00:00,0.70929,0.71025,0.70912,0.70945
2023-01-26 20:00:00,0.70946,0.71097,0.70932,0.71052
2023-01-26 21:00:00,0.71053,0.71135,0.71036,0.71125
2023-01-26 22:00:00,0.71123,0.71168,0.71112,0.71163
2023-01-26 23:00:00,0.71164,0.71171,0.71135,0.71141
2023-01-27 00:00:00,0.71098,0.71132,0.70984,0.71124
2023-01-27 01:00:00,0.71124,0.71201,0.71108,0.71131
2023-01-27 02:00:00,0.71133,0.71296,0.71131,0.71288
2023-01-27 03:00:00,0.71288,0.71288,0.71139,0.71233
2023-01-27 04:00:00,0.71234,0.71289,0.71188,0.71202
2023-01-27 05:00:00,0.71203,0.71217,0.71088,0.71089
2023-01-27 06:00:00,0.71089,0.71101,0.71028,0.71064
2023-01-27 07:00:00,0.71063,0.71161,0.71049,0.71161
2023-01-27 08:00:00,0.7116,0.7116,0.7097,0.71017
2023-01-27 09:00:00,0.71014,0.71077,0.70961,0.71039
2023-01-27 10:00:00,0.7104,0.71123,0.70945,0.71123
2023-01-27 11:00:00,0.71123,0.71188,0.71025,0.71048
2023-01-27 12:00:00,0.71047,0.71165,0.71029,0.71129
2023-01-27 13:00:00,0.71129,0.71162,0.71009,0.71069
2023-01-27 14:00:00,0.71069,0.71106,0.71028,0.71032
2023-01-27 15:00:00,0.71032,0.71269,0.70988,0.7109
2023-01-27 16:00:00,0.7109,0.71182,0.70955,0.71073
2023-01-27 17:00:00,0.71074,0.71218,0.70824,0.70925
2023-01-27 18:00:00,0.70923,0.71124,0.7091,0.71013
2023-01-27 19:00:00,0.71013,0.71083,0.70991,0.71058
2023-01-27 20:00:00,0.71058,0.71072,0.70992,0.71046
2023-01-27 21:00:00,0.71046,0.71111,0.71039,0.71108
2023-01-27 22:00:00,0.71109,0.71118,0.71062,0.71079
2023-01-27 23:00:00,0.71078,0.71099,0.71062,0.71082
2023-01-30 00:00:00,0.7098,0.71019,0.70947,0.70981
2023-01-30 01:00:00,0.70982,0.71091,0.70981,0.71076
2023-01-30 02:00:00,0.71077,0.71197,0.71065,0.71197
2023-01-30 03:00:00,0.71197,0.71203,0.71016,0.71138
2023-01-30 04:00:00,0.71137,0.71138,0.70908,0.70911
2023-01-30 05:00:00,0.70917,0.70954,0.70832,0.70856
2023-01-30 06:00:00,0.70856,0.70987,0.70853,0.70926
2023-01-30 07:00:00,0.70926,0.70933,0.70841,0.70871
2023-01-30 08:00:00,0.70869,0.70928,0.70844,0.70912
2023-01-30 09:00:00,0.70914,0.70976,0.70749,0.70823
2023-01-30 10:00:00,0.70823,0.70858,0.70686,0.70746
2023-01-30 11:00:00,0.70746,0.70821,0.70717,0.70776
2023-01-30 12:00:00,0.70778,0.70956,0.70772,0.70901
2023-01-30 13:00:00,0.70904,0.70953,0.70696,0.70746
2023-01-30 14:00:00,0.70748,0.70847,0.70736,0.708
2023-01-30 15:00:00,0.70803,0.70877,0.70705,0.7073
2023-01-30 16:00:00,0.70731,0.70791,0.70651,0.70735
2023-01-30 17:00:00,0.70734,0.70866,0.70695,0.70809
2023-01-30 18:00:00,0.7081,0.70824,0.70701,0.70753
2023-01-30 19:00:00,0.70751,0.70758,0.70676,0.70702
2023-01-30 20:00:00,0.70702,0.70738,0.70653,0.70676
2023-01-30 21:00:00,0.70677,0.70681,0.70511,0.70572
2023-01-30 22:00:00,0.70572,0.70644,0.70554,0.70585
2023-01-30 23:00:00,0.70585,0.70619,0.70571,0.70593
2023-01-31 00:00:00,0.70557,0.706,0.7052,0.70546
2023-01-31 01:00:00,0.70546,0.70584,0.70517,0.70579
2023-01-31 02:00:00,0.70579,0.70618,0.70381,0.70516
2023-01-31 03:00:00,0.70516,0.70649,0.70453,0.70561
2023-01-31 04:00:00,0.70561,0.70566,0.70428,0.70483
2023-01-31 05:00:00,0.7048,0.70487,0.7034,0.70347
2023-01-31 06:00:00,0.70349,0.70377,0.70257,0.70376
2023-01-31 07:00:00,0.70376,0.70434,0.70302,0.70316
2023-01-31 08:00:00,0.70316,0.70367,0.7027,0.70328
2023-01-31 09:00:00,0.70324,0.70393,0.7021,0.70354
2023-01-31 10:00:00,0.70354,0.70372,0.70038,0.70058
2023-01-31 11:00:00,0.70062,0.7018,0.70046,0.70114
2023-01-31 12:00:00,0.70114,0.70117,0.6987,0.69879
2023-01-31 13:00:00,0.69878,0.69979,0.69838,0.69974
2023-01-31 14:00:00,0.6998,0.70065,0.69934,0.69936
2023-01-31 15:00:00,0.69937,0.70315,0.69931,0.70262
2023-01-31 16:00:00,0.70262,0.70343,0.70151,0.70254
2023-01-31 17:00:00,0.70254,0.70545,0.70186,0.70448
2023-01-31 18:00:00,0.70447,0.70543,0.7039,0.70493
2023-01-31 19:00:00,0.70492,0.70548,0.70422,0.70487
2023-01-31 20:00:00,0.70488,0.706,0.70488,0.70575
2023-01-31 21:00:00,0.70576,0.70614,0.70519,0.70535
2023-01-31 22:00:00,0.70537,0.7059,0.70496,0.70589
2023-01-31 23:00:00,0.70589,0.70591,0.70502,0.70537
2023-02-01 00:00:00,0.70531,0.70551,0.70469,0.70498
2023-02-01 01:00:00,0.70498,0.70558,0.70475,0.70509
2023-02-01 02:00:00,0.7051,0.70528,0.70468,0.70485
2023-02-01 03:00:00,0.70486,0.70559,0.70475,0.7051
2023-02-01 04:00:00,0.7051,0.70513,0.70365,0.70395
2023-02-01 05:00:00,0.70395,0.70554,0.7039,0.70553
2023-02-01 06:00:00,0.70554,0.70745,0.70532,0.70674
2023-02-01 07:00:00,0.70671,0.70711,0.7064,0.70662
2023-02-01 08:00:00,0.7066,0.70761,0.70656,0.70685
2023-02-01 09:00:00,0.70686,0.7076,0.70657,0.70746
2023-02-01 10:00:00,0.70749,0.70835,0.70706,0.70777
2023-02-01 11:00:00,0.70778,0.70796,0.70683,0.70688
2023-02-01 12:00:00,0.70685,0.70796,0.70683,0.70772
2023-02-01 13:00:00,0.70773,0.70798,0.70723,0.70785
2023-02-01 14:00:00,0.70785,0.7083,0.70758,0.7077
2023-02-01 15:00:00,0.7077,0.70929,0.70751,0.70857
2023-02-01 16:00:00,0.70857,0.70894,0.70808,0.70839
2023-02-01 17:00:00,0.70846,0.70876,0.70625,0.70756
2023-02-01 18:00:00,0.70753,0.70803,0.70653,0.70661
2023-02-01 19:00:00,0.70661,0.70704,0.70604,0.70666
2023-02-01 20:00:00,0.70666,0.70761,0.70606,0.70672
2023-02-01 21:00:00,0.70671,0.71334,0.70417,0.7123
2023-02-01 22:00:00,0.71232,0.71446,0.71066,0.7133
2023-02-01 23:00:00,0.71328,0.71373,0.71294,0.71363
2023-02-02 00:00:00,0.71295,0.71362,0.71236,0.71313
2023-02-02 01:00:00,0.71313,0.71577,0.71289,0.71472
2023-02-02 02:00:00,0.71473,0.71571,0.71452,0.71461
2023-02-02 03:00:00,0.71463,0.71514,0.71346,0.71423
2023-02-02 04:00:00,0.71422,0.71468,0.71356,0.71434
2023-02-02 05:00:00,0.71434,0.71462,0.71383,0.71426
2023-02-02 06:00:00,0.71422,0.71498,0.71407,0.71493
2023-02-02 07:00:00,0.71493,0.71503,0.7142,0.71473
2023-02-02 08:00:00,0.71474,0.71503,0.71381,0.71406
2023-02-02 09:00:00,0.71404,0.71492,0.71364,0.71396
2023-02-02 10:00:00,0.71397,0.71565,0.71365,0.71416
2023-02-02 11:00:00,0.71416,0.7143,0.71211,0.71312
2023-02-02 12:00:00,0.71312,0.71318,0.71167,0.71187
2023-02-02 13:00:00,0.71187,0.71313,0.71157,0.71272
2023-02-02 14:00:00,0.71272,0.71349,0.7117,0.713
2023-02-02 15:00:00,0.713,0.71416,0.71236,0.71239
2023-02-02 16:00:00,0.71239,0.71444,0.70881,0.70896
2023-02-02 17:00:00,0.70894,0.71052,0.70702,0.71021
2023-02-02 18:00:00,0.71021,0.71062,0.70754,0.70825
2023-02-02 19:00:00,0.70825,0.70882,0.70735,0.7078
2023-02-02 20:00:00,0.70781,0.70896,0.7075,0.70896
2023-02-02 21:00:00,0.70892,0.70921,0.70687,0.70726
2023-02-02 22:00:00,0.70726,0.70843,0.70701,0.70839
2023-02-02 23:00:00,0.70837,0.70874,0.70733,0.70763
2023-02-03 00:00:00,0.70736,0.70799,0.7067,0.70718
2023-02-03 01:00:00,0.70718,0.70791,0.70712,0.7073
2023-02-03 02:00:00,0.70729,0.70729,0.70658,0.70703
2023-02-03 03:00:00,0.70699,0.70729,0.70637,0.70642
2023-02-03 04:00:00,0.70643,0.70667,0.70482,0.70541
2023-02-03 05:00:00,0.70541,0.70612,0.70538,0.70609
2023-02-03 06:00:00,0.7061,0.70619,0.70544,0.70613
2023-02-03 07:00:00,0.70613,0.70685,0.70595,0.70633
2023-02-03 08:00:00,0.70633,0.70719,0.70631,0.70688
2023-02-03 09:00:00,0.70687,0.70723,0.70563,0.70625
2023-02-03 10:00:00,0.70626,0.70648,0.7045,0.70494
2023-02-03 11:00:00,0.70493,0.7062,0.7045,0.70595
2023-02-03 12:00:00,0.70595,0.70675,0.70538,0.70648
2023-02-03 13:00:00,0.70648,0.70662,0.70551,0.7057
2023-02-03 14:00:00,0.7057,0.7059,0.7051,0.70549
2023-02-03 15:00:00,0.70547,0.70589,0.69697,0.69778
2023-02-03 16:00:00,0.69778,0.69955,0.69636,0.69764
2023-02-03 17:00:00,0.6976,0.69932,0.69302,0.69758
2023-02-03 18:00:00,0.69758,0.69823,0.6943,0.69451
2023-02-03 19:00:00,0.6945,0.69608,0.69423,0.69458
2023-02-03 20:00:00,0.69458,0.69464,0.69259,0.69332
2023-02-03 21:00:00,0.69332,0.69354,0.69236,0.69257
2023-02-03 22:00:00,0.6926,0.69272,0.6919,0.69227
2023-02-03 23:00:00,0.69229,0.69255,0.69193,0.69217
2023-02-06 00:00:00,0.68923,0.69132,0.68896,0.69131
2023-02-06 01:00:00,0.69132,0.69296,0.69099,0.69188
2023-02-06 02:00:00,0.69187,0.69225,0.6907,0.69166
2023-02-06 03:00:00,0.69168,0.69226,0.69116,0.69179
2023-02-06 04:00:00,0.69178,0.6927,0.69123,0.69213
2023-02-06 05:00:00,0.69214,0.69312,0.69203,0.69257
2023-02-06 06:00:00,0.69256,0.69474,0.69253,0.69436
2023-02-06 07:00:00,0.69435,0.69486,0.69334,0.69477
2023-02-06 08:00:00,0.69477,0.69486,0.69316,0.69323
2023-02-06 09:00:00,0.69321,0.69404,0.69245,0.69247
2023-02-06 10:00:00,0.69248,0.69329,0.69164,0.6923
2023-02-06 11:00:00,0.69229,0.69247,0.68955,0.68958
2023-02-06 12:00:00,0.68958,0.69041,0.68903,0.68928
2023-02-06 13:00:00,0.68926,0.69024,0.68897,0.6901
2023-02-06 14:00:00,0.6901,0.69157,0.69006,0.69082
2023-02-06 15:00:00,0.69081,0.69153,0.68867,0.68899
2023-02-06 16:00:00,0.68898,0.68972,0.6874,0.68793
2023-02-06 17:00:00,0.68796,0.68837,0.68556,0.68605
2023-02-06 18:00:00,0.68605,0.68726,0.68591,0.68683
2023-02-06 19:00:00,0.68683,0.68752,0.6864,0.6871
2023-02-06 20:00:00,0.6871,0.68844,0.68671,0.68843
2023-02-06 21:00:00,0.68843,0.68936,0.68794,0.68805
2023-02-06 22:00:00,0.68805,0.68845,0.68744,0.68845
2023-02-06 23:00:00,0.68845,0.68856,0.68794,0.68827
2023-02-07 00:00:00,0.68803,0.68858,0.6876,0.6883
2023-02-07 01:00:00,0.6883,0.68895,0.68822,0.68888
2023-02-07 02:00:00,0.68888,0.68963,0.68885,0.68956
2023-02-07 03:00:00,0.68957,0.69081,0.6893,0.69033
2023-02-07 04:00:00,0.69034,0.69222,0.69001,0.69212
2023-02-07 05:00:00,0.69216,0.69508,0.69135,0.69363
2023-02-07 06:00:00,0.69361,0.69429,0.6926,0.69304
2023-02-07 07:00:00,0.69303,0.69386,0.69261,0.69386
2023-02-07 08:00:00,0.69386,0.69437,0.69326,0.69351
2023-02-07 09:00:00,0.69351,0.69397,0.69257,0.69271
2023-02-07 10:00:00,0.6927,0.69377,0.69104,0.69319
2023-02-07 11:00:00,0.69319,0.69489,0.693,0.69383
2023-02-07 12:00:00,0.69382,0.69406,0.69269,0.69316
2023-02-07 13:00:00,0.69315,0.69338,0.69203,0.69247
2023-02-07 14:00:00,0.69248,0.69311,0.69217,0.69249
2023-02-07 15:00:00,0.69249,0.69263,0.69017,0.69099
2023-02-07 16:00:00,0.69099,0.69101,0.6896,0.68968
2023-02-07 17:00:00,0.68968,0.69156,0.68857,0.69149
2023-02-07 18:00:00,0.6915,0.6932,0.69137,0.69242
2023-02-07 19:00:00,0.69241,0.69883,0.6914,0.69803
2023-02-07 20:00:00,0.698,0.69851,0.69032,0.69156
2023-02-07 21:00:00,0.69156,0.69463,0.69151,0.69412
2023-02-07 22:00:00,0.69415,0.69556,0.69319,0.69507
2023-02-07 23:00:00,0.69507,0.69605,0.6949,0.6959
2023-02-08 00:00:00,0.69543,0.69646,0.69434,0.69639
2023-02-08 01:00:00,0.69639,0.69662,0.69555,0.69645
2023-02-08 02:00:00,0.69645,0.69696,0.69583,0.69648
2023-02-08 03:00:00,0.69647,0.69703,0.69568,0.6958
2023-02-08 04:00:00,0.69579,0.69656,0.69496,0.69653
2023-02-08 05:00:00,0.69654,0.69706,0.69602,0.69663
2023-02-08 06:00:00,0.69662,0.69678,0.69584,0.69637
2023-02-08 07:00:00,0.69636,0.69681,0.69597,0.69658
2023-02-08 08:00:00,0.69657,0.69757,0.69638,0.69729
2023-02-08 09:00:00,0.69728,0.69873,0.69645,0.69864
2023-02-08 10:00:00,0.69865,0.699,0.69747,0.69838
2023-02-08 11:00:00,0.6984,0.69964,0.69824,0.69861
2023-02-08 12:00:00,0.69861,0.69871,0.69707,0.69759
2023-02-08 13:00:00,0.69759,0.69797,0.69686,0.697
2023-02-08 14:00:00,0.697,0.69826,0.69658,0.6968
2023-02-08 15:00:00,0.6968,0.69697,0.69538,0.69576
2023-02-08 16:00:00,0.69576,0.69671,0.69395,0.69451
2023-02-08 17:00:00,0.6945,0.69493,0.6931,0.69399
2023-02-08 18:00:00,0.69398,0.69421,0.6927,0.69401
2023-02-08 19:00:00,0.69401,0.6943,0.69293,0.69344
2023-02-08 20:00:00,0.69344,0.69416,0.69268,0.69332
2023-02-08 21:00:00,0.69332,0.69359,0.69225,0.69247
2023-02-08 22:00:00,0.6925,0.69277,0.69188,0.6924
2023-02-08 23:00:00,0.6924,0.69258,0.69218,0.69228
2023-02-09 00:00:00,0.69188,0.69258,0.69187,0.69241
2023-02-09 01:00:00,0.69242,0.69312,0.69232,0.69283
2023-02-09 02:00:00,0.69283,0.69322,0.69256,0.69278
2023-02-09 03:00:00,0.69278,0.69417,0.69215,0.69388
2023-02-09 04:00:00,0.69387,0.69531,0.69378,0.69486
2023-02-09 05:00:00,0.69487,0.69593,0.69465,0.69573
2023-02-09 06:00:00,0.69572,0.69592,0.69515,0.69535
2023-02-09 07:00:00,0.69534,0.6961,0.69494,0.69538
2023-02-09 08:00:00,0.69538,0.69647,0.69525,0.69571
2023-02-09 09:00:00,0.6957,0.69686,0.69545,0.69649
2023-02-09 10:00:00,0.69648,0.69817,0.69643,0.69767
2023-02-09 11:00:00,0.69768,0.69805,0.69667,0.69769
2023-02-09 12:00:00,0.69769,0.69832,0.69722,0.69832
2023-02-09 13:00:00,0.69832,0.69832,0.69734,0.69772
2023-02-09 14:00:00,0.69774,0.69911,0.69762,0.69826
2023-02-09 15:00:00,0.69828,0.70113,0.698,0.70105
2023-02-09 16:00:00,0.70106,0.70106,0.69889,0.699
2023-02-09 17:00:00,0.699,0.69981,0.69638,0.69712
2023-02-09 18:00:00,0.69712,0.69728,0.69537,0.69634
2023-02-09 19:00:00,0.69634,0.69665,0.69437,0.69538
2023-02-09 20:00:00,0.69536,0.69544,0.69424,0.69457
2023-02-09 21:00:00,0.69455,0.69518,0.69369,0.69393
2023-02-09 22:00:00,0.69393,0.69408,0.69277,0.69321
2023-02-09 23:00:00,0.69321,0.69361,0.69321,0.69359
2023-02-10 00:00:00,0.69315,0.6939,0.69307,0.69351
2023-02-10 01:00:00,0.69352,0.69426,0.69343,0.69385
2023-02-10 02:00:00,0.69385,0.69428,0.69304,0.69421
2023-02-10 03:00:00,0.69421,0.69485,0.69306,0.69376
2023-02-10 04:00:00,0.69376,0.69393,0.69255,0.69259
2023-02-10 05:00:00,0.69259,0.6926,0.69117,0.69147
2023-02-10 06:00:00,0.69147,0.69182,0.69111,0.69181
2023-02-10 07:00:00,0.6918,0.69294,0.69168,0.6925
2023-02-10 08:00:00,0.6925,0.69287,0.6921,0.69242
2023-02-10 09:00:00,0.69241,0.69436,0.69178,0.69421
2023-02-10 10:00:00,0.69421,0.69567,0.69397,0.69531
2023-02-10 11:00:00,0.6953,0.69602,0.69321,0.69328
2023-02-10 12:00:00,0.69328,0.69337,0.69209,0.69322
2023-02-10 13:00:00,0.69322,0.69334,0.69191,0.69239
2023-02-10 14:00:00,0.6924,0.69293,0.69176,0.69197
2023-02-10 15:00:00,0.69197,0.69475,0.69175,0.69411
2023-02-10 16:00:00,0.6941,0.69487,0.69345,0.69366
2023-02-10 17:00:00,0.69366,0.69492,0.69172,0.69226
2023-02-10 18:00:00,0.69228,0.69308,0.69168,0.69182
2023-02-10 19:00:00,0.69182,0.69212,0.69091,0.69167
2023-02-10 20:00:00,0.69168,0.69237,0.69149,0.69151
2023-02-10 21:00:00,0.69152,0.69164,0.69109,0.69134
2023-02-10 22:00:00,0.69134,0.69215,0.69128,0.69193
2023-02-10 23:00:00,0.69192,0.69215,0.6917,0.69195
2023-02-13 00:00:00,0.6916,0.69198,0.6913,0.69155
2023-02-13 01:00:00,0.69155,0.69178,0.69104,0.69125
2023-02-13 02:00:00,0.69129,0.69162,0.69027,0.69095
2023-02-13 03:00:00,0.69095,0.69104,0.68903,0.69088
2023-02-13 04:00:00,0.69088,0.69145,0.69023,0.69109
2023-02-13 05:00:00,0.69109,0.69133,0.6906,0.69061
2023-02-13 06:00:00,0.69061,0.69117,0.69057,0.6907
2023-02-13 07:00:00,0.69069,0.69132,0.69047,0.69099
2023-02-13 08:00:00,0.69099,0.69159,0.69096,0.69104
2023-02-13 09:00:00,0.69104,0.69313,0.69076,0.69294
2023-02-13 10:00:00,0.69296,0.69335,0.69176,0.69296
2023-02-13 11:00:00,0.69296,0.69335,0.69152,0.692
2023-02-13 12:00:00,0.692,0.69257,0.69132,0.69255
2023-02-13 13:00:00,0.69255,0.69365,0.69245,0.69316
2023-02-13 14:00:00,0.69317,0.69483,0.69312,0.6945
2023-02-13 15:00:00,0.6945,0.69486,0.69308,0.6933
2023-02-13 16:00:00,0.6933,0.69548,0.69288,0.69525
2023-02-13 17:00:00,0.69525,0.69647,0.69474,0.69611
2023-02-13 18:00:00,0.69612,0.6968,0.69555,0.69631
2023-02-13 19:00:00,0.69631,0.69706,0.6961,0.6967
2023-02-13 20:00:00,0.6967,0.69736,0.69607,0.69723
2023-02-13 21:00:00,0.69722,0.69728,0.6962,0.69632
2023-02-13 22:00:00,0.69632,0.69666,0.69605,0.69666
2023-02-13 23:00:00,0.69665,0.6968,0.69636,0.69651
2023-02-14 00:00:00,0.69641,0.69669,0.69612,0.69623
2023-02-14 01:00:00,0.69623,0.69702,0.69622,0.69685
2023-02-14 02:00:00,0.69687,0.69715,0.6963,0.69663
2023-02-14 03:00:00,0.69663,0.69692,0.69504,0.69551
2023-02-14 04:00:00,0.69553,0.69603,0.69493,0.69574
2023-02-14 05:00:00,0.69575,0.69648,0.6955,0.69618
2023-02-14 06:00:00,0.69617,0.69756,0.69592,0.69754
2023-02-14 07:00:00,0.69754,0.69754,0.69623,0.69683
2023-02-14 08:00:00,0.69683,0.69732,0.69598,0.69693
2023-02-14 09:00:00,0.69693,0.69758,0.69591,0.69623
2023-02-14 10:00:00,0.69624,0.69682,0.69567,0.69636
2023-02-14 11:00:00,0.69637,0.6975,0.69622,0.69707
2023-02-14 12:00:00,0.69707,0.69737,0.69623,0.6964
2023-02-14 13:00:00,0.69638,0.69713,0.69631,0.69661
2023-02-14 14:00:00,0.6966,0.69896,0.69657,0.69858
2023-02-14 15:00:00,0.69858,0.70294,0.69386,0.69943
2023-02-14 16:00:00,0.69949,0.70035,0.69215,0.69695
2023-02-14 17:00:00,0.69695,0.69986,0.69532,0.6968
2023-02-14 18:00:00,0.6968,0.69838,0.69544,0.69612
2023-02-14 19:00:00,0.69613,0.69747,0.69593,0.6974
2023-02-14 20:00:00,0.6974,0.69924,0.69732,0.69784
2023-02-14 21:00:00,0.69785,0.69913,0.69708,0.69893
2023-02-14 22:00:00,0.6989,0.69945,0.69823,0.69918
2023-02-14 23:00:00,0.69918,0.69918,0.69845,0.69865
2023-02-15 00:00:00,0.69816,0.69873,0.69744,0.69843
2023-02-15 01:00:00,0.6984,0.69889,0.6984,0.69871
2023-02-15 02:00:00,0.69871,0.69873,0.69774,0.69806
2023-02-15 03:00:00,0.69805,0.69831,0.6975,0.69763
2023-02-15 04:00:00,0.69762,0.69778,0.69457,0.69466
2023-02-15 05:00:00,0.69465,0.69522,0.69352,0.69369
2023-02-15 06:00:00,0.6937,0.69406,0.69326,0.69368
2023-02-15 07:00:00,0.69367,0.69382,0.69286,0.69329
2023-02-15 08:00:00,0.69329,0.69343,0.69156,0.6916
2023-02-15 09:00:00,0.69161,0.69177,0.68927,0.69039
2023-02-15 10:00:00,0.69039,0.69118,0.68952,0.69089
2023-02-15 11:00:00,0.69089,0.69173,0.69,0.6912
2023-02-15 12:00:00,0.6912,0.69149,0.68955,0.68958
2023-02-15 13:00:00,0.68958,0.69049,0.6889,0.68897
2023-02-15 14:00:00,0.68897,0.68989,0.68888,0.68917
2023-02-15 15:00:00,0.68916,0.69032,0.68738,0.6884
2023-02-15 16:00:00,0.68841,0.68876,0.68654,0.68667
2023-02-15 17:00:00,0.6867,0.68814,0.68646,0.68785
2023-02-15 18:00:00,0.68785,0.68967,0.68777,0.68923
2023-02-15 19:00:00,0.68923,0.68926,0.68797,0.68842
2023-02-15 20:00:00,0.68843,0.68974,0.68778,0.6897
2023-02-15 21:00:00,0.6897,0.69057,0.68965,0.6901
2023-02-15 22:00:00,0.69012,0.69077,0.68968,0.69075
2023-02-15 23:00:00,0.69075,0.69082,0.6902,0.69027
2023-02-16 00:00:00,0.68994,0.69067,0.68955,0.69033
2023-02-16 01:00:00,0.69034,0.69077,0.69023,0.69065
2023-02-16 02:00:00,0.69061,0.69131,0.68681,0.68722
2023-02-16 03:00:00,0.68722,0.69076,0.6868,0.69031
2023-02-16 04:00:00,0.69031,0.69184,0.69008,0.6916
2023-02-16 05:00:00,0.69161,0.69164,0.69061,0.69114
2023-02-16 06:00:00,0.69114,0.6925,0.69104,0.69191
2023-02-16 07:00:00,0.69189,0.69249,0.69112,0.6915
2023-02-16 08:00:00,0.6915,0.69172,0.69032,0.69141
2023-02-16 09:00:00,0.6914,0.6926,0.69107,0.69228
2023-02-16 10:00:00,0.69227,0.6936,0.69179,0.69221
2023-02-16 11:00:00,0.6922,0.69303,0.69148,0.69184
2023-02-16 12:00:00,0.69184,0.69271,0.69139,0.69164
2023-02-16 13:00:00,0.69164,0.6918,0.69096,0.69138
2023-02-16 14:00:00,0.69138,0.69169,0.68995,0.69006
2023-02-16 15:00:00,0.69005,0.69067,0.68719,0.68784
2023-02-16 16:00:00,0.68783,0.68895,0.68624,0.68669
2023-02-16 17:00:00,0.68668,0.68863,0.68403,0.68773
2023-02-16 18:00:00,0.68772,0.68984,0.68725,0.68888
2023-02-16 19:00:00,0.68884,0.69014,0.68849,0.68987
2023-02-16 20:00:00,0.68986,0.69026,0.68896,0.68995
2023-02-16 21:00:00,0.68995,0.69052,0.68968,0.68974
2023-02-16 22:00:00,0.68974,0.69001,0.68769,0.68792
2023-02-16 23:00:00,0.68792,0.68808,0.68738,0.68778
2023-02-17 00:00:00,0.68778,0.68786,0.68615,0.68714
2023-02-17 01:00:00,0.68711,0.68716,0.68618,0.6862
2023-02-17 02:00:00,0.68619,0.68676,0.68562,0.68646
2023-02-17 03:00:00,0.68643,0.68735,0.68515,0.68556
2023-02-17 04:00:00,0.68557,0.68571,0.68477,0.68533
2023-02-17 05:00:00,0.68533,0.68563,0.68461,0.68487
2023-02-17 06:00:00,0.68487,0.68497,0.6833,0.68429
2023-02-17 07:00:00,0.6843,0.68447,0.68353,0.68394
2023-02-17 08:00:00,0.68395,0.68443,0.68321,0.68373
2023-02-17 09:00:00,0.68374,0.68511,0.68315,0.68419
2023-02-17 10:00:00,0.68419,0.68422,0.68219,0.68313
2023-02-17 11:00:00,0.68312,0.68361,0.68221,0.68243
2023-02-17 12:00:00,0.68242,0.68272,0.68201,0.68208
2023-02-17 13:00:00,0.68208,0.68214,0.68118,0.68162
2023-02-17 14:00:00,0.68161,0.68291,0.68148,0.68254
2023-02-17 15:00:00,0.68254,0.68401,0.68237,0.68351
2023-02-17 16:00:00,0.68349,0.68503,0.68319,0.68342
2023-02-17 17:00:00,0.68343,0.68747,0.6834,0.68536
2023-02-17 18:00:00,0.68535,0.6871,0.68504,0.68637
2023-02-17 19:00:00,0.68637,0.6878,0.68633,0.68648
2023-02-17 20:00:00,0.68649,0.68728,0.6862,0.68695
2023-02-17 21:00:00,0.68696,0.68822,0.68696,0.68793
2023-02-17 22:00:00,0.68793,0.68843,0.68785,0.68804
2023-02-17 23:00:00,0.68805,0.68822,0.68766,0.68778
2023-02-20 00:00:00,0.68667,0.68757,0.68638,0.68722
2023-02-20 01:00:00,0.68722,0.68755,0.68652,0.68691
2023-02-20 02:00:00,0.68691,0.68705,0.68626,0.68678
2023-02-20 03:00:00,0.68678,0.68819,0.68658,0.68783
2023-02-20 04:00:00,0.68782,0.68931,0.68778,0.68895
2023-02-20 05:00:00,0.68895,0.68922,0.68833,0.68875
2023-02-20 06:00:00,0.68875,0.69012,0.68871,0.68911
2023-02-20 07:00:00,0.68912,0.69056,0.68863,0.69051
2023-02-20 08:00:00,0.69051,0.69063,0.68973,0.6899
2023-02-20 09:00:00,0.6899,0.69096,0.68966,0.69088
2023-02-20 10:00:00,0.69088,0.69152,0.68943,0.69033
2023-02-20 11:00:00,0.69033,0.69109,0.68957,0.68962
2023-02-20 12:00:00,0.68963,0.69038,0.68942,0.69025
2023-02-20 13:00:00,0.69026,0.69111,0.68991,0.69083
2023-02-20 14:00:00,0.69084,0.69089,0.6897,0.68994
2023-02-20 15:00:00,0.68994,0.69183,0.68994,0.69171
2023-02-20 16:00:00,0.6917,0.69206,0.69153,0.69182
2023-02-20 17:00:00,0.6918,0.69186,0.69122,0.69158
2023-02-20 18:00:00,0.69158,0.69177,0.69122,0.69164
2023-02-20 19:00:00,0.69164,0.69167,0.69118,0.69133
2023-02-20 20:00:00,0.69135,0.69141,0.69114,0.69115
2023-02-20 21:00:00,0.69116,0.69146,0.69115,0.69126
2023-02-20 22:00:00,0.69126,0.69135,0.69109,0.69129
2023-02-20 23:00:00,0.69129,0.6913,0.69075,0.69091
2023-02-21 00:00:00,0.69042,0.69113,0.69005,0.69073
2023-02-21 01:00:00,0.69071,0.69152,0.69064,0.69087
2023-02-21 02:00:00,0.69087,0.69199,0.68968,0.69049
2023-02-21 03:00:00,0.69049,0.69101,0.68939,0.69057
2023-02-21 04:00:00,0.69057,0.69108,0.68996,0.68999
2023-02-21 05:00:00,0.69004,0.69034,0.6894,0.68976
2023-02-21 06:00:00,0.68976,0.68996,0.68912,0.6896
2023-02-21 07:00:00,0.6896,0.69015,0.68903,0.68961
2023-02-21 08:00:00,0.6896,0.6896,0.68861,0.68919
2023-02-21 09:00:00,0.68917,0.68917,0.68735,0.68806
2023-02-21 10:00:00,0.68806,0.68861,0.68685,0.68746
2023-02-21 11:00:00,0.68745,0.68995,0.68718,0.68899
2023-02-21 12:00:00,0.68895,0.68922,0.68767,0.6877
2023-02-21 13:00:00,0.6877,0.68892,0.68735,0.6884
2023-02-21 14:00:00,0.6884,0.68844,0.68663,0.68751
2023-02-21 15:00:00,0.6875,0.68785,0.68649,0.68649
2023-02-21 16:00:00,0.68651,0.68806,0.68547,0.6862
2023-02-21 17:00:00,0.68616,0.68995,0.68601,0.68927
2023-02-21 18:00:00,0.68927,0.68933,0.68643,0.68648
2023-02-21 19:00:00,0.68647,0.68654,0.6853,0.68648
2023-02-21 20:00:00,0.68647,0.68661,0.68472,0.68537
2023-02-21 21:00:00,0.68538,0.68565,0.68478,0.68539
2023-02-21 22:00:00,0.68539,0.68594,0.68522,0.68545
2023-02-21 23:00:00,0.68545,0.68566,0.68514,0.68557
2023-02-22 00:00:00,0.6851,0.68584,0.68477,0.68578
2023-02-22 01:00:00,0.68578,0.68644,0.68553,0.68633
2023-02-22 02:00:00,0.68629,0.6865,0.68327,0.68579
2023-02-22 03:00:00,0.68579,0.68638,0.68346,0.6839
2023-02-22 04:00:00,0.68391,0.68414,0.68306,0.68353
2023-02-22 05:00:00,0.68353,0.68423,0.68307,0.68379
2023-02-22 06:00:00,0.68381,0.68418,0.68334,0.68388
2023-02-22 07:00:00,0.68388,0.68392,0.68273,0.68349
2023-02-22 08:00:00,0.68349,0.68382,0.68296,0.68332
2023-02-22 09:00:00,0.68335,0.68374,0.68227,0.68282
2023-02-22 10:00:00,0.68282,0.6831,0.68118,0.68144
2023-02-22 11:00:00,0.68144,0.68274,0.68112,0.68211
2023-02-22 12:00:00,0.68211,0.68266,0.68152,0.68192
2023-02-22 13:00:00,0.6819,0.68261,0.68186,0.68199
2023-02-22 14:00:00,0.68201,0.68479,0.68187,0.68386
2023-02-22 15:00:00,0.68387,0.68409,0.68233,0.68307
2023-02-22 16:00:00,0.68305,0.6838,0.68201,0.68263
2023-02-22 17:00:00,0.68264,0.68311,0.68087,0.68177
2023-02-22 18:00:00,0.68177,0.6823,0.68122,0.68178
2023-02-22 19:00:00,0.68178,0.68278,0.68122,0.68227
2023-02-22 20:00:00,0.68227,0.68276,0.68192,0.6821
2023-02-22 21:00:00,0.68212,0.6832,0.67946,0.67949
2023-02-22 22:00:00,0.67949,0.68054,0.67948,0.68048
2023-02-22 23:00:00,0.68045,0.68076,0.68025,0.68038
2023-02-23 00:00:00,0.67975,0.68078,0.67937,0.68033
2023-02-23 01:00:00,0.68033,0.68136,0.68032,0.68113
2023-02-23 02:00:00,0.68112,0.68208,0.68099,0.68206
2023-02-23 03:00:00,0.68206,0.68341,0.68183,0.68325
2023-02-23 04:00:00,0.68326,0.68373,0.6824,0.68358
2023-02-23 05:00:00,0.6836,0.6842,0.68319,0.68333
2023-02-23 06:00:00,0.68333,0.68338,0.68285,0.68331
2023-02-23 07:00:00,0.68332,0.68332,0.68191,0.68233
2023-02-23 08:00:00,0.68233,0.68352,0.68218,0.68279
2023-02-23 09:00:00,0.68281,0.68333,0.68229,0.68293
2023-02-23 10:00:00,0.68294,0.68331,0.6821,0.68215
2023-02-23 11:00:00,0.68215,0.68241,0.68146,0.6817
2023-02-23 12:00:00,0.68169,0.6822,0.68139,0.68213
2023-02-23 13:00:00,0.68213,0.68335,0.68156,0.68302
2023-02-23 14:00:00,0.68303,0.6834,0.68266,0.68295
2023-02-23 15:00:00,0.68294,0.68318,0.68061,0.68156
2023-02-23 16:00:00,0.68155,0.68364,0.68124,0.68324
2023-02-23 17:00:00,0.68327,0.68336,0.68026,0.68077
2023-02-23 18:00:00,0.68076,0.68106,0.67842,0.67866
2023-02-23 19:00:00,0.67866,0.67888,0.67815,0.67864
2023-02-23 20:00:00,0.67865,0.67976,0.67838,0.67961
2023-02-23 21:00:00,0.6796,0.68125,0.67942,0.68056
2023-02-23 22:00:00,0.68054,0.68154,0.68054,0.68135
2023-02-23 23:00:00,0.68135,0.68135,0.68056,0.68076
2023-02-24 00:00:00,0.68031,0.68088,0.68017,0.68049
2023-02-24 01:00:00,0.68049,0.68124,0.68049,0.68085
2023-02-24 02:00:00,0.68085,0.68181,0.68044,0.68181
2023-02-24 03:00:00,0.6818,0.68233,0.68054,0.68175
2023-02-24 04:00:00,0.68175,0.68241,0.68118,0.68139
2023-02-24 05:00:00,0.68137,0.68237,0.68137,0.68156
2023-02-24 06:00:00,0.68156,0.68172,0.68085,0.68134
2023-02-24 07:00:00,0.68134,0.68179,0.68093,0.68094
2023-02-24 08:00:00,0.68095,0.68139,0.6805,0.68075
2023-02-24 09:00:00,0.68074,0.68075,0.67929,0.67942
2023-02-24 10:00:00,0.67941,0.67944,0.67803,0.67848
2023-02-24 11:00:00,0.67848,0.67856,0.67779,0.67838
2023-02-24 12:00:00,0.67838,0.67896,0.67803,0.67807
2023-02-24 13:00:00,0.67807,0.67813,0.67618,0.67663
2023-02-24 14:00:00,0.67663,0.67663,0.67485,0.67503
2023-02-24 15:00:00,0.67504,0.67539,0.67273,0.6742
2023-02-24 16:00:00,0.67421,0.67423,0.67185,0.67268
2023-02-24 17:00:00,0.67266,0.67351,0.67193,0.67218
2023-02-24 18:00:00,0.67218,0.67391,0.67205,0.67339
2023-02-24 19:00:00,0.6734,0.6736,0.67193,0.67239
2023-02-24 20:00:00,0.67239,0.67309,0.67208,0.67247
2023-02-24 21:00:00,0.67248,0.67303,0.67234,0.67264
2023-02-24 22:00:00,0.67262,0.67328,0.67228,0.67268
2023-02-24 23:00:00,0.67266,0.6728,0.67232,0.67249
2023-02-27 00:00:00,0.67277,0.67305,0.67228,0.67234
2023-02-27 01:00:00,0.67232,0.67381,0.67232,0.67333
2023-02-27 02:00:00,0.67333,0.67348,0.67257,0.67319
2023-02-27 03:00:00,0.67318,0.67416,0.67315,0.67401
2023-02-27 04:00:00,0.674,0.674,0.67273,0.67279
2023-02-27 05:00:00,0.67279,0.67292,0.67082,0.67114
2023-02-27 06:00:00,0.67114,0.67179,0.67043,0.67107
2023-02-27 07:00:00,0.67107,0.67139,0.66992,0.66998
2023-02-27 08:00:00,0.67001,0.67122,0.66982,0.6702
2023-02-27 09:00:00,0.67018,0.67182,0.67002,0.67151
2023-02-27 10:00:00,0.67152,0.67273,0.67151,0.67181
2023-02-27 11:00:00,0.6718,0.67232,0.67147,0.67174
2023-02-27 12:00:00,0.67172,0.67187,0.67081,0.67172
2023-02-27 13:00:00,0.67171,0.67192,0.6713,0.6716
2023-02-27 14:00:00,0.67161,0.67184,0.67061,0.67067
2023-02-27 15:00:00,0.67066,0.6729,0.67015,0.67231
2023-02-27 16:00:00,0.67231,0.67281,0.67136,0.67241
2023-02-27 17:00:00,0.6724,0.67437,0.67202,0.67295
2023-02-27 18:00:00,0.67295,0.67339,0.67186,0.6728
2023-02-27 19:00:00,0.67281,0.67363,0.67236,0.67349
2023-02-27 20:00:00,0.67349,0.67421,0.67347,0.6742
2023-02-27 21:00:00,0.6742,0.67447,0.67347,0.67351
2023-02-27 22:00:00,0.67352,0.67395,0.67339,0.67391
2023-02-27 23:00:00,0.6739,0.67402,0.67376,0.6739
2023-02-28 00:00:00,0.67374,0.67374,0.6726,0.67347
2023-02-28 01:00:00,0.67344,0.67413,0.67328,0.67403
2023-02-28 02:00:00,0.67403,0.67502,0.67387,0.67458
2023-02-28 03:00:00,0.67458,0.67505,0.67421,0.67429
2023-02-28 04:00:00,0.6743,0.675,0.67376,0.67439
2023-02-28 05:00:00,0.67441,0.67444,0.67355,0.6736
2023-02-28 06:00:00,0.6736,0.67382,0.67262,0.67295
2023-02-28 07:00:00,0.67295,0.673,0.67195,0.67229
2023-02-28 08:00:00,0.67228,0.67334,0.672,0.6729
2023-02-28 09:00:00,0.67289,0.6731,0.67119,0.67124
2023-02-28 10:00:00,0.67124,0.67228,0.67038,0.67202
2023-02-28 11:00:00,0.67205,0.67271,0.67163,0.672
2023-02-28 12:00:00,0.67201,0.67333,0.67201,0.67309
2023-02-28 13:00:00,0.67311,0.67347,0.67291,0.67304
2023-02-28 14:00:00,0.67304,0.6736,0.67277,0.67352
2023-02-28 15:00:00,0.67351,0.67432,0.67308,0.67421
2023-02-28 16:00:00,0.6742,0.67444,0.67219,0.67399
2023-02-28 17:00:00,0.67411,0.67506,0.67303,0.67437
2023-02-28 18:00:00,0.67438,0.67577,0.67414,0.67434
2023-02-28 19:00:00,0.67433,0.6755,0.67419,0.67521
2023-02-28 20:00:00,0.6752,0.6754,0.67414,0.6743
2023-02-28 21:00:00,0.6743,0.67457,0.67338,0.67347
2023-02-28 22:00:00,0.67347,0.67347,0.67254,0.6726
2023-02-28 23:00:00,0.6726,0.67298,0.67241,0.67289
2023-03-01 00:00:00,0.67276,0.6732,0.67191,0.67318
2023-03-01 01:00:00,0.67317,0.67326,0.67276,0.67301
2023-03-01 02:00:00,0.67302,0.67303,0.66952,0.67001
2023-03-01 03:00:00,0.66998,0.67348,0.66979,0.67337
2023-03-01 04:00:00,0.67337,0.67389,0.67298,0.67367
2023-03-01 05:00:00,0.67366,0.67492,0.6736,0.67482
2023-03-01 06:00:00,0.67481,0.67548,0.67438,0.67493
2023-03-01 07:00:00,0.67493,0.67607,0.67481,0.67486
2023-03-01 08:00:00,0.67486,0.67685,0.67474,0.67626
2023-03-01 09:00:00,0.67628,0.67682,0.67527,0.67676
2023-03-01 10:00:00,0.67677,0.67723,0.67522,0.67702
2023-03-01 11:00:00,0.67703,0.67778,0.67577,0.67628
2023-03-01 12:00:00,0.67629,0.67683,0.67567,0.67676
2023-03-01 13:00:00,0.67677,0.67776,0.6762,0.67735
2023-03-01 14:00:00,0.67735,0.67837,0.67697,0.67794
2023-03-01 15:00:00,0.67794,0.67812,0.67537,0.67553
2023-03-01 16:00:00,0.67554,0.67602,0.6748,0.67561
2023-03-01 17:00:00,0.67567,0.677,0.67249,0.67636
2023-03-01 18:00:00,0.67636,0.67695,0.6752,0.67672
2023-03-01 19:00:00,0.67672,0.67714,0.67592,0.67612
2023-03-01 20:00:00,0.6761,0.67624,0.67489,0.675
2023-03-01 21:00:00,0.675,0.67551,0.67452,0.67514
2023-03-01 22:00:00,0.67514,0.67571,0.675,0.67543
2023-03-01 23:00:00,0.67543,0.67606,0.67532,0.67585
2023-03-02 00:00:00,0.67576,0.67588,0.67491,0.6754
2023-03-02 01:00:00,0.67542,0.67613,0.67539,0.67593
2023-03-02 02:00:00,0.67593,0.6766,0.67481,0.67494
2023-03-02 03:00:00,0.6749,0.67524,0.67281,0.67404
2023-03-02 04:00:00,0.67404,0.67545,0.67378,0.67458
2023-03-02 05:00:00,0.67458,0.6748,0.67386,0.67464
2023-03-02 06:00:00,0.67464,0.67485,0.67418,0.67443
2023-03-02 07:00:00,0.67443,0.67457,0.6731,0.67376
2023-03-02 08:00:00,0.67377,0.67424,0.67308,0.67385
2023-03-02 09:00:00,0.67384,0.67422,0.67276,0.67304
2023-03-02 10:00:00,0.67305,0.67481,0.67252,0.6744
2023-03-02 11:00:00,0.6744,0.67472,0.6732,0.67362
2023-03-02 12:00:00,0.67361,0.67376,0.6721,0.67215
2023-03-02 13:00:00,0.67214,0.67342,0.67214,0.67339
2023-03-02 14:00:00,0.67339,0.67418,0.6718,0.67211
2023-03-02 15:00:00,0.67212,0.67285,0.67066,0.67087
2023-03-02 16:00:00,0.67087,0.67346,0.67084,0.67299
2023-03-02 17:00:00,0.67302,0.67388,0.67213,0.67277
2023-03-02 18:00:00,0.67277,0.67344,0.67157,0.67187
2023-03-02 19:00:00,0.67189,0.67196,0.67083,0.67123
2023-03-02 20:00:00,0.67123,0.67242,0.67085,0.67228
2023-03-02 21:00:00,0.67228,0.67342,0.67208,0.67266
2023-03-02 22:00:00,0.67267,0.67382,0.67238,0.6732
2023-03-02 23:00:00,0.67322,0.67323,0.67286,0.67295
2023-03-03 00:00:00,0.67289,0.67303,0.67211,0.67263
2023-03-03 01:00:00,0.67261,0.6734,0.67261,0.67316
2023-03-03 02:00:00,0.67315,0.67472,0.67285,0.67451
2023-03-03 03:00:00,0.67456,0.67525,0.67375,0.67448
2023-03-03 04:00:00,0.67448,0.67527,0.67381,0.67411
2023-03-03 05:00:00,0.6741,0.67451,0.67371,0.67404
2023-03-03 06:00:00,0.67404,0.67442,0.67402,0.67434
2023-03-03 07:00:00,0.67434,0.67508,0.67428,0.67448
2023-03-03 08:00:00,0.67448,0.67613,0.67441,0.67593
2023-03-03 09:00:00,0.67593,0.67593,0.6749,0.67503
2023-03-03 10:00:00,0.67502,0.67663,0.67502,0.6758
2023-03-03 11:00:00,0.67577,0.67666,0.67557,0.67581
2023-03-03 12:00:00,0.67581,0.67612,0.6752,0.6757
2023-03-03 13:00:00,0.67569,0.676,0.67536,0.67575
2023-03-03 14:00:00,0.67575,0.67601,0.67456,0.675
2023-03-03 15:00:00,0.67501,0.67652,0.67467,0.67586
2023-03-03 16:00:00,0.67586,0.67638,0.67466,0.67517
2023-03-03 17:00:00,0.67491,0.67633,0.67321,0.6743
2023-03-03 18:00:00,0.67429,0.67606,0.67392,0.67584
2023-03-03 19:00:00,0.67582,0.67617,0.67533,0.67601
2023-03-03 20:00:00,0.67601,0.67601,0.67546,0.67567
2023-03-03 21:00:00,0.67566,0.67726,0.67554,0.677
2023-03-03 22:00:00,0.677,0.67747,0.67687,0.67705
2023-03-03 23:00:00,0.67705,0.67705,0.67668,0.67681
2023-03-06 00:00:00,0.67468,0.67584,0.67459,0.67554
2023-03-06 01:00:00,0.67555,0.67619,0.67515,0.67535
2023-03-06 02:00:00,0.67533,0.6758,0.6751,0.67514
2023-03-06 03:00:00,0.67515,0.67543,0.67415,0.67538
2023-03-06 04:00:00,0.67538,0.67693,0.67473,0.67643
2023-03-06 05:00:00,0.67643,0.67696,0.67604,0.67667
2023-03-06 06:00:00,0.67667,0.67679,0.67549,0.67549
2023-03-06 07:00:00,0.67551,0.67582,0.67503,0.67557
2023-03-06 08:00:00,0.67557,0.67582,0.67473,0.67545
2023-03-06 09:00:00,0.67548,0.67619,0.67514,0.67552
2023-03-06 10:00:00,0.67551,0.6757,0.67356,0.67408
2023-03-06 11:00:00,0.67407,0.67415,0.67311,0.67334
2023-03-06 12:00:00,0.67334,0.67363,0.67254,0.67288
2023-03-06 13:00:00,0.67288,0.67309,0.67163,0.67201
2023-03-06 14:00:00,0.67202,0.67293,0.67186,0.6729
2023-03-06 15:00:00,0.6729,0.67418,0.67261,0.67338
2023-03-06 16:00:00,0.67338,0.67397,0.67307,0.67375
2023-03-06 17:00:00,0.67375,0.6743,0.67289,0.67327
2023-03-06 18:00:00,0.67326,0.67381,0.67278,0.6737
2023-03-06 19:00:00,0.6737,0.6743,0.6731,0.67354
2023-03-06 20:00:00,0.67354,0.67359,0.67209,0.67226
2023-03-06 21:00:00,0.67225,0.67254,0.67199,0.67209
2023-03-06 22:00:00,0.67209,0.67281,0.67209,0.67273
2023-03-06 23:00:00,0.67273,0.67321,0.6726,0.67314
2023-03-07 00:00:00,0.67295,0.67314,0.67174,0.67278
2023-03-07 01:00:00,0.67278,0.67322,0.67268,0.67313
2023-03-07 02:00:00,0.67313,0.67338,0.6728,0.67293
2023-03-07 03:00:00,0.67293,0.67386,0.67267,0.67372
2023-03-07 04:00:00,0.67372,0.67481,0.67345,0.67435
2023-03-07 05:00:00,0.67434,0.6744,0.66926,0.67148
2023-03-07 06:00:00,0.67145,0.672,0.67066,0.67134
2023-03-07 07:00:00,0.67132,0.67138,0.67073,0.67108
2023-03-07 08:00:00,0.67108,0.6714,0.66988,0.67028
2023-03-07 09:00:00,0.67028,0.67183,0.66987,0.67067
2023-03-07 10:00:00,0.67066,0.67098,0.66793,0.66838
2023-03-07 11:00:00,0.66837,0.66933,0.66749,0.66755
2023-03-07 12:00:00,0.66756,0.66781,0.66678,0.66727
2023-03-07 13:00:00,0.66726,0.66784,0.66617,0.66629
2023-03-07 14:00:00,0.66629,0.66678,0.66595,0.66672
2023-03-07 15:00:00,0.66672,0.66705,0.66581,0.66591
2023-03-07 16:00:00,0.66592,0.6662,0.66464,0.66534
2023-03-07 17:00:00,0.66534,0.66534,0.66025,0.66067
2023-03-07 18:00:00,0.66065,0.66176,0.65943,0.65992
2023-03-07 19:00:00,0.65992,0.66139,0.65919,0.65972
2023-03-07 20:00:00,0.65973,0.66015,0.65857,0.65901
2023-03-07 21:00:00,0.65901,0.65933,0.65811,0.65851
2023-03-07 22:00:00,0.65853,0.65956,0.65853,0.65916
2023-03-07 23:00:00,0.65917,0.65921,0.65869,0.65876
2023-03-08 00:00:00,0.65826,0.65887,0.65804,0.65882
2023-03-08 01:00:00,0.65878,0.65905,0.65864,0.65889
2023-03-08 02:00:00,0.6589,0.65904,0.65842,0.65893
2023-03-08 03:00:00,0.65892,0.65958,0.65856,0.65882
2023-03-08 04:00:00,0.65882,0.65913,0.65721,0.65752
2023-03-08 05:00:00,0.65752,0.65805,0.6568,0.6573
2023-03-08 06:00:00,0.65731,0.65928,0.6573,0.65901
2023-03-08 07:00:00,0.65901,0.65951,0.65837,0.65908
2023-03-08 08:00:00,0.65909,0.65993,0.65896,0.65974
2023-03-08 09:00:00,0.65974,0.66022,0.65937,0.65976
2023-03-08 10:00:00,0.65976,0.66018,0.65928,0.65947
2023-03-08 11:00:00,0.65947,0.66076,0.65934,0.66019
2023-03-08 12:00:00,0.6602,0.66088,0.65982,0.66051
2023-03-08 13:00:00,0.66051,0.66088,0.65972,0.65981
2023-03-08 14:00:00,0.65981,0.66047,0.65965,0.65994
2023-03-08 15:00:00,0.65992,0.66072,0.6591,0.6598
2023-03-08 16:00:00,0.65979,0.66148,0.65979,0.66139
2023-03-08 17:00:00,0.66139,0.66289,0.65976,0.66075
2023-03-08 18:00:00,0.66077,0.66165,0.65993,0.66006
2023-03-08 19:00:00,0.66006,0.66032,0.65904,0.65911
2023-03-08 20:00:00,0.65911,0.65948,0.65819,0.65846
2023-03-08 21:00:00,0.65845,0.6591,0.65841,0.65885
2023-03-08 22:00:00,0.65886,0.65945,0.65855,0.6594
2023-03-08 23:00:00,0.65939,0.6594,0.65864,0.65884
2023-03-09 00:00:00,0.65882,0.65892,0.65862,0.65883
2023-03-09 01:00:00,0.65873,0.65954,0.65873,0.6594
2023-03-09 02:00:00,0.6594,0.65954,0.65866,0.65882
2023-03-09 03:00:00,0.65883,0.65915,0.65762,0.65818
2023-03-09 04:00:00,0.65818,0.65886,0.658,0.65849
2023-03-09 05:00:00,0.65848,0.65941,0.65832,0.65922
2023-03-09 06:00:00,0.65922,0.66105,0.65887,0.66102
2023-03-09 07:00:00,0.66103,0.66184,0.66068,0.66078
2023-03-09 08:00:00,0.66079,0.66174,0.66069,0.6613
2023-03-09 09:00:00,0.66128,0.66167,0.66088,0.66119
2023-03-09 10:00:00,0.66119,0.66221,0.66076,0.66139
2023-03-09 11:00:00,0.6614,0.66192,0.66089,0.66099
2023-03-09 12:00:00,0.66099,0.66156,0.66061,0.66137
2023-03-09 13:00:00,0.66137,0.66222,0.66133,0.66179
2023-03-09 14:00:00,0.66179,0.66188,0.66106,0.66145
2023-03-09 15:00:00,0.66144,0.66288,0.66079,0.6628
2023-03-09 16:00:00,0.66279,0.66364,0.6617,0.66231
2023-03-09 17:00:00,0.6623,0.66269,0.66133,0.66153
2023-03-09 18:00:00,0.66154,0.66198,0.66101,0.66104
2023-03-09 19:00:00,0.66105,0.66123,0.66041,0.66084
2023-03-09 20:00:00,0.66084,0.66137,0.65984,0.66049
2023-03-09 21:00:00,0.66049,0.66052,0.65868,0.65869
2023-03-09 22:00:00,0.65869,0.65886,0.65767,0.65876
2023-03-09 23:00:00,0.65875,0.65902,0.65858,0.65897
2023-03-10 00:00:00,0.65886,0.65897,0.65849,0.65879
2023-03-10 01:00:00,0.65879,0.6592,0.65839,0.65888
2023-03-10 02:00:00,0.65888,0.65904,0.65816,0.65853
2023-03-10 03:00:00,0.65853,0.65908,0.65737,0.65826
2023-03-10 04:00:00,0.65827,0.65844,0.65641,0.6576
2023-03-10 05:00:00,0.6576,0.65793,0.65707,0.65791
2023-03-10 06:00:00,0.6579,0.65989,0.65775,0.65986
2023-03-10 07:00:00,0.65985,0.66008,0.65875,0.65882
2023-03-10 08:00:00,0.65882,0.65916,0.65831,0.65864
2023-03-10 09:00:00,0.65865,0.66017,0.65842,0.65977
2023-03-10 10:00:00,0.65977,0.66026,0.65762,0.65767
2023-03-10 11:00:00,0.65766,0.65933,0.65748,0.65862
2023-03-10 12:00:00,0.65861,0.65932,0.6583,0.65847
2023-03-10 13:00:00,0.65845,0.65965,0.65844,0.65901
2023-03-10 14:00:00,0.659,0.6597,0.65823,0.65911
2023-03-10 15:00:00,0.65911,0.66329,0.65864,0.66098
2023-03-10 16:00:00,0.66097,0.66263,0.65965,0.66205
2023-03-10 17:00:00,0.66206,0.66403,0.66143,0.66301
2023-03-10 18:00:00,0.66302,0.66311,0.66076,0.66096
2023-03-10 19:00:00,0.66096,0.66219,0.66034,0.66159
2023-03-10 20:00:00,0.66158,0.66198,0.65742,0.65773
2023-03-10 21:00:00,0.65773,0.65888,0.65765,0.6584
2023-03-10 22:00:00,0.65841,0.65893,0.65749,0.65763
2023-03-10 23:00:00,0.65761,0.6583,0.65761,0.65817
2023-03-13 00:00:00,0.66011,0.66319,0.65993,0.66287
2023-03-13 01:00:00,0.66285,0.66468,0.66245,0.6633
2023-03-13 02:00:00,0.6633,0.66424,0.66104,0.66108
2023-03-13 03:00:00,0.66109,0.66212,0.66015,0.66097
2023-03-13 04:00:00,0.66097,0.66711,0.66084,0.66662
2023-03-13 05:00:00,0.66662,0.66725,0.66586,0.66628
2023-03-13 06:00:00,0.66627,0.66707,0.66612,0.66663
2023-03-13 07:00:00,0.66663,0.66679,0.66598,0.66626
2023-03-13 08:00:00,0.66626,0.66718,0.6657,0.66603
2023-03-13 09:00:00,0.66602,0.66787,0.66549,0.66743
2023-03-13 10:00:00,0.66741,0.66789,0.66561,0.66597
2023-03-13 11:00:00,0.66597,0.66606,0.66177,0.66234
2023-03-13 12:00:00,0.66235,0.66331,0.66128,0.66295
2023-03-13 13:00:00,0.66296,0.66465,0.66291,0.6637
2023-03-13 14:00:00,0.66371,0.66486,0.66268,0.66429
2023-03-13 15:00:00,0.66429,0.6679,0.66344,0.66675
2023-03-13 16:00:00,0.66674,0.66987,0.66564,0.66953
2023-03-13 17:00:00,0.66954,0.67168,0.66806,0.66847
2023-03-13 18:00:00,0.66846,0.66873,0.66603,0.66683
2023-03-13 19:00:00,0.66683,0.66814,0.66612,0.66742
2023-03-13 20:00:00,0.66743,0.668,0.66703,0.6675
2023-03-13 21:00:00,0.66749,0.66767,0.66644,0.66669
2023-03-13 22:00:00,0.66673,0.6668,0.66636,0.66669
2023-03-13 23:00:00,0.66655,0.66721,0.6661,0.66646
2023-03-14 00:00:00,0.66641,0.66673,0.66618,0.66636
2023-03-14 01:00:00,0.66636,0.66655,0.66546,0.6655
2023-03-14 02:00:00,0.6655,0.66589,0.66481,0.66508
2023-03-14 03:00:00,0.66509,0.66554,0.66424,0.66471
2023-03-14 04:00:00,0.66471,0.66514,0.66317,0.66335
2023-03-14 05:00:00,0.66336,0.66486,0.6633,0.66436
2023-03-14 06:00:00,0.66437,0.66487,0.66368,0.66482
2023-03-14 07:00:00,0.66479,0.66541,0.66465,0.66537
2023-03-14 08:00:00,0.66538,0.66621,0.66507,0.66604
2023-03-14 09:00:00,0.66605,0.66706,0.6656,0.667
2023-03-14 10:00:00,0.667,0.66723,0.66554,0.66616
2023-03-14 11:00:00,0.66617,0.66617,0.66432,0.66464
2023-03-14 12:00:00,0.66463,0.66569,0.66433,0.66538
2023-03-14 13:00:00,0.66538,0.66709,0.66533,0.66659
2023-03-14 14:00:00,0.66659,0.6692,0.6635,0.66875
2023-03-14 15:00:00,0.66875,0.66961,0.66725,0.66825
2023-03-14 16:00:00,0.66827,0.66841,0.66704,0.66716
2023-03-14 17:00:00,0.66718,0.66852,0.66615,0.66618
2023-03-14 18:00:00,0.66617,0.66697,0.6657,0.66682
2023-03-14 19:00:00,0.66683,0.66757,0.66613,0.66725
2023-03-14 20:00:00,0.66725,0.6693,0.66708,0.66858
2023-03-14 21:00:00,0.6686,0.66889,0.66774,0.66849
2023-03-14 22:00:00,0.6685,0.66861,0.66786,0.66793
2023-03-14 23:00:00,0.66815,0.66835,0.66619,0.66798
2023-03-15 00:00:00,0.66801,0.6692,0.66768,0.6687
2023-03-15 01:00:00,0.66871,0.66927,0.66859,0.66873
2023-03-15 02:00:00,0.66873,0.66887,0.66762,0.66762
2023-03-15 03:00:00,0.66762,0.6686,0.6675,0.66855
2023-03-15 04:00:00,0.66855,0.67116,0.66834,0.67063
2023-03-15 05:00:00,0.67063,0.6707,0.66934,0.66966
2023-03-15 06:00:00,0.66965,0.66993,0.66883,0.66929
2023-03-15 07:00:00,0.66929,0.66931,0.66796,0.66812
2023-03-15 08:00:00,0.66812,0.66913,0.66761,0.6686
2023-03-15 09:00:00,0.66862,0.66921,0.66697,0.66768
2023-03-15 10:00:00,0.66769,0.66797,0.66685,0.66741
2023-03-15 11:00:00,0.6674,0.6675,0.66519,0.66527
2023-03-15 12:00:00,0.66527,0.666,0.66365,0.66396
2023-03-15 13:00:00,0.66396,0.66516,0.66339,0.66406
2023-03-15 14:00:00,0.66406,0.66622,0.66326,0.664
2023-03-15 15:00:00,0.664,0.66511,0.66235,0.66236
2023-03-15 16:00:00,0.66237,0.66401,0.6607,0.66135
2023-03-15 17:00:00,0.66135,0.66204,0.66007,0.66102
2023-03-15 18:00:00,0.66101,0.66134,0.65899,0.65949
2023-03-15 19:00:00,0.65947,0.6612,0.65945,0.66063
2023-03-15 20:00:00,0.66062,0.66263,0.65977,0.66222
2023-03-15 21:00:00,0.66224,0.66278,0.6612,0.66194
2023-03-15 22:00:00,0.66191,0.66228,0.66166,0.66184
2023-03-15 23:00:00,0.6618,0.66185,0.66002,0.66122
2023-03-16 00:00:00,0.66141,0.66236,0.66112,0.66151
2023-03-16 01:00:00,0.66148,0.6623,0.66147,0.66177
2023-03-16 02:00:00,0.66173,0.66421,0.66134,0.66373
2023-03-16 03:00:00,0.66374,0.6643,0.66265,0.6633
2023-03-16 04:00:00,0.6633,0.66369,0.66253,0.6626
2023-03-16 05:00:00,0.66259,0.66297,0.66155,0.66293
2023-03-16 06:00:00,0.66293,0.66372,0.66256,0.66371
2023-03-16 07:00:00,0.66367,0.66464,0.66314,0.66406
2023-03-16 08:00:00,0.66407,0.66467,0.66322,0.66459
2023-03-16 09:00:00,0.6646,0.66607,0.6636,0.66585
2023-03-16 10:00:00,0.66585,0.66621,0.66477,0.66531
2023-03-16 11:00:00,0.66531,0.66553,0.66429,0.66449
2023-03-16 12:00:00,0.66449,0.66481,0.66359,0.66481
2023-03-16 13:00:00,0.66481,0.66538,0.66378,0.66486
2023-03-16 14:00:00,0.66488,0.66562,0.66379,0.66456
2023-03-16 15:00:00,0.66457,0.66556,0.66302,0.6649
2023-03-16 16:00:00,0.66489,0.66641,0.66326,0.66618
2023-03-16 17:00:00,0.66618,0.66683,0.66508,0.66515
2023-03-16 18:00:00,0.66515,0.66561,0.66388,0.66526
2023-03-16 19:00:00,0.66528,0.66571,0.66401,0.66427
2023-03-16 20:00:00,0.66427,0.66515,0.66393,0.66492
2023-03-16 21:00:00,0.66492,0.66597,0.66488,0.6657
2023-03-16 22:00:00,0.66571,0.66603,0.66543,0.6658
2023-03-16 23:00:00,0.66552,0.66597,0.66472,0.66532
2023-03-17 00:00:00,0.66516,0.66571,0.66487,0.66556
2023-03-17 01:00:00,0.66557,0.6666,0.66541,0.66633
2023-03-17 02:00:00,0.66633,0.66651,0.66543,0.66623
2023-03-17 03:00:00,0.66624,0.66918,0.66611,0.66827
2023-03-17 04:00:00,0.66826,0.66993,0.66817,0.66968
2023-03-17 05:00:00,0.66968,0.671,0.66919,0.67058
2023-03-17 06:00:00,0.67058,0.67155,0.67025,0.67149
2023-03-17 07:00:00,0.67148,0.67159,0.6706,0.67086
2023-03-17 08:00:00,0.67086,0.67145,0.67033,0.67143
2023-03-17 09:00:00,0.67143,0.6725,0.67085,0.67118
2023-03-17 10:00:00,0.67118,0.67168,0.67007,0.6701
2023-03-17 11:00:00,0.6701,0.67128,0.67004,0.67045
2023-03-17 12:00:00,0.67044,0.67086,0.66898,0.66943
2023-03-17 13:00:00,0.66944,0.66992,0.66879,0.66941
2023-03-17 14:00:00,0.66941,0.66976,0.66851,0.66898
2023-03-17 15:00:00,0.66898,0.66981,0.66809,0.66884
2023-03-17 16:00:00,0.66884,0.67044,0.66813,0.66888
2023-03-17 17:00:00,0.66888,0.66918,0.66735,0.66824
2023-03-17 18:00:00,0.66823,0.67015,0.66811,0.66949
2023-03-17 19:00:00,0.66949,0.6709,0.66935,0.67075
2023-03-17 20:00:00,0.67075,0.67139,0.67025,0.67119
2023-03-17 21:00:00,0.67122,0.67131,0.66956,0.66959
2023-03-17 22:00:00,0.66958,0.67001,0.66957,0.66987
2023-03-20 00:00:00,0.67139,0.67178,0.67035,0.67074
2023-03-20 01:00:00,0.67073,0.6715,0.6706,0.67126
2023-03-20 02:00:00,0.67126,0.67301,0.67126,0.67247
2023-03-20 03:00:00,0.67247,0.67259,0.66922,0.67006
2023-03-20 04:00:00,0.67004,0.67117,0.67004,0.67067
2023-03-20 05:00:00,0.67065,0.67065,0.66896,0.66933
2023-03-20 06:00:00,0.66932,0.6695,0.66802,0.66834
2023-03-20 07:00:00,0.66834,0.66926,0.66822,0.66905
2023-03-20 08:00:00,0.66905,0.66914,0.6673,0.66771
2023-03-20 09:00:00,0.6677,0.66903,0.66687,0.66897
2023-03-20 10:00:00,0.66898,0.66968,0.667,0.66859
2023-03-20 11:00:00,0.66862,0.66865,0.66659,0.66769
2023-03-20 12:00:00,0.66769,0.6699,0.66734,0.66964
2023-03-20 13:00:00,0.66964,0.66968,0.66883,0.66953
2023-03-20 14:00:00,0.66952,0.67049,0.66905,0.67006
2023-03-20 15:00:00,0.67006,0.67232,0.66965,0.67194
2023-03-20 16:00:00,0.67196,0.67268,0.67108,0.67193
2023-03-20 17:00:00,0.67193,0.67202,0.67071,0.67104
2023-03-20 18:00:00,0.67102,0.67194,0.67019,0.67184
2023-03-20 19:00:00,0.67182,0.67264,0.67133,0.67159
2023-03-20 20:00:00,0.6716,0.67197,0.67133,0.67155
2023-03-20 21:00:00,0.67156,0.67212,0.67153,0.67185
2023-03-20 22:00:00,0.67184,0.67199,0.67163,0.67189
2023-03-20 23:00:00,0.6717,0.67187,0.67135,0.67171
2023-03-21 00:00:00,0.67153,0.67209,0.6715,0.67203
2023-03-21 01:00:00,0.67203,0.67217,0.67092,0.67164
2023-03-21 02:00:00,0.67164,0.67264,0.67017,0.67017
2023-03-21 03:00:00,0.67018,0.67044,0.66901,0.66995
2023-03-21 04:00:00,0.66992,0.67037,0.66953,0.66993
2023-03-21 05:00:00,0.66993,0.66993,0.66908,0.66957
2023-03-21 06:00:00,0.66957,0.6696,0.66857,0.66904
2023-03-21 07:00:00,0.66904,0.66941,0.66871,0.66913
2023-03-21 08:00:00,0.66911,0.6693,0.66764,0.66836
2023-03-21 09:00:00,0.66835,0.66973,0.66808,0.66874
2023-03-21 10:00:00,0.66874,0.66931,0.66754,0.66755
2023-03-21 11:00:00,0.66756,0.66843,0.66729,0.66833
2023-03-21 12:00:00,0.66833,0.6685,0.66714,0.66813
2023-03-21 13:00:00,0.66812,0.66873,0.66778,0.66826
2023-03-21 14:00:00,0.66825,0.66889,0.66775,0.66837
2023-03-21 15:00:00,0.6684,0.66868,0.66749,0.66788
2023-03-21 16:00:00,0.66788,0.66806,0.66517,0.66584
2023-03-21 17:00:00,0.66586,0.66622,0.66497,0.66513
2023-03-21 18:00:00,0.66514,0.66568,0.66506,0.66553
2023-03-21 19:00:00,0.66554,0.66617,0.66541,0.66574
2023-03-21 20:00:00,0.66574,0.66654,0.6656,0.66645
2023-03-21 21:00:00,0.66646,0.66709,0.66639,0.66693
2023-03-21 22:00:00,0.66693,0.66712,0.66683,0.66689
2023-03-21 23:00:00,0.66689,0.66718,0.66625,0.66689
2023-03-22 00:00:00,0.66689,0.66726,0.66685,0.66721
2023-03-22 01:00:00,0.66721,0.66785,0.66701,0.66781
2023-03-22 02:00:00,0.66779,0.66783,0.66614,0.66758
2023-03-22 03:00:00,0.66755,0.66902,0.66741,0.6686
2023-03-22 04:00:00,0.6686,0.66885,0.66797,0.66818
2023-03-22 05:00:00,0.6682,0.66934,0.6678,0.66912
2023-03-22 06:00:00,0.66911,0.6696,0.6688,0.66937
2023-03-22 07:00:00,0.66937,0.66999,0.66915,0.66958
2023-03-22 08:00:00,0.66958,0.67008,0.66917,0.6697
2023-03-22 09:00:00,0.6697,0.67028,0.66914,0.66939
2023-03-22 10:00:00,0.66936,0.66957,0.66858,0.66907
2023-03-22 11:00:00,0.66907,0.66997,0.66883,0.66965
2023-03-22 12:00:00,0.66966,0.66994,0.66919,0.66972
2023-03-22 13:00:00,0.66972,0.66988,0.66836,0.66864
2023-03-22 14:00:00,0.66864,0.66894,0.66787,0.66819
2023-03-22 15:00:00,0.66818,0.66872,0.66711,0.66765
2023-03-22 16:00:00,0.66765,0.66862,0.66694,0.66845
2023-03-22 17:00:00,0.66844,0.66866,0.6674,0.66851
2023-03-22 18:00:00,0.66851,0.66899,0.66737,0.66763
2023-03-22 19:00:00,0.66763,0.66791,0.66706,0.66768
2023-03-22 20:00:00,0.66758,0.67589,0.66758,0.67276
2023-03-22 21:00:00,0.67275,0.67288,0.66852,0.66873
2023-03-22 22:00:00,0.66873,0.66899,0.66788,0.66846
2023-03-22 23:00:00,0.66816,0.66843,0.66744,0.66833
2023-03-23 00:00:00,0.66816,0.66967,0.66802,0.66899
2023-03-23 01:00:00,0.669,0.66992,0.66869,0.66974
2023-03-23 02:00:00,0.66974,0.67132,0.66952,0.67128
2023-03-23 03:00:00,0.67128,0.67182,0.67075,0.6714
2023-03-23 04:00:00,0.67139,0.6735,0.671,0.67293
2023-03-23 05:00:00,0.67293,0.67345,0.67261,0.67302
2023-03-23 06:00:00,0.67302,0.67425,0.67261,0.67415
2023-03-23 07:00:00,0.67416,0.67462,0.67349,0.67352
2023-03-23 08:00:00,0.67351,0.67445,0.67308,0.67364
2023-03-23 09:00:00,0.67364,0.67555,0.67332,0.67364
2023-03-23 10:00:00,0.67365,0.67397,0.67279,0.67335
2023-03-23 11:00:00,0.67334,0.67359,0.67197,0.67266
2023-03-23 12:00:00,0.67267,0.67271,0.67145,0.67168
2023-03-23 13:00:00,0.67167,0.67226,0.67152,0.67211
2023-03-23 14:00:00,0.6721,0.67256,0.66931,0.66951
2023-03-23 15:00:00,0.6695,0.67141,0.66915,0.67133
2023-03-23 16:00:00,0.67137,0.67232,0.6709,0.67182
2023-03-23 17:00:00,0.67183,0.67251,0.67154,0.67188
2023-03-23 18:00:00,0.67188,0.67248,0.6714,0.6716
2023-03-23 19:00:00,0.67159,0.67162,0.66976,0.6704
2023-03-23 20:00:00,0.67041,0.67062,0.66723,0.66787
2023-03-23 21:00:00,0.66787,0.66947,0.66696,0.66846
2023-03-23 22:00:00,0.66843,0.66876,0.6679,0.6687
2023-03-23 23:00:00,0.66826,0.66892,0.66787,0.66865
2023-03-24 00:00:00,0.66863,0.6687,0.66773,0.66815
2023-03-24 01:00:00,0.66815,0.66825,0.66783,0.66811
2023-03-24 02:00:00,0.66811,0.66822,0.66728,0.66804
2023-03-24 03:00:00,0.66804,0.66822,0.66595,0.66726
2023-03-24 04:00:00,0.66726,0.66787,0.66674,0.66682
2023-03-24 05:00:00,0.66683,0.66844,0.6666,0.66828
2023-03-24 06:00:00,0.66827,0.66872,0.66779,0.66871
2023-03-24 07:00:00,0.66871,0.66897,0.66827,0.66866
2023-03-24 08:00:00,0.66868,0.66917,0.66804,0.66869
2023-03-24 09:00:00,0.66869,0.66944,0.66849,0.66885
2023-03-24 10:00:00,0.66882,0.66887,0.66607,0.6668
2023-03-24 11:00:00,0.66679,0.66716,0.6641,0.66437
2023-03-24 12:00:00,0.66437,0.66465,0.66349,0.66366
2023-03-24 13:00:00,0.66367,0.66392,0.66251,0.66365
2023-03-24 14:00:00,0.66364,0.66403,0.66273,0.66383
2023-03-24 15:00:00,0.66386,0.6648,0.66299,0.66399
2023-03-24 16:00:00,0.66399,0.665,0.66381,0.66432
2023-03-24 17:00:00,0.66431,0.66501,0.66328,0.6642
2023-03-24 18:00:00,0.6642,0.66465,0.66375,0.6642
2023-03-24 19:00:00,0.6642,0.66478,0.66393,0.66449
2023-03-24 20:00:00,0.66449,0.66511,0.66396,0.66475
2023-03-24 21:00:00,0.66475,0.66528,0.66444,0.6648
2023-03-24 22:00:00,0.6648,0.665,0.66434,0.66437
2023-03-27 00:00:00,0.66487,0.6653,0.66351,0.66354
2023-03-27 01:00:00,0.66362,0.66555,0.66362,0.66516
2023-03-27 02:00:00,0.66517,0.66586,0.66495,0.66549
2023-03-27 03:00:00,0.66549,0.66555,0.66372,0.6643
2023-03-27 04:00:00,0.6643,0.66512,0.66386,0.66453
2023-03-27 05:00:00,0.66452,0.66509,0.66452,0.66502
2023-03-27 06:00:00,0.66501,0.66621,0.66489,0.66575
2023-03-27 07:00:00,0.66576,0.66607,0.66477,0.66501
2023-03-27 08:00:00,0.66502,0.66545,0.66464,0.66511
2023-03-27 09:00:00,0.66511,0.66651,0.66437,0.66636
2023-03-27 10:00:00,0.66636,0.66659,0.6635,0.66405
2023-03-27 11:00:00,0.66404,0.66528,0.66389,0.66484
2023-03-27 12:00:00,0.66482,0.66528,0.66422,0.66426
2023-03-27 13:00:00,0.66423,0.66492,0.6636,0.66369
2023-03-27 14:00:00,0.66371,0.66535,0.66361,0.66496
2023-03-27 15:00:00,0.66496,0.66522,0.6634,0.66355
2023-03-27 16:00:00,0.66356,0.66565,0.66348,0.6652
2023-03-27 17:00:00,0.66523,0.66542,0.66401,0.66412
2023-03-27 18:00:00,0.66412,0.66447,0.66385,0.66421
2023-03-27 19:00:00,0.66421,0.66493,0.66412,0.66434
2023-03-27 20:00:00,0.66435,0.6647,0.66397,0.66435
2023-03-27 21:00:00,0.66434,0.66485,0.66387,0.66479
2023-03-27 22:00:00,0.6648,0.66505,0.66443,0.66492
2023-03-27 23:00:00,0.66493,0.66507,0.66479,0.66494
2023-03-28 00:00:00,0.66486,0.66498,0.66441,0.66476
2023-03-28 01:00:00,0.6647,0.66546,0.66469,0.66533
2023-03-28 02:00:00,0.66533,0.66612,0.6652,0.66593
2023-03-28 03:00:00,0.66593,0.66796,0.66542,0.66726
2023-03-28 04:00:00,0.66726,0.66825,0.66713,0.66799
2023-03-28 05:00:00,0.66799,0.66901,0.66768,0.66867
2023-03-28 06:00:00,0.66867,0.66949,0.66867,0.66916
2023-03-28 07:00:00,0.66916,0.66943,0.66871,0.66886
2023-03-28 08:00:00,0.66886,0.66935,0.66847,0.66848
2023-03-28 09:00:00,0.66847,0.66904,0.66837,0.66866
2023-03-28 10:00:00,0.66865,0.66922,0.66804,0.66814
2023-03-28 11:00:00,0.66814,0.66837,0.66704,0.66719
2023-03-28 12:00:00,0.66718,0.66759,0.66691,0.66731
2023-03-28 13:00:00,0.6673,0.66779,0.66687,0.6675
2023-03-28 14:00:00,0.6675,0.66837,0.66724,0.66806
2023-03-28 15:00:00,0.66805,0.66867,0.66735,0.66772
2023-03-28 16:00:00,0.66772,0.66856,0.66739,0.66784
2023-03-28 17:00:00,0.66793,0.67026,0.66751,0.66979
2023-03-28 18:00:00,0.6698,0.67102,0.66969,0.67077
2023-03-28 19:00:00,0.67077,0.67098,0.67034,0.67093
2023-03-28 20:00:00,0.67094,0.67102,0.67006,0.67006
2023-03-28 21:00:00,0.67006,0.67038,0.66963,0.67022
2023-03-28 22:00:00,0.67022,0.67081,0.67017,0.67058
2023-03-28 23:00:00,0.67059,0.6708,0.67055,0.67063
2023-03-29 00:00:00,0.67072,0.6708,0.67017,0.67053
2023-03-29 01:00:00,0.67052,0.67097,0.6704,0.67044
2023-03-29 02:00:00,0.67044,0.67086,0.67001,0.67061
2023-03-29 03:00:00,0.67064,0.67133,0.66871,0.66986
2023-03-29 04:00:00,0.66987,0.67013,0.6692,0.66974
2023-03-29 05:00:00,0.66974,0.6703,0.66932,0.67008
2023-03-29 06:00:00,0.67009,0.67016,0.66941,0.66974
2023-03-29 07:00:00,0.66975,0.67036,0.66936,0.6702
2023-03-29 08:00:00,0.67021,0.67038,0.66864,0.66865
2023-03-29 09:00:00,0.66865,0.66865,0.66735,0.66795
2023-03-29 10:00:00,0.66795,0.66796,0.66707,0.66725
2023-03-29 11:00:00,0.66724,0.66731,0.66615,0.6667
2023-03-29 12:00:00,0.66669,0.66826,0.66649,0.668
2023-03-29 13:00:00,0.66801,0.66802,0.66734,0.66775
2023-03-29 14:00:00,0.66775,0.66844,0.6674,0.66766
2023-03-29 15:00:00,0.66765,0.66783,0.6669,0.6676
2023-03-29 16:00:00,0.6676,0.66903,0.6665,0.66877
2023-03-29 17:00:00,0.66878,0.67042,0.66809,0.66842
2023-03-29 18:00:00,0.66841,0.66914,0.66776,0.66789
2023-03-29 19:00:00,0.6679,0.66849,0.66776,0.66786
2023-03-29 20:00:00,0.66786,0.66838,0.66764,0.66838
2023-03-29 21:00:00,0.66838,0.66838,0.66771,0.6679
2023-03-29 22:00:00,0.66791,0.66825,0.6675,0.668
2023-03-29 23:00:00,0.668,0.66853,0.66781,0.66845
2023-03-30 00:00:00,0.66832,0.66848,0.66691,0.66826
2023-03-30 01:00:00,0.66826,0.6687,0.6682,0.66857
2023-03-30 02:00:00,0.66859,0.66871,0.668,0.66814
2023-03-30 03:00:00,0.66813,0.6682,0.66713,0.66749
2023-03-30 04:00:00,0.66749,0.66754,0.66615,0.66717
2023-03-30 05:00:00,0.66716,0.66788,0.66698,0.66712
2023-03-30 06:00:00,0.66713,0.66835,0.6671,0.66795
2023-03-30 07:00:00,0.66795,0.66878,0.66776,0.66859
2023-03-30 08:00:00,0.66863,0.67002,0.66859,0.67
2023-03-30 09:00:00,0.66999,0.6711,0.66969,0.67076
2023-03-30 10:00:00,0.67075,0.67153,0.67042,0.67123
2023-03-30 11:00:00,0.67123,0.67184,0.67034,0.67109
2023-03-30 12:00:00,0.67109,0.67122,0.66962,0.66969
2023-03-30 13:00:00,0.66969,0.67007,0.66937,0.66966
2023-03-30 14:00:00,0.66965,0.66995,0.66931,0.66976
2023-03-30 15:00:00,0.66976,0.6704,0.66879,0.66977
2023-03-30 16:00:00,0.66977,0.67105,0.6695,0.67071
2023-03-30 17:00:00,0.67066,0.67088,0.66892,0.67054
2023-03-30 18:00:00,0.67054,0.67076,0.66972,0.67002
2023-03-30 19:00:00,0.67003,0.67075,0.66979,0.67063
2023-03-30 20:00:00,0.67063,0.67066,0.66987,0.67004
2023-03-30 21:00:00,0.67004,0.67089,0.66967,0.67086
2023-03-30 22:00:00,0.67087,0.67122,0.6706,0.67111
2023-03-30 23:00:00,0.6711,0.67126,0.67097,0.67114
2023-03-31 00:00:00,0.67107,0.67126,0.67024,0.6712
2023-03-31 01:00:00,0.67119,0.67119,0.67075,0.67076
2023-03-31 02:00:00,0.67077,0.67187,0.67068,0.67156
2023-03-31 03:00:00,0.67155,0.6726,0.67138,0.67196
2023-03-31 04:00:00,0.67196,0.6738,0.67161,0.67238
2023-03-31 05:00:00,0.67238,0.67283,0.67208,0.67239
2023-03-31 06:00:00,0.67239,0.67241,0.67152,0.67192
2023-03-31 07:00:00,0.67192,0.67213,0.67087,0.67108
2023-03-31 08:00:00,0.67108,0.67165,0.67092,0.67146
2023-03-31 09:00:00,0.67144,0.67158,0.67006,0.67054
2023-03-31 10:00:00,0.67055,0.67084,0.66743,0.668
2023-03-31 11:00:00,0.668,0.66896,0.66704,0.66875
2023-03-31 12:00:00,0.6687,0.66987,0.66839,0.66954
2023-03-31 13:00:00,0.66953,0.66989,0.66896,0.66907
2023-03-31 14:00:00,0.66907,0.66923,0.66851,0.66858
2023-03-31 15:00:00,0.66858,0.67016,0.66823,0.66993
2023-03-31 16:00:00,0.66994,0.67185,0.6697,0.67064
2023-03-31 17:00:00,0.67075,0.67149,0.66772,0.66961
2023-03-31 18:00:00,0.66961,0.67078,0.66929,0.67035
2023-03-31 19:00:00,0.67035,0.67035,0.66947,0.66994
2023-03-31 20:00:00,0.66993,0.66997,0.66783,0.66808
2023-03-31 21:00:00,0.66808,0.66863,0.66783,0.66821
2023-03-31 22:00:00,0.66823,0.66884,0.66812,0.66849
2023-03-31 23:00:00,0.66851,0.66864,0.66799,0.66857
2023-04-03 00:00:00,0.66813,0.66861,0.66751,0.66805
2023-04-03 01:00:00,0.66805,0.66844,0.66724,0.66794
2023-04-03 02:00:00,0.66795,0.66797,0.66555,0.66584
2023-04-03 03:00:00,0.66584,0.6669,0.66511,0.66668
2023-04-03 04:00:00,0.66667,0.66824,0.66635,0.66787
2023-04-03 05:00:00,0.66788,0.66808,0.66665,0.66671
2023-04-03 06:00:00,0.6667,0.66714,0.6662,0.66631
2023-04-03 07:00:00,0.66629,0.66692,0.66621,0.66664
2023-04-03 08:00:00,0.66665,0.66696,0.66591,0.66634
2023-04-03 09:00:00,0.66634,0.66789,0.66576,0.66789
2023-04-03 10:00:00,0.66789,0.66971,0.66775,0.66959
2023-04-03 11:00:00,0.66959,0.67009,0.66915,0.6699
2023-04-03 12:00:00,0.6699,0.67142,0.6699,0.67123
2023-04-03 13:00:00,0.67124,0.6727,0.67124,0.67263
2023-04-03 14:00:00,0.67262,0.67628,0.67253,0.67626
2023-04-03 15:00:00,0.67626,0.67671,0.67552,0.67626
2023-04-03 16:00:00,0.67626,0.67763,0.67589,0.67659
2023-04-03 17:00:00,0.6766,0.67878,0.6766,0.67819
2023-04-03 18:00:00,0.67819,0.67868,0.6771,0.67827
2023-04-03 19:00:00,0.67827,0.67899,0.67814,0.67861
2023-04-03 20:00:00,0.67861,0.67861,0.67735,0.67788
2023-04-03 21:00:00,0.67788,0.67857,0.67747,0.67854
2023-04-03 22:00:00,0.67854,0.67899,0.67829,0.67889
2023-04-03 23:00:00,0.6789,0.679,0.67841,0.67859
2023-04-04 00:00:00,0.67847,0.67847,0.67706,0.67819
2023-04-04 01:00:00,0.67819,0.67868,0.67816,0.67859
2023-04-04 02:00:00,0.67857,0.67934,0.67857,0.67862
2023-04-04 03:00:00,0.67862,0.67933,0.67853,0.67864
2023-04-04 04:00:00,0.67864,0.67874,0.67771,0.67783
2023-04-04 05:00:00,0.67782,0.67807,0.67734,0.67765
2023-04-04 06:00:00,0.67764,0.67809,0.67747,0.67796
2023-04-04 07:00:00,0.67796,0.67884,0.67583,0.67614
2023-04-04 08:00:00,0.67614,0.67697,0.67576,0.67649
2023-04-04 09:00:00,0.6765,0.67718,0.67531,0.67674
2023-04-04 10:00:00,0.67675,0.677,0.67421,0.67557
2023-04-04 11:00:00,0.67557,0.67593,0.67351,0.67444
2023-04-04 12:00:00,0.67444,0.67596,0.67423,0.67566
2023-04-04 13:00:00,0.67565,0.67581,0.67473,0.67566
2023-04-04 14:00:00,0.67565,0.67565,0.67455,0.67498
2023-04-04 15:00:00,0.67497,0.67509,0.67206,0.67239
2023-04-04 16:00:00,0.67239,0.67401,0.67215,0.6731
2023-04-04 17:00:00,0.67302,0.67595,0.67302,0.67498
2023-04-04 18:00:00,0.67498,0.67507,0.67347,0.67424
2023-04-04 19:00:00,0.67423,0.67433,0.67335,0.67376
2023-04-04 20:00:00,0.67377,0.67469,0.67358,0.67413
2023-04-04 21:00:00,0.6741,0.67438,0.67379,0.67406
2023-04-04 22:00:00,0.67408,0.67507,0.67391,0.67507
2023-04-04 23:00:00,0.67504,0.67536,0.67497,0.67527
2023-04-05 00:00:00,0.67502,0.67534,0.67498,0.67513
2023-04-05 01:00:00,0.67517,0.67592,0.67513,0.67542
2023-04-05 02:00:00,0.67542,0.67604,0.6754,0.67599
2023-04-05 03:00:00,0.67598,0.67673,0.67564,0.67584
2023-04-05 04:00:00,0.67584,0.67666,0.67535,0.67543
2023-04-05 05:00:00,0.67543,0.67798,0.67543,0.67657
2023-04-05 06:00:00,0.67657,0.67662,0.67499,0.67545
2023-04-05 07:00:00,0.67546,0.67547,0.67427,0.67448
2023-04-05 08:00:00,0.67447,0.67473,0.67306,0.67361
2023-04-05 09:00:00,0.67361,0.67383,0.6722,0.67223
2023-04-05 10:00:00,0.67223,0.67335,0.67085,0.67109
2023-04-05 11:00:00,0.6711,0.67122,0.66944,0.66979
2023-04-05 12:00:00,0.66979,0.67026,0.66799,0.66893
2023-04-05 13:00:00,0.66893,0.66901,0.6681,0.66865
2023-04-05 14:00:00,0.66863,0.67008,0.6677,0.66974
2023-04-05 15:00:00,0.66975,0.67171,0.66975,0.67103
2023-04-05 16:00:00,0.67103,0.67161,0.67049,0.67085
2023-04-05 17:00:00,0.67198,0.67303,0.66998,0.67105
2023-04-05 18:00:00,0.67105,0.67292,0.67095,0.67274
2023-04-05 19:00:00,0.67275,0.67285,0.67059,0.67091
2023-04-05 20:00:00,0.67088,0.67168,0.67038,0.67164
2023-04-05 21:00:00,0.67165,0.67234,0.67153,0.67224
2023-04-05 22:00:00,0.67224,0.67228,0.67181,0.672
2023-04-05 23:00:00,0.672,0.67218,0.67179,0.67214
2023-04-06 00:00:00,0.67198,0.67219,0.67137,0.67209
2023-04-06 01:00:00,0.67208,0.67254,0.67205,0.67247
2023-04-06 02:00:00,0.67242,0.67247,0.67162,0.67163
2023-04-06 03:00:00,0.67162,0.67197,0.6706,0.67073
2023-04-06 04:00:00,0.67073,0.67081,0.66981,0.67025
2023-04-06 05:00:00,0.67025,0.67042,0.66952,0.6699
2023-04-06 06:00:00,0.66991,0.67032,0.66959,0.66999
2023-04-06 07:00:00,0.66999,0.67002,0.66941,0.66962
2023-04-06 08:00:00,0.66962,0.66962,0.66873,0.66939
2023-04-06 09:00:00,0.66939,0.67087,0.66919,0.67055
2023-04-06 10:00:00,0.67054,0.67096,0.66988,0.67082
2023-04-06 11:00:00,0.67081,0.67087,0.66956,0.66994
2023-04-06 12:00:00,0.66993,0.67027,0.66951,0.66974
2023-04-06 13:00:00,0.66974,0.66974,0.66897,0.66927
2023-04-06 14:00:00,0.66927,0.66943,0.66864,0.66942
2023-04-06 15:00:00,0.66942,0.67017,0.66679,0.66704
2023-04-06 16:00:00,0.66704,0.66708,0.66531,0.66561
2023-04-06 17:00:00,0.66562,0.6668,0.66537,0.66663
2023-04-06 18:00:00,0.66663,0.66734,0.66629,0.6673
2023-04-06 19:00:00,0.6673,0.66832,0.66726,0.66784
2023-04-06 20:00:00,0.66784,0.66824,0.66772,0.66791
2023-04-06 21:00:00,0.66791,0.66822,0.66745,0.66799
2023-04-06 22:00:00,0.66799,0.668,0.66721,0.66722
2023-04-06 23:00:00,0.66723,0.66726,0.66691,0.66715
2023-04-07 00:00:00,0.66707,0.66717,0.6667,0.66696
2023-04-07 01:00:00,0.66697,0.66721,0.66696,0.66703
2023-04-07 02:00:00,0.66702,0.66752,0.66671,0.66744
2023-04-07 03:00:00,0.66745,0.66761,0.66719,0.66735
2023-04-07 04:00:00,0.66734,0.66822,0.66729,0.66794
2023-04-07 05:00:00,0.66793,0.66836,0.66779,0.66816
2023-04-07 06:00:00,0.66818,0.66824,0.6679,0.66812
2023-04-07 07:00:00,0.66813,0.6686,0.66809,0.66849
2023-04-07 08:00:00,0.66848,0.66914,0.66833,0.66853
2023-04-07 09:00:00,0.66853,0.6688,0.66803,0.66813
2023-04-07 10:00:00,0.66814,0.66855,0.6679,0.66812
2023-04-07 11:00:00,0.66813,0.66813,0.66765,0.66785
2023-04-07 12:00:00,0.66781,0.66855,0.66765,0.66838
2023-04-07 13:00:00,0.66836,0.66863,0.66809,0.66814
2023-04-07 14:00:00,0.66813,0.66815,0.66744,0.66761
2023-04-07 15:00:00,0.66761,0.66782,0.66408,0.66731
2023-04-07 16:00:00,0.66732,0.66781,0.66659,0.66681
2023-04-07 17:00:00,0.66684,0.66707,0.66599,0.66647
2023-04-07 18:00:00,0.66647,0.66675,0.66618,0.6665
2023-04-07 19:00:00,0.6665,0.66723,0.66597,0.66645
2023-04-07 20:00:00,0.66648,0.66724,0.66582,0.66689
2023-04-07 21:00:00,0.66666,0.66747,0.66621,0.66719
2023-04-07 22:00:00,0.66723,0.6675,0.66581,0.66667
2023-04-07 23:00:00,0.66668,0.66716,0.66564,0.66654
2023-04-10 00:00:00,0.66609,0.66616,0.66553,0.66603
2023-04-10 01:00:00,0.66599,0.66722,0.66583,0.66706
2023-04-10 02:00:00,0.66707,0.66743,0.66684,0.6673
2023-04-10 03:00:00,0.6673,0.66746,0.66591,0.66593
2023-04-10 04:00:00,0.66593,0.6666,0.6657,0.66631
2023-04-10 05:00:00,0.66629,0.66644,0.6659,0.66604
2023-04-10 06:00:00,0.66603,0.66633,0.6659,0.66622
2023-04-10 07:00:00,0.66622,0.66659,0.66599,0.66601
2023-04-10 08:00:00,0.66601,0.66601,0.66527,0.66591
2023-04-10 09:00:00,0.66591,0.66701,0.66553,0.66691
2023-04-10 10:00:00,0.66691,0.66739,0.66651,0.66703
2023-04-10 11:00:00,0.66704,0.66728,0.66657,0.66684
2023-04-10 12:00:00,0.66684,0.66803,0.66658,0.6676
2023-04-10 13:00:00,0.66761,0.66772,0.66686,0.66691
2023-04-10 14:00:00,0.66691,0.66729,0.6656,0.66583
2023-04-10 15:00:00,0.66583,0.66593,0.66224,0.66237
2023-04-10 16:00:00,0.66237,0.66283,0.66204,0.66234
2023-04-10 17:00:00,0.66233,0.66278,0.66194,0.66258
2023-04-10 18:00:00,0.66259,0.66328,0.66236,0.66249
2023-04-10 19:00:00,0.66249,0.66352,0.66231,0.66336
2023-04-10 20:00:00,0.66336,0.66407,0.66328,0.66404
2023-04-10 21:00:00,0.66405,0.66409,0.66363,0.66397
2023-04-10 22:00:00,0.66397,0.66428,0.66366,0.66426
2023-04-10 23:00:00,0.66425,0.66432,0.66405,0.6642
2023-04-11 00:00:00,0.66403,0.66403,0.66198,0.66389
2023-04-11 01:00:00,0.66389,0.66471,0.66378,0.66447
2023-04-11 02:00:00,0.66448,0.66502,0.66441,0.66482
2023-04-11 03:00:00,0.66482,0.66573,0.66467,0.66565
2023-04-11 04:00:00,0.66565,0.66573,0.66434,0.66551
2023-04-11 05:00:00,0.66551,0.6673,0.66543,0.6666
2023-04-11 06:00:00,0.66661,0.66738,0.66652,0.66681
2023-04-11 07:00:00,0.66681,0.66744,0.66663,0.66682
2023-04-11 08:00:00,0.66682,0.66781,0.66673,0.66767
2023-04-11 09:00:00,0.66762,0.66798,0.66679,0.66682
2023-04-11 10:00:00,0.66684,0.66757,0.66626,0.66651
2023-04-11 11:00:00,0.66651,0.66738,0.66632,0.66689
2023-04-11 12:00:00,0.66688,0.6672,0.66559,0.66606
2023-04-11 13:00:00,0.66605,0.6663,0.66507,0.666
2023-04-11 14:00:00,0.666,0.66615,0.66507,0.6654
2023-04-11 15:00:00,0.66539,0.66607,0.66531,0.66567
2023-04-11 16:00:00,0.66567,0.6665,0.66489,0.66613
2023-04-11 17:00:00,0.66616,0.667,0.66513,0.66536
2023-04-11 18:00:00,0.66536,0.66574,0.66463,0.66477
2023-04-11 19:00:00,0.66479,0.66505,0.66455,0.66466
2023-04-11 20:00:00,0.66465,0.66534,0.66453,0.66526
2023-04-11 21:00:00,0.66527,0.66539,0.66496,0.66512
2023-04-11 22:00:00,0.66513,0.6657,0.66512,0.66526
2023-04-11 23:00:00,0.66526,0.66549,0.66516,0.66538
2023-04-12 00:00:00,0.66524,0.66538,0.66451,0.66508
2023-04-12 01:00:00,0.66508,0.66542,0.66482,0.66534
2023-04-12 02:00:00,0.66533,0.66542,0.66495,0.66532
2023-04-12 03:00:00,0.66533,0.66609,0.66507,0.6657
2023-04-12 04:00:00,0.66569,0.66633,0.66547,0.6663
2023-04-12 05:00:00,0.66629,0.6665,0.66527,0.66553
2023-04-12 06:00:00,0.66553,0.66653,0.66532,0.66648
2023-04-12 07:00:00,0.66648,0.66769,0.66641,0.66745
2023-04-12 08:00:00,0.66746,0.66755,0.66685,0.66703
2023-04-12 09:00:00,0.667,0.667,0.66527,0.66542
2023-04-12 10:00:00,0.6654,0.66637,0.66509,0.66618
2023-04-12 11:00:00,0.66618,0.66639,0.66541,0.6659
2023-04-12 12:00:00,0.6659,0.66688,0.66542,0.66687
2023-04-12 13:00:00,0.66687,0.66786,0.66666,0.66712
2023-04-12 14:00:00,0.66712,0.66748,0.66662,0.66735
2023-04-12 15:00:00,0.66735,0.67235,0.66654,0.67062
2023-04-12 16:00:00,0.67061,0.67158,0.66872,0.66977
2023-04-12 17:00:00,0.66979,0.67082,0.66833,0.66885
2023-04-12 18:00:00,0.66886,0.66911,0.66759,0.6687
2023-04-12 19:00:00,0.6687,0.66995,0.66859,0.66982
2023-04-12 20:00:00,0.66982,0.6701,0.6694,0.66941
2023-04-12 21:00:00,0.66941,0.67045,0.66915,0.66979
2023-04-12 22:00:00,0.66976,0.67006,0.66884,0.66925
2023-04-12 23:00:00,0.66926,0.66942,0.66904,0.66931
2023-04-13 00:00:00,0.66918,0.66948,0.66841,0.66916
2023-04-13 01:00:00,0.669,0.66977,0.66891,0.66977
2023-04-13 02:00:00,0.66975,0.66996,0.66951,0.66967
2023-04-13 03:00:00,0.66969,0.66979,0.66863,0.66916
2023-04-13 04:00:00,0.66916,0.67209,0.66854,0.6716
2023-04-13 05:00:00,0.67157,0.67192,0.67056,0.67131
2023-04-13 06:00:00,0.67131,0.67154,0.6706,0.67097
2023-04-13 07:00:00,0.67095,0.67127,0.67068,0.67108
2023-04-13 08:00:00,0.67108,0.67116,0.66995,0.67015
2023-04-13 09:00:00,0.67016,0.67198,0.66955,0.6713
2023-04-13 10:00:00,0.6713,0.67287,0.67096,0.67235
2023-04-13 11:00:00,0.67235,0.6736,0.67222,0.67234
2023-04-13 12:00:00,0.67233,0.67321,0.67215,0.67295
2023-04-13 13:00:00,0.67294,0.67341,0.67249,0.67296
2023-04-13 14:00:00,0.67295,0.67433,0.67288,0.67362
2023-04-13 15:00:00,0.67362,0.67627,0.67329,0.67564
2023-04-13 16:00:00,0.67564,0.67724,0.67529,0.6768
2023-04-13 17:00:00,0.6768,0.67716,0.67565,0.67673
2023-04-13 18:00:00,0.67673,0.67797,0.67661,0.67779
2023-04-13 19:00:00,0.67779,0.67869,0.67746,0.67863
2023-04-13 20:00:00,0.67864,0.67967,0.67859,0.67924
2023-04-13 21:00:00,0.67924,0.67947,0.67874,0.67891
2023-04-13 22:00:00,0.67891,0.67891,0.67853,0.67861
2023-04-13 23:00:00,0.6786,0.67893,0.67832,0.67839
2023-04-14 00:00:00,0.67819,0.67831,0.67781,0.67815
2023-04-14 01:00:00,0.67813,0.6786,0.67809,0.67834
2023-04-14 02:00:00,0.67834,0.67857,0.67815,0.67838
2023-04-14 03:00:00,0.67839,0.67924,0.67787,0.67832
2023-04-14 04:00:00,0.67833,0.67907,0.67827,0.67899
2023-04-14 05:00:00,0.67899,0.67936,0.67811,0.67832
2023-04-14 06:00:00,0.67832,0.679,0.67795,0.67849
2023-04-14 07:00:00,0.6785,0.6788,0.67762,0.67825
2023-04-14 08:00:00,0.67825,0.6783,0.67754,0.67827
2023-04-14 09:00:00,0.67827,0.6783,0.67704,0.67732
2023-04-14 10:00:00,0.67731,0.67797,0.6767,0.67772
2023-04-14 11:00:00,0.67773,0.67783,0.67626,0.67649
2023-04-14 12:00:00,0.6765,0.67759,0.67646,0.67734
2023-04-14 13:00:00,0.67733,0.67808,0.67726,0.67802
2023-04-14 14:00:00,0.67802,0.67803,0.6768,0.67738
2023-04-14 15:00:00,0.67739,0.68057,0.67526,0.67649
2023-04-14 16:00:00,0.67646,0.67679,0.67559,0.67647
2023-04-14 17:00:00,0.67647,0.67647,0.67133,0.67165
2023-04-14 18:00:00,0.67166,0.67194,0.66958,0.67012
2023-04-14 19:00:00,0.67013,0.67057,0.6695,0.66977
2023-04-14 20:00:00,0.66977,0.67076,0.66973,0.66981
2023-04-14 21:00:00,0.66981,0.67064,0.66981,0.6706
2023-04-14 22:00:00,0.6706,0.67077,0.6701,0.67073
2023-04-14 23:00:00,0.67071,0.67101,0.67064,0.67097
2023-04-17 00:00:00,0.66985,0.6707,0.6695,0.67026
2023-04-17 01:00:00,0.67027,0.67082,0.67026,0.67054
2023-04-17 02:00:00,0.67054,0.67081,0.67026,0.67055
2023-04-17 03:00:00,0.67055,0.67131,0.66945,0.66945
2023-04-17 04:00:00,0.66946,0.67093,0.66906,0.67053
2023-04-17 05:00:00,0.67052,0.67128,0.67043,0.67088
2023-04-17 06:00:00,0.67088,0.67092,0.67051,0.67079
2023-04-17 07:00:00,0.67079,0.67097,0.67054,0.67086
2023-04-17 08:00:00,0.67086,0.67151,0.67072,0.67114
2023-04-17 09:00:00,0.67114,0.67158,0.67091,0.67145
2023-04-17 10:00:00,0.67146,0.67192,0.67036,0.67045
2023-04-17 11:00:00,0.67045,0.67061,0.6692,0.66981
2023-04-17 12:00:00,0.6698,0.67044,0.66957,0.67021
2023-04-17 13:00:00,0.67021,0.67093,0.66997,0.67088
2023-04-17 14:00:00,0.67089,0.67117,0.67056,0.67088
2023-04-17 15:00:00,0.67088,0.67154,0.66916,0.66928
2023-04-17 16:00:00,0.66927,0.67041,0.66865,0.66878
2023-04-17 17:00:00,0.66879,0.66933,0.66809,0.66907
2023-04-17 18:00:00,0.66907,0.66954,0.66873,0.66915
2023-04-17 19:00:00,0.66915,0.66945,0.66892,0.66934
2023-04-17 20:00:00,0.66933,0.66998,0.6693,0.66954
2023-04-17 21:00:00,0.66954,0.67021,0.66926,0.67007
2023-04-17 22:00:00,0.67007,0.67055,0.66999,0.67049
2023-04-17 23:00:00,0.67047,0.67063,0.67014,0.6702
2023-04-18 00:00:00,0.67001,0.67026,0.66902,0.67024
2023-04-18 01:00:00,0.67025,0.67033,0.6699,0.67004
2023-04-18 02:00:00,0.67002,0.67032,0.66983,0.66985
2023-04-18 03:00:00,0.66985,0.67029,0.66975,0.67007
2023-04-18 04:00:00,0.67008,0.67134,0.66981,0.67098
2023-04-18 05:00:00,0.67116,0.67211,0.67069,0.67184
2023-04-18 06:00:00,0.67184,0.67248,0.67135,0.67136
2023-04-18 07:00:00,0.67136,0.67184,0.6712,0.6717
2023-04-18 08:00:00,0.67169,0.67349,0.67158,0.67341
2023-04-18 09:00:00,0.67335,0.67376,0.67248,0.67321
2023-04-18 10:00:00,0.67322,0.67358,0.67275,0.67298
2023-04-18 11:00:00,0.67299,0.67403,0.67292,0.67369
2023-04-18 12:00:00,0.6737,0.67448,0.67346,0.67385
2023-04-18 13:00:00,0.67385,0.67441,0.67334,0.67409
2023-04-18 14:00:00,0.67411,0.6743,0.67352,0.67381
2023-04-18 15:00:00,0.67381,0.67475,0.67284,0.67294
2023-04-18 16:00:00,0.67295,0.67354,0.67217,0.67269
2023-04-18 17:00:00,0.67269,0.6737,0.67219,0.67341
2023-04-18 18:00:00,0.67341,0.67347,0.6718,0.6718
2023-04-18 19:00:00,0.67181,0.67301,0.6717,0.67298
2023-04-18 20:00:00,0.67298,0.67303,0.67261,0.67273
2023-04-18 21:00:00,0.67273,0.67302,0.67229,0.67272
2023-04-18 22:00:00,0.67271,0.67298,0.67266,0.67282
2023-04-18 23:00:00,0.67281,0.67293,0.6726,0.67277
2023-04-19 00:00:00,0.67266,0.6729,0.67157,0.67267
2023-04-19 01:00:00,0.67269,0.67306,0.67263,0.67301
2023-04-19 02:00:00,0.673,0.6738,0.67294,0.67355
2023-04-19 03:00:00,0.67355,0.67402,0.67351,0.67375
2023-04-19 04:00:00,0.67375,0.67414,0.6724,0.67255
2023-04-19 05:00:00,0.67254,0.67285,0.67157,0.67278
2023-04-19 06:00:00,0.67277,0.67315,0.67246,0.67308
2023-04-19 07:00:00,0.67307,0.67338,0.67298,0.6731
2023-04-19 08:00:00,0.67309,0.67325,0.67225,0.67251
2023-04-19 09:00:00,0.6725,0.673,0.67076,0.67166
2023-04-19 10:00:00,0.67166,0.67272,0.67112,0.67168
2023-04-19 11:00:00,0.67168,0.67168,0.67042,0.67064
2023-04-19 12:00:00,0.67064,0.67094,0.66901,0.66979
2023-04-19 13:00:00,0.66979,0.67034,0.66921,0.6701
2023-04-19 14:00:00,0.6701,0.67067,0.6694,0.67051
2023-04-19 15:00:00,0.67051,0.67216,0.67021,0.67185
2023-04-19 16:00:00,0.67187,0.67266,0.67179,0.67201
2023-04-19 17:00:00,0.67198,0.67355,0.67198,0.67204
2023-04-19 18:00:00,0.67204,0.67254,0.67157,0.67165
2023-04-19 19:00:00,0.67166,0.6724,0.67142,0.67228
2023-04-19 20:00:00,0.67228,0.67242,0.67162,0.6717
2023-04-19 21:00:00,0.6717,0.67215,0.67131,0.67151
2023-04-19 22:00:00,0.67151,0.67168,0.67131,0.67149
2023-04-19 23:00:00,0.67149,0.67155,0.67123,0.67135
2023-04-20 00:00:00,0.67129,0.6715,0.67097,0.67139
2023-04-20 01:00:00,0.6714,0.67153,0.67048,0.6708
2023-04-20 02:00:00,0.67081,0.67091,0.67002,0.67052
2023-04-20 03:00:00,0.67052,0.67095,0.67038,0.67048
2023-04-20 04:00:00,0.67048,0.67099,0.6697,0.6706
2023-04-20 05:00:00,0.67061,0.67099,0.67016,0.67051
2023-04-20 06:00:00,0.67051,0.67077,0.66987,0.67046
2023-04-20 07:00:00,0.67047,0.67066,0.67006,0.67043
2023-04-20 08:00:00,0.67043,0.67152,0.67036,0.67143
2023-04-20 09:00:00,0.6714,0.67268,0.6714,0.67208
2023-04-20 10:00:00,0.67208,0.6723,0.67072,0.67103
2023-04-20 11:00:00,0.67103,0.67202,0.67078,0.67097
2023-04-20 12:00:00,0.67096,0.67203,0.6699,0.6718
2023-04-20 13:00:00,0.6718,0.67363,0.67172,0.67358
2023-04-20 14:00:00,0.67358,0.67378,0.67203,0.67207
2023-04-20 15:00:00,0.67207,0.67513,0.67115,0.6749
2023-04-20 16:00:00,0.67489,0.67544,0.6742,0.67518
2023-04-20 17:00:00,0.67514,0.67719,0.67512,0.67661
2023-04-20 18:00:00,0.6766,0.67668,0.67518,0.67527
2023-04-20 19:00:00,0.67527,0.67556,0.67486,0.6751
2023-04-20 20:00:00,0.6751,0.67548,0.67484,0.6751
2023-04-20 21:00:00,0.6751,0.67523,0.67368,0.67424
2023-04-20 22:00:00,0.67424,0.67435,0.67332,0.67368
2023-04-20 23:00:00,0.67368,0.67425,0.67362,0.6742
2023-04-21 00:00:00,0.67405,0.67445,0.67279,0.67409
2023-04-21 01:00:00,0.6741,0.67444,0.67407,0.6742
2023-04-21 02:00:00,0.67419,0.67456,0.67414,0.67429
2023-04-21 03:00:00,0.67427,0.67431,0.67352,0.67425
2023-04-21 04:00:00,0.67425,0.6743,0.67199,0.67245
2023-04-21 05:00:00,0.67247,0.67261,0.6719,0.67257
2023-04-21 06:00:00,0.67257,0.67263,0.67151,0.67179
2023-04-21 07:00:00,0.67179,0.67193,0.67122,0.67143
2023-04-21 08:00:00,0.67143,0.67177,0.67061,0.67095
2023-04-21 09:00:00,0.67093,0.67093,0.66852,0.66879
2023-04-21 10:00:00,0.66879,0.66944,0.66778,0.6687
2023-04-21 11:00:00,0.66871,0.66925,0.66834,0.66882
2023-04-21 12:00:00,0.66882,0.66928,0.66866,0.66872
2023-04-21 13:00:00,0.66871,0.66985,0.66853,0.66928
2023-04-21 14:00:00,0.66928,0.6698,0.66881,0.66971
2023-04-21 15:00:00,0.66972,0.6707,0.66948,0.67025
2023-04-21 16:00:00,0.67025,0.67089,0.66845,0.66868
2023-04-21 17:00:00,0.66868,0.6706,0.6679,0.66847
2023-04-21 18:00:00,0.66848,0.66933,0.66843,0.66895
2023-04-21 19:00:00,0.66896,0.66912,0.66837,0.66899
2023-04-21 20:00:00,0.66898,0.66976,0.66877,0.66969
2023-04-21 21:00:00,0.6697,0.67008,0.66832,0.66848
2023-04-21 22:00:00,0.66848,0.66925,0.66826,0.66924
2023-04-21 23:00:00,0.66923,0.66951,0.66906,0.66928
2023-04-24 00:00:00,0.66919,0.66973,0.66884,0.66931
2023-04-24 01:00:00,0.66934,0.66972,0.66891,0.66949
2023-04-24 02:00:00,0.6695,0.66977,0.66909,0.66909
2023-04-24 03:00:00,0.66908,0.66954,0.66823,0.66951
2023-04-24 04:00:00,0.6695,0.66955,0.66824,0.66833
2023-04-24 05:00:00,0.66833,0.66888,0.66799,0.66806
2023-04-24 06:00:00,0.66806,0.66834,0.66776,0.66798
2023-04-24 07:00:00,0.66798,0.66807,0.66721,0.66756
2023-04-24 08:00:00,0.66757,0.6677,0.66701,0.66761
2023-04-24 09:00:00,0.66761,0.66776,0.66656,0.667
2023-04-24 10:00:00,0.66699,0.66853,0.66673,0.66841
2023-04-24 11:00:00,0.66841,0.669,0.66779,0.66881
2023-04-24 12:00:00,0.66882,0.66949,0.66811,0.66819
2023-04-24 13:00:00,0.66819,0.66839,0.66778,0.6681
2023-04-24 14:00:00,0.66809,0.6685,0.6679,0.66819
2023-04-24 15:00:00,0.66819,0.66887,0.66777,0.66857
2023-04-24 16:00:00,0.66856,0.6687,0.66739,0.66832
2023-04-24 17:00:00,0.66832,0.66978,0.66806,0.66942
2023-04-24 18:00:00,0.66942,0.6696,0.66781,0.66796
2023-04-24 19:00:00,0.66796,0.66854,0.66784,0.66854
2023-04-24 20:00:00,0.66854,0.66928,0.66848,0.66918
2023-04-24 21:00:00,0.66918,0.6694,0.66888,0.66927
2023-04-24 22:00:00,0.66927,0.6695,0.66913,0.66945
2023-04-24 23:00:00,0.66944,0.66962,0.66939,0.66949
2023-04-25 00:00:00,0.66949,0.66949,0.66891,0.66934
2023-04-25 01:00:00,0.66935,0.66998,0.66934,0.66996
2023-04-25 02:00:00,0.66996,0.6705,0.66984,0.67035
2023-04-25 03:00:00,0.67035,0.67056,0.66953,0.66956
2023-04-25 04:00:00,0.66956,0.67044,0.66905,0.66905
2023-04-25 05:00:00,0.66905,0.66909,0.66791,0.66817
2023-04-25 06:00:00,0.66816,0.66845,0.66774,0.66791
2023-04-25 07:00:00,0.66791,0.66798,0.66739,0.66784
2023-04-25 08:00:00,0.66784,0.66814,0.6671,0.66783
2023-04-25 09:00:00,0.66775,0.66877,0.6677,0.66778
2023-04-25 10:00:00,0.66778,0.66848,0.66571,0.66593
2023-04-25 11:00:00,0.66593,0.66663,0.66523,0.66655
2023-04-25 12:00:00,0.66657,0.66705,0.66634,0.66663
2023-04-25 13:00:00,0.66663,0.66702,0.66596,0.66611
2023-04-25 14:00:00,0.66611,0.66621,0.66511,0.66527
2023-04-25 15:00:00,0.66527,0.66598,0.66515,0.66535
2023-04-25 16:00:00,0.66535,0.66556,0.66302,0.66323
2023-04-25 17:00:00,0.66324,0.66389,0.66278,0.66328
2023-04-25 18:00:00,0.66328,0.66348,0.66255,0.66255
2023-04-25 19:00:00,0.66256,0.66271,0.66192,0.66238
2023-04-25 20:00:00,0.66237,0.66263,0.66143,0.66177
2023-04-25 21:00:00,0.66177,0.66204,0.6616,0.66183
2023-04-25 22:00:00,0.66182,0.66241,0.66169,0.66212
2023-04-25 23:00:00,0.66212,0.6627,0.66205,0.66255
2023-04-26 00:00:00,0.66246,0.66283,0.66215,0.6627
2023-04-26 01:00:00,0.66272,0.66382,0.66255,0.66364
2023-04-26 02:00:00,0.66366,0.66381,0.66307,0.66362
2023-04-26 03:00:00,0.66363,0.66392,0.66298,0.66333
2023-04-26 04:00:00,0.66332,0.66345,0.66112,0.66264
2023-04-26 05:00:00,0.66265,0.66265,0.66132,0.66198
2023-04-26 06:00:00,0.66198,0.66205,0.6606,0.66066
2023-04-26 07:00:00,0.66065,0.66129,0.66027,0.66112
2023-04-26 08:00:00,0.66111,0.66149,0.66038,0.66077
2023-04-26 09:00:00,0.66075,0.66166,0.66026,0.66142
2023-04-26 10:00:00,0.66142,0.66181,0.66035,0.66104
2023-04-26 11:00:00,0.66106,0.6612,0.66006,0.66046
2023-04-26 12:00:00,0.66046,0.66066,0.65952,0.65981
2023-04-26 13:00:00,0.65982,0.66118,0.65982,0.66026
2023-04-26 14:00:00,0.66026,0.66151,0.65954,0.66022
2023-04-26 15:00:00,0.66023,0.66095,0.65984,0.66042
2023-04-26 16:00:00,0.66041,0.66183,0.6603,0.66157
2023-04-26 17:00:00,0.66157,0.66157,0.66025,0.66075
2023-04-26 18:00:00,0.66076,0.66195,0.66062,0.66152
2023-04-26 19:00:00,0.66151,0.66156,0.66023,0.66077
2023-04-26 20:00:00,0.66077,0.66097,0.66013,0.66019
2023-04-26 21:00:00,0.66019,0.66021,0.65915,0.65923
2023-04-26 22:00:00,0.65926,0.66003,0.65918,0.65962
2023-04-26 23:00:00,0.65961,0.66043,0.65945,0.66037
2023-04-27 00:00:00,0.66019,0.66037,0.65934,0.66032
2023-04-27 01:00:00,0.66024,0.66085,0.66017,0.66082
2023-04-27 02:00:00,0.66083,0.66114,0.66073,0.6608
2023-04-27 03:00:00,0.6608,0.66092,0.66007,0.66088
2023-04-27 04:00:00,0.66088,0.66094,0.65998,0.6608
2023-04-27 05:00:00,0.66079,0.66134,0.66037,0.66077
2023-04-27 06:00:00,0.66078,0.661,0.66052,0.6607
2023-04-27 07:00:00,0.66069,0.66166,0.66067,0.66163
2023-04-27 08:00:00,0.66163,0.66355,0.66145,0.66291
2023-04-27 09:00:00,0.66289,0.66333,0.6622,0.66273
2023-04-27 10:00:00,0.66273,0.66296,0.66148,0.66198
2023-04-27 11:00:00,0.66199,0.6624,0.66145,0.66191
2023-04-27 12:00:00,0.66191,0.66205,0.66065,0.66091
2023-04-27 13:00:00,0.6609,0.66197,0.66082,0.66193
2023-04-27 14:00:00,0.66192,0.66234,0.6617,0.66184
2023-04-27 15:00:00,0.66185,0.66306,0.66034,0.66107
2023-04-27 16:00:00,0.66108,0.66151,0.65954,0.66085
2023-04-27 17:00:00,0.66082,0.66227,0.66069,0.66144
2023-04-27 18:00:00,0.66145,0.66236,0.66114,0.66126
2023-04-27 19:00:00,0.66126,0.66158,0.66113,0.66144
2023-04-27 20:00:00,0.66145,0.6631,0.66138,0.66259
2023-04-27 21:00:00,0.6626,0.66314,0.66229,0.66301
2023-04-27 22:00:00,0.66301,0.66328,0.66281,0.66286
2023-04-27 23:00:00,0.66286,0.66312,0.66278,0.66298
2023-04-28 00:00:00,0.66298,0.66298,0.66145,0.66273
2023-04-28 01:00:00,0.66273,0.66302,0.66253,0.66267
2023-04-28 02:00:00,0.66267,0.66318,0.66257,0.66302
2023-04-28 03:00:00,0.66302,0.66363,0.66284,0.66348
2023-04-28 04:00:00,0.66348,0.66422,0.66317,0.66379
2023-04-28 05:00:00,0.66378,0.6638,0.66282,0.66296
2023-04-28 06:00:00,0.66296,0.66342,0.66262,0.66287
2023-04-28 07:00:00,0.66287,0.66305,0.66149,0.66153
2023-04-28 08:00:00,0.66152,0.66202,0.6607,0.66105
2023-04-28 09:00:00,0.66105,0.66141,0.66012,0.66038
2023-04-28 10:00:00,0.66039,0.66041,0.65841,0.65954
2023-04-28 11:00:00,0.65954,0.65974,0.65787,0.65827
2023-04-28 12:00:00,0.65829,0.65863,0.65791,0.65811
2023-04-28 13:00:00,0.6581,0.65934,0.65794,0.65832
2023-04-28 14:00:00,0.65833,0.65878,0.65805,0.65862
2023-04-28 15:00:00,0.65862,0.65927,0.65737,0.65866
2023-04-28 16:00:00,0.65866,0.6598,0.65819,0.65858
2023-04-28 17:00:00,0.65858,0.66092,0.6582,0.66075
2023-04-28 18:00:00,0.66075,0.66168,0.66015,0.66167
2023-04-28 19:00:00,0.66167,0.66179,0.66118,0.66172
2023-04-28 20:00:00,0.66172,0.66172,0.66122,0.66141
2023-04-28 21:00:00,0.66141,0.6617,0.66094,0.66144
2023-04-28 22:00:00,0.66144,0.66173,0.66118,0.66171
2023-04-28 23:00:00,0.66171,0.66189,0.66139,0.66152
2023-05-01 00:00:00,0.66079,0.66147,0.66069,0.66085
2023-05-01 01:00:00,0.66085,0.66148,0.66067,0.66142
2023-05-01 02:00:00,0.66142,0.66159,0.661,0.661
2023-05-01 03:00:00,0.661,0.66206,0.66096,0.66179
2023-05-01 04:00:00,0.66179,0.66235,0.66158,0.66187
2023-05-01 05:00:00,0.66187,0.66221,0.66131,0.66217
2023-05-01 06:00:00,0.66214,0.66364,0.66209,0.66351
2023-05-01 07:00:00,0.66351,0.66402,0.66324,0.6635
2023-05-01 08:00:00,0.6635,0.66414,0.66336,0.66401
2023-05-01 09:00:00,0.66402,0.66418,0.66338,0.66385
2023-05-01 10:00:00,0.66385,0.66449,0.66363,0.66387
2023-05-01 11:00:00,0.66387,0.66399,0.66332,0.66355
2023-05-01 12:00:00,0.66355,0.66405,0.66342,0.66377
2023-05-01 13:00:00,0.66377,0.66418,0.66358,0.66409
2023-05-01 14:00:00,0.66411,0.66427,0.66333,0.66356
2023-05-01 15:00:00,0.66356,0.66614,0.6634,0.66608
2023-05-01 16:00:00,0.66609,0.66682,0.66572,0.66609
2023-05-01 17:00:00,0.66609,0.66609,0.66444,0.66481
2023-05-01 18:00:00,0.66481,0.6649,0.6631,0.66351
2023-05-01 19:00:00,0.66351,0.66384,0.66312,0.6636
2023-05-01 20:00:00,0.6636,0.66375,0.66313,0.66358
2023-05-01 21:00:00,0.66358,0.66371,0.66272,0.663
2023-05-01 22:00:00,0.663,0.66301,0.66244,0.66284
2023-05-01 23:00:00,0.66285,0.6631,0.66282,0.66304
2023-05-02 00:00:00,0.66288,0.66299,0.66211,0.66279
2023-05-02 01:00:00,0.6628,0.66314,0.66276,0.66283
2023-05-02 02:00:00,0.66284,0.66305,0.66221,0.66227
2023-05-02 03:00:00,0.66227,0.66325,0.66207,0.66221
2023-05-02 04:00:00,0.66222,0.66416,0.66216,0.6634
2023-05-02 05:00:00,0.66338,0.66351,0.66293,0.66333
2023-05-02 06:00:00,0.66333,0.6635,0.66283,0.66293
2023-05-02 07:00:00,0.66294,0.6698,0.66259,0.6694
2023-05-02 08:00:00,0.6694,0.67099,0.6694,0.67038
2023-05-02 09:00:00,0.67038,0.67172,0.66944,0.6712
2023-05-02 10:00:00,0.67119,0.67155,0.67005,0.67015
2023-05-02 11:00:00,0.67015,0.6702,0.66899,0.66944
2023-05-02 12:00:00,0.66944,0.66999,0.66869,0.66877
2023-05-02 13:00:00,0.66877,0.66911,0.66832,0.66863
2023-05-02 14:00:00,0.66862,0.67045,0.66861,0.67011
2023-05-02 15:00:00,0.67011,0.67011,0.66851,0.66851
2023-05-02 16:00:00,0.66852,0.66898,0.66802,0.66807
2023-05-02 17:00:00,0.66807,0.66934,0.66579,0.66613
2023-05-02 18:00:00,0.66613,0.66694,0.66577,0.6669
2023-05-02 19:00:00,0.66689,0.66708,0.66644,0.66705
2023-05-02 20:00:00,0.66705,0.6673,0.66665,0.66665
2023-05-02 21:00:00,0.66665,0.66668,0.66608,0.66629
2023-05-02 22:00:00,0.66628,0.66677,0.66628,0.66664
2023-05-02 23:00:00,0.66665,0.66669,0.66626,0.66633
2023-05-03 00:00:00,0.66616,0.66644,0.66585,0.66628
2023-05-03 01:00:00,0.66626,0.6666,0.66578,0.66634
2023-05-03 02:00:00,0.66631,0.66733,0.6662,0.66707
2023-05-03 03:00:00,0.66707,0.66721,0.66555,0.66684
2023-05-03 04:00:00,0.66684,0.66715,0.66634,0.66703
2023-05-03 05:00:00,0.66702,0.66764,0.66679,0.66716
2023-05-03 06:00:00,0.66716,0.66741,0.66646,0.66686
2023-05-03 07:00:00,0.66685,0.66697,0.66635,0.66646
2023-05-03 08:00:00,0.66646,0.66709,0.66611,0.66642
2023-05-03 09:00:00,0.66645,0.66696,0.66614,0.66661
2023-05-03 10:00:00,0.66661,0.6671,0.66569,0.66613
2023-05-03 11:00:00,0.66615,0.66654,0.66553,0.66606
2023-05-03 12:00:00,0.66605,0.6662,0.6654,0.66603
2023-05-03 13:00:00,0.66603,0.66657,0.6656,0.66632
2023-05-03 14:00:00,0.66631,0.6672,0.66609,0.66641
2023-05-03 15:00:00,0.66643,0.66696,0.66493,0.66555
2023-05-03 16:00:00,0.66556,0.6667,0.66531,0.66591
2023-05-03 17:00:00,0.66591,0.66769,0.66589,0.6672
2023-05-03 18:00:00,0.66719,0.66764,0.66695,0.66741
2023-05-03 19:00:00,0.66741,0.66826,0.66736,0.66806
2023-05-03 20:00:00,0.66807,0.66859,0.66767,0.66798
2023-05-03 21:00:00,0.66797,0.67031,0.66668,0.66858
2023-05-03 22:00:00,0.66858,0.66861,0.66625,0.66693
2023-05-03 23:00:00,0.66692,0.66761,0.66681,0.66745
2023-05-04 00:00:00,0.66716,0.66734,0.66629,0.66706
2023-05-04 01:00:00,0.66705,0.66728,0.66453,0.66472
2023-05-04 02:00:00,0.66471,0.66475,0.66406,0.66416
2023-05-04 03:00:00,0.66416,0.66613,0.66402,0.66503
2023-05-04 04:00:00,0.66503,0.66743,0.66474,0.6673
2023-05-04 05:00:00,0.6673,0.6694,0.66714,0.66911
2023-05-04 06:00:00,0.66917,0.66932,0.66841,0.66869
2023-05-04 07:00:00,0.66869,0.66968,0.66824,0.66924
2023-05-04 08:00:00,0.6692,0.66994,0.66884,0.66913
2023-05-04 09:00:00,0.66913,0.66916,0.66686,0.66756
2023-05-04 10:00:00,0.66757,0.66779,0.66654,0.66734
2023-05-04 11:00:00,0.66733,0.6674,0.66593,0.66596
2023-05-04 12:00:00,0.66597,0.66765,0.66587,0.66734
2023-05-04 13:00:00,0.66734,0.66825,0.66706,0.66729
2023-05-04 14:00:00,0.6673,0.66825,0.6672,0.66789
2023-05-04 15:00:00,0.6679,0.6681,0.66654,0.66672
2023-05-04 16:00:00,0.66671,0.66771,0.66545,0.66725
2023-05-04 17:00:00,0.66726,0.66768,0.66594,0.66697
2023-05-04 18:00:00,0.66699,0.66801,0.66626,0.66758
2023-05-04 19:00:00,0.66758,0.67007,0.66756,0.66998
2023-05-04 20:00:00,0.66998,0.67062,0.66931,0.67045
2023-05-04 21:00:00,0.67046,0.67049,0.66926,0.6696
2023-05-04 22:00:00,0.66961,0.66981,0.66903,0.66906
2023-05-04 23:00:00,0.66906,0.66936,0.66902,0.66933
2023-05-05 00:00:00,0.66919,0.66929,0.66907,0.66916
2023-05-05 01:00:00,0.66915,0.66992,0.66915,0.66989
2023-05-05 02:00:00,0.66989,0.67031,0.66954,0.66962
2023-05-05 03:00:00,0.66962,0.67059,0.66948,0.67054
2023-05-05 04:00:00,0.67055,0.67163,0.6704,0.6712
2023-05-05 05:00:00,0.6712,0.67225,0.67058,0.67213
2023-05-05 06:00:00,0.67214,0.67364,0.67212,0.67355
2023-05-05 07:00:00,0.67355,0.67373,0.67315,0.67358
2023-05-05 08:00:00,0.67358,0.67419,0.67335,0.67348
2023-05-05 09:00:00,0.67349,0.67436,0.6731,0.67431
2023-05-05 10:00:00,0.67431,0.67441,0.67306,0.67315
2023-05-05 11:00:00,0.67315,0.67328,0.67238,0.67294
2023-05-05 12:00:00,0.67292,0.67297,0.67228,0.67279
2023-05-05 13:00:00,0.67279,0.67325,0.67266,0.67298
2023-05-05 14:00:00,0.67297,0.67339,0.67213,0.67229
2023-05-05 15:00:00,0.67229,0.6725,0.66908,0.67053
2023-05-05 16:00:00,0.67053,0.67335,0.67044,0.67323
2023-05-05 17:00:00,0.67322,0.67469,0.67266,0.67428
2023-05-05 18:00:00,0.67427,0.67488,0.67417,0.67459
2023-05-05 19:00:00,0.6746,0.67546,0.67448,0.67532
2023-05-05 20:00:00,0.67532,0.67565,0.67462,0.6747
2023-05-05 21:00:00,0.6747,0.6757,0.67466,0.67548
2023-05-05 22:00:00,0.67548,0.67548,0.67483,0.67495
2023-05-05 23:00:00,0.67495,0.67539,0.67488,0.6753
2023-05-08 00:00:00,0.67407,0.67536,0.67407,0.67515
2023-05-08 01:00:00,0.67509,0.67553,0.67495,0.67518
2023-05-08 02:00:00,0.67519,0.67551,0.67469,0.67471
2023-05-08 03:00:00,0.67471,0.67538,0.67419,0.67443
2023-05-08 04:00:00,0.67442,0.67546,0.67401,0.67513
2023-05-08 05:00:00,0.67514,0.67647,0.67495,0.6763
2023-05-08 06:00:00,0.67629,0.67703,0.67629,0.67692
2023-05-08 07:00:00,0.67692,0.67751,0.67689,0.67736
2023-05-08 08:00:00,0.67736,0.67777,0.67709,0.67744
2023-05-08 09:00:00,0.67746,0.67883,0.67737,0.6786
2023-05-08 10:00:00,0.6786,0.67896,0.67805,0.67825
2023-05-08 11:00:00,0.67824,0.67905,0.67801,0.67851
2023-05-08 12:00:00,0.67852,0.6789,0.67824,0.67876
2023-05-08 13:00:00,0.67875,0.67944,0.67874,0.67939
2023-05-08 14:00:00,0.67939,0.67969,0.67873,0.67883
2023-05-08 15:00:00,0.67884,0.67967,0.67864,0.67945
2023-05-08 16:00:00,0.67946,0.68037,0.67945,0.68006
2023-05-08 17:00:00,0.68006,0.68019,0.67904,0.67912
2023-05-08 18:00:00,0.67912,0.67937,0.67869,0.6791
2023-05-08 19:00:00,0.6791,0.67934,0.67881,0.67897
2023-05-08 20:00:00,0.67898,0.67899,0.67859,0.67872
2023-05-08 21:00:00,0.67871,0.67871,0.67764,0.67861
2023-05-08 22:00:00,0.67862,0.67864,0.67798,0.67804
2023-05-08 23:00:00,0.67805,0.6783,0.678,0.67803
2023-05-09 00:00:00,0.67793,0.678,0.67741,0.67793
2023-05-09 01:00:00,0.67793,0.67827,0.6779,0.67805
2023-05-09 02:00:00,0.67809,0.67831,0.67775,0.67807
2023-05-09 03:00:00,0.67807,0.67816,0.67752,0.67753
2023-05-09 04:00:00,0.67752,0.67821,0.67701,0.67756
2023-05-09 05:00:00,0.67757,0.67834,0.67744,0.67796
2023-05-09 06:00:00,0.67797,0.67848,0.6776,0.67844
2023-05-09 07:00:00,0.67844,0.67869,0.67805,0.67829
2023-05-09 08:00:00,0.67828,0.67857,0.67771,0.67781
2023-05-09 09:00:00,0.67779,0.67779,0.67682,0.67685
2023-05-09 10:00:00,0.67686,0.677,0.67576,0.67586
2023-05-09 11:00:00,0.67586,0.67624,0.67561,0.67572
2023-05-09 12:00:00,0.67573,0.67639,0.67556,0.67628
2023-05-09 13:00:00,0.67628,0.67652,0.67617,0.67638
2023-05-09 14:00:00,0.67638,0.67679,0.67561,0.67573
2023-05-09 15:00:00,0.67574,0.67625,0.67513,0.67521
2023-05-09 16:00:00,0.67521,0.67636,0.67467,0.67633
2023-05-09 17:00:00,0.67634,0.67649,0.67465,0.67555
2023-05-09 18:00:00,0.67554,0.67562,0.67482,0.67503
2023-05-09 19:00:00,0.67503,0.67579,0.67474,0.67533
2023-05-09 20:00:00,0.67533,0.67623,0.67531,0.67617
2023-05-09 21:00:00,0.67617,0.67661,0.67615,0.67639
2023-05-09 22:00:00,0.67639,0.67644,0.67598,0.67609
2023-05-09 23:00:00,0.67609,0.67633,0.67607,0.67618
2023-05-10 00:00:00,0.67615,0.67629,0.67551,0.67593
2023-05-10 01:00:00,0.67584,0.67644,0.6758,0.6763
2023-05-10 02:00:00,0.67629,0.67671,0.67627,0.67666
2023-05-10 03:00:00,0.67667,0.67706,0.67625,0.67635
2023-05-10 04:00:00,0.67636,0.67691,0.67619,0.6764
2023-05-10 05:00:00,0.6764,0.67668,0.67616,0.67649
2023-05-10 06:00:00,0.67649,0.67697,0.67648,0.67687
2023-05-10 07:00:00,0.67686,0.67688,0.67642,0.67665
2023-05-10 08:00:00,0.67665,0.67686,0.6757,0.67637
2023-05-10 09:00:00,0.67638,0.67674,0.67613,0.67671
2023-05-10 10:00:00,0.67671,0.6774,0.67579,0.67585
2023-05-10 11:00:00,0.67585,0.67585,0.67498,0.67523
2023-05-10 12:00:00,0.67523,0.67577,0.67491,0.67554
2023-05-10 13:00:00,0.67555,0.67585,0.67513,0.67528
2023-05-10 14:00:00,0.67529,0.67531,0.6748,0.67515
2023-05-10 15:00:00,0.67514,0.68183,0.67441,0.68145
2023-05-10 16:00:00,0.68144,0.68177,0.67687,0.67784
2023-05-10 17:00:00,0.67784,0.67847,0.67542,0.67592
2023-05-10 18:00:00,0.67592,0.6766,0.67581,0.67616
2023-05-10 19:00:00,0.67616,0.67675,0.67584,0.67645
2023-05-10 20:00:00,0.67644,0.6766,0.67459,0.6755
2023-05-10 21:00:00,0.6755,0.67746,0.6755,0.67705
2023-05-10 22:00:00,0.67705,0.67799,0.67695,0.6776
2023-05-10 23:00:00,0.67761,0.67794,0.67759,0.67784
2023-05-11 00:00:00,0.67779,0.67779,0.67687,0.67765
2023-05-11 01:00:00,0.67763,0.67802,0.67763,0.678
2023-05-11 02:00:00,0.678,0.67837,0.67792,0.67809
2023-05-11 03:00:00,0.6781,0.67909,0.67809,0.67886
2023-05-11 04:00:00,0.67886,0.67961,0.67754,0.67772
2023-05-11 05:00:00,0.67772,0.67788,0.67671,0.67719
2023-05-11 06:00:00,0.6772,0.67774,0.67707,0.6772
2023-05-11 07:00:00,0.6772,0.678,0.67704,0.6776
2023-05-11 08:00:00,0.6776,0.67802,0.67727,0.67755
2023-05-11 09:00:00,0.67755,0.67757,0.67436,0.67441
2023-05-11 10:00:00,0.67441,0.67463,0.67293,0.67353
2023-05-11 11:00:00,0.67352,0.6737,0.67222,0.6734
2023-05-11 12:00:00,0.67342,0.67413,0.6733,0.67386
2023-05-11 13:00:00,0.67385,0.67427,0.67353,0.67373
2023-05-11 14:00:00,0.67372,0.67412,0.67299,0.67332
2023-05-11 15:00:00,0.67332,0.67532,0.67306,0.67335
2023-05-11 16:00:00,0.67335,0.67335,0.66998,0.67013
2023-05-11 17:00:00,0.67011,0.67075,0.66893,0.67018
2023-05-11 18:00:00,0.67019,0.67026,0.66891,0.66925
2023-05-11 19:00:00,0.66925,0.67016,0.66902,0.66986
2023-05-11 20:00:00,0.66988,0.67009,0.6689,0.6692
2023-05-11 21:00:00,0.66923,0.67,0.66912,0.66999
2023-05-11 22:00:00,0.67,0.67018,0.66973,0.67014
2023-05-11 23:00:00,0.67014,0.6702,0.66984,0.6702
2023-05-12 00:00:00,0.6701,0.67028,0.6697,0.67008
2023-05-12 01:00:00,0.67008,0.67039,0.66997,0.67012
2023-05-12 02:00:00,0.67011,0.67018,0.66985,0.66995
2023-05-12 03:00:00,0.66994,0.67064,0.66993,0.67036
2023-05-12 04:00:00,0.67036,0.67049,0.66965,0.66987
2023-05-12 05:00:00,0.66987,0.67004,0.66944,0.66993
2023-05-12 06:00:00,0.66993,0.66994,0.66854,0.66915
2023-05-12 07:00:00,0.66915,0.66987,0.66904,0.66979
2023-05-12 08:00:00,0.66979,0.67011,0.66922,0.66935
2023-05-12 09:00:00,0.66935,0.6697,0.66875,0.6695
2023-05-12 10:00:00,0.66949,0.67045,0.66853,0.66857
2023-05-12 11:00:00,0.66856,0.66931,0.6683,0.66915
2023-05-12 12:00:00,0.66916,0.66961,0.66843,0.6686
2023-05-12 13:00:00,0.66861,0.6692,0.66833,0.66858
2023-05-12 14:00:00,0.66859,0.66886,0.66803,0.66824
2023-05-12 15:00:00,0.66824,0.66825,0.66734,0.66776
2023-05-12 16:00:00,0.66775,0.66894,0.66769,0.66842
2023-05-12 17:00:00,0.66841,0.66857,0.66482,0.66518
2023-05-12 18:00:00,0.66518,0.66595,0.66418,0.66484
2023-05-12 19:00:00,0.66485,0.6649,0.66401,0.66441
2023-05-12 20:00:00,0.6644,0.66501,0.66416,0.66423
2023-05-12 21:00:00,0.66423,0.66426,0.66361,0.66404
2023-05-12 22:00:00,0.66405,0.66467,0.66393,0.66466
2023-05-12 23:00:00,0.66466,0.66468,0.66411,0.66412
2023-05-15 00:00:00,0.66441,0.66478,0.66412,0.6646
2023-05-15 01:00:00,0.66458,0.66462,0.66414,0.66432
2023-05-15 02:00:00,0.66431,0.66474,0.66417,0.6647
2023-05-15 03:00:00,0.66469,0.66535,0.66421,0.66516
2023-05-15 04:00:00,0.66516,0.66655,0.66496,0.66652
2023-05-15 05:00:00,0.66651,0.66651,0.66547,0.66547
2023-05-15 06:00:00,0.66546,0.66629,0.6654,0.66613
2023-05-15 07:00:00,0.66613,0.66677,0.66589,0.66668
2023-05-15 08:00:00,0.66668,0.66835,0.66665,0.66808
2023-05-15 09:00:00,0.66808,0.66889,0.66736,0.66883
2023-05-15 10:00:00,0.66881,0.66934,0.668,0.66912
2023-05-15 11:00:00,0.66912,0.66934,0.66814,0.66841
2023-05-15 12:00:00,0.66841,0.66841,0.66778,0.66816
2023-05-15 13:00:00,0.66816,0.66882,0.66775,0.66872
2023-05-15 14:00:00,0.66873,0.6691,0.66845,0.66896
2023-05-15 15:00:00,0.66896,0.6692,0.66842,0.66872
2023-05-15 16:00:00,0.6687,0.66893,0.66806,0.66847
2023-05-15 17:00:00,0.66847,0.6689,0.66757,0.66864
2023-05-15 18:00:00,0.66865,0.66986,0.6686,0.66972
2023-05-15 19:00:00,0.66973,0.67089,0.66966,0.67077
2023-05-15 20:00:00,0.67077,0.67078,0.66986,0.67024
2023-05-15 21:00:00,0.67023,0.67034,0.66985,0.67002
2023-05-15 22:00:00,0.67002,0.6702,0.6699,0.67018
2023-05-15 23:00:00,0.67018,0.67035,0.66993,0.66996
2023-05-16 00:00:00,0.66986,0.66997,0.66843,0.6699
2023-05-16 01:00:00,0.66991,0.6704,0.66991,0.67032
2023-05-16 02:00:00,0.67032,0.67038,0.67003,0.67019
2023-05-16 03:00:00,0.6702,0.67097,0.67007,0.67066
2023-05-16 04:00:00,0.67065,0.67076,0.66959,0.67027
2023-05-16 05:00:00,0.67027,0.67029,0.66802,0.66904
2023-05-16 06:00:00,0.66904,0.6697,0.66878,0.66949
2023-05-16 07:00:00,0.66948,0.66949,0.66889,0.66925
2023-05-16 08:00:00,0.66925,0.66925,0.66724,0.66726
2023-05-16 09:00:00,0.66728,0.6676,0.66652,0.66741
2023-05-16 10:00:00,0.66742,0.66923,0.66728,0.66882
2023-05-16 11:00:00,0.66881,0.66918,0.66844,0.6689
2023-05-16 12:00:00,0.6689,0.66964,0.6687,0.66895
2023-05-16 13:00:00,0.66895,0.66935,0.66826,0.66837
2023-05-16 14:00:00,0.66837,0.66859,0.66701,0.66723
2023-05-16 15:00:00,0.66724,0.66805,0.66655,0.6677
2023-05-16 16:00:00,0.66771,0.66924,0.66695,0.66765
2023-05-16 17:00:00,0.66765,0.66779,0.66607,0.66626
2023-05-16 18:00:00,0.66626,0.66648,0.66512,0.66615
2023-05-16 19:00:00,0.66615,0.66633,0.66528,0.66569
2023-05-16 20:00:00,0.6657,0.66605,0.66547,0.66589
2023-05-16 21:00:00,0.6659,0.66603,0.66555,0.66589
2023-05-16 22:00:00,0.66587,0.66605,0.66523,0.66534
2023-05-16 23:00:00,0.66533,0.66565,0.66525,0.66547
2023-05-17 00:00:00,0.66542,0.66564,0.66502,0.66561
2023-05-17 01:00:00,0.66563,0.66566,0.66525,0.66559
2023-05-17 02:00:00,0.66559,0.66585,0.66527,0.66576
2023-05-17 03:00:00,0.66577,0.66611,0.66554,0.66583
2023-05-17 04:00:00,0.66583,0.66614,0.66447,0.66563
2023-05-17 05:00:00,0.66563,0.66709,0.6656,0.66686
2023-05-17 06:00:00,0.66686,0.6669,0.66578,0.66598
2023-05-17 07:00:00,0.66598,0.66604,0.66502,0.66518
2023-05-17 08:00:00,0.66518,0.66518,0.66366,0.66391
2023-05-17 09:00:00,0.66391,0.66444,0.66339,0.66409
2023-05-17 10:00:00,0.66409,0.66525,0.6629,0.66297
2023-05-17 11:00:00,0.66297,0.6647,0.66296,0.66387
2023-05-17 12:00:00,0.66387,0.66525,0.66357,0.66505
2023-05-17 13:00:00,0.66506,0.66546,0.66481,0.66513
2023-05-17 14:00:00,0.66514,0.66645,0.66487,0.6657
2023-05-17 15:00:00,0.66569,0.66615,0.66468,0.66574
2023-05-17 16:00:00,0.66574,0.66699,0.66495,0.66498
2023-05-17 17:00:00,0.66498,0.66601,0.664,0.66417
2023-05-17 18:00:00,0.66418,0.66582,0.66401,0.66505
2023-05-17 19:00:00,0.66505,0.66698,0.66504,0.6668
2023-05-17 20:00:00,0.66681,0.66732,0.66644,0.66714
2023-05-17 21:00:00,0.66714,0.66715,0.66594,0.66595
2023-05-17 22:00:00,0.66595,0.66643,0.66589,0.66626
2023-05-17 23:00:00,0.66624,0.66625,0.66583,0.66589
2023-05-18 00:00:00,0.66583,0.66633,0.66558,0.66607
2023-05-18 01:00:00,0.66606,0.66622,0.66584,0.66598
2023-05-18 02:00:00,0.66598,0.66599,0.66548,0.66558
2023-05-18 03:00:00,0.66558,0.66677,0.66556,0.66563
2023-05-18 04:00:00,0.66562,0.66665,0.66299,0.66445
2023-05-18 05:00:00,0.66445,0.6654,0.66404,0.6653
2023-05-18 06:00:00,0.6653,0.66579,0.66475,0.66501
2023-05-18 07:00:00,0.66501,0.66515,0.66436,0.6651
2023-05-18 08:00:00,0.66511,0.66519,0.66425,0.66459
2023-05-18 09:00:00,0.66458,0.66569,0.66352,0.66379
2023-05-18 10:00:00,0.66379,0.66486,0.6633,0.6636
2023-05-18 11:00:00,0.6636,0.66424,0.66297,0.66326
2023-05-18 12:00:00,0.66327,0.66387,0.66307,0.66358
2023-05-18 13:00:00,0.66359,0.66448,0.66354,0.66444
2023-05-18 14:00:00,0.66445,0.66461,0.66357,0.66391
2023-05-18 15:00:00,0.66391,0.66443,0.66203,0.66211
2023-05-18 16:00:00,0.66211,0.66244,0.6606,0.661
2023-05-18 17:00:00,0.661,0.66172,0.6605,0.66106
2023-05-18 18:00:00,0.66107,0.66201,0.6605,0.66172
2023-05-18 19:00:00,0.66173,0.66193,0.66071,0.6609
2023-05-18 20:00:00,0.6609,0.66126,0.6607,0.66099
2023-05-18 21:00:00,0.661,0.66164,0.66082,0.6614
2023-05-18 22:00:00,0.66142,0.6625,0.6614,0.66247
2023-05-18 23:00:00,0.66248,0.66252,0.66214,0.6623
2023-05-19 00:00:00,0.662,0.66236,0.66058,0.66207
2023-05-19 01:00:00,0.66207,0.66302,0.66204,0.66287
2023-05-19 02:00:00,0.66286,0.66302,0.66243,0.66273
2023-05-19 03:00:00,0.66274,0.66359,0.66255,0.66301
2023-05-19 04:00:00,0.66301,0.66343,0.66172,0.66209
2023-05-19 05:00:00,0.66209,0.66404,0.66167,0.66383
2023-05-19 06:00:00,0.66383,0.66415,0.66345,0.66373
2023-05-19 07:00:00,0.66373,0.6638,0.66322,0.66339
2023-05-19 08:00:00,0.66338,0.66405,0.66322,0.6635
2023-05-19 09:00:00,0.66349,0.66538,0.663,0.66455
2023-05-19 10:00:00,0.66455,0.6653,0.66449,0.66501
2023-05-19 11:00:00,0.66502,0.66568,0.66428,0.6651
2023-05-19 12:00:00,0.6651,0.66638,0.66494,0.66581
2023-05-19 13:00:00,0.6658,0.66581,0.66476,0.66513
2023-05-19 14:00:00,0.66513,0.66587,0.66464,0.66584
2023-05-19 15:00:00,0.66585,0.66715,0.66566,0.66607
2023-05-19 16:00:00,0.66607,0.66635,0.66518,0.66595
2023-05-19 17:00:00,0.66596,0.66622,0.66498,0.66569
2023-05-19 18:00:00,0.66568,0.66751,0.66478,0.66599
2023-05-19 19:00:00,0.66597,0.66707,0.66554,0.66665
2023-05-19 20:00:00,0.66666,0.66683,0.66563,0.66565
2023-05-19 21:00:00,0.66565,0.66572,0.66492,0.66517
2023-05-19 22:00:00,0.66517,0.66519,0.66447,0.66507
2023-05-19 23:00:00,0.66506,0.6652,0.66466,0.66497
2023-05-22 00:00:00,0.66432,0.66476,0.66423,0.66456
2023-05-22 01:00:00,0.66467,0.66541,0.66458,0.6649
2023-05-22 02:00:00,0.66491,0.66589,0.66488,0.66588
2023-05-22 03:00:00,0.66588,0.66647,0.6655,0.66631
2023-05-22 04:00:00,0.66631,0.66678,0.6645,0.66527
2023-05-22 05:00:00,0.66528,0.66578,0.66459,0.66512
2023-05-22 06:00:00,0.66512,0.66543,0.66431,0.66501
2023-05-22 07:00:00,0.66501,0.66547,0.66483,0.66494
2023-05-22 08:00:00,0.66493,0.66515,0.66388,0.66391
2023-05-22 09:00:00,0.66391,0.66415,0.66272,0.66344
2023-05-22 10:00:00,0.66343,0.66398,0.66288,0.66338
2023-05-22 11:00:00,0.66338,0.66414,0.66278,0.66407
2023-05-22 12:00:00,0.66407,0.66491,0.66389,0.66432
2023-05-22 13:00:00,0.66432,0.66519,0.66403,0.66416
2023-05-22 14:00:00,0.66417,0.66432,0.66331,0.66414
2023-05-22 15:00:00,0.66414,0.6647,0.66358,0.6641
2023-05-22 16:00:00,0.6641,0.66478,0.6635,0.66402
2023-05-22 17:00:00,0.66402,0.66523,0.66373,0.66424
2023-05-22 18:00:00,0.66427,0.66466,0.66378,0.66433
2023-05-22 19:00:00,0.66433,0.66485,0.66414,0.66478
2023-05-22 20:00:00,0.66478,0.66522,0.66456,0.66492
2023-05-22 21:00:00,0.66492,0.66557,0.66491,0.66521
2023-05-22 22:00:00,0.66521,0.66528,0.66465,0.66484
2023-05-22 23:00:00,0.66484,0.66522,0.66484,0.66518
2023-05-23 00:00:00,0.66503,0.66528,0.66412,0.66489
2023-05-23 01:00:00,0.66484,0.66525,0.66484,0.66495
2023-05-23 02:00:00,0.66495,0.66508,0.66484,0.66486
2023-05-23 03:00:00,0.66486,0.6662,0.66486,0.66575
2023-05-23 04:00:00,0.66575,0.66608,0.66496,0.66499
2023-05-23 05:00:00,0.66499,0.66566,0.6641,0.66544
2023-05-23 06:00:00,0.66544,0.66574,0.6647,0.66555
2023-05-23 07:00:00,0.66553,0.66564,0.66504,0.66516
2023-05-23 08:00:00,0.66516,0.66521,0.66424,0.66492
2023-05-23 09:00:00,0.66494,0.66601,0.66442,0.66476
2023-05-23 10:00:00,0.66476,0.66479,0.66261,0.66283
2023-05-23 11:00:00,0.66282,0.66351,0.66209,0.66295
2023-05-23 12:00:00,0.66295,0.66314,0.6619,0.66191
2023-05-23 13:00:00,0.66188,0.6623,0.66136,0.66196
2023-05-23 14:00:00,0.66196,0.66252,0.6616,0.66161
2023-05-23 15:00:00,0.66161,0.66204,0.66105,0.6612
2023-05-23 16:00:00,0.66122,0.66248,0.66118,0.66227
2023-05-23 17:00:00,0.66225,0.66303,0.66164,0.66198
2023-05-23 18:00:00,0.66197,0.66262,0.66151,0.66213
2023-05-23 19:00:00,0.66213,0.66214,0.66129,0.66141
2023-05-23 20:00:00,0.66141,0.66192,0.66125,0.66138
2023-05-23 21:00:00,0.66138,0.66148,0.66078,0.66111
2023-05-23 22:00:00,0.66112,0.66114,0.66074,0.66079
2023-05-23 23:00:00,0.66079,0.66107,0.66074,0.66099
2023-05-24 00:00:00,0.66084,0.66107,0.66069,0.66095
2023-05-24 01:00:00,0.66096,0.66134,0.66095,0.66128
2023-05-24 02:00:00,0.66128,0.66139,0.66099,0.66137
2023-05-24 03:00:00,0.66137,0.66144,0.66083,0.66113
2023-05-24 04:00:00,0.66113,0.66154,0.66019,0.66104
2023-05-24 05:00:00,0.66102,0.66102,0.65858,0.65974
2023-05-24 06:00:00,0.65974,0.66086,0.65932,0.66016
2023-05-24 07:00:00,0.66017,0.66041,0.65961,0.65964
2023-05-24 08:00:00,0.65967,0.66019,0.65944,0.6596
2023-05-24 09:00:00,0.65961,0.66,0.65795,0.65829
2023-05-24 10:00:00,0.65828,0.65833,0.65671,0.65705
2023-05-24 11:00:00,0.65705,0.65819,0.65685,0.65796
2023-05-24 12:00:00,0.65796,0.6584,0.65731,0.65736
2023-05-24 13:00:00,0.65736,0.6574,0.65608,0.65618
2023-05-24 14:00:00,0.65618,0.65769,0.65615,0.65768
2023-05-24 15:00:00,0.65768,0.65852,0.65704,0.6572
2023-05-24 16:00:00,0.6572,0.65754,0.65476,0.65485
2023-05-24 17:00:00,0.65483,0.65494,0.65315,0.65375
2023-05-24 18:00:00,0.65374,0.65484,0.65343,0.65398
2023-05-24 19:00:00,0.65398,0.65419,0.65298,0.65373
2023-05-24 20:00:00,0.65374,0.65432,0.65321,0.65411
2023-05-24 21:00:00,0.65411,0.65456,0.65349,0.65354
2023-05-24 22:00:00,0.65354,0.65453,0.65348,0.65388
2023-05-24 23:00:00,0.65387,0.65443,0.65387,0.65431
2023-05-25 00:00:00,0.65426,0.65458,0.65256,0.65454
2023-05-25 01:00:00,0.65454,0.65458,0.65385,0.65445
2023-05-25 02:00:00,0.65444,0.65457,0.65412,0.65432
2023-05-25 03:00:00,0.65433,0.65443,0.65372,0.65409
2023-05-25 04:00:00,0.65409,0.65443,0.65262,0.65324
2023-05-25 05:00:00,0.65324,0.65362,0.65276,0.65296
2023-05-25 06:00:00,0.65296,0.65327,0.65233,0.65281
2023-05-25 07:00:00,0.65281,0.6529,0.65232,0.65264
2023-05-25 08:00:00,0.65263,0.65289,0.6523,0.6527
2023-05-25 09:00:00,0.65269,0.65426,0.65223,0.65347
2023-05-25 10:00:00,0.65347,0.65361,0.65271,0.65314
2023-05-25 11:00:00,0.65314,0.65353,0.65278,0.65308
2023-05-25 12:00:00,0.65307,0.65349,0.65233,0.6528
2023-05-25 13:00:00,0.6528,0.65334,0.65267,0.65267
2023-05-25 14:00:00,0.65267,0.65282,0.65198,0.65282
2023-05-25 15:00:00,0.65282,0.65355,0.65152,0.6518
2023-05-25 16:00:00,0.65177,0.65243,0.65042,0.65054
2023-05-25 17:00:00,0.65054,0.65131,0.65012,0.65098
2023-05-25 18:00:00,0.65098,0.65154,0.6501,0.65044
2023-05-25 19:00:00,0.65044,0.65053,0.64988,0.64989
2023-05-25 20:00:00,0.64989,0.65134,0.64985,0.65132
2023-05-25 21:00:00,0.65132,0.65167,0.65024,0.65036
2023-05-25 22:00:00,0.65035,0.6507,0.65015,0.65041
2023-05-25 23:00:00,0.65042,0.65056,0.65028,0.65047
2023-05-26 00:00:00,0.65039,0.6507,0.64987,0.65063
2023-05-26 01:00:00,0.65063,0.65063,0.65005,0.65048
2023-05-26 02:00:00,0.65049,0.6506,0.64972,0.64983
2023-05-26 03:00:00,0.64988,0.65017,0.64905,0.65001
2023-05-26 04:00:00,0.65001,0.651,0.64975,0.65075
2023-05-26 05:00:00,0.65075,0.65153,0.65067,0.65082
2023-05-26 06:00:00,0.65081,0.65118,0.6505,0.65116
2023-05-26 07:00:00,0.65116,0.65176,0.65096,0.65158
2023-05-26 08:00:00,0.65159,0.65208,0.65131,0.65154
2023-05-26 09:00:00,0.65154,0.65285,0.65116,0.65234
2023-05-26 10:00:00,0.65234,0.6526,0.65157,0.65187
2023-05-26 11:00:00,0.65187,0.65264,0.65174,0.65225
2023-05-26 12:00:00,0.65224,0.65288,0.65186,0.65275
2023-05-26 13:00:00,0.65275,0.65369,0.65264,0.65353
2023-05-26 14:00:00,0.65353,0.65443,0.6535,0.65413
2023-05-26 15:00:00,0.65414,0.65431,0.65203,0.65291
2023-05-26 16:00:00,0.6529,0.65317,0.65107,0.65117
2023-05-26 17:00:00,0.65117,0.65311,0.6499,0.6506
2023-05-26 18:00:00,0.6506,0.65111,0.64979,0.65096
2023-05-26 19:00:00,0.65097,0.65171,0.65095,0.65144
2023-05-26 20:00:00,0.65144,0.65166,0.65093,0.65125
2023-05-26 21:00:00,0.65126,0.65205,0.6512,0.65194
2023-05-26 22:00:00,0.65194,0.65208,0.65166,0.65189
2023-05-26 23:00:00,0.65188,0.65198,0.65163,0.65178
2023-05-29 00:00:00,0.65186,0.6524,0.65177,0.65193
2023-05-29 01:00:00,0.6519,0.65254,0.6519,0.65237
2023-05-29 02:00:00,0.65239,0.65286,0.65221,0.65247
2023-05-29 03:00:00,0.65247,0.65306,0.65233,0.65287
2023-05-29 04:00:00,0.65286,0.65444,0.65259,0.65363
2023-05-29 05:00:00,0.65363,0.65439,0.65341,0.65345
2023-05-29 06:00:00,0.65344,0.65361,0.65269,0.6529
2023-05-29 07:00:00,0.6529,0.65403,0.65283,0.65395
2023-05-29 08:00:00,0.65395,0.65482,0.65373,0.65447
2023-05-29 09:00:00,0.65447,0.65543,0.65441,0.65473
2023-05-29 10:00:00,0.65473,0.65474,0.65307,0.65339
2023-05-29 11:00:00,0.65339,0.65438,0.65287,0.65433
2023-05-29 12:00:00,0.65431,0.65449,0.6539,0.65391
2023-05-29 13:00:00,0.65391,0.65416,0.65352,0.65415
2023-05-29 14:00:00,0.65415,0.65466,0.65391,0.65395
2023-05-29 15:00:00,0.65395,0.65417,0.65365,0.65416
2023-05-29 16:00:00,0.65416,0.65427,0.65349,0.65355
2023-05-29 17:00:00,0.65355,0.65423,0.6535,0.65398
2023-05-29 18:00:00,0.654,0.65424,0.65373,0.65413
2023-05-29 19:00:00,0.65412,0.65413,0.65382,0.65385
2023-05-29 20:00:00,0.65385,0.65401,0.65383,0.65388
2023-05-29 21:00:00,0.6539,0.65392,0.65385,0.65387
2023-05-29 22:00:00,0.65388,0.65398,0.65378,0.65386
2023-05-29 23:00:00,0.65386,0.65406,0.6538,0.65395
2023-05-30 00:00:00,0.65379,0.65391,0.65336,0.65369
2023-05-30 01:00:00,0.65366,0.65434,0.65352,0.65395
2023-05-30 02:00:00,0.65395,0.65396,0.6528,0.6528
2023-05-30 03:00:00,0.65279,0.65429,0.6527,0.65402
2023-05-30 04:00:00,0.65402,0.65594,0.65402,0.65506
2023-05-30 05:00:00,0.65506,0.65542,0.6538,0.65389
2023-05-30 06:00:00,0.65389,0.65397,0.65108,0.65132
2023-05-30 07:00:00,0.65132,0.65188,0.651,0.65172
2023-05-30 08:00:00,0.65172,0.65197,0.6503,0.65069
2023-05-30 09:00:00,0.6507,0.65254,0.65067,0.65242
2023-05-30 10:00:00,0.65243,0.65317,0.65199,0.65313
2023-05-30 11:00:00,0.65313,0.65429,0.65311,0.65425
2023-05-30 12:00:00,0.65424,0.65492,0.65366,0.65449
2023-05-30 13:00:00,0.65449,0.65497,0.65379,0.65416
2023-05-30 14:00:00,0.65416,0.65529,0.65374,0.65525
2023-05-30 15:00:00,0.65525,0.65548,0.6534,0.65353
2023-05-30 16:00:00,0.65353,0.65385,0.65202,0.65206
2023-05-30 17:00:00,0.65204,0.65303,0.65135,0.65163
2023-05-30 18:00:00,0.65162,0.65178,0.65086,0.6512
2023-05-30 19:00:00,0.6512,0.65162,0.6508,0.65101
2023-05-30 20:00:00,0.65101,0.65108,0.65039,0.65045
2023-05-30 21:00:00,0.65045,0.65132,0.65032,0.65112
2023-05-30 22:00:00,0.65112,0.65185,0.65098,0.65181
2023-05-30 23:00:00,0.65181,0.65183,0.65155,0.65181
2023-05-31 00:00:00,0.6516,0.65167,0.65039,0.65162
2023-05-31 01:00:00,0.65162,0.6517,0.65145,0.65148
2023-05-31 02:00:00,0.65149,0.65221,0.65147,0.65176
2023-05-31 03:00:00,0.65176,0.65185,0.65104,0.65167
2023-05-31 04:00:00,0.65168,0.65392,0.64924,0.65032
2023-05-31 05:00:00,0.6503,0.65097,0.64954,0.65005
2023-05-31 06:00:00,0.65004,0.65006,0.64899,0.64941
2023-05-31 07:00:00,0.6494,0.64987,0.64903,0.64963
2023-05-31 08:00:00,0.64963,0.64972,0.64839,0.6496
2023-05-31 09:00:00,0.6496,0.64974,0.64843,0.64866
2023-05-31 10:00:00,0.64865,0.64868,0.64752,0.64763
2023-05-31 11:00:00,0.64763,0.6486,0.6475,0.64782
2023-05-31 12:00:00,0.6478,0.64834,0.64757,0.64822
2023-05-31 13:00:00,0.64823,0.64847,0.64749,0.64774
2023-05-31 14:00:00,0.64773,0.64833,0.64754,0.64767
2023-05-31 15:00:00,0.64767,0.64794,0.6472,0.64725
2023-05-31 16:00:00,0.64726,0.64946,0.64665,0.6489
2023-05-31 17:00:00,0.6489,0.6489,0.64651,0.64715
2023-05-31 18:00:00,0.64718,0.64783,0.64636,0.64723
2023-05-31 19:00:00,0.64723,0.64726,0.64583,0.64652
2023-05-31 20:00:00,0.64652,0.64982,0.64629,0.64919
2023-05-31 21:00:00,0.64918,0.64984,0.64903,0.64941
2023-05-31 22:00:00,0.64941,0.65056,0.64913,0.65034
2023-05-31 23:00:00,0.65034,0.65051,0.65004,0.65035
2023-06-01 00:00:00,0.65026,0.65029,0.64899,0.65004
2023-06-01 01:00:00,0.65004,0.65091,0.65004,0.65071
2023-06-01 02:00:00,0.6507,0.65097,0.65056,0.65062
2023-06-01 03:00:00,0.65062,0.65079,0.64926,0.64926
2023-06-01 04:00:00,0.64926,0.65091,0.64845,0.65067
2023-06-01 05:00:00,0.65067,0.65153,0.64971,0.65123
2023-06-01 06:00:00,0.65123,0.65158,0.65083,0.65145
2023-06-01 07:00:00,0.65145,0.65198,0.65116,0.65146
2023-06-01 08:00:00,0.65146,0.65189,0.65103,0.65114
2023-06-01 09:00:00,0.65114,0.65125,0.6503,0.65036
2023-06-01 10:00:00,0.65035,0.65049,0.64863,0.64914
2023-06-01 11:00:00,0.64914,0.65053,0.64882,0.65047
2023-06-01 12:00:00,0.65046,0.65163,0.6501,0.65158
2023-06-01 13:00:00,0.65158,0.65229,0.65149,0.65213
2023-06-01 14:00:00,0.65213,0.65266,0.65177,0.65247
2023-06-01 15:00:00,0.65246,0.65306,0.65087,0.6528
2023-06-01 16:00:00,0.6528,0.65378,0.6521,0.65329
2023-06-01 17:00:00,0.65334,0.65576,0.65321,0.65557
2023-06-01 18:00:00,0.65556,0.65783,0.65542,0.65763
2023-06-01 19:00:00,0.65763,0.65815,0.65742,0.65784
2023-06-01 20:00:00,0.65784,0.65809,0.65761,0.65802
2023-06-01 21:00:00,0.65802,0.65813,0.65716,0.65731
2023-06-01 22:00:00,0.6573,0.65762,0.65674,0.65744
2023-06-01 23:00:00,0.65743,0.65753,0.65702,0.65726
2023-06-02 00:00:00,0.65722,0.65726,0.65597,0.65704
2023-06-02 01:00:00,0.65691,0.65754,0.65691,0.65751
2023-06-02 02:00:00,0.65751,0.65795,0.65734,0.65776
2023-06-02 03:00:00,0.65778,0.65841,0.65741,0.65756
2023-06-02 04:00:00,0.65756,0.65999,0.6575,0.65958
2023-06-02 05:00:00,0.65958,0.66112,0.6592,0.66098
2023-06-02 06:00:00,0.66098,0.66163,0.66071,0.66148
2023-06-02 07:00:00,0.66148,0.66159,0.66052,0.66068
2023-06-02 08:00:00,0.66067,0.66156,0.66048,0.6612
2023-06-02 09:00:00,0.66123,0.66178,0.66092,0.6613
2023-06-02 10:00:00,0.6613,0.66164,0.66075,0.66105
2023-06-02 11:00:00,0.66105,0.66305,0.66099,0.66286
2023-06-02 12:00:00,0.66285,0.66337,0.66218,0.66314
2023-06-02 13:00:00,0.66314,0.66339,0.66242,0.66255
2023-06-02 14:00:00,0.66255,0.66258,0.66187,0.66187
2023-06-02 15:00:00,0.66187,0.66387,0.66024,0.6622
2023-06-02 16:00:00,0.6622,0.66352,0.66176,0.66239
2023-06-02 17:00:00,0.66239,0.6628,0.66101,0.66134
2023-06-02 18:00:00,0.66134,0.66224,0.66092,0.6615
2023-06-02 19:00:00,0.6615,0.66165,0.66077,0.66125
2023-06-02 20:00:00,0.66125,0.66142,0.66052,0.66064
2023-06-02 21:00:00,0.66064,0.66121,0.66016,0.66119
2023-06-02 22:00:00,0.66118,0.66135,0.6609,0.66092
2023-06-02 23:00:00,0.66093,0.66103,0.66031,0.66048
2023-06-05 00:00:00,0.65998,0.66048,0.6599,0.66001
2023-06-05 01:00:00,0.66001,0.66056,0.65982,0.66004
2023-06-05 02:00:00,0.66003,0.66026,0.65952,0.65971
2023-06-05 03:00:00,0.65971,0.65995,0.65945,0.65973
2023-06-05 04:00:00,0.65972,0.66084,0.65876,0.66052
2023-06-05 05:00:00,0.66052,0.66072,0.65972,0.66046
2023-06-05 06:00:00,0.66046,0.66081,0.66026,0.66071
2023-06-05 07:00:00,0.66071,0.66071,0.6598,0.66035
2023-06-05 08:00:00,0.66035,0.661,0.65997,0.66058
2023-06-05 09:00:00,0.66059,0.66076,0.6594,0.65951
2023-06-05 10:00:00,0.65951,0.65999,0.65882,0.65931
2023-06-05 11:00:00,0.65931,0.66005,0.6592,0.65946
2023-06-05 12:00:00,0.65946,0.65946,0.65868,0.6588
2023-06-05 13:00:00,0.6588,0.65907,0.65837,0.65888
2023-06-05 14:00:00,0.65887,0.65909,0.65795,0.65854
2023-06-05 15:00:00,0.65855,0.66031,0.65835,0.6602
2023-06-05 16:00:00,0.66019,0.66137,0.66017,0.66062
2023-06-05 17:00:00,0.66088,0.66377,0.66088,0.66206
2023-06-05 18:00:00,0.66206,0.66248,0.66116,0.66248
2023-06-05 19:00:00,0.66249,0.66283,0.66183,0.66225
2023-06-05 20:00:00,0.66225,0.66228,0.66164,0.66215
2023-06-05 21:00:00,0.66216,0.66232,0.6615,0.66168
2023-06-05 22:00:00,0.66168,0.66218,0.66147,0.66156
2023-06-05 23:00:00,0.66156,0.66179,0.66152,0.66177
2023-06-06 00:00:00,0.66155,0.66198,0.66129,0.66174
2023-06-06 01:00:00,0.6617,0.66192,0.66157,0.66178
2023-06-06 02:00:00,0.66178,0.662,0.66126,0.66129
2023-06-06 03:00:00,0.66131,0.66174,0.6611,0.66136
2023-06-06 04:00:00,0.66136,0.66166,0.66098,0.66136
2023-06-06 05:00:00,0.66136,0.66237,0.66125,0.66185
2023-06-06 06:00:00,0.66185,0.66191,0.66125,0.66175
2023-06-06 07:00:00,0.66175,0.66734,0.66162,0.66649
2023-06-06 08:00:00,0.66651,0.66822,0.66596,0.66605
2023-06-06 09:00:00,0.66609,0.66841,0.6658,0.66693
2023-06-06 10:00:00,0.66693,0.66856,0.66559,0.66637
2023-06-06 11:00:00,0.66638,0.66651,0.66564,0.66568
2023-06-06 12:00:00,0.66568,0.66605,0.66515,0.66525
2023-06-06 13:00:00,0.66526,0.66597,0.66487,0.66568
2023-06-06 14:00:00,0.66568,0.66672,0.66552,0.66622
2023-06-06 15:00:00,0.66622,0.66651,0.66445,0.66519
2023-06-06 16:00:00,0.66518,0.66582,0.66437,0.6648
2023-06-06 17:00:00,0.66476,0.66655,0.66421,0.66627
2023-06-06 18:00:00,0.66627,0.66773,0.66594,0.66733
2023-06-06 19:00:00,0.66733,0.66784,0.66715,0.66727
2023-06-06 20:00:00,0.66727,0.6675,0.66685,0.66692
2023-06-06 21:00:00,0.66692,0.6676,0.6667,0.66735
2023-06-06 22:00:00,0.66735,0.66777,0.66719,0.6672
2023-06-06 23:00:00,0.66722,0.66733,0.66707,0.66713
2023-06-07 00:00:00,0.66705,0.66712,0.66601,0.66676
2023-06-07 01:00:00,0.6668,0.66726,0.66673,0.66711
2023-06-07 02:00:00,0.66711,0.66804,0.66708,0.66803
2023-06-07 03:00:00,0.66803,0.66898,0.66792,0.66819
2023-06-07 04:00:00,0.6682,0.66871,0.66731,0.66781
2023-06-07 05:00:00,0.66781,0.66786,0.66656,0.66722
2023-06-07 06:00:00,0.66721,0.66763,0.66654,0.66755
2023-06-07 07:00:00,0.66755,0.66823,0.66752,0.66798
2023-06-07 08:00:00,0.66798,0.66822,0.66745,0.66775
2023-06-07 09:00:00,0.66774,0.66829,0.66619,0.66687
2023-06-07 10:00:00,0.66686,0.66749,0.66643,0.66736
2023-06-07 11:00:00,0.66736,0.66904,0.66715,0.66903
2023-06-07 12:00:00,0.66903,0.6692,0.66828,0.66868
2023-06-07 13:00:00,0.66868,0.6704,0.66868,0.67033
2023-06-07 14:00:00,0.67033,0.67058,0.66952,0.66974
2023-06-07 15:00:00,0.66974,0.6698,0.66863,0.66879
2023-06-07 16:00:00,0.66878,0.67135,0.66849,0.67121
2023-06-07 17:00:00,0.67121,0.67174,0.66652,0.66672
2023-06-07 18:00:00,0.66672,0.66729,0.66577,0.66598
2023-06-07 19:00:00,0.66598,0.6663,0.66518,0.66552
2023-06-07 20:00:00,0.66552,0.66557,0.66416,0.66512
2023-06-07 21:00:00,0.66512,0.66559,0.66509,0.66551
2023-06-07 22:00:00,0.66551,0.66581,0.66498,0.66511
2023-06-07 23:00:00,0.66511,0.66538,0.66495,0.6652
2023-06-08 00:00:00,0.66507,0.66549,0.66463,0.66521
2023-06-08 01:00:00,0.66521,0.66566,0.66521,0.66557
2023-06-08 02:00:00,0.66554,0.66607,0.66522,0.66584
2023-06-08 03:00:00,0.66584,0.66657,0.66584,0.66644
2023-06-08 04:00:00,0.66644,0.6669,0.66574,0.6662
2023-06-08 05:00:00,0.6662,0.66727,0.66611,0.66689
2023-06-08 06:00:00,0.66688,0.66698,0.66625,0.66626
2023-06-08 07:00:00,0.66624,0.66635,0.66551,0.66623
2023-06-08 08:00:00,0.66623,0.66727,0.66601,0.66617
2023-06-08 09:00:00,0.66617,0.6672,0.66586,0.66643
2023-06-08 10:00:00,0.66643,0.66841,0.66623,0.66813
2023-06-08 11:00:00,0.66813,0.66904,0.66769,0.66875
2023-06-08 12:00:00,0.66875,0.66876,0.66797,0.66813
2023-06-08 13:00:00,0.66814,0.66864,0.66795,0.66801
2023-06-08 14:00:00,0.668,0.66881,0.66779,0.66851
2023-06-08 15:00:00,0.66851,0.67051,0.66822,0.6697
2023-06-08 16:00:00,0.66968,0.67101,0.66944,0.67064
2023-06-08 17:00:00,0.67064,0.67128,0.67045,0.67073
2023-06-08 18:00:00,0.67075,0.67179,0.67056,0.67064
2023-06-08 19:00:00,0.67063,0.67182,0.67043,0.67145
2023-06-08 20:00:00,0.67145,0.67151,0.67104,0.6714
2023-06-08 21:00:00,0.6714,0.67156,0.67111,0.67142
2023-06-08 22:00:00,0.67141,0.67142,0.67091,0.67141
2023-06-08 23:00:00,0.67141,0.67159,0.67134,0.67141
2023-06-09 00:00:00,0.67141,0.67147,0.66953,0.67123
2023-06-09 01:00:00,0.67121,0.67166,0.67105,0.67156
2023-06-09 02:00:00,0.67156,0.67171,0.6712,0.67122
2023-06-09 03:00:00,0.67125,0.67147,0.6708,0.67113
2023-06-09 04:00:00,0.67114,0.67141,0.67045,0.67081
2023-06-09 05:00:00,0.6708,0.67083,0.67016,0.67042
2023-06-09 06:00:00,0.67043,0.67069,0.66971,0.66985
2023-06-09 07:00:00,0.66986,0.66994,0.66946,0.66967
2023-06-09 08:00:00,0.66967,0.67106,0.66927,0.67066
2023-06-09 09:00:00,0.67066,0.67205,0.67043,0.67151
2023-06-09 10:00:00,0.67151,0.67243,0.67085,0.67231
2023-06-09 11:00:00,0.67234,0.6724,0.671,0.67158
2023-06-09 12:00:00,0.67159,0.67193,0.6708,0.6708
2023-06-09 13:00:00,0.67081,0.67137,0.67056,0.67137
2023-06-09 14:00:00,0.67141,0.673,0.67137,0.67272
2023-06-09 15:00:00,0.67272,0.67398,0.67258,0.67353
2023-06-09 16:00:00,0.67353,0.67398,0.67314,0.6737
2023-06-09 17:00:00,0.6737,0.67508,0.67352,0.67431
2023-06-09 18:00:00,0.6743,0.67476,0.67387,0.67397
2023-06-09 19:00:00,0.67396,0.67443,0.67367,0.67413
2023-06-09 20:00:00,0.67413,0.67427,0.67362,0.67385
2023-06-09 21:00:00,0.67387,0.67413,0.67362,0.67399
2023-06-09 22:00:00,0.67399,0.67405,0.67372,0.67394
2023-06-09 23:00:00,0.67394,0.67436,0.67393,0.67422
2023-06-12 00:00:00,0.67291,0.67411,0.67291,0.67372
2023-06-12 01:00:00,0.67373,0.67429,0.67373,0.67405
2023-06-12 02:00:00,0.67404,0.67461,0.67403,0.67447
2023-06-12 03:00:00,0.67447,0.67482,0.67395,0.67442
2023-06-12 04:00:00,0.67441,0.67458,0.67366,0.67377
2023-06-12 05:00:00,0.67377,0.67406,0.67315,0.67365
2023-06-12 06:00:00,0.67364,0.67445,0.67344,0.6742
2023-06-12 07:00:00,0.67421,0.67438,0.67389,0.67391
2023-06-12 08:00:00,0.67392,0.67466,0.67384,0.67426
2023-06-12 09:00:00,0.67428,0.67582,0.67415,0.675
2023-06-12 10:00:00,0.67498,0.67654,0.67435,0.6762
2023-06-12 11:00:00,0.6762,0.67735,0.67616,0.67721
2023-06-12 12:00:00,0.67721,0.67734,0.67651,0.6767
2023-06-12 13:00:00,0.67669,0.67731,0.67656,0.67662
2023-06-12 14:00:00,0.67662,0.67694,0.67576,0.67586
2023-06-12 15:00:00,0.67586,0.67653,0.67582,0.6762
2023-06-12 16:00:00,0.6762,0.67624,0.67421,0.67482
2023-06-12 17:00:00,0.6748,0.67513,0.67409,0.67488
2023-06-12 18:00:00,0.67488,0.67553,0.6745,0.67468
2023-06-12 19:00:00,0.67468,0.67522,0.6743,0.67452
2023-06-12 20:00:00,0.67452,0.67516,0.67435,0.67507
2023-06-12 21:00:00,0.67506,0.67535,0.67476,0.67526
2023-06-12 22:00:00,0.67526,0.67552,0.67511,0.67538
2023-06-12 23:00:00,0.67537,0.67538,0.67503,0.67509
2023-06-13 00:00:00,0.67491,0.67527,0.67364,0.6752
2023-06-13 01:00:00,0.6752,0.67544,0.67499,0.67524
2023-06-13 02:00:00,0.67524,0.67563,0.67503,0.67527
2023-06-13 03:00:00,0.67527,0.67578,0.67458,0.67466
2023-06-13 04:00:00,0.67465,0.6752,0.67389,0.67475
2023-06-13 05:00:00,0.67477,0.67503,0.67378,0.67464
2023-06-13 06:00:00,0.67464,0.6767,0.67455,0.67648
2023-06-13 07:00:00,0.67648,0.67658,0.67611,0.67618
2023-06-13 08:00:00,0.67618,0.67666,0.67586,0.67598
2023-06-13 09:00:00,0.67597,0.67832,0.67597,0.67664
2023-06-13 10:00:00,0.67665,0.67871,0.67659,0.67756
2023-06-13 11:00:00,0.67756,0.67819,0.67679,0.6779
2023-06-13 12:00:00,0.67791,0.6781,0.67714,0.6775
2023-06-13 13:00:00,0.6775,0.67785,0.67728,0.67754
2023-06-13 14:00:00,0.67757,0.67803,0.67737,0.67784
2023-06-13 15:00:00,0.67784,0.67997,0.67606,0.67951
2023-06-13 16:00:00,0.67951,0.68071,0.6775,0.67759
2023-06-13 17:00:00,0.67759,0.6791,0.67662,0.67891
2023-06-13 18:00:00,0.67892,0.67928,0.6774,0.67746
2023-06-13 19:00:00,0.67744,0.67876,0.67733,0.67856
2023-06-13 20:00:00,0.67857,0.67872,0.67643,0.67652
2023-06-13 21:00:00,0.67652,0.67668,0.67559,0.67625
2023-06-13 22:00:00,0.67625,0.67685,0.67613,0.67668
2023-06-13 23:00:00,0.67667,0.67684,0.67657,0.67664
2023-06-14 00:00:00,0.6765,0.67661,0.67551,0.67638
2023-06-14 01:00:00,0.67634,0.67692,0.67634,0.67687
2023-06-14 02:00:00,0.67688,0.67704,0.6767,0.67701
2023-06-14 03:00:00,0.67701,0.67742,0.67634,0.67675
2023-06-14 04:00:00,0.67675,0.67827,0.6767,0.67806
2023-06-14 05:00:00,0.67806,0.67821,0.6772,0.67763
2023-06-14 06:00:00,0.67763,0.67777,0.67728,0.67755
2023-06-14 07:00:00,0.67756,0.67759,0.67652,0.67703
2023-06-14 08:00:00,0.67703,0.67742,0.67644,0.67662
2023-06-14 09:00:00,0.67662,0.67711,0.67634,0.67665
2023-06-14 10:00:00,0.67665,0.67859,0.67662,0.67839
2023-06-14 11:00:00,0.67839,0.67889,0.67817,0.67843
2023-06-14 12:00:00,0.67843,0.67904,0.67833,0.67899
2023-06-14 13:00:00,0.67899,0.67943,0.67887,0.67915
2023-06-14 14:00:00,0.67915,0.67949,0.67887,0.67907
2023-06-14 15:00:00,0.67907,0.68069,0.67867,0.68053
2023-06-14 16:00:00,0.68053,0.68196,0.6804,0.68168
2023-06-14 17:00:00,0.68167,0.68356,0.68156,0.68303
2023-06-14 18:00:00,0.68302,0.68338,0.68259,0.68309
2023-06-14 19:00:00,0.68309,0.68356,0.68268,0.68269
2023-06-14 20:00:00,0.68266,0.68266,0.6813,0.68162
2023-06-14 21:00:00,0.68165,0.68183,0.67556,0.68068
2023-06-14 22:00:00,0.6807,0.68139,0.67888,0.67906
2023-06-14 23:00:00,0.67906,0.67982,0.67899,0.67978
2023-06-15 00:00:00,0.67937,0.67988,0.67913,0.67938
2023-06-15 01:00:00,0.67938,0.68017,0.67917,0.67969
2023-06-15 02:00:00,0.67969,0.67992,0.67943,0.67965
2023-06-15 03:00:00,0.67965,0.6802,0.67897,0.67905
2023-06-15 04:00:00,0.67905,0.67936,0.67663,0.67858
2023-06-15 05:00:00,0.67857,0.67952,0.67763,0.67873
2023-06-15 06:00:00,0.67873,0.68028,0.67856,0.67999
2023-06-15 07:00:00,0.67999,0.68081,0.6792,0.68072
2023-06-15 08:00:00,0.68072,0.6828,0.68004,0.68231
2023-06-15 09:00:00,0.68231,0.68247,0.68004,0.6805
2023-06-15 10:00:00,0.6805,0.68189,0.67971,0.68183
2023-06-15 11:00:00,0.68181,0.68203,0.68083,0.68091
2023-06-15 12:00:00,0.68092,0.68205,0.68049,0.68198
2023-06-15 13:00:00,0.68198,0.68199,0.6804,0.681
2023-06-15 14:00:00,0.68099,0.68114,0.67955,0.67955
2023-06-15 15:00:00,0.67954,0.68115,0.67915,0.68099
2023-06-15 16:00:00,0.68098,0.68541,0.68069,0.68511
2023-06-15 17:00:00,0.68512,0.6858,0.68452,0.68577
2023-06-15 18:00:00,0.68577,0.68706,0.68546,0.68696
2023-06-15 19:00:00,0.68696,0.68776,0.6869,0.68731
2023-06-15 20:00:00,0.68728,0.68843,0.68705,0.68808
2023-06-15 21:00:00,0.68808,0.68929,0.6879,0.68923
2023-06-15 22:00:00,0.68925,0.68927,0.68853,0.68872
2023-06-15 23:00:00,0.68873,0.68875,0.6882,0.68826
2023-06-16 00:00:00,0.68815,0.68833,0.68789,0.68795
2023-06-16 01:00:00,0.68795,0.68845,0.68795,0.68841
2023-06-16 02:00:00,0.68842,0.6886,0.68793,0.68795
2023-06-16 03:00:00,0.68795,0.6885,0.68762,0.6878
2023-06-16 04:00:00,0.68781,0.68869,0.68741,0.68789
2023-06-16 05:00:00,0.68789,0.68803,0.68679,0.68692
2023-06-16 06:00:00,0.68692,0.68749,0.68671,0.68708
2023-06-16 07:00:00,0.6871,0.68786,0.68686,0.68762
2023-06-16 08:00:00,0.68759,0.68898,0.68742,0.68877
2023-06-16 09:00:00,0.68878,0.68998,0.68862,0.6891
2023-06-16 10:00:00,0.68908,0.68918,0.68733,0.68763
2023-06-16 11:00:00,0.68764,0.68855,0.68692,0.68841
2023-06-16 12:00:00,0.68842,0.68869,0.68683,0.68732
2023-06-16 13:00:00,0.68732,0.68738,0.68676,0.68707
2023-06-16 14:00:00,0.68708,0.6877,0.68685,0.68744
2023-06-16 15:00:00,0.68744,0.68884,0.68726,0.68732
2023-06-16 16:00:00,0.68732,0.68756,0.68615,0.6869
2023-06-16 17:00:00,0.6874,0.6881,0.68551,0.68707
2023-06-16 18:00:00,0.68707,0.68746,0.68583,0.68641
2023-06-16 19:00:00,0.6864,0.68698,0.6862,0.68693
2023-06-16 20:00:00,0.68693,0.68736,0.68668,0.6873
2023-06-16 21:00:00,0.68729,0.68795,0.68712,0.68795
2023-06-16 22:00:00,0.68795,0.68795,0.687,0.68701
2023-06-16 23:00:00,0.68699,0.68769,0.68698,0.68745
2023-06-19 00:00:00,0.68761,0.68784,0.68692,0.68768
2023-06-19 01:00:00,0.68768,0.68824,0.68747,0.68822
2023-06-19 02:00:00,0.68823,0.68826,0.68718,0.68722
2023-06-19 03:00:00,0.68722,0.68729,0.68528,0.68558
2023-06-19 04:00:00,0.68558,0.68595,0.68451,0.68536
2023-06-19 05:00:00,0.68536,0.68575,0.68502,0.68504
2023-06-19 06:00:00,0.68503,0.6851,0.6834,0.68377
2023-06-19 07:00:00,0.68375,0.68489,0.68349,0.68483
2023-06-19 08:00:00,0.68483,0.68699,0.68472,0.6864
2023-06-19 09:00:00,0.6864,0.68647,0.6851,0.68553
2023-06-19 10:00:00,0.68553,0.68782,0.6852,0.68675
2023-06-19 11:00:00,0.68674,0.68717,0.6863,0.68659
2023-06-19 12:00:00,0.68658,0.68687,0.6848,0.68483
2023-06-19 13:00:00,0.68484,0.68532,0.68435,0.68493
2023-06-19 14:00:00,0.68493,0.68512,0.68417,0.68448
2023-06-19 15:00:00,0.68449,0.68514,0.684,0.68502
2023-06-19 16:00:00,0.68502,0.6852,0.68434,0.68475
2023-06-19 17:00:00,0.68476,0.68508,0.68433,0.68459
2023-06-19 18:00:00,0.68459,0.68512,0.68452,0.68476
2023-06-19 19:00:00,0.68476,0.68503,0.68426,0.68443
2023-06-19 20:00:00,0.68443,0.68475,0.6844,0.6846
2023-06-19 21:00:00,0.6846,0.68478,0.68456,0.68477
2023-06-19 22:00:00,0.68477,0.68486,0.68463,0.68481
2023-06-19 23:00:00,0.68481,0.68498,0.6844,0.68493
2023-06-20 00:00:00,0.68485,0.68515,0.68357,0.68483
2023-06-20 01:00:00,0.6849,0.68547,0.68487,0.68512
2023-06-20 02:00:00,0.68512,0.68539,0.68495,0.68497
2023-06-20 03:00:00,0.68496,0.6854,0.68451,0.68476
2023-06-20 04:00:00,0.68476,0.68527,0.6808,0.68119
2023-06-20 05:00:00,0.68119,0.68133,0.67981,0.68018
2023-06-20 06:00:00,0.68018,0.68084,0.68003,0.68082
2023-06-20 07:00:00,0.68081,0.68083,0.68008,0.68012
2023-06-20 08:00:00,0.68012,0.68053,0.67882,0.6803
2023-06-20 09:00:00,0.6803,0.68074,0.67932,0.6797
2023-06-20 10:00:00,0.6797,0.68121,0.67951,0.68052
2023-06-20 11:00:00,0.68051,0.68075,0.67919,0.67936
2023-06-20 12:00:00,0.67937,0.67985,0.67847,0.67849
2023-06-20 13:00:00,0.67848,0.6793,0.67836,0.67923
2023-06-20 14:00:00,0.67923,0.67989,0.67841,0.67848
2023-06-20 15:00:00,0.67848,0.67873,0.67692,0.67752
2023-06-20 16:00:00,0.67751,0.67781,0.67642,0.67653
2023-06-20 17:00:00,0.67651,0.67706,0.67531,0.67639
2023-06-20 18:00:00,0.67639,0.67728,0.67637,0.67688
2023-06-20 19:00:00,0.67688,0.67782,0.6767,0.67777
2023-06-20 20:00:00,0.67777,0.67853,0.67739,0.6781
2023-06-20 21:00:00,0.6781,0.67868,0.67764,0.67863
2023-06-20 22:00:00,0.67864,0.67903,0.67799,0.6787
2023-06-20 23:00:00,0.6787,0.67888,0.67816,0.67816
2023-06-21 00:00:00,0.67818,0.67883,0.67772,0.67846
2023-06-21 01:00:00,0.6785,0.67938,0.67842,0.67874
2023-06-21 02:00:00,0.67872,0.679,0.67856,0.67897
2023-06-21 03:00:00,0.67897,0.67937,0.67813,0.67816
2023-06-21 04:00:00,0.67816,0.67898,0.67771,0.67879
2023-06-21 05:00:00,0.6788,0.67997,0.67848,0.67867
2023-06-21 06:00:00,0.67867,0.6792,0.67848,0.67914
2023-06-21 07:00:00,0.67914,0.67982,0.67914,0.67934
2023-06-21 08:00:00,0.67935,0.67954,0.67808,0.67814
2023-06-21 09:00:00,0.67815,0.67842,0.67654,0.67669
2023-06-21 10:00:00,0.67669,0.67758,0.67604,0.67642
2023-06-21 11:00:00,0.67645,0.67729,0.67601,0.67615
2023-06-21 12:00:00,0.67615,0.67697,0.67571,0.67676
2023-06-21 13:00:00,0.67676,0.67743,0.67632,0.67635
2023-06-21 14:00:00,0.67635,0.67664,0.67583,0.67609
2023-06-21 15:00:00,0.67607,0.67631,0.67479,0.67562
2023-06-21 16:00:00,0.6756,0.67618,0.6741,0.67603
2023-06-21 17:00:00,0.67604,0.67817,0.67558,0.67709
2023-06-21 18:00:00,0.67708,0.67836,0.67627,0.67805
2023-06-21 19:00:00,0.67803,0.67938,0.67791,0.67931
2023-06-21 20:00:00,0.67928,0.67946,0.67879,0.67941
2023-06-21 21:00:00,0.67941,0.68045,0.67928,0.68014
2023-06-21 22:00:00,0.68014,0.68014,0.6795,0.67976
2023-06-21 23:00:00,0.67979,0.67997,0.67951,0.67956
2023-06-22 00:00:00,0.67956,0.67969,0.67814,0.67941
2023-06-22 01:00:00,0.67941,0.67998,0.67941,0.67985
2023-06-22 02:00:00,0.67985,0.68028,0.67981,0.67988
2023-06-22 03:00:00,0.67988,0.68017,0.67966,0.67994
2023-06-22 04:00:00,0.67994,0.68062,0.67974,0.68036
2023-06-22 05:00:00,0.68036,0.68042,0.67881,0.67907
2023-06-22 06:00:00,0.67907,0.67938,0.67875,0.67895
2023-06-22 07:00:00,0.67895,0.67921,0.67622,0.67636
2023-06-22 08:00:00,0.67637,0.67659,0.6757,0.67627
2023-06-22 09:00:00,0.67628,0.67724,0.67587,0.67682
2023-06-22 10:00:00,0.67682,0.67885,0.67662,0.67873
2023-06-22 11:00:00,0.67874,0.67947,0.67836,0.67876
2023-06-22 12:00:00,0.67876,0.6795,0.67874,0.67939
2023-06-22 13:00:00,0.67939,0.67982,0.67918,0.6793
2023-06-22 14:00:00,0.67931,0.67959,0.67799,0.67856
2023-06-22 15:00:00,0.67856,0.67922,0.6771,0.67711
2023-06-22 16:00:00,0.6771,0.67726,0.67577,0.67706
2023-06-22 17:00:00,0.67706,0.6774,0.6753,0.67607
2023-06-22 18:00:00,0.67608,0.67648,0.67487,0.67526
2023-06-22 19:00:00,0.67525,0.67549,0.67492,0.67513
2023-06-22 20:00:00,0.67514,0.6754,0.67446,0.67539
2023-06-22 21:00:00,0.6754,0.67587,0.67529,0.67585
2023-06-22 22:00:00,0.67585,0.67617,0.67539,0.67576
2023-06-22 23:00:00,0.67576,0.67578,0.67535,0.67535
2023-06-23 00:00:00,0.67444,0.67561,0.67438,0.67558
2023-06-23 01:00:00,0.67558,0.676,0.67546,0.67579
2023-06-23 02:00:00,0.67582,0.67657,0.67582,0.67593
2023-06-23 03:00:00,0.67594,0.67677,0.67582,0.6764
2023-06-23 04:00:00,0.67642,0.67659,0.67332,0.67373
2023-06-23 05:00:00,0.67371,0.67386,0.67093,0.67127
2023-06-23 06:00:00,0.67127,0.67142,0.67037,0.67076
2023-06-23 07:00:00,0.67076,0.67101,0.66917,0.66949
2023-06-23 08:00:00,0.66949,0.67034,0.66933,0.66959
2023-06-23 09:00:00,0.6696,0.67014,0.66932,0.66984
2023-06-23 10:00:00,0.66983,0.6708,0.6687,0.66932
2023-06-23 11:00:00,0.66932,0.67,0.66877,0.66887
2023-06-23 12:00:00,0.66886,0.66953,0.66853,0.66949
2023-06-23 13:00:00,0.66948,0.66977,0.66873,0.66881
2023-06-23 14:00:00,0.66881,0.66941,0.66804,0.66838
2023-06-23 15:00:00,0.66839,0.66866,0.66629,0.6675
2023-06-23 16:00:00,0.6675,0.66879,0.66673,0.66673
2023-06-23 17:00:00,0.66675,0.66815,0.66665,0.66767
2023-06-23 18:00:00,0.66767,0.66873,0.66714,0.66862
2023-06-23 19:00:00,0.66862,0.66863,0.66798,0.66815
2023-06-23 20:00:00,0.66815,0.66859,0.66774,0.66828
2023-06-23 21:00:00,0.66827,0.66827,0.66754,0.66772
2023-06-23 22:00:00,0.66773,0.6681,0.66749,0.66801
2023-06-23 23:00:00,0.66801,0.66812,0.66743,0.66754
2023-06-26 00:00:00,0.66767,0.6682,0.66725,0.66727
2023-06-26 01:00:00,0.66725,0.66837,0.66725,0.66818
2023-06-26 02:00:00,0.66817,0.66823,0.66785,0.66809
2023-06-26 03:00:00,0.66809,0.66843,0.66701,0.66785
2023-06-26 04:00:00,0.66785,0.66889,0.66738,0.66809
2023-06-26 05:00:00,0.66807,0.66909,0.668,0.66877
2023-06-26 06:00:00,0.66877,0.66938,0.66865,0.66887
2023-06-26 07:00:00,0.66887,0.6689,0.66841,0.66845
2023-06-26 08:00:00,0.66845,0.66848,0.66784,0.66798
2023-06-26 09:00:00,0.66798,0.66798,0.66685,0.66766
2023-06-26 10:00:00,0.66766,0.66832,0.66705,0.66783
2023-06-26 11:00:00,0.66783,0.66785,0.66692,0.667
2023-06-26 12:00:00,0.667,0.6679,0.66693,0.66722
2023-06-26 13:00:00,0.66722,0.66777,0.66695,0.66742
2023-06-26 14:00:00,0.66742,0.66827,0.66729,0.66824
2023-06-26 15:00:00,0.66824,0.66849,0.66771,0.66772
2023-06-26 16:00:00,0.66772,0.6678,0.66676,0.6677
2023-06-26 17:00:00,0.6677,0.66835,0.66684,0.66757
2023-06-26 18:00:00,0.66757,0.66828,0.66738,0.66804
2023-06-26 19:00:00,0.66804,0.66814,0.66745,0.66807
2023-06-26 20:00:00,0.66807,0.66825,0.6677,0.66791
2023-06-26 21:00:00,0.66791,0.66824,0.66768,0.66822
2023-06-26 22:00:00,0.66821,0.66831,0.66763,0.66773
2023-06-26 23:00:00,0.66773,0.66788,0.66737,0.6674
2023-06-27 00:00:00,0.6674,0.66762,0.66594,0.6673
2023-06-27 01:00:00,0.66732,0.66776,0.66732,0.66771
2023-06-27 02:00:00,0.66771,0.66791,0.66719,0.66737
2023-06-27 03:00:00,0.66737,0.66861,0.66701,0.6678
2023-06-27 04:00:00,0.6678,0.67145,0.66771,0.67099
2023-06-27 05:00:00,0.67099,0.67155,0.67049,0.67136
2023-06-27 06:00:00,0.67136,0.67201,0.67107,0.67163
2023-06-27 07:00:00,0.67163,0.67205,0.67137,0.6716
2023-06-27 08:00:00,0.6716,0.67207,0.67096,0.67127
2023-06-27 09:00:00,0.67127,0.67207,0.67093,0.67168
2023-06-27 10:00:00,0.67169,0.67198,0.67011,0.67094
2023-06-27 11:00:00,0.67094,0.67094,0.66873,0.66881
2023-06-27 12:00:00,0.6688,0.66924,0.66816,0.66902
2023-06-27 13:00:00,0.66901,0.66947,0.6685,0.66931
2023-06-27 14:00:00,0.66932,0.66936,0.66823,0.66881
2023-06-27 15:00:00,0.6688,0.67066,0.66848,0.66977
2023-06-27 16:00:00,0.66977,0.67147,0.66965,0.67037
2023-06-27 17:00:00,0.67038,0.67052,0.668,0.66929
2023-06-27 18:00:00,0.66929,0.66934,0.66787,0.6682
2023-06-27 19:00:00,0.6682,0.66857,0.66784,0.66848
2023-06-27 20:00:00,0.66848,0.66912,0.66824,0.66902
2023-06-27 21:00:00,0.66903,0.66904,0.66856,0.66893
2023-06-27 22:00:00,0.66894,0.66913,0.66875,0.66893
2023-06-27 23:00:00,0.66892,0.66893,0.66844,0.66851
2023-06-28 00:00:00,0.66849,0.66877,0.6678,0.66844
2023-06-28 01:00:00,0.66844,0.66865,0.66827,0.6684
2023-06-28 02:00:00,0.6684,0.66841,0.66798,0.66822
2023-06-28 03:00:00,0.66822,0.66893,0.66639,0.66688
2023-06-28 04:00:00,0.6669,0.66744,0.66182,0.6631
2023-06-28 05:00:00,0.6631,0.66454,0.66302,0.66404
2023-06-28 06:00:00,0.66404,0.66459,0.66394,0.66451
2023-06-28 07:00:00,0.66451,0.66462,0.664,0.6644
2023-06-28 08:00:00,0.6644,0.66459,0.66364,0.66455
2023-06-28 09:00:00,0.66455,0.66487,0.66334,0.66392
2023-06-28 10:00:00,0.66391,0.66494,0.66369,0.6639
2023-06-28 11:00:00,0.66398,0.66431,0.66327,0.66341
2023-06-28 12:00:00,0.66344,0.66445,0.66326,0.66346
2023-06-28 13:00:00,0.66346,0.66414,0.66332,0.66342
2023-06-28 14:00:00,0.66342,0.6639,0.66228,0.66231
2023-06-28 15:00:00,0.66235,0.6625,0.66042,0.66057
2023-06-28 16:00:00,0.66056,0.66226,0.66051,0.66165
2023-06-28 17:00:00,0.66166,0.66194,0.65969,0.65989
2023-06-28 18:00:00,0.65989,0.66232,0.65979,0.66197
2023-06-28 19:00:00,0.66196,0.66226,0.66143,0.66174
2023-06-28 20:00:00,0.66174,0.66193,0.6609,0.66112
2023-06-28 21:00:00,0.66112,0.66144,0.66073,0.66075
2023-06-28 22:00:00,0.66074,0.66098,0.6599,0.66007
2023-06-28 23:00:00,0.66007,0.66036,0.65982,0.65995
2023-06-29 00:00:00,0.65976,0.66017,0.65968,0.66008
2023-06-29 01:00:00,0.66006,0.66017,0.65981,0.6599
2023-06-29 02:00:00,0.65987,0.66049,0.65987,0.65989
2023-06-29 03:00:00,0.65989,0.66033,0.65953,0.66014
2023-06-29 04:00:00,0.66014,0.66273,0.66014,0.6618
2023-06-29 05:00:00,0.66179,0.66189,0.66061,0.66071
2023-06-29 06:00:00,0.66071,0.66122,0.66044,0.6609
2023-06-29 07:00:00,0.6609,0.66128,0.66061,0.66098
2023-06-29 08:00:00,0.66098,0.6616,0.66058,0.66139
2023-06-29 09:00:00,0.66139,0.66189,0.66044,0.66112
2023-06-29 10:00:00,0.66112,0.66245,0.66102,0.66243
2023-06-29 11:00:00,0.66243,0.66296,0.66185,0.66201
2023-06-29 12:00:00,0.66201,0.66208,0.66129,0.66153
2023-06-29 13:00:00,0.66152,0.66337,0.66146,0.66328
2023-06-29 14:00:00,0.66329,0.66405,0.66316,0.66352
2023-06-29 15:00:00,0.66352,0.66386,0.66055,0.66107
2023-06-29 16:00:00,0.66108,0.66149,0.65992,0.66057
2023-06-29 17:00:00,0.66058,0.66332,0.66047,0.66303
2023-06-29 18:00:00,0.66302,0.66348,0.66265,0.66324
2023-06-29 19:00:00,0.66323,0.66329,0.66258,0.66269
2023-06-29 20:00:00,0.66269,0.66281,0.6616,0.66175
2023-06-29 21:00:00,0.66175,0.6623,0.66141,0.66191
2023-06-29 22:00:00,0.66191,0.66224,0.66179,0.66188
2023-06-29 23:00:00,0.66189,0.66203,0.6615,0.6615
2023-06-30 00:00:00,0.66147,0.66185,0.66086,0.66153
2023-06-30 01:00:00,0.66153,0.66207,0.66146,0.66198
2023-06-30 02:00:00,0.66199,0.66214,0.66166,0.6617
2023-06-30 03:00:00,0.6617,0.66187,0.66034,0.66089
2023-06-30 04:00:00,0.6609,0.66176,0.66045,0.66151
2023-06-30 05:00:00,0.66151,0.66339,0.66151,0.66206
2023-06-30 06:00:00,0.66206,0.66311,0.66187,0.66275
2023-06-30 07:00:00,0.66275,0.66307,0.66247,0.66281
2023-06-30 08:00:00,0.66282,0.66376,0.66282,0.66295
2023-06-30 09:00:00,0.66295,0.66309,0.6619,0.66285
2023-06-30 10:00:00,0.66284,0.66302,0.66172,0.66215
2023-06-30 11:00:00,0.66215,0.66256,0.66141,0.66179
2023-06-30 12:00:00,0.66181,0.66242,0.66172,0.66228
2023-06-30 13:00:00,0.66228,0.6626,0.66172,0.66206
2023-06-30 14:00:00,0.66206,0.66243,0.66183,0.66195
2023-06-30 15:00:00,0.66195,0.66518,0.66192,0.66442
2023-06-30 16:00:00,0.66441,0.66567,0.66403,0.66508
2023-06-30 17:00:00,0.66508,0.66653,0.66485,0.66553
2023-06-30 18:00:00,0.66553,0.66641,0.66536,0.66621
2023-06-30 19:00:00,0.6662,0.66691,0.6658,0.66687
2023-06-30 20:00:00,0.66688,0.66715,0.66627,0.66646
2023-06-30 21:00:00,0.66646,0.66682,0.66612,0.66638
2023-06-30 22:00:00,0.66638,0.66654,0.66599,0.666
2023-06-30 23:00:00,0.666,0.66645,0.6655,0.66559
2023-07-03 00:00:00,0.66592,0.66627,0.66579,0.66625
2023-07-03 01:00:00,0.66624,0.66639,0.6659,0.66609
2023-07-03 02:00:00,0.66607,0.6662,0.66572,0.66578
2023-07-03 03:00:00,0.66582,0.66646,0.66525,0.6654
2023-07-03 04:00:00,0.6654,0.66673,0.6648,0.66531
2023-07-03 05:00:00,0.66531,0.66539,0.6637,0.66457
2023-07-03 06:00:00,0.66457,0.66635,0.66442,0.66632
2023-07-03 07:00:00,0.66632,0.66739,0.66632,0.6671
2023-07-03 08:00:00,0.66711,0.66752,0.66617,0.66627
2023-07-03 09:00:00,0.66627,0.66653,0.66401,0.66499
2023-07-03 10:00:00,0.66499,0.66536,0.66395,0.66417
2023-07-03 11:00:00,0.66417,0.66598,0.66401,0.66571
2023-07-03 12:00:00,0.66571,0.66596,0.66478,0.66483
2023-07-03 13:00:00,0.66483,0.66563,0.66464,0.66548
2023-07-03 14:00:00,0.66548,0.66551,0.66471,0.66502
2023-07-03 15:00:00,0.66502,0.66657,0.66461,0.66624
2023-07-03 16:00:00,0.66624,0.6679,0.66594,0.66767
2023-07-03 17:00:00,0.66768,0.66919,0.66707,0.66828
2023-07-03 18:00:00,0.66828,0.66845,0.66767,0.6677
2023-07-03 19:00:00,0.6677,0.668,0.66731,0.66731
2023-07-03 20:00:00,0.66732,0.66778,0.6672,0.6672
2023-07-03 21:00:00,0.6672,0.66731,0.66711,0.66726
2023-07-03 22:00:00,0.66726,0.66734,0.66702,0.66709
2023-07-03 23:00:00,0.6671,0.66722,0.66696,0.66713
2023-07-04 00:00:00,0.66684,0.66711,0.6662,0.66684
2023-07-04 01:00:00,0.66684,0.6672,0.66684,0.66711
2023-07-04 02:00:00,0.66713,0.66772,0.66708,0.6674
2023-07-04 03:00:00,0.6674,0.66838,0.66722,0.6679
2023-07-04 04:00:00,0.6679,0.66832,0.66692,0.66829
2023-07-04 05:00:00,0.6683,0.66837,0.66703,0.66729
2023-07-04 06:00:00,0.66728,0.66799,0.66714,0.6676
2023-07-04 07:00:00,0.6676,0.66872,0.66434,0.66465
2023-07-04 08:00:00,0.66465,0.66567,0.66416,0.66535
2023-07-04 09:00:00,0.66536,0.66797,0.6651,0.66784
2023-07-04 10:00:00,0.66784,0.66885,0.66774,0.66799
2023-07-04 11:00:00,0.66799,0.66853,0.66731,0.66798
2023-07-04 12:00:00,0.66797,0.66875,0.66783,0.66866
2023-07-04 13:00:00,0.66866,0.66904,0.66825,0.66827
2023-07-04 14:00:00,0.66828,0.66925,0.66826,0.66883
2023-07-04 15:00:00,0.66883,0.66951,0.6686,0.66943
2023-07-04 16:00:00,0.66944,0.66975,0.66899,0.66939
2023-07-04 17:00:00,0.6694,0.66993,0.66923,0.66993
2023-07-04 18:00:00,0.66993,0.67054,0.66953,0.67037
2023-07-04 19:00:00,0.67037,0.67041,0.66944,0.66959
2023-07-04 20:00:00,0.66961,0.66982,0.66952,0.66952
2023-07-04 21:00:00,0.66952,0.6697,0.66943,0.66944
2023-07-04 22:00:00,0.66944,0.66946,0.66917,0.66939
2023-07-04 23:00:00,0.66938,0.66964,0.669,0.66907
2023-07-05 00:00:00,0.66877,0.66938,0.66799,0.669
2023-07-05 01:00:00,0.66895,0.66934,0.66878,0.6692
2023-07-05 02:00:00,0.6692,0.66942,0.66911,0.66934
2023-07-05 03:00:00,0.66934,0.66985,0.6692,0.6694
2023-07-05 04:00:00,0.66941,0.66972,0.66833,0.66843
2023-07-05 05:00:00,0.66842,0.66859,0.66794,0.66856
2023-07-05 06:00:00,0.66856,0.6687,0.66825,0.66848
2023-07-05 07:00:00,0.66848,0.66855,0.66806,0.66812
2023-07-05 08:00:00,0.66811,0.66896,0.66758,0.66859
2023-07-05 09:00:00,0.66859,0.66884,0.66734,0.66781
2023-07-05 10:00:00,0.66783,0.6687,0.66778,0.66818
2023-07-05 11:00:00,0.66817,0.66831,0.66647,0.66717
2023-07-05 12:00:00,0.66717,0.66784,0.66687,0.66724
2023-07-05 13:00:00,0.66724,0.66736,0.66581,0.66608
2023-07-05 14:00:00,0.66609,0.6667,0.66587,0.66632
2023-07-05 15:00:00,0.66632,0.6669,0.66579,0.66655
2023-07-05 16:00:00,0.66655,0.6685,0.66651,0.66685
2023-07-05 17:00:00,0.66684,0.6676,0.6661,0.66706
2023-07-05 18:00:00,0.66706,0.66713,0.66619,0.66624
2023-07-05 19:00:00,0.66624,0.66694,0.66593,0.66628
2023-07-05 20:00:00,0.66628,0.66685,0.6661,0.66643
2023-07-05 21:00:00,0.66643,0.66706,0.66537,0.66537
2023-07-05 22:00:00,0.66539,0.66593,0.66539,0.66556
2023-07-05 23:00:00,0.66557,0.66574,0.66529,0.66536
2023-07-06 00:00:00,0.66526,0.66559,0.66508,0.66542
2023-07-06 01:00:00,0.66541,0.66555,0.66524,0.66528
2023-07-06 02:00:00,0.66528,0.6656,0.66522,0.6655
2023-07-06 03:00:00,0.6655,0.66569,0.66506,0.6654
2023-07-06 04:00:00,0.6654,0.6663,0.6652,0.66629
2023-07-06 05:00:00,0.6663,0.6672,0.66593,0.66688
2023-07-06 06:00:00,0.66688,0.66693,0.66503,0.66514
2023-07-06 07:00:00,0.66513,0.66545,0.66335,0.66532
2023-07-06 08:00:00,0.66533,0.66603,0.66494,0.66598
2023-07-06 09:00:00,0.66597,0.66871,0.66593,0.66842
2023-07-06 10:00:00,0.66842,0.6686,0.66701,0.6671
2023-07-06 11:00:00,0.6671,0.66731,0.66635,0.66694
2023-07-06 12:00:00,0.66694,0.66752,0.66602,0.66629
2023-07-06 13:00:00,0.6663,0.66826,0.66629,0.668
2023-07-06 14:00:00,0.668,0.66879,0.66779,0.66862
2023-07-06 15:00:00,0.66862,0.66869,0.66318,0.66393
2023-07-06 16:00:00,0.66393,0.66477,0.66258,0.66309
2023-07-06 17:00:00,0.66311,0.66311,0.65991,0.66158
2023-07-06 18:00:00,0.66158,0.66216,0.66109,0.6618
2023-07-06 19:00:00,0.6618,0.66257,0.6618,0.66213
2023-07-06 20:00:00,0.66213,0.66265,0.66192,0.66251
2023-07-06 21:00:00,0.66251,0.66274,0.66216,0.66255
2023-07-06 22:00:00,0.66255,0.66275,0.66239,0.66254
2023-07-06 23:00:00,0.66254,0.66257,0.66237,0.66239
2023-07-07 00:00:00,0.66242,0.66253,0.66116,0.66242
2023-07-07 01:00:00,0.66242,0.66276,0.66229,0.66266
2023-07-07 02:00:00,0.6627,0.66313,0.6627,0.66285
2023-07-07 03:00:00,0.66285,0.66298,0.66206,0.6625
2023-07-07 04:00:00,0.66251,0.66351,0.66248,0.66319
2023-07-07 05:00:00,0.66319,0.66344,0.66252,0.66265
2023-07-07 06:00:00,0.66265,0.66365,0.6626,0.66317
2023-07-07 07:00:00,0.66317,0.66405,0.66295,0.66359
2023-07-07 08:00:00,0.6636,0.66432,0.66338,0.6635
2023-07-07 09:00:00,0.6635,0.66425,0.66295,0.66303
2023-07-07 10:00:00,0.66303,0.66339,0.66252,0.66319
2023-07-07 11:00:00,0.66319,0.66414,0.66264,0.66401
2023-07-07 12:00:00,0.66402,0.6645,0.66391,0.66413
2023-07-07 13:00:00,0.66412,0.66499,0.66377,0.66452
2023-07-07 14:00:00,0.66451,0.66463,0.66356,0.66356
2023-07-07 15:00:00,0.66356,0.66593,0.66229,0.66315
2023-07-07 16:00:00,0.66314,0.6669,0.66197,0.666
2023-07-07 17:00:00,0.666,0.66847,0.66513,0.66833
2023-07-07 18:00:00,0.66833,0.66865,0.66785,0.66845
2023-07-07 19:00:00,0.66845,0.67008,0.66838,0.67003
2023-07-07 20:00:00,0.67003,0.67006,0.66917,0.66942
2023-07-07 21:00:00,0.66943,0.66964,0.66919,0.6694
2023-07-07 22:00:00,0.6694,0.66953,0.66842,0.66846
2023-07-07 23:00:00,0.66846,0.66919,0.66842,0.66918
2023-07-10 00:00:00,0.6679,0.66892,0.66726,0.66884
2023-07-10 01:00:00,0.66886,0.6696,0.66874,0.6689
2023-07-10 02:00:00,0.6689,0.66898,0.66838,0.66881
2023-07-10 03:00:00,0.66881,0.66921,0.66807,0.6683
2023-07-10 04:00:00,0.6683,0.66957,0.66759,0.6686
2023-07-10 05:00:00,0.6686,0.66905,0.66758,0.66792
2023-07-10 06:00:00,0.66792,0.66822,0.6663,0.66658
2023-07-10 07:00:00,0.66658,0.66722,0.66617,0.66658
2023-07-10 08:00:00,0.66658,0.66679,0.66544,0.66555
2023-07-10 09:00:00,0.66555,0.66581,0.66459,0.66487
2023-07-10 10:00:00,0.66487,0.66558,0.66409,0.66497
2023-07-10 11:00:00,0.66498,0.66544,0.66433,0.66468
2023-07-10 12:00:00,0.66468,0.66468,0.66345,0.66368
2023-07-10 13:00:00,0.66368,0.6644,0.66327,0.66415
2023-07-10 14:00:00,0.66416,0.6647,0.66405,0.66437
2023-07-10 15:00:00,0.66436,0.66462,0.66236,0.66264
2023-07-10 16:00:00,0.66265,0.66596,0.66265,0.66565
2023-07-10 17:00:00,0.66566,0.66628,0.66474,0.66564
2023-07-10 18:00:00,0.66563,0.66696,0.6653,0.66673
2023-07-10 19:00:00,0.66674,0.6672,0.66635,0.66716
2023-07-10 20:00:00,0.66716,0.66802,0.66714,0.66789
2023-07-10 21:00:00,0.66789,0.66795,0.66716,0.6677
2023-07-10 22:00:00,0.66771,0.6679,0.66756,0.66771
2023-07-10 23:00:00,0.66772,0.66785,0.66739,0.66741
2023-07-11 00:00:00,0.66737,0.66771,0.6663,0.66739
2023-07-11 01:00:00,0.66735,0.66779,0.66735,0.66754
2023-07-11 02:00:00,0.66756,0.66784,0.66738,0.66767
2023-07-11 03:00:00,0.66768,0.66908,0.66741,0.66865
2023-07-11 04:00:00,0.66862,0.66922,0.66825,0.66844
2023-07-11 05:00:00,0.66844,0.66898,0.66763,0.66895
2023-07-11 06:00:00,0.66896,0.66904,0.66809,0.66877
2023-07-11 07:00:00,0.66876,0.6692,0.66845,0.66893
2023-07-11 08:00:00,0.66892,0.6695,0.66768,0.66786
2023-07-11 09:00:00,0.66786,0.66943,0.66786,0.66911
2023-07-11 10:00:00,0.66911,0.66922,0.66716,0.66728
2023-07-11 11:00:00,0.66728,0.66826,0.66614,0.66652
2023-07-11 12:00:00,0.66653,0.66756,0.66629,0.66748
2023-07-11 13:00:00,0.66748,0.6678,0.6666,0.66664
2023-07-11 14:00:00,0.66663,0.66718,0.66601,0.66642
2023-07-11 15:00:00,0.66642,0.66671,0.66525,0.66554
2023-07-11 16:00:00,0.66554,0.66647,0.66513,0.66612
2023-07-11 17:00:00,0.66613,0.66667,0.66509,0.66532
2023-07-11 18:00:00,0.66532,0.66642,0.66513,0.66627
2023-07-11 19:00:00,0.66627,0.66696,0.66626,0.66694
2023-07-11 20:00:00,0.66693,0.6675,0.66693,0.66712
2023-07-11 21:00:00,0.66712,0.66813,0.66672,0.66801
2023-07-11 22:00:00,0.66801,0.66855,0.66789,0.66853
2023-07-11 23:00:00,0.66853,0.66884,0.66841,0.66863
2023-07-12 00:00:00,0.66783,0.66865,0.66754,0.6685
2023-07-12 01:00:00,0.6685,0.66918,0.66841,0.66912
2023-07-12 02:00:00,0.66914,0.66952,0.66911,0.66932
2023-07-12 03:00:00,0.66932,0.67178,0.66916,0.67117
2023-07-12 04:00:00,0.67117,0.67258,0.67109,0.67223
2023-07-12 05:00:00,0.67224,0.67418,0.67154,0.67367
2023-07-12 06:00:00,0.67367,0.67371,0.67167,0.67187
2023-07-12 07:00:00,0.67188,0.67269,0.6718,0.67221
2023-07-12 08:00:00,0.67222,0.67234,0.66995,0.67069
2023-07-12 09:00:00,0.67069,0.6718,0.67038,0.67057
2023-07-12 10:00:00,0.67057,0.67077,0.66828,0.66884
2023-07-12 11:00:00,0.66883,0.66902,0.66837,0.66877
2023-07-12 12:00:00,0.66877,0.66944,0.66846,0.66941
2023-07-12 13:00:00,0.66941,0.66951,0.66873,0.66895
2023-07-12 14:00:00,0.66895,0.66937,0.66838,0.66881
2023-07-12 15:00:00,0.66881,0.67514,0.66848,0.67291
2023-07-12 16:00:00,0.67291,0.67763,0.67278,0.67755
2023-07-12 17:00:00,0.67753,0.67953,0.67677,0.67925
2023-07-12 18:00:00,0.67926,0.67932,0.67737,0.6782
2023-07-12 19:00:00,0.6782,0.67942,0.67791,0.67926
2023-07-12 20:00:00,0.67926,0.6796,0.6785,0.67885
2023-07-12 21:00:00,0.67886,0.67936,0.67866,0.67922
2023-07-12 22:00:00,0.67922,0.67933,0.6784,0.67897
2023-07-12 23:00:00,0.67897,0.67922,0.67826,0.67832
2023-07-13 00:00:00,0.67763,0.67895,0.67753,0.67861
2023-07-13 01:00:00,0.67866,0.67919,0.67866,0.67886
2023-07-13 02:00:00,0.67889,0.67931,0.67865,0.67924
2023-07-13 03:00:00,0.67925,0.67995,0.67885,0.67891
2023-07-13 04:00:00,0.67889,0.68014,0.67854,0.67998
2023-07-13 05:00:00,0.67999,0.68067,0.67908,0.68053
2023-07-13 06:00:00,0.68052,0.68174,0.68024,0.68148
2023-07-13 07:00:00,0.68148,0.68203,0.68095,0.68106
2023-07-13 08:00:00,0.68105,0.68199,0.68057,0.6806
2023-07-13 09:00:00,0.68059,0.68346,0.68049,0.68341
2023-07-13 10:00:00,0.68341,0.68427,0.68259,0.68422
2023-07-13 11:00:00,0.68423,0.68506,0.68352,0.68437
2023-07-13 12:00:00,0.68437,0.68522,0.68383,0.6852
2023-07-13 13:00:00,0.6852,0.68584,0.68467,0.68583
2023-07-13 14:00:00,0.68583,0.6861,0.68528,0.68573
2023-07-13 15:00:00,0.68574,0.687,0.68413,0.68655
2023-07-13 16:00:00,0.68655,0.68899,0.68637,0.68889
2023-07-13 17:00:00,0.68888,0.68945,0.68768,0.68945
2023-07-13 18:00:00,0.68947,0.68947,0.68691,0.68714
2023-07-13 19:00:00,0.68714,0.68798,0.68697,0.6878
2023-07-13 20:00:00,0.68781,0.68866,0.68749,0.6886
2023-07-13 21:00:00,0.68859,0.68927,0.68841,0.68916
2023-07-13 22:00:00,0.68916,0.68916,0.68874,0.68877
2023-07-13 23:00:00,0.68877,0.689,0.68857,0.68876
2023-07-14 00:00:00,0.68872,0.68877,0.68715,0.68857
2023-07-14 01:00:00,0.6885,0.68911,0.68847,0.68886
2023-07-14 02:00:00,0.68886,0.68928,0.68848,0.68884
2023-07-14 03:00:00,0.68885,0.68924,0.68777,0.68778
2023-07-14 04:00:00,0.68778,0.68902,0.68757,0.68887
2023-07-14 05:00:00,0.68887,0.68926,0.68847,0.68866
2023-07-14 06:00:00,0.68866,0.68951,0.68853,0.68931
2023-07-14 07:00:00,0.68931,0.68947,0.68851,0.68913
2023-07-14 08:00:00,0.68913,0.68919,0.68815,0.68888
2023-07-14 09:00:00,0.68888,0.68901,0.68619,0.68633
2023-07-14 10:00:00,0.68633,0.68757,0.68633,0.68752
2023-07-14 11:00:00,0.68752,0.68796,0.68708,0.68721
2023-07-14 12:00:00,0.68721,0.68797,0.68705,0.68706
2023-07-14 13:00:00,0.68706,0.68737,0.68654,0.68724
2023-07-14 14:00:00,0.68726,0.6875,0.6865,0.68663
2023-07-14 15:00:00,0.68663,0.68674,0.68549,0.68655
2023-07-14 16:00:00,0.68655,0.687,0.68524,0.68675
2023-07-14 17:00:00,0.68677,0.68677,0.68425,0.68575
2023-07-14 18:00:00,0.68573,0.68581,0.68406,0.68421
2023-07-14 19:00:00,0.68421,0.68509,0.68405,0.6848
2023-07-14 20:00:00,0.68481,0.6849,0.6842,0.68459
2023-07-14 21:00:00,0.68459,0.6847,0.68368,0.68399
2023-07-14 22:00:00,0.68398,0.68402,0.68353,0.68357
2023-07-17 00:00:00,0.68405,0.68418,0.68278,0.68354
2023-07-17 01:00:00,0.68354,0.68391,0.68306,0.68315
2023-07-17 02:00:00,0.68316,0.68399,0.68297,0.68375
2023-07-17 03:00:00,0.68373,0.68382,0.68303,0.68313
2023-07-17 04:00:00,0.68313,0.68357,0.68156,0.68156
2023-07-17 05:00:00,0.68147,0.68279,0.68109,0.68227
2023-07-17 06:00:00,0.68227,0.68238,0.68065,0.68085
2023-07-17 07:00:00,0.68084,0.68184,0.68068,0.68175
2023-07-17 08:00:00,0.68175,0.68204,0.68114,0.68128
2023-07-17 09:00:00,0.68127,0.68154,0.68042,0.6811
2023-07-17 10:00:00,0.6811,0.68179,0.68078,0.68172
2023-07-17 11:00:00,0.68172,0.68241,0.6811,0.68156
2023-07-17 12:00:00,0.68157,0.68198,0.68072,0.68102
2023-07-17 13:00:00,0.68102,0.68151,0.68097,0.6813
2023-07-17 14:00:00,0.6813,0.68195,0.68118,0.68149
2023-07-17 15:00:00,0.68149,0.68174,0.67947,0.68004
2023-07-17 16:00:00,0.68004,0.68088,0.67876,0.6808
2023-07-17 17:00:00,0.6808,0.68172,0.68053,0.68172
2023-07-17 18:00:00,0.68171,0.68225,0.68128,0.68203
2023-07-17 19:00:00,0.68203,0.68238,0.68197,0.68223
2023-07-17 20:00:00,0.68223,0.68286,0.68195,0.68237
2023-07-17 21:00:00,0.68238,0.68243,0.68198,0.68233
2023-07-17 22:00:00,0.68233,0.68258,0.68208,0.68227
2023-07-17 23:00:00,0.68226,0.68228,0.68123,0.68123
2023-07-18 00:00:00,0.68117,0.68177,0.68117,0.68133
2023-07-18 01:00:00,0.68139,0.6818,0.68139,0.68171
2023-07-18 02:00:00,0.68175,0.68186,0.68096,0.68097
2023-07-18 03:00:00,0.681,0.68192,0.68075,0.68115
2023-07-18 04:00:00,0.68115,0.68325,0.68078,0.68167
2023-07-18 05:00:00,0.68167,0.68291,0.68152,0.6829
2023-07-18 06:00:00,0.68291,0.68373,0.68225,0.68275
2023-07-18 07:00:00,0.68274,0.68352,0.68215,0.68232
2023-07-18 08:00:00,0.68231,0.68343,0.68207,0.68223
2023-07-18 09:00:00,0.68222,0.68257,0.68067,0.68252
2023-07-18 10:00:00,0.68252,0.68312,0.68064,0.68068
2023-07-18 11:00:00,0.68068,0.68176,0.68054,0.68083
2023-07-18 12:00:00,0.68083,0.68192,0.68057,0.6819
2023-07-18 13:00:00,0.68189,0.68224,0.68127,0.68161
2023-07-18 14:00:00,0.6816,0.68164,0.67973,0.68047
2023-07-18 15:00:00,0.68047,0.68224,0.67891,0.6803
2023-07-18 16:00:00,0.6803,0.68069,0.67904,0.68062
2023-07-18 17:00:00,0.68062,0.68297,0.68051,0.68267
2023-07-18 18:00:00,0.68267,0.68281,0.68122,0.68157
2023-07-18 19:00:00,0.68157,0.68172,0.68033,0.68042
2023-07-18 20:00:00,0.68042,0.68076,0.68021,0.68067
2023-07-18 21:00:00,0.68067,0.68137,0.6802,0.68133
2023-07-18 22:00:00,0.68133,0.68134,0.68086,0.68117
2023-07-18 23:00:00,0.68118,0.68123,0.6808,0.681
2023-07-19 00:00:00,0.68097,0.68131,0.68006,0.68095
2023-07-19 01:00:00,0.68097,0.682,0.68094,0.68194
2023-07-19 02:00:00,0.68194,0.68199,0.68112,0.68132
2023-07-19 03:00:00,0.68133,0.68194,0.68056,0.68058
2023-07-19 04:00:00,0.68059,0.68106,0.67957,0.68013
2023-07-19 05:00:00,0.68013,0.68018,0.67827,0.67839
2023-07-19 06:00:00,0.67839,0.67903,0.67826,0.67863
2023-07-19 07:00:00,0.67864,0.67874,0.67786,0.67852
2023-07-19 08:00:00,0.67852,0.67991,0.67849,0.67962
2023-07-19 09:00:00,0.67965,0.67967,0.67688,0.67895
2023-07-19 10:00:00,0.67895,0.67957,0.67841,0.67842
2023-07-19 11:00:00,0.67841,0.67889,0.67638,0.67663
2023-07-19 12:00:00,0.67663,0.6776,0.67634,0.67687
2023-07-19 13:00:00,0.67687,0.67705,0.67575,0.67629
2023-07-19 14:00:00,0.67629,0.6767,0.67554,0.6764
2023-07-19 15:00:00,0.6764,0.67726,0.67631,0.67692
2023-07-19 16:00:00,0.67693,0.67882,0.67691,0.67807
2023-07-19 17:00:00,0.67807,0.67821,0.6754,0.67572
2023-07-19 18:00:00,0.67573,0.67671,0.67502,0.67628
2023-07-19 19:00:00,0.67629,0.67677,0.67599,0.67668
2023-07-19 20:00:00,0.67669,0.67739,0.67654,0.67712
2023-07-19 21:00:00,0.6771,0.6776,0.67674,0.67753
2023-07-19 22:00:00,0.67753,0.67779,0.67717,0.6774
2023-07-19 23:00:00,0.67741,0.67748,0.67693,0.67709
2023-07-20 00:00:00,0.67715,0.67731,0.67545,0.67722
2023-07-20 01:00:00,0.67727,0.67727,0.6765,0.67675
2023-07-20 02:00:00,0.67675,0.67711,0.6767,0.6771
2023-07-20 03:00:00,0.6771,0.67884,0.67703,0.67853
2023-07-20 04:00:00,0.67853,0.68331,0.67844,0.68261
2023-07-20 05:00:00,0.68261,0.684,0.68221,0.68382
2023-07-20 06:00:00,0.68381,0.68385,0.68235,0.68315
2023-07-20 07:00:00,0.68316,0.6836,0.68275,0.68319
2023-07-20 08:00:00,0.68319,0.68344,0.68233,0.68277
2023-07-20 09:00:00,0.68276,0.68287,0.68065,0.68205
2023-07-20 10:00:00,0.68205,0.68291,0.68171,0.68228
2023-07-20 11:00:00,0.68228,0.68353,0.68226,0.68311
2023-07-20 12:00:00,0.68311,0.6837,0.6827,0.68332
2023-07-20 13:00:00,0.68332,0.68467,0.68294,0.68382
2023-07-20 14:00:00,0.68381,0.68387,0.68268,0.68269
2023-07-20 15:00:00,0.68269,0.6827,0.68048,0.68132
2023-07-20 16:00:00,0.68133,0.68185,0.68041,0.6815
2023-07-20 17:00:00,0.68153,0.68183,0.67722,0.67852
2023-07-20 18:00:00,0.67853,0.67899,0.67713,0.67775
2023-07-20 19:00:00,0.67776,0.67821,0.67705,0.67734
2023-07-20 20:00:00,0.67735,0.67877,0.67734,0.67834
2023-07-20 21:00:00,0.67834,0.67862,0.67801,0.67812
2023-07-20 22:00:00,0.67811,0.67819,0.67764,0.67793
2023-07-20 23:00:00,0.67793,0.678,0.67769,0.67769
2023-07-21 00:00:00,0.67774,0.67812,0.67731,0.6779
2023-07-21 01:00:00,0.67792,0.67815,0.67759,0.6777
2023-07-21 02:00:00,0.6777,0.67812,0.67754,0.67783
2023-07-21 03:00:00,0.67784,0.67784,0.67686,0.67749
2023-07-21 04:00:00,0.67749,0.6776,0.67589,0.67696
2023-07-21 05:00:00,0.67696,0.6781,0.67689,0.67797
2023-07-21 06:00:00,0.67798,0.67835,0.67729,0.67743
2023-07-21 07:00:00,0.67743,0.67797,0.67726,0.67786
2023-07-21 08:00:00,0.67786,0.67814,0.67705,0.67757
2023-07-21 09:00:00,0.67755,0.67879,0.67723,0.67824
2023-07-21 10:00:00,0.67824,0.67873,0.67565,0.67572
2023-07-21 11:00:00,0.67571,0.67574,0.67443,0.67464
2023-07-21 12:00:00,0.67464,0.67539,0.67441,0.6753
2023-07-21 13:00:00,0.6753,0.67556,0.67483,0.67517
2023-07-21 14:00:00,0.67517,0.67526,0.6734,0.6734
2023-07-21 15:00:00,0.6734,0.6743,0.67333,0.6734
2023-07-21 16:00:00,0.67339,0.67425,0.67283,0.67305
2023-07-21 17:00:00,0.67304,0.67326,0.67225,0.67296
2023-07-21 18:00:00,0.67296,0.67375,0.67267,0.6736
2023-07-21 19:00:00,0.6736,0.67382,0.67325,0.67374
2023-07-21 20:00:00,0.67374,0.6738,0.67337,0.6734
2023-07-21 21:00:00,0.67339,0.67362,0.67308,0.67313
2023-07-21 22:00:00,0.67314,0.67314,0.67265,0.67293
2023-07-21 23:00:00,0.67292,0.6732,0.67263,0.67288
2023-07-24 00:00:00,0.67279,0.67326,0.67246,0.67318
2023-07-24 01:00:00,0.67318,0.67334,0.67259,0.67262
2023-07-24 02:00:00,0.67262,0.67296,0.67226,0.67255
2023-07-24 03:00:00,0.67255,0.6732,0.67215,0.673
2023-07-24 04:00:00,0.673,0.67325,0.67151,0.67251
2023-07-24 05:00:00,0.67251,0.67409,0.6723,0.67335
2023-07-24 06:00:00,0.67335,0.67382,0.67309,0.67331
2023-07-24 07:00:00,0.67331,0.67341,0.67291,0.67307
2023-07-24 08:00:00,0.67307,0.67369,0.67289,0.67366
2023-07-24 09:00:00,0.67366,0.67381,0.67265,0.67329
2023-07-24 10:00:00,0.67329,0.67411,0.67253,0.67341
2023-07-24 11:00:00,0.67341,0.67431,0.673,0.67311
2023-07-24 12:00:00,0.67311,0.67507,0.67306,0.67417
2023-07-24 13:00:00,0.67415,0.67486,0.67394,0.67474
2023-07-24 14:00:00,0.67474,0.67561,0.67428,0.67432
2023-07-24 15:00:00,0.67432,0.67434,0.67267,0.67349
2023-07-24 16:00:00,0.67348,0.6743,0.67227,0.67268
2023-07-24 17:00:00,0.67269,0.67498,0.67263,0.67483
2023-07-24 18:00:00,0.67483,0.67522,0.67395,0.67496
2023-07-24 19:00:00,0.67495,0.67508,0.67436,0.67499
2023-07-24 20:00:00,0.67499,0.67541,0.67462,0.67476
2023-07-24 21:00:00,0.67476,0.67481,0.67375,0.67417
2023-07-24 22:00:00,0.67416,0.67431,0.67364,0.67378
2023-07-24 23:00:00,0.67379,0.67399,0.6737,0.67381
2023-07-25 00:00:00,0.67375,0.67397,0.67229,0.67376
2023-07-25 01:00:00,0.67378,0.67404,0.67351,0.67364
2023-07-25 02:00:00,0.67363,0.6738,0.67314,0.67318
2023-07-25 03:00:00,0.67318,0.67348,0.67254,0.67325
2023-07-25 04:00:00,0.67325,0.6756,0.67319,0.67527
2023-07-25 05:00:00,0.67527,0.67717,0.67496,0.67674
2023-07-25 06:00:00,0.67673,0.67683,0.67585,0.67649
2023-07-25 07:00:00,0.67649,0.6768,0.67579,0.67581
2023-07-25 08:00:00,0.67579,0.67688,0.67567,0.67682
2023-07-25 09:00:00,0.67682,0.67759,0.67664,0.67711
2023-07-25 10:00:00,0.6771,0.67739,0.67609,0.6766
2023-07-25 11:00:00,0.6766,0.67789,0.67619,0.67776
2023-07-25 12:00:00,0.67776,0.67779,0.67612,0.67652
2023-07-25 13:00:00,0.67652,0.67694,0.67623,0.67627
2023-07-25 14:00:00,0.67627,0.67684,0.67565,0.67651
2023-07-25 15:00:00,0.67651,0.67754,0.67622,0.6773
2023-07-25 16:00:00,0.67731,0.67757,0.67531,0.67681
2023-07-25 17:00:00,0.67681,0.67852,0.67616,0.6784
2023-07-25 18:00:00,0.6784,0.67907,0.67814,0.67882
2023-07-25 19:00:00,0.67882,0.67927,0.67817,0.67823
2023-07-25 20:00:00,0.67823,0.67884,0.67807,0.67858
2023-07-25 21:00:00,0.67858,0.67882,0.6783,0.67852
2023-07-25 22:00:00,0.67851,0.67917,0.67851,0.67889
2023-07-25 23:00:00,0.67889,0.6795,0.67883,0.67916
2023-07-26 00:00:00,0.67897,0.67914,0.67668,0.6789
2023-07-26 01:00:00,0.67888,0.67926,0.67857,0.67858
2023-07-26 02:00:00,0.67856,0.67898,0.6785,0.67874
2023-07-26 03:00:00,0.67875,0.67913,0.67745,0.6777
2023-07-26 04:00:00,0.67769,0.6781,0.67294,0.67507
2023-07-26 05:00:00,0.67506,0.67639,0.67437,0.67621
2023-07-26 06:00:00,0.67622,0.67662,0.67604,0.67627
2023-07-26 07:00:00,0.67627,0.6768,0.6759,0.67599
2023-07-26 08:00:00,0.676,0.67683,0.67596,0.67619
2023-07-26 09:00:00,0.67619,0.67762,0.67594,0.67722
2023-07-26 10:00:00,0.67722,0.67738,0.67617,0.67662
2023-07-26 11:00:00,0.67662,0.67702,0.67632,0.67653
2023-07-26 12:00:00,0.67653,0.67676,0.67528,0.67597
2023-07-26 13:00:00,0.67598,0.67635,0.67555,0.67589
2023-07-26 14:00:00,0.67588,0.67599,0.67457,0.67458
2023-07-26 15:00:00,0.67458,0.67459,0.67348,0.67365
2023-07-26 16:00:00,0.67365,0.67495,0.67309,0.67479
2023-07-26 17:00:00,0.67481,0.67573,0.67433,0.67517
2023-07-26 18:00:00,0.67517,0.67642,0.67504,0.67548
2023-07-26 19:00:00,0.67548,0.67588,0.67512,0.67528
2023-07-26 20:00:00,0.67526,0.67526,0.67369,0.67377
2023-07-26 21:00:00,0.67379,0.67837,0.67357,0.67774
2023-07-26 22:00:00,0.67774,0.67798,0.67503,0.67656
2023-07-26 23:00:00,0.67655,0.6766,0.67567,0.6757
2023-07-27 00:00:00,0.67505,0.67592,0.67505,0.67579
2023-07-27 01:00:00,0.67574,0.67612,0.67558,0.67583
2023-07-27 02:00:00,0.67583,0.67616,0.67558,0.6761
2023-07-27 03:00:00,0.6761,0.67721,0.67592,0.67713
2023-07-27 04:00:00,0.67712,0.67873,0.67708,0.67863
2023-07-27 05:00:00,0.67863,0.68193,0.6786,0.67983
2023-07-27 06:00:00,0.67983,0.68104,0.67968,0.68093
2023-07-27 07:00:00,0.68094,0.68212,0.68092,0.68116
2023-07-27 08:00:00,0.68115,0.68123,0.67912,0.6793
2023-07-27 09:00:00,0.6793,0.68001,0.67861,0.67956
2023-07-27 10:00:00,0.67956,0.68178,0.67938,0.68143
2023-07-27 11:00:00,0.68142,0.68189,0.68104,0.68124
2023-07-27 12:00:00,0.68124,0.68159,0.67957,0.68002
2023-07-27 13:00:00,0.68001,0.68005,0.67934,0.67955
2023-07-27 14:00:00,0.67955,0.68012,0.67876,0.67993
2023-07-27 15:00:00,0.67993,0.67993,0.6772,0.67795
2023-07-27 16:00:00,0.67795,0.67803,0.67441,0.67515
2023-07-27 17:00:00,0.67515,0.67515,0.67215,0.67271
2023-07-27 18:00:00,0.67272,0.67413,0.6725,0.67401
2023-07-27 19:00:00,0.674,0.67443,0.67323,0.67358
2023-07-27 20:00:00,0.67358,0.67492,0.67279,0.67311
2023-07-27 21:00:00,0.6731,0.67322,0.67024,0.67041
2023-07-27 22:00:00,0.67041,0.67063,0.66981,0.67023
2023-07-27 23:00:00,0.67022,0.67084,0.6701,0.6708
2023-07-28 00:00:00,0.67007,0.67089,0.67,0.67074
2023-07-28 01:00:00,0.67072,0.67126,0.67068,0.67118
2023-07-28 02:00:00,0.67119,0.67136,0.67072,0.67116
2023-07-28 03:00:00,0.67118,0.67126,0.6696,0.66976
2023-07-28 04:00:00,0.66976,0.67081,0.66859,0.66886
2023-07-28 05:00:00,0.66883,0.66929,0.66772,0.66854
2023-07-28 06:00:00,0.66854,0.66919,0.66553,0.66659
2023-07-28 07:00:00,0.66658,0.66672,0.6643,0.66517
2023-07-28 08:00:00,0.66516,0.66705,0.66512,0.66703
2023-07-28 09:00:00,0.66703,0.66703,0.66431,0.6644
2023-07-28 10:00:00,0.6644,0.66466,0.66249,0.6628
2023-07-28 11:00:00,0.66281,0.66448,0.66227,0.66426
2023-07-28 12:00:00,0.66426,0.66574,0.66405,0.6654
2023-07-28 13:00:00,0.66541,0.66585,0.66493,0.66579
2023-07-28 14:00:00,0.66578,0.66767,0.66526,0.66705
2023-07-28 15:00:00,0.66703,0.6685,0.66581,0.66644
2023-07-28 16:00:00,0.66644,0.66658,0.66502,0.66558
2023-07-28 17:00:00,0.66557,0.66734,0.66548,0.66689
2023-07-28 18:00:00,0.66689,0.66698,0.66592,0.66688
2023-07-28 19:00:00,0.66686,0.6676,0.66621,0.66621
2023-07-28 20:00:00,0.66623,0.66631,0.66454,0.66528
2023-07-28 21:00:00,0.66527,0.66591,0.66491,0.66507
2023-07-28 22:00:00,0.66503,0.66549,0.66481,0.66525
2023-07-28 23:00:00,0.66526,0.66542,0.66451,0.66459
2023-07-31 00:00:00,0.66425,0.66548,0.66425,0.66488
2023-07-31 01:00:00,0.66488,0.66571,0.66471,0.66559
2023-07-31 02:00:00,0.66553,0.66652,0.66549,0.66595
2023-07-31 03:00:00,0.66596,0.66694,0.66579,0.66674
2023-07-31 04:00:00,0.66674,0.66786,0.66585,0.66642
2023-07-31 05:00:00,0.66642,0.66794,0.66602,0.66777
2023-07-31 06:00:00,0.66777,0.66817,0.66724,0.66762
2023-07-31 07:00:00,0.66763,0.66778,0.66716,0.66752
2023-07-31 08:00:00,0.66752,0.66836,0.6671,0.66825
2023-07-31 09:00:00,0.66824,0.67006,0.66807,0.66903
2023-07-31 10:00:00,0.66903,0.66977,0.66855,0.66903
2023-07-31 11:00:00,0.66903,0.66939,0.6685,0.66933
2023-07-31 12:00:00,0.66934,0.67028,0.66921,0.67002
2023-07-31 13:00:00,0.67003,0.67094,0.66972,0.67073
2023-07-31 14:00:00,0.67074,0.67121,0.67033,0.67087
2023-07-31 15:00:00,0.67088,0.67184,0.67057,0.67121
2023-07-31 16:00:00,0.67121,0.67221,0.67034,0.67174
2023-07-31 17:00:00,0.67175,0.67396,0.67149,0.67381
2023-07-31 18:00:00,0.67381,0.67387,0.67279,0.67292
2023-07-31 19:00:00,0.67293,0.67319,0.67226,0.67246
2023-07-31 20:00:00,0.67246,0.67291,0.67228,0.67278
2023-07-31 21:00:00,0.67278,0.67295,0.67176,0.67177
2023-07-31 22:00:00,0.67179,0.67205,0.67138,0.67167
2023-07-31 23:00:00,0.67168,0.67184,0.67156,0.67166
2023-08-01 00:00:00,0.6714,0.67177,0.67098,0.67156
2023-08-01 01:00:00,0.67156,0.67198,0.67156,0.67178
2023-08-01 02:00:00,0.67178,0.67189,0.67155,0.6716
2023-08-01 03:00:00,0.67159,0.67236,0.67131,0.67135
2023-08-01 04:00:00,0.67135,0.67175,0.67016,0.67052
2023-08-01 05:00:00,0.67052,0.67073,0.66896,0.66921
2023-08-01 06:00:00,0.66921,0.66986,0.66914,0.66931
2023-08-01 07:00:00,0.66929,0.67079,0.66575,0.66754
2023-08-01 08:00:00,0.66752,0.66788,0.6666,0.66748
2023-08-01 09:00:00,0.66748,0.66748,0.66549,0.66575
2023-08-01 10:00:00,0.66575,0.66587,0.66402,0.66444
2023-08-01 11:00:00,0.66443,0.66449,0.66254,0.66356
2023-08-01 12:00:00,0.66356,0.66398,0.66308,0.66321
2023-08-01 13:00:00,0.6632,0.66338,0.66254,0.66323
2023-08-01 14:00:00,0.66324,0.66347,0.66256,0.66286
2023-08-01 15:00:00,0.66286,0.66298,0.66055,0.66065
2023-08-01 16:00:00,0.66066,0.66219,0.66053,0.66158
2023-08-01 17:00:00,0.66163,0.66324,0.66066,0.66185
2023-08-01 18:00:00,0.66184,0.66222,0.66055,0.66101
2023-08-01 19:00:00,0.66102,0.66113,0.66044,0.6606
2023-08-01 20:00:00,0.6606,0.66074,0.6602,0.6604
2023-08-01 21:00:00,0.6604,0.6612,0.6604,0.66081
2023-08-01 22:00:00,0.66082,0.66159,0.66082,0.66127
2023-08-01 23:00:00,0.66126,0.66147,0.66111,0.66128
2023-08-02 00:00:00,0.66084,0.66224,0.66042,0.66208
2023-08-02 01:00:00,0.66205,0.66224,0.66156,0.66173
2023-08-02 02:00:00,0.66173,0.66196,0.66116,0.66175
2023-08-02 03:00:00,0.66175,0.66208,0.66061,0.66147
2023-08-02 04:00:00,0.66147,0.66298,0.66137,0.6618
2023-08-02 05:00:00,0.66179,0.66202,0.66013,0.66041
2023-08-02 06:00:00,0.66041,0.66044,0.65865,0.65928
2023-08-02 07:00:00,0.65928,0.65938,0.65784,0.65855
2023-08-02 08:00:00,0.65855,0.65926,0.65794,0.65813
2023-08-02 09:00:00,0.65812,0.6583,0.65653,0.65763
2023-08-02 10:00:00,0.65763,0.65832,0.65684,0.65809
2023-08-02 11:00:00,0.65811,0.65857,0.65723,0.65839
2023-08-02 12:00:00,0.65838,0.65884,0.6578,0.65834
2023-08-02 13:00:00,0.65834,0.65897,0.65744,0.65861
2023-08-02 14:00:00,0.65861,0.65922,0.65734,0.65764
2023-08-02 15:00:00,0.65764,0.65834,0.65624,0.65631
2023-08-02 16:00:00,0.65631,0.6567,0.65532,0.6556
2023-08-02 17:00:00,0.6556,0.65619,0.6527,0.654
2023-08-02 18:00:00,0.65398,0.65504,0.65369,0.65413
2023-08-02 19:00:00,0.65413,0.65512,0.65398,0.65507
2023-08-02 20:00:00,0.65507,0.65536,0.65455,0.6546
2023-08-02 21:00:00,0.6546,0.65504,0.65415,0.65452
2023-08-02 22:00:00,0.65452,0.65481,0.6537,0.65427
2023-08-02 23:00:00,0.65427,0.6543,0.6536,0.6538
2023-08-03 00:00:00,0.65357,0.65392,0.65262,0.65356
2023-08-03 01:00:00,0.65364,0.65442,0.65358,0.65435
2023-08-03 02:00:00,0.65434,0.65454,0.65398,0.65413
2023-08-03 03:00:00,0.65413,0.65418,0.65314,0.6535
2023-08-03 04:00:00,0.6535,0.65557,0.65314,0.65445
2023-08-03 05:00:00,0.65445,0.65468,0.65307,0.65326
2023-08-03 06:00:00,0.65326,0.65374,0.65279,0.65367
2023-08-03 07:00:00,0.65365,0.65375,0.65264,0.65264
2023-08-03 08:00:00,0.65264,0.65426,0.65245,0.65415
2023-08-03 09:00:00,0.65414,0.65414,0.65275,0.65285
2023-08-03 10:00:00,0.65285,0.65337,0.65216,0.65286
2023-08-03 11:00:00,0.65285,0.65307,0.65142,0.65176
2023-08-03 12:00:00,0.65177,0.65338,0.65176,0.65329
2023-08-03 13:00:00,0.65329,0.65338,0.65245,0.65288
2023-08-03 14:00:00,0.65288,0.65395,0.65237,0.65287
2023-08-03 15:00:00,0.65287,0.65489,0.65236,0.65363
2023-08-03 16:00:00,0.65364,0.65397,0.65259,0.65281
2023-08-03 17:00:00,0.65287,0.65458,0.65254,0.65356
2023-08-03 18:00:00,0.65356,0.65589,0.65356,0.65524
2023-08-03 19:00:00,0.65524,0.65685,0.65513,0.65615
2023-08-03 20:00:00,0.65615,0.65626,0.65498,0.65499
2023-08-03 21:00:00,0.65499,0.65524,0.6547,0.65471
2023-08-03 22:00:00,0.65471,0.65492,0.6542,0.65456
2023-08-03 23:00:00,0.65456,0.65542,0.6545,0.6549
2023-08-04 00:00:00,0.65497,0.65509,0.65358,0.65473
2023-08-04 01:00:00,0.65472,0.65572,0.65466,0.65567
2023-08-04 02:00:00,0.65566,0.65619,0.65553,0.65605
2023-08-04 03:00:00,0.65604,0.65715,0.65541,0.65714
2023-08-04 04:00:00,0.65713,0.65876,0.65684,0.65828
2023-08-04 05:00:00,0.65828,0.65859,0.65583,0.65661
2023-08-04 06:00:00,0.65661,0.65834,0.65645,0.65705
2023-08-04 07:00:00,0.65705,0.65789,0.65682,0.65712
2023-08-04 08:00:00,0.65712,0.65793,0.65638,0.65712
2023-08-04 09:00:00,0.65712,0.65775,0.65623,0.6564
2023-08-04 10:00:00,0.65639,0.65668,0.65576,0.65621
2023-08-04 11:00:00,0.65621,0.6565,0.65542,0.65583
2023-08-04 12:00:00,0.65582,0.65632,0.65546,0.65591
2023-08-04 13:00:00,0.65591,0.65594,0.65467,0.65488
2023-08-04 14:00:00,0.65493,0.65503,0.6546,0.6547
2023-08-04 15:00:00,0.65469,0.65865,0.65454,0.65766
2023-08-04 16:00:00,0.65765,0.6608,0.65741,0.65904
2023-08-04 17:00:00,0.65904,0.66004,0.65736,0.65862
2023-08-04 18:00:00,0.65862,0.66095,0.65826,0.66038
2023-08-04 19:00:00,0.66038,0.6609,0.65991,0.66055
2023-08-04 20:00:00,0.66056,0.66062,0.65977,0.65981
2023-08-04 21:00:00,0.65981,0.65981,0.65697,0.65725
2023-08-04 22:00:00,0.65725,0.65752,0.65621,0.65653
2023-08-04 23:00:00,0.65653,0.65699,0.6563,0.6564
2023-08-07 00:00:00,0.65698,0.65748,0.65645,0.65699
2023-08-07 01:00:00,0.65694,0.65745,0.65676,0.65743
2023-08-07 02:00:00,0.65744,0.6575,0.6568,0.65737
2023-08-07 03:00:00,0.65736,0.6583,0.65694,0.65822
2023-08-07 04:00:00,0.65821,0.65879,0.65702,0.65879
2023-08-07 05:00:00,0.6588,0.65929,0.65848,0.65897
2023-08-07 06:00:00,0.65897,0.65921,0.65814,0.65815
2023-08-07 07:00:00,0.65814,0.65814,0.65723,0.65734
2023-08-07 08:00:00,0.65734,0.65749,0.65642,0.65691
2023-08-07 09:00:00,0.65691,0.65768,0.65651,0.6573
2023-08-07 10:00:00,0.65729,0.65813,0.65713,0.65791
2023-08-07 11:00:00,0.65791,0.65791,0.65578,0.65646
2023-08-07 12:00:00,0.65647,0.65694,0.65631,0.65635
2023-08-07 13:00:00,0.65635,0.65664,0.65552,0.65581
2023-08-07 14:00:00,0.65581,0.65734,0.65577,0.65725
2023-08-07 15:00:00,0.65725,0.65807,0.6568,0.65803
2023-08-07 16:00:00,0.65804,0.65864,0.65598,0.65604
2023-08-07 17:00:00,0.65603,0.65733,0.65562,0.65688
2023-08-07 18:00:00,0.65688,0.65702,0.65607,0.65634
2023-08-07 19:00:00,0.65634,0.65684,0.65585,0.65682
2023-08-07 20:00:00,0.65682,0.65735,0.65652,0.65731
2023-08-07 21:00:00,0.65731,0.6577,0.65709,0.65732
2023-08-07 22:00:00,0.65733,0.65753,0.6572,0.65736
2023-08-07 23:00:00,0.65736,0.65752,0.65718,0.65724
2023-08-08 00:00:00,0.6572,0.65748,0.65614,0.65713
2023-08-08 01:00:00,0.65711,0.6574,0.65708,0.65729
2023-08-08 02:00:00,0.65728,0.65751,0.65721,0.65724
2023-08-08 03:00:00,0.65724,0.6576,0.65662,0.65683
2023-08-08 04:00:00,0.65683,0.65687,0.65369,0.65399
2023-08-08 05:00:00,0.65401,0.65569,0.65364,0.65527
2023-08-08 06:00:00,0.65527,0.65591,0.65455,0.65458
2023-08-08 07:00:00,0.65457,0.65488,0.65405,0.6547
2023-08-08 08:00:00,0.6547,0.65507,0.65316,0.6533
2023-08-08 09:00:00,0.65329,0.65391,0.65221,0.6523
2023-08-08 10:00:00,0.6523,0.65326,0.65212,0.65241
2023-08-08 11:00:00,0.65243,0.65274,0.65164,0.65259
2023-08-08 12:00:00,0.6526,0.65273,0.6512,0.65142
2023-08-08 13:00:00,0.65143,0.65156,0.65041,0.65051
2023-08-08 14:00:00,0.6505,0.65125,0.64994,0.65027
2023-08-08 15:00:00,0.65026,0.65137,0.64998,0.65083
2023-08-08 16:00:00,0.65083,0.6519,0.64967,0.65016
2023-08-08 17:00:00,0.65017,0.65177,0.64969,0.65107
2023-08-08 18:00:00,0.65108,0.65208,0.65062,0.65134
2023-08-08 19:00:00,0.65134,0.65268,0.65131,0.65204
2023-08-08 20:00:00,0.65204,0.65388,0.65201,0.65351
2023-08-08 21:00:00,0.65351,0.65391,0.65315,0.65377
2023-08-08 22:00:00,0.65377,0.65436,0.6537,0.65422
2023-08-08 23:00:00,0.65422,0.65443,0.65393,0.65425
2023-08-09 00:00:00,0.65424,0.65434,0.65324,0.65375
2023-08-09 01:00:00,0.65379,0.65426,0.65367,0.6539
2023-08-09 02:00:00,0.6539,0.65396,0.65311,0.65331
2023-08-09 03:00:00,0.65332,0.65392,0.65292,0.65294
2023-08-09 04:00:00,0.65294,0.6547,0.65282,0.65409
2023-08-09 05:00:00,0.6541,0.65631,0.65382,0.65621
2023-08-09 06:00:00,0.65622,0.65638,0.6552,0.65535
2023-08-09 07:00:00,0.65535,0.65561,0.65496,0.65544
2023-08-09 08:00:00,0.65544,0.6559,0.65521,0.65562
2023-08-09 09:00:00,0.65563,0.65712,0.65541,0.65666
2023-08-09 10:00:00,0.65665,0.6569,0.65519,0.65665
2023-08-09 11:00:00,0.65665,0.65688,0.65546,0.65574
2023-08-09 12:00:00,0.65574,0.65589,0.65452,0.6547
2023-08-09 13:00:00,0.6547,0.65481,0.65381,0.65411
2023-08-09 14:00:00,0.65412,0.65467,0.65366,0.65385
2023-08-09 15:00:00,0.65385,0.6542,0.65272,0.65333
2023-08-09 16:00:00,0.65332,0.65422,0.65309,0.65396
2023-08-09 17:00:00,0.65396,0.65497,0.65261,0.65289
2023-08-09 18:00:00,0.65289,0.65317,0.65201,0.65241
2023-08-09 19:00:00,0.65241,0.6531,0.65234,0.65287
2023-08-09 20:00:00,0.65287,0.65415,0.65283,0.6535
2023-08-09 21:00:00,0.65349,0.65408,0.65332,0.65373
2023-08-09 22:00:00,0.65374,0.65405,0.65306,0.65314
2023-08-09 23:00:00,0.65313,0.65334,0.6527,0.65271
2023-08-10 00:00:00,0.65272,0.65304,0.65225,0.65286
2023-08-10 01:00:00,0.65286,0.65331,0.65269,0.65313
2023-08-10 02:00:00,0.65319,0.65375,0.65315,0.65348
2023-08-10 03:00:00,0.65351,0.65366,0.6529,0.65309
2023-08-10 04:00:00,0.65311,0.65423,0.65261,0.65369
2023-08-10 05:00:00,0.65366,0.65457,0.65341,0.65361
2023-08-10 06:00:00,0.65361,0.65408,0.65332,0.65388
2023-08-10 07:00:00,0.65389,0.6546,0.65385,0.65386
2023-08-10 08:00:00,0.65386,0.65458,0.65377,0.65451
2023-08-10 09:00:00,0.65449,0.65531,0.65422,0.65511
2023-08-10 10:00:00,0.65512,0.65629,0.65502,0.65512
2023-08-10 11:00:00,0.65512,0.65582,0.65496,0.65517
2023-08-10 12:00:00,0.65516,0.65603,0.65505,0.65587
2023-08-10 13:00:00,0.65588,0.65645,0.65578,0.65632
2023-08-10 14:00:00,0.65632,0.65692,0.6562,0.65685
2023-08-10 15:00:00,0.65685,0.66165,0.65608,0.65852
2023-08-10 16:00:00,0.65852,0.65885,0.65628,0.65845
2023-08-10 17:00:00,0.65844,0.65875,0.65539,0.65591
2023-08-10 18:00:00,0.65591,0.65612,0.65509,0.65564
2023-08-10 19:00:00,0.65563,0.65589,0.65478,0.65506
2023-08-10 20:00:00,0.65505,0.65515,0.65203,0.65223
2023-08-10 21:00:00,0.65223,0.65403,0.65211,0.65381
2023-08-10 22:00:00,0.65382,0.65384,0.65215,0.65224
2023-08-10 23:00:00,0.65224,0.65237,0.65137,0.6514
2023-08-11 00:00:00,0.65153,0.65175,0.65128,0.65156
2023-08-11 01:00:00,0.65156,0.6519,0.65132,0.65168
2023-08-11 02:00:00,0.65168,0.65182,0.65116,0.6512
2023-08-11 03:00:00,0.65118,0.65225,0.65096,0.65218
2023-08-11 04:00:00,0.65218,0.65336,0.65218,0.65247
2023-08-11 05:00:00,0.65246,0.65263,0.65159,0.65203
2023-08-11 06:00:00,0.65201,0.65304,0.65195,0.65245
2023-08-11 07:00:00,0.65245,0.65261,0.65188,0.65212
2023-08-11 08:00:00,0.65212,0.65238,0.65176,0.65197
2023-08-11 09:00:00,0.65196,0.65326,0.65167,0.65216
2023-08-11 10:00:00,0.65216,0.653,0.65211,0.65232
2023-08-11 11:00:00,0.65231,0.65276,0.65115,0.65225
2023-08-11 12:00:00,0.65225,0.65286,0.65177,0.6519
2023-08-11 13:00:00,0.6519,0.65277,0.65177,0.65229
2023-08-11 14:00:00,0.65229,0.65318,0.65219,0.65285
2023-08-11 15:00:00,0.65285,0.65314,0.65051,0.65064
2023-08-11 16:00:00,0.65063,0.65147,0.64983,0.65052
2023-08-11 17:00:00,0.65153,0.65254,0.65048,0.65152
2023-08-11 18:00:00,0.65152,0.65189,0.64875,0.64895
2023-08-11 19:00:00,0.64944,0.65003,0.6489,0.64909
2023-08-11 20:00:00,0.64909,0.64978,0.64859,0.6488
2023-08-11 21:00:00,0.64883,0.64953,0.64879,0.64927
2023-08-11 22:00:00,0.64927,0.64961,0.64898,0.64953
2023-08-11 23:00:00,0.64953,0.6496,0.64922,0.64942
2023-08-14 00:00:00,0.64947,0.64971,0.64914,0.64952
2023-08-14 01:00:00,0.64952,0.64978,0.64927,0.64967
2023-08-14 02:00:00,0.6497,0.64987,0.6492,0.64949
2023-08-14 03:00:00,0.64947,0.64969,0.64772,0.64775
2023-08-14 04:00:00,0.64775,0.64795,0.64657,0.64705
2023-08-14 05:00:00,0.64706,0.64716,0.64568,0.64621
2023-08-14 06:00:00,0.64621,0.64677,0.6457,0.64669
2023-08-14 07:00:00,0.64669,0.64716,0.6465,0.647
2023-08-14 08:00:00,0.64702,0.64783,0.64683,0.64764
2023-08-14 09:00:00,0.64764,0.648,0.64689,0.64765
2023-08-14 10:00:00,0.64765,0.64971,0.64727,0.64964
2023-08-14 11:00:00,0.64962,0.64977,0.6486,0.64882
2023-08-14 12:00:00,0.64882,0.64975,0.64872,0.64964
2023-08-14 13:00:00,0.64965,0.6503,0.64936,0.6498
2023-08-14 14:00:00,0.64979,0.64996,0.64925,0.64947
2023-08-14 15:00:00,0.64947,0.64947,0.64719,0.64789
2023-08-14 16:00:00,0.64789,0.64817,0.6454,0.64618
2023-08-14 17:00:00,0.64617,0.64941,0.64605,0.64821
2023-08-14 18:00:00,0.64821,0.64974,0.64808,0.64953
2023-08-14 19:00:00,0.64953,0.65026,0.64917,0.64946
2023-08-14 20:00:00,0.64944,0.64983,0.64884,0.649
2023-08-14 21:00:00,0.64902,0.64917,0.64783,0.64787
2023-08-14 22:00:00,0.64787,0.64892,0.64787,0.64859
2023-08-14 23:00:00,0.64859,0.64882,0.64848,0.64856
2023-08-15 00:00:00,0.64854,0.6488,0.64721,0.64859
2023-08-15 01:00:00,0.64863,0.64889,0.64849,0.64876
2023-08-15 02:00:00,0.64883,0.64899,0.64848,0.64879
2023-08-15 03:00:00,0.64879,0.64914,0.64829,0.64867
2023-08-15 04:00:00,0.64867,0.64942,0.64628,0.64883
2023-08-15 05:00:00,0.64882,0.6496,0.6476,0.64937
2023-08-15 06:00:00,0.64936,0.65115,0.64917,0.65071
2023-08-15 07:00:00,0.65072,0.65075,0.65005,0.65034
2023-08-15 08:00:00,0.65035,0.65105,0.64987,0.65035
2023-08-15 09:00:00,0.65035,0.6522,0.6492,0.64924
2023-08-15 10:00:00,0.64923,0.64978,0.64673,0.64676
2023-08-15 11:00:00,0.64676,0.64802,0.64622,0.64761
2023-08-15 12:00:00,0.64761,0.64807,0.64661,0.64759
2023-08-15 13:00:00,0.64758,0.64774,0.64643,0.64705
2023-08-15 14:00:00,0.64705,0.64771,0.64635,0.6469
2023-08-15 15:00:00,0.6469,0.64844,0.64561,0.64715
2023-08-15 16:00:00,0.64716,0.64912,0.64682,0.64777
2023-08-15 17:00:00,0.64776,0.64931,0.6467,0.6492
2023-08-15 18:00:00,0.64918,0.6494,0.64788,0.64832
2023-08-15 19:00:00,0.64833,0.64854,0.64654,0.64689
2023-08-15 20:00:00,0.64689,0.64708,0.64647,0.64666
2023-08-15 21:00:00,0.64666,0.64699,0.64617,0.64624
2023-08-15 22:00:00,0.64625,0.64651,0.64514,0.6457
2023-08-15 23:00:00,0.6457,0.64576,0.64531,0.64542
2023-08-16 00:00:00,0.64539,0.64557,0.64507,0.64547
2023-08-16 01:00:00,0.64544,0.64556,0.6452,0.64538
2023-08-16 02:00:00,0.64538,0.64594,0.64538,0.64573
2023-08-16 03:00:00,0.64573,0.64575,0.64402,0.64414
2023-08-16 04:00:00,0.64415,0.64475,0.64281,0.64404
2023-08-16 05:00:00,0.64404,0.6451,0.64385,0.64466
2023-08-16 06:00:00,0.64466,0.64601,0.64456,0.64489
2023-08-16 07:00:00,0.64489,0.64525,0.64456,0.64521
2023-08-16 08:00:00,0.6452,0.64576,0.64444,0.64513
2023-08-16 09:00:00,0.64514,0.64699,0.64446,0.64622
2023-08-16 10:00:00,0.64622,0.64784,0.64601,0.64754
2023-08-16 11:00:00,0.64753,0.64806,0.64713,0.6473
2023-08-16 12:00:00,0.64728,0.64744,0.64601,0.64635
2023-08-16 13:00:00,0.64636,0.64644,0.64542,0.64581
2023-08-16 14:00:00,0.64581,0.64605,0.64529,0.64572
2023-08-16 15:00:00,0.64571,0.64624,0.64365,0.64369
2023-08-16 16:00:00,0.64368,0.64684,0.64356,0.6456
2023-08-16 17:00:00,0.6456,0.64599,0.64422,0.64557
2023-08-16 18:00:00,0.64559,0.64583,0.6438,0.6439
2023-08-16 19:00:00,0.6439,0.64411,0.6431,0.64331
2023-08-16 20:00:00,0.6433,0.64371,0.64264,0.64355
2023-08-16 21:00:00,0.64354,0.64443,0.6423,0.64256
2023-08-16 22:00:00,0.64257,0.64268,0.64157,0.64209
2023-08-16 23:00:00,0.64213,0.64241,0.64201,0.64225
2023-08-17 00:00:00,0.64227,0.64236,0.64129,0.64224
2023-08-17 01:00:00,0.64224,0.64258,0.64199,0.64232
2023-08-17 02:00:00,0.64229,0.64229,0.64132,0.64136
2023-08-17 03:00:00,0.64136,0.64151,0.64003,0.64003
2023-08-17 04:00:00,0.64003,0.64048,0.63643,0.63819
2023-08-17 05:00:00,0.6382,0.63854,0.63716,0.63776
2023-08-17 06:00:00,0.63775,0.63858,0.63763,0.63822
2023-08-17 07:00:00,0.63822,0.63941,0.63818,0.63926
2023-08-17 08:00:00,0.63927,0.63937,0.63784,0.6385
2023-08-17 09:00:00,0.6385,0.64088,0.63831,0.64024
2023-08-17 10:00:00,0.64024,0.6407,0.63911,0.63955
2023-08-17 11:00:00,0.63955,0.64074,0.63939,0.63959
2023-08-17 12:00:00,0.63959,0.6417,0.63928,0.6417
2023-08-17 13:00:00,0.64168,0.64346,0.64164,0.64302
2023-08-17 14:00:00,0.64301,0.64367,0.64262,0.6434
2023-08-17 15:00:00,0.6434,0.64506,0.64285,0.64375
2023-08-17 16:00:00,0.64375,0.64472,0.6424,0.64252
2023-08-17 17:00:00,0.64252,0.64295,0.6416,0.64212
2023-08-17 18:00:00,0.64212,0.6424,0.64116,0.6415
2023-08-17 19:00:00,0.6415,0.64254,0.64084,0.64198
2023-08-17 20:00:00,0.64198,0.64203,0.63998,0.64043
2023-08-17 21:00:00,0.64043,0.64049,0.63952,0.63953
2023-08-17 22:00:00,0.63953,0.64044,0.63952,0.64024
2023-08-17 23:00:00,0.64025,0.64059,0.64008,0.64031
2023-08-18 00:00:00,0.64029,0.64036,0.63978,0.63991
2023-08-18 01:00:00,0.6399,0.64034,0.63984,0.64023
2023-08-18 02:00:00,0.64022,0.64085,0.64022,0.64061
2023-08-18 03:00:00,0.64061,0.64195,0.64039,0.6415
2023-08-18 04:00:00,0.64151,0.64275,0.64115,0.64242
2023-08-18 05:00:00,0.64244,0.64289,0.64139,0.64165
2023-08-18 06:00:00,0.64164,0.64164,0.64028,0.64052
2023-08-18 07:00:00,0.64052,0.64086,0.63955,0.63987
2023-08-18 08:00:00,0.63987,0.64074,0.63926,0.64065
2023-08-18 09:00:00,0.64066,0.6416,0.64035,0.64067
2023-08-18 10:00:00,0.64067,0.64139,0.63983,0.63997
2023-08-18 11:00:00,0.63997,0.64099,0.63945,0.63981
2023-08-18 12:00:00,0.63982,0.64001,0.63857,0.6398
2023-08-18 13:00:00,0.6398,0.64057,0.63945,0.63949
2023-08-18 14:00:00,0.63949,0.63955,0.63844,0.6388
2023-08-18 15:00:00,0.6388,0.63938,0.63791,0.63871
2023-08-18 16:00:00,0.63872,0.64096,0.63864,0.64044
2023-08-18 17:00:00,0.64043,0.64125,0.6401,0.64097
2023-08-18 18:00:00,0.64097,0.64154,0.64054,0.64125
2023-08-18 19:00:00,0.64125,0.64144,0.64079,0.64141
2023-08-18 20:00:00,0.64141,0.64177,0.64023,0.64142
2023-08-18 21:00:00,0.64142,0.64144,0.64048,0.64052
2023-08-18 22:00:00,0.64051,0.641,0.64018,0.64042
2023-08-18 23:00:00,0.64041,0.64061,0.63986,0.64025
2023-08-21 00:00:00,0.6408,0.6408,0.6399,0.64043
2023-08-21 01:00:00,0.64045,0.64107,0.64036,0.64083
2023-08-21 02:00:00,0.64082,0.64144,0.64062,0.64142
2023-08-21 03:00:00,0.64142,0.64183,0.64092,0.64095
2023-08-21 04:00:00,0.64095,0.64112,0.63945,0.64004
2023-08-21 05:00:00,0.64003,0.64152,0.63961,0.64095
2023-08-21 06:00:00,0.64095,0.64098,0.64011,0.64011
2023-08-21 07:00:00,0.6401,0.64083,0.63999,0.64032
2023-08-21 08:00:00,0.64032,0.64115,0.63999,0.64002
2023-08-21 09:00:00,0.64002,0.64038,0.6395,0.63986
2023-08-21 10:00:00,0.63986,0.64103,0.63972,0.64007
2023-08-21 11:00:00,0.64006,0.6404,0.63931,0.6399
2023-08-21 12:00:00,0.6399,0.64154,0.6399,0.64109
2023-08-21 13:00:00,0.64108,0.64157,0.64021,0.64046
2023-08-21 14:00:00,0.64046,0.64213,0.64036,0.64181
2023-08-21 15:00:00,0.64181,0.64214,0.64095,0.64136
2023-08-21 16:00:00,0.64136,0.642,0.64016,0.6409
2023-08-21 17:00:00,0.64091,0.64108,0.63916,0.6398
2023-08-21 18:00:00,0.6398,0.63986,0.63872,0.63923
2023-08-21 19:00:00,0.63922,0.64071,0.63922,0.6406
2023-08-21 20:00:00,0.64062,0.64122,0.64044,0.6408
2023-08-21 21:00:00,0.6408,0.64164,0.64076,0.64158
2023-08-21 22:00:00,0.64158,0.64202,0.64157,0.64166
2023-08-21 23:00:00,0.64164,0.64168,0.64123,0.64129
2023-08-22 00:00:00,0.64126,0.64147,0.64033,0.64133
2023-08-22 01:00:00,0.64133,0.64168,0.6412,0.64127
2023-08-22 02:00:00,0.64123,0.64183,0.64122,0.64131
2023-08-22 03:00:00,0.6413,0.64145,0.64066,0.64112
2023-08-22 04:00:00,0.64112,0.64249,0.64036,0.64113
2023-08-22 05:00:00,0.64113,0.64199,0.641,0.64131
2023-08-22 06:00:00,0.64131,0.64289,0.64115,0.64224
2023-08-22 07:00:00,0.64225,0.64239,0.64169,0.64173
2023-08-22 08:00:00,0.64173,0.64244,0.64132,0.64162
2023-08-22 09:00:00,0.64162,0.6443,0.64137,0.64346
2023-08-22 10:00:00,0.64345,0.64474,0.64305,0.64439
2023-08-22 11:00:00,0.64438,0.64452,0.64339,0.64376
2023-08-22 12:00:00,0.64376,0.64546,0.64351,0.64535
2023-08-22 13:00:00,0.64535,0.64579,0.64428,0.64443
2023-08-22 14:00:00,0.64443,0.64502,0.64386,0.64494
2023-08-22 15:00:00,0.64494,0.64536,0.64273,0.64281
2023-08-22 16:00:00,0.64279,0.64375,0.64088,0.64107
2023-08-22 17:00:00,0.64108,0.64308,0.64096,0.64264
2023-08-22 18:00:00,0.64264,0.64301,0.64217,0.64239
2023-08-22 19:00:00,0.64238,0.64273,0.642,0.6421
2023-08-22 20:00:00,0.64208,0.64233,0.6416,0.642
2023-08-22 21:00:00,0.64199,0.64261,0.64185,0.64226
2023-08-22 22:00:00,0.64225,0.6427,0.64189,0.64215
2023-08-22 23:00:00,0.64214,0.64237,0.64213,0.64225
2023-08-23 00:00:00,0.64226,0.64226,0.6417,0.64208
2023-08-23 01:00:00,0.64205,0.64256,0.64203,0.64238
2023-08-23 02:00:00,0.64239,0.64272,0.64234,0.64243
2023-08-23 03:00:00,0.64243,0.64394,0.64203,0.64332
2023-08-23 04:00:00,0.64332,0.64508,0.64318,0.64471
2023-08-23 05:00:00,0.64472,0.64518,0.64409,0.64425
2023-08-23 06:00:00,0.64422,0.64442,0.64351,0.64379
2023-08-23 07:00:00,0.64378,0.64396,0.64333,0.64366
2023-08-23 08:00:00,0.64366,0.64433,0.64353,0.64406
2023-08-23 09:00:00,0.64407,0.64418,0.64276,0.64287
2023-08-23 10:00:00,0.64287,0.64353,0.64162,0.6429
2023-08-23 11:00:00,0.6429,0.64351,0.64223,0.643
2023-08-23 12:00:00,0.64301,0.6432,0.64197,0.64221
2023-08-23 13:00:00,0.64221,0.64253,0.64116,0.64154
2023-08-23 14:00:00,0.64153,0.64204,0.64144,0.64188
2023-08-23 15:00:00,0.64188,0.64217,0.6411,0.64139
2023-08-23 16:00:00,0.64139,0.64551,0.64128,0.64518
2023-08-23 17:00:00,0.64518,0.64658,0.64487,0.64624
2023-08-23 18:00:00,0.64624,0.64722,0.64606,0.64681
2023-08-23 19:00:00,0.64681,0.64742,0.64653,0.64725
2023-08-23 20:00:00,0.64724,0.64792,0.64711,0.64747
2023-08-23 21:00:00,0.64747,0.64748,0.64667,0.64702
2023-08-23 22:00:00,0.64702,0.64756,0.64677,0.64723
2023-08-23 23:00:00,0.64723,0.64815,0.6471,0.64795
2023-08-24 00:00:00,0.64796,0.64821,0.64659,0.64773
2023-08-24 01:00:00,0.64776,0.64823,0.64775,0.64796
2023-08-24 02:00:00,0.64797,0.64818,0.64762,0.64805
2023-08-24 03:00:00,0.64805,0.6488,0.64754,0.6477
2023-08-24 04:00:00,0.6477,0.64798,0.64675,0.6469
2023-08-24 05:00:00,0.6469,0.64785,0.64681,0.64774
2023-08-24 06:00:00,0.64774,0.64882,0.64725,0.64804
2023-08-24 07:00:00,0.64803,0.64849,0.64765,0.64848
2023-08-24 08:00:00,0.64848,0.64878,0.64771,0.6479
2023-08-24 09:00:00,0.64791,0.64806,0.64661,0.64666
2023-08-24 10:00:00,0.64666,0.64695,0.64569,0.6457
2023-08-24 11:00:00,0.6457,0.64675,0.64565,0.64581
2023-08-24 12:00:00,0.64581,0.64606,0.64447,0.64464
2023-08-24 13:00:00,0.64464,0.6454,0.64455,0.6452
2023-08-24 14:00:00,0.6452,0.64555,0.64374,0.64389
2023-08-24 15:00:00,0.64389,0.64391,0.64269,0.64307
2023-08-24 16:00:00,0.64308,0.64433,0.6422,0.64433
2023-08-24 17:00:00,0.64433,0.6448,0.6431,0.6436
2023-08-24 18:00:00,0.6436,0.6437,0.64231,0.6425
2023-08-24 19:00:00,0.64248,0.64311,0.64244,0.64251
2023-08-24 20:00:00,0.64252,0.64289,0.64209,0.64239
2023-08-24 21:00:00,0.64239,0.64287,0.64203,0.64224
2023-08-24 22:00:00,0.64224,0.64238,0.64142,0.64155
2023-08-24 23:00:00,0.64155,0.64166,0.64122,0.6416
2023-08-25 00:00:00,0.6415,0.64214,0.64111,0.64176
2023-08-25 01:00:00,0.64172,0.64186,0.64152,0.6416
2023-08-25 02:00:00,0.6416,0.64163,0.64115,0.64124
2023-08-25 03:00:00,0.64127,0.64179,0.64118,0.64155
2023-08-25 04:00:00,0.64156,0.64198,0.6413,0.64169
2023-08-25 05:00:00,0.64168,0.64192,0.64124,0.64156
2023-08-25 06:00:00,0.64156,0.64172,0.64057,0.64085
2023-08-25 07:00:00,0.64086,0.64125,0.64042,0.64042
2023-08-25 08:00:00,0.64043,0.64205,0.64021,0.64161
2023-08-25 09:00:00,0.64161,0.64171,0.64034,0.64135
2023-08-25 10:00:00,0.64135,0.64248,0.64135,0.64175
2023-08-25 11:00:00,0.64175,0.64269,0.64147,0.64249
2023-08-25 12:00:00,0.64249,0.64274,0.64166,0.642
2023-08-25 13:00:00,0.642,0.64281,0.64193,0.64277
2023-08-25 14:00:00,0.64277,0.64312,0.64218,0.64258
2023-08-25 15:00:00,0.64258,0.64319,0.64243,0.64267
2023-08-25 16:00:00,0.64267,0.64279,0.64059,0.64134
2023-08-25 17:00:00,0.64133,0.64413,0.63798,0.63849
2023-08-25 18:00:00,0.63849,0.64133,0.63843,0.63996
2023-08-25 19:00:00,0.63996,0.64112,0.63996,0.64058
2023-08-25 20:00:00,0.64058,0.64114,0.64009,0.64107
2023-08-25 21:00:00,0.64109,0.64262,0.64106,0.64187
2023-08-25 22:00:00,0.64187,0.64207,0.64106,0.64126
2023-08-25 23:00:00,0.64126,0.64126,0.64015,0.64019
2023-08-28 00:00:00,0.6405,0.64107,0.64035,0.6406
2023-08-28 01:00:00,0.6406,0.6414,0.64054,0.64083
2023-08-28 02:00:00,0.64084,0.64168,0.64069,0.64159
2023-08-28 03:00:00,0.64159,0.64256,0.64151,0.64216
2023-08-28 04:00:00,0.64216,0.64395,0.64214,0.64269
2023-08-28 05:00:00,0.64269,0.64358,0.64252,0.6432
2023-08-28 06:00:00,0.64321,0.64324,0.64265,0.64299
2023-08-28 07:00:00,0.64299,0.64316,0.64259,0.64292
2023-08-28 08:00:00,0.64292,0.64356,0.64271,0.64307
2023-08-28 09:00:00,0.64307,0.64349,0.64228,0.64243
2023-08-28 10:00:00,0.64243,0.64258,0.64059,0.6407
2023-08-28 11:00:00,0.64071,0.6411,0.64045,0.64091
2023-08-28 12:00:00,0.64091,0.64104,0.6405,0.64054
2023-08-28 13:00:00,0.64054,0.64108,0.64019,0.64081
2023-08-28 14:00:00,0.64081,0.64156,0.64081,0.64139
2023-08-28 15:00:00,0.6414,0.64247,0.6414,0.64222
2023-08-28 16:00:00,0.64222,0.64272,0.6414,0.64233
2023-08-28 17:00:00,0.64233,0.64249,0.6417,0.64212
2023-08-28 18:00:00,0.64212,0.64283,0.6418,0.6425
2023-08-28 19:00:00,0.6425,0.64305,0.64238,0.64286
2023-08-28 20:00:00,0.64286,0.64295,0.64191,0.64217
2023-08-28 21:00:00,0.64217,0.64239,0.64193,0.64234
2023-08-28 22:00:00,0.64234,0.64287,0.64222,0.64279
2023-08-28 23:00:00,0.64279,0.64298,0.64264,0.64279
2023-08-29 00:00:00,0.64164,0.64287,0.64147,0.64267
2023-08-29 01:00:00,0.64265,0.64328,0.64263,0.64314
2023-08-29 02:00:00,0.64315,0.64335,0.64274,0.6428
2023-08-29 03:00:00,0.6428,0.6434,0.64224,0.64257
2023-08-29 04:00:00,0.64257,0.64393,0.64253,0.64346
2023-08-29 05:00:00,0.64346,0.64434,0.64342,0.64431
2023-08-29 06:00:00,0.64431,0.64539,0.64409,0.64487
2023-08-29 07:00:00,0.64487,0.64498,0.64421,0.64436
2023-08-29 08:00:00,0.64436,0.64499,0.64411,0.64445
2023-08-29 09:00:00,0.64445,0.64499,0.6442,0.64436
2023-08-29 10:00:00,0.64435,0.64541,0.64361,0.64362
2023-08-29 11:00:00,0.64362,0.64462,0.64348,0.64365
2023-08-29 12:00:00,0.64365,0.64522,0.64355,0.64519
2023-08-29 13:00:00,0.6452,0.64545,0.64307,0.64324
2023-08-29 14:00:00,0.64324,0.64333,0.64163,0.64173
2023-08-29 15:00:00,0.64173,0.64199,0.64015,0.64044
2023-08-29 16:00:00,0.64044,0.64179,0.64013,0.64129
2023-08-29 17:00:00,0.64148,0.64571,0.64148,0.6441
2023-08-29 18:00:00,0.6441,0.64685,0.64397,0.64586
2023-08-29 19:00:00,0.64586,0.64614,0.64536,0.64611
2023-08-29 20:00:00,0.64611,0.64728,0.64609,0.64681
2023-08-29 21:00:00,0.64681,0.64764,0.64645,0.64759
2023-08-29 22:00:00,0.64759,0.64868,0.6474,0.64836
2023-08-29 23:00:00,0.64836,0.64842,0.64788,0.64788
2023-08-30 00:00:00,0.64787,0.64804,0.64639,0.64779
2023-08-30 01:00:00,0.64786,0.64823,0.64782,0.648
2023-08-30 02:00:00,0.64796,0.6482,0.64754,0.64759
2023-08-30 03:00:00,0.64761,0.64815,0.6474,0.64779
2023-08-30 04:00:00,0.64779,0.64788,0.64494,0.64627
2023-08-30 05:00:00,0.64628,0.64703,0.64612,0.64635
2023-08-30 06:00:00,0.64634,0.64722,0.6463,0.64719
2023-08-30 07:00:00,0.64719,0.64751,0.64675,0.64725
2023-08-30 08:00:00,0.64725,0.64814,0.64714,0.64742
2023-08-30 09:00:00,0.64742,0.64798,0.64653,0.64678
2023-08-30 10:00:00,0.64679,0.64708,0.64564,0.64653
2023-08-30 11:00:00,0.64653,0.6466,0.64542,0.64592
2023-08-30 12:00:00,0.64593,0.64702,0.64571,0.6465
2023-08-30 13:00:00,0.64649,0.64712,0.64634,0.64706
2023-08-30 14:00:00,0.64704,0.64751,0.64677,0.64678
2023-08-30 15:00:00,0.64678,0.65173,0.64662,0.65091
2023-08-30 16:00:00,0.65091,0.65221,0.6501,0.65172
2023-08-30 17:00:00,0.65172,0.65193,0.64875,0.64948
2023-08-30 18:00:00,0.64948,0.64985,0.64903,0.64941
2023-08-30 19:00:00,0.64941,0.64942,0.64802,0.64835
2023-08-30 20:00:00,0.64835,0.64892,0.6475,0.64763
2023-08-30 21:00:00,0.64763,0.6482,0.64695,0.64819
2023-08-30 22:00:00,0.64819,0.64828,0.64761,0.64778
2023-08-30 23:00:00,0.64778,0.64794,0.64738,0.64739
2023-08-31 00:00:00,0.64737,0.6478,0.6464,0.64716
2023-08-31 01:00:00,0.64718,0.64768,0.64716,0.64759
2023-08-31 02:00:00,0.64758,0.64812,0.64751,0.64791
2023-08-31 03:00:00,0.6479,0.64868,0.64781,0.6486
2023-08-31 04:00:00,0.6486,0.65079,0.6486,0.64955
2023-08-31 05:00:00,0.64956,0.64979,0.64895,0.64914
2023-08-31 06:00:00,0.64914,0.64919,0.64848,0.6485
2023-08-31 07:00:00,0.64849,0.64862,0.64809,0.64829
2023-08-31 08:00:00,0.64829,0.64856,0.64789,0.64849
2023-08-31 09:00:00,0.6485,0.64883,0.64772,0.64774
2023-08-31 10:00:00,0.64773,0.64871,0.64771,0.6483
2023-08-31 11:00:00,0.6483,0.6483,0.64707,0.64721
2023-08-31 12:00:00,0.64721,0.64735,0.64663,0.64691
2023-08-31 13:00:00,0.64692,0.64722,0.64644,0.64679
2023-08-31 14:00:00,0.64677,0.64752,0.6463,0.64738
2023-08-31 15:00:00,0.64738,0.64947,0.64729,0.6493
2023-08-31 16:00:00,0.6493,0.64946,0.64673,0.64775
2023-08-31 17:00:00,0.64775,0.64822,0.64616,0.64768
2023-08-31 18:00:00,0.64767,0.64788,0.64612,0.64664
2023-08-31 19:00:00,0.64665,0.64733,0.64643,0.64702
2023-08-31 20:00:00,0.64702,0.64779,0.64697,0.64769
2023-08-31 21:00:00,0.64769,0.64851,0.6474,0.64755
2023-08-31 22:00:00,0.64755,0.64831,0.64753,0.64789
2023-08-31 23:00:00,0.64789,0.6484,0.64788,0.64831
2023-09-01 00:00:00,0.64829,0.64842,0.64715,0.64835
2023-09-01 01:00:00,0.64835,0.64853,0.64815,0.64827
2023-09-01 02:00:00,0.64827,0.6489,0.64822,0.64861
2023-09-01 03:00:00,0.64861,0.64883,0.64741,0.64746
2023-09-01 04:00:00,0.64745,0.65001,0.64743,0.64838
2023-09-01 05:00:00,0.64838,0.64887,0.64716,0.6474
2023-09-01 06:00:00,0.64742,0.64757,0.6467,0.64678
2023-09-01 07:00:00,0.64679,0.64739,0.64643,0.64728
2023-09-01 08:00:00,0.64727,0.64775,0.64694,0.64703
2023-09-01 09:00:00,0.64704,0.64715,0.64458,0.64577
2023-09-01 10:00:00,0.64577,0.64777,0.64556,0.64774
2023-09-01 11:00:00,0.64774,0.64786,0.64693,0.64712
2023-09-01 12:00:00,0.64712,0.64768,0.6468,0.64717
2023-09-01 13:00:00,0.64717,0.64825,0.64708,0.64792
2023-09-01 14:00:00,0.64791,0.64835,0.64768,0.64799
2023-09-01 15:00:00,0.64799,0.65217,0.64735,0.65097
2023-09-01 16:00:00,0.65098,0.65114,0.64725,0.64791
2023-09-01 17:00:00,0.64785,0.64814,0.64532,0.6458
2023-09-01 18:00:00,0.64581,0.64591,0.64455,0.64458
2023-09-01 19:00:00,0.64458,0.64492,0.64384,0.64486
2023-09-01 20:00:00,0.64486,0.64556,0.64469,0.64516
2023-09-01 21:00:00,0.64517,0.64529,0.64465,0.64509
2023-09-01 22:00:00,0.64509,0.64527,0.64467,0.64481
2023-09-01 23:00:00,0.6448,0.64514,0.64435,0.64444
2023-09-04 00:00:00,0.64402,0.64503,0.64388,0.64474
2023-09-04 01:00:00,0.64475,0.64521,0.6447,0.64501
2023-09-04 02:00:00,0.64496,0.64534,0.64482,0.64517
2023-09-04 03:00:00,0.64517,0.64647,0.645,0.64611
2023-09-04 04:00:00,0.6461,0.64647,0.64529,0.64571
2023-09-04 05:00:00,0.6457,0.6475,0.6457,0.64706
2023-09-04 06:00:00,0.64704,0.64706,0.64634,0.64654
2023-09-04 07:00:00,0.64654,0.64663,0.64625,0.64662
2023-09-04 08:00:00,0.64662,0.6477,0.64654,0.6474
2023-09-04 09:00:00,0.6474,0.64806,0.64693,0.64732
2023-09-04 10:00:00,0.64733,0.6475,0.64619,0.64645
2023-09-04 11:00:00,0.64645,0.64695,0.64609,0.64629
2023-09-04 12:00:00,0.64629,0.6466,0.64586,0.64654
2023-09-04 13:00:00,0.64653,0.64698,0.6464,0.64678
2023-09-04 14:00:00,0.64678,0.64712,0.64654,0.64658
2023-09-04 15:00:00,0.64658,0.64663,0.64596,0.64605
2023-09-04 16:00:00,0.64606,0.64664,0.64589,0.64606
2023-09-04 17:00:00,0.64606,0.64606,0.64519,0.64561
2023-09-04 18:00:00,0.64561,0.64603,0.64558,0.64596
2023-09-04 19:00:00,0.64596,0.64611,0.64584,0.64594
2023-09-04 20:00:00,0.64594,0.6461,0.64593,0.64594
2023-09-04 21:00:00,0.64594,0.646,0.64589,0.64592
2023-09-04 22:00:00,0.64592,0.646,0.64589,0.64599
2023-09-04 23:00:00,0.64598,0.64633,0.64584,0.64593
2023-09-05 00:00:00,0.64485,0.64622,0.64485,0.64598
2023-09-05 01:00:00,0.64596,0.64646,0.64588,0.64597
2023-09-05 02:00:00,0.64599,0.64625,0.64574,0.64574
2023-09-05 03:00:00,0.64574,0.64598,0.64486,0.64511
2023-09-05 04:00:00,0.64511,0.64531,0.64306,0.64356
2023-09-05 05:00:00,0.64357,0.64374,0.64228,0.6427
2023-09-05 06:00:00,0.64272,0.64299,0.6421,0.64258
2023-09-05 07:00:00,0.64258,0.64304,0.64163,0.64255
2023-09-05 08:00:00,0.64255,0.64285,0.64002,0.64004
2023-09-05 09:00:00,0.64004,0.64016,0.63719,0.63799
2023-09-05 10:00:00,0.63799,0.63824,0.63702,0.63767
2023-09-05 11:00:00,0.63766,0.63804,0.6371,0.63771
2023-09-05 12:00:00,0.63771,0.63826,0.63758,0.63777
2023-09-05 13:00:00,0.63777,0.63786,0.63658,0.6367
2023-09-05 14:00:00,0.6367,0.63704,0.63577,0.63651
2023-09-05 15:00:00,0.6365,0.6385,0.63576,0.63809
2023-09-05 16:00:00,0.63808,0.63875,0.63674,0.63699
2023-09-05 17:00:00,0.63702,0.63791,0.63646,0.63732
2023-09-05 18:00:00,0.63731,0.63856,0.63718,0.63816
2023-09-05 19:00:00,0.63816,0.63858,0.63806,0.63839
2023-09-05 20:00:00,0.63842,0.63852,0.63779,0.638
2023-09-05 21:00:00,0.638,0.63843,0.63782,0.6382
2023-09-05 22:00:00,0.6382,0.63848,0.63779,0.63783
2023-09-05 23:00:00,0.63783,0.63792,0.63755,0.63772
2023-09-06 00:00:00,0.63768,0.63787,0.63737,0.63759
2023-09-06 01:00:00,0.63757,0.6381,0.63757,0.63781
2023-09-06 02:00:00,0.63781,0.63805,0.63737,0.63745
2023-09-06 03:00:00,0.63745,0.63761,0.63634,0.63655
2023-09-06 04:00:00,0.63655,0.63736,0.6358,0.63606
2023-09-06 05:00:00,0.63606,0.63795,0.63573,0.63784
2023-09-06 06:00:00,0.63784,0.63808,0.6374,0.63785
2023-09-06 07:00:00,0.63784,0.63836,0.63779,0.63833
2023-09-06 08:00:00,0.63835,0.64044,0.638,0.64042
2023-09-06 09:00:00,0.64041,0.64047,0.63856,0.63883
2023-09-06 10:00:00,0.63883,0.63884,0.63802,0.63826
2023-09-06 11:00:00,0.63826,0.63926,0.63787,0.63901
2023-09-06 12:00:00,0.63902,0.63919,0.63813,0.63908
2023-09-06 13:00:00,0.63909,0.64011,0.63909,0.63941
2023-09-06 14:00:00,0.63941,0.63971,0.63864,0.63895
2023-09-06 15:00:00,0.63897,0.63958,0.63831,0.63881
2023-09-06 16:00:00,0.63881,0.64024,0.63842,0.63984
2023-09-06 17:00:00,0.63983,0.63983,0.63631,0.63759
2023-09-06 18:00:00,0.63759,0.63845,0.63732,0.63815
2023-09-06 19:00:00,0.63816,0.63841,0.6376,0.63781
2023-09-06 20:00:00,0.63782,0.63849,0.63762,0.63816
2023-09-06 21:00:00,0.63816,0.63833,0.63744,0.63783
2023-09-06 22:00:00,0.63783,0.63805,0.63762,0.63794
2023-09-06 23:00:00,0.63795,0.6383,0.63792,0.63803
2023-09-07 00:00:00,0.63662,0.63833,0.63657,0.63797
2023-09-07 01:00:00,0.63795,0.63837,0.63793,0.63827
2023-09-07 02:00:00,0.63827,0.63843,0.63801,0.6381
2023-09-07 03:00:00,0.63811,0.63816,0.63717,0.63765
2023-09-07 04:00:00,0.63764,0.63852,0.63724,0.63767
2023-09-07 05:00:00,0.63767,0.63778,0.63668,0.63683
2023-09-07 06:00:00,0.63684,0.63735,0.63654,0.6371
2023-09-07 07:00:00,0.6371,0.6373,0.63622,0.63656
2023-09-07 08:00:00,0.63656,0.63801,0.63649,0.63783
2023-09-07 09:00:00,0.63783,0.63929,0.63766,0.6383
2023-09-07 10:00:00,0.6383,0.63894,0.63786,0.63872
2023-09-07 11:00:00,0.63872,0.63882,0.638,0.63847
2023-09-07 12:00:00,0.63847,0.63911,0.63799,0.63846
2023-09-07 13:00:00,0.63846,0.63875,0.63809,0.63817
2023-09-07 14:00:00,0.63817,0.63887,0.63797,0.6381
2023-09-07 15:00:00,0.6381,0.63914,0.63708,0.63899
2023-09-07 16:00:00,0.63899,0.6395,0.63724,0.63753
2023-09-07 17:00:00,0.63753,0.63855,0.63666,0.63756
2023-09-07 18:00:00,0.63756,0.63798,0.63701,0.63788
2023-09-07 19:00:00,0.63788,0.63842,0.63759,0.63762
2023-09-07 20:00:00,0.63764,0.63848,0.63744,0.63791
2023-09-07 21:00:00,0.6379,0.63807,0.63751,0.63783
2023-09-07 22:00:00,0.63782,0.6381,0.63752,0.63752
2023-09-07 23:00:00,0.63755,0.63804,0.63747,0.63749
2023-09-08 00:00:00,0.63753,0.6377,0.63637,0.63765
2023-09-08 01:00:00,0.63767,0.63781,0.63745,0.63764
2023-09-08 02:00:00,0.6376,0.6378,0.6374,0.63779
2023-09-08 03:00:00,0.63779,0.63889,0.63749,0.6382
2023-09-08 04:00:00,0.6382,0.63914,0.63673,0.63856
2023-09-08 05:00:00,0.63856,0.63958,0.63818,0.63876
2023-09-08 06:00:00,0.63876,0.63878,0.63822,0.6385
2023-09-08 07:00:00,0.6385,0.63891,0.63816,0.63863
2023-09-08 08:00:00,0.63863,0.64076,0.63863,0.64052
2023-09-08 09:00:00,0.64052,0.64148,0.63959,0.63964
2023-09-08 10:00:00,0.63965,0.64,0.63905,0.63949
2023-09-08 11:00:00,0.63949,0.63985,0.63885,0.63937
2023-09-08 12:00:00,0.63938,0.63974,0.63879,0.63949
2023-09-08 13:00:00,0.6395,0.63986,0.63926,0.63963
2023-09-08 14:00:00,0.63964,0.63979,0.63897,0.63941
2023-09-08 15:00:00,0.63942,0.64076,0.63901,0.63938
2023-09-08 16:00:00,0.63937,0.63989,0.63867,0.63978
2023-09-08 17:00:00,0.63979,0.64071,0.63904,0.63914
2023-09-08 18:00:00,0.63913,0.63916,0.63825,0.63848
2023-09-08 19:00:00,0.63848,0.63875,0.63754,0.63776
2023-09-08 20:00:00,0.63777,0.63803,0.63754,0.63784
2023-09-08 21:00:00,0.63784,0.63818,0.63704,0.63723
2023-09-08 22:00:00,0.63723,0.63751,0.63714,0.63751
2023-09-08 23:00:00,0.6375,0.63782,0.63724,0.6376
2023-09-11 00:00:00,0.63823,0.63846,0.63721,0.63825
2023-09-11 01:00:00,0.63818,0.63934,0.638,0.63925
2023-09-11 02:00:00,0.63925,0.6402,0.63899,0.63968
2023-09-11 03:00:00,0.63968,0.64024,0.63882,0.63929
2023-09-11 04:00:00,0.63929,0.64081,0.63916,0.64058
2023-09-11 05:00:00,0.64059,0.64188,0.64038,0.64149
2023-09-11 06:00:00,0.64149,0.6422,0.64126,0.64172
2023-09-11 07:00:00,0.64174,0.64377,0.64156,0.64371
2023-09-11 08:00:00,0.64371,0.64427,0.64335,0.64372
2023-09-11 09:00:00,0.64371,0.6441,0.64332,0.64383
2023-09-11 10:00:00,0.64381,0.64438,0.64342,0.64345
2023-09-11 11:00:00,0.64346,0.64376,0.6431,0.64355
2023-09-11 12:00:00,0.64355,0.64384,0.64315,0.64318
2023-09-11 13:00:00,0.64317,0.64323,0.64251,0.64285
2023-09-11 14:00:00,0.64284,0.64335,0.64233,0.64308
2023-09-11 15:00:00,0.64308,0.6441,0.64293,0.64355
2023-09-11 16:00:00,0.64355,0.64495,0.64278,0.64349
2023-09-11 17:00:00,0.64348,0.64447,0.64322,0.64355
2023-09-11 18:00:00,0.64355,0.64368,0.64295,0.64323
2023-09-11 19:00:00,0.64324,0.64418,0.64324,0.64353
2023-09-11 20:00:00,0.64352,0.64365,0.64298,0.64314
2023-09-11 21:00:00,0.64314,0.64316,0.64266,0.64274
2023-09-11 22:00:00,0.64276,0.64323,0.64257,0.64319
2023-09-11 23:00:00,0.64318,0.64325,0.6429,0.64307
2023-09-12 00:00:00,0.64246,0.64314,0.64237,0.64301
2023-09-12 01:00:00,0.64307,0.64332,0.64289,0.64295
2023-09-12 02:00:00,0.64292,0.64323,0.6429,0.64295
2023-09-12 03:00:00,0.64295,0.643,0.64204,0.64213
2023-09-12 04:00:00,0.64211,0.64303,0.64158,0.64229
2023-09-12 05:00:00,0.64229,0.64345,0.64201,0.64332
2023-09-12 06:00:00,0.64332,0.64394,0.64301,0.64357
2023-09-12 07:00:00,0.64356,0.64357,0.64256,0.64275
2023-09-12 08:00:00,0.64275,0.64308,0.64236,0.64236
2023-09-12 09:00:00,0.6424,0.64364,0.64211,0.64344
2023-09-12 10:00:00,0.64343,0.64377,0.64249,0.64282
2023-09-12 11:00:00,0.64282,0.644,0.64259,0.64281
2023-09-12 12:00:00,0.64281,0.64292,0.64218,0.64264
2023-09-12 13:00:00,0.64263,0.64291,0.6415,0.64188
2023-09-12 14:00:00,0.64188,0.64235,0.64141,0.64229
2023-09-12 15:00:00,0.64229,0.64255,0.64127,0.64156
2023-09-12 16:00:00,0.64156,0.64229,0.64085,0.64185
2023-09-12 17:00:00,0.64185,0.64233,0.64139,0.64161
2023-09-12 18:00:00,0.64162,0.64239,0.64162,0.64217
2023-09-12 19:00:00,0.64218,0.64276,0.64183,0.64194
2023-09-12 20:00:00,0.64194,0.64254,0.64187,0.64187
2023-09-12 21:00:00,0.64187,0.64248,0.64174,0.6424
2023-09-12 22:00:00,0.6424,0.64253,0.64197,0.6422
2023-09-12 23:00:00,0.64218,0.64279,0.64215,0.64244
2023-09-13 00:00:00,0.64111,0.64249,0.64086,0.64234
2023-09-13 01:00:00,0.64239,0.64279,0.64238,0.64272
2023-09-13 02:00:00,0.64272,0.64311,0.64254,0.64281
2023-09-13 03:00:00,0.64281,0.64329,0.6422,0.64225
2023-09-13 04:00:00,0.64225,0.64287,0.64136,0.64178
2023-09-13 05:00:00,0.64178,0.64219,0.63992,0.64033
2023-09-13 06:00:00,0.64035,0.64106,0.64018,0.6405
2023-09-13 07:00:00,0.64049,0.64099,0.64029,0.64093
2023-09-13 08:00:00,0.64094,0.64138,0.64053,0.64107
2023-09-13 09:00:00,0.64107,0.64109,0.63992,0.64079
2023-09-13 10:00:00,0.64079,0.64141,0.64041,0.64122
2023-09-13 11:00:00,0.64121,0.64166,0.64093,0.64129
2023-09-13 12:00:00,0.64129,0.64134,0.64062,0.64105
2023-09-13 13:00:00,0.64107,0.64114,0.64023,0.64087
2023-09-13 14:00:00,0.64088,0.64131,0.64041,0.6409
2023-09-13 15:00:00,0.6409,0.64229,0.638,0.64111
2023-09-13 16:00:00,0.6411,0.6431,0.64046,0.64215
2023-09-13 17:00:00,0.64216,0.64236,0.64093,0.64216
2023-09-13 18:00:00,0.64216,0.64318,0.64193,0.6424
2023-09-13 19:00:00,0.6424,0.64342,0.64233,0.64281
2023-09-13 20:00:00,0.6428,0.64329,0.64257,0.6428
2023-09-13 21:00:00,0.64279,0.64291,0.64167,0.64175
2023-09-13 22:00:00,0.64175,0.64209,0.64122,0.64196
2023-09-13 23:00:00,0.64196,0.64222,0.64192,0.642
2023-09-14 00:00:00,0.64141,0.64219,0.64133,0.64188
2023-09-14 01:00:00,0.64195,0.6422,0.64191,0.64216
2023-09-14 02:00:00,0.64218,0.64232,0.64192,0.64208
2023-09-14 03:00:00,0.64208,0.64482,0.64195,0.64469
2023-09-14 04:00:00,0.64468,0.64544,0.64332,0.64346
2023-09-14 05:00:00,0.64345,0.64345,0.64207,0.64291
2023-09-14 06:00:00,0.64292,0.64396,0.64291,0.64373
2023-09-14 07:00:00,0.64374,0.64413,0.64344,0.64388
2023-09-14 08:00:00,0.64388,0.64481,0.64388,0.64406
2023-09-14 09:00:00,0.64406,0.64429,0.64354,0.64395
2023-09-14 10:00:00,0.64395,0.644,0.64287,0.64307
2023-09-14 11:00:00,0.64307,0.64355,0.64292,0.6434
2023-09-14 12:00:00,0.64341,0.64368,0.64254,0.64293
2023-09-14 13:00:00,0.64293,0.64464,0.64286,0.64421
2023-09-14 14:00:00,0.6442,0.64473,0.6441,0.64436
2023-09-14 15:00:00,0.64438,0.64507,0.64187,0.64408
2023-09-14 16:00:00,0.64407,0.64598,0.64382,0.64419
2023-09-14 17:00:00,0.6442,0.64533,0.64272,0.64447
2023-09-14 18:00:00,0.64448,0.64503,0.64351,0.64412
2023-09-14 19:00:00,0.64412,0.64495,0.64412,0.64483
2023-09-14 20:00:00,0.64483,0.64492,0.64299,0.64329
2023-09-14 21:00:00,0.64329,0.64378,0.64306,0.64364
2023-09-14 22:00:00,0.64364,0.64378,0.64336,0.64359
2023-09-14 23:00:00,0.64359,0.64418,0.64359,0.64384
2023-09-15 00:00:00,0.64396,0.64403,0.64242,0.64383
2023-09-15 01:00:00,0.64383,0.64403,0.64358,0.64359
2023-09-15 02:00:00,0.6436,0.64376,0.64305,0.64306
2023-09-15 03:00:00,0.64306,0.64479,0.64295,0.64422
2023-09-15 04:00:00,0.64421,0.64481,0.64379,0.64468
2023-09-15 05:00:00,0.64469,0.64635,0.64469,0.64608
2023-09-15 06:00:00,0.64608,0.64677,0.64581,0.64658
2023-09-15 07:00:00,0.64658,0.64735,0.64602,0.64722
2023-09-15 08:00:00,0.64723,0.64731,0.64627,0.64662
2023-09-15 09:00:00,0.64662,0.64717,0.64632,0.64683
2023-09-15 10:00:00,0.64683,0.64686,0.64545,0.6461
2023-09-15 11:00:00,0.6461,0.64615,0.64493,0.64504
2023-09-15 12:00:00,0.64504,0.64583,0.64472,0.64534
2023-09-15 13:00:00,0.64535,0.64546,0.64495,0.6451
2023-09-15 14:00:00,0.64509,0.64601,0.64484,0.64571
2023-09-15 15:00:00,0.64572,0.64611,0.64403,0.64405
2023-09-15 16:00:00,0.64406,0.64496,0.64347,0.64387
2023-09-15 17:00:00,0.64396,0.64574,0.64341,0.64381
2023-09-15 18:00:00,0.64381,0.64434,0.64318,0.64404
2023-09-15 19:00:00,0.64404,0.64461,0.64364,0.64373
2023-09-15 20:00:00,0.64373,0.64382,0.64309,0.64375
2023-09-15 21:00:00,0.64375,0.64377,0.6431,0.64329
2023-09-15 22:00:00,0.64329,0.64341,0.64293,0.64308
2023-09-15 23:00:00,0.64307,0.64313,0.64246,0.64282
2023-09-18 00:00:00,0.64341,0.64377,0.6426,0.64269
2023-09-18 01:00:00,0.6428,0.64335,0.64258,0.64329
2023-09-18 02:00:00,0.64328,0.64408,0.64322,0.64398
2023-09-18 03:00:00,0.64396,0.64435,0.6434,0.64405
2023-09-18 04:00:00,0.64405,0.6446,0.6427,0.64338
2023-09-18 05:00:00,0.64338,0.64437,0.64335,0.64371
2023-09-18 06:00:00,0.64371,0.64418,0.64355,0.64396
2023-09-18 07:00:00,0.64396,0.64474,0.64379,0.64445
2023-09-18 08:00:00,0.64445,0.64484,0.64408,0.64432
2023-09-18 09:00:00,0.64435,0.64491,0.64389,0.64428
2023-09-18 10:00:00,0.64427,0.6448,0.64373,0.6438
2023-09-18 11:00:00,0.6438,0.6439,0.64304,0.64381
2023-09-18 12:00:00,0.64381,0.64414,0.64363,0.64388
2023-09-18 13:00:00,0.64386,0.64417,0.64363,0.64391
2023-09-18 14:00:00,0.64391,0.64414,0.64325,0.64352
2023-09-18 15:00:00,0.64352,0.64398,0.64287,0.64301
2023-09-18 16:00:00,0.64301,0.64395,0.64229,0.64247
2023-09-18 17:00:00,0.64247,0.6439,0.64167,0.64292
2023-09-18 18:00:00,0.64292,0.64453,0.64273,0.64411
2023-09-18 19:00:00,0.6441,0.64443,0.64359,0.64381
2023-09-18 20:00:00,0.64381,0.64416,0.64356,0.64359
2023-09-18 21:00:00,0.64359,0.64376,0.64327,0.64339
2023-09-18 22:00:00,0.6434,0.64368,0.64327,0.64366
2023-09-18 23:00:00,0.64366,0.6439,0.64352,0.64354
2023-09-19 00:00:00,0.6431,0.64382,0.64263,0.64361
2023-09-19 01:00:00,0.64361,0.64387,0.64331,0.64365
2023-09-19 02:00:00,0.64365,0.64402,0.64365,0.64394
2023-09-19 03:00:00,0.64397,0.64478,0.64355,0.64364
2023-09-19 04:00:00,0.64365,0.64391,0.64305,0.64319
2023-09-19 05:00:00,0.64317,0.64346,0.6429,0.64327
2023-09-19 06:00:00,0.64327,0.64371,0.64324,0.64355
2023-09-19 07:00:00,0.64355,0.64393,0.64346,0.64379
2023-09-19 08:00:00,0.64379,0.64385,0.64277,0.64319
2023-09-19 09:00:00,0.64319,0.64344,0.64278,0.64293
2023-09-19 10:00:00,0.64294,0.64536,0.64284,0.64523
2023-09-19 11:00:00,0.64521,0.64589,0.64489,0.64507
2023-09-19 12:00:00,0.64507,0.6457,0.64469,0.64562
2023-09-19 13:00:00,0.64562,0.64623,0.64558,0.64576
2023-09-19 14:00:00,0.64577,0.64651,0.64569,0.64651
2023-09-19 15:00:00,0.64651,0.64739,0.64641,0.64706
2023-09-19 16:00:00,0.64706,0.64716,0.64565,0.64651
2023-09-19 17:00:00,0.64647,0.6469,0.646,0.6467
2023-09-19 18:00:00,0.64669,0.64673,0.64547,0.64572
2023-09-19 19:00:00,0.64572,0.64572,0.6452,0.64552
2023-09-19 20:00:00,0.64552,0.646,0.6454,0.64575
2023-09-19 21:00:00,0.64575,0.646,0.64554,0.64565
2023-09-19 22:00:00,0.64563,0.64579,0.64544,0.6455
2023-09-19 23:00:00,0.6455,0.64559,0.6452,0.6452
2023-09-20 00:00:00,0.64505,0.64545,0.64474,0.64539
2023-09-20 01:00:00,0.6454,0.64576,0.64535,0.6456
2023-09-20 02:00:00,0.6456,0.64645,0.64554,0.64641
2023-09-20 03:00:00,0.64641,0.64655,0.6456,0.64566
2023-09-20 04:00:00,0.64567,0.64588,0.64498,0.64551
2023-09-20 05:00:00,0.64555,0.64585,0.64499,0.64508
2023-09-20 06:00:00,0.64508,0.64562,0.64481,0.6449
2023-09-20 07:00:00,0.6449,0.6453,0.64482,0.64506
2023-09-20 08:00:00,0.64506,0.64573,0.64486,0.6454
2023-09-20 09:00:00,0.6454,0.64638,0.64488,0.64559
2023-09-20 10:00:00,0.64559,0.64615,0.64534,0.64606
2023-09-20 11:00:00,0.64607,0.64662,0.64564,0.64657
2023-09-20 12:00:00,0.64659,0.64705,0.64634,0.64695
2023-09-20 13:00:00,0.64695,0.64815,0.64694,0.64796
2023-09-20 14:00:00,0.64796,0.64879,0.6479,0.64863
2023-09-20 15:00:00,0.64862,0.64885,0.64831,0.64856
2023-09-20 16:00:00,0.64856,0.64994,0.64825,0.64975
2023-09-20 17:00:00,0.64975,0.65028,0.64906,0.64968
2023-09-20 18:00:00,0.64969,0.65048,0.64948,0.64983
2023-09-20 19:00:00,0.64983,0.65112,0.6498,0.65103
2023-09-20 20:00:00,0.65103,0.65104,0.6498,0.65036
2023-09-20 21:00:00,0.65035,0.65037,0.64637,0.6471
2023-09-20 22:00:00,0.6471,0.64734,0.6445,0.64459
2023-09-20 23:00:00,0.64459,0.6448,0.64395,0.64471
2023-09-21 00:00:00,0.64352,0.64558,0.64352,0.64467
2023-09-21 01:00:00,0.64467,0.64524,0.64447,0.64505
2023-09-21 02:00:00,0.64505,0.64505,0.64352,0.64359
2023-09-21 03:00:00,0.64359,0.64404,0.64214,0.64239
2023-09-21 04:00:00,0.6424,0.64271,0.6419,0.64206
2023-09-21 05:00:00,0.64206,0.64252,0.6404,0.64068
2023-09-21 06:00:00,0.64066,0.64127,0.64066,0.64119
2023-09-21 07:00:00,0.64122,0.64128,0.6403,0.64061
2023-09-21 08:00:00,0.64061,0.64116,0.64023,0.64029
2023-09-21 09:00:00,0.64029,0.64163,0.6402,0.64147
2023-09-21 10:00:00,0.64147,0.64228,0.64066,0.64128
2023-09-21 11:00:00,0.64128,0.64155,0.64033,0.64062
2023-09-21 12:00:00,0.64062,0.64092,0.64015,0.64059
2023-09-21 13:00:00,0.6406,0.64101,0.64028,0.6409
2023-09-21 14:00:00,0.6409,0.64098,0.63999,0.64004
2023-09-21 15:00:00,0.64004,0.6402,0.63855,0.64016
2023-09-21 16:00:00,0.64016,0.6413,0.63957,0.63975
2023-09-21 17:00:00,0.63974,0.64256,0.63967,0.6419
2023-09-21 18:00:00,0.64191,0.64278,0.64167,0.64211
2023-09-21 19:00:00,0.64211,0.64215,0.64145,0.64178
2023-09-21 20:00:00,0.64178,0.6432,0.64171,0.64269
2023-09-21 21:00:00,0.6427,0.64279,0.64182,0.6419
2023-09-21 22:00:00,0.64189,0.64211,0.64137,0.64137
2023-09-21 23:00:00,0.64137,0.64158,0.64123,0.64142
2023-09-22 00:00:00,0.64112,0.64144,0.64059,0.64134
2023-09-22 01:00:00,0.64134,0.64189,0.64123,0.6415
2023-09-22 02:00:00,0.64148,0.64164,0.64081,0.64092
2023-09-22 03:00:00,0.64093,0.64119,0.64038,0.6411
2023-09-22 04:00:00,0.64111,0.64191,0.64039,0.64134
2023-09-22 05:00:00,0.64134,0.64254,0.64133,0.64173
2023-09-22 06:00:00,0.64173,0.64254,0.64167,0.64234
2023-09-22 07:00:00,0.64234,0.64274,0.64209,0.64254
2023-09-22 08:00:00,0.64254,0.64299,0.6424,0.64246
2023-09-22 09:00:00,0.64246,0.64303,0.64195,0.6424
2023-09-22 10:00:00,0.64239,0.64343,0.64176,0.64323
2023-09-22 11:00:00,0.64322,0.64402,0.64295,0.64378
2023-09-22 12:00:00,0.64378,0.64433,0.64357,0.64392
2023-09-22 13:00:00,0.64392,0.64485,0.64381,0.64429
2023-09-22 14:00:00,0.64429,0.64545,0.64418,0.64515
2023-09-22 15:00:00,0.64515,0.64611,0.64483,0.64574
2023-09-22 16:00:00,0.64574,0.64652,0.64511,0.64571
2023-09-22 17:00:00,0.6457,0.64649,0.64536,0.64612
2023-09-22 18:00:00,0.64613,0.64617,0.64475,0.64509
2023-09-22 19:00:00,0.64509,0.64539,0.64473,0.64493
2023-09-22 20:00:00,0.64492,0.64515,0.64388,0.64417
2023-09-22 21:00:00,0.64416,0.64435,0.64364,0.6442
2023-09-22 22:00:00,0.64419,0.64484,0.64399,0.64409
2023-09-22 23:00:00,0.64409,0.6442,0.64387,0.64401
2023-09-25 00:00:00,0.64372,0.64416,0.64347,0.64416
2023-09-25 01:00:00,0.64416,0.64441,0.64399,0.64404
2023-09-25 02:00:00,0.64405,0.64443,0.64383,0.64406
2023-09-25 03:00:00,0.64406,0.64467,0.64391,0.64437
2023-09-25 04:00:00,0.64441,0.64452,0.64272,0.64272
2023-09-25 05:00:00,0.64272,0.64285,0.64221,0.64277
2023-09-25 06:00:00,0.64276,0.6429,0.64239,0.64247
2023-09-25 07:00:00,0.64247,0.64291,0.64232,0.64274
2023-09-25 08:00:00,0.64273,0.64289,0.64154,0.64165
2023-09-25 09:00:00,0.64165,0.64254,0.64161,0.64233
2023-09-25 10:00:00,0.64232,0.64275,0.64194,0.6422
2023-09-25 11:00:00,0.6422,0.64234,0.64129,0.64152
2023-09-25 12:00:00,0.64152,0.6425,0.6414,0.64249
2023-09-25 13:00:00,0.6425,0.64352,0.6425,0.64334
2023-09-25 14:00:00,0.64336,0.64356,0.64202,0.64224
2023-09-25 15:00:00,0.64225,0.64279,0.64211,0.64242
2023-09-25 16:00:00,0.64242,0.64292,0.64161,0.64282
2023-09-25 17:00:00,0.6428,0.643,0.64043,0.64049
2023-09-25 18:00:00,0.6405,0.64204,0.64043,0.64189
2023-09-25 19:00:00,0.64189,0.64229,0.64167,0.64188
2023-09-25 20:00:00,0.64186,0.64251,0.64174,0.64225
2023-09-25 21:00:00,0.64226,0.64267,0.64194,0.64203
2023-09-25 22:00:00,0.64203,0.64243,0.64176,0.64239
2023-09-25 23:00:00,0.64239,0.64257,0.6422,0.6422
2023-09-26 00:00:00,0.64082,0.64223,0.6406,0.64207
2023-09-26 01:00:00,0.64209,0.64244,0.64201,0.64232
2023-09-26 02:00:00,0.64232,0.6425,0.64207,0.64219
2023-09-26 03:00:00,0.64219,0.64256,0.64158,0.64189
2023-09-26 04:00:00,0.64187,0.64282,0.64182,0.64263
2023-09-26 05:00:00,0.64264,0.64305,0.642,0.64206
2023-09-26 06:00:00,0.64205,0.64243,0.64163,0.64186
2023-09-26 07:00:00,0.64185,0.64202,0.64157,0.64176
2023-09-26 08:00:00,0.64175,0.64197,0.64086,0.6414
2023-09-26 09:00:00,0.6414,0.64154,0.63959,0.63967
2023-09-26 10:00:00,0.63968,0.64052,0.63874,0.64039
2023-09-26 11:00:00,0.64042,0.64159,0.64035,0.64072
2023-09-26 12:00:00,0.64072,0.64156,0.64036,0.64112
2023-09-26 13:00:00,0.6411,0.64135,0.64024,0.64051
2023-09-26 14:00:00,0.6405,0.64128,0.63991,0.64063
2023-09-26 15:00:00,0.64063,0.6419,0.6406,0.6417
2023-09-26 16:00:00,0.6417,0.64185,0.64102,0.64144
2023-09-26 17:00:00,0.64143,0.64214,0.64071,0.64163
2023-09-26 18:00:00,0.64165,0.64165,0.64007,0.64037
2023-09-26 19:00:00,0.64038,0.64086,0.64014,0.64064
2023-09-26 20:00:00,0.64065,0.64102,0.64003,0.64031
2023-09-26 21:00:00,0.64032,0.64035,0.63922,0.63936
2023-09-26 22:00:00,0.63936,0.63978,0.63914,0.63953
2023-09-26 23:00:00,0.63948,0.63978,0.63946,0.63957
2023-09-27 00:00:00,0.63919,0.63982,0.63882,0.63941
2023-09-27 01:00:00,0.63941,0.63974,0.63931,0.63956
2023-09-27 02:00:00,0.63956,0.63961,0.63918,0.63934
2023-09-27 03:00:00,0.63934,0.64027,0.63868,0.63907
2023-09-27 04:00:00,0.63908,0.64092,0.63894,0.64054
2023-09-27 05:00:00,0.64054,0.64057,0.63878,0.6391
2023-09-27 06:00:00,0.63909,0.63916,0.63806,0.63818
2023-09-27 07:00:00,0.63817,0.63858,0.63764,0.6383
2023-09-27 08:00:00,0.63829,0.63842,0.63763,0.63787
2023-09-27 09:00:00,0.63788,0.63851,0.63704,0.63814
2023-09-27 10:00:00,0.63814,0.63845,0.63774,0.63793
2023-09-27 11:00:00,0.63794,0.63856,0.63778,0.63812
2023-09-27 12:00:00,0.63812,0.6382,0.63712,0.6375
2023-09-27 13:00:00,0.63749,0.63775,0.63689,0.63689
2023-09-27 14:00:00,0.63689,0.63735,0.63615,0.63674
2023-09-27 15:00:00,0.63675,0.63784,0.63659,0.63761
2023-09-27 16:00:00,0.63761,0.63843,0.63736,0.6379
2023-09-27 17:00:00,0.6379,0.63874,0.63717,0.63763
2023-09-27 18:00:00,0.63762,0.63864,0.6366,0.63668
2023-09-27 19:00:00,0.63668,0.63668,0.63538,0.63552
2023-09-27 20:00:00,0.63552,0.63597,0.63312,0.6341
2023-09-27 21:00:00,0.63409,0.63573,0.63342,0.63536
2023-09-27 22:00:00,0.63535,0.63665,0.63482,0.63533
2023-09-27 23:00:00,0.63533,0.63535,0.63473,0.63512
2023-09-28 00:00:00,0.63522,0.63531,0.63463,0.63504
2023-09-28 01:00:00,0.63504,0.63525,0.63482,0.63483
2023-09-28 02:00:00,0.63486,0.63524,0.63447,0.63483
2023-09-28 03:00:00,0.63485,0.63618,0.63469,0.63601
2023-09-28 04:00:00,0.63603,0.6374,0.6359,0.63738
2023-09-28 05:00:00,0.63738,0.63738,0.63653,0.63659
2023-09-28 06:00:00,0.63658,0.63774,0.63651,0.63728
2023-09-28 07:00:00,0.63727,0.63758,0.63632,0.63758
2023-09-28 08:00:00,0.63761,0.63804,0.63748,0.63774
2023-09-28 09:00:00,0.63774,0.6378,0.63671,0.63698
2023-09-28 10:00:00,0.63698,0.63776,0.63674,0.63683
2023-09-28 11:00:00,0.63683,0.63813,0.63638,0.63778
2023-09-28 12:00:00,0.63777,0.63904,0.63706,0.63875
2023-09-28 13:00:00,0.63876,0.6393,0.63821,0.63917
2023-09-28 14:00:00,0.63918,0.63955,0.63864,0.63921
2023-09-28 15:00:00,0.63921,0.64045,0.6383,0.6389
2023-09-28 16:00:00,0.6389,0.64047,0.63872,0.63977
2023-09-28 17:00:00,0.63977,0.64174,0.63974,0.6412
2023-09-28 18:00:00,0.64119,0.64253,0.64066,0.64244
2023-09-28 19:00:00,0.64244,0.64323,0.64208,0.64225
2023-09-28 20:00:00,0.64225,0.64278,0.64163,0.64179
2023-09-28 21:00:00,0.64179,0.64247,0.64159,0.6423
2023-09-28 22:00:00,0.6423,0.64252,0.64184,0.64242
2023-09-28 23:00:00,0.64243,0.64282,0.64211,0.64256
2023-09-29 00:00:00,0.64264,0.64285,0.64075,0.64245
2023-09-29 01:00:00,0.64244,0.64312,0.64244,0.64278
2023-09-29 02:00:00,0.64282,0.64292,0.6425,0.64266
2023-09-29 03:00:00,0.64265,0.64295,0.64211,0.64239
2023-09-29 04:00:00,0.64239,0.64454,0.64231,0.64433
2023-09-29 05:00:00,0.64432,0.64609,0.64432,0.64604
2023-09-29 06:00:00,0.64605,0.6461,0.64526,0.64574
2023-09-29 07:00:00,0.64574,0.6461,0.64541,0.64573
2023-09-29 08:00:00,0.64574,0.64625,0.64551,0.64551
2023-09-29 09:00:00,0.64553,0.64782,0.6455,0.64741
2023-09-29 10:00:00,0.64741,0.64856,0.64714,0.64802
2023-09-29 11:00:00,0.64803,0.64862,0.6476,0.64817
2023-09-29 12:00:00,0.64817,0.64946,0.64785,0.64939
2023-09-29 13:00:00,0.6494,0.6501,0.64909,0.64955
2023-09-29 14:00:00,0.64956,0.64972,0.64815,0.64816
2023-09-29 15:00:00,0.64814,0.64999,0.64778,0.64935
2023-09-29 16:00:00,0.64933,0.64943,0.64706,0.64735
2023-09-29 17:00:00,0.64735,0.64756,0.64509,0.6454
2023-09-29 18:00:00,0.64542,0.64588,0.64455,0.64487
2023-09-29 19:00:00,0.64486,0.64528,0.64392,0.64405
2023-09-29 20:00:00,0.64405,0.64405,0.64251,0.64268
2023-09-29 21:00:00,0.64268,0.64385,0.64222,0.64383
2023-09-29 22:00:00,0.64384,0.64396,0.64275,0.64284
2023-09-29 23:00:00,0.64284,0.64349,0.64279,0.64297
2023-10-02 00:00:00,0.64225,0.64327,0.64185,0.64319
2023-10-02 01:00:00,0.64319,0.64429,0.64264,0.64299
2023-10-02 02:00:00,0.643,0.64374,0.64291,0.64371
2023-10-02 03:00:00,0.64371,0.64451,0.64289,0.64295
2023-10-02 04:00:00,0.64295,0.64355,0.64273,0.64293
2023-10-02 05:00:00,0.64292,0.64303,0.64134,0.64151
2023-10-02 06:00:00,0.64149,0.64169,0.64104,0.64119
2023-10-02 07:00:00,0.6412,0.64124,0.64041,0.64048
2023-10-02 08:00:00,0.64048,0.64052,0.63942,0.63968
2023-10-02 09:00:00,0.63968,0.64214,0.63965,0.64211
2023-10-02 10:00:00,0.64211,0.64262,0.64075,0.64103
2023-10-02 11:00:00,0.64103,0.6415,0.64051,0.64052
2023-10-02 12:00:00,0.64049,0.64071,0.6395,0.63972
2023-10-02 13:00:00,0.63972,0.64015,0.63961,0.63969
2023-10-02 14:00:00,0.63969,0.64004,0.63926,0.63945
2023-10-02 15:00:00,0.63945,0.63993,0.63896,0.63901
2023-10-02 16:00:00,0.63899,0.63919,0.63755,0.63779
2023-10-02 17:00:00,0.63773,0.63907,0.63678,0.63713
2023-10-02 18:00:00,0.63713,0.63863,0.63702,0.63745
2023-10-02 19:00:00,0.63745,0.63752,0.63633,0.63653
2023-10-02 20:00:00,0.63652,0.63723,0.6365,0.637
2023-10-02 21:00:00,0.637,0.63757,0.63639,0.63651
2023-10-02 22:00:00,0.63651,0.63676,0.63627,0.63642
2023-10-02 23:00:00,0.6364,0.63648,0.63615,0.63629
2023-10-03 00:00:00,0.63628,0.63646,0.63597,0.63619
2023-10-03 01:00:00,0.63619,0.63656,0.63604,0.6361
2023-10-03 02:00:00,0.63611,0.63672,0.63572,0.63618
2023-10-03 03:00:00,0.63619,0.63638,0.63537,0.63625
2023-10-03 04:00:00,0.63625,0.63632,0.63474,0.63493
2023-10-03 05:00:00,0.63492,0.63497,0.63398,0.63417
2023-10-03 06:00:00,0.63418,0.63509,0.63361,0.63451
2023-10-03 07:00:00,0.63453,0.63458,0.63142,0.63174
2023-10-03 08:00:00,0.63174,0.6318,0.63055,0.63062
2023-10-03 09:00:00,0.63064,0.63225,0.63062,0.63203
2023-10-03 10:00:00,0.63203,0.63232,0.6313,0.63181
2023-10-03 11:00:00,0.63181,0.63317,0.63178,0.63224
2023-10-03 12:00:00,0.63224,0.63228,0.63103,0.6312
2023-10-03 13:00:00,0.63121,0.63154,0.63015,0.6304
2023-10-03 14:00:00,0.6304,0.63058,0.62952,0.63033
2023-10-03 15:00:00,0.63033,0.63098,0.63005,0.63024
2023-10-03 16:00:00,0.63025,0.63175,0.63004,0.63149
2023-10-03 17:00:00,0.63145,0.63169,0.62869,0.63038
2023-10-03 18:00:00,0.63035,0.63047,0.62865,0.62918
2023-10-03 19:00:00,0.62917,0.63071,0.62917,0.62991
2023-10-03 20:00:00,0.62991,0.63067,0.62963,0.62986
2023-10-03 21:00:00,0.62984,0.63051,0.62855,0.6304
2023-10-03 22:00:00,0.63039,0.63044,0.62982,0.6303
2023-10-03 23:00:00,0.6303,0.6306,0.63002,0.63003
2023-10-04 00:00:00,0.63013,0.63044,0.62999,0.63014
2023-10-04 01:00:00,0.62995,0.63041,0.62993,0.63001
2023-10-04 02:00:00,0.63001,0.631,0.62972,0.63085
2023-10-04 03:00:00,0.63085,0.63147,0.63034,0.63106
2023-10-04 04:00:00,0.63105,0.6312,0.62864,0.62986
2023-10-04 05:00:00,0.62984,0.63064,0.62951,0.63047
2023-10-04 06:00:00,0.63047,0.63067,0.62944,0.62976
2023-10-04 07:00:00,0.62976,0.63244,0.62976,0.63202
2023-10-04 08:00:00,0.63202,0.63264,0.63097,0.63112
2023-10-04 09:00:00,0.63116,0.63125,0.63017,0.63072
2023-10-04 10:00:00,0.63072,0.63237,0.63034,0.63204
2023-10-04 11:00:00,0.63204,0.63256,0.63158,0.63231
2023-10-04 12:00:00,0.63233,0.63288,0.63187,0.6324
2023-10-04 13:00:00,0.6324,0.63275,0.63152,0.63201
2023-10-04 14:00:00,0.63201,0.63338,0.63191,0.63195
2023-10-04 15:00:00,0.63195,0.63423,0.63172,0.63369
2023-10-04 16:00:00,0.63369,0.63409,0.63232,0.63259
2023-10-04 17:00:00,0.63244,0.63327,0.63081,0.63106
2023-10-04 18:00:00,0.63106,0.63382,0.6306,0.63361
2023-10-04 19:00:00,0.63361,0.63392,0.63296,0.63304
2023-10-04 20:00:00,0.63304,0.63309,0.63181,0.63201
2023-10-04 21:00:00,0.63199,0.63236,0.63174,0.63215
2023-10-04 22:00:00,0.63216,0.63334,0.63208,0.63288
2023-10-04 23:00:00,0.63288,0.63291,0.63234,0.63234
2023-10-05 00:00:00,0.63213,0.63263,0.63183,0.63207
2023-10-05 01:00:00,0.63216,0.63311,0.63216,0.63279
2023-10-05 02:00:00,0.6328,0.6332,0.63274,0.63286
2023-10-05 03:00:00,0.63286,0.63465,0.63243,0.63443
2023-10-05 04:00:00,0.63443,0.63652,0.6344,0.63649
2023-10-05 05:00:00,0.63649,0.63653,0.63586,0.63623
2023-10-05 06:00:00,0.63622,0.63777,0.63601,0.63731
2023-10-05 07:00:00,0.63732,0.63771,0.63696,0.63725
2023-10-05 08:00:00,0.63724,0.63724,0.63626,0.63644
2023-10-05 09:00:00,0.63644,0.63664,0.63518,0.63519
2023-10-05 10:00:00,0.63519,0.63523,0.63388,0.63408
2023-10-05 11:00:00,0.63408,0.63481,0.6331,0.63323
2023-10-05 12:00:00,0.63323,0.63389,0.63311,0.63348
2023-10-05 13:00:00,0.63347,0.63475,0.63329,0.63472
2023-10-05 14:00:00,0.63472,0.63512,0.63417,0.63493
2023-10-05 15:00:00,0.63492,0.63508,0.63272,0.63427
2023-10-05 16:00:00,0.63427,0.63564,0.63365,0.63525
2023-10-05 17:00:00,0.63523,0.63535,0.63389,0.63499
2023-10-05 18:00:00,0.635,0.6355,0.63428,0.63465
2023-10-05 19:00:00,0.63465,0.63603,0.6345,0.63584
2023-10-05 20:00:00,0.63584,0.63648,0.63534,0.6364
2023-10-05 21:00:00,0.6364,0.6372,0.6364,0.63715
2023-10-05 22:00:00,0.63715,0.63737,0.6368,0.63718
2023-10-05 23:00:00,0.63718,0.63733,0.63686,0.63686
2023-10-06 00:00:00,0.63686,0.63702,0.63613,0.63686
2023-10-06 01:00:00,0.63687,0.63738,0.63683,0.63695
2023-10-06 02:00:00,0.63694,0.63744,0.63681,0.63695
2023-10-06 03:00:00,0.63696,0.63735,0.63642,0.63681
2023-10-06 04:00:00,0.63681,0.63773,0.63645,0.63714
2023-10-06 05:00:00,0.63714,0.6382,0.63695,0.63791
2023-10-06 06:00:00,0.63793,0.63803,0.63726,0.63742
2023-10-06 07:00:00,0.63743,0.63743,0.63667,0.63677
2023-10-06 08:00:00,0.63677,0.6369,0.63551,0.6356
2023-10-06 09:00:00,0.6356,0.6362,0.63548,0.63592
2023-10-06 10:00:00,0.63592,0.63679,0.63581,0.6367
2023-10-06 11:00:00,0.6367,0.63707,0.63598,0.63641
2023-10-06 12:00:00,0.63642,0.63652,0.63583,0.63599
2023-10-06 13:00:00,0.63599,0.63673,0.63574,0.63608
2023-10-06 14:00:00,0.63608,0.63635,0.63534,0.63585
2023-10-06 15:00:00,0.63586,0.63638,0.63122,0.63256
2023-10-06 16:00:00,0.63256,0.63511,0.63198,0.63344
2023-10-06 17:00:00,0.63347,0.63592,0.63309,0.63493
2023-10-06 18:00:00,0.63493,0.63952,0.6347,0.63924
2023-10-06 19:00:00,0.63924,0.63934,0.63788,0.63793
2023-10-06 20:00:00,0.63793,0.63913,0.63766,0.63877
2023-10-06 21:00:00,0.63877,0.64003,0.63871,0.63956
2023-10-06 22:00:00,0.63956,0.63964,0.63866,0.63873
2023-10-06 23:00:00,0.63873,0.63882,0.63823,0.63835
2023-10-09 00:00:00,0.63524,0.6364,0.63478,0.63545
2023-10-09 01:00:00,0.63544,0.63681,0.63443,0.63576
2023-10-09 02:00:00,0.63576,0.63697,0.63567,0.63691
2023-10-09 03:00:00,0.63691,0.63804,0.63684,0.63804
2023-10-09 04:00:00,0.63804,0.63811,0.63605,0.63699
2023-10-09 05:00:00,0.63699,0.63728,0.63645,0.63652
2023-10-09 06:00:00,0.63652,0.63652,0.63505,0.6352
2023-10-09 07:00:00,0.6352,0.63554,0.63472,0.63484
2023-10-09 08:00:00,0.63484,0.63583,0.63461,0.63555
2023-10-09 09:00:00,0.63555,0.63631,0.6344,0.6345
2023-10-09 10:00:00,0.63451,0.63614,0.63428,0.6355
2023-10-09 11:00:00,0.63551,0.63618,0.63536,0.63595
2023-10-09 12:00:00,0.63596,0.63681,0.63588,0.63619
2023-10-09 13:00:00,0.63618,0.63652,0.63563,0.63583
2023-10-09 14:00:00,0.63585,0.63681,0.63585,0.63644
2023-10-09 15:00:00,0.63644,0.63688,0.6356,0.63673
2023-10-09 16:00:00,0.63673,0.63833,0.63671,0.63793
2023-10-09 17:00:00,0.63794,0.63863,0.63731,0.63763
2023-10-09 18:00:00,0.63763,0.6384,0.63741,0.6379
2023-10-09 19:00:00,0.6379,0.63802,0.63743,0.63775
2023-10-09 20:00:00,0.63776,0.64017,0.63768,0.64011
2023-10-09 21:00:00,0.64011,0.64129,0.64009,0.6412
2023-10-09 22:00:00,0.64118,0.64147,0.64092,0.64128
2023-10-09 23:00:00,0.64129,0.64144,0.6409,0.64105
2023-10-10 00:00:00,0.6407,0.64113,0.6407,0.64086
2023-10-10 01:00:00,0.64092,0.64139,0.64089,0.641
2023-10-10 02:00:00,0.641,0.6423,0.64099,0.64212
2023-10-10 03:00:00,0.64211,0.64275,0.6416,0.64174
2023-10-10 04:00:00,0.64175,0.6433,0.64172,0.64245
2023-10-10 05:00:00,0.64245,0.64295,0.64116,0.64117
2023-10-10 06:00:00,0.64116,0.6418,0.64101,0.64152
2023-10-10 07:00:00,0.64152,0.64152,0.64079,0.64098
2023-10-10 08:00:00,0.64098,0.64147,0.64068,0.64091
2023-10-10 09:00:00,0.64091,0.64111,0.6398,0.64032
2023-10-10 10:00:00,0.64031,0.6406,0.63911,0.63981
2023-10-10 11:00:00,0.63984,0.64263,0.6393,0.64202
2023-10-10 12:00:00,0.64202,0.64213,0.64096,0.6415
2023-10-10 13:00:00,0.6415,0.64162,0.6405,0.64054
2023-10-10 14:00:00,0.64053,0.64053,0.63901,0.63946
2023-10-10 15:00:00,0.63945,0.64017,0.63914,0.63997
2023-10-10 16:00:00,0.63997,0.64057,0.63936,0.64047
2023-10-10 17:00:00,0.64047,0.64202,0.64047,0.64127
2023-10-10 18:00:00,0.64127,0.6431,0.64109,0.64296
2023-10-10 19:00:00,0.64296,0.64319,0.64225,0.64271
2023-10-10 20:00:00,0.64271,0.64275,0.64125,0.64157
2023-10-10 21:00:00,0.64157,0.6426,0.64147,0.64237
2023-10-10 22:00:00,0.64237,0.64296,0.64199,0.64287
2023-10-10 23:00:00,0.64287,0.64322,0.64285,0.643
2023-10-11 00:00:00,0.64304,0.64307,0.64072,0.6428
2023-10-11 01:00:00,0.64278,0.64322,0.64272,0.64302
2023-10-11 02:00:00,0.64302,0.64357,0.64299,0.64321
2023-10-11 03:00:00,0.64321,0.64453,0.64317,0.64386
2023-10-11 04:00:00,0.64386,0.64427,0.64281,0.64325
2023-10-11 05:00:00,0.64326,0.64335,0.64246,0.64258
2023-10-11 06:00:00,0.64258,0.6426,0.64193,0.64225
2023-10-11 07:00:00,0.64224,0.64264,0.6417,0.642
2023-10-11 08:00:00,0.642,0.64251,0.64129,0.64146
2023-10-11 09:00:00,0.64147,0.64235,0.64098,0.64188
2023-10-11 10:00:00,0.64188,0.64341,0.64167,0.64176
2023-10-11 11:00:00,0.64177,0.64238,0.64124,0.64226
2023-10-11 12:00:00,0.64227,0.6426,0.64173,0.64206
2023-10-11 13:00:00,0.64205,0.64232,0.6413,0.64175
2023-10-11 14:00:00,0.64174,0.6423,0.64117,0.64135
2023-10-11 15:00:00,0.64135,0.64235,0.64005,0.6422
2023-10-11 16:00:00,0.6422,0.64274,0.64141,0.64257
2023-10-11 17:00:00,0.64257,0.64265,0.64123,0.64155
2023-10-11 18:00:00,0.64155,0.64169,0.64033,0.64065
2023-10-11 19:00:00,0.64065,0.64081,0.63977,0.64035
2023-10-11 20:00:00,0.64036,0.64051,0.6388,0.63945
2023-10-11 21:00:00,0.63945,0.64089,0.63944,0.64059
2023-10-11 22:00:00,0.64059,0.64121,0.64043,0.64102
2023-10-11 23:00:00,0.64102,0.64149,0.64099,0.64125
2023-10-12 00:00:00,0.63992,0.64156,0.63951,0.64139
2023-10-12 01:00:00,0.64139,0.64174,0.64118,0.64169
2023-10-12 02:00:00,0.64169,0.64201,0.64159,0.64176
2023-10-12 03:00:00,0.64176,0.64215,0.64143,0.64172
2023-10-12 04:00:00,0.64172,0.6427,0.64165,0.64221
2023-10-12 05:00:00,0.64221,0.64239,0.64118,0.64135
2023-10-12 06:00:00,0.64135,0.64209,0.64125,0.64204
2023-10-12 07:00:00,0.64202,0.64238,0.64189,0.64228
2023-10-12 08:00:00,0.64228,0.64233,0.64146,0.64165
2023-10-12 09:00:00,0.64165,0.6431,0.64143,0.64247
2023-10-12 10:00:00,0.64246,0.64246,0.64061,0.64098
2023-10-12 11:00:00,0.64098,0.64167,0.64074,0.64133
2023-10-12 12:00:00,0.64134,0.64139,0.64072,0.64104
2023-10-12 13:00:00,0.64104,0.64121,0.64029,0.64042
2023-10-12 14:00:00,0.64042,0.64092,0.64007,0.64061
2023-10-12 15:00:00,0.64063,0.64084,0.6373,0.63834
2023-10-12 16:00:00,0.63833,0.63865,0.63508,0.63532
2023-10-12 17:00:00,0.63532,0.63589,0.63361,0.63412
2023-10-12 18:00:00,0.63412,0.63419,0.63288,0.63334
2023-10-12 19:00:00,0.63333,0.63377,0.63257,0.63277
2023-10-12 20:00:00,0.63277,0.63285,0.63119,0.63125
2023-10-12 21:00:00,0.63127,0.63186,0.6307,0.6311
2023-10-12 22:00:00,0.63112,0.63166,0.63103,0.6314
2023-10-12 23:00:00,0.6314,0.6315,0.63118,0.63137
2023-10-13 00:00:00,0.63137,0.63156,0.63069,0.6315
2023-10-13 01:00:00,0.63151,0.63161,0.63129,0.6315
2023-10-13 02:00:00,0.63149,0.6318,0.6313,0.63159
2023-10-13 03:00:00,0.63159,0.63236,0.63156,0.63212
2023-10-13 04:00:00,0.63211,0.63269,0.63185,0.63256
2023-10-13 05:00:00,0.63256,0.63344,0.63229,0.6326
2023-10-13 06:00:00,0.63261,0.633,0.63237,0.63271
2023-10-13 07:00:00,0.6327,0.63276,0.63155,0.63166
2023-10-13 08:00:00,0.63165,0.63221,0.63157,0.63219
2023-10-13 09:00:00,0.63219,0.6322,0.63106,0.6316
2023-10-13 10:00:00,0.63159,0.63273,0.63153,0.63261
2023-10-13 11:00:00,0.63261,0.63317,0.63214,0.6322
2023-10-13 12:00:00,0.6322,0.6322,0.63088,0.63124
2023-10-13 13:00:00,0.63124,0.63162,0.63054,0.63097
2023-10-13 14:00:00,0.63096,0.63199,0.63084,0.6317
2023-10-13 15:00:00,0.6317,0.63291,0.63125,0.63259
2023-10-13 16:00:00,0.63259,0.63282,0.63127,0.63177
2023-10-13 17:00:00,0.63177,0.63201,0.62915,0.6295
2023-10-13 18:00:00,0.6295,0.62969,0.62864,0.6289
2023-10-13 19:00:00,0.6289,0.6296,0.62887,0.6294
2023-10-13 20:00:00,0.6294,0.6301,0.62894,0.62985
2023-10-13 21:00:00,0.62987,0.63004,0.62939,0.6298
2023-10-13 22:00:00,0.6298,0.63016,0.6296,0.62988
2023-10-13 23:00:00,0.62988,0.62988,0.62941,0.62958
2023-10-16 00:00:00,0.62878,0.63036,0.62878,0.62999
2023-10-16 01:00:00,0.63011,0.63063,0.62995,0.63047
2023-10-16 02:00:00,0.63047,0.63112,0.63041,0.6311
2023-10-16 03:00:00,0.63111,0.63126,0.63024,0.63027
2023-10-16 04:00:00,0.6303,0.63183,0.6303,0.63172
2023-10-16 05:00:00,0.63172,0.63266,0.63147,0.63197
2023-10-16 06:00:00,0.63198,0.6322,0.63155,0.63219
2023-10-16 07:00:00,0.63218,0.63256,0.63207,0.63223
2023-10-16 08:00:00,0.63223,0.63269,0.63179,0.63226
2023-10-16 09:00:00,0.63223,0.6332,0.6319,0.63247
2023-10-16 10:00:00,0.63246,0.63281,0.632,0.6326
2023-10-16 11:00:00,0.6326,0.63314,0.63214,0.63261
2023-10-16 12:00:00,0.63261,0.63277,0.63209,0.63232
2023-10-16 13:00:00,0.63232,0.63264,0.63186,0.63188
2023-10-16 14:00:00,0.63187,0.63297,0.63167,0.63278
2023-10-16 15:00:00,0.6328,0.63333,0.63228,0.63303
2023-10-16 16:00:00,0.63304,0.6331,0.63157,0.63182
2023-10-16 17:00:00,0.63182,0.63322,0.63115,0.63319
2023-10-16 18:00:00,0.6332,0.63397,0.63307,0.63377
2023-10-16 19:00:00,0.63378,0.63417,0.63372,0.63417
2023-10-16 20:00:00,0.63418,0.63442,0.63358,0.63416
2023-10-16 21:00:00,0.63416,0.63432,0.63397,0.63406
2023-10-16 22:00:00,0.63406,0.63447,0.63388,0.63434
2023-10-16 23:00:00,0.63433,0.63433,0.63407,0.63407
2023-10-17 00:00:00,0.63425,0.63425,0.63299,0.63384
2023-10-17 01:00:00,0.63384,0.63408,0.63343,0.63358
2023-10-17 02:00:00,0.63357,0.63394,0.63349,0.63371
2023-10-17 03:00:00,0.63371,0.63594,0.63362,0.63534
2023-10-17 04:00:00,0.63533,0.63544,0.63439,0.63516
2023-10-17 05:00:00,0.63517,0.6355,0.63454,0.6353
2023-10-17 06:00:00,0.63531,0.63668,0.63507,0.63536
2023-10-17 07:00:00,0.63535,0.63548,0.63491,0.63537
2023-10-17 08:00:00,0.63537,0.63579,0.63479,0.63511
2023-10-17 09:00:00,0.63512,0.6358,0.63497,0.63521
2023-10-17 10:00:00,0.6352,0.63627,0.63514,0.63577
2023-10-17 11:00:00,0.63575,0.636,0.63424,0.63441
2023-10-17 12:00:00,0.63441,0.63532,0.63436,0.63531
2023-10-17 13:00:00,0.63531,0.63585,0.63454,0.63493
2023-10-17 14:00:00,0.63492,0.63654,0.6349,0.63615
2023-10-17 15:00:00,0.63613,0.63637,0.63362,0.63409
2023-10-17 16:00:00,0.63411,0.63539,0.63363,0.63435
2023-10-17 17:00:00,0.63436,0.63684,0.63435,0.63632
2023-10-17 18:00:00,0.63633,0.63768,0.63623,0.63758
2023-10-17 19:00:00,0.63758,0.63794,0.63703,0.63711
2023-10-17 20:00:00,0.63711,0.63711,0.63536,0.63555
2023-10-17 21:00:00,0.63556,0.63626,0.63535,0.63578
2023-10-17 22:00:00,0.63578,0.63675,0.63574,0.63642
2023-10-17 23:00:00,0.63642,0.63666,0.63614,0.63646
2023-10-18 00:00:00,0.63627,0.63664,0.63534,0.63663
2023-10-18 01:00:00,0.63662,0.63664,0.63641,0.63652
2023-10-18 02:00:00,0.63652,0.63661,0.63619,0.63625
2023-10-18 03:00:00,0.63625,0.63653,0.63517,0.6353
2023-10-18 04:00:00,0.6353,0.63601,0.63508,0.63586
2023-10-18 05:00:00,0.63586,0.63788,0.63586,0.63747
2023-10-18 06:00:00,0.63747,0.63813,0.63697,0.63748
2023-10-18 07:00:00,0.63748,0.63809,0.63738,0.63769
2023-10-18 08:00:00,0.6377,0.63876,0.63758,0.63842
2023-10-18 09:00:00,0.6384,0.6393,0.63825,0.63851
2023-10-18 10:00:00,0.6385,0.63881,0.63792,0.63816
2023-10-18 11:00:00,0.63817,0.63837,0.63743,0.63817
2023-10-18 12:00:00,0.63817,0.63841,0.63751,0.63769
2023-10-18 13:00:00,0.63769,0.63773,0.63648,0.63701
2023-10-18 14:00:00,0.63702,0.63732,0.6366,0.63678
2023-10-18 15:00:00,0.63678,0.63708,0.63547,0.63605
2023-10-18 16:00:00,0.63605,0.6364,0.63549,0.63557
2023-10-18 17:00:00,0.63557,0.63617,0.63369,0.63418
2023-10-18 18:00:00,0.63419,0.63444,0.63339,0.63344
2023-10-18 19:00:00,0.63345,0.63364,0.63277,0.63342
2023-10-18 20:00:00,0.63343,0.63541,0.63326,0.635
2023-10-18 21:00:00,0.63502,0.63509,0.63366,0.63367
2023-10-18 22:00:00,0.63368,0.63374,0.63325,0.63357
2023-10-18 23:00:00,0.63358,0.63377,0.63345,0.63357
2023-10-19 00:00:00,0.63358,0.63378,0.63304,0.63351
2023-10-19 01:00:00,0.63351,0.63385,0.63294,0.63299
2023-10-19 02:00:00,0.63299,0.63327,0.63286,0.63326
2023-10-19 03:00:00,0.63327,0.63367,0.63122,0.63171
2023-10-19 04:00:00,0.63171,0.63211,0.63006,0.63047
2023-10-19 05:00:00,0.63045,0.63056,0.62956,0.63015
2023-10-19 06:00:00,0.63016,0.63048,0.62961,0.62994
2023-10-19 07:00:00,0.62993,0.63038,0.6299,0.63019
2023-10-19 08:00:00,0.63018,0.63048,0.62967,0.62994
2023-10-19 09:00:00,0.62993,0.63106,0.62986,0.63073
2023-10-19 10:00:00,0.63073,0.63097,0.6297,0.62981
2023-10-19 11:00:00,0.6298,0.63069,0.6297,0.63041
2023-10-19 12:00:00,0.6304,0.6306,0.62979,0.63056
2023-10-19 13:00:00,0.63056,0.63157,0.63047,0.63143
2023-10-19 14:00:00,0.63144,0.63159,0.63097,0.63114
2023-10-19 15:00:00,0.63115,0.63242,0.63093,0.63192
2023-10-19 16:00:00,0.63192,0.63265,0.63161,0.63221
2023-10-19 17:00:00,0.63222,0.63239,0.63133,0.63148
2023-10-19 18:00:00,0.63147,0.63294,0.63143,0.63239
2023-10-19 19:00:00,0.6324,0.63563,0.63126,0.63467
2023-10-19 20:00:00,0.6347,0.63561,0.63338,0.63414
2023-10-19 21:00:00,0.63414,0.63498,0.63247,0.6327
2023-10-19 22:00:00,0.63269,0.63339,0.63269,0.63331
2023-10-19 23:00:00,0.63331,0.63331,0.6326,0.63272
2023-10-20 00:00:00,0.63274,0.63288,0.63239,0.63253
2023-10-20 01:00:00,0.63252,0.63283,0.63204,0.63204
2023-10-20 02:00:00,0.63203,0.63241,0.63193,0.6324
2023-10-20 03:00:00,0.63241,0.63242,0.63098,0.63139
2023-10-20 04:00:00,0.6314,0.6317,0.63047,0.63136
2023-10-20 05:00:00,0.63136,0.63239,0.63112,0.63224
2023-10-20 06:00:00,0.63223,0.63243,0.63172,0.63193
2023-10-20 07:00:00,0.63193,0.63193,0.63127,0.63146
2023-10-20 08:00:00,0.63146,0.63196,0.63106,0.63113
2023-10-20 09:00:00,0.63113,0.63155,0.63039,0.63137
2023-10-20 10:00:00,0.63138,0.63139,0.6301,0.63012
2023-10-20 11:00:00,0.63013,0.63143,0.62969,0.63124
2023-10-20 12:00:00,0.63123,0.63167,0.63074,0.63131
2023-10-20 13:00:00,0.63131,0.63148,0.63087,0.63128
2023-10-20 14:00:00,0.63128,0.63161,0.63102,0.63128
2023-10-20 15:00:00,0.63127,0.63156,0.62991,0.63092
2023-10-20 16:00:00,0.63091,0.63243,0.63087,0.632
2023-10-20 17:00:00,0.63198,0.63239,0.63101,0.632
2023-10-20 18:00:00,0.63199,0.63253,0.63121,0.63178
2023-10-20 19:00:00,0.63179,0.63192,0.63093,0.63186
2023-10-20 20:00:00,0.63187,0.63245,0.63157,0.6318
2023-10-20 21:00:00,0.63181,0.63186,0.63105,0.63137
2023-10-20 22:00:00,0.63137,0.63156,0.63089,0.63112
2023-10-20 23:00:00,0.63111,0.63138,0.63091,0.63115
2023-10-23 00:00:00,0.63129,0.63171,0.63091,0.63121
2023-10-23 01:00:00,0.63123,0.63205,0.63095,0.63173
2023-10-23 02:00:00,0.63175,0.63217,0.63171,0.63197
2023-10-23 03:00:00,0.63198,0.63215,0.63072,0.63117
2023-10-23 04:00:00,0.63117,0.63169,0.63073,0.63153
2023-10-23 05:00:00,0.63151,0.63163,0.63074,0.63088
2023-10-23 06:00:00,0.63087,0.63152,0.63086,0.63112
2023-10-23 07:00:00,0.63112,0.63125,0.63082,0.63102
2023-10-23 08:00:00,0.63103,0.63147,0.63102,0.63115
2023-10-23 09:00:00,0.63115,0.63191,0.63075,0.63075
2023-10-23 10:00:00,0.63074,0.63097,0.63017,0.63043
2023-10-23 11:00:00,0.63043,0.63137,0.63039,0.63064
2023-10-23 12:00:00,0.63063,0.63091,0.62913,0.62921
2023-10-23 13:00:00,0.62921,0.63048,0.62886,0.63035
2023-10-23 14:00:00,0.63035,0.63135,0.63026,0.631
2023-10-23 15:00:00,0.63101,0.6321,0.63046,0.63109
2023-10-23 16:00:00,0.6311,0.63189,0.63021,0.63176
2023-10-23 17:00:00,0.63176,0.63309,0.6316,0.63231
2023-10-23 18:00:00,0.63229,0.63376,0.63218,0.63353
2023-10-23 19:00:00,0.63354,0.63435,0.63322,0.63435
2023-10-23 20:00:00,0.63433,0.63484,0.63391,0.63424
2023-10-23 21:00:00,0.63422,0.63458,0.6338,0.63434
2023-10-23 22:00:00,0.63434,0.63438,0.63294,0.63317
2023-10-23 23:00:00,0.63319,0.6335,0.63316,0.63344
2023-10-24 00:00:00,0.63358,0.63387,0.63286,0.63363
2023-10-24 01:00:00,0.63366,0.6337,0.63329,0.63332
2023-10-24 02:00:00,0.6333,0.63366,0.63326,0.63359
2023-10-24 03:00:00,0.63361,0.63439,0.63349,0.63424
2023-10-24 04:00:00,0.63424,0.63515,0.63382,0.63419
2023-10-24 05:00:00,0.6342,0.63615,0.63392,0.63574
2023-10-24 06:00:00,0.63573,0.63605,0.63534,0.63566
2023-10-24 07:00:00,0.63566,0.63595,0.63548,0.63583
2023-10-24 08:00:00,0.63584,0.63594,0.63514,0.63558
2023-10-24 09:00:00,0.63559,0.63757,0.63547,0.6374
2023-10-24 10:00:00,0.6374,0.63788,0.63641,0.63646
2023-10-24 11:00:00,0.6365,0.63717,0.63634,0.63653
2023-10-24 12:00:00,0.63653,0.63655,0.63589,0.63624
2023-10-24 13:00:00,0.63622,0.63638,0.63542,0.63548
2023-10-24 14:00:00,0.63547,0.63658,0.63529,0.63635
2023-10-24 15:00:00,0.63635,0.63651,0.63578,0.63618
2023-10-24 16:00:00,0.6362,0.63634,0.63489,0.6359
2023-10-24 17:00:00,0.63591,0.63653,0.6352,0.63582
2023-10-24 18:00:00,0.63581,0.63582,0.63435,0.63479
2023-10-24 19:00:00,0.63478,0.6353,0.6344,0.63471
2023-10-24 20:00:00,0.6347,0.63573,0.63466,0.63547
2023-10-24 21:00:00,0.63546,0.63589,0.63525,0.63568
2023-10-24 22:00:00,0.63568,0.63588,0.63548,0.63576
2023-10-24 23:00:00,0.63576,0.63598,0.63534,0.63534
2023-10-25 00:00:00,0.63463,0.63575,0.63463,0.63562
2023-10-25 01:00:00,0.63561,0.63562,0.63519,0.63554
2023-10-25 02:00:00,0.63554,0.63616,0.6355,0.63597
2023-10-25 03:00:00,0.63599,0.63922,0.63576,0.63914
2023-10-25 04:00:00,0.63913,0.63994,0.6385,0.63905
2023-10-25 05:00:00,0.63906,0.63931,0.63853,0.63884
2023-10-25 06:00:00,0.63886,0.63908,0.63777,0.63806
2023-10-25 07:00:00,0.63806,0.63864,0.63787,0.63859
2023-10-25 08:00:00,0.6386,0.63869,0.6371,0.63751
2023-10-25 09:00:00,0.63752,0.63823,0.63701,0.63701
2023-10-25 10:00:00,0.637,0.63706,0.63552,0.63567
2023-10-25 11:00:00,0.63567,0.63614,0.63511,0.63528
2023-10-25 12:00:00,0.63527,0.6353,0.63288,0.63312
2023-10-25 13:00:00,0.63313,0.63387,0.63277,0.63367
2023-10-25 14:00:00,0.63366,0.63407,0.63325,0.63374
2023-10-25 15:00:00,0.63376,0.63463,0.63372,0.63387
2023-10-25 16:00:00,0.63388,0.63436,0.63242,0.6333
2023-10-25 17:00:00,0.63328,0.63379,0.63198,0.6333
2023-10-25 18:00:00,0.6333,0.63406,0.63291,0.63326
2023-10-25 19:00:00,0.63325,0.63327,0.63172,0.63193
2023-10-25 20:00:00,0.63192,0.63213,0.63056,0.63085
2023-10-25 21:00:00,0.63084,0.63135,0.63049,0.63086
2023-10-25 22:00:00,0.63086,0.63138,0.63073,0.63102
2023-10-25 23:00:00,0.63102,0.63113,0.63065,0.63084
2023-10-26 00:00:00,0.63083,0.63099,0.63045,0.63075
2023-10-26 01:00:00,0.63075,0.63079,0.62841,0.62887
2023-10-26 02:00:00,0.62885,0.62946,0.62882,0.62934
2023-10-26 03:00:00,0.62935,0.62984,0.62755,0.62791
2023-10-26 04:00:00,0.6279,0.62941,0.62754,0.62876
2023-10-26 05:00:00,0.62876,0.62884,0.62699,0.62745
2023-10-26 06:00:00,0.62744,0.62786,0.62723,0.62769
2023-10-26 07:00:00,0.62768,0.62789,0.62736,0.62767
2023-10-26 08:00:00,0.6277,0.62931,0.6277,0.62871
2023-10-26 09:00:00,0.62871,0.6302,0.62812,0.62925
2023-10-26 10:00:00,0.62925,0.63083,0.62901,0.63065
2023-10-26 11:00:00,0.63065,0.63128,0.63043,0.63092
2023-10-26 12:00:00,0.63095,0.63163,0.63062,0.63117
2023-10-26 13:00:00,0.63118,0.63149,0.63016,0.63024
2023-10-26 14:00:00,0.63024,0.63046,0.62984,0.62992
2023-10-26 15:00:00,0.62992,0.63222,0.62926,0.63212
2023-10-26 16:00:00,0.63214,0.63289,0.6312,0.63154
2023-10-26 17:00:00,0.63153,0.63242,0.63033,0.63209
2023-10-26 18:00:00,0.63208,0.63213,0.63019,0.63111
2023-10-26 19:00:00,0.63109,0.6311,0.63015,0.63024
2023-10-26 20:00:00,0.63025,0.63252,0.63017,0.63237
2023-10-26 21:00:00,0.63237,0.63303,0.63223,0.63277
2023-10-26 22:00:00,0.63277,0.633,0.63133,0.63169
2023-10-26 23:00:00,0.63168,0.63252,0.63155,0.63203
2023-10-27 00:00:00,0.63199,0.63224,0.63177,0.63213
2023-10-27 01:00:00,0.63213,0.63278,0.6321,0.63251
2023-10-27 02:00:00,0.6325,0.63346,0.6325,0.6333
2023-10-27 03:00:00,0.6333,0.63396,0.63292,0.63345
2023-10-27 04:00:00,0.63345,0.6342,0.63241,0.63378
2023-10-27 05:00:00,0.63378,0.63425,0.63364,0.63399
2023-10-27 06:00:00,0.634,0.63419,0.63359,0.63385
2023-10-27 07:00:00,0.63385,0.63445,0.63366,0.63435
2023-10-27 08:00:00,0.63435,0.63459,0.63374,0.63443
2023-10-27 09:00:00,0.63442,0.63506,0.63352,0.63353
2023-10-27 10:00:00,0.63351,0.63424,0.63308,0.63423
2023-10-27 11:00:00,0.63423,0.63514,0.63413,0.635
2023-10-27 12:00:00,0.63499,0.63566,0.63489,0.63549
2023-10-27 13:00:00,0.63548,0.6356,0.63461,0.63461
2023-10-27 14:00:00,0.63461,0.63461,0.63361,0.63388
2023-10-27 15:00:00,0.63388,0.6358,0.63377,0.63502
2023-10-27 16:00:00,0.63502,0.63677,0.63501,0.63558
2023-10-27 17:00:00,0.63544,0.6365,0.63451,0.63498
2023-10-27 18:00:00,0.63498,0.63549,0.63473,0.63508
2023-10-27 19:00:00,0.63508,0.63528,0.63391,0.63401
2023-10-27 20:00:00,0.63399,0.63405,0.63333,0.63369
2023-10-27 21:00:00,0.63368,0.634,0.63338,0.6335
2023-10-27 22:00:00,0.6335,0.63369,0.63307,0.63357
2023-10-27 23:00:00,0.63357,0.6336,0.63307,0.63333
2023-10-30 00:00:00,0.63363,0.63436,0.63341,0.63373
2023-10-30 01:00:00,0.63374,0.63392,0.63319,0.6338
2023-10-30 02:00:00,0.63381,0.63484,0.63364,0.63448
2023-10-30 03:00:00,0.63449,0.63544,0.63432,0.63533
2023-10-30 04:00:00,0.63532,0.63575,0.63505,0.63552
2023-10-30 05:00:00,0.63552,0.63596,0.63534,0.63543
2023-10-30 06:00:00,0.63543,0.63548,0.63489,0.63527
2023-10-30 07:00:00,0.63528,0.63537,0.63485,0.63501
2023-10-30 08:00:00,0.635,0.63595,0.63492,0.63581
2023-10-30 09:00:00,0.63584,0.63641,0.63546,0.63556
2023-10-30 10:00:00,0.63556,0.63586,0.63516,0.63568
2023-10-30 11:00:00,0.63567,0.63702,0.63567,0.6369
2023-10-30 12:00:00,0.63691,0.63722,0.63648,0.63692
2023-10-30 13:00:00,0.63691,0.63781,0.6367,0.63746
2023-10-30 14:00:00,0.63746,0.63746,0.63665,0.63733
2023-10-30 15:00:00,0.63733,0.63783,0.63698,0.63757
2023-10-30 16:00:00,0.63757,0.63808,0.63612,0.63727
2023-10-30 17:00:00,0.63727,0.63835,0.6372,0.63723
2023-10-30 18:00:00,0.63724,0.63752,0.6366,0.63683
2023-10-30 19:00:00,0.63684,0.63745,0.63648,0.63742
2023-10-30 20:00:00,0.63741,0.63779,0.63732,0.63749
2023-10-30 21:00:00,0.6375,0.63781,0.6373,0.63756
2023-10-30 22:00:00,0.63755,0.63768,0.63722,0.63728
2023-10-30 23:00:00,0.63718,0.63755,0.63659,0.63687
2023-10-31 00:00:00,0.63693,0.63735,0.63646,0.63649
2023-10-31 01:00:00,0.6365,0.63692,0.63648,0.63675
2023-10-31 02:00:00,0.63673,0.63732,0.63642,0.63677
2023-10-31 03:00:00,0.63677,0.63731,0.63581,0.63639
2023-10-31 04:00:00,0.63639,0.63666,0.63545,0.63564
2023-10-31 05:00:00,0.63564,0.6358,0.6344,0.63481
2023-10-31 06:00:00,0.6348,0.63514,0.63411,0.63443
2023-10-31 07:00:00,0.63442,0.63494,0.63427,0.63472
2023-10-31 08:00:00,0.63472,0.63565,0.63457,0.63526
2023-10-31 09:00:00,0.63527,0.63645,0.63527,0.63586
2023-10-31 10:00:00,0.63585,0.63726,0.63519,0.63725
2023-10-31 11:00:00,0.63723,0.63737,0.63665,0.63693
2023-10-31 12:00:00,0.63694,0.63697,0.63636,0.63675
2023-10-31 13:00:00,0.63675,0.63693,0.63635,0.63637
2023-10-31 14:00:00,0.63635,0.63679,0.63453,0.63453
2023-10-31 15:00:00,0.63453,0.63465,0.63311,0.63365
2023-10-31 16:00:00,0.63367,0.63444,0.63275,0.6335
2023-10-31 17:00:00,0.63351,0.63385,0.63142,0.63305
2023-10-31 18:00:00,0.63304,0.63317,0.63226,0.63286
2023-10-31 19:00:00,0.63286,0.63391,0.63274,0.63386
2023-10-31 20:00:00,0.63388,0.63416,0.63334,0.63416
2023-10-31 21:00:00,0.63414,0.63448,0.63405,0.63427
2023-10-31 22:00:00,0.63428,0.63433,0.63346,0.63355
2023-10-31 23:00:00,0.63353,0.63392,0.63228,0.6336
2023-11-01 00:00:00,0.63363,0.63395,0.63327,0.63394
2023-11-01 01:00:00,0.63394,0.63407,0.63346,0.63364
2023-11-01 02:00:00,0.63364,0.63433,0.63243,0.63269
2023-11-01 03:00:00,0.63269,0.63347,0.63177,0.63224
2023-11-01 04:00:00,0.63222,0.63332,0.63189,0.63326
2023-11-01 05:00:00,0.63326,0.63404,0.63318,0.63354
2023-11-01 06:00:00,0.63355,0.63355,0.63282,0.63309
2023-11-01 07:00:00,0.63309,0.63318,0.63281,0.6329
2023-11-01 08:00:00,0.63291,0.63401,0.63291,0.63388
2023-11-01 09:00:00,0.63388,0.63448,0.63317,0.63351
2023-11-01 10:00:00,0.63353,0.63422,0.63341,0.63413
2023-11-01 11:00:00,0.63414,0.63473,0.63315,0.63345
2023-11-01 12:00:00,0.63346,0.63411,0.63329,0.634
2023-11-01 13:00:00,0.634,0.63442,0.63369,0.63416
2023-11-01 14:00:00,0.63417,0.63676,0.63408,0.63591
2023-11-01 15:00:00,0.63591,0.63624,0.63442,0.63588
2023-11-01 16:00:00,0.63588,0.63937,0.63585,0.63817
2023-11-01 17:00:00,0.63818,0.63852,0.63617,0.63621
2023-11-01 18:00:00,0.63621,0.63651,0.63546,0.63586
2023-11-01 19:00:00,0.63586,0.63645,0.6355,0.6361
2023-11-01 20:00:00,0.63609,0.63884,0.63539,0.6377
2023-11-01 21:00:00,0.6377,0.63991,0.6377,0.63911
2023-11-01 22:00:00,0.6391,0.63931,0.63829,0.63929
2023-11-01 23:00:00,0.63913,0.63988,0.63862,0.63978
2023-11-02 00:00:00,0.63979,0.64112,0.63966,0.64064
2023-11-02 01:00:00,0.64063,0.64218,0.64053,0.64218
2023-11-02 02:00:00,0.64219,0.64332,0.64208,0.64332
2023-11-02 03:00:00,0.64333,0.64365,0.6428,0.64351
2023-11-02 04:00:00,0.6435,0.64388,0.6429,0.64356
2023-11-02 05:00:00,0.64357,0.6436,0.6429,0.64318
2023-11-02 06:00:00,0.64317,0.64318,0.64221,0.6423
2023-11-02 07:00:00,0.6423,0.64272,0.64214,0.64216
2023-11-02 08:00:00,0.64216,0.64278,0.64199,0.64259
2023-11-02 09:00:00,0.64258,0.6431,0.64209,0.64268
2023-11-02 10:00:00,0.64268,0.64358,0.64168,0.64298
2023-11-02 11:00:00,0.64297,0.64455,0.6428,0.64421
2023-11-02 12:00:00,0.64422,0.64452,0.64343,0.6444
2023-11-02 13:00:00,0.6444,0.64454,0.6435,0.64368
2023-11-02 14:00:00,0.64368,0.64555,0.64356,0.64548
2023-11-02 15:00:00,0.64548,0.64548,0.64307,0.64367
2023-11-02 16:00:00,0.64366,0.64375,0.64172,0.64259
2023-11-02 17:00:00,0.64259,0.64274,0.64133,0.64208
2023-11-02 18:00:00,0.64206,0.64215,0.64126,0.6416
2023-11-02 19:00:00,0.64159,0.64292,0.64152,0.64275
2023-11-02 20:00:00,0.64276,0.64318,0.64257,0.643
2023-11-02 21:00:00,0.643,0.64307,0.64265,0.64307
2023-11-02 22:00:00,0.64307,0.64341,0.64269,0.64334
2023-11-02 23:00:00,0.64335,0.64349,0.64263,0.64332
2023-11-03 00:00:00,0.64331,0.64334,0.64294,0.64294
2023-11-03 01:00:00,0.64295,0.643,0.64267,0.64275
2023-11-03 02:00:00,0.64276,0.64324,0.64194,0.6425
2023-11-03 03:00:00,0.6425,0.64309,0.64218,0.64289
2023-11-03 04:00:00,0.64287,0.64384,0.6428,0.64323
2023-11-03 05:00:00,0.64325,0.64351,0.64272,0.64293
2023-11-03 06:00:00,0.64293,0.64325,0.6428,0.64312
2023-11-03 07:00:00,0.64313,0.64374,0.64299,0.64348
2023-11-03 08:00:00,0.64351,0.64393,0.64341,0.64381
2023-11-03 09:00:00,0.64381,0.64477,0.64362,0.64421
2023-11-03 10:00:00,0.64423,0.64434,0.64345,0.64365
2023-11-03 11:00:00,0.64365,0.64455,0.64334,0.64415
2023-11-03 12:00:00,0.64415,0.64456,0.64399,0.64437
2023-11-03 13:00:00,0.64436,0.64461,0.64418,0.64436
2023-11-03 14:00:00,0.64436,0.65039,0.64412,0.64933
2023-11-03 15:00:00,0.64933,0.65082,0.64896,0.64989
2023-11-03 16:00:00,0.64999,0.65123,0.64787,0.64964
2023-11-03 17:00:00,0.64964,0.6508,0.64921,0.65033
2023-11-03 18:00:00,0.65033,0.65142,0.64978,0.65111
2023-11-03 19:00:00,0.65112,0.6518,0.65053,0.65121
2023-11-03 20:00:00,0.65121,0.65166,0.65103,0.65159
2023-11-03 21:00:00,0.65158,0.65168,0.65081,0.6509
2023-11-03 22:00:00,0.65089,0.65133,0.65086,0.65121
2023-11-06 00:00:00,0.65049,0.65106,0.65029,0.65046
2023-11-06 01:00:00,0.65044,0.65163,0.65044,0.65149
2023-11-06 02:00:00,0.6515,0.65188,0.65094,0.65152
2023-11-06 03:00:00,0.65152,0.65191,0.65087,0.65148
2023-11-06 04:00:00,0.65148,0.65194,0.65114,0.65127
2023-11-06 05:00:00,0.65127,0.65139,0.65099,0.65118
2023-11-06 06:00:00,0.65118,0.6519,0.65087,0.6509
2023-11-06 07:00:00,0.65091,0.65151,0.65042,0.65141
2023-11-06 08:00:00,0.65139,0.6518,0.65122,0.65133
2023-11-06 09:00:00,0.65133,0.65148,0.65042,0.65053
2023-11-06 10:00:00,0.65054,0.65225,0.65048,0.65145
2023-11-06 11:00:00,0.65145,0.65191,0.65053,0.65065
2023-11-06 12:00:00,0.65066,0.65117,0.65028,0.65056
2023-11-06 13:00:00,0.65056,0.65109,0.65042,0.65085
2023-11-06 14:00:00,0.65083,0.65094,0.64983,0.64996
2023-11-06 15:00:00,0.64997,0.65017,0.64953,0.64994
2023-11-06 16:00:00,0.64995,0.65044,0.64959,0.64979
2023-11-06 17:00:00,0.64979,0.65071,0.64928,0.65019
2023-11-06 18:00:00,0.6502,0.65057,0.64957,0.64997
2023-11-06 19:00:00,0.64997,0.65008,0.64941,0.64963
2023-11-06 20:00:00,0.64963,0.64973,0.64916,0.64953
2023-11-06 21:00:00,0.64951,0.64959,0.64871,0.64906
2023-11-06 22:00:00,0.64904,0.64914,0.64864,0.64884
2023-11-06 23:00:00,0.64884,0.64888,0.64847,0.64875
2023-11-07 00:00:00,0.64877,0.64912,0.64836,0.64882
2023-11-07 01:00:00,0.64882,0.64915,0.64859,0.64879
2023-11-07 02:00:00,0.6488,0.64914,0.64819,0.64838
2023-11-07 03:00:00,0.64838,0.64838,0.64714,0.64753
2023-11-07 04:00:00,0.64753,0.64846,0.64719,0.64835
2023-11-07 05:00:00,0.64837,0.65015,0.64547,0.64597
2023-11-07 06:00:00,0.64597,0.64633,0.64337,0.64376
2023-11-07 07:00:00,0.64376,0.64396,0.64301,0.64373
2023-11-07 08:00:00,0.64373,0.64401,0.64221,0.64279
2023-11-07 09:00:00,0.64278,0.6434,0.64199,0.64232
2023-11-07 10:00:00,0.64233,0.64374,0.64232,0.64335
2023-11-07 11:00:00,0.64334,0.64335,0.64213,0.64213
2023-11-07 12:00:00,0.64212,0.64278,0.64175,0.64217
2023-11-07 13:00:00,0.64217,0.6423,0.64089,0.64175
2023-11-07 14:00:00,0.64175,0.64244,0.6416,0.64165
2023-11-07 15:00:00,0.64166,0.64236,0.64102,0.64154
2023-11-07 16:00:00,0.64153,0.64173,0.64035,0.64125
2023-11-07 17:00:00,0.64126,0.64226,0.64126,0.64218
2023-11-07 18:00:00,0.64219,0.6427,0.64202,0.64233
2023-11-07 19:00:00,0.64234,0.64234,0.64115,0.64175
2023-11-07 20:00:00,0.64177,0.64327,0.64168,0.6432
2023-11-07 21:00:00,0.6432,0.64373,0.64306,0.64314
2023-11-07 22:00:00,0.64312,0.64355,0.64276,0.64324
2023-11-07 23:00:00,0.64324,0.64364,0.6432,0.64348
2023-11-08 00:00:00,0.64231,0.64352,0.64231,0.64349
2023-11-08 01:00:00,0.64349,0.64351,0.64291,0.64298
2023-11-08 02:00:00,0.64298,0.64307,0.64238,0.64247
2023-11-08 03:00:00,0.6425,0.64351,0.64214,0.64322
2023-11-08 04:00:00,0.64326,0.6449,0.643,0.64427
2023-11-08 05:00:00,0.64427,0.64455,0.64343,0.64365
2023-11-08 06:00:00,0.64364,0.64401,0.64337,0.64382
2023-11-08 07:00:00,0.64382,0.644,0.64297,0.64304
2023-11-08 08:00:00,0.64304,0.64368,0.64262,0.64331
2023-11-08 09:00:00,0.6433,0.64434,0.64262,0.64402
2023-11-08 10:00:00,0.64402,0.64436,0.64352,0.6436
2023-11-08 11:00:00,0.64362,0.64362,0.64212,0.64232
2023-11-08 12:00:00,0.64229,0.64291,0.64198,0.64277
2023-11-08 13:00:00,0.64276,0.64346,0.64276,0.64328
2023-11-08 14:00:00,0.64327,0.64328,0.64222,0.64246
2023-11-08 15:00:00,0.64248,0.64322,0.64205,0.64262
2023-11-08 16:00:00,0.64262,0.64351,0.64242,0.64291
2023-11-08 17:00:00,0.64291,0.64294,0.64068,0.64148
2023-11-08 18:00:00,0.64148,0.64217,0.64139,0.6419
2023-11-08 19:00:00,0.6419,0.6419,0.64071,0.64118
2023-11-08 20:00:00,0.64118,0.64172,0.64073,0.64093
2023-11-08 21:00:00,0.64093,0.6412,0.63986,0.63995
2023-11-08 22:00:00,0.63995,0.6405,0.6397,0.64027
2023-11-08 23:00:00,0.64027,0.64036,0.64006,0.64007
2023-11-09 00:00:00,0.64006,0.6405,0.6396,0.63994
2023-11-09 01:00:00,0.63994,0.64067,0.63991,0.64067
2023-11-09 02:00:00,0.64071,0.64082,0.64022,0.64033
2023-11-09 03:00:00,0.64033,0.64168,0.64027,0.64139
2023-11-09 04:00:00,0.64138,0.64164,0.64067,0.64069
2023-11-09 05:00:00,0.64069,0.64119,0.64027,0.64072
2023-11-09 06:00:00,0.64071,0.64168,0.64071,0.64146
2023-11-09 07:00:00,0.64145,0.6416,0.64075,0.64086
2023-11-09 08:00:00,0.64087,0.642,0.64084,0.64186
2023-11-09 09:00:00,0.64186,0.64207,0.64136,0.64145
2023-11-09 10:00:00,0.64146,0.64156,0.63955,0.64078
2023-11-09 11:00:00,0.64078,0.64091,0.64011,0.6406
2023-11-09 12:00:00,0.6406,0.64086,0.64003,0.64032
2023-11-09 13:00:00,0.64033,0.64041,0.63915,0.63979
2023-11-09 14:00:00,0.6398,0.6402,0.63951,0.64004
2023-11-09 15:00:00,0.64004,0.64153,0.63987,0.6412
2023-11-09 16:00:00,0.64123,0.64281,0.64086,0.64261
2023-11-09 17:00:00,0.64261,0.64276,0.64186,0.64245
2023-11-09 18:00:00,0.64245,0.64252,0.64161,0.64183
2023-11-09 19:00:00,0.64184,0.64212,0.64099,0.64121
2023-11-09 20:00:00,0.64122,0.6413,0.63838,0.63962
2023-11-09 21:00:00,0.63959,0.63972,0.6363,0.63682
2023-11-09 22:00:00,0.63682,0.63768,0.63652,0.63664
2023-11-09 23:00:00,0.63665,0.63704,0.63649,0.63649
2023-11-10 00:00:00,0.63647,0.63683,0.63599,0.63631
2023-11-10 01:00:00,0.63631,0.6364,0.63566,0.63612
2023-11-10 02:00:00,0.6361,0.63618,0.63516,0.63583
2023-11-10 03:00:00,0.63581,0.63653,0.63551,0.63625
2023-11-10 04:00:00,0.63625,0.63638,0.63563,0.63607
2023-11-10 05:00:00,0.63608,0.63638,0.63539,0.63546
2023-11-10 06:00:00,0.63545,0.63612,0.6354,0.63605
2023-11-10 07:00:00,0.63605,0.63605,0.63537,0.6358
2023-11-10 08:00:00,0.63579,0.63666,0.63573,0.63644
2023-11-10 09:00:00,0.63643,0.63644,0.63548,0.63617
2023-11-10 10:00:00,0.63617,0.63644,0.6357,0.63584
2023-11-10 11:00:00,0.63584,0.63622,0.63519,0.63582
2023-11-10 12:00:00,0.63582,0.63598,0.63541,0.63597
2023-11-10 13:00:00,0.63596,0.63606,0.63484,0.63508
2023-11-10 14:00:00,0.63508,0.63617,0.63486,0.63606
2023-11-10 15:00:00,0.63607,0.63647,0.63548,0.63625
2023-11-10 16:00:00,0.63626,0.63632,0.63477,0.63502
2023-11-10 17:00:00,0.63496,0.63537,0.63383,0.63489
2023-11-10 18:00:00,0.63489,0.63559,0.63467,0.63499
2023-11-10 19:00:00,0.635,0.63579,0.63463,0.63566
2023-11-10 20:00:00,0.63564,0.63602,0.63515,0.6357
2023-11-10 21:00:00,0.63567,0.63624,0.6355,0.63552
2023-11-10 22:00:00,0.63551,0.63614,0.63545,0.63602
2023-11-10 23:00:00,0.63602,0.63617,0.63571,0.63596
2023-11-13 00:00:00,0.63495,0.63624,0.63446,0.63591
2023-11-13 01:00:00,0.63591,0.63683,0.6359,0.63637
2023-11-13 02:00:00,0.63637,0.63661,0.6352,0.63552
2023-11-13 03:00:00,0.63551,0.63642,0.63549,0.63609
2023-11-13 04:00:00,0.63609,0.63631,0.63557,0.63574
2023-11-13 05:00:00,0.63574,0.63604,0.63536,0.63598
2023-11-13 06:00:00,0.63598,0.63628,0.6358,0.63584
2023-11-13 07:00:00,0.63583,0.63648,0.63583,0.63633
2023-11-13 08:00:00,0.63632,0.63672,0.63617,0.6365
2023-11-13 09:00:00,0.63648,0.6376,0.63628,0.63726
2023-11-13 10:00:00,0.63724,0.63735,0.63644,0.6372
2023-11-13 11:00:00,0.63721,0.63848,0.63721,0.63754
2023-11-13 12:00:00,0.63753,0.63795,0.63735,0.63786
2023-11-13 13:00:00,0.63789,0.6379,0.63725,0.63744
2023-11-13 14:00:00,0.63744,0.63753,0.63671,0.63735
2023-11-13 15:00:00,0.63735,0.63755,0.6365,0.63674
2023-11-13 16:00:00,0.63675,0.63695,0.63617,0.63643
2023-11-13 17:00:00,0.63642,0.63775,0.6363,0.63773
2023-11-13 18:00:00,0.63774,0.63879,0.63757,0.63858
2023-11-13 19:00:00,0.63857,0.6391,0.63826,0.63832
2023-11-13 20:00:00,0.63832,0.63856,0.63791,0.63833
2023-11-13 21:00:00,0.63834,0.63838,0.63794,0.63801
2023-11-13 22:00:00,0.63802,0.63807,0.63781,0.63785
2023-11-13 23:00:00,0.63785,0.63788,0.63748,0.63756
2023-11-14 00:00:00,0.63683,0.63769,0.63665,0.63734
2023-11-14 01:00:00,0.63734,0.6379,0.63733,0.63785
2023-11-14 02:00:00,0.63784,0.63824,0.63773,0.63786
2023-11-14 03:00:00,0.63788,0.63836,0.63764,0.63776
2023-11-14 04:00:00,0.63776,0.63804,0.63727,0.63753
2023-11-14 05:00:00,0.63749,0.63755,0.63666,0.63717
2023-11-14 06:00:00,0.63715,0.63761,0.63698,0.63711
2023-11-14 07:00:00,0.6371,0.63718,0.63631,0.63659
2023-11-14 08:00:00,0.63659,0.63707,0.63652,0.63683
2023-11-14 09:00:00,0.63682,0.63725,0.63668,0.63705
2023-11-14 10:00:00,0.63705,0.63714,0.63601,0.63629
2023-11-14 11:00:00,0.63629,0.6379,0.63617,0.63762
2023-11-14 12:00:00,0.63762,0.638,0.63707,0.63731
2023-11-14 13:00:00,0.63731,0.63744,0.63655,0.63684
2023-11-14 14:00:00,0.63683,0.63721,0.63669,0.63701
2023-11-14 15:00:00,0.63701,0.64457,0.63701,0.64419
2023-11-14 16:00:00,0.64417,0.64758,0.64409,0.64738
2023-11-14 17:00:00,0.64738,0.64861,0.64683,0.64793
2023-11-14 18:00:00,0.64793,0.64935,0.64772,0.649
2023-11-14 19:00:00,0.649,0.64962,0.64841,0.64946
2023-11-14 20:00:00,0.64946,0.65026,0.64941,0.64986
2023-11-14 21:00:00,0.64986,0.65084,0.64956,0.6508
2023-11-14 22:00:00,0.65079,0.65121,0.65043,0.65076
2023-11-14 23:00:00,0.65074,0.65083,0.65038,0.65059
2023-11-15 00:00:00,0.65043,0.65072,0.64861,0.64993
2023-11-15 01:00:00,0.64994,0.65066,0.64975,0.64979
2023-11-15 02:00:00,0.64978,0.64994,0.64858,0.64909
2023-11-15 03:00:00,0.6491,0.64948,0.64829,0.64912
2023-11-15 04:00:00,0.64911,0.65034,0.64906,0.65026
2023-11-15 05:00:00,0.65026,0.65049,0.64962,0.65027
2023-11-15 06:00:00,0.65028,0.65041,0.64968,0.64992
2023-11-15 07:00:00,0.64992,0.65038,0.64958,0.65013
2023-11-15 08:00:00,0.65014,0.6509,0.64991,0.6504
2023-11-15 09:00:00,0.65041,0.65104,0.64925,0.65081
2023-11-15 10:00:00,0.65082,0.65158,0.65065,0.65104
2023-11-15 11:00:00,0.65103,0.65107,0.65011,0.65064
2023-11-15 12:00:00,0.65064,0.6518,0.65042,0.65161
2023-11-15 13:00:00,0.65163,0.65315,0.65153,0.65286
2023-11-15 14:00:00,0.65289,0.65302,0.65173,0.65262
2023-11-15 15:00:00,0.65263,0.65424,0.64938,0.65085
2023-11-15 16:00:00,0.65085,0.65117,0.64848,0.64895
2023-11-15 17:00:00,0.64893,0.65274,0.6489,0.65259
2023-11-15 18:00:00,0.65259,0.65313,0.65126,0.65169
2023-11-15 19:00:00,0.65169,0.65233,0.65121,0.65182
2023-11-15 20:00:00,0.65182,0.65185,0.65064,0.65093
2023-11-15 21:00:00,0.65092,0.65112,0.65049,0.65096
2023-11-15 22:00:00,0.65094,0.65099,0.65041,0.65064
2023-11-15 23:00:00,0.65064,0.6509,0.65048,0.65068
2023-11-16 00:00:00,0.65003,0.65078,0.65003,0.65068
2023-11-16 01:00:00,0.65068,0.65125,0.65067,0.65108
2023-11-16 02:00:00,0.6511,0.65164,0.64958,0.64963
2023-11-16 03:00:00,0.64964,0.64978,0.64753,0.64809
2023-11-16 04:00:00,0.6481,0.64815,0.64609,0.6466
2023-11-16 05:00:00,0.6466,0.64717,0.64641,0.64667
2023-11-16 06:00:00,0.64667,0.64722,0.64643,0.64697
2023-11-16 07:00:00,0.64696,0.64762,0.64653,0.64752
2023-11-16 08:00:00,0.64751,0.6482,0.6475,0.64805
2023-11-16 09:00:00,0.64803,0.64838,0.64719,0.64804
2023-11-16 10:00:00,0.64803,0.64965,0.64747,0.64964
2023-11-16 11:00:00,0.64965,0.65037,0.64922,0.64963
2023-11-16 12:00:00,0.64963,0.64976,0.64851,0.64905
2023-11-16 13:00:00,0.64904,0.64967,0.64883,0.64904
2023-11-16 14:00:00,0.64904,0.64905,0.64738,0.64778
2023-11-16 15:00:00,0.64778,0.65083,0.64777,0.65071
2023-11-16 16:00:00,0.65071,0.65074,0.64775,0.6491
2023-11-16 17:00:00,0.64911,0.64981,0.64755,0.64839
2023-11-16 18:00:00,0.64837,0.6488,0.64604,0.64621
2023-11-16 19:00:00,0.64621,0.64757,0.64606,0.64741
2023-11-16 20:00:00,0.64739,0.64807,0.6473,0.64769
2023-11-16 21:00:00,0.64772,0.64778,0.64686,0.6471
2023-11-16 22:00:00,0.64712,0.64727,0.64623,0.64654
2023-11-16 23:00:00,0.64655,0.64718,0.64647,0.64661
2023-11-17 00:00:00,0.64622,0.64723,0.64591,0.64691
2023-11-17 01:00:00,0.64694,0.64716,0.64677,0.64686
2023-11-17 02:00:00,0.64686,0.64721,0.64626,0.64668
2023-11-17 03:00:00,0.64668,0.64699,0.64585,0.64624
2023-11-17 04:00:00,0.64624,0.64676,0.64572,0.64636
2023-11-17 05:00:00,0.64636,0.6468,0.6462,0.64657
2023-11-17 06:00:00,0.64657,0.64691,0.64647,0.64671
2023-11-17 07:00:00,0.64672,0.64688,0.64625,0.64685
2023-11-17 08:00:00,0.64685,0.64736,0.6468,0.647
2023-11-17 09:00:00,0.64699,0.64699,0.64522,0.64691
2023-11-17 10:00:00,0.64692,0.64787,0.64632,0.64779
2023-11-17 11:00:00,0.6478,0.64905,0.64764,0.64867
2023-11-17 12:00:00,0.64867,0.65123,0.64859,0.65117
2023-11-17 13:00:00,0.65117,0.65117,0.64943,0.64996
2023-11-17 14:00:00,0.64998,0.65075,0.64928,0.65005
2023-11-17 15:00:00,0.65004,0.65084,0.64924,0.64986
2023-11-17 16:00:00,0.64987,0.65061,0.64869,0.64918
2023-11-17 17:00:00,0.64919,0.65036,0.64911,0.65019
2023-11-17 18:00:00,0.65019,0.65044,0.64885,0.64933
2023-11-17 19:00:00,0.64933,0.65035,0.64931,0.65034
2023-11-17 20:00:00,0.65035,0.65124,0.65023,0.65116
2023-11-17 21:00:00,0.65117,0.65131,0.65081,0.65099
2023-11-17 22:00:00,0.65098,0.65147,0.65068,0.65134
2023-11-17 23:00:00,0.65133,0.65155,0.65127,0.65138
2023-11-20 00:00:00,0.65038,0.65133,0.65006,0.65073
2023-11-20 01:00:00,0.65079,0.65183,0.65079,0.65102
2023-11-20 02:00:00,0.651,0.65106,0.65005,0.65089
2023-11-20 03:00:00,0.65089,0.65268,0.65086,0.65201
2023-11-20 04:00:00,0.652,0.65445,0.65167,0.65427
2023-11-20 05:00:00,0.65428,0.65499,0.65366,0.65484
2023-11-20 06:00:00,0.65485,0.65626,0.65484,0.6549
2023-11-20 07:00:00,0.65491,0.65536,0.65441,0.65456
2023-11-20 08:00:00,0.65457,0.65518,0.65451,0.65473
2023-11-20 09:00:00,0.65472,0.65586,0.65451,0.65521
2023-11-20 10:00:00,0.65524,0.65606,0.65461,0.65475
2023-11-20 11:00:00,0.65476,0.65625,0.65476,0.65623
2023-11-20 12:00:00,0.65625,0.65626,0.65511,0.65542
2023-11-20 13:00:00,0.65541,0.65569,0.65476,0.6553
2023-11-20 14:00:00,0.65528,0.65546,0.65445,0.65543
2023-11-20 15:00:00,0.65543,0.65584,0.65451,0.65484
2023-11-20 16:00:00,0.65484,0.65532,0.65343,0.6544
2023-11-20 17:00:00,0.65442,0.65509,0.65371,0.65456
2023-11-20 18:00:00,0.65455,0.65578,0.65445,0.65558
2023-11-20 19:00:00,0.65557,0.65616,0.65467,0.65488
2023-11-20 20:00:00,0.65488,0.65632,0.65476,0.65574
2023-11-20 21:00:00,0.65575,0.65619,0.6554,0.65617
2023-11-20 22:00:00,0.65618,0.65644,0.65596,0.65612
2023-11-20 23:00:00,0.65613,0.65613,0.6555,0.6555
2023-11-21 00:00:00,0.65524,0.6559,0.65509,0.6558
2023-11-21 01:00:00,0.6558,0.65635,0.65552,0.65597
2023-11-21 02:00:00,0.65596,0.65708,0.65569,0.65667
2023-11-21 03:00:00,0.65666,0.6577,0.656,0.65688
2023-11-21 04:00:00,0.65687,0.65795,0.65633,0.65777
2023-11-21 05:00:00,0.65777,0.65848,0.65751,0.65834
2023-11-21 06:00:00,0.65835,0.65863,0.65755,0.65767
2023-11-21 07:00:00,0.65768,0.65826,0.65675,0.65691
2023-11-21 08:00:00,0.65693,0.65711,0.65612,0.65661
2023-11-21 09:00:00,0.6566,0.65807,0.65645,0.6572
2023-11-21 10:00:00,0.65722,0.65824,0.65709,0.65731
2023-11-21 11:00:00,0.6573,0.65749,0.65575,0.65585
2023-11-21 12:00:00,0.65584,0.65768,0.65569,0.65699
2023-11-21 13:00:00,0.65698,0.65741,0.6566,0.6568
2023-11-21 14:00:00,0.6568,0.65795,0.65675,0.65743
2023-11-21 15:00:00,0.65743,0.65853,0.65663,0.65692
2023-11-21 16:00:00,0.65693,0.65879,0.65682,0.65848
2023-11-21 17:00:00,0.6585,0.65892,0.65593,0.65619
2023-11-21 18:00:00,0.65619,0.657,0.65618,0.65662
2023-11-21 19:00:00,0.65662,0.65669,0.65598,0.65609
2023-11-21 20:00:00,0.65609,0.65609,0.65445,0.65508
2023-11-21 21:00:00,0.6551,0.6558,0.6544,0.65572
2023-11-21 22:00:00,0.65573,0.65589,0.65545,0.65559
2023-11-21 23:00:00,0.6556,0.65577,0.65539,0.65546
2023-11-22 00:00:00,0.6558,0.6558,0.65474,0.65509
2023-11-22 01:00:00,0.65509,0.65587,0.65509,0.65571
2023-11-22 02:00:00,0.65575,0.65611,0.65537,0.65602
2023-11-22 03:00:00,0.65602,0.65693,0.65509,0.65539
2023-11-22 04:00:00,0.65539,0.65598,0.65488,0.65565
2023-11-22 05:00:00,0.65565,0.65598,0.65502,0.65533
2023-11-22 06:00:00,0.65532,0.65563,0.65501,0.65542
2023-11-22 07:00:00,0.65541,0.6555,0.65397,0.65411
2023-11-22 08:00:00,0.65411,0.65424,0.65273,0.65339
2023-11-22 09:00:00,0.65339,0.65445,0.65334,0.65382
2023-11-22 10:00:00,0.65383,0.65452,0.65278,0.65381
2023-11-22 11:00:00,0.6538,0.6558,0.6538,0.65536
2023-11-22 12:00:00,0.65534,0.65609,0.65501,0.65608
2023-11-22 13:00:00,0.65607,0.65681,0.65603,0.65633
2023-11-22 14:00:00,0.65633,0.65688,0.65596,0.65624
2023-11-22 15:00:00,0.65624,0.65671,0.6548,0.65522
2023-11-22 16:00:00,0.65528,0.65541,0.65325,0.65357
2023-11-22 17:00:00,0.65356,0.65362,0.6521,0.65328
2023-11-22 18:00:00,0.65329,0.65391,0.65293,0.65339
2023-11-22 19:00:00,0.65338,0.65437,0.65331,0.65395
2023-11-22 20:00:00,0.65394,0.65444,0.6538,0.65404
2023-11-22 21:00:00,0.65404,0.65451,0.65364,0.654
2023-11-22 22:00:00,0.65402,0.65412,0.65384,0.65403
2023-11-22 23:00:00,0.65402,0.65434,0.65395,0.65408
2023-11-23 00:00:00,0.6535,0.65419,0.6531,0.65396
2023-11-23 01:00:00,0.65396,0.65431,0.6539,0.65418
2023-11-23 02:00:00,0.65417,0.65483,0.65417,0.65479
2023-11-23 03:00:00,0.65479,0.65539,0.65443,0.65526
2023-11-23 04:00:00,0.65525,0.65587,0.65516,0.65538
2023-11-23 05:00:00,0.65538,0.6556,0.65469,0.65548
2023-11-23 06:00:00,0.65553,0.65565,0.65511,0.6553
2023-11-23 07:00:00,0.65529,0.65635,0.65505,0.6563
2023-11-23 08:00:00,0.6563,0.65704,0.65629,0.65645
2023-11-23 09:00:00,0.65645,0.65741,0.65598,0.65712
2023-11-23 10:00:00,0.65712,0.65739,0.65623,0.65658
2023-11-23 11:00:00,0.65659,0.65684,0.65588,0.65622
2023-11-23 12:00:00,0.65622,0.65637,0.65566,0.65634
2023-11-23 13:00:00,0.65634,0.65703,0.65624,0.6566
2023-11-23 14:00:00,0.65659,0.65667,0.65546,0.65554
2023-11-23 15:00:00,0.65554,0.65596,0.65505,0.65574
2023-11-23 16:00:00,0.65576,0.656,0.6552,0.65586
2023-11-23 17:00:00,0.65585,0.65651,0.65539,0.65613
2023-11-23 18:00:00,0.65614,0.65629,0.65582,0.65626
2023-11-23 19:00:00,0.65626,0.65628,0.65581,0.65602
2023-11-23 20:00:00,0.656,0.656,0.65569,0.65582
2023-11-23 21:00:00,0.65581,0.65608,0.65579,0.65598
2023-11-23 22:00:00,0.65598,0.656,0.65576,0.65585
2023-11-23 23:00:00,0.65586,0.65598,0.65552,0.65552
2023-11-24 00:00:00,0.65482,0.65588,0.65482,0.65574
2023-11-24 01:00:00,0.65574,0.6561,0.65568,0.65595
2023-11-24 02:00:00,0.65595,0.65691,0.65595,0.6568
2023-11-24 03:00:00,0.6568,0.65691,0.65583,0.65631
2023-11-24 04:00:00,0.65629,0.65635,0.65538,0.65538
2023-11-24 05:00:00,0.65535,0.6559,0.65495,0.65572
2023-11-24 06:00:00,0.65572,0.65621,0.65552,0.65618
2023-11-24 07:00:00,0.65617,0.65686,0.65616,0.65686
2023-11-24 08:00:00,0.65685,0.65685,0.65624,0.65636
2023-11-24 09:00:00,0.65638,0.65639,0.65553,0.65601
2023-11-24 10:00:00,0.65602,0.65671,0.65576,0.65666
2023-11-24 11:00:00,0.65667,0.65709,0.65613,0.65627
2023-11-24 12:00:00,0.65628,0.65707,0.65618,0.65688
2023-11-24 13:00:00,0.65689,0.65721,0.65665,0.6571
2023-11-24 14:00:00,0.6571,0.65772,0.65687,0.65696
2023-11-24 15:00:00,0.65697,0.65714,0.65608,0.65697
2023-11-24 16:00:00,0.65697,0.65821,0.65666,0.6581
2023-11-24 17:00:00,0.65811,0.65905,0.65806,0.6586
2023-11-24 18:00:00,0.65861,0.65877,0.65825,0.65832
2023-11-24 19:00:00,0.65831,0.65898,0.65815,0.65893
2023-11-24 20:00:00,0.65891,0.65906,0.65876,0.6589
2023-11-24 21:00:00,0.65893,0.65896,0.65882,0.65892
2023-11-24 22:00:00,0.65891,0.65894,0.65873,0.65884
2023-11-24 23:00:00,0.65884,0.65885,0.65796,0.65808
2023-11-27 00:00:00,0.6578,0.65848,0.65727,0.65801
2023-11-27 01:00:00,0.65803,0.65854,0.658,0.65806
2023-11-27 02:00:00,0.65806,0.65821,0.6576,0.65774
2023-11-27 03:00:00,0.65775,0.65942,0.65761,0.65872
2023-11-27 04:00:00,0.65872,0.65876,0.65714,0.65769
2023-11-27 05:00:00,0.65768,0.65783,0.65696,0.65722
2023-11-27 06:00:00,0.65722,0.65757,0.65665,0.65737
2023-11-27 07:00:00,0.65737,0.6579,0.65717,0.65751
2023-11-27 08:00:00,0.6575,0.65841,0.6575,0.65833
2023-11-27 09:00:00,0.65833,0.65946,0.6583,0.65846
2023-11-27 10:00:00,0.65852,0.66001,0.6584,0.6598
2023-11-27 11:00:00,0.65982,0.66004,0.65919,0.65959
2023-11-27 12:00:00,0.65961,0.66044,0.65913,0.66033
2023-11-27 13:00:00,0.66033,0.66075,0.66017,0.66028
2023-11-27 14:00:00,0.6603,0.66071,0.65999,0.66055
2023-11-27 15:00:00,0.66056,0.66136,0.65997,0.66006
2023-11-27 16:00:00,0.66005,0.66032,0.65878,0.65902
2023-11-27 17:00:00,0.65893,0.66002,0.65866,0.65989
2023-11-27 18:00:00,0.65989,0.65997,0.65883,0.65959
2023-11-27 19:00:00,0.65957,0.65966,0.65897,0.6593
2023-11-27 20:00:00,0.65929,0.66042,0.65906,0.66031
2023-11-27 21:00:00,0.66031,0.66116,0.66028,0.66076
2023-11-27 22:00:00,0.66074,0.66085,0.66035,0.6606
2023-11-27 23:00:00,0.6606,0.66072,0.66047,0.66061
2023-11-28 00:00:00,0.66058,0.66069,0.66011,0.66023
2023-11-28 01:00:00,0.66023,0.66131,0.66023,0.66131
2023-11-28 02:00:00,0.66132,0.66144,0.66067,0.66131
2023-11-28 03:00:00,0.66133,0.66247,0.66099,0.66182
2023-11-28 04:00:00,0.66182,0.66314,0.66166,0.66239
2023-11-28 05:00:00,0.66238,0.66249,0.66161,0.66185
2023-11-28 06:00:00,0.66187,0.66233,0.66148,0.66222
2023-11-28 07:00:00,0.66222,0.66239,0.66124,0.66136
2023-11-28 08:00:00,0.66136,0.66224,0.66126,0.66186
2023-11-28 09:00:00,0.66186,0.66192,0.66057,0.66075
2023-11-28 10:00:00,0.66076,0.66121,0.65962,0.66042
2023-11-28 11:00:00,0.66043,0.66159,0.66043,0.6615
2023-11-28 12:00:00,0.66152,0.66212,0.66109,0.66145
2023-11-28 13:00:00,0.66146,0.66204,0.66137,0.66137
2023-11-28 14:00:00,0.66136,0.66205,0.66078,0.66094
2023-11-28 15:00:00,0.66096,0.66211,0.66062,0.66206
2023-11-28 16:00:00,0.66205,0.66312,0.66176,0.66242
2023-11-28 17:00:00,0.66241,0.66494,0.66188,0.66412
2023-11-28 18:00:00,0.66412,0.66642,0.66381,0.6663
2023-11-28 19:00:00,0.66631,0.66653,0.6646,0.6647
2023-11-28 20:00:00,0.66473,0.66475,0.66318,0.66399
2023-11-28 21:00:00,0.664,0.66543,0.664,0.66517
2023-11-28 22:00:00,0.66517,0.66517,0.6638,0.66447
2023-11-28 23:00:00,0.66446,0.6649,0.66438,0.66469
2023-11-29 00:00:00,0.66475,0.66497,0.66438,0.66459
2023-11-29 01:00:00,0.66459,0.66571,0.66459,0.66557
2023-11-29 02:00:00,0.66557,0.66587,0.66369,0.66562
2023-11-29 03:00:00,0.66562,0.66758,0.66527,0.66571
2023-11-29 04:00:00,0.66572,0.66594,0.66514,0.66567
2023-11-29 05:00:00,0.66568,0.66573,0.66458,0.66488
2023-11-29 06:00:00,0.66488,0.66512,0.6643,0.66493
2023-11-29 07:00:00,0.66493,0.66533,0.66405,0.66442
2023-11-29 08:00:00,0.66442,0.66444,0.6634,0.66385
2023-11-29 09:00:00,0.66385,0.66385,0.66257,0.66277
2023-11-29 10:00:00,0.66275,0.66398,0.6627,0.66393
2023-11-29 11:00:00,0.6639,0.66404,0.66208,0.66259
2023-11-29 12:00:00,0.66258,0.66297,0.66192,0.66212
2023-11-29 13:00:00,0.66213,0.66224,0.66132,0.66214
2023-11-29 14:00:00,0.66214,0.66277,0.66168,0.66252
2023-11-29 15:00:00,0.66254,0.66303,0.66123,0.66149
2023-11-29 16:00:00,0.6615,0.66289,0.66081,0.66217
2023-11-29 17:00:00,0.66218,0.66354,0.66057,0.66207
2023-11-29 18:00:00,0.66206,0.66219,0.66054,0.66167
2023-11-29 19:00:00,0.66169,0.66226,0.66137,0.66207
2023-11-29 20:00:00,0.66206,0.66276,0.66177,0.66269
2023-11-29 21:00:00,0.6627,0.66335,0.66163,0.66223
2023-11-29 22:00:00,0.66222,0.66224,0.66113,0.66131
2023-11-29 23:00:00,0.66132,0.66186,0.66132,0.66156
2023-11-30 00:00:00,0.66086,0.66186,0.6605,0.66162
2023-11-30 01:00:00,0.66163,0.66221,0.66162,0.66168
2023-11-30 02:00:00,0.66173,0.66282,0.66167,0.66259
2023-11-30 03:00:00,0.66258,0.6627,0.66155,0.66201
2023-11-30 04:00:00,0.662,0.66394,0.66187,0.6638
2023-11-30 05:00:00,0.6638,0.66382,0.66322,0.66367
2023-11-30 06:00:00,0.66367,0.66482,0.66364,0.66467
2023-11-30 07:00:00,0.66469,0.66472,0.66363,0.66388
2023-11-30 08:00:00,0.66386,0.66501,0.66386,0.66478
2023-11-30 09:00:00,0.66475,0.6648,0.66242,0.66354
2023-11-30 10:00:00,0.66356,0.66393,0.66157,0.66206
2023-11-30 11:00:00,0.66205,0.66258,0.66113,0.66129
2023-11-30 12:00:00,0.66129,0.66141,0.66003,0.66012
2023-11-30 13:00:00,0.66012,0.6605,0.65952,0.65987
2023-11-30 14:00:00,0.65989,0.66083,0.65964,0.66018
2023-11-30 15:00:00,0.66018,0.66206,0.65877,0.65909
2023-11-30 16:00:00,0.65907,0.65997,0.65707,0.6589
2023-11-30 17:00:00,0.65891,0.66344,0.6588,0.66305
2023-11-30 18:00:00,0.663,0.66326,0.66112,0.66127
2023-11-30 19:00:00,0.66128,0.66169,0.66017,0.66049
2023-11-30 20:00:00,0.6605,0.66134,0.66002,0.66043
2023-11-30 21:00:00,0.66043,0.6611,0.66038,0.66085
2023-11-30 22:00:00,0.66081,0.66091,0.66001,0.66071
2023-11-30 23:00:00,0.66073,0.66097,0.66037,0.66037
2023-12-01 00:00:00,0.66017,0.66058,0.66,0.66047
2023-12-01 01:00:00,0.66051,0.6608,0.66031,0.66061
2023-12-01 02:00:00,0.66059,0.66158,0.66058,0.66141
2023-12-01 03:00:00,0.66139,0.66276,0.66135,0.66265
2023-12-01 04:00:00,0.66264,0.66293,0.66145,0.66149
2023-12-01 05:00:00,0.66149,0.66155,0.66004,0.66037
2023-12-01 06:00:00,0.66039,0.66123,0.66024,0.66101
2023-12-01 07:00:00,0.66101,0.6614,0.66042,0.66127
2023-12-01 08:00:00,0.66126,0.66138,0.66035,0.66039
2023-12-01 09:00:00,0.66036,0.66074,0.65995,0.66031
2023-12-01 10:00:00,0.66033,0.66236,0.66033,0.66223
2023-12-01 11:00:00,0.66223,0.66351,0.6621,0.66308
2023-12-01 12:00:00,0.66308,0.66313,0.66171,0.66203
2023-12-01 13:00:00,0.66202,0.66211,0.66131,0.66178
2023-12-01 14:00:00,0.66178,0.66224,0.66072,0.661
2023-12-01 15:00:00,0.661,0.66197,0.66097,0.66109
2023-12-01 16:00:00,0.66109,0.66215,0.66098,0.66165
2023-12-01 17:00:00,0.66173,0.66434,0.66173,0.66389
2023-12-01 18:00:00,0.6639,0.66636,0.66299,0.66592
2023-12-01 19:00:00,0.6659,0.6673,0.66559,0.66715
2023-12-01 20:00:00,0.66714,0.66739,0.66657,0.66699
2023-12-01 21:00:00,0.66699,0.66746,0.6666,0.66709
2023-12-01 22:00:00,0.66709,0.66754,0.66702,0.66733
2023-12-01 23:00:00,0.66734,0.66753,0.66708,0.6675
2023-12-04 00:00:00,0.66627,0.66735,0.66627,0.6669
2023-12-04 01:00:00,0.66686,0.66898,0.66686,0.66817
2023-12-04 02:00:00,0.66819,0.66879,0.66774,0.66787
2023-12-04 03:00:00,0.66789,0.66829,0.66698,0.66759
2023-12-04 04:00:00,0.6676,0.66796,0.66704,0.66725
2023-12-04 05:00:00,0.66723,0.66754,0.66562,0.66567
2023-12-04 06:00:00,0.66566,0.66586,0.66527,0.66563
2023-12-04 07:00:00,0.66565,0.66609,0.66525,0.66569
2023-12-04 08:00:00,0.66568,0.66636,0.66475,0.66495
2023-12-04 09:00:00,0.66495,0.66531,0.66378,0.66396
2023-12-04 10:00:00,0.66392,0.66464,0.66345,0.66461
2023-12-04 11:00:00,0.6646,0.66557,0.6641,0.66522
2023-12-04 12:00:00,0.6652,0.66534,0.66449,0.6652
2023-12-04 13:00:00,0.66521,0.66566,0.66487,0.66515
2023-12-04 14:00:00,0.66516,0.66538,0.66465,0.66523
2023-12-04 15:00:00,0.66522,0.66542,0.66413,0.66453
2023-12-04 16:00:00,0.66453,0.6646,0.66218,0.66343
2023-12-04 17:00:00,0.66337,0.66391,0.66093,0.66157
2023-12-04 18:00:00,0.66155,0.66232,0.66122,0.66189
2023-12-04 19:00:00,0.66192,0.66252,0.66177,0.66203
2023-12-04 20:00:00,0.66204,0.66213,0.66047,0.66058
2023-12-04 21:00:00,0.66059,0.66177,0.66052,0.66172
2023-12-04 22:00:00,0.66171,0.66197,0.66144,0.66176
2023-12-04 23:00:00,0.66177,0.66196,0.66171,0.66183
2023-12-05 00:00:00,0.66178,0.66205,0.66132,0.66201
2023-12-05 01:00:00,0.66202,0.66203,0.66105,0.66165
2023-12-05 02:00:00,0.66164,0.66216,0.66136,0.66174
2023-12-05 03:00:00,0.66173,0.66207,0.66064,0.66114
2023-12-05 04:00:00,0.66113,0.66137,0.65961,0.65972
2023-12-05 05:00:00,0.65973,0.66081,0.65716,0.65759
2023-12-05 06:00:00,0.6575,0.65853,0.65733,0.65818
2023-12-05 07:00:00,0.65817,0.65853,0.6577,0.65831
2023-12-05 08:00:00,0.65832,0.6585,0.65758,0.65824
2023-12-05 09:00:00,0.65824,0.65852,0.65693,0.65718
2023-12-05 10:00:00,0.65717,0.65835,0.65717,0.65769
2023-12-05 11:00:00,0.65769,0.65816,0.65712,0.65765
2023-12-05 12:00:00,0.65766,0.65787,0.65726,0.65747
2023-12-05 13:00:00,0.65748,0.65795,0.65566,0.65612
2023-12-05 14:00:00,0.65613,0.65647,0.65572,0.65605
2023-12-05 15:00:00,0.65603,0.65641,0.65566,0.65592
2023-12-05 16:00:00,0.65593,0.65623,0.65477,0.65506
2023-12-05 17:00:00,0.65588,0.65794,0.65497,0.65629
2023-12-05 18:00:00,0.65628,0.65669,0.65441,0.6549
2023-12-05 19:00:00,0.6549,0.65623,0.6549,0.65574
2023-12-05 20:00:00,0.65576,0.65597,0.65506,0.65536
2023-12-05 21:00:00,0.65536,0.65557,0.65504,0.65508
2023-12-05 22:00:00,0.65507,0.65567,0.65501,0.65529
2023-12-05 23:00:00,0.65529,0.65535,0.65502,0.65504
2023-12-06 00:00:00,0.65443,0.65532,0.65406,0.65526
2023-12-06 01:00:00,0.65522,0.6555,0.65493,0.6554
2023-12-06 02:00:00,0.6554,0.6574,0.6554,0.65731
2023-12-06 03:00:00,0.65731,0.65888,0.65725,0.65872
2023-12-06 04:00:00,0.65873,0.65913,0.65829,0.65871
2023-12-06 05:00:00,0.6587,0.65953,0.65866,0.65941
2023-12-06 06:00:00,0.65941,0.6597,0.65811,0.65811
2023-12-06 07:00:00,0.65811,0.65911,0.65759,0.65885
2023-12-06 08:00:00,0.65884,0.65887,0.65811,0.65849
2023-12-06 09:00:00,0.6585,0.65961,0.65817,0.65921
2023-12-06 10:00:00,0.6592,0.65926,0.65769,0.65772
2023-12-06 11:00:00,0.65771,0.6583,0.65707,0.65735
2023-12-06 12:00:00,0.65737,0.65765,0.65681,0.65736
2023-12-06 13:00:00,0.65735,0.65751,0.65646,0.65737
2023-12-06 14:00:00,0.65738,0.65779,0.65709,0.65745
2023-12-06 15:00:00,0.65745,0.65871,0.65735,0.65859
2023-12-06 16:00:00,0.65861,0.65911,0.65791,0.6584
2023-12-06 17:00:00,0.65841,0.65893,0.65784,0.65797
2023-12-06 18:00:00,0.65797,0.65846,0.65659,0.65674
2023-12-06 19:00:00,0.65674,0.65675,0.65601,0.65607
2023-12-06 20:00:00,0.65604,0.65657,0.65569,0.65648
2023-12-06 21:00:00,0.65648,0.65663,0.65528,0.65536
2023-12-06 22:00:00,0.65537,0.65539,0.65475,0.65501
2023-12-06 23:00:00,0.655,0.65508,0.65471,0.65472
2023-12-07 00:00:00,0.65464,0.6551,0.65464,0.65485
2023-12-07 01:00:00,0.65479,0.65515,0.65477,0.65508
2023-12-07 02:00:00,0.65508,0.65578,0.65483,0.65529
2023-12-07 03:00:00,0.65528,0.65584,0.65458,0.65503
2023-12-07 04:00:00,0.65503,0.65526,0.65318,0.65341
2023-12-07 05:00:00,0.65341,0.65367,0.65254,0.6528
2023-12-07 06:00:00,0.65279,0.65335,0.65261,0.65277
2023-12-07 07:00:00,0.65277,0.65362,0.65277,0.65343
2023-12-07 08:00:00,0.65345,0.65505,0.65327,0.6546
2023-12-07 09:00:00,0.65459,0.65645,0.65453,0.65603
2023-12-07 10:00:00,0.65605,0.65654,0.65551,0.65571
2023-12-07 11:00:00,0.6557,0.65718,0.65553,0.65705
2023-12-07 12:00:00,0.65714,0.65728,0.65624,0.65659
2023-12-07 13:00:00,0.6566,0.65688,0.65603,0.65655
2023-12-07 14:00:00,0.65653,0.65663,0.65553,0.65637
2023-12-07 15:00:00,0.65636,0.65904,0.65579,0.65834
2023-12-07 16:00:00,0.65837,0.65849,0.65697,0.65697
2023-12-07 17:00:00,0.65694,0.65919,0.65673,0.65904
2023-12-07 18:00:00,0.65905,0.66022,0.65902,0.65997
2023-12-07 19:00:00,0.65998,0.66195,0.6591,0.66086
2023-12-07 20:00:00,0.66087,0.66099,0.66028,0.66049
2023-12-07 21:00:00,0.66048,0.66084,0.66017,0.66037
2023-12-07 22:00:00,0.66034,0.66066,0.66018,0.66036
2023-12-07 23:00:00,0.66033,0.66039,0.65951,0.65951
2023-12-08 00:00:00,0.6593,0.66009,0.65913,0.6597
2023-12-08 01:00:00,0.6597,0.6601,0.65919,0.65935
2023-12-08 02:00:00,0.65936,0.6606,0.65933,0.66026
2023-12-08 03:00:00,0.66026,0.66096,0.65959,0.66049
2023-12-08 04:00:00,0.6605,0.66112,0.6601,0.66048
2023-12-08 05:00:00,0.66046,0.66131,0.66033,0.66107
2023-12-08 06:00:00,0.66107,0.66192,0.66088,0.66178
2023-12-08 07:00:00,0.66178,0.66195,0.66113,0.66133
2023-12-08 08:00:00,0.66131,0.66165,0.6608,0.66105
2023-12-08 09:00:00,0.66106,0.6611,0.66035,0.66096
2023-12-08 10:00:00,0.66095,0.66136,0.66031,0.66063
2023-12-08 11:00:00,0.66064,0.66098,0.66014,0.66066
2023-12-08 12:00:00,0.66065,0.6614,0.66062,0.66076
2023-12-08 13:00:00,0.66079,0.66125,0.66034,0.66053
2023-12-08 14:00:00,0.66055,0.66093,0.65974,0.65987
2023-12-08 15:00:00,0.65986,0.66081,0.6566,0.65869
2023-12-08 16:00:00,0.65871,0.65887,0.65581,0.65784
2023-12-08 17:00:00,0.65801,0.66016,0.65789,0.65865
2023-12-08 18:00:00,0.65864,0.65868,0.6566,0.65674
2023-12-08 19:00:00,0.65675,0.65763,0.65586,0.65756
2023-12-08 20:00:00,0.65755,0.6581,0.65749,0.65779
2023-12-08 21:00:00,0.6578,0.6582,0.65773,0.658
2023-12-08 22:00:00,0.65798,0.65815,0.65774,0.65779
2023-12-08 23:00:00,0.65781,0.65799,0.65725,0.65725
2023-12-11 00:00:00,0.65665,0.65751,0.65646,0.6571
2023-12-11 01:00:00,0.6571,0.65824,0.6571,0.65793
2023-12-11 02:00:00,0.65792,0.65826,0.65715,0.65724
2023-12-11 03:00:00,0.65725,0.65742,0.65549,0.65565
2023-12-11 04:00:00,0.65565,0.65627,0.65548,0.65611
2023-12-11 05:00:00,0.65612,0.65626,0.65574,0.65604
2023-12-11 06:00:00,0.65604,0.65612,0.65512,0.65536
2023-12-11 07:00:00,0.65538,0.65597,0.65532,0.65594
2023-12-11 08:00:00,0.65594,0.65673,0.65576,0.65614
2023-12-11 09:00:00,0.65616,0.65656,0.65527,0.65549
2023-12-11 10:00:00,0.65548,0.65626,0.65521,0.65537
2023-12-11 11:00:00,0.65536,0.65596,0.65516,0.65571
2023-12-11 12:00:00,0.65572,0.65632,0.6557,0.65586
2023-12-11 13:00:00,0.65585,0.65661,0.65557,0.65645
2023-12-11 14:00:00,0.65647,0.65666,0.65566,0.65581
2023-12-11 15:00:00,0.65578,0.6563,0.65499,0.65617
2023-12-11 16:00:00,0.65621,0.65688,0.65574,0.65592
2023-12-11 17:00:00,0.65591,0.65681,0.65575,0.65636
2023-12-11 18:00:00,0.65637,0.65668,0.65564,0.65618
2023-12-11 19:00:00,0.65617,0.65636,0.65553,0.6557
2023-12-11 20:00:00,0.6557,0.65705,0.65551,0.657
2023-12-11 21:00:00,0.65703,0.65717,0.65655,0.6566
2023-12-11 22:00:00,0.65661,0.65681,0.65649,0.65671
2023-12-11 23:00:00,0.6567,0.65697,0.6566,0.65675
2023-12-12 00:00:00,0.65675,0.65679,0.65557,0.65648
2023-12-12 01:00:00,0.65647,0.65657,0.65631,0.6564
2023-12-12 02:00:00,0.65641,0.65762,0.65631,0.657
2023-12-12 03:00:00,0.65697,0.65813,0.65697,0.65759
2023-12-12 04:00:00,0.65759,0.65833,0.65751,0.65787
2023-12-12 05:00:00,0.65788,0.65906,0.65773,0.65885
2023-12-12 06:00:00,0.65885,0.6592,0.65875,0.65903
2023-12-12 07:00:00,0.65904,0.65977,0.65903,0.65964
2023-12-12 08:00:00,0.65964,0.6597,0.6588,0.65949
2023-12-12 09:00:00,0.65952,0.65997,0.65918,0.65938
2023-12-12 10:00:00,0.65937,0.65941,0.65831,0.65836
2023-12-12 11:00:00,0.65836,0.65937,0.65819,0.65918
2023-12-12 12:00:00,0.65918,0.65953,0.65879,0.65893
2023-12-12 13:00:00,0.65892,0.65946,0.65853,0.65891
2023-12-12 14:00:00,0.65892,0.65911,0.65857,0.65874
2023-12-12 15:00:00,0.65875,0.66121,0.65569,0.65593
2023-12-12 16:00:00,0.65592,0.65742,0.65397,0.65484
2023-12-12 17:00:00,0.65487,0.65598,0.65449,0.65594
2023-12-12 18:00:00,0.65597,0.65661,0.6556,0.65584
2023-12-12 19:00:00,0.65585,0.65595,0.65484,0.65498
2023-12-12 20:00:00,0.65497,0.65597,0.65489,0.65569
2023-12-12 21:00:00,0.65568,0.65575,0.65529,0.65553
2023-12-12 22:00:00,0.65554,0.65619,0.65552,0.65593
2023-12-12 23:00:00,0.65592,0.65602,0.6558,0.65582
2023-12-13 00:00:00,0.65567,0.65602,0.65413,0.65564
2023-12-13 01:00:00,0.65563,0.65652,0.6556,0.65639
2023-12-13 02:00:00,0.65642,0.65671,0.65592,0.65602
2023-12-13 03:00:00,0.65601,0.65666,0.65566,0.65642
2023-12-13 04:00:00,0.65642,0.65647,0.65529,0.65536
2023-12-13 05:00:00,0.65538,0.65559,0.65484,0.65526
2023-12-13 06:00:00,0.65523,0.65555,0.6549,0.65541
2023-12-13 07:00:00,0.65542,0.65591,0.65542,0.65577
2023-12-13 08:00:00,0.65576,0.65601,0.65456,0.65477
2023-12-13 09:00:00,0.65475,0.65545,0.65416,0.65525
2023-12-13 10:00:00,0.65524,0.65563,0.65491,0.65554
2023-12-13 11:00:00,0.65555,0.65582,0.65504,0.6555
2023-12-13 12:00:00,0.65548,0.6557,0.65511,0.65551
2023-12-13 13:00:00,0.6555,0.65567,0.65514,0.65565
2023-12-13 14:00:00,0.65566,0.65599,0.65542,0.65551
2023-12-13 15:00:00,0.65551,0.65761,0.65525,0.65752
2023-12-13 16:00:00,0.65751,0.6583,0.65694,0.65721
2023-12-13 17:00:00,0.65717,0.65849,0.65674,0.65832
2023-12-13 18:00:00,0.65831,0.65845,0.65781,0.65808
2023-12-13 19:00:00,0.65808,0.65843,0.65754,0.65761
2023-12-13 20:00:00,0.65761,0.65761,0.65661,0.65718
2023-12-13 21:00:00,0.65715,0.66723,0.65712,0.66651
2023-12-13 22:00:00,0.66654,0.6673,0.66517,0.66704
2023-12-13 23:00:00,0.66703,0.66727,0.66592,0.666
2023-12-14 00:00:00,0.66581,0.66649,0.66517,0.66569
2023-12-14 01:00:00,0.66571,0.66716,0.66571,0.6665
2023-12-14 02:00:00,0.66648,0.66994,0.66618,0.66952
2023-12-14 03:00:00,0.66948,0.67081,0.66896,0.67047
2023-12-14 04:00:00,0.67053,0.6719,0.66995,0.6717
2023-12-14 05:00:00,0.67169,0.67282,0.67122,0.67144
2023-12-14 06:00:00,0.67143,0.67173,0.67096,0.67123
2023-12-14 07:00:00,0.67123,0.67183,0.67079,0.67174
2023-12-14 08:00:00,0.67175,0.67262,0.67127,0.67215
2023-12-14 09:00:00,0.67213,0.67243,0.67031,0.67094
2023-12-14 10:00:00,0.67094,0.67183,0.66925,0.66934
2023-12-14 11:00:00,0.66934,0.67121,0.66899,0.67102
2023-12-14 12:00:00,0.67101,0.67152,0.67014,0.67098
2023-12-14 13:00:00,0.67097,0.67196,0.67083,0.67125
2023-12-14 14:00:00,0.67121,0.67211,0.67092,0.67108
2023-12-14 15:00:00,0.67109,0.67112,0.66862,0.67057
2023-12-14 16:00:00,0.67056,0.67177,0.66901,0.67139
2023-12-14 17:00:00,0.67141,0.67198,0.66819,0.66992
2023-12-14 18:00:00,0.6699,0.67137,0.66968,0.6712
2023-12-14 19:00:00,0.67121,0.67196,0.67076,0.67119
2023-12-14 20:00:00,0.67119,0.67119,0.66894,0.66934
2023-12-14 21:00:00,0.66931,0.67015,0.66925,0.66974
2023-12-14 22:00:00,0.66975,0.67012,0.66951,0.67003
2023-12-14 23:00:00,0.67002,0.67002,0.66938,0.66973
2023-12-15 00:00:00,0.66927,0.66992,0.66918,0.66933
2023-12-15 01:00:00,0.66935,0.67026,0.66928,0.67011
2023-12-15 02:00:00,0.67011,0.67033,0.66949,0.66994
2023-12-15 03:00:00,0.66997,0.67048,0.66947,0.66976
2023-12-15 04:00:00,0.66974,0.67179,0.66961,0.67171
2023-12-15 05:00:00,0.67171,0.67189,0.67106,0.6717
2023-12-15 06:00:00,0.6717,0.67242,0.67146,0.67178
2023-12-15 07:00:00,0.67175,0.67177,0.66969,0.66973
2023-12-15 08:00:00,0.66971,0.67005,0.66942,0.66998
2023-12-15 09:00:00,0.67,0.67122,0.66989,0.671
2023-12-15 10:00:00,0.67102,0.67186,0.67071,0.67154
2023-12-15 11:00:00,0.67153,0.67227,0.67139,0.67213
2023-12-15 12:00:00,0.67212,0.67258,0.6717,0.67193
2023-12-15 13:00:00,0.67193,0.67257,0.67162,0.67169
2023-12-15 14:00:00,0.6717,0.67226,0.6706,0.67069
2023-12-15 15:00:00,0.6707,0.67117,0.66631,0.66714
2023-12-15 16:00:00,0.66714,0.66961,0.66705,0.66922
2023-12-15 17:00:00,0.66924,0.6723,0.669,0.67203
2023-12-15 18:00:00,0.67203,0.67283,0.6711,0.67134
2023-12-15 19:00:00,0.67135,0.672,0.67072,0.67094
2023-12-15 20:00:00,0.67093,0.67101,0.66929,0.66957
2023-12-15 21:00:00,0.66957,0.67064,0.66933,0.67061
2023-12-15 22:00:00,0.67061,0.67171,0.6702,0.6702
2023-12-15 23:00:00,0.67021,0.67049,0.66984,0.67
2023-12-18 00:00:00,0.6697,0.6703,0.66947,0.66981
2023-12-18 01:00:00,0.66985,0.67031,0.66929,0.66983
2023-12-18 02:00:00,0.66982,0.6709,0.66978,0.67079
2023-12-18 03:00:00,0.67079,0.67109,0.66928,0.66994
2023-12-18 04:00:00,0.66994,0.67094,0.66994,0.67061
2023-12-18 05:00:00,0.67061,0.67195,0.67051,0.67164
2023-12-18 06:00:00,0.67164,0.67164,0.6708,0.67136
2023-12-18 07:00:00,0.67136,0.67157,0.67067,0.67126
2023-12-18 08:00:00,0.67126,0.67273,0.67103,0.67244
2023-12-18 09:00:00,0.67244,0.67253,0.67176,0.67211
2023-12-18 10:00:00,0.67211,0.67277,0.67166,0.67256
2023-12-18 11:00:00,0.67256,0.67352,0.67239,0.67295
2023-12-18 12:00:00,0.67295,0.67299,0.6716,0.67164
2023-12-18 13:00:00,0.67164,0.6725,0.67138,0.67244
2023-12-18 14:00:00,0.67244,0.67296,0.67216,0.67245
2023-12-18 15:00:00,0.67244,0.67332,0.67234,0.67265
2023-12-18 16:00:00,0.67265,0.67275,0.67164,0.67206
2023-12-18 17:00:00,0.67207,0.67221,0.66901,0.66934
2023-12-18 18:00:00,0.66934,0.67009,0.6692,0.6695
2023-12-18 19:00:00,0.66969,0.67032,0.66915,0.67028
2023-12-18 20:00:00,0.67028,0.67049,0.66995,0.67019
2023-12-18 21:00:00,0.67019,0.67019,0.66924,0.67014
2023-12-18 22:00:00,0.67015,0.67043,0.6698,0.67038
2023-12-18 23:00:00,0.67031,0.67064,0.67014,0.6705
2023-12-19 00:00:00,0.67028,0.67067,0.67017,0.67022
2023-12-19 01:00:00,0.67028,0.67053,0.67004,0.67038
2023-12-19 02:00:00,0.67039,0.67163,0.67029,0.67139
2023-12-19 03:00:00,0.67139,0.67167,0.67065,0.67116
2023-12-19 04:00:00,0.67115,0.6726,0.67067,0.67201
2023-12-19 05:00:00,0.67202,0.67274,0.67158,0.67183
2023-12-19 06:00:00,0.67183,0.67245,0.67176,0.67233
2023-12-19 07:00:00,0.67233,0.67266,0.67137,0.67173
2023-12-19 08:00:00,0.67172,0.67238,0.67137,0.67142
2023-12-19 09:00:00,0.67142,0.67223,0.67065,0.67122
2023-12-19 10:00:00,0.67122,0.67293,0.67118,0.67255
2023-12-19 11:00:00,0.67255,0.67327,0.67243,0.67311
2023-12-19 12:00:00,0.67312,0.67341,0.67269,0.67308
2023-12-19 13:00:00,0.67309,0.67348,0.673,0.67327
2023-12-19 14:00:00,0.67327,0.67399,0.67311,0.67373
2023-12-19 15:00:00,0.67373,0.67463,0.6735,0.67427
2023-12-19 16:00:00,0.67427,0.67665,0.67375,0.67653
2023-12-19 17:00:00,0.67654,0.67745,0.67615,0.6763
2023-12-19 18:00:00,0.6763,0.67683,0.67601,0.67642
2023-12-19 19:00:00,0.67642,0.6765,0.67588,0.67613
2023-12-19 20:00:00,0.67613,0.67646,0.67576,0.67587
2023-12-19 21:00:00,0.67588,0.67604,0.6757,0.67597
2023-12-19 22:00:00,0.67598,0.67617,0.67564,0.67608
2023-12-19 23:00:00,0.67609,0.67635,0.67596,0.6761
2023-12-20 00:00:00,0.67623,0.6764,0.67537,0.67623
2023-12-20 01:00:00,0.67623,0.67625,0.67582,0.67582
2023-12-20 02:00:00,0.67583,0.67611,0.67514,0.67526
2023-12-20 03:00:00,0.67526,0.67663,0.67482,0.67644
2023-12-20 04:00:00,0.67644,0.67656,0.6755,0.67623
2023-12-20 05:00:00,0.67622,0.67726,0.67596,0.67692
2023-12-20 06:00:00,0.67692,0.67766,0.67679,0.67724
2023-12-20 07:00:00,0.67725,0.67753,0.67676,0.67694
2023-12-20 08:00:00,0.67693,0.67693,0.67628,0.67656
2023-12-20 09:00:00,0.67658,0.67744,0.67623,0.67674
2023-12-20 10:00:00,0.67674,0.6777,0.67634,0.67706
2023-12-20 11:00:00,0.67708,0.67735,0.67638,0.67664
2023-12-20 12:00:00,0.67664,0.67679,0.67597,0.67606
2023-12-20 13:00:00,0.67605,0.67716,0.67601,0.67709
2023-12-20 14:00:00,0.67707,0.67721,0.67581,0.67596
2023-12-20 15:00:00,0.67596,0.67709,0.67572,0.67704
2023-12-20 16:00:00,0.67705,0.67736,0.67644,0.67721
2023-12-20 17:00:00,0.67722,0.67789,0.67635,0.67713
2023-12-20 18:00:00,0.67713,0.67744,0.67613,0.67632
2023-12-20 19:00:00,0.67632,0.67689,0.67583,0.67664
2023-12-20 20:00:00,0.67665,0.67694,0.67636,0.67652
2023-12-20 21:00:00,0.67652,0.67652,0.67415,0.67467
2023-12-20 22:00:00,0.67466,0.67466,0.67252,0.67252
2023-12-20 23:00:00,0.67245,0.67328,0.67231,0.67296
2023-12-21 00:00:00,0.6729,0.67346,0.67149,0.67339
2023-12-21 01:00:00,0.67345,0.67408,0.67324,0.67399
2023-12-21 02:00:00,0.67399,0.67459,0.67359,0.67451
2023-12-21 03:00:00,0.6745,0.67474,0.67407,0.67466
2023-12-21 04:00:00,0.67466,0.67492,0.67425,0.67464
2023-12-21 05:00:00,0.67465,0.67503,0.67454,0.67496
2023-12-21 06:00:00,0.67495,0.67522,0.67462,0.6747
2023-12-21 07:00:00,0.6747,0.67532,0.67447,0.67518
2023-12-21 08:00:00,0.67518,0.67526,0.67432,0.67444
2023-12-21 09:00:00,0.67444,0.67483,0.67401,0.67448
2023-12-21 10:00:00,0.67448,0.67503,0.67385,0.67423
2023-12-21 11:00:00,0.67422,0.67523,0.67402,0.67488
2023-12-21 12:00:00,0.67486,0.67498,0.674,0.67439
2023-12-21 13:00:00,0.67439,0.67579,0.67436,0.67565
2023-12-21 14:00:00,0.67565,0.67638,0.67552,0.67585
2023-12-21 15:00:00,0.67586,0.6791,0.67578,0.67784
2023-12-21 16:00:00,0.67783,0.679,0.67727,0.67848
2023-12-21 17:00:00,0.67847,0.67873,0.67691,0.67856
2023-12-21 18:00:00,0.67855,0.67972,0.67844,0.67887
2023-12-21 19:00:00,0.67889,0.67901,0.67772,0.67802
2023-12-21 20:00:00,0.67802,0.6787,0.67728,0.67844
2023-12-21 21:00:00,0.67844,0.68007,0.67844,0.6799
2023-12-21 22:00:00,0.67989,0.68018,0.67934,0.68008
2023-12-21 23:00:00,0.68009,0.68029,0.67978,0.68007
2023-12-22 00:00:00,0.68008,0.6802,0.67951,0.67975
2023-12-22 01:00:00,0.67978,0.68006,0.67951,0.67961
2023-12-22 02:00:00,0.67961,0.6799,0.6789,0.67924
2023-12-22 03:00:00,0.67925,0.67983,0.67889,0.67905
2023-12-22 04:00:00,0.67905,0.67912,0.67816,0.67848
2023-12-22 05:00:00,0.67848,0.67895,0.6775,0.67763
2023-12-22 06:00:00,0.67763,0.67843,0.67758,0.67821
2023-12-22 07:00:00,0.67822,0.67822,0.67736,0.67749
2023-12-22 08:00:00,0.67749,0.67799,0.6773,0.6777
2023-12-22 09:00:00,0.67769,0.67837,0.67756,0.67825
2023-12-22 10:00:00,0.67826,0.67914,0.67811,0.67891
2023-12-22 11:00:00,0.6789,0.6798,0.67889,0.67922
2023-12-22 12:00:00,0.67922,0.68014,0.67922,0.68012
2023-12-22 13:00:00,0.68012,0.68102,0.67996,0.68097
2023-12-22 14:00:00,0.68097,0.68156,0.68027,0.68038
2023-12-22 15:00:00,0.68037,0.68154,0.67893,0.68146
2023-12-22 16:00:00,0.68146,0.68248,0.68124,0.68151
2023-12-22 17:00:00,0.68158,0.68238,0.68033,0.68044
2023-12-22 18:00:00,0.68045,0.681,0.67969,0.68023
2023-12-22 19:00:00,0.68023,0.68069,0.67944,0.68046
2023-12-22 20:00:00,0.68045,0.68074,0.68031,0.68055
2023-12-22 21:00:00,0.68055,0.68055,0.67913,0.68029
2023-12-22 22:00:00,0.68029,0.68049,0.67966,0.67991
2023-12-22 23:00:00,0.67988,0.68009,0.67951,0.67956
2023-12-25 00:00:00,0.6792,0.67927,0.6781,0.6781
2023-12-25 01:00:00,0.67832,0.67923,0.67792,0.67851
2023-12-25 02:00:00,0.67886,0.67887,0.67877,0.67883
2023-12-26 00:00:00,0.68018,0.6807,0.6787,0.67981
2023-12-26 01:00:00,0.68032,0.68094,0.68031,0.68037
2023-12-26 02:00:00,0.68038,0.68081,0.67995,0.68044
2023-12-26 03:00:00,0.68044,0.68091,0.68019,0.68084
2023-12-26 04:00:00,0.68084,0.68128,0.68073,0.68114
2023-12-26 05:00:00,0.68114,0.68153,0.68101,0.68152
2023-12-26 06:00:00,0.68152,0.68156,0.68126,0.68143
2023-12-26 07:00:00,0.68143,0.68167,0.6813,0.68149
2023-12-26 08:00:00,0.68148,0.68175,0.68117,0.68124
2023-12-26 09:00:00,0.68123,0.68126,0.68041,0.68048
2023-12-26 10:00:00,0.68049,0.68056,0.67996,0.67998
2023-12-26 11:00:00,0.67998,0.68016,0.67974,0.67987
2023-12-26 12:00:00,0.67988,0.6807,0.67983,0.68063
2023-12-26 13:00:00,0.68063,0.68086,0.68032,0.6807
2023-12-26 14:00:00,0.6807,0.68112,0.68051,0.68108
2023-12-26 15:00:00,0.68108,0.68185,0.681,0.68148
2023-12-26 16:00:00,0.68148,0.68196,0.68074,0.68108
2023-12-26 17:00:00,0.68108,0.68155,0.68061,0.68068
2023-12-26 18:00:00,0.68067,0.68156,0.68058,0.68138
2023-12-26 19:00:00,0.68138,0.68182,0.68111,0.68136
2023-12-26 20:00:00,0.68136,0.68171,0.68128,0.68142
2023-12-26 21:00:00,0.68143,0.6824,0.68141,0.68238
2023-12-26 22:00:00,0.68237,0.68267,0.68225,0.68245
2023-12-26 23:00:00,0.68238,0.68265,0.68225,0.68233
2023-12-27 00:00:00,0.68234,0.68243,0.68153,0.68231
2023-12-27 01:00:00,0.68238,0.68293,0.6823,0.68239
2023-12-27 02:00:00,0.6824,0.68265,0.68178,0.68196
2023-12-27 03:00:00,0.68195,0.68283,0.68192,0.68278
2023-12-27 04:00:00,0.68277,0.68329,0.68189,0.68319
2023-12-27 05:00:00,0.68319,0.68357,0.68283,0.68326
2023-12-27 06:00:00,0.68325,0.68403,0.68322,0.68365
2023-12-27 07:00:00,0.68365,0.68368,0.68256,0.68281
2023-12-27 08:00:00,0.68282,0.68346,0.68274,0.68326
2023-12-27 09:00:00,0.68327,0.68364,0.68272,0.68288
2023-12-27 10:00:00,0.68288,0.68363,0.68243,0.68263
2023-12-27 11:00:00,0.68262,0.68377,0.68259,0.6833
2023-12-27 12:00:00,0.6833,0.68372,0.68273,0.68363
2023-12-27 13:00:00,0.68363,0.68416,0.68341,0.68401
2023-12-27 14:00:00,0.68402,0.6842,0.68356,0.68408
2023-12-27 15:00:00,0.68409,0.68434,0.68331,0.68341
2023-12-27 16:00:00,0.68339,0.68446,0.68319,0.68421
2023-12-27 17:00:00,0.68421,0.68501,0.68397,0.685
2023-12-27 18:00:00,0.685,0.68509,0.68423,0.68432
2023-12-27 19:00:00,0.68432,0.68462,0.68403,0.68451
2023-12-27 20:00:00,0.68451,0.68515,0.68423,0.68461
2023-12-27 21:00:00,0.68461,0.68462,0.68366,0.68417
2023-12-27 22:00:00,0.68417,0.68467,0.68412,0.68466
2023-12-27 23:00:00,0.68458,0.68472,0.68425,0.68454
2023-12-28 00:00:00,0.68434,0.68486,0.68389,0.6845
2023-12-28 01:00:00,0.68456,0.6854,0.68456,0.68526
2023-12-28 02:00:00,0.68526,0.68636,0.68522,0.68589
2023-12-28 03:00:00,0.68589,0.68701,0.6858,0.68698
2023-12-28 04:00:00,0.68698,0.6871,0.68493,0.68518
2023-12-28 05:00:00,0.68518,0.68595,0.685,0.68591
2023-12-28 06:00:00,0.6859,0.6859,0.68372,0.68414
2023-12-28 07:00:00,0.68414,0.68511,0.68414,0.68462
2023-12-28 08:00:00,0.68463,0.68504,0.68424,0.68476
2023-12-28 09:00:00,0.68476,0.68534,0.68449,0.68519
2023-12-28 10:00:00,0.6852,0.68534,0.68337,0.68378
2023-12-28 11:00:00,0.68378,0.68379,0.68239,0.68296
2023-12-28 12:00:00,0.68296,0.68456,0.68296,0.68423
2023-12-28 13:00:00,0.68424,0.6844,0.68327,0.68374
2023-12-28 14:00:00,0.68374,0.68388,0.68285,0.68376
2023-12-28 15:00:00,0.68376,0.68472,0.68259,0.68265
2023-12-28 16:00:00,0.68265,0.68464,0.68248,0.68445
2023-12-28 17:00:00,0.68445,0.68648,0.68425,0.68606
2023-12-28 18:00:00,0.68607,0.68608,0.68404,0.68424
2023-12-28 19:00:00,0.68423,0.68474,0.6839,0.6846
2023-12-28 20:00:00,0.68461,0.68461,0.68316,0.68359
2023-12-28 21:00:00,0.68359,0.68362,0.68281,0.68338
2023-12-28 22:00:00,0.68338,0.68383,0.68293,0.6831
2023-12-28 23:00:00,0.68302,0.68305,0.68258,0.68272
2023-12-29 00:00:00,0.68234,0.6831,0.68234,0.68251
2023-12-29 01:00:00,0.68256,0.6827,0.68225,0.68255
2023-12-29 02:00:00,0.68255,0.68358,0.68252,0.6833
2023-12-29 03:00:00,0.68329,0.68442,0.68309,0.68416
2023-12-29 04:00:00,0.68413,0.6846,0.68352,0.6836
2023-12-29 05:00:00,0.68359,0.68384,0.68284,0.68379
2023-12-29 06:00:00,0.68378,0.68406,0.68344,0.68393
2023-12-29 07:00:00,0.68393,0.68427,0.68377,0.68427
2023-12-29 08:00:00,0.68427,0.68458,0.68401,0.68405
2023-12-29 09:00:00,0.68405,0.68455,0.68323,0.6833
2023-12-29 10:00:00,0.68331,0.68356,0.68215,0.68215
2023-12-29 11:00:00,0.68215,0.68231,0.68044,0.68046
2023-12-29 12:00:00,0.68046,0.68058,0.67952,0.68026
2023-12-29 13:00:00,0.68026,0.68054,0.67956,0.67999
2023-12-29 14:00:00,0.68,0.68011,0.67887,0.67918
2023-12-29 15:00:00,0.67917,0.67963,0.67822,0.67834
2023-12-29 16:00:00,0.67834,0.6816,0.67811,0.68154
2023-12-29 17:00:00,0.68153,0.68299,0.68101,0.68231
2023-12-29 18:00:00,0.68231,0.68308,0.68115,0.68267
2023-12-29 19:00:00,0.68265,0.68386,0.68256,0.6835
2023-12-29 20:00:00,0.6835,0.6835,0.68191,0.68206
2023-12-29 21:00:00,0.68208,0.68216,0.68082,0.6814
2023-12-29 22:00:00,0.68142,0.68193,0.68118,0.68154
2023-12-29 23:00:00,0.68147,0.68147,0.68054,0.68069
2024-01-02 00:00:00,0.68069,0.68138,0.68051,0.6806
2024-01-02 01:00:00,0.6806,0.68126,0.68059,0.68091
2024-01-02 02:00:00,0.68091,0.68143,0.68082,0.68136
2024-01-02 03:00:00,0.68135,0.68224,0.68099,0.68121
2024-01-02 04:00:00,0.68121,0.68136,0.68024,0.68041
2024-01-02 05:00:00,0.68041,0.68188,0.6802,0.68143
2024-01-02 06:00:00,0.68143,0.68204,0.6813,0.68187
2024-01-02 07:00:00,0.68187,0.68388,0.68187,0.68383
2024-01-02 08:00:00,0.68383,0.68386,0.68242,0.68257
2024-01-02 09:00:00,0.68256,0.68302,0.68188,0.68194
2024-01-02 10:00:00,0.68195,0.68337,0.68195,0.68245
2024-01-02 11:00:00,0.68245,0.68325,0.68209,0.68214
2024-01-02 12:00:00,0.68214,0.6824,0.6811,0.68164
2024-01-02 13:00:00,0.68164,0.68164,0.67955,0.68001
2024-01-02 14:00:00,0.68001,0.68007,0.67843,0.67854
2024-01-02 15:00:00,0.67854,0.67899,0.67772,0.67796
2024-01-02 16:00:00,0.67797,0.67873,0.67739,0.67865
2024-01-02 17:00:00,0.67866,0.67908,0.6761,0.67679
2024-01-02 18:00:00,0.67678,0.678,0.67628,0.67704
2024-01-02 19:00:00,0.67704,0.67778,0.67687,0.67731
2024-01-02 20:00:00,0.67731,0.67736,0.67631,0.67645
2024-01-02 21:00:00,0.67644,0.67656,0.67604,0.67608
2024-01-02 22:00:00,0.67608,0.67627,0.67569,0.67579
2024-01-02 23:00:00,0.67571,0.67609,0.67563,0.67598
2024-01-03 00:00:00,0.67609,0.67657,0.67557,0.67642
2024-01-03 01:00:00,0.67648,0.67662,0.67639,0.67661
2024-01-03 02:00:00,0.67663,0.67703,0.67626,0.67637
2024-01-03 03:00:00,0.67636,0.67666,0.67518,0.6756
2024-01-03 04:00:00,0.6756,0.67566,0.67505,0.67551
2024-01-03 05:00:00,0.67551,0.67668,0.67529,0.67658
2024-01-03 06:00:00,0.67658,0.67683,0.67613,0.67627
2024-01-03 07:00:00,0.67627,0.67703,0.67605,0.67641
2024-01-03 08:00:00,0.67641,0.67699,0.67631,0.67659
2024-01-03 09:00:00,0.6766,0.67679,0.6755,0.67574
2024-01-03 10:00:00,0.67573,0.67604,0.67497,0.67559
2024-01-03 11:00:00,0.67559,0.6757,0.67451,0.67491
2024-01-03 12:00:00,0.6749,0.67513,0.67412,0.67423
2024-01-03 13:00:00,0.67423,0.67437,0.67279,0.67292
2024-01-03 14:00:00,0.67293,0.67362,0.67262,0.67271
2024-01-03 15:00:00,0.67271,0.67295,0.6712,0.67148
2024-01-03 16:00:00,0.67151,0.67222,0.6706,0.67193
2024-01-03 17:00:00,0.67183,0.67392,0.6702,0.6712
2024-01-03 18:00:00,0.67118,0.67258,0.671,0.67191
2024-01-03 19:00:00,0.67191,0.67219,0.67163,0.67201
2024-01-03 20:00:00,0.672,0.67274,0.67172,0.67208
2024-01-03 21:00:00,0.67208,0.67373,0.67068,0.67296
2024-01-03 22:00:00,0.67295,0.673,0.67225,0.67254
2024-01-03 23:00:00,0.67247,0.67321,0.67233,0.67306
2024-01-04 00:00:00,0.67277,0.67318,0.67103,0.67293
2024-01-04 01:00:00,0.67299,0.67345,0.67286,0.67343
2024-01-04 02:00:00,0.67344,0.67357,0.67275,0.67297
2024-01-04 03:00:00,0.67298,0.67335,0.67235,0.67299
2024-01-04 04:00:00,0.67299,0.67316,0.67206,0.67286
2024-01-04 05:00:00,0.67288,0.67465,0.67271,0.67387
2024-01-04 06:00:00,0.67387,0.67423,0.67358,0.67393
2024-01-04 07:00:00,0.67393,0.67438,0.67355,0.67395
2024-01-04 08:00:00,0.67395,0.67541,0.67394,0.67529
2024-01-04 09:00:00,0.67528,0.67597,0.67511,0.67538
2024-01-04 10:00:00,0.6754,0.67559,0.67424,0.67498
2024-01-04 11:00:00,0.67498,0.67515,0.67396,0.67429
2024-01-04 12:00:00,0.67429,0.67454,0.67305,0.67354
2024-01-04 13:00:00,0.67354,0.67389,0.67267,0.67285
2024-01-04 14:00:00,0.67285,0.67323,0.67235,0.6724
2024-01-04 15:00:00,0.6724,0.67282,0.67089,0.67128
2024-01-04 16:00:00,0.67128,0.6714,0.6697,0.67006
2024-01-04 17:00:00,0.67006,0.67172,0.67004,0.67102
2024-01-04 18:00:00,0.67104,0.67168,0.67051,0.67088
2024-01-04 19:00:00,0.67089,0.67092,0.66964,0.67028
2024-01-04 20:00:00,0.67028,0.67061,0.66998,0.67013
2024-01-04 21:00:00,0.67013,0.67053,0.66982,0.67033
2024-01-04 22:00:00,0.67033,0.6706,0.67004,0.67043
2024-01-04 23:00:00,0.67036,0.67073,0.67011,0.67059
2024-01-05 00:00:00,0.67066,0.6708,0.6699,0.67038
2024-01-05 01:00:00,0.67043,0.67075,0.67032,0.67058
2024-01-05 02:00:00,0.67057,0.67128,0.67029,0.67066
2024-01-05 03:00:00,0.67065,0.67164,0.67034,0.6711
2024-01-05 04:00:00,0.6711,0.67183,0.67078,0.67083
2024-01-05 05:00:00,0.67084,0.67114,0.66985,0.67023
2024-01-05 06:00:00,0.67023,0.67075,0.66977,0.66983
2024-01-05 07:00:00,0.66983,0.67043,0.66924,0.67031
2024-01-05 08:00:00,0.67031,0.67042,0.6689,0.66934
2024-01-05 09:00:00,0.66934,0.67092,0.66934,0.66983
2024-01-05 10:00:00,0.66983,0.67027,0.66907,0.66924
2024-01-05 11:00:00,0.66924,0.66958,0.66818,0.66823
2024-01-05 12:00:00,0.66822,0.66852,0.66759,0.66816
2024-01-05 13:00:00,0.66816,0.66849,0.66763,0.66803
2024-01-05 14:00:00,0.66803,0.66875,0.66791,0.66856
2024-01-05 15:00:00,0.66856,0.66894,0.66404,0.6686
2024-01-05 16:00:00,0.66866,0.67068,0.66829,0.67041
2024-01-05 17:00:00,0.67048,0.67479,0.67048,0.67348
2024-01-05 18:00:00,0.67348,0.67364,0.67181,0.67204
2024-01-05 19:00:00,0.67204,0.67205,0.67077,0.67142
2024-01-05 20:00:00,0.6714,0.67231,0.67051,0.67216
2024-01-05 21:00:00,0.67216,0.67268,0.67108,0.67139
2024-01-05 22:00:00,0.67139,0.67178,0.67108,0.67156
2024-01-05 23:00:00,0.67148,0.67155,0.67101,0.67131
2024-01-08 00:00:00,0.67141,0.67154,0.67092,0.67127
2024-01-08 01:00:00,0.67133,0.67166,0.67104,0.67155
2024-01-08 02:00:00,0.67156,0.67227,0.67146,0.67222
2024-01-08 03:00:00,0.67222,0.67344,0.67216,0.6726
2024-01-08 04:00:00,0.6726,0.6726,0.67094,0.67103
2024-01-08 05:00:00,0.67103,0.67153,0.67,0.67022
2024-01-08 06:00:00,0.67022,0.67029,0.6696,0.66979
2024-01-08 07:00:00,0.66979,0.67021,0.66938,0.66997
2024-01-08 08:00:00,0.66997,0.67099,0.66989,0.67088
2024-01-08 09:00:00,0.67088,0.67148,0.67032,0.67035
2024-01-08 10:00:00,0.67032,0.67036,0.66847,0.66925
2024-01-08 11:00:00,0.66925,0.66988,0.66815,0.66974
2024-01-08 12:00:00,0.66977,0.66996,0.66923,0.66929
2024-01-08 13:00:00,0.66928,0.66962,0.66831,0.66835
2024-01-08 14:00:00,0.66836,0.66875,0.66782,0.66873
2024-01-08 15:00:00,0.66873,0.66895,0.66773,0.66813
2024-01-08 16:00:00,0.66813,0.6703,0.66795,0.67017
2024-01-08 17:00:00,0.67017,0.67126,0.66973,0.6709
2024-01-08 18:00:00,0.6709,0.67212,0.67083,0.67178
2024-01-08 19:00:00,0.67179,0.67216,0.67111,0.67121
2024-01-08 20:00:00,0.67121,0.6715,0.67051,0.67143
2024-01-08 21:00:00,0.67143,0.67229,0.67122,0.67223
2024-01-08 22:00:00,0.67223,0.67223,0.67149,0.67189
2024-01-08 23:00:00,0.67182,0.67221,0.6717,0.67193
2024-01-09 00:00:00,0.67188,0.67196,0.6703,0.67169
2024-01-09 01:00:00,0.67174,0.67213,0.67158,0.67163
2024-01-09 02:00:00,0.67163,0.67308,0.67151,0.67219
2024-01-09 03:00:00,0.6722,0.67294,0.67201,0.67282
2024-01-09 04:00:00,0.67282,0.67343,0.67253,0.67269
2024-01-09 05:00:00,0.6727,0.67324,0.67225,0.67248
2024-01-09 06:00:00,0.67248,0.67248,0.67121,0.6717
2024-01-09 07:00:00,0.6717,0.6719,0.67072,0.67085
2024-01-09 08:00:00,0.67085,0.67116,0.67023,0.67046
2024-01-09 09:00:00,0.67045,0.67106,0.66999,0.67069
2024-01-09 10:00:00,0.67071,0.67076,0.6695,0.67048
2024-01-09 11:00:00,0.67048,0.67135,0.67001,0.6704
2024-01-09 12:00:00,0.67041,0.67055,0.6695,0.66956
2024-01-09 13:00:00,0.66956,0.66964,0.66877,0.66912
2024-01-09 14:00:00,0.66913,0.66991,0.66894,0.6697
2024-01-09 15:00:00,0.66971,0.67016,0.66898,0.66984
2024-01-09 16:00:00,0.66984,0.67013,0.66892,0.66915
2024-01-09 17:00:00,0.66919,0.66925,0.66814,0.66831
2024-01-09 18:00:00,0.66831,0.66915,0.66771,0.66901
2024-01-09 19:00:00,0.66902,0.66907,0.66847,0.66866
2024-01-09 20:00:00,0.66865,0.66921,0.66771,0.66845
2024-01-09 21:00:00,0.66845,0.6686,0.66769,0.66841
2024-01-09 22:00:00,0.66842,0.66887,0.66811,0.66856
2024-01-09 23:00:00,0.66849,0.66881,0.66842,0.66861
2024-01-10 00:00:00,0.6679,0.66867,0.66782,0.66847
2024-01-10 01:00:00,0.66853,0.66876,0.66799,0.66842
2024-01-10 02:00:00,0.66842,0.66949,0.66823,0.66873
2024-01-10 03:00:00,0.66874,0.67,0.6687,0.66983
2024-01-10 04:00:00,0.66982,0.67052,0.66963,0.66983
2024-01-10 05:00:00,0.66982,0.67081,0.66978,0.67011
2024-01-10 06:00:00,0.6701,0.67059,0.66999,0.67024
2024-01-10 07:00:00,0.67024,0.67052,0.67008,0.67036
2024-01-10 08:00:00,0.67034,0.67036,0.66912,0.66915
2024-01-10 09:00:00,0.66915,0.67043,0.66906,0.67006
2024-01-10 10:00:00,0.67008,0.67063,0.66952,0.67039
2024-01-10 11:00:00,0.67038,0.67112,0.67015,0.67084
2024-01-10 12:00:00,0.67083,0.67128,0.67044,0.67055
2024-01-10 13:00:00,0.67054,0.67085,0.67021,0.67051
2024-01-10 14:00:00,0.67051,0.67117,0.67019,0.67023
2024-01-10 15:00:00,0.67023,0.67053,0.66951,0.66981
2024-01-10 16:00:00,0.66981,0.67011,0.66883,0.66912
2024-01-10 17:00:00,0.66912,0.67003,0.66863,0.66961
2024-01-10 18:00:00,0.66961,0.66974,0.66859,0.66905
2024-01-10 19:00:00,0.66905,0.66981,0.66894,0.66963
2024-01-10 20:00:00,0.66962,0.66995,0.66903,0.66989
2024-01-10 21:00:00,0.6699,0.67013,0.66954,0.67005
2024-01-10 22:00:00,0.67004,0.67036,0.66937,0.66965
2024-01-10 23:00:00,0.66958,0.67001,0.66953,0.66987
2024-01-11 00:00:00,0.66973,0.67001,0.66862,0.66983
2024-01-11 01:00:00,0.66988,0.67027,0.66978,0.67017
2024-01-11 02:00:00,0.67017,0.67119,0.67002,0.67092
2024-01-11 03:00:00,0.67092,0.67179,0.6709,0.6717
2024-01-11 04:00:00,0.67171,0.6725,0.67119,0.67137
2024-01-11 05:00:00,0.67139,0.67231,0.67139,0.67227
2024-01-11 06:00:00,0.67227,0.67254,0.6719,0.67195
2024-01-11 07:00:00,0.67196,0.67244,0.67176,0.67184
2024-01-11 08:00:00,0.67185,0.67222,0.6713,0.67197
2024-01-11 09:00:00,0.67196,0.67245,0.67149,0.67155
2024-01-11 10:00:00,0.67154,0.67206,0.67124,0.67129
2024-01-11 11:00:00,0.67128,0.67145,0.67071,0.67109
2024-01-11 12:00:00,0.67108,0.67111,0.67043,0.67071
2024-01-11 13:00:00,0.67071,0.67132,0.67066,0.67104
2024-01-11 14:00:00,0.67106,0.67146,0.67002,0.67104
2024-01-11 15:00:00,0.67103,0.67233,0.66617,0.66649
2024-01-11 16:00:00,0.66651,0.66927,0.66594,0.66722
2024-01-11 17:00:00,0.66721,0.66743,0.66488,0.66605
2024-01-11 18:00:00,0.66605,0.66642,0.6647,0.6652
2024-01-11 19:00:00,0.66521,0.66594,0.66491,0.66556
2024-01-11 20:00:00,0.66558,0.66741,0.66542,0.66734
2024-01-11 21:00:00,0.66735,0.66883,0.6673,0.66868
2024-01-11 22:00:00,0.66868,0.6688,0.66751,0.66867
2024-01-11 23:00:00,0.66867,0.66908,0.66863,0.66865
2024-01-12 00:00:00,0.66756,0.66896,0.66704,0.66872
2024-01-12 01:00:00,0.66872,0.66989,0.66872,0.66988
2024-01-12 02:00:00,0.66991,0.67007,0.66937,0.66962
2024-01-12 03:00:00,0.66962,0.67138,0.66928,0.67118
2024-01-12 04:00:00,0.67118,0.67134,0.67052,0.6708
2024-01-12 05:00:00,0.67081,0.67132,0.67068,0.67078
2024-01-12 06:00:00,0.67078,0.67079,0.66988,0.67034
2024-01-12 07:00:00,0.67033,0.67062,0.66952,0.66959
2024-01-12 08:00:00,0.66958,0.67033,0.66958,0.67009
2024-01-12 09:00:00,0.67007,0.67019,0.66919,0.66967
2024-01-12 10:00:00,0.66967,0.67112,0.66966,0.67077
2024-01-12 11:00:00,0.67076,0.67101,0.66985,0.66994
2024-01-12 12:00:00,0.66994,0.67016,0.66929,0.66953
2024-01-12 13:00:00,0.66954,0.66968,0.66784,0.66866
2024-01-12 14:00:00,0.66866,0.66905,0.66806,0.66823
2024-01-12 15:00:00,0.66823,0.67162,0.66779,0.67043
2024-01-12 16:00:00,0.67044,0.67287,0.67009,0.67202
2024-01-12 17:00:00,0.67203,0.67259,0.66973,0.66998
2024-01-12 18:00:00,0.66998,0.67078,0.66891,0.66908
2024-01-12 19:00:00,0.66906,0.66923,0.66821,0.66864
2024-01-12 20:00:00,0.66863,0.66918,0.66858,0.66892
2024-01-12 21:00:00,0.66891,0.66947,0.66868,0.66875
2024-01-12 22:00:00,0.66874,0.66882,0.66824,0.66824
2024-01-12 23:00:00,0.66826,0.66878,0.66822,0.6684
2024-01-15 00:00:00,0.66779,0.66902,0.66716,0.66854
2024-01-15 01:00:00,0.66859,0.6691,0.66816,0.66889
2024-01-15 02:00:00,0.66889,0.66929,0.66804,0.66887
2024-01-15 03:00:00,0.66887,0.66955,0.6684,0.66943
2024-01-15 04:00:00,0.66943,0.67044,0.66941,0.67017
2024-01-15 05:00:00,0.67017,0.67028,0.6695,0.66952
2024-01-15 06:00:00,0.66952,0.66952,0.66868,0.66928
2024-01-15 07:00:00,0.66928,0.66938,0.66839,0.66841
2024-01-15 08:00:00,0.66841,0.66878,0.66806,0.66845
2024-01-15 09:00:00,0.66845,0.66845,0.66671,0.66698
2024-01-15 10:00:00,0.66698,0.66745,0.66671,0.66684
2024-01-15 11:00:00,0.66685,0.66695,0.66557,0.66572
2024-01-15 12:00:00,0.66572,0.66626,0.66519,0.66617
2024-01-15 13:00:00,0.66617,0.66669,0.66609,0.6663
2024-01-15 14:00:00,0.66629,0.66645,0.66528,0.66545
2024-01-15 15:00:00,0.66544,0.66581,0.66517,0.66564
2024-01-15 16:00:00,0.66565,0.6658,0.66501,0.66536
2024-01-15 17:00:00,0.66536,0.6663,0.66505,0.66604
2024-01-15 18:00:00,0.66604,0.6662,0.66562,0.66604
2024-01-15 19:00:00,0.66604,0.66627,0.66579,0.66595
2024-01-15 20:00:00,0.66596,0.66604,0.66575,0.6659
2024-01-15 21:00:00,0.6659,0.666,0.66572,0.66586
2024-01-15 22:00:00,0.66586,0.66588,0.66566,0.66587
2024-01-15 23:00:00,0.66579,0.66607,0.66576,0.66599
2024-01-16 00:00:00,0.66594,0.66615,0.66444,0.66594
2024-01-16 01:00:00,0.66594,0.66597,0.66492,0.665
2024-01-16 02:00:00,0.665,0.66504,0.66255,0.66257
2024-01-16 03:00:00,0.66256,0.66377,0.66187,0.66324
2024-01-16 04:00:00,0.66324,0.66327,0.66209,0.66236
2024-01-16 05:00:00,0.66236,0.66278,0.66109,0.66126
2024-01-16 06:00:00,0.66126,0.66159,0.66101,0.66144
2024-01-16 07:00:00,0.66145,0.66183,0.66097,0.6612
2024-01-16 08:00:00,0.66121,0.66217,0.661,0.66198
2024-01-16 09:00:00,0.66201,0.66249,0.66095,0.66172
2024-01-16 10:00:00,0.66172,0.6633,0.66072,0.66108
2024-01-16 11:00:00,0.66106,0.66152,0.66007,0.66048
2024-01-16 12:00:00,0.66048,0.66048,0.65966,0.65996
2024-01-16 13:00:00,0.65996,0.6605,0.65953,0.66042
2024-01-16 14:00:00,0.66042,0.66075,0.65976,0.66069
2024-01-16 15:00:00,0.66069,0.66175,0.65963,0.65989
2024-01-16 16:00:00,0.65986,0.66092,0.65903,0.65952
2024-01-16 17:00:00,0.65952,0.66034,0.65907,0.66018
2024-01-16 18:00:00,0.66019,0.6609,0.65821,0.65967
2024-01-16 19:00:00,0.65967,0.65979,0.65815,0.6582
2024-01-16 20:00:00,0.6582,0.65887,0.65785,0.65797
2024-01-16 21:00:00,0.65798,0.65863,0.6576,0.65848
2024-01-16 22:00:00,0.65848,0.65867,0.6581,0.65825
2024-01-16 23:00:00,0.65815,0.65858,0.65815,0.65839
2024-01-17 00:00:00,0.65839,0.65877,0.65772,0.65858
2024-01-17 01:00:00,0.65863,0.65891,0.65838,0.65886
2024-01-17 02:00:00,0.65887,0.65907,0.65837,0.65868
2024-01-17 03:00:00,0.65868,0.65929,0.65824,0.65918
2024-01-17 04:00:00,0.65919,0.65943,0.6579,0.65822
2024-01-17 05:00:00,0.65822,0.65836,0.6567,0.65697
2024-01-17 06:00:00,0.65696,0.65735,0.65683,0.65708
2024-01-17 07:00:00,0.65707,0.65711,0.6555,0.656
2024-01-17 08:00:00,0.656,0.65618,0.6551,0.65567
2024-01-17 09:00:00,0.65567,0.6559,0.65476,0.65535
2024-01-17 10:00:00,0.65534,0.65569,0.65394,0.65394
2024-01-17 11:00:00,0.65394,0.65543,0.65348,0.65528
2024-01-17 12:00:00,0.65528,0.65644,0.65503,0.65528
2024-01-17 13:00:00,0.65529,0.65576,0.65523,0.65566
2024-01-17 14:00:00,0.65566,0.65654,0.65554,0.65579
2024-01-17 15:00:00,0.65578,0.65578,0.65396,0.65453
2024-01-17 16:00:00,0.65454,0.65462,0.65274,0.65278
2024-01-17 17:00:00,0.65278,0.65423,0.65248,0.65293
2024-01-17 18:00:00,0.65295,0.65403,0.65293,0.65375
2024-01-17 19:00:00,0.65375,0.65417,0.65316,0.65395
2024-01-17 20:00:00,0.65394,0.65405,0.65319,0.65375
2024-01-17 21:00:00,0.65375,0.65467,0.65375,0.65423
2024-01-17 22:00:00,0.65423,0.65502,0.65399,0.65497
2024-01-17 23:00:00,0.65489,0.6552,0.65486,0.65519
2024-01-18 00:00:00,0.65519,0.65549,0.65345,0.65513
2024-01-18 01:00:00,0.65518,0.65519,0.65465,0.65517
2024-01-18 02:00:00,0.65517,0.65536,0.65251,0.65523
2024-01-18 03:00:00,0.65523,0.65618,0.65512,0.65585
2024-01-18 04:00:00,0.65585,0.65643,0.65513,0.65525
2024-01-18 05:00:00,0.65525,0.65665,0.65484,0.65609
2024-01-18 06:00:00,0.65609,0.65612,0.65555,0.6557
2024-01-18 07:00:00,0.6557,0.6559,0.65482,0.65567
2024-01-18 08:00:00,0.65567,0.65674,0.65563,0.65641
2024-01-18 09:00:00,0.65638,0.65643,0.65555,0.65582
2024-01-18 10:00:00,0.65582,0.65601,0.65487,0.65564
2024-01-18 11:00:00,0.65564,0.65676,0.65522,0.65633
2024-01-18 12:00:00,0.65633,0.65676,0.65619,0.65659
2024-01-18 13:00:00,0.65659,0.65705,0.65615,0.65688
2024-01-18 14:00:00,0.65688,0.65745,0.6562,0.65633
2024-01-18 15:00:00,0.65633,0.65642,0.65435,0.65448
2024-01-18 16:00:00,0.65447,0.65632,0.65447,0.65573
2024-01-18 17:00:00,0.65574,0.65682,0.65539,0.65562
2024-01-18 18:00:00,0.65562,0.65678,0.65532,0.65627
2024-01-18 19:00:00,0.65627,0.65634,0.65524,0.65569
2024-01-18 20:00:00,0.6557,0.65659,0.65528,0.65647
2024-01-18 21:00:00,0.65647,0.65678,0.65593,0.65593
2024-01-18 22:00:00,0.65593,0.65688,0.65593,0.65673
2024-01-18 23:00:00,0.65671,0.65744,0.65668,0.65726
2024-01-19 00:00:00,0.6569,0.65747,0.65552,0.65747
2024-01-19 01:00:00,0.65742,0.65825,0.65733,0.65815
2024-01-19 02:00:00,0.65815,0.65878,0.65802,0.65843
2024-01-19 03:00:00,0.65843,0.6586,0.6576,0.65831
2024-01-19 04:00:00,0.65828,0.65887,0.65749,0.65854
2024-01-19 05:00:00,0.65854,0.65856,0.65804,0.65834
2024-01-19 06:00:00,0.65834,0.65849,0.65771,0.65774
2024-01-19 07:00:00,0.65774,0.65789,0.65682,0.65708
2024-01-19 08:00:00,0.65707,0.65752,0.65651,0.65726
2024-01-19 09:00:00,0.65726,0.6585,0.6571,0.658
2024-01-19 10:00:00,0.65799,0.6587,0.65741,0.65853
2024-01-19 11:00:00,0.65853,0.65987,0.65846,0.65987
2024-01-19 12:00:00,0.65987,0.66015,0.6592,0.65956
2024-01-19 13:00:00,0.65956,0.65994,0.65921,0.65989
2024-01-19 14:00:00,0.65989,0.65995,0.65928,0.65936
2024-01-19 15:00:00,0.65938,0.66011,0.65879,0.65897
2024-01-19 16:00:00,0.65899,0.65917,0.65738,0.65845
2024-01-19 17:00:00,0.65851,0.65927,0.65707,0.6584
2024-01-19 18:00:00,0.6584,0.65876,0.6576,0.658
2024-01-19 19:00:00,0.65801,0.65934,0.6577,0.65909
2024-01-19 20:00:00,0.6591,0.65925,0.65858,0.6588
2024-01-19 21:00:00,0.65881,0.65963,0.65881,0.65961
2024-01-19 22:00:00,0.65961,0.65982,0.65944,0.65974
2024-01-19 23:00:00,0.65975,0.65986,0.65944,0.65946
2024-01-22 00:00:00,0.65831,0.65967,0.65821,0.6594
2024-01-22 01:00:00,0.65955,0.66003,0.65899,0.65948
2024-01-22 02:00:00,0.65948,0.66091,0.65909,0.6608
2024-01-22 03:00:00,0.6608,0.66135,0.6601,0.66037
2024-01-22 04:00:00,0.66038,0.6606,0.6595,0.66015
2024-01-22 05:00:00,0.66015,0.66034,0.65927,0.65955
2024-01-22 06:00:00,0.65955,0.65981,0.65895,0.6594
2024-01-22 07:00:00,0.65939,0.65942,0.65854,0.65882
2024-01-22 08:00:00,0.65883,0.65908,0.65819,0.65901
2024-01-22 09:00:00,0.65898,0.65928,0.65828,0.65914
2024-01-22 10:00:00,0.65914,0.65946,0.65822,0.65848
2024-01-22 11:00:00,0.65849,0.65923,0.65809,0.65873
2024-01-22 12:00:00,0.65873,0.65901,0.65846,0.65873
2024-01-22 13:00:00,0.65872,0.65938,0.6587,0.65901
2024-01-22 14:00:00,0.65901,0.65978,0.65889,0.65938
2024-01-22 15:00:00,0.65938,0.65947,0.65839,0.65902
2024-01-22 16:00:00,0.65902,0.65954,0.65817,0.65921
2024-01-22 17:00:00,0.6592,0.65961,0.65854,0.65897
2024-01-22 18:00:00,0.65896,0.65904,0.65807,0.6585
2024-01-22 19:00:00,0.6585,0.65887,0.65786,0.65845
2024-01-22 20:00:00,0.65844,0.65844,0.65711,0.65746
2024-01-22 21:00:00,0.65746,0.65757,0.65673,0.65722
2024-01-22 22:00:00,0.65723,0.65734,0.65662,0.65708
2024-01-22 23:00:00,0.657,0.6571,0.65671,0.65695
2024-01-23 00:00:00,0.65698,0.65699,0.65621,0.65678
2024-01-23 01:00:00,0.65684,0.6572,0.6565,0.65702
2024-01-23 02:00:00,0.65702,0.65826,0.65697,0.65817
2024-01-23 03:00:00,0.65816,0.6593,0.65748,0.65897
2024-01-23 04:00:00,0.65897,0.66009,0.65819,0.65868
2024-01-23 05:00:00,0.65869,0.65987,0.65808,0.65953
2024-01-23 06:00:00,0.65952,0.66018,0.65925,0.66002
2024-01-23 07:00:00,0.66002,0.66084,0.65991,0.66072
2024-01-23 08:00:00,0.66072,0.66123,0.65995,0.66103
2024-01-23 09:00:00,0.66103,0.66116,0.65974,0.65986
2024-01-23 10:00:00,0.65987,0.66,0.65893,0.65916
2024-01-23 11:00:00,0.65915,0.65916,0.65838,0.65876
2024-01-23 12:00:00,0.65876,0.65884,0.6582,0.65851
2024-01-23 13:00:00,0.65851,0.65871,0.65755,0.65778
2024-01-23 14:00:00,0.65777,0.65897,0.65771,0.65881
2024-01-23 15:00:00,0.65881,0.65997,0.65881,0.65924
2024-01-23 16:00:00,0.65924,0.65924,0.65745,0.65759
2024-01-23 17:00:00,0.6576,0.65867,0.65616,0.65643
2024-01-23 18:00:00,0.65644,0.65721,0.65605,0.6565
2024-01-23 19:00:00,0.6565,0.65676,0.65515,0.65589
2024-01-23 20:00:00,0.6559,0.65663,0.6558,0.65648
2024-01-23 21:00:00,0.65647,0.65738,0.65634,0.65711
2024-01-23 22:00:00,0.65711,0.65778,0.65691,0.65769
2024-01-23 23:00:00,0.65761,0.658,0.65754,0.65789
2024-01-24 00:00:00,0.65792,0.65816,0.65753,0.65806
2024-01-24 01:00:00,0.65811,0.65865,0.65804,0.65858
2024-01-24 02:00:00,0.65858,0.65859,0.65792,0.65815
2024-01-24 03:00:00,0.65814,0.65818,0.65735,0.65758
2024-01-24 04:00:00,0.65758,0.65762,0.65659,0.65682
2024-01-24 05:00:00,0.65682,0.65715,0.65658,0.65692
2024-01-24 06:00:00,0.65692,0.65744,0.65681,0.65742
2024-01-24 07:00:00,0.65742,0.65761,0.65657,0.65739
2024-01-24 08:00:00,0.65739,0.65802,0.65705,0.65776
2024-01-24 09:00:00,0.65773,0.65897,0.65725,0.65847
2024-01-24 10:00:00,0.65847,0.65956,0.65847,0.65921
2024-01-24 11:00:00,0.6592,0.66092,0.65906,0.6601
2024-01-24 12:00:00,0.66009,0.66048,0.65941,0.65977
2024-01-24 13:00:00,0.65977,0.65993,0.65927,0.65982
2024-01-24 14:00:00,0.65983,0.66009,0.65923,0.6596
2024-01-24 15:00:00,0.65958,0.6619,0.65952,0.66167
2024-01-24 16:00:00,0.66166,0.6621,0.65968,0.66002
2024-01-24 17:00:00,0.66003,0.66104,0.65914,0.66035
2024-01-24 18:00:00,0.66034,0.66049,0.65938,0.6601
2024-01-24 19:00:00,0.66004,0.66087,0.65994,0.66069
2024-01-24 20:00:00,0.66069,0.66079,0.65861,0.65883
2024-01-24 21:00:00,0.65884,0.65884,0.6576,0.65806
2024-01-24 22:00:00,0.65806,0.65832,0.65756,0.65758
2024-01-24 23:00:00,0.65759,0.65771,0.65733,0.65757
2024-01-25 00:00:00,0.65753,0.65776,0.65697,0.6575
2024-01-25 01:00:00,0.65752,0.65802,0.65733,0.65754
2024-01-25 02:00:00,0.65753,0.6577,0.65678,0.65728
2024-01-25 03:00:00,0.65727,0.65766,0.65659,0.65746
2024-01-25 04:00:00,0.65744,0.65793,0.65688,0.6573
2024-01-25 05:00:00,0.65733,0.65788,0.65733,0.65764
2024-01-25 06:00:00,0.65764,0.65807,0.65724,0.65745
2024-01-25 07:00:00,0.65745,0.65768,0.65713,0.65735
2024-01-25 08:00:00,0.65735,0.65831,0.65723,0.65814
2024-01-25 09:00:00,0.65812,0.65849,0.65784,0.65825
2024-01-25 10:00:00,0.65823,0.65845,0.65708,0.65799
2024-01-25 11:00:00,0.65801,0.6588,0.6577,0.65864
2024-01-25 12:00:00,0.65862,0.65916,0.65846,0.65885
2024-01-25 13:00:00,0.65884,0.6592,0.65859,0.65914
2024-01-25 14:00:00,0.65915,0.6592,0.65802,0.65811
2024-01-25 15:00:00,0.65811,0.6607,0.65749,0.66058
2024-01-25 16:00:00,0.66058,0.66097,0.65893,0.66009
2024-01-25 17:00:00,0.66009,0.66023,0.65772,0.65816
2024-01-25 18:00:00,0.65815,0.65853,0.65766,0.65802
2024-01-25 19:00:00,0.65802,0.65846,0.65717,0.65773
2024-01-25 20:00:00,0.65773,0.65869,0.65744,0.65747
2024-01-25 21:00:00,0.65747,0.65826,0.65704,0.65814
2024-01-25 22:00:00,0.65815,0.65841,0.65783,0.65824
2024-01-25 23:00:00,0.65826,0.65858,0.65813,0.65839
2024-01-26 00:00:00,0.65823,0.65855,0.65765,0.65846
2024-01-26 01:00:00,0.65851,0.65852,0.65813,0.65817
2024-01-26 02:00:00,0.65818,0.65848,0.6576,0.65825
2024-01-26 03:00:00,0.65825,0.65908,0.65818,0.65871
2024-01-26 04:00:00,0.65872,0.65936,0.65857,0.659
2024-01-26 05:00:00,0.65901,0.65933,0.65888,0.6592
2024-01-26 06:00:00,0.6592,0.6593,0.65864,0.65868
2024-01-26 07:00:00,0.65866,0.65965,0.65863,0.65923
2024-01-26 08:00:00,0.65923,0.65923,0.65817,0.65842
2024-01-26 09:00:00,0.65843,0.65858,0.65766,0.65823
2024-01-26 10:00:00,0.65823,0.6587,0.65784,0.6586
2024-01-26 11:00:00,0.65861,0.65924,0.65783,0.65904
2024-01-26 12:00:00,0.65903,0.65971,0.65903,0.65957
2024-01-26 13:00:00,0.65958,0.66018,0.65956,0.65977
2024-01-26 14:00:00,0.65977,0.66005,0.6592,0.65926
2024-01-26 15:00:00,0.65926,0.66095,0.65875,0.66042
2024-01-26 16:00:00,0.66042,0.66065,0.65908,0.65972
2024-01-26 17:00:00,0.65968,0.65968,0.65866,0.65903
2024-01-26 18:00:00,0.65903,0.65919,0.65827,0.65857
2024-01-26 19:00:00,0.65855,0.6588,0.65781,0.65807
2024-01-26 20:00:00,0.65805,0.65825,0.65764,0.65783
2024-01-26 21:00:00,0.65782,0.65846,0.65777,0.65818
2024-01-26 22:00:00,0.65819,0.65834,0.65793,0.65805
2024-01-26 23:00:00,0.65797,0.65803,0.65745,0.65748
2024-01-29 00:00:00,0.6573,0.6576,0.65695,0.65721
2024-01-29 01:00:00,0.65729,0.65826,0.65697,0.6577
2024-01-29 02:00:00,0.6577,0.65805,0.65729,0.65802
2024-01-29 03:00:00,0.65802,0.65947,0.65802,0.65914
2024-01-29 04:00:00,0.65914,0.65914,0.65841,0.65887
2024-01-29 05:00:00,0.65888,0.65931,0.65853,0.65906
2024-01-29 06:00:00,0.65906,0.65947,0.65888,0.65894
2024-01-29 07:00:00,0.65894,0.6591,0.65868,0.65885
2024-01-29 08:00:00,0.65885,0.65944,0.65873,0.65917
2024-01-29 09:00:00,0.65916,0.66039,0.65897,0.65988
2024-01-29 10:00:00,0.65988,0.66021,0.65936,0.65976
2024-01-29 11:00:00,0.65974,0.66024,0.65936,0.66004
2024-01-29 12:00:00,0.66003,0.66019,0.65947,0.66016
2024-01-29 13:00:00,0.66016,0.6606,0.65985,0.65992
2024-01-29 14:00:00,0.65992,0.66049,0.65978,0.65992
2024-01-29 15:00:00,0.65992,0.66023,0.65954,0.65991
2024-01-29 16:00:00,0.65991,0.66003,0.65826,0.65873
2024-01-29 17:00:00,0.65875,0.65944,0.65812,0.6592
2024-01-29 18:00:00,0.65921,0.65952,0.65896,0.65931
2024-01-29 19:00:00,0.65931,0.65972,0.65911,0.65914
2024-01-29 20:00:00,0.65914,0.65927,0.65882,0.65917
2024-01-29 21:00:00,0.65917,0.66005,0.65906,0.65979
2024-01-29 22:00:00,0.6598,0.66156,0.6598,0.66113
2024-01-29 23:00:00,0.66106,0.66115,0.66064,0.66103
2024-01-30 00:00:00,0.66097,0.66118,0.65926,0.66107
2024-01-30 01:00:00,0.66114,0.66157,0.66114,0.66133
2024-01-30 02:00:00,0.66133,0.66242,0.66112,0.66207
2024-01-30 03:00:00,0.66207,0.6622,0.66132,0.66147
2024-01-30 04:00:00,0.66147,0.66168,0.66102,0.66132
2024-01-30 05:00:00,0.66132,0.66136,0.66082,0.66092
2024-01-30 06:00:00,0.66093,0.66131,0.6606,0.66076
2024-01-30 07:00:00,0.66076,0.66182,0.66073,0.66157
2024-01-30 08:00:00,0.66157,0.66168,0.66098,0.66106
2024-01-30 09:00:00,0.66103,0.66157,0.66067,0.66137
2024-01-30 10:00:00,0.66139,0.66153,0.65987,0.66019
2024-01-30 11:00:00,0.66019,0.6605,0.65959,0.6605
2024-01-30 12:00:00,0.6605,0.66054,0.65988,0.65998
2024-01-30 13:00:00,0.65999,0.66011,0.65942,0.65944
2024-01-30 14:00:00,0.65944,0.65967,0.65904,0.6591
2024-01-30 15:00:00,0.6591,0.65922,0.65845,0.65873
2024-01-30 16:00:00,0.65873,0.66031,0.65869,0.65994
2024-01-30 17:00:00,0.65994,0.66022,0.65748,0.65797
2024-01-30 18:00:00,0.65796,0.65954,0.65767,0.6594
2024-01-30 19:00:00,0.6594,0.65985,0.65901,0.65921
2024-01-30 20:00:00,0.6592,0.65971,0.65902,0.65969
2024-01-30 21:00:00,0.65969,0.66057,0.65963,0.66047
2024-01-30 22:00:00,0.66047,0.66058,0.65986,0.66012
2024-01-30 23:00:00,0.66004,0.66031,0.65985,0.66018
2024-01-31 00:00:00,0.6602,0.6603,0.65932,0.66009
2024-01-31 01:00:00,0.66013,0.6602,0.65938,0.65946
2024-01-31 02:00:00,0.65946,0.65993,0.65817,0.65854
2024-01-31 03:00:00,0.65853,0.65862,0.65708,0.65733
2024-01-31 04:00:00,0.65733,0.65733,0.65589,0.65687
2024-01-31 05:00:00,0.65687,0.65731,0.6566,0.6569
2024-01-31 06:00:00,0.65688,0.65747,0.65679,0.65726
2024-01-31 07:00:00,0.65726,0.65731,0.65637,0.65661
2024-01-31 08:00:00,0.65661,0.65667,0.65615,0.6563
2024-01-31 09:00:00,0.65626,0.65738,0.65606,0.65732
2024-01-31 10:00:00,0.65731,0.65906,0.65731,0.65887
2024-01-31 11:00:00,0.65885,0.65898,0.65822,0.65828
2024-01-31 12:00:00,0.65828,0.65833,0.65743,0.65749
2024-01-31 13:00:00,0.65749,0.65826,0.65745,0.65793
2024-01-31 14:00:00,0.65793,0.65843,0.65774,0.65811
2024-01-31 15:00:00,0.65812,0.65987,0.65774,0.65961
2024-01-31 16:00:00,0.65961,0.66215,0.65929,0.66158
2024-01-31 17:00:00,0.66157,0.66224,0.66051,0.66115
2024-01-31 18:00:00,0.66115,0.66123,0.65949,0.65988
2024-01-31 19:00:00,0.65987,0.66005,0.65933,0.65951
2024-01-31 20:00:00,0.65951,0.65985,0.65914,0.65966
2024-01-31 21:00:00,0.65965,0.66184,0.65735,0.65958
2024-01-31 22:00:00,0.65961,0.65969,0.65513,0.65606
2024-01-31 23:00:00,0.65598,0.65675,0.65586,0.65675
2024-02-01 00:00:00,0.65654,0.65676,0.65614,0.65639
2024-02-01 01:00:00,0.65643,0.65694,0.65608,0.65626
2024-02-01 02:00:00,0.65626,0.6578,0.6562,0.65719
2024-02-01 03:00:00,0.65719,0.65738,0.65593,0.65636
2024-02-01 04:00:00,0.65635,0.65787,0.65631,0.65709
2024-02-01 05:00:00,0.65709,0.6576,0.65657,0.65661
2024-02-01 06:00:00,0.65662,0.65672,0.65489,0.65529
2024-02-01 07:00:00,0.65529,0.65529,0.65368,0.65377
2024-02-01 08:00:00,0.65377,0.65433,0.65319,0.65332
2024-02-01 09:00:00,0.65332,0.65366,0.65206,0.65329
2024-02-01 10:00:00,0.65328,0.65337,0.65186,0.65251
2024-02-01 11:00:00,0.6525,0.65308,0.65192,0.65273
2024-02-01 12:00:00,0.65273,0.65294,0.65104,0.65113
2024-02-01 13:00:00,0.6511,0.65194,0.6508,0.65184
2024-02-01 14:00:00,0.65184,0.65229,0.65133,0.65197
2024-02-01 15:00:00,0.65196,0.65306,0.65123,0.65191
2024-02-01 16:00:00,0.65191,0.65358,0.65177,0.6534
2024-02-01 17:00:00,0.65341,0.65461,0.65169,0.6544
2024-02-01 18:00:00,0.65441,0.65685,0.6544,0.65649
2024-02-01 19:00:00,0.65648,0.65718,0.6562,0.65673
2024-02-01 20:00:00,0.65673,0.65726,0.65609,0.65708
2024-02-01 21:00:00,0.65708,0.65746,0.6568,0.65721
2024-02-01 22:00:00,0.65721,0.65746,0.6569,0.65731
2024-02-01 23:00:00,0.65723,0.65742,0.65701,0.65717
2024-02-02 00:00:00,0.65705,0.65739,0.6566,0.65695
2024-02-02 01:00:00,0.65701,0.65766,0.65701,0.65742
2024-02-02 02:00:00,0.65738,0.65868,0.65738,0.65786
2024-02-02 03:00:00,0.65787,0.65889,0.65768,0.65887
2024-02-02 04:00:00,0.65888,0.65985,0.65883,0.6598
2024-02-02 05:00:00,0.65981,0.65992,0.65898,0.65944
2024-02-02 06:00:00,0.65943,0.65973,0.65918,0.6596
2024-02-02 07:00:00,0.6596,0.65973,0.65926,0.65934
2024-02-02 08:00:00,0.65934,0.66002,0.65865,0.6596
2024-02-02 09:00:00,0.65959,0.65968,0.659,0.65901
2024-02-02 10:00:00,0.65901,0.65964,0.6589,0.65925
2024-02-02 11:00:00,0.65924,0.66038,0.65916,0.66023
2024-02-02 12:00:00,0.66022,0.66084,0.6601,0.66043
2024-02-02 13:00:00,0.66044,0.66068,0.66017,0.66055
2024-02-02 14:00:00,0.66056,0.66082,0.66029,0.66068
2024-02-02 15:00:00,0.66068,0.66101,0.65406,0.65426
2024-02-02 16:00:00,0.65426,0.65438,0.6522,0.65305
2024-02-02 17:00:00,0.65305,0.65314,0.65067,0.65188
2024-02-02 18:00:00,0.6519,0.65194,0.65071,0.65091
2024-02-02 19:00:00,0.65092,0.65139,0.65021,0.65074
2024-02-02 20:00:00,0.65074,0.65152,0.65063,0.65123
2024-02-02 21:00:00,0.65124,0.65194,0.65113,0.65166
2024-02-02 22:00:00,0.65166,0.65187,0.65132,0.65154
2024-02-02 23:00:00,0.65146,0.65153,0.651,0.65102
2024-02-05 00:00:00,0.65103,0.65157,0.65056,0.6508
2024-02-05 01:00:00,0.65085,0.65085,0.64876,0.65043
2024-02-05 02:00:00,0.65043,0.65072,0.64858,0.64925
2024-02-05 03:00:00,0.64926,0.65078,0.64882,0.65068
2024-02-05 04:00:00,0.65067,0.65094,0.64973,0.65018
2024-02-05 05:00:00,0.65017,0.65069,0.64973,0.65054
2024-02-05 06:00:00,0.65052,0.65087,0.65029,0.65072
2024-02-05 07:00:00,0.65071,0.65161,0.65004,0.65154
2024-02-05 08:00:00,0.65153,0.65181,0.65121,0.65145
2024-02-05 09:00:00,0.65145,0.652,0.65116,0.65131
2024-02-05 10:00:00,0.65131,0.65153,0.6503,0.65061
2024-02-05 11:00:00,0.65061,0.65119,0.64968,0.64997
2024-02-05 12:00:00,0.64997,0.65032,0.64962,0.64989
2024-02-05 13:00:00,0.64989,0.65063,0.64979,0.65019
2024-02-05 14:00:00,0.65018,0.65019,0.64898,0.64899
2024-02-05 15:00:00,0.64899,0.64922,0.64853,0.6488
2024-02-05 16:00:00,0.64881,0.64928,0.64843,0.64899
2024-02-05 17:00:00,0.64897,0.64897,0.64686,0.64722
2024-02-05 18:00:00,0.64722,0.64785,0.64709,0.64767
2024-02-05 19:00:00,0.64768,0.64889,0.64764,0.64858
2024-02-05 20:00:00,0.64858,0.64904,0.64847,0.64866
2024-02-05 21:00:00,0.64868,0.64871,0.64814,0.64815
2024-02-05 22:00:00,0.64815,0.64841,0.64773,0.64829
2024-02-05 23:00:00,0.64821,0.64828,0.64805,0.64825
2024-02-06 00:00:00,0.6481,0.64834,0.64777,0.64825
2024-02-06 01:00:00,0.6483,0.64841,0.64778,0.64799
2024-02-06 02:00:00,0.64799,0.64865,0.64795,0.64833
2024-02-06 03:00:00,0.64834,0.64955,0.64812,0.64948
2024-02-06 04:00:00,0.64948,0.64978,0.64911,0.64912
2024-02-06 05:00:00,0.64913,0.65082,0.64876,0.65
2024-02-06 06:00:00,0.65,0.65172,0.64976,0.65135
2024-02-06 07:00:00,0.65135,0.65209,0.65042,0.65099
2024-02-06 08:00:00,0.651,0.65137,0.65029,0.65121
2024-02-06 09:00:00,0.65121,0.65179,0.65077,0.65078
2024-02-06 10:00:00,0.65077,0.65089,0.64959,0.64973
2024-02-06 11:00:00,0.64973,0.65036,0.64935,0.64943
2024-02-06 12:00:00,0.64943,0.64972,0.64914,0.64925
2024-02-06 13:00:00,0.64926,0.64973,0.6487,0.64957
2024-02-06 14:00:00,0.64957,0.65007,0.64878,0.65006
2024-02-06 15:00:00,0.65007,0.65058,0.64901,0.64918
2024-02-06 16:00:00,0.64917,0.65048,0.64904,0.65018
2024-02-06 17:00:00,0.65017,0.65141,0.64942,0.65126
2024-02-06 18:00:00,0.65125,0.65184,0.65072,0.65158
2024-02-06 19:00:00,0.65158,0.65246,0.65136,0.65216
2024-02-06 20:00:00,0.65216,0.65248,0.6514,0.65223
2024-02-06 21:00:00,0.65226,0.65232,0.65143,0.65178
2024-02-06 22:00:00,0.65178,0.65242,0.65178,0.65238
2024-02-06 23:00:00,0.65237,0.65237,0.652,0.65225
2024-02-07 00:00:00,0.65225,0.65239,0.65186,0.65231
2024-02-07 01:00:00,0.65236,0.65288,0.65236,0.65276
2024-02-07 02:00:00,0.65276,0.65323,0.65252,0.65283
2024-02-07 03:00:00,0.65282,0.654,0.65282,0.65387
2024-02-07 04:00:00,0.65387,0.65391,0.65327,0.65347
2024-02-07 05:00:00,0.65347,0.65387,0.65289,0.6529
2024-02-07 06:00:00,0.6529,0.65323,0.65269,0.6528
2024-02-07 07:00:00,0.6528,0.65314,0.65246,0.65294
2024-02-07 08:00:00,0.65294,0.65301,0.65247,0.65284
2024-02-07 09:00:00,0.65286,0.65373,0.65266,0.65292
2024-02-07 10:00:00,0.65292,0.65317,0.65205,0.65241
2024-02-07 11:00:00,0.65241,0.65312,0.65225,0.6529
2024-02-07 12:00:00,0.65292,0.65299,0.65169,0.65194
2024-02-07 13:00:00,0.65194,0.6533,0.65188,0.65269
2024-02-07 14:00:00,0.65269,0.65284,0.65197,0.65269
2024-02-07 15:00:00,0.65269,0.65341,0.65224,0.65254
2024-02-07 16:00:00,0.65253,0.65329,0.65209,0.65289
2024-02-07 17:00:00,0.65289,0.65336,0.65216,0.65287
2024-02-07 18:00:00,0.65288,0.65296,0.65192,0.65221
2024-02-07 19:00:00,0.65222,0.65222,0.65169,0.65192
2024-02-07 20:00:00,0.65192,0.65261,0.65158,0.65186
2024-02-07 21:00:00,0.65187,0.6521,0.65155,0.65183
2024-02-07 22:00:00,0.65182,0.65196,0.65169,0.6519
2024-02-07 23:00:00,0.65183,0.65212,0.65173,0.65195
2024-02-08 00:00:00,0.65196,0.65223,0.65114,0.6519
2024-02-08 01:00:00,0.65196,0.65273,0.65191,0.65202
2024-02-08 02:00:00,0.65201,0.65277,0.65197,0.65248
2024-02-08 03:00:00,0.65248,0.65298,0.65217,0.65267
2024-02-08 04:00:00,0.65267,0.65317,0.65262,0.65281
2024-02-08 05:00:00,0.65281,0.65295,0.65239,0.65246
2024-02-08 06:00:00,0.65246,0.65283,0.65219,0.65222
2024-02-08 07:00:00,0.65221,0.65233,0.65169,0.65207
2024-02-08 08:00:00,0.65208,0.65246,0.65148,0.65222
2024-02-08 09:00:00,0.65221,0.65251,0.65172,0.65214
2024-02-08 10:00:00,0.65214,0.65218,0.65055,0.651
2024-02-08 11:00:00,0.65101,0.65137,0.65055,0.65097
2024-02-08 12:00:00,0.65097,0.65121,0.65042,0.65049
2024-02-08 13:00:00,0.65048,0.65056,0.64935,0.64969
2024-02-08 14:00:00,0.64969,0.64992,0.64887,0.64928
2024-02-08 15:00:00,0.64928,0.64968,0.64816,0.64842
2024-02-08 16:00:00,0.6484,0.64913,0.64813,0.64865
2024-02-08 17:00:00,0.64866,0.64888,0.64803,0.64862
2024-02-08 18:00:00,0.64863,0.64889,0.64816,0.64888
2024-02-08 19:00:00,0.64888,0.64909,0.64873,0.64893
2024-02-08 20:00:00,0.64893,0.64976,0.64877,0.64899
2024-02-08 21:00:00,0.64899,0.6492,0.6486,0.64884
2024-02-08 22:00:00,0.64883,0.6494,0.64883,0.6492
2024-02-08 23:00:00,0.64913,0.64923,0.64898,0.6491
2024-02-09 00:00:00,0.64909,0.64939,0.64876,0.64933
2024-02-09 01:00:00,0.64939,0.64986,0.6491,0.64985
2024-02-09 02:00:00,0.64986,0.64994,0.64871,0.64872
2024-02-09 03:00:00,0.64871,0.6496,0.64871,0.64926
2024-02-09 04:00:00,0.64926,0.64986,0.64909,0.64963
2024-02-09 05:00:00,0.64963,0.64964,0.64898,0.64924
2024-02-09 06:00:00,0.64929,0.64941,0.64903,0.6491
2024-02-09 07:00:00,0.6491,0.6495,0.64908,0.64925
2024-02-09 08:00:00,0.64925,0.65002,0.64917,0.64996
2024-02-09 09:00:00,0.64996,0.65077,0.64995,0.65051
2024-02-09 10:00:00,0.65051,0.65066,0.64991,0.65051
2024-02-09 11:00:00,0.65051,0.65126,0.65041,0.65073
2024-02-09 12:00:00,0.65072,0.65087,0.65044,0.65076
2024-02-09 13:00:00,0.65076,0.65114,0.65069,0.65109
2024-02-09 14:00:00,0.65109,0.65135,0.65084,0.65091
2024-02-09 15:00:00,0.65091,0.65342,0.65077,0.65221
2024-02-09 16:00:00,0.65221,0.65305,0.65134,0.65219
2024-02-09 17:00:00,0.65218,0.65251,0.65138,0.652
2024-02-09 18:00:00,0.652,0.65229,0.65133,0.6515
2024-02-09 19:00:00,0.6515,0.65191,0.65129,0.65182
2024-02-09 20:00:00,0.65182,0.65234,0.65181,0.65223
2024-02-09 21:00:00,0.65223,0.65245,0.652,0.65203
2024-02-09 22:00:00,0.65203,0.65253,0.6519,0.6525
2024-02-09 23:00:00,0.65239,0.65264,0.65202,0.65214
2024-02-12 00:00:00,0.65165,0.65226,0.65044,0.65174
2024-02-12 01:00:00,0.65176,0.65258,0.65171,0.65243
2024-02-12 02:00:00,0.65241,0.65297,0.65236,0.65277
2024-02-12 03:00:00,0.65277,0.65278,0.65231,0.65248
2024-02-12 04:00:00,0.65247,0.65262,0.65217,0.65226
2024-02-12 05:00:00,0.65225,0.65241,0.65148,0.6519
2024-02-12 06:00:00,0.6519,0.65223,0.65155,0.65165
2024-02-12 07:00:00,0.65165,0.65209,0.6516,0.65185
2024-02-12 08:00:00,0.65184,0.65226,0.6517,0.65211
2024-02-12 09:00:00,0.65212,0.6531,0.65204,0.6526
2024-02-12 10:00:00,0.65259,0.65259,0.65136,0.6514
2024-02-12 11:00:00,0.6514,0.65177,0.65122,0.65161
2024-02-12 12:00:00,0.65161,0.65219,0.65147,0.65219
2024-02-12 13:00:00,0.65219,0.65248,0.65198,0.65226
2024-02-12 14:00:00,0.65227,0.65271,0.65199,0.65263
2024-02-12 15:00:00,0.65263,0.65285,0.65177,0.65193
2024-02-12 16:00:00,0.65193,0.65304,0.65189,0.6528
2024-02-12 17:00:00,0.65279,0.65305,0.65215,0.653
2024-02-12 18:00:00,0.653,0.65377,0.65286,0.65368
2024-02-12 19:00:00,0.65367,0.65425,0.65356,0.65422
2024-02-12 20:00:00,0.65422,0.65428,0.65372,0.65382
2024-02-12 21:00:00,0.6538,0.65385,0.65251,0.65275
2024-02-12 22:00:00,0.65275,0.65311,0.65274,0.65309
2024-02-12 23:00:00,0.65298,0.65318,0.65279,0.6529
2024-02-13 00:00:00,0.65304,0.65304,0.65191,0.65268
2024-02-13 01:00:00,0.6527,0.65303,0.65269,0.65284
2024-02-13 02:00:00,0.65284,0.65306,0.65231,0.65267
2024-02-13 03:00:00,0.65268,0.65295,0.65242,0.6527
2024-02-13 04:00:00,0.65271,0.65274,0.65185,0.65218
2024-02-13 05:00:00,0.65217,0.65232,0.65165,0.65181
2024-02-13 06:00:00,0.65181,0.65193,0.65133,0.65144
2024-02-13 07:00:00,0.65143,0.65193,0.65143,0.6516
2024-02-13 08:00:00,0.65159,0.65212,0.65155,0.65203
2024-02-13 09:00:00,0.65203,0.65234,0.65163,0.65197
2024-02-13 10:00:00,0.65197,0.65221,0.65122,0.65149
2024-02-13 11:00:00,0.65149,0.6517,0.65093,0.65163
2024-02-13 12:00:00,0.65163,0.65211,0.65163,0.65195
2024-02-13 13:00:00,0.65195,0.65251,0.65184,0.65208
2024-02-13 14:00:00,0.65207,0.65301,0.65191,0.65282
2024-02-13 15:00:00,0.65282,0.65383,0.64639,0.64672
2024-02-13 16:00:00,0.64672,0.64758,0.64568,0.64578
2024-02-13 17:00:00,0.6458,0.64658,0.64528,0.646
2024-02-13 18:00:00,0.64599,0.64645,0.64563,0.64589
2024-02-13 19:00:00,0.64589,0.64606,0.64531,0.64557
2024-02-13 20:00:00,0.64557,0.64572,0.64496,0.64509
2024-02-13 21:00:00,0.6451,0.6451,0.64425,0.64437
2024-02-13 22:00:00,0.64436,0.64529,0.64432,0.64518
2024-02-13 23:00:00,0.64507,0.64541,0.64498,0.64533
2024-02-14 00:00:00,0.64509,0.64561,0.64475,0.64548
2024-02-14 01:00:00,0.64561,0.64561,0.64505,0.6453
2024-02-14 02:00:00,0.64529,0.6456,0.64485,0.64515
2024-02-14 03:00:00,0.64515,0.64558,0.6446,0.64557
2024-02-14 04:00:00,0.64557,0.64584,0.64525,0.64555
2024-02-14 05:00:00,0.64555,0.64631,0.64544,0.64603
2024-02-14 06:00:00,0.64603,0.64634,0.64595,0.64626
2024-02-14 07:00:00,0.64625,0.64671,0.6462,0.64667
2024-02-14 08:00:00,0.64667,0.6475,0.64664,0.6472
2024-02-14 09:00:00,0.6472,0.64806,0.64673,0.64759
2024-02-14 10:00:00,0.64759,0.64766,0.64678,0.64742
2024-02-14 11:00:00,0.64743,0.64784,0.64712,0.64765
2024-02-14 12:00:00,0.64764,0.64788,0.64718,0.64775
2024-02-14 13:00:00,0.64776,0.64799,0.64732,0.64767
2024-02-14 14:00:00,0.64768,0.64799,0.64756,0.64792
2024-02-14 15:00:00,0.64793,0.64878,0.64731,0.64737
2024-02-14 16:00:00,0.64737,0.64851,0.64722,0.64773
2024-02-14 17:00:00,0.64773,0.64865,0.64743,0.64859
2024-02-14 18:00:00,0.64859,0.64889,0.64834,0.6488
2024-02-14 19:00:00,0.6488,0.64915,0.64832,0.64907
2024-02-14 20:00:00,0.64907,0.64953,0.64881,0.64902
2024-02-14 21:00:00,0.64902,0.6493,0.64871,0.64902
2024-02-14 22:00:00,0.64902,0.64921,0.64891,0.64912
2024-02-14 23:00:00,0.64901,0.6492,0.64858,0.64875
2024-02-15 00:00:00,0.64882,0.6492,0.64816,0.64903
2024-02-15 01:00:00,0.64905,0.64991,0.64905,0.64985
2024-02-15 02:00:00,0.64986,0.6501,0.64809,0.6486
2024-02-15 03:00:00,0.64859,0.64884,0.64772,0.64818
2024-02-15 04:00:00,0.64818,0.64891,0.64773,0.64867
2024-02-15 05:00:00,0.64868,0.64881,0.64836,0.64845
2024-02-15 06:00:00,0.64844,0.64868,0.64827,0.6484
2024-02-15 07:00:00,0.6484,0.64905,0.64838,0.64874
2024-02-15 08:00:00,0.64875,0.64946,0.64859,0.64935
2024-02-15 09:00:00,0.64935,0.64997,0.64884,0.64932
2024-02-15 10:00:00,0.64932,0.65006,0.64927,0.64957
2024-02-15 11:00:00,0.64956,0.64982,0.64922,0.64954
2024-02-15 12:00:00,0.64954,0.64997,0.64948,0.64984
2024-02-15 13:00:00,0.64985,0.65043,0.64972,0.65
2024-02-15 14:00:00,0.64999,0.65057,0.64983,0.65027
2024-02-15 15:00:00,0.65027,0.65278,0.65006,0.65187
2024-02-15 16:00:00,0.65187,0.65241,0.65084,0.65196
2024-02-15 17:00:00,0.65197,0.65293,0.65138,0.65166
2024-02-15 18:00:00,0.65164,0.6517,0.65043,0.65064
2024-02-15 19:00:00,0.65063,0.65108,0.65063,0.65098
2024-02-15 20:00:00,0.65098,0.6518,0.65086,0.65166
2024-02-15 21:00:00,0.65167,0.65237,0.65162,0.65224
2024-02-15 22:00:00,0.65224,0.6523,0.65191,0.65227
2024-02-15 23:00:00,0.65216,0.65252,0.65207,0.65242
2024-02-16 00:00:00,0.6524,0.65258,0.65179,0.65234
2024-02-16 01:00:00,0.65237,0.65283,0.65237,0.6525
2024-02-16 02:00:00,0.6525,0.65256,0.65109,0.65119
2024-02-16 03:00:00,0.65118,0.65152,0.65068,0.65138
2024-02-16 04:00:00,0.65138,0.65172,0.65093,0.65133
2024-02-16 05:00:00,0.65134,0.65155,0.65111,0.65137
2024-02-16 06:00:00,0.65137,0.65175,0.65106,0.65166
2024-02-16 07:00:00,0.65165,0.65197,0.65161,0.65181
2024-02-16 08:00:00,0.6518,0.65224,0.65177,0.6522
2024-02-16 09:00:00,0.6522,0.6529,0.65196,0.65231
2024-02-16 10:00:00,0.65232,0.65234,0.65167,0.652
2024-02-16 11:00:00,0.652,0.65251,0.65191,0.65231
2024-02-16 12:00:00,0.65231,0.65261,0.65215,0.65242
2024-02-16 13:00:00,0.65242,0.65262,0.65229,0.65254
2024-02-16 14:00:00,0.65253,0.65296,0.65199,0.65201
2024-02-16 15:00:00,0.65203,0.65226,0.64963,0.65063
2024-02-16 16:00:00,0.65063,0.65102,0.64977,0.65061
2024-02-16 17:00:00,0.65066,0.65295,0.65044,0.6526
2024-02-16 18:00:00,0.65261,0.65349,0.65254,0.653
2024-02-16 19:00:00,0.65299,0.65395,0.65272,0.65393
2024-02-16 20:00:00,0.65392,0.65434,0.65339,0.65416
2024-02-16 21:00:00,0.65416,0.65445,0.65329,0.65331
2024-02-16 22:00:00,0.6533,0.65351,0.65305,0.65313
2024-02-16 23:00:00,0.65315,0.6534,0.65272,0.65278
2024-02-19 00:00:00,0.65244,0.65312,0.65244,0.65282
2024-02-19 01:00:00,0.65291,0.65376,0.65291,0.65366
2024-02-19 02:00:00,0.65364,0.65489,0.65364,0.65447
2024-02-19 03:00:00,0.6545,0.65516,0.65382,0.65399
2024-02-19 04:00:00,0.65399,0.65404,0.65358,0.65367
2024-02-19 05:00:00,0.65367,0.65413,0.65362,0.65371
2024-02-19 06:00:00,0.65371,0.65418,0.65356,0.65418
2024-02-19 07:00:00,0.65418,0.65442,0.65414,0.65425
2024-02-19 08:00:00,0.65425,0.65473,0.65393,0.65453
2024-02-19 09:00:00,0.65453,0.65463,0.65406,0.65426
2024-02-19 10:00:00,0.65427,0.6545,0.65397,0.65411
2024-02-19 11:00:00,0.65411,0.65433,0.6539,0.65399
2024-02-19 12:00:00,0.654,0.65408,0.65361,0.65376
2024-02-19 13:00:00,0.65375,0.65398,0.65362,0.65364
2024-02-19 14:00:00,0.65363,0.65391,0.65358,0.65368
2024-02-19 15:00:00,0.65368,0.65402,0.6536,0.65381
2024-02-19 16:00:00,0.65382,0.65401,0.65351,0.65367
2024-02-19 17:00:00,0.65367,0.65402,0.65341,0.6536
2024-02-19 18:00:00,0.6536,0.65363,0.65331,0.65347
2024-02-19 19:00:00,0.65348,0.65377,0.65346,0.65368
2024-02-19 20:00:00,0.65368,0.65391,0.65368,0.65377
2024-02-19 21:00:00,0.65377,0.65391,0.65374,0.65383
2024-02-19 22:00:00,0.65383,0.65402,0.65381,0.65388
2024-02-19 23:00:00,0.65386,0.65408,0.65372,0.65392
2024-02-20 00:00:00,0.65394,0.65397,0.65301,0.65359
2024-02-20 01:00:00,0.65372,0.65387,0.65284,0.65302
2024-02-20 02:00:00,0.65303,0.65326,0.65258,0.65297
2024-02-20 03:00:00,0.65297,0.65361,0.65244,0.65285
2024-02-20 04:00:00,0.65286,0.65294,0.6521,0.65233
2024-02-20 05:00:00,0.65233,0.6528,0.6523,0.65265
2024-02-20 06:00:00,0.65266,0.65326,0.65263,0.653
2024-02-20 07:00:00,0.653,0.65304,0.65261,0.65297
2024-02-20 08:00:00,0.65297,0.65341,0.65274,0.6531
2024-02-20 09:00:00,0.6531,0.65369,0.6531,0.65339
2024-02-20 10:00:00,0.65339,0.65439,0.65311,0.65433
2024-02-20 11:00:00,0.65433,0.65543,0.65426,0.65537
2024-02-20 12:00:00,0.65533,0.65609,0.65486,0.65588
2024-02-20 13:00:00,0.65587,0.65596,0.65524,0.6556
2024-02-20 14:00:00,0.65562,0.65662,0.65562,0.65619
2024-02-20 15:00:00,0.65619,0.65746,0.65604,0.65726
2024-02-20 16:00:00,0.65726,0.65789,0.65654,0.65677
2024-02-20 17:00:00,0.65678,0.6572,0.65542,0.65681
2024-02-20 18:00:00,0.65682,0.65691,0.6557,0.65585
2024-02-20 19:00:00,0.65585,0.65585,0.65489,0.6555
2024-02-20 20:00:00,0.6555,0.65554,0.65487,0.6553
2024-02-20 21:00:00,0.65531,0.65538,0.65489,0.65501
2024-02-20 22:00:00,0.655,0.6555,0.6548,0.65539
2024-02-20 23:00:00,0.65528,0.65528,0.65464,0.65483
2024-02-21 00:00:00,0.65476,0.65508,0.65437,0.65463
2024-02-21 01:00:00,0.65472,0.65533,0.65469,0.65528
2024-02-21 02:00:00,0.65529,0.65565,0.65498,0.6554
2024-02-21 03:00:00,0.6554,0.65562,0.65474,0.65557
2024-02-21 04:00:00,0.65557,0.65653,0.65555,0.65632
2024-02-21 05:00:00,0.65631,0.65717,0.6563,0.65695
2024-02-21 06:00:00,0.65696,0.65698,0.65653,0.65673
2024-02-21 07:00:00,0.65672,0.65728,0.65642,0.65688
2024-02-21 08:00:00,0.65688,0.65693,0.65567,0.65613
2024-02-21 09:00:00,0.65613,0.65685,0.65596,0.65629
2024-02-21 10:00:00,0.65629,0.65664,0.65549,0.65556
2024-02-21 11:00:00,0.65555,0.65593,0.65522,0.65537
2024-02-21 12:00:00,0.65537,0.65592,0.6553,0.6558
2024-02-21 13:00:00,0.6558,0.65583,0.65495,0.65522
2024-02-21 14:00:00,0.65521,0.65566,0.65488,0.65516
2024-02-21 15:00:00,0.65519,0.65596,0.65503,0.65532
2024-02-21 16:00:00,0.65531,0.65575,0.65487,0.65511
2024-02-21 17:00:00,0.65511,0.6556,0.65428,0.6543
2024-02-21 18:00:00,0.65431,0.6547,0.65398,0.65447
2024-02-21 19:00:00,0.65446,0.65449,0.65375,0.65407
2024-02-21 20:00:00,0.65407,0.65425,0.65329,0.6542
2024-02-21 21:00:00,0.65419,0.65521,0.65355,0.6546
2024-02-21 22:00:00,0.65461,0.65499,0.65409,0.65484
2024-02-21 23:00:00,0.65473,0.65521,0.65425,0.65506
2024-02-22 00:00:00,0.65499,0.65506,0.65461,0.65493
2024-02-22 01:00:00,0.65502,0.65543,0.65495,0.65536
2024-02-22 02:00:00,0.65536,0.65604,0.65506,0.6559
2024-02-22 03:00:00,0.6559,0.65606,0.65507,0.65514
2024-02-22 04:00:00,0.65514,0.65533,0.6542,0.65528
2024-02-22 05:00:00,0.65528,0.65535,0.65481,0.65491
2024-02-22 06:00:00,0.6549,0.65584,0.65474,0.65578
2024-02-22 07:00:00,0.65578,0.65634,0.65561,0.65604
2024-02-22 08:00:00,0.65605,0.65744,0.65596,0.65734
2024-02-22 09:00:00,0.65734,0.65906,0.65723,0.6589
2024-02-22 10:00:00,0.6589,0.65948,0.65852,0.65886
2024-02-22 11:00:00,0.65886,0.65886,0.65784,0.65826
2024-02-22 12:00:00,0.65825,0.65874,0.6579,0.65844
2024-02-22 13:00:00,0.65844,0.65847,0.65778,0.65802
2024-02-22 14:00:00,0.65803,0.65809,0.65675,0.65686
2024-02-22 15:00:00,0.65685,0.65696,0.65511,0.65527
2024-02-22 16:00:00,0.65527,0.65613,0.65459,0.65581
2024-02-22 17:00:00,0.65582,0.65584,0.65421,0.65451
2024-02-22 18:00:00,0.65452,0.65473,0.65401,0.65446
2024-02-22 19:00:00,0.65446,0.65523,0.65418,0.65509
2024-02-22 20:00:00,0.65509,0.6555,0.65467,0.65538
2024-02-22 21:00:00,0.65538,0.65557,0.65513,0.65546
2024-02-22 22:00:00,0.65545,0.65572,0.65518,0.65554
2024-02-22 23:00:00,0.65543,0.65578,0.65539,0.65567
2024-02-23 00:00:00,0.65566,0.65579,0.65489,0.65573
2024-02-23 01:00:00,0.65575,0.65619,0.65575,0.65583
2024-02-23 02:00:00,0.65584,0.6564,0.65494,0.65569
2024-02-23 03:00:00,0.65568,0.65737,0.65566,0.65705
2024-02-23 04:00:00,0.65706,0.65735,0.65645,0.65683
2024-02-23 05:00:00,0.65683,0.65702,0.65668,0.6569
2024-02-23 06:00:00,0.65689,0.6574,0.65683,0.65717
2024-02-23 07:00:00,0.65716,0.6572,0.65651,0.65673
2024-02-23 08:00:00,0.65673,0.65751,0.65673,0.65732
2024-02-23 09:00:00,0.65731,0.65759,0.65686,0.65747
2024-02-23 10:00:00,0.65747,0.65796,0.65613,0.65623
2024-02-23 11:00:00,0.65624,0.65624,0.6551,0.65534
2024-02-23 12:00:00,0.65533,0.65619,0.65531,0.65608
2024-02-23 13:00:00,0.65607,0.65675,0.65583,0.65662
2024-02-23 14:00:00,0.65662,0.65796,0.65659,0.6578
2024-02-23 15:00:00,0.65781,0.65803,0.65715,0.65738
2024-02-23 16:00:00,0.65738,0.65751,0.65682,0.65699
2024-02-23 17:00:00,0.65698,0.65698,0.65568,0.65597
2024-02-23 18:00:00,0.65597,0.65652,0.6554,0.6564
2024-02-23 19:00:00,0.65642,0.6568,0.65621,0.65638
2024-02-23 20:00:00,0.65637,0.65681,0.65627,0.65669
2024-02-23 21:00:00,0.65669,0.65669,0.65618,0.65648
2024-02-23 22:00:00,0.65649,0.65651,0.65584,0.65623
2024-02-23 23:00:00,0.65612,0.65649,0.65603,0.65629
2024-02-26 00:00:00,0.6565,0.6565,0.655,0.65631
2024-02-26 01:00:00,0.65633,0.65666,0.65591,0.65632
2024-02-26 02:00:00,0.65631,0.65651,0.65525,0.65532
2024-02-26 03:00:00,0.65531,0.65604,0.65489,0.6555
2024-02-26 04:00:00,0.65551,0.65585,0.65501,0.65569
2024-02-26 05:00:00,0.65569,0.65569,0.65505,0.65515
2024-02-26 06:00:00,0.65515,0.65574,0.65506,0.6556
2024-02-26 07:00:00,0.6556,0.65583,0.65543,0.65553
2024-02-26 08:00:00,0.65553,0.65566,0.65519,0.65533
2024-02-26 09:00:00,0.65533,0.65585,0.65501,0.65517
2024-02-26 10:00:00,0.65516,0.65537,0.6545,0.65464
2024-02-26 11:00:00,0.65465,0.65468,0.65414,0.65464
2024-02-26 12:00:00,0.65466,0.65529,0.65458,0.65489
2024-02-26 13:00:00,0.65489,0.65543,0.65465,0.65505
2024-02-26 14:00:00,0.65504,0.65556,0.65491,0.65498
2024-02-26 15:00:00,0.65498,0.65584,0.65482,0.65554
2024-02-26 16:00:00,0.65554,0.65563,0.65363,0.6539
2024-02-26 17:00:00,0.6539,0.65406,0.6533,0.65389
2024-02-26 18:00:00,0.65389,0.65393,0.65331,0.65381
2024-02-26 19:00:00,0.65381,0.65384,0.65332,0.65351
2024-02-26 20:00:00,0.65351,0.65362,0.65306,0.65325
2024-02-26 21:00:00,0.65325,0.65368,0.65325,0.65357
2024-02-26 22:00:00,0.65356,0.65423,0.65356,0.65404
2024-02-26 23:00:00,0.65393,0.65403,0.65369,0.65376
2024-02-27 00:00:00,0.65394,0.65404,0.65315,0.6536
2024-02-27 01:00:00,0.65362,0.65405,0.65338,0.65387
2024-02-27 02:00:00,0.65388,0.65391,0.65302,0.65315
2024-02-27 03:00:00,0.65315,0.65356,0.65307,0.6535
2024-02-27 04:00:00,0.6535,0.65378,0.65245,0.6528
2024-02-27 05:00:00,0.6528,0.65388,0.65263,0.65382
2024-02-27 06:00:00,0.65382,0.6544,0.65382,0.65433
2024-02-27 07:00:00,0.65433,0.65471,0.65407,0.6543
2024-02-27 08:00:00,0.6543,0.65505,0.65417,0.65492
2024-02-27 09:00:00,0.65493,0.65552,0.65486,0.65521
2024-02-27 10:00:00,0.65522,0.65577,0.65504,0.65511
2024-02-27 11:00:00,0.65511,0.65567,0.65505,0.65529
2024-02-27 12:00:00,0.65529,0.6553,0.65476,0.65514
2024-02-27 13:00:00,0.65513,0.6552,0.65441,0.65491
2024-02-27 14:00:00,0.65491,0.65571,0.65491,0.65528
2024-02-27 15:00:00,0.65528,0.65546,0.65458,0.65504
2024-02-27 16:00:00,0.65503,0.65509,0.65384,0.65451
2024-02-27 17:00:00,0.65445,0.65493,0.65311,0.65456
2024-02-27 18:00:00,0.65457,0.65517,0.65436,0.65456
2024-02-27 19:00:00,0.65455,0.65459,0.65386,0.65432
2024-02-27 20:00:00,0.65432,0.65509,0.65421,0.65465
2024-02-27 21:00:00,0.65464,0.65466,0.65395,0.65427
2024-02-27 22:00:00,0.65426,0.65448,0.65412,0.65422
2024-02-27 23:00:00,0.65411,0.65442,0.65408,0.65418
2024-02-28 00:00:00,0.6543,0.65442,0.65353,0.65437
2024-02-28 01:00:00,0.65439,0.65472,0.65429,0.65433
2024-02-28 02:00:00,0.65432,0.65493,0.65358,0.6547
2024-02-28 03:00:00,0.65474,0.65474,0.65309,0.65368
2024-02-28 04:00:00,0.65368,0.65378,0.65267,0.65286
2024-02-28 05:00:00,0.65286,0.65291,0.65198,0.65215
2024-02-28 06:00:00,0.65215,0.65227,0.65157,0.65178
2024-02-28 07:00:00,0.65177,0.6519,0.65117,0.65153
2024-02-28 08:00:00,0.65153,0.65171,0.65073,0.65081
2024-02-28 09:00:00,0.65081,0.65117,0.6506,0.65082
2024-02-28 10:00:00,0.65083,0.65088,0.64982,0.64993
2024-02-28 11:00:00,0.64993,0.65005,0.64904,0.64906
2024-02-28 12:00:00,0.64904,0.64974,0.64902,0.64974
2024-02-28 13:00:00,0.64972,0.65022,0.64929,0.65002
2024-02-28 14:00:00,0.65002,0.65028,0.64912,0.64915
2024-02-28 15:00:00,0.64913,0.65036,0.64909,0.6495
2024-02-28 16:00:00,0.6495,0.64991,0.64922,0.64926
2024-02-28 17:00:00,0.64926,0.6497,0.64913,0.64935
2024-02-28 18:00:00,0.64935,0.64966,0.64881,0.64951
2024-02-28 19:00:00,0.64951,0.64986,0.64923,0.64957
2024-02-28 20:00:00,0.64958,0.64996,0.64939,0.6495
2024-02-28 21:00:00,0.6495,0.64965,0.64903,0.64929
2024-02-28 22:00:00,0.64929,0.64976,0.64926,0.64958
2024-02-28 23:00:00,0.64947,0.64954,0.64921,0.64921
2024-02-29 00:00:00,0.64946,0.64967,0.64874,0.64945
2024-02-29 01:00:00,0.6495,0.64976,0.64917,0.6494
2024-02-29 02:00:00,0.64941,0.64965,0.64902,0.64959
2024-02-29 03:00:00,0.6496,0.65071,0.64955,0.65015
2024-02-29 04:00:00,0.65015,0.65132,0.65008,0.65123
2024-02-29 05:00:00,0.65124,0.65189,0.65117,0.65155
2024-02-29 06:00:00,0.65153,0.65214,0.65141,0.65179
2024-02-29 07:00:00,0.65179,0.65196,0.65115,0.65161
2024-02-29 08:00:00,0.65161,0.65192,0.65129,0.65151
2024-02-29 09:00:00,0.65151,0.65189,0.65068,0.65132
2024-02-29 10:00:00,0.65132,0.6514,0.65043,0.65097
2024-02-29 11:00:00,0.651,0.65108,0.64996,0.65028
2024-02-29 12:00:00,0.65028,0.65047,0.6494,0.64945
2024-02-29 13:00:00,0.64944,0.6499,0.64939,0.64984
2024-02-29 14:00:00,0.64983,0.64993,0.6487,0.64885
2024-02-29 15:00:00,0.64885,0.65155,0.64867,0.65112
2024-02-29 16:00:00,0.65109,0.65247,0.65076,0.6524
2024-02-29 17:00:00,0.65244,0.65309,0.65077,0.6511
2024-02-29 18:00:00,0.65111,0.65126,0.65009,0.65022
2024-02-29 19:00:00,0.65021,0.65031,0.64909,0.6494
2024-02-29 20:00:00,0.6494,0.65012,0.64921,0.64997
2024-02-29 21:00:00,0.64998,0.65009,0.64927,0.64937
2024-02-29 22:00:00,0.64937,0.65003,0.64936,0.64993
2024-02-29 23:00:00,0.64978,0.64983,0.64941,0.64947
2024-03-01 00:00:00,0.64963,0.64979,0.6489,0.64953
2024-03-01 01:00:00,0.64955,0.64998,0.64936,0.64998
2024-03-01 02:00:00,0.64998,0.6504,0.64969,0.65015
2024-03-01 03:00:00,0.65017,0.65073,0.64967,0.65061
2024-03-01 04:00:00,0.65061,0.65115,0.65045,0.65103
2024-03-01 05:00:00,0.65102,0.65137,0.65095,0.65132
2024-03-01 06:00:00,0.65133,0.65134,0.65065,0.65078
2024-03-01 07:00:00,0.65079,0.65098,0.65055,0.65088
2024-03-01 08:00:00,0.65089,0.6514,0.65072,0.65099
2024-03-01 09:00:00,0.65098,0.65138,0.6502,0.65022
2024-03-01 10:00:00,0.65022,0.65032,0.64899,0.64917
2024-03-01 11:00:00,0.64917,0.65032,0.64905,0.65007
2024-03-01 12:00:00,0.65007,0.65072,0.65,0.65048
2024-03-01 13:00:00,0.65048,0.65095,0.65016,0.65075
2024-03-01 14:00:00,0.65075,0.65087,0.64993,0.64997
2024-03-01 15:00:00,0.64998,0.65006,0.64926,0.64979
2024-03-01 16:00:00,0.64978,0.65044,0.64893,0.64922
2024-03-01 17:00:00,0.64923,0.65328,0.64923,0.65319
2024-03-01 18:00:00,0.6532,0.65336,0.6524,0.65278
2024-03-01 19:00:00,0.65277,0.65325,0.65266,0.653
2024-03-01 20:00:00,0.653,0.65324,0.65242,0.65303
2024-03-01 21:00:00,0.65302,0.65326,0.65299,0.65305
2024-03-01 22:00:00,0.65305,0.65305,0.65276,0.65298
2024-03-01 23:00:00,0.65287,0.65291,0.65225,0.65241
2024-03-04 00:00:00,0.65201,0.65269,0.65201,0.65225
2024-03-04 01:00:00,0.65228,0.65292,0.65228,0.6527
2024-03-04 02:00:00,0.6527,0.6535,0.65257,0.65304
2024-03-04 03:00:00,0.65306,0.65309,0.65198,0.65222
2024-03-04 04:00:00,0.65222,0.65285,0.65186,0.65268
2024-03-04 05:00:00,0.65268,0.65272,0.6522,0.65223
2024-03-04 06:00:00,0.65224,0.65229,0.65181,0.65194
2024-03-04 07:00:00,0.65193,0.65201,0.65157,0.65164
2024-03-04 08:00:00,0.65164,0.65263,0.65155,0.6525
2024-03-04 09:00:00,0.65249,0.65264,0.65177,0.65253
2024-03-04 10:00:00,0.65254,0.65274,0.65149,0.65157
2024-03-04 11:00:00,0.65158,0.65251,0.65152,0.6523
2024-03-04 12:00:00,0.6523,0.65238,0.65195,0.65223
2024-03-04 13:00:00,0.65223,0.6523,0.65193,0.65224
2024-03-04 14:00:00,0.65224,0.65244,0.65187,0.65188
2024-03-04 15:00:00,0.65189,0.65192,0.6509,0.65168
2024-03-04 16:00:00,0.65167,0.6521,0.65124,0.65209
2024-03-04 17:00:00,0.65209,0.65218,0.65128,0.65185
2024-03-04 18:00:00,0.65185,0.65231,0.65169,0.65197
2024-03-04 19:00:00,0.65197,0.65203,0.65138,0.65146
2024-03-04 20:00:00,0.65146,0.65156,0.65111,0.65118
2024-03-04 21:00:00,0.65118,0.65119,0.65077,0.65098
2024-03-04 22:00:00,0.65098,0.6512,0.65083,0.65088
2024-03-04 23:00:00,0.65078,0.6511,0.65061,0.65081
2024-03-05 00:00:00,0.65113,0.65117,0.64942,0.65084
2024-03-05 01:00:00,0.65086,0.65102,0.65036,0.65065
2024-03-05 02:00:00,0.65064,0.65105,0.65048,0.65078
2024-03-05 03:00:00,0.65078,0.6511,0.65035,0.65083
2024-03-05 04:00:00,0.65082,0.65091,0.64972,0.65003
2024-03-05 05:00:00,0.65002,0.65049,0.64988,0.65023
2024-03-05 06:00:00,0.65023,0.65036,0.65003,0.65011
2024-03-05 07:00:00,0.6501,0.65021,0.64894,0.64896
2024-03-05 08:00:00,0.64896,0.64924,0.64772,0.64808
2024-03-05 09:00:00,0.64809,0.64846,0.64786,0.64841
2024-03-05 10:00:00,0.6484,0.64864,0.64796,0.648
2024-03-05 11:00:00,0.648,0.64902,0.64787,0.64864
2024-03-05 12:00:00,0.64864,0.64964,0.64853,0.64938
2024-03-05 13:00:00,0.64937,0.64958,0.64908,0.64925
2024-03-05 14:00:00,0.64926,0.64926,0.64881,0.6489
2024-03-05 15:00:00,0.6489,0.64978,0.64879,0.64941
2024-03-05 16:00:00,0.64942,0.65024,0.64914,0.64941
2024-03-05 17:00:00,0.64944,0.65206,0.64944,0.65205
2024-03-05 18:00:00,0.65206,0.65207,0.65007,0.65057
2024-03-05 19:00:00,0.65056,0.65125,0.65044,0.65102
2024-03-05 20:00:00,0.65102,0.6513,0.65049,0.65068
2024-03-05 21:00:00,0.65067,0.65087,0.65025,0.65032
2024-03-05 22:00:00,0.65032,0.65061,0.64997,0.6505
2024-03-05 23:00:00,0.65039,0.6505,0.64958,0.64989
2024-03-06 00:00:00,0.64958,0.65047,0.64935,0.65007
2024-03-06 01:00:00,0.65009,0.65069,0.65009,0.65034
2024-03-06 02:00:00,0.65033,0.65033,0.64925,0.64939
2024-03-06 03:00:00,0.64939,0.64989,0.64922,0.64979
2024-03-06 04:00:00,0.64979,0.65119,0.64966,0.65111
2024-03-06 05:00:00,0.65111,0.65144,0.65089,0.6514
2024-03-06 06:00:00,0.65141,0.65172,0.65119,0.65137
2024-03-06 07:00:00,0.65138,0.65195,0.65126,0.65165
2024-03-06 08:00:00,0.65165,0.65202,0.65149,0.65168
2024-03-06 09:00:00,0.65169,0.6525,0.65161,0.65182
2024-03-06 10:00:00,0.65178,0.65214,0.65122,0.65214
2024-03-06 11:00:00,0.65214,0.65244,0.65158,0.65241
2024-03-06 12:00:00,0.6524,0.6525,0.65197,0.65212
2024-03-06 13:00:00,0.65213,0.65265,0.6521,0.65258
2024-03-06 14:00:00,0.65258,0.65309,0.65197,0.65202
2024-03-06 15:00:00,0.65202,0.65418,0.65198,0.65403
2024-03-06 16:00:00,0.65403,0.65537,0.65403,0.65508
2024-03-06 17:00:00,0.65508,0.6569,0.65468,0.65655
2024-03-06 18:00:00,0.65655,0.65812,0.65612,0.65759
2024-03-06 19:00:00,0.65759,0.65789,0.65698,0.65719
2024-03-06 20:00:00,0.6572,0.6578,0.65681,0.65711
2024-03-06 21:00:00,0.65711,0.65711,0.65629,0.65661
2024-03-06 22:00:00,0.65658,0.65667,0.65611,0.6565
2024-03-06 23:00:00,0.65639,0.65649,0.65605,0.65622
2024-03-07 00:00:00,0.65628,0.65642,0.65598,0.65599
2024-03-07 01:00:00,0.65601,0.65668,0.65601,0.65658
2024-03-07 02:00:00,0.65659,0.65727,0.65655,0.65715
2024-03-07 03:00:00,0.65715,0.65755,0.65674,0.65689
2024-03-07 04:00:00,0.65689,0.65751,0.65635,0.65741
2024-03-07 05:00:00,0.65738,0.65834,0.65706,0.65815
2024-03-07 06:00:00,0.65815,0.65882,0.65809,0.65843
2024-03-07 07:00:00,0.65842,0.65846,0.65752,0.65754
2024-03-07 08:00:00,0.65754,0.65858,0.65734,0.65856
2024-03-07 09:00:00,0.65857,0.65898,0.65798,0.65887
2024-03-07 10:00:00,0.65888,0.65945,0.65826,0.65935
2024-03-07 11:00:00,0.65934,0.65973,0.65864,0.65966
2024-03-07 12:00:00,0.65967,0.6607,0.65967,0.66065
2024-03-07 13:00:00,0.66066,0.66082,0.66028,0.66039
2024-03-07 14:00:00,0.66039,0.66072,0.66026,0.66037
2024-03-07 15:00:00,0.66036,0.66175,0.66016,0.6609
2024-03-07 16:00:00,0.66089,0.6614,0.66027,0.66107
2024-03-07 17:00:00,0.66107,0.66178,0.66012,0.66164
2024-03-07 18:00:00,0.66164,0.66244,0.66128,0.66173
2024-03-07 19:00:00,0.66173,0.66197,0.66123,0.66168
2024-03-07 20:00:00,0.66168,0.66213,0.66168,0.66201
2024-03-07 21:00:00,0.662,0.66224,0.66173,0.66215
2024-03-07 22:00:00,0.66215,0.66215,0.66172,0.66184
2024-03-07 23:00:00,0.66173,0.66205,0.66159,0.66176
2024-03-08 00:00:00,0.66193,0.66193,0.66129,0.66153
2024-03-08 01:00:00,0.66155,0.6621,0.66155,0.66209
2024-03-08 02:00:00,0.6621,0.66293,0.66198,0.66242
2024-03-08 03:00:00,0.66242,0.66266,0.66128,0.66191
2024-03-08 04:00:00,0.66191,0.66231,0.66137,0.66195
2024-03-08 05:00:00,0.66196,0.66268,0.66178,0.66266
2024-03-08 06:00:00,0.66266,0.66302,0.6624,0.66246
2024-03-08 07:00:00,0.66247,0.66334,0.66247,0.66331
2024-03-08 08:00:00,0.6633,0.66344,0.66278,0.66334
2024-03-08 09:00:00,0.66334,0.66367,0.66257,0.66359
2024-03-08 10:00:00,0.6636,0.66368,0.66304,0.66349
2024-03-08 11:00:00,0.66348,0.66451,0.66336,0.66439
2024-03-08 12:00:00,0.66439,0.66481,0.66429,0.66462
2024-03-08 13:00:00,0.66463,0.66481,0.66433,0.66461
2024-03-08 14:00:00,0.66461,0.66461,0.66362,0.66388
2024-03-08 15:00:00,0.66387,0.66675,0.66211,0.66444
2024-03-08 16:00:00,0.66443,0.66531,0.66406,0.66453
2024-03-08 17:00:00,0.66452,0.66489,0.66329,0.66408
2024-03-08 18:00:00,0.66408,0.66412,0.66223,0.66255
2024-03-08 19:00:00,0.66255,0.66324,0.66211,0.66233
2024-03-08 20:00:00,0.66234,0.66236,0.66159,0.66188
2024-03-08 21:00:00,0.66188,0.66256,0.66155,0.6625
2024-03-08 22:00:00,0.66249,0.66263,0.66173,0.66207
2024-03-08 23:00:00,0.66208,0.66269,0.66195,0.66229
2024-03-11 00:00:00,0.6623,0.66252,0.66183,0.6619
2024-03-11 01:00:00,0.66191,0.66251,0.66175,0.66243
2024-03-11 02:00:00,0.66243,0.66263,0.66191,0.66213
2024-03-11 03:00:00,0.66212,0.66264,0.66151,0.66172
2024-03-11 04:00:00,0.66172,0.66173,0.6608,0.66091
2024-03-11 05:00:00,0.6609,0.66169,0.66075,0.66114
2024-03-11 06:00:00,0.66112,0.66125,0.66065,0.66104
2024-03-11 07:00:00,0.66104,0.66143,0.66096,0.66135
2024-03-11 08:00:00,0.66135,0.66165,0.66114,0.6616
2024-03-11 09:00:00,0.66159,0.66189,0.66056,0.66174
2024-03-11 10:00:00,0.66173,0.66198,0.66076,0.66101
2024-03-11 11:00:00,0.661,0.66207,0.66099,0.66181
2024-03-11 12:00:00,0.66181,0.66198,0.6614,0.66154
2024-03-11 13:00:00,0.66153,0.66174,0.66118,0.66153
2024-03-11 14:00:00,0.66153,0.66157,0.65998,0.66002
2024-03-11 15:00:00,0.66002,0.66103,0.66002,0.66011
2024-03-11 16:00:00,0.66012,0.66065,0.65965,0.66062
2024-03-11 17:00:00,0.66063,0.66083,0.65991,0.66074
2024-03-11 18:00:00,0.66073,0.66116,0.66039,0.66098
2024-03-11 19:00:00,0.66098,0.66123,0.66037,0.66056
2024-03-11 20:00:00,0.66057,0.66108,0.66034,0.66102
2024-03-11 21:00:00,0.66101,0.66115,0.66077,0.66102
2024-03-11 22:00:00,0.66091,0.66138,0.66088,0.66136
2024-03-11 23:00:00,0.6613,0.6614,0.65992,0.66102
2024-03-12 00:00:00,0.66102,0.66132,0.66088,0.66102
2024-03-12 01:00:00,0.66103,0.66151,0.66103,0.66139
2024-03-12 02:00:00,0.6614,0.66198,0.6613,0.66146
2024-03-12 03:00:00,0.66146,0.6621,0.66089,0.66171
2024-03-12 04:00:00,0.66172,0.66184,0.66102,0.66155
2024-03-12 05:00:00,0.66155,0.66191,0.66145,0.66159
2024-03-12 06:00:00,0.66159,0.66163,0.66123,0.66142
2024-03-12 07:00:00,0.66141,0.66184,0.661,0.66116
2024-03-12 08:00:00,0.66115,0.66166,0.66081,0.66159
2024-03-12 09:00:00,0.66159,0.66202,0.66116,0.66186
2024-03-12 10:00:00,0.66187,0.66187,0.66121,0.66151
2024-03-12 11:00:00,0.66151,0.66202,0.66107,0.66154
2024-03-12 12:00:00,0.66154,0.66171,0.66124,0.66163
2024-03-12 13:00:00,0.66161,0.66204,0.66124,0.66142
2024-03-12 14:00:00,0.6614,0.66387,0.65851,0.66119
2024-03-12 15:00:00,0.66119,0.66121,0.65842,0.65958
2024-03-12 16:00:00,0.65962,0.66006,0.65869,0.65964
2024-03-12 17:00:00,0.65964,0.66014,0.65906,0.65995
2024-03-12 18:00:00,0.65996,0.65997,0.65943,0.65976
2024-03-12 19:00:00,0.65976,0.66008,0.65914,0.65987
2024-03-12 20:00:00,0.65985,0.6604,0.65972,0.66033
2024-03-12 21:00:00,0.66033,0.66053,0.66017,0.66047
2024-03-12 22:00:00,0.66047,0.66074,0.66047,0.66054
2024-03-12 23:00:00,0.66056,0.66062,0.65909,0.6605
2024-03-13 00:00:00,0.66051,0.66081,0.66039,0.66066
2024-03-13 01:00:00,0.66065,0.6608,0.66055,0.66066
2024-03-13 02:00:00,0.66066,0.66115,0.66028,0.66039
2024-03-13 03:00:00,0.66039,0.66072,0.65999,0.66027
2024-03-13 04:00:00,0.66027,0.66115,0.66027,0.66111
2024-03-13 05:00:00,0.66111,0.66162,0.66095,0.66131
2024-03-13 06:00:00,0.66131,0.66156,0.66114,0.6613
2024-03-13 07:00:00,0.6613,0.6617,0.6609,0.66155
2024-03-13 08:00:00,0.66155,0.66181,0.66087,0.66114
2024-03-13 09:00:00,0.66114,0.66155,0.6607,0.66141
2024-03-13 10:00:00,0.66141,0.66163,0.66091,0.66101
2024-03-13 11:00:00,0.66099,0.66106,0.66034,0.6607
2024-03-13 12:00:00,0.6607,0.66103,0.66034,0.66091
2024-03-13 13:00:00,0.66091,0.66151,0.66086,0.66125
2024-03-13 14:00:00,0.66125,0.66155,0.66065,0.66105
2024-03-13 15:00:00,0.66105,0.66195,0.66101,0.6615
2024-03-13 16:00:00,0.66151,0.66242,0.6612,0.66195
2024-03-13 17:00:00,0.66195,0.66241,0.66176,0.6622
2024-03-13 18:00:00,0.6622,0.6625,0.66195,0.66236
2024-03-13 19:00:00,0.66236,0.6635,0.6623,0.6631
2024-03-13 20:00:00,0.6631,0.66315,0.6625,0.66251
2024-03-13 21:00:00,0.66251,0.66256,0.66201,0.66206
2024-03-13 22:00:00,0.66209,0.66223,0.66202,0.66209
2024-03-13 23:00:00,0.66205,0.66267,0.66152,0.66198
2024-03-14 00:00:00,0.66201,0.66233,0.66201,0.66208
2024-03-14 01:00:00,0.66208,0.66278,0.66205,0.6627
2024-03-14 02:00:00,0.6627,0.66315,0.66209,0.66246
2024-03-14 03:00:00,0.66246,0.66296,0.66238,0.66296
2024-03-14 04:00:00,0.66296,0.66304,0.66134,0.66141
2024-03-14 05:00:00,0.66141,0.66167,0.66104,0.66125
2024-03-14 06:00:00,0.66125,0.6617,0.66093,0.66149
2024-03-14 07:00:00,0.66149,0.66176,0.66119,0.66157
2024-03-14 08:00:00,0.66157,0.66189,0.66124,0.66172
2024-03-14 09:00:00,0.66171,0.66204,0.66126,0.66191
2024-03-14 10:00:00,0.66191,0.66235,0.66166,0.66184
2024-03-14 11:00:00,0.66185,0.66248,0.66177,0.66242
2024-03-14 12:00:00,0.66242,0.66262,0.66211,0.66226
2024-03-14 13:00:00,0.66226,0.66284,0.66221,0.66239
2024-03-14 14:00:00,0.66242,0.66296,0.66082,0.66134
2024-03-14 15:00:00,0.66134,0.66159,0.65964,0.66001
2024-03-14 16:00:00,0.66001,0.66012,0.65838,0.65865
2024-03-14 17:00:00,0.65862,0.65875,0.65694,0.65837
2024-03-14 18:00:00,0.65837,0.65901,0.658,0.65843
2024-03-14 19:00:00,0.65843,0.65854,0.65778,0.65833
2024-03-14 20:00:00,0.65833,0.65852,0.65793,0.65818
2024-03-14 21:00:00,0.65818,0.65827,0.65736,0.65827
2024-03-14 22:00:00,0.65828,0.6584,0.65786,0.65801
2024-03-14 23:00:00,0.65803,0.65836,0.65692,0.6579
2024-03-15 00:00:00,0.6579,0.65812,0.65766,0.65769
2024-03-15 01:00:00,0.65769,0.65788,0.65737,0.65779
2024-03-15 02:00:00,0.6578,0.65793,0.65659,0.65669
2024-03-15 03:00:00,0.65667,0.65705,0.65633,0.65633
2024-03-15 04:00:00,0.65634,0.65634,0.65593,0.656
2024-03-15 05:00:00,0.656,0.65651,0.6557,0.65643
2024-03-15 06:00:00,0.65643,0.65662,0.65617,0.65659
2024-03-15 07:00:00,0.65659,0.65695,0.65642,0.65674
2024-03-15 08:00:00,0.65674,0.65703,0.65649,0.65689
2024-03-15 09:00:00,0.65689,0.65727,0.6558,0.6558
2024-03-15 10:00:00,0.6558,0.65609,0.65519,0.65561
2024-03-15 11:00:00,0.65561,0.65658,0.65559,0.65651
2024-03-15 12:00:00,0.65651,0.65688,0.65626,0.65651
2024-03-15 13:00:00,0.65651,0.65726,0.65625,0.65683
2024-03-15 14:00:00,0.65683,0.6571,0.65584,0.65641
2024-03-15 15:00:00,0.65641,0.65741,0.6562,0.65631
2024-03-15 16:00:00,0.6563,0.65719,0.65604,0.65647
2024-03-15 17:00:00,0.65648,0.65675,0.65583,0.65675
2024-03-15 18:00:00,0.65674,0.65689,0.6558,0.6558
2024-03-15 19:00:00,0.6558,0.65599,0.65553,0.65579
2024-03-15 20:00:00,0.65579,0.65641,0.65575,0.65629
2024-03-15 21:00:00,0.6563,0.6564,0.65587,0.65604
2024-03-15 22:00:00,0.65605,0.65622,0.65574,0.65589
2024-03-18 00:00:00,0.65582,0.65621,0.65578,0.65597
2024-03-18 01:00:00,0.65597,0.65605,0.65557,0.65569
2024-03-18 02:00:00,0.6557,0.65619,0.6555,0.65599
2024-03-18 03:00:00,0.65599,0.65662,0.65536,0.65653
2024-03-18 04:00:00,0.65658,0.65692,0.65642,0.65666
2024-03-18 05:00:00,0.65666,0.65683,0.65619,0.65625
2024-03-18 06:00:00,0.65625,0.65672,0.65624,0.65656
2024-03-18 07:00:00,0.65656,0.65664,0.65619,0.65655
2024-03-18 08:00:00,0.65655,0.6567,0.65619,0.65637
2024-03-18 09:00:00,0.65638,0.65701,0.65604,0.65677
2024-03-18 10:00:00,0.65677,0.65732,0.6565,0.65717
2024-03-18 11:00:00,0.65714,0.65736,0.65672,0.65682
2024-03-18 12:00:00,0.65682,0.65683,0.65645,0.65681
2024-03-18 13:00:00,0.65681,0.65734,0.65676,0.65715
2024-03-18 14:00:00,0.65715,0.65737,0.65669,0.65684
2024-03-18 15:00:00,0.65684,0.65712,0.65625,0.65635
2024-03-18 16:00:00,0.65635,0.65674,0.65582,0.65602
2024-03-18 17:00:00,0.65602,0.65625,0.6558,0.65608
2024-03-18 18:00:00,0.65607,0.65607,0.65531,0.65538
2024-03-18 19:00:00,0.65539,0.65563,0.65506,0.65537
2024-03-18 20:00:00,0.65537,0.65564,0.65527,0.65554
2024-03-18 21:00:00,0.65554,0.65583,0.65547,0.65562
2024-03-18 22:00:00,0.65563,0.65593,0.6556,0.65589
2024-03-18 23:00:00,0.65582,0.65588,0.655,0.65559
2024-03-19 00:00:00,0.65559,0.65592,0.65559,0.65569
2024-03-19 01:00:00,0.65569,0.65578,0.65533,0.65563
2024-03-19 02:00:00,0.65567,0.65579,0.65494,0.65502
2024-03-19 03:00:00,0.65503,0.65523,0.65405,0.65473
2024-03-19 04:00:00,0.65473,0.65593,0.65473,0.65551
2024-03-19 05:00:00,0.65551,0.65637,0.65319,0.65409
2024-03-19 06:00:00,0.65413,0.65433,0.6526,0.6528
2024-03-19 07:00:00,0.6528,0.65287,0.6516,0.65175
2024-03-19 08:00:00,0.65175,0.65197,0.65134,0.65156
2024-03-19 09:00:00,0.65156,0.65242,0.65131,0.65185
2024-03-19 10:00:00,0.65185,0.65195,0.65089,0.65155
2024-03-19 11:00:00,0.65155,0.65168,0.65039,0.65063
2024-03-19 12:00:00,0.65064,0.65132,0.65056,0.65108
2024-03-19 13:00:00,0.65107,0.65193,0.65089,0.65186
2024-03-19 14:00:00,0.65187,0.65196,0.6513,0.65179
2024-03-19 15:00:00,0.65179,0.65223,0.65156,0.65192
2024-03-19 16:00:00,0.65192,0.65336,0.65178,0.65328
2024-03-19 17:00:00,0.65328,0.65329,0.65264,0.65278
2024-03-19 18:00:00,0.65278,0.65317,0.6526,0.65316
2024-03-19 19:00:00,0.65316,0.65362,0.65298,0.65321
2024-03-19 20:00:00,0.65321,0.65335,0.65289,0.65299
2024-03-19 21:00:00,0.65299,0.65329,0.6529,0.65318
2024-03-19 22:00:00,0.65318,0.65324,0.65305,0.65312
2024-03-19 23:00:00,0.65313,0.65347,0.65279,0.65304
2024-03-20 00:00:00,0.65303,0.65325,0.65295,0.65316
2024-03-20 01:00:00,0.65316,0.65329,0.65242,0.65246
2024-03-20 02:00:00,0.65246,0.65318,0.65195,0.65312
2024-03-20 03:00:00,0.65312,0.65373,0.6529,0.65344
2024-03-20 04:00:00,0.65344,0.65394,0.65334,0.65376
2024-03-20 05:00:00,0.65377,0.65399,0.65349,0.65364
2024-03-20 06:00:00,0.65364,0.65364,0.65252,0.65253
2024-03-20 07:00:00,0.65252,0.65303,0.65249,0.6529
2024-03-20 08:00:00,0.65289,0.65316,0.65266,0.65302
2024-03-20 09:00:00,0.65302,0.65356,0.65284,0.65294
2024-03-20 10:00:00,0.65294,0.65294,0.65192,0.65229
2024-03-20 11:00:00,0.65229,0.65231,0.65115,0.65141
2024-03-20 12:00:00,0.6514,0.65178,0.65117,0.65162
2024-03-20 13:00:00,0.65161,0.6519,0.6516,0.65187
2024-03-20 14:00:00,0.65187,0.65216,0.65164,0.652
2024-03-20 15:00:00,0.652,0.65213,0.65149,0.65202
2024-03-20 16:00:00,0.65202,0.65285,0.65192,0.65263
2024-03-20 17:00:00,0.65263,0.65312,0.65262,0.65282
2024-03-20 18:00:00,0.65282,0.65332,0.65276,0.6533
2024-03-20 19:00:00,0.6533,0.65354,0.65294,0.65339
2024-03-20 20:00:00,0.6536,0.65797,0.65344,0.65767
2024-03-20 21:00:00,0.65773,0.65862,0.65678,0.65854
2024-03-20 22:00:00,0.65854,0.65869,0.6581,0.65859
2024-03-20 23:00:00,0.65843,0.65853,0.65788,0.65792
2024-03-21 00:00:00,0.65792,0.65966,0.65792,0.65966
2024-03-21 01:00:00,0.65966,0.65987,0.65913,0.65984
2024-03-21 02:00:00,0.65984,0.6615,0.65898,0.66125
2024-03-21 03:00:00,0.66125,0.66235,0.66117,0.66164
2024-03-21 04:00:00,0.66164,0.66216,0.66139,0.66179
2024-03-21 05:00:00,0.66179,0.66279,0.66163,0.66233
2024-03-21 06:00:00,0.66233,0.66251,0.66212,0.66234
2024-03-21 07:00:00,0.66234,0.66275,0.66208,0.66233
2024-03-21 08:00:00,0.66234,0.66306,0.66232,0.6627
2024-03-21 09:00:00,0.66266,0.66344,0.66228,0.66238
2024-03-21 10:00:00,0.66238,0.66238,0.66059,0.6606
2024-03-21 11:00:00,0.66064,0.66107,0.66016,0.6609
2024-03-21 12:00:00,0.6609,0.66166,0.66067,0.66096
2024-03-21 13:00:00,0.66094,0.66096,0.65969,0.65988
2024-03-21 14:00:00,0.65991,0.66052,0.65954,0.65998
2024-03-21 15:00:00,0.65998,0.65999,0.65811,0.65835
2024-03-21 16:00:00,0.65838,0.6584,0.65669,0.65714
2024-03-21 17:00:00,0.65715,0.65717,0.6561,0.65686
2024-03-21 18:00:00,0.65687,0.65734,0.65687,0.6571
2024-03-21 19:00:00,0.65709,0.6573,0.65666,0.65681
2024-03-21 20:00:00,0.65684,0.65712,0.65676,0.65688
2024-03-21 21:00:00,0.65688,0.65705,0.65674,0.65689
2024-03-21 22:00:00,0.65689,0.65706,0.65651,0.65651
2024-03-21 23:00:00,0.65692,0.65747,0.65634,0.65686
2024-03-22 00:00:00,0.65686,0.6571,0.65683,0.65698
2024-03-22 01:00:00,0.65698,0.65718,0.65684,0.65708
2024-03-22 02:00:00,0.65708,0.65766,0.65701,0.65745
2024-03-22 03:00:00,0.65745,0.65761,0.65491,0.65493
2024-03-22 04:00:00,0.65493,0.65513,0.65308,0.65335
2024-03-22 05:00:00,0.65335,0.65356,0.65261,0.65264
2024-03-22 06:00:00,0.65265,0.65265,0.6522,0.65238
2024-03-22 07:00:00,0.65238,0.65322,0.65232,0.65267
2024-03-22 08:00:00,0.65267,0.6532,0.65185,0.65212
2024-03-22 09:00:00,0.6521,0.65252,0.65104,0.65155
2024-03-22 10:00:00,0.65153,0.65195,0.65111,0.65177
2024-03-22 11:00:00,0.65178,0.6523,0.6511,0.65133
2024-03-22 12:00:00,0.65133,0.65172,0.65119,0.6515
2024-03-22 13:00:00,0.6515,0.65218,0.65101,0.65128
2024-03-22 14:00:00,0.65133,0.65275,0.65125,0.65235
2024-03-22 15:00:00,0.65235,0.65288,0.65189,0.65276
2024-03-22 16:00:00,0.65276,0.65309,0.65197,0.65232
2024-03-22 17:00:00,0.65232,0.65261,0.65144,0.65195
2024-03-22 18:00:00,0.65194,0.6521,0.65143,0.65181
2024-03-22 19:00:00,0.65181,0.65202,0.65168,0.65182
2024-03-22 20:00:00,0.65182,0.65187,0.65146,0.6515
2024-03-22 21:00:00,0.6515,0.6515,0.65103,0.65123
2024-03-22 22:00:00,0.65123,0.6515,0.65115,0.65129
2024-03-25 00:00:00,0.65125,0.6516,0.65098,0.65147
2024-03-25 01:00:00,0.65147,0.65191,0.65136,0.65147
2024-03-25 02:00:00,0.65148,0.65204,0.65099,0.65169
2024-03-25 03:00:00,0.65169,0.65337,0.65148,0.65305
2024-03-25 04:00:00,0.65305,0.65437,0.65281,0.65408
2024-03-25 05:00:00,0.65408,0.65409,0.65252,0.6527
2024-03-25 06:00:00,0.6527,0.65298,0.6525,0.65265
2024-03-25 07:00:00,0.65265,0.65276,0.65231,0.65254
2024-03-25 08:00:00,0.65255,0.65257,0.65202,0.65217
2024-03-25 09:00:00,0.65217,0.65279,0.65165,0.65216
2024-03-25 10:00:00,0.65216,0.65302,0.65205,0.6528
2024-03-25 11:00:00,0.65281,0.65313,0.65235,0.65271
2024-03-25 12:00:00,0.65271,0.65328,0.65263,0.65321
2024-03-25 13:00:00,0.6532,0.65347,0.65303,0.65319
2024-03-25 14:00:00,0.65319,0.65363,0.6531,0.65324
2024-03-25 15:00:00,0.65323,0.65449,0.65309,0.65411
2024-03-25 16:00:00,0.6541,0.65468,0.65401,0.6543
2024-03-25 17:00:00,0.6543,0.6543,0.65357,0.65366
2024-03-25 18:00:00,0.65366,0.65395,0.65356,0.65377
2024-03-25 19:00:00,0.65378,0.65402,0.65356,0.6539
2024-03-25 20:00:00,0.6539,0.65398,0.65381,0.65381
2024-03-25 21:00:00,0.65381,0.65393,0.65361,0.65377
2024-03-25 22:00:00,0.65377,0.654,0.65374,0.65393
2024-03-25 23:00:00,0.65371,0.65422,0.6528,0.65383
2024-03-26 00:00:00,0.65383,0.65402,0.65378,0.6538
2024-03-26 01:00:00,0.6538,0.65393,0.65358,0.65375
2024-03-26 02:00:00,0.65375,0.65439,0.65357,0.6543
2024-03-26 03:00:00,0.6543,0.65544,0.65417,0.65476
2024-03-26 04:00:00,0.65476,0.65524,0.65441,0.65455
2024-03-26 05:00:00,0.65455,0.6549,0.65313,0.65343
2024-03-26 06:00:00,0.65343,0.65398,0.65333,0.65379
2024-03-26 07:00:00,0.65379,0.6542,0.6537,0.65395
2024-03-26 08:00:00,0.65395,0.65469,0.65395,0.6545
2024-03-26 09:00:00,0.65449,0.65467,0.65372,0.65393
2024-03-26 10:00:00,0.65393,0.65436,0.65354,0.65426
2024-03-26 11:00:00,0.65427,0.6555,0.6542,0.65521
2024-03-26 12:00:00,0.65521,0.6559,0.65515,0.65564
2024-03-26 13:00:00,0.65564,0.65589,0.65529,0.65529
2024-03-26 14:00:00,0.65529,0.65534,0.65449,0.65484
2024-03-26 15:00:00,0.65483,0.65523,0.654,0.65452
2024-03-26 16:00:00,0.65445,0.65468,0.65326,0.65367
2024-03-26 17:00:00,0.65368,0.65404,0.65327,0.6536
2024-03-26 18:00:00,0.6536,0.65399,0.65346,0.65369
2024-03-26 19:00:00,0.65369,0.654,0.65336,0.65338
2024-03-26 20:00:00,0.65338,0.65369,0.65327,0.65335
2024-03-26 21:00:00,0.65336,0.65355,0.65302,0.65306
2024-03-26 22:00:00,0.65306,0.6534,0.65303,0.65323
2024-03-26 23:00:00,0.65309,0.65333,0.65309,0.65315
2024-03-27 00:00:00,0.65326,0.6534,0.65309,0.6534
2024-03-27 01:00:00,0.6534,0.65383,0.65325,0.65378
2024-03-27 02:00:00,0.65378,0.65382,0.652,0.65258
2024-03-27 03:00:00,0.65255,0.6529,0.65111,0.65182
2024-03-27 04:00:00,0.65182,0.65214,0.6513,0.65154
2024-03-27 05:00:00,0.65153,0.65217,0.65132,0.65209
2024-03-27 06:00:00,0.65209,0.65303,0.65209,0.65289
2024-03-27 07:00:00,0.65289,0.65298,0.65254,0.65265
2024-03-27 08:00:00,0.65265,0.65325,0.65256,0.65285
2024-03-27 09:00:00,0.65285,0.65318,0.65263,0.65271
2024-03-27 10:00:00,0.65271,0.65277,0.65155,0.65171
2024-03-27 11:00:00,0.65171,0.65316,0.65165,0.65248
2024-03-27 12:00:00,0.65247,0.65317,0.65226,0.65277
2024-03-27 13:00:00,0.65276,0.65312,0.65211,0.65222
2024-03-27 14:00:00,0.65219,0.65223,0.65162,0.65167
2024-03-27 15:00:00,0.65167,0.65227,0.65135,0.6522
2024-03-27 16:00:00,0.6522,0.65321,0.65179,0.65277
2024-03-27 17:00:00,0.65277,0.65311,0.65228,0.65241
2024-03-27 18:00:00,0.65241,0.6528,0.65202,0.65256
2024-03-27 19:00:00,0.65256,0.65275,0.65224,0.65253
2024-03-27 20:00:00,0.65253,0.65297,0.65244,0.65293
2024-03-27 21:00:00,0.65292,0.65332,0.65285,0.65332
2024-03-27 22:00:00,0.65332,0.65347,0.6533,0.65335
2024-03-27 23:00:00,0.65338,0.65346,0.65235,0.65305
2024-03-28 00:00:00,0.65306,0.65306,0.65177,0.65197
2024-03-28 01:00:00,0.65199,0.65231,0.65181,0.65227
2024-03-28 02:00:00,0.65227,0.65282,0.65151,0.65254
2024-03-28 03:00:00,0.65254,0.65302,0.65211,0.6528
2024-03-28 04:00:00,0.6528,0.65406,0.65275,0.65352
2024-03-28 05:00:00,0.65352,0.65384,0.6531,0.65315
2024-03-28 06:00:00,0.65315,0.65347,0.65303,0.65309
2024-03-28 07:00:00,0.65309,0.65324,0.65234,0.65239
2024-03-28 08:00:00,0.6524,0.65262,0.65181,0.65253
2024-03-28 09:00:00,0.65255,0.65259,0.65041,0.65053
2024-03-28 10:00:00,0.65057,0.65062,0.64927,0.64933
2024-03-28 11:00:00,0.64932,0.64932,0.64852,0.64877
2024-03-28 12:00:00,0.64877,0.64949,0.64872,0.64938
2024-03-28 13:00:00,0.64938,0.64967,0.64888,0.64889
2024-03-28 14:00:00,0.64888,0.65072,0.64881,0.6507
2024-03-28 15:00:00,0.65071,0.65158,0.65032,0.65127
2024-03-28 16:00:00,0.65147,0.652,0.651,0.65182
2024-03-28 17:00:00,0.65179,0.65255,0.65131,0.65235
2024-03-28 18:00:00,0.65234,0.6528,0.65171,0.6522
2024-03-28 19:00:00,0.6522,0.65241,0.65174,0.65181
2024-03-28 20:00:00,0.65181,0.65214,0.65143,0.65183
2024-03-28 21:00:00,0.65183,0.65183,0.65142,0.65162
2024-03-28 22:00:00,0.65162,0.65162,0.65129,0.65152
2024-03-28 23:00:00,0.65152,0.65172,0.65109,0.65127
2024-03-29 00:00:00,0.65127,0.65173,0.65125,0.65133
2024-03-29 01:00:00,0.65133,0.65148,0.65117,0.65134
2024-03-29 02:00:00,0.65151,0.65248,0.65127,0.65176
2024-03-29 03:00:00,0.65176,0.65176,0.65098,0.65173
2024-03-29 04:00:00,0.65173,0.65182,0.65144,0.65148
2024-03-29 05:00:00,0.65148,0.6517,0.65107,0.65109
2024-03-29 06:00:00,0.65109,0.65139,0.65101,0.65101
2024-03-29 07:00:00,0.65101,0.65135,0.6507,0.6509
2024-03-29 08:00:00,0.6509,0.65096,0.65046,0.65069
2024-03-29 09:00:00,0.65069,0.65092,0.65068,0.65092
2024-03-29 10:00:00,0.65092,0.65144,0.65082,0.65123
2024-03-29 11:00:00,0.65123,0.65148,0.6511,0.65143
2024-03-29 12:00:00,0.65137,0.65151,0.65131,0.65146
2024-03-29 13:00:00,0.65146,0.65147,0.65118,0.65131
2024-03-29 14:00:00,0.65132,0.65327,0.65093,0.65268
2024-03-29 15:00:00,0.65268,0.65317,0.65209,0.65283
2024-03-29 16:00:00,0.65283,0.65306,0.65226,0.65264
2024-03-29 17:00:00,0.65265,0.65282,0.65194,0.65219
2024-03-29 18:00:00,0.6522,0.65222,0.65196,0.65209
2024-03-29 19:00:00,0.65209,0.65212,0.65203,0.65207
2024-03-29 20:00:00,0.65207,0.65228,0.65191,0.65198
2024-03-29 21:00:00,0.65195,0.65256,0.65137,0.65205
2024-03-29 22:00:00,0.65205,0.6522,0.65026,0.6514
2024-04-01 00:00:00,0.6518,0.6519,0.65122,0.6518
2024-04-01 01:00:00,0.65175,0.6536,0.65171,0.65261
2024-04-01 02:00:00,0.6526,0.65341,0.65246,0.65334
2024-04-01 03:00:00,0.65335,0.65386,0.65313,0.6532
2024-04-01 04:00:00,0.65322,0.6535,0.65238,0.65242
2024-04-01 05:00:00,0.65242,0.6527,0.65213,0.65251
2024-04-01 06:00:00,0.65251,0.65267,0.65174,0.65258
2024-04-01 07:00:00,0.65258,0.65277,0.65192,0.65237
2024-04-01 08:00:00,0.65237,0.65237,0.65146,0.65189
2024-04-01 09:00:00,0.65186,0.65248,0.65177,0.65226
2024-04-01 10:00:00,0.65226,0.65269,0.65218,0.65248
2024-04-01 11:00:00,0.65247,0.65278,0.65239,0.65255
2024-04-01 12:00:00,0.65255,0.65266,0.65219,0.6522
2024-04-01 13:00:00,0.6522,0.65223,0.65159,0.65172
2024-04-01 14:00:00,0.65172,0.65185,0.65149,0.65151
2024-04-01 15:00:00,0.65151,0.65161,0.65073,0.65156
2024-04-01 16:00:00,0.65155,0.65192,0.65043,0.65064
2024-04-01 17:00:00,0.65018,0.65026,0.64903,0.64918
2024-04-01 18:00:00,0.64918,0.6493,0.64806,0.64828
2024-04-01 19:00:00,0.64828,0.64864,0.64812,0.64838
2024-04-01 20:00:00,0.64838,0.6486,0.64823,0.64844
2024-04-01 21:00:00,0.64845,0.64849,0.64821,0.64833
2024-04-01 22:00:00,0.64833,0.64879,0.64833,0.64874
2024-04-01 23:00:00,0.64874,0.64894,0.64863,0.64885
2024-04-02 00:00:00,0.64887,0.64891,0.64753,0.64888
2024-04-02 01:00:00,0.64885,0.6491,0.64857,0.6486
2024-04-02 02:00:00,0.6486,0.64911,0.64827,0.64874
2024-04-02 03:00:00,0.64874,0.64927,0.64848,0.64913
2024-04-02 04:00:00,0.64913,0.64984,0.64859,0.64973
2024-04-02 05:00:00,0.64973,0.64984,0.64899,0.64959
2024-04-02 06:00:00,0.64959,0.64981,0.64874,0.64874
2024-04-02 07:00:00,0.64874,0.64902,0.64848,0.64894
2024-04-02 08:00:00,0.64894,0.64919,0.64865,0.64872
2024-04-02 09:00:00,0.64872,0.64937,0.64861,0.64916
2024-04-02 10:00:00,0.64917,0.64992,0.6489,0.64978
2024-04-02 11:00:00,0.64978,0.65086,0.64971,0.65054
2024-04-02 12:00:00,0.65053,0.65108,0.65048,0.65079
2024-04-02 13:00:00,0.65079,0.65079,0.65014,0.65034
2024-04-02 14:00:00,0.65034,0.65069,0.64989,0.6506
2024-04-02 15:00:00,0.6506,0.65071,0.64957,0.64984
2024-04-02 16:00:00,0.64984,0.65048,0.64955,0.65041
2024-04-02 17:00:00,0.65047,0.65238,0.65008,0.65141
2024-04-02 18:00:00,0.65141,0.65161,0.6508,0.65124
2024-04-02 19:00:00,0.65124,0.65141,0.65066,0.65106
2024-04-02 20:00:00,0.65107,0.65141,0.65089,0.65138
2024-04-02 21:00:00,0.65138,0.65145,0.65096,0.65106
2024-04-02 22:00:00,0.65109,0.65157,0.65107,0.65156
2024-04-02 23:00:00,0.65155,0.6518,0.65143,0.65173
2024-04-03 00:00:00,0.65173,0.6519,0.64996,0.6518
2024-04-03 01:00:00,0.65181,0.65214,0.65137,0.65147
2024-04-03 02:00:00,0.65147,0.65165,0.65124,0.65129
2024-04-03 03:00:00,0.65128,0.65152,0.65079,0.65079
2024-04-03 04:00:00,0.65078,0.65115,0.65038,0.65089
2024-04-03 05:00:00,0.65089,0.65149,0.65075,0.65095
2024-04-03 06:00:00,0.65095,0.65198,0.65095,0.65194
2024-04-03 07:00:00,0.65193,0.65252,0.65187,0.6519
2024-04-03 08:00:00,0.6519,0.65207,0.6517,0.65185
2024-04-03 09:00:00,0.65185,0.65191,0.65117,0.65146
2024-04-03 10:00:00,0.65146,0.65155,0.65081,0.6509
2024-04-03 11:00:00,0.65091,0.65113,0.65031,0.65078
2024-04-03 12:00:00,0.65078,0.65117,0.65056,0.65065
2024-04-03 13:00:00,0.65065,0.6512,0.65051,0.65113
2024-04-03 14:00:00,0.65112,0.65185,0.65112,0.65176
2024-04-03 15:00:00,0.65175,0.65207,0.65107,0.65157
2024-04-03 16:00:00,0.65158,0.65213,0.65114,0.6516
2024-04-03 17:00:00,0.65283,0.65486,0.65267,0.65459
2024-04-03 18:00:00,0.65462,0.65607,0.65445,0.65569
2024-04-03 19:00:00,0.65569,0.65679,0.65502,0.65641
2024-04-03 20:00:00,0.65641,0.65696,0.65601,0.65676
2024-04-03 21:00:00,0.65675,0.65684,0.65648,0.65668
2024-04-03 22:00:00,0.65668,0.65669,0.65603,0.65619
2024-04-03 23:00:00,0.65619,0.65647,0.65614,0.65637
2024-04-04 00:00:00,0.65637,0.65639,0.65544,0.65618
2024-04-04 01:00:00,0.65618,0.65663,0.65618,0.65654
2024-04-04 02:00:00,0.65655,0.65705,0.65644,0.6568
2024-04-04 03:00:00,0.6568,0.65779,0.65653,0.65776
2024-04-04 04:00:00,0.65776,0.65825,0.65767,0.65785
2024-04-04 05:00:00,0.65785,0.65793,0.65736,0.6577
2024-04-04 06:00:00,0.6577,0.65817,0.65757,0.65808
2024-04-04 07:00:00,0.65809,0.65875,0.65805,0.65849
2024-04-04 08:00:00,0.65849,0.6592,0.65849,0.65868
2024-04-04 09:00:00,0.65871,0.65915,0.65861,0.6588
2024-04-04 10:00:00,0.65881,0.65986,0.65871,0.65924
2024-04-04 11:00:00,0.65926,0.65976,0.65909,0.65968
2024-04-04 12:00:00,0.65968,0.66057,0.65953,0.66034
2024-04-04 13:00:00,0.66034,0.6613,0.6603,0.66111
2024-04-04 14:00:00,0.66112,0.66117,0.66015,0.6602
2024-04-04 15:00:00,0.6602,0.66163,0.65973,0.66151
2024-04-04 16:00:00,0.66151,0.66176,0.66091,0.66104
2024-04-04 17:00:00,0.66104,0.66174,0.66094,0.66174
2024-04-04 18:00:00,0.66173,0.66188,0.6614,0.66141
2024-04-04 19:00:00,0.66142,0.66176,0.66138,0.66143
2024-04-04 20:00:00,0.66142,0.66162,0.66124,0.66143
2024-04-04 21:00:00,0.66142,0.66142,0.65959,0.65998
2024-04-04 22:00:00,0.65996,0.65999,0.65791,0.65802
2024-04-04 23:00:00,0.65803,0.65878,0.65798,0.65873
2024-04-05 00:00:00,0.6587,0.65892,0.65817,0.65868
2024-04-05 01:00:00,0.65869,0.65894,0.65826,0.65828
2024-04-05 02:00:00,0.65828,0.65893,0.65819,0.65874
2024-04-05 03:00:00,0.65874,0.6592,0.65834,0.65892
2024-04-05 04:00:00,0.65892,0.6591,0.6569,0.657
2024-04-05 05:00:00,0.657,0.65725,0.6562,0.6564
2024-04-05 06:00:00,0.6564,0.65704,0.65618,0.65704
2024-04-05 07:00:00,0.65705,0.65721,0.6568,0.65715
2024-04-05 08:00:00,0.65715,0.65761,0.65707,0.65746
2024-04-05 09:00:00,0.65746,0.65772,0.65695,0.65746
2024-04-05 10:00:00,0.65746,0.65834,0.65746,0.65817
2024-04-05 11:00:00,0.65816,0.65856,0.6577,0.65833
2024-04-05 12:00:00,0.65833,0.65887,0.65817,0.65852
2024-04-05 13:00:00,0.65852,0.65873,0.65826,0.65849
2024-04-05 14:00:00,0.65848,0.65868,0.65832,0.6584
2024-04-05 15:00:00,0.65839,0.65917,0.65504,0.65619
2024-04-05 16:00:00,0.65619,0.65662,0.65491,0.65613
2024-04-05 17:00:00,0.65613,0.65761,0.65545,0.6571
2024-04-05 18:00:00,0.6571,0.65833,0.65692,0.65827
2024-04-05 19:00:00,0.65827,0.65865,0.65801,0.65841
2024-04-05 20:00:00,0.65839,0.65857,0.65789,0.65806
2024-04-05 21:00:00,0.65806,0.65841,0.6578,0.65805
2024-04-05 22:00:00,0.65806,0.65823,0.65775,0.658
2024-04-05 23:00:00,0.65797,0.65816,0.65773,0.65783
2024-04-08 00:00:00,0.65709,0.6575,0.65644,0.65711
2024-04-08 01:00:00,0.65711,0.65749,0.65673,0.65698
2024-04-08 02:00:00,0.65698,0.65753,0.65679,0.65694
2024-04-08 03:00:00,0.65694,0.65694,0.65593,0.65607
2024-04-08 04:00:00,0.65605,0.65747,0.65598,0.65739
2024-04-08 05:00:00,0.65739,0.65887,0.65719,0.6586
2024-04-08 06:00:00,0.65858,0.6587,0.65696,0.6575
2024-04-08 07:00:00,0.6575,0.65789,0.65737,0.65789
2024-04-08 08:00:00,0.65789,0.65834,0.65758,0.65782
2024-04-08 09:00:00,0.65782,0.65836,0.65765,0.65826
2024-04-08 10:00:00,0.65826,0.65875,0.65784,0.65848
2024-04-08 11:00:00,0.65847,0.65879,0.65773,0.65801
2024-04-08 12:00:00,0.65801,0.65857,0.65782,0.65844
2024-04-08 13:00:00,0.65843,0.65907,0.65824,0.65902
2024-04-08 14:00:00,0.65902,0.65908,0.65856,0.65867
2024-04-08 15:00:00,0.65867,0.65929,0.65836,0.65921
2024-04-08 16:00:00,0.65923,0.66098,0.65923,0.66082
2024-04-08 17:00:00,0.66082,0.66082,0.65969,0.66007
2024-04-08 18:00:00,0.66011,0.66047,0.65985,0.6601
2024-04-08 19:00:00,0.66011,0.66011,0.65962,0.66004
2024-04-08 20:00:00,0.66004,0.66076,0.65996,0.66053
2024-04-08 21:00:00,0.66053,0.66079,0.66029,0.66045
2024-04-08 22:00:00,0.66045,0.66067,0.66032,0.66037
2024-04-08 23:00:00,0.66037,0.66042,0.66022,0.66035
2024-04-09 00:00:00,0.66027,0.66041,0.6598,0.66015
2024-04-09 01:00:00,0.66006,0.66049,0.66006,0.66036
2024-04-09 02:00:00,0.66036,0.66077,0.66036,0.66048
2024-04-09 03:00:00,0.66048,0.66083,0.66014,0.66046
2024-04-09 04:00:00,0.66046,0.66121,0.6601,0.66055
2024-04-09 05:00:00,0.66055,0.66112,0.66034,0.6605
2024-04-09 06:00:00,0.6605,0.66057,0.65984,0.66012
2024-04-09 07:00:00,0.66012,0.66116,0.66012,0.66083
2024-04-09 08:00:00,0.66082,0.66112,0.66058,0.66068
2024-04-09 09:00:00,0.66068,0.66097,0.65983,0.65992
2024-04-09 10:00:00,0.65992,0.66049,0.65986,0.66047
2024-04-09 11:00:00,0.66049,0.66117,0.66026,0.66113
2024-04-09 12:00:00,0.66113,0.66219,0.66096,0.66214
2024-04-09 13:00:00,0.66214,0.66254,0.66212,0.6623
2024-04-09 14:00:00,0.6623,0.66248,0.6617,0.66193
2024-04-09 15:00:00,0.66193,0.66353,0.66177,0.66317
2024-04-09 16:00:00,0.66317,0.66437,0.66307,0.66375
2024-04-09 17:00:00,0.66373,0.66441,0.66157,0.66227
2024-04-09 18:00:00,0.66225,0.66254,0.66162,0.66202
2024-04-09 19:00:00,0.66203,0.66243,0.66178,0.66187
2024-04-09 20:00:00,0.66186,0.66209,0.6616,0.66177
2024-04-09 21:00:00,0.66177,0.66218,0.66162,0.66209
2024-04-09 22:00:00,0.66207,0.66269,0.66159,0.66268
2024-04-09 23:00:00,0.66268,0.66285,0.66249,0.66279
2024-04-10 00:00:00,0.66278,0.66283,0.66181,0.66265
2024-04-10 01:00:00,0.66263,0.66284,0.66263,0.66275
2024-04-10 02:00:00,0.66274,0.66298,0.66268,0.66279
2024-04-10 03:00:00,0.66279,0.6631,0.66259,0.66266
2024-04-10 04:00:00,0.66265,0.66291,0.66171,0.66238
2024-04-10 05:00:00,0.66227,0.66275,0.66169,0.66246
2024-04-10 06:00:00,0.66246,0.66294,0.66224,0.66224
2024-04-10 07:00:00,0.66224,0.66235,0.66192,0.6621
2024-04-10 08:00:00,0.6621,0.66274,0.66195,0.66205
2024-04-10 09:00:00,0.66206,0.66276,0.66199,0.6627
2024-04-10 10:00:00,0.66269,0.66283,0.66218,0.66257
2024-04-10 11:00:00,0.66258,0.66273,0.66201,0.66261
2024-04-10 12:00:00,0.66261,0.66273,0.66235,0.66242
2024-04-10 13:00:00,0.66241,0.6625,0.66216,0.66231
2024-04-10 14:00:00,0.66231,0.66235,0.66185,0.66195
2024-04-10 15:00:00,0.66195,0.66235,0.65475,0.65552
2024-04-10 16:00:00,0.65553,0.65557,0.65141,0.65251
2024-04-10 17:00:00,0.65253,0.65386,0.65201,0.6525
2024-04-10 18:00:00,0.6525,0.65264,0.65057,0.65073
2024-04-10 19:00:00,0.65072,0.65081,0.64986,0.65069
2024-04-10 20:00:00,0.65068,0.65226,0.6499,0.65142
2024-04-10 21:00:00,0.65137,0.65187,0.64987,0.65007
2024-04-10 22:00:00,0.65007,0.65145,0.6499,0.65126
2024-04-10 23:00:00,0.65125,0.65145,0.65103,0.6512
2024-04-11 00:00:00,0.65118,0.65133,0.65042,0.65115
2024-04-11 01:00:00,0.65115,0.65126,0.65081,0.65115
2024-04-11 02:00:00,0.65115,0.65133,0.6505,0.6507
2024-04-11 03:00:00,0.6507,0.65111,0.65017,0.65078
2024-04-11 04:00:00,0.65077,0.65181,0.65065,0.6514
2024-04-11 05:00:00,0.6514,0.65175,0.65108,0.6516
2024-04-11 06:00:00,0.6516,0.65216,0.65145,0.6517
2024-04-11 07:00:00,0.65168,0.65192,0.65159,0.65182
2024-04-11 08:00:00,0.65182,0.65256,0.65182,0.65231
2024-04-11 09:00:00,0.65229,0.65246,0.65139,0.65173
2024-04-11 10:00:00,0.65173,0.65277,0.65152,0.65276
2024-04-11 11:00:00,0.65277,0.653,0.65196,0.65214
2024-04-11 12:00:00,0.65213,0.65265,0.65182,0.65221
2024-04-11 13:00:00,0.65221,0.65252,0.65186,0.65247
2024-04-11 14:00:00,0.65247,0.65268,0.65207,0.65213
2024-04-11 15:00:00,0.65216,0.65472,0.65117,0.65451
2024-04-11 16:00:00,0.65451,0.65528,0.65339,0.65339
2024-04-11 17:00:00,0.65337,0.65339,0.65095,0.65161
2024-04-11 18:00:00,0.65162,0.65235,0.65094,0.65235
2024-04-11 19:00:00,0.65239,0.65273,0.65185,0.6524
2024-04-11 20:00:00,0.6524,0.65387,0.65206,0.65377
2024-04-11 21:00:00,0.65379,0.65456,0.6537,0.65385
2024-04-11 22:00:00,0.65387,0.65426,0.65377,0.65409
2024-04-11 23:00:00,0.65406,0.65406,0.65358,0.65372
2024-04-12 00:00:00,0.65374,0.65389,0.65206,0.65361
2024-04-12 01:00:00,0.65361,0.65414,0.65359,0.65392
2024-04-12 02:00:00,0.65392,0.65421,0.65388,0.65401
2024-04-12 03:00:00,0.65401,0.65404,0.65329,0.65384
2024-04-12 04:00:00,0.65385,0.6543,0.65359,0.65406
2024-04-12 05:00:00,0.65405,0.65414,0.65377,0.65392
2024-04-12 06:00:00,0.65391,0.65402,0.6526,0.6528
2024-04-12 07:00:00,0.6528,0.65309,0.65258,0.65261
2024-04-12 08:00:00,0.65261,0.65299,0.65236,0.65249
2024-04-12 09:00:00,0.65247,0.65261,0.65109,0.6513
2024-04-12 10:00:00,0.65131,0.65191,0.65087,0.65189
2024-04-12 11:00:00,0.65189,0.65228,0.65133,0.65134
2024-04-12 12:00:00,0.65136,0.65149,0.6503,0.65052
2024-04-12 13:00:00,0.65053,0.65059,0.64895,0.6491
2024-04-12 14:00:00,0.64911,0.64979,0.64904,0.64933
2024-04-12 15:00:00,0.64933,0.64949,0.6475,0.64763
2024-04-12 16:00:00,0.64764,0.64795,0.64682,0.64727
2024-04-12 17:00:00,0.64729,0.64748,0.64639,0.647
2024-04-12 18:00:00,0.64699,0.64785,0.64663,0.64764
2024-04-12 19:00:00,0.64763,0.64773,0.64612,0.64627
2024-04-12 20:00:00,0.64627,0.64682,0.64576,0.64658
2024-04-12 21:00:00,0.64654,0.6468,0.64564,0.64568
2024-04-12 22:00:00,0.64569,0.64609,0.64559,0.64589
2024-04-12 23:00:00,0.64589,0.64639,0.64582,0.64616
2024-04-15 00:00:00,0.647,0.647,0.64591,0.6463
2024-04-15 01:00:00,0.64632,0.64751,0.64627,0.64733
2024-04-15 02:00:00,0.64733,0.64785,0.6469,0.64742
2024-04-15 03:00:00,0.64742,0.64798,0.64688,0.64703
2024-04-15 04:00:00,0.64703,0.64784,0.64592,0.64769
2024-04-15 05:00:00,0.64769,0.64846,0.64748,0.6479
2024-04-15 06:00:00,0.64791,0.64881,0.6476,0.64841
2024-04-15 07:00:00,0.64841,0.64868,0.64804,0.64862
2024-04-15 08:00:00,0.64862,0.64928,0.6482,0.64899
2024-04-15 09:00:00,0.64899,0.6493,0.64821,0.64833
2024-04-15 10:00:00,0.64833,0.64845,0.64759,0.64839
2024-04-15 11:00:00,0.64839,0.64889,0.64789,0.64818
2024-04-15 12:00:00,0.64818,0.64859,0.64812,0.64827
2024-04-15 13:00:00,0.6483,0.64869,0.64808,0.64832
2024-04-15 14:00:00,0.64832,0.64878,0.64802,0.64825
2024-04-15 15:00:00,0.64825,0.64829,0.64634,0.64791
2024-04-15 16:00:00,0.64791,0.64869,0.64617,0.64642
2024-04-15 17:00:00,0.64638,0.64661,0.64536,0.64568
2024-04-15 18:00:00,0.64568,0.64691,0.64543,0.64678
2024-04-15 19:00:00,0.64677,0.64707,0.64568,0.64583
2024-04-15 20:00:00,0.64581,0.64608,0.64428,0.64476
2024-04-15 21:00:00,0.64474,0.64486,0.64404,0.64415
2024-04-15 22:00:00,0.64416,0.64438,0.64375,0.64431
2024-04-15 23:00:00,0.64432,0.64439,0.64384,0.64414
2024-04-16 00:00:00,0.64395,0.64417,0.64319,0.64405
2024-04-16 01:00:00,0.64401,0.6444,0.64401,0.64429
2024-04-16 02:00:00,0.6443,0.64435,0.64407,0.64413
2024-04-16 03:00:00,0.64413,0.64431,0.6424,0.64241
2024-04-16 04:00:00,0.64241,0.64273,0.6408,0.64184
2024-04-16 05:00:00,0.64185,0.64223,0.64084,0.64153
2024-04-16 06:00:00,0.64152,0.64179,0.64094,0.64178
2024-04-16 07:00:00,0.64178,0.64233,0.64143,0.64221
2024-04-16 08:00:00,0.64221,0.64285,0.64214,0.64246
2024-04-16 09:00:00,0.64246,0.64259,0.64117,0.64173
2024-04-16 10:00:00,0.64173,0.64253,0.64156,0.64173
2024-04-16 11:00:00,0.64174,0.64216,0.64125,0.64139
2024-04-16 12:00:00,0.64139,0.64241,0.64129,0.64185
2024-04-16 13:00:00,0.64185,0.642,0.64093,0.64132
2024-04-16 14:00:00,0.64132,0.64262,0.64115,0.64255
2024-04-16 15:00:00,0.64255,0.64256,0.64148,0.6417
2024-04-16 16:00:00,0.64174,0.64179,0.63982,0.63992
2024-04-16 17:00:00,0.63991,0.64113,0.63972,0.64003
2024-04-16 18:00:00,0.64006,0.64132,0.64006,0.64084
2024-04-16 19:00:00,0.64084,0.64096,0.6402,0.64081
2024-04-16 20:00:00,0.64081,0.64102,0.63891,0.64056
2024-04-16 21:00:00,0.64056,0.64195,0.64006,0.64131
2024-04-16 22:00:00,0.6413,0.64141,0.64027,0.64063
2024-04-16 23:00:00,0.64063,0.64072,0.63998,0.64009
2024-04-17 00:00:00,0.6401,0.64026,0.63962,0.63992
2024-04-17 01:00:00,0.63993,0.64092,0.63993,0.64072
2024-04-17 02:00:00,0.64076,0.64139,0.64059,0.6412
2024-04-17 03:00:00,0.6412,0.64185,0.64099,0.64129
2024-04-17 04:00:00,0.64129,0.6421,0.64091,0.64172
2024-04-17 05:00:00,0.64173,0.64235,0.64145,0.642
2024-04-17 06:00:00,0.642,0.6423,0.64154,0.64157
2024-04-17 07:00:00,0.64155,0.64189,0.64113,0.64133
2024-04-17 08:00:00,0.64133,0.64133,0.64032,0.64072
2024-04-17 09:00:00,0.6407,0.64283,0.64027,0.64277
2024-04-17 10:00:00,0.64277,0.64277,0.64149,0.64166
2024-04-17 11:00:00,0.64166,0.64317,0.64157,0.64265
2024-04-17 12:00:00,0.64264,0.6429,0.64181,0.64255
2024-04-17 13:00:00,0.64255,0.64294,0.64206,0.64212
2024-04-17 14:00:00,0.64212,0.64294,0.64211,0.64264
2024-04-17 15:00:00,0.64264,0.64292,0.64202,0.64239
2024-04-17 16:00:00,0.64237,0.64371,0.64231,0.64316
2024-04-17 17:00:00,0.64317,0.64317,0.6416,0.64195
2024-04-17 18:00:00,0.64196,0.64271,0.64154,0.64171
2024-04-17 19:00:00,0.64171,0.64204,0.64085,0.64181
2024-04-17 20:00:00,0.64181,0.64371,0.64171,0.6436
2024-04-17 21:00:00,0.64362,0.6446,0.64355,0.6436
2024-04-17 22:00:00,0.64359,0.64361,0.64301,0.64354
2024-04-17 23:00:00,0.64355,0.64362,0.64335,0.64343
2024-04-18 00:00:00,0.64317,0.6436,0.64226,0.64352
2024-04-18 01:00:00,0.64354,0.64376,0.64341,0.64371
2024-04-18 02:00:00,0.64371,0.64415,0.6437,0.64383
2024-04-18 03:00:00,0.64384,0.6441,0.64318,0.64396
2024-04-18 04:00:00,0.64396,0.64473,0.64313,0.64395
2024-04-18 05:00:00,0.64395,0.64542,0.64372,0.64522
2024-04-18 06:00:00,0.64522,0.64562,0.64473,0.64541
2024-04-18 07:00:00,0.64541,0.64542,0.64466,0.64472
2024-04-18 08:00:00,0.64472,0.64482,0.64408,0.64475
2024-04-18 09:00:00,0.64476,0.64553,0.64455,0.64515
2024-04-18 10:00:00,0.64515,0.64519,0.64421,0.64507
2024-04-18 11:00:00,0.64503,0.64523,0.64457,0.64474
2024-04-18 12:00:00,0.64475,0.64485,0.64404,0.64436
2024-04-18 13:00:00,0.64435,0.64466,0.64411,0.64432
2024-04-18 14:00:00,0.64432,0.64479,0.64399,0.64468
2024-04-18 15:00:00,0.64468,0.64477,0.64334,0.64406
2024-04-18 16:00:00,0.64407,0.64458,0.64251,0.64309
2024-04-18 17:00:00,0.64308,0.64382,0.64273,0.64326
2024-04-18 18:00:00,0.64326,0.64419,0.64293,0.64356
2024-04-18 19:00:00,0.64356,0.64379,0.64267,0.64285
2024-04-18 20:00:00,0.64285,0.64287,0.64163,0.6421
2024-04-18 21:00:00,0.6421,0.64232,0.6417,0.64194
2024-04-18 22:00:00,0.64194,0.64239,0.64193,0.64216
2024-04-18 23:00:00,0.64216,0.64228,0.64191,0.64209
2024-04-19 00:00:00,0.64187,0.64218,0.64126,0.64211
2024-04-19 01:00:00,0.64211,0.64222,0.6418,0.64182
2024-04-19 02:00:00,0.64183,0.64253,0.6418,0.6423
2024-04-19 03:00:00,0.6423,0.64242,0.64051,0.64062
2024-04-19 04:00:00,0.64062,0.64092,0.63658,0.6379
2024-04-19 05:00:00,0.63792,0.63806,0.63619,0.63724
2024-04-19 06:00:00,0.63724,0.63981,0.63708,0.63902
2024-04-19 07:00:00,0.63902,0.64032,0.639,0.64
2024-04-19 08:00:00,0.64,0.64039,0.63939,0.63966
2024-04-19 09:00:00,0.63966,0.64125,0.63935,0.64091
2024-04-19 10:00:00,0.64091,0.64248,0.64085,0.64227
2024-04-19 11:00:00,0.64227,0.64227,0.64113,0.64154
2024-04-19 12:00:00,0.64152,0.64236,0.64146,0.6421
2024-04-19 13:00:00,0.64206,0.64206,0.64074,0.64097
2024-04-19 14:00:00,0.64096,0.64125,0.64056,0.64106
2024-04-19 15:00:00,0.64107,0.64265,0.64067,0.64207
2024-04-19 16:00:00,0.64208,0.64257,0.64139,0.64194
2024-04-19 17:00:00,0.64193,0.64327,0.64181,0.64209
2024-04-19 18:00:00,0.64209,0.64291,0.64204,0.64217
2024-04-19 19:00:00,0.64217,0.64251,0.64075,0.64212
2024-04-19 20:00:00,0.64211,0.64258,0.64182,0.64221
2024-04-19 21:00:00,0.64221,0.64221,0.6413,0.64164
2024-04-19 22:00:00,0.64164,0.64204,0.6415,0.6418
2024-04-19 23:00:00,0.6418,0.64187,0.6416,0.64166
2024-04-22 00:00:00,0.64076,0.64177,0.64045,0.64158
2024-04-22 01:00:00,0.64158,0.64213,0.64134,0.64207
2024-04-22 02:00:00,0.64207,0.64265,0.64207,0.64249
2024-04-22 03:00:00,0.64249,0.64431,0.64231,0.64322
2024-04-22 04:00:00,0.64322,0.64526,0.64319,0.64514
2024-04-22 05:00:00,0.64516,0.64548,0.64443,0.64452
2024-04-22 06:00:00,0.64452,0.64455,0.64354,0.64369
2024-04-22 07:00:00,0.64369,0.64392,0.64343,0.64345
2024-04-22 08:00:00,0.64345,0.6436,0.64294,0.64331
2024-04-22 09:00:00,0.64328,0.64371,0.64278,0.64293
2024-04-22 10:00:00,0.64293,0.64341,0.6426,0.64293
2024-04-22 11:00:00,0.64292,0.64363,0.64267,0.64353
2024-04-22 12:00:00,0.64352,0.64421,0.64336,0.64346
2024-04-22 13:00:00,0.64345,0.64402,0.64344,0.64382
2024-04-22 14:00:00,0.64381,0.64386,0.64326,0.64375
2024-04-22 15:00:00,0.64376,0.64439,0.64359,0.64374
2024-04-22 16:00:00,0.64374,0.64377,0.64245,0.64323
2024-04-22 17:00:00,0.64323,0.64428,0.64307,0.64351
2024-04-22 18:00:00,0.64354,0.64394,0.64328,0.64387
2024-04-22 19:00:00,0.64387,0.64443,0.64387,0.64416
2024-04-22 20:00:00,0.64416,0.64498,0.64416,0.64491
2024-04-22 21:00:00,0.64491,0.64536,0.64476,0.64516
2024-04-22 22:00:00,0.64516,0.64519,0.64461,0.64489
2024-04-22 23:00:00,0.64489,0.64497,0.64464,0.64489
2024-04-23 00:00:00,0.64489,0.64489,0.64428,0.64484
2024-04-23 01:00:00,0.64484,0.64508,0.64484,0.64487
2024-04-23 02:00:00,0.6449,0.64517,0.64465,0.64514
2024-04-23 03:00:00,0.64514,0.64595,0.64497,0.64593
2024-04-23 04:00:00,0.64593,0.64624,0.64501,0.6453
2024-04-23 05:00:00,0.6453,0.64652,0.64529,0.64614
2024-04-23 06:00:00,0.64613,0.64625,0.6454,0.6458
2024-04-23 07:00:00,0.6458,0.6463,0.64577,0.64586
2024-04-23 08:00:00,0.64586,0.64586,0.64519,0.64552
2024-04-23 09:00:00,0.6455,0.64569,0.64488,0.64496
2024-04-23 10:00:00,0.6449,0.64618,0.64448,0.64486
2024-04-23 11:00:00,0.64484,0.64536,0.64441,0.64443
2024-04-23 12:00:00,0.64442,0.64472,0.6441,0.64464
2024-04-23 13:00:00,0.64462,0.64517,0.64461,0.6451
2024-04-23 14:00:00,0.6451,0.64566,0.64489,0.64545
2024-04-23 15:00:00,0.64545,0.64569,0.64514,0.64557
2024-04-23 16:00:00,0.64557,0.64825,0.64506,0.64813
2024-04-23 17:00:00,0.64818,0.64899,0.64756,0.64763
2024-04-23 18:00:00,0.64765,0.64815,0.64709,0.64775
2024-04-23 19:00:00,0.64776,0.64863,0.64769,0.64843
2024-04-23 20:00:00,0.64843,0.64899,0.6483,0.64885
2024-04-23 21:00:00,0.64885,0.64896,0.64858,0.64875
2024-04-23 22:00:00,0.64876,0.64884,0.64851,0.64857
2024-04-23 23:00:00,0.64859,0.64879,0.64838,0.64863
2024-04-24 00:00:00,0.64841,0.64877,0.64712,0.64866
2024-04-24 01:00:00,0.64866,0.64899,0.6486,0.6487
2024-04-24 02:00:00,0.64878,0.64897,0.64841,0.64878
2024-04-24 03:00:00,0.64878,0.64954,0.6486,0.64942
2024-04-24 04:00:00,0.64943,0.65247,0.6493,0.65244
2024-04-24 05:00:00,0.65245,0.65293,0.652,0.65207
2024-04-24 06:00:00,0.65207,0.65208,0.65122,0.65171
2024-04-24 07:00:00,0.6517,0.65197,0.65151,0.65176
2024-04-24 08:00:00,0.65176,0.65206,0.65137,0.65176
2024-04-24 09:00:00,0.65176,0.65197,0.65065,0.65077
2024-04-24 10:00:00,0.65075,0.65093,0.65014,0.6505
2024-04-24 11:00:00,0.6505,0.65071,0.6502,0.65047
2024-04-24 12:00:00,0.65049,0.6508,0.64988,0.64991
2024-04-24 13:00:00,0.6499,0.65043,0.64974,0.64985
2024-04-24 14:00:00,0.64985,0.65061,0.64985,0.6505
2024-04-24 15:00:00,0.6505,0.65094,0.64962,0.64993
2024-04-24 16:00:00,0.64992,0.65062,0.64951,0.64973
2024-04-24 17:00:00,0.64973,0.65004,0.64884,0.64922
2024-04-24 18:00:00,0.64922,0.64952,0.6483,0.64848
2024-04-24 19:00:00,0.64847,0.64923,0.64845,0.64922
2024-04-24 20:00:00,0.64922,0.64999,0.64921,0.64988
2024-04-24 21:00:00,0.64988,0.64992,0.64902,0.64939
2024-04-24 22:00:00,0.64939,0.65036,0.64927,0.65006
2024-04-24 23:00:00,0.65005,0.65006,0.64932,0.64971
2024-04-25 00:00:00,0.64964,0.64964,0.64847,0.64958
2024-04-25 01:00:00,0.6496,0.64971,0.6494,0.64953
2024-04-25 02:00:00,0.64953,0.64974,0.64949,0.64973
2024-04-25 03:00:00,0.64973,0.65028,0.64973,0.64999
2024-04-25 04:00:00,0.64999,0.65054,0.64913,0.65033
2024-04-25 05:00:00,0.65033,0.651,0.65018,0.65063
2024-04-25 06:00:00,0.65063,0.65075,0.6498,0.65029
2024-04-25 07:00:00,0.65028,0.65075,0.65019,0.65063
2024-04-25 08:00:00,0.65064,0.65125,0.65049,0.65107
2024-04-25 09:00:00,0.65108,0.65206,0.65076,0.65199
2024-04-25 10:00:00,0.65198,0.6525,0.65129,0.65227
2024-04-25 11:00:00,0.65229,0.65295,0.65223,0.65287
2024-04-25 12:00:00,0.65286,0.65298,0.6526,0.65275
2024-04-25 13:00:00,0.65275,0.65292,0.65244,0.65265
2024-04-25 14:00:00,0.65264,0.65329,0.65251,0.65306
2024-04-25 15:00:00,0.65305,0.65389,0.64919,0.64976
2024-04-25 16:00:00,0.64981,0.65037,0.64853,0.64932
2024-04-25 17:00:00,0.64931,0.65098,0.64865,0.64987
2024-04-25 18:00:00,0.64986,0.65071,0.64975,0.65051
2024-04-25 19:00:00,0.6505,0.65142,0.65007,0.65126
2024-04-25 20:00:00,0.65126,0.65194,0.65106,0.6518
2024-04-25 21:00:00,0.6518,0.65181,0.651,0.65136
2024-04-25 22:00:00,0.65136,0.65216,0.65135,0.65166
2024-04-25 23:00:00,0.65166,0.65205,0.65159,0.65179
2024-04-26 00:00:00,0.65179,0.65187,0.65135,0.65181
2024-04-26 01:00:00,0.65169,0.65237,0.65145,0.65218
2024-04-26 02:00:00,0.65218,0.65255,0.65213,0.65216
2024-04-26 03:00:00,0.65213,0.65267,0.65183,0.6525
2024-04-26 04:00:00,0.6525,0.65319,0.65238,0.65296
2024-04-26 05:00:00,0.65296,0.65307,0.65186,0.65234
2024-04-26 06:00:00,0.65234,0.65266,0.65181,0.65227
2024-04-26 07:00:00,0.65227,0.65289,0.65212,0.65273
2024-04-26 08:00:00,0.65273,0.65446,0.65267,0.6539
2024-04-26 09:00:00,0.65391,0.65507,0.65383,0.65458
2024-04-26 10:00:00,0.65459,0.65477,0.65378,0.65424
2024-04-26 11:00:00,0.65424,0.65538,0.65419,0.65482
2024-04-26 12:00:00,0.6548,0.65487,0.65367,0.65378
2024-04-26 13:00:00,0.65381,0.65381,0.6531,0.65328
2024-04-26 14:00:00,0.65325,0.65405,0.65325,0.65352
2024-04-26 15:00:00,0.65352,0.65538,0.65325,0.65437
2024-04-26 16:00:00,0.6544,0.65478,0.65377,0.65438
2024-04-26 17:00:00,0.6544,0.65492,0.65251,0.65261
2024-04-26 18:00:00,0.65261,0.65298,0.65171,0.65265
2024-04-26 19:00:00,0.65266,0.6531,0.65251,0.65306
2024-04-26 20:00:00,0.65306,0.65333,0.65301,0.65323
2024-04-26 21:00:00,0.65322,0.65389,0.65317,0.65388
2024-04-26 22:00:00,0.65388,0.65399,0.65321,0.65339
2024-04-26 23:00:00,0.65339,0.65349,0.65292,0.65326
2024-04-29 00:00:00,0.6524,0.65309,0.65165,0.6529
2024-04-29 01:00:00,0.65302,0.65379,0.65302,0.65356
2024-04-29 02:00:00,0.65358,0.65418,0.65354,0.65415
2024-04-29 03:00:00,0.65417,0.6551,0.65361,0.65503
2024-04-29 04:00:00,0.65503,0.65604,0.65457,0.65582
2024-04-29 05:00:00,0.65582,0.65679,0.65562,0.65645
2024-04-29 06:00:00,0.65645,0.65659,0.65618,0.65648
2024-04-29 07:00:00,0.65648,0.65864,0.65634,0.65758
2024-04-29 08:00:00,0.65758,0.65801,0.65649,0.65671
2024-04-29 09:00:00,0.65673,0.65707,0.65517,0.65522
2024-04-29 10:00:00,0.65524,0.65647,0.65494,0.65634
2024-04-29 11:00:00,0.65631,0.65654,0.65518,0.65565
2024-04-29 12:00:00,0.65565,0.65655,0.65537,0.65636
2024-04-29 13:00:00,0.65636,0.65656,0.6562,0.65638
2024-04-29 14:00:00,0.65638,0.65699,0.65627,0.65651
2024-04-29 15:00:00,0.65653,0.65696,0.65549,0.65558
2024-04-29 16:00:00,0.65557,0.65595,0.65484,0.65504
2024-04-29 17:00:00,0.65503,0.65589,0.65459,0.65585
2024-04-29 18:00:00,0.65585,0.65626,0.65574,0.65611
2024-04-29 19:00:00,0.65613,0.6572,0.65609,0.65686
2024-04-29 20:00:00,0.65688,0.65736,0.65678,0.65685
2024-04-29 21:00:00,0.65684,0.65699,0.6564,0.65684
2024-04-29 22:00:00,0.65684,0.65684,0.65591,0.6568
2024-04-29 23:00:00,0.6568,0.65689,0.65649,0.65657
2024-04-30 00:00:00,0.65656,0.65661,0.6557,0.65655
2024-04-30 01:00:00,0.65655,0.65672,0.65626,0.65637
2024-04-30 02:00:00,0.65637,0.65661,0.65598,0.65599
2024-04-30 03:00:00,0.65601,0.65645,0.65538,0.65599
2024-04-30 04:00:00,0.65599,0.65641,0.65434,0.65437
2024-04-30 05:00:00,0.65437,0.65451,0.65369,0.65419
2024-04-30 06:00:00,0.65419,0.65427,0.65299,0.65335
2024-04-30 07:00:00,0.65335,0.65356,0.6531,0.6533
2024-04-30 08:00:00,0.6533,0.65331,0.65215,0.6524
2024-04-30 09:00:00,0.65242,0.65255,0.65138,0.6522
2024-04-30 10:00:00,0.6522,0.65296,0.65209,0.6528
2024-04-30 11:00:00,0.65281,0.65288,0.65238,0.65274
2024-04-30 12:00:00,0.65276,0.65346,0.65273,0.65315
2024-04-30 13:00:00,0.65315,0.65365,0.653,0.65315
2024-04-30 14:00:00,0.65311,0.65313,0.65267,0.65274
2024-04-30 15:00:00,0.65274,0.65301,0.64975,0.64995
2024-04-30 16:00:00,0.65002,0.65096,0.64904,0.64919
2024-04-30 17:00:00,0.64917,0.65047,0.6489,0.64925
2024-04-30 18:00:00,0.64927,0.64995,0.6486,0.64886
2024-04-30 19:00:00,0.64886,0.64906,0.64816,0.64868
2024-04-30 20:00:00,0.64868,0.649,0.64851,0.64899
2024-04-30 21:00:00,0.649,0.6492,0.64799,0.64823
2024-04-30 22:00:00,0.64824,0.64851,0.64769,0.64773
2024-04-30 23:00:00,0.64771,0.64793,0.64711,0.64721
2024-05-01 00:00:00,0.64728,0.6479,0.64682,0.64741
2024-05-01 01:00:00,0.64747,0.64752,0.64695,0.64728
2024-05-01 02:00:00,0.64728,0.64781,0.64715,0.64744
2024-05-01 03:00:00,0.64744,0.64758,0.64657,0.64657
2024-05-01 04:00:00,0.64657,0.64724,0.64654,0.64716
2024-05-01 05:00:00,0.64714,0.6473,0.64668,0.64711
2024-05-01 06:00:00,0.64711,0.64715,0.6466,0.64675
2024-05-01 07:00:00,0.64675,0.64729,0.64651,0.64711
2024-05-01 08:00:00,0.6471,0.64777,0.64698,0.64754
2024-05-01 09:00:00,0.64753,0.64802,0.64728,0.64746
2024-05-01 10:00:00,0.64746,0.6481,0.64733,0.64764
2024-05-01 11:00:00,0.64764,0.64809,0.64744,0.64798
2024-05-01 12:00:00,0.648,0.64823,0.64779,0.64813
2024-05-01 13:00:00,0.64813,0.64828,0.6478,0.64797
2024-05-01 14:00:00,0.64797,0.64829,0.64784,0.64813
2024-05-01 15:00:00,0.64813,0.64924,0.64812,0.64849
2024-05-01 16:00:00,0.64849,0.64909,0.64829,0.64866
2024-05-01 17:00:00,0.64918,0.64965,0.64835,0.64898
2024-05-01 18:00:00,0.64898,0.64973,0.64881,0.64934
2024-05-01 19:00:00,0.64934,0.64934,0.6489,0.64891
2024-05-01 20:00:00,0.64892,0.64906,0.64847,0.64885
2024-05-01 21:00:00,0.64879,0.65399,0.6483,0.65336
2024-05-01 22:00:00,0.6534,0.65371,0.65006,0.65009
2024-05-01 23:00:00,0.65007,0.65303,0.64996,0.65223
2024-05-02 00:00:00,0.65219,0.6525,0.65128,0.65236
2024-05-02 01:00:00,0.65223,0.65308,0.65216,0.6527
2024-05-02 02:00:00,0.65268,0.65326,0.65238,0.65295
2024-05-02 03:00:00,0.65295,0.65315,0.65211,0.6522
2024-05-02 04:00:00,0.65219,0.65307,0.65153,0.65305
2024-05-02 05:00:00,0.65306,0.65382,0.65306,0.65352
2024-05-02 06:00:00,0.6535,0.65352,0.65259,0.65293
2024-05-02 07:00:00,0.65293,0.65363,0.65283,0.65344
2024-05-02 08:00:00,0.65343,0.65423,0.65329,0.65403
2024-05-02 09:00:00,0.65405,0.6547,0.65323,0.65366
2024-05-02 10:00:00,0.65364,0.65487,0.65347,0.65393
2024-05-02 11:00:00,0.65396,0.65449,0.65351,0.65368
2024-05-02 12:00:00,0.65369,0.65397,0.65286,0.6531
2024-05-02 13:00:00,0.65311,0.65311,0.65216,0.65232
2024-05-02 14:00:00,0.65232,0.65296,0.65197,0.6529
2024-05-02 15:00:00,0.6529,0.65428,0.65274,0.65289
2024-05-02 16:00:00,0.65289,0.65346,0.65223,0.6526
2024-05-02 17:00:00,0.65259,0.65374,0.65167,0.65348
2024-05-02 18:00:00,0.65347,0.65477,0.65332,0.6546
2024-05-02 19:00:00,0.65461,0.65594,0.65422,0.65567
2024-05-02 20:00:00,0.65569,0.65635,0.65546,0.65611
2024-05-02 21:00:00,0.65611,0.65731,0.65603,0.6573
2024-05-02 22:00:00,0.6573,0.6573,0.65621,0.6565
2024-05-02 23:00:00,0.6565,0.65657,0.65628,0.65646
2024-05-03 00:00:00,0.65614,0.65664,0.65596,0.65637
2024-05-03 01:00:00,0.65637,0.65704,0.65637,0.65688
2024-05-03 02:00:00,0.65688,0.6574,0.65688,0.65697
2024-05-03 03:00:00,0.65702,0.65788,0.65642,0.65781
2024-05-03 04:00:00,0.65781,0.6585,0.6575,0.65799
2024-05-03 05:00:00,0.65798,0.65802,0.65727,0.65751
2024-05-03 06:00:00,0.65751,0.65776,0.65705,0.65749
2024-05-03 07:00:00,0.6575,0.65762,0.65704,0.65732
2024-05-03 08:00:00,0.65732,0.65835,0.65731,0.65785
2024-05-03 09:00:00,0.65786,0.65786,0.65693,0.65718
2024-05-03 10:00:00,0.65718,0.65773,0.65679,0.65745
2024-05-03 11:00:00,0.65744,0.6583,0.65733,0.65816
2024-05-03 12:00:00,0.65817,0.65837,0.65785,0.65817
2024-05-03 13:00:00,0.65817,0.65835,0.65794,0.65834
2024-05-03 14:00:00,0.65834,0.65857,0.65773,0.65801
2024-05-03 15:00:00,0.65803,0.66469,0.65788,0.66371
2024-05-03 16:00:00,0.66366,0.6639,0.66209,0.66276
2024-05-03 17:00:00,0.6648,0.66485,0.66001,0.66091
2024-05-03 18:00:00,0.66091,0.66202,0.66057,0.66139
2024-05-03 19:00:00,0.6614,0.66174,0.66091,0.66108
2024-05-03 20:00:00,0.66108,0.66143,0.66056,0.66126
2024-05-03 21:00:00,0.66126,0.66143,0.66115,0.66132
2024-05-03 22:00:00,0.6613,0.66152,0.66115,0.6612
2024-05-03 23:00:00,0.66118,0.66129,0.66083,0.66088
2024-05-06 00:00:00,0.6616,0.66173,0.66025,0.66073
2024-05-06 01:00:00,0.66079,0.66136,0.66073,0.66132
2024-05-06 02:00:00,0.66132,0.66173,0.66082,0.66082
2024-05-06 03:00:00,0.66082,0.66175,0.66048,0.66162
2024-05-06 04:00:00,0.66162,0.66221,0.66118,0.66198
2024-05-06 05:00:00,0.66203,0.66239,0.66154,0.66168
2024-05-06 06:00:00,0.66168,0.6619,0.66113,0.66149
2024-05-06 07:00:00,0.66148,0.66157,0.66105,0.66142
2024-05-06 08:00:00,0.66142,0.6617,0.66096,0.66122
2024-05-06 09:00:00,0.6612,0.66238,0.66117,0.66208
2024-05-06 10:00:00,0.66207,0.66258,0.66204,0.66218
2024-05-06 11:00:00,0.66218,0.66296,0.66172,0.66273
2024-05-06 12:00:00,0.66274,0.66279,0.66233,0.66263
2024-05-06 13:00:00,0.66263,0.66288,0.66249,0.6626
2024-05-06 14:00:00,0.6626,0.66301,0.6625,0.663
2024-05-06 15:00:00,0.66299,0.66381,0.66294,0.66339
2024-05-06 16:00:00,0.66339,0.66356,0.66287,0.66304
2024-05-06 17:00:00,0.66306,0.66364,0.66258,0.66267
2024-05-06 18:00:00,0.66263,0.66264,0.66197,0.66221
2024-05-06 19:00:00,0.66218,0.66264,0.66194,0.66264
2024-05-06 20:00:00,0.66264,0.66292,0.66243,0.66275
2024-05-06 21:00:00,0.66275,0.66291,0.66254,0.66264
2024-05-06 22:00:00,0.66264,0.66269,0.66198,0.66217
2024-05-06 23:00:00,0.66219,0.66259,0.66204,0.66248
2024-05-07 00:00:00,0.66246,0.66246,0.66149,0.66231
2024-05-07 01:00:00,0.66231,0.66245,0.66227,0.66232
2024-05-07 02:00:00,0.66232,0.66258,0.66205,0.66232
2024-05-07 03:00:00,0.66232,0.66435,0.66231,0.66391
2024-05-07 04:00:00,0.66386,0.66427,0.66215,0.66245
2024-05-07 05:00:00,0.66245,0.66254,0.66184,0.66207
2024-05-07 06:00:00,0.66207,0.66295,0.66207,0.66289
2024-05-07 07:00:00,0.66289,0.663,0.65973,0.66076
2024-05-07 08:00:00,0.66077,0.66134,0.65978,0.66013
2024-05-07 09:00:00,0.66009,0.66012,0.65866,0.65921
2024-05-07 10:00:00,0.65922,0.66021,0.6591,0.66006
2024-05-07 11:00:00,0.66006,0.66021,0.65922,0.65996
2024-05-07 12:00:00,0.65996,0.66004,0.65925,0.65945
2024-05-07 13:00:00,0.65945,0.66041,0.65931,0.66039
2024-05-07 14:00:00,0.66042,0.66097,0.66033,0.66045
2024-05-07 15:00:00,0.66045,0.66193,0.6603,0.66186
2024-05-07 16:00:00,0.66186,0.66237,0.6615,0.66156
2024-05-07 17:00:00,0.66156,0.66207,0.6615,0.66195
2024-05-07 18:00:00,0.66195,0.66203,0.66068,0.66068
2024-05-07 19:00:00,0.66068,0.66111,0.66,0.66014
2024-05-07 20:00:00,0.66015,0.66025,0.65927,0.6593
2024-05-07 21:00:00,0.65928,0.65933,0.6588,0.65927
2024-05-07 22:00:00,0.65927,0.65995,0.65926,0.65985
2024-05-07 23:00:00,0.65984,0.65988,0.65942,0.6597
2024-05-08 00:00:00,0.65967,0.65985,0.65936,0.65957
2024-05-08 01:00:00,0.65957,0.65974,0.65907,0.65908
2024-05-08 02:00:00,0.65911,0.65918,0.65872,0.65882
2024-05-08 03:00:00,0.65881,0.65938,0.6581,0.65817
2024-05-08 04:00:00,0.65817,0.65825,0.65708,0.65712
2024-05-08 05:00:00,0.65709,0.65759,0.6569,0.65732
2024-05-08 06:00:00,0.65732,0.6576,0.65707,0.65727
2024-05-08 07:00:00,0.65727,0.65791,0.65691,0.6577
2024-05-08 08:00:00,0.6577,0.65793,0.6575,0.65775
2024-05-08 09:00:00,0.65774,0.65815,0.65741,0.65749
2024-05-08 10:00:00,0.65749,0.65766,0.65692,0.657
2024-05-08 11:00:00,0.65697,0.65697,0.65643,0.65651
2024-05-08 12:00:00,0.65651,0.65733,0.65646,0.65707
2024-05-08 13:00:00,0.65709,0.65721,0.65666,0.65694
2024-05-08 14:00:00,0.65692,0.65709,0.65621,0.65638
2024-05-08 15:00:00,0.65637,0.65639,0.65577,0.65618
2024-05-08 16:00:00,0.65619,0.65706,0.65617,0.65662
2024-05-08 17:00:00,0.65666,0.65764,0.65641,0.65747
2024-05-08 18:00:00,0.65747,0.65849,0.65687,0.65828
2024-05-08 19:00:00,0.65828,0.65837,0.65757,0.65767
2024-05-08 20:00:00,0.65767,0.65782,0.65748,0.65772
2024-05-08 21:00:00,0.65772,0.65793,0.65752,0.65763
2024-05-08 22:00:00,0.65763,0.6578,0.65753,0.6578
2024-05-08 23:00:00,0.6578,0.65795,0.65762,0.65786
2024-05-09 00:00:00,0.65786,0.65794,0.65725,0.65794
2024-05-09 01:00:00,0.65798,0.65813,0.65782,0.65797
2024-05-09 02:00:00,0.65801,0.65807,0.65762,0.65773
2024-05-09 03:00:00,0.65773,0.65777,0.65691,0.65704
2024-05-09 04:00:00,0.65705,0.65834,0.65696,0.65802
2024-05-09 05:00:00,0.65802,0.65803,0.6573,0.65747
2024-05-09 06:00:00,0.65746,0.65861,0.65743,0.6583
2024-05-09 07:00:00,0.6583,0.65853,0.65781,0.65789
2024-05-09 08:00:00,0.65789,0.65807,0.65756,0.65774
2024-05-09 09:00:00,0.65773,0.65774,0.65655,0.65667
2024-05-09 10:00:00,0.65666,0.6575,0.65652,0.65745
2024-05-09 11:00:00,0.65745,0.6579,0.65719,0.6576
2024-05-09 12:00:00,0.6576,0.65779,0.65733,0.65749
2024-05-09 13:00:00,0.65749,0.65798,0.65746,0.6576
2024-05-09 14:00:00,0.65759,0.65856,0.65747,0.65826
2024-05-09 15:00:00,0.65825,0.66074,0.65825,0.66026
2024-05-09 16:00:00,0.66027,0.66035,0.65898,0.66017
2024-05-09 17:00:00,0.66017,0.66123,0.66017,0.66069
2024-05-09 18:00:00,0.66069,0.661,0.66018,0.66041
2024-05-09 19:00:00,0.66041,0.66096,0.66041,0.66087
2024-05-09 20:00:00,0.66087,0.66138,0.66075,0.66103
2024-05-09 21:00:00,0.66103,0.6619,0.66092,0.66187
2024-05-09 22:00:00,0.66187,0.66206,0.66167,0.66194
2024-05-09 23:00:00,0.66193,0.66205,0.66181,0.66193
2024-05-10 00:00:00,0.66191,0.66193,0.66014,0.66188
2024-05-10 01:00:00,0.6619,0.66225,0.6619,0.66212
2024-05-10 02:00:00,0.66212,0.66226,0.66165,0.66166
2024-05-10 03:00:00,0.66167,0.66185,0.66103,0.66115
2024-05-10 04:00:00,0.66115,0.66179,0.6608,0.6608
2024-05-10 05:00:00,0.66078,0.66081,0.65989,0.6603
2024-05-10 06:00:00,0.6603,0.6606,0.66012,0.66059
2024-05-10 07:00:00,0.66059,0.66086,0.66059,0.66066
2024-05-10 08:00:00,0.66066,0.66113,0.66063,0.66085
2024-05-10 09:00:00,0.66085,0.66145,0.66064,0.66107
2024-05-10 10:00:00,0.66108,0.66167,0.66071,0.66107
2024-05-10 11:00:00,0.66109,0.6616,0.66075,0.66084
2024-05-10 12:00:00,0.66086,0.66129,0.66069,0.66112
2024-05-10 13:00:00,0.66112,0.66123,0.66071,0.66095
2024-05-10 14:00:00,0.66095,0.661,0.66046,0.66046
2024-05-10 15:00:00,0.66044,0.66127,0.66039,0.66091
2024-05-10 16:00:00,0.66092,0.66221,0.66079,0.66188
2024-05-10 17:00:00,0.66154,0.66202,0.65961,0.66024
2024-05-10 18:00:00,0.66024,0.66059,0.65969,0.66055
2024-05-10 19:00:00,0.66057,0.66094,0.66021,0.66067
2024-05-10 20:00:00,0.66068,0.66073,0.66032,0.66049
2024-05-10 21:00:00,0.66049,0.66063,0.66026,0.66056
2024-05-10 22:00:00,0.66056,0.66091,0.66041,0.66059
2024-05-10 23:00:00,0.66059,0.66062,0.66016,0.66034
2024-05-13 00:00:00,0.6601,0.66023,0.65978,0.65995
2024-05-13 01:00:00,0.65995,0.66049,0.65995,0.66025
2024-05-13 02:00:00,0.66028,0.66064,0.65997,0.65998
2024-05-13 03:00:00,0.65996,0.66038,0.65938,0.65951
2024-05-13 04:00:00,0.65951,0.65979,0.65854,0.65864
2024-05-13 05:00:00,0.65864,0.65995,0.6586,0.65978
2024-05-13 06:00:00,0.65978,0.65992,0.65932,0.65986
2024-05-13 07:00:00,0.65985,0.66003,0.65939,0.65945
2024-05-13 08:00:00,0.65945,0.65993,0.65934,0.65936
2024-05-13 09:00:00,0.65936,0.66,0.65936,0.65972
2024-05-13 10:00:00,0.65972,0.66048,0.65961,0.66027
2024-05-13 11:00:00,0.66027,0.66095,0.66012,0.66078
2024-05-13 12:00:00,0.66079,0.66124,0.66062,0.66081
2024-05-13 13:00:00,0.6608,0.66099,0.66073,0.66097
2024-05-13 14:00:00,0.66097,0.66191,0.66092,0.66165
2024-05-13 15:00:00,0.66165,0.66245,0.66164,0.66223
2024-05-13 16:00:00,0.66223,0.66286,0.66199,0.66213
2024-05-13 17:00:00,0.66213,0.66231,0.66145,0.66209
2024-05-13 18:00:00,0.66212,0.66212,0.66048,0.66093
2024-05-13 19:00:00,0.66093,0.66126,0.66065,0.66074
2024-05-13 20:00:00,0.66074,0.66081,0.66014,0.66074
2024-05-13 21:00:00,0.66073,0.66097,0.66046,0.66084
2024-05-13 22:00:00,0.66085,0.66086,0.66055,0.66069
2024-05-13 23:00:00,0.66069,0.66076,0.66056,0.66072
2024-05-14 00:00:00,0.6607,0.66076,0.66026,0.66055
2024-05-14 01:00:00,0.66055,0.66089,0.66055,0.66085
2024-05-14 02:00:00,0.66085,0.66118,0.66075,0.66109
2024-05-14 03:00:00,0.66107,0.66112,0.66024,0.66045
2024-05-14 04:00:00,0.66046,0.66086,0.65983,0.66019
2024-05-14 05:00:00,0.6602,0.66026,0.65988,0.66014
2024-05-14 06:00:00,0.66014,0.66046,0.65998,0.66013
2024-05-14 07:00:00,0.66013,0.66015,0.6598,0.65995
2024-05-14 08:00:00,0.65995,0.66026,0.65979,0.65996
2024-05-14 09:00:00,0.65996,0.66034,0.65987,0.66011
2024-05-14 10:00:00,0.66011,0.66085,0.66009,0.66083
2024-05-14 11:00:00,0.66083,0.66085,0.66009,0.6603
2024-05-14 12:00:00,0.6603,0.66121,0.66024,0.6611
2024-05-14 13:00:00,0.66109,0.66118,0.66079,0.66114
2024-05-14 14:00:00,0.66113,0.66138,0.66094,0.66096
2024-05-14 15:00:00,0.66096,0.66221,0.6579,0.66175
2024-05-14 16:00:00,0.66175,0.6627,0.66124,0.6626
2024-05-14 17:00:00,0.66259,0.66275,0.66183,0.66239
2024-05-14 18:00:00,0.66239,0.66274,0.66202,0.6622
2024-05-14 19:00:00,0.6622,0.66223,0.66186,0.66204
2024-05-14 20:00:00,0.66204,0.66207,0.66164,0.66174
2024-05-14 21:00:00,0.66174,0.66251,0.6617,0.6623
2024-05-14 22:00:00,0.66229,0.66273,0.66229,0.66262
2024-05-14 23:00:00,0.66261,0.66271,0.66237,0.66261
2024-05-15 00:00:00,0.66229,0.66259,0.66184,0.6624
2024-05-15 01:00:00,0.66239,0.66255,0.66238,0.66254
2024-05-15 02:00:00,0.66254,0.66256,0.66216,0.66235
2024-05-15 03:00:00,0.66236,0.66305,0.6623,0.6626
2024-05-15 04:00:00,0.66262,0.66327,0.6621,0.66318
2024-05-15 05:00:00,0.66319,0.66441,0.6631,0.66407
2024-05-15 06:00:00,0.66407,0.66508,0.66404,0.66472
2024-05-15 07:00:00,0.66472,0.66479,0.66408,0.66416
2024-05-15 08:00:00,0.66415,0.66481,0.66406,0.66465
2024-05-15 09:00:00,0.66465,0.66476,0.66385,0.66428
2024-05-15 10:00:00,0.66428,0.66454,0.66404,0.66427
2024-05-15 11:00:00,0.66426,0.66481,0.66426,0.66457
2024-05-15 12:00:00,0.66455,0.66459,0.66408,0.6645
2024-05-15 13:00:00,0.6645,0.66451,0.6636,0.66378
2024-05-15 14:00:00,0.66379,0.66425,0.66359,0.66419
2024-05-15 15:00:00,0.66419,0.66787,0.66333,0.66613
2024-05-15 16:00:00,0.66613,0.66677,0.66282,0.66356
2024-05-15 17:00:00,0.66355,0.6666,0.663,0.66651
2024-05-15 18:00:00,0.66652,0.66869,0.66619,0.66725
2024-05-15 19:00:00,0.66727,0.66867,0.66677,0.66862
2024-05-15 20:00:00,0.66862,0.66949,0.66862,0.66942
2024-05-15 21:00:00,0.66943,0.66947,0.66846,0.66901
2024-05-15 22:00:00,0.66901,0.66928,0.66861,0.66923
2024-05-15 23:00:00,0.66924,0.66935,0.66895,0.66928
2024-05-16 00:00:00,0.66909,0.66927,0.66775,0.66901
2024-05-16 01:00:00,0.66901,0.66982,0.66901,0.66957
2024-05-16 02:00:00,0.6696,0.67014,0.66945,0.66995
2024-05-16 03:00:00,0.66995,0.67137,0.6696,0.67119
2024-05-16 04:00:00,0.67118,0.67119,0.66812,0.66858
2024-05-16 05:00:00,0.6686,0.66926,0.66768,0.66919
2024-05-16 06:00:00,0.66918,0.66978,0.66895,0.6692
2024-05-16 07:00:00,0.66921,0.66921,0.66847,0.66865
2024-05-16 08:00:00,0.66865,0.66875,0.66788,0.66808
2024-05-16 09:00:00,0.6681,0.66812,0.66741,0.66788
2024-05-16 10:00:00,0.6679,0.66891,0.66766,0.66858
2024-05-16 11:00:00,0.66857,0.66897,0.66781,0.66799
2024-05-16 12:00:00,0.66801,0.66822,0.66751,0.66787
2024-05-16 13:00:00,0.66787,0.66796,0.6672,0.66751
2024-05-16 14:00:00,0.66751,0.66775,0.66684,0.6669
2024-05-16 15:00:00,0.6669,0.66812,0.66648,0.66665
2024-05-16 16:00:00,0.66665,0.66678,0.6654,0.66601
2024-05-16 17:00:00,0.66604,0.66772,0.66571,0.66762
2024-05-16 18:00:00,0.66762,0.66824,0.66722,0.6682
2024-05-16 19:00:00,0.66822,0.66822,0.66747,0.66783
2024-05-16 20:00:00,0.66781,0.66802,0.6675,0.66783
2024-05-16 21:00:00,0.66784,0.66801,0.6674,0.66796
2024-05-16 22:00:00,0.66795,0.6683,0.66771,0.6678
2024-05-16 23:00:00,0.66777,0.66784,0.6674,0.66776
2024-05-17 00:00:00,0.66765,0.66778,0.66701,0.6676
2024-05-17 01:00:00,0.6676,0.66801,0.6676,0.66786
2024-05-17 02:00:00,0.66785,0.66834,0.66781,0.66819
2024-05-17 03:00:00,0.66819,0.66832,0.66719,0.66729
2024-05-17 04:00:00,0.66729,0.66762,0.66658,0.66707
2024-05-17 05:00:00,0.66709,0.66733,0.66584,0.6663
2024-05-17 06:00:00,0.6663,0.66659,0.66618,0.66631
2024-05-17 07:00:00,0.66632,0.6664,0.6661,0.66624
2024-05-17 08:00:00,0.66624,0.66726,0.66619,0.66719
2024-05-17 09:00:00,0.66712,0.66767,0.66667,0.66686
2024-05-17 10:00:00,0.66685,0.66758,0.6662,0.66638
2024-05-17 11:00:00,0.66638,0.66658,0.66506,0.66544
2024-05-17 12:00:00,0.66544,0.66558,0.66501,0.66525
2024-05-17 13:00:00,0.66525,0.66533,0.66487,0.66523
2024-05-17 14:00:00,0.66523,0.6659,0.66487,0.66582
2024-05-17 15:00:00,0.66582,0.66628,0.66562,0.66622
2024-05-17 16:00:00,0.66622,0.66753,0.66622,0.66744
2024-05-17 17:00:00,0.66743,0.66923,0.66738,0.6688
2024-05-17 18:00:00,0.6688,0.66912,0.66803,0.66834
2024-05-17 19:00:00,0.66834,0.66884,0.66831,0.66856
2024-05-17 20:00:00,0.66856,0.66931,0.66852,0.66916
2024-05-17 21:00:00,0.66916,0.6698,0.66892,0.66977
2024-05-17 22:00:00,0.66976,0.67009,0.66956,0.66961
2024-05-17 23:00:00,0.66961,0.66961,0.66927,0.66928
2024-05-20 00:00:00,0.6693,0.6693,0.66885,0.66902
2024-05-20 01:00:00,0.66902,0.66972,0.66902,0.66933
2024-05-20 02:00:00,0.66933,0.67033,0.66929,0.66992
2024-05-20 03:00:00,0.66993,0.67046,0.66932,0.67002
2024-05-20 04:00:00,0.67001,0.67074,0.66962,0.6703
2024-05-20 05:00:00,0.6703,0.67034,0.6697,0.66986
2024-05-20 06:00:00,0.66986,0.67016,0.66945,0.67015
2024-05-20 07:00:00,0.67015,0.67092,0.67012,0.67065
2024-05-20 08:00:00,0.67065,0.67084,0.67026,0.6704
2024-05-20 09:00:00,0.67036,0.67041,0.66941,0.66958
2024-05-20 10:00:00,0.66957,0.67004,0.6691,0.6695
2024-05-20 11:00:00,0.66948,0.6696,0.66897,0.66928
2024-05-20 12:00:00,0.66928,0.66953,0.66902,0.66943
2024-05-20 13:00:00,0.66943,0.66966,0.66867,0.66878
2024-05-20 14:00:00,0.66878,0.66904,0.66825,0.66827
2024-05-20 15:00:00,0.66827,0.66834,0.66617,0.66653
2024-05-20 16:00:00,0.66653,0.66784,0.6665,0.66773
2024-05-20 17:00:00,0.66772,0.66818,0.66727,0.66757
2024-05-20 18:00:00,0.66756,0.66796,0.66711,0.66746
2024-05-20 19:00:00,0.66746,0.66769,0.66711,0.66748
2024-05-20 20:00:00,0.66747,0.66794,0.66725,0.66743
2024-05-20 21:00:00,0.66743,0.66749,0.66689,0.66723
2024-05-20 22:00:00,0.66723,0.66724,0.66668,0.66682
2024-05-20 23:00:00,0.66683,0.66683,0.6666,0.6667
2024-05-21 00:00:00,0.66671,0.66689,0.66646,0.66663
2024-05-21 01:00:00,0.66662,0.66699,0.66661,0.66685
2024-05-21 02:00:00,0.66686,0.66718,0.66683,0.66714
2024-05-21 03:00:00,0.66716,0.66748,0.66672,0.66711
2024-05-21 04:00:00,0.66711,0.6675,0.66609,0.66619
2024-05-21 05:00:00,0.66613,0.66615,0.66464,0.66585
2024-05-21 06:00:00,0.66585,0.66617,0.66519,0.66559
2024-05-21 07:00:00,0.66559,0.66598,0.6653,0.66571
2024-05-21 08:00:00,0.66575,0.66601,0.66561,0.66574
2024-05-21 09:00:00,0.66574,0.66618,0.66526,0.66539
2024-05-21 10:00:00,0.6654,0.66694,0.66537,0.66631
2024-05-21 11:00:00,0.66632,0.66659,0.66591,0.66653
2024-05-21 12:00:00,0.66653,0.66737,0.66646,0.66705
2024-05-21 13:00:00,0.66706,0.66727,0.66676,0.66695
2024-05-21 14:00:00,0.66696,0.66789,0.66685,0.66781
2024-05-21 15:00:00,0.66781,0.66782,0.66657,0.66711
2024-05-21 16:00:00,0.66711,0.66784,0.6657,0.6671
2024-05-21 17:00:00,0.66711,0.66788,0.66692,0.66697
2024-05-21 18:00:00,0.66697,0.66745,0.66651,0.66651
2024-05-21 19:00:00,0.66651,0.66667,0.66604,0.66642
2024-05-21 20:00:00,0.66642,0.66668,0.666,0.66668
2024-05-21 21:00:00,0.66668,0.66675,0.66621,0.6665
2024-05-21 22:00:00,0.6665,0.66681,0.66633,0.66671
2024-05-21 23:00:00,0.66671,0.66671,0.66636,0.66648
2024-05-22 00:00:00,0.66624,0.66668,0.66615,0.6666
2024-05-22 01:00:00,0.66659,0.66682,0.66658,0.66672
2024-05-22 02:00:00,0.66672,0.66707,0.66657,0.66659
2024-05-22 03:00:00,0.66659,0.66716,0.66656,0.6668
2024-05-22 04:00:00,0.66677,0.66741,0.66654,0.66722
2024-05-22 05:00:00,0.66724,0.6685,0.66697,0.66731
2024-05-22 06:00:00,0.6673,0.66741,0.6664,0.66668
2024-05-22 07:00:00,0.66668,0.66685,0.66627,0.66677
2024-05-22 08:00:00,0.66678,0.66739,0.66671,0.66723
2024-05-22 09:00:00,0.66725,0.66744,0.66566,0.66624
2024-05-22 10:00:00,0.66625,0.66626,0.66531,0.66607
2024-05-22 11:00:00,0.66607,0.66643,0.66538,0.66609
2024-05-22 12:00:00,0.66609,0.66633,0.6656,0.66631
2024-05-22 13:00:00,0.66633,0.66669,0.66618,0.66632
2024-05-22 14:00:00,0.66635,0.66653,0.66441,0.66476
2024-05-22 15:00:00,0.66477,0.66502,0.66446,0.66454
2024-05-22 16:00:00,0.66454,0.66562,0.66454,0.66527
2024-05-22 17:00:00,0.66527,0.66538,0.66344,0.66408
2024-05-22 18:00:00,0.66408,0.66464,0.66328,0.66345
2024-05-22 19:00:00,0.66344,0.66416,0.66327,0.66396
2024-05-22 20:00:00,0.66396,0.66427,0.66292,0.66299
2024-05-22 21:00:00,0.66298,0.66308,0.66078,0.66133
2024-05-22 22:00:00,0.66132,0.66169,0.66083,0.66167
2024-05-22 23:00:00,0.66168,0.66201,0.66159,0.66192
2024-05-23 00:00:00,0.66186,0.66205,0.66026,0.66179
2024-05-23 01:00:00,0.66178,0.66243,0.66178,0.66225
2024-05-23 02:00:00,0.66226,0.66238,0.6618,0.66182
2024-05-23 03:00:00,0.66184,0.66245,0.66169,0.66177
2024-05-23 04:00:00,0.66176,0.6623,0.6615,0.66194
2024-05-23 05:00:00,0.66192,0.66251,0.66146,0.66226
2024-05-23 06:00:00,0.66228,0.6631,0.66205,0.66305
2024-05-23 07:00:00,0.66305,0.66331,0.66274,0.66274
2024-05-23 08:00:00,0.66272,0.66304,0.66201,0.66213
2024-05-23 09:00:00,0.66213,0.66294,0.66191,0.66222
2024-05-23 10:00:00,0.66223,0.66254,0.66174,0.66197
2024-05-23 11:00:00,0.66195,0.6628,0.66186,0.66279
2024-05-23 12:00:00,0.66279,0.66397,0.66263,0.66393
2024-05-23 13:00:00,0.66394,0.66419,0.66365,0.66401
2024-05-23 14:00:00,0.664,0.66436,0.66336,0.66411
2024-05-23 15:00:00,0.66411,0.66457,0.6638,0.66413
2024-05-23 16:00:00,0.66414,0.6653,0.662,0.66281
2024-05-23 17:00:00,0.66281,0.66376,0.66239,0.66264
2024-05-23 18:00:00,0.66263,0.66313,0.66212,0.66278
2024-05-23 19:00:00,0.66278,0.66322,0.66193,0.66203
2024-05-23 20:00:00,0.66202,0.66203,0.66036,0.66053
2024-05-23 21:00:00,0.66054,0.66068,0.65977,0.66
2024-05-23 22:00:00,0.65998,0.66042,0.65981,0.66033
2024-05-23 23:00:00,0.66034,0.66072,0.66021,0.66056
2024-05-24 00:00:00,0.66057,0.66057,0.66012,0.66045
2024-05-24 01:00:00,0.66045,0.66059,0.66036,0.66046
2024-05-24 02:00:00,0.66047,0.66068,0.66002,0.66005
2024-05-24 03:00:00,0.66003,0.66036,0.65946,0.66013
2024-05-24 04:00:00,0.66013,0.66047,0.65957,0.65983
2024-05-24 05:00:00,0.65982,0.65988,0.65919,0.6595
2024-05-24 06:00:00,0.65948,0.65962,0.65925,0.65956
2024-05-24 07:00:00,0.65956,0.66023,0.65949,0.66012
2024-05-24 08:00:00,0.66014,0.66021,0.65941,0.65998
2024-05-24 09:00:00,0.65999,0.66053,0.65972,0.65988
2024-05-24 10:00:00,0.65989,0.66064,0.65977,0.66057
2024-05-24 11:00:00,0.66058,0.66136,0.66031,0.66115
2024-05-24 12:00:00,0.66115,0.66146,0.66105,0.66125
2024-05-24 13:00:00,0.66125,0.66202,0.66117,0.66158
2024-05-24 14:00:00,0.66158,0.66167,0.66128,0.66145
2024-05-24 15:00:00,0.66144,0.662,0.66074,0.66163
2024-05-24 16:00:00,0.66165,0.66198,0.6613,0.66143
2024-05-24 17:00:00,0.66155,0.66296,0.66154,0.66285
2024-05-24 18:00:00,0.66286,0.66345,0.66242,0.66267
2024-05-24 19:00:00,0.66267,0.66364,0.6624,0.66289
2024-05-24 20:00:00,0.6629,0.66347,0.66274,0.66342
2024-05-24 21:00:00,0.66343,0.66361,0.66288,0.66293
2024-05-24 22:00:00,0.66294,0.66309,0.66263,0.66296
2024-05-24 23:00:00,0.66295,0.66298,0.66267,0.66273
2024-05-27 00:00:00,0.6625,0.6628,0.66214,0.66265
2024-05-27 01:00:00,0.66266,0.66339,0.66266,0.66308
2024-05-27 02:00:00,0.66308,0.66311,0.6622,0.66226
2024-05-27 03:00:00,0.66225,0.66304,0.66224,0.66292
2024-05-27 04:00:00,0.66291,0.66362,0.6627,0.66357
2024-05-27 05:00:00,0.66357,0.66377,0.66318,0.66337
2024-05-27 06:00:00,0.66332,0.66346,0.66309,0.66345
2024-05-27 07:00:00,0.66346,0.66371,0.66321,0.66358
2024-05-27 08:00:00,0.66357,0.66357,0.6632,0.66342
2024-05-27 09:00:00,0.66342,0.66392,0.66315,0.66373
2024-05-27 10:00:00,0.66373,0.66427,0.66367,0.66369
2024-05-27 11:00:00,0.66373,0.66425,0.66333,0.66413
2024-05-27 12:00:00,0.66413,0.66457,0.6641,0.66453
2024-05-27 13:00:00,0.66454,0.66487,0.66441,0.66483
2024-05-27 14:00:00,0.66482,0.6649,0.66445,0.66454
2024-05-27 15:00:00,0.66455,0.66502,0.66416,0.66495
2024-05-27 16:00:00,0.66498,0.66599,0.66491,0.66564
2024-05-27 17:00:00,0.66565,0.66592,0.66519,0.66582
2024-05-27 18:00:00,0.66582,0.66596,0.66559,0.66575
2024-05-27 19:00:00,0.66575,0.66585,0.66542,0.66543
2024-05-27 20:00:00,0.66546,0.66583,0.66546,0.66567
2024-05-27 21:00:00,0.66566,0.66572,0.6655,0.6656
2024-05-27 22:00:00,0.66558,0.66581,0.66548,0.66577
2024-05-27 23:00:00,0.66573,0.66574,0.66497,0.66497
2024-05-28 00:00:00,0.66524,0.66546,0.66498,0.66537
2024-05-28 01:00:00,0.66537,0.66575,0.66537,0.66557
2024-05-28 02:00:00,0.6656,0.66574,0.66538,0.66557
2024-05-28 03:00:00,0.66558,0.66603,0.66542,0.66543
2024-05-28 04:00:00,0.66542,0.66652,0.66539,0.66619
2024-05-28 05:00:00,0.66619,0.66694,0.66619,0.66682
2024-05-28 06:00:00,0.66682,0.66738,0.66663,0.66722
2024-05-28 07:00:00,0.66722,0.6673,0.66685,0.66685
2024-05-28 08:00:00,0.66687,0.66704,0.66623,0.66646
2024-05-28 09:00:00,0.66645,0.66674,0.66582,0.66585
2024-05-28 10:00:00,0.66585,0.66639,0.66559,0.66626
2024-05-28 11:00:00,0.66626,0.66632,0.66552,0.66592
2024-05-28 12:00:00,0.66592,0.66614,0.66563,0.66578
2024-05-28 13:00:00,0.66577,0.66623,0.66562,0.66619
2024-05-28 14:00:00,0.66619,0.66704,0.66614,0.66681
2024-05-28 15:00:00,0.66682,0.66719,0.66657,0.66697
2024-05-28 16:00:00,0.66697,0.66797,0.66609,0.66623
2024-05-28 17:00:00,0.66623,0.66677,0.66515,0.66636
2024-05-28 18:00:00,0.66637,0.66655,0.66565,0.66648
2024-05-28 19:00:00,0.66647,0.66657,0.6658,0.66589
2024-05-28 20:00:00,0.66589,0.66602,0.665,0.66509
2024-05-28 21:00:00,0.66508,0.66527,0.66425,0.6648
2024-05-28 22:00:00,0.66479,0.66512,0.66453,0.66511
2024-05-28 23:00:00,0.66511,0.66512,0.66479,0.66491
2024-05-29 00:00:00,0.66488,0.66508,0.66397,0.66485
2024-05-29 01:00:00,0.66486,0.665,0.66467,0.66492
2024-05-29 02:00:00,0.66494,0.66503,0.66458,0.66475
2024-05-29 03:00:00,0.66475,0.66492,0.66385,0.66416
2024-05-29 04:00:00,0.66416,0.66656,0.664,0.66549
2024-05-29 05:00:00,0.66549,0.66596,0.66461,0.66461
2024-05-29 06:00:00,0.6646,0.66528,0.66458,0.66519
2024-05-29 07:00:00,0.6652,0.66525,0.66471,0.66498
2024-05-29 08:00:00,0.66498,0.66518,0.66421,0.66456
2024-05-29 09:00:00,0.66456,0.66568,0.66447,0.66547
2024-05-29 10:00:00,0.66545,0.66618,0.66529,0.6655
2024-05-29 11:00:00,0.66553,0.66572,0.66504,0.66507
2024-05-29 12:00:00,0.66507,0.66518,0.6644,0.66441
2024-05-29 13:00:00,0.66441,0.66441,0.66327,0.66361
2024-05-29 14:00:00,0.66359,0.66364,0.66266,0.66302
2024-05-29 15:00:00,0.66302,0.66372,0.6628,0.66304
2024-05-29 16:00:00,0.66305,0.66315,0.66223,0.66279
2024-05-29 17:00:00,0.66279,0.66294,0.66162,0.6621
2024-05-29 18:00:00,0.6621,0.66232,0.66144,0.66177
2024-05-29 19:00:00,0.66177,0.66201,0.6612,0.66188
2024-05-29 20:00:00,0.66186,0.66202,0.6612,0.66192
2024-05-29 21:00:00,0.66192,0.66227,0.66144,0.66156
2024-05-29 22:00:00,0.66156,0.66196,0.66136,0.6615
2024-05-29 23:00:00,0.6615,0.6615,0.66088,0.66095
2024-05-30 00:00:00,0.66063,0.66118,0.66057,0.66109
2024-05-30 01:00:00,0.66109,0.66116,0.66071,0.66078
2024-05-30 02:00:00,0.6608,0.66142,0.66059,0.66134
2024-05-30 03:00:00,0.66135,0.66142,0.66068,0.66105
2024-05-30 04:00:00,0.66106,0.66203,0.66093,0.66116
2024-05-30 05:00:00,0.66117,0.66151,0.66001,0.66057
2024-05-30 06:00:00,0.66057,0.66102,0.66043,0.66087
2024-05-30 07:00:00,0.66089,0.66114,0.66045,0.66069
2024-05-30 08:00:00,0.66067,0.66067,0.65908,0.65958
2024-05-30 09:00:00,0.65957,0.66006,0.65944,0.65993
2024-05-30 10:00:00,0.65993,0.66095,0.65966,0.66084
2024-05-30 11:00:00,0.66085,0.66166,0.66036,0.66143
2024-05-30 12:00:00,0.66141,0.66186,0.66077,0.66128
2024-05-30 13:00:00,0.66128,0.66183,0.66091,0.66177
2024-05-30 14:00:00,0.66178,0.66267,0.66144,0.66215
2024-05-30 15:00:00,0.66213,0.66358,0.66163,0.6633
2024-05-30 16:00:00,0.6633,0.664,0.6628,0.66355
2024-05-30 17:00:00,0.66368,0.66433,0.66332,0.66422
2024-05-30 18:00:00,0.66421,0.66477,0.66362,0.66408
2024-05-30 19:00:00,0.66408,0.66448,0.66405,0.66442
2024-05-30 20:00:00,0.66442,0.66459,0.66406,0.66416
2024-05-30 21:00:00,0.66416,0.66418,0.66368,0.66383
2024-05-30 22:00:00,0.66383,0.66388,0.66267,0.66331
2024-05-30 23:00:00,0.66326,0.6633,0.66298,0.66323
2024-05-31 00:00:00,0.66285,0.66333,0.66216,0.66313
2024-05-31 01:00:00,0.6631,0.66333,0.66305,0.6632
2024-05-31 02:00:00,0.66319,0.66321,0.66277,0.66294
2024-05-31 03:00:00,0.66293,0.66372,0.66277,0.66366
2024-05-31 04:00:00,0.66366,0.66396,0.6628,0.66304
2024-05-31 05:00:00,0.66304,0.66351,0.66266,0.66301
2024-05-31 06:00:00,0.663,0.66375,0.6629,0.66359
2024-05-31 07:00:00,0.66359,0.6636,0.66285,0.66334
2024-05-31 08:00:00,0.66334,0.66383,0.66314,0.66354
2024-05-31 09:00:00,0.66356,0.66417,0.6635,0.66366
2024-05-31 10:00:00,0.66365,0.66366,0.66281,0.66316
2024-05-31 11:00:00,0.66315,0.66438,0.6631,0.66395
2024-05-31 12:00:00,0.66395,0.66466,0.66365,0.66463
2024-05-31 13:00:00,0.66466,0.66544,0.66452,0.66534
2024-05-31 14:00:00,0.66534,0.66573,0.6649,0.66508
2024-05-31 15:00:00,0.66507,0.66676,0.66479,0.66655
2024-05-31 16:00:00,0.66651,0.66708,0.6658,0.66655
2024-05-31 17:00:00,0.66657,0.66727,0.66454,0.66499
2024-05-31 18:00:00,0.66498,0.66502,0.66365,0.66393
2024-05-31 19:00:00,0.66392,0.66443,0.6633,0.66405
2024-05-31 20:00:00,0.66405,0.66456,0.66396,0.66431
2024-05-31 21:00:00,0.66431,0.66475,0.66415,0.66436
2024-05-31 22:00:00,0.66435,0.6654,0.66421,0.66529
2024-05-31 23:00:00,0.66529,0.66545,0.66509,0.66527
2024-06-03 00:00:00,0.6643,0.6652,0.66415,0.66506
2024-06-03 01:00:00,0.66506,0.66558,0.66502,0.66547
2024-06-03 02:00:00,0.66547,0.66565,0.66516,0.66554
2024-06-03 03:00:00,0.66553,0.66633,0.66509,0.66614
2024-06-03 04:00:00,0.66614,0.66648,0.66571,0.66619
2024-06-03 05:00:00,0.66621,0.66631,0.66541,0.66565
2024-06-03 06:00:00,0.66566,0.66572,0.66443,0.66466
2024-06-03 07:00:00,0.66466,0.66496,0.66457,0.66478
2024-06-03 08:00:00,0.66477,0.66484,0.6642,0.66444
2024-06-03 09:00:00,0.66444,0.66459,0.66372,0.66409
2024-06-03 10:00:00,0.66408,0.66427,0.66331,0.66333
2024-06-03 11:00:00,0.66333,0.66473,0.66326,0.66423
2024-06-03 12:00:00,0.66423,0.66426,0.66349,0.66386
2024-06-03 13:00:00,0.66387,0.66472,0.66377,0.66459
2024-06-03 14:00:00,0.66458,0.66583,0.66458,0.66571
2024-06-03 15:00:00,0.66571,0.66667,0.66544,0.66636
2024-06-03 16:00:00,0.66636,0.66688,0.66602,0.66639
2024-06-03 17:00:00,0.66737,0.66951,0.66719,0.6678
2024-06-03 18:00:00,0.66782,0.66846,0.66753,0.66819
2024-06-03 19:00:00,0.66819,0.66838,0.66712,0.66722
2024-06-03 20:00:00,0.66721,0.66723,0.66635,0.66692
2024-06-03 21:00:00,0.66694,0.6676,0.66684,0.66752
2024-06-03 22:00:00,0.66752,0.66799,0.66745,0.66797
2024-06-03 23:00:00,0.66802,0.66893,0.66798,0.6689
2024-06-04 00:00:00,0.66887,0.66887,0.6664,0.66866
2024-06-04 01:00:00,0.66864,0.66936,0.66864,0.66919
2024-06-04 02:00:00,0.66921,0.66942,0.66889,0.66894
2024-06-04 03:00:00,0.66894,0.66985,0.66863,0.6688
2024-06-04 04:00:00,0.6688,0.66889,0.66751,0.66766
2024-06-04 05:00:00,0.66764,0.66837,0.66752,0.6683
2024-06-04 06:00:00,0.6683,0.66836,0.66779,0.66804
2024-06-04 07:00:00,0.66801,0.66837,0.66782,0.66816
2024-06-04 08:00:00,0.66816,0.66829,0.66672,0.66683
2024-06-04 09:00:00,0.66684,0.66709,0.66614,0.6665
2024-06-04 10:00:00,0.66651,0.66687,0.66582,0.66624
2024-06-04 11:00:00,0.66626,0.66628,0.66467,0.66507
2024-06-04 12:00:00,0.66504,0.66515,0.6637,0.66393
2024-06-04 13:00:00,0.66391,0.66393,0.66305,0.66361
2024-06-04 14:00:00,0.66362,0.66446,0.66327,0.66406
2024-06-04 15:00:00,0.66406,0.66465,0.66381,0.6644
2024-06-04 16:00:00,0.66441,0.66475,0.66369,0.6638
2024-06-04 17:00:00,0.66385,0.66519,0.66343,0.66467
2024-06-04 18:00:00,0.66468,0.66529,0.66406,0.66411
2024-06-04 19:00:00,0.66412,0.66459,0.66388,0.66437
2024-06-04 20:00:00,0.66436,0.6652,0.66404,0.66487
2024-06-04 21:00:00,0.66485,0.66539,0.66466,0.66509
2024-06-04 22:00:00,0.66508,0.66511,0.66433,0.66489
2024-06-04 23:00:00,0.66492,0.66497,0.66476,0.66488
2024-06-05 00:00:00,0.66454,0.66486,0.66389,0.6648
2024-06-05 01:00:00,0.66481,0.66493,0.66468,0.66475
2024-06-05 02:00:00,0.66475,0.66486,0.66448,0.66454
2024-06-05 03:00:00,0.66455,0.66554,0.66418,0.66501
2024-06-05 04:00:00,0.665,0.66631,0.66438,0.66627
2024-06-05 05:00:00,0.66627,0.66643,0.66586,0.66601
2024-06-05 06:00:00,0.66599,0.66604,0.66559,0.66588
2024-06-05 07:00:00,0.66586,0.66613,0.66563,0.66606
2024-06-05 08:00:00,0.66606,0.66611,0.66534,0.66576
2024-06-05 09:00:00,0.66576,0.66585,0.6652,0.66563
2024-06-05 10:00:00,0.66563,0.66606,0.6652,0.66575
2024-06-05 11:00:00,0.66574,0.66624,0.66509,0.66516
2024-06-05 12:00:00,0.66516,0.66517,0.6645,0.66475
2024-06-05 13:00:00,0.66475,0.66479,0.66399,0.6643
2024-06-05 14:00:00,0.66425,0.66478,0.66397,0.66466
2024-06-05 15:00:00,0.66467,0.66513,0.6643,0.66492
2024-06-05 16:00:00,0.66493,0.66545,0.66436,0.66525
2024-06-05 17:00:00,0.6632,0.66461,0.6626,0.66302
2024-06-05 18:00:00,0.66302,0.66457,0.66294,0.66418
2024-06-05 19:00:00,0.66418,0.66445,0.66361,0.66422
2024-06-05 20:00:00,0.66424,0.66465,0.6639,0.6646
2024-06-05 21:00:00,0.66459,0.66535,0.66451,0.66519
2024-06-05 22:00:00,0.66518,0.66529,0.66494,0.66517
2024-06-05 23:00:00,0.66517,0.66517,0.66464,0.6647
2024-06-06 00:00:00,0.66443,0.66487,0.66443,0.66479
2024-06-06 01:00:00,0.66479,0.6651,0.6647,0.66502
2024-06-06 02:00:00,0.66503,0.66562,0.66502,0.66553
2024-06-06 03:00:00,0.66553,0.66668,0.66553,0.66654
2024-06-06 04:00:00,0.66652,0.66834,0.66652,0.66778
2024-06-06 05:00:00,0.66777,0.66781,0.66687,0.6669
2024-06-06 06:00:00,0.6669,0.66705,0.66617,0.66647
2024-06-06 07:00:00,0.66647,0.66654,0.66602,0.66615
2024-06-06 08:00:00,0.66617,0.66625,0.66576,0.66593
2024-06-06 09:00:00,0.66592,0.66617,0.66528,0.66615
2024-06-06 10:00:00,0.66615,0.66628,0.66492,0.66494
2024-06-06 11:00:00,0.66494,0.66505,0.66439,0.66504
2024-06-06 12:00:00,0.66503,0.66511,0.66456,0.66504
2024-06-06 13:00:00,0.66504,0.66513,0.6646,0.66483
2024-06-06 14:00:00,0.66483,0.66488,0.66372,0.66379
2024-06-06 15:00:00,0.66378,0.6654,0.66356,0.66387
2024-06-06 16:00:00,0.66387,0.66553,0.66334,0.66494
2024-06-06 17:00:00,0.66494,0.6653,0.66411,0.66504
2024-06-06 18:00:00,0.66499,0.66631,0.66499,0.66612
2024-06-06 19:00:00,0.6661,0.66624,0.66556,0.66612
2024-06-06 20:00:00,0.66612,0.66722,0.66607,0.66702
2024-06-06 21:00:00,0.66702,0.66728,0.66623,0.66719
2024-06-06 22:00:00,0.66717,0.66727,0.66649,0.6666
2024-06-06 23:00:00,0.6666,0.66676,0.66648,0.66656
2024-06-07 00:00:00,0.6659,0.66683,0.6659,0.66678
2024-06-07 01:00:00,0.66677,0.66694,0.66667,0.66681
2024-06-07 02:00:00,0.66681,0.667,0.66672,0.66694
2024-06-07 03:00:00,0.66693,0.66699,0.66632,0.66657
2024-06-07 04:00:00,0.66657,0.66688,0.66624,0.66673
2024-06-07 05:00:00,0.66672,0.66703,0.66629,0.66687
2024-06-07 06:00:00,0.66687,0.66749,0.66668,0.66705
2024-06-07 07:00:00,0.66705,0.66779,0.6669,0.6675
2024-06-07 08:00:00,0.66752,0.66752,0.66692,0.66723
2024-06-07 09:00:00,0.66724,0.66769,0.66707,0.66748
2024-06-07 10:00:00,0.66748,0.6681,0.6672,0.66731
2024-06-07 11:00:00,0.66731,0.66731,0.66619,0.6666
2024-06-07 12:00:00,0.6666,0.66674,0.66609,0.66627
2024-06-07 13:00:00,0.66626,0.66632,0.66575,0.66581
2024-06-07 14:00:00,0.66581,0.66701,0.66578,0.66669
2024-06-07 15:00:00,0.6667,0.667,0.66059,0.66072
2024-06-07 16:00:00,0.6607,0.66139,0.65919,0.65958
2024-06-07 17:00:00,0.65959,0.66028,0.65873,0.65943
2024-06-07 18:00:00,0.65942,0.65943,0.65802,0.65875
2024-06-07 19:00:00,0.65875,0.65929,0.65846,0.65893
2024-06-07 20:00:00,0.65894,0.65897,0.65837,0.65874
2024-06-07 21:00:00,0.65872,0.65888,0.65816,0.65871
2024-06-07 22:00:00,0.65871,0.65885,0.65801,0.65806
2024-06-07 23:00:00,0.65806,0.65819,0.65785,0.65789
2024-06-10 00:00:00,0.65774,0.65798,0.65755,0.65788
2024-06-10 01:00:00,0.65784,0.6582,0.65753,0.65795
2024-06-10 02:00:00,0.65797,0.6583,0.65785,0.65816
2024-06-10 03:00:00,0.65816,0.65846,0.65764,0.65789
2024-06-10 04:00:00,0.65791,0.65867,0.65759,0.65862
2024-06-10 05:00:00,0.65862,0.65902,0.65838,0.65886
2024-06-10 06:00:00,0.65884,0.65899,0.65856,0.65876
2024-06-10 07:00:00,0.65876,0.65926,0.65876,0.65903
2024-06-10 08:00:00,0.65904,0.65946,0.65865,0.65927
2024-06-10 09:00:00,0.65927,0.65953,0.65886,0.65912
2024-06-10 10:00:00,0.65912,0.65954,0.65881,0.65943
2024-06-10 11:00:00,0.65943,0.65978,0.65849,0.65857
2024-06-10 12:00:00,0.65856,0.65912,0.65835,0.65861
2024-06-10 13:00:00,0.65861,0.65903,0.6586,0.65881
2024-06-10 14:00:00,0.65881,0.65958,0.65875,0.65927
2024-06-10 15:00:00,0.65927,0.66014,0.65912,0.65913
2024-06-10 16:00:00,0.65913,0.65954,0.65856,0.65952
2024-06-10 17:00:00,0.65952,0.66026,0.65918,0.65971
2024-06-10 18:00:00,0.65975,0.66102,0.65967,0.66098
2024-06-10 19:00:00,0.66099,0.66106,0.66037,0.66051
2024-06-10 20:00:00,0.6605,0.66089,0.66016,0.6607
2024-06-10 21:00:00,0.6607,0.66076,0.66027,0.66066
2024-06-10 22:00:00,0.66065,0.66108,0.66064,0.66086
2024-06-10 23:00:00,0.66086,0.66105,0.66069,0.66093
2024-06-11 00:00:00,0.6606,0.66105,0.66058,0.66087
2024-06-11 01:00:00,0.66088,0.6612,0.66082,0.66083
2024-06-11 02:00:00,0.66081,0.66097,0.66055,0.66072
2024-06-11 03:00:00,0.66072,0.66075,0.66012,0.66019
2024-06-11 04:00:00,0.66019,0.66034,0.65954,0.65992
2024-06-11 05:00:00,0.65991,0.65992,0.6591,0.65947
2024-06-11 06:00:00,0.65947,0.65971,0.65912,0.65968
2024-06-11 07:00:00,0.65968,0.65999,0.65949,0.65975
2024-06-11 08:00:00,0.65975,0.66021,0.65972,0.66016
2024-06-11 09:00:00,0.66016,0.66085,0.65998,0.66078
2024-06-11 10:00:00,0.66075,0.6608,0.66006,0.6604
2024-06-11 11:00:00,0.66037,0.66053,0.65975,0.66001
2024-06-11 12:00:00,0.66002,0.6602,0.65928,0.6595
2024-06-11 13:00:00,0.6594,0.66008,0.65934,0.65994
2024-06-11 14:00:00,0.65995,0.65999,0.65885,0.65936
2024-06-11 15:00:00,0.65937,0.66046,0.6592,0.66037
2024-06-11 16:00:00,0.66037,0.66097,0.65909,0.65931
2024-06-11 17:00:00,0.65928,0.66027,0.65894,0.65959
2024-06-11 18:00:00,0.65959,0.65999,0.65916,0.65967
2024-06-11 19:00:00,0.65968,0.66024,0.65939,0.66012
2024-06-11 20:00:00,0.66012,0.66067,0.65993,0.66053
2024-06-11 21:00:00,0.66053,0.66113,0.6604,0.66107
2024-06-11 22:00:00,0.66107,0.66134,0.6606,0.66073
2024-06-11 23:00:00,0.66074,0.66079,0.66048,0.66056
2024-06-12 00:00:00,0.66051,0.66074,0.66031,0.66049
2024-06-12 01:00:00,0.66048,0.66071,0.66048,0.66067
2024-06-12 02:00:00,0.66068,0.66091,0.66062,0.66074
2024-06-12 03:00:00,0.66075,0.6609,0.65969,0.65993
2024-06-12 04:00:00,0.65994,0.6617,0.65985,0.66149
2024-06-12 05:00:00,0.6615,0.66157,0.66092,0.66143
2024-06-12 06:00:00,0.66143,0.66176,0.66123,0.66164
2024-06-12 07:00:00,0.66165,0.66166,0.66128,0.6613
2024-06-12 08:00:00,0.6613,0.66219,0.66115,0.662
2024-06-12 09:00:00,0.662,0.66217,0.661,0.66105
2024-06-12 10:00:00,0.66105,0.66174,0.66076,0.66165
2024-06-12 11:00:00,0.66164,0.66178,0.6612,0.66125
2024-06-12 12:00:00,0.66125,0.66166,0.6611,0.66145
2024-06-12 13:00:00,0.66146,0.66156,0.66111,0.66145
2024-06-12 14:00:00,0.66146,0.6616,0.66098,0.66127
2024-06-12 15:00:00,0.66128,0.66912,0.66109,0.66882
2024-06-12 16:00:00,0.6688,0.66974,0.6682,0.6693
2024-06-12 17:00:00,0.66928,0.67,0.66803,0.66932
2024-06-12 18:00:00,0.66933,0.67002,0.66909,0.66993
2024-06-12 19:00:00,0.66994,0.67043,0.66976,0.6701
2024-06-12 20:00:00,0.67009,0.67018,0.66922,0.66973
2024-06-12 21:00:00,0.6674,0.66939,0.66647,0.66739
2024-06-12 22:00:00,0.66737,0.6677,0.66553,0.66591
2024-06-12 23:00:00,0.66592,0.66646,0.66576,0.66631
2024-06-13 00:00:00,0.6663,0.66654,0.66533,0.66614
2024-06-13 01:00:00,0.66611,0.66639,0.66578,0.66591
2024-06-13 02:00:00,0.66591,0.66668,0.66586,0.6663
2024-06-13 03:00:00,0.66631,0.66658,0.66561,0.66576
2024-06-13 04:00:00,0.66574,0.66678,0.66464,0.66489
2024-06-13 05:00:00,0.66489,0.66546,0.66467,0.66503
2024-06-13 06:00:00,0.66504,0.66566,0.66491,0.66553
2024-06-13 07:00:00,0.66555,0.66561,0.66468,0.66476
2024-06-13 08:00:00,0.66476,0.66495,0.66393,0.66402
2024-06-13 09:00:00,0.66399,0.66478,0.66399,0.6645
2024-06-13 10:00:00,0.66449,0.6655,0.66444,0.66509
2024-06-13 11:00:00,0.66508,0.6653,0.6647,0.66529
2024-06-13 12:00:00,0.66529,0.66559,0.66496,0.66522
2024-06-13 13:00:00,0.66521,0.66541,0.66467,0.66475
2024-06-13 14:00:00,0.66476,0.66486,0.66404,0.66415
2024-06-13 15:00:00,0.66414,0.6675,0.66409,0.66584
2024-06-13 16:00:00,0.66585,0.66621,0.66448,0.6647
2024-06-13 17:00:00,0.66468,0.66509,0.66321,0.66402
2024-06-13 18:00:00,0.66401,0.66457,0.66342,0.66401
2024-06-13 19:00:00,0.664,0.66404,0.6626,0.663
2024-06-13 20:00:00,0.663,0.66365,0.66299,0.66354
2024-06-13 21:00:00,0.66354,0.66398,0.66338,0.66372
2024-06-13 22:00:00,0.66373,0.6639,0.66353,0.66365
2024-06-13 23:00:00,0.66362,0.66373,0.66348,0.66349
2024-06-14 00:00:00,0.66348,0.66366,0.66256,0.66334
2024-06-14 01:00:00,0.66333,0.66358,0.66314,0.66334
2024-06-14 02:00:00,0.66334,0.66352,0.66302,0.66307
2024-06-14 03:00:00,0.66309,0.66332,0.66205,0.66216
2024-06-14 04:00:00,0.66216,0.66367,0.66216,0.66366
2024-06-14 05:00:00,0.66367,0.66381,0.66329,0.66367
2024-06-14 06:00:00,0.66368,0.66414,0.66259,0.663
2024-06-14 07:00:00,0.66301,0.66331,0.66254,0.6626
2024-06-14 08:00:00,0.66259,0.66333,0.66241,0.66241
2024-06-14 09:00:00,0.66242,0.66266,0.6616,0.66209
2024-06-14 10:00:00,0.66204,0.66243,0.66097,0.66181
2024-06-14 11:00:00,0.66182,0.66192,0.66115,0.66127
2024-06-14 12:00:00,0.66127,0.66147,0.66031,0.66101
2024-06-14 13:00:00,0.661,0.66201,0.66032,0.6615
2024-06-14 14:00:00,0.6615,0.66219,0.66119,0.66159
2024-06-14 15:00:00,0.66159,0.66178,0.66013,0.66085
2024-06-14 16:00:00,0.66086,0.66106,0.65932,0.65969
2024-06-14 17:00:00,0.65964,0.66093,0.65913,0.66091
2024-06-14 18:00:00,0.66091,0.66156,0.66057,0.66149
2024-06-14 19:00:00,0.66149,0.66198,0.66113,0.66168
2024-06-14 20:00:00,0.66168,0.66198,0.66112,0.66124
2024-06-14 21:00:00,0.66125,0.66132,0.66048,0.66129
2024-06-14 22:00:00,0.66129,0.66153,0.66113,0.66153
2024-06-14 23:00:00,0.66154,0.66164,0.66132,0.66148
2024-06-17 00:00:00,0.6608,0.66147,0.65971,0.66146
2024-06-17 01:00:00,0.66146,0.66166,0.66126,0.66164
2024-06-17 02:00:00,0.66165,0.66176,0.66116,0.66122
2024-06-17 03:00:00,0.66121,0.66178,0.66088,0.66091
2024-06-17 04:00:00,0.66091,0.66091,0.66012,0.66043
2024-06-17 05:00:00,0.66041,0.66074,0.65999,0.66004
2024-06-17 06:00:00,0.66005,0.66045,0.65988,0.66038
2024-06-17 07:00:00,0.66039,0.66047,0.66012,0.66034
2024-06-17 08:00:00,0.66032,0.66037,0.65996,0.66003
2024-06-17 09:00:00,0.66003,0.66003,0.6591,0.65964
2024-06-17 10:00:00,0.65966,0.66083,0.65966,0.66028
2024-06-17 11:00:00,0.66027,0.66088,0.66012,0.66056
2024-06-17 12:00:00,0.66056,0.66081,0.66031,0.66058
2024-06-17 13:00:00,0.66058,0.66073,0.66013,0.6607
2024-06-17 14:00:00,0.66071,0.6608,0.6592,0.65927
2024-06-17 15:00:00,0.65926,0.65957,0.65851,0.65908
2024-06-17 16:00:00,0.65908,0.66003,0.65908,0.65989
2024-06-17 17:00:00,0.65992,0.65998,0.65885,0.65926
2024-06-17 18:00:00,0.65926,0.65997,0.65918,0.6597
2024-06-17 19:00:00,0.6597,0.66076,0.6597,0.66059
2024-06-17 20:00:00,0.6606,0.66116,0.66058,0.66113
2024-06-17 21:00:00,0.66113,0.66164,0.66113,0.66144
2024-06-17 22:00:00,0.66142,0.66151,0.66112,0.66145
2024-06-17 23:00:00,0.66145,0.66145,0.66103,0.66126
2024-06-18 00:00:00,0.66102,0.66128,0.66033,0.66094
2024-06-18 01:00:00,0.66087,0.66164,0.66087,0.66155
2024-06-18 02:00:00,0.66155,0.6619,0.66122,0.66175
2024-06-18 03:00:00,0.66174,0.66209,0.66141,0.6616
2024-06-18 04:00:00,0.6616,0.6618,0.66064,0.66074
2024-06-18 05:00:00,0.66073,0.66148,0.66067,0.66111
2024-06-18 06:00:00,0.6611,0.66113,0.66051,0.66076
2024-06-18 07:00:00,0.66074,0.66173,0.65998,0.66081
2024-06-18 08:00:00,0.66079,0.66267,0.66069,0.66249
2024-06-18 09:00:00,0.66251,0.66323,0.66191,0.66304
2024-06-18 10:00:00,0.66304,0.66322,0.66141,0.66145
2024-06-18 11:00:00,0.66145,0.66162,0.66075,0.66155
2024-06-18 12:00:00,0.66155,0.66202,0.6613,0.66168
2024-06-18 13:00:00,0.66168,0.66216,0.66158,0.66176
2024-06-18 14:00:00,0.66177,0.66186,0.66101,0.6611
2024-06-18 15:00:00,0.66111,0.66299,0.6609,0.66259
2024-06-18 16:00:00,0.6626,0.6646,0.66251,0.66443
2024-06-18 17:00:00,0.66444,0.66568,0.66379,0.66406
2024-06-18 18:00:00,0.66407,0.66528,0.66396,0.66507
2024-06-18 19:00:00,0.66507,0.66567,0.66498,0.66539
2024-06-18 20:00:00,0.66539,0.66577,0.66492,0.6651
2024-06-18 21:00:00,0.66511,0.66574,0.66486,0.66563
2024-06-18 22:00:00,0.66563,0.66563,0.66517,0.66559
2024-06-18 23:00:00,0.66559,0.66569,0.66539,0.66557
2024-06-19 00:00:00,0.66556,0.66558,0.66507,0.66549
2024-06-19 01:00:00,0.66548,0.66589,0.66547,0.66579
2024-06-19 02:00:00,0.66578,0.66618,0.66578,0.66609
2024-06-19 03:00:00,0.66609,0.66629,0.66595,0.66615
2024-06-19 04:00:00,0.66615,0.66682,0.66601,0.66662
2024-06-19 05:00:00,0.66662,0.66691,0.66635,0.6666
2024-06-19 06:00:00,0.66659,0.66678,0.66596,0.66607
2024-06-19 07:00:00,0.66606,0.66644,0.66593,0.66621
2024-06-19 08:00:00,0.66621,0.66684,0.66616,0.66667
2024-06-19 09:00:00,0.66669,0.66728,0.66669,0.66702
2024-06-19 10:00:00,0.66702,0.66752,0.66664,0.66721
2024-06-19 11:00:00,0.66722,0.66742,0.66693,0.66708
2024-06-19 12:00:00,0.66708,0.66756,0.66679,0.66696
2024-06-19 13:00:00,0.66696,0.66751,0.66678,0.66729
2024-06-19 14:00:00,0.6673,0.6674,0.66685,0.667
2024-06-19 15:00:00,0.66699,0.66707,0.66649,0.66704
2024-06-19 16:00:00,0.66705,0.66721,0.66672,0.66711
2024-06-19 17:00:00,0.6671,0.66752,0.66681,0.66747
2024-06-19 18:00:00,0.66746,0.66774,0.66695,0.66738
2024-06-19 19:00:00,0.66738,0.66748,0.66714,0.66715
2024-06-19 20:00:00,0.66715,0.66715,0.66695,0.6671
2024-06-19 21:00:00,0.6671,0.66711,0.66688,0.6669
2024-06-19 22:00:00,0.6669,0.66718,0.66682,0.66715
2024-06-19 23:00:00,0.66714,0.66718,0.66681,0.66708
2024-06-20 00:00:00,0.66682,0.66709,0.66656,0.66687
2024-06-20 01:00:00,0.66687,0.66741,0.66685,0.6672
2024-06-20 02:00:00,0.66717,0.66753,0.66717,0.66737
2024-06-20 03:00:00,0.66737,0.66759,0.66692,0.66722
2024-06-20 04:00:00,0.66722,0.66762,0.66669,0.66731
2024-06-20 05:00:00,0.66729,0.66735,0.66667,0.66705
2024-06-20 06:00:00,0.66707,0.66753,0.66701,0.66743
2024-06-20 07:00:00,0.66743,0.66773,0.66705,0.6671
2024-06-20 08:00:00,0.6671,0.66724,0.66666,0.6668
2024-06-20 09:00:00,0.6668,0.66694,0.66613,0.66669
2024-06-20 10:00:00,0.66669,0.6679,0.66664,0.66702
2024-06-20 11:00:00,0.667,0.66716,0.66662,0.66672
2024-06-20 12:00:00,0.66671,0.66711,0.6664,0.66681
2024-06-20 13:00:00,0.66685,0.66744,0.66677,0.66725
2024-06-20 14:00:00,0.66728,0.66776,0.6666,0.66665
2024-06-20 15:00:00,0.66665,0.66765,0.66618,0.66637
2024-06-20 16:00:00,0.66638,0.66707,0.66586,0.66665
2024-06-20 17:00:00,0.66675,0.66738,0.66632,0.66654
2024-06-20 18:00:00,0.66656,0.66678,0.66545,0.66556
2024-06-20 19:00:00,0.66554,0.66567,0.66474,0.66533
2024-06-20 20:00:00,0.66532,0.66548,0.66479,0.66542
2024-06-20 21:00:00,0.66542,0.66649,0.66542,0.66607
2024-06-20 22:00:00,0.66605,0.66611,0.66546,0.6658
2024-06-20 23:00:00,0.6658,0.6658,0.66545,0.66553
2024-06-21 00:00:00,0.66553,0.66574,0.66458,0.66542
2024-06-21 01:00:00,0.66542,0.66562,0.66533,0.66559
2024-06-21 02:00:00,0.66557,0.66624,0.66555,0.66603
2024-06-21 03:00:00,0.66603,0.66629,0.66546,0.66552
2024-06-21 04:00:00,0.66551,0.66621,0.6654,0.66606
2024-06-21 05:00:00,0.66607,0.66636,0.66586,0.66608
2024-06-21 06:00:00,0.66609,0.6667,0.66588,0.66662
2024-06-21 07:00:00,0.66664,0.66679,0.66654,0.66672
2024-06-21 08:00:00,0.66672,0.66694,0.66619,0.66638
2024-06-21 09:00:00,0.66634,0.66656,0.66604,0.66624
2024-06-21 10:00:00,0.66624,0.66626,0.66466,0.66506
2024-06-21 11:00:00,0.66501,0.66574,0.66487,0.6653
2024-06-21 12:00:00,0.6653,0.66543,0.66455,0.66517
2024-06-21 13:00:00,0.66517,0.6653,0.6647,0.66526
2024-06-21 14:00:00,0.66526,0.66651,0.66526,0.66649
2024-06-21 15:00:00,0.66651,0.66693,0.66593,0.66607
2024-06-21 16:00:00,0.66607,0.66618,0.66376,0.66451
2024-06-21 17:00:00,0.66452,0.66501,0.66358,0.66366
2024-06-21 18:00:00,0.66366,0.66393,0.66313,0.66388
2024-06-21 19:00:00,0.66392,0.66422,0.66348,0.66414
2024-06-21 20:00:00,0.66414,0.66422,0.66371,0.66401
2024-06-21 21:00:00,0.66399,0.66438,0.66382,0.66437
2024-06-21 22:00:00,0.66436,0.66456,0.66416,0.66422
2024-06-21 23:00:00,0.66421,0.66437,0.66395,0.66395
2024-06-24 00:00:00,0.6638,0.66393,0.66335,0.66356
2024-06-24 01:00:00,0.66379,0.66415,0.66371,0.66412
2024-06-24 02:00:00,0.66413,0.66414,0.66334,0.66344
2024-06-24 03:00:00,0.66344,0.66404,0.66328,0.66382
2024-06-24 04:00:00,0.66381,0.66382,0.66259,0.66342
2024-06-24 05:00:00,0.66342,0.66393,0.66308,0.66315
2024-06-24 06:00:00,0.66316,0.66363,0.66312,0.66336
2024-06-24 07:00:00,0.66337,0.66384,0.66328,0.66376
2024-06-24 08:00:00,0.66378,0.66424,0.66377,0.66405
2024-06-24 09:00:00,0.66406,0.6647,0.664,0.66462
2024-06-24 10:00:00,0.66464,0.6653,0.66454,0.6653
2024-06-24 11:00:00,0.66529,0.66565,0.66514,0.66527
2024-06-24 12:00:00,0.66525,0.66555,0.6649,0.66504
2024-06-24 13:00:00,0.66505,0.66521,0.66433,0.66487
2024-06-24 14:00:00,0.66486,0.66511,0.66424,0.66429
2024-06-24 15:00:00,0.66429,0.66462,0.66377,0.66456
2024-06-24 16:00:00,0.66456,0.66605,0.66456,0.66585
2024-06-24 17:00:00,0.66584,0.66675,0.66565,0.66584
2024-06-24 18:00:00,0.66584,0.66618,0.6652,0.66544
2024-06-24 19:00:00,0.6654,0.66575,0.66535,0.66545
2024-06-24 20:00:00,0.66545,0.66548,0.66484,0.66516
2024-06-24 21:00:00,0.66517,0.66617,0.66511,0.66607
2024-06-24 22:00:00,0.66608,0.66609,0.66566,0.66573
2024-06-24 23:00:00,0.66572,0.66589,0.66546,0.66553
2024-06-25 00:00:00,0.66565,0.66565,0.66456,0.66549
2024-06-25 01:00:00,0.66549,0.66574,0.66513,0.66513
2024-06-25 02:00:00,0.66514,0.66547,0.665,0.66536
2024-06-25 03:00:00,0.66536,0.66565,0.66517,0.66532
2024-06-25 04:00:00,0.66532,0.66574,0.6651,0.66559
2024-06-25 05:00:00,0.6656,0.66607,0.66554,0.66584
2024-06-25 06:00:00,0.66584,0.66646,0.66574,0.66604
2024-06-25 07:00:00,0.66605,0.66625,0.66564,0.6661
2024-06-25 08:00:00,0.66611,0.6668,0.66605,0.66624
2024-06-25 09:00:00,0.66625,0.66724,0.66614,0.66706
2024-06-25 10:00:00,0.66706,0.66707,0.66644,0.66667
2024-06-25 11:00:00,0.66666,0.667,0.66625,0.66633
2024-06-25 12:00:00,0.66634,0.66637,0.66573,0.6659
2024-06-25 13:00:00,0.66589,0.66626,0.66566,0.66588
2024-06-25 14:00:00,0.66585,0.66591,0.66434,0.6648
2024-06-25 15:00:00,0.66481,0.66543,0.66432,0.66465
2024-06-25 16:00:00,0.66464,0.665,0.66381,0.66412
2024-06-25 17:00:00,0.66412,0.66412,0.66355,0.66386
2024-06-25 18:00:00,0.66386,0.66426,0.66371,0.66409
2024-06-25 19:00:00,0.66408,0.66409,0.6635,0.66382
2024-06-25 20:00:00,0.66382,0.66466,0.66363,0.66449
2024-06-25 21:00:00,0.6645,0.66499,0.66444,0.66484
2024-06-25 22:00:00,0.66484,0.66503,0.66476,0.66484
2024-06-25 23:00:00,0.66481,0.66481,0.66446,0.66463
2024-06-26 00:00:00,0.66451,0.66477,0.66331,0.66464
2024-06-26 01:00:00,0.66467,0.66492,0.66447,0.66451
2024-06-26 02:00:00,0.66452,0.66468,0.66441,0.66441
2024-06-26 03:00:00,0.6644,0.66441,0.66358,0.66428
2024-06-26 04:00:00,0.66425,0.66739,0.6642,0.66735
2024-06-26 05:00:00,0.66736,0.66787,0.66681,0.667
2024-06-26 06:00:00,0.66701,0.66778,0.66685,0.6672
2024-06-26 07:00:00,0.6672,0.6681,0.66714,0.66778
2024-06-26 08:00:00,0.6678,0.66864,0.66775,0.66836
2024-06-26 09:00:00,0.66838,0.66885,0.66804,0.66808
2024-06-26 10:00:00,0.66808,0.66818,0.66743,0.668
2024-06-26 11:00:00,0.668,0.66845,0.66745,0.66754
2024-06-26 12:00:00,0.66754,0.66805,0.66719,0.66724
2024-06-26 13:00:00,0.66723,0.66723,0.66583,0.66584
2024-06-26 14:00:00,0.66583,0.66585,0.66518,0.66578
2024-06-26 15:00:00,0.66579,0.66632,0.66548,0.66555
2024-06-26 16:00:00,0.66555,0.66599,0.66401,0.66505
2024-06-26 17:00:00,0.66505,0.66595,0.66473,0.66507
2024-06-26 18:00:00,0.66504,0.66516,0.66443,0.66476
2024-06-26 19:00:00,0.66477,0.66523,0.66458,0.66491
2024-06-26 20:00:00,0.66491,0.66572,0.66473,0.6657
2024-06-26 21:00:00,0.66568,0.6657,0.6649,0.66504
2024-06-26 22:00:00,0.66502,0.66516,0.66451,0.66513
2024-06-26 23:00:00,0.66512,0.66513,0.66461,0.66471
2024-06-27 00:00:00,0.66468,0.66495,0.66403,0.66486
2024-06-27 01:00:00,0.66485,0.66495,0.66462,0.66472
2024-06-27 02:00:00,0.66474,0.66474,0.66424,0.66451
2024-06-27 03:00:00,0.66451,0.66473,0.66398,0.66436
2024-06-27 04:00:00,0.66438,0.66518,0.66434,0.66515
2024-06-27 05:00:00,0.66515,0.66556,0.66481,0.66538
2024-06-27 06:00:00,0.66538,0.66629,0.66531,0.66609
2024-06-27 07:00:00,0.66611,0.66649,0.66589,0.66647
2024-06-27 08:00:00,0.66647,0.66668,0.66613,0.66661
2024-06-27 09:00:00,0.66661,0.66723,0.66635,0.66673
2024-06-27 10:00:00,0.66676,0.6672,0.66618,0.66627
2024-06-27 11:00:00,0.66627,0.66675,0.66586,0.66657
2024-06-27 12:00:00,0.66658,0.667,0.66646,0.66682
2024-06-27 13:00:00,0.66683,0.66697,0.66571,0.66606
2024-06-27 14:00:00,0.66608,0.66612,0.66509,0.66513
2024-06-27 15:00:00,0.66514,0.66686,0.66484,0.66656
2024-06-27 16:00:00,0.66656,0.66673,0.6657,0.66599
2024-06-27 17:00:00,0.66599,0.66656,0.66535,0.66593
2024-06-27 18:00:00,0.66594,0.66594,0.6643,0.6647
2024-06-27 19:00:00,0.66469,0.66498,0.66455,0.66491
2024-06-27 20:00:00,0.6649,0.66523,0.66473,0.66476
2024-06-27 21:00:00,0.66478,0.66478,0.66428,0.66477
2024-06-27 22:00:00,0.66477,0.66494,0.66458,0.66464
2024-06-27 23:00:00,0.66464,0.66489,0.66417,0.66464
2024-06-28 00:00:00,0.6643,0.66478,0.6642,0.6646
2024-06-28 01:00:00,0.66461,0.66485,0.66454,0.66458
2024-06-28 02:00:00,0.66457,0.66508,0.66449,0.66496
2024-06-28 03:00:00,0.66497,0.66512,0.66395,0.66398
2024-06-28 04:00:00,0.66397,0.66402,0.66199,0.66247
2024-06-28 05:00:00,0.66247,0.66393,0.6624,0.66334
2024-06-28 06:00:00,0.66334,0.66342,0.66252,0.66264
2024-06-28 07:00:00,0.66264,0.6627,0.66203,0.66226
2024-06-28 08:00:00,0.66225,0.66254,0.66204,0.66235
2024-06-28 09:00:00,0.66236,0.66346,0.66229,0.66313
2024-06-28 10:00:00,0.66314,0.66365,0.66263,0.66338
2024-06-28 11:00:00,0.66337,0.66432,0.66312,0.66419
2024-06-28 12:00:00,0.66418,0.66566,0.66396,0.66546
2024-06-28 13:00:00,0.66546,0.66599,0.66525,0.66596
2024-06-28 14:00:00,0.66595,0.66607,0.66521,0.66537
2024-06-28 15:00:00,0.66538,0.66721,0.66526,0.66678
2024-06-28 16:00:00,0.66679,0.66782,0.66659,0.66683
2024-06-28 17:00:00,0.66708,0.66844,0.66599,0.66792
2024-06-28 18:00:00,0.66787,0.66789,0.66674,0.66739
2024-06-28 19:00:00,0.66739,0.66764,0.6669,0.66738
2024-06-28 20:00:00,0.66738,0.66826,0.66714,0.66723
2024-06-28 21:00:00,0.66724,0.66763,0.66683,0.66689
2024-06-28 22:00:00,0.66689,0.66716,0.6663,0.66713
2024-06-28 23:00:00,0.66713,0.66714,0.66674,0.66691
2024-07-01 00:00:00,0.668,0.668,0.66733,0.6676
2024-07-01 01:00:00,0.66756,0.6678,0.66756,0.66765
2024-07-01 02:00:00,0.66768,0.66797,0.66723,0.66735
2024-07-01 03:00:00,0.66739,0.66744,0.66645,0.66704
2024-07-01 04:00:00,0.66706,0.66746,0.66655,0.66716
2024-07-01 05:00:00,0.66716,0.66727,0.66666,0.66707
2024-07-01 06:00:00,0.66708,0.66711,0.66652,0.66674
2024-07-01 07:00:00,0.66674,0.66685,0.66642,0.66658
2024-07-01 08:00:00,0.66654,0.66691,0.66637,0.66666
2024-07-01 09:00:00,0.66669,0.66761,0.66664,0.66708
2024-07-01 10:00:00,0.66708,0.66785,0.66703,0.66755
2024-07-01 11:00:00,0.66756,0.66866,0.66745,0.66844
2024-07-01 12:00:00,0.66844,0.66844,0.66756,0.66792
2024-07-01 13:00:00,0.66791,0.66791,0.66735,0.66742
2024-07-01 14:00:00,0.66741,0.66767,0.6671,0.66737
2024-07-01 15:00:00,0.66735,0.66735,0.66559,0.66634
2024-07-01 16:00:00,0.66634,0.66819,0.66626,0.66735
2024-07-01 17:00:00,0.66842,0.66888,0.66492,0.66501
2024-07-01 18:00:00,0.66499,0.66526,0.66437,0.66523
2024-07-01 19:00:00,0.66523,0.66587,0.66489,0.66531
2024-07-01 20:00:00,0.66531,0.66591,0.66526,0.6654
2024-07-01 21:00:00,0.6654,0.66543,0.66479,0.66504
2024-07-01 22:00:00,0.66506,0.66555,0.66493,0.66553
2024-07-01 23:00:00,0.66554,0.66599,0.66551,0.66596
2024-07-02 00:00:00,0.66581,0.66591,0.66484,0.66579
2024-07-02 01:00:00,0.66579,0.666,0.66554,0.66556
2024-07-02 02:00:00,0.66557,0.66557,0.66515,0.6654
2024-07-02 03:00:00,0.66541,0.66574,0.66476,0.66491
2024-07-02 04:00:00,0.66491,0.66518,0.6642,0.66486
2024-07-02 05:00:00,0.66486,0.66494,0.66382,0.66401
2024-07-02 06:00:00,0.66401,0.66423,0.6634,0.66421
2024-07-02 07:00:00,0.66422,0.6644,0.66381,0.66428
2024-07-02 08:00:00,0.66429,0.66469,0.66381,0.66446
2024-07-02 09:00:00,0.66448,0.66482,0.66385,0.66422
2024-07-02 10:00:00,0.66421,0.66495,0.66396,0.66486
2024-07-02 11:00:00,0.66487,0.66516,0.66445,0.66505
2024-07-02 12:00:00,0.66506,0.6651,0.66481,0.66494
2024-07-03 00:00:00,0.66659,0.66663,0.66629,0.6665
2024-07-03 01:00:00,0.66647,0.66705,0.66647,0.66702
2024-07-03 02:00:00,0.66702,0.66704,0.66675,0.66684
2024-07-03 03:00:00,0.66685,0.66741,0.66685,0.66692
2024-07-03 04:00:00,0.66692,0.66778,0.6665,0.66724
2024-07-03 05:00:00,0.66724,0.66771,0.6669,0.66712
2024-07-03 06:00:00,0.66712,0.6679,0.66709,0.66769
2024-07-03 07:00:00,0.66769,0.66807,0.66752,0.66752
2024-07-03 08:00:00,0.66752,0.6677,0.66686,0.66726
2024-07-03 09:00:00,0.66726,0.66776,0.66708,0.66757
2024-07-03 10:00:00,0.66757,0.6684,0.66757,0.66807
2024-07-03 11:00:00,0.66807,0.66811,0.66745,0.66749
2024-07-03 12:00:00,0.66747,0.66767,0.66716,0.66727
2024-07-03 13:00:00,0.66726,0.66749,0.66698,0.66702
2024-07-03 14:00:00,0.66702,0.66736,0.66692,0.66724
2024-07-03 15:00:00,0.66726,0.66832,0.66702,0.6678
2024-07-03 16:00:00,0.6678,0.66986,0.66778,0.66957
2024-07-03 17:00:00,0.66958,0.67335,0.66958,0.67204
2024-07-03 18:00:00,0.67204,0.67229,0.67111,0.67179
2024-07-03 19:00:00,0.67179,0.67192,0.67113,0.6714
2024-07-03 20:00:00,0.6714,0.6714,0.67052,0.67084
2024-07-03 21:00:00,0.67082,0.67093,0.67,0.67032
2024-07-03 22:00:00,0.67035,0.67052,0.67024,0.6704
2024-07-03 23:00:00,0.67039,0.67066,0.67024,0.67024
2024-07-04 00:00:00,0.67016,0.67054,0.67011,0.6704
2024-07-04 01:00:00,0.67042,0.67104,0.67041,0.67094
2024-07-04 02:00:00,0.67094,0.67124,0.67074,0.67116
2024-07-04 03:00:00,0.67116,0.6718,0.67099,0.67164
2024-07-04 04:00:00,0.67165,0.67212,0.67109,0.6716
2024-07-04 05:00:00,0.6716,0.67167,0.67129,0.67149
2024-07-04 06:00:00,0.67149,0.67161,0.67104,0.67121
2024-07-04 07:00:00,0.67121,0.67141,0.67109,0.67131
2024-07-04 08:00:00,0.67131,0.67171,0.67109,0.67169
2024-07-04 09:00:00,0.6717,0.67182,0.67119,0.6718
2024-07-04 10:00:00,0.6718,0.67196,0.67133,0.67194
2024-07-04 11:00:00,0.67195,0.67257,0.67166,0.67214
2024-07-04 12:00:00,0.67214,0.67238,0.67183,0.67224
2024-07-04 13:00:00,0.67224,0.67287,0.67218,0.67285
2024-07-04 14:00:00,0.67285,0.67311,0.6727,0.67287
2024-07-04 15:00:00,0.67289,0.67313,0.67243,0.67265
2024-07-04 16:00:00,0.67266,0.67277,0.6724,0.67265
2024-07-04 17:00:00,0.67264,0.67296,0.67239,0.67254
2024-07-04 18:00:00,0.67255,0.67314,0.67244,0.67273
2024-07-04 19:00:00,0.67273,0.67285,0.67254,0.67282
2024-07-04 20:00:00,0.67282,0.67288,0.67263,0.6727
2024-07-04 21:00:00,0.67269,0.6727,0.67258,0.67269
2024-07-04 22:00:00,0.67268,0.67278,0.67263,0.67274
2024-07-04 23:00:00,0.67275,0.67276,0.67242,0.67254
2024-07-05 00:00:00,0.67228,0.67271,0.67228,0.67252
2024-07-05 01:00:00,0.67254,0.67274,0.67247,0.67266
2024-07-05 02:00:00,0.67266,0.67273,0.6724,0.67246
2024-07-05 03:00:00,0.67247,0.67356,0.67243,0.67323
2024-07-05 04:00:00,0.67323,0.67376,0.6731,0.67359
2024-07-05 05:00:00,0.67359,0.67387,0.67337,0.67355
2024-07-05 06:00:00,0.67348,0.67376,0.67324,0.67366
2024-07-05 07:00:00,0.67366,0.67377,0.67332,0.67336
2024-07-05 08:00:00,0.67336,0.6735,0.6728,0.67337
2024-07-05 09:00:00,0.67337,0.67364,0.67269,0.6729
2024-07-05 10:00:00,0.67291,0.67356,0.67283,0.67331
2024-07-05 11:00:00,0.6733,0.6736,0.67299,0.67352
2024-07-05 12:00:00,0.67351,0.67364,0.67313,0.67356
2024-07-05 13:00:00,0.67355,0.67374,0.67331,0.67356
2024-07-05 14:00:00,0.67356,0.67369,0.67312,0.67324
2024-07-05 15:00:00,0.6732,0.67521,0.6709,0.67357
2024-07-05 16:00:00,0.67356,0.67472,0.6722,0.67301
2024-07-05 17:00:00,0.67301,0.67391,0.67183,0.6737
2024-07-05 18:00:00,0.6737,0.67462,0.67334,0.67422
2024-07-05 19:00:00,0.67424,0.67447,0.67379,0.67398
2024-07-05 20:00:00,0.67398,0.67448,0.6738,0.67434
2024-07-05 21:00:00,0.67438,0.67519,0.67427,0.67514
2024-07-05 22:00:00,0.67513,0.67526,0.67503,0.67517
2024-07-05 23:00:00,0.67519,0.67524,0.67474,0.67479
2024-07-08 00:00:00,0.674,0.67432,0.67309,0.67425
2024-07-08 01:00:00,0.67467,0.67491,0.6743,0.67433
2024-07-08 02:00:00,0.67438,0.67484,0.67424,0.6746
2024-07-08 03:00:00,0.6746,0.67479,0.67396,0.674
2024-07-08 04:00:00,0.67399,0.67501,0.67381,0.67493
2024-07-08 05:00:00,0.67493,0.67513,0.6746,0.6749
2024-07-08 06:00:00,0.6749,0.67608,0.6747,0.67546
2024-07-08 07:00:00,0.67546,0.67548,0.67511,0.67528
2024-07-08 08:00:00,0.67529,0.67529,0.67429,0.67439
2024-07-08 09:00:00,0.67439,0.67469,0.674,0.67407
2024-07-08 10:00:00,0.67408,0.67465,0.67393,0.67445
2024-07-08 11:00:00,0.67444,0.67461,0.6736,0.67363
2024-07-08 12:00:00,0.67362,0.67415,0.67349,0.67412
2024-07-08 13:00:00,0.67413,0.6743,0.67359,0.67368
2024-07-08 14:00:00,0.67366,0.67425,0.67363,0.67397
2024-07-08 15:00:00,0.67398,0.67497,0.67397,0.67486
2024-07-08 16:00:00,0.67486,0.67512,0.67426,0.67467
2024-07-08 17:00:00,0.67467,0.67494,0.67436,0.67467
2024-07-08 18:00:00,0.67468,0.67472,0.67367,0.67373
2024-07-08 19:00:00,0.67372,0.67423,0.67362,0.67411
2024-07-08 20:00:00,0.67411,0.6744,0.67377,0.67422
2024-07-08 21:00:00,0.67422,0.67424,0.67343,0.67374
2024-07-08 22:00:00,0.67374,0.67381,0.67317,0.67352
2024-07-08 23:00:00,0.67352,0.67373,0.67349,0.67363
2024-07-09 00:00:00,0.67342,0.67374,0.67327,0.67368
2024-07-09 01:00:00,0.67369,0.67372,0.67349,0.6737
2024-07-09 02:00:00,0.67369,0.67428,0.67369,0.67425
2024-07-09 03:00:00,0.67429,0.67474,0.67347,0.67372
2024-07-09 04:00:00,0.67372,0.67442,0.67344,0.67364
2024-07-09 05:00:00,0.67363,0.6737,0.67277,0.67337
2024-07-09 06:00:00,0.67337,0.6739,0.67337,0.67357
2024-07-09 07:00:00,0.67357,0.67427,0.67355,0.67417
2024-07-09 08:00:00,0.67416,0.67459,0.67406,0.67424
2024-07-09 09:00:00,0.67428,0.67453,0.67376,0.67444
2024-07-09 10:00:00,0.67445,0.67474,0.67409,0.67419
2024-07-09 11:00:00,0.67419,0.67432,0.67351,0.67357
2024-07-09 12:00:00,0.67358,0.67395,0.67349,0.67387
2024-07-09 13:00:00,0.67384,0.67433,0.67356,0.67407
2024-07-09 14:00:00,0.67408,0.67408,0.67308,0.67328
2024-07-09 15:00:00,0.67329,0.67335,0.67288,0.67321
2024-07-09 16:00:00,0.67321,0.67422,0.67313,0.67407
2024-07-09 17:00:00,0.67406,0.67454,0.67263,0.67321
2024-07-09 18:00:00,0.67321,0.67358,0.67237,0.67357
2024-07-09 19:00:00,0.67358,0.67378,0.67336,0.67373
2024-07-09 20:00:00,0.67373,0.67437,0.67365,0.67397
2024-07-09 21:00:00,0.67395,0.67412,0.6737,0.67401
2024-07-09 22:00:00,0.67401,0.67418,0.67379,0.67411
2024-07-09 23:00:00,0.67411,0.67425,0.67396,0.67406
2024-07-10 00:00:00,0.67405,0.67415,0.67348,0.67396
2024-07-10 01:00:00,0.67396,0.67422,0.67396,0.67421
2024-07-10 02:00:00,0.67421,0.6743,0.67407,0.67415
2024-07-10 03:00:00,0.67415,0.67445,0.67342,0.67353
2024-07-10 04:00:00,0.67351,0.674,0.67334,0.67386
2024-07-10 05:00:00,0.67393,0.67416,0.6732,0.67411
2024-07-10 06:00:00,0.6741,0.67447,0.67378,0.67447
2024-07-10 07:00:00,0.67447,0.67462,0.67411,0.67451
2024-07-10 08:00:00,0.67453,0.67466,0.67407,0.67427
2024-07-10 09:00:00,0.67427,0.67481,0.67409,0.67472
2024-07-10 10:00:00,0.67473,0.67502,0.67371,0.67391
2024-07-10 11:00:00,0.67392,0.67408,0.67331,0.67397
2024-07-10 12:00:00,0.67397,0.67421,0.67382,0.67393
2024-07-10 13:00:00,0.67393,0.67412,0.6735,0.67397
2024-07-10 14:00:00,0.67396,0.67431,0.67377,0.67413
2024-07-10 15:00:00,0.67413,0.67462,0.67396,0.67445
2024-07-10 16:00:00,0.67447,0.67469,0.67416,0.67429
2024-07-10 17:00:00,0.67429,0.67518,0.67419,0.6742
2024-07-10 18:00:00,0.67419,0.6749,0.67419,0.67457
2024-07-10 19:00:00,0.67457,0.67489,0.67452,0.67463
2024-07-10 20:00:00,0.67467,0.67483,0.67404,0.67425
2024-07-10 21:00:00,0.67426,0.67448,0.67383,0.67448
2024-07-10 22:00:00,0.67447,0.67478,0.67416,0.67471
2024-07-10 23:00:00,0.67471,0.67479,0.67456,0.67467
2024-07-11 00:00:00,0.67469,0.67471,0.67424,0.67459
2024-07-11 01:00:00,0.67458,0.6751,0.67458,0.67491
2024-07-11 02:00:00,0.67494,0.67518,0.67491,0.67513
2024-07-11 03:00:00,0.67516,0.67546,0.67471,0.67506
2024-07-11 04:00:00,0.67503,0.67581,0.67487,0.67575
2024-07-11 05:00:00,0.67573,0.67633,0.67571,0.67584
2024-07-11 06:00:00,0.67582,0.67623,0.67566,0.67609
2024-07-11 07:00:00,0.67609,0.67619,0.6757,0.67574
2024-07-11 08:00:00,0.67574,0.67604,0.67557,0.676
2024-07-11 09:00:00,0.67595,0.67626,0.67544,0.67557
2024-07-11 10:00:00,0.67559,0.67581,0.67529,0.67569
2024-07-11 11:00:00,0.6757,0.676,0.67544,0.67595
2024-07-11 12:00:00,0.67594,0.67616,0.6755,0.67585
2024-07-11 13:00:00,0.67583,0.67583,0.67529,0.67545
2024-07-11 14:00:00,0.67544,0.67556,0.67506,0.6755
2024-07-11 15:00:00,0.6755,0.67984,0.67505,0.67901
2024-07-11 16:00:00,0.67899,0.6798,0.67637,0.67829
2024-07-11 17:00:00,0.67832,0.679,0.67668,0.67825
2024-07-11 18:00:00,0.67825,0.67838,0.67682,0.67736
2024-07-11 19:00:00,0.67733,0.67736,0.67615,0.67642
2024-07-11 20:00:00,0.67642,0.67666,0.67549,0.67573
2024-07-11 21:00:00,0.67574,0.67638,0.67555,0.67616
2024-07-11 22:00:00,0.67617,0.67617,0.67546,0.67553
2024-07-11 23:00:00,0.67546,0.67598,0.67544,0.67589
2024-07-12 00:00:00,0.67588,0.67598,0.67546,0.67573
2024-07-12 01:00:00,0.67576,0.67616,0.67554,0.6759
2024-07-12 02:00:00,0.67592,0.67724,0.67588,0.67697
2024-07-12 03:00:00,0.67696,0.67716,0.67573,0.67589
2024-07-12 04:00:00,0.6759,0.67613,0.67541,0.67572
2024-07-12 05:00:00,0.67574,0.67652,0.67537,0.67632
2024-07-12 06:00:00,0.67631,0.67671,0.67629,0.67669
2024-07-12 07:00:00,0.67669,0.67715,0.67665,0.6769
2024-07-12 08:00:00,0.67692,0.67729,0.67647,0.67719
2024-07-12 09:00:00,0.67715,0.67724,0.67599,0.6762
2024-07-12 10:00:00,0.67619,0.67704,0.67594,0.67697
2024-07-12 11:00:00,0.67698,0.67774,0.67692,0.67766
2024-07-12 12:00:00,0.67766,0.67784,0.6772,0.67747
2024-07-12 13:00:00,0.67746,0.67749,0.67695,0.67729
2024-07-12 14:00:00,0.6773,0.67761,0.6771,0.67723
2024-07-12 15:00:00,0.67725,0.67792,0.67622,0.67744
2024-07-12 16:00:00,0.67751,0.67841,0.67721,0.67763
2024-07-12 17:00:00,0.67769,0.67913,0.67766,0.67898
2024-07-12 18:00:00,0.67898,0.67935,0.67863,0.67866
2024-07-12 19:00:00,0.67866,0.67907,0.6786,0.67883
2024-07-12 20:00:00,0.67882,0.67892,0.6783,0.6787
2024-07-12 21:00:00,0.67868,0.67881,0.67844,0.6788
2024-07-12 22:00:00,0.6788,0.67901,0.67838,0.67849
2024-07-12 23:00:00,0.67851,0.67853,0.67826,0.67835
2024-07-15 00:00:00,0.67686,0.67772,0.67683,0.67718
2024-07-15 01:00:00,0.67714,0.67721,0.67629,0.67671
2024-07-15 02:00:00,0.67671,0.67718,0.6767,0.67705
2024-07-15 03:00:00,0.67706,0.67715,0.6764,0.67673
2024-07-15 04:00:00,0.67673,0.67717,0.67622,0.67706
2024-07-15 05:00:00,0.67706,0.67773,0.67667,0.6773
2024-07-15 06:00:00,0.6773,0.67781,0.6773,0.67762
2024-07-15 07:00:00,0.67762,0.67764,0.67736,0.67746
2024-07-15 08:00:00,0.67747,0.67762,0.67731,0.67745
2024-07-15 09:00:00,0.67746,0.67751,0.6766,0.67713
2024-07-15 10:00:00,0.67711,0.6779,0.67702,0.67785
2024-07-15 11:00:00,0.67787,0.67885,0.67787,0.67849
2024-07-15 12:00:00,0.67848,0.67878,0.67787,0.678
2024-07-15 13:00:00,0.67801,0.67818,0.67759,0.67802
2024-07-15 14:00:00,0.67802,0.67834,0.67754,0.67773
2024-07-15 15:00:00,0.67774,0.67798,0.67705,0.67753
2024-07-15 16:00:00,0.67753,0.67824,0.67733,0.67772
2024-07-15 17:00:00,0.67773,0.67787,0.6771,0.67758
2024-07-15 18:00:00,0.67759,0.67822,0.67733,0.67769
2024-07-15 19:00:00,0.67768,0.67818,0.67675,0.67707
2024-07-15 20:00:00,0.67707,0.67707,0.67523,0.67575
2024-07-15 21:00:00,0.67576,0.67646,0.6756,0.67644
2024-07-15 22:00:00,0.67644,0.67644,0.67581,0.67606
2024-07-15 23:00:00,0.67605,0.67615,0.67585,0.67588
2024-07-16 00:00:00,0.67586,0.67597,0.67575,0.67588
2024-07-16 01:00:00,0.67589,0.67608,0.67588,0.67595
2024-07-16 02:00:00,0.67595,0.67641,0.67595,0.67621
2024-07-16 03:00:00,0.67622,0.67628,0.67504,0.67505
2024-07-16 04:00:00,0.67505,0.6752,0.67449,0.67497
2024-07-16 05:00:00,0.67496,0.67505,0.67416,0.67446
2024-07-16 06:00:00,0.67442,0.67506,0.67426,0.67477
2024-07-16 07:00:00,0.67477,0.675,0.67413,0.67418
2024-07-16 08:00:00,0.67418,0.67418,0.67367,0.67395
2024-07-16 09:00:00,0.67395,0.67434,0.67339,0.67412
2024-07-16 10:00:00,0.67411,0.67461,0.67406,0.67435
2024-07-16 11:00:00,0.67436,0.67436,0.67324,0.67383
2024-07-16 12:00:00,0.67383,0.67475,0.6737,0.67464
2024-07-16 13:00:00,0.67464,0.67479,0.67412,0.6742
2024-07-16 14:00:00,0.67422,0.67442,0.67383,0.67433
2024-07-16 15:00:00,0.67433,0.67448,0.67175,0.67235
2024-07-16 16:00:00,0.67234,0.67246,0.67144,0.67236
2024-07-16 17:00:00,0.67236,0.67267,0.67179,0.6723
2024-07-16 18:00:00,0.6723,0.67264,0.67199,0.67243
2024-07-16 19:00:00,0.67242,0.67257,0.67217,0.67256
2024-07-16 20:00:00,0.67255,0.6731,0.67241,0.67307
2024-07-16 21:00:00,0.67307,0.67346,0.67287,0.67329
2024-07-16 22:00:00,0.67329,0.67362,0.67316,0.67353
2024-07-16 23:00:00,0.6735,0.67359,0.67326,0.67331
2024-07-17 00:00:00,0.67316,0.67336,0.67313,0.67321
2024-07-17 01:00:00,0.67319,0.6735,0.67289,0.6735
2024-07-17 02:00:00,0.67347,0.6735,0.67279,0.67315
2024-07-17 03:00:00,0.67315,0.67329,0.67251,0.67313
2024-07-17 04:00:00,0.67312,0.67396,0.67279,0.6739
2024-07-17 05:00:00,0.67393,0.67413,0.67352,0.67385
2024-07-17 06:00:00,0.67385,0.67406,0.67354,0.67376
2024-07-17 07:00:00,0.67375,0.67406,0.67352,0.67368
2024-07-17 08:00:00,0.67368,0.67396,0.67344,0.67352
2024-07-17 09:00:00,0.67351,0.67378,0.67289,0.67334
2024-07-17 10:00:00,0.67335,0.67412,0.67301,0.67347
2024-07-17 11:00:00,0.67347,0.67537,0.67341,0.67527
2024-07-17 12:00:00,0.67526,0.67545,0.67456,0.67529
2024-07-17 13:00:00,0.67529,0.6754,0.67413,0.67415
2024-07-17 14:00:00,0.67415,0.67459,0.67386,0.67407
2024-07-17 15:00:00,0.67401,0.67437,0.67374,0.67388
2024-07-17 16:00:00,0.67385,0.67436,0.67328,0.674
2024-07-17 17:00:00,0.67397,0.67399,0.67264,0.67296
2024-07-17 18:00:00,0.67296,0.67316,0.6724,0.6727
2024-07-17 19:00:00,0.6727,0.67286,0.67207,0.67256
2024-07-17 20:00:00,0.67255,0.67291,0.67219,0.67223
2024-07-17 21:00:00,0.67224,0.67299,0.67208,0.67255
2024-07-17 22:00:00,0.67256,0.67296,0.67235,0.67262
2024-07-17 23:00:00,0.67261,0.673,0.67246,0.67287
2024-07-18 00:00:00,0.67278,0.67292,0.67226,0.67276
2024-07-18 01:00:00,0.67276,0.67299,0.67267,0.67288
2024-07-18 02:00:00,0.67291,0.67316,0.67265,0.67303
2024-07-18 03:00:00,0.67303,0.67308,0.67216,0.67218
2024-07-18 04:00:00,0.67218,0.67365,0.67146,0.67333
2024-07-18 05:00:00,0.67334,0.67393,0.67289,0.67389
2024-07-18 06:00:00,0.6739,0.67405,0.67329,0.67367
2024-07-18 07:00:00,0.67366,0.67389,0.67353,0.67371
2024-07-18 08:00:00,0.67371,0.67416,0.67354,0.67379
2024-07-18 09:00:00,0.67377,0.67412,0.67353,0.67392
2024-07-18 10:00:00,0.67392,0.67433,0.67323,0.67377
2024-07-18 11:00:00,0.67379,0.67412,0.6734,0.6736
2024-07-18 12:00:00,0.6736,0.67376,0.67331,0.67339
2024-07-18 13:00:00,0.67338,0.67387,0.67328,0.67375
2024-07-18 14:00:00,0.67374,0.67377,0.67298,0.67307
2024-07-18 15:00:00,0.67307,0.67396,0.67298,0.67344
2024-07-18 16:00:00,0.67344,0.67376,0.673,0.67328
2024-07-18 17:00:00,0.67328,0.67405,0.67283,0.67339
2024-07-18 18:00:00,0.6734,0.67349,0.67237,0.67246
2024-07-18 19:00:00,0.67246,0.67272,0.6721,0.67255
2024-07-18 20:00:00,0.67254,0.6726,0.67176,0.6718
2024-07-18 21:00:00,0.6718,0.67182,0.67004,0.67044
2024-07-18 22:00:00,0.67045,0.67081,0.66974,0.67031
2024-07-18 23:00:00,0.6703,0.67065,0.6703,0.67055
2024-07-19 00:00:00,0.6703,0.67076,0.67008,0.67062
2024-07-19 01:00:00,0.67063,0.67075,0.67045,0.67052
2024-07-19 02:00:00,0.67053,0.67084,0.67035,0.67037
2024-07-19 03:00:00,0.67035,0.67035,0.66948,0.66999
2024-07-19 04:00:00,0.66999,0.67027,0.66955,0.67002
2024-07-19 05:00:00,0.67001,0.67061,0.6699,0.67056
2024-07-19 06:00:00,0.67056,0.67062,0.66996,0.67004
2024-07-19 07:00:00,0.67004,0.6703,0.66981,0.66992
2024-07-19 08:00:00,0.66992,0.67035,0.66967,0.67013
2024-07-19 09:00:00,0.67009,0.67053,0.6698,0.67019
2024-07-19 10:00:00,0.67018,0.67072,0.66899,0.6695
2024-07-19 11:00:00,0.6695,0.6696,0.66896,0.66909
2024-07-19 12:00:00,0.66909,0.66943,0.6689,0.66896
2024-07-19 13:00:00,0.66895,0.6694,0.66874,0.66907
2024-07-19 14:00:00,0.66907,0.66968,0.66906,0.66952
2024-07-19 15:00:00,0.6695,0.66953,0.66883,0.66895
2024-07-19 16:00:00,0.66895,0.66938,0.66835,0.66914
2024-07-19 17:00:00,0.66913,0.66955,0.66892,0.6693
2024-07-19 18:00:00,0.6693,0.6695,0.66871,0.66926
2024-07-19 19:00:00,0.66926,0.66939,0.66856,0.66872
2024-07-19 20:00:00,0.66873,0.66882,0.66842,0.66876
2024-07-19 21:00:00,0.66877,0.66884,0.668,0.66831
2024-07-19 22:00:00,0.66832,0.66857,0.66804,0.66827
2024-07-19 23:00:00,0.6683,0.66843,0.66817,0.66834
2024-07-22 00:00:00,0.6689,0.669,0.66827,0.66841
2024-07-22 01:00:00,0.66842,0.66998,0.66842,0.66996
2024-07-22 02:00:00,0.66996,0.67021,0.66954,0.66956
2024-07-22 03:00:00,0.66956,0.66958,0.66862,0.669
2024-07-22 04:00:00,0.66901,0.66906,0.66715,0.66729
2024-07-22 05:00:00,0.66721,0.66775,0.66624,0.66724
2024-07-22 06:00:00,0.66724,0.66772,0.667,0.66706
2024-07-22 07:00:00,0.66708,0.66722,0.66678,0.66679
2024-07-22 08:00:00,0.66679,0.66681,0.66609,0.66616
2024-07-22 09:00:00,0.66615,0.66666,0.66608,0.66645
2024-07-22 10:00:00,0.66646,0.66678,0.66624,0.66635
2024-07-22 11:00:00,0.66635,0.66682,0.6662,0.66654
2024-07-22 12:00:00,0.66654,0.66676,0.66619,0.66645
2024-07-22 13:00:00,0.66645,0.66658,0.66604,0.66619
2024-07-22 14:00:00,0.66619,0.66635,0.66531,0.66539
2024-07-22 15:00:00,0.6654,0.66542,0.66435,0.6647
2024-07-22 16:00:00,0.66469,0.66482,0.66351,0.66361
2024-07-22 17:00:00,0.6636,0.66404,0.66311,0.66387
2024-07-22 18:00:00,0.66387,0.66432,0.66355,0.66375
2024-07-22 19:00:00,0.66375,0.66404,0.66352,0.66393
2024-07-22 20:00:00,0.66396,0.66436,0.66396,0.6643
2024-07-22 21:00:00,0.66434,0.66435,0.66402,0.6641
2024-07-22 22:00:00,0.6641,0.6642,0.66391,0.66419
2024-07-22 23:00:00,0.66419,0.66421,0.66398,0.66418
2024-07-23 00:00:00,0.66422,0.66433,0.66405,0.66425
2024-07-23 01:00:00,0.66421,0.66439,0.66419,0.66434
2024-07-23 02:00:00,0.66435,0.66436,0.66383,0.66386
2024-07-23 03:00:00,0.66387,0.66454,0.66323,0.66347
2024-07-23 04:00:00,0.66346,0.66457,0.66339,0.66403
2024-07-23 05:00:00,0.66402,0.66414,0.6635,0.66355
2024-07-23 06:00:00,0.66354,0.66396,0.66342,0.66377
2024-07-23 07:00:00,0.66376,0.66381,0.66312,0.66312
2024-07-23 08:00:00,0.66312,0.6633,0.66289,0.6633
2024-07-23 09:00:00,0.66329,0.66334,0.66244,0.66259
2024-07-23 10:00:00,0.6626,0.66301,0.66219,0.66234
2024-07-23 11:00:00,0.66234,0.6627,0.66209,0.66222
2024-07-23 12:00:00,0.66221,0.66271,0.6621,0.66254
2024-07-23 13:00:00,0.66254,0.66267,0.66214,0.66259
2024-07-23 14:00:00,0.66258,0.66289,0.66209,0.66215
2024-07-23 15:00:00,0.66214,0.66257,0.66187,0.66218
2024-07-23 16:00:00,0.66217,0.66237,0.66114,0.66144
2024-07-23 17:00:00,0.66144,0.66208,0.66136,0.66146
2024-07-23 18:00:00,0.66146,0.66198,0.66131,0.66179
2024-07-23 19:00:00,0.6618,0.66203,0.66138,0.66151
2024-07-23 20:00:00,0.66152,0.66196,0.66121,0.66127
2024-07-23 21:00:00,0.66126,0.66148,0.66109,0.66137
2024-07-23 22:00:00,0.66137,0.66148,0.66126,0.66136
2024-07-23 23:00:00,0.66136,0.66159,0.66129,0.66142
2024-07-24 00:00:00,0.66142,0.66166,0.66109,0.66154
2024-07-24 01:00:00,0.66155,0.66155,0.66111,0.66148
2024-07-24 02:00:00,0.66148,0.6615,0.66108,0.66117
2024-07-24 03:00:00,0.66117,0.66129,0.6607,0.66106
2024-07-24 04:00:00,0.66107,0.66125,0.66047,0.66065
2024-07-24 05:00:00,0.66065,0.66085,0.66,0.66015
2024-07-24 06:00:00,0.66015,0.66023,0.65911,0.65942
2024-07-24 07:00:00,0.65941,0.65952,0.65835,0.65854
2024-07-24 08:00:00,0.65855,0.6596,0.65848,0.6594
2024-07-24 09:00:00,0.6594,0.65986,0.65893,0.65959
2024-07-24 10:00:00,0.65958,0.66047,0.65958,0.65985
2024-07-24 11:00:00,0.65986,0.66001,0.65945,0.65955
2024-07-24 12:00:00,0.65956,0.65992,0.65898,0.65975
2024-07-24 13:00:00,0.65976,0.65989,0.65951,0.65974
2024-07-24 14:00:00,0.65976,0.66067,0.6596,0.66054
2024-07-24 15:00:00,0.66055,0.66087,0.65961,0.66077
2024-07-24 16:00:00,0.66077,0.66102,0.65958,0.65973
2024-07-24 17:00:00,0.65973,0.66074,0.65949,0.66054
2024-07-24 18:00:00,0.66054,0.66069,0.6598,0.65986
2024-07-24 19:00:00,0.65987,0.66009,0.65934,0.65964
2024-07-24 20:00:00,0.65962,0.65996,0.65901,0.65902
2024-07-24 21:00:00,0.65902,0.65902,0.65797,0.65799
2024-07-24 22:00:00,0.658,0.65863,0.65775,0.65792
2024-07-24 23:00:00,0.65791,0.65817,0.65789,0.65807
2024-07-25 00:00:00,0.65774,0.65805,0.65763,0.65794
2024-07-25 01:00:00,0.65793,0.65821,0.65787,0.65791
2024-07-25 02:00:00,0.65793,0.65797,0.65723,0.65734
2024-07-25 03:00:00,0.6573,0.65739,0.65571,0.65637
2024-07-25 04:00:00,0.65638,0.65689,0.65611,0.65623
2024-07-25 05:00:00,0.65623,0.65637,0.6549,0.65525
2024-07-25 06:00:00,0.65525,0.6555,0.65492,0.6552
2024-07-25 07:00:00,0.6552,0.6552,0.65404,0.65411
2024-07-25 08:00:00,0.65412,0.65482,0.65407,0.65464
2024-07-25 09:00:00,0.65464,0.65488,0.65397,0.65417
2024-07-25 10:00:00,0.65411,0.65436,0.65253,0.65336
2024-07-25 11:00:00,0.65337,0.65418,0.65321,0.65358
2024-07-25 12:00:00,0.65359,0.65364,0.65233,0.6525
2024-07-25 13:00:00,0.6525,0.65269,0.65186,0.65226
2024-07-25 14:00:00,0.65227,0.65271,0.65196,0.65196
2024-07-25 15:00:00,0.65196,0.65366,0.65135,0.65332
2024-07-25 16:00:00,0.65333,0.65476,0.65297,0.6543
2024-07-25 17:00:00,0.6543,0.65554,0.65363,0.65531
2024-07-25 18:00:00,0.65531,0.65577,0.65464,0.65505
2024-07-25 19:00:00,0.65504,0.65584,0.65493,0.65556
2024-07-25 20:00:00,0.65558,0.65604,0.65461,0.65503
2024-07-25 21:00:00,0.65503,0.65511,0.65425,0.65425
2024-07-25 22:00:00,0.65424,0.65526,0.65398,0.654
2024-07-25 23:00:00,0.65402,0.65403,0.65334,0.65374
2024-07-26 00:00:00,0.6537,0.65376,0.6532,0.65373
2024-07-26 01:00:00,0.65367,0.6539,0.65348,0.65366
2024-07-26 02:00:00,0.65366,0.65416,0.65357,0.65397
2024-07-26 03:00:00,0.65397,0.65468,0.65397,0.65463
2024-07-26 04:00:00,0.65461,0.65547,0.65428,0.65541
2024-07-26 05:00:00,0.65542,0.65542,0.65466,0.65494
2024-07-26 06:00:00,0.65494,0.6552,0.65478,0.6551
2024-07-26 07:00:00,0.65511,0.65546,0.65509,0.65523
2024-07-26 08:00:00,0.65523,0.65561,0.65519,0.65539
2024-07-26 09:00:00,0.65539,0.65564,0.65521,0.65542
2024-07-26 10:00:00,0.6554,0.6559,0.65509,0.65586
2024-07-26 11:00:00,0.65585,0.65662,0.65534,0.65657
2024-07-26 12:00:00,0.65655,0.65656,0.65564,0.65572
2024-07-26 13:00:00,0.65572,0.65638,0.65568,0.65616
2024-07-26 14:00:00,0.65615,0.65616,0.65561,0.65606
2024-07-26 15:00:00,0.65604,0.65658,0.65517,0.65615
2024-07-26 16:00:00,0.65616,0.65682,0.65609,0.65619
2024-07-26 17:00:00,0.65603,0.6564,0.65513,0.65534
2024-07-26 18:00:00,0.65534,0.65587,0.65503,0.65565
2024-07-26 19:00:00,0.65565,0.6564,0.65561,0.65635
2024-07-26 20:00:00,0.65638,0.65645,0.65526,0.6556
2024-07-26 21:00:00,0.65559,0.65603,0.65517,0.65527
2024-07-26 22:00:00,0.65527,0.6555,0.65507,0.65522
2024-07-26 23:00:00,0.65522,0.65536,0.65444,0.65465
2024-07-29 00:00:00,0.6549,0.65515,0.65454,0.65506
2024-07-29 01:00:00,0.65504,0.65559,0.65482,0.65546
2024-07-29 02:00:00,0.65547,0.65604,0.65526,0.65526
2024-07-29 03:00:00,0.65526,0.65681,0.65506,0.65661
2024-07-29 04:00:00,0.65661,0.65676,0.65572,0.65619
2024-07-29 05:00:00,0.65617,0.6565,0.6558,0.65593
2024-07-29 06:00:00,0.65593,0.65645,0.65576,0.65643
2024-07-29 07:00:00,0.65643,0.65645,0.65469,0.65492
2024-07-29 08:00:00,0.65493,0.65556,0.65488,0.65496
2024-07-29 09:00:00,0.65496,0.65577,0.65494,0.65553
2024-07-29 10:00:00,0.65552,0.65571,0.65413,0.65433
2024-07-29 11:00:00,0.65435,0.65449,0.65408,0.6543
2024-07-29 12:00:00,0.65431,0.6551,0.65424,0.65494
2024-07-29 13:00:00,0.65494,0.65567,0.65491,0.65512
2024-07-29 14:00:00,0.65509,0.6551,0.6542,0.65426
2024-07-29 15:00:00,0.65426,0.65465,0.65376,0.65381
2024-07-29 16:00:00,0.6538,0.65399,0.65323,0.65355
2024-07-29 17:00:00,0.65357,0.65377,0.65239,0.65339
2024-07-29 18:00:00,0.65339,0.65401,0.65331,0.65382
2024-07-29 19:00:00,0.65383,0.65444,0.65355,0.65419
2024-07-29 20:00:00,0.65423,0.65454,0.65388,0.65441
2024-07-29 21:00:00,0.65441,0.65469,0.65422,0.65462
2024-07-29 22:00:00,0.65461,0.65509,0.65457,0.65498
2024-07-29 23:00:00,0.65497,0.65497,0.65478,0.65483
2024-07-30 00:00:00,0.65483,0.65492,0.65386,0.65484
2024-07-30 01:00:00,0.65484,0.65576,0.65484,0.65576
2024-07-30 02:00:00,0.65575,0.65576,0.65504,0.65508
2024-07-30 03:00:00,0.65508,0.65508,0.65429,0.65477
2024-07-30 04:00:00,0.65475,0.65491,0.65333,0.65373
2024-07-30 05:00:00,0.65373,0.65489,0.65365,0.65471
2024-07-30 06:00:00,0.65471,0.65539,0.65456,0.65535
2024-07-30 07:00:00,0.65534,0.65567,0.65526,0.65553
2024-07-30 08:00:00,0.65553,0.65589,0.65529,0.65554
2024-07-30 09:00:00,0.65554,0.65586,0.65529,0.65583
2024-07-30 10:00:00,0.65583,0.65621,0.65492,0.65508
2024-07-30 11:00:00,0.65511,0.65571,0.65474,0.65497
2024-07-30 12:00:00,0.65498,0.65503,0.65453,0.65458
2024-07-30 13:00:00,0.65458,0.65468,0.65405,0.65411
2024-07-30 14:00:00,0.65412,0.65412,0.65364,0.65366
2024-07-30 15:00:00,0.65365,0.65378,0.65341,0.65344
2024-07-30 16:00:00,0.65344,0.65382,0.6532,0.65358
2024-07-30 17:00:00,0.65334,0.65411,0.65289,0.65395
2024-07-30 18:00:00,0.65395,0.65401,0.65336,0.65347
2024-07-30 19:00:00,0.65347,0.65418,0.65333,0.65363
2024-07-30 20:00:00,0.65364,0.65429,0.65318,0.65387
2024-07-30 21:00:00,0.65388,0.65436,0.65371,0.65395
2024-07-30 22:00:00,0.65394,0.65425,0.65375,0.65391
2024-07-30 23:00:00,0.65395,0.65396,0.65358,0.65374
2024-07-31 00:00:00,0.65358,0.65392,0.65288,0.65356
2024-07-31 01:00:00,0.65374,0.65412,0.6537,0.65396
2024-07-31 02:00:00,0.65397,0.65442,0.65385,0.654
2024-07-31 03:00:00,0.65399,0.65423,0.65344,0.65357
2024-07-31 04:00:00,0.65358,0.65376,0.6482,0.64968
2024-07-31 05:00:00,0.64967,0.65011,0.6486,0.64982
2024-07-31 06:00:00,0.64981,0.65082,0.6497,0.64978
2024-07-31 07:00:00,0.6498,0.6502,0.64895,0.64937
2024-07-31 08:00:00,0.64938,0.64949,0.64795,0.64906
2024-07-31 09:00:00,0.64902,0.65072,0.64878,0.65072
2024-07-31 10:00:00,0.65072,0.65088,0.6498,0.65042
2024-07-31 11:00:00,0.65041,0.65048,0.64881,0.64925
2024-07-31 12:00:00,0.64924,0.64988,0.64865,0.64973
2024-07-31 13:00:00,0.64973,0.65005,0.64939,0.64998
2024-07-31 14:00:00,0.65001,0.65116,0.64992,0.65059
2024-07-31 15:00:00,0.65059,0.65258,0.65059,0.65251
2024-07-31 16:00:00,0.65251,0.65321,0.65235,0.65313
2024-07-31 17:00:00,0.65312,0.65391,0.65245,0.65308
2024-07-31 18:00:00,0.65306,0.65339,0.65238,0.65331
2024-07-31 19:00:00,0.65329,0.6536,0.65289,0.65311
2024-07-31 20:00:00,0.65311,0.65335,0.65239,0.65283
2024-07-31 21:00:00,0.65293,0.65517,0.6516,0.65443
2024-07-31 22:00:00,0.65443,0.65555,0.6531,0.65387
2024-07-31 23:00:00,0.65387,0.65425,0.65382,0.65407
2024-08-01 00:00:00,0.65398,0.65442,0.6537,0.65434
2024-08-01 01:00:00,0.65434,0.65479,0.6543,0.65453
2024-08-01 02:00:00,0.65455,0.65488,0.65434,0.65482
2024-08-01 03:00:00,0.6548,0.65506,0.65375,0.65377
2024-08-01 04:00:00,0.65376,0.6547,0.65319,0.65332
2024-08-01 05:00:00,0.65331,0.65425,0.65235,0.65359
2024-08-01 06:00:00,0.65358,0.65359,0.65241,0.65271
2024-08-01 07:00:00,0.65272,0.65331,0.65263,0.65285
2024-08-01 08:00:00,0.65285,0.65352,0.65279,0.65338
2024-08-01 09:00:00,0.65334,0.65338,0.65206,0.6529
2024-08-01 10:00:00,0.65289,0.65332,0.65218,0.65235
2024-08-01 11:00:00,0.65236,0.65236,0.65146,0.65177
2024-08-01 12:00:00,0.65177,0.65269,0.65136,0.65244
2024-08-01 13:00:00,0.65244,0.65322,0.65241,0.65284
2024-08-01 14:00:00,0.65281,0.65368,0.65272,0.65343
2024-08-01 15:00:00,0.65342,0.65531,0.65337,0.65456
2024-08-01 16:00:00,0.65456,0.65518,0.65375,0.655
2024-08-01 17:00:00,0.65507,0.65597,0.65244,0.65277
2024-08-01 18:00:00,0.65276,0.65279,0.65138,0.65191
2024-08-01 19:00:00,0.65192,0.65248,0.65063,0.65115
2024-08-01 20:00:00,0.65116,0.65121,0.64999,0.6505
2024-08-01 21:00:00,0.65046,0.65057,0.64888,0.64911
2024-08-01 22:00:00,0.6491,0.65076,0.64886,0.65046
2024-08-01 23:00:00,0.65047,0.65051,0.64948,0.65007
2024-08-02 00:00:00,0.65007,0.65019,0.64888,0.64983
2024-08-02 01:00:00,0.64984,0.64997,0.64921,0.64933
2024-08-02 02:00:00,0.64932,0.65009,0.64928,0.64933
2024-08-02 03:00:00,0.64933,0.64933,0.64864,0.64889
2024-08-02 04:00:00,0.6489,0.65114,0.64865,0.65047
2024-08-02 05:00:00,0.65047,0.65076,0.64919,0.65066
2024-08-02 06:00:00,0.65066,0.65101,0.65049,0.6507
2024-08-02 07:00:00,0.65069,0.65176,0.65063,0.65131
2024-08-02 08:00:00,0.65133,0.65173,0.65085,0.65152
2024-08-02 09:00:00,0.65153,0.65261,0.6512,0.65219
2024-08-02 10:00:00,0.65219,0.65224,0.65074,0.65115
2024-08-02 11:00:00,0.65115,0.65177,0.65088,0.6513
2024-08-02 12:00:00,0.6513,0.65139,0.65067,0.65095
2024-08-02 13:00:00,0.65096,0.65144,0.65025,0.65131
2024-08-02 14:00:00,0.65131,0.65177,0.65111,0.65141
2024-08-02 15:00:00,0.65141,0.65394,0.6501,0.65305
2024-08-02 16:00:00,0.653,0.65471,0.65239,0.6536
2024-08-02 17:00:00,0.65362,0.65372,0.65173,0.65185
2024-08-02 18:00:00,0.65186,0.65263,0.65109,0.65248
2024-08-02 19:00:00,0.65249,0.65249,0.6512,0.65153
2024-08-02 20:00:00,0.65154,0.65216,0.65081,0.65098
2024-08-02 21:00:00,0.65099,0.65233,0.65087,0.65144
2024-08-02 22:00:00,0.65144,0.65216,0.65109,0.65203
2024-08-02 23:00:00,0.65202,0.65206,0.65068,0.65109
2024-08-05 00:00:00,0.65054,0.65185,0.65044,0.6515
2024-08-05 01:00:00,0.65152,0.65154,0.65013,0.65096
2024-08-05 02:00:00,0.65091,0.65132,0.64944,0.64975
2024-08-05 03:00:00,0.64975,0.65001,0.64822,0.649
2024-08-05 04:00:00,0.64898,0.65027,0.64826,0.64997
2024-08-05 05:00:00,0.64998,0.65114,0.64941,0.6501
2024-08-05 06:00:00,0.65011,0.65061,0.64969,0.6501
2024-08-05 07:00:00,0.65011,0.6503,0.64828,0.64904
2024-08-05 08:00:00,0.64904,0.64937,0.64165,0.64173
2024-08-05 09:00:00,0.64176,0.64343,0.63489,0.63977
2024-08-05 10:00:00,0.63971,0.64612,0.63971,0.64489
2024-08-05 11:00:00,0.64489,0.64599,0.64367,0.64496
2024-08-05 12:00:00,0.64496,0.64576,0.6444,0.64496
2024-08-05 13:00:00,0.64496,0.64573,0.64397,0.64552
2024-08-05 14:00:00,0.64552,0.64575,0.644,0.6443
2024-08-05 15:00:00,0.6443,0.64531,0.64352,0.64384
2024-08-05 16:00:00,0.64383,0.65092,0.64382,0.64938
2024-08-05 17:00:00,0.6489,0.65112,0.64706,0.6474
2024-08-05 18:00:00,0.64738,0.64905,0.64732,0.64872
2024-08-05 19:00:00,0.6487,0.65018,0.64784,0.64803
2024-08-05 20:00:00,0.648,0.65018,0.64795,0.64918
2024-08-05 21:00:00,0.64918,0.65007,0.64849,0.6485
2024-08-05 22:00:00,0.6485,0.64945,0.64824,0.64943
2024-08-05 23:00:00,0.64941,0.64987,0.64928,0.64957
2024-08-06 00:00:00,0.64956,0.64962,0.64899,0.6494
2024-08-06 01:00:00,0.64938,0.65093,0.64938,0.65068
2024-08-06 02:00:00,0.6507,0.65221,0.6507,0.6515
2024-08-06 03:00:00,0.65153,0.65396,0.65132,0.65369
2024-08-06 04:00:00,0.65376,0.654,0.65098,0.65181
2024-08-06 05:00:00,0.65176,0.65213,0.65073,0.65157
2024-08-06 06:00:00,0.65158,0.65175,0.65089,0.6509
2024-08-06 07:00:00,0.65086,0.65144,0.64911,0.65051
2024-08-06 08:00:00,0.65051,0.65277,0.64952,0.65113
2024-08-06 09:00:00,0.65108,0.65251,0.65082,0.6511
2024-08-06 10:00:00,0.65104,0.65104,0.64952,0.64983
2024-08-06 11:00:00,0.64983,0.6507,0.64921,0.65005
2024-08-06 12:00:00,0.65005,0.65005,0.64788,0.64813
2024-08-06 13:00:00,0.64812,0.64861,0.64735,0.64814
2024-08-06 14:00:00,0.64816,0.64848,0.64724,0.64771
2024-08-06 15:00:00,0.64774,0.64863,0.64749,0.64763
2024-08-06 16:00:00,0.64763,0.65023,0.6475,0.65017
2024-08-06 17:00:00,0.65018,0.65203,0.64971,0.65061
2024-08-06 18:00:00,0.65064,0.65203,0.65044,0.65185
2024-08-06 19:00:00,0.65187,0.65364,0.65176,0.65349
2024-08-06 20:00:00,0.65349,0.65378,0.65281,0.6534
2024-08-06 21:00:00,0.6534,0.65415,0.65311,0.65322
2024-08-06 22:00:00,0.65321,0.65322,0.6521,0.65241
2024-08-06 23:00:00,0.65241,0.65253,0.65165,0.65211
2024-08-07 00:00:00,0.65207,0.65218,0.65071,0.65186
2024-08-07 01:00:00,0.65195,0.65251,0.65162,0.65216
2024-08-07 02:00:00,0.65216,0.65226,0.65094,0.65141
2024-08-07 03:00:00,0.65141,0.65398,0.6511,0.6539
2024-08-07 04:00:00,0.65394,0.65516,0.65304,0.65401
2024-08-07 05:00:00,0.65401,0.65555,0.65335,0.65445
2024-08-07 06:00:00,0.65445,0.65637,0.6544,0.65616
2024-08-07 07:00:00,0.65617,0.65646,0.65542,0.65567
2024-08-07 08:00:00,0.65566,0.65612,0.65485,0.65522
2024-08-07 09:00:00,0.6552,0.65521,0.65369,0.65482
2024-08-07 10:00:00,0.65482,0.65494,0.6535,0.65481
2024-08-07 11:00:00,0.65484,0.65632,0.65442,0.6559
2024-08-07 12:00:00,0.65591,0.65686,0.65536,0.65681
2024-08-07 13:00:00,0.65681,0.65725,0.65636,0.65697
2024-08-07 14:00:00,0.65696,0.65744,0.65624,0.65648
2024-08-07 15:00:00,0.65651,0.65673,0.65601,0.65638
2024-08-07 16:00:00,0.65638,0.6565,0.65564,0.65628
2024-08-07 17:00:00,0.65625,0.65632,0.65477,0.65555
2024-08-07 18:00:00,0.65558,0.65626,0.6546,0.65512
2024-08-07 19:00:00,0.65513,0.65522,0.65404,0.65439
2024-08-07 20:00:00,0.65438,0.65453,0.65281,0.65288
2024-08-07 21:00:00,0.65287,0.65318,0.65134,0.65174
2024-08-07 22:00:00,0.65174,0.65255,0.65164,0.65194
2024-08-07 23:00:00,0.65193,0.65215,0.65169,0.65184
2024-08-08 00:00:00,0.6517,0.65195,0.65138,0.65184
2024-08-08 01:00:00,0.65186,0.65209,0.65134,0.65161
2024-08-08 02:00:00,0.65162,0.65193,0.65071,0.65181
2024-08-08 03:00:00,0.6518,0.65257,0.65097,0.65175
2024-08-08 04:00:00,0.65175,0.6534,0.65169,0.65308
2024-08-08 05:00:00,0.65311,0.65538,0.65304,0.65523
2024-08-08 06:00:00,0.65524,0.65655,0.65481,0.65601
2024-08-08 07:00:00,0.65601,0.65646,0.65537,0.65553
2024-08-08 08:00:00,0.65552,0.65605,0.65494,0.65512
2024-08-08 09:00:00,0.65511,0.65652,0.65463,0.65633
2024-08-08 10:00:00,0.65637,0.6564,0.65427,0.65462
2024-08-08 11:00:00,0.65463,0.65574,0.6546,0.65562
2024-08-08 12:00:00,0.65562,0.65602,0.65457,0.65489
2024-08-08 13:00:00,0.65489,0.6555,0.6547,0.65522
2024-08-08 14:00:00,0.65523,0.65562,0.6547,0.65504
2024-08-08 15:00:00,0.65507,0.65645,0.65462,0.65491
2024-08-08 16:00:00,0.65494,0.65586,0.65452,0.65539
2024-08-08 17:00:00,0.65541,0.65794,0.65533,0.65694
2024-08-08 18:00:00,0.65696,0.65795,0.65663,0.65784
2024-08-08 19:00:00,0.65785,0.65855,0.65746,0.65774
2024-08-08 20:00:00,0.65773,0.65887,0.65716,0.65854
2024-08-08 21:00:00,0.65855,0.65924,0.65845,0.65918
2024-08-08 22:00:00,0.65919,0.65919,0.65845,0.65875
2024-08-08 23:00:00,0.65876,0.65936,0.65871,0.65914
2024-08-09 00:00:00,0.65872,0.65936,0.65859,0.65902
2024-08-09 01:00:00,0.65901,0.65924,0.65868,0.65887
2024-08-09 02:00:00,0.65887,0.65943,0.6587,0.65906
2024-08-09 03:00:00,0.65903,0.65913,0.65802,0.65842
2024-08-09 04:00:00,0.65843,0.65948,0.65836,0.65905
2024-08-09 05:00:00,0.65905,0.66035,0.65884,0.65985
2024-08-09 06:00:00,0.65984,0.66013,0.65954,0.66012
2024-08-09 07:00:00,0.66012,0.66044,0.65885,0.65885
2024-08-09 08:00:00,0.65886,0.65977,0.65824,0.65922
2024-08-09 09:00:00,0.65922,0.66049,0.65881,0.66042
2024-08-09 10:00:00,0.66042,0.66047,0.65919,0.65928
2024-08-09 11:00:00,0.65928,0.65957,0.65875,0.65904
2024-08-09 12:00:00,0.65904,0.65917,0.65808,0.65837
2024-08-09 13:00:00,0.65837,0.65846,0.6575,0.65754
2024-08-09 14:00:00,0.65754,0.65778,0.65697,0.65758
2024-08-09 15:00:00,0.65759,0.65763,0.65662,0.65724
2024-08-09 16:00:00,0.65727,0.65828,0.65698,0.65723
2024-08-09 17:00:00,0.65721,0.65864,0.65713,0.65819
2024-08-09 18:00:00,0.65818,0.65833,0.65741,0.65745
2024-08-09 19:00:00,0.65746,0.65746,0.65679,0.65741
2024-08-09 20:00:00,0.65741,0.65797,0.65714,0.65731
2024-08-09 21:00:00,0.6573,0.6574,0.65688,0.65736
2024-08-09 22:00:00,0.65736,0.6576,0.65714,0.65755
2024-08-09 23:00:00,0.65752,0.65763,0.65702,0.65705
2024-08-12 00:00:00,0.6568,0.65732,0.65648,0.65724
2024-08-12 01:00:00,0.65725,0.6575,0.65646,0.6573
2024-08-12 02:00:00,0.6573,0.65747,0.65669,0.65681
2024-08-12 03:00:00,0.65682,0.65832,0.65673,0.65773
2024-08-12 04:00:00,0.65773,0.65873,0.65766,0.65831
2024-08-12 05:00:00,0.6583,0.65868,0.65817,0.65839
2024-08-12 06:00:00,0.6584,0.65867,0.65816,0.6583
2024-08-12 07:00:00,0.6583,0.65845,0.65806,0.65834
2024-08-12 08:00:00,0.65834,0.65863,0.65771,0.65814
2024-08-12 09:00:00,0.65814,0.65889,0.65805,0.65847
2024-08-12 10:00:00,0.65846,0.65999,0.65802,0.65995
2024-08-12 11:00:00,0.65995,0.66016,0.65922,0.65961
2024-08-12 12:00:00,0.65959,0.65988,0.65924,0.65984
2024-08-12 13:00:00,0.65985,0.66021,0.65975,0.65989
2024-08-12 14:00:00,0.6599,0.66024,0.65958,0.65966
2024-08-12 15:00:00,0.65966,0.65998,0.65899,0.65926
2024-08-12 16:00:00,0.65926,0.66023,0.65916,0.65935
2024-08-12 17:00:00,0.65935,0.66041,0.65916,0.66007
2024-08-12 18:00:00,0.66004,0.66045,0.65862,0.6594
2024-08-12 19:00:00,0.65942,0.65942,0.65832,0.65847
2024-08-12 20:00:00,0.65848,0.65917,0.65816,0.65867
2024-08-12 21:00:00,0.65866,0.65887,0.65839,0.65878
2024-08-12 22:00:00,0.65878,0.65893,0.65834,0.6586
2024-08-12 23:00:00,0.65859,0.65864,0.65831,0.65845
2024-08-13 00:00:00,0.65831,0.65858,0.65807,0.65853
2024-08-13 01:00:00,0.65853,0.65877,0.65839,0.65875
2024-08-13 02:00:00,0.65874,0.65876,0.65836,0.65844
2024-08-13 03:00:00,0.65846,0.65862,0.65786,0.65837
2024-08-13 04:00:00,0.65837,0.65931,0.65801,0.65903
2024-08-13 05:00:00,0.65902,0.65933,0.65854,0.65902
2024-08-13 06:00:00,0.65904,0.65975,0.65886,0.65921
2024-08-13 07:00:00,0.65921,0.65999,0.6592,0.65946
2024-08-13 08:00:00,0.65942,0.6595,0.65905,0.65933
2024-08-13 09:00:00,0.65937,0.65992,0.65855,0.65963
2024-08-13 10:00:00,0.65963,0.6608,0.65958,0.66067
2024-08-13 11:00:00,0.66065,0.66085,0.66013,0.66026
2024-08-13 12:00:00,0.66025,0.66041,0.65947,0.66032
2024-08-13 13:00:00,0.66032,0.66049,0.65924,0.6594
2024-08-13 14:00:00,0.6594,0.65991,0.65912,0.65932
2024-08-13 15:00:00,0.65931,0.66106,0.65902,0.6607
2024-08-13 16:00:00,0.66071,0.6618,0.65933,0.66122
2024-08-13 17:00:00,0.66123,0.6613,0.66005,0.66087
2024-08-13 18:00:00,0.66087,0.66115,0.66029,0.66105
2024-08-13 19:00:00,0.66105,0.6626,0.66092,0.66239
2024-08-13 20:00:00,0.6624,0.66257,0.66182,0.66217
2024-08-13 21:00:00,0.66218,0.66357,0.66218,0.66356
2024-08-13 22:00:00,0.66358,0.66375,0.66332,0.66357
2024-08-13 23:00:00,0.66358,0.6636,0.66265,0.66273
2024-08-14 00:00:00,0.66267,0.6633,0.66204,0.66295
2024-08-14 01:00:00,0.66294,0.66353,0.66292,0.66345
2024-08-14 02:00:00,0.66347,0.66387,0.66328,0.6637
2024-08-14 03:00:00,0.6637,0.66416,0.66333,0.66402
2024-08-14 04:00:00,0.66403,0.66426,0.66338,0.66374
2024-08-14 05:00:00,0.66372,0.66372,0.66187,0.66268
2024-08-14 06:00:00,0.66277,0.66281,0.66177,0.66232
2024-08-14 07:00:00,0.66232,0.66282,0.66223,0.66241
2024-08-14 08:00:00,0.66241,0.66379,0.66224,0.66323
2024-08-14 09:00:00,0.66323,0.66351,0.66264,0.66346
2024-08-14 10:00:00,0.66346,0.66418,0.66325,0.66328
2024-08-14 11:00:00,0.66327,0.6635,0.66234,0.66304
2024-08-14 12:00:00,0.66305,0.66379,0.66293,0.6635
2024-08-14 13:00:00,0.66349,0.66351,0.66231,0.66332
2024-08-14 14:00:00,0.66332,0.66333,0.66235,0.66255
2024-08-14 15:00:00,0.66255,0.66413,0.66128,0.66224
2024-08-14 16:00:00,0.66221,0.66345,0.66152,0.66157
2024-08-14 17:00:00,0.66155,0.6622,0.66088,0.66204
2024-08-14 18:00:00,0.66203,0.66224,0.66104,0.66144
2024-08-14 19:00:00,0.66145,0.66145,0.6601,0.66061
2024-08-14 20:00:00,0.66061,0.66071,0.65989,0.66009
2024-08-14 21:00:00,0.66009,0.66042,0.65952,0.66031
2024-08-14 22:00:00,0.66028,0.66031,0.65953,0.65974
2024-08-14 23:00:00,0.65972,0.65998,0.65947,0.65993
2024-08-15 00:00:00,0.65987,0.65987,0.65899,0.6592
2024-08-15 01:00:00,0.65918,0.66003,0.65918,0.66001
2024-08-15 02:00:00,0.66002,0.66002,0.65912,0.6597
2024-08-15 03:00:00,0.65971,0.65985,0.65885,0.65889
2024-08-15 04:00:00,0.65893,0.66127,0.65684,0.66095
2024-08-15 05:00:00,0.66095,0.66196,0.66042,0.66181
2024-08-15 06:00:00,0.66181,0.66228,0.66158,0.66185
2024-08-15 07:00:00,0.66184,0.66268,0.66181,0.66242
2024-08-15 08:00:00,0.66242,0.66242,0.66172,0.66187
2024-08-15 09:00:00,0.66187,0.66244,0.66164,0.66196
2024-08-15 10:00:00,0.66194,0.66238,0.66169,0.66234
2024-08-15 11:00:00,0.66234,0.66246,0.66161,0.66162
2024-08-15 12:00:00,0.66161,0.66248,0.66151,0.66246
2024-08-15 13:00:00,0.66247,0.66302,0.66237,0.66247
2024-08-15 14:00:00,0.66248,0.66331,0.66247,0.66303
2024-08-15 15:00:00,0.66303,0.66313,0.66041,0.6607
2024-08-15 16:00:00,0.6607,0.662,0.65954,0.66183
2024-08-15 17:00:00,0.66185,0.66287,0.66114,0.66285
2024-08-15 18:00:00,0.66287,0.66341,0.66263,0.66283
2024-08-15 19:00:00,0.66283,0.66332,0.66224,0.66232
2024-08-15 20:00:00,0.66234,0.66234,0.66139,0.66149
2024-08-15 21:00:00,0.6615,0.66172,0.66121,0.66145
2024-08-15 22:00:00,0.66144,0.66153,0.66087,0.66107
2024-08-15 23:00:00,0.66106,0.66141,0.66089,0.66121
2024-08-16 00:00:00,0.66118,0.66126,0.66084,0.66109
2024-08-16 01:00:00,0.66109,0.66109,0.66069,0.66084
2024-08-16 02:00:00,0.66084,0.66129,0.66081,0.66115
2024-08-16 03:00:00,0.66117,0.6615,0.66096,0.66141
2024-08-16 04:00:00,0.66142,0.66267,0.66116,0.66257
2024-08-16 05:00:00,0.66257,0.66272,0.66219,0.66253
2024-08-16 06:00:00,0.66252,0.66253,0.66206,0.66227
2024-08-16 07:00:00,0.66227,0.66259,0.66214,0.66256
2024-08-16 08:00:00,0.66256,0.66331,0.66239,0.66296
2024-08-16 09:00:00,0.66292,0.66365,0.66269,0.66335
2024-08-16 10:00:00,0.66336,0.66351,0.66276,0.66319
2024-08-16 11:00:00,0.66318,0.66335,0.66268,0.66316
2024-08-16 12:00:00,0.66318,0.66404,0.66314,0.66362
2024-08-16 13:00:00,0.66362,0.66391,0.66292,0.66338
2024-08-16 14:00:00,0.66338,0.6634,0.66258,0.66323
2024-08-16 15:00:00,0.66322,0.66338,0.66227,0.66262
2024-08-16 16:00:00,0.66263,0.66363,0.66231,0.66327
2024-08-16 17:00:00,0.66318,0.66375,0.66248,0.6636
2024-08-16 18:00:00,0.6636,0.66481,0.66351,0.6648
2024-08-16 19:00:00,0.66481,0.66567,0.66469,0.66554
2024-08-16 20:00:00,0.66557,0.66631,0.66542,0.66621
2024-08-16 21:00:00,0.66621,0.66701,0.66597,0.66694
2024-08-16 22:00:00,0.66696,0.66708,0.66649,0.6669
2024-08-16 23:00:00,0.6669,0.66702,0.6667,0.66684
2024-08-19 00:00:00,0.66682,0.66682,0.66381,0.66654
2024-08-19 01:00:00,0.66656,0.6676,0.66656,0.66703
2024-08-19 02:00:00,0.66707,0.66742,0.66702,0.66722
2024-08-19 03:00:00,0.66722,0.66864,0.66715,0.66796
2024-08-19 04:00:00,0.66797,0.66862,0.66771,0.66829
2024-08-19 05:00:00,0.66828,0.66862,0.66777,0.66839
2024-08-19 06:00:00,0.66839,0.66943,0.66835,0.66897
2024-08-19 07:00:00,0.66896,0.66923,0.66825,0.66867
2024-08-19 08:00:00,0.66868,0.66903,0.66768,0.66836
2024-08-19 09:00:00,0.66837,0.66905,0.66789,0.66876
2024-08-19 10:00:00,0.66876,0.66895,0.66836,0.66887
2024-08-19 11:00:00,0.66886,0.6693,0.6685,0.66877
2024-08-19 12:00:00,0.66877,0.66879,0.66831,0.66859
2024-08-19 13:00:00,0.66858,0.66914,0.66858,0.66894
2024-08-19 14:00:00,0.66895,0.66986,0.66894,0.6698
2024-08-19 15:00:00,0.66979,0.66985,0.66927,0.66962
2024-08-19 16:00:00,0.66962,0.67013,0.66925,0.67004
2024-08-19 17:00:00,0.67004,0.67209,0.67004,0.67158
2024-08-19 18:00:00,0.67157,0.67219,0.67132,0.67138
2024-08-19 19:00:00,0.67138,0.67213,0.67136,0.67196
2024-08-19 20:00:00,0.67194,0.67272,0.67171,0.67271
2024-08-19 21:00:00,0.67271,0.67331,0.67259,0.67296
2024-08-19 22:00:00,0.67299,0.67319,0.67282,0.67313
2024-08-19 23:00:00,0.67313,0.67327,0.67278,0.67282
2024-08-20 00:00:00,0.67286,0.67312,0.67248,0.67301
2024-08-20 01:00:00,0.67298,0.67331,0.67298,0.67325
2024-08-20 02:00:00,0.67325,0.67376,0.67313,0.67334
2024-08-20 03:00:00,0.67335,0.67356,0.67234,0.67255
2024-08-20 04:00:00,0.67259,0.67348,0.67239,0.67271
2024-08-20 05:00:00,0.67271,0.67289,0.67153,0.67202
2024-08-20 06:00:00,0.67202,0.67224,0.67127,0.67173
2024-08-20 07:00:00,0.67173,0.67184,0.67136,0.67177
2024-08-20 08:00:00,0.67177,0.67205,0.67132,0.67172
2024-08-20 09:00:00,0.67176,0.67318,0.67172,0.67288
2024-08-20 10:00:00,0.67288,0.67313,0.67199,0.67256
2024-08-20 11:00:00,0.67259,0.67312,0.67245,0.67277
2024-08-20 12:00:00,0.67276,0.67329,0.67273,0.67291
2024-08-20 13:00:00,0.67293,0.67333,0.67285,0.67316
2024-08-20 14:00:00,0.67316,0.6734,0.67273,0.67334
2024-08-20 15:00:00,0.67335,0.67413,0.67311,0.6741
2024-08-20 16:00:00,0.67405,0.67411,0.67338,0.67398
2024-08-20 17:00:00,0.67398,0.67471,0.67356,0.67438
2024-08-20 18:00:00,0.67436,0.67447,0.67346,0.67394
2024-08-20 19:00:00,0.67394,0.67421,0.67352,0.67358
2024-08-20 20:00:00,0.67358,0.67375,0.6733,0.67374
2024-08-20 21:00:00,0.67373,0.67469,0.67373,0.67458
2024-08-20 22:00:00,0.67457,0.67485,0.67444,0.67462
2024-08-20 23:00:00,0.67462,0.67489,0.67423,0.67444
2024-08-21 00:00:00,0.67437,0.67462,0.67413,0.67425
2024-08-21 01:00:00,0.67425,0.67462,0.67422,0.67448
2024-08-21 02:00:00,0.6745,0.6748,0.67435,0.67457
2024-08-21 03:00:00,0.67457,0.67519,0.6745,0.67497
2024-08-21 04:00:00,0.67496,0.67509,0.67388,0.67432
2024-08-21 05:00:00,0.67432,0.67459,0.67405,0.67418
2024-08-21 06:00:00,0.6742,0.6748,0.67418,0.67443
2024-08-21 07:00:00,0.67443,0.67453,0.67394,0.67439
2024-08-21 08:00:00,0.67439,0.67492,0.67411,0.67414
2024-08-21 09:00:00,0.67414,0.67463,0.67382,0.6742
2024-08-21 10:00:00,0.6742,0.67451,0.67316,0.67345
2024-08-21 11:00:00,0.67344,0.67385,0.67337,0.67352
2024-08-21 12:00:00,0.67352,0.6741,0.67347,0.67374
2024-08-21 13:00:00,0.67374,0.67427,0.67349,0.67418
2024-08-21 14:00:00,0.67419,0.67419,0.67347,0.67382
2024-08-21 15:00:00,0.67383,0.67443,0.67373,0.67424
2024-08-21 16:00:00,0.67425,0.67435,0.67352,0.6741
2024-08-21 17:00:00,0.67407,0.67461,0.67305,0.67379
2024-08-21 18:00:00,0.67379,0.67561,0.67371,0.67491
2024-08-21 19:00:00,0.67492,0.67492,0.67368,0.67408
2024-08-21 20:00:00,0.67409,0.67477,0.6739,0.67449
2024-08-21 21:00:00,0.67443,0.67604,0.67438,0.67515
2024-08-21 22:00:00,0.67515,0.67515,0.67389,0.67419
2024-08-21 23:00:00,0.6742,0.67437,0.67374,0.67412
2024-08-22 00:00:00,0.6742,0.67439,0.67377,0.67415
2024-08-22 01:00:00,0.67415,0.67501,0.67415,0.67501
2024-08-22 02:00:00,0.67501,0.67519,0.67487,0.6749
2024-08-22 03:00:00,0.67491,0.6751,0.67426,0.67429
2024-08-22 04:00:00,0.6743,0.67441,0.67352,0.67377
2024-08-22 05:00:00,0.67377,0.6739,0.67271,0.67301
2024-08-22 06:00:00,0.67305,0.67337,0.67295,0.67323
2024-08-22 07:00:00,0.6732,0.67354,0.67286,0.67347
2024-08-22 08:00:00,0.67348,0.67398,0.67331,0.67382
2024-08-22 09:00:00,0.67381,0.67451,0.67366,0.67403
2024-08-22 10:00:00,0.67403,0.67496,0.67403,0.6748
2024-08-22 11:00:00,0.6748,0.67523,0.6745,0.67455
2024-08-22 12:00:00,0.67455,0.6746,0.67395,0.67395
2024-08-22 13:00:00,0.67395,0.67396,0.67355,0.6736
2024-08-22 14:00:00,0.6736,0.67374,0.67249,0.67302
2024-08-22 15:00:00,0.67302,0.67348,0.67235,0.67336
2024-08-22 16:00:00,0.67338,0.6734,0.67133,0.67165
2024-08-22 17:00:00,0.67165,0.67165,0.66988,0.67138
2024-08-22 18:00:00,0.67138,0.67149,0.67022,0.67068
2024-08-22 19:00:00,0.67068,0.67141,0.67033,0.67058
2024-08-22 20:00:00,0.67059,0.67067,0.66968,0.66972
2024-08-22 21:00:00,0.66972,0.67078,0.66969,0.67053
2024-08-22 22:00:00,0.67053,0.67092,0.67011,0.67038
2024-08-22 23:00:00,0.67038,0.67062,0.67009,0.67041
2024-08-23 00:00:00,0.67012,0.67043,0.66991,0.6702
2024-08-23 01:00:00,0.67016,0.67054,0.67016,0.67037
2024-08-23 02:00:00,0.67037,0.67087,0.67028,0.67064
2024-08-23 03:00:00,0.67067,0.67118,0.67046,0.6709
2024-08-23 04:00:00,0.67089,0.67165,0.67079,0.67157
2024-08-23 05:00:00,0.67157,0.67164,0.67084,0.67124
2024-08-23 06:00:00,0.67125,0.67188,0.67116,0.67168
2024-08-23 07:00:00,0.67168,0.67235,0.67163,0.67234
2024-08-23 08:00:00,0.67235,0.67235,0.67178,0.67198
2024-08-23 09:00:00,0.67198,0.67282,0.67171,0.67255
2024-08-23 10:00:00,0.67255,0.67272,0.67169,0.67226
2024-08-23 11:00:00,0.67225,0.67255,0.67197,0.67243
2024-08-23 12:00:00,0.67243,0.67315,0.67237,0.67277
2024-08-23 13:00:00,0.67276,0.67307,0.67233,0.67285
2024-08-23 14:00:00,0.67286,0.67338,0.67279,0.6731
2024-08-23 15:00:00,0.6731,0.67333,0.67269,0.67313
2024-08-23 16:00:00,0.6731,0.6731,0.67225,0.67299
2024-08-23 17:00:00,0.673,0.67845,0.673,0.67708
2024-08-23 18:00:00,0.67709,0.67911,0.67696,0.67757
2024-08-23 19:00:00,0.67758,0.67831,0.67693,0.67819
2024-08-23 20:00:00,0.67817,0.67958,0.67808,0.67933
2024-08-23 21:00:00,0.67933,0.67976,0.67899,0.67909
2024-08-23 22:00:00,0.67909,0.67973,0.67877,0.67952
2024-08-23 23:00:00,0.67952,0.67981,0.67942,0.67951
2024-08-26 00:00:00,0.6787,0.67945,0.67863,0.67917
2024-08-26 01:00:00,0.67912,0.67961,0.67856,0.67865
2024-08-26 02:00:00,0.67866,0.679,0.67851,0.67868
2024-08-26 03:00:00,0.67871,0.67936,0.67851,0.67898
2024-08-26 04:00:00,0.67898,0.67961,0.67845,0.67871
2024-08-26 05:00:00,0.67871,0.67915,0.67832,0.67834
2024-08-26 06:00:00,0.67835,0.67851,0.67764,0.67785
2024-08-26 07:00:00,0.67786,0.67812,0.67746,0.67753
2024-08-26 08:00:00,0.6775,0.67762,0.67729,0.67738
2024-08-26 09:00:00,0.67739,0.67798,0.67718,0.67742
2024-08-26 10:00:00,0.67741,0.67763,0.67699,0.67737
2024-08-26 11:00:00,0.67738,0.67803,0.67724,0.67744
2024-08-26 12:00:00,0.6774,0.67761,0.67719,0.67728
2024-08-26 13:00:00,0.6773,0.67767,0.6771,0.67762
2024-08-26 14:00:00,0.67763,0.67769,0.67663,0.67686
2024-08-26 15:00:00,0.67686,0.67766,0.67665,0.67747
2024-08-26 16:00:00,0.67746,0.67802,0.67696,0.67771
2024-08-26 17:00:00,0.67771,0.67868,0.67726,0.67812
2024-08-26 18:00:00,0.67813,0.6782,0.677,0.67712
2024-08-26 19:00:00,0.67711,0.67821,0.677,0.67814
2024-08-26 20:00:00,0.67815,0.67849,0.67746,0.67772
2024-08-26 21:00:00,0.67772,0.6779,0.67732,0.67768
2024-08-26 22:00:00,0.67768,0.67787,0.67708,0.67727
2024-08-26 23:00:00,0.67727,0.67728,0.67694,0.67709
2024-08-27 00:00:00,0.67706,0.67711,0.67675,0.677
2024-08-27 01:00:00,0.67701,0.67725,0.67689,0.67708
2024-08-27 02:00:00,0.67709,0.67749,0.67708,0.67724
2024-08-27 03:00:00,0.67726,0.67739,0.67612,0.67623
2024-08-27 04:00:00,0.67623,0.67795,0.67623,0.67778
2024-08-27 05:00:00,0.67777,0.67796,0.67731,0.67782
2024-08-27 06:00:00,0.67782,0.67845,0.67775,0.67835
2024-08-27 07:00:00,0.67835,0.67853,0.67798,0.67835
2024-08-27 08:00:00,0.67835,0.67892,0.67832,0.67866
2024-08-27 09:00:00,0.67867,0.67905,0.67787,0.67787
2024-08-27 10:00:00,0.67786,0.67837,0.67717,0.67721
2024-08-27 11:00:00,0.67721,0.67809,0.67717,0.67763
2024-08-27 12:00:00,0.67762,0.67845,0.67752,0.67817
2024-08-27 13:00:00,0.67817,0.6784,0.67786,0.67806
2024-08-27 14:00:00,0.67806,0.67869,0.67804,0.67817
2024-08-27 15:00:00,0.67817,0.67824,0.67711,0.67725
2024-08-27 16:00:00,0.67725,0.67779,0.67701,0.67741
2024-08-27 17:00:00,0.67733,0.6783,0.67693,0.67797
2024-08-27 18:00:00,0.67797,0.67837,0.67733,0.67779
2024-08-27 19:00:00,0.67778,0.67804,0.67756,0.67764
2024-08-27 20:00:00,0.67764,0.67887,0.67762,0.67877
2024-08-27 21:00:00,0.67875,0.6795,0.67873,0.67917
2024-08-27 22:00:00,0.67917,0.67927,0.67877,0.67924
2024-08-27 23:00:00,0.67923,0.67931,0.67908,0.67909
2024-08-28 00:00:00,0.67918,0.67925,0.67871,0.67923
2024-08-28 01:00:00,0.67923,0.67937,0.6788,0.6788
2024-08-28 02:00:00,0.67881,0.67912,0.67864,0.67866
2024-08-28 03:00:00,0.67867,0.67953,0.67866,0.67888
2024-08-28 04:00:00,0.67888,0.68124,0.6783,0.67987
2024-08-28 05:00:00,0.67988,0.68049,0.67969,0.67983
2024-08-28 06:00:00,0.67984,0.68011,0.67946,0.68001
2024-08-28 07:00:00,0.68001,0.6801,0.67928,0.6794
2024-08-28 08:00:00,0.67941,0.67955,0.67827,0.67875
2024-08-28 09:00:00,0.67872,0.67976,0.67813,0.67934
2024-08-28 10:00:00,0.67935,0.67969,0.67899,0.67945
2024-08-28 11:00:00,0.67946,0.67987,0.67909,0.67964
2024-08-28 12:00:00,0.67963,0.67977,0.67898,0.67922
2024-08-28 13:00:00,0.67922,0.67936,0.67853,0.67869
2024-08-28 14:00:00,0.67869,0.67905,0.67764,0.67782
2024-08-28 15:00:00,0.67782,0.67786,0.677,0.67748
2024-08-28 16:00:00,0.67748,0.67809,0.67726,0.67768
2024-08-28 17:00:00,0.67769,0.67949,0.6776,0.67904
2024-08-28 18:00:00,0.67907,0.67909,0.678,0.67803
2024-08-28 19:00:00,0.67803,0.67803,0.67668,0.67751
2024-08-28 20:00:00,0.67751,0.67778,0.67651,0.67655
2024-08-28 21:00:00,0.67654,0.6777,0.6764,0.67768
2024-08-28 22:00:00,0.67769,0.67815,0.67765,0.67793
2024-08-28 23:00:00,0.67795,0.67845,0.6779,0.67838
2024-08-29 00:00:00,0.6783,0.67843,0.67759,0.67829
2024-08-29 01:00:00,0.67832,0.67863,0.67821,0.67836
2024-08-29 02:00:00,0.67838,0.67866,0.67807,0.67824
2024-08-29 03:00:00,0.67828,0.67999,0.67825,0.67987
2024-08-29 04:00:00,0.67988,0.68029,0.6789,0.67895
2024-08-29 05:00:00,0.67897,0.67946,0.6788,0.67909
2024-08-29 06:00:00,0.6791,0.67971,0.67872,0.67963
2024-08-29 07:00:00,0.67966,0.68064,0.67966,0.68031
2024-08-29 08:00:00,0.68031,0.68078,0.68006,0.68051
2024-08-29 09:00:00,0.68047,0.68112,0.68022,0.6809
2024-08-29 10:00:00,0.68091,0.68123,0.68027,0.68115
2024-08-29 11:00:00,0.68114,0.68118,0.67971,0.68063
2024-08-29 12:00:00,0.68065,0.68229,0.68065,0.68214
2024-08-29 13:00:00,0.68213,0.68234,0.68169,0.68206
2024-08-29 14:00:00,0.68202,0.68228,0.68148,0.68171
2024-08-29 15:00:00,0.6817,0.68216,0.67996,0.6802
2024-08-29 16:00:00,0.6802,0.68024,0.67843,0.67883
2024-08-29 17:00:00,0.67888,0.67957,0.67844,0.67906
2024-08-29 18:00:00,0.67907,0.68049,0.67892,0.68043
2024-08-29 19:00:00,0.68043,0.681,0.68017,0.6803
2024-08-29 20:00:00,0.68028,0.681,0.68017,0.68086
2024-08-29 21:00:00,0.68087,0.6809,0.67926,0.67978
2024-08-29 22:00:00,0.67978,0.68024,0.67951,0.6797
2024-08-29 23:00:00,0.6797,0.67989,0.67967,0.67972
2024-08-30 00:00:00,0.67965,0.67983,0.67916,0.67968
2024-08-30 01:00:00,0.67964,0.67988,0.67961,0.67973
2024-08-30 02:00:00,0.67973,0.67989,0.67942,0.67952
2024-08-30 03:00:00,0.67952,0.67991,0.67928,0.67985
2024-08-30 04:00:00,0.67981,0.68012,0.67912,0.67928
2024-08-30 05:00:00,0.67929,0.67993,0.67892,0.67991
2024-08-30 06:00:00,0.67991,0.68084,0.67978,0.68053
2024-08-30 07:00:00,0.68054,0.68054,0.67987,0.67997
2024-08-30 08:00:00,0.67997,0.68059,0.67982,0.68041
2024-08-30 09:00:00,0.68044,0.68056,0.67989,0.68034
2024-08-30 10:00:00,0.68034,0.68101,0.67996,0.68077
2024-08-30 11:00:00,0.68077,0.6816,0.68067,0.68068
2024-08-30 12:00:00,0.68068,0.68088,0.68049,0.6806
2024-08-30 13:00:00,0.6806,0.68063,0.67974,0.67983
2024-08-30 14:00:00,0.67983,0.68004,0.67951,0.67977
2024-08-30 15:00:00,0.67977,0.68028,0.67772,0.67841
2024-08-30 16:00:00,0.67843,0.67851,0.67741,0.67789
2024-08-30 17:00:00,0.67797,0.67919,0.67797,0.67837
2024-08-30 18:00:00,0.67834,0.67859,0.67579,0.67643
2024-08-30 19:00:00,0.67643,0.67646,0.67511,0.67577
2024-08-30 20:00:00,0.67577,0.67617,0.67558,0.67598
2024-08-30 21:00:00,0.67596,0.67669,0.6759,0.67662
2024-08-30 22:00:00,0.67658,0.67687,0.67632,0.67669
2024-08-30 23:00:00,0.67668,0.67703,0.67631,0.67634
2024-09-02 00:00:00,0.6765,0.67682,0.67619,0.67641
2024-09-02 01:00:00,0.67641,0.67716,0.6762,0.67699
2024-09-02 02:00:00,0.677,0.67724,0.67661,0.67676
2024-09-02 03:00:00,0.67674,0.6778,0.67659,0.67742
2024-09-02 04:00:00,0.67742,0.67771,0.67682,0.67685
2024-09-02 05:00:00,0.67684,0.67684,0.6757,0.67641
2024-09-02 06:00:00,0.67642,0.67665,0.67597,0.67639
2024-09-02 07:00:00,0.67638,0.67638,0.67567,0.67603
2024-09-02 08:00:00,0.6761,0.67721,0.67607,0.67647
2024-09-02 09:00:00,0.67647,0.67824,0.67638,0.67787
2024-09-02 10:00:00,0.67785,0.67794,0.67729,0.6778
2024-09-02 11:00:00,0.67779,0.67851,0.67774,0.6782
2024-09-02 12:00:00,0.6782,0.67851,0.67795,0.67825
2024-09-02 13:00:00,0.67826,0.67829,0.67764,0.67765
2024-09-02 14:00:00,0.67765,0.67791,0.67728,0.67757
2024-09-02 15:00:00,0.67757,0.67823,0.67746,0.67794
2024-09-02 16:00:00,0.67795,0.67818,0.67778,0.67787
2024-09-02 17:00:00,0.67785,0.67944,0.67739,0.67898
2024-09-02 18:00:00,0.67892,0.67905,0.67844,0.67885
2024-09-02 19:00:00,0.67886,0.67903,0.6786,0.67902
2024-09-02 20:00:00,0.67901,0.67926,0.67901,0.67923
2024-09-02 21:00:00,0.67923,0.67944,0.67923,0.67931
2024-09-02 22:00:00,0.67931,0.67943,0.67928,0.67935
2024-09-02 23:00:00,0.67935,0.67936,0.67884,0.6789
2024-09-03 00:00:00,0.67878,0.67909,0.67867,0.67886
2024-09-03 01:00:00,0.67886,0.6791,0.67857,0.67863
2024-09-03 02:00:00,0.67863,0.67876,0.67836,0.67868
2024-09-03 03:00:00,0.67869,0.67918,0.67798,0.67835
2024-09-03 04:00:00,0.67837,0.67876,0.67738,0.67794
2024-09-03 05:00:00,0.67795,0.67816,0.67633,0.67638
2024-09-03 06:00:00,0.67638,0.67642,0.67422,0.67444
2024-09-03 07:00:00,0.67444,0.67445,0.67317,0.67417
2024-09-03 08:00:00,0.67416,0.67454,0.67369,0.67397
2024-09-03 09:00:00,0.674,0.67419,0.67297,0.67403
2024-09-03 10:00:00,0.67403,0.67526,0.67403,0.67481
2024-09-03 11:00:00,0.67479,0.67512,0.67449,0.67462
2024-09-03 12:00:00,0.6746,0.67472,0.67341,0.67341
2024-09-03 13:00:00,0.67341,0.67359,0.67289,0.67308
2024-09-03 14:00:00,0.67308,0.67354,0.67295,0.67305
2024-09-03 15:00:00,0.67305,0.67427,0.67291,0.6738
2024-09-03 16:00:00,0.67382,0.67467,0.67284,0.67331
2024-09-03 17:00:00,0.67332,0.6741,0.67117,0.67143
2024-09-03 18:00:00,0.67142,0.67208,0.67119,0.67195
2024-09-03 19:00:00,0.67195,0.67245,0.67154,0.67167
2024-09-03 20:00:00,0.67166,0.67194,0.67102,0.67105
2024-09-03 21:00:00,0.67105,0.67154,0.67076,0.67139
2024-09-03 22:00:00,0.67139,0.67169,0.67078,0.67122
2024-09-03 23:00:00,0.67125,0.67139,0.67077,0.67102
2024-09-04 00:00:00,0.67104,0.67143,0.67064,0.67109
2024-09-04 01:00:00,0.67109,0.67149,0.67064,0.67116
2024-09-04 02:00:00,0.67116,0.67152,0.67088,0.67126
2024-09-04 03:00:00,0.67128,0.67149,0.66853,0.66873
2024-09-04 04:00:00,0.66872,0.67057,0.66872,0.67018
2024-09-04 05:00:00,0.67018,0.67056,0.66951,0.67009
2024-09-04 06:00:00,0.67012,0.67044,0.66956,0.66992
2024-09-04 07:00:00,0.66993,0.67064,0.66992,0.67034
2024-09-04 08:00:00,0.67033,0.67051,0.66993,0.67032
2024-09-04 09:00:00,0.67033,0.67121,0.66963,0.67099
2024-09-04 10:00:00,0.67102,0.67148,0.67044,0.67073
2024-09-04 11:00:00,0.67074,0.67161,0.67021,0.67028
2024-09-04 12:00:00,0.67028,0.67158,0.67028,0.67139
2024-09-04 13:00:00,0.67138,0.67157,0.67088,0.67145
2024-09-04 14:00:00,0.67144,0.67201,0.67128,0.67174
2024-09-04 15:00:00,0.67174,0.67238,0.67091,0.67234
2024-09-04 16:00:00,0.67233,0.67345,0.67222,0.67317
2024-09-04 17:00:00,0.67304,0.67488,0.67301,0.67348
2024-09-04 18:00:00,0.67349,0.67365,0.67194,0.67215
2024-09-04 19:00:00,0.67214,0.67269,0.67178,0.67244
2024-09-04 20:00:00,0.67242,0.67266,0.67118,0.67123
2024-09-04 21:00:00,0.67123,0.67176,0.67108,0.6715
2024-09-04 22:00:00,0.6715,0.67229,0.67142,0.67205
2024-09-04 23:00:00,0.67205,0.67251,0.67194,0.67232
2024-09-05 00:00:00,0.67235,0.67241,0.67101,0.67228
2024-09-05 01:00:00,0.67225,0.67247,0.6721,0.67222
2024-09-05 02:00:00,0.67224,0.67224,0.67134,0.67155
2024-09-05 03:00:00,0.67154,0.6724,0.67131,0.67219
2024-09-05 04:00:00,0.67219,0.67316,0.67199,0.67257
2024-09-05 05:00:00,0.67257,0.67297,0.67231,0.67268
2024-09-05 06:00:00,0.67267,0.67302,0.67211,0.67227
2024-09-05 07:00:00,0.67227,0.67235,0.6718,0.67231
2024-09-05 08:00:00,0.67232,0.67258,0.67202,0.67228
2024-09-05 09:00:00,0.67231,0.67267,0.67205,0.6721
2024-09-05 10:00:00,0.67209,0.67213,0.67134,0.67183
2024-09-05 11:00:00,0.67184,0.67326,0.67176,0.67307
2024-09-05 12:00:00,0.67308,0.67315,0.67186,0.67198
2024-09-05 13:00:00,0.67198,0.67269,0.67179,0.67266
2024-09-05 14:00:00,0.67266,0.673,0.67222,0.67238
2024-09-05 15:00:00,0.6724,0.67359,0.67233,0.67312
2024-09-05 16:00:00,0.67312,0.674,0.673,0.67373
2024-09-05 17:00:00,0.67375,0.67375,0.67204,0.67218
2024-09-05 18:00:00,0.6722,0.67267,0.67186,0.67255
2024-09-05 19:00:00,0.67255,0.67351,0.67252,0.67314
2024-09-05 20:00:00,0.67313,0.67368,0.67287,0.67355
2024-09-05 21:00:00,0.67355,0.67394,0.67341,0.67346
2024-09-05 22:00:00,0.67346,0.67367,0.67317,0.6735
2024-09-05 23:00:00,0.67353,0.67412,0.67347,0.67393
2024-09-06 00:00:00,0.67397,0.67415,0.67299,0.67396
2024-09-06 01:00:00,0.674,0.67402,0.67378,0.67387
2024-09-06 02:00:00,0.67389,0.67409,0.67382,0.67401
2024-09-06 03:00:00,0.67402,0.67431,0.67366,0.67402
2024-09-06 04:00:00,0.67402,0.67408,0.67311,0.67351
2024-09-06 05:00:00,0.67351,0.67372,0.6729,0.673
2024-09-06 06:00:00,0.673,0.6733,0.67277,0.67289
2024-09-06 07:00:00,0.67289,0.67338,0.67261,0.67318
2024-09-06 08:00:00,0.67319,0.67351,0.67186,0.67239
2024-09-06 09:00:00,0.67236,0.67374,0.67227,0.67372
2024-09-06 10:00:00,0.67369,0.67374,0.67278,0.67345
2024-09-06 11:00:00,0.67345,0.67366,0.67301,0.67343
2024-09-06 12:00:00,0.67343,0.67396,0.67303,0.67394
2024-09-06 13:00:00,0.67392,0.67407,0.67351,0.67358
2024-09-06 14:00:00,0.67359,0.67383,0.67325,0.67345
2024-09-06 15:00:00,0.67346,0.67667,0.67194,0.6749
2024-09-06 16:00:00,0.67486,0.67513,0.67142,0.67177
2024-09-06 17:00:00,0.67177,0.67192,0.66933,0.66985
2024-09-06 18:00:00,0.66986,0.67223,0.66724,0.66751
2024-09-06 19:00:00,0.6675,0.6675,0.66594,0.66667
2024-09-06 20:00:00,0.66666,0.6679,0.66638,0.66715
2024-09-06 21:00:00,0.66715,0.66734,0.66658,0.66698
2024-09-06 22:00:00,0.66698,0.66756,0.66687,0.66739
2024-09-06 23:00:00,0.6674,0.66744,0.6667,0.66684
2024-09-09 00:00:00,0.66638,0.66677,0.66631,0.66676
2024-09-09 01:00:00,0.66676,0.66731,0.66676,0.66679
2024-09-09 02:00:00,0.66682,0.66738,0.6667,0.66695
2024-09-09 03:00:00,0.66694,0.66753,0.66668,0.66677
2024-09-09 04:00:00,0.66678,0.66874,0.66678,0.66871
2024-09-09 05:00:00,0.66872,0.66884,0.66813,0.66829
2024-09-09 06:00:00,0.66829,0.66855,0.66797,0.66806
2024-09-09 07:00:00,0.66805,0.66839,0.66749,0.66753
2024-09-09 08:00:00,0.66753,0.66753,0.66648,0.66675
2024-09-09 09:00:00,0.66679,0.6673,0.66655,0.66679
2024-09-09 10:00:00,0.66678,0.66694,0.66605,0.6669
2024-09-09 11:00:00,0.66688,0.6669,0.66523,0.66545
2024-09-09 12:00:00,0.66545,0.66627,0.6654,0.66594
2024-09-09 13:00:00,0.66594,0.66595,0.66474,0.66511
2024-09-09 14:00:00,0.66512,0.66594,0.66512,0.66577
2024-09-09 15:00:00,0.66577,0.66588,0.66505,0.6651
2024-09-09 16:00:00,0.6651,0.66611,0.66506,0.66604
2024-09-09 17:00:00,0.66604,0.66671,0.66517,0.66517
2024-09-09 18:00:00,0.66517,0.66625,0.66479,0.66614
2024-09-09 19:00:00,0.66613,0.667,0.66608,0.66692
2024-09-09 20:00:00,0.66693,0.66725,0.666,0.66601
2024-09-09 21:00:00,0.66598,0.66639,0.66579,0.66585
2024-09-09 22:00:00,0.66583,0.66594,0.66563,0.66583
2024-09-09 23:00:00,0.66583,0.66616,0.66573,0.66596
2024-09-10 00:00:00,0.66603,0.66618,0.66557,0.66605
2024-09-10 01:00:00,0.66605,0.66657,0.66597,0.66636
2024-09-10 02:00:00,0.66637,0.66637,0.66564,0.66571
2024-09-10 03:00:00,0.66571,0.66582,0.6644,0.66496
2024-09-10 04:00:00,0.66495,0.66567,0.66491,0.66563
2024-09-10 05:00:00,0.66563,0.66571,0.66476,0.66534
2024-09-10 06:00:00,0.66533,0.66611,0.66533,0.66579
2024-09-10 07:00:00,0.6658,0.66656,0.66564,0.66642
2024-09-10 08:00:00,0.66641,0.66704,0.66629,0.6668
2024-09-10 09:00:00,0.6668,0.66727,0.66644,0.6669
2024-09-10 10:00:00,0.6669,0.6669,0.66585,0.66586
2024-09-10 11:00:00,0.66592,0.6661,0.66544,0.66572
2024-09-10 12:00:00,0.66572,0.66691,0.66527,0.66658
2024-09-10 13:00:00,0.66661,0.66714,0.66632,0.66713
2024-09-10 14:00:00,0.66714,0.66761,0.66621,0.66632
2024-09-10 15:00:00,0.66632,0.66703,0.66622,0.66641
2024-09-10 16:00:00,0.66641,0.66661,0.66478,0.665
2024-09-10 17:00:00,0.66497,0.66497,0.66406,0.66477
2024-09-10 18:00:00,0.66478,0.66562,0.66469,0.66506
2024-09-10 19:00:00,0.66506,0.66542,0.66444,0.66514
2024-09-10 20:00:00,0.66513,0.66569,0.66497,0.66544
2024-09-10 21:00:00,0.66544,0.66615,0.66539,0.66583
2024-09-10 22:00:00,0.66583,0.66596,0.66559,0.6658
2024-09-10 23:00:00,0.66579,0.6658,0.6651,0.66516
2024-09-11 00:00:00,0.66503,0.66531,0.66453,0.6652
2024-09-11 01:00:00,0.66515,0.66538,0.66509,0.66534
2024-09-11 02:00:00,0.66533,0.66564,0.6651,0.66527
2024-09-11 03:00:00,0.66525,0.66547,0.66444,0.66476
2024-09-11 04:00:00,0.66476,0.66586,0.6646,0.6655
2024-09-11 05:00:00,0.66552,0.66594,0.66518,0.66544
2024-09-11 06:00:00,0.66543,0.66547,0.66492,0.66511
2024-09-11 07:00:00,0.66511,0.66539,0.66461,0.66528
2024-09-11 08:00:00,0.66529,0.66589,0.66527,0.66588
2024-09-11 09:00:00,0.66586,0.6664,0.66552,0.66632
2024-09-11 10:00:00,0.66634,0.66685,0.66597,0.6662
2024-09-11 11:00:00,0.6662,0.66674,0.66589,0.66591
2024-09-11 12:00:00,0.66591,0.66635,0.66579,0.66586
2024-09-11 13:00:00,0.66586,0.66705,0.66576,0.667
2024-09-11 14:00:00,0.66704,0.66735,0.66656,0.667
2024-09-11 15:00:00,0.667,0.66706,0.66347,0.66536
2024-09-11 16:00:00,0.66538,0.66609,0.66377,0.66377
2024-09-11 17:00:00,0.66376,0.66398,0.66217,0.66348
2024-09-11 18:00:00,0.66348,0.66517,0.66311,0.66493
2024-09-11 19:00:00,0.66491,0.66592,0.6647,0.66566
2024-09-11 20:00:00,0.66566,0.66679,0.66566,0.66641
2024-09-11 21:00:00,0.66641,0.66733,0.66632,0.66672
2024-09-11 22:00:00,0.6667,0.66746,0.6667,0.66728
2024-09-11 23:00:00,0.66728,0.66754,0.66725,0.66728
2024-09-12 00:00:00,0.66736,0.66746,0.6671,0.66735
2024-09-12 01:00:00,0.66736,0.66784,0.66734,0.66754
2024-09-12 02:00:00,0.66756,0.66788,0.66732,0.66739
2024-09-12 03:00:00,0.66739,0.66819,0.66728,0.6673
2024-09-12 04:00:00,0.6673,0.66816,0.66708,0.66777
2024-09-12 05:00:00,0.66777,0.66792,0.66707,0.66752
2024-09-12 06:00:00,0.66751,0.66874,0.66745,0.66871
2024-09-12 07:00:00,0.66871,0.6692,0.66858,0.66899
2024-09-12 08:00:00,0.66899,0.66941,0.6689,0.66921
2024-09-12 09:00:00,0.66921,0.66938,0.66833,0.66844
2024-09-12 10:00:00,0.66843,0.66896,0.66688,0.66689
2024-09-12 11:00:00,0.66693,0.66757,0.66562,0.66713
2024-09-12 12:00:00,0.66713,0.66785,0.66709,0.66736
2024-09-12 13:00:00,0.66735,0.66827,0.66721,0.66825
2024-09-12 14:00:00,0.66824,0.66856,0.66758,0.66761
2024-09-12 15:00:00,0.6676,0.66894,0.66759,0.66778
2024-09-12 16:00:00,0.66778,0.66852,0.66716,0.66771
2024-09-12 17:00:00,0.66771,0.66913,0.6674,0.66903
2024-09-12 18:00:00,0.66904,0.66982,0.66881,0.66949
2024-09-12 19:00:00,0.66949,0.67068,0.66945,0.6705
2024-09-12 20:00:00,0.6705,0.67179,0.67045,0.67169
2024-09-12 21:00:00,0.67168,0.67217,0.67116,0.67172
2024-09-12 22:00:00,0.67172,0.67243,0.67169,0.67229
2024-09-12 23:00:00,0.67229,0.67249,0.67199,0.67216
2024-09-13 00:00:00,0.67218,0.67224,0.67175,0.67209
2024-09-13 01:00:00,0.6721,0.67245,0.67209,0.67241
2024-09-13 02:00:00,0.67241,0.67279,0.67226,0.67254
2024-09-13 03:00:00,0.67254,0.67305,0.6724,0.67299
2024-09-13 04:00:00,0.67301,0.67322,0.67207,0.67237
2024-09-13 05:00:00,0.67238,0.67284,0.67202,0.67242
2024-09-13 06:00:00,0.6724,0.67309,0.67226,0.67271
2024-09-13 07:00:00,0.67271,0.67282,0.67242,0.67243
2024-09-13 08:00:00,0.67243,0.67254,0.67197,0.67209
2024-09-13 09:00:00,0.67208,0.67219,0.67131,0.67162
2024-09-13 10:00:00,0.67164,0.67215,0.67133,0.67196
2024-09-13 11:00:00,0.67199,0.67202,0.67105,0.67146
2024-09-13 12:00:00,0.67146,0.67265,0.6711,0.6712
2024-09-13 13:00:00,0.67118,0.67131,0.66989,0.67006
2024-09-13 14:00:00,0.67009,0.6702,0.66919,0.66966
2024-09-13 15:00:00,0.66966,0.67077,0.66954,0.67072
2024-09-13 16:00:00,0.67073,0.67198,0.67068,0.67185
2024-09-13 17:00:00,0.67176,0.67226,0.67086,0.67152
2024-09-13 18:00:00,0.67152,0.67164,0.67083,0.67114
2024-09-13 19:00:00,0.67112,0.67113,0.6703,0.67083
2024-09-13 20:00:00,0.67083,0.67104,0.67058,0.67059
2024-09-13 21:00:00,0.67058,0.6709,0.67,0.67025
2024-09-13 22:00:00,0.67024,0.67069,0.66996,0.67035
2024-09-13 23:00:00,0.67036,0.67054,0.67022,0.67031
2024-09-16 00:00:00,0.66959,0.67034,0.66959,0.67023
2024-09-16 01:00:00,0.67024,0.67096,0.67024,0.67089
2024-09-16 02:00:00,0.67087,0.67134,0.67068,0.67131
2024-09-16 03:00:00,0.67131,0.67145,0.67095,0.67117
2024-09-16 04:00:00,0.67115,0.67131,0.67054,0.67059
2024-09-16 05:00:00,0.6706,0.67129,0.67055,0.67128
2024-09-16 06:00:00,0.67129,0.67268,0.6711,0.67265
2024-09-16 07:00:00,0.67264,0.67294,0.67254,0.6727
2024-09-16 08:00:00,0.6727,0.67275,0.67232,0.67266
2024-09-16 09:00:00,0.67267,0.67273,0.67221,0.67255
2024-09-16 10:00:00,0.67256,0.67289,0.67198,0.6727
2024-09-16 11:00:00,0.6727,0.67454,0.67259,0.67377
2024-09-16 12:00:00,0.67377,0.67419,0.67348,0.67359
2024-09-16 13:00:00,0.67359,0.67432,0.67354,0.67412
2024-09-16 14:00:00,0.67412,0.67474,0.67363,0.67472
2024-09-16 15:00:00,0.67473,0.67483,0.67378,0.67398
2024-09-16 16:00:00,0.67399,0.67466,0.67374,0.67431
2024-09-16 17:00:00,0.67432,0.67433,0.67311,0.67355
2024-09-16 18:00:00,0.67354,0.67394,0.67328,0.67383
2024-09-16 19:00:00,0.67384,0.67433,0.67341,0.67429
2024-09-16 20:00:00,0.67429,0.67449,0.6738,0.67446
2024-09-16 21:00:00,0.67447,0.67459,0.67402,0.67427
2024-09-16 22:00:00,0.67427,0.67515,0.67402,0.67512
2024-09-16 23:00:00,0.67512,0.67532,0.67501,0.67505
2024-09-17 00:00:00,0.6748,0.67512,0.6748,0.67496
2024-09-17 01:00:00,0.675,0.67533,0.67493,0.67498
2024-09-17 02:00:00,0.675,0.67525,0.67472,0.67512
2024-09-17 03:00:00,0.67513,0.67526,0.6742,0.67426
2024-09-17 04:00:00,0.67431,0.67521,0.67429,0.67514
2024-09-17 05:00:00,0.67516,0.67534,0.67492,0.67509
2024-09-17 06:00:00,0.67508,0.67526,0.67459,0.67465
2024-09-17 07:00:00,0.67465,0.67466,0.6741,0.67421
2024-09-17 08:00:00,0.67421,0.67473,0.67415,0.6747
2024-09-17 09:00:00,0.6747,0.67623,0.6747,0.67576
2024-09-17 10:00:00,0.67577,0.6765,0.67518,0.67642
2024-09-17 11:00:00,0.67642,0.67654,0.67567,0.67638
2024-09-17 12:00:00,0.67637,0.67682,0.67614,0.67623
2024-09-17 13:00:00,0.67624,0.67647,0.67556,0.67561
2024-09-17 14:00:00,0.67561,0.67655,0.67537,0.67631
2024-09-17 15:00:00,0.6763,0.67645,0.67455,0.67496
2024-09-17 16:00:00,0.67495,0.67553,0.67451,0.67508
2024-09-17 17:00:00,0.67508,0.67668,0.675,0.67621
2024-09-17 18:00:00,0.67624,0.67637,0.67515,0.67529
2024-09-17 19:00:00,0.6753,0.67554,0.67486,0.67518
2024-09-17 20:00:00,0.67518,0.67537,0.67439,0.67521
2024-09-17 21:00:00,0.67521,0.67592,0.67506,0.67591
2024-09-17 22:00:00,0.6759,0.67602,0.67541,0.67554
2024-09-17 23:00:00,0.67558,0.67572,0.67542,0.67544
2024-09-18 00:00:00,0.67546,0.6757,0.67519,0.67551
2024-09-18 01:00:00,0.6755,0.67586,0.67549,0.67574
2024-09-18 02:00:00,0.67575,0.67619,0.67564,0.676
2024-09-18 03:00:00,0.676,0.67694,0.67597,0.67673
2024-09-18 04:00:00,0.67673,0.67728,0.67633,0.67665
2024-09-18 05:00:00,0.67665,0.67684,0.67603,0.67661
2024-09-18 06:00:00,0.67661,0.67665,0.67617,0.67619
2024-09-18 07:00:00,0.67619,0.67619,0.67488,0.67506
2024-09-18 08:00:00,0.67504,0.67588,0.67501,0.67587
2024-09-18 09:00:00,0.67589,0.67679,0.67589,0.67667
2024-09-18 10:00:00,0.67669,0.67775,0.67669,0.67773
2024-09-18 11:00:00,0.67774,0.67803,0.67735,0.67784
2024-09-18 12:00:00,0.67784,0.67851,0.67754,0.67847
2024-09-18 13:00:00,0.67848,0.67887,0.67837,0.67858
2024-09-18 14:00:00,0.67858,0.6789,0.67838,0.67856
2024-09-18 15:00:00,0.67856,0.67862,0.67736,0.67765
2024-09-18 16:00:00,0.67764,0.6788,0.6776,0.67782
2024-09-18 17:00:00,0.67785,0.67795,0.67621,0.67684
2024-09-18 18:00:00,0.67681,0.67704,0.67559,0.67575
2024-09-18 19:00:00,0.67573,0.67663,0.6756,0.67658
2024-09-18 20:00:00,0.67658,0.67703,0.67617,0.67655
2024-09-18 21:00:00,0.679,0.68199,0.67807,0.67859
2024-09-18 22:00:00,0.67855,0.67855,0.67418,0.67479
2024-09-18 23:00:00,0.67479,0.67647,0.67466,0.6763
2024-09-19 00:00:00,0.67631,0.67636,0.67454,0.67616
2024-09-19 01:00:00,0.67615,0.67719,0.67607,0.6769
2024-09-19 02:00:00,0.67694,0.67697,0.67542,0.67654
2024-09-19 03:00:00,0.67654,0.67724,0.67417,0.67443
2024-09-19 04:00:00,0.67443,0.67615,0.67372,0.67614
2024-09-19 05:00:00,0.67612,0.67851,0.67612,0.67808
2024-09-19 06:00:00,0.67805,0.67935,0.6778,0.67926
2024-09-19 07:00:00,0.67929,0.67938,0.67865,0.6791
2024-09-19 08:00:00,0.67914,0.68005,0.67912,0.67996
2024-09-19 09:00:00,0.67996,0.68274,0.67977,0.68189
2024-09-19 10:00:00,0.68193,0.68299,0.68161,0.68173
2024-09-19 11:00:00,0.68169,0.68315,0.68167,0.68265
2024-09-19 12:00:00,0.68264,0.68378,0.68259,0.68362
2024-09-19 13:00:00,0.68362,0.68386,0.68302,0.68348
2024-09-19 14:00:00,0.68348,0.68384,0.68168,0.68195
2024-09-19 15:00:00,0.68195,0.68238,0.68059,0.68064
2024-09-19 16:00:00,0.68062,0.68179,0.67913,0.67961
2024-09-19 17:00:00,0.67962,0.68089,0.67857,0.68044
2024-09-19 18:00:00,0.68045,0.68149,0.67973,0.68135
2024-09-19 19:00:00,0.68139,0.68226,0.68135,0.6818
2024-09-19 20:00:00,0.68181,0.68236,0.68149,0.6822
2024-09-19 21:00:00,0.68221,0.68231,0.6815,0.68196
2024-09-19 22:00:00,0.68196,0.68196,0.68101,0.6817
2024-09-19 23:00:00,0.68171,0.68173,0.68107,0.68136
2024-09-20 00:00:00,0.68116,0.68161,0.68012,0.68119
2024-09-20 01:00:00,0.68115,0.6813,0.68082,0.68099
2024-09-20 02:00:00,0.681,0.68106,0.68073,0.68086
2024-09-20 03:00:00,0.68087,0.68122,0.68041,0.68052
2024-09-20 04:00:00,0.68052,0.68074,0.68001,0.68051
2024-09-20 05:00:00,0.6805,0.68168,0.68036,0.68163
2024-09-20 06:00:00,0.68163,0.6827,0.6815,0.6821
2024-09-20 07:00:00,0.6821,0.68259,0.68153,0.68158
2024-09-20 08:00:00,0.68161,0.68163,0.68077,0.68149
2024-09-20 09:00:00,0.68152,0.68284,0.6815,0.68157
2024-09-20 10:00:00,0.68162,0.68226,0.681,0.68131
2024-09-20 11:00:00,0.68128,0.68156,0.68048,0.68094
2024-09-20 12:00:00,0.68094,0.68142,0.68042,0.68063
2024-09-20 13:00:00,0.68063,0.68115,0.68048,0.68102
2024-09-20 14:00:00,0.68102,0.68109,0.6802,0.68096
2024-09-20 15:00:00,0.68097,0.68227,0.68097,0.68209
2024-09-20 16:00:00,0.68207,0.68209,0.67906,0.67916
2024-09-20 17:00:00,0.67915,0.67998,0.67828,0.67927
2024-09-20 18:00:00,0.67926,0.68065,0.67826,0.68048
2024-09-20 19:00:00,0.6805,0.68192,0.68026,0.68168
2024-09-20 20:00:00,0.68166,0.6817,0.68064,0.68084
2024-09-20 21:00:00,0.68085,0.68121,0.68028,0.68116
2024-09-20 22:00:00,0.68116,0.68141,0.68072,0.68073
2024-09-20 23:00:00,0.68075,0.68082,0.68041,0.68055
2024-09-23 00:00:00,0.67991,0.68056,0.67954,0.68053
2024-09-23 01:00:00,0.68042,0.68098,0.68031,0.68089
2024-09-23 02:00:00,0.68088,0.68106,0.68041,0.68093
2024-09-23 03:00:00,0.68093,0.68146,0.68069,0.68141
2024-09-23 04:00:00,0.6814,0.68213,0.68119,0.68154
2024-09-23 05:00:00,0.68154,0.68215,0.68104,0.68209
2024-09-23 06:00:00,0.6821,0.68309,0.68202,0.68247
2024-09-23 07:00:00,0.68247,0.68358,0.68243,0.68329
2024-09-23 08:00:00,0.68328,0.68345,0.68264,0.68271
2024-09-23 09:00:00,0.68274,0.68279,0.68204,0.68208
2024-09-23 10:00:00,0.68209,0.68209,0.67999,0.6806
2024-09-23 11:00:00,0.68057,0.68119,0.68007,0.6811
2024-09-23 12:00:00,0.68115,0.68197,0.6811,0.68168
2024-09-23 13:00:00,0.68168,0.68285,0.68167,0.68241
2024-09-23 14:00:00,0.68243,0.68336,0.68235,0.68321
2024-09-23 15:00:00,0.68321,0.68391,0.6824,0.68372
2024-09-23 16:00:00,0.68373,0.6844,0.68313,0.68398
2024-09-23 17:00:00,0.68397,0.68504,0.68362,0.68497
2024-09-23 18:00:00,0.685,0.68532,0.68441,0.68469
2024-09-23 19:00:00,0.6847,0.6847,0.68348,0.68384
2024-09-23 20:00:00,0.68384,0.68491,0.68346,0.68443
2024-09-23 21:00:00,0.68442,0.68481,0.68418,0.68464
2024-09-23 22:00:00,0.68464,0.68466,0.68428,0.68432
2024-09-23 23:00:00,0.6843,0.68431,0.6835,0.68373
2024-09-24 00:00:00,0.68371,0.68376,0.68292,0.68358
2024-09-24 01:00:00,0.68353,0.68403,0.6834,0.6834
2024-09-24 02:00:00,0.6834,0.68354,0.68288,0.68327
2024-09-24 03:00:00,0.68327,0.68346,0.68253,0.68298
2024-09-24 04:00:00,0.68299,0.68489,0.68299,0.68438
2024-09-24 05:00:00,0.68436,0.68439,0.68354,0.68421
2024-09-24 06:00:00,0.68419,0.68545,0.68419,0.68467
2024-09-24 07:00:00,0.68467,0.68648,0.68438,0.68613
2024-09-24 08:00:00,0.6862,0.68687,0.68372,0.68381
2024-09-24 09:00:00,0.68381,0.68389,0.68138,0.68334
2024-09-24 10:00:00,0.68334,0.68346,0.68197,0.68239
2024-09-24 11:00:00,0.68238,0.68406,0.68226,0.68355
2024-09-24 12:00:00,0.68354,0.68457,0.68333,0.68444
2024-09-24 13:00:00,0.68444,0.6849,0.68439,0.68465
2024-09-24 14:00:00,0.68464,0.68508,0.68397,0.68508
2024-09-24 15:00:00,0.68512,0.68623,0.68511,0.68575
2024-09-24 16:00:00,0.68576,0.68728,0.68573,0.68683
2024-09-24 17:00:00,0.68679,0.68778,0.68637,0.68668
2024-09-24 18:00:00,0.68667,0.68742,0.68649,0.68717
2024-09-24 19:00:00,0.68717,0.68836,0.68717,0.68807
2024-09-24 20:00:00,0.68806,0.68819,0.68756,0.68799
2024-09-24 21:00:00,0.688,0.68847,0.68794,0.68842
2024-09-24 22:00:00,0.68841,0.68914,0.68834,0.68911
2024-09-24 23:00:00,0.68911,0.68929,0.68885,0.6891
2024-09-25 00:00:00,0.68915,0.68935,0.68888,0.68917
2024-09-25 01:00:00,0.68914,0.68996,0.6891,0.68984
2024-09-25 02:00:00,0.68985,0.69067,0.68976,0.69054
2024-09-25 03:00:00,0.69053,0.69077,0.68932,0.68974
2024-09-25 04:00:00,0.68974,0.69006,0.68813,0.68891
2024-09-25 05:00:00,0.68888,0.68985,0.6886,0.68871
2024-09-25 06:00:00,0.68871,0.68951,0.68803,0.68891
2024-09-25 07:00:00,0.68897,0.68906,0.68817,0.68877
2024-09-25 08:00:00,0.68876,0.68959,0.68771,0.68784
2024-09-25 09:00:00,0.68784,0.68824,0.68725,0.68775
2024-09-25 10:00:00,0.6878,0.68825,0.68765,0.68798
2024-09-25 11:00:00,0.68799,0.68855,0.68784,0.68846
2024-09-25 12:00:00,0.68847,0.68847,0.68716,0.68754
2024-09-25 13:00:00,0.68754,0.68769,0.68715,0.68769
2024-09-25 14:00:00,0.6877,0.68801,0.68705,0.68767
2024-09-25 15:00:00,0.68767,0.68801,0.68638,0.68704
2024-09-25 16:00:00,0.68704,0.68829,0.68697,0.68704
2024-09-25 17:00:00,0.68704,0.68749,0.6861,0.68632
2024-09-25 18:00:00,0.68634,0.68664,0.68343,0.68361
2024-09-25 19:00:00,0.68361,0.6837,0.68257,0.68264
2024-09-25 20:00:00,0.68263,0.68308,0.68191,0.68301
2024-09-25 21:00:00,0.68301,0.68322,0.68232,0.68251
2024-09-25 22:00:00,0.6825,0.68285,0.6818,0.68189
2024-09-25 23:00:00,0.6819,0.68248,0.68176,0.68216
2024-09-26 00:00:00,0.68221,0.6824,0.68185,0.6824
2024-09-26 01:00:00,0.6824,0.68252,0.68212,0.6822
2024-09-26 02:00:00,0.6822,0.68241,0.68185,0.68185
2024-09-26 03:00:00,0.68186,0.68343,0.68186,0.68322
2024-09-26 04:00:00,0.68323,0.68456,0.68284,0.68409
2024-09-26 05:00:00,0.68408,0.68464,0.68353,0.68406
2024-09-26 06:00:00,0.68405,0.68461,0.68392,0.68456
2024-09-26 07:00:00,0.68456,0.68477,0.68407,0.68439
2024-09-26 08:00:00,0.68438,0.68628,0.68415,0.68619
2024-09-26 09:00:00,0.6862,0.68663,0.68559,0.68627
2024-09-26 10:00:00,0.68629,0.68674,0.68574,0.68588
2024-09-26 11:00:00,0.68587,0.68703,0.68569,0.6861
2024-09-26 12:00:00,0.68611,0.68728,0.68611,0.68674
2024-09-26 13:00:00,0.68674,0.68859,0.68658,0.68859
2024-09-26 14:00:00,0.68859,0.6887,0.68771,0.68798
2024-09-26 15:00:00,0.68798,0.68884,0.68708,0.68853
2024-09-26 16:00:00,0.68853,0.68886,0.68679,0.68731
2024-09-26 17:00:00,0.68733,0.6888,0.68622,0.68864
2024-09-26 18:00:00,0.68862,0.69044,0.68807,0.68993
2024-09-26 19:00:00,0.68993,0.68994,0.68843,0.68859
2024-09-26 20:00:00,0.68858,0.6896,0.68845,0.68949
2024-09-26 21:00:00,0.6895,0.69002,0.68943,0.6899
2024-09-26 22:00:00,0.68991,0.69022,0.68918,0.68948
2024-09-26 23:00:00,0.6895,0.68964,0.68913,0.68943
2024-09-27 00:00:00,0.68924,0.68945,0.68742,0.68914
2024-09-27 01:00:00,0.68902,0.68981,0.68902,0.68976
2024-09-27 02:00:00,0.68977,0.68994,0.68906,0.68921
2024-09-27 03:00:00,0.68922,0.68941,0.68821,0.68868
2024-09-27 04:00:00,0.68868,0.68908,0.68716,0.68798
2024-09-27 05:00:00,0.68798,0.68811,0.6873,0.68768
2024-09-27 06:00:00,0.68768,0.68824,0.68745,0.68792
2024-09-27 07:00:00,0.68793,0.68802,0.68717,0.68776
2024-09-27 08:00:00,0.68776,0.68818,0.68677,0.68765
2024-09-27 09:00:00,0.68763,0.68869,0.68725,0.6884
2024-09-27 10:00:00,0.68838,0.68857,0.68762,0.68812
2024-09-27 11:00:00,0.6881,0.68905,0.68791,0.68858
2024-09-27 12:00:00,0.68858,0.68909,0.68816,0.68872
2024-09-27 13:00:00,0.68871,0.68938,0.68815,0.68817
2024-09-27 14:00:00,0.68816,0.68972,0.68816,0.68939
2024-09-27 15:00:00,0.68938,0.69293,0.68919,0.69243
2024-09-27 16:00:00,0.69243,0.69288,0.69182,0.69225
2024-09-27 17:00:00,0.69226,0.69369,0.69217,0.69307
2024-09-27 18:00:00,0.69307,0.69307,0.69089,0.69104
2024-09-27 19:00:00,0.69104,0.69135,0.69011,0.69093
2024-09-27 20:00:00,0.69094,0.69101,0.69,0.69073
2024-09-27 21:00:00,0.69073,0.69126,0.68987,0.69124
2024-09-27 22:00:00,0.69124,0.69124,0.69044,0.69054
2024-09-27 23:00:00,0.69053,0.69055,0.68993,0.69007
2024-09-30 00:00:00,0.6902,0.69039,0.68953,0.69023
2024-09-30 01:00:00,0.69023,0.69186,0.69023,0.69145
2024-09-30 02:00:00,0.69147,0.69199,0.69133,0.69182
2024-09-30 03:00:00,0.69182,0.69239,0.69163,0.69219
2024-09-30 04:00:00,0.6922,0.69363,0.69165,0.69217
2024-09-30 05:00:00,0.69212,0.69229,0.69136,0.69221
2024-09-30 06:00:00,0.69221,0.69294,0.69198,0.69287
2024-09-30 07:00:00,0.69288,0.69349,0.69271,0.69313
2024-09-30 08:00:00,0.69319,0.69406,0.69295,0.69302
2024-09-30 09:00:00,0.69303,0.69364,0.69243,0.69332
2024-09-30 10:00:00,0.69336,0.69371,0.69297,0.69299
2024-09-30 11:00:00,0.69296,0.69328,0.69198,0.69256
2024-09-30 12:00:00,0.69257,0.69278,0.69218,0.6922
2024-09-30 13:00:00,0.6922,0.69243,0.69151,0.69163
2024-09-30 14:00:00,0.69163,0.69265,0.69146,0.69228
2024-09-30 15:00:00,0.69228,0.69286,0.69182,0.69276
2024-09-30 16:00:00,0.69278,0.69394,0.69248,0.69327
2024-09-30 17:00:00,0.6932,0.6941,0.69201,0.69363
2024-09-30 18:00:00,0.69363,0.69398,0.69255,0.69311
2024-09-30 19:00:00,0.69311,0.69388,0.69297,0.69384
2024-09-30 20:00:00,0.69385,0.69418,0.6934,0.69353
2024-09-30 21:00:00,0.69351,0.69364,0.68984,0.69183
2024-09-30 22:00:00,0.69183,0.69183,0.69049,0.69139
2024-09-30 23:00:00,0.69143,0.69154,0.69102,0.69125
2024-10-01 00:00:00,0.69116,0.69152,0.69022,0.69129
2024-10-01 01:00:00,0.69149,0.69192,0.69133,0.69163
2024-10-01 02:00:00,0.69166,0.69197,0.69138,0.69148
2024-10-01 03:00:00,0.69148,0.69157,0.69075,0.69122
2024-10-01 04:00:00,0.69122,0.69341,0.69111,0.69327
2024-10-01 05:00:00,0.69328,0.69333,0.69186,0.6924
2024-10-01 06:00:00,0.6924,0.69248,0.69132,0.69141
2024-10-01 07:00:00,0.69141,0.69294,0.69134,0.69288
2024-10-01 08:00:00,0.69292,0.69328,0.69248,0.69274
2024-10-01 09:00:00,0.69278,0.69298,0.69212,0.69265
2024-10-01 10:00:00,0.69271,0.69301,0.69012,0.69068
2024-10-01 11:00:00,0.69071,0.69119,0.68982,0.6907
2024-10-01 12:00:00,0.6907,0.69147,0.69024,0.69091
2024-10-01 13:00:00,0.69091,0.69101,0.68943,0.69007
2024-10-01 14:00:00,0.69012,0.69092,0.68976,0.69072
2024-10-01 15:00:00,0.69072,0.69137,0.6904,0.69083
2024-10-01 16:00:00,0.69082,0.69128,0.68738,0.68898
2024-10-01 17:00:00,0.68879,0.69012,0.68771,0.68882
2024-10-01 18:00:00,0.68883,0.68888,0.68707,0.68853
2024-10-01 19:00:00,0.68851,0.68864,0.68651,0.68726
2024-10-01 20:00:00,0.68725,0.68839,0.68561,0.68839
2024-10-01 21:00:00,0.68839,0.68965,0.68839,0.68923
2024-10-01 22:00:00,0.68922,0.68984,0.68855,0.6886
2024-10-01 23:00:00,0.6886,0.68872,0.68813,0.68823
2024-10-02 00:00:00,0.688,0.68835,0.68711,0.68812
2024-10-02 01:00:00,0.68811,0.68835,0.68783,0.68819
2024-10-02 02:00:00,0.68819,0.68844,0.68777,0.68788
2024-10-02 03:00:00,0.68789,0.68864,0.68782,0.6882
2024-10-02 04:00:00,0.68822,0.69058,0.68822,0.69028
2024-10-02 05:00:00,0.69028,0.69093,0.69009,0.69084
2024-10-02 06:00:00,0.69084,0.69153,0.69052,0.69057
2024-10-02 07:00:00,0.69057,0.69084,0.6886,0.68897
2024-10-02 08:00:00,0.68897,0.6894,0.68749,0.68783
2024-10-02 09:00:00,0.68786,0.68945,0.68756,0.6892
2024-10-02 10:00:00,0.68924,0.68997,0.68917,0.68955
2024-10-02 11:00:00,0.68956,0.69042,0.68912,0.68943
2024-10-02 12:00:00,0.68943,0.6897,0.68891,0.68945
2024-10-02 13:00:00,0.68947,0.69032,0.6892,0.69003
2024-10-02 14:00:00,0.69006,0.69023,0.68952,0.68978
2024-10-02 15:00:00,0.6898,0.69022,0.68918,0.68939
2024-10-02 16:00:00,0.68939,0.69003,0.6878,0.68847
2024-10-02 17:00:00,0.68846,0.68937,0.68777,0.68801
2024-10-02 18:00:00,0.68803,0.68949,0.68788,0.68942
2024-10-02 19:00:00,0.68944,0.68979,0.68833,0.68837
2024-10-02 20:00:00,0.68836,0.68886,0.68792,0.6887
2024-10-02 21:00:00,0.6887,0.68888,0.68791,0.68804
2024-10-02 22:00:00,0.68804,0.68881,0.68787,0.68868
2024-10-02 23:00:00,0.68866,0.68875,0.68835,0.68838
2024-10-03 00:00:00,0.6881,0.68853,0.6881,0.68827
2024-10-03 01:00:00,0.68856,0.68883,0.6882,0.68836
2024-10-03 02:00:00,0.68838,0.68882,0.6882,0.68838
2024-10-03 03:00:00,0.68838,0.68855,0.68729,0.68798
2024-10-03 04:00:00,0.68798,0.68832,0.68622,0.68722
2024-10-03 05:00:00,0.68723,0.68751,0.68627,0.68676
2024-10-03 06:00:00,0.68675,0.68718,0.68601,0.6864
2024-10-03 07:00:00,0.6864,0.68668,0.68591,0.68594
2024-10-03 08:00:00,0.68592,0.68652,0.68548,0.68624
2024-10-03 09:00:00,0.68626,0.68758,0.68618,0.68711
2024-10-03 10:00:00,0.68715,0.68728,0.68595,0.68634
2024-10-03 11:00:00,0.68634,0.68638,0.68486,0.68503
2024-10-03 12:00:00,0.68502,0.68527,0.68452,0.68467
2024-10-03 13:00:00,0.68467,0.68491,0.68402,0.68457
2024-10-03 14:00:00,0.68458,0.68533,0.68403,0.68511
2024-10-03 15:00:00,0.68509,0.68525,0.68346,0.68378
2024-10-03 16:00:00,0.68375,0.68504,0.68362,0.68474
2024-10-03 17:00:00,0.68341,0.68529,0.68297,0.68397
2024-10-03 18:00:00,0.68397,0.68474,0.68389,0.68418
2024-10-03 19:00:00,0.68418,0.68544,0.68415,0.68494
2024-10-03 20:00:00,0.68498,0.68507,0.68436,0.68452
2024-10-03 21:00:00,0.68456,0.6848,0.68397,0.68399
2024-10-03 22:00:00,0.68399,0.68459,0.68397,0.68437
2024-10-03 23:00:00,0.68437,0.68438,0.68381,0.68391
2024-10-04 00:00:00,0.68395,0.68398,0.68317,0.68395
2024-10-04 01:00:00,0.68389,0.68458,0.68383,0.68444
2024-10-04 02:00:00,0.68444,0.68504,0.68444,0.68497
2024-10-04 03:00:00,0.68497,0.68517,0.68443,0.68494
2024-10-04 04:00:00,0.68494,0.68504,0.68419,0.68459
2024-10-04 05:00:00,0.68458,0.68512,0.68441,0.68459
2024-10-04 06:00:00,0.68459,0.68493,0.68418,0.68469
2024-10-04 07:00:00,0.68468,0.68494,0.68388,0.68402
2024-10-04 08:00:00,0.68402,0.68495,0.68399,0.6847
2024-10-04 09:00:00,0.68476,0.68478,0.68389,0.68397
2024-10-04 10:00:00,0.68398,0.68453,0.68374,0.68434
2024-10-04 11:00:00,0.68435,0.68435,0.68366,0.68409
2024-10-04 12:00:00,0.6841,0.68415,0.68354,0.68414
2024-10-04 13:00:00,0.68414,0.6845,0.6839,0.6841
2024-10-04 14:00:00,0.6841,0.68428,0.68381,0.68405
2024-10-04 15:00:00,0.68404,0.68428,0.67919,0.67935
2024-10-04 16:00:00,0.67932,0.68055,0.67901,0.67961
2024-10-04 17:00:00,0.67962,0.68104,0.67931,0.67999
2024-10-04 18:00:00,0.67999,0.6803,0.67868,0.67959
2024-10-04 19:00:00,0.6796,0.67968,0.67852,0.67954
2024-10-04 20:00:00,0.67954,0.6801,0.67933,0.67966
2024-10-04 21:00:00,0.67967,0.67995,0.67918,0.67988
2024-10-04 22:00:00,0.67987,0.68034,0.67978,0.67998
2024-10-04 23:00:00,0.67999,0.68001,0.67919,0.6792
2024-10-07 00:00:00,0.6782,0.67987,0.6782,0.67972
2024-10-07 01:00:00,0.67979,0.68076,0.6795,0.68025
2024-10-07 02:00:00,0.68025,0.68037,0.67962,0.67974
2024-10-07 03:00:00,0.67972,0.68031,0.67943,0.67995
2024-10-07 04:00:00,0.67996,0.68083,0.67961,0.68016
2024-10-07 05:00:00,0.68015,0.68075,0.68011,0.68053
2024-10-07 06:00:00,0.6805,0.68083,0.68019,0.68069
2024-10-07 07:00:00,0.68069,0.68097,0.68033,0.68051
2024-10-07 08:00:00,0.6805,0.68055,0.67971,0.67987
2024-10-07 09:00:00,0.67989,0.68064,0.67954,0.68024
2024-10-07 10:00:00,0.68019,0.6805,0.67889,0.67932
2024-10-07 11:00:00,0.67932,0.67965,0.67847,0.67851
2024-10-07 12:00:00,0.67851,0.67892,0.67771,0.67861
2024-10-07 13:00:00,0.6786,0.6791,0.67829,0.6783
2024-10-07 14:00:00,0.67829,0.67934,0.67796,0.67928
2024-10-07 15:00:00,0.67931,0.6798,0.67845,0.6786
2024-10-07 16:00:00,0.67861,0.67918,0.67798,0.67806
2024-10-07 17:00:00,0.67806,0.67858,0.67581,0.67631
2024-10-07 18:00:00,0.67631,0.67669,0.67579,0.6759
2024-10-07 19:00:00,0.67588,0.67624,0.67561,0.6761
2024-10-07 20:00:00,0.67611,0.67663,0.67594,0.67615
2024-10-07 21:00:00,0.67616,0.67619,0.67439,0.67443
2024-10-07 22:00:00,0.67443,0.67551,0.67429,0.67549
2024-10-07 23:00:00,0.6755,0.67584,0.67545,0.67561
2024-10-08 00:00:00,0.67551,0.67591,0.67418,0.67587
2024-10-08 01:00:00,0.6759,0.67595,0.67501,0.67511
2024-10-08 02:00:00,0.67511,0.6758,0.67495,0.6755
2024-10-08 03:00:00,0.67548,0.6769,0.67537,0.67679
2024-10-08 04:00:00,0.67676,0.67684,0.6753,0.67595
2024-10-08 05:00:00,0.67592,0.67611,0.67146,0.67324
2024-10-08 06:00:00,0.67322,0.67437,0.67298,0.67324
2024-10-08 07:00:00,0.67325,0.67376,0.67281,0.67366
2024-10-08 08:00:00,0.67366,0.6742,0.67216,0.67247
2024-10-08 09:00:00,0.67246,0.67333,0.67216,0.6728
2024-10-08 10:00:00,0.6728,0.67374,0.67185,0.67357
2024-10-08 11:00:00,0.6736,0.67367,0.67247,0.673
2024-10-08 12:00:00,0.673,0.67312,0.67205,0.6726
2024-10-08 13:00:00,0.67259,0.6735,0.6724,0.6733
2024-10-08 14:00:00,0.67328,0.6742,0.67309,0.67405
2024-10-08 15:00:00,0.67404,0.67442,0.67287,0.67324
2024-10-08 16:00:00,0.67324,0.67399,0.67242,0.67301
2024-10-08 17:00:00,0.67301,0.6737,0.67236,0.67283
2024-10-08 18:00:00,0.67283,0.67398,0.67215,0.67369
2024-10-08 19:00:00,0.67368,0.67421,0.67338,0.67382
2024-10-08 20:00:00,0.67381,0.67422,0.67281,0.67403
2024-10-08 21:00:00,0.67403,0.67427,0.67374,0.67414
2024-10-08 22:00:00,0.67414,0.67497,0.67391,0.67482
2024-10-08 23:00:00,0.67482,0.67482,0.67398,0.67406
2024-10-09 00:00:00,0.67397,0.67469,0.67339,0.67451
2024-10-09 01:00:00,0.67447,0.67491,0.67441,0.67461
2024-10-09 02:00:00,0.67463,0.67465,0.67382,0.67389
2024-10-09 03:00:00,0.67389,0.67425,0.67351,0.67388
2024-10-09 04:00:00,0.67391,0.67477,0.67338,0.67416
2024-10-09 05:00:00,0.67414,0.67419,0.67305,0.67335
2024-10-09 06:00:00,0.67334,0.67359,0.67252,0.67291
2024-10-09 07:00:00,0.67291,0.67346,0.67227,0.67296
2024-10-09 08:00:00,0.67298,0.67613,0.67295,0.67442
2024-10-09 09:00:00,0.67439,0.6749,0.67327,0.67329
2024-10-09 10:00:00,0.67329,0.67334,0.67234,0.67306
2024-10-09 11:00:00,0.67306,0.6733,0.67242,0.67293
2024-10-09 12:00:00,0.67294,0.67395,0.67294,0.67366
2024-10-09 13:00:00,0.67367,0.67385,0.67329,0.67338
2024-10-09 14:00:00,0.67338,0.67346,0.67264,0.67279
2024-10-09 15:00:00,0.67279,0.67311,0.67172,0.6721
2024-10-09 16:00:00,0.6721,0.67232,0.67107,0.67215
2024-10-09 17:00:00,0.67217,0.67236,0.67075,0.67117
2024-10-09 18:00:00,0.67116,0.67273,0.67116,0.67238
2024-10-09 19:00:00,0.67236,0.67237,0.67151,0.67161
2024-10-09 20:00:00,0.6716,0.6719,0.67129,0.67158
2024-10-09 21:00:00,0.67153,0.67183,0.67112,0.67116
2024-10-09 22:00:00,0.67116,0.67168,0.67107,0.67134
2024-10-09 23:00:00,0.67133,0.67203,0.67109,0.67198
2024-10-10 00:00:00,0.67202,0.67202,0.67105,0.67136
2024-10-10 01:00:00,0.67129,0.67169,0.67109,0.67128
2024-10-10 02:00:00,0.67128,0.67202,0.67126,0.67157
2024-10-10 03:00:00,0.67156,0.67217,0.6713,0.6716
2024-10-10 04:00:00,0.67157,0.67267,0.67147,0.67208
2024-10-10 05:00:00,0.67208,0.67305,0.67147,0.67258
2024-10-10 06:00:00,0.67257,0.67333,0.67247,0.67321
2024-10-10 07:00:00,0.67322,0.67398,0.67294,0.67383
2024-10-10 08:00:00,0.67383,0.67419,0.67311,0.67315
2024-10-10 09:00:00,0.67313,0.67346,0.6725,0.67292
2024-10-10 10:00:00,0.67287,0.67331,0.6727,0.67281
2024-10-10 11:00:00,0.67281,0.6729,0.67217,0.67226
2024-10-10 12:00:00,0.67227,0.6725,0.672,0.67243
2024-10-10 13:00:00,0.67244,0.67265,0.67215,0.67234
2024-10-10 14:00:00,0.67233,0.67235,0.67124,0.67164
2024-10-10 15:00:00,0.67163,0.67372,0.67001,0.67323
2024-10-10 16:00:00,0.67323,0.67392,0.67127,0.6721
2024-10-10 17:00:00,0.67212,0.6728,0.67146,0.67208
2024-10-10 18:00:00,0.67208,0.67333,0.67193,0.67317
2024-10-10 19:00:00,0.67318,0.67372,0.67162,0.67179
2024-10-10 20:00:00,0.67182,0.67331,0.67111,0.67312
2024-10-10 21:00:00,0.67315,0.67326,0.67271,0.67285
2024-10-10 22:00:00,0.67284,0.67375,0.67254,0.67372
2024-10-10 23:00:00,0.67372,0.67424,0.6734,0.6734
2024-10-11 00:00:00,0.67337,0.67404,0.67335,0.67378
2024-10-11 01:00:00,0.6737,0.6741,0.67362,0.67393
2024-10-11 02:00:00,0.67394,0.67434,0.67384,0.67403
2024-10-11 03:00:00,0.67403,0.67444,0.67374,0.67406
2024-10-11 04:00:00,0.6741,0.6747,0.67361,0.67407
2024-10-11 05:00:00,0.67406,0.67479,0.67376,0.67444
2024-10-11 06:00:00,0.67444,0.67489,0.6742,0.67475
2024-10-11 07:00:00,0.67475,0.67489,0.67416,0.67421
2024-10-11 08:00:00,0.67421,0.67439,0.67359,0.67367
2024-10-11 09:00:00,0.67366,0.67366,0.67254,0.67327
2024-10-11 10:00:00,0.67326,0.67438,0.67301,0.67423
2024-10-11 11:00:00,0.67423,0.67445,0.67372,0.67379
2024-10-11 12:00:00,0.67377,0.67438,0.67332,0.67349
2024-10-11 13:00:00,0.6735,0.67365,0.67317,0.67343
2024-10-11 14:00:00,0.67346,0.67358,0.67245,0.673
2024-10-11 15:00:00,0.673,0.6751,0.67268,0.67324
2024-10-11 16:00:00,0.67325,0.67425,0.67273,0.67415
2024-10-11 17:00:00,0.67414,0.67502,0.67397,0.67448
2024-10-11 18:00:00,0.67447,0.67583,0.67443,0.67546
2024-10-11 19:00:00,0.67546,0.67587,0.67537,0.67572
2024-10-11 20:00:00,0.67572,0.67588,0.67541,0.67571
2024-10-11 21:00:00,0.6757,0.67588,0.67548,0.67557
2024-10-11 22:00:00,0.67557,0.67568,0.67528,0.67531
2024-10-11 23:00:00,0.67532,0.67552,0.67478,0.67497
2024-10-14 00:00:00,0.6739,0.67474,0.67166,0.67388
2024-10-14 01:00:00,0.67388,0.67405,0.67305,0.67334
2024-10-14 02:00:00,0.67336,0.67394,0.67227,0.67298
2024-10-14 03:00:00,0.67299,0.67433,0.67266,0.67336
2024-10-14 04:00:00,0.67331,0.67388,0.67226,0.67334
2024-10-14 05:00:00,0.67332,0.6734,0.67218,0.67324
2024-10-14 06:00:00,0.67323,0.67445,0.67293,0.67387
2024-10-14 07:00:00,0.6739,0.67407,0.67366,0.67367
2024-10-14 08:00:00,0.67367,0.67413,0.67347,0.67382
2024-10-14 09:00:00,0.67381,0.67434,0.67331,0.67341
2024-10-14 10:00:00,0.6734,0.67372,0.67291,0.67309
2024-10-14 11:00:00,0.67307,0.67343,0.67252,0.67273
2024-10-14 12:00:00,0.67271,0.67332,0.67227,0.67228
2024-10-14 13:00:00,0.67226,0.67238,0.67179,0.67183
2024-10-14 14:00:00,0.67182,0.67193,0.67136,0.67161
2024-10-14 15:00:00,0.67157,0.67189,0.67041,0.67048
2024-10-14 16:00:00,0.67046,0.67371,0.67018,0.67318
2024-10-14 17:00:00,0.67317,0.67366,0.67195,0.67255
2024-10-14 18:00:00,0.67257,0.67271,0.67191,0.67227
2024-10-14 19:00:00,0.67228,0.6724,0.67188,0.67239
2024-10-14 20:00:00,0.67239,0.6724,0.67172,0.67217
2024-10-14 21:00:00,0.67215,0.67248,0.67168,0.67176
2024-10-14 22:00:00,0.67175,0.67244,0.6712,0.67221
2024-10-14 23:00:00,0.67221,0.67261,0.67211,0.67247
2024-10-15 00:00:00,0.67224,0.67245,0.67105,0.67242
2024-10-15 01:00:00,0.67242,0.67257,0.67202,0.67248
2024-10-15 02:00:00,0.67249,0.67273,0.67227,0.67245
2024-10-15 03:00:00,0.67245,0.67285,0.67193,0.67272
2024-10-15 04:00:00,0.6727,0.67306,0.67227,0.6728
2024-10-15 05:00:00,0.6728,0.67323,0.6724,0.67266
2024-10-15 06:00:00,0.67266,0.673,0.67156,0.67169
2024-10-15 07:00:00,0.6717,0.6717,0.67113,0.67129
2024-10-15 08:00:00,0.67129,0.67129,0.67021,0.67082
2024-10-15 09:00:00,0.67078,0.6717,0.67057,0.67159
2024-10-15 10:00:00,0.67159,0.67165,0.67016,0.67073
2024-10-15 11:00:00,0.67072,0.67148,0.67035,0.67148
2024-10-15 12:00:00,0.67148,0.67174,0.67097,0.67127
2024-10-15 13:00:00,0.67128,0.67136,0.67068,0.67087
2024-10-15 14:00:00,0.67086,0.67173,0.6708,0.67146
2024-10-15 15:00:00,0.67146,0.67195,0.67106,0.67163
2024-10-15 16:00:00,0.67162,0.67252,0.67155,0.67194
2024-10-15 17:00:00,0.67189,0.67254,0.67018,0.67167
2024-10-15 18:00:00,0.67167,0.67177,0.67052,0.67074
2024-10-15 19:00:00,0.67074,0.67113,0.67046,0.67058
2024-10-15 20:00:00,0.67058,0.67058,0.6699,0.66996
2024-10-15 21:00:00,0.66998,0.67048,0.66993,0.67011
2024-10-15 22:00:00,0.67011,0.67021,0.66992,0.67
2024-10-15 23:00:00,0.67,0.67034,0.66977,0.67021
2024-10-16 00:00:00,0.66992,0.67047,0.66892,0.66996
2024-10-16 01:00:00,0.66996,0.67044,0.6695,0.66973
2024-10-16 02:00:00,0.66974,0.66982,0.66731,0.66772
2024-10-16 03:00:00,0.6677,0.66829,0.66678,0.66794
2024-10-16 04:00:00,0.66795,0.6692,0.66763,0.66913
2024-10-16 05:00:00,0.66914,0.66949,0.66866,0.66905
2024-10-16 06:00:00,0.66905,0.67006,0.66905,0.66922
2024-10-16 07:00:00,0.66922,0.66958,0.6689,0.66903
2024-10-16 08:00:00,0.66901,0.66987,0.66868,0.66972
2024-10-16 09:00:00,0.66973,0.66973,0.66832,0.66894
2024-10-16 10:00:00,0.66894,0.6693,0.66848,0.66905
2024-10-16 11:00:00,0.66905,0.66908,0.66843,0.66888
2024-10-16 12:00:00,0.6689,0.66929,0.66862,0.66876
2024-10-16 13:00:00,0.66876,0.66887,0.66799,0.66803
2024-10-16 14:00:00,0.66804,0.66866,0.66801,0.6685
2024-10-16 15:00:00,0.6685,0.66897,0.66731,0.66738
2024-10-16 16:00:00,0.66737,0.66774,0.66701,0.66741
2024-10-16 17:00:00,0.66741,0.66747,0.66625,0.66676
2024-10-16 18:00:00,0.66678,0.66688,0.6658,0.66614
2024-10-16 19:00:00,0.66615,0.66669,0.66595,0.66667
2024-10-16 20:00:00,0.66668,0.66673,0.66636,0.66662
2024-10-16 21:00:00,0.66662,0.66669,0.66629,0.66641
2024-10-16 22:00:00,0.66642,0.6665,0.6662,0.6665
2024-10-16 23:00:00,0.66651,0.66674,0.66642,0.66656
2024-10-17 00:00:00,0.66628,0.66663,0.66517,0.66649
2024-10-17 01:00:00,0.66646,0.66673,0.66594,0.66619
2024-10-17 02:00:00,0.66619,0.66649,0.66589,0.66642
2024-10-17 03:00:00,0.66642,0.66944,0.66632,0.6693
2024-10-17 04:00:00,0.66929,0.67045,0.66919,0.67032
2024-10-17 05:00:00,0.67033,0.671,0.66868,0.66968
2024-10-17 06:00:00,0.66969,0.66976,0.66814,0.6686
2024-10-17 07:00:00,0.66861,0.66921,0.66839,0.6689
2024-10-17 08:00:00,0.66891,0.66948,0.66868,0.66884
2024-10-17 09:00:00,0.66881,0.66901,0.66806,0.66818
2024-10-17 10:00:00,0.66817,0.66822,0.66717,0.66772
2024-10-17 11:00:00,0.6677,0.66811,0.66749,0.66779
2024-10-17 12:00:00,0.66779,0.66908,0.66778,0.6688
2024-10-17 13:00:00,0.66879,0.6696,0.66877,0.66959
2024-10-17 14:00:00,0.66958,0.67012,0.66955,0.66959
2024-10-17 15:00:00,0.66959,0.66972,0.66796,0.66901
2024-10-17 16:00:00,0.66898,0.66949,0.66821,0.66899
2024-10-17 17:00:00,0.669,0.67023,0.6682,0.66983
2024-10-17 18:00:00,0.66983,0.67088,0.66947,0.67009
2024-10-17 19:00:00,0.67012,0.67024,0.66922,0.66991
2024-10-17 20:00:00,0.66993,0.67019,0.66934,0.66992
2024-10-17 21:00:00,0.66993,0.66997,0.66938,0.66946
2024-10-17 22:00:00,0.66946,0.66968,0.66924,0.66946
2024-10-17 23:00:00,0.66947,0.66967,0.66929,0.66953
2024-10-18 00:00:00,0.66928,0.6696,0.66915,0.66954
2024-10-18 01:00:00,0.66952,0.66991,0.66951,0.6696
2024-10-18 02:00:00,0.6696,0.67011,0.66939,0.66989
2024-10-18 03:00:00,0.66989,0.67037,0.66937,0.66976
2024-10-18 04:00:00,0.66976,0.67069,0.66976,0.67039
2024-10-18 05:00:00,0.67044,0.67178,0.67011,0.67094
2024-10-18 06:00:00,0.67092,0.67112,0.67014,0.67044
2024-10-18 07:00:00,0.67044,0.67064,0.67008,0.67022
2024-10-18 08:00:00,0.67022,0.67082,0.66977,0.67075
2024-10-18 09:00:00,0.67071,0.67153,0.67037,0.67117
2024-10-18 10:00:00,0.67116,0.67175,0.67098,0.67135
2024-10-18 11:00:00,0.67135,0.67165,0.67113,0.67116
2024-10-18 12:00:00,0.67116,0.67146,0.67093,0.67111
2024-10-18 13:00:00,0.67111,0.67132,0.67062,0.67124
2024-10-18 14:00:00,0.67124,0.67134,0.67095,0.67113
2024-10-18 15:00:00,0.67114,0.67156,0.67088,0.67126
2024-10-18 16:00:00,0.67125,0.6719,0.67089,0.67098
2024-10-18 17:00:00,0.67098,0.67114,0.67034,0.67056
2024-10-18 18:00:00,0.67058,0.67065,0.6698,0.66986
2024-10-18 19:00:00,0.66987,0.67101,0.66975,0.67086
2024-10-18 20:00:00,0.67086,0.6709,0.66995,0.67027
2024-10-18 21:00:00,0.67027,0.67061,0.67005,0.67034
2024-10-18 22:00:00,0.67032,0.67036,0.67005,0.67026
2024-10-18 23:00:00,0.67026,0.67063,0.67018,0.67056
2024-10-21 00:00:00,0.6705,0.6705,0.66994,0.67033
2024-10-21 01:00:00,0.67036,0.67146,0.6702,0.67145
2024-10-21 02:00:00,0.67145,0.67151,0.67076,0.67133
2024-10-21 03:00:00,0.67134,0.67159,0.67048,0.67074
2024-10-21 04:00:00,0.67074,0.67229,0.67071,0.67141
2024-10-21 05:00:00,0.67137,0.67195,0.67124,0.6714
2024-10-21 06:00:00,0.67137,0.67185,0.67133,0.67162
2024-10-21 07:00:00,0.67161,0.67174,0.67027,0.67039
2024-10-21 08:00:00,0.6704,0.67055,0.66951,0.66992
2024-10-21 09:00:00,0.66991,0.66991,0.66817,0.66854
2024-10-21 10:00:00,0.66853,0.66933,0.66853,0.66885
2024-10-21 11:00:00,0.66884,0.66926,0.66866,0.66908
2024-10-21 12:00:00,0.66907,0.66926,0.66814,0.66822
2024-10-21 13:00:00,0.6682,0.66841,0.66794,0.66816
2024-10-21 14:00:00,0.66817,0.66886,0.66816,0.66872
2024-10-21 15:00:00,0.66872,0.66988,0.66847,0.66917
2024-10-21 16:00:00,0.66915,0.66944,0.66859,0.669
2024-10-21 17:00:00,0.669,0.66905,0.66713,0.66716
2024-10-21 18:00:00,0.66715,0.66718,0.6655,0.66584
2024-10-21 19:00:00,0.66583,0.66601,0.66547,0.66595
2024-10-21 20:00:00,0.66595,0.66626,0.66584,0.66611
2024-10-21 21:00:00,0.6661,0.66621,0.66527,0.66537
2024-10-21 22:00:00,0.66536,0.66601,0.66534,0.66575
2024-10-21 23:00:00,0.66575,0.6659,0.66558,0.66583
2024-10-22 00:00:00,0.66596,0.6661,0.66522,0.66565
2024-10-22 01:00:00,0.66551,0.66593,0.66519,0.66521
2024-10-22 02:00:00,0.66522,0.6656,0.66517,0.66536
2024-10-22 03:00:00,0.66534,0.66587,0.66504,0.66546
2024-10-22 04:00:00,0.66547,0.66657,0.66543,0.66645
2024-10-22 05:00:00,0.66644,0.66718,0.66643,0.66684
2024-10-22 06:00:00,0.66681,0.66849,0.66678,0.66839
2024-10-22 07:00:00,0.66839,0.66882,0.6681,0.66859
2024-10-22 08:00:00,0.66859,0.66903,0.66802,0.66804
2024-10-22 09:00:00,0.66806,0.66919,0.66805,0.66831
2024-10-22 10:00:00,0.6683,0.66876,0.66794,0.66812
2024-10-22 11:00:00,0.6681,0.66854,0.6678,0.66783
2024-10-22 12:00:00,0.66784,0.66845,0.66772,0.66798
2024-10-22 13:00:00,0.66797,0.66871,0.66796,0.66838
2024-10-22 14:00:00,0.66839,0.66873,0.66819,0.66839
2024-10-22 15:00:00,0.6684,0.66903,0.66823,0.66849
2024-10-22 16:00:00,0.66849,0.66944,0.66811,0.6684
2024-10-22 17:00:00,0.66837,0.66856,0.66791,0.66818
2024-10-22 18:00:00,0.66818,0.66842,0.66767,0.66781
2024-10-22 19:00:00,0.6678,0.66827,0.66757,0.66826
2024-10-22 20:00:00,0.66826,0.66901,0.66815,0.66886
2024-10-22 21:00:00,0.66887,0.66891,0.66806,0.66806
2024-10-22 22:00:00,0.66805,0.6685,0.66789,0.66806
2024-10-22 23:00:00,0.66807,0.66826,0.66782,0.66806
2024-10-23 00:00:00,0.66793,0.66833,0.66775,0.66824
2024-10-23 01:00:00,0.66821,0.66848,0.66807,0.6682
2024-10-23 02:00:00,0.66824,0.6683,0.66794,0.66812
2024-10-23 03:00:00,0.66811,0.66893,0.66688,0.66701
2024-10-23 04:00:00,0.66702,0.66782,0.66622,0.6677
2024-10-23 05:00:00,0.6677,0.66873,0.66767,0.66842
2024-10-23 06:00:00,0.66842,0.66911,0.66796,0.66799
2024-10-23 07:00:00,0.66796,0.66807,0.66742,0.66761
2024-10-23 08:00:00,0.66762,0.66791,0.66731,0.66765
2024-10-23 09:00:00,0.66765,0.66768,0.66615,0.66638
2024-10-23 10:00:00,0.66639,0.66684,0.66615,0.66621
2024-10-23 11:00:00,0.66621,0.66634,0.66579,0.66581
2024-10-23 12:00:00,0.66581,0.66592,0.66546,0.66551
2024-10-23 13:00:00,0.66551,0.66576,0.66491,0.66499
2024-10-23 14:00:00,0.66498,0.66514,0.66348,0.66364
2024-10-23 15:00:00,0.66364,0.66366,0.66287,0.66345
2024-10-23 16:00:00,0.66345,0.66424,0.6634,0.66382
2024-10-23 17:00:00,0.66382,0.664,0.66293,0.66349
2024-10-23 18:00:00,0.66348,0.66361,0.66277,0.66307
2024-10-23 19:00:00,0.66307,0.66307,0.66248,0.66267
2024-10-23 20:00:00,0.66265,0.66265,0.66202,0.66211
2024-10-23 21:00:00,0.66208,0.6626,0.66137,0.6624
2024-10-23 22:00:00,0.66241,0.66336,0.66237,0.66333
2024-10-23 23:00:00,0.66335,0.66353,0.66316,0.66326
2024-10-24 00:00:00,0.6628,0.6635,0.66268,0.66342
2024-10-24 01:00:00,0.66342,0.66368,0.66314,0.66318
2024-10-24 02:00:00,0.6632,0.66353,0.66306,0.6634
2024-10-24 03:00:00,0.6634,0.66407,0.6629,0.66406
2024-10-24 04:00:00,0.66406,0.66417,0.66361,0.66381
2024-10-24 05:00:00,0.66381,0.66473,0.66358,0.66436
2024-10-24 06:00:00,0.66436,0.66503,0.66426,0.66452
2024-10-24 07:00:00,0.66452,0.66482,0.66433,0.66467
2024-10-24 08:00:00,0.66466,0.66469,0.66421,0.66434
2024-10-24 09:00:00,0.66431,0.66512,0.66412,0.66503
2024-10-24 10:00:00,0.66502,0.66597,0.66482,0.66564
2024-10-24 11:00:00,0.66563,0.66582,0.66531,0.66547
2024-10-24 12:00:00,0.66546,0.66578,0.66514,0.6654
2024-10-24 13:00:00,0.66544,0.66609,0.66535,0.66555
2024-10-24 14:00:00,0.66552,0.66588,0.6651,0.66535
2024-10-24 15:00:00,0.66535,0.66576,0.6645,0.66502
2024-10-24 16:00:00,0.66503,0.66527,0.66407,0.66444
2024-10-24 17:00:00,0.66445,0.66479,0.66281,0.66327
2024-10-24 18:00:00,0.66327,0.66341,0.66227,0.66281
2024-10-24 19:00:00,0.66281,0.66331,0.66207,0.66315
2024-10-24 20:00:00,0.66312,0.66436,0.6631,0.66358
2024-10-24 21:00:00,0.66358,0.66411,0.66341,0.66384
2024-10-24 22:00:00,0.66384,0.66415,0.66362,0.66403
2024-10-24 23:00:00,0.66406,0.66409,0.66376,0.66392
2024-10-25 00:00:00,0.66402,0.66414,0.66284,0.66386
2024-10-25 01:00:00,0.6638,0.66395,0.66322,0.66323
2024-10-25 02:00:00,0.66322,0.66344,0.66298,0.66342
2024-10-25 03:00:00,0.66343,0.66357,0.66281,0.66337
2024-10-25 04:00:00,0.66336,0.6637,0.66301,0.66319
2024-10-25 05:00:00,0.66319,0.66382,0.66296,0.66368
2024-10-25 06:00:00,0.66368,0.66368,0.66212,0.66225
2024-10-25 07:00:00,0.66225,0.66239,0.66172,0.66198
2024-10-25 08:00:00,0.66197,0.66262,0.66196,0.6624
2024-10-25 09:00:00,0.66244,0.66278,0.66216,0.66248
2024-10-25 10:00:00,0.6625,0.66301,0.66233,0.66282
2024-10-25 11:00:00,0.66279,0.66304,0.66246,0.66272
2024-10-25 12:00:00,0.66273,0.66336,0.66266,0.66297
2024-10-25 13:00:00,0.66297,0.66318,0.66276,0.66291
2024-10-25 14:00:00,0.6629,0.66366,0.66261,0.66343
2024-10-25 15:00:00,0.66343,0.66464,0.66309,0.66448
2024-10-25 16:00:00,0.66448,0.66456,0.66348,0.66354
2024-10-25 17:00:00,0.66353,0.66421,0.66324,0.66392
2024-10-25 18:00:00,0.66393,0.66408,0.66199,0.66202
2024-10-25 19:00:00,0.66202,0.66202,0.66111,0.66121
2024-10-25 20:00:00,0.66122,0.66124,0.66028,0.66049
2024-10-25 21:00:00,0.66049,0.66093,0.66008,0.66068
2024-10-25 22:00:00,0.66069,0.6608,0.66014,0.66027
2024-10-25 23:00:00,0.66028,0.66051,0.66018,0.66031
2024-10-28 00:00:00,0.66107,0.66107,0.66031,0.66055
2024-10-28 01:00:00,0.66055,0.66104,0.66009,0.66025
2024-10-28 02:00:00,0.66025,0.66077,0.65972,0.65979
2024-10-28 03:00:00,0.65978,0.66029,0.65943,0.6598
2024-10-28 04:00:00,0.65979,0.66009,0.6595,0.6597
2024-10-28 05:00:00,0.65969,0.65985,0.65808,0.65822
2024-10-28 06:00:00,0.65821,0.65904,0.65792,0.65897
2024-10-28 07:00:00,0.65898,0.65914,0.65858,0.65887
2024-10-28 08:00:00,0.65887,0.65974,0.65883,0.65957
2024-10-28 09:00:00,0.65961,0.66021,0.65954,0.6598
2024-10-28 10:00:00,0.65978,0.66053,0.65948,0.66047
2024-10-28 11:00:00,0.66047,0.66061,0.65988,0.66008
2024-10-28 12:00:00,0.66006,0.66064,0.65999,0.6605
2024-10-28 13:00:00,0.6605,0.66099,0.66041,0.66065
2024-10-28 14:00:00,0.66065,0.66088,0.66041,0.66071
2024-10-28 15:00:00,0.66069,0.66092,0.66027,0.66051
2024-10-28 16:00:00,0.6605,0.66068,0.65967,0.66034
2024-10-28 17:00:00,0.66035,0.66037,0.65852,0.65858
2024-10-28 18:00:00,0.65857,0.65913,0.6583,0.65836
2024-10-28 19:00:00,0.65836,0.65874,0.65805,0.65824
2024-10-28 20:00:00,0.65825,0.65844,0.65797,0.65805
2024-10-28 21:00:00,0.65804,0.65861,0.658,0.65828
2024-10-28 22:00:00,0.65827,0.65843,0.65816,0.65821
2024-10-28 23:00:00,0.65826,0.65853,0.65802,0.65819
2024-10-29 00:00:00,0.65817,0.65831,0.65795,0.65806
2024-10-29 01:00:00,0.65806,0.65834,0.65779,0.65829
2024-10-29 02:00:00,0.65829,0.65834,0.65715,0.65754
2024-10-29 03:00:00,0.65754,0.65843,0.65741,0.65785
2024-10-29 04:00:00,0.65785,0.65838,0.65752,0.6578
2024-10-29 05:00:00,0.65781,0.65792,0.65613,0.65632
2024-10-29 06:00:00,0.65632,0.65658,0.65598,0.65642
2024-10-29 07:00:00,0.65643,0.65673,0.65606,0.65639
2024-10-29 08:00:00,0.65639,0.65703,0.65637,0.65694
2024-10-29 09:00:00,0.65692,0.65705,0.6564,0.65646
2024-10-29 10:00:00,0.65646,0.65805,0.65585,0.65752
2024-10-29 11:00:00,0.65752,0.65797,0.65712,0.65737
2024-10-29 12:00:00,0.65737,0.65749,0.65713,0.65728
2024-10-29 13:00:00,0.65728,0.65732,0.65605,0.65621
2024-10-29 14:00:00,0.65621,0.65621,0.65534,0.65573
2024-10-29 15:00:00,0.65572,0.65609,0.65489,0.65572
2024-10-29 16:00:00,0.65678,0.65723,0.65552,0.65601
2024-10-29 17:00:00,0.65602,0.65609,0.65447,0.65559
2024-10-29 18:00:00,0.65559,0.65599,0.6549,0.65527
2024-10-29 19:00:00,0.65524,0.65615,0.65517,0.65546
2024-10-29 20:00:00,0.65546,0.65568,0.6552,0.65555
2024-10-29 21:00:00,0.65556,0.65581,0.65523,0.65556
2024-10-29 22:00:00,0.65555,0.65607,0.65552,0.65595
2024-10-29 23:00:00,0.6558,0.65624,0.65567,0.6558
2024-10-30 00:00:00,0.65579,0.65609,0.65566,0.65603
2024-10-30 01:00:00,0.65603,0.65611,0.65572,0.65578
2024-10-30 02:00:00,0.65578,0.65667,0.65536,0.65609
2024-10-30 03:00:00,0.65609,0.65703,0.65605,0.65646
2024-10-30 04:00:00,0.65646,0.65652,0.65532,0.65553
2024-10-30 05:00:00,0.65553,0.65554,0.65366,0.65402
2024-10-30 06:00:00,0.65401,0.65448,0.65372,0.65423
2024-10-30 07:00:00,0.65422,0.65446,0.65378,0.65416
2024-10-30 08:00:00,0.65416,0.65579,0.65413,0.65553
2024-10-30 09:00:00,0.6555,0.65611,0.65523,0.65592
2024-10-30 10:00:00,0.6559,0.65833,0.6559,0.65795
2024-10-30 11:00:00,0.65801,0.65833,0.65737,0.65768
2024-10-30 12:00:00,0.65769,0.65846,0.65747,0.65774
2024-10-30 13:00:00,0.65775,0.65795,0.65735,0.65758
2024-10-30 14:00:00,0.65755,0.658,0.65635,0.65728
2024-10-30 15:00:00,0.65727,0.65909,0.65658,0.65881
2024-10-30 16:00:00,0.65881,0.65955,0.6577,0.65786
2024-10-30 17:00:00,0.65786,0.65843,0.65735,0.65815
2024-10-30 18:00:00,0.65815,0.65829,0.65756,0.65783
2024-10-30 19:00:00,0.65783,0.65793,0.65747,0.6578
2024-10-30 20:00:00,0.6578,0.6584,0.65773,0.65802
2024-10-30 21:00:00,0.65804,0.65804,0.65744,0.65754
2024-10-30 22:00:00,0.65754,0.65773,0.65701,0.65705
2024-10-30 23:00:00,0.65703,0.65763,0.65695,0.65714
2024-10-31 00:00:00,0.65713,0.65718,0.65683,0.65712
2024-10-31 01:00:00,0.65714,0.65746,0.65708,0.65721
2024-10-31 02:00:00,0.65721,0.65744,0.6564,0.65645
2024-10-31 03:00:00,0.65644,0.65747,0.65638,0.65659
2024-10-31 04:00:00,0.65659,0.65764,0.65653,0.65738
2024-10-31 05:00:00,0.65739,0.65743,0.65687,0.65708
2024-10-31 06:00:00,0.65706,0.6572,0.65669,0.65684
2024-10-31 07:00:00,0.65679,0.65765,0.65669,0.65744
2024-10-31 08:00:00,0.65744,0.65756,0.65714,0.65742
2024-10-31 09:00:00,0.65739,0.65786,0.65713,0.65757
2024-10-31 10:00:00,0.65758,0.65771,0.65701,0.6571
2024-10-31 11:00:00,0.65709,0.65727,0.65664,0.65682
2024-10-31 12:00:00,0.6568,0.65709,0.65631,0.65646
2024-10-31 13:00:00,0.65647,0.6571,0.65608,0.65709
2024-10-31 14:00:00,0.65709,0.65764,0.6564,0.6575
2024-10-31 15:00:00,0.65749,0.65753,0.65459,0.65483
2024-10-31 16:00:00,0.65483,0.65576,0.65421,0.65462
2024-10-31 17:00:00,0.65462,0.65518,0.65392,0.6549
2024-10-31 18:00:00,0.65489,0.6563,0.65486,0.65604
2024-10-31 19:00:00,0.65604,0.65678,0.656,0.65668
2024-10-31 20:00:00,0.65668,0.65756,0.65654,0.65744
2024-10-31 21:00:00,0.65745,0.65802,0.65728,0.65797
2024-10-31 22:00:00,0.65797,0.65838,0.65793,0.65802
2024-10-31 23:00:00,0.65796,0.65812,0.65769,0.6579
2024-11-01 00:00:00,0.65809,0.65836,0.65777,0.65777
2024-11-01 01:00:00,0.65777,0.65822,0.65761,0.65761
2024-11-01 02:00:00,0.65761,0.65779,0.65711,0.6572
2024-11-01 03:00:00,0.6572,0.65831,0.65705,0.65761
2024-11-01 04:00:00,0.6576,0.65781,0.65684,0.65781
2024-11-01 05:00:00,0.65781,0.65817,0.65772,0.65773
2024-11-01 06:00:00,0.65773,0.65796,0.65745,0.65756
2024-11-01 07:00:00,0.65758,0.65766,0.65621,0.65651
2024-11-01 08:00:00,0.65651,0.65669,0.65571,0.65607
2024-11-01 09:00:00,0.65603,0.65627,0.65573,0.6559
2024-11-01 10:00:00,0.6559,0.65658,0.65557,0.65642
2024-11-01 11:00:00,0.65642,0.65691,0.6564,0.65655
2024-11-01 12:00:00,0.65655,0.65657,0.65608,0.65641
2024-11-01 13:00:00,0.65641,0.65679,0.65595,0.65665
2024-11-01 14:00:00,0.65666,0.65909,0.65582,0.65841
2024-11-01 15:00:00,0.6584,0.65886,0.65741,0.65798
2024-11-01 16:00:00,0.65842,0.65842,0.65685,0.65762
2024-11-01 17:00:00,0.65762,0.65851,0.65706,0.65823
2024-11-01 18:00:00,0.65816,0.65832,0.65721,0.65758
2024-11-01 19:00:00,0.65759,0.65765,0.6561,0.65616
2024-11-01 20:00:00,0.65614,0.65652,0.65581,0.65593
2024-11-01 21:00:00,0.65592,0.65621,0.65534,0.65557
2024-11-01 22:00:00,0.65559,0.65598,0.65548,0.65583
2024-11-04 00:00:00,0.66067,0.6609,0.6586,0.65891
2024-11-04 01:00:00,0.65892,0.65967,0.65844,0.65903
2024-11-04 02:00:00,0.65904,0.65995,0.65847,0.65993
2024-11-04 03:00:00,0.65993,0.66063,0.65962,0.66021
2024-11-04 04:00:00,0.66021,0.66084,0.65978,0.66023
2024-11-04 05:00:00,0.66023,0.66186,0.66014,0.66136
2024-11-04 06:00:00,0.66134,0.66137,0.66072,0.66088
2024-11-04 07:00:00,0.66089,0.66111,0.66012,0.66108
2024-11-04 08:00:00,0.66109,0.66116,0.65975,0.65987
2024-11-04 09:00:00,0.65988,0.65989,0.65851,0.65852
2024-11-04 10:00:00,0.65852,0.65933,0.65837,0.65887
2024-11-04 11:00:00,0.65886,0.65941,0.65858,0.65934
2024-11-04 12:00:00,0.65935,0.65948,0.65866,0.65947
2024-11-04 13:00:00,0.65947,0.66044,0.65928,0.66038
2024-11-04 14:00:00,0.66037,0.66054,0.65968,0.66002
2024-11-04 15:00:00,0.66002,0.66038,0.65892,0.65952
2024-11-04 16:00:00,0.65951,0.66041,0.65935,0.66025
2024-11-04 17:00:00,0.66025,0.66106,0.65987,0.65994
2024-11-04 18:00:00,0.65994,0.66009,0.65801,0.65831
2024-11-04 19:00:00,0.65832,0.6592,0.65793,0.6592
2024-11-04 20:00:00,0.65921,0.65924,0.65824,0.65907
2024-11-04 21:00:00,0.65907,0.65922,0.65857,0.65867
2024-11-04 22:00:00,0.65868,0.6589,0.6583,0.65838
2024-11-04 23:00:00,0.65839,0.65858,0.65828,0.65835
2024-11-05 00:00:00,0.65839,0.65872,0.65778,0.65843
2024-11-05 01:00:00,0.65846,0.6589,0.65827,0.65834
2024-11-05 02:00:00,0.65834,0.65846,0.65785,0.65831
2024-11-05 03:00:00,0.6583,0.65922,0.65795,0.65906
2024-11-05 04:00:00,0.65907,0.65936,0.65861,0.65884
2024-11-05 05:00:00,0.65883,0.65977,0.65842,0.65846
2024-11-05 06:00:00,0.65844,0.65966,0.65836,0.65934
2024-11-05 07:00:00,0.65932,0.66005,0.65923,0.65969
2024-11-05 08:00:00,0.65966,0.66036,0.65957,0.66028
2024-11-05 09:00:00,0.66029,0.66127,0.66026,0.66095
2024-11-05 10:00:00,0.66095,0.66196,0.66081,0.66179
2024-11-05 11:00:00,0.66179,0.66194,0.66151,0.66165
2024-11-05 12:00:00,0.66166,0.6619,0.6615,0.66185
2024-11-05 13:00:00,0.66184,0.66257,0.66184,0.66236
2024-11-05 14:00:00,0.66236,0.66255,0.66222,0.66236
2024-11-05 15:00:00,0.66235,0.66303,0.66216,0.66261
2024-11-05 16:00:00,0.66257,0.66374,0.66234,0.66313
2024-11-05 17:00:00,0.66228,0.66377,0.66228,0.66334
2024-11-05 18:00:00,0.66334,0.66411,0.66305,0.66306
2024-11-05 19:00:00,0.66306,0.66366,0.66287,0.66335
2024-11-05 20:00:00,0.66336,0.6639,0.6633,0.66339
2024-11-05 21:00:00,0.66339,0.66387,0.66315,0.66346
2024-11-05 22:00:00,0.66343,0.66368,0.66316,0.66359
2024-11-05 23:00:00,0.66355,0.66391,0.6634,0.66359
2024-11-06 00:00:00,0.66354,0.66371,0.66271,0.66278
2024-11-06 01:00:00,0.66277,0.66443,0.66251,0.66399
2024-11-06 02:00:00,0.664,0.66414,0.65874,0.65903
2024-11-06 03:00:00,0.65908,0.65984,0.65794,0.65926
2024-11-06 04:00:00,0.65926,0.65954,0.65494,0.65517
2024-11-06 05:00:00,0.65518,0.65568,0.65121,0.65171
2024-11-06 06:00:00,0.65171,0.65437,0.65154,0.65425
2024-11-06 07:00:00,0.65426,0.65637,0.65393,0.65478
2024-11-06 08:00:00,0.65477,0.65494,0.65203,0.65371
2024-11-06 09:00:00,0.65374,0.65557,0.65355,0.65484
2024-11-06 10:00:00,0.65481,0.65941,0.65465,0.65871
2024-11-06 11:00:00,0.65869,0.65888,0.65747,0.65857
2024-11-06 12:00:00,0.65855,0.65959,0.65803,0.6581
2024-11-06 13:00:00,0.65809,0.65817,0.65513,0.65557
2024-11-06 14:00:00,0.65561,0.65682,0.6552,0.65665
2024-11-06 15:00:00,0.65662,0.65686,0.65509,0.65563
2024-11-06 16:00:00,0.65563,0.6563,0.65472,0.65523
2024-11-06 17:00:00,0.65523,0.65798,0.65523,0.65738
2024-11-06 18:00:00,0.65738,0.65783,0.65627,0.65723
2024-11-06 19:00:00,0.65723,0.65769,0.65624,0.65687
2024-11-06 20:00:00,0.65687,0.65929,0.65683,0.65893
2024-11-06 21:00:00,0.65894,0.65903,0.65788,0.65824
2024-11-06 22:00:00,0.65825,0.65858,0.6571,0.65715
2024-11-06 23:00:00,0.65711,0.65724,0.65634,0.65656
2024-11-07 00:00:00,0.65613,0.65705,0.65607,0.65672
2024-11-07 01:00:00,0.65671,0.65716,0.65623,0.65665
2024-11-07 02:00:00,0.65662,0.65729,0.65638,0.65688
2024-11-07 03:00:00,0.65687,0.65836,0.65676,0.65813
2024-11-07 04:00:00,0.65814,0.66143,0.65814,0.6612
2024-11-07 05:00:00,0.66121,0.66225,0.66073,0.66205
2024-11-07 06:00:00,0.66205,0.66244,0.66163,0.66208
2024-11-07 07:00:00,0.66209,0.66275,0.66175,0.66228
2024-11-07 08:00:00,0.66225,0.66268,0.66167,0.66253
2024-11-07 09:00:00,0.66247,0.66368,0.66215,0.66226
2024-11-07 10:00:00,0.66226,0.66371,0.66207,0.66349
2024-11-07 11:00:00,0.66347,0.66374,0.66286,0.66292
2024-11-07 12:00:00,0.66291,0.66317,0.66244,0.66311
2024-11-07 13:00:00,0.6631,0.66323,0.66247,0.66305
2024-11-07 14:00:00,0.66305,0.66464,0.66293,0.66463
2024-11-07 15:00:00,0.66463,0.66634,0.66463,0.66626
2024-11-07 16:00:00,0.66629,0.66784,0.66572,0.66769
2024-11-07 17:00:00,0.6676,0.66873,0.66738,0.66853
2024-11-07 18:00:00,0.66852,0.66865,0.66647,0.66676
2024-11-07 19:00:00,0.66677,0.66768,0.66637,0.66764
2024-11-07 20:00:00,0.66767,0.66777,0.66665,0.66685
2024-11-07 21:00:00,0.667,0.66756,0.66525,0.66673
2024-11-07 22:00:00,0.66669,0.66846,0.6666,0.66768
2024-11-07 23:00:00,0.66765,0.668,0.66722,0.66722
2024-11-08 00:00:00,0.66716,0.66797,0.66712,0.66747
2024-11-08 01:00:00,0.66742,0.66784,0.66714,0.66745
2024-11-08 02:00:00,0.66746,0.66753,0.66659,0.66666
2024-11-08 03:00:00,0.6667,0.6668,0.66559,0.66605
2024-11-08 04:00:00,0.66604,0.66635,0.66553,0.6656
2024-11-08 05:00:00,0.66559,0.6659,0.66453,0.66475
2024-11-08 06:00:00,0.66475,0.6655,0.66448,0.66536
2024-11-08 07:00:00,0.66537,0.66569,0.6649,0.6654
2024-11-08 08:00:00,0.6654,0.66554,0.66467,0.66552
2024-11-08 09:00:00,0.6655,0.66567,0.66463,0.66516
2024-11-08 10:00:00,0.66515,0.66535,0.66222,0.66441
2024-11-08 11:00:00,0.66441,0.66512,0.66404,0.66425
2024-11-08 12:00:00,0.66426,0.6643,0.66325,0.6638
2024-11-08 13:00:00,0.66384,0.66422,0.66314,0.66329
2024-11-08 14:00:00,0.66331,0.66334,0.66203,0.66248
2024-11-08 15:00:00,0.66247,0.66256,0.66047,0.66072
2024-11-08 16:00:00,0.66071,0.66146,0.66045,0.6608
2024-11-08 17:00:00,0.66067,0.661,0.65967,0.65999
2024-11-08 18:00:00,0.65997,0.65998,0.65699,0.65702
2024-11-08 19:00:00,0.65703,0.65762,0.65579,0.65759
2024-11-08 20:00:00,0.6576,0.65841,0.65674,0.6572
2024-11-08 21:00:00,0.65718,0.65799,0.65702,0.65789
2024-11-08 22:00:00,0.65785,0.65826,0.65741,0.6581
2024-11-08 23:00:00,0.65813,0.65861,0.65786,0.65798
2024-11-11 00:00:00,0.65774,0.65841,0.65724,0.65781
2024-11-11 01:00:00,0.65782,0.65862,0.65773,0.65836
2024-11-11 02:00:00,0.65836,0.65936,0.65819,0.65898
2024-11-11 03:00:00,0.65898,0.65979,0.65879,0.65899
2024-11-11 04:00:00,0.65899,0.65939,0.65842,0.65899
2024-11-11 05:00:00,0.659,0.65933,0.6588,0.65932
2024-11-11 06:00:00,0.65932,0.6595,0.65858,0.65923
2024-11-11 07:00:00,0.65923,0.65969,0.65898,0.65899
2024-11-11 08:00:00,0.65899,0.6594,0.65873,0.65925
2024-11-11 09:00:00,0.65925,0.65948,0.65745,0.65825
2024-11-11 10:00:00,0.65824,0.65835,0.65741,0.65805
2024-11-11 11:00:00,0.65806,0.65845,0.65751,0.65827
2024-11-11 12:00:00,0.65826,0.65894,0.65808,0.65828
2024-11-11 13:00:00,0.65828,0.65869,0.65784,0.65848
2024-11-11 14:00:00,0.65853,0.65866,0.65803,0.65805
2024-11-11 15:00:00,0.65805,0.65817,0.65652,0.65717
2024-11-11 16:00:00,0.65717,0.65806,0.6565,0.65698
2024-11-11 17:00:00,0.65698,0.65744,0.65652,0.65692
2024-11-11 18:00:00,0.65692,0.65753,0.65671,0.65706
2024-11-11 19:00:00,0.65706,0.65733,0.65648,0.65678
2024-11-11 20:00:00,0.65677,0.65711,0.65624,0.65704
2024-11-11 21:00:00,0.65704,0.65723,0.65675,0.6568
2024-11-11 22:00:00,0.65679,0.65721,0.65679,0.65718
2024-11-11 23:00:00,0.65716,0.65747,0.65706,0.65743
2024-11-12 00:00:00,0.65729,0.65758,0.65674,0.65737
2024-11-12 01:00:00,0.65736,0.65783,0.65713,0.65783
2024-11-12 02:00:00,0.65782,0.65783,0.65679,0.6573
2024-11-12 03:00:00,0.65731,0.65811,0.65602,0.65665
2024-11-12 04:00:00,0.65666,0.65666,0.65509,0.65545
2024-11-12 05:00:00,0.65545,0.65631,0.65502,0.65515
2024-11-12 06:00:00,0.65515,0.65542,0.65493,0.65542
2024-11-12 07:00:00,0.65552,0.65581,0.6549,0.65502
2024-11-12 08:00:00,0.65501,0.65558,0.65463,0.65542
2024-11-12 09:00:00,0.6554,0.65575,0.65448,0.65502
2024-11-12 10:00:00,0.65503,0.6554,0.65382,0.65496
2024-11-12 11:00:00,0.65496,0.65497,0.65365,0.65426
2024-11-12 12:00:00,0.65426,0.6544,0.65341,0.65393
2024-11-12 13:00:00,0.65393,0.65454,0.65381,0.65427
2024-11-12 14:00:00,0.65427,0.65527,0.65392,0.65519
2024-11-12 15:00:00,0.65517,0.65564,0.65434,0.65505
2024-11-12 16:00:00,0.65505,0.65505,0.65376,0.65398
2024-11-12 17:00:00,0.65397,0.65452,0.65337,0.65416
2024-11-12 18:00:00,0.65417,0.65443,0.65205,0.65209
2024-11-12 19:00:00,0.65209,0.65227,0.65138,0.65161
2024-11-12 20:00:00,0.65163,0.65313,0.65158,0.65308
2024-11-12 21:00:00,0.65307,0.65346,0.65297,0.65309
2024-11-12 22:00:00,0.65309,0.6539,0.65308,0.65352
2024-11-12 23:00:00,0.65352,0.65393,0.65311,0.65314
2024-11-13 00:00:00,0.65315,0.65342,0.65278,0.65306
2024-11-13 01:00:00,0.65301,0.65311,0.65262,0.65291
2024-11-13 02:00:00,0.65291,0.65294,0.65151,0.65233
2024-11-13 03:00:00,0.65233,0.65372,0.65229,0.65364
2024-11-13 04:00:00,0.65365,0.65385,0.65309,0.65374
2024-11-13 05:00:00,0.65376,0.65391,0.6531,0.65327
2024-11-13 06:00:00,0.6533,0.65369,0.65322,0.65354
2024-11-13 07:00:00,0.65355,0.65358,0.65285,0.65325
2024-11-13 08:00:00,0.65325,0.65351,0.65226,0.65256
2024-11-13 09:00:00,0.65252,0.65292,0.65202,0.6522
2024-11-13 10:00:00,0.65212,0.65256,0.65175,0.65236
2024-11-13 11:00:00,0.65235,0.65352,0.65185,0.65319
2024-11-13 12:00:00,0.65318,0.65318,0.65228,0.65241
2024-11-13 13:00:00,0.65241,0.65289,0.65198,0.65275
2024-11-13 14:00:00,0.65277,0.65309,0.65226,0.65232
2024-11-13 15:00:00,0.65231,0.65455,0.65168,0.65308
2024-11-13 16:00:00,0.65309,0.65327,0.64974,0.64991
2024-11-13 17:00:00,0.6499,0.65025,0.64797,0.64989
2024-11-13 18:00:00,0.6499,0.64998,0.64819,0.64845
2024-11-13 19:00:00,0.64845,0.64919,0.64819,0.64874
2024-11-13 20:00:00,0.64878,0.649,0.6483,0.64875
2024-11-13 21:00:00,0.64874,0.64949,0.64835,0.6484
2024-11-13 22:00:00,0.64839,0.64882,0.64801,0.64812
2024-11-13 23:00:00,0.6481,0.6487,0.64806,0.64848
2024-11-14 00:00:00,0.64845,0.64959,0.64786,0.64951
2024-11-14 01:00:00,0.64943,0.64967,0.64898,0.64933
2024-11-14 02:00:00,0.64932,0.64953,0.64823,0.64917
2024-11-14 03:00:00,0.64914,0.64917,0.64811,0.64839
2024-11-14 04:00:00,0.64838,0.64839,0.64706,0.64723
2024-11-14 05:00:00,0.64722,0.64822,0.64657,0.64694
2024-11-14 06:00:00,0.64694,0.64726,0.64634,0.64697
2024-11-14 07:00:00,0.64698,0.64698,0.64592,0.64636
2024-11-14 08:00:00,0.64636,0.64719,0.6463,0.6465
2024-11-14 09:00:00,0.6465,0.64794,0.64614,0.64729
2024-11-14 10:00:00,0.64732,0.64776,0.64696,0.64717
2024-11-14 11:00:00,0.64716,0.64757,0.64624,0.64635
2024-11-14 12:00:00,0.64635,0.6464,0.64533,0.64595
2024-11-14 13:00:00,0.64593,0.64688,0.64524,0.64673
2024-11-14 14:00:00,0.64672,0.6473,0.64629,0.64659
2024-11-14 15:00:00,0.64658,0.64773,0.64545,0.64641
2024-11-14 16:00:00,0.64637,0.64831,0.64635,0.64718
2024-11-14 17:00:00,0.64715,0.64867,0.64679,0.64803
2024-11-14 18:00:00,0.64803,0.64878,0.64708,0.64721
2024-11-14 19:00:00,0.64721,0.64774,0.64686,0.64773
2024-11-14 20:00:00,0.64773,0.64792,0.64673,0.64677
2024-11-14 21:00:00,0.64677,0.64742,0.64675,0.64696
2024-11-14 22:00:00,0.64701,0.64701,0.64403,0.64486
2024-11-14 23:00:00,0.64485,0.6455,0.64471,0.64534
2024-11-15 00:00:00,0.64483,0.64562,0.64452,0.64526
2024-11-15 01:00:00,0.64527,0.64552,0.6447,0.64547
2024-11-15 02:00:00,0.64548,0.64552,0.64451,0.64488
2024-11-15 03:00:00,0.64491,0.64569,0.64477,0.64537
2024-11-15 04:00:00,0.64538,0.64643,0.64535,0.64629
2024-11-15 05:00:00,0.64631,0.6467,0.64621,0.64625
2024-11-15 06:00:00,0.64625,0.64681,0.64615,0.64652
2024-11-15 07:00:00,0.64652,0.64678,0.64611,0.64624
2024-11-15 08:00:00,0.64621,0.64673,0.64543,0.6465
2024-11-15 09:00:00,0.64646,0.64699,0.64621,0.64641
2024-11-15 10:00:00,0.64639,0.64697,0.6456,0.64679
2024-11-15 11:00:00,0.64682,0.64751,0.64651,0.64657
2024-11-15 12:00:00,0.64658,0.64735,0.64623,0.64712
2024-11-15 13:00:00,0.64709,0.64784,0.64663,0.64744
2024-11-15 14:00:00,0.64744,0.64765,0.64666,0.64746
2024-11-15 15:00:00,0.64746,0.64809,0.64577,0.64626
2024-11-15 16:00:00,0.64626,0.64662,0.64427,0.64473
2024-11-15 17:00:00,0.64472,0.64599,0.64425,0.64594
2024-11-15 18:00:00,0.64594,0.64649,0.64557,0.64602
2024-11-15 19:00:00,0.64603,0.64677,0.64594,0.64626
2024-11-15 20:00:00,0.64627,0.64653,0.64557,0.64631
2024-11-15 21:00:00,0.64633,0.64642,0.64541,0.64553
2024-11-15 22:00:00,0.64552,0.64563,0.64499,0.64559
2024-11-15 23:00:00,0.64559,0.64637,0.64536,0.64608
2024-11-18 00:00:00,0.64579,0.64626,0.64557,0.64563
2024-11-18 01:00:00,0.64561,0.64645,0.64561,0.64645
2024-11-18 02:00:00,0.64644,0.64757,0.64605,0.64756
2024-11-18 03:00:00,0.64756,0.6478,0.64679,0.64714
2024-11-18 04:00:00,0.64714,0.64785,0.64679,0.6472
2024-11-18 05:00:00,0.6472,0.64763,0.64615,0.64648
2024-11-18 06:00:00,0.6465,0.64737,0.64634,0.64714
2024-11-18 07:00:00,0.64713,0.64713,0.64617,0.64657
2024-11-18 08:00:00,0.64656,0.64674,0.64608,0.64639
2024-11-18 09:00:00,0.64637,0.64637,0.64533,0.64561
2024-11-18 10:00:00,0.64563,0.64609,0.64524,0.64543
2024-11-18 11:00:00,0.64542,0.64632,0.64499,0.64591
2024-11-18 12:00:00,0.64588,0.64591,0.64538,0.64577
2024-11-18 13:00:00,0.64577,0.64578,0.64476,0.64517
2024-11-18 14:00:00,0.64517,0.64541,0.64481,0.64513
2024-11-18 15:00:00,0.64513,0.64649,0.64483,0.64643
2024-11-18 16:00:00,0.64644,0.64723,0.64623,0.64712
2024-11-18 17:00:00,0.64712,0.64867,0.647,0.64834
2024-11-18 18:00:00,0.64834,0.64961,0.64829,0.64956
2024-11-18 19:00:00,0.64958,0.65055,0.64911,0.65041
2024-11-18 20:00:00,0.65041,0.65088,0.65022,0.65085
2024-11-18 21:00:00,0.65084,0.65107,0.65025,0.65043
2024-11-18 22:00:00,0.65042,0.65077,0.65021,0.65067
2024-11-18 23:00:00,0.65062,0.65087,0.65045,0.6507
2024-11-19 00:00:00,0.65068,0.65074,0.65008,0.65061
2024-11-19 01:00:00,0.6506,0.65073,0.6502,0.65052
2024-11-19 02:00:00,0.65053,0.65054,0.64961,0.64978
2024-11-19 03:00:00,0.6498,0.65102,0.64957,0.65079
2024-11-19 04:00:00,0.65079,0.65134,0.65049,0.65079
2024-11-19 05:00:00,0.65078,0.65214,0.65073,0.65206
2024-11-19 06:00:00,0.65207,0.65234,0.65066,0.65073
2024-11-19 07:00:00,0.65073,0.6508,0.65023,0.65061
2024-11-19 08:00:00,0.65062,0.65174,0.65058,0.65153
2024-11-19 09:00:00,0.65153,0.65156,0.65055,0.65101
2024-11-19 10:00:00,0.65101,0.65173,0.64977,0.65013
2024-11-19 11:00:00,0.65012,0.65047,0.6482,0.64891
2024-11-19 12:00:00,0.64891,0.65012,0.64879,0.64965
2024-11-19 13:00:00,0.64966,0.6499,0.64904,0.64927
2024-11-19 14:00:00,0.64929,0.65005,0.64925,0.65005
2024-11-19 15:00:00,0.65005,0.65159,0.64996,0.65022
2024-11-19 16:00:00,0.65017,0.65159,0.6497,0.65056
2024-11-19 17:00:00,0.65056,0.65205,0.65019,0.65202
2024-11-19 18:00:00,0.65203,0.65268,0.65169,0.65217
2024-11-19 19:00:00,0.65215,0.65274,0.65198,0.65204
2024-11-19 20:00:00,0.65202,0.65301,0.6514,0.6529
2024-11-19 21:00:00,0.65292,0.65317,0.65252,0.653
2024-11-19 22:00:00,0.653,0.65325,0.65273,0.65307
2024-11-19 23:00:00,0.65306,0.65336,0.65302,0.65307
2024-11-20 00:00:00,0.65286,0.65316,0.65199,0.65309
2024-11-20 01:00:00,0.65305,0.65409,0.65305,0.65408
2024-11-20 02:00:00,0.65408,0.65441,0.65327,0.65344
2024-11-20 03:00:00,0.65346,0.65364,0.65283,0.65352
2024-11-20 04:00:00,0.65352,0.65376,0.6531,0.65311
2024-11-20 05:00:00,0.65311,0.65335,0.65224,0.65254
2024-11-20 06:00:00,0.65255,0.65281,0.65234,0.6527
2024-11-20 07:00:00,0.65271,0.65291,0.65217,0.65223
2024-11-20 08:00:00,0.65222,0.65315,0.65209,0.65257
2024-11-20 09:00:00,0.65251,0.65304,0.65192,0.65201
2024-11-20 10:00:00,0.652,0.65223,0.65142,0.65151
2024-11-20 11:00:00,0.65149,0.65186,0.65079,0.65111
2024-11-20 12:00:00,0.6511,0.65139,0.65009,0.65033
2024-11-20 13:00:00,0.65033,0.65041,0.6497,0.65016
2024-11-20 14:00:00,0.65017,0.65088,0.65002,0.6507
2024-11-20 15:00:00,0.6507,0.65112,0.65005,0.65022
2024-11-20 16:00:00,0.65023,0.65032,0.64848,0.64857
2024-11-20 17:00:00,0.64859,0.64949,0.64848,0.64901
2024-11-20 18:00:00,0.64901,0.64952,0.6484,0.64921
2024-11-20 19:00:00,0.6492,0.65022,0.64899,0.64977
2024-11-20 20:00:00,0.64979,0.64991,0.649,0.64955
2024-11-20 21:00:00,0.64956,0.64994,0.64934,0.64955
2024-11-20 22:00:00,0.64954,0.6502,0.64935,0.6502
2024-11-20 23:00:00,0.65018,0.65062,0.65008,0.65043
2024-11-21 00:00:00,0.6504,0.65065,0.64971,0.65055
2024-11-21 01:00:00,0.65053,0.65118,0.65041,0.65114
2024-11-21 02:00:00,0.65114,0.65139,0.65062,0.65123
2024-11-21 03:00:00,0.65123,0.65183,0.65104,0.65148
2024-11-21 04:00:00,0.65152,0.65176,0.65116,0.65136
2024-11-21 05:00:00,0.65135,0.65228,0.65104,0.65224
2024-11-21 06:00:00,0.65225,0.65234,0.65145,0.65162
2024-11-21 07:00:00,0.65161,0.65184,0.65106,0.65109
2024-11-21 08:00:00,0.65109,0.65204,0.65105,0.65148
2024-11-21 09:00:00,0.65148,0.65183,0.65088,0.65124
2024-11-21 10:00:00,0.65127,0.6521,0.65114,0.65193
2024-11-21 11:00:00,0.65189,0.65214,0.65058,0.65088
2024-11-21 12:00:00,0.65089,0.6516,0.65078,0.65112
2024-11-21 13:00:00,0.65112,0.65244,0.65102,0.65177
2024-11-21 14:00:00,0.65178,0.65295,0.65166,0.65242
2024-11-21 15:00:00,0.65242,0.6529,0.65151,0.65255
2024-11-21 16:00:00,0.65257,0.65277,0.65167,0.6527
2024-11-21 17:00:00,0.65269,0.65321,0.65132,0.65148
2024-11-21 18:00:00,0.65148,0.65164,0.64998,0.65012
2024-11-21 19:00:00,0.65012,0.65168,0.64969,0.65163
2024-11-21 20:00:00,0.65165,0.65199,0.65127,0.6517
2024-11-21 21:00:00,0.65172,0.65175,0.65088,0.65153
2024-11-21 22:00:00,0.65153,0.65169,0.65114,0.65139
2024-11-21 23:00:00,0.65139,0.6514,0.65089,0.65093
2024-11-22 00:00:00,0.65103,0.6512,0.6507,0.65105
2024-11-22 01:00:00,0.65113,0.65147,0.65077,0.65089
2024-11-22 02:00:00,0.65089,0.65165,0.65085,0.65157
2024-11-22 03:00:00,0.65158,0.65211,0.65148,0.65156
2024-11-22 04:00:00,0.65155,0.6518,0.6511,0.65164
2024-11-22 05:00:00,0.65165,0.65195,0.65104,0.65116
2024-11-22 06:00:00,0.65114,0.65129,0.65036,0.65053
2024-11-22 07:00:00,0.65054,0.65054,0.64868,0.64891
2024-11-22 08:00:00,0.6489,0.64939,0.64873,0.64921
2024-11-22 09:00:00,0.6492,0.65053,0.64885,0.65039
2024-11-22 10:00:00,0.65039,0.65183,0.65039,0.65046
2024-11-22 11:00:00,0.65047,0.65047,0.6471,0.64878
2024-11-22 12:00:00,0.64879,0.65049,0.64815,0.65017
2024-11-22 13:00:00,0.65017,0.65029,0.64959,0.65022
2024-11-22 14:00:00,0.65027,0.65049,0.6493,0.6497
2024-11-22 15:00:00,0.64975,0.65078,0.64965,0.65028
2024-11-22 16:00:00,0.65029,0.65079,0.64939,0.64971
2024-11-22 17:00:00,0.64975,0.65051,0.64907,0.64937
2024-11-22 18:00:00,0.64937,0.64942,0.64814,0.64929
2024-11-22 19:00:00,0.64929,0.65017,0.64929,0.65011
2024-11-22 20:00:00,0.6501,0.65052,0.64964,0.64976
2024-11-22 21:00:00,0.64975,0.64992,0.64951,0.64971
2024-11-22 22:00:00,0.64969,0.64994,0.6494,0.64983
2024-11-22 23:00:00,0.64984,0.65025,0.64976,0.64998
2024-11-25 00:00:00,0.6534,0.6538,0.65213,0.65321
2024-11-25 01:00:00,0.65321,0.65482,0.65312,0.6539
2024-11-25 02:00:00,0.65389,0.65494,0.65376,0.65443
2024-11-25 03:00:00,0.65443,0.65479,0.65337,0.65354
2024-11-25 04:00:00,0.65354,0.6539,0.65305,0.65309
2024-11-25 05:00:00,0.65309,0.65357,0.65216,0.6523
2024-11-25 06:00:00,0.65229,0.65285,0.65179,0.65238
2024-11-25 07:00:00,0.65238,0.65246,0.65162,0.65197
2024-11-25 08:00:00,0.65197,0.65225,0.65124,0.65222
2024-11-25 09:00:00,0.65223,0.65228,0.65048,0.6506
2024-11-25 10:00:00,0.65061,0.65089,0.64979,0.65025
2024-11-25 11:00:00,0.65022,0.65179,0.65018,0.65147
2024-11-25 12:00:00,0.65146,0.65171,0.65094,0.65096
2024-11-25 13:00:00,0.65094,0.65123,0.65035,0.65044
2024-11-25 14:00:00,0.65047,0.65095,0.64967,0.65085
2024-11-25 15:00:00,0.65085,0.6527,0.65085,0.65247
2024-11-25 16:00:00,0.65246,0.65258,0.65088,0.65111
2024-11-25 17:00:00,0.65111,0.65161,0.65001,0.65012
2024-11-25 18:00:00,0.65014,0.65038,0.6487,0.64902
2024-11-25 19:00:00,0.64902,0.64929,0.64882,0.6491
2024-11-25 20:00:00,0.64908,0.65028,0.64906,0.65019
2024-11-25 21:00:00,0.65022,0.65046,0.65008,0.6503
2024-11-25 22:00:00,0.65031,0.65056,0.64996,0.65007
2024-11-25 23:00:00,0.65007,0.65049,0.64998,0.65031
2024-11-26 00:00:00,0.65002,0.65037,0.64966,0.65011
2024-11-26 01:00:00,0.65013,0.65066,0.64546,0.6463
2024-11-26 02:00:00,0.6463,0.64677,0.64406,0.64415
2024-11-26 03:00:00,0.64415,0.64755,0.64334,0.64671
2024-11-26 04:00:00,0.64671,0.64779,0.64642,0.64758
2024-11-26 05:00:00,0.64758,0.6492,0.64751,0.6491
2024-11-26 06:00:00,0.64909,0.65017,0.64864,0.64926
2024-11-26 07:00:00,0.64926,0.64948,0.64866,0.64887
2024-11-26 08:00:00,0.64886,0.64968,0.64826,0.64849
2024-11-26 09:00:00,0.64851,0.64862,0.64748,0.6475
2024-11-26 10:00:00,0.64748,0.6483,0.64736,0.64791
2024-11-26 11:00:00,0.6479,0.64922,0.6479,0.64849
2024-11-26 12:00:00,0.64847,0.64952,0.64847,0.64932
2024-11-26 13:00:00,0.64931,0.64956,0.64834,0.64917
2024-11-26 14:00:00,0.64918,0.6507,0.64874,0.64994
2024-11-26 15:00:00,0.64994,0.6502,0.64813,0.64826
2024-11-26 16:00:00,0.64827,0.64837,0.64647,0.64674
2024-11-26 17:00:00,0.64664,0.64738,0.64598,0.64656
2024-11-26 18:00:00,0.64657,0.6468,0.64527,0.64587
2024-11-26 19:00:00,0.64587,0.64587,0.64505,0.64547
2024-11-26 20:00:00,0.64547,0.64561,0.64474,0.64533
2024-11-26 21:00:00,0.64533,0.64624,0.64479,0.64592
2024-11-26 22:00:00,0.64592,0.64627,0.64578,0.64617
2024-11-26 23:00:00,0.64615,0.64749,0.64608,0.64733
2024-11-27 00:00:00,0.64738,0.64751,0.64649,0.6475
2024-11-27 01:00:00,0.64749,0.64782,0.64732,0.6474
2024-11-27 02:00:00,0.6474,0.64765,0.64573,0.64715
2024-11-27 03:00:00,0.64715,0.64846,0.64693,0.64721
2024-11-27 04:00:00,0.64719,0.64741,0.64643,0.64729
2024-11-27 05:00:00,0.6473,0.64827,0.64703,0.648
2024-11-27 06:00:00,0.648,0.64801,0.64748,0.6475
2024-11-27 07:00:00,0.64749,0.64777,0.64709,0.64722
2024-11-27 08:00:00,0.64723,0.64796,0.64723,0.64774
2024-11-27 09:00:00,0.6478,0.64914,0.64779,0.64856
2024-11-27 10:00:00,0.64856,0.65003,0.64828,0.64864
2024-11-27 11:00:00,0.64863,0.64889,0.64829,0.64868
2024-11-27 12:00:00,0.64868,0.64903,0.64817,0.6486
2024-11-27 13:00:00,0.64861,0.64863,0.64728,0.64793
2024-11-27 14:00:00,0.64793,0.64824,0.64736,0.64814
2024-11-27 15:00:00,0.64817,0.64961,0.64775,0.64957
2024-11-27 16:00:00,0.64958,0.64992,0.6489,0.6493
2024-11-27 17:00:00,0.64931,0.6495,0.64792,0.64925
2024-11-27 18:00:00,0.64924,0.64988,0.64869,0.64905
2024-11-27 19:00:00,0.64905,0.64985,0.64841,0.64935
2024-11-27 20:00:00,0.64936,0.64994,0.64917,0.64964
2024-11-27 21:00:00,0.64963,0.64989,0.64937,0.64958
2024-11-27 22:00:00,0.64958,0.64989,0.64938,0.64977
2024-11-27 23:00:00,0.64977,0.64992,0.64951,0.64963
2024-11-28 00:00:00,0.64922,0.64978,0.64849,0.64962
2024-11-28 01:00:00,0.64959,0.65031,0.64952,0.64964
2024-11-28 02:00:00,0.64965,0.65015,0.64934,0.6497
2024-11-28 03:00:00,0.6497,0.6509,0.64949,0.65036
2024-11-28 04:00:00,0.65038,0.65065,0.64946,0.65001
2024-11-28 05:00:00,0.65001,0.65005,0.64858,0.64879
2024-11-28 06:00:00,0.6488,0.6491,0.64836,0.64907
2024-11-28 07:00:00,0.6491,0.6492,0.64876,0.64886
2024-11-28 08:00:00,0.64886,0.64887,0.64815,0.64851
2024-11-28 09:00:00,0.64851,0.64911,0.64804,0.64823
2024-11-28 10:00:00,0.64815,0.64979,0.64769,0.64979
2024-11-28 11:00:00,0.64978,0.64998,0.64914,0.64967
2024-11-28 12:00:00,0.64968,0.6499,0.64934,0.64989
2024-11-28 13:00:00,0.6499,0.65049,0.64944,0.64974
2024-11-28 14:00:00,0.64978,0.64993,0.64938,0.64944
2024-11-28 15:00:00,0.64939,0.65013,0.64924,0.64999
2024-11-28 16:00:00,0.65,0.65015,0.64961,0.65
2024-11-28 17:00:00,0.65001,0.65034,0.649,0.64993
2024-11-28 18:00:00,0.64992,0.65034,0.64972,0.65031
2024-11-28 19:00:00,0.65031,0.65039,0.64999,0.65019
2024-11-28 20:00:00,0.6502,0.65028,0.64998,0.65016
2024-11-28 21:00:00,0.65016,0.65028,0.65,0.65021
2024-11-28 22:00:00,0.65021,0.65025,0.64993,0.65006
2024-11-28 23:00:00,0.65004,0.65014,0.64969,0.64981
2024-11-29 00:00:00,0.64962,0.65005,0.64797,0.64999
2024-11-29 01:00:00,0.65,0.65072,0.64988,0.65066
2024-11-29 02:00:00,0.65064,0.65104,0.65017,0.6505
2024-11-29 03:00:00,0.65051,0.65147,0.65033,0.65071
2024-11-29 04:00:00,0.65069,0.6509,0.65023,0.65079
2024-11-29 05:00:00,0.65079,0.65206,0.65059,0.65204
2024-11-29 06:00:00,0.65205,0.65232,0.65159,0.65162
2024-11-29 07:00:00,0.6516,0.65193,0.65122,0.65145
2024-11-29 08:00:00,0.65145,0.6521,0.65103,0.65205
2024-11-29 09:00:00,0.65208,0.65276,0.65143,0.65164
2024-11-29 10:00:00,0.65164,0.6517,0.65079,0.65089
2024-11-29 11:00:00,0.65089,0.65165,0.65018,0.65076
2024-11-29 12:00:00,0.65074,0.65085,0.65014,0.65024
2024-11-29 13:00:00,0.65021,0.65104,0.64995,0.65073
2024-11-29 14:00:00,0.65073,0.65079,0.64964,0.65023
2024-11-29 15:00:00,0.65023,0.65049,0.64979,0.65035
2024-11-29 16:00:00,0.65036,0.65152,0.64954,0.65147
2024-11-29 17:00:00,0.65145,0.65173,0.65053,0.65136
2024-11-29 18:00:00,0.6514,0.65164,0.65073,0.65109
2024-11-29 19:00:00,0.6511,0.65214,0.65083,0.65214
2024-11-29 20:00:00,0.65214,0.65252,0.65196,0.65204
2024-11-29 21:00:00,0.65204,0.65261,0.65201,0.65256
2024-11-29 22:00:00,0.65257,0.65261,0.65229,0.6524
2024-11-29 23:00:00,0.65237,0.65238,0.65088,0.65093
2024-12-02 00:00:00,0.65105,0.65133,0.6509,0.65102
2024-12-02 01:00:00,0.65093,0.651,0.64975,0.65013
2024-12-02 02:00:00,0.65014,0.6503,0.64925,0.64955
2024-12-02 03:00:00,0.64953,0.65066,0.64919,0.65018
2024-12-02 04:00:00,0.65018,0.65026,0.64904,0.64971
2024-12-02 05:00:00,0.6497,0.6501,0.6495,0.64974
2024-12-02 06:00:00,0.64969,0.65004,0.64925,0.64949
2024-12-02 07:00:00,0.64948,0.65028,0.64899,0.6498
2024-12-02 08:00:00,0.64979,0.65102,0.64965,0.65077
2024-12-02 09:00:00,0.65078,0.65105,0.64961,0.64963
2024-12-02 10:00:00,0.64958,0.64984,0.64881,0.64955
2024-12-02 11:00:00,0.64955,0.65027,0.64914,0.64939
2024-12-02 12:00:00,0.64938,0.64987,0.64886,0.64929
2024-12-02 13:00:00,0.64929,0.64964,0.64896,0.64904
2024-12-02 14:00:00,0.64904,0.64944,0.64735,0.64774
2024-12-02 15:00:00,0.64773,0.64812,0.64669,0.64695
2024-12-02 16:00:00,0.64695,0.64727,0.64498,0.64507
2024-12-02 17:00:00,0.64493,0.64557,0.64444,0.64466
2024-12-02 18:00:00,0.64467,0.64608,0.64426,0.64562
2024-12-02 19:00:00,0.64563,0.64634,0.64543,0.64607
2024-12-02 20:00:00,0.6461,0.64671,0.64584,0.64663
2024-12-02 21:00:00,0.64663,0.64718,0.64662,0.64711
2024-12-02 22:00:00,0.64709,0.64836,0.6469,0.64751
2024-12-02 23:00:00,0.6475,0.64775,0.64727,0.64727
2024-12-03 00:00:00,0.64694,0.64783,0.64654,0.64734
2024-12-03 01:00:00,0.6473,0.64774,0.64727,0.64743
2024-12-03 02:00:00,0.6474,0.64772,0.64658,0.64745
2024-12-03 03:00:00,0.64745,0.64809,0.64633,0.64659
2024-12-03 04:00:00,0.64658,0.64669,0.64549,0.64609
2024-12-03 05:00:00,0.64609,0.64721,0.64596,0.64684
2024-12-03 06:00:00,0.64684,0.64702,0.64654,0.64694
2024-12-03 07:00:00,0.64694,0.64727,0.64663,0.64693
2024-12-03 08:00:00,0.64691,0.64755,0.64662,0.64696
2024-12-03 09:00:00,0.64698,0.64862,0.64671,0.64838
2024-12-03 10:00:00,0.64838,0.65032,0.64832,0.65017
2024-12-03 11:00:00,0.65018,0.65042,0.64916,0.64952
2024-12-03 12:00:00,0.64957,0.64967,0.64866,0.64873
2024-12-03 13:00:00,0.64871,0.64904,0.64857,0.64899
2024-12-03 14:00:00,0.649,0.64903,0.64775,0.64797
2024-12-03 15:00:00,0.64797,0.64899,0.64778,0.64862
2024-12-03 16:00:00,0.64863,0.64904,0.64802,0.64816
2024-12-03 17:00:00,0.64812,0.64812,0.64605,0.6477
2024-12-03 18:00:00,0.64772,0.64807,0.64696,0.64805
2024-12-03 19:00:00,0.64809,0.64914,0.64794,0.64899
2024-12-03 20:00:00,0.649,0.64936,0.64896,0.64915
2024-12-03 21:00:00,0.64918,0.64919,0.64792,0.64792
2024-12-03 22:00:00,0.64792,0.64845,0.6478,0.64832
2024-12-03 23:00:00,0.64832,0.6486,0.64808,0.64811
2024-12-04 00:00:00,0.6481,0.64865,0.64763,0.64861
2024-12-04 01:00:00,0.64866,0.64867,0.64818,0.64847
2024-12-04 02:00:00,0.64847,0.64879,0.64626,0.64642
2024-12-04 03:00:00,0.64642,0.64706,0.64527,0.64537
2024-12-04 04:00:00,0.64536,0.64567,0.64278,0.64284
2024-12-04 05:00:00,0.64285,0.64285,0.64074,0.64143
2024-12-04 06:00:00,0.64143,0.64369,0.64102,0.64368
2024-12-04 07:00:00,0.64368,0.64465,0.64326,0.64418
2024-12-04 08:00:00,0.64421,0.64506,0.64357,0.64427
2024-12-04 09:00:00,0.64426,0.6443,0.64353,0.64388
2024-12-04 10:00:00,0.64387,0.64397,0.64232,0.6424
2024-12-04 11:00:00,0.6424,0.64254,0.64162,0.64184
2024-12-04 12:00:00,0.64185,0.64204,0.64084,0.64115
2024-12-04 13:00:00,0.64115,0.64184,0.64087,0.64128
2024-12-04 14:00:00,0.64127,0.64129,0.64004,0.64023
2024-12-04 15:00:00,0.64018,0.64118,0.63989,0.64072
2024-12-04 16:00:00,0.64071,0.6416,0.64038,0.64099
2024-12-04 17:00:00,0.64186,0.64375,0.64186,0.64332
2024-12-04 18:00:00,0.64333,0.64386,0.64289,0.64344
2024-12-04 19:00:00,0.64344,0.64404,0.64319,0.64391
2024-12-04 20:00:00,0.6439,0.64406,0.64301,0.64301
2024-12-04 21:00:00,0.64294,0.64429,0.64278,0.64351
2024-12-04 22:00:00,0.64351,0.6441,0.64312,0.64392
2024-12-04 23:00:00,0.64391,0.64401,0.6425,0.64254
2024-12-05 00:00:00,0.6428,0.64304,0.64214,0.6428
2024-12-05 01:00:00,0.64281,0.64344,0.64262,0.64311
2024-12-05 02:00:00,0.6431,0.64318,0.64211,0.64222
2024-12-05 03:00:00,0.64226,0.64342,0.64225,0.64283
2024-12-05 04:00:00,0.64283,0.64364,0.64264,0.64309
2024-12-05 05:00:00,0.64313,0.6435,0.64301,0.64345
2024-12-05 06:00:00,0.64345,0.64352,0.64306,0.64319
2024-12-05 07:00:00,0.64319,0.64379,0.64316,0.64365
2024-12-05 08:00:00,0.64364,0.64386,0.64335,0.64382
2024-12-05 09:00:00,0.64382,0.64483,0.64381,0.64468
2024-12-05 10:00:00,0.64465,0.64523,0.64428,0.64438
2024-12-05 11:00:00,0.6444,0.64459,0.64368,0.64379
2024-12-05 12:00:00,0.64378,0.64415,0.6436,0.64372
2024-12-05 13:00:00,0.64369,0.64423,0.64345,0.64385
2024-12-05 14:00:00,0.64385,0.64387,0.64278,0.64338
2024-12-05 15:00:00,0.6434,0.64463,0.64321,0.64424
2024-12-05 16:00:00,0.6442,0.64526,0.64373,0.64449
2024-12-05 17:00:00,0.64448,0.64455,0.64229,0.64348
2024-12-05 18:00:00,0.64347,0.64411,0.64327,0.64365
2024-12-05 19:00:00,0.64365,0.64399,0.64318,0.64376
2024-12-05 20:00:00,0.64374,0.64415,0.64262,0.64409
2024-12-05 21:00:00,0.64409,0.64544,0.64409,0.64523
2024-12-05 22:00:00,0.64522,0.64538,0.64489,0.64499
2024-12-05 23:00:00,0.64498,0.64544,0.64475,0.64477
2024-12-06 00:00:00,0.64475,0.64533,0.64425,0.64522
2024-12-06 01:00:00,0.64521,0.64554,0.6448,0.64503
2024-12-06 02:00:00,0.64503,0.64508,0.64388,0.64403
2024-12-06 03:00:00,0.64403,0.64439,0.64193,0.64229
2024-12-06 04:00:00,0.64229,0.64352,0.64215,0.64307
2024-12-06 05:00:00,0.64309,0.6441,0.64309,0.64352
2024-12-06 06:00:00,0.6435,0.64358,0.64263,0.64293
2024-12-06 07:00:00,0.64294,0.6433,0.64244,0.64317
2024-12-06 08:00:00,0.64318,0.64318,0.64254,0.64272
2024-12-06 09:00:00,0.64273,0.64303,0.64221,0.64295
2024-12-06 10:00:00,0.64295,0.64315,0.64223,0.64253
2024-12-06 11:00:00,0.64253,0.64294,0.6423,0.64259
2024-12-06 12:00:00,0.64259,0.64264,0.64168,0.64208
2024-12-06 13:00:00,0.64209,0.6424,0.64136,0.64157
2024-12-06 14:00:00,0.64157,0.64224,0.64137,0.6414
2024-12-06 15:00:00,0.6414,0.64441,0.64085,0.64341
2024-12-06 16:00:00,0.64341,0.64354,0.64104,0.64121
2024-12-06 17:00:00,0.6412,0.64131,0.63838,0.63892
2024-12-06 18:00:00,0.63893,0.63922,0.63809,0.63812
2024-12-06 19:00:00,0.63807,0.63811,0.63722,0.63782
2024-12-06 20:00:00,0.63782,0.63867,0.63773,0.6379
2024-12-06 21:00:00,0.63791,0.6385,0.63741,0.63845
2024-12-06 22:00:00,0.63847,0.63896,0.63841,0.63894
2024-12-06 23:00:00,0.63892,0.6392,0.63844,0.63853
2024-12-09 00:00:00,0.63866,0.63963,0.63854,0.63939
2024-12-09 01:00:00,0.63941,0.64017,0.6392,0.6399
2024-12-09 02:00:00,0.63991,0.63991,0.63882,0.63945
2024-12-09 03:00:00,0.63946,0.64006,0.63916,0.63958
2024-12-09 04:00:00,0.63958,0.6403,0.63918,0.63971
2024-12-09 05:00:00,0.63971,0.63977,0.63838,0.6384
2024-12-09 06:00:00,0.63839,0.63882,0.63794,0.63812
2024-12-09 07:00:00,0.63812,0.63852,0.63798,0.63848
2024-12-09 08:00:00,0.6385,0.63892,0.63833,0.6388
2024-12-09 09:00:00,0.6388,0.64231,0.63826,0.64228
2024-12-09 10:00:00,0.64229,0.64363,0.64195,0.64358
2024-12-09 11:00:00,0.64359,0.6446,0.64347,0.64392
2024-12-09 12:00:00,0.64396,0.6449,0.6439,0.64452
2024-12-09 13:00:00,0.6445,0.64496,0.64405,0.64415
2024-12-09 14:00:00,0.64414,0.64487,0.64389,0.6446
2024-12-09 15:00:00,0.64461,0.64663,0.64454,0.64639
2024-12-09 16:00:00,0.64639,0.64655,0.64534,0.64594
2024-12-09 17:00:00,0.64594,0.64707,0.64578,0.64663
2024-12-09 18:00:00,0.64663,0.6471,0.64572,0.64594
2024-12-09 19:00:00,0.64589,0.64645,0.64541,0.64543
2024-12-09 20:00:00,0.64543,0.64554,0.64488,0.64508
2024-12-09 21:00:00,0.64509,0.64509,0.64401,0.64436
2024-12-09 22:00:00,0.64435,0.64449,0.64336,0.64368
2024-12-09 23:00:00,0.64367,0.64401,0.64348,0.64354
2024-12-10 00:00:00,0.64355,0.64412,0.64289,0.64396
2024-12-10 01:00:00,0.64409,0.64409,0.64358,0.6437
2024-12-10 02:00:00,0.6437,0.64374,0.64269,0.64295
2024-12-10 03:00:00,0.64296,0.64298,0.64163,0.64235
2024-12-10 04:00:00,0.64237,0.64319,0.64155,0.64165
2024-12-10 05:00:00,0.64161,0.64177,0.63797,0.63927
2024-12-10 06:00:00,0.63926,0.64044,0.63835,0.63839
2024-12-10 07:00:00,0.63839,0.64003,0.63826,0.63958
2024-12-10 08:00:00,0.63958,0.64028,0.63924,0.63996
2024-12-10 09:00:00,0.63992,0.64015,0.63815,0.63821
2024-12-10 10:00:00,0.63823,0.63954,0.63804,0.63924
2024-12-10 11:00:00,0.63924,0.63984,0.639,0.63936
2024-12-10 12:00:00,0.63936,0.64021,0.63935,0.6397
2024-12-10 13:00:00,0.6397,0.63996,0.63915,0.63979
2024-12-10 14:00:00,0.6398,0.63997,0.63871,0.63987
2024-12-10 15:00:00,0.63985,0.64005,0.63913,0.63935
2024-12-10 16:00:00,0.63937,0.63991,0.63822,0.63835
2024-12-10 17:00:00,0.63837,0.63849,0.63667,0.63689
2024-12-10 18:00:00,0.63692,0.63756,0.63649,0.63752
2024-12-10 19:00:00,0.63755,0.63777,0.63707,0.63728
2024-12-10 20:00:00,0.63728,0.63819,0.63725,0.63801
2024-12-10 21:00:00,0.63804,0.63838,0.63786,0.63812
2024-12-10 22:00:00,0.63811,0.63832,0.63787,0.63788
2024-12-10 23:00:00,0.63788,0.63804,0.63726,0.63727
2024-12-11 00:00:00,0.63746,0.63808,0.63716,0.63777
2024-12-11 01:00:00,0.63775,0.63811,0.63747,0.6375
2024-12-11 02:00:00,0.63751,0.63817,0.63685,0.63739
2024-12-11 03:00:00,0.63738,0.63816,0.63736,0.63803
2024-12-11 04:00:00,0.63802,0.63853,0.63771,0.63815
2024-12-11 05:00:00,0.63815,0.63887,0.63799,0.63828
2024-12-11 06:00:00,0.63824,0.63832,0.63698,0.63732
2024-12-11 07:00:00,0.63731,0.6375,0.63672,0.63713
2024-12-11 08:00:00,0.63712,0.63743,0.63685,0.63727
2024-12-11 09:00:00,0.63728,0.63739,0.63405,0.63496
2024-12-11 10:00:00,0.63495,0.63636,0.63467,0.63577
2024-12-11 11:00:00,0.63577,0.6359,0.63396,0.63463
2024-12-11 12:00:00,0.63464,0.63489,0.63363,0.63459
2024-12-11 13:00:00,0.63462,0.63522,0.63423,0.63511
2024-12-11 14:00:00,0.63511,0.63634,0.63501,0.63557
2024-12-11 15:00:00,0.63558,0.63763,0.63557,0.63675
2024-12-11 16:00:00,0.63681,0.63722,0.63569,0.63628
2024-12-11 17:00:00,0.63633,0.63717,0.63547,0.63647
2024-12-11 18:00:00,0.63648,0.63773,0.6362,0.63755
2024-12-11 19:00:00,0.63755,0.63772,0.63633,0.63647
2024-12-11 20:00:00,0.63647,0.63757,0.63627,0.63636
2024-12-11 21:00:00,0.63635,0.63737,0.63625,0.63701
2024-12-11 22:00:00,0.637,0.63732,0.63679,0.63707
2024-12-11 23:00:00,0.63707,0.63728,0.63636,0.63636
2024-12-12 00:00:00,0.63631,0.63715,0.6361,0.63712
2024-12-12 01:00:00,0.63712,0.63836,0.63697,0.63818
2024-12-12 02:00:00,0.63818,0.64134,0.6374,0.64034
2024-12-12 03:00:00,0.64032,0.64117,0.64004,0.64107
2024-12-12 04:00:00,0.64107,0.64124,0.64031,0.64058
2024-12-12 05:00:00,0.64061,0.64171,0.64056,0.64162
2024-12-12 06:00:00,0.64162,0.64185,0.64111,0.64152
2024-12-12 07:00:00,0.64157,0.64198,0.64123,0.64165
2024-12-12 08:00:00,0.64166,0.64209,0.6416,0.64206
2024-12-12 09:00:00,0.64206,0.6429,0.64138,0.64149
2024-12-12 10:00:00,0.64145,0.64183,0.64012,0.64039
2024-12-12 11:00:00,0.64038,0.64169,0.64017,0.64143
2024-12-12 12:00:00,0.64141,0.64184,0.64037,0.64046
2024-12-12 13:00:00,0.64046,0.64164,0.63963,0.64023
2024-12-12 14:00:00,0.64025,0.64035,0.63926,0.63937
2024-12-12 15:00:00,0.63937,0.64038,0.6388,0.63975
2024-12-12 16:00:00,0.63978,0.64025,0.63808,0.63972
2024-12-12 17:00:00,0.63979,0.63988,0.63677,0.63802
2024-12-12 18:00:00,0.63803,0.63874,0.63788,0.6386
2024-12-12 19:00:00,0.6386,0.6392,0.63754,0.63796
2024-12-12 20:00:00,0.63796,0.63811,0.63699,0.6371
2024-12-12 21:00:00,0.63709,0.63742,0.63626,0.63634
2024-12-12 22:00:00,0.63634,0.63679,0.63606,0.63629
2024-12-12 23:00:00,0.63628,0.63688,0.63618,0.63639
2024-12-13 00:00:00,0.6365,0.63696,0.63593,0.63647
2024-12-13 01:00:00,0.63643,0.63718,0.63632,0.63707
2024-12-13 02:00:00,0.63707,0.63713,0.63646,0.6367
2024-12-13 03:00:00,0.63671,0.63709,0.63587,0.63619
2024-12-13 04:00:00,0.63618,0.63623,0.63539,0.63578
2024-12-13 05:00:00,0.63578,0.63648,0.63578,0.63616
2024-12-13 06:00:00,0.63617,0.63673,0.63605,0.63667
2024-12-13 07:00:00,0.63667,0.63678,0.6359,0.63633
2024-12-13 08:00:00,0.63634,0.63659,0.63544,0.63653
2024-12-13 09:00:00,0.63649,0.637,0.63589,0.63685
2024-12-13 10:00:00,0.63683,0.63712,0.63574,0.6365
2024-12-13 11:00:00,0.6365,0.63721,0.63615,0.63661
2024-12-13 12:00:00,0.63662,0.63756,0.63646,0.63709
2024-12-13 13:00:00,0.63709,0.63742,0.63695,0.63704
2024-12-13 14:00:00,0.63703,0.63818,0.63684,0.63806
2024-12-13 15:00:00,0.63807,0.63832,0.63766,0.63802
2024-12-13 16:00:00,0.638,0.638,0.63641,0.6365
2024-12-13 17:00:00,0.6365,0.6365,0.63514,0.63588
2024-12-13 18:00:00,0.63588,0.63615,0.63528,0.63563
2024-12-13 19:00:00,0.63564,0.63596,0.63529,0.63569
2024-12-13 20:00:00,0.63569,0.63608,0.63547,0.63572
2024-12-13 21:00:00,0.63572,0.63604,0.63548,0.63564
2024-12-13 22:00:00,0.63565,0.63573,0.63531,0.63565
2024-12-13 23:00:00,0.63565,0.63612,0.63554,0.63594
2024-12-16 00:00:00,0.6351,0.63594,0.63481,0.63581
2024-12-16 01:00:00,0.63579,0.63679,0.63552,0.63664
2024-12-16 02:00:00,0.63664,0.63714,0.63641,0.63642
2024-12-16 03:00:00,0.6364,0.63728,0.6364,0.63715
2024-12-16 04:00:00,0.63716,0.63737,0.63613,0.63642
2024-12-16 05:00:00,0.63643,0.63736,0.63632,0.63736
2024-12-16 06:00:00,0.63737,0.63824,0.63729,0.63758
2024-12-16 07:00:00,0.63758,0.63775,0.63721,0.63744
2024-12-16 08:00:00,0.63743,0.63774,0.63655,0.63685
2024-12-16 09:00:00,0.63683,0.6374,0.63656,0.63695
2024-12-16 10:00:00,0.63689,0.63757,0.63658,0.63671
2024-12-16 11:00:00,0.6367,0.6374,0.63635,0.63647
2024-12-16 12:00:00,0.63647,0.63654,0.63523,0.63524
2024-12-16 13:00:00,0.63524,0.63546,0.63495,0.63529
2024-12-16 14:00:00,0.63534,0.63585,0.63513,0.63566
2024-12-16 15:00:00,0.63566,0.6361,0.63553,0.63597
2024-12-16 16:00:00,0.63597,0.63618,0.63448,0.63518
2024-12-16 17:00:00,0.6352,0.63698,0.6348,0.63697
2024-12-16 18:00:00,0.63698,0.63735,0.63641,0.63701
2024-12-16 19:00:00,0.637,0.63766,0.63682,0.63718
2024-12-16 20:00:00,0.63717,0.63746,0.63672,0.63741
2024-12-16 21:00:00,0.63741,0.63748,0.63636,0.6368
2024-12-16 22:00:00,0.63681,0.63693,0.63664,0.6368
2024-12-16 23:00:00,0.63681,0.6371,0.63658,0.63665
2024-12-17 00:00:00,0.63656,0.6372,0.63599,0.6369
2024-12-17 01:00:00,0.6369,0.63763,0.63685,0.6376
2024-12-17 02:00:00,0.6376,0.63775,0.63691,0.63705
2024-12-17 03:00:00,0.63703,0.63741,0.63662,0.63728
2024-12-17 04:00:00,0.63728,0.63749,0.63652,0.63658
2024-12-17 05:00:00,0.63658,0.63685,0.63596,0.63613
2024-12-17 06:00:00,0.63613,0.63652,0.63553,0.63553
2024-12-17 07:00:00,0.63553,0.63562,0.63495,0.635
2024-12-17 08:00:00,0.63499,0.63537,0.63433,0.63476
2024-12-17 09:00:00,0.63473,0.63566,0.63472,0.63501
2024-12-17 10:00:00,0.63501,0.63504,0.63416,0.63434
2024-12-17 11:00:00,0.63434,0.63473,0.63398,0.63414
2024-12-17 12:00:00,0.63418,0.63432,0.63362,0.63403
2024-12-17 13:00:00,0.63402,0.63448,0.6337,0.63429
2024-12-17 14:00:00,0.63428,0.63465,0.63414,0.63454
2024-12-17 15:00:00,0.63454,0.63516,0.63398,0.63505
2024-12-17 16:00:00,0.63505,0.63545,0.6339,0.63428
2024-12-17 17:00:00,0.63429,0.63447,0.63356,0.63411
2024-12-17 18:00:00,0.63412,0.63421,0.6332,0.63369
2024-12-17 19:00:00,0.63369,0.63432,0.63346,0.63407
2024-12-17 20:00:00,0.63404,0.63426,0.63373,0.6339
2024-12-17 21:00:00,0.63391,0.63408,0.63348,0.63349
2024-12-17 22:00:00,0.6335,0.63358,0.63313,0.63341
2024-12-17 23:00:00,0.63341,0.63376,0.6331,0.63331
2024-12-18 00:00:00,0.63321,0.63382,0.63306,0.63366
2024-12-18 01:00:00,0.6337,0.63388,0.63342,0.63388
2024-12-18 02:00:00,0.63387,0.63387,0.63314,0.63322
2024-12-18 03:00:00,0.63321,0.63343,0.63245,0.63287
2024-12-18 04:00:00,0.63288,0.63309,0.63175,0.63256
2024-12-18 05:00:00,0.63257,0.63261,0.63167,0.63172
2024-12-18 06:00:00,0.63171,0.63175,0.63125,0.63127
2024-12-18 07:00:00,0.63126,0.63152,0.63096,0.63128
2024-12-18 08:00:00,0.63127,0.63223,0.63109,0.63212
2024-12-18 09:00:00,0.63214,0.63229,0.63135,0.63145
2024-12-18 10:00:00,0.63145,0.63152,0.6309,0.63118
2024-12-18 11:00:00,0.6312,0.63159,0.63048,0.63064
2024-12-18 12:00:00,0.63064,0.63139,0.63064,0.63139
2024-12-18 13:00:00,0.6314,0.63157,0.63111,0.63142
2024-12-18 14:00:00,0.63141,0.6321,0.63136,0.63202
2024-12-18 15:00:00,0.63202,0.63255,0.63182,0.63224
2024-12-18 16:00:00,0.63225,0.63268,0.63188,0.63248
2024-12-18 17:00:00,0.63247,0.63252,0.6305,0.63056
2024-12-18 18:00:00,0.63055,0.63064,0.62994,0.63004
2024-12-18 19:00:00,0.63004,0.63054,0.62988,0.63025
2024-12-18 20:00:00,0.63024,0.63072,0.63013,0.63036
2024-12-18 21:00:00,0.63036,0.63036,0.6239,0.62403
2024-12-18 22:00:00,0.62404,0.62439,0.6222,0.62252
2024-12-18 23:00:00,0.62249,0.62286,0.62107,0.62137
2024-12-19 00:00:00,0.62092,0.62204,0.62089,0.62134
2024-12-19 01:00:00,0.6213,0.62202,0.61996,0.62045
2024-12-19 02:00:00,0.62045,0.62213,0.61987,0.62192
2024-12-19 03:00:00,0.62194,0.62271,0.62188,0.62243
2024-12-19 04:00:00,0.62242,0.62321,0.62209,0.6231
2024-12-19 05:00:00,0.6231,0.62335,0.62243,0.62286
2024-12-19 06:00:00,0.62286,0.62296,0.62207,0.62247
2024-12-19 07:00:00,0.62246,0.62249,0.62142,0.62165
2024-12-19 08:00:00,0.62162,0.62322,0.62146,0.62299
2024-12-19 09:00:00,0.623,0.62392,0.62299,0.62362
2024-12-19 10:00:00,0.62362,0.62466,0.6232,0.62413
2024-12-19 11:00:00,0.62411,0.62441,0.62357,0.62428
2024-12-19 12:00:00,0.62427,0.62488,0.62389,0.62454
2024-12-19 13:00:00,0.62454,0.62509,0.62454,0.62489
2024-12-19 14:00:00,0.62489,0.62521,0.62459,0.6249
2024-12-19 15:00:00,0.62487,0.62588,0.62458,0.62521
2024-12-19 16:00:00,0.62521,0.62648,0.62517,0.62608
2024-12-19 17:00:00,0.62614,0.62647,0.62523,0.62529
2024-12-19 18:00:00,0.62532,0.62623,0.62489,0.62497
2024-12-19 19:00:00,0.62498,0.6257,0.62468,0.62469
2024-12-19 20:00:00,0.62468,0.62525,0.62394,0.62518
2024-12-19 21:00:00,0.62515,0.62544,0.62419,0.6242
2024-12-19 22:00:00,0.62424,0.62451,0.62394,0.62414
2024-12-19 23:00:00,0.62413,0.62416,0.62334,0.62337
2024-12-20 00:00:00,0.62334,0.6239,0.62302,0.62344
2024-12-20 01:00:00,0.62334,0.62361,0.62289,0.62305
2024-12-20 02:00:00,0.62305,0.62345,0.62247,0.62251
2024-12-20 03:00:00,0.62251,0.6233,0.62197,0.62292
2024-12-20 04:00:00,0.62291,0.62306,0.62221,0.62271
2024-12-20 05:00:00,0.62272,0.62298,0.62146,0.62208
2024-12-20 06:00:00,0.62212,0.62258,0.62196,0.62247
2024-12-20 07:00:00,0.62248,0.62263,0.62215,0.6224
2024-12-20 08:00:00,0.6224,0.62444,0.62216,0.62418
2024-12-20 09:00:00,0.62417,0.62457,0.62328,0.62456
2024-12-20 10:00:00,0.62457,0.62488,0.62359,0.62378
2024-12-20 11:00:00,0.62379,0.62386,0.62293,0.62326
2024-12-20 12:00:00,0.62327,0.62359,0.62273,0.62298
2024-12-20 13:00:00,0.62297,0.62297,0.62245,0.62259
2024-12-20 14:00:00,0.62261,0.62381,0.62256,0.62336
2024-12-20 15:00:00,0.62336,0.62472,0.62301,0.62354
2024-12-20 16:00:00,0.62348,0.62408,0.62291,0.62357
2024-12-20 17:00:00,0.62387,0.62559,0.62364,0.6246
2024-12-20 18:00:00,0.62459,0.62666,0.62436,0.62648
2024-12-20 19:00:00,0.62648,0.6274,0.62642,0.62647
2024-12-20 20:00:00,0.62646,0.62662,0.62587,0.62613
2024-12-20 21:00:00,0.62611,0.62703,0.62604,0.62666
2024-12-20 22:00:00,0.62665,0.62681,0.62533,0.62534
2024-12-20 23:00:00,0.62533,0.62565,0.62478,0.6249
2024-12-23 00:00:00,0.6253,0.62566,0.62447,0.62473
2024-12-23 01:00:00,0.62466,0.62579,0.62457,0.62534
2024-12-23 02:00:00,0.6254,0.62562,0.6247,0.6247
2024-12-23 03:00:00,0.6247,0.62573,0.62437,0.62547
2024-12-23 04:00:00,0.62545,0.62592,0.62532,0.62577
2024-12-23 05:00:00,0.62577,0.62591,0.62495,0.62503
2024-12-23 06:00:00,0.625,0.62588,0.62471,0.62583
2024-12-23 07:00:00,0.62583,0.6261,0.62561,0.62601
2024-12-23 08:00:00,0.626,0.62636,0.62555,0.62577
2024-12-23 09:00:00,0.62581,0.62581,0.62463,0.62488
2024-12-23 10:00:00,0.62487,0.6257,0.62474,0.62561
2024-12-23 11:00:00,0.62561,0.62645,0.62558,0.62582
2024-12-23 12:00:00,0.62581,0.62586,0.6248,0.62481
2024-12-23 13:00:00,0.62481,0.6254,0.62413,0.6244
2024-12-23 14:00:00,0.62441,0.62446,0.62348,0.62398
2024-12-23 15:00:00,0.62397,0.62406,0.6228,0.62287
2024-12-23 16:00:00,0.62289,0.62333,0.62263,0.62279
2024-12-23 17:00:00,0.62292,0.62327,0.62184,0.62306
2024-12-23 18:00:00,0.62304,0.6243,0.62251,0.6242
2024-12-23 19:00:00,0.6242,0.62481,0.6242,0.62442
2024-12-23 20:00:00,0.62442,0.62506,0.62438,0.62475
2024-12-23 21:00:00,0.62474,0.6249,0.62433,0.62479
2024-12-23 22:00:00,0.62478,0.6252,0.6244,0.62491
2024-12-23 23:00:00,0.62491,0.62508,0.62434,0.62437
2024-12-24 00:00:00,0.62385,0.62486,0.62352,0.62438
2024-12-24 01:00:00,0.62436,0.62482,0.62427,0.62427
2024-12-24 02:00:00,0.62428,0.62454,0.62379,0.62399
2024-12-24 03:00:00,0.62399,0.62407,0.62321,0.62363
2024-12-24 04:00:00,0.62363,0.62443,0.623,0.62304
2024-12-24 05:00:00,0.62305,0.62371,0.62242,0.62369
2024-12-24 06:00:00,0.62375,0.62397,0.62333,0.62392
2024-12-24 07:00:00,0.62392,0.62421,0.62358,0.62413
2024-12-24 08:00:00,0.62413,0.62469,0.62371,0.6246
2024-12-24 09:00:00,0.6246,0.62481,0.624,0.62402
2024-12-24 10:00:00,0.62402,0.62444,0.62369,0.62409
2024-12-24 11:00:00,0.62412,0.6242,0.62351,0.62356
2024-12-24 12:00:00,0.62356,0.62378,0.62324,0.62338
2024-12-24 13:00:00,0.62335,0.62357,0.62305,0.62318
2024-12-24 14:00:00,0.62319,0.62327,0.62264,0.62279
2024-12-24 15:00:00,0.62279,0.62373,0.62276,0.62368
2024-12-24 16:00:00,0.62368,0.62409,0.62336,0.62378
2024-12-24 17:00:00,0.62378,0.62408,0.62267,0.62277
2024-12-24 18:00:00,0.62276,0.62323,0.62258,0.62271
2024-12-24 19:00:00,0.62271,0.62343,0.62261,0.62278
2024-12-24 20:00:00,0.6228,0.62335,0.6228,0.62324
2024-12-24 21:00:00,0.62324,0.62404,0.62297,0.62358
2024-12-24 22:00:00,0.62377,0.62382,0.6231,0.62331
2024-12-24 23:00:00,0.62331,0.62424,0.62181,0.62302
2024-12-25 00:00:00,0.62343,0.62343,0.62302,0.62309
2024-12-26 00:00:00,0.6241,0.6241,0.62254,0.62344
2024-12-26 01:00:00,0.62289,0.62465,0.62288,0.62428
2024-12-26 02:00:00,0.62428,0.62457,0.62385,0.62413
2024-12-26 03:00:00,0.62412,0.62437,0.6238,0.62425
2024-12-26 04:00:00,0.62425,0.62499,0.6242,0.62481
2024-12-26 05:00:00,0.62481,0.62538,0.62465,0.62487
2024-12-26 06:00:00,0.62487,0.62487,0.6238,0.62385
2024-12-26 07:00:00,0.62385,0.62453,0.62365,0.62373
2024-12-26 08:00:00,0.62372,0.6239,0.62336,0.62349
2024-12-26 09:00:00,0.62349,0.62369,0.62299,0.62365
2024-12-26 10:00:00,0.62366,0.6237,0.62248,0.62262
2024-12-26 11:00:00,0.6226,0.62276,0.62224,0.62256
2024-12-26 12:00:00,0.62255,0.62332,0.62246,0.62316
2024-12-26 13:00:00,0.62315,0.6235,0.62295,0.62341
2024-12-26 14:00:00,0.6234,0.62341,0.62219,0.62243
2024-12-26 15:00:00,0.62244,0.62318,0.62243,0.62248
2024-12-26 16:00:00,0.62247,0.62289,0.62189,0.62221
2024-12-26 17:00:00,0.62222,0.62226,0.62155,0.62161
2024-12-26 18:00:00,0.62161,0.62246,0.62153,0.62244
2024-12-26 19:00:00,0.62244,0.62263,0.62167,0.62195
2024-12-26 20:00:00,0.62195,0.62289,0.62195,0.62245
2024-12-26 21:00:00,0.62245,0.62245,0.62191,0.62212
2024-12-26 22:00:00,0.62211,0.62217,0.6219,0.62213
2024-12-26 23:00:00,0.62216,0.62216,0.62159,0.62168
2024-12-27 00:00:00,0.62154,0.62251,0.62138,0.6215
2024-12-27 01:00:00,0.62142,0.6223,0.62138,0.62227
2024-12-27 02:00:00,0.62227,0.62245,0.62188,0.62221
2024-12-27 03:00:00,0.62222,0.62223,0.62163,0.62196
2024-12-27 04:00:00,0.62195,0.6221,0.62158,0.62182
2024-12-27 05:00:00,0.6218,0.62188,0.62118,0.62162
2024-12-27 06:00:00,0.62162,0.62178,0.6209,0.62093
2024-12-27 07:00:00,0.62092,0.62113,0.62044,0.62048
2024-12-27 08:00:00,0.62048,0.62183,0.62047,0.62176
2024-12-27 09:00:00,0.6218,0.6222,0.62139,0.62214
2024-12-27 10:00:00,0.62207,0.62255,0.62145,0.62175
2024-12-27 11:00:00,0.62174,0.62177,0.62068,0.6209
2024-12-27 12:00:00,0.62091,0.62109,0.62051,0.62104
2024-12-27 13:00:00,0.62108,0.62189,0.62097,0.62179
2024-12-27 14:00:00,0.6218,0.62254,0.62152,0.62202
2024-12-27 15:00:00,0.62203,0.62217,0.62135,0.62191
2024-12-27 16:00:00,0.62192,0.62207,0.62097,0.62101
2024-12-27 17:00:00,0.62102,0.62173,0.62006,0.62124
2024-12-27 18:00:00,0.62126,0.62174,0.62057,0.62064
2024-12-27 19:00:00,0.62063,0.62081,0.62002,0.62064
2024-12-27 20:00:00,0.62064,0.62143,0.62064,0.62138
2024-12-27 21:00:00,0.62136,0.62196,0.62122,0.62182
2024-12-27 22:00:00,0.62184,0.62185,0.62112,0.62153
2024-12-27 23:00:00,0.62154,0.6218,0.62117,0.62133
2024-12-30 00:00:00,0.62126,0.62267,0.62097,0.62252
2024-12-30 01:00:00,0.62256,0.62339,0.62239,0.62245
2024-12-30 02:00:00,0.62245,0.62292,0.62198,0.62266
2024-12-30 03:00:00,0.62266,0.62329,0.62222,0.62311
2024-12-30 04:00:00,0.6231,0.62342,0.62288,0.62338
2024-12-30 05:00:00,0.62337,0.62421,0.62322,0.62418
2024-12-30 06:00:00,0.62418,0.62425,0.62377,0.62397
2024-12-30 07:00:00,0.62398,0.62461,0.62391,0.62421
2024-12-30 08:00:00,0.62421,0.62463,0.62401,0.62402
2024-12-30 09:00:00,0.62402,0.62414,0.62348,0.62375
2024-12-30 10:00:00,0.62375,0.62375,0.62207,0.62212
2024-12-30 11:00:00,0.62212,0.62279,0.62205,0.62237
2024-12-30 12:00:00,0.62235,0.6235,0.62221,0.62333
2024-12-30 13:00:00,0.62333,0.62427,0.62328,0.62406
2024-12-30 14:00:00,0.62407,0.62422,0.62351,0.62372
2024-12-30 15:00:00,0.62372,0.62385,0.62154,0.62164
2024-12-30 16:00:00,0.62163,0.62249,0.6212,0.62207
2024-12-30 17:00:00,0.62206,0.6222,0.62014,0.6216
2024-12-30 18:00:00,0.6216,0.62198,0.62124,0.62167
2024-12-30 19:00:00,0.62167,0.62259,0.62153,0.62255
