time,open,high,low,close
2023-01-02 07:00:00,96.6,96.669,96.576,96.633
2023-01-02 08:00:00,96.639,96.688,96.614,96.636
2023-01-02 09:00:00,96.636,96.68,96.52,96.637
2023-01-02 10:00:00,96.683,96.696,96.595,96.634
2023-01-02 11:00:00,96.633,96.709,96.493,96.508
2023-01-02 12:00:00,96.508,96.516,96.415,96.448
2023-01-02 13:00:00,96.446,96.518,96.348,96.371
2023-01-02 14:00:00,96.363,96.409,96.28,96.288
2023-01-02 15:00:00,96.288,96.301,96.187,96.229
2023-01-02 16:00:00,96.238,96.344,96.218,96.307
2023-01-02 17:00:00,96.298,96.422,96.281,96.391
2023-01-02 18:00:00,96.393,96.417,96.287,96.327
2023-01-02 19:00:00,96.33,96.391,96.314,96.358
2023-01-02 20:00:00,96.345,96.379,96.277,96.35
2023-01-02 21:00:00,96.348,96.35,96.303,96.314
2023-01-02 22:00:00,96.315,96.339,96.241,96.309
2023-01-02 23:00:00,96.316,96.33,96.157,96.234
2023-01-03 00:00:00,96.234,96.353,96.16,96.305
2023-01-03 01:00:00,96.271,96.863,96.18,96.415
2023-01-03 02:00:00,96.41,96.513,96.187,96.209
2023-01-03 03:00:00,96.216,96.238,95.469,95.613
2023-01-03 04:00:00,95.615,95.719,95.471,95.695
2023-01-03 05:00:00,95.698,95.841,95.679,95.828
2023-01-03 06:00:00,95.822,95.833,95.589,95.607
2023-01-03 07:00:00,95.612,95.804,95.591,95.712
2023-01-03 08:00:00,95.71,95.913,95.582,95.802
2023-01-03 09:00:00,95.802,96.169,95.794,96.112
2023-01-03 10:00:00,96.115,96.284,95.978,96.059
2023-01-03 11:00:00,96.059,96.059,95.656,95.79
2023-01-03 12:00:00,95.789,95.923,95.699,95.872
2023-01-03 13:00:00,95.873,96.027,95.778,96.021
2023-01-03 14:00:00,96.021,96.229,95.798,95.868
2023-01-03 15:00:00,95.866,95.887,95.557,95.585
2023-01-03 16:00:00,95.588,95.748,95.396,95.611
2023-01-03 17:00:00,95.612,96.14,95.598,95.864
2023-01-03 18:00:00,95.868,95.989,95.678,95.747
2023-01-03 19:00:00,95.746,95.809,95.671,95.696
2023-01-03 20:00:00,95.696,95.699,95.519,95.638
2023-01-03 21:00:00,95.639,95.724,95.514,95.708
2023-01-03 22:00:00,95.703,95.807,95.683,95.8
2023-01-03 23:00:00,95.8,95.859,95.704,95.823
2023-01-04 00:00:00,95.812,95.843,95.715,95.822
2023-01-04 01:00:00,95.833,96.104,95.773,96.009
2023-01-04 02:00:00,96.01,96.024,95.74,95.924
2023-01-04 03:00:00,95.917,96.1,95.71,95.76
2023-01-04 04:00:00,95.762,95.966,95.759,95.885
2023-01-04 05:00:00,95.885,95.955,95.754,95.802
2023-01-04 06:00:00,95.801,95.993,95.801,95.967
2023-01-04 07:00:00,95.969,96.005,95.859,95.88
2023-01-04 08:00:00,95.88,95.883,95.743,95.797
2023-01-04 09:00:00,95.802,95.812,95.543,95.626
2023-01-04 10:00:00,95.632,96.33,95.517,96.272
2023-01-04 11:00:00,96.276,96.293,96.116,96.201
2023-01-04 12:00:00,96.2,96.357,96.2,96.255
2023-01-04 13:00:00,96.256,96.363,96.174,96.31
2023-01-04 14:00:00,96.311,96.642,96.306,96.534
2023-01-04 15:00:00,96.538,96.715,96.497,96.715
2023-01-04 16:00:00,96.714,96.903,96.612,96.86
2023-01-04 17:00:00,96.84,97.661,96.769,97.595
2023-01-04 18:00:00,97.596,97.862,97.541,97.83
2023-01-04 19:00:00,97.831,98.421,97.823,98.269
2023-01-04 20:00:00,98.269,98.275,98.054,98.118
2023-01-04 21:00:00,98.117,98.391,98.113,98.351
2023-01-04 22:00:00,98.35,98.416,98.249,98.405
2023-01-04 23:00:00,98.404,98.457,98.386,98.387
2023-01-05 00:00:00,98.328,98.403,98.161,98.196
2023-01-05 01:00:00,98.186,98.255,98.005,98.053
2023-01-05 02:00:00,98.054,98.101,97.74,97.761
2023-01-05 03:00:00,97.763,97.869,97.642,97.845
2023-01-05 04:00:00,97.843,97.899,97.623,97.712
2023-01-05 05:00:00,97.712,97.977,97.672,97.948
2023-01-05 06:00:00,97.948,98.052,97.878,97.955
2023-01-05 07:00:00,97.957,98.18,97.952,98.148
2023-01-05 08:00:00,98.154,98.154,97.979,98.007
2023-01-05 09:00:00,98.006,98.068,97.891,98.002
2023-01-05 10:00:00,98.004,98.303,97.947,98.13
2023-01-05 11:00:00,98.13,98.232,98.048,98.132
2023-01-05 12:00:00,98.131,98.213,98.044,98.079
2023-01-05 13:00:00,98.078,98.183,97.974,98.069
2023-01-05 14:00:00,98.068,98.333,98.061,98.327
2023-01-05 15:00:00,98.332,98.845,98.315,98.767
2023-01-05 16:00:00,98.767,98.812,98.557,98.746
2023-01-05 17:00:00,98.747,98.798,98.479,98.509
2023-01-05 18:00:00,98.508,98.572,98.21,98.36
2023-01-05 19:00:00,98.36,98.366,98.009,98.119
2023-01-05 20:00:00,98.119,98.22,98.06,98.169
2023-01-05 21:00:00,98.17,98.253,98.158,98.159
2023-01-05 22:00:00,98.16,98.221,98.146,98.191
2023-01-05 23:00:00,98.19,98.343,98.183,98.278
2023-01-06 00:00:00,98.267,98.318,98.19,98.27
2023-01-06 01:00:00,98.321,98.422,98.236,98.286
2023-01-06 02:00:00,98.286,98.594,98.279,98.536
2023-01-06 03:00:00,98.532,98.714,98.526,98.714
2023-01-06 04:00:00,98.718,98.734,98.552,98.601
2023-01-06 05:00:00,98.6,98.874,98.594,98.76
2023-01-06 06:00:00,98.763,98.847,98.697,98.716
2023-01-06 07:00:00,98.719,98.98,98.606,98.842
2023-01-06 08:00:00,98.851,98.893,98.708,98.708
2023-01-06 09:00:00,98.708,98.837,98.503,98.809
2023-01-06 10:00:00,98.811,98.959,98.758,98.793
2023-01-06 11:00:00,98.793,98.808,98.584,98.714
2023-01-06 12:00:00,98.716,98.716,98.525,98.562
2023-01-06 13:00:00,98.561,98.648,98.492,98.554
2023-01-06 14:00:00,98.551,98.658,98.491,98.622
2023-01-06 15:00:00,98.618,98.882,98.267,98.493
2023-01-06 16:00:00,98.493,98.936,98.437,98.842
2023-01-06 17:00:00,98.614,98.802,98.088,98.23
2023-01-06 18:00:00,98.23,98.419,98.172,98.263
2023-01-06 19:00:00,98.263,98.391,98.195,98.264
2023-01-06 20:00:00,98.26,98.311,98.2,98.205
2023-01-06 21:00:00,98.203,98.307,98.187,98.268
2023-01-06 22:00:00,98.272,98.321,98.227,98.247
2023-01-06 23:00:00,98.247,98.3,98.192,98.279
2023-01-09 00:00:00,97.983,98.253,97.983,98.243
2023-01-09 01:00:00,98.242,98.387,98.056,98.081
2023-01-09 02:00:00,98.081,98.303,98.007,98.146
2023-01-09 03:00:00,98.149,98.236,98.063,98.187
2023-01-09 04:00:00,98.185,98.222,97.957,97.977
2023-01-09 05:00:00,97.98,98.124,97.924,98.122
2023-01-09 06:00:00,98.119,98.273,98.114,98.248
2023-01-09 07:00:00,98.25,98.432,98.248,98.391
2023-01-09 08:00:00,98.389,98.423,98.271,98.335
2023-01-09 09:00:00,98.331,98.64,98.269,98.571
2023-01-09 10:00:00,98.567,98.708,98.539,98.581
2023-01-09 11:00:00,98.58,98.998,98.58,98.889
2023-01-09 12:00:00,98.888,99.063,98.83,99.061
2023-01-09 13:00:00,99.059,99.074,98.914,99.057
2023-01-09 14:00:00,99.058,99.061,98.79,98.932
2023-01-09 15:00:00,98.925,98.932,98.5,98.513
2023-01-09 16:00:00,98.514,98.564,98.278,98.526
2023-01-09 17:00:00,98.527,98.746,98.527,98.697
2023-01-09 18:00:00,98.697,98.729,98.376,98.394
2023-01-09 19:00:00,98.393,98.616,98.37,98.554
2023-01-09 20:00:00,98.556,98.592,98.459,98.507
2023-01-09 21:00:00,98.507,98.529,98.367,98.425
2023-01-09 22:00:00,98.422,98.545,98.417,98.435
2023-01-09 23:00:00,98.432,98.503,98.402,98.492
2023-01-10 00:00:00,98.412,98.483,98.337,98.443
2023-01-10 01:00:00,98.447,98.494,98.253,98.337
2023-01-10 02:00:00,98.338,98.647,98.299,98.317
2023-01-10 03:00:00,98.315,98.362,98.17,98.299
2023-01-10 04:00:00,98.297,98.422,98.268,98.383
2023-01-10 05:00:00,98.381,98.486,98.369,98.447
2023-01-10 06:00:00,98.446,98.544,98.443,98.539
2023-01-10 07:00:00,98.537,98.575,98.402,98.472
2023-01-10 08:00:00,98.474,98.621,98.441,98.58
2023-01-10 09:00:00,98.58,98.764,98.549,98.68
2023-01-10 10:00:00,98.677,98.7,98.37,98.438
2023-01-10 11:00:00,98.437,98.545,98.36,98.492
2023-01-10 12:00:00,98.491,98.609,98.491,98.556
2023-01-10 13:00:00,98.556,98.68,98.547,98.563
2023-01-10 14:00:00,98.563,98.705,98.513,98.677
2023-01-10 15:00:00,98.677,98.742,98.555,98.683
2023-01-10 16:00:00,98.684,98.688,98.34,98.477
2023-01-10 17:00:00,98.477,98.55,98.319,98.381
2023-01-10 18:00:00,98.382,98.527,98.368,98.449
2023-01-10 19:00:00,98.449,98.462,98.365,98.395
2023-01-10 20:00:00,98.396,98.54,98.354,98.527
2023-01-10 21:00:00,98.528,98.574,98.444,98.544
2023-01-10 22:00:00,98.544,98.544,98.449,98.487
2023-01-10 23:00:00,98.488,98.522,98.424,98.47
2023-01-11 00:00:00,98.455,98.498,98.297,98.463
2023-01-11 01:00:00,98.446,98.462,98.296,98.316
2023-01-11 02:00:00,98.311,98.554,98.311,98.495
2023-01-11 03:00:00,98.495,98.583,98.45,98.537
2023-01-11 04:00:00,98.537,98.641,98.522,98.636
2023-01-11 05:00:00,98.637,98.651,98.56,98.593
2023-01-11 06:00:00,98.594,98.634,98.473,98.479
2023-01-11 07:00:00,98.478,98.568,98.475,98.528
2023-01-11 08:00:00,98.527,98.632,98.458,98.585
2023-01-11 09:00:00,98.582,98.633,98.477,98.61
2023-01-11 10:00:00,98.61,98.794,98.574,98.766
2023-01-11 11:00:00,98.766,98.823,98.681,98.7
2023-01-11 12:00:00,98.699,98.712,98.58,98.708
2023-01-11 13:00:00,98.709,98.795,98.627,98.745
2023-01-11 14:00:00,98.741,98.894,98.676,98.828
2023-01-11 15:00:00,98.827,98.923,98.78,98.921
2023-01-11 16:00:00,98.921,98.943,98.668,98.715
2023-01-11 17:00:00,98.714,98.76,98.515,98.722
2023-01-11 18:00:00,98.722,98.791,98.575,98.764
2023-01-11 19:00:00,98.766,98.833,98.612,98.614
2023-01-11 20:00:00,98.615,98.772,98.548,98.551
2023-01-11 21:00:00,98.55,98.698,98.521,98.659
2023-01-11 22:00:00,98.658,98.718,98.639,98.695
2023-01-11 23:00:00,98.699,98.714,98.634,98.656
2023-01-12 00:00:00,98.58,98.659,98.565,98.613
2023-01-12 01:00:00,98.615,98.618,98.151,98.197
2023-01-12 02:00:00,98.193,98.294,97.987,98.213
2023-01-12 03:00:00,98.207,98.318,97.958,98.061
2023-01-12 04:00:00,98.059,98.162,97.94,98.041
2023-01-12 05:00:00,98.044,98.102,97.998,98.085
2023-01-12 06:00:00,98.087,98.149,97.873,97.904
2023-01-12 07:00:00,97.904,98.019,97.834,98.014
2023-01-12 08:00:00,98.013,98.084,97.926,98.05
2023-01-12 09:00:00,98.054,98.111,97.92,97.95
2023-01-12 10:00:00,97.951,98.039,97.883,97.98
2023-01-12 11:00:00,97.981,97.985,97.477,97.55
2023-01-12 12:00:00,97.55,97.653,97.481,97.571
2023-01-12 13:00:00,97.572,97.596,97.46,97.485
2023-01-12 14:00:00,97.484,97.492,97.329,97.451
2023-01-12 15:00:00,97.451,97.671,96.883,97.074
2023-01-12 16:00:00,97.073,97.419,97.034,97.307
2023-01-12 17:00:00,97.308,97.334,96.791,96.864
2023-01-12 18:00:00,96.864,96.987,96.771,96.973
2023-01-12 19:00:00,96.973,97.041,96.672,96.739
2023-01-12 20:00:00,96.741,96.755,96.535,96.75
2023-01-12 21:00:00,96.749,96.87,96.676,96.804
2023-01-12 22:00:00,96.805,96.849,96.67,96.682
2023-01-12 23:00:00,96.683,96.775,96.666,96.666
2023-01-13 00:00:00,96.644,96.8,96.518,96.665
2023-01-13 01:00:00,96.672,96.753,96.498,96.54
2023-01-13 02:00:00,96.539,96.622,96.219,96.554
2023-01-13 03:00:00,96.551,96.647,96.258,96.358
2023-01-13 04:00:00,96.356,96.531,96.334,96.52
2023-01-13 05:00:00,96.517,96.525,96.394,96.466
2023-01-13 06:00:00,96.463,96.533,96.357,96.512
2023-01-13 07:00:00,96.519,96.539,96.444,96.468
2023-01-13 08:00:00,96.469,96.47,96.005,96.117
2023-01-13 09:00:00,96.106,96.311,95.995,96.112
2023-01-13 10:00:00,96.114,96.27,96.037,96.226
2023-01-13 11:00:00,96.227,96.426,96.189,96.281
2023-01-13 12:00:00,96.284,96.351,96.148,96.208
2023-01-13 13:00:00,96.207,96.249,96.071,96.217
2023-01-13 14:00:00,96.218,96.246,95.894,95.905
2023-01-13 15:00:00,95.903,95.966,95.469,95.501
2023-01-13 16:00:00,95.501,95.558,95.144,95.164
2023-01-13 17:00:00,95.173,95.337,95.079,95.174
2023-01-13 18:00:00,95.175,95.342,95.096,95.313
2023-01-13 19:00:00,95.311,95.373,95.238,95.297
2023-01-13 20:00:00,95.298,95.454,95.272,95.443
2023-01-13 21:00:00,95.442,95.548,95.378,95.547
2023-01-13 22:00:00,95.539,95.539,95.476,95.488
2023-01-13 23:00:00,95.488,95.511,95.406,95.451
2023-01-16 00:00:00,95.35,95.409,95.307,95.342
2023-01-16 01:00:00,95.354,95.63,95.354,95.559
2023-01-16 02:00:00,95.568,95.759,95.475,95.518
2023-01-16 03:00:00,95.521,95.601,95.347,95.547
2023-01-16 04:00:00,95.549,95.591,95.256,95.361
2023-01-16 05:00:00,95.362,95.4,95.239,95.362
2023-01-16 06:00:00,95.364,95.543,95.297,95.492
2023-01-16 07:00:00,95.494,95.618,95.436,95.453
2023-01-16 08:00:00,95.453,95.73,95.42,95.672
2023-01-16 09:00:00,95.67,95.764,95.548,95.583
2023-01-16 10:00:00,95.583,96.05,95.484,95.922
2023-01-16 11:00:00,95.921,96.007,95.78,95.832
2023-01-16 12:00:00,95.833,96.002,95.776,95.914
2023-01-16 13:00:00,95.911,95.966,95.746,95.846
2023-01-16 14:00:00,95.844,95.97,95.8,95.903
2023-01-16 15:00:00,95.903,95.958,95.794,95.857
2023-01-16 16:00:00,95.858,95.954,95.823,95.9
2023-01-16 17:00:00,95.9,96.015,95.872,95.944
2023-01-16 18:00:00,95.947,96.054,95.884,96.023
2023-01-16 19:00:00,96.023,96.121,96.021,96.108
2023-01-16 20:00:00,96.109,96.115,95.922,95.932
2023-01-16 21:00:00,95.931,95.965,95.878,95.911
2023-01-16 22:00:00,95.913,95.928,95.809,95.814
2023-01-16 23:00:00,95.817,95.894,95.757,95.894
2023-01-17 00:00:00,95.843,95.844,95.737,95.771
2023-01-17 01:00:00,95.777,95.807,95.637,95.765
2023-01-17 02:00:00,95.765,95.945,95.75,95.81
2023-01-17 03:00:00,95.808,96.185,95.742,96.075
2023-01-17 04:00:00,96.077,96.224,96.039,96.179
2023-01-17 05:00:00,96.183,96.188,96.028,96.063
2023-01-17 06:00:00,96.057,96.085,95.965,96.006
2023-01-17 07:00:00,96.004,96.049,95.922,95.954
2023-01-17 08:00:00,95.956,96.151,95.905,96.085
2023-01-17 09:00:00,96.075,96.098,95.903,95.991
2023-01-17 10:00:00,95.992,96.033,95.744,95.753
2023-01-17 11:00:00,95.753,95.958,95.753,95.908
2023-01-17 12:00:00,95.907,96.109,95.86,95.991
2023-01-17 13:00:00,95.992,96.098,95.913,95.971
2023-01-17 14:00:00,95.971,96.007,95.733,95.878
2023-01-17 15:00:00,95.878,95.985,95.718,95.982
2023-01-17 16:00:00,95.984,96.002,95.763,95.875
2023-01-17 17:00:00,95.874,96.118,95.785,95.793
2023-01-17 18:00:00,95.794,95.826,95.673,95.789
2023-01-17 19:00:00,95.788,95.837,95.676,95.734
2023-01-17 20:00:00,95.734,95.847,95.716,95.83
2023-01-17 21:00:00,95.829,95.925,95.788,95.877
2023-01-17 22:00:00,95.878,95.913,95.731,95.76
2023-01-17 23:00:00,95.759,95.818,95.662,95.662
2023-01-18 00:00:00,95.678,95.759,95.613,95.747
2023-01-18 01:00:00,95.749,95.811,95.717,95.78
2023-01-18 02:00:00,95.783,96.216,95.751,96.185
2023-01-18 03:00:00,96.193,96.341,95.982,96.018
2023-01-18 04:00:00,96.015,97.566,95.81,97.47
2023-01-18 05:00:00,97.458,97.982,97.387,97.933
2023-01-18 06:00:00,97.936,98.209,97.892,98.173
2023-01-18 07:00:00,98.177,98.287,97.743,97.778
2023-01-18 08:00:00,97.779,98.09,97.598,97.764
2023-01-18 09:00:00,97.757,97.972,97.375,97.483
2023-01-18 10:00:00,97.479,97.559,96.955,96.977
2023-01-18 11:00:00,96.978,97.081,96.685,96.855
2023-01-18 12:00:00,96.854,96.938,96.584,96.709
2023-01-18 13:00:00,96.706,96.826,96.387,96.458
2023-01-18 14:00:00,96.454,96.576,96.355,96.489
2023-01-18 15:00:00,96.489,96.507,95.643,95.677
2023-01-18 16:00:00,95.677,95.828,95.372,95.781
2023-01-18 17:00:00,95.779,95.853,95.628,95.763
2023-01-18 18:00:00,95.763,95.817,95.568,95.591
2023-01-18 19:00:00,95.592,95.693,95.541,95.578
2023-01-18 20:00:00,95.569,95.597,95.371,95.541
2023-01-18 21:00:00,95.542,95.626,95.384,95.393
2023-01-18 22:00:00,95.397,95.495,95.397,95.451
2023-01-18 23:00:00,95.449,95.553,95.407,95.536
2023-01-19 00:00:00,95.49,95.515,95.266,95.398
2023-01-19 01:00:00,95.396,95.473,95.164,95.234
2023-01-19 02:00:00,95.224,95.265,94.921,94.994
2023-01-19 03:00:00,94.999,95.239,94.974,95.162
2023-01-19 04:00:00,95.159,95.198,95.071,95.103
2023-01-19 05:00:00,95.1,95.137,94.951,95.015
2023-01-19 06:00:00,95.018,95.02,94.737,94.845
2023-01-19 07:00:00,94.848,94.87,94.629,94.791
2023-01-19 08:00:00,94.79,94.831,94.667,94.76
2023-01-19 09:00:00,94.758,94.963,94.712,94.955
2023-01-19 10:00:00,94.955,95.082,94.849,94.87
2023-01-19 11:00:00,94.873,95.007,94.853,94.953
2023-01-19 12:00:00,94.951,95.256,94.949,95.207
2023-01-19 13:00:00,95.203,95.328,95.147,95.288
2023-01-19 14:00:00,95.288,95.333,95.119,95.231
2023-01-19 15:00:00,95.231,95.356,95.083,95.257
2023-01-19 16:00:00,95.256,95.35,95.209,95.236
2023-01-19 17:00:00,95.237,95.461,95.154,95.228
2023-01-19 18:00:00,95.229,95.392,95.167,95.214
2023-01-19 19:00:00,95.212,95.48,95.207,95.462
2023-01-19 20:00:00,95.459,95.498,95.396,95.422
2023-01-19 21:00:00,95.424,95.504,95.41,95.451
2023-01-19 22:00:00,95.451,95.486,95.349,95.37
2023-01-19 23:00:00,95.375,95.409,95.325,95.36
2023-01-20 00:00:00,95.325,95.365,95.29,95.331
2023-01-20 01:00:00,95.329,95.414,95.301,95.328
2023-01-20 02:00:00,95.328,95.564,95.318,95.553
2023-01-20 03:00:00,95.546,95.778,95.51,95.756
2023-01-20 04:00:00,95.759,95.804,95.673,95.686
2023-01-20 05:00:00,95.687,95.728,95.643,95.715
2023-01-20 06:00:00,95.716,95.917,95.716,95.826
2023-01-20 07:00:00,95.828,96.027,95.787,95.962
2023-01-20 08:00:00,95.961,95.978,95.852,95.937
2023-01-20 09:00:00,95.937,95.973,95.715,95.802
2023-01-20 10:00:00,95.802,95.976,95.72,95.951
2023-01-20 11:00:00,95.951,96.156,95.912,96.115
2023-01-20 12:00:00,96.116,96.296,95.952,96.26
2023-01-20 13:00:00,96.265,96.475,96.178,96.424
2023-01-20 14:00:00,96.421,96.719,96.372,96.606
2023-01-20 15:00:00,96.607,96.924,96.561,96.917
2023-01-20 16:00:00,96.918,96.952,96.517,96.727
2023-01-20 17:00:00,96.731,96.856,96.635,96.784
2023-01-20 18:00:00,96.786,96.883,96.726,96.864
2023-01-20 19:00:00,96.865,96.874,96.652,96.762
2023-01-20 20:00:00,96.763,96.832,96.599,96.784
2023-01-20 21:00:00,96.784,96.817,96.69,96.783
2023-01-20 22:00:00,96.785,96.851,96.738,96.832
2023-01-20 23:00:00,96.83,96.874,96.802,96.83
2023-01-23 00:00:00,96.613,96.811,96.603,96.804
2023-01-23 01:00:00,96.8,96.863,96.693,96.75
2023-01-23 02:00:00,96.754,96.875,96.627,96.731
2023-01-23 03:00:00,96.729,96.746,96.583,96.646
2023-01-23 04:00:00,96.642,96.671,96.52,96.563
2023-01-23 05:00:00,96.554,96.68,96.508,96.663
2023-01-23 06:00:00,96.665,96.971,96.662,96.889
2023-01-23 07:00:00,96.891,97.076,96.86,97.05
2023-01-23 08:00:00,97.05,97.322,97.022,97.279
2023-01-23 09:00:00,97.277,97.422,97.198,97.326
2023-01-23 10:00:00,97.325,97.373,97.085,97.197
2023-01-23 11:00:00,97.198,97.297,97.177,97.234
2023-01-23 12:00:00,97.234,97.366,97.105,97.36
2023-01-23 13:00:00,97.36,97.442,97.298,97.438
2023-01-23 14:00:00,97.438,97.507,97.331,97.442
2023-01-23 15:00:00,97.443,97.627,97.391,97.405
2023-01-23 16:00:00,97.406,97.678,97.361,97.57
2023-01-23 17:00:00,97.572,97.653,97.381,97.616
2023-01-23 18:00:00,97.618,97.669,97.506,97.646
2023-01-23 19:00:00,97.648,97.686,97.583,97.66
2023-01-23 20:00:00,97.659,97.691,97.611,97.656
2023-01-23 21:00:00,97.655,97.657,97.558,97.597
2023-01-23 22:00:00,97.597,97.716,97.587,97.716
2023-01-23 23:00:00,97.718,97.769,97.688,97.739
2023-01-24 00:00:00,97.644,97.692,97.584,97.612
2023-01-24 01:00:00,97.607,97.708,97.591,97.651
2023-01-24 02:00:00,97.652,97.745,97.448,97.551
2023-01-24 03:00:00,97.549,97.633,97.494,97.529
2023-01-24 04:00:00,97.531,97.654,97.447,97.536
2023-01-24 05:00:00,97.528,97.612,97.492,97.572
2023-01-24 06:00:00,97.576,97.606,97.389,97.484
2023-01-24 07:00:00,97.484,97.533,97.363,97.403
2023-01-24 08:00:00,97.403,97.472,97.364,97.416
2023-01-24 09:00:00,97.418,97.493,97.165,97.206
2023-01-24 10:00:00,97.202,97.345,97.153,97.3
2023-01-24 11:00:00,97.3,97.519,97.3,97.324
2023-01-24 12:00:00,97.328,97.393,97.252,97.374
2023-01-24 13:00:00,97.374,97.479,97.356,97.464
2023-01-24 14:00:00,97.462,97.541,97.406,97.525
2023-01-24 15:00:00,97.526,97.558,97.321,97.46
2023-01-24 16:00:00,97.459,97.817,97.353,97.741
2023-01-24 17:00:00,97.741,97.75,97.336,97.351
2023-01-24 18:00:00,97.351,97.459,97.157,97.294
2023-01-24 19:00:00,97.293,97.345,97.234,97.303
2023-01-24 20:00:00,97.304,97.374,97.299,97.335
2023-01-24 21:00:00,97.335,97.339,97.27,97.316
2023-01-24 22:00:00,97.316,97.347,97.272,97.323
2023-01-24 23:00:00,97.322,97.402,97.296,97.351
2023-01-25 00:00:00,97.333,97.392,97.277,97.342
2023-01-25 01:00:00,97.338,97.373,97.224,97.362
2023-01-25 02:00:00,97.361,97.619,97.356,97.498
2023-01-25 03:00:00,97.498,97.53,97.376,97.465
2023-01-25 04:00:00,97.472,97.599,97.4,97.56
2023-01-25 05:00:00,97.56,97.774,97.545,97.739
2023-01-25 06:00:00,97.739,97.776,97.644,97.674
2023-01-25 07:00:00,97.674,97.762,97.644,97.647
2023-01-25 08:00:00,97.647,97.71,97.616,97.679
2023-01-25 09:00:00,97.682,97.738,97.505,97.572
2023-01-25 10:00:00,97.57,97.609,97.396,97.424
2023-01-25 11:00:00,97.422,97.448,97.052,97.066
2023-01-25 12:00:00,97.068,97.244,97.04,97.142
2023-01-25 13:00:00,97.14,97.148,96.942,96.99
2023-01-25 14:00:00,96.989,97.115,96.887,97.025
2023-01-25 15:00:00,97.024,97.245,96.99,97.212
2023-01-25 16:00:00,97.212,97.233,96.941,97.015
2023-01-25 17:00:00,96.81,96.912,96.338,96.622
2023-01-25 18:00:00,96.619,96.839,96.611,96.639
2023-01-25 19:00:00,96.64,96.706,96.581,96.641
2023-01-25 20:00:00,96.643,96.747,96.629,96.687
2023-01-25 21:00:00,96.692,96.878,96.692,96.782
2023-01-25 22:00:00,96.782,96.864,96.768,96.818
2023-01-25 23:00:00,96.82,96.83,96.685,96.749
2023-01-26 00:00:00,96.752,96.804,96.689,96.699
2023-01-26 01:00:00,96.708,96.733,96.552,96.582
2023-01-26 02:00:00,96.583,96.676,96.393,96.46
2023-01-26 03:00:00,96.466,96.527,96.286,96.424
2023-01-26 04:00:00,96.427,96.7,96.383,96.567
2023-01-26 05:00:00,96.563,96.589,96.44,96.462
2023-01-26 06:00:00,96.462,96.51,96.309,96.46
2023-01-26 07:00:00,96.461,96.59,96.451,96.55
2023-01-26 08:00:00,96.55,96.616,96.446,96.522
2023-01-26 09:00:00,96.523,96.773,96.512,96.694
2023-01-26 10:00:00,96.698,96.99,96.694,96.888
2023-01-26 11:00:00,96.889,96.999,96.806,96.961
2023-01-26 12:00:00,96.959,97.033,96.841,96.873
2023-01-26 13:00:00,96.874,97.035,96.873,96.993
2023-01-26 14:00:00,96.993,97.169,96.953,97.059
2023-01-26 15:00:00,97.06,97.425,96.969,97.234
2023-01-26 16:00:00,97.235,97.759,97.167,97.603
2023-01-26 17:00:00,97.602,97.638,97.428,97.578
2023-01-26 18:00:00,97.58,97.744,97.476,97.681
2023-01-26 19:00:00,97.682,97.699,97.531,97.561
2023-01-26 20:00:00,97.56,97.562,97.423,97.513
2023-01-26 21:00:00,97.512,97.683,97.509,97.654
2023-01-26 22:00:00,97.654,97.768,97.627,97.747
2023-01-26 23:00:00,97.747,97.789,97.701,97.727
2023-01-27 00:00:00,97.719,97.742,97.604,97.666
2023-01-27 01:00:00,97.651,97.702,97.27,97.455
2023-01-27 02:00:00,97.449,97.539,97.24,97.364
2023-01-27 03:00:00,97.367,97.435,97.31,97.348
2023-01-27 04:00:00,97.351,97.403,97.272,97.344
2023-01-27 05:00:00,97.344,97.414,97.26,97.34
2023-01-27 06:00:00,97.344,97.573,97.332,97.466
2023-01-27 07:00:00,97.469,97.495,97.404,97.469
2023-01-27 08:00:00,97.467,97.612,97.342,97.568
2023-01-27 09:00:00,97.57,97.617,97.405,97.45
2023-01-27 10:00:00,97.441,97.48,97.268,97.456
2023-01-27 11:00:00,97.455,97.538,97.382,97.497
2023-01-27 12:00:00,97.495,97.5,97.377,97.473
2023-01-27 13:00:00,97.475,97.567,97.431,97.544
2023-01-27 14:00:00,97.546,97.589,97.437,97.463
2023-01-27 15:00:00,97.462,97.491,97.3,97.328
2023-01-27 16:00:00,97.329,97.54,97.272,97.487
2023-01-27 17:00:00,97.477,97.659,97.404,97.5
2023-01-27 18:00:00,97.501,97.613,97.448,97.587
2023-01-27 19:00:00,97.586,97.642,97.502,97.641
2023-01-27 20:00:00,97.638,97.679,97.612,97.631
2023-01-27 21:00:00,97.631,97.638,97.551,97.634
2023-01-27 22:00:00,97.636,97.668,97.554,97.557
2023-01-27 23:00:00,97.559,97.572,97.505,97.539
2023-01-30 00:00:00,97.324,97.492,97.304,97.474
2023-01-30 01:00:00,97.471,97.597,97.471,97.553
2023-01-30 02:00:00,97.559,97.821,97.556,97.785
2023-01-30 03:00:00,97.786,97.868,97.745,97.841
2023-01-30 04:00:00,97.849,97.87,97.62,97.644
2023-01-30 05:00:00,97.64,97.669,97.478,97.478
2023-01-30 06:00:00,97.483,97.485,96.995,97.202
2023-01-30 07:00:00,97.2,97.342,97.108,97.246
2023-01-30 08:00:00,97.242,97.25,97.083,97.189
2023-01-30 09:00:00,97.189,97.189,97.034,97.117
2023-01-30 10:00:00,97.118,97.596,97.118,97.5
2023-01-30 11:00:00,97.502,97.534,97.44,97.492
2023-01-30 12:00:00,97.493,97.586,97.462,97.499
2023-01-30 13:00:00,97.497,97.696,97.497,97.652
2023-01-30 14:00:00,97.655,97.686,97.522,97.601
2023-01-30 15:00:00,97.599,97.624,97.429,97.51
2023-01-30 16:00:00,97.51,97.703,97.481,97.567
2023-01-30 17:00:00,97.564,97.736,97.492,97.662
2023-01-30 18:00:00,97.664,97.761,97.584,97.631
2023-01-30 19:00:00,97.631,97.664,97.541,97.617
2023-01-30 20:00:00,97.617,97.617,97.549,97.572
2023-01-30 21:00:00,97.57,97.58,97.508,97.549
2023-01-30 22:00:00,97.546,97.559,97.433,97.433
2023-01-30 23:00:00,97.433,97.455,97.404,97.43
2023-01-31 00:00:00,97.398,97.456,97.351,97.373
2023-01-31 01:00:00,97.431,97.509,97.335,97.476
2023-01-31 02:00:00,97.473,97.504,97.311,97.346
2023-01-31 03:00:00,97.344,97.348,97.197,97.222
2023-01-31 04:00:00,97.219,97.251,97.082,97.16
2023-01-31 05:00:00,97.158,97.206,97.06,97.113
2023-01-31 06:00:00,97.117,97.205,97.05,97.179
2023-01-31 07:00:00,97.178,97.194,96.979,97.002
2023-01-31 08:00:00,97.004,97.109,96.991,97.1
2023-01-31 09:00:00,97.096,97.101,96.984,97.035
2023-01-31 10:00:00,97.035,97.088,96.879,96.915
2023-01-31 11:00:00,96.913,96.976,96.8,96.962
2023-01-31 12:00:00,96.961,96.973,96.799,96.807
2023-01-31 13:00:00,96.809,96.931,96.777,96.93
2023-01-31 14:00:00,96.934,97.015,96.915,96.963
2023-01-31 15:00:00,96.96,97.007,96.711,96.86
2023-01-31 16:00:00,96.86,97.015,96.793,96.806
2023-01-31 17:00:00,96.812,97.58,96.781,97.431
2023-01-31 18:00:00,97.433,97.65,97.408,97.625
2023-01-31 19:00:00,97.627,97.806,97.626,97.72
2023-01-31 20:00:00,97.72,97.828,97.708,97.815
2023-01-31 21:00:00,97.819,97.858,97.757,97.823
2023-01-31 22:00:00,97.816,97.868,97.779,97.805
2023-01-31 23:00:00,97.805,97.845,97.737,97.766
2023-02-01 00:00:00,97.673,97.757,97.646,97.709
2023-02-01 01:00:00,97.711,97.796,97.706,97.753
2023-02-01 02:00:00,97.754,97.833,97.589,97.639
2023-02-01 03:00:00,97.637,97.738,97.602,97.685
2023-02-01 04:00:00,97.687,97.72,97.582,97.596
2023-02-01 05:00:00,97.601,97.682,97.589,97.668
2023-02-01 06:00:00,97.664,97.873,97.654,97.858
2023-02-01 07:00:00,97.862,97.892,97.771,97.777
2023-02-01 08:00:00,97.775,97.87,97.753,97.825
2023-02-01 09:00:00,97.826,97.96,97.773,97.787
2023-02-01 10:00:00,97.789,97.872,97.742,97.769
2023-02-01 11:00:00,97.768,97.78,97.566,97.584
2023-02-01 12:00:00,97.578,97.639,97.49,97.54
2023-02-01 13:00:00,97.539,97.58,97.425,97.559
2023-02-01 14:00:00,97.559,97.576,97.47,97.534
2023-02-01 15:00:00,97.533,97.54,97.175,97.189
2023-02-01 16:00:00,97.189,97.388,97.165,97.256
2023-02-01 17:00:00,97.256,97.417,96.934,97.009
2023-02-01 18:00:00,97.009,97.07,96.937,96.941
2023-02-01 19:00:00,96.941,96.968,96.822,96.83
2023-02-01 20:00:00,96.829,96.985,96.787,96.863
2023-02-01 21:00:00,96.858,97.196,96.637,96.798
2023-02-01 22:00:00,96.795,97.096,96.793,96.942
2023-02-01 23:00:00,96.944,97.098,96.917,97.01
2023-02-02 00:00:00,96.981,97.037,96.926,96.984
2023-02-02 01:00:00,96.985,96.996,96.772,96.868
2023-02-02 02:00:00,96.869,96.9,96.528,96.731
2023-02-02 03:00:00,96.733,96.876,96.72,96.805
2023-02-02 04:00:00,96.804,96.837,96.718,96.741
2023-02-02 05:00:00,96.74,96.819,96.691,96.808
2023-02-02 06:00:00,96.811,96.818,96.703,96.742
2023-02-02 07:00:00,96.742,96.824,96.688,96.785
2023-02-02 08:00:00,96.783,96.902,96.767,96.8
2023-02-02 09:00:00,96.802,96.841,96.757,96.814
2023-02-02 10:00:00,96.813,97.229,96.808,97.085
2023-02-02 11:00:00,97.084,97.143,97.005,97.074
2023-02-02 12:00:00,97.072,97.137,96.953,96.955
2023-02-02 13:00:00,96.955,96.988,96.88,96.95
2023-02-02 14:00:00,96.952,96.973,96.483,96.599
2023-02-02 15:00:00,96.599,96.675,96.444,96.6
2023-02-02 16:00:00,96.598,96.602,96.37,96.547
2023-02-02 17:00:00,96.549,96.641,96.466,96.518
2023-02-02 18:00:00,96.522,96.525,96.368,96.445
2023-02-02 19:00:00,96.445,96.474,96.371,96.47
2023-02-02 20:00:00,96.471,96.632,96.401,96.592
2023-02-02 21:00:00,96.592,96.601,96.474,96.529
2023-02-02 22:00:00,96.532,96.706,96.509,96.705
2023-02-02 23:00:00,96.705,96.705,96.561,96.644
2023-02-03 00:00:00,96.545,96.593,96.499,96.565
2023-02-03 01:00:00,96.565,96.681,96.542,96.669
2023-02-03 02:00:00,96.672,96.702,96.47,96.518
2023-02-03 03:00:00,96.515,96.642,96.486,96.577
2023-02-03 04:00:00,96.576,96.584,96.36,96.4
2023-02-03 05:00:00,96.397,96.459,96.349,96.438
2023-02-03 06:00:00,96.442,96.478,96.393,96.433
2023-02-03 07:00:00,96.432,96.527,96.432,96.488
2023-02-03 08:00:00,96.492,96.537,96.444,96.448
2023-02-03 09:00:00,96.448,96.484,96.386,96.41
2023-02-03 10:00:00,96.412,96.412,96.22,96.286
2023-02-03 11:00:00,96.285,96.355,96.208,96.31
2023-02-03 12:00:00,96.313,96.339,96.202,96.25
2023-02-03 13:00:00,96.251,96.27,96.162,96.169
2023-02-03 14:00:00,96.167,96.2,96.049,96.14
2023-02-03 15:00:00,96.14,97.029,96.043,96.894
2023-02-03 16:00:00,96.893,97.324,96.843,97.257
2023-02-03 17:00:00,97.241,98.066,97.241,98.038
2023-02-03 18:00:00,98.039,98.039,97.753,97.849
2023-02-03 19:00:00,97.85,98.036,97.792,97.839
2023-02-03 20:00:00,97.839,97.913,97.739,97.902
2023-02-03 21:00:00,97.902,97.954,97.804,97.868
2023-02-03 22:00:00,97.866,97.866,97.78,97.85
2023-02-03 23:00:00,97.852,97.893,97.825,97.854
2023-02-06 00:00:00,98.611,98.613,98.083,98.263
2023-02-06 01:00:00,98.263,98.531,98.081,98.513
2023-02-06 02:00:00,98.516,98.763,98.405,98.714
2023-02-06 03:00:00,98.712,98.733,98.539,98.651
2023-02-06 04:00:00,98.652,98.737,98.291,98.503
2023-02-06 05:00:00,98.503,98.533,98.322,98.374
2023-02-06 06:00:00,98.373,98.443,98.241,98.245
2023-02-06 07:00:00,98.246,98.314,98.167,98.309
2023-02-06 08:00:00,98.309,98.377,98.261,98.301
2023-02-06 09:00:00,98.299,98.332,98.21,98.251
2023-02-06 10:00:00,98.253,98.429,98.161,98.301
2023-02-06 11:00:00,98.301,98.342,98.118,98.195
2023-02-06 12:00:00,98.194,98.403,98.172,98.375
2023-02-06 13:00:00,98.374,98.398,98.303,98.323
2023-02-06 14:00:00,98.321,98.459,98.307,98.424
2023-02-06 15:00:00,98.426,98.715,98.376,98.697
2023-02-06 16:00:00,98.695,98.717,98.476,98.552
2023-02-06 17:00:00,98.552,98.746,98.537,98.723
2023-02-06 18:00:00,98.724,98.824,98.692,98.758
2023-02-06 19:00:00,98.758,98.857,98.69,98.741
2023-02-06 20:00:00,98.741,98.75,98.645,98.686
2023-02-06 21:00:00,98.685,98.696,98.556,98.563
2023-02-06 22:00:00,98.565,98.673,98.553,98.647
2023-02-06 23:00:00,98.651,98.666,98.594,98.635
2023-02-07 00:00:00,98.589,98.629,98.498,98.605
2023-02-07 01:00:00,98.599,98.684,98.584,98.647
2023-02-07 02:00:00,98.647,98.662,98.523,98.638
2023-02-07 03:00:00,98.636,98.658,98.485,98.537
2023-02-07 04:00:00,98.537,98.666,98.533,98.666
2023-02-07 05:00:00,98.666,98.713,98.52,98.552
2023-02-07 06:00:00,98.554,98.59,98.476,98.486
2023-02-07 07:00:00,98.487,98.568,98.474,98.537
2023-02-07 08:00:00,98.535,98.537,98.404,98.444
2023-02-07 09:00:00,98.446,98.475,98.364,98.412
2023-02-07 10:00:00,98.412,98.508,98.126,98.256
2023-02-07 11:00:00,98.257,98.321,98.199,98.27
2023-02-07 12:00:00,98.271,98.365,98.256,98.321
2023-02-07 13:00:00,98.317,98.438,98.312,98.418
2023-02-07 14:00:00,98.416,98.446,98.322,98.331
2023-02-07 15:00:00,98.333,98.397,98.003,98.068
2023-02-07 16:00:00,98.072,98.187,97.963,98.103
2023-02-07 17:00:00,98.103,98.103,97.516,97.565
2023-02-07 18:00:00,97.567,97.819,97.562,97.741
2023-02-07 19:00:00,97.742,97.808,97.465,97.503
2023-02-07 20:00:00,97.506,97.701,97.485,97.686
2023-02-07 21:00:00,97.686,97.82,97.669,97.735
2023-02-07 22:00:00,97.737,97.867,97.733,97.794
2023-02-07 23:00:00,97.792,97.852,97.78,97.794
2023-02-08 00:00:00,97.786,97.847,97.715,97.822
2023-02-08 01:00:00,97.823,97.881,97.804,97.859
2023-02-08 02:00:00,97.857,97.875,97.585,97.689
2023-02-08 03:00:00,97.689,97.927,97.659,97.902
2023-02-08 04:00:00,97.902,98.025,97.902,97.942
2023-02-08 05:00:00,97.947,97.969,97.873,97.902
2023-02-08 06:00:00,97.902,97.947,97.838,97.92
2023-02-08 07:00:00,97.919,97.96,97.864,97.879
2023-02-08 08:00:00,97.876,98.029,97.828,97.963
2023-02-08 09:00:00,97.962,98.063,97.83,97.869
2023-02-08 10:00:00,97.871,97.926,97.826,97.871
2023-02-08 11:00:00,97.872,97.894,97.705,97.731
2023-02-08 12:00:00,97.732,97.903,97.731,97.796
2023-02-08 13:00:00,97.795,97.815,97.677,97.811
2023-02-08 14:00:00,97.814,97.826,97.698,97.801
2023-02-08 15:00:00,97.8,97.923,97.761,97.875
2023-02-08 16:00:00,97.875,97.954,97.765,97.909
2023-02-08 17:00:00,97.907,97.962,97.757,97.891
2023-02-08 18:00:00,97.891,97.891,97.68,97.741
2023-02-08 19:00:00,97.743,97.747,97.642,97.728
2023-02-08 20:00:00,97.728,97.752,97.652,97.696
2023-02-08 21:00:00,97.696,97.761,97.661,97.746
2023-02-08 22:00:00,97.746,97.775,97.688,97.738
2023-02-08 23:00:00,97.736,97.753,97.69,97.705
2023-02-09 00:00:00,97.663,97.744,97.646,97.663
2023-02-09 01:00:00,97.662,97.736,97.64,97.71
2023-02-09 02:00:00,97.711,97.823,97.592,97.772
2023-02-09 03:00:00,97.773,97.959,97.74,97.785
2023-02-09 04:00:00,97.784,97.85,97.73,97.754
2023-02-09 05:00:00,97.753,97.804,97.706,97.781
2023-02-09 06:00:00,97.782,97.833,97.724,97.815
2023-02-09 07:00:00,97.816,98.054,97.341,97.791
2023-02-09 08:00:00,97.789,97.837,97.646,97.726
2023-02-09 09:00:00,97.718,97.843,97.7,97.744
2023-02-09 10:00:00,97.741,97.756,97.628,97.681
2023-02-09 11:00:00,97.683,97.719,97.584,97.604
2023-02-09 12:00:00,97.604,97.689,97.528,97.656
2023-02-09 13:00:00,97.655,97.782,97.633,97.639
2023-02-09 14:00:00,97.638,97.681,97.514,97.632
2023-02-09 15:00:00,97.63,97.656,97.426,97.467
2023-02-09 16:00:00,97.468,97.583,97.408,97.469
2023-02-09 17:00:00,97.468,97.668,97.454,97.577
2023-02-09 18:00:00,97.577,97.632,97.506,97.533
2023-02-09 19:00:00,97.536,97.611,97.454,97.529
2023-02-09 20:00:00,97.529,97.755,97.519,97.741
2023-02-09 21:00:00,97.739,97.849,97.702,97.807
2023-02-09 22:00:00,97.804,97.821,97.708,97.771
2023-02-09 23:00:00,97.771,97.8,97.73,97.766
2023-02-10 00:00:00,97.754,97.802,97.628,97.687
2023-02-10 01:00:00,97.687,97.785,97.644,97.78
2023-02-10 02:00:00,97.78,97.919,97.762,97.814
2023-02-10 03:00:00,97.814,97.988,97.8,97.826
2023-02-10 04:00:00,97.825,97.858,97.722,97.808
2023-02-10 05:00:00,97.806,97.831,97.715,97.81
2023-02-10 06:00:00,97.811,97.835,97.721,97.788
2023-02-10 07:00:00,97.787,97.881,97.651,97.742
2023-02-10 08:00:00,97.741,97.828,97.672,97.801
2023-02-10 09:00:00,97.798,97.859,96.973,97.016
2023-02-10 10:00:00,97.016,97.252,96.627,97.103
2023-02-10 11:00:00,97.104,97.863,97.085,97.437
2023-02-10 12:00:00,97.435,97.571,97.314,97.391
2023-02-10 13:00:00,97.393,97.443,97.188,97.269
2023-02-10 14:00:00,97.272,97.477,97.205,97.383
2023-02-10 15:00:00,97.381,97.812,97.306,97.711
2023-02-10 16:00:00,97.713,98.102,97.692,98.03
2023-02-10 17:00:00,98.034,98.341,98.031,98.338
2023-02-10 18:00:00,98.338,98.501,98.308,98.401
2023-02-10 19:00:00,98.4,98.424,98.304,98.41
2023-02-10 20:00:00,98.412,98.461,98.384,98.434
2023-02-10 21:00:00,98.435,98.538,98.426,98.538
2023-02-10 22:00:00,98.536,98.548,98.444,98.466
2023-02-10 23:00:00,98.468,98.498,98.428,98.443
2023-02-13 00:00:00,98.288,98.487,98.288,98.442
2023-02-13 01:00:00,98.442,98.568,98.422,98.471
2023-02-13 02:00:00,98.471,98.64,98.395,98.599
2023-02-13 03:00:00,98.597,98.663,98.496,98.538
2023-02-13 04:00:00,98.539,98.606,98.517,98.53
2023-02-13 05:00:00,98.53,98.803,98.526,98.702
2023-02-13 06:00:00,98.7,98.796,98.7,98.77
2023-02-13 07:00:00,98.771,98.862,98.749,98.84
2023-02-13 08:00:00,98.841,98.957,98.8,98.887
2023-02-13 09:00:00,98.885,98.964,98.774,98.87
2023-02-13 10:00:00,98.87,99.159,98.869,99.151
2023-02-13 11:00:00,99.151,99.327,99.116,99.269
2023-02-13 12:00:00,99.271,99.279,99.146,99.201
2023-02-13 13:00:00,99.2,99.444,99.187,99.442
2023-02-13 14:00:00,99.44,99.505,99.21,99.224
2023-02-13 15:00:00,99.222,99.428,99.18,99.346
2023-02-13 16:00:00,99.345,99.394,99.265,99.317
2023-02-13 17:00:00,99.316,99.521,99.29,99.517
2023-02-13 18:00:00,99.519,99.542,99.393,99.416
2023-02-13 19:00:00,99.417,99.44,99.351,99.426
2023-02-13 20:00:00,99.427,99.437,99.331,99.392
2023-02-13 21:00:00,99.393,99.396,99.28,99.314
2023-02-13 22:00:00,99.315,99.317,99.162,99.191
2023-02-13 23:00:00,99.191,99.347,99.163,99.307
2023-02-14 00:00:00,99.284,99.303,99.203,99.273
2023-02-14 01:00:00,99.272,99.33,99.14,99.226
2023-02-14 02:00:00,99.227,99.254,99.025,99.057
2023-02-14 03:00:00,99.058,99.073,98.887,98.927
2023-02-14 04:00:00,98.927,99.05,98.819,99.048
2023-02-14 05:00:00,99.048,99.074,98.989,99.015
2023-02-14 06:00:00,99.016,99.044,98.961,98.971
2023-02-14 07:00:00,98.971,98.98,98.817,98.869
2023-02-14 08:00:00,98.869,98.987,98.835,98.926
2023-02-14 09:00:00,98.926,98.983,98.877,98.973
2023-02-14 10:00:00,98.968,99.011,98.851,98.963
2023-02-14 11:00:00,98.963,99.018,98.903,98.994
2023-02-14 12:00:00,98.993,99.218,98.975,99.11
2023-02-14 13:00:00,99.11,99.18,99.016,99.078
2023-02-14 14:00:00,99.078,99.204,99.07,99.071
2023-02-14 15:00:00,99.072,99.581,98.989,99.255
2023-02-14 16:00:00,99.26,99.487,99.21,99.483
2023-02-14 17:00:00,99.476,99.568,99.379,99.452
2023-02-14 18:00:00,99.452,99.567,99.414,99.532
2023-02-14 19:00:00,99.532,99.807,99.522,99.666
2023-02-14 20:00:00,99.664,99.709,99.592,99.675
2023-02-14 21:00:00,99.676,99.782,99.651,99.739
2023-02-14 22:00:00,99.739,99.762,99.694,99.74
2023-02-14 23:00:00,99.742,99.804,99.699,99.8
2023-02-15 00:00:00,99.789,99.798,99.703,99.758
2023-02-15 01:00:00,99.757,99.799,99.657,99.677
2023-02-15 02:00:00,99.676,99.724,99.437,99.47
2023-02-15 03:00:00,99.468,99.529,99.316,99.368
2023-02-15 04:00:00,99.371,99.461,99.364,99.412
2023-02-15 05:00:00,99.411,99.578,99.386,99.54
2023-02-15 06:00:00,99.538,99.632,99.524,99.625
2023-02-15 07:00:00,99.623,99.628,99.544,99.585
2023-02-15 08:00:00,99.588,99.744,99.511,99.697
2023-02-15 09:00:00,99.697,99.752,99.581,99.629
2023-02-15 10:00:00,99.628,99.648,99.501,99.636
2023-02-15 11:00:00,99.639,99.669,99.48,99.553
2023-02-15 12:00:00,99.551,99.566,99.429,99.524
2023-02-15 13:00:00,99.525,99.557,99.452,99.533
2023-02-15 14:00:00,99.534,99.764,99.521,99.691
2023-02-15 15:00:00,99.696,99.922,99.476,99.756
2023-02-15 16:00:00,99.753,99.908,99.726,99.846
2023-02-15 17:00:00,99.848,100.115,99.83,100.064
2023-02-15 18:00:00,100.064,100.18,100.035,100.147
2023-02-15 19:00:00,100.151,100.159,99.969,100.038
2023-02-15 20:00:00,100.04,100.277,99.977,100.263
2023-02-15 21:00:00,100.264,100.274,100.109,100.121
2023-02-15 22:00:00,100.123,100.153,100.102,100.144
2023-02-15 23:00:00,100.146,100.18,100.112,100.148
2023-02-16 00:00:00,100.104,100.158,99.967,100.015
2023-02-16 01:00:00,100.013,100.051,99.93,99.976
2023-02-16 02:00:00,99.976,100.062,99.863,100.045
2023-02-16 03:00:00,100.045,100.097,99.981,100.023
2023-02-16 04:00:00,100.021,100.061,99.894,99.994
2023-02-16 05:00:00,99.994,100.028,99.91,99.938
2023-02-16 06:00:00,99.939,100.057,99.929,100.047
2023-02-16 07:00:00,100.046,100.122,100.018,100.044
2023-02-16 08:00:00,100.041,100.061,99.99,100.031
2023-02-16 09:00:00,100.032,100.092,99.944,100.004
2023-02-16 10:00:00,100.0,100.104,99.956,100.033
2023-02-16 11:00:00,100.031,100.092,99.96,100.045
2023-02-16 12:00:00,100.042,100.09,99.998,100.067
2023-02-16 13:00:00,100.066,100.087,99.947,99.952
2023-02-16 14:00:00,99.952,99.995,99.894,99.894
2023-02-16 15:00:00,99.894,100.091,99.865,100.023
2023-02-16 16:00:00,100.022,100.05,99.821,99.828
2023-02-16 17:00:00,99.829,99.855,99.614,99.763
2023-02-16 18:00:00,99.762,99.782,99.575,99.579
2023-02-16 19:00:00,99.577,99.696,99.568,99.691
2023-02-16 20:00:00,99.692,99.727,99.551,99.619
2023-02-16 21:00:00,99.62,99.674,99.56,99.667
2023-02-16 22:00:00,99.664,99.688,99.46,99.478
2023-02-16 23:00:00,99.477,99.547,99.44,99.523
2023-02-17 00:00:00,99.522,99.588,99.478,99.492
2023-02-17 01:00:00,99.492,99.602,99.49,99.499
2023-02-17 02:00:00,99.499,99.694,99.492,99.654
2023-02-17 03:00:00,99.655,99.888,99.629,99.872
2023-02-17 04:00:00,99.871,99.895,99.779,99.829
2023-02-17 05:00:00,99.826,99.894,99.815,99.855
2023-02-17 06:00:00,99.856,99.935,99.842,99.86
2023-02-17 07:00:00,99.86,99.911,99.843,99.903
2023-02-17 08:00:00,99.902,99.909,99.826,99.868
2023-02-17 09:00:00,99.869,99.94,99.788,99.841
2023-02-17 10:00:00,99.843,99.912,99.76,99.8
2023-02-17 11:00:00,99.801,99.886,99.767,99.835
2023-02-17 12:00:00,99.836,99.88,99.793,99.811
2023-02-17 13:00:00,99.811,99.909,99.724,99.761
2023-02-17 14:00:00,99.761,99.794,99.654,99.74
2023-02-17 15:00:00,99.737,99.825,99.619,99.742
2023-02-17 16:00:00,99.74,99.797,99.489,99.581
2023-02-17 17:00:00,99.579,99.65,99.394,99.561
2023-02-17 18:00:00,99.562,99.605,99.452,99.505
2023-02-17 19:00:00,99.503,99.604,99.492,99.561
2023-02-17 20:00:00,99.559,99.593,99.514,99.57
2023-02-17 21:00:00,99.572,99.59,99.542,99.572
2023-02-17 22:00:00,99.572,99.597,99.517,99.561
2023-02-17 23:00:00,99.561,99.605,99.528,99.542
2023-02-20 00:00:00,99.522,99.636,99.515,99.593
2023-02-20 01:00:00,99.588,99.618,99.56,99.605
2023-02-20 02:00:00,99.606,99.653,99.562,99.611
2023-02-20 03:00:00,99.609,99.765,99.586,99.697
2023-02-20 04:00:00,99.698,99.752,99.602,99.622
2023-02-20 05:00:00,99.624,99.684,99.557,99.56
2023-02-20 06:00:00,99.559,99.585,99.396,99.457
2023-02-20 07:00:00,99.456,99.56,99.435,99.552
2023-02-20 08:00:00,99.555,99.581,99.489,99.57
2023-02-20 09:00:00,99.568,99.599,99.515,99.563
2023-02-20 10:00:00,99.562,99.765,99.525,99.721
2023-02-20 11:00:00,99.721,99.724,99.528,99.649
2023-02-20 12:00:00,99.646,99.688,99.551,99.619
2023-02-20 13:00:00,99.62,99.654,99.506,99.532
2023-02-20 14:00:00,99.522,99.617,99.505,99.583
2023-02-20 15:00:00,99.58,99.672,99.531,99.635
2023-02-20 16:00:00,99.637,99.711,99.571,99.583
2023-02-20 17:00:00,99.584,99.657,99.561,99.609
2023-02-20 18:00:00,99.61,99.7,99.592,99.7
2023-02-20 19:00:00,99.699,99.786,99.692,99.785
2023-02-20 20:00:00,99.79,99.793,99.762,99.776
2023-02-20 21:00:00,99.777,99.791,99.75,99.789
2023-02-20 22:00:00,99.789,99.808,99.778,99.792
2023-02-20 23:00:00,99.794,99.816,99.767,99.799
2023-02-21 00:00:00,99.702,99.815,99.676,99.785
2023-02-21 01:00:00,99.781,99.837,99.745,99.836
2023-02-21 02:00:00,99.837,99.856,99.659,99.696
2023-02-21 03:00:00,99.694,99.802,99.675,99.687
2023-02-21 04:00:00,99.679,99.825,99.631,99.816
2023-02-21 05:00:00,99.817,99.833,99.735,99.754
2023-02-21 06:00:00,99.755,99.768,99.659,99.695
2023-02-21 07:00:00,99.697,99.754,99.676,99.721
2023-02-21 08:00:00,99.719,99.832,99.7,99.832
2023-02-21 09:00:00,99.834,99.864,99.766,99.8
2023-02-21 10:00:00,99.799,100.049,99.792,99.883
2023-02-21 11:00:00,99.88,100.058,99.811,100.027
2023-02-21 12:00:00,100.029,100.053,99.97,99.99
2023-02-21 13:00:00,99.991,100.073,99.991,100.036
2023-02-21 14:00:00,100.035,100.166,100.034,100.091
2023-02-21 15:00:00,100.092,100.295,99.881,99.916
2023-02-21 16:00:00,99.911,100.042,99.817,99.96
2023-02-21 17:00:00,99.958,99.997,99.79,99.821
2023-02-21 18:00:00,99.82,99.88,99.716,99.792
2023-02-21 19:00:00,99.793,99.805,99.619,99.725
2023-02-21 20:00:00,99.723,99.788,99.63,99.633
2023-02-21 21:00:00,99.629,99.72,99.531,99.708
2023-02-21 22:00:00,99.704,99.704,99.62,99.674
2023-02-21 23:00:00,99.676,99.755,99.651,99.735
2023-02-22 00:00:00,99.667,99.701,99.599,99.683
2023-02-22 01:00:00,99.701,99.76,99.591,99.736
2023-02-22 02:00:00,99.733,99.795,99.474,99.63
2023-02-22 03:00:00,99.635,99.651,99.423,99.476
2023-02-22 04:00:00,99.472,99.675,99.438,99.674
2023-02-22 05:00:00,99.672,99.679,99.585,99.63
2023-02-22 06:00:00,99.633,99.646,99.564,99.622
2023-02-22 07:00:00,99.624,99.65,99.493,99.501
2023-02-22 08:00:00,99.502,99.603,99.49,99.541
2023-02-22 09:00:00,99.538,99.597,99.491,99.501
2023-02-22 10:00:00,99.499,99.558,99.367,99.552
2023-02-22 11:00:00,99.555,99.588,99.488,99.519
2023-02-22 12:00:00,99.52,99.551,99.476,99.498
2023-02-22 13:00:00,99.497,99.518,99.412,99.438
2023-02-22 14:00:00,99.437,99.511,99.386,99.397
2023-02-22 15:00:00,99.398,99.466,99.343,99.421
2023-02-22 16:00:00,99.427,99.494,99.283,99.332
2023-02-22 17:00:00,99.335,99.446,99.284,99.383
2023-02-22 18:00:00,99.38,99.535,99.38,99.535
2023-02-22 19:00:00,99.531,99.603,99.493,99.578
2023-02-22 20:00:00,99.575,99.621,99.532,99.545
2023-02-22 21:00:00,99.539,99.613,99.447,99.447
2023-02-22 22:00:00,99.446,99.548,99.446,99.541
2023-02-22 23:00:00,99.544,99.566,99.498,99.555
2023-02-23 00:00:00,99.439,99.516,99.404,99.465
2023-02-23 01:00:00,99.47,99.603,99.467,99.599
2023-02-23 02:00:00,99.601,99.659,99.555,99.597
2023-02-23 03:00:00,99.595,99.662,99.573,99.644
2023-02-23 04:00:00,99.646,99.667,99.61,99.643
2023-02-23 05:00:00,99.644,99.675,99.629,99.656
2023-02-23 06:00:00,99.659,99.69,99.647,99.656
2023-02-23 07:00:00,99.659,99.7,99.656,99.675
2023-02-23 08:00:00,99.672,99.68,99.629,99.68
2023-02-23 09:00:00,99.683,99.715,99.653,99.692
2023-02-23 10:00:00,99.691,99.715,99.652,99.672
2023-02-23 11:00:00,99.674,99.688,99.543,99.596
2023-02-23 12:00:00,99.594,99.7,99.584,99.69
2023-02-23 13:00:00,99.688,99.783,99.687,99.753
2023-02-23 14:00:00,99.754,99.857,99.733,99.761
2023-02-23 15:00:00,99.763,99.903,99.677,99.849
2023-02-23 16:00:00,99.845,99.896,99.711,99.74
2023-02-23 17:00:00,99.739,99.76,99.499,99.53
2023-02-23 18:00:00,99.53,99.544,99.263,99.36
2023-02-23 19:00:00,99.358,99.43,99.269,99.379
2023-02-23 20:00:00,99.375,99.421,99.263,99.277
2023-02-23 21:00:00,99.277,99.419,99.275,99.355
2023-02-23 22:00:00,99.361,99.46,99.352,99.414
2023-02-23 23:00:00,99.413,99.462,99.378,99.391
2023-02-24 00:00:00,99.413,99.449,99.375,99.389
2023-02-24 01:00:00,99.389,99.398,99.119,99.387
2023-02-24 02:00:00,99.387,99.602,99.032,99.246
2023-02-24 03:00:00,99.238,99.609,99.22,99.55
2023-02-24 04:00:00,99.554,99.577,99.442,99.557
2023-02-24 05:00:00,99.557,99.579,99.507,99.519
2023-02-24 06:00:00,99.519,99.529,99.427,99.437
2023-02-24 07:00:00,99.437,99.507,99.355,99.367
2023-02-24 08:00:00,99.368,99.444,99.303,99.394
2023-02-24 09:00:00,99.396,99.47,99.325,99.452
2023-02-24 10:00:00,99.452,99.557,99.369,99.525
2023-02-24 11:00:00,99.524,99.647,99.503,99.594
2023-02-24 12:00:00,99.593,99.626,99.539,99.57
2023-02-24 13:00:00,99.569,99.682,99.497,99.659
2023-02-24 14:00:00,99.66,99.803,99.62,99.769
2023-02-24 15:00:00,99.769,99.932,99.669,99.711
2023-02-24 16:00:00,99.713,99.965,99.695,99.827
2023-02-24 17:00:00,99.83,99.975,99.771,99.955
2023-02-24 18:00:00,99.956,100.19,99.915,100.126
2023-02-24 19:00:00,100.126,100.239,100.112,100.205
2023-02-24 20:00:00,100.205,100.216,100.089,100.179
2023-02-24 21:00:00,100.181,100.309,100.155,100.253
2023-02-24 22:00:00,100.251,100.298,100.184,100.258
2023-02-24 23:00:00,100.256,100.297,100.226,100.293
2023-02-27 00:00:00,100.14,100.255,100.14,100.179
2023-02-27 01:00:00,100.178,100.329,100.157,100.322
2023-02-27 02:00:00,100.324,100.4,100.133,100.216
2023-02-27 03:00:00,100.214,100.25,100.089,100.136
2023-02-27 04:00:00,100.148,100.171,100.001,100.111
2023-02-27 05:00:00,100.108,100.202,100.029,100.133
2023-02-27 06:00:00,100.132,100.135,100.054,100.104
2023-02-27 07:00:00,100.109,100.153,100.052,100.093
2023-02-27 08:00:00,100.09,100.152,100.036,100.123
2023-02-27 09:00:00,100.129,100.143,100.059,100.121
2023-02-27 10:00:00,100.115,100.253,100.05,100.229
2023-02-27 11:00:00,100.23,100.324,100.23,100.301
2023-02-27 12:00:00,100.303,100.304,100.214,100.244
2023-02-27 13:00:00,100.243,100.273,100.161,100.197
2023-02-27 14:00:00,100.198,100.281,100.126,100.278
2023-02-27 15:00:00,100.276,100.419,100.232,100.279
2023-02-27 16:00:00,100.28,100.356,100.109,100.127
2023-02-27 17:00:00,100.143,100.511,100.108,100.305
2023-02-27 18:00:00,100.305,100.412,100.277,100.308
2023-02-27 19:00:00,100.308,100.405,100.289,100.343
2023-02-27 20:00:00,100.342,100.363,100.274,100.336
2023-02-27 21:00:00,100.336,100.372,100.286,100.32
2023-02-27 22:00:00,100.319,100.373,100.298,100.361
2023-02-27 23:00:00,100.362,100.384,100.307,100.347
2023-02-28 00:00:00,100.331,100.352,100.157,100.302
2023-02-28 01:00:00,100.313,100.414,100.27,100.401
2023-02-28 02:00:00,100.41,100.457,100.29,100.307
2023-02-28 03:00:00,100.31,100.339,100.257,100.299
2023-02-28 04:00:00,100.3,100.387,100.264,100.382
2023-02-28 05:00:00,100.384,100.388,100.286,100.313
2023-02-28 06:00:00,100.31,100.363,100.265,100.286
2023-02-28 07:00:00,100.291,100.347,100.287,100.304
2023-02-28 08:00:00,100.306,100.388,100.277,100.386
2023-02-28 09:00:00,100.387,100.594,100.359,100.57
2023-02-28 10:00:00,100.565,100.642,100.49,100.607
2023-02-28 11:00:00,100.61,100.633,100.53,100.61
2023-02-28 12:00:00,100.608,100.771,100.581,100.756
2023-02-28 13:00:00,100.755,100.827,100.729,100.818
2023-02-28 14:00:00,100.817,100.836,100.71,100.715
2023-02-28 15:00:00,100.716,100.873,100.612,100.62
2023-02-28 16:00:00,100.612,100.744,100.493,100.551
2023-02-28 17:00:00,100.555,100.585,99.973,100.065
2023-02-28 18:00:00,100.056,100.12,99.93,99.948
2023-02-28 19:00:00,99.949,100.016,99.708,99.729
2023-02-28 20:00:00,99.731,99.876,99.703,99.859
2023-02-28 21:00:00,99.86,99.889,99.786,99.863
2023-02-28 22:00:00,99.86,99.883,99.752,99.753
2023-02-28 23:00:00,99.752,99.821,99.745,99.806
2023-03-01 00:00:00,99.815,99.837,99.666,99.789
2023-03-01 01:00:00,99.781,99.914,99.744,99.904
2023-03-01 02:00:00,99.901,99.939,99.803,99.844
2023-03-01 03:00:00,99.843,99.97,99.818,99.959
2023-03-01 04:00:00,99.955,100.052,99.946,100.037
2023-03-01 05:00:00,100.039,100.112,100.007,100.091
2023-03-01 06:00:00,100.093,100.143,100.044,100.119
2023-03-01 07:00:00,100.117,100.173,100.101,100.16
2023-03-01 08:00:00,100.161,100.189,100.101,100.17
2023-03-01 09:00:00,100.169,100.213,99.878,99.895
2023-03-01 10:00:00,99.894,100.037,99.862,99.928
2023-03-01 11:00:00,99.926,99.95,99.753,99.844
2023-03-01 12:00:00,99.847,99.874,99.756,99.773
2023-03-01 13:00:00,99.77,99.781,99.487,99.542
2023-03-01 14:00:00,99.541,99.675,99.494,99.628
2023-03-01 15:00:00,99.627,99.724,99.573,99.577
2023-03-01 16:00:00,99.579,99.978,99.557,99.933
2023-03-01 17:00:00,99.946,100.085,99.797,100.064
2023-03-01 18:00:00,100.065,100.068,99.85,99.883
2023-03-01 19:00:00,99.884,99.957,99.776,99.952
2023-03-01 20:00:00,99.951,100.049,99.943,100.033
2023-03-01 21:00:00,100.03,100.078,99.997,100.052
2023-03-01 22:00:00,100.051,100.155,100.032,100.147
2023-03-01 23:00:00,100.148,100.222,100.143,100.212
2023-03-02 00:00:00,100.185,100.185,100.035,100.08
2023-03-02 01:00:00,100.075,100.229,100.062,100.202
2023-03-02 02:00:00,100.198,100.243,100.116,100.186
2023-03-02 03:00:00,100.184,100.245,100.099,100.158
2023-03-02 04:00:00,100.156,100.237,100.124,100.234
2023-03-02 05:00:00,100.233,100.244,100.162,100.199
2023-03-02 06:00:00,100.197,100.274,100.183,100.244
2023-03-02 07:00:00,100.245,100.358,100.234,100.339
2023-03-02 08:00:00,100.338,100.448,100.308,100.448
2023-03-02 09:00:00,100.449,100.493,100.361,100.374
2023-03-02 10:00:00,100.375,100.41,100.138,100.162
2023-03-02 11:00:00,100.164,100.316,100.141,100.255
2023-03-02 12:00:00,100.26,100.402,100.214,100.398
2023-03-02 13:00:00,100.396,100.473,100.344,100.368
2023-03-02 14:00:00,100.364,100.449,100.279,100.417
2023-03-02 15:00:00,100.418,100.559,100.355,100.541
2023-03-02 16:00:00,100.543,100.55,100.332,100.38
2023-03-02 17:00:00,100.382,100.468,100.348,100.462
2023-03-02 18:00:00,100.46,100.519,100.435,100.486
2023-03-02 19:00:00,100.489,100.54,100.468,100.505
2023-03-02 20:00:00,100.507,100.535,100.389,100.452
2023-03-02 21:00:00,100.454,100.572,100.441,100.532
2023-03-02 22:00:00,100.532,100.571,100.511,100.535
2023-03-02 23:00:00,100.535,100.593,100.531,100.574
2023-03-03 00:00:00,100.564,100.564,100.473,100.519
2023-03-03 01:00:00,100.521,100.564,100.385,100.531
2023-03-03 02:00:00,100.531,100.58,100.482,100.553
2023-03-03 03:00:00,100.551,100.619,100.511,100.57
2023-03-03 04:00:00,100.569,100.578,100.459,100.566
2023-03-03 05:00:00,100.572,100.626,100.54,100.596
2023-03-03 06:00:00,100.599,100.625,100.556,100.594
2023-03-03 07:00:00,100.597,100.615,100.563,100.582
2023-03-03 08:00:00,100.578,100.578,100.443,100.494
2023-03-03 09:00:00,100.493,100.55,100.445,100.463
2023-03-03 10:00:00,100.461,100.612,100.382,100.593
2023-03-03 11:00:00,100.592,100.606,100.358,100.38
2023-03-03 12:00:00,100.378,100.489,100.354,100.47
2023-03-03 13:00:00,100.47,100.486,100.205,100.23
2023-03-03 14:00:00,100.229,100.289,100.155,100.182
2023-03-03 15:00:00,100.182,100.194,99.783,99.814
2023-03-03 16:00:00,99.815,99.942,99.665,99.836
2023-03-03 17:00:00,99.825,100.066,99.825,100.044
2023-03-03 18:00:00,100.043,100.1,99.949,99.996
2023-03-03 19:00:00,99.993,100.11,99.981,100.089
2023-03-03 20:00:00,100.09,100.105,99.937,99.945
2023-03-03 21:00:00,99.944,99.994,99.9,99.941
2023-03-03 22:00:00,99.939,99.962,99.868,99.922
2023-03-03 23:00:00,99.919,99.932,99.864,99.893
2023-03-06 00:00:00,99.889,99.978,99.832,99.841
2023-03-06 01:00:00,99.854,99.964,99.83,99.958
2023-03-06 02:00:00,99.969,99.993,99.805,99.823
2023-03-06 03:00:00,99.818,99.832,99.675,99.796
2023-03-06 04:00:00,99.795,99.909,99.787,99.907
2023-03-06 05:00:00,99.904,99.904,99.59,99.645
2023-03-06 06:00:00,99.642,99.738,99.623,99.733
2023-03-06 07:00:00,99.731,99.872,99.715,99.863
2023-03-06 08:00:00,99.858,99.909,99.761,99.781
2023-03-06 09:00:00,99.783,99.862,99.731,99.862
2023-03-06 10:00:00,99.863,100.057,99.842,99.997
2023-03-06 11:00:00,99.998,100.089,99.917,100.062
2023-03-06 12:00:00,100.061,100.085,99.901,99.998
2023-03-06 13:00:00,99.996,99.996,99.885,99.918
2023-03-06 14:00:00,99.917,99.939,99.823,99.83
2023-03-06 15:00:00,99.83,99.843,99.743,99.773
2023-03-06 16:00:00,99.773,99.826,99.669,99.783
2023-03-06 17:00:00,99.785,99.859,99.65,99.857
2023-03-06 18:00:00,99.859,99.916,99.783,99.899
2023-03-06 19:00:00,99.898,99.975,99.853,99.872
2023-03-06 20:00:00,99.871,99.922,99.834,99.905
2023-03-06 21:00:00,99.905,99.917,99.854,99.893
2023-03-06 22:00:00,99.894,99.902,99.8,99.865
2023-03-06 23:00:00,99.865,99.865,99.812,99.852
2023-03-07 00:00:00,99.816,99.863,99.723,99.834
2023-03-07 01:00:00,99.844,99.896,99.809,99.865
2023-03-07 02:00:00,99.861,99.969,99.85,99.958
2023-03-07 03:00:00,99.96,100.015,99.938,99.963
2023-03-07 04:00:00,99.967,99.97,99.854,99.936
2023-03-07 05:00:00,99.933,99.974,99.874,99.923
2023-03-07 06:00:00,99.922,99.964,99.886,99.952
2023-03-07 07:00:00,99.954,99.968,99.854,99.9
2023-03-07 08:00:00,99.9,99.907,99.784,99.804
2023-03-07 09:00:00,99.802,99.828,99.639,99.664
2023-03-07 10:00:00,99.665,99.709,99.486,99.542
2023-03-07 11:00:00,99.54,99.661,99.462,99.658
2023-03-07 12:00:00,99.658,99.811,99.648,99.797
2023-03-07 13:00:00,99.794,99.819,99.684,99.736
2023-03-07 14:00:00,99.736,99.857,99.736,99.843
2023-03-07 15:00:00,99.847,99.853,99.7,99.736
2023-03-07 16:00:00,99.74,99.824,99.625,99.658
2023-03-07 17:00:00,99.658,99.837,99.56,99.662
2023-03-07 18:00:00,99.665,99.746,99.567,99.653
2023-03-07 19:00:00,99.652,99.691,99.564,99.629
2023-03-07 20:00:00,99.629,99.657,99.571,99.64
2023-03-07 21:00:00,99.64,99.701,99.621,99.63
2023-03-07 22:00:00,99.63,99.783,99.63,99.724
2023-03-07 23:00:00,99.724,99.754,99.691,99.71
2023-03-08 00:00:00,99.695,99.709,99.521,99.668
2023-03-08 01:00:00,99.669,99.938,99.669,99.903
2023-03-08 02:00:00,99.903,99.963,99.782,99.84
2023-03-08 03:00:00,99.848,99.925,99.822,99.824
2023-03-08 04:00:00,99.827,99.949,99.803,99.944
2023-03-08 05:00:00,99.949,100.034,99.938,100.023
2023-03-08 06:00:00,100.025,100.158,99.999,100.15
2023-03-08 07:00:00,100.152,100.174,100.045,100.057
2023-03-08 08:00:00,100.055,100.105,100.012,100.035
2023-03-08 09:00:00,100.037,100.053,99.867,99.885
2023-03-08 10:00:00,99.885,100.015,99.848,99.979
2023-03-08 11:00:00,99.981,100.051,99.952,99.97
2023-03-08 12:00:00,99.97,100.058,99.856,99.918
2023-03-08 13:00:00,99.918,99.946,99.727,99.764
2023-03-08 14:00:00,99.764,99.873,99.755,99.846
2023-03-08 15:00:00,99.848,99.864,99.557,99.572
2023-03-08 16:00:00,99.572,99.577,99.305,99.503
2023-03-08 17:00:00,99.506,99.593,99.088,99.254
2023-03-08 18:00:00,99.256,99.548,99.219,99.511
2023-03-08 19:00:00,99.512,99.536,99.39,99.448
2023-03-08 20:00:00,99.446,99.514,99.318,99.346
2023-03-08 21:00:00,99.343,99.485,99.343,99.433
2023-03-08 22:00:00,99.433,99.522,99.4,99.501
2023-03-08 23:00:00,99.501,99.583,99.488,99.521
2023-03-09 00:00:00,99.466,99.505,99.366,99.442
2023-03-09 01:00:00,99.425,99.483,99.364,99.428
2023-03-09 02:00:00,99.42,99.446,99.075,99.205
2023-03-09 03:00:00,99.202,99.297,99.197,99.271
2023-03-09 04:00:00,99.27,99.275,99.182,99.242
2023-03-09 05:00:00,99.244,99.248,99.138,99.153
2023-03-09 06:00:00,99.15,99.172,99.06,99.097
2023-03-09 07:00:00,99.1,99.183,99.066,99.15
2023-03-09 08:00:00,99.149,99.15,98.991,99.0
2023-03-09 09:00:00,99.002,99.188,98.998,99.184
2023-03-09 10:00:00,99.187,99.205,98.746,98.859
2023-03-09 11:00:00,98.857,98.888,98.605,98.643
2023-03-09 12:00:00,98.646,98.74,98.621,98.695
2023-03-09 13:00:00,98.694,98.841,98.641,98.828
2023-03-09 14:00:00,98.829,98.857,98.709,98.732
2023-03-09 15:00:00,98.73,98.752,98.551,98.741
2023-03-09 16:00:00,98.743,99.006,98.713,98.917
2023-03-09 17:00:00,98.915,99.083,98.839,99.045
2023-03-09 18:00:00,99.046,99.065,98.94,99.002
2023-03-09 19:00:00,99.002,99.018,98.72,98.751
2023-03-09 20:00:00,98.748,98.759,98.589,98.59
2023-03-09 21:00:00,98.592,98.614,98.488,98.489
2023-03-09 22:00:00,98.49,98.505,98.366,98.391
2023-03-09 23:00:00,98.392,98.43,98.354,98.429
2023-03-10 00:00:00,98.453,98.471,98.36,98.43
2023-03-10 01:00:00,98.43,98.607,98.382,98.571
2023-03-10 02:00:00,98.568,98.625,98.202,98.284
2023-03-10 03:00:00,98.281,98.366,98.232,98.261
2023-03-10 04:00:00,98.256,98.939,98.144,98.783
2023-03-10 05:00:00,98.78,98.799,98.53,98.582
2023-03-10 06:00:00,98.579,98.798,98.559,98.694
2023-03-10 07:00:00,98.693,98.774,98.664,98.713
2023-03-10 08:00:00,98.715,98.828,98.673,98.761
2023-03-10 09:00:00,98.759,98.793,98.561,98.585
2023-03-10 10:00:00,98.59,98.605,98.276,98.576
2023-03-10 11:00:00,98.577,98.886,98.554,98.851
2023-03-10 12:00:00,98.852,99.017,98.806,98.979
2023-03-10 13:00:00,98.977,98.982,98.816,98.879
2023-03-10 14:00:00,98.878,98.996,98.808,98.836
2023-03-10 15:00:00,98.836,98.993,98.493,98.839
2023-03-10 16:00:00,98.837,98.862,97.67,97.777
2023-03-10 17:00:00,97.778,97.817,97.223,97.478
2023-03-10 18:00:00,97.481,98.158,97.458,97.827
2023-03-10 19:00:00,97.823,97.849,97.584,97.647
2023-03-10 20:00:00,97.647,97.732,97.328,97.391
2023-03-10 21:00:00,97.395,97.517,97.329,97.448
2023-03-10 22:00:00,97.445,97.512,97.399,97.484
2023-03-10 23:00:00,97.485,97.739,97.462,97.665
2023-03-13 00:00:00,96.916,97.652,96.65,97.505
2023-03-13 01:00:00,97.506,98.071,97.278,98.02
2023-03-13 02:00:00,98.025,98.025,97.549,97.64
2023-03-13 03:00:00,97.638,97.828,97.572,97.725
2023-03-13 04:00:00,97.722,97.726,97.468,97.58
2023-03-13 05:00:00,97.58,97.765,97.489,97.744
2023-03-13 06:00:00,97.744,97.777,97.533,97.716
2023-03-13 07:00:00,97.717,97.863,97.618,97.843
2023-03-13 08:00:00,97.843,97.921,97.645,97.899
2023-03-13 09:00:00,97.898,98.014,97.832,97.964
2023-03-13 10:00:00,97.963,98.063,97.347,97.386
2023-03-13 11:00:00,97.386,97.477,96.669,96.735
2023-03-13 12:00:00,96.731,97.017,96.69,96.897
2023-03-13 13:00:00,96.894,97.103,96.294,96.568
2023-03-13 14:00:00,96.567,96.634,95.944,96.255
2023-03-13 15:00:00,96.258,96.852,96.176,96.816
2023-03-13 16:00:00,96.817,96.994,96.6,96.958
2023-03-13 17:00:00,96.96,97.34,96.935,97.265
2023-03-13 18:00:00,97.265,97.401,96.933,96.943
2023-03-13 19:00:00,96.941,97.066,96.86,97.038
2023-03-13 20:00:00,97.039,97.272,96.984,97.163
2023-03-13 21:00:00,97.161,97.326,97.011,97.113
2023-03-13 22:00:00,97.11,97.177,97.023,97.039
2023-03-13 23:00:00,97.019,97.058,96.897,96.914
2023-03-14 00:00:00,96.913,97.019,96.887,96.946
2023-03-14 01:00:00,96.946,97.051,96.832,96.839
2023-03-14 02:00:00,96.842,97.02,96.833,96.951
2023-03-14 03:00:00,96.949,97.463,96.929,97.32
2023-03-14 04:00:00,97.319,97.405,97.239,97.287
2023-03-14 05:00:00,97.288,97.466,97.274,97.428
2023-03-14 06:00:00,97.429,97.582,97.391,97.483
2023-03-14 07:00:00,97.483,97.537,97.424,97.475
2023-03-14 08:00:00,97.475,97.519,97.098,97.342
2023-03-14 09:00:00,97.343,97.456,97.222,97.367
2023-03-14 10:00:00,97.367,97.823,97.323,97.694
2023-03-14 11:00:00,97.693,97.715,97.493,97.71
2023-03-14 12:00:00,97.709,97.751,97.556,97.607
2023-03-14 13:00:00,97.61,98.037,97.588,97.961
2023-03-14 14:00:00,97.96,98.189,97.706,98.108
2023-03-14 15:00:00,98.107,98.698,98.041,98.629
2023-03-14 16:00:00,98.627,98.665,98.311,98.315
2023-03-14 17:00:00,98.31,98.364,98.17,98.215
2023-03-14 18:00:00,98.215,98.449,98.2,98.217
2023-03-14 19:00:00,98.218,98.223,97.909,98.199
2023-03-14 20:00:00,98.197,98.214,98.017,98.057
2023-03-14 21:00:00,98.058,98.14,97.881,98.132
2023-03-14 22:00:00,98.134,98.136,98.021,98.079
2023-03-14 23:00:00,98.021,98.109,97.842,98.083
2023-03-15 00:00:00,98.079,98.122,98.021,98.048
2023-03-15 01:00:00,98.048,98.232,98.048,98.189
2023-03-15 02:00:00,98.185,98.306,98.151,98.168
2023-03-15 03:00:00,98.168,98.232,98.074,98.157
2023-03-15 04:00:00,98.156,98.195,98.047,98.167
2023-03-15 05:00:00,98.164,98.199,98.09,98.171
2023-03-15 06:00:00,98.17,98.352,98.158,98.341
2023-03-15 07:00:00,98.34,98.419,98.227,98.326
2023-03-15 08:00:00,98.328,98.497,98.288,98.414
2023-03-15 09:00:00,98.414,98.588,98.329,98.535
2023-03-15 10:00:00,98.532,98.624,98.31,98.336
2023-03-15 11:00:00,98.337,98.37,97.699,97.842
2023-03-15 12:00:00,97.842,97.843,97.027,97.209
2023-03-15 13:00:00,97.206,97.392,96.925,97.015
2023-03-15 14:00:00,97.018,97.04,96.271,96.417
2023-03-15 15:00:00,96.42,96.885,96.155,96.309
2023-03-15 16:00:00,96.309,96.623,96.21,96.387
2023-03-15 17:00:00,96.387,96.52,96.2,96.249
2023-03-15 18:00:00,96.247,96.26,95.893,96.14
2023-03-15 19:00:00,96.139,96.649,96.111,96.611
2023-03-15 20:00:00,96.612,97.268,96.504,97.084
2023-03-15 21:00:00,97.087,97.145,96.694,96.799
2023-03-15 22:00:00,96.803,96.957,96.761,96.928
2023-03-15 23:00:00,96.882,96.942,96.77,96.845
2023-03-16 00:00:00,96.835,96.894,96.772,96.842
2023-03-16 01:00:00,96.842,96.888,96.446,96.521
2023-03-16 02:00:00,96.519,97.046,96.334,97.002
2023-03-16 03:00:00,97.004,97.12,96.737,96.758
2023-03-16 04:00:00,96.756,96.785,96.527,96.556
2023-03-16 05:00:00,96.558,96.638,96.482,96.524
2023-03-16 06:00:00,96.525,96.55,96.378,96.538
2023-03-16 07:00:00,96.541,96.764,96.489,96.504
2023-03-16 08:00:00,96.504,96.69,96.475,96.586
2023-03-16 09:00:00,96.586,96.922,96.546,96.904
2023-03-16 10:00:00,96.899,97.025,96.482,96.709
2023-03-16 11:00:00,96.706,96.712,96.504,96.628
2023-03-16 12:00:00,96.629,96.714,96.512,96.613
2023-03-16 13:00:00,96.612,96.658,96.398,96.558
2023-03-16 14:00:00,96.558,96.619,96.126,96.278
2023-03-16 15:00:00,96.278,96.423,95.725,96.217
2023-03-16 16:00:00,96.21,96.66,95.783,96.468
2023-03-16 17:00:00,96.471,96.785,96.319,96.665
2023-03-16 18:00:00,96.664,97.177,96.519,97.152
2023-03-16 19:00:00,97.151,97.47,97.145,97.376
2023-03-16 20:00:00,97.375,97.387,97.132,97.256
2023-03-16 21:00:00,97.255,97.313,97.192,97.291
2023-03-16 22:00:00,97.293,97.551,97.273,97.495
2023-03-16 23:00:00,97.447,97.462,97.117,97.325
2023-03-17 00:00:00,97.329,97.377,97.253,97.255
2023-03-17 01:00:00,97.254,97.28,97.18,97.19
2023-03-17 02:00:00,97.188,97.325,97.125,97.14
2023-03-17 03:00:00,97.139,97.297,97.083,97.273
2023-03-17 04:00:00,97.272,97.301,97.196,97.245
2023-03-17 05:00:00,97.245,97.311,97.19,97.278
2023-03-17 06:00:00,97.277,97.392,97.217,97.217
2023-03-17 07:00:00,97.219,97.272,97.046,97.136
2023-03-17 08:00:00,97.132,97.161,96.959,97.006
2023-03-17 09:00:00,97.007,97.327,96.965,97.196
2023-03-17 10:00:00,97.199,97.413,97.162,97.263
2023-03-17 11:00:00,97.259,97.297,97.033,97.167
2023-03-17 12:00:00,97.167,97.237,97.068,97.083
2023-03-17 13:00:00,97.084,97.141,96.527,96.741
2023-03-17 14:00:00,96.741,96.816,96.166,96.373
2023-03-17 15:00:00,96.373,96.509,96.153,96.327
2023-03-17 16:00:00,96.32,96.506,95.816,96.045
2023-03-17 17:00:00,96.045,96.186,95.806,95.988
2023-03-17 18:00:00,95.988,96.39,95.984,96.236
2023-03-17 19:00:00,96.235,96.378,96.192,96.274
2023-03-17 20:00:00,96.281,96.318,95.842,95.991
2023-03-17 21:00:00,95.994,96.107,95.922,96.102
2023-03-17 22:00:00,96.099,96.121,95.928,95.969
2023-03-20 00:00:00,96.102,96.373,95.96,96.283
2023-03-20 01:00:00,96.288,96.528,96.193,96.44
2023-03-20 02:00:00,96.441,96.868,96.432,96.853
2023-03-20 03:00:00,96.852,96.867,96.395,96.476
2023-03-20 04:00:00,96.474,96.566,96.285,96.41
2023-03-20 05:00:00,96.41,96.44,96.116,96.224
2023-03-20 06:00:00,96.224,96.29,95.994,96.06
2023-03-20 07:00:00,96.06,96.209,96.002,96.103
2023-03-20 08:00:00,96.105,96.108,95.357,95.408
2023-03-20 09:00:00,95.409,95.583,95.243,95.481
2023-03-20 10:00:00,95.482,95.714,95.027,95.42
2023-03-20 11:00:00,95.42,95.67,95.233,95.638
2023-03-20 12:00:00,95.636,95.923,95.53,95.817
2023-03-20 13:00:00,95.818,95.836,95.479,95.608
2023-03-20 14:00:00,95.608,96.209,95.542,96.112
2023-03-20 15:00:00,96.113,96.344,95.838,96.304
2023-03-20 16:00:00,96.309,96.456,96.196,96.44
2023-03-20 17:00:00,96.44,96.525,96.128,96.149
2023-03-20 18:00:00,96.15,96.274,95.941,96.242
2023-03-20 19:00:00,96.245,96.418,96.212,96.248
2023-03-20 20:00:00,96.248,96.286,96.079,96.108
2023-03-20 21:00:00,96.105,96.274,96.098,96.198
2023-03-20 22:00:00,96.197,96.231,96.098,96.109
2023-03-20 23:00:00,96.069,96.08,95.93,96.069
2023-03-21 00:00:00,96.03,96.175,96.017,96.144
2023-03-21 01:00:00,96.146,96.181,96.009,96.087
2023-03-21 02:00:00,96.087,96.288,95.863,95.896
2023-03-21 03:00:00,95.893,95.951,95.782,95.943
2023-03-21 04:00:00,95.943,96.02,95.87,95.93
2023-03-21 05:00:00,95.93,95.976,95.855,95.898
2023-03-21 06:00:00,95.897,95.99,95.847,95.879
2023-03-21 07:00:00,95.88,95.95,95.827,95.887
2023-03-21 08:00:00,95.885,96.233,95.885,96.223
2023-03-21 09:00:00,96.224,96.394,96.145,96.369
2023-03-21 10:00:00,96.368,96.724,96.323,96.64
2023-03-21 11:00:00,96.64,96.747,96.597,96.704
2023-03-21 12:00:00,96.701,96.927,96.666,96.749
2023-03-21 13:00:00,96.749,96.868,96.707,96.838
2023-03-21 14:00:00,96.835,96.913,96.562,96.735
2023-03-21 15:00:00,96.735,96.901,96.705,96.742
2023-03-21 16:00:00,96.745,96.79,96.073,96.117
2023-03-21 17:00:00,96.124,96.391,96.034,96.315
2023-03-21 18:00:00,96.315,96.471,96.271,96.433
2023-03-21 19:00:00,96.43,96.6,96.397,96.485
2023-03-21 20:00:00,96.484,96.631,96.433,96.619
2023-03-21 21:00:00,96.617,96.656,96.531,96.558
2023-03-21 22:00:00,96.56,96.668,96.56,96.6
2023-03-21 23:00:00,96.558,96.613,96.401,96.544
2023-03-22 00:00:00,96.542,96.597,96.493,96.494
2023-03-22 01:00:00,96.495,96.571,96.437,96.566
2023-03-22 02:00:00,96.56,96.73,96.497,96.655
2023-03-22 03:00:00,96.655,96.878,96.548,96.737
2023-03-22 04:00:00,96.737,96.771,96.5,96.548
2023-03-22 05:00:00,96.548,96.632,96.507,96.607
2023-03-22 06:00:00,96.608,96.719,96.584,96.699
2023-03-22 07:00:00,96.699,96.716,96.57,96.631
2023-03-22 08:00:00,96.63,96.681,96.559,96.569
2023-03-22 09:00:00,96.567,96.741,96.554,96.72
2023-03-22 10:00:00,96.724,96.758,96.521,96.639
2023-03-22 11:00:00,96.638,96.75,96.539,96.737
2023-03-22 12:00:00,96.736,97.013,96.691,96.934
2023-03-22 13:00:00,96.933,96.987,96.882,96.966
2023-03-22 14:00:00,96.966,97.115,96.868,96.888
2023-03-22 15:00:00,96.889,96.903,96.664,96.828
2023-03-22 16:00:00,96.827,96.857,96.574,96.659
2023-03-22 17:00:00,96.657,96.733,96.524,96.675
2023-03-22 18:00:00,96.671,96.68,96.528,96.542
2023-03-22 19:00:00,96.542,96.644,96.43,96.449
2023-03-22 20:00:00,96.464,96.464,95.916,95.984
2023-03-22 21:00:00,95.984,96.142,95.567,95.584
2023-03-22 22:00:00,95.584,95.777,95.456,95.755
2023-03-22 23:00:00,95.741,95.741,95.549,95.632
2023-03-23 00:00:00,95.633,95.778,95.576,95.751
2023-03-23 01:00:00,95.75,95.767,95.555,95.606
2023-03-23 02:00:00,95.606,95.734,95.446,95.5
2023-03-23 03:00:00,95.499,95.52,95.388,95.471
2023-03-23 04:00:00,95.471,95.606,95.431,95.594
2023-03-23 05:00:00,95.594,95.604,95.376,95.492
2023-03-23 06:00:00,95.492,95.671,95.492,95.651
2023-03-23 07:00:00,95.65,95.732,95.568,95.671
2023-03-23 08:00:00,95.669,95.682,95.502,95.632
2023-03-23 09:00:00,95.632,95.842,95.561,95.78
2023-03-23 10:00:00,95.779,96.013,95.712,95.972
2023-03-23 11:00:00,95.975,95.981,95.828,95.875
2023-03-23 12:00:00,95.873,95.987,95.847,95.981
2023-03-23 13:00:00,95.981,96.117,95.97,96.06
2023-03-23 14:00:00,96.057,96.321,96.002,96.133
2023-03-23 15:00:00,96.132,96.167,95.952,96.057
2023-03-23 16:00:00,96.052,96.287,96.014,96.236
2023-03-23 17:00:00,96.24,96.319,95.895,95.912
2023-03-23 18:00:00,95.912,95.953,95.587,95.697
2023-03-23 19:00:00,95.698,95.8,95.588,95.609
2023-03-23 20:00:00,95.609,95.639,95.152,95.228
2023-03-23 21:00:00,95.227,95.652,94.892,95.165
2023-03-23 22:00:00,95.164,95.461,95.159,95.458
2023-03-23 23:00:00,95.38,95.441,95.229,95.396
2023-03-24 00:00:00,95.366,95.443,95.28,95.327
2023-03-24 01:00:00,95.328,95.382,95.2,95.382
2023-03-24 02:00:00,95.385,95.435,95.155,95.155
2023-03-24 03:00:00,95.158,95.177,94.794,95.088
2023-03-24 04:00:00,95.086,95.184,94.975,95.002
2023-03-24 05:00:00,94.995,95.119,94.891,94.974
2023-03-24 06:00:00,94.974,95.044,94.81,94.83
2023-03-24 07:00:00,94.829,94.936,94.773,94.826
2023-03-24 08:00:00,94.828,95.075,94.79,95.061
2023-03-24 09:00:00,95.063,95.104,94.917,94.917
2023-03-24 10:00:00,94.918,94.931,94.43,94.584
2023-03-24 11:00:00,94.585,94.737,94.153,94.2
2023-03-24 12:00:00,94.199,94.435,94.064,94.27
2023-03-24 13:00:00,94.268,94.451,94.13,94.285
2023-03-24 14:00:00,94.285,94.431,94.076,94.333
2023-03-24 15:00:00,94.333,94.783,94.3,94.783
2023-03-24 16:00:00,94.785,94.903,94.589,94.68
2023-03-24 17:00:00,94.679,94.946,94.439,94.91
2023-03-24 18:00:00,94.913,95.242,94.905,95.125
2023-03-24 19:00:00,95.126,95.197,95.03,95.113
2023-03-24 20:00:00,95.112,95.232,95.104,95.117
2023-03-24 21:00:00,95.116,95.256,95.088,95.194
2023-03-24 22:00:00,95.196,95.211,95.106,95.133
2023-03-27 00:00:00,94.829,95.056,94.829,95.01
2023-03-27 01:00:00,95.008,95.297,95.008,95.235
2023-03-27 02:00:00,95.244,95.376,95.194,95.295
2023-03-27 03:00:00,95.295,95.311,95.079,95.219
2023-03-27 04:00:00,95.221,95.365,95.138,95.258
2023-03-27 05:00:00,95.258,95.276,95.126,95.17
2023-03-27 06:00:00,95.171,95.219,95.08,95.14
2023-03-27 07:00:00,95.144,95.184,95.064,95.182
2023-03-27 08:00:00,95.181,95.378,95.181,95.315
2023-03-27 09:00:00,95.315,95.683,95.295,95.645
2023-03-27 10:00:00,95.637,95.73,95.21,95.323
2023-03-27 11:00:00,95.327,95.577,95.316,95.499
2023-03-27 12:00:00,95.497,95.774,95.471,95.747
2023-03-27 13:00:00,95.745,95.877,95.676,95.753
2023-03-27 14:00:00,95.753,95.957,95.742,95.882
2023-03-27 15:00:00,95.883,96.101,95.844,96.037
2023-03-27 16:00:00,96.037,96.112,95.912,95.967
2023-03-27 17:00:00,95.964,96.141,95.858,95.979
2023-03-27 18:00:00,95.979,96.104,95.857,96.075
2023-03-27 19:00:00,96.076,96.306,96.032,96.287
2023-03-27 20:00:00,96.286,96.413,96.24,96.389
2023-03-27 21:00:00,96.39,96.487,96.318,96.372
2023-03-27 22:00:00,96.373,96.405,96.299,96.347
2023-03-27 23:00:00,96.347,96.383,96.281,96.306
2023-03-28 00:00:00,96.281,96.305,96.207,96.275
2023-03-28 01:00:00,96.277,96.299,96.192,96.197
2023-03-28 02:00:00,96.196,96.215,96.07,96.102
2023-03-28 03:00:00,96.102,96.106,95.738,95.851
2023-03-28 04:00:00,95.85,95.931,95.677,95.827
2023-03-28 05:00:00,95.826,95.89,95.78,95.793
2023-03-28 06:00:00,95.793,95.833,95.735,95.751
2023-03-28 07:00:00,95.751,95.815,95.712,95.757
2023-03-28 08:00:00,95.757,95.867,95.7,95.844
2023-03-28 09:00:00,95.843,96.079,95.843,95.932
2023-03-28 10:00:00,95.932,96.246,95.932,96.128
2023-03-28 11:00:00,96.127,96.173,95.768,95.78
2023-03-28 12:00:00,95.782,95.869,95.596,95.629
2023-03-28 13:00:00,95.629,95.852,95.603,95.815
2023-03-28 14:00:00,95.815,95.939,95.704,95.732
2023-03-28 15:00:00,95.731,95.768,95.493,95.657
2023-03-28 16:00:00,95.657,95.942,95.657,95.843
2023-03-28 17:00:00,95.845,96.175,95.835,96.099
2023-03-28 18:00:00,96.1,96.244,96.045,96.187
2023-03-28 19:00:00,96.186,96.303,96.144,96.25
2023-03-28 20:00:00,96.252,96.258,95.892,95.919
2023-03-28 21:00:00,95.918,96.139,95.912,96.135
2023-03-28 22:00:00,96.135,96.2,96.091,96.178
2023-03-28 23:00:00,96.178,96.299,96.177,96.267
2023-03-29 00:00:00,96.233,96.266,96.08,96.204
2023-03-29 01:00:00,96.206,96.24,96.159,96.203
2023-03-29 02:00:00,96.204,96.405,96.204,96.393
2023-03-29 03:00:00,96.396,96.632,96.331,96.603
2023-03-29 04:00:00,96.603,96.866,96.589,96.716
2023-03-29 05:00:00,96.719,96.892,96.712,96.834
2023-03-29 06:00:00,96.832,96.862,96.763,96.79
2023-03-29 07:00:00,96.791,96.833,96.702,96.83
2023-03-29 08:00:00,96.829,96.924,96.762,96.9
2023-03-29 09:00:00,96.902,96.979,96.794,96.896
2023-03-29 10:00:00,96.898,97.042,96.84,96.951
2023-03-29 11:00:00,96.951,97.098,96.933,96.994
2023-03-29 12:00:00,96.994,97.012,96.799,96.886
2023-03-29 13:00:00,96.889,97.015,96.877,97.009
2023-03-29 14:00:00,97.009,97.396,96.984,97.321
2023-03-29 15:00:00,97.324,97.589,97.309,97.53
2023-03-29 16:00:00,97.529,97.541,97.369,97.509
2023-03-29 17:00:00,97.51,97.591,97.371,97.512
2023-03-29 18:00:00,97.515,97.768,97.478,97.741
2023-03-29 19:00:00,97.741,97.745,97.64,97.714
2023-03-29 20:00:00,97.713,97.835,97.694,97.723
2023-03-29 21:00:00,97.722,97.81,97.662,97.767
2023-03-29 22:00:00,97.77,97.923,97.709,97.904
2023-03-29 23:00:00,97.902,97.999,97.899,97.977
2023-03-30 00:00:00,97.967,97.967,97.768,97.839
2023-03-30 01:00:00,97.84,97.892,97.801,97.841
2023-03-30 02:00:00,97.842,97.88,97.698,97.698
2023-03-30 03:00:00,97.699,97.828,97.615,97.75
2023-03-30 04:00:00,97.751,97.822,97.697,97.715
2023-03-30 05:00:00,97.713,97.743,97.638,97.687
2023-03-30 06:00:00,97.686,97.758,97.67,97.729
2023-03-30 07:00:00,97.729,97.749,97.667,97.71
2023-03-30 08:00:00,97.709,97.801,97.651,97.752
2023-03-30 09:00:00,97.752,97.834,97.7,97.706
2023-03-30 10:00:00,97.706,97.824,97.568,97.798
2023-03-30 11:00:00,97.801,97.959,97.756,97.914
2023-03-30 12:00:00,97.914,98.086,97.914,97.999
2023-03-30 13:00:00,97.998,98.097,97.81,97.825
2023-03-30 14:00:00,97.828,97.951,97.689,97.931
2023-03-30 15:00:00,97.933,98.101,97.921,98.05
2023-03-30 16:00:00,98.048,98.205,97.962,98.068
2023-03-30 17:00:00,98.066,98.17,97.994,98.072
2023-03-30 18:00:00,98.072,98.103,97.945,98.038
2023-03-30 19:00:00,98.038,98.066,97.815,97.855
2023-03-30 20:00:00,97.855,97.913,97.715,97.821
2023-03-30 21:00:00,97.821,97.968,97.791,97.962
2023-03-30 22:00:00,97.963,98.06,97.94,98.053
2023-03-30 23:00:00,98.054,98.143,98.054,98.134
2023-03-31 00:00:00,98.094,98.107,97.989,98.055
2023-03-31 01:00:00,98.054,98.25,98.019,98.241
2023-03-31 02:00:00,98.241,98.562,98.17,98.497
2023-03-31 03:00:00,98.498,98.741,98.466,98.546
2023-03-31 04:00:00,98.547,98.587,98.433,98.475
2023-03-31 05:00:00,98.476,98.496,98.312,98.313
2023-03-31 06:00:00,98.309,98.345,98.186,98.188
2023-03-31 07:00:00,98.186,98.268,98.125,98.14
2023-03-31 08:00:00,98.137,98.326,98.118,98.285
2023-03-31 09:00:00,98.289,98.425,98.156,98.385
2023-03-31 10:00:00,98.382,98.395,98.123,98.223
2023-03-31 11:00:00,98.222,98.572,97.934,98.463
2023-03-31 12:00:00,98.464,98.477,98.293,98.477
2023-03-31 13:00:00,98.476,98.583,98.408,98.416
2023-03-31 14:00:00,98.418,98.418,98.173,98.293
2023-03-31 15:00:00,98.294,98.398,98.047,98.237
2023-03-31 16:00:00,98.238,98.409,98.224,98.28
2023-03-31 17:00:00,98.277,98.461,98.187,98.324
2023-03-31 18:00:00,98.32,98.367,98.134,98.147
2023-03-31 19:00:00,98.146,98.215,98.104,98.175
2023-03-31 20:00:00,98.173,98.214,98.119,98.204
2023-03-31 21:00:00,98.205,98.207,97.969,98.048
2023-03-31 22:00:00,98.044,98.254,98.044,98.219
2023-03-31 23:00:00,98.226,98.274,98.172,98.269
2023-04-03 00:00:00,98.752,98.8,98.667,98.725
2023-04-03 01:00:00,98.726,98.779,98.472,98.764
2023-04-03 02:00:00,98.763,98.787,98.636,98.742
2023-04-03 03:00:00,98.737,98.74,98.359,98.505
2023-04-03 04:00:00,98.504,98.541,98.338,98.528
2023-04-03 05:00:00,98.531,98.584,98.421,98.57
2023-04-03 06:00:00,98.573,98.715,98.571,98.691
2023-04-03 07:00:00,98.689,98.76,98.65,98.68
2023-04-03 08:00:00,98.681,98.767,98.549,98.666
2023-04-03 09:00:00,98.668,98.937,98.637,98.867
2023-04-03 10:00:00,98.868,98.952,98.775,98.931
2023-04-03 11:00:00,98.93,99.036,98.859,98.906
2023-04-03 12:00:00,98.903,99.054,98.866,98.893
2023-04-03 13:00:00,98.892,98.953,98.785,98.945
2023-04-03 14:00:00,98.947,98.987,98.676,98.817
2023-04-03 15:00:00,98.817,98.852,98.675,98.798
2023-04-03 16:00:00,98.8,98.894,98.732,98.802
2023-04-03 17:00:00,98.704,98.74,98.351,98.369
2023-04-03 18:00:00,98.366,98.555,98.243,98.511
2023-04-03 19:00:00,98.512,98.689,98.503,98.663
2023-04-03 20:00:00,98.664,98.741,98.584,98.66
2023-04-03 21:00:00,98.661,98.673,98.55,98.641
2023-04-03 22:00:00,98.643,98.708,98.597,98.685
2023-04-03 23:00:00,98.684,98.687,98.515,98.522
2023-04-04 00:00:00,98.524,98.609,98.44,98.566
2023-04-04 01:00:00,98.565,98.591,98.495,98.515
2023-04-04 02:00:00,98.515,98.541,98.391,98.469
2023-04-04 03:00:00,98.469,98.702,98.386,98.676
2023-04-04 04:00:00,98.675,98.845,98.669,98.799
2023-04-04 05:00:00,98.799,98.802,98.728,98.792
2023-04-04 06:00:00,98.794,98.89,98.778,98.863
2023-04-04 07:00:00,98.867,98.952,98.757,98.804
2023-04-04 08:00:00,98.805,98.942,98.753,98.906
2023-04-04 09:00:00,98.905,98.92,98.764,98.882
2023-04-04 10:00:00,98.881,98.914,98.702,98.773
2023-04-04 11:00:00,98.774,99.031,98.764,98.996
2023-04-04 12:00:00,98.995,99.176,98.938,98.989
2023-04-04 13:00:00,98.991,99.122,98.982,99.091
2023-04-04 14:00:00,99.088,99.121,98.969,99.018
2023-04-04 15:00:00,99.02,99.052,98.765,98.8
2023-04-04 16:00:00,98.8,98.879,98.651,98.805
2023-04-04 17:00:00,98.804,98.804,97.935,98.13
2023-04-04 18:00:00,98.13,98.14,97.761,97.812
2023-04-04 19:00:00,97.809,97.871,97.686,97.813
2023-04-04 20:00:00,97.813,97.961,97.813,97.926
2023-04-04 21:00:00,97.925,97.944,97.802,97.807
2023-04-04 22:00:00,97.812,97.908,97.785,97.881
2023-04-04 23:00:00,97.877,98.0,97.877,97.953
2023-04-05 00:00:00,97.947,97.947,97.81,97.922
2023-04-05 01:00:00,97.913,97.968,97.844,97.91
2023-04-05 02:00:00,97.911,97.939,97.707,97.75
2023-04-05 03:00:00,97.749,97.872,97.677,97.863
2023-04-05 04:00:00,97.857,97.928,97.757,97.858
2023-04-05 05:00:00,97.858,98.088,97.855,98.028
2023-04-05 06:00:00,98.029,98.071,97.894,97.901
2023-04-05 07:00:00,97.9,97.961,97.867,97.892
2023-04-05 08:00:00,97.894,97.93,97.756,97.779
2023-04-05 09:00:00,97.779,97.813,97.659,97.689
2023-04-05 10:00:00,97.687,97.802,97.491,97.568
2023-04-05 11:00:00,97.571,97.593,97.376,97.544
2023-04-05 12:00:00,97.543,97.751,97.527,97.634
2023-04-05 13:00:00,97.634,97.765,97.57,97.709
2023-04-05 14:00:00,97.708,97.739,97.57,97.631
2023-04-05 15:00:00,97.631,97.728,97.302,97.372
2023-04-05 16:00:00,97.374,97.577,97.356,97.489
2023-04-05 17:00:00,97.509,97.509,97.108,97.126
2023-04-05 18:00:00,97.128,97.437,97.091,97.416
2023-04-05 19:00:00,97.414,97.436,97.266,97.31
2023-04-05 20:00:00,97.309,97.447,97.274,97.345
2023-04-05 21:00:00,97.348,97.443,97.345,97.381
2023-04-05 22:00:00,97.377,97.519,97.375,97.487
2023-04-05 23:00:00,97.486,97.599,97.469,97.556
2023-04-06 00:00:00,97.52,97.579,97.265,97.504
2023-04-06 01:00:00,97.501,97.549,97.455,97.456
2023-04-06 02:00:00,97.456,97.462,97.248,97.309
2023-04-06 03:00:00,97.31,97.409,97.16,97.393
2023-04-06 04:00:00,97.392,97.435,97.282,97.312
2023-04-06 05:00:00,97.313,97.326,97.181,97.277
2023-04-06 06:00:00,97.278,97.326,97.253,97.281
2023-04-06 07:00:00,97.281,97.322,97.224,97.244
2023-04-06 08:00:00,97.244,97.37,97.232,97.333
2023-04-06 09:00:00,97.334,97.598,97.331,97.521
2023-04-06 10:00:00,97.524,97.636,97.46,97.541
2023-04-06 11:00:00,97.542,97.594,97.296,97.481
2023-04-06 12:00:00,97.481,97.505,97.3,97.451
2023-04-06 13:00:00,97.449,97.636,97.444,97.569
2023-04-06 14:00:00,97.569,97.693,97.513,97.651
2023-04-06 15:00:00,97.65,97.679,97.241,97.622
2023-04-06 16:00:00,97.626,97.728,97.42,97.612
2023-04-06 17:00:00,97.611,97.867,97.6,97.78
2023-04-06 18:00:00,97.775,97.822,97.619,97.721
2023-04-06 19:00:00,97.723,97.763,97.651,97.66
2023-04-06 20:00:00,97.66,97.779,97.619,97.775
2023-04-06 21:00:00,97.778,97.823,97.752,97.801
2023-04-06 22:00:00,97.799,97.814,97.715,97.721
2023-04-06 23:00:00,97.723,97.739,97.673,97.674
2023-04-07 00:00:00,97.629,97.645,97.553,97.626
2023-04-07 01:00:00,97.627,97.732,97.612,97.711
2023-04-07 02:00:00,97.712,97.779,97.54,97.564
2023-04-07 03:00:00,97.56,97.661,97.522,97.626
2023-04-07 04:00:00,97.626,97.638,97.515,97.56
2023-04-07 05:00:00,97.561,97.684,97.55,97.676
2023-04-07 06:00:00,97.677,97.722,97.621,97.633
2023-04-07 07:00:00,97.634,97.665,97.609,97.633
2023-04-07 08:00:00,97.634,97.701,97.588,97.699
2023-04-07 09:00:00,97.697,97.765,97.661,97.694
2023-04-07 10:00:00,97.693,97.778,97.667,97.75
2023-04-07 11:00:00,97.748,97.752,97.528,97.554
2023-04-07 12:00:00,97.557,97.606,97.536,97.548
2023-04-07 13:00:00,97.549,97.551,97.375,97.378
2023-04-07 14:00:00,97.376,97.466,97.374,97.457
2023-04-07 15:00:00,97.457,97.874,97.402,97.809
2023-04-07 16:00:00,97.809,97.938,97.77,97.839
2023-04-07 17:00:00,97.839,97.87,97.774,97.782
2023-04-07 18:00:00,97.781,97.826,97.673,97.754
2023-04-07 19:00:00,97.752,97.846,97.749,97.824
2023-04-07 20:00:00,97.823,97.856,97.762,97.825
2023-04-07 21:00:00,97.825,97.865,97.758,97.856
2023-04-07 22:00:00,97.821,97.889,97.773,97.804
2023-04-07 23:00:00,97.828,97.879,97.731,97.796
2023-04-10 00:00:00,97.697,97.761,97.696,97.703
2023-04-10 01:00:00,97.696,97.742,97.597,97.729
2023-04-10 02:00:00,97.72,97.857,97.688,97.804
2023-04-10 03:00:00,97.804,98.201,97.797,98.139
2023-04-10 04:00:00,98.137,98.242,98.061,98.178
2023-04-10 05:00:00,98.177,98.2,98.073,98.099
2023-04-10 06:00:00,98.102,98.213,98.09,98.201
2023-04-10 07:00:00,98.201,98.271,98.14,98.153
2023-04-10 08:00:00,98.155,98.2,98.1,98.139
2023-04-10 09:00:00,98.137,98.226,98.101,98.194
2023-04-10 10:00:00,98.193,98.204,97.815,97.839
2023-04-10 11:00:00,97.84,97.925,97.756,97.844
2023-04-10 12:00:00,97.847,98.005,97.803,97.934
2023-04-10 13:00:00,97.933,98.096,97.889,98.045
2023-04-10 14:00:00,98.046,98.476,98.008,98.43
2023-04-10 15:00:00,98.43,98.507,98.338,98.432
2023-04-10 16:00:00,98.434,98.599,98.37,98.534
2023-04-10 17:00:00,98.534,98.846,98.524,98.806
2023-04-10 18:00:00,98.807,98.908,98.773,98.82
2023-04-10 19:00:00,98.82,98.848,98.759,98.833
2023-04-10 20:00:00,98.834,98.937,98.752,98.901
2023-04-10 21:00:00,98.901,98.917,98.845,98.907
2023-04-10 22:00:00,98.907,98.909,98.837,98.887
2023-04-10 23:00:00,98.886,98.935,98.87,98.903
2023-04-11 00:00:00,98.86,98.889,98.728,98.853
2023-04-11 01:00:00,98.846,98.902,98.816,98.855
2023-04-11 02:00:00,98.855,98.944,98.823,98.832
2023-04-11 03:00:00,98.834,98.834,98.672,98.795
2023-04-11 04:00:00,98.797,98.972,98.78,98.877
2023-04-11 05:00:00,98.881,98.94,98.795,98.803
2023-04-11 06:00:00,98.806,98.861,98.793,98.848
2023-04-11 07:00:00,98.85,98.927,98.837,98.841
2023-04-11 08:00:00,98.837,98.837,98.738,98.771
2023-04-11 09:00:00,98.773,98.937,98.756,98.873
2023-04-11 10:00:00,98.872,98.962,98.612,98.649
2023-04-11 11:00:00,98.649,98.729,98.488,98.585
2023-04-11 12:00:00,98.589,98.634,98.52,98.57
2023-04-11 13:00:00,98.571,98.649,98.516,98.57
2023-04-11 14:00:00,98.57,98.696,98.468,98.641
2023-04-11 15:00:00,98.639,98.657,98.493,98.546
2023-04-11 16:00:00,98.546,98.831,98.505,98.79
2023-04-11 17:00:00,98.792,99.038,98.792,98.978
2023-04-11 18:00:00,98.977,99.192,98.975,99.124
2023-04-11 19:00:00,99.124,99.192,99.107,99.164
2023-04-11 20:00:00,99.164,99.233,99.121,99.213
2023-04-11 21:00:00,99.215,99.332,99.201,99.332
2023-04-11 22:00:00,99.333,99.336,99.225,99.251
2023-04-11 23:00:00,99.258,99.324,99.248,99.283
2023-04-12 00:00:00,99.265,99.279,99.164,99.235
2023-04-12 01:00:00,99.236,99.296,99.2,99.229
2023-04-12 02:00:00,99.227,99.271,99.18,99.222
2023-04-12 03:00:00,99.22,99.371,99.183,99.301
2023-04-12 04:00:00,99.299,99.301,99.219,99.267
2023-04-12 05:00:00,99.267,99.471,99.246,99.438
2023-04-12 06:00:00,99.44,99.54,99.399,99.421
2023-04-12 07:00:00,99.421,99.462,99.367,99.403
2023-04-12 08:00:00,99.404,99.498,99.371,99.476
2023-04-12 09:00:00,99.478,99.514,99.288,99.306
2023-04-12 10:00:00,99.308,99.397,99.25,99.391
2023-04-12 11:00:00,99.392,99.465,99.333,99.354
2023-04-12 12:00:00,99.356,99.402,99.278,99.388
2023-04-12 13:00:00,99.389,99.419,99.234,99.284
2023-04-12 14:00:00,99.285,99.291,99.158,99.209
2023-04-12 15:00:00,99.209,99.328,98.755,98.884
2023-04-12 16:00:00,98.882,98.993,98.68,98.88
2023-04-12 17:00:00,98.897,99.117,98.816,99.076
2023-04-12 18:00:00,99.079,99.121,98.829,99.055
2023-04-12 19:00:00,99.058,99.148,98.967,99.134
2023-04-12 20:00:00,99.142,99.293,99.133,99.27
2023-04-12 21:00:00,99.262,99.276,99.01,99.157
2023-04-12 22:00:00,99.157,99.161,98.988,99.075
2023-04-12 23:00:00,99.078,99.099,99.038,99.045
2023-04-13 00:00:00,99.027,99.038,98.871,99.027
2023-04-13 01:00:00,99.032,99.122,98.958,98.975
2023-04-13 02:00:00,98.996,99.024,98.915,99.016
2023-04-13 03:00:00,99.018,99.14,98.916,99.08
2023-04-13 04:00:00,99.079,99.137,98.97,99.128
2023-04-13 05:00:00,99.13,99.229,99.103,99.207
2023-04-13 06:00:00,99.205,99.251,99.164,99.18
2023-04-13 07:00:00,99.18,99.255,99.145,99.245
2023-04-13 08:00:00,99.243,99.248,99.15,99.202
2023-04-13 09:00:00,99.204,99.328,99.198,99.225
2023-04-13 10:00:00,99.226,99.269,99.155,99.216
2023-04-13 11:00:00,99.217,99.356,99.134,99.333
2023-04-13 12:00:00,99.332,99.413,99.275,99.401
2023-04-13 13:00:00,99.399,99.532,99.396,99.488
2023-04-13 14:00:00,99.486,99.553,99.385,99.493
2023-04-13 15:00:00,99.49,99.505,98.944,98.947
2023-04-13 16:00:00,98.947,99.049,98.719,98.797
2023-04-13 17:00:00,98.8,99.107,98.8,99.005
2023-04-13 18:00:00,99.006,99.212,98.996,99.193
2023-04-13 19:00:00,99.196,99.262,99.156,99.196
2023-04-13 20:00:00,99.197,99.383,99.186,99.378
2023-04-13 21:00:00,99.377,99.567,99.377,99.563
2023-04-13 22:00:00,99.561,99.561,99.494,99.518
2023-04-13 23:00:00,99.52,99.535,99.366,99.38
2023-04-14 00:00:00,99.355,99.379,99.298,99.361
2023-04-14 01:00:00,99.36,99.394,99.33,99.359
2023-04-14 02:00:00,99.359,99.379,99.282,99.304
2023-04-14 03:00:00,99.309,99.511,99.292,99.429
2023-04-14 04:00:00,99.43,99.474,99.292,99.4
2023-04-14 05:00:00,99.401,99.439,99.307,99.374
2023-04-14 06:00:00,99.373,99.415,99.33,99.368
2023-04-14 07:00:00,99.367,99.45,99.275,99.428
2023-04-14 08:00:00,99.429,99.471,99.408,99.429
2023-04-14 09:00:00,99.427,99.478,99.34,99.413
2023-04-14 10:00:00,99.414,99.478,99.215,99.246
2023-04-14 11:00:00,99.239,99.41,99.201,99.404
2023-04-14 12:00:00,99.407,99.505,99.35,99.498
2023-04-14 13:00:00,99.5,99.518,99.4,99.496
2023-04-14 14:00:00,99.495,99.595,99.469,99.521
2023-04-14 15:00:00,99.521,99.825,99.344,99.701
2023-04-14 16:00:00,99.704,99.867,99.622,99.817
2023-04-14 17:00:00,99.843,100.02,99.781,99.86
2023-04-14 18:00:00,99.861,99.994,99.838,99.963
2023-04-14 19:00:00,99.963,99.991,99.859,99.928
2023-04-14 20:00:00,99.928,99.986,99.825,99.976
2023-04-14 21:00:00,99.978,100.154,99.973,100.136
2023-04-14 22:00:00,100.135,100.135,100.006,100.081
2023-04-14 23:00:00,100.081,100.123,100.047,100.11
2023-04-17 00:00:00,99.908,100.116,99.908,100.114
2023-04-17 01:00:00,100.102,100.196,100.033,100.193
2023-04-17 02:00:00,100.193,100.24,100.135,100.237
2023-04-17 03:00:00,100.236,100.258,100.054,100.08
2023-04-17 04:00:00,100.079,100.273,100.079,100.26
2023-04-17 05:00:00,100.261,100.265,100.115,100.187
2023-04-17 06:00:00,100.186,100.271,100.134,100.267
2023-04-17 07:00:00,100.266,100.402,100.245,100.359
2023-04-17 08:00:00,100.357,100.482,100.302,100.308
2023-04-17 09:00:00,100.307,100.437,100.228,100.409
2023-04-17 10:00:00,100.407,100.43,100.315,100.367
2023-04-17 11:00:00,100.368,100.377,100.147,100.241
2023-04-17 12:00:00,100.243,100.339,100.198,100.323
2023-04-17 13:00:00,100.323,100.427,100.226,100.259
2023-04-17 14:00:00,100.259,100.32,100.032,100.044
2023-04-17 15:00:00,100.043,100.245,100.037,100.144
2023-04-17 16:00:00,100.144,100.321,100.11,100.226
2023-04-17 17:00:00,100.228,100.382,100.156,100.38
2023-04-17 18:00:00,100.38,100.39,100.232,100.342
2023-04-17 19:00:00,100.341,100.377,100.253,100.3
2023-04-17 20:00:00,100.3,100.372,100.244,100.342
2023-04-17 21:00:00,100.342,100.344,100.257,100.307
2023-04-17 22:00:00,100.308,100.383,100.283,100.383
2023-04-17 23:00:00,100.384,100.421,100.364,100.414
2023-04-18 00:00:00,100.366,100.394,100.245,100.366
2023-04-18 01:00:00,100.363,100.398,100.341,100.38
2023-04-18 02:00:00,100.38,100.405,100.348,100.374
2023-04-18 03:00:00,100.373,100.381,100.266,100.335
2023-04-18 04:00:00,100.336,100.591,100.323,100.47
2023-04-18 05:00:00,100.474,100.554,100.437,100.494
2023-04-18 06:00:00,100.493,100.516,100.411,100.425
2023-04-18 07:00:00,100.424,100.499,100.399,100.416
2023-04-18 08:00:00,100.415,100.482,100.375,100.472
2023-04-18 09:00:00,100.473,100.508,100.397,100.409
2023-04-18 10:00:00,100.409,100.505,100.352,100.358
2023-04-18 11:00:00,100.359,100.466,100.302,100.354
2023-04-18 12:00:00,100.352,100.435,100.261,100.29
2023-04-18 13:00:00,100.294,100.323,100.231,100.27
2023-04-18 14:00:00,100.273,100.273,100.05,100.062
2023-04-18 15:00:00,100.062,100.311,100.033,100.282
2023-04-18 16:00:00,100.283,100.345,100.168,100.187
2023-04-18 17:00:00,100.185,100.269,100.052,100.075
2023-04-18 18:00:00,100.074,100.207,100.026,100.131
2023-04-18 19:00:00,100.131,100.235,100.118,100.17
2023-04-18 20:00:00,100.169,100.181,100.083,100.136
2023-04-18 21:00:00,100.136,100.157,100.038,100.096
2023-04-18 22:00:00,100.096,100.129,100.067,100.096
2023-04-18 23:00:00,100.097,100.147,100.068,100.147
2023-04-19 00:00:00,100.137,100.155,100.046,100.115
2023-04-19 01:00:00,100.116,100.134,100.058,100.095
2023-04-19 02:00:00,100.094,100.113,100.056,100.086
2023-04-19 03:00:00,100.085,100.154,100.04,100.099
2023-04-19 04:00:00,100.1,100.262,100.062,100.207
2023-04-19 05:00:00,100.208,100.311,100.175,100.253
2023-04-19 06:00:00,100.254,100.266,100.208,100.253
2023-04-19 07:00:00,100.253,100.276,100.225,100.257
2023-04-19 08:00:00,100.257,100.293,100.22,100.275
2023-04-19 09:00:00,100.273,100.436,100.273,100.378
2023-04-19 10:00:00,100.375,100.526,100.375,100.502
2023-04-19 11:00:00,100.508,100.525,100.414,100.493
2023-04-19 12:00:00,100.495,100.559,100.296,100.349
2023-04-19 13:00:00,100.35,100.47,100.287,100.327
2023-04-19 14:00:00,100.327,100.356,100.128,100.168
2023-04-19 15:00:00,100.167,100.188,99.99,99.998
2023-04-19 16:00:00,99.997,100.092,99.961,100.034
2023-04-19 17:00:00,100.034,100.192,99.944,100.185
2023-04-19 18:00:00,100.186,100.293,100.169,100.18
2023-04-19 19:00:00,100.18,100.253,100.149,100.149
2023-04-19 20:00:00,100.151,100.247,100.147,100.191
2023-04-19 21:00:00,100.194,100.202,100.037,100.07
2023-04-19 22:00:00,100.068,100.175,100.037,100.17
2023-04-19 23:00:00,100.173,100.178,100.064,100.065
2023-04-20 00:00:00,100.061,100.079,99.986,100.021
2023-04-20 01:00:00,100.018,100.143,100.0,100.047
2023-04-20 02:00:00,100.05,100.075,99.986,100.009
2023-04-20 03:00:00,100.008,100.167,99.973,100.159
2023-04-20 04:00:00,100.159,100.245,100.134,100.163
2023-04-20 05:00:00,100.165,100.184,100.061,100.089
2023-04-20 06:00:00,100.089,100.094,99.965,100.025
2023-04-20 07:00:00,100.025,100.082,100.011,100.06
2023-04-20 08:00:00,100.064,100.088,100.012,100.021
2023-04-20 09:00:00,100.018,100.028,99.856,99.945
2023-04-20 10:00:00,99.945,99.974,99.864,99.922
2023-04-20 11:00:00,99.924,99.961,99.849,99.954
2023-04-20 12:00:00,99.952,100.055,99.941,100.019
2023-04-20 13:00:00,100.02,100.032,99.889,99.928
2023-04-20 14:00:00,99.927,99.961,99.847,99.884
2023-04-20 15:00:00,99.885,99.978,99.583,99.68
2023-04-20 16:00:00,99.678,99.745,99.525,99.672
2023-04-20 17:00:00,99.671,99.699,99.576,99.643
2023-04-20 18:00:00,99.645,99.686,99.528,99.62
2023-04-20 19:00:00,99.621,99.66,99.548,99.645
2023-04-20 20:00:00,99.644,99.742,99.644,99.729
2023-04-20 21:00:00,99.729,99.749,99.645,99.687
2023-04-20 22:00:00,99.686,99.716,99.59,99.624
2023-04-20 23:00:00,99.625,99.636,99.559,99.601
2023-04-21 00:00:00,99.58,99.626,99.478,99.569
2023-04-21 01:00:00,99.571,99.629,99.509,99.527
2023-04-21 02:00:00,99.528,99.529,99.357,99.388
2023-04-21 03:00:00,99.387,99.597,99.381,99.542
2023-04-21 04:00:00,99.542,99.553,99.183,99.228
2023-04-21 05:00:00,99.227,99.259,99.14,99.254
2023-04-21 06:00:00,99.257,99.287,99.155,99.167
2023-04-21 07:00:00,99.169,99.18,99.079,99.146
2023-04-21 08:00:00,99.144,99.178,99.04,99.046
2023-04-21 09:00:00,99.046,99.078,98.898,98.971
2023-04-21 10:00:00,98.971,99.139,98.961,98.989
2023-04-21 11:00:00,98.988,99.135,98.902,98.958
2023-04-21 12:00:00,98.958,99.073,98.897,98.917
2023-04-21 13:00:00,98.917,98.967,98.831,98.882
2023-04-21 14:00:00,98.88,98.969,98.83,98.834
2023-04-21 15:00:00,98.833,98.989,98.77,98.773
2023-04-21 16:00:00,98.772,99.142,98.679,99.102
2023-04-21 17:00:00,99.102,99.308,99.054,99.295
2023-04-21 18:00:00,99.297,99.346,99.176,99.201
2023-04-21 19:00:00,99.202,99.211,98.994,99.04
2023-04-21 20:00:00,99.041,99.097,98.988,99.042
2023-04-21 21:00:00,99.042,99.072,99.02,99.059
2023-04-21 22:00:00,99.059,99.061,98.992,99.028
2023-04-21 23:00:00,99.027,99.066,99.012,99.045
2023-04-24 00:00:00,98.93,99.006,98.847,98.908
2023-04-24 01:00:00,98.908,99.055,98.908,99.05
2023-04-24 02:00:00,99.048,99.051,98.926,98.927
2023-04-24 03:00:00,98.929,99.01,98.839,98.937
2023-04-24 04:00:00,98.937,99.061,98.905,98.994
2023-04-24 05:00:00,98.995,99.19,98.993,99.187
2023-04-24 06:00:00,99.195,99.211,99.098,99.133
2023-04-24 07:00:00,99.132,99.174,99.099,99.108
2023-04-24 08:00:00,99.107,99.18,99.063,99.143
2023-04-24 09:00:00,99.142,99.143,98.915,98.929
2023-04-24 10:00:00,98.93,99.177,98.863,99.103
2023-04-24 11:00:00,99.101,99.253,99.093,99.243
2023-04-24 12:00:00,99.242,99.348,99.214,99.272
2023-04-24 13:00:00,99.272,99.488,99.264,99.375
2023-04-24 14:00:00,99.374,99.499,99.36,99.389
2023-04-24 15:00:00,99.389,99.451,99.314,99.366
2023-04-24 16:00:00,99.365,99.436,99.254,99.361
2023-04-24 17:00:00,99.362,99.522,99.216,99.291
2023-04-24 18:00:00,99.292,99.308,99.165,99.225
2023-04-24 19:00:00,99.225,99.283,99.186,99.234
2023-04-24 20:00:00,99.235,99.256,99.176,99.218
2023-04-24 21:00:00,99.218,99.226,99.094,99.135
2023-04-24 22:00:00,99.137,99.214,99.137,99.202
2023-04-24 23:00:00,99.201,99.214,99.128,99.129
2023-04-25 00:00:00,99.115,99.115,98.964,99.07
2023-04-25 01:00:00,99.056,99.086,98.935,99.059
2023-04-25 02:00:00,99.058,99.092,99.008,99.066
2023-04-25 03:00:00,99.065,99.257,99.007,99.238
2023-04-25 04:00:00,99.238,99.317,99.168,99.174
2023-04-25 05:00:00,99.174,99.178,99.056,99.141
2023-04-25 06:00:00,99.141,99.235,99.125,99.198
2023-04-25 07:00:00,99.199,99.211,99.091,99.117
2023-04-25 08:00:00,99.118,99.119,98.977,98.999
2023-04-25 09:00:00,98.999,99.184,98.942,99.169
2023-04-25 10:00:00,99.168,99.168,98.687,98.776
2023-04-25 11:00:00,98.777,98.861,98.632,98.845
2023-04-25 12:00:00,98.846,98.868,98.594,98.608
2023-04-25 13:00:00,98.611,98.738,98.599,98.695
2023-04-25 14:00:00,98.696,98.71,98.566,98.707
2023-04-25 15:00:00,98.708,98.779,98.523,98.558
2023-04-25 16:00:00,98.561,98.598,98.281,98.308
2023-04-25 17:00:00,98.301,98.435,98.167,98.316
2023-04-25 18:00:00,98.317,98.466,98.264,98.293
2023-04-25 19:00:00,98.293,98.324,98.142,98.16
2023-04-25 20:00:00,98.162,98.188,97.88,97.88
2023-04-25 21:00:00,97.88,97.959,97.749,97.903
2023-04-25 22:00:00,97.906,98.039,97.868,97.897
2023-04-25 23:00:00,97.897,98.133,97.897,98.12
2023-04-26 00:00:00,98.09,98.201,97.969,98.125
2023-04-26 01:00:00,98.108,98.272,98.098,98.181
2023-04-26 02:00:00,98.18,98.202,98.102,98.169
2023-04-26 03:00:00,98.17,98.175,97.99,98.129
2023-04-26 04:00:00,98.13,98.137,97.913,97.973
2023-04-26 05:00:00,97.971,97.997,97.907,97.98
2023-04-26 06:00:00,97.979,98.017,97.862,97.896
2023-04-26 07:00:00,97.897,97.985,97.878,97.978
2023-04-26 08:00:00,97.977,98.131,97.956,98.045
2023-04-26 09:00:00,98.046,98.159,98.042,98.116
2023-04-26 10:00:00,98.115,98.166,97.87,97.926
2023-04-26 11:00:00,97.926,98.153,97.857,98.011
2023-04-26 12:00:00,98.012,98.057,97.837,97.842
2023-04-26 13:00:00,97.844,97.992,97.794,97.896
2023-04-26 14:00:00,97.898,98.298,97.768,98.213
2023-04-26 15:00:00,98.214,98.299,98.042,98.054
2023-04-26 16:00:00,98.053,98.097,97.687,97.737
2023-04-26 17:00:00,97.737,97.886,97.551,97.857
2023-04-26 18:00:00,97.856,98.32,97.851,98.302
2023-04-26 19:00:00,98.303,98.357,98.207,98.287
2023-04-26 20:00:00,98.287,98.327,98.124,98.146
2023-04-26 21:00:00,98.146,98.148,97.825,97.848
2023-04-26 22:00:00,97.849,98.006,97.816,97.942
2023-04-26 23:00:00,97.941,98.039,97.914,98.02
2023-04-27 00:00:00,97.992,98.034,97.818,98.006
2023-04-27 01:00:00,98.007,98.028,97.941,97.984
2023-04-27 02:00:00,97.983,97.989,97.867,97.908
2023-04-27 03:00:00,97.906,98.037,97.852,97.924
2023-04-27 04:00:00,97.925,97.98,97.833,97.907
2023-04-27 05:00:00,97.905,97.994,97.85,97.917
2023-04-27 06:00:00,97.917,98.036,97.911,98.031
2023-04-27 07:00:00,98.031,98.096,98.012,98.096
2023-04-27 08:00:00,98.096,98.221,98.042,98.15
2023-04-27 09:00:00,98.148,98.252,98.138,98.167
2023-04-27 10:00:00,98.168,98.172,98.002,98.127
2023-04-27 11:00:00,98.126,98.277,98.101,98.229
2023-04-27 12:00:00,98.23,98.249,98.063,98.14
2023-04-27 13:00:00,98.14,98.178,98.022,98.049
2023-04-27 14:00:00,98.049,98.1,97.956,98.009
2023-04-27 15:00:00,98.009,98.344,97.828,98.285
2023-04-27 16:00:00,98.283,98.498,98.233,98.498
2023-04-27 17:00:00,98.501,98.617,98.451,98.551
2023-04-27 18:00:00,98.549,98.559,98.395,98.481
2023-04-27 19:00:00,98.481,98.494,98.364,98.411
2023-04-27 20:00:00,98.412,98.51,98.359,98.493
2023-04-27 21:00:00,98.492,98.566,98.471,98.492
2023-04-27 22:00:00,98.49,98.556,98.453,98.504
2023-04-27 23:00:00,98.501,98.608,98.475,98.568
2023-04-28 00:00:00,98.557,98.557,98.115,98.453
2023-04-28 01:00:00,98.472,98.53,98.429,98.49
2023-04-28 02:00:00,98.49,98.512,98.314,98.375
2023-04-28 03:00:00,98.376,98.554,98.366,98.535
2023-04-28 04:00:00,98.534,98.763,98.223,98.704
2023-04-28 05:00:00,98.705,98.75,98.474,98.583
2023-04-28 06:00:00,98.583,98.61,98.017,98.363
2023-04-28 07:00:00,98.362,99.203,98.056,99.031
2023-04-28 08:00:00,99.031,99.217,98.983,99.129
2023-04-28 09:00:00,99.127,99.674,99.122,99.555
2023-04-28 10:00:00,99.554,99.612,99.389,99.469
2023-04-28 11:00:00,99.466,99.471,99.233,99.283
2023-04-28 12:00:00,99.285,99.704,99.262,99.675
2023-04-28 13:00:00,99.672,99.717,99.498,99.608
2023-04-28 14:00:00,99.609,99.797,99.561,99.724
2023-04-28 15:00:00,99.723,99.914,99.653,99.761
2023-04-28 16:00:00,99.761,99.997,99.613,99.979
2023-04-28 17:00:00,99.978,100.543,99.966,100.387
2023-04-28 18:00:00,100.388,100.472,100.216,100.332
2023-04-28 19:00:00,100.333,100.41,100.249,100.399
2023-04-28 20:00:00,100.399,100.563,100.35,100.563
2023-04-28 21:00:00,100.562,100.676,100.534,100.654
2023-04-28 22:00:00,100.653,100.653,100.481,100.57
2023-04-28 23:00:00,100.568,100.643,100.53,100.612
2023-05-01 00:00:00,100.432,100.606,100.432,100.53
2023-05-01 01:00:00,100.532,100.618,100.449,100.458
2023-05-01 02:00:00,100.454,100.66,100.454,100.589
2023-05-01 03:00:00,100.588,100.858,100.505,100.82
2023-05-01 04:00:00,100.819,100.837,100.734,100.811
2023-05-01 05:00:00,100.813,101.003,100.79,100.975
2023-05-01 06:00:00,100.971,101.053,100.923,101.014
2023-05-01 07:00:00,101.016,101.042,100.937,100.969
2023-05-01 08:00:00,100.971,101.048,100.937,101.02
2023-05-01 09:00:00,101.021,101.075,101.0,101.021
2023-05-01 10:00:00,101.023,101.023,100.857,100.901
2023-05-01 11:00:00,100.899,100.962,100.801,100.802
2023-05-01 12:00:00,100.803,100.838,100.689,100.733
2023-05-01 13:00:00,100.735,100.738,100.602,100.687
2023-05-01 14:00:00,100.687,100.798,100.634,100.742
2023-05-01 15:00:00,100.741,100.902,100.737,100.899
2023-05-01 16:00:00,100.898,101.084,100.806,101.03
2023-05-01 17:00:00,101.033,101.449,101.014,101.425
2023-05-01 18:00:00,101.426,101.487,101.3,101.422
2023-05-01 19:00:00,101.422,101.593,101.38,101.591
2023-05-01 20:00:00,101.59,101.593,101.477,101.518
2023-05-01 21:00:00,101.519,101.581,101.462,101.502
2023-05-01 22:00:00,101.502,101.533,101.465,101.505
2023-05-01 23:00:00,101.505,101.535,101.472,101.489
2023-05-02 00:00:00,101.472,101.516,101.284,101.499
2023-05-02 01:00:00,101.498,101.498,101.423,101.439
2023-05-02 02:00:00,101.438,101.543,101.437,101.474
2023-05-02 03:00:00,101.475,101.488,101.282,101.397
2023-05-02 04:00:00,101.399,101.467,101.377,101.43
2023-05-02 05:00:00,101.428,101.458,101.367,101.398
2023-05-02 06:00:00,101.397,101.514,101.389,101.512
2023-05-02 07:00:00,101.512,101.726,101.5,101.713
2023-05-02 08:00:00,101.711,101.802,101.668,101.696
2023-05-02 09:00:00,101.695,101.73,101.542,101.576
2023-05-02 10:00:00,101.575,101.773,101.51,101.542
2023-05-02 11:00:00,101.541,101.544,101.207,101.349
2023-05-02 12:00:00,101.35,101.386,101.171,101.187
2023-05-02 13:00:00,101.187,101.331,101.111,101.29
2023-05-02 14:00:00,101.292,101.307,101.112,101.211
2023-05-02 15:00:00,101.209,101.246,101.123,101.147
2023-05-02 16:00:00,101.149,101.216,100.845,100.96
2023-05-02 17:00:00,100.963,100.967,100.102,100.128
2023-05-02 18:00:00,100.123,100.351,100.058,100.136
2023-05-02 19:00:00,100.137,100.254,99.999,100.114
2023-05-02 20:00:00,100.112,100.34,100.073,100.294
2023-05-02 21:00:00,100.295,100.375,100.159,100.35
2023-05-02 22:00:00,100.35,100.363,100.17,100.204
2023-05-02 23:00:00,100.208,100.246,100.16,100.241
2023-05-03 00:00:00,100.204,100.271,100.075,100.199
2023-05-03 01:00:00,100.195,100.22,100.145,100.212
2023-05-03 02:00:00,100.206,100.216,100.124,100.195
2023-05-03 03:00:00,100.197,100.21,100.117,100.142
2023-05-03 04:00:00,100.142,100.166,99.834,99.86
2023-05-03 05:00:00,99.859,99.908,99.798,99.894
2023-05-03 06:00:00,99.893,99.974,99.886,99.956
2023-05-03 07:00:00,99.957,100.001,99.911,99.938
2023-05-03 08:00:00,99.937,99.964,99.817,99.862
2023-05-03 09:00:00,99.861,99.965,99.798,99.828
2023-05-03 10:00:00,99.829,99.951,99.696,99.7
2023-05-03 11:00:00,99.7,99.723,99.514,99.613
2023-05-03 12:00:00,99.614,99.674,99.5,99.552
2023-05-03 13:00:00,99.549,99.6,99.379,99.455
2023-05-03 14:00:00,99.456,99.627,99.447,99.468
2023-05-03 15:00:00,99.467,99.727,99.244,99.293
2023-05-03 16:00:00,99.292,99.421,99.195,99.333
2023-05-03 17:00:00,99.338,99.416,99.119,99.152
2023-05-03 18:00:00,99.152,99.422,99.139,99.407
2023-05-03 19:00:00,99.406,99.548,99.343,99.542
2023-05-03 20:00:00,99.543,99.632,99.457,99.48
2023-05-03 21:00:00,99.546,99.836,99.239,99.653
2023-05-03 22:00:00,99.656,99.73,99.039,99.096
2023-05-03 23:00:00,99.096,99.351,99.02,99.027
2023-05-04 00:00:00,98.967,98.967,98.787,98.874
2023-05-04 01:00:00,98.863,98.89,98.604,98.767
2023-05-04 02:00:00,98.767,98.789,98.679,98.708
2023-05-04 03:00:00,98.709,98.74,98.616,98.738
2023-05-04 04:00:00,98.739,98.93,98.692,98.884
2023-05-04 05:00:00,98.883,98.947,98.853,98.935
2023-05-04 06:00:00,98.936,98.995,98.923,98.97
2023-05-04 07:00:00,98.971,99.074,98.895,99.047
2023-05-04 08:00:00,99.048,99.07,98.938,98.977
2023-05-04 09:00:00,98.976,99.002,98.593,98.799
2023-05-04 10:00:00,98.796,99.107,98.79,99.012
2023-05-04 11:00:00,99.015,99.027,98.821,98.843
2023-05-04 12:00:00,98.845,99.027,98.832,98.926
2023-05-04 13:00:00,98.925,98.952,98.708,98.757
2023-05-04 14:00:00,98.759,98.832,98.703,98.773
2023-05-04 15:00:00,98.773,99.167,98.706,99.104
2023-05-04 16:00:00,99.103,99.216,98.666,98.878
2023-05-04 17:00:00,98.879,98.927,98.464,98.535
2023-05-04 18:00:00,98.54,98.791,98.468,98.559
2023-05-04 19:00:00,98.56,98.79,98.382,98.784
2023-05-04 20:00:00,98.784,99.133,98.741,99.037
2023-05-04 21:00:00,99.043,99.148,98.964,99.086
2023-05-04 22:00:00,99.083,99.201,99.046,99.095
2023-05-04 23:00:00,99.097,99.23,99.059,99.178
2023-05-05 00:00:00,99.152,99.159,99.063,99.134
2023-05-05 01:00:00,99.122,99.242,99.122,99.24
2023-05-05 02:00:00,99.241,99.302,99.191,99.194
2023-05-05 03:00:00,99.193,99.258,99.133,99.189
2023-05-05 04:00:00,99.19,99.193,99.12,99.154
2023-05-05 05:00:00,99.156,99.224,99.111,99.197
2023-05-05 06:00:00,99.195,99.24,99.166,99.238
2023-05-05 07:00:00,99.238,99.252,99.13,99.181
2023-05-05 08:00:00,99.18,99.188,99.071,99.158
2023-05-05 09:00:00,99.16,99.371,99.075,99.337
2023-05-05 10:00:00,99.333,99.473,99.267,99.293
2023-05-05 11:00:00,99.293,99.441,99.151,99.373
2023-05-05 12:00:00,99.372,99.383,99.263,99.341
2023-05-05 13:00:00,99.338,99.502,99.319,99.472
2023-05-05 14:00:00,99.472,99.6,99.453,99.473
2023-05-05 15:00:00,99.473,100.206,99.437,100.173
2023-05-05 16:00:00,100.17,100.408,99.964,100.222
2023-05-05 17:00:00,100.226,100.381,100.136,100.347
2023-05-05 18:00:00,100.346,100.519,100.33,100.48
2023-05-05 19:00:00,100.478,100.506,100.375,100.45
2023-05-05 20:00:00,100.452,100.6,100.392,100.6
2023-05-05 21:00:00,100.6,100.819,100.595,100.793
2023-05-05 22:00:00,100.793,100.793,100.681,100.738
2023-05-05 23:00:00,100.741,100.816,100.728,100.797
2023-05-08 00:00:00,100.585,100.822,100.585,100.792
2023-05-08 01:00:00,100.791,100.933,100.78,100.931
2023-05-08 02:00:00,100.929,101.129,100.912,101.033
2023-05-08 03:00:00,101.031,101.031,100.773,100.794
2023-05-08 04:00:00,100.794,100.974,100.766,100.843
2023-05-08 05:00:00,100.844,100.846,100.725,100.806
2023-05-08 06:00:00,100.804,100.868,100.782,100.831
2023-05-08 07:00:00,100.832,100.836,100.765,100.774
2023-05-08 08:00:00,100.775,100.813,100.709,100.753
2023-05-08 09:00:00,100.752,100.917,100.717,100.904
2023-05-08 10:00:00,100.905,101.145,100.903,101.09
2023-05-08 11:00:00,101.091,101.163,101.035,101.081
2023-05-08 12:00:00,101.082,101.233,101.05,101.197
2023-05-08 13:00:00,101.197,101.259,101.121,101.234
2023-05-08 14:00:00,101.234,101.396,101.195,101.37
2023-05-08 15:00:00,101.368,101.418,101.26,101.351
2023-05-08 16:00:00,101.349,101.388,101.161,101.226
2023-05-08 17:00:00,101.224,101.286,100.914,100.963
2023-05-08 18:00:00,100.967,101.008,100.898,100.933
2023-05-08 19:00:00,100.932,100.951,100.759,100.836
2023-05-08 20:00:00,100.836,100.924,100.798,100.907
2023-05-08 21:00:00,100.909,101.091,100.811,101.076
2023-05-08 22:00:00,101.077,101.077,100.987,101.028
2023-05-08 23:00:00,101.029,101.053,100.995,101.024
2023-05-09 00:00:00,101.015,101.015,100.839,100.991
2023-05-09 01:00:00,100.989,101.031,100.941,100.952
2023-05-09 02:00:00,100.958,101.036,100.931,101.012
2023-05-09 03:00:00,101.011,101.183,101.004,101.094
2023-05-09 04:00:00,101.094,101.116,100.892,100.983
2023-05-09 05:00:00,100.985,101.062,100.965,101.015
2023-05-09 06:00:00,101.016,101.026,100.9,100.933
2023-05-09 07:00:00,100.935,101.011,100.896,100.983
2023-05-09 08:00:00,100.983,101.018,100.801,100.836
2023-05-09 09:00:00,100.835,100.87,100.706,100.788
2023-05-09 10:00:00,100.788,100.91,100.723,100.729
2023-05-09 11:00:00,100.73,100.969,100.73,100.957
2023-05-09 12:00:00,100.958,101.047,100.856,100.885
2023-05-09 13:00:00,100.884,100.896,100.714,100.715
2023-05-09 14:00:00,100.716,100.832,100.673,100.747
2023-05-09 15:00:00,100.746,100.944,100.74,100.909
2023-05-09 16:00:00,100.909,101.033,100.86,100.873
2023-05-09 17:00:00,100.873,100.921,100.724,100.816
2023-05-09 18:00:00,100.815,100.88,100.756,100.846
2023-05-09 19:00:00,100.846,100.996,100.822,100.989
2023-05-09 20:00:00,100.989,101.007,100.924,100.996
2023-05-09 21:00:00,100.996,101.08,100.983,101.032
2023-05-09 22:00:00,101.031,101.078,101.026,101.029
2023-05-09 23:00:00,101.028,101.059,101.002,101.016
2023-05-10 00:00:00,101.012,101.035,100.856,100.999
2023-05-10 01:00:00,100.998,101.031,100.923,101.023
2023-05-10 02:00:00,101.022,101.172,101.012,101.145
2023-05-10 03:00:00,101.145,101.152,100.979,101.017
2023-05-10 04:00:00,101.018,101.059,100.974,101.02
2023-05-10 05:00:00,101.019,101.047,100.976,101.009
2023-05-10 06:00:00,101.01,101.027,100.972,100.99
2023-05-10 07:00:00,100.989,101.09,100.956,101.047
2023-05-10 08:00:00,101.048,101.105,101.006,101.074
2023-05-10 09:00:00,101.074,101.216,101.074,101.188
2023-05-10 10:00:00,101.187,101.278,100.977,101.0
2023-05-10 11:00:00,100.999,101.017,100.877,100.987
2023-05-10 12:00:00,100.988,101.015,100.906,100.951
2023-05-10 13:00:00,100.95,100.996,100.908,100.984
2023-05-10 14:00:00,100.987,101.122,100.95,101.085
2023-05-10 15:00:00,101.084,101.198,100.696,100.746
2023-05-10 16:00:00,100.746,100.868,100.41,100.598
2023-05-10 17:00:00,100.6,100.762,100.431,100.532
2023-05-10 18:00:00,100.534,100.705,100.528,100.581
2023-05-10 19:00:00,100.579,100.584,100.36,100.38
2023-05-10 20:00:00,100.381,100.386,100.009,100.196
2023-05-10 21:00:00,100.197,100.36,100.186,100.314
2023-05-10 22:00:00,100.318,100.478,100.309,100.436
2023-05-10 23:00:00,100.437,100.492,100.376,100.483
2023-05-11 00:00:00,100.463,100.463,100.378,100.426
2023-05-11 01:00:00,100.427,100.483,100.319,100.329
2023-05-11 02:00:00,100.328,100.331,100.206,100.279
2023-05-11 03:00:00,100.281,100.366,100.159,100.291
2023-05-11 04:00:00,100.29,100.382,100.171,100.207
2023-05-11 05:00:00,100.207,100.314,100.187,100.306
2023-05-11 06:00:00,100.308,100.308,100.237,100.291
2023-05-11 07:00:00,100.291,100.377,100.245,100.325
2023-05-11 08:00:00,100.326,100.372,100.277,100.355
2023-05-11 09:00:00,100.354,100.356,100.141,100.187
2023-05-11 10:00:00,100.188,100.377,100.165,100.354
2023-05-11 11:00:00,100.357,100.559,100.295,100.524
2023-05-11 12:00:00,100.525,100.589,100.452,100.464
2023-05-11 13:00:00,100.463,100.489,100.394,100.408
2023-05-11 14:00:00,100.406,100.453,99.888,99.918
2023-05-11 15:00:00,99.92,100.377,99.527,99.598
2023-05-11 16:00:00,99.595,99.663,99.368,99.631
2023-05-11 17:00:00,99.639,99.825,99.509,99.752
2023-05-11 18:00:00,99.752,99.819,99.587,99.683
2023-05-11 19:00:00,99.683,99.711,99.587,99.688
2023-05-11 20:00:00,99.689,99.703,99.554,99.642
2023-05-11 21:00:00,99.641,99.799,99.609,99.737
2023-05-11 22:00:00,99.736,99.752,99.697,99.728
2023-05-11 23:00:00,99.728,99.784,99.704,99.757
2023-05-12 00:00:00,99.731,99.752,99.577,99.691
2023-05-12 01:00:00,99.692,99.747,99.679,99.715
2023-05-12 02:00:00,99.713,99.726,99.645,99.65
2023-05-12 03:00:00,99.644,99.745,99.63,99.741
2023-05-12 04:00:00,99.74,99.819,99.715,99.739
2023-05-12 05:00:00,99.74,99.851,99.727,99.812
2023-05-12 06:00:00,99.813,99.833,99.72,99.746
2023-05-12 07:00:00,99.745,99.803,99.721,99.793
2023-05-12 08:00:00,99.791,99.867,99.784,99.85
2023-05-12 09:00:00,99.848,99.95,99.791,99.912
2023-05-12 10:00:00,99.915,100.061,99.9,99.938
2023-05-12 11:00:00,99.937,99.941,99.81,99.895
2023-05-12 12:00:00,99.894,99.939,99.814,99.82
2023-05-12 13:00:00,99.822,99.906,99.783,99.799
2023-05-12 14:00:00,99.798,99.995,99.798,99.987
2023-05-12 15:00:00,99.984,100.074,99.881,99.995
2023-05-12 16:00:00,99.993,100.033,99.791,99.897
2023-05-12 17:00:00,99.888,100.054,99.721,99.997
2023-05-12 18:00:00,99.996,100.173,99.95,100.163
2023-05-12 19:00:00,100.16,100.178,100.064,100.064
2023-05-12 20:00:00,100.065,100.219,100.015,100.023
2023-05-12 21:00:00,100.023,100.075,99.986,100.066
2023-05-12 22:00:00,100.063,100.127,100.035,100.127
2023-05-12 23:00:00,100.128,100.128,100.081,100.11
2023-05-15 00:00:00,100.019,100.134,100.017,100.101
2023-05-15 01:00:00,100.102,100.186,100.076,100.142
2023-05-15 02:00:00,100.14,100.232,100.127,100.19
2023-05-15 03:00:00,100.189,100.264,100.12,100.181
2023-05-15 04:00:00,100.182,100.259,100.076,100.25
2023-05-15 05:00:00,100.251,100.309,100.229,100.302
2023-05-15 06:00:00,100.303,100.467,100.3,100.455
2023-05-15 07:00:00,100.453,100.533,100.44,100.464
2023-05-15 08:00:00,100.467,100.664,100.433,100.659
2023-05-15 09:00:00,100.661,100.706,100.602,100.667
2023-05-15 10:00:00,100.666,100.684,100.437,100.642
2023-05-15 11:00:00,100.641,100.783,100.6,100.688
2023-05-15 12:00:00,100.688,100.871,100.664,100.759
2023-05-15 13:00:00,100.758,100.911,100.753,100.777
2023-05-15 14:00:00,100.777,100.869,100.768,100.847
2023-05-15 15:00:00,100.846,100.907,100.494,100.607
2023-05-15 16:00:00,100.606,100.816,100.579,100.672
2023-05-15 17:00:00,100.671,100.938,100.652,100.909
2023-05-15 18:00:00,100.909,100.925,100.773,100.92
2023-05-15 19:00:00,100.919,101.113,100.904,101.088
2023-05-15 20:00:00,101.088,101.129,100.956,100.99
2023-05-15 21:00:00,100.988,101.033,100.946,101.027
2023-05-15 22:00:00,101.03,101.032,100.951,101.03
2023-05-15 23:00:00,101.029,101.062,100.999,101.06
2023-05-16 00:00:00,101.042,101.074,100.932,101.037
2023-05-16 01:00:00,101.041,101.06,100.995,101.003
2023-05-16 02:00:00,101.004,101.027,100.953,101.008
2023-05-16 03:00:00,101.009,101.06,100.944,100.96
2023-05-16 04:00:00,100.961,101.07,100.913,101.048
2023-05-16 05:00:00,101.047,101.047,100.827,100.963
2023-05-16 06:00:00,100.96,101.006,100.936,100.949
2023-05-16 07:00:00,100.949,100.975,100.919,100.945
2023-05-16 08:00:00,100.945,100.974,100.785,100.795
2023-05-16 09:00:00,100.795,100.848,100.685,100.765
2023-05-16 10:00:00,100.764,100.987,100.694,100.877
2023-05-16 11:00:00,100.878,101.003,100.842,100.951
2023-05-16 12:00:00,100.95,101.018,100.782,100.873
2023-05-16 13:00:00,100.874,100.928,100.793,100.858
2023-05-16 14:00:00,100.859,100.915,100.854,100.9
2023-05-16 15:00:00,100.901,101.458,100.866,101.431
2023-05-16 16:00:00,101.432,101.681,101.39,101.471
2023-05-16 17:00:00,101.469,101.539,101.37,101.414
2023-05-16 18:00:00,101.415,101.537,101.413,101.525
2023-05-16 19:00:00,101.524,101.531,101.383,101.461
2023-05-16 20:00:00,101.463,101.48,101.207,101.236
2023-05-16 21:00:00,101.237,101.249,101.142,101.206
2023-05-16 22:00:00,101.202,101.206,101.092,101.125
2023-05-16 23:00:00,101.124,101.213,101.094,101.18
2023-05-17 00:00:00,101.158,101.198,100.999,101.168
2023-05-17 01:00:00,101.168,101.199,101.135,101.185
2023-05-17 02:00:00,101.185,101.244,101.182,101.22
2023-05-17 03:00:00,101.219,101.274,101.155,101.255
2023-05-17 04:00:00,101.255,101.269,101.171,101.204
2023-05-17 05:00:00,101.203,101.397,101.198,101.392
2023-05-17 06:00:00,101.391,101.395,101.251,101.27
2023-05-17 07:00:00,101.27,101.356,101.262,101.331
2023-05-17 08:00:00,101.33,101.446,101.304,101.391
2023-05-17 09:00:00,101.389,101.504,101.315,101.414
2023-05-17 10:00:00,101.413,101.483,101.193,101.202
2023-05-17 11:00:00,101.201,101.498,101.201,101.455
2023-05-17 12:00:00,101.455,101.526,101.397,101.506
2023-05-17 13:00:00,101.508,101.526,101.394,101.484
2023-05-17 14:00:00,101.486,101.657,101.47,101.572
2023-05-17 15:00:00,101.57,101.81,101.504,101.805
2023-05-17 16:00:00,101.806,102.006,101.735,101.821
2023-05-17 17:00:00,101.821,101.91,101.715,101.879
2023-05-17 18:00:00,101.88,102.16,101.863,101.975
2023-05-17 19:00:00,101.976,102.257,101.976,102.216
2023-05-17 20:00:00,102.215,102.372,102.17,102.33
2023-05-17 21:00:00,102.33,102.347,102.274,102.289
2023-05-17 22:00:00,102.289,102.384,102.274,102.353
2023-05-17 23:00:00,102.353,102.355,102.265,102.265
2023-05-18 00:00:00,102.316,102.316,102.192,102.232
2023-05-18 01:00:00,102.232,102.313,102.178,102.184
2023-05-18 02:00:00,102.184,102.212,102.141,102.163
2023-05-18 03:00:00,102.164,102.291,102.083,102.086
2023-05-18 04:00:00,102.084,102.094,101.933,102.011
2023-05-18 05:00:00,102.007,102.175,102.004,102.163
2023-05-18 06:00:00,102.166,102.224,102.145,102.175
2023-05-18 07:00:00,102.175,102.192,102.101,102.147
2023-05-18 08:00:00,102.148,102.228,101.976,102.023
2023-05-18 09:00:00,102.025,102.152,101.968,102.089
2023-05-18 10:00:00,102.088,102.341,102.071,102.312
2023-05-18 11:00:00,102.311,102.38,102.218,102.223
2023-05-18 12:00:00,102.223,102.276,102.163,102.262
2023-05-18 13:00:00,102.261,102.309,102.209,102.247
2023-05-18 14:00:00,102.245,102.361,102.242,102.273
2023-05-18 15:00:00,102.274,102.68,102.26,102.565
2023-05-18 16:00:00,102.564,102.623,102.394,102.539
2023-05-18 17:00:00,102.539,102.772,102.447,102.771
2023-05-18 18:00:00,102.774,102.836,102.484,102.553
2023-05-18 19:00:00,102.551,102.565,102.387,102.489
2023-05-18 20:00:00,102.49,102.595,102.422,102.469
2023-05-18 21:00:00,102.469,102.644,102.451,102.607
2023-05-18 22:00:00,102.606,102.757,102.585,102.736
2023-05-18 23:00:00,102.737,102.756,102.689,102.721
2023-05-19 00:00:00,102.689,102.746,102.63,102.686
2023-05-19 01:00:00,102.685,102.739,102.662,102.723
2023-05-19 02:00:00,102.723,102.739,102.602,102.69
2023-05-19 03:00:00,102.692,102.736,102.465,102.543
2023-05-19 04:00:00,102.542,102.606,102.492,102.527
2023-05-19 05:00:00,102.528,102.631,102.497,102.618
2023-05-19 06:00:00,102.618,102.666,102.581,102.592
2023-05-19 07:00:00,102.591,102.615,102.531,102.587
2023-05-19 08:00:00,102.586,102.607,102.459,102.474
2023-05-19 09:00:00,102.472,102.534,102.399,102.479
2023-05-19 10:00:00,102.479,102.499,102.309,102.405
2023-05-19 11:00:00,102.407,102.554,102.399,102.527
2023-05-19 12:00:00,102.529,102.586,102.386,102.459
2023-05-19 13:00:00,102.457,102.594,102.446,102.56
2023-05-19 14:00:00,102.56,102.69,102.53,102.642
2023-05-19 15:00:00,102.642,102.865,102.527,102.844
2023-05-19 16:00:00,102.845,102.911,102.649,102.651
2023-05-19 17:00:00,102.653,102.679,102.449,102.542
2023-05-19 18:00:00,102.542,102.568,101.659,101.919
2023-05-19 19:00:00,101.918,102.133,101.841,102.075
2023-05-19 20:00:00,102.075,102.188,101.981,101.991
2023-05-19 21:00:00,101.991,102.223,101.955,102.209
2023-05-19 22:00:00,102.207,102.214,102.144,102.149
2023-05-19 23:00:00,102.148,102.198,102.09,102.198
2023-05-22 00:00:00,102.084,102.21,102.065,102.181
2023-05-22 01:00:00,102.18,102.18,101.975,101.992
2023-05-22 02:00:00,101.991,102.086,101.957,102.067
2023-05-22 03:00:00,102.065,102.157,101.997,102.054
2023-05-22 04:00:00,102.053,102.073,101.866,101.901
2023-05-22 05:00:00,101.902,102.041,101.893,101.973
2023-05-22 06:00:00,101.973,102.02,101.942,102.003
2023-05-22 07:00:00,102.003,102.092,101.982,102.08
2023-05-22 08:00:00,102.079,102.133,102.043,102.129
2023-05-22 09:00:00,102.128,102.158,101.999,102.011
2023-05-22 10:00:00,102.009,102.134,101.943,102.125
2023-05-22 11:00:00,102.126,102.214,102.05,102.139
2023-05-22 12:00:00,102.141,102.16,102.097,102.131
2023-05-22 13:00:00,102.13,102.187,102.083,102.129
2023-05-22 14:00:00,102.129,102.389,102.123,102.346
2023-05-22 15:00:00,102.346,102.56,102.335,102.492
2023-05-22 16:00:00,102.492,102.654,102.439,102.597
2023-05-22 17:00:00,102.594,102.613,102.105,102.554
2023-05-22 18:00:00,102.556,102.638,102.476,102.632
2023-05-22 19:00:00,102.63,102.65,102.466,102.56
2023-05-22 20:00:00,102.561,102.593,102.346,102.514
2023-05-22 21:00:00,102.514,102.613,102.448,102.568
2023-05-22 22:00:00,102.566,102.588,102.487,102.579
2023-05-22 23:00:00,102.579,102.611,102.573,102.601
2023-05-23 00:00:00,102.586,102.603,102.535,102.593
2023-05-23 01:00:00,102.594,102.609,102.549,102.56
2023-05-23 02:00:00,102.561,102.776,102.544,102.682
2023-05-23 03:00:00,102.68,102.693,102.565,102.641
2023-05-23 04:00:00,102.642,102.874,102.619,102.851
2023-05-23 05:00:00,102.851,102.893,102.809,102.833
2023-05-23 06:00:00,102.835,102.874,102.614,102.742
2023-05-23 07:00:00,102.742,102.743,102.487,102.533
2023-05-23 08:00:00,102.534,102.666,102.524,102.636
2023-05-23 09:00:00,102.637,102.708,102.514,102.558
2023-05-23 10:00:00,102.556,102.613,102.252,102.27
2023-05-23 11:00:00,102.27,102.335,102.202,102.232
2023-05-23 12:00:00,102.23,102.259,102.159,102.207
2023-05-23 13:00:00,102.208,102.385,102.197,102.276
2023-05-23 14:00:00,102.275,102.406,102.251,102.305
2023-05-23 15:00:00,102.304,102.853,102.304,102.81
2023-05-23 16:00:00,102.81,102.816,102.375,102.475
2023-05-23 17:00:00,102.474,102.679,102.363,102.605
2023-05-23 18:00:00,102.605,102.885,102.597,102.87
2023-05-23 19:00:00,102.874,102.889,102.574,102.65
2023-05-23 20:00:00,102.652,102.746,102.518,102.648
2023-05-23 21:00:00,102.646,102.718,102.429,102.56
2023-05-23 22:00:00,102.56,102.638,102.51,102.599
2023-05-23 23:00:00,102.6,102.638,102.568,102.63
2023-05-24 00:00:00,102.608,102.622,102.544,102.585
2023-05-24 01:00:00,102.583,102.649,102.573,102.6
2023-05-24 02:00:00,102.597,102.674,102.587,102.662
2023-05-24 03:00:00,102.66,102.668,102.585,102.604
2023-05-24 04:00:00,102.606,102.606,102.509,102.542
2023-05-24 05:00:00,102.542,102.544,102.443,102.474
2023-05-24 06:00:00,102.475,102.489,102.446,102.489
2023-05-24 07:00:00,102.489,102.547,102.481,102.515
2023-05-24 08:00:00,102.515,102.542,102.399,102.425
2023-05-24 09:00:00,102.426,102.556,102.395,102.532
2023-05-24 10:00:00,102.53,102.531,102.247,102.345
2023-05-24 11:00:00,102.348,102.388,102.266,102.344
2023-05-24 12:00:00,102.343,102.351,102.245,102.266
2023-05-24 13:00:00,102.264,102.3,102.12,102.165
2023-05-24 14:00:00,102.165,102.244,102.114,102.218
2023-05-24 15:00:00,102.217,102.487,102.175,102.389
2023-05-24 16:00:00,102.389,102.528,102.271,102.319
2023-05-24 17:00:00,102.319,102.35,102.139,102.28
2023-05-24 18:00:00,102.28,102.392,102.196,102.375
2023-05-24 19:00:00,102.377,102.498,102.368,102.474
2023-05-24 20:00:00,102.474,102.497,102.356,102.44
2023-05-24 21:00:00,102.432,102.504,102.248,102.316
2023-05-24 22:00:00,102.314,102.501,102.281,102.459
2023-05-24 23:00:00,102.459,102.592,102.436,102.578
2023-05-25 00:00:00,102.566,102.566,102.403,102.518
2023-05-25 01:00:00,102.517,102.591,102.089,102.425
2023-05-25 02:00:00,102.424,102.568,102.392,102.496
2023-05-25 03:00:00,102.496,102.56,102.424,102.518
2023-05-25 04:00:00,102.52,102.652,102.519,102.593
2023-05-25 05:00:00,102.592,102.656,102.541,102.576
2023-05-25 06:00:00,102.576,102.662,102.576,102.638
2023-05-25 07:00:00,102.636,102.647,102.553,102.563
2023-05-25 08:00:00,102.563,102.627,102.506,102.556
2023-05-25 09:00:00,102.555,102.687,102.462,102.671
2023-05-25 10:00:00,102.671,102.671,102.426,102.523
2023-05-25 11:00:00,102.523,102.605,102.445,102.6
2023-05-25 12:00:00,102.599,102.685,102.588,102.665
2023-05-25 13:00:00,102.666,102.697,102.573,102.618
2023-05-25 14:00:00,102.618,102.696,102.541,102.665
2023-05-25 15:00:00,102.664,102.756,102.368,102.685
2023-05-25 16:00:00,102.688,102.76,102.336,102.448
2023-05-25 17:00:00,102.448,102.597,102.311,102.572
2023-05-25 18:00:00,102.573,102.645,102.455,102.524
2023-05-25 19:00:00,102.524,102.661,102.517,102.604
2023-05-25 20:00:00,102.605,102.738,102.541,102.674
2023-05-25 21:00:00,102.674,102.752,102.61,102.632
2023-05-25 22:00:00,102.634,102.848,102.633,102.803
2023-05-25 23:00:00,102.805,102.811,102.634,102.65
2023-05-26 00:00:00,102.622,102.69,102.61,102.667
2023-05-26 01:00:00,102.666,102.712,102.56,102.566
2023-05-26 02:00:00,102.57,102.651,102.512,102.619
2023-05-26 03:00:00,102.617,102.664,102.379,102.474
2023-05-26 04:00:00,102.471,102.544,102.403,102.492
2023-05-26 05:00:00,102.492,102.538,102.45,102.493
2023-05-26 06:00:00,102.493,102.535,102.456,102.528
2023-05-26 07:00:00,102.527,102.528,102.434,102.466
2023-05-26 08:00:00,102.469,102.523,102.425,102.431
2023-05-26 09:00:00,102.431,102.536,102.391,102.498
2023-05-26 10:00:00,102.498,102.638,102.358,102.405
2023-05-26 11:00:00,102.405,102.629,102.399,102.493
2023-05-26 12:00:00,102.494,102.55,102.431,102.486
2023-05-26 13:00:00,102.487,102.661,102.454,102.649
2023-05-26 14:00:00,102.648,102.77,102.645,102.707
2023-05-26 15:00:00,102.708,102.963,102.561,102.78
2023-05-26 16:00:00,102.781,103.034,102.76,102.917
2023-05-26 17:00:00,102.914,103.022,102.756,102.953
2023-05-26 18:00:00,102.953,103.181,102.953,103.121
2023-05-26 19:00:00,103.121,103.233,103.1,103.227
2023-05-26 20:00:00,103.229,103.267,103.134,103.246
2023-05-26 21:00:00,103.246,103.297,103.213,103.286
2023-05-26 22:00:00,103.286,103.328,103.251,103.258
2023-05-26 23:00:00,103.257,103.285,103.227,103.242
2023-05-29 00:00:00,103.25,103.279,103.046,103.272
2023-05-29 01:00:00,103.272,103.493,103.272,103.411
2023-05-29 02:00:00,103.42,103.534,103.418,103.515
2023-05-29 03:00:00,103.516,103.552,103.394,103.429
2023-05-29 04:00:00,103.43,103.445,103.261,103.321
2023-05-29 05:00:00,103.321,103.368,103.22,103.291
2023-05-29 06:00:00,103.292,103.353,103.291,103.317
2023-05-29 07:00:00,103.316,103.359,103.189,103.246
2023-05-29 08:00:00,103.247,103.271,103.202,103.204
2023-05-29 09:00:00,103.203,103.301,103.158,103.299
2023-05-29 10:00:00,103.299,103.379,103.232,103.298
2023-05-29 11:00:00,103.298,103.348,103.231,103.242
2023-05-29 12:00:00,103.241,103.288,103.091,103.137
2023-05-29 13:00:00,103.137,103.171,103.099,103.166
2023-05-29 14:00:00,103.165,103.225,103.113,103.217
2023-05-29 15:00:00,103.217,103.233,102.99,103.031
2023-05-29 16:00:00,103.03,103.083,102.959,103.071
2023-05-29 17:00:00,103.071,103.229,103.062,103.198
2023-05-29 18:00:00,103.199,103.294,103.194,103.261
2023-05-29 19:00:00,103.26,103.32,103.259,103.305
2023-05-29 20:00:00,103.306,103.315,103.28,103.301
2023-05-29 21:00:00,103.302,103.329,103.245,103.28
2023-05-29 22:00:00,103.28,103.33,103.255,103.33
2023-05-29 23:00:00,103.326,103.344,103.297,103.328
2023-05-30 00:00:00,103.312,103.344,103.186,103.268
2023-05-30 01:00:00,103.268,103.379,103.266,103.356
2023-05-30 02:00:00,103.357,103.366,103.226,103.247
2023-05-30 03:00:00,103.249,103.377,103.157,103.193
2023-05-30 04:00:00,103.192,103.219,103.118,103.17
2023-05-30 05:00:00,103.169,103.188,103.068,103.083
2023-05-30 06:00:00,103.084,103.101,103.019,103.081
2023-05-30 07:00:00,103.081,103.222,103.081,103.201
2023-05-30 08:00:00,103.2,103.432,103.187,103.42
2023-05-30 09:00:00,103.423,103.586,103.162,103.184
2023-05-30 10:00:00,103.184,103.299,103.044,103.224
2023-05-30 11:00:00,103.229,103.323,103.133,103.173
2023-05-30 12:00:00,103.173,103.531,103.151,103.258
2023-05-30 13:00:00,103.258,103.295,103.153,103.161
2023-05-30 14:00:00,103.16,103.177,102.82,102.837
2023-05-30 15:00:00,102.833,102.942,102.807,102.88
2023-05-30 16:00:00,102.88,102.933,102.788,102.864
2023-05-30 17:00:00,102.86,102.958,102.601,102.726
2023-05-30 18:00:00,102.729,102.874,102.703,102.843
2023-05-30 19:00:00,102.844,102.955,102.766,102.93
2023-05-30 20:00:00,102.93,102.93,102.669,102.674
2023-05-30 21:00:00,102.674,102.857,102.648,102.812
2023-05-30 22:00:00,102.811,102.827,102.741,102.797
2023-05-30 23:00:00,102.798,102.84,102.774,102.779
2023-05-31 00:00:00,102.763,102.788,102.679,102.766
2023-05-31 01:00:00,102.765,102.803,102.714,102.75
2023-05-31 02:00:00,102.752,102.817,102.727,102.784
2023-05-31 03:00:00,102.782,102.834,102.615,102.652
2023-05-31 04:00:00,102.651,102.746,102.577,102.584
2023-05-31 05:00:00,102.584,102.623,102.473,102.506
2023-05-31 06:00:00,102.507,102.561,102.47,102.503
2023-05-31 07:00:00,102.504,102.556,102.482,102.491
2023-05-31 08:00:00,102.49,102.49,102.149,102.275
2023-05-31 09:00:00,102.27,102.344,102.143,102.285
2023-05-31 10:00:00,102.285,102.442,102.232,102.404
2023-05-31 11:00:00,102.403,102.583,102.327,102.571
2023-05-31 12:00:00,102.57,102.629,102.508,102.521
2023-05-31 13:00:00,102.521,102.609,102.42,102.556
2023-05-31 14:00:00,102.554,102.587,102.336,102.338
2023-05-31 15:00:00,102.339,102.539,102.21,102.499
2023-05-31 16:00:00,102.499,102.716,102.442,102.567
2023-05-31 17:00:00,102.567,103.033,102.486,102.787
2023-05-31 18:00:00,102.789,102.912,102.749,102.849
2023-05-31 19:00:00,102.853,102.925,102.695,102.703
2023-05-31 20:00:00,102.703,102.725,102.576,102.6
2023-05-31 21:00:00,102.6,102.668,102.541,102.607
2023-05-31 22:00:00,102.611,102.689,102.59,102.641
2023-05-31 23:00:00,102.643,102.67,102.598,102.64
2023-06-01 00:00:00,102.614,102.653,102.537,102.642
2023-06-01 01:00:00,102.644,102.658,102.512,102.587
2023-06-01 02:00:00,102.59,102.611,102.41,102.553
2023-06-01 03:00:00,102.553,102.684,102.458,102.516
2023-06-01 04:00:00,102.516,102.786,102.477,102.748
2023-06-01 05:00:00,102.749,102.838,102.672,102.784
2023-06-01 06:00:00,102.785,102.869,102.769,102.836
2023-06-01 07:00:00,102.837,102.86,102.758,102.762
2023-06-01 08:00:00,102.765,102.935,102.764,102.923
2023-06-01 09:00:00,102.925,102.997,102.875,102.928
2023-06-01 10:00:00,102.93,103.048,102.845,103.039
2023-06-01 11:00:00,103.038,103.054,102.931,102.968
2023-06-01 12:00:00,102.965,103.058,102.941,103.021
2023-06-01 13:00:00,103.021,103.053,102.843,102.844
2023-06-01 14:00:00,102.842,102.888,102.74,102.781
2023-06-01 15:00:00,102.78,103.093,102.735,102.766
2023-06-01 16:00:00,102.765,102.787,102.526,102.65
2023-06-01 17:00:00,102.565,102.92,102.437,102.851
2023-06-01 18:00:00,102.852,103.229,102.826,103.207
2023-06-01 19:00:00,103.209,103.322,103.122,103.262
2023-06-01 20:00:00,103.266,103.287,103.216,103.264
2023-06-01 21:00:00,103.265,103.322,103.159,103.253
2023-06-01 22:00:00,103.254,103.281,103.117,103.188
2023-06-01 23:00:00,103.187,103.226,103.161,103.208
2023-06-02 00:00:00,103.184,103.234,103.123,103.202
2023-06-02 01:00:00,103.2,103.22,103.161,103.189
2023-06-02 02:00:00,103.188,103.25,103.161,103.186
2023-06-02 03:00:00,103.184,103.33,103.121,103.312
2023-06-02 04:00:00,103.31,103.402,103.275,103.294
2023-06-02 05:00:00,103.295,103.327,103.246,103.29
2023-06-02 06:00:00,103.29,103.321,103.205,103.303
2023-06-02 07:00:00,103.302,103.406,103.294,103.386
2023-06-02 08:00:00,103.387,103.478,103.37,103.406
2023-06-02 09:00:00,103.408,103.506,103.364,103.447
2023-06-02 10:00:00,103.444,103.546,103.396,103.535
2023-06-02 11:00:00,103.537,103.636,103.486,103.51
2023-06-02 12:00:00,103.509,103.587,103.42,103.432
2023-06-02 13:00:00,103.433,103.525,103.42,103.516
2023-06-02 14:00:00,103.516,103.573,103.429,103.474
2023-06-02 15:00:00,103.473,103.786,103.381,103.684
2023-06-02 16:00:00,103.684,103.889,103.573,103.795
2023-06-02 17:00:00,103.795,103.939,103.713,103.879
2023-06-02 18:00:00,103.881,104.0,103.826,103.987
2023-06-02 19:00:00,103.989,104.071,103.97,104.07
2023-06-02 20:00:00,104.072,104.16,104.012,104.145
2023-06-02 21:00:00,104.146,104.201,104.124,104.172
2023-06-02 22:00:00,104.17,104.273,104.159,104.261
2023-06-02 23:00:00,104.261,104.273,104.188,104.212
2023-06-05 00:00:00,104.198,104.235,104.151,104.181
2023-06-05 01:00:00,104.182,104.385,104.182,104.367
2023-06-05 02:00:00,104.367,104.427,104.358,104.406
2023-06-05 03:00:00,104.407,104.441,104.289,104.322
2023-06-05 04:00:00,104.322,104.379,104.192,104.369
2023-06-05 05:00:00,104.37,104.392,104.273,104.285
2023-06-05 06:00:00,104.285,104.293,104.189,104.236
2023-06-05 07:00:00,104.237,104.27,104.205,104.236
2023-06-05 08:00:00,104.236,104.253,104.172,104.235
2023-06-05 09:00:00,104.236,104.444,104.235,104.437
2023-06-05 10:00:00,104.438,104.58,104.422,104.535
2023-06-05 11:00:00,104.536,104.583,104.352,104.388
2023-06-05 12:00:00,104.387,104.44,104.332,104.347
2023-06-05 13:00:00,104.349,104.38,104.29,104.299
2023-06-05 14:00:00,104.298,104.384,104.269,104.34
2023-06-05 15:00:00,104.343,104.399,104.262,104.305
2023-06-05 16:00:00,104.307,104.38,104.123,104.171
2023-06-05 17:00:00,104.16,104.16,103.502,103.946
2023-06-05 18:00:00,103.947,104.102,103.892,104.045
2023-06-05 19:00:00,104.045,104.11,103.933,104.108
2023-06-05 20:00:00,104.11,104.137,104.03,104.053
2023-06-05 21:00:00,104.051,104.054,103.829,103.906
2023-06-05 22:00:00,103.902,103.923,103.796,103.808
2023-06-05 23:00:00,103.807,103.836,103.769,103.802
2023-06-06 00:00:00,103.795,103.835,103.652,103.784
2023-06-06 01:00:00,103.783,103.832,103.701,103.717
2023-06-06 02:00:00,103.716,103.742,103.614,103.657
2023-06-06 03:00:00,103.658,103.842,103.629,103.825
2023-06-06 04:00:00,103.823,103.904,103.794,103.868
2023-06-06 05:00:00,103.868,103.958,103.861,103.921
2023-06-06 06:00:00,103.921,103.924,103.834,103.891
2023-06-06 07:00:00,103.891,104.085,103.875,103.957
2023-06-06 08:00:00,103.958,104.028,103.928,103.988
2023-06-06 09:00:00,103.986,104.029,103.858,103.943
2023-06-06 10:00:00,103.947,104.012,103.696,103.892
2023-06-06 11:00:00,103.897,103.897,103.668,103.686
2023-06-06 12:00:00,103.688,103.883,103.629,103.838
2023-06-06 13:00:00,103.835,103.904,103.752,103.881
2023-06-06 14:00:00,103.882,103.974,103.843,103.943
2023-06-06 15:00:00,103.943,104.121,103.92,104.022
2023-06-06 16:00:00,104.022,104.13,103.804,104.085
2023-06-06 17:00:00,104.085,104.344,104.059,104.201
2023-06-06 18:00:00,104.202,104.269,104.065,104.192
2023-06-06 19:00:00,104.192,104.223,104.072,104.146
2023-06-06 20:00:00,104.146,104.196,104.088,104.138
2023-06-06 21:00:00,104.139,104.22,104.086,104.207
2023-06-06 22:00:00,104.208,104.218,104.152,104.196
2023-06-06 23:00:00,104.191,104.222,104.171,104.204
2023-06-07 00:00:00,104.162,104.193,104.029,104.154
2023-06-07 01:00:00,104.154,104.186,104.112,104.131
2023-06-07 02:00:00,104.131,104.187,104.123,104.132
2023-06-07 03:00:00,104.131,104.192,104.07,104.071
2023-06-07 04:00:00,104.068,104.087,103.919,104.016
2023-06-07 05:00:00,104.015,104.022,103.837,103.844
2023-06-07 06:00:00,103.844,103.934,103.812,103.928
2023-06-07 07:00:00,103.927,103.932,103.806,103.881
2023-06-07 08:00:00,103.881,103.913,103.779,103.785
2023-06-07 09:00:00,103.791,103.857,103.733,103.752
2023-06-07 10:00:00,103.752,103.958,103.7,103.933
2023-06-07 11:00:00,103.932,104.144,103.932,104.088
2023-06-07 12:00:00,104.089,104.122,103.986,104.004
2023-06-07 13:00:00,104.005,104.162,103.994,104.133
2023-06-07 14:00:00,104.132,104.133,103.987,104.057
2023-06-07 15:00:00,104.056,104.198,104.011,104.129
2023-06-07 16:00:00,104.131,104.157,103.83,103.865
2023-06-07 17:00:00,103.862,104.642,103.858,104.605
2023-06-07 18:00:00,104.608,104.803,104.601,104.724
2023-06-07 19:00:00,104.727,104.867,104.686,104.866
2023-06-07 20:00:00,104.865,104.866,104.62,104.732
2023-06-07 21:00:00,104.73,104.811,104.705,104.791
2023-06-07 22:00:00,104.79,104.877,104.704,104.854
2023-06-07 23:00:00,104.856,104.859,104.775,104.829
2023-06-08 00:00:00,104.806,104.806,104.533,104.762
2023-06-08 01:00:00,104.762,104.859,104.659,104.671
2023-06-08 02:00:00,104.669,104.717,104.592,104.633
2023-06-08 03:00:00,104.637,104.758,104.613,104.733
2023-06-08 04:00:00,104.733,104.854,104.68,104.721
2023-06-08 05:00:00,104.72,104.771,104.686,104.746
2023-06-08 06:00:00,104.746,104.746,104.627,104.63
2023-06-08 07:00:00,104.63,104.64,104.524,104.567
2023-06-08 08:00:00,104.567,104.702,104.514,104.646
2023-06-08 09:00:00,104.646,104.737,104.64,104.707
2023-06-08 10:00:00,104.708,104.837,104.68,104.716
2023-06-08 11:00:00,104.717,104.785,104.69,104.78
2023-06-08 12:00:00,104.783,104.801,104.714,104.756
2023-06-08 13:00:00,104.758,104.761,104.691,104.715
2023-06-08 14:00:00,104.714,104.747,104.539,104.561
2023-06-08 15:00:00,104.56,104.614,104.333,104.402
2023-06-08 16:00:00,104.401,104.469,103.968,104.082
2023-06-08 17:00:00,104.083,104.192,103.909,104.02
2023-06-08 18:00:00,104.021,104.126,103.7,103.747
2023-06-08 19:00:00,103.748,104.07,103.746,104.024
2023-06-08 20:00:00,104.024,104.09,103.986,104.053
2023-06-08 21:00:00,104.053,104.071,103.965,104.006
2023-06-08 22:00:00,104.005,104.062,103.978,104.033
2023-06-08 23:00:00,104.034,104.034,103.974,104.009
2023-06-09 00:00:00,103.964,103.979,103.83,103.953
2023-06-09 01:00:00,103.967,104.006,103.942,103.955
2023-06-09 02:00:00,103.954,103.964,103.851,103.928
2023-06-09 03:00:00,103.927,104.049,103.915,103.99
2023-06-09 04:00:00,103.99,104.187,103.988,104.163
2023-06-09 05:00:00,104.165,104.194,104.125,104.194
2023-06-09 06:00:00,104.191,104.2,104.143,104.164
2023-06-09 07:00:00,104.164,104.202,104.124,104.174
2023-06-09 08:00:00,104.174,104.346,104.142,104.263
2023-06-09 09:00:00,104.264,104.478,104.234,104.454
2023-06-09 10:00:00,104.455,104.662,104.453,104.661
2023-06-09 11:00:00,104.664,104.734,104.549,104.719
2023-06-09 12:00:00,104.72,104.728,104.631,104.686
2023-06-09 13:00:00,104.688,104.706,104.561,104.62
2023-06-09 14:00:00,104.619,104.693,104.596,104.609
2023-06-09 15:00:00,104.609,104.679,104.104,104.3
2023-06-09 16:00:00,104.3,104.716,104.163,104.682
2023-06-09 17:00:00,104.68,104.768,104.497,104.659
2023-06-09 18:00:00,104.661,104.67,104.37,104.428
2023-06-09 19:00:00,104.429,104.453,104.328,104.415
2023-06-09 20:00:00,104.414,104.425,104.318,104.378
2023-06-09 21:00:00,104.38,104.427,104.347,104.405
2023-06-09 22:00:00,104.404,104.505,104.392,104.474
2023-06-09 23:00:00,104.464,104.492,104.435,104.468
2023-06-12 00:00:00,104.318,104.562,104.317,104.507
2023-06-12 01:00:00,104.506,104.558,104.436,104.485
2023-06-12 02:00:00,104.485,104.518,104.456,104.49
2023-06-12 03:00:00,104.488,104.488,104.349,104.478
2023-06-12 04:00:00,104.477,104.526,104.432,104.507
2023-06-12 05:00:00,104.507,104.555,104.466,104.493
2023-06-12 06:00:00,104.493,104.516,104.428,104.453
2023-06-12 07:00:00,104.45,104.462,104.39,104.432
2023-06-12 08:00:00,104.433,104.529,104.42,104.515
2023-06-12 09:00:00,104.515,104.656,104.5,104.622
2023-06-12 10:00:00,104.626,104.763,104.58,104.724
2023-06-12 11:00:00,104.723,104.744,104.461,104.526
2023-06-12 12:00:00,104.527,104.559,104.429,104.471
2023-06-12 13:00:00,104.47,104.474,104.351,104.428
2023-06-12 14:00:00,104.427,104.596,104.398,104.506
2023-06-12 15:00:00,104.506,104.565,104.275,104.349
2023-06-12 16:00:00,104.35,104.649,104.314,104.586
2023-06-12 17:00:00,104.587,104.616,104.34,104.423
2023-06-12 18:00:00,104.425,104.45,104.33,104.43
2023-06-12 19:00:00,104.431,104.473,104.384,104.414
2023-06-12 20:00:00,104.413,104.442,104.317,104.393
2023-06-12 21:00:00,104.391,104.423,104.355,104.391
2023-06-12 22:00:00,104.39,104.466,104.373,104.422
2023-06-12 23:00:00,104.419,104.455,104.368,104.449
2023-06-13 00:00:00,104.414,104.432,104.297,104.397
2023-06-13 01:00:00,104.397,104.423,104.37,104.398
2023-06-13 02:00:00,104.397,104.41,104.314,104.346
2023-06-13 03:00:00,104.346,104.478,104.308,104.465
2023-06-13 04:00:00,104.468,104.484,104.352,104.359
2023-06-13 05:00:00,104.36,104.367,104.237,104.272
2023-06-13 06:00:00,104.272,104.404,104.259,104.358
2023-06-13 07:00:00,104.358,104.435,104.356,104.378
2023-06-13 08:00:00,104.378,104.436,104.284,104.348
2023-06-13 09:00:00,104.341,104.556,104.318,104.54
2023-06-13 10:00:00,104.533,104.603,104.411,104.446
2023-06-13 11:00:00,104.446,104.538,104.43,104.489
2023-06-13 12:00:00,104.488,104.538,104.447,104.461
2023-06-13 13:00:00,104.462,104.511,104.444,104.481
2023-06-13 14:00:00,104.475,104.575,104.462,104.484
2023-06-13 15:00:00,104.486,104.623,104.318,104.419
2023-06-13 16:00:00,104.42,104.864,104.386,104.858
2023-06-13 17:00:00,104.859,105.199,104.831,105.172
2023-06-13 18:00:00,105.174,105.346,105.131,105.267
2023-06-13 19:00:00,105.27,105.285,105.213,105.255
2023-06-13 20:00:00,105.258,105.395,105.186,105.363
2023-06-13 21:00:00,105.362,105.413,105.29,105.388
2023-06-13 22:00:00,105.386,105.448,105.312,105.318
2023-06-13 23:00:00,105.316,105.371,105.276,105.323
2023-06-14 00:00:00,105.292,105.305,105.214,105.301
2023-06-14 01:00:00,105.302,105.344,105.221,105.271
2023-06-14 02:00:00,105.27,105.307,105.242,105.252
2023-06-14 03:00:00,105.248,105.265,105.147,105.166
2023-06-14 04:00:00,105.167,105.251,105.114,105.251
2023-06-14 05:00:00,105.251,105.292,105.224,105.261
2023-06-14 06:00:00,105.266,105.275,105.145,105.193
2023-06-14 07:00:00,105.194,105.267,105.181,105.265
2023-06-14 08:00:00,105.266,105.332,105.192,105.226
2023-06-14 09:00:00,105.227,105.304,105.214,105.271
2023-06-14 10:00:00,105.277,105.34,105.191,105.306
2023-06-14 11:00:00,105.307,105.342,105.171,105.325
2023-06-14 12:00:00,105.322,105.346,105.226,105.255
2023-06-14 13:00:00,105.254,105.393,105.254,105.328
2023-06-14 14:00:00,105.328,105.368,105.153,105.238
2023-06-14 15:00:00,105.237,105.238,104.956,104.977
2023-06-14 16:00:00,104.976,105.112,104.888,104.994
2023-06-14 17:00:00,104.995,105.086,104.885,104.961
2023-06-14 18:00:00,104.961,105.014,104.811,104.876
2023-06-14 19:00:00,104.876,105.016,104.867,104.929
2023-06-14 20:00:00,104.931,104.931,104.773,104.863
2023-06-14 21:00:00,105.046,105.077,104.802,104.923
2023-06-14 22:00:00,104.923,105.083,104.877,104.938
2023-06-14 23:00:00,104.938,105.144,104.931,105.143
2023-06-15 00:00:00,105.123,105.123,105.023,105.092
2023-06-15 01:00:00,105.091,105.128,105.053,105.062
2023-06-15 02:00:00,105.062,105.104,105.006,105.02
2023-06-15 03:00:00,105.02,105.299,105.009,105.284
2023-06-15 04:00:00,105.282,105.675,105.277,105.637
2023-06-15 05:00:00,105.636,105.662,105.497,105.648
2023-06-15 06:00:00,105.648,105.741,105.617,105.737
2023-06-15 07:00:00,105.737,105.913,105.732,105.898
2023-06-15 08:00:00,105.899,106.013,105.881,105.938
2023-06-15 09:00:00,105.938,106.025,105.845,105.894
2023-06-15 10:00:00,105.892,106.129,105.858,105.997
2023-06-15 11:00:00,105.998,106.082,105.904,106.0
2023-06-15 12:00:00,105.996,106.013,105.668,105.845
2023-06-15 13:00:00,105.847,105.918,105.834,105.893
2023-06-15 14:00:00,105.891,106.034,105.808,105.985
2023-06-15 15:00:00,105.984,106.045,105.522,105.583
2023-06-15 16:00:00,105.584,105.826,105.46,105.813
2023-06-15 17:00:00,105.811,106.076,105.738,106.057
2023-06-15 18:00:00,106.059,106.242,106.023,106.119
2023-06-15 19:00:00,106.117,106.133,105.993,106.026
2023-06-15 20:00:00,106.027,106.161,105.971,106.138
2023-06-15 21:00:00,106.139,106.228,106.065,106.219
2023-06-15 22:00:00,106.221,106.235,106.087,106.109
2023-06-15 23:00:00,106.109,106.139,106.076,106.101
2023-06-16 00:00:00,106.082,106.094,105.991,106.061
2023-06-16 01:00:00,106.062,106.082,106.008,106.013
2023-06-16 02:00:00,106.013,106.075,105.983,106.066
2023-06-16 03:00:00,106.065,106.085,105.883,105.949
2023-06-16 04:00:00,105.949,105.975,105.746,105.782
2023-06-16 05:00:00,105.781,106.327,105.733,106.262
2023-06-16 06:00:00,106.26,106.286,105.956,106.184
2023-06-16 07:00:00,106.183,106.367,106.15,106.25
2023-06-16 08:00:00,106.249,106.425,106.225,106.359
2023-06-16 09:00:00,106.357,106.62,106.335,106.61
2023-06-16 10:00:00,106.611,106.843,106.451,106.64
2023-06-16 11:00:00,106.644,106.812,106.573,106.664
2023-06-16 12:00:00,106.665,106.698,106.508,106.581
2023-06-16 13:00:00,106.579,106.63,106.453,106.536
2023-06-16 14:00:00,106.535,106.654,106.451,106.557
2023-06-16 15:00:00,106.555,106.93,106.524,106.905
2023-06-16 16:00:00,106.906,107.02,106.796,106.924
2023-06-16 17:00:00,106.915,107.261,106.7,107.248
2023-06-16 18:00:00,107.251,107.492,107.127,107.47
2023-06-16 19:00:00,107.469,107.527,107.394,107.511
2023-06-16 20:00:00,107.512,107.564,107.411,107.536
2023-06-16 21:00:00,107.535,107.657,107.515,107.58
2023-06-16 22:00:00,107.58,107.597,107.426,107.453
2023-06-16 23:00:00,107.455,107.537,107.428,107.499
2023-06-19 00:00:00,107.206,107.44,107.201,107.415
2023-06-19 01:00:00,107.413,107.553,107.413,107.524
2023-06-19 02:00:00,107.524,107.608,107.471,107.473
2023-06-19 03:00:00,107.472,107.483,107.38,107.443
2023-06-19 04:00:00,107.442,107.442,107.316,107.374
2023-06-19 05:00:00,107.374,107.429,107.279,107.3
2023-06-19 06:00:00,107.301,107.308,106.976,107.003
2023-06-19 07:00:00,107.007,107.151,106.989,107.043
2023-06-19 08:00:00,107.044,107.307,107.034,107.303
2023-06-19 09:00:00,107.303,107.313,107.21,107.296
2023-06-19 10:00:00,107.298,107.647,107.29,107.525
2023-06-19 11:00:00,107.525,107.552,107.452,107.509
2023-06-19 12:00:00,107.51,107.62,107.479,107.488
2023-06-19 13:00:00,107.489,107.574,107.38,107.425
2023-06-19 14:00:00,107.427,107.518,107.403,107.493
2023-06-19 15:00:00,107.496,107.59,107.472,107.543
2023-06-19 16:00:00,107.541,107.545,107.449,107.462
2023-06-19 17:00:00,107.46,107.463,107.305,107.395
2023-06-19 18:00:00,107.393,107.467,107.359,107.466
2023-06-19 19:00:00,107.467,107.507,107.354,107.39
2023-06-19 20:00:00,107.389,107.416,107.373,107.377
2023-06-19 21:00:00,107.377,107.418,107.376,107.418
2023-06-19 22:00:00,107.419,107.481,107.399,107.46
2023-06-19 23:00:00,107.459,107.486,107.43,107.484
2023-06-20 00:00:00,107.451,107.451,107.262,107.395
2023-06-20 01:00:00,107.395,107.441,107.353,107.423
2023-06-20 02:00:00,107.43,107.463,107.393,107.408
2023-06-20 03:00:00,107.412,107.644,107.4,107.572
2023-06-20 04:00:00,107.569,107.661,107.408,107.432
2023-06-20 05:00:00,107.43,107.457,107.064,107.161
2023-06-20 06:00:00,107.161,107.307,107.154,107.203
2023-06-20 07:00:00,107.203,107.383,107.139,107.369
2023-06-20 08:00:00,107.365,107.439,107.316,107.42
2023-06-20 09:00:00,107.42,107.482,107.238,107.261
2023-06-20 10:00:00,107.259,107.313,107.109,107.251
2023-06-20 11:00:00,107.252,107.297,107.037,107.077
2023-06-20 12:00:00,107.078,107.164,107.0,107.061
2023-06-20 13:00:00,107.062,107.09,106.913,106.994
2023-06-20 14:00:00,106.994,107.061,106.82,106.828
2023-06-20 15:00:00,106.83,107.021,106.692,106.879
2023-06-20 16:00:00,106.886,106.983,106.757,106.866
2023-06-20 17:00:00,106.866,106.924,106.619,106.658
2023-06-20 18:00:00,106.656,106.79,106.551,106.779
2023-06-20 19:00:00,106.777,106.805,106.642,106.714
2023-06-20 20:00:00,106.715,106.813,106.666,106.774
2023-06-20 21:00:00,106.774,106.872,106.739,106.846
2023-06-20 22:00:00,106.846,106.95,106.815,106.918
2023-06-20 23:00:00,106.919,106.931,106.84,106.858
2023-06-21 00:00:00,106.861,106.861,106.738,106.796
2023-06-21 01:00:00,106.802,106.897,106.786,106.824
2023-06-21 02:00:00,106.832,106.904,106.796,106.863
2023-06-21 03:00:00,106.862,107.113,106.856,107.112
2023-06-21 04:00:00,107.114,107.136,107.048,107.085
2023-06-21 05:00:00,107.085,107.117,107.022,107.089
2023-06-21 06:00:00,107.09,107.158,107.07,107.149
2023-06-21 07:00:00,107.15,107.304,107.139,107.3
2023-06-21 08:00:00,107.301,107.349,107.164,107.171
2023-06-21 09:00:00,107.171,107.389,107.157,107.239
2023-06-21 10:00:00,107.24,107.402,107.13,107.361
2023-06-21 11:00:00,107.362,107.46,107.239,107.291
2023-06-21 12:00:00,107.292,107.328,107.204,107.314
2023-06-21 13:00:00,107.314,107.373,107.181,107.212
2023-06-21 14:00:00,107.212,107.334,107.163,107.286
2023-06-21 15:00:00,107.288,107.459,107.263,107.372
2023-06-21 16:00:00,107.374,107.747,107.374,107.67
2023-06-21 17:00:00,107.671,107.893,107.671,107.767
2023-06-21 18:00:00,107.767,107.799,107.57,107.793
2023-06-21 19:00:00,107.792,107.83,107.708,107.776
2023-06-21 20:00:00,107.774,107.795,107.681,107.744
2023-06-21 21:00:00,107.744,107.752,107.655,107.737
2023-06-21 22:00:00,107.736,107.766,107.675,107.696
2023-06-21 23:00:00,107.696,107.794,107.663,107.769
2023-06-22 00:00:00,107.762,107.766,107.563,107.739
2023-06-22 01:00:00,107.737,107.76,107.642,107.677
2023-06-22 02:00:00,107.684,107.7,107.626,107.655
2023-06-22 03:00:00,107.649,107.85,107.631,107.847
2023-06-22 04:00:00,107.845,107.851,107.734,107.757
2023-06-22 05:00:00,107.757,107.758,107.639,107.701
2023-06-22 06:00:00,107.699,107.765,107.679,107.756
2023-06-22 07:00:00,107.755,107.762,107.586,107.688
2023-06-22 08:00:00,107.688,107.765,107.649,107.699
2023-06-22 09:00:00,107.699,107.813,107.668,107.766
2023-06-22 10:00:00,107.768,107.872,107.715,107.806
2023-06-22 11:00:00,107.812,108.023,107.812,107.992
2023-06-22 12:00:00,107.993,108.006,107.905,107.986
2023-06-22 13:00:00,107.987,108.087,107.955,107.992
2023-06-22 14:00:00,107.992,108.09,107.77,107.967
2023-06-22 15:00:00,107.967,108.057,107.768,108.05
2023-06-22 16:00:00,108.051,108.139,107.978,108.07
2023-06-22 17:00:00,108.073,108.444,108.073,108.433
2023-06-22 18:00:00,108.433,108.617,108.421,108.534
2023-06-22 19:00:00,108.539,108.686,108.501,108.681
2023-06-22 20:00:00,108.682,108.727,108.578,108.726
2023-06-22 21:00:00,108.727,108.824,108.677,108.821
2023-06-22 22:00:00,108.821,108.898,108.773,108.858
2023-06-22 23:00:00,108.857,108.873,108.806,108.813
2023-06-23 00:00:00,108.796,108.798,108.668,108.761
2023-06-23 01:00:00,108.768,108.808,108.721,108.807
2023-06-23 02:00:00,108.809,108.9,108.723,108.784
2023-06-23 03:00:00,108.783,108.882,108.733,108.848
2023-06-23 04:00:00,108.847,108.869,108.492,108.579
2023-06-23 05:00:00,108.578,108.585,108.485,108.568
2023-06-23 06:00:00,108.569,108.573,108.442,108.489
2023-06-23 07:00:00,108.489,108.533,108.386,108.462
2023-06-23 08:00:00,108.463,108.772,108.435,108.741
2023-06-23 09:00:00,108.743,108.78,108.542,108.731
2023-06-23 10:00:00,108.731,108.78,108.138,108.273
2023-06-23 11:00:00,108.275,108.435,108.26,108.328
2023-06-23 12:00:00,108.329,108.518,108.298,108.506
2023-06-23 13:00:00,108.506,108.573,108.419,108.454
2023-06-23 14:00:00,108.454,108.485,108.384,108.447
2023-06-23 15:00:00,108.446,108.485,108.009,108.087
2023-06-23 16:00:00,108.089,108.47,108.026,108.457
2023-06-23 17:00:00,108.458,109.008,108.446,108.99
2023-06-23 18:00:00,108.99,109.032,108.79,108.937
2023-06-23 19:00:00,108.937,109.048,108.921,108.999
2023-06-23 20:00:00,109.0,109.088,108.928,109.035
2023-06-23 21:00:00,109.037,109.055,108.924,109.022
2023-06-23 22:00:00,109.023,109.051,108.95,109.012
2023-06-23 23:00:00,109.016,109.044,108.912,108.951
2023-06-26 00:00:00,108.814,108.925,108.766,108.915
2023-06-26 01:00:00,108.916,109.053,108.9,108.965
2023-06-26 02:00:00,108.964,109.064,108.954,109.019
2023-06-26 03:00:00,109.02,109.052,108.787,108.935
2023-06-26 04:00:00,108.942,109.13,108.885,108.981
2023-06-26 05:00:00,108.98,109.089,108.974,109.043
2023-06-26 06:00:00,109.043,109.046,108.972,108.996
2023-06-26 07:00:00,108.996,109.012,108.902,108.928
2023-06-26 08:00:00,108.931,108.997,108.911,108.928
2023-06-26 09:00:00,108.921,109.09,108.856,109.08
2023-06-26 10:00:00,109.081,109.087,108.6,108.9
2023-06-26 11:00:00,108.901,108.908,108.624,108.7
2023-06-26 12:00:00,108.696,108.78,108.653,108.779
2023-06-26 13:00:00,108.78,108.795,108.648,108.656
2023-06-26 14:00:00,108.656,108.914,108.649,108.899
2023-06-26 15:00:00,108.902,109.042,108.69,108.784
2023-06-26 16:00:00,108.785,109.087,108.768,108.94
2023-06-26 17:00:00,108.941,109.22,108.932,109.115
2023-06-26 18:00:00,109.115,109.206,108.982,109.185
2023-06-26 19:00:00,109.186,109.263,109.148,109.212
2023-06-26 20:00:00,109.211,109.234,109.132,109.155
2023-06-26 21:00:00,109.156,109.177,109.086,109.125
2023-06-26 22:00:00,109.124,109.217,109.069,109.103
2023-06-26 23:00:00,109.103,109.133,109.053,109.082
2023-06-27 00:00:00,109.075,109.106,108.93,109.066
2023-06-27 01:00:00,109.067,109.115,109.018,109.03
2023-06-27 02:00:00,109.029,109.09,108.999,109.073
2023-06-27 03:00:00,109.072,109.149,109.025,109.089
2023-06-27 04:00:00,109.089,109.228,109.033,109.22
2023-06-27 05:00:00,109.222,109.262,109.19,109.22
2023-06-27 06:00:00,109.218,109.271,109.178,109.267
2023-06-27 07:00:00,109.268,109.335,109.248,109.28
2023-06-27 08:00:00,109.28,109.401,109.265,109.378
2023-06-27 09:00:00,109.378,109.472,109.295,109.32
2023-06-27 10:00:00,109.319,109.429,109.266,109.357
2023-06-27 11:00:00,109.356,109.465,109.32,109.383
2023-06-27 12:00:00,109.383,109.499,109.273,109.438
2023-06-27 13:00:00,109.438,109.476,109.25,109.299
2023-06-27 14:00:00,109.299,109.302,108.974,109.069
2023-06-27 15:00:00,109.069,109.152,108.952,109.062
2023-06-27 16:00:00,109.05,109.169,108.754,108.914
2023-06-27 17:00:00,108.908,109.367,108.87,109.322
2023-06-27 18:00:00,109.321,109.408,109.245,109.289
2023-06-27 19:00:00,109.29,109.31,109.107,109.195
2023-06-27 20:00:00,109.195,109.293,109.194,109.249
2023-06-27 21:00:00,109.249,109.311,109.234,109.278
2023-06-27 22:00:00,109.277,109.306,109.234,109.257
2023-06-27 23:00:00,109.256,109.27,109.182,109.2
2023-06-28 00:00:00,109.199,109.199,109.14,109.153
2023-06-28 01:00:00,109.151,109.201,109.08,109.12
2023-06-28 02:00:00,109.126,109.137,108.954,109.016
2023-06-28 03:00:00,109.016,109.069,108.911,108.916
2023-06-28 04:00:00,108.917,108.994,108.785,108.892
2023-06-28 05:00:00,108.893,109.076,108.891,108.956
2023-06-28 06:00:00,108.956,109.025,108.918,109.012
2023-06-28 07:00:00,109.014,109.016,108.916,108.941
2023-06-28 08:00:00,108.941,109.001,108.876,108.981
2023-06-28 09:00:00,108.983,109.0,108.786,108.882
2023-06-28 10:00:00,108.882,109.132,108.846,109.042
2023-06-28 11:00:00,109.0,109.125,108.872,108.958
2023-06-28 12:00:00,108.96,108.997,108.814,108.88
2023-06-28 13:00:00,108.88,109.016,108.864,108.898
2023-06-28 14:00:00,108.898,109.012,108.886,108.924
2023-06-28 15:00:00,108.924,108.975,108.756,108.793
2023-06-28 16:00:00,108.792,108.939,108.623,108.932
2023-06-28 17:00:00,108.932,109.062,108.814,108.947
2023-06-28 18:00:00,108.951,109.071,108.819,108.842
2023-06-28 19:00:00,108.843,108.929,108.772,108.817
2023-06-28 20:00:00,108.82,108.919,108.774,108.877
2023-06-28 21:00:00,108.877,108.959,108.867,108.89
2023-06-28 22:00:00,108.891,108.987,108.862,108.977
2023-06-28 23:00:00,108.978,109.014,108.934,108.974
2023-06-29 00:00:00,108.974,108.974,108.839,108.9
2023-06-29 01:00:00,108.9,108.941,108.818,108.905
2023-06-29 02:00:00,108.911,108.932,108.87,108.915
2023-06-29 03:00:00,108.916,108.953,108.777,108.819
2023-06-29 04:00:00,108.82,108.885,108.792,108.843
2023-06-29 05:00:00,108.843,108.872,108.745,108.77
2023-06-29 06:00:00,108.769,108.872,108.759,108.823
2023-06-29 07:00:00,108.822,108.925,108.816,108.901
2023-06-29 08:00:00,108.898,108.92,108.816,108.871
2023-06-29 09:00:00,108.87,108.955,108.85,108.925
2023-06-29 10:00:00,108.929,109.015,108.646,108.773
2023-06-29 11:00:00,108.773,108.807,108.631,108.725
2023-06-29 12:00:00,108.725,108.82,108.716,108.792
2023-06-29 13:00:00,108.794,108.801,108.715,108.715
2023-06-29 14:00:00,108.713,108.824,108.692,108.807
2023-06-29 15:00:00,108.809,109.019,108.706,109.013
2023-06-29 16:00:00,109.013,109.112,108.922,109.109
2023-06-29 17:00:00,109.107,109.199,108.98,109.116
2023-06-29 18:00:00,109.116,109.242,109.066,109.21
2023-06-29 19:00:00,109.212,109.294,109.208,109.281
2023-06-29 20:00:00,109.282,109.287,109.214,109.242
2023-06-29 21:00:00,109.241,109.38,109.222,109.352
2023-06-29 22:00:00,109.349,109.365,109.246,109.308
2023-06-29 23:00:00,109.305,109.305,109.174,109.189
2023-06-30 00:00:00,109.189,109.251,109.184,109.189
2023-06-30 01:00:00,109.191,109.243,109.189,109.216
2023-06-30 02:00:00,109.216,109.288,109.182,109.26
2023-06-30 03:00:00,109.26,109.331,109.168,109.298
2023-06-30 04:00:00,109.295,109.413,109.236,109.24
2023-06-30 05:00:00,109.241,109.384,109.237,109.258
2023-06-30 06:00:00,109.258,109.339,109.243,109.277
2023-06-30 07:00:00,109.277,109.323,109.181,109.246
2023-06-30 08:00:00,109.248,109.277,109.143,109.159
2023-06-30 09:00:00,109.159,109.184,108.879,109.024
2023-06-30 10:00:00,109.025,109.219,109.002,109.212
2023-06-30 11:00:00,109.215,109.255,109.08,109.082
2023-06-30 12:00:00,109.079,109.199,109.052,109.185
2023-06-30 13:00:00,109.184,109.219,108.982,109.011
2023-06-30 14:00:00,109.012,109.067,108.983,109.051
2023-06-30 15:00:00,109.052,109.088,108.721,108.861
2023-06-30 16:00:00,108.867,109.186,108.804,109.179
2023-06-30 17:00:00,109.191,109.256,109.041,109.22
2023-06-30 18:00:00,109.221,109.274,109.108,109.154
2023-06-30 19:00:00,109.151,109.282,109.052,109.089
2023-06-30 20:00:00,109.09,109.165,109.024,109.027
2023-06-30 21:00:00,109.031,109.06,108.954,108.99
2023-06-30 22:00:00,108.989,109.006,108.895,108.902
2023-06-30 23:00:00,108.907,108.952,108.84,108.858
2023-07-03 00:00:00,108.869,108.919,108.82,108.906
2023-07-03 01:00:00,108.915,108.974,108.899,108.91
2023-07-03 02:00:00,108.938,108.98,108.9,108.967
2023-07-03 03:00:00,108.97,109.007,108.81,108.954
2023-07-03 04:00:00,108.952,109.093,108.952,109.065
2023-07-03 05:00:00,109.065,109.186,109.047,109.179
2023-07-03 06:00:00,109.179,109.226,109.156,109.209
2023-07-03 07:00:00,109.212,109.222,109.061,109.087
2023-07-03 08:00:00,109.088,109.141,108.998,109.112
2023-07-03 09:00:00,109.109,109.234,108.956,109.212
2023-07-03 10:00:00,109.214,109.239,109.078,109.149
2023-07-03 11:00:00,109.144,109.239,109.056,109.081
2023-07-03 12:00:00,109.086,109.138,108.968,109.043
2023-07-03 13:00:00,109.043,109.207,109.031,109.195
2023-07-03 14:00:00,109.2,109.361,109.172,109.318
2023-07-03 15:00:00,109.32,109.339,109.074,109.102
2023-07-03 16:00:00,109.101,109.134,108.946,109.032
2023-07-03 17:00:00,109.027,109.188,108.792,109.162
2023-07-03 18:00:00,109.164,109.217,109.088,109.098
2023-07-03 19:00:00,109.1,109.204,109.096,109.181
2023-07-03 20:00:00,109.178,109.197,109.113,109.153
2023-07-03 21:00:00,109.157,109.223,109.139,109.19
2023-07-03 22:00:00,109.187,109.222,109.185,109.202
2023-07-03 23:00:00,109.202,109.222,109.134,109.134
2023-07-04 00:00:00,109.129,109.19,109.116,109.16
2023-07-04 01:00:00,109.16,109.188,109.098,109.173
2023-07-04 02:00:00,109.181,109.19,109.11,109.139
2023-07-04 03:00:00,109.139,109.14,109.019,109.027
2023-07-04 04:00:00,109.025,109.116,109.003,109.116
2023-07-04 05:00:00,109.115,109.162,109.09,109.098
2023-07-04 06:00:00,109.097,109.188,109.08,109.188
2023-07-04 07:00:00,109.19,109.202,109.089,109.15
2023-07-04 08:00:00,109.146,109.17,109.099,109.126
2023-07-04 09:00:00,109.123,109.157,109.025,109.106
2023-07-04 10:00:00,109.108,109.213,109.099,109.19
2023-07-04 11:00:00,109.191,109.21,109.032,109.065
2023-07-04 12:00:00,109.066,109.12,108.996,109.12
2023-07-04 13:00:00,109.123,109.191,109.1,109.138
2023-07-04 14:00:00,109.137,109.242,109.137,109.21
2023-07-04 15:00:00,109.207,109.28,109.197,109.278
2023-07-04 16:00:00,109.279,109.312,109.105,109.134
2023-07-04 17:00:00,109.135,109.274,109.073,109.253
2023-07-04 18:00:00,109.255,109.358,109.255,109.308
2023-07-04 19:00:00,109.306,109.316,109.241,109.312
2023-07-04 20:00:00,109.317,109.335,109.244,109.293
2023-07-04 21:00:00,109.293,109.306,109.236,109.243
2023-07-04 22:00:00,109.249,109.286,109.21,109.26
2023-07-04 23:00:00,109.254,109.271,109.198,109.228
2023-07-05 00:00:00,109.212,109.234,109.036,109.189
2023-07-05 01:00:00,109.203,109.248,109.178,109.247
2023-07-05 02:00:00,109.249,109.269,109.174,109.187
2023-07-05 03:00:00,109.189,109.332,109.18,109.245
2023-07-05 04:00:00,109.242,109.385,109.214,109.295
2023-07-05 05:00:00,109.294,109.305,109.221,109.235
2023-07-05 06:00:00,109.231,109.259,109.217,109.226
2023-07-05 07:00:00,109.224,109.226,109.165,109.182
2023-07-05 08:00:00,109.181,109.345,109.172,109.329
2023-07-05 09:00:00,109.328,109.364,109.215,109.235
2023-07-05 10:00:00,109.241,109.295,109.002,109.016
2023-07-05 11:00:00,109.015,109.015,108.72,108.757
2023-07-05 12:00:00,108.76,108.788,108.64,108.709
2023-07-05 13:00:00,108.708,108.737,108.503,108.503
2023-07-05 14:00:00,108.5,108.873,108.5,108.854
2023-07-05 15:00:00,108.856,108.908,108.713,108.742
2023-07-05 16:00:00,108.744,108.95,108.597,108.649
2023-07-05 17:00:00,108.651,108.913,108.638,108.874
2023-07-05 18:00:00,108.875,108.98,108.838,108.911
2023-07-05 19:00:00,108.911,108.975,108.86,108.955
2023-07-05 20:00:00,108.956,108.988,108.904,108.907
2023-07-05 21:00:00,108.904,108.947,108.848,108.91
2023-07-05 22:00:00,108.914,108.963,108.895,108.914
2023-07-05 23:00:00,108.917,108.934,108.878,108.906
2023-07-06 00:00:00,108.868,108.888,108.766,108.831
2023-07-06 01:00:00,108.844,108.854,108.764,108.781
2023-07-06 02:00:00,108.783,108.808,108.686,108.757
2023-07-06 03:00:00,108.76,108.771,108.505,108.534
2023-07-06 04:00:00,108.533,108.705,108.53,108.696
2023-07-06 05:00:00,108.697,108.723,108.537,108.552
2023-07-06 06:00:00,108.554,108.562,108.446,108.466
2023-07-06 07:00:00,108.461,108.466,108.191,108.28
2023-07-06 08:00:00,108.282,108.293,108.067,108.09
2023-07-06 09:00:00,108.087,108.299,108.085,108.25
2023-07-06 10:00:00,108.251,108.283,108.03,108.226
2023-07-06 11:00:00,108.224,108.361,108.196,108.296
2023-07-06 12:00:00,108.295,108.41,108.238,108.401
2023-07-06 13:00:00,108.405,108.426,108.277,108.283
2023-07-06 14:00:00,108.285,108.34,108.113,108.132
2023-07-06 15:00:00,108.13,108.376,108.039,108.249
2023-07-06 16:00:00,108.252,108.405,108.186,108.263
2023-07-06 17:00:00,108.266,108.468,108.013,108.116
2023-07-06 18:00:00,108.118,108.158,107.823,107.889
2023-07-06 19:00:00,107.887,107.901,107.744,107.861
2023-07-06 20:00:00,107.862,107.966,107.828,107.943
2023-07-06 21:00:00,107.944,107.97,107.881,107.913
2023-07-06 22:00:00,107.912,107.937,107.797,107.811
2023-07-06 23:00:00,107.813,107.82,107.733,107.752
2023-07-07 00:00:00,107.74,107.806,107.672,107.753
2023-07-07 01:00:00,107.755,107.796,107.736,107.759
2023-07-07 02:00:00,107.781,107.782,107.659,107.717
2023-07-07 03:00:00,107.715,107.831,107.532,107.757
2023-07-07 04:00:00,107.758,107.812,107.703,107.738
2023-07-07 05:00:00,107.736,107.779,107.678,107.726
2023-07-07 06:00:00,107.725,107.752,107.663,107.68
2023-07-07 07:00:00,107.683,107.719,107.608,107.621
2023-07-07 08:00:00,107.623,107.645,107.384,107.415
2023-07-07 09:00:00,107.41,107.472,107.21,107.216
2023-07-07 10:00:00,107.213,107.289,107.013,107.067
2023-07-07 11:00:00,107.065,107.079,106.872,106.883
2023-07-07 12:00:00,106.884,107.054,106.884,107.038
2023-07-07 13:00:00,107.035,107.139,106.995,107.127
2023-07-07 14:00:00,107.129,107.292,107.108,107.15
2023-07-07 15:00:00,107.152,107.484,106.89,107.424
2023-07-07 16:00:00,107.432,107.504,107.007,107.207
2023-07-07 17:00:00,107.209,107.255,106.884,106.959
2023-07-07 18:00:00,106.96,107.068,106.928,107.038
2023-07-07 19:00:00,107.036,107.164,106.956,107.095
2023-07-07 20:00:00,107.096,107.167,107.073,107.134
2023-07-07 21:00:00,107.136,107.136,107.069,107.08
2023-07-07 22:00:00,107.078,107.095,107.006,107.028
2023-07-07 23:00:00,107.031,107.065,106.989,107.015
2023-07-10 00:00:00,107.02,107.061,106.965,107.006
2023-07-10 01:00:00,107.006,107.142,106.99,107.053
2023-07-10 02:00:00,107.059,107.146,107.056,107.09
2023-07-10 03:00:00,107.089,107.283,107.035,107.262
2023-07-10 04:00:00,107.26,107.427,107.191,107.269
2023-07-10 05:00:00,107.272,107.547,107.27,107.501
2023-07-10 06:00:00,107.501,107.553,107.35,107.402
2023-07-10 07:00:00,107.406,107.596,107.403,107.563
2023-07-10 08:00:00,107.562,107.566,107.28,107.318
2023-07-10 09:00:00,107.315,107.32,107.138,107.173
2023-07-10 10:00:00,107.177,107.29,107.04,107.165
2023-07-10 11:00:00,107.167,107.277,107.164,107.166
2023-07-10 12:00:00,107.164,107.263,107.095,107.241
2023-07-10 13:00:00,107.24,107.278,107.16,107.209
2023-07-10 14:00:00,107.207,107.234,106.974,106.974
2023-07-10 15:00:00,106.973,107.185,106.92,107.073
2023-07-10 16:00:00,107.071,107.106,106.575,106.714
2023-07-10 17:00:00,106.713,106.815,106.636,106.729
2023-07-10 18:00:00,106.728,106.741,106.499,106.582
2023-07-10 19:00:00,106.584,106.618,106.454,106.48
2023-07-10 20:00:00,106.477,106.495,106.386,106.443
2023-07-10 21:00:00,106.441,106.468,106.393,106.409
2023-07-10 22:00:00,106.411,106.446,106.387,106.405
2023-07-10 23:00:00,106.404,106.44,106.381,106.4
2023-07-11 00:00:00,106.397,106.437,106.353,106.412
2023-07-11 01:00:00,106.402,106.433,106.33,106.408
2023-07-11 02:00:00,106.429,106.46,106.355,106.443
2023-07-11 03:00:00,106.445,106.614,106.364,106.543
2023-07-11 04:00:00,106.542,106.559,106.316,106.318
2023-07-11 05:00:00,106.317,106.386,106.078,106.093
2023-07-11 06:00:00,106.096,106.204,106.094,106.149
2023-07-11 07:00:00,106.147,106.155,106.02,106.117
2023-07-11 08:00:00,106.116,106.199,106.003,106.154
2023-07-11 09:00:00,106.15,106.276,106.13,106.135
2023-07-11 10:00:00,106.129,106.22,105.852,105.889
2023-07-11 11:00:00,105.89,105.977,105.803,105.856
2023-07-11 12:00:00,105.854,105.945,105.767,105.857
2023-07-11 13:00:00,105.86,105.872,105.644,105.738
2023-07-11 14:00:00,105.74,105.804,105.688,105.728
2023-07-11 15:00:00,105.73,105.893,105.68,105.754
2023-07-11 16:00:00,105.757,106.183,105.7,106.093
2023-07-11 17:00:00,106.096,106.163,105.966,105.981
2023-07-11 18:00:00,105.987,106.074,105.917,106.055
2023-07-11 19:00:00,106.053,106.098,105.889,105.915
2023-07-11 20:00:00,105.916,105.964,105.898,105.913
2023-07-11 21:00:00,105.914,106.054,105.892,106.043
2023-07-11 22:00:00,106.041,106.092,106.024,106.062
2023-07-11 23:00:00,106.058,106.081,106.037,106.073
2023-07-12 00:00:00,106.061,106.062,105.973,106.044
2023-07-12 01:00:00,106.036,106.056,105.96,106.003
2023-07-12 02:00:00,106.004,106.074,105.887,105.912
2023-07-12 03:00:00,105.911,105.941,105.606,105.704
2023-07-12 04:00:00,105.702,105.702,105.487,105.564
2023-07-12 05:00:00,105.561,105.795,105.53,105.72
2023-07-12 06:00:00,105.716,105.738,105.639,105.736
2023-07-12 07:00:00,105.735,105.768,105.608,105.635
2023-07-12 08:00:00,105.633,105.655,105.524,105.554
2023-07-12 09:00:00,105.553,105.635,105.48,105.51
2023-07-12 10:00:00,105.511,105.68,105.462,105.583
2023-07-12 11:00:00,105.578,105.747,105.535,105.658
2023-07-12 12:00:00,105.658,105.749,105.65,105.728
2023-07-12 13:00:00,105.723,105.749,105.579,105.591
2023-07-12 14:00:00,105.593,105.655,105.507,105.526
2023-07-12 15:00:00,105.523,105.594,105.094,105.325
2023-07-12 16:00:00,105.324,105.458,105.151,105.242
2023-07-12 17:00:00,105.27,105.657,105.135,105.197
2023-07-12 18:00:00,105.197,105.253,104.782,104.859
2023-07-12 19:00:00,104.858,104.987,104.837,104.931
2023-07-12 20:00:00,104.935,105.024,104.844,104.869
2023-07-12 21:00:00,104.865,104.972,104.822,104.886
2023-07-12 22:00:00,104.881,105.015,104.824,105.013
2023-07-12 23:00:00,105.014,105.064,104.991,105.006
2023-07-13 00:00:00,105.001,105.017,104.801,104.957
2023-07-13 01:00:00,104.952,104.976,104.876,104.917
2023-07-13 02:00:00,104.916,105.001,104.887,104.914
2023-07-13 03:00:00,104.912,105.106,104.741,105.064
2023-07-13 04:00:00,105.062,105.142,104.987,105.008
2023-07-13 05:00:00,105.009,105.144,105.006,105.072
2023-07-13 06:00:00,105.068,105.126,105.028,105.105
2023-07-13 07:00:00,105.109,105.157,105.072,105.122
2023-07-13 08:00:00,105.12,105.282,105.111,105.272
2023-07-13 09:00:00,105.265,105.302,105.08,105.159
2023-07-13 10:00:00,105.162,105.277,105.101,105.176
2023-07-13 11:00:00,105.178,105.271,105.046,105.144
2023-07-13 12:00:00,105.146,105.32,105.136,105.264
2023-07-13 13:00:00,105.266,105.305,105.185,105.291
2023-07-13 14:00:00,105.292,105.345,105.21,105.281
2023-07-13 15:00:00,105.28,105.486,105.027,105.352
2023-07-13 16:00:00,105.35,105.355,105.005,105.231
2023-07-13 17:00:00,105.236,105.471,105.125,105.392
2023-07-13 18:00:00,105.393,105.418,105.132,105.221
2023-07-13 19:00:00,105.222,105.26,105.15,105.231
2023-07-13 20:00:00,105.235,105.329,105.165,105.307
2023-07-13 21:00:00,105.308,105.375,105.239,105.292
2023-07-13 22:00:00,105.294,105.318,105.223,105.263
2023-07-13 23:00:00,105.258,105.313,105.244,105.289
2023-07-14 00:00:00,105.154,105.29,105.071,105.261
2023-07-14 01:00:00,105.279,105.295,105.202,105.258
2023-07-14 02:00:00,105.254,105.293,105.155,105.279
2023-07-14 03:00:00,105.278,105.321,104.965,104.988
2023-07-14 04:00:00,104.989,105.021,104.709,104.904
2023-07-14 05:00:00,104.905,105.091,104.853,105.065
2023-07-14 06:00:00,105.064,105.096,104.904,104.954
2023-07-14 07:00:00,104.952,105.132,104.918,105.113
2023-07-14 08:00:00,105.108,105.253,105.023,105.204
2023-07-14 09:00:00,105.2,105.378,105.122,105.316
2023-07-14 10:00:00,105.314,105.489,105.294,105.396
2023-07-14 11:00:00,105.398,105.466,105.33,105.417
2023-07-14 12:00:00,105.415,105.621,105.377,105.596
2023-07-14 13:00:00,105.592,105.847,105.588,105.677
2023-07-14 14:00:00,105.678,105.688,105.462,105.578
2023-07-14 15:00:00,105.575,105.837,105.546,105.813
2023-07-14 16:00:00,105.814,105.926,105.528,105.528
2023-07-14 17:00:00,105.565,105.8,104.936,105.142
2023-07-14 18:00:00,105.148,105.245,105.034,105.065
2023-07-14 19:00:00,105.067,105.088,104.878,104.919
2023-07-14 20:00:00,104.909,105.044,104.857,105.039
2023-07-14 21:00:00,105.037,105.101,105.019,105.081
2023-07-14 22:00:00,105.083,105.085,105.023,105.032
2023-07-17 00:00:00,104.81,104.991,104.747,104.876
2023-07-17 01:00:00,104.866,104.937,104.818,104.862
2023-07-17 02:00:00,104.866,104.908,104.822,104.846
2023-07-17 03:00:00,104.844,104.869,104.631,104.631
2023-07-17 04:00:00,104.634,104.797,104.634,104.725
2023-07-17 05:00:00,104.717,104.799,104.693,104.734
2023-07-17 06:00:00,104.736,104.869,104.733,104.858
2023-07-17 07:00:00,104.856,104.865,104.827,104.853
2023-07-17 08:00:00,104.854,104.865,104.756,104.81
2023-07-17 09:00:00,104.806,104.834,104.699,104.784
2023-07-17 10:00:00,104.786,104.943,104.731,104.881
2023-07-17 11:00:00,104.877,104.88,104.599,104.684
2023-07-17 12:00:00,104.685,104.84,104.422,104.484
2023-07-17 13:00:00,104.489,104.513,104.375,104.465
2023-07-17 14:00:00,104.469,104.694,104.454,104.666
2023-07-17 15:00:00,104.665,105.264,104.637,105.16
2023-07-17 16:00:00,105.157,105.604,105.138,105.48
2023-07-17 17:00:00,105.477,105.713,105.425,105.633
2023-07-17 18:00:00,105.628,105.694,105.447,105.451
2023-07-17 19:00:00,105.45,105.551,105.32,105.343
2023-07-17 20:00:00,105.342,105.351,105.237,105.277
2023-07-17 21:00:00,105.276,105.282,105.152,105.167
2023-07-17 22:00:00,105.165,105.232,105.097,105.101
2023-07-17 23:00:00,105.102,105.121,105.047,105.078
2023-07-18 00:00:00,105.147,105.151,104.955,105.068
2023-07-18 01:00:00,105.068,105.108,104.983,105.096
2023-07-18 02:00:00,105.108,105.142,105.043,105.069
2023-07-18 03:00:00,105.065,105.244,105.056,105.18
2023-07-18 04:00:00,105.182,105.207,105.003,105.032
2023-07-18 05:00:00,105.033,105.08,104.989,105.058
2023-07-18 06:00:00,105.063,105.119,105.004,105.092
2023-07-18 07:00:00,105.091,105.101,104.93,104.963
2023-07-18 08:00:00,104.964,104.998,104.875,104.929
2023-07-18 09:00:00,104.928,104.953,104.802,104.813
2023-07-18 10:00:00,104.811,104.837,104.642,104.668
2023-07-18 11:00:00,104.669,104.761,104.576,104.639
2023-07-18 12:00:00,104.64,104.77,104.628,104.728
2023-07-18 13:00:00,104.729,104.756,104.636,104.719
2023-07-18 14:00:00,104.721,104.762,104.613,104.708
2023-07-18 15:00:00,104.705,104.839,104.345,104.452
2023-07-18 16:00:00,104.442,105.044,104.24,104.948
2023-07-18 17:00:00,104.953,105.313,104.93,105.198
2023-07-18 18:00:00,105.196,105.433,105.17,105.432
2023-07-18 19:00:00,105.433,105.509,105.272,105.474
2023-07-18 20:00:00,105.473,105.49,105.302,105.328
2023-07-18 21:00:00,105.329,105.397,105.314,105.374
2023-07-18 22:00:00,105.373,105.517,105.369,105.487
2023-07-18 23:00:00,105.483,105.483,105.362,105.412
2023-07-19 00:00:00,105.393,105.408,105.268,105.348
2023-07-19 01:00:00,105.35,105.52,105.331,105.498
2023-07-19 02:00:00,105.494,105.704,105.494,105.578
2023-07-19 03:00:00,105.576,105.62,105.433,105.472
2023-07-19 04:00:00,105.471,105.635,105.431,105.63
2023-07-19 05:00:00,105.631,105.745,105.624,105.676
2023-07-19 06:00:00,105.678,105.735,105.626,105.735
2023-07-19 07:00:00,105.738,105.797,105.716,105.763
2023-07-19 08:00:00,105.762,105.898,105.723,105.857
2023-07-19 09:00:00,105.848,106.011,105.737,105.878
2023-07-19 10:00:00,105.879,105.957,105.721,105.94
2023-07-19 11:00:00,105.941,106.089,105.878,106.069
2023-07-19 12:00:00,106.072,106.226,106.033,106.105
2023-07-19 13:00:00,106.107,106.161,106.01,106.144
2023-07-19 14:00:00,106.142,106.173,106.007,106.015
2023-07-19 15:00:00,106.014,106.02,105.703,105.929
2023-07-19 16:00:00,105.928,106.179,105.892,106.13
2023-07-19 17:00:00,106.128,106.35,105.946,105.957
2023-07-19 18:00:00,105.958,106.196,105.883,106.196
2023-07-19 19:00:00,106.198,106.2,105.895,105.991
2023-07-19 20:00:00,105.989,106.121,105.987,105.997
2023-07-19 21:00:00,105.995,106.102,105.913,106.082
2023-07-19 22:00:00,106.08,106.166,106.054,106.089
2023-07-19 23:00:00,106.088,106.139,105.969,105.969
2023-07-20 00:00:00,105.982,106.069,105.893,106.02
2023-07-20 01:00:00,106.036,106.078,105.969,106.059
2023-07-20 02:00:00,106.062,106.116,106.038,106.049
2023-07-20 03:00:00,106.052,106.127,105.966,105.98
2023-07-20 04:00:00,105.979,106.052,105.887,105.934
2023-07-20 05:00:00,105.933,106.001,105.874,105.948
2023-07-20 06:00:00,105.946,105.979,105.88,105.916
2023-07-20 07:00:00,105.918,106.033,105.916,106.019
2023-07-20 08:00:00,106.02,106.063,105.935,106.018
2023-07-20 09:00:00,106.015,106.171,105.977,106.143
2023-07-20 10:00:00,106.141,106.272,106.084,106.232
2023-07-20 11:00:00,106.234,106.304,106.165,106.252
2023-07-20 12:00:00,106.251,106.31,106.145,106.299
2023-07-20 13:00:00,106.291,106.317,106.181,106.238
2023-07-20 14:00:00,106.24,106.327,106.165,106.229
2023-07-20 15:00:00,106.231,106.395,106.2,106.341
2023-07-20 16:00:00,106.345,106.43,106.214,106.322
2023-07-20 17:00:00,106.312,106.497,106.215,106.488
2023-07-20 18:00:00,106.49,106.562,106.352,106.48
2023-07-20 19:00:00,106.474,106.605,106.474,106.566
2023-07-20 20:00:00,106.565,106.565,106.39,106.408
2023-07-20 21:00:00,106.406,106.439,106.362,106.402
2023-07-20 22:00:00,106.4,106.401,106.255,106.344
2023-07-20 23:00:00,106.341,106.361,106.288,106.321
2023-07-21 00:00:00,106.274,106.342,106.156,106.296
2023-07-21 01:00:00,106.296,106.316,106.192,106.206
2023-07-21 02:00:00,106.22,106.247,106.096,106.149
2023-07-21 03:00:00,106.147,106.333,106.071,106.278
2023-07-21 04:00:00,106.273,106.423,106.199,106.364
2023-07-21 05:00:00,106.366,106.576,106.361,106.515
2023-07-21 06:00:00,106.514,106.528,106.414,106.432
2023-07-21 07:00:00,106.431,106.449,106.315,106.407
2023-07-21 08:00:00,106.409,106.508,106.388,106.444
2023-07-21 09:00:00,106.446,106.574,106.341,106.543
2023-07-21 10:00:00,106.544,107.326,106.539,107.316
2023-07-21 11:00:00,107.313,107.744,107.262,107.687
2023-07-21 12:00:00,107.684,107.735,107.375,107.561
2023-07-21 13:00:00,107.564,107.795,107.547,107.775
2023-07-21 14:00:00,107.777,107.786,107.425,107.474
2023-07-21 15:00:00,107.476,107.531,106.917,107.008
2023-07-21 16:00:00,107.01,107.219,106.975,107.103
2023-07-21 17:00:00,107.098,107.338,107.045,107.323
2023-07-21 18:00:00,107.322,107.329,107.069,107.226
2023-07-21 19:00:00,107.228,107.254,107.136,107.225
2023-07-21 20:00:00,107.224,107.271,107.167,107.271
2023-07-21 21:00:00,107.272,107.388,107.248,107.385
2023-07-21 22:00:00,107.384,107.398,107.239,107.252
2023-07-21 23:00:00,107.252,107.266,107.108,107.178
2023-07-24 00:00:00,107.066,107.237,106.974,107.192
2023-07-24 01:00:00,107.239,107.256,107.155,107.176
2023-07-24 02:00:00,107.173,107.183,107.099,107.176
2023-07-24 03:00:00,107.173,107.239,107.075,107.193
2023-07-24 04:00:00,107.194,107.202,106.9,106.945
2023-07-24 05:00:00,106.948,107.004,106.846,106.976
2023-07-24 06:00:00,106.975,107.011,106.92,106.966
2023-07-24 07:00:00,106.967,107.098,106.943,107.014
2023-07-24 08:00:00,107.016,107.151,106.955,107.145
2023-07-24 09:00:00,107.147,107.152,107.036,107.088
2023-07-24 10:00:00,107.09,107.147,106.928,107.081
2023-07-24 11:00:00,107.083,107.248,107.074,107.147
2023-07-24 12:00:00,107.148,107.262,106.956,107.102
2023-07-24 13:00:00,107.099,107.117,106.882,106.936
2023-07-24 14:00:00,106.929,107.043,106.814,106.902
2023-07-24 15:00:00,106.904,106.954,106.822,106.845
2023-07-24 16:00:00,106.843,107.104,106.774,107.012
2023-07-24 17:00:00,107.01,107.338,106.962,107.138
2023-07-24 18:00:00,107.134,107.329,107.089,107.321
2023-07-24 19:00:00,107.317,107.499,107.314,107.408
2023-07-24 20:00:00,107.409,107.533,107.393,107.487
2023-07-24 21:00:00,107.488,107.518,107.396,107.41
2023-07-24 22:00:00,107.411,107.463,107.379,107.449
2023-07-24 23:00:00,107.451,107.485,107.41,107.43
2023-07-25 00:00:00,107.415,107.419,107.309,107.378
2023-07-25 01:00:00,107.379,107.459,107.345,107.435
2023-07-25 02:00:00,107.439,107.488,107.398,107.422
2023-07-25 03:00:00,107.421,107.477,107.335,107.412
2023-07-25 04:00:00,107.408,107.432,107.328,107.336
2023-07-25 05:00:00,107.338,107.394,107.274,107.354
2023-07-25 06:00:00,107.353,107.436,107.322,107.39
2023-07-25 07:00:00,107.392,107.482,107.339,107.451
2023-07-25 08:00:00,107.453,107.527,107.439,107.473
2023-07-25 09:00:00,107.472,107.588,107.47,107.573
2023-07-25 10:00:00,107.578,107.658,107.332,107.379
2023-07-25 11:00:00,107.381,107.429,107.256,107.375
2023-07-25 12:00:00,107.374,107.407,107.261,107.262
2023-07-25 13:00:00,107.259,107.352,107.254,107.333
2023-07-25 14:00:00,107.327,107.478,107.251,107.291
2023-07-25 15:00:00,107.285,107.298,107.031,107.094
2023-07-25 16:00:00,107.095,107.299,106.914,107.101
2023-07-25 17:00:00,107.117,107.219,106.889,106.974
2023-07-25 18:00:00,106.981,106.994,106.841,106.905
2023-07-25 19:00:00,106.903,106.985,106.851,106.954
2023-07-25 20:00:00,106.955,107.131,106.94,107.118
2023-07-25 21:00:00,107.119,107.224,107.008,107.057
2023-07-25 22:00:00,107.062,107.064,106.98,107.01
2023-07-25 23:00:00,107.007,107.012,106.921,106.954
2023-07-26 00:00:00,106.965,107.049,106.879,106.93
2023-07-26 01:00:00,106.929,106.966,106.861,106.861
2023-07-26 02:00:00,106.882,106.889,106.828,106.844
2023-07-26 03:00:00,106.846,106.973,106.831,106.963
2023-07-26 04:00:00,106.965,106.99,106.864,106.971
2023-07-26 05:00:00,106.97,106.977,106.888,106.935
2023-07-26 06:00:00,106.934,107.008,106.912,106.928
2023-07-26 07:00:00,106.932,107.006,106.913,106.92
2023-07-26 08:00:00,106.916,107.002,106.893,106.907
2023-07-26 09:00:00,106.911,106.927,106.707,106.725
2023-07-26 10:00:00,106.722,106.773,106.595,106.663
2023-07-26 11:00:00,106.662,106.7,106.287,106.332
2023-07-26 12:00:00,106.331,106.345,106.176,106.228
2023-07-26 13:00:00,106.229,106.342,106.165,106.265
2023-07-26 14:00:00,106.266,106.271,106.088,106.206
2023-07-26 15:00:00,106.207,106.243,105.894,105.989
2023-07-26 16:00:00,105.988,106.337,105.983,106.319
2023-07-26 17:00:00,106.315,106.389,106.129,106.179
2023-07-26 18:00:00,106.18,106.3,106.11,106.209
2023-07-26 19:00:00,106.207,106.361,106.197,106.34
2023-07-26 20:00:00,106.339,106.348,106.128,106.183
2023-07-26 21:00:00,106.167,106.352,106.056,106.082
2023-07-26 22:00:00,106.085,106.227,105.961,106.198
2023-07-26 23:00:00,106.199,106.33,106.154,106.172
2023-07-27 00:00:00,106.087,106.167,106.068,106.15
2023-07-27 01:00:00,106.152,106.352,106.116,106.327
2023-07-27 02:00:00,106.352,106.36,106.27,106.297
2023-07-27 03:00:00,106.295,106.441,106.254,106.425
2023-07-27 04:00:00,106.427,106.459,105.973,106.028
2023-07-27 05:00:00,106.031,106.031,105.846,106.0
2023-07-27 06:00:00,105.998,106.115,105.956,106.112
2023-07-27 07:00:00,106.113,106.307,106.112,106.28
2023-07-27 08:00:00,106.284,106.387,106.239,106.339
2023-07-27 09:00:00,106.337,106.348,106.24,106.283
2023-07-27 10:00:00,106.285,106.379,106.15,106.27
2023-07-27 11:00:00,106.272,106.343,106.16,106.323
2023-07-27 12:00:00,106.325,106.453,106.281,106.289
2023-07-27 13:00:00,106.286,106.409,106.166,106.396
2023-07-27 14:00:00,106.394,106.436,106.353,106.399
2023-07-27 15:00:00,106.397,106.868,106.36,106.809
2023-07-27 16:00:00,106.812,106.819,106.58,106.653
2023-07-27 17:00:00,106.655,107.083,106.646,107.032
2023-07-27 18:00:00,107.034,107.073,106.813,106.879
2023-07-27 19:00:00,106.88,106.973,106.842,106.954
2023-07-27 20:00:00,106.952,106.956,105.422,105.584
2023-07-27 21:00:00,105.588,105.629,105.289,105.318
2023-07-27 22:00:00,105.32,105.404,104.791,105.061
2023-07-27 23:00:00,105.064,105.517,105.064,105.431
2023-07-28 00:00:00,105.359,105.48,105.226,105.417
2023-07-28 01:00:00,105.411,105.424,105.029,105.22
2023-07-28 02:00:00,105.236,105.311,104.859,104.972
2023-07-28 03:00:00,104.974,105.428,104.876,105.392
2023-07-28 04:00:00,105.396,105.435,105.237,105.323
2023-07-28 05:00:00,105.323,105.497,105.129,105.258
2023-07-28 06:00:00,105.27,106.696,104.702,105.585
2023-07-28 07:00:00,105.589,105.642,104.208,104.796
2023-07-28 08:00:00,104.792,105.315,104.637,105.253
2023-07-28 09:00:00,105.258,105.652,105.05,105.236
2023-07-28 10:00:00,105.249,105.578,104.912,105.518
2023-07-28 11:00:00,105.516,105.802,105.469,105.49
2023-07-28 12:00:00,105.496,105.544,105.288,105.326
2023-07-28 13:00:00,105.324,105.451,105.197,105.229
2023-07-28 14:00:00,105.225,105.417,105.065,105.386
2023-07-28 15:00:00,105.381,105.992,105.314,105.87
2023-07-28 16:00:00,105.871,106.295,105.871,106.204
2023-07-28 17:00:00,106.177,106.215,105.954,106.033
2023-07-28 18:00:00,106.037,106.421,105.982,106.381
2023-07-28 19:00:00,106.379,106.5,106.343,106.462
2023-07-28 20:00:00,106.459,106.467,106.335,106.399
2023-07-28 21:00:00,106.403,106.525,106.369,106.487
2023-07-28 22:00:00,106.489,106.636,106.489,106.597
2023-07-28 23:00:00,106.596,106.651,106.495,106.498
2023-07-31 00:00:00,106.229,106.493,106.228,106.447
2023-07-31 01:00:00,106.441,106.5,106.27,106.297
2023-07-31 02:00:00,106.297,106.368,106.208,106.209
2023-07-31 03:00:00,106.206,106.362,106.171,106.35
2023-07-31 04:00:00,106.347,106.937,106.269,106.802
2023-07-31 05:00:00,106.804,107.026,106.739,107.016
2023-07-31 06:00:00,107.016,107.07,106.891,106.959
2023-07-31 07:00:00,106.962,107.108,106.902,107.051
2023-07-31 08:00:00,107.055,107.095,106.987,106.997
2023-07-31 09:00:00,107.003,107.399,106.975,107.299
2023-07-31 10:00:00,107.304,107.403,107.163,107.347
2023-07-31 11:00:00,107.348,107.666,107.279,107.61
2023-07-31 12:00:00,107.609,107.626,107.488,107.574
2023-07-31 13:00:00,107.576,107.747,107.488,107.616
2023-07-31 14:00:00,107.615,107.652,107.507,107.592
2023-07-31 15:00:00,107.594,107.722,107.54,107.695
2023-07-31 16:00:00,107.694,108.088,107.685,108.029
2023-07-31 17:00:00,108.026,108.122,107.817,107.924
2023-07-31 18:00:00,107.923,108.096,107.889,108.037
2023-07-31 19:00:00,108.031,108.034,107.914,107.943
2023-07-31 20:00:00,107.94,107.981,107.885,107.892
2023-07-31 21:00:00,107.891,108.003,107.857,107.975
2023-07-31 22:00:00,107.971,107.972,107.875,107.89
2023-07-31 23:00:00,107.887,107.888,107.814,107.85
2023-08-01 00:00:00,107.839,107.879,107.749,107.848
2023-08-01 01:00:00,107.859,107.872,107.791,107.857
2023-08-01 02:00:00,107.854,107.965,107.85,107.862
2023-08-01 03:00:00,107.859,107.997,107.847,107.997
2023-08-01 04:00:00,107.995,108.119,107.942,108.086
2023-08-01 05:00:00,108.095,108.095,107.853,107.869
2023-08-01 06:00:00,107.868,107.971,107.859,107.901
2023-08-01 07:00:00,107.902,107.989,107.828,107.951
2023-08-01 08:00:00,107.949,108.042,107.921,108.037
2023-08-01 09:00:00,108.039,108.039,107.81,107.868
2023-08-01 10:00:00,107.869,107.879,107.683,107.747
2023-08-01 11:00:00,107.75,107.763,107.6,107.657
2023-08-01 12:00:00,107.652,107.724,107.551,107.564
2023-08-01 13:00:00,107.566,107.644,107.515,107.629
2023-08-01 14:00:00,107.627,107.75,107.623,107.72
2023-08-01 15:00:00,107.719,107.797,107.639,107.758
2023-08-01 16:00:00,107.759,107.97,107.748,107.834
2023-08-01 17:00:00,107.853,108.001,107.66,107.856
2023-08-01 18:00:00,107.857,107.94,107.757,107.838
2023-08-01 19:00:00,107.84,107.86,107.738,107.84
2023-08-01 20:00:00,107.838,107.962,107.792,107.921
2023-08-01 21:00:00,107.916,107.959,107.85,107.892
2023-08-01 22:00:00,107.892,107.908,107.852,107.893
2023-08-01 23:00:00,107.892,107.946,107.885,107.9
2023-08-02 00:00:00,107.885,107.888,107.516,107.567
2023-08-02 01:00:00,107.567,107.776,107.515,107.682
2023-08-02 02:00:00,107.694,107.744,107.617,107.73
2023-08-02 03:00:00,107.729,107.849,107.666,107.755
2023-08-02 04:00:00,107.757,107.879,107.646,107.809
2023-08-02 05:00:00,107.814,107.883,107.757,107.799
2023-08-02 06:00:00,107.8,107.832,107.7,107.709
2023-08-02 07:00:00,107.709,107.754,107.515,107.546
2023-08-02 08:00:00,107.547,107.551,107.29,107.472
2023-08-02 09:00:00,107.471,107.473,107.165,107.189
2023-08-02 10:00:00,107.189,107.329,107.183,107.205
2023-08-02 11:00:00,107.202,107.204,106.831,106.919
2023-08-02 12:00:00,106.922,107.185,106.877,107.153
2023-08-02 13:00:00,107.152,107.277,107.136,107.259
2023-08-02 14:00:00,107.26,107.311,107.194,107.229
2023-08-02 15:00:00,107.227,107.522,107.178,107.521
2023-08-02 16:00:00,107.523,107.62,107.312,107.525
2023-08-02 17:00:00,107.526,107.668,107.382,107.428
2023-08-02 18:00:00,107.439,107.535,107.33,107.382
2023-08-02 19:00:00,107.384,107.413,107.227,107.395
2023-08-02 20:00:00,107.392,107.395,107.248,107.305
2023-08-02 21:00:00,107.305,107.396,107.298,107.351
2023-08-02 22:00:00,107.353,107.451,107.32,107.436
2023-08-02 23:00:00,107.434,107.454,107.323,107.345
2023-08-03 00:00:00,107.351,107.38,107.274,107.295
2023-08-03 01:00:00,107.306,107.335,107.247,107.314
2023-08-03 02:00:00,107.306,107.414,107.282,107.408
2023-08-03 03:00:00,107.406,107.455,107.302,107.372
2023-08-03 04:00:00,107.37,107.467,107.286,107.353
2023-08-03 05:00:00,107.352,107.415,107.239,107.303
2023-08-03 06:00:00,107.304,107.311,107.252,107.261
2023-08-03 07:00:00,107.26,107.614,107.258,107.554
2023-08-03 08:00:00,107.551,107.756,107.491,107.511
2023-08-03 09:00:00,107.513,107.593,107.395,107.513
2023-08-03 10:00:00,107.511,107.53,106.847,106.88
2023-08-03 11:00:00,106.876,107.086,106.733,106.766
2023-08-03 12:00:00,106.763,106.895,106.753,106.892
2023-08-03 13:00:00,106.891,107.0,106.84,106.886
2023-08-03 14:00:00,106.89,107.002,106.843,106.891
2023-08-03 15:00:00,106.894,106.934,106.599,106.851
2023-08-03 16:00:00,106.852,106.946,106.731,106.874
2023-08-03 17:00:00,106.871,106.903,106.409,106.436
2023-08-03 18:00:00,106.435,106.754,106.371,106.731
2023-08-03 19:00:00,106.73,106.899,106.699,106.865
2023-08-03 20:00:00,106.863,106.987,106.861,106.867
2023-08-03 21:00:00,106.864,106.89,106.806,106.842
2023-08-03 22:00:00,106.841,106.868,106.716,106.717
2023-08-03 23:00:00,106.716,106.753,106.68,106.73
2023-08-04 00:00:00,106.631,106.745,106.565,106.689
2023-08-04 01:00:00,106.693,106.744,106.668,106.716
2023-08-04 02:00:00,106.716,106.84,106.714,106.804
2023-08-04 03:00:00,106.802,107.046,106.742,106.991
2023-08-04 04:00:00,106.992,107.012,106.816,106.915
2023-08-04 05:00:00,106.912,106.944,106.567,106.7
2023-08-04 06:00:00,106.699,106.863,106.684,106.766
2023-08-04 07:00:00,106.764,106.778,106.666,106.69
2023-08-04 08:00:00,106.699,106.734,106.594,106.672
2023-08-04 09:00:00,106.668,106.823,106.555,106.741
2023-08-04 10:00:00,106.739,106.808,106.588,106.752
2023-08-04 11:00:00,106.753,106.82,106.684,106.71
2023-08-04 12:00:00,106.706,106.813,106.687,106.779
2023-08-04 13:00:00,106.78,106.862,106.726,106.77
2023-08-04 14:00:00,106.763,106.786,106.656,106.674
2023-08-04 15:00:00,106.677,106.724,106.37,106.427
2023-08-04 16:00:00,106.43,106.443,106.045,106.165
2023-08-04 17:00:00,106.167,106.236,106.025,106.109
2023-08-04 18:00:00,106.11,106.326,106.11,106.301
2023-08-04 19:00:00,106.299,106.482,106.299,106.466
2023-08-04 20:00:00,106.468,106.472,106.3,106.301
2023-08-04 21:00:00,106.3,106.301,105.971,105.984
2023-08-04 22:00:00,105.979,106.052,105.905,105.951
2023-08-04 23:00:00,105.952,105.965,105.818,105.857
2023-08-07 00:00:00,105.86,105.939,105.834,105.911
2023-08-07 01:00:00,105.912,106.057,105.876,106.011
2023-08-07 02:00:00,106.006,106.099,106.006,106.062
2023-08-07 03:00:00,106.06,106.076,105.824,105.902
2023-08-07 04:00:00,105.902,106.083,105.855,106.0
2023-08-07 05:00:00,106.006,106.23,106.002,106.222
2023-08-07 06:00:00,106.225,106.334,106.143,106.309
2023-08-07 07:00:00,106.312,106.397,106.221,106.237
2023-08-07 08:00:00,106.235,106.329,106.161,106.282
2023-08-07 09:00:00,106.286,106.324,106.219,106.281
2023-08-07 10:00:00,106.277,106.391,106.22,106.244
2023-08-07 11:00:00,106.245,106.386,106.206,106.314
2023-08-07 12:00:00,106.311,106.348,106.246,106.33
2023-08-07 13:00:00,106.332,106.394,106.232,106.267
2023-08-07 14:00:00,106.269,106.394,106.255,106.342
2023-08-07 15:00:00,106.344,106.393,106.182,106.292
2023-08-07 16:00:00,106.293,106.32,106.089,106.179
2023-08-07 17:00:00,106.176,106.412,106.176,106.392
2023-08-07 18:00:00,106.394,106.513,106.318,106.51
2023-08-07 19:00:00,106.507,106.61,106.506,106.59
2023-08-07 20:00:00,106.591,106.64,106.558,106.59
2023-08-07 21:00:00,106.594,106.613,106.524,106.533
2023-08-07 22:00:00,106.534,106.579,106.533,106.566
2023-08-07 23:00:00,106.565,106.59,106.541,106.548
2023-08-08 00:00:00,106.562,106.599,106.46,106.546
2023-08-08 01:00:00,106.533,106.556,106.458,106.463
2023-08-08 02:00:00,106.473,106.591,106.467,106.586
2023-08-08 03:00:00,106.587,106.947,106.584,106.928
2023-08-08 04:00:00,106.929,107.021,106.82,106.976
2023-08-08 05:00:00,106.978,107.089,106.946,107.076
2023-08-08 06:00:00,107.075,107.082,106.975,107.004
2023-08-08 07:00:00,107.004,107.064,106.94,106.94
2023-08-08 08:00:00,106.939,106.99,106.872,106.948
2023-08-08 09:00:00,106.95,106.986,106.536,106.565
2023-08-08 10:00:00,106.564,106.636,106.425,106.594
2023-08-08 11:00:00,106.594,106.663,106.449,106.592
2023-08-08 12:00:00,106.596,106.619,106.374,106.4
2023-08-08 13:00:00,106.399,106.529,106.372,106.454
2023-08-08 14:00:00,106.447,106.461,106.073,106.195
2023-08-08 15:00:00,106.194,106.197,105.878,106.144
2023-08-08 16:00:00,106.151,106.264,105.958,106.092
2023-08-08 17:00:00,106.095,106.296,106.024,106.264
2023-08-08 18:00:00,106.266,106.453,106.243,106.399
2023-08-08 19:00:00,106.4,106.632,106.392,106.595
2023-08-08 20:00:00,106.594,106.714,106.557,106.694
2023-08-08 21:00:00,106.695,106.881,106.665,106.842
2023-08-08 22:00:00,106.84,106.955,106.835,106.935
2023-08-08 23:00:00,106.932,106.932,106.794,106.827
2023-08-09 00:00:00,106.816,106.852,106.564,106.831
2023-08-09 01:00:00,106.831,106.831,106.729,106.791
2023-08-09 02:00:00,106.803,106.81,106.666,106.702
2023-08-09 03:00:00,106.693,106.778,106.582,106.739
2023-08-09 04:00:00,106.733,106.849,106.71,106.796
2023-08-09 05:00:00,106.8,106.819,106.725,106.782
2023-08-09 06:00:00,106.781,106.784,106.709,106.726
2023-08-09 07:00:00,106.726,106.762,106.685,106.739
2023-08-09 08:00:00,106.74,106.745,106.625,106.627
2023-08-09 09:00:00,106.626,106.758,106.62,106.702
2023-08-09 10:00:00,106.704,106.809,106.688,106.801
2023-08-09 11:00:00,106.803,106.848,106.707,106.789
2023-08-09 12:00:00,106.79,106.923,106.789,106.793
2023-08-09 13:00:00,106.792,106.834,106.728,106.832
2023-08-09 14:00:00,106.834,106.873,106.758,106.817
2023-08-09 15:00:00,106.814,106.814,106.597,106.652
2023-08-09 16:00:00,106.654,106.782,106.558,106.776
2023-08-09 17:00:00,106.777,107.042,106.702,106.986
2023-08-09 18:00:00,106.987,106.996,106.746,106.806
2023-08-09 19:00:00,106.804,106.936,106.68,106.928
2023-08-09 20:00:00,106.927,107.04,106.909,106.995
2023-08-09 21:00:00,106.998,107.185,106.982,107.099
2023-08-09 22:00:00,107.097,107.143,107.02,107.052
2023-08-09 23:00:00,107.053,107.083,107.016,107.077
2023-08-10 00:00:00,107.073,107.073,106.93,106.999
2023-08-10 01:00:00,107.033,107.066,106.982,107.041
2023-08-10 02:00:00,107.042,107.121,107.023,107.095
2023-08-10 03:00:00,107.087,107.233,107.075,107.169
2023-08-10 04:00:00,107.171,107.209,107.105,107.156
2023-08-10 05:00:00,107.155,107.261,107.141,107.231
2023-08-10 06:00:00,107.233,107.261,107.21,107.247
2023-08-10 07:00:00,107.251,107.379,107.25,107.338
2023-08-10 08:00:00,107.336,107.43,107.306,107.396
2023-08-10 09:00:00,107.399,107.521,107.375,107.404
2023-08-10 10:00:00,107.403,107.45,107.257,107.27
2023-08-10 11:00:00,107.272,107.315,107.204,107.255
2023-08-10 12:00:00,107.253,107.338,107.227,107.329
2023-08-10 13:00:00,107.33,107.363,107.266,107.318
2023-08-10 14:00:00,107.321,107.356,107.26,107.329
2023-08-10 15:00:00,107.326,107.436,107.047,107.401
2023-08-10 16:00:00,107.405,107.786,107.38,107.727
2023-08-10 17:00:00,107.73,107.829,107.584,107.73
2023-08-10 18:00:00,107.731,107.825,107.669,107.738
2023-08-10 19:00:00,107.74,107.778,107.639,107.652
2023-08-10 20:00:00,107.649,107.723,107.594,107.663
2023-08-10 21:00:00,107.662,107.876,107.645,107.86
2023-08-10 22:00:00,107.862,107.872,107.688,107.716
2023-08-10 23:00:00,107.718,107.726,107.604,107.604
2023-08-11 00:00:00,107.638,107.646,107.545,107.594
2023-08-11 01:00:00,107.594,107.714,107.588,107.709
2023-08-11 02:00:00,107.709,107.754,107.664,107.733
2023-08-11 03:00:00,107.738,107.804,107.726,107.776
2023-08-11 04:00:00,107.781,107.813,107.683,107.716
2023-08-11 05:00:00,107.714,107.741,107.646,107.667
2023-08-11 06:00:00,107.668,107.693,107.632,107.647
2023-08-11 07:00:00,107.645,107.647,107.592,107.611
2023-08-11 08:00:00,107.615,107.704,107.594,107.684
2023-08-11 09:00:00,107.685,107.771,107.678,107.682
2023-08-11 10:00:00,107.68,107.701,107.561,107.588
2023-08-11 11:00:00,107.587,107.61,107.461,107.528
2023-08-11 12:00:00,107.529,107.587,107.428,107.443
2023-08-11 13:00:00,107.441,107.552,107.439,107.481
2023-08-11 14:00:00,107.48,107.602,107.45,107.488
2023-08-11 15:00:00,107.486,107.62,107.416,107.571
2023-08-11 16:00:00,107.57,107.678,107.513,107.66
2023-08-11 17:00:00,107.442,107.934,107.403,107.841
2023-08-11 18:00:00,107.842,107.899,107.788,107.806
2023-08-11 19:00:00,107.829,107.862,107.762,107.8
2023-08-11 20:00:00,107.8,107.846,107.755,107.817
2023-08-11 21:00:00,107.814,107.848,107.767,107.794
2023-08-11 22:00:00,107.795,107.82,107.76,107.787
2023-08-11 23:00:00,107.787,107.816,107.751,107.786
2023-08-14 00:00:00,107.721,107.818,107.678,107.803
2023-08-14 01:00:00,107.802,107.837,107.735,107.803
2023-08-14 02:00:00,107.826,107.826,107.744,107.769
2023-08-14 03:00:00,107.77,107.987,107.702,107.798
2023-08-14 04:00:00,107.796,107.803,107.536,107.787
2023-08-14 05:00:00,107.785,107.793,107.649,107.694
2023-08-14 06:00:00,107.691,107.704,107.582,107.622
2023-08-14 07:00:00,107.618,107.658,107.61,107.627
2023-08-14 08:00:00,107.629,107.715,107.61,107.614
2023-08-14 09:00:00,107.617,107.628,107.514,107.612
2023-08-14 10:00:00,107.609,107.693,107.526,107.68
2023-08-14 11:00:00,107.681,107.781,107.656,107.758
2023-08-14 12:00:00,107.76,107.888,107.715,107.786
2023-08-14 13:00:00,107.786,107.876,107.775,107.85
2023-08-14 14:00:00,107.851,107.956,107.83,107.923
2023-08-14 15:00:00,107.922,108.022,107.9,108.0
2023-08-14 16:00:00,107.998,108.031,107.899,107.999
2023-08-14 17:00:00,108.001,108.029,107.913,107.999
2023-08-14 18:00:00,107.997,108.016,107.856,107.996
2023-08-14 19:00:00,107.998,108.028,107.835,107.958
2023-08-14 20:00:00,107.959,108.038,107.95,108.038
2023-08-14 21:00:00,108.037,108.043,107.968,108.002
2023-08-14 22:00:00,108.006,108.039,107.974,108.026
2023-08-14 23:00:00,108.028,108.135,108.023,108.122
2023-08-15 00:00:00,108.095,108.121,107.889,108.076
2023-08-15 01:00:00,108.076,108.136,108.044,108.118
2023-08-15 02:00:00,108.116,108.137,108.009,108.05
2023-08-15 03:00:00,108.049,108.155,108.035,108.039
2023-08-15 04:00:00,108.041,108.091,107.969,108.083
2023-08-15 05:00:00,108.081,108.192,107.997,108.191
2023-08-15 06:00:00,108.19,108.254,108.172,108.222
2023-08-15 07:00:00,108.225,108.25,108.184,108.217
2023-08-15 08:00:00,108.218,108.22,108.051,108.136
2023-08-15 09:00:00,108.132,108.283,108.12,108.26
2023-08-15 10:00:00,108.264,108.266,108.032,108.056
2023-08-15 11:00:00,108.058,108.098,107.95,108.011
2023-08-15 12:00:00,108.007,108.028,107.894,107.937
2023-08-15 13:00:00,107.934,107.976,107.841,107.873
2023-08-15 14:00:00,107.876,107.894,107.775,107.815
2023-08-15 15:00:00,107.811,108.268,107.792,108.113
2023-08-15 16:00:00,108.112,108.145,107.899,107.963
2023-08-15 17:00:00,107.96,107.962,107.647,107.662
2023-08-15 18:00:00,107.663,107.933,107.663,107.904
2023-08-15 19:00:00,107.905,107.958,107.851,107.933
2023-08-15 20:00:00,107.935,107.955,107.842,107.871
2023-08-15 21:00:00,107.869,107.968,107.865,107.953
2023-08-15 22:00:00,107.954,107.969,107.818,107.83
2023-08-15 23:00:00,107.832,107.853,107.797,107.824
2023-08-16 00:00:00,107.845,107.846,107.761,107.819
2023-08-16 01:00:00,107.819,107.88,107.761,107.848
2023-08-16 02:00:00,107.859,107.942,107.859,107.936
2023-08-16 03:00:00,107.935,107.946,107.802,107.865
2023-08-16 04:00:00,107.859,107.915,107.79,107.829
2023-08-16 05:00:00,107.831,107.846,107.719,107.786
2023-08-16 06:00:00,107.788,107.839,107.757,107.768
2023-08-16 07:00:00,107.767,107.787,107.745,107.754
2023-08-16 08:00:00,107.756,107.772,107.679,107.7
2023-08-16 09:00:00,107.705,107.771,107.611,107.635
2023-08-16 10:00:00,107.637,107.885,107.633,107.77
2023-08-16 11:00:00,107.77,107.973,107.752,107.942
2023-08-16 12:00:00,107.943,108.0,107.868,107.909
2023-08-16 13:00:00,107.91,107.945,107.854,107.89
2023-08-16 14:00:00,107.892,108.057,107.888,108.048
2023-08-16 15:00:00,108.046,108.075,107.945,107.996
2023-08-16 16:00:00,107.997,108.083,107.941,108.013
2023-08-16 17:00:00,108.017,108.022,107.787,107.868
2023-08-16 18:00:00,107.871,107.958,107.846,107.865
2023-08-16 19:00:00,107.867,107.878,107.791,107.848
2023-08-16 20:00:00,107.846,108.04,107.821,108.017
2023-08-16 21:00:00,108.02,108.09,107.946,108.03
2023-08-16 22:00:00,108.035,108.184,108.002,108.154
2023-08-16 23:00:00,108.154,108.189,108.091,108.139
2023-08-17 00:00:00,108.139,108.139,107.935,108.036
2023-08-17 01:00:00,108.094,108.125,108.039,108.089
2023-08-17 02:00:00,108.087,108.113,108.067,108.096
2023-08-17 03:00:00,108.091,108.195,108.037,108.07
2023-08-17 04:00:00,108.069,108.159,108.053,108.144
2023-08-17 05:00:00,108.145,108.187,108.125,108.16
2023-08-17 06:00:00,108.159,108.199,108.136,108.168
2023-08-17 07:00:00,108.171,108.221,108.141,108.214
2023-08-17 08:00:00,108.215,108.221,108.029,108.065
2023-08-17 09:00:00,108.069,108.217,108.064,108.201
2023-08-17 10:00:00,108.2,108.221,108.032,108.09
2023-08-17 11:00:00,108.092,108.132,108.033,108.094
2023-08-17 12:00:00,108.093,108.16,108.018,108.133
2023-08-17 13:00:00,108.129,108.201,108.017,108.031
2023-08-17 14:00:00,108.029,108.124,107.957,107.982
2023-08-17 15:00:00,107.982,108.041,107.818,107.937
2023-08-17 16:00:00,107.936,107.966,107.813,107.925
2023-08-17 17:00:00,107.921,108.167,107.911,108.054
2023-08-17 18:00:00,108.053,108.093,107.955,108.082
2023-08-17 19:00:00,108.084,108.092,108.005,108.077
2023-08-17 20:00:00,108.076,108.112,108.029,108.034
2023-08-17 21:00:00,108.034,108.057,107.834,107.843
2023-08-17 22:00:00,107.845,107.864,107.502,107.59
2023-08-17 23:00:00,107.592,107.682,107.589,107.651
2023-08-18 00:00:00,107.646,107.707,107.5,107.629
2023-08-18 01:00:00,107.635,107.654,107.515,107.557
2023-08-18 02:00:00,107.557,107.58,107.462,107.562
2023-08-18 03:00:00,107.56,107.627,107.485,107.498
2023-08-18 04:00:00,107.496,107.521,107.403,107.506
2023-08-18 05:00:00,107.507,107.598,107.495,107.537
2023-08-18 06:00:00,107.538,107.538,107.287,107.331
2023-08-18 07:00:00,107.332,107.391,107.319,107.374
2023-08-18 08:00:00,107.373,107.377,107.204,107.338
2023-08-18 09:00:00,107.34,107.382,107.225,107.337
2023-08-18 10:00:00,107.336,107.345,107.082,107.211
2023-08-18 11:00:00,107.209,107.501,107.183,107.49
2023-08-18 12:00:00,107.489,107.527,107.323,107.484
2023-08-18 13:00:00,107.482,107.515,107.365,107.417
2023-08-18 14:00:00,107.416,107.45,107.156,107.194
2023-08-18 15:00:00,107.196,107.418,107.186,107.321
2023-08-18 16:00:00,107.322,107.415,107.167,107.179
2023-08-18 17:00:00,107.18,107.203,107.021,107.037
2023-08-18 18:00:00,107.038,107.193,107.036,107.042
2023-08-18 19:00:00,107.044,107.271,107.034,107.16
2023-08-18 20:00:00,107.159,107.182,107.022,107.179
2023-08-18 21:00:00,107.18,107.292,107.138,107.263
2023-08-18 22:00:00,107.261,107.354,107.204,107.277
2023-08-18 23:00:00,107.272,107.288,107.199,107.25
2023-08-21 00:00:00,107.189,107.348,107.014,107.261
2023-08-21 01:00:00,107.24,107.313,107.207,107.247
2023-08-21 02:00:00,107.249,107.314,107.235,107.308
2023-08-21 03:00:00,107.304,107.308,107.186,107.193
2023-08-21 04:00:00,107.193,107.443,107.097,107.44
2023-08-21 05:00:00,107.442,107.54,107.33,107.358
2023-08-21 06:00:00,107.36,107.4,107.305,107.349
2023-08-21 07:00:00,107.35,107.365,107.296,107.335
2023-08-21 08:00:00,107.338,107.386,107.295,107.33
2023-08-21 09:00:00,107.328,107.438,107.312,107.348
2023-08-21 10:00:00,107.347,107.496,107.317,107.484
2023-08-21 11:00:00,107.485,107.661,107.455,107.654
2023-08-21 12:00:00,107.653,107.808,107.644,107.806
2023-08-21 13:00:00,107.805,107.896,107.797,107.884
2023-08-21 14:00:00,107.883,108.016,107.859,107.984
2023-08-21 15:00:00,107.985,108.203,107.978,108.141
2023-08-21 16:00:00,108.14,108.168,107.971,108.014
2023-08-21 17:00:00,108.015,108.055,107.808,107.961
2023-08-21 18:00:00,107.96,108.012,107.753,107.819
2023-08-21 19:00:00,107.814,107.843,107.731,107.825
2023-08-21 20:00:00,107.825,107.862,107.764,107.829
2023-08-21 21:00:00,107.831,107.869,107.809,107.85
2023-08-21 22:00:00,107.849,108.018,107.834,107.939
2023-08-21 23:00:00,107.934,107.967,107.909,107.948
2023-08-22 00:00:00,107.779,107.948,107.663,107.928
2023-08-22 01:00:00,107.918,107.931,107.874,107.915
2023-08-22 02:00:00,107.916,107.97,107.914,107.953
2023-08-22 03:00:00,107.953,108.021,107.874,107.919
2023-08-22 04:00:00,107.919,107.933,107.812,107.859
2023-08-22 05:00:00,107.86,107.868,107.797,107.828
2023-08-22 06:00:00,107.829,107.859,107.731,107.827
2023-08-22 07:00:00,107.832,107.853,107.792,107.792
2023-08-22 08:00:00,107.793,107.814,107.721,107.802
2023-08-22 09:00:00,107.802,107.882,107.776,107.811
2023-08-22 10:00:00,107.815,107.816,107.707,107.731
2023-08-22 11:00:00,107.732,107.747,107.591,107.617
2023-08-22 12:00:00,107.617,107.706,107.582,107.613
2023-08-22 13:00:00,107.616,107.671,107.547,107.645
2023-08-22 14:00:00,107.644,107.845,107.643,107.821
2023-08-22 15:00:00,107.821,107.935,107.783,107.824
2023-08-22 16:00:00,107.826,107.93,107.751,107.757
2023-08-22 17:00:00,107.756,107.775,107.545,107.622
2023-08-22 18:00:00,107.621,107.646,107.526,107.604
2023-08-22 19:00:00,107.604,107.643,107.507,107.601
2023-08-22 20:00:00,107.601,107.607,107.441,107.54
2023-08-22 21:00:00,107.541,107.606,107.489,107.579
2023-08-22 22:00:00,107.578,107.654,107.573,107.59
2023-08-22 23:00:00,107.59,107.661,107.578,107.661
2023-08-23 00:00:00,107.64,107.644,107.423,107.608
2023-08-23 01:00:00,107.593,107.624,107.558,107.604
2023-08-23 02:00:00,107.606,107.622,107.535,107.578
2023-08-23 03:00:00,107.578,107.603,107.5,107.509
2023-08-23 04:00:00,107.509,107.625,107.444,107.559
2023-08-23 05:00:00,107.558,107.623,107.544,107.585
2023-08-23 06:00:00,107.583,107.599,107.546,107.575
2023-08-23 07:00:00,107.576,107.627,107.569,107.569
2023-08-23 08:00:00,107.568,107.629,107.519,107.588
2023-08-23 09:00:00,107.589,107.596,107.407,107.512
2023-08-23 10:00:00,107.512,107.599,107.229,107.275
2023-08-23 11:00:00,107.276,107.312,107.159,107.27
2023-08-23 12:00:00,107.271,107.273,107.13,107.194
2023-08-23 13:00:00,107.191,107.242,107.07,107.119
2023-08-23 14:00:00,107.125,107.162,107.008,107.162
2023-08-23 15:00:00,107.164,107.238,106.982,107.014
2023-08-23 16:00:00,107.011,107.038,106.538,106.626
2023-08-23 17:00:00,106.632,106.836,106.618,106.756
2023-08-23 18:00:00,106.76,106.818,106.695,106.793
2023-08-23 19:00:00,106.799,106.96,106.778,106.903
2023-08-23 20:00:00,106.906,107.04,106.876,107.001
2023-08-23 21:00:00,106.999,107.009,106.9,106.914
2023-08-23 22:00:00,106.912,107.098,106.9,107.028
2023-08-23 23:00:00,107.025,107.126,106.991,107.075
2023-08-24 00:00:00,107.077,107.077,106.977,106.988
2023-08-24 01:00:00,106.994,107.065,106.97,107.047
2023-08-24 02:00:00,107.048,107.051,106.893,106.974
2023-08-24 03:00:00,106.983,107.097,106.964,107.077
2023-08-24 04:00:00,107.075,107.216,107.067,107.156
2023-08-24 05:00:00,107.157,107.249,107.136,107.235
2023-08-24 06:00:00,107.235,107.314,107.202,107.257
2023-08-24 07:00:00,107.258,107.433,107.245,107.426
2023-08-24 08:00:00,107.423,107.449,107.361,107.398
2023-08-24 09:00:00,107.396,107.417,107.164,107.223
2023-08-24 10:00:00,107.221,107.376,107.197,107.347
2023-08-24 11:00:00,107.351,107.391,107.287,107.378
2023-08-24 12:00:00,107.376,107.412,107.326,107.365
2023-08-24 13:00:00,107.364,107.439,107.341,107.407
2023-08-24 14:00:00,107.406,107.544,107.372,107.513
2023-08-24 15:00:00,107.515,107.671,107.481,107.616
2023-08-24 16:00:00,107.614,107.614,107.319,107.501
2023-08-24 17:00:00,107.503,107.525,107.216,107.397
2023-08-24 18:00:00,107.398,107.483,107.298,107.446
2023-08-24 19:00:00,107.45,107.583,107.445,107.559
2023-08-24 20:00:00,107.555,107.581,107.437,107.502
2023-08-24 21:00:00,107.505,107.529,107.417,107.448
2023-08-24 22:00:00,107.447,107.457,107.354,107.394
2023-08-24 23:00:00,107.393,107.404,107.298,107.366
2023-08-25 00:00:00,107.346,107.388,107.253,107.313
2023-08-25 01:00:00,107.358,107.47,107.332,107.409
2023-08-25 02:00:00,107.428,107.506,107.427,107.488
2023-08-25 03:00:00,107.49,107.568,107.396,107.517
2023-08-25 04:00:00,107.514,107.633,107.504,107.599
2023-08-25 05:00:00,107.6,107.603,107.397,107.398
2023-08-25 06:00:00,107.399,107.427,107.297,107.41
2023-08-25 07:00:00,107.405,107.482,107.372,107.378
2023-08-25 08:00:00,107.377,107.52,107.341,107.511
2023-08-25 09:00:00,107.51,107.58,107.379,107.435
2023-08-25 10:00:00,107.437,107.506,107.388,107.506
2023-08-25 11:00:00,107.511,107.553,107.437,107.519
2023-08-25 12:00:00,107.518,107.558,107.453,107.474
2023-08-25 13:00:00,107.48,107.604,107.473,107.493
2023-08-25 14:00:00,107.493,107.582,107.477,107.508
2023-08-25 15:00:00,107.507,107.522,107.343,107.382
2023-08-25 16:00:00,107.379,107.535,107.374,107.429
2023-08-25 17:00:00,107.43,107.565,107.222,107.474
2023-08-25 18:00:00,107.472,107.513,107.246,107.408
2023-08-25 19:00:00,107.405,107.493,107.365,107.484
2023-08-25 20:00:00,107.483,107.506,107.331,107.471
2023-08-25 21:00:00,107.47,107.659,107.458,107.635
2023-08-25 22:00:00,107.639,107.709,107.568,107.6
2023-08-25 23:00:00,107.6,107.645,107.535,107.592
2023-08-28 00:00:00,107.73,107.73,107.602,107.658
2023-08-28 01:00:00,107.656,107.753,107.628,107.738
2023-08-28 02:00:00,107.739,107.836,107.738,107.788
2023-08-28 03:00:00,107.784,107.818,107.709,107.748
2023-08-28 04:00:00,107.752,107.837,107.696,107.784
2023-08-28 05:00:00,107.785,107.825,107.755,107.804
2023-08-28 06:00:00,107.805,107.815,107.738,107.748
2023-08-28 07:00:00,107.749,107.771,107.737,107.75
2023-08-28 08:00:00,107.751,107.752,107.665,107.707
2023-08-28 09:00:00,107.703,107.728,107.662,107.691
2023-08-28 10:00:00,107.695,107.734,107.652,107.733
2023-08-28 11:00:00,107.735,107.799,107.693,107.737
2023-08-28 12:00:00,107.735,107.808,107.7,107.764
2023-08-28 13:00:00,107.762,107.779,107.687,107.734
2023-08-28 14:00:00,107.731,107.775,107.695,107.771
2023-08-28 15:00:00,107.772,107.832,107.645,107.671
2023-08-28 16:00:00,107.669,107.953,107.632,107.941
2023-08-28 17:00:00,107.943,108.018,107.893,107.934
2023-08-28 18:00:00,107.933,107.956,107.609,107.665
2023-08-28 19:00:00,107.663,107.777,107.644,107.772
2023-08-28 20:00:00,107.77,107.808,107.616,107.65
2023-08-28 21:00:00,107.647,107.741,107.592,107.702
2023-08-28 22:00:00,107.696,107.735,107.658,107.696
2023-08-28 23:00:00,107.694,107.758,107.694,107.74
2023-08-29 00:00:00,107.741,107.758,107.613,107.725
2023-08-29 01:00:00,107.725,107.736,107.665,107.681
2023-08-29 02:00:00,107.677,107.691,107.634,107.679
2023-08-29 03:00:00,107.678,107.69,107.582,107.65
2023-08-29 04:00:00,107.649,107.669,107.567,107.606
2023-08-29 05:00:00,107.603,107.681,107.601,107.659
2023-08-29 06:00:00,107.661,107.734,107.661,107.734
2023-08-29 07:00:00,107.733,107.759,107.725,107.756
2023-08-29 08:00:00,107.756,107.797,107.676,107.691
2023-08-29 09:00:00,107.692,107.749,107.637,107.643
2023-08-29 10:00:00,107.645,107.71,107.627,107.655
2023-08-29 11:00:00,107.654,107.693,107.603,107.625
2023-08-29 12:00:00,107.626,107.726,107.624,107.722
2023-08-29 13:00:00,107.723,107.817,107.698,107.809
2023-08-29 14:00:00,107.81,107.995,107.801,107.974
2023-08-29 15:00:00,107.976,108.074,107.943,108.0
2023-08-29 16:00:00,107.998,108.106,107.885,107.941
2023-08-29 17:00:00,107.945,107.968,107.467,107.595
2023-08-29 18:00:00,107.593,107.672,107.412,107.43
2023-08-29 19:00:00,107.428,107.515,107.392,107.403
2023-08-29 20:00:00,107.402,107.476,107.35,107.409
2023-08-29 21:00:00,107.408,107.566,107.404,107.518
2023-08-29 22:00:00,107.516,107.539,107.432,107.527
2023-08-29 23:00:00,107.53,107.649,107.501,107.622
2023-08-30 00:00:00,107.614,107.645,107.331,107.632
2023-08-30 01:00:00,107.632,107.638,107.54,107.544
2023-08-30 02:00:00,107.548,107.671,107.529,107.656
2023-08-30 03:00:00,107.654,107.755,107.504,107.566
2023-08-30 04:00:00,107.568,107.739,107.544,107.721
2023-08-30 05:00:00,107.72,107.754,107.664,107.753
2023-08-30 06:00:00,107.752,107.786,107.723,107.729
2023-08-30 07:00:00,107.728,107.764,107.679,107.715
2023-08-30 08:00:00,107.715,107.754,107.66,107.72
2023-08-30 09:00:00,107.721,107.857,107.691,107.847
2023-08-30 10:00:00,107.848,108.014,107.848,107.972
2023-08-30 11:00:00,107.969,107.994,107.883,107.953
2023-08-30 12:00:00,107.956,107.981,107.818,107.866
2023-08-30 13:00:00,107.864,107.938,107.86,107.903
2023-08-30 14:00:00,107.902,108.001,107.882,107.896
2023-08-30 15:00:00,107.897,107.908,107.666,107.739
2023-08-30 16:00:00,107.737,107.752,107.586,107.614
2023-08-30 17:00:00,107.612,107.82,107.565,107.791
2023-08-30 18:00:00,107.79,107.986,107.746,107.968
2023-08-30 19:00:00,107.966,108.012,107.912,107.955
2023-08-30 20:00:00,107.954,108.026,107.9,107.944
2023-08-30 21:00:00,107.944,108.04,107.899,108.032
2023-08-30 22:00:00,108.035,108.098,108.027,108.079
2023-08-30 23:00:00,108.079,108.096,108.039,108.051
2023-08-31 00:00:00,108.048,108.066,107.867,107.948
2023-08-31 01:00:00,107.952,107.996,107.901,107.93
2023-08-31 02:00:00,107.929,107.942,107.837,107.931
2023-08-31 03:00:00,107.928,107.974,107.877,107.922
2023-08-31 04:00:00,107.923,107.939,107.787,107.816
2023-08-31 05:00:00,107.817,107.846,107.683,107.71
2023-08-31 06:00:00,107.711,107.789,107.685,107.78
2023-08-31 07:00:00,107.782,107.872,107.75,107.759
2023-08-31 08:00:00,107.759,107.87,107.757,107.799
2023-08-31 09:00:00,107.8,107.886,107.797,107.84
2023-08-31 10:00:00,107.839,107.849,107.604,107.775
2023-08-31 11:00:00,107.771,107.783,107.622,107.77
2023-08-31 12:00:00,107.771,107.779,107.641,107.682
2023-08-31 13:00:00,107.684,107.73,107.634,107.699
2023-08-31 14:00:00,107.698,107.7,107.596,107.65
2023-08-31 15:00:00,107.649,107.96,107.636,107.825
2023-08-31 16:00:00,107.826,108.125,107.76,108.031
2023-08-31 17:00:00,108.031,108.038,107.574,107.619
2023-08-31 18:00:00,107.62,107.656,107.509,107.595
2023-08-31 19:00:00,107.595,107.597,107.292,107.418
2023-08-31 20:00:00,107.417,107.536,107.414,107.536
2023-08-31 21:00:00,107.536,107.667,107.532,107.584
2023-08-31 22:00:00,107.587,107.699,107.529,107.626
2023-08-31 23:00:00,107.626,107.739,107.626,107.733
2023-09-01 00:00:00,107.612,107.72,107.258,107.679
2023-09-01 01:00:00,107.679,107.759,107.639,107.699
2023-09-01 02:00:00,107.702,107.71,107.654,107.674
2023-09-01 03:00:00,107.677,107.819,107.671,107.733
2023-09-01 04:00:00,107.731,107.765,107.572,107.759
2023-09-01 05:00:00,107.757,107.782,107.615,107.657
2023-09-01 06:00:00,107.657,107.686,107.624,107.634
2023-09-01 07:00:00,107.635,107.724,107.623,107.696
2023-09-01 08:00:00,107.695,107.75,107.686,107.709
2023-09-01 09:00:00,107.707,107.74,107.663,107.696
2023-09-01 10:00:00,107.696,107.768,107.591,107.712
2023-09-01 11:00:00,107.712,107.722,107.642,107.665
2023-09-01 12:00:00,107.664,107.748,107.627,107.674
2023-09-01 13:00:00,107.672,107.778,107.666,107.75
2023-09-01 14:00:00,107.749,107.758,107.456,107.463
2023-09-01 15:00:00,107.466,107.514,106.675,106.853
2023-09-01 16:00:00,106.858,107.26,106.839,107.195
2023-09-01 17:00:00,107.19,107.545,107.19,107.523
2023-09-01 18:00:00,107.522,107.687,107.489,107.628
2023-09-01 19:00:00,107.627,107.654,107.385,107.431
2023-09-01 20:00:00,107.43,107.508,107.394,107.435
2023-09-01 21:00:00,107.435,107.49,107.418,107.461
2023-09-01 22:00:00,107.459,107.52,107.429,107.467
2023-09-01 23:00:00,107.469,107.607,107.427,107.529
2023-09-04 00:00:00,107.4,107.526,107.331,107.499
2023-09-04 01:00:00,107.509,107.556,107.449,107.465
2023-09-04 02:00:00,107.467,107.487,107.394,107.438
2023-09-04 03:00:00,107.433,107.56,107.42,107.516
2023-09-04 04:00:00,107.517,107.57,107.452,107.538
2023-09-04 05:00:00,107.539,107.55,107.489,107.547
2023-09-04 06:00:00,107.544,107.602,107.541,107.581
2023-09-04 07:00:00,107.581,107.602,107.562,107.587
2023-09-04 08:00:00,107.588,107.665,107.575,107.625
2023-09-04 09:00:00,107.624,107.671,107.569,107.584
2023-09-04 10:00:00,107.584,107.77,107.584,107.719
2023-09-04 11:00:00,107.717,107.732,107.609,107.693
2023-09-04 12:00:00,107.694,107.694,107.61,107.642
2023-09-04 13:00:00,107.642,107.681,107.601,107.63
2023-09-04 14:00:00,107.627,107.68,107.621,107.666
2023-09-04 15:00:00,107.665,107.689,107.631,107.682
2023-09-04 16:00:00,107.683,107.768,107.677,107.735
2023-09-04 17:00:00,107.733,107.744,107.625,107.681
2023-09-04 18:00:00,107.682,107.739,107.672,107.727
2023-09-04 19:00:00,107.727,107.755,107.72,107.743
2023-09-04 20:00:00,107.739,107.764,107.727,107.756
2023-09-04 21:00:00,107.754,107.765,107.73,107.76
2023-09-04 22:00:00,107.761,107.761,107.737,107.754
2023-09-04 23:00:00,107.754,107.767,107.734,107.752
2023-09-05 00:00:00,107.75,107.754,107.609,107.731
2023-09-05 01:00:00,107.734,107.793,107.734,107.77
2023-09-05 02:00:00,107.774,107.782,107.736,107.748
2023-09-05 03:00:00,107.747,107.782,107.707,107.717
2023-09-05 04:00:00,107.716,107.777,107.695,107.751
2023-09-05 05:00:00,107.746,107.776,107.717,107.772
2023-09-05 06:00:00,107.772,107.789,107.746,107.763
2023-09-05 07:00:00,107.762,107.762,107.71,107.725
2023-09-05 08:00:00,107.723,107.815,107.722,107.749
2023-09-05 09:00:00,107.751,107.812,107.701,107.761
2023-09-05 10:00:00,107.761,107.764,107.55,107.568
2023-09-05 11:00:00,107.566,107.632,107.449,107.599
2023-09-05 12:00:00,107.598,107.799,107.593,107.792
2023-09-05 13:00:00,107.792,107.916,107.745,107.821
2023-09-05 14:00:00,107.82,108.001,107.797,107.937
2023-09-05 15:00:00,107.938,108.042,107.837,107.942
2023-09-05 16:00:00,107.941,108.335,107.929,108.281
2023-09-05 17:00:00,108.278,108.434,108.156,108.31
2023-09-05 18:00:00,108.31,108.481,108.275,108.476
2023-09-05 19:00:00,108.478,108.54,108.426,108.451
2023-09-05 20:00:00,108.452,108.456,108.371,108.442
2023-09-05 21:00:00,108.442,108.446,108.319,108.319
2023-09-05 22:00:00,108.319,108.35,108.283,108.289
2023-09-05 23:00:00,108.289,108.292,108.243,108.271
2023-09-06 00:00:00,108.272,108.294,108.034,108.27
2023-09-06 01:00:00,108.269,108.273,108.208,108.225
2023-09-06 02:00:00,108.225,108.228,108.048,108.1
2023-09-06 03:00:00,108.099,108.301,108.098,108.28
2023-09-06 04:00:00,108.281,108.304,108.109,108.123
2023-09-06 05:00:00,108.124,108.169,108.074,108.126
2023-09-06 06:00:00,108.129,108.17,108.049,108.141
2023-09-06 07:00:00,108.142,108.142,108.032,108.053
2023-09-06 08:00:00,108.05,108.067,107.86,107.894
2023-09-06 09:00:00,107.897,107.956,107.855,107.929
2023-09-06 10:00:00,107.929,108.02,107.859,107.862
2023-09-06 11:00:00,107.863,107.964,107.808,107.95
2023-09-06 12:00:00,107.951,108.043,107.893,107.951
2023-09-06 13:00:00,107.951,108.034,107.933,108.016
2023-09-06 14:00:00,108.01,108.056,107.943,107.97
2023-09-06 15:00:00,107.971,107.977,107.789,107.877
2023-09-06 16:00:00,107.879,108.092,107.831,108.012
2023-09-06 17:00:00,108.042,108.284,107.95,108.008
2023-09-06 18:00:00,108.008,108.144,107.992,108.111
2023-09-06 19:00:00,108.113,108.156,108.009,108.029
2023-09-06 20:00:00,108.027,108.085,107.955,108.062
2023-09-06 21:00:00,108.059,108.197,108.058,108.179
2023-09-06 22:00:00,108.177,108.31,108.165,108.273
2023-09-06 23:00:00,108.27,108.323,108.228,108.238
2023-09-07 00:00:00,108.256,108.281,108.05,108.214
2023-09-07 01:00:00,108.217,108.274,108.208,108.252
2023-09-07 02:00:00,108.253,108.308,108.238,108.294
2023-09-07 03:00:00,108.293,108.365,108.257,108.293
2023-09-07 04:00:00,108.292,108.357,108.151,108.197
2023-09-07 05:00:00,108.2,108.234,108.145,108.15
2023-09-07 06:00:00,108.151,108.185,108.07,108.144
2023-09-07 07:00:00,108.143,108.162,108.031,108.09
2023-09-07 08:00:00,108.089,108.158,108.073,108.119
2023-09-07 09:00:00,108.118,108.195,108.078,108.186
2023-09-07 10:00:00,108.188,108.189,108.025,108.097
2023-09-07 11:00:00,108.095,108.108,107.985,108.061
2023-09-07 12:00:00,108.062,108.105,107.999,108.029
2023-09-07 13:00:00,108.033,108.129,107.983,108.0
2023-09-07 14:00:00,108.0,108.003,107.828,107.83
2023-09-07 15:00:00,107.83,108.065,107.786,107.877
2023-09-07 16:00:00,107.875,107.888,107.723,107.795
2023-09-07 17:00:00,107.792,107.847,107.576,107.626
2023-09-07 18:00:00,107.629,107.702,107.539,107.551
2023-09-07 19:00:00,107.549,107.552,107.412,107.442
2023-09-07 20:00:00,107.443,107.659,107.443,107.645
2023-09-07 21:00:00,107.645,107.658,107.482,107.544
2023-09-07 22:00:00,107.545,107.664,107.544,107.571
2023-09-07 23:00:00,107.572,107.638,107.56,107.6
2023-09-08 00:00:00,107.612,107.63,107.499,107.613
2023-09-08 01:00:00,107.598,107.623,107.568,107.617
2023-09-08 02:00:00,107.615,107.682,107.599,107.669
2023-09-08 03:00:00,107.667,107.702,107.155,107.389
2023-09-08 04:00:00,107.39,107.612,107.39,107.554
2023-09-08 05:00:00,107.556,107.687,107.525,107.673
2023-09-08 06:00:00,107.673,107.751,107.648,107.704
2023-09-08 07:00:00,107.708,107.733,107.642,107.706
2023-09-08 08:00:00,107.705,107.77,107.684,107.72
2023-09-08 09:00:00,107.72,107.768,107.681,107.75
2023-09-08 10:00:00,107.749,107.909,107.718,107.86
2023-09-08 11:00:00,107.859,107.887,107.793,107.837
2023-09-08 12:00:00,107.837,107.839,107.712,107.754
2023-09-08 13:00:00,107.75,107.868,107.733,107.868
2023-09-08 14:00:00,107.868,107.947,107.846,107.923
2023-09-08 15:00:00,107.923,108.331,107.798,108.303
2023-09-08 16:00:00,108.305,108.369,108.162,108.231
2023-09-08 17:00:00,108.232,108.394,108.203,108.274
2023-09-08 18:00:00,108.271,108.44,108.269,108.415
2023-09-08 19:00:00,108.414,108.455,108.354,108.416
2023-09-08 20:00:00,108.414,108.414,108.344,108.392
2023-09-08 21:00:00,108.391,108.42,108.303,108.344
2023-09-08 22:00:00,108.343,108.392,108.329,108.361
2023-09-08 23:00:00,108.362,108.373,108.297,108.34
2023-09-11 00:00:00,107.809,108.316,107.531,107.636
2023-09-11 01:00:00,107.647,107.998,107.617,107.882
2023-09-11 02:00:00,107.903,108.027,107.889,107.944
2023-09-11 03:00:00,107.947,107.967,107.7,107.813
2023-09-11 04:00:00,107.813,107.905,107.689,107.811
2023-09-11 05:00:00,107.813,107.818,107.596,107.648
2023-09-11 06:00:00,107.646,107.676,107.453,107.526
2023-09-11 07:00:00,107.53,107.703,107.404,107.48
2023-09-11 08:00:00,107.477,107.516,107.359,107.487
2023-09-11 09:00:00,107.487,107.525,107.264,107.421
2023-09-11 10:00:00,107.421,107.514,107.349,107.485
2023-09-11 11:00:00,107.485,107.669,107.433,107.588
2023-09-11 12:00:00,107.589,107.888,107.546,107.881
2023-09-11 13:00:00,107.88,108.087,107.866,108.063
2023-09-11 14:00:00,108.061,108.111,107.959,108.015
2023-09-11 15:00:00,108.014,108.03,107.722,107.93
2023-09-11 16:00:00,107.934,108.011,107.612,107.694
2023-09-11 17:00:00,107.689,107.808,107.543,107.731
2023-09-11 18:00:00,107.731,107.826,107.652,107.825
2023-09-11 19:00:00,107.826,107.932,107.78,107.91
2023-09-11 20:00:00,107.907,108.004,107.881,107.884
2023-09-11 21:00:00,107.884,107.947,107.863,107.889
2023-09-11 22:00:00,107.885,107.941,107.838,107.894
2023-09-11 23:00:00,107.895,107.988,107.894,107.952
2023-09-12 00:00:00,107.956,107.965,107.791,107.927
2023-09-12 01:00:00,107.922,107.991,107.861,107.89
2023-09-12 02:00:00,107.893,108.011,107.884,107.999
2023-09-12 03:00:00,107.999,108.077,107.904,107.974
2023-09-12 04:00:00,107.972,107.982,107.816,107.861
2023-09-12 05:00:00,107.857,108.071,107.835,108.046
2023-09-12 06:00:00,108.044,108.078,107.993,108.048
2023-09-12 07:00:00,108.046,108.046,107.975,108.021
2023-09-12 08:00:00,108.018,108.132,107.997,108.049
2023-09-12 09:00:00,108.047,108.213,108.019,108.194
2023-09-12 10:00:00,108.198,108.202,108.021,108.073
2023-09-12 11:00:00,108.074,108.087,108.01,108.069
2023-09-12 12:00:00,108.069,108.135,108.05,108.118
2023-09-12 13:00:00,108.117,108.207,108.109,108.161
2023-09-12 14:00:00,108.161,108.197,108.1,108.138
2023-09-12 15:00:00,108.138,108.431,108.136,108.348
2023-09-12 16:00:00,108.348,108.628,108.278,108.589
2023-09-12 17:00:00,108.593,108.662,108.511,108.544
2023-09-12 18:00:00,108.542,108.661,108.506,108.544
2023-09-12 19:00:00,108.543,108.575,108.507,108.551
2023-09-12 20:00:00,108.548,108.622,108.536,108.556
2023-09-12 21:00:00,108.556,108.59,108.496,108.505
2023-09-12 22:00:00,108.505,108.543,108.459,108.501
2023-09-12 23:00:00,108.5,108.546,108.442,108.489
2023-09-13 00:00:00,108.452,108.538,108.38,108.492
2023-09-13 01:00:00,108.488,108.52,108.462,108.502
2023-09-13 02:00:00,108.503,108.579,108.5,108.575
2023-09-13 03:00:00,108.573,108.693,108.554,108.685
2023-09-13 04:00:00,108.686,108.772,108.638,108.658
2023-09-13 05:00:00,108.659,108.695,108.609,108.637
2023-09-13 06:00:00,108.634,108.669,108.614,108.636
2023-09-13 07:00:00,108.637,108.743,108.616,108.737
2023-09-13 08:00:00,108.738,108.752,108.607,108.641
2023-09-13 09:00:00,108.639,108.64,108.471,108.569
2023-09-13 10:00:00,108.571,108.688,108.506,108.578
2023-09-13 11:00:00,108.577,108.708,108.542,108.592
2023-09-13 12:00:00,108.593,108.691,108.581,108.69
2023-09-13 13:00:00,108.689,108.691,108.602,108.651
2023-09-13 14:00:00,108.651,108.692,108.587,108.682
2023-09-13 15:00:00,108.683,108.812,108.566,108.778
2023-09-13 16:00:00,108.779,108.879,108.715,108.775
2023-09-13 17:00:00,108.779,109.033,108.734,109.017
2023-09-13 18:00:00,109.02,109.088,108.913,108.944
2023-09-13 19:00:00,108.945,108.946,108.699,108.764
2023-09-13 20:00:00,108.765,108.773,108.655,108.721
2023-09-13 21:00:00,108.72,108.736,108.644,108.69
2023-09-13 22:00:00,108.689,108.797,108.653,108.784
2023-09-13 23:00:00,108.785,108.838,108.761,108.807
2023-09-14 00:00:00,108.808,108.808,108.642,108.714
2023-09-14 01:00:00,108.714,108.746,108.706,108.716
2023-09-14 02:00:00,108.716,108.739,108.678,108.708
2023-09-14 03:00:00,108.704,108.782,108.626,108.684
2023-09-14 04:00:00,108.686,108.728,108.631,108.656
2023-09-14 05:00:00,108.655,108.683,108.59,108.623
2023-09-14 06:00:00,108.62,108.67,108.602,108.669
2023-09-14 07:00:00,108.668,108.722,108.653,108.718
2023-09-14 08:00:00,108.715,108.768,108.683,108.713
2023-09-14 09:00:00,108.713,108.716,108.649,108.685
2023-09-14 10:00:00,108.686,108.806,108.642,108.788
2023-09-14 11:00:00,108.787,108.874,108.769,108.855
2023-09-14 12:00:00,108.855,108.92,108.854,108.915
2023-09-14 13:00:00,108.914,108.996,108.898,108.968
2023-09-14 14:00:00,108.964,109.007,108.932,108.974
2023-09-14 15:00:00,108.973,109.063,108.81,108.996
2023-09-14 16:00:00,108.992,108.998,108.734,108.932
2023-09-14 17:00:00,108.935,108.967,108.812,108.838
2023-09-14 18:00:00,108.837,108.934,108.795,108.91
2023-09-14 19:00:00,108.908,109.106,108.851,109.099
2023-09-14 20:00:00,109.1,109.19,109.04,109.158
2023-09-14 21:00:00,109.157,109.171,109.055,109.133
2023-09-14 22:00:00,109.134,109.165,109.059,109.086
2023-09-14 23:00:00,109.085,109.187,109.083,109.145
2023-09-15 00:00:00,109.118,109.158,109.054,109.069
2023-09-15 01:00:00,109.067,109.168,109.065,109.108
2023-09-15 02:00:00,109.109,109.137,109.079,109.095
2023-09-15 03:00:00,109.094,109.16,109.052,109.112
2023-09-15 04:00:00,109.113,109.132,109.022,109.094
2023-09-15 05:00:00,109.094,109.218,109.094,109.21
2023-09-15 06:00:00,109.209,109.237,109.185,109.236
2023-09-15 07:00:00,109.238,109.238,109.171,109.217
2023-09-15 08:00:00,109.22,109.403,109.142,109.177
2023-09-15 09:00:00,109.173,109.342,109.15,109.32
2023-09-15 10:00:00,109.322,109.416,109.31,109.414
2023-09-15 11:00:00,109.415,109.425,109.348,109.395
2023-09-15 12:00:00,109.396,109.424,109.303,109.423
2023-09-15 13:00:00,109.424,109.473,109.385,109.449
2023-09-15 14:00:00,109.449,109.449,109.302,109.314
2023-09-15 15:00:00,109.316,109.33,109.181,109.259
2023-09-15 16:00:00,109.255,109.264,109.086,109.233
2023-09-15 17:00:00,109.203,109.322,109.071,109.319
2023-09-15 18:00:00,109.32,109.455,109.276,109.451
2023-09-15 19:00:00,109.45,109.48,109.359,109.377
2023-09-15 20:00:00,109.374,109.375,109.193,109.336
2023-09-15 21:00:00,109.335,109.373,109.267,109.371
2023-09-15 22:00:00,109.37,109.393,109.302,109.31
2023-09-15 23:00:00,109.309,109.344,109.193,109.249
2023-09-18 00:00:00,109.191,109.232,109.139,109.231
2023-09-18 01:00:00,109.23,109.301,109.225,109.273
2023-09-18 02:00:00,109.274,109.349,109.274,109.341
2023-09-18 03:00:00,109.343,109.355,109.248,109.258
2023-09-18 04:00:00,109.26,109.323,109.206,109.256
2023-09-18 05:00:00,109.257,109.302,109.238,109.262
2023-09-18 06:00:00,109.262,109.288,109.242,109.283
2023-09-18 07:00:00,109.28,109.313,109.267,109.292
2023-09-18 08:00:00,109.29,109.316,109.269,109.294
2023-09-18 09:00:00,109.294,109.335,109.235,109.325
2023-09-18 10:00:00,109.324,109.403,109.278,109.342
2023-09-18 11:00:00,109.342,109.345,109.256,109.261
2023-09-18 12:00:00,109.262,109.326,109.258,109.271
2023-09-18 13:00:00,109.271,109.346,109.26,109.332
2023-09-18 14:00:00,109.331,109.34,109.187,109.268
2023-09-18 15:00:00,109.268,109.425,109.266,109.421
2023-09-18 16:00:00,109.421,109.637,109.297,109.364
2023-09-18 17:00:00,109.363,109.601,109.288,109.447
2023-09-18 18:00:00,109.447,109.505,109.4,109.485
2023-09-18 19:00:00,109.486,109.55,109.473,109.509
2023-09-18 20:00:00,109.511,109.567,109.439,109.442
2023-09-18 21:00:00,109.439,109.512,109.426,109.486
2023-09-18 22:00:00,109.483,109.488,109.386,109.403
2023-09-18 23:00:00,109.404,109.474,109.388,109.424
2023-09-19 00:00:00,109.383,109.455,109.276,109.381
2023-09-19 01:00:00,109.383,109.438,109.36,109.43
2023-09-19 02:00:00,109.431,109.466,109.411,109.441
2023-09-19 03:00:00,109.442,109.571,109.406,109.499
2023-09-19 04:00:00,109.498,109.622,109.495,109.501
2023-09-19 05:00:00,109.502,109.597,109.49,109.594
2023-09-19 06:00:00,109.596,109.635,109.593,109.625
2023-09-19 07:00:00,109.627,109.646,109.613,109.623
2023-09-19 08:00:00,109.624,109.651,109.59,109.644
2023-09-19 09:00:00,109.644,109.745,109.637,109.698
2023-09-19 10:00:00,109.698,109.78,109.689,109.698
2023-09-19 11:00:00,109.695,109.855,109.679,109.802
2023-09-19 12:00:00,109.803,109.833,109.728,109.824
2023-09-19 13:00:00,109.822,109.888,109.806,109.849
2023-09-19 14:00:00,109.848,110.025,109.836,110.011
2023-09-19 15:00:00,110.011,110.358,110.009,110.282
2023-09-19 16:00:00,110.283,110.438,110.163,110.21
2023-09-19 17:00:00,110.206,110.32,110.103,110.105
2023-09-19 18:00:00,110.104,110.119,110.003,110.03
2023-09-19 19:00:00,110.03,110.03,109.921,109.948
2023-09-19 20:00:00,109.946,110.006,109.914,109.964
2023-09-19 21:00:00,109.962,110.038,109.949,109.966
2023-09-19 22:00:00,109.965,110.0,109.958,109.982
2023-09-19 23:00:00,109.979,109.982,109.931,109.941
2023-09-20 00:00:00,109.916,109.956,109.818,109.856
2023-09-20 01:00:00,109.854,109.916,109.848,109.876
2023-09-20 02:00:00,109.878,109.911,109.817,109.907
2023-09-20 03:00:00,109.906,109.924,109.863,109.868
2023-09-20 04:00:00,109.869,109.944,109.837,109.872
2023-09-20 05:00:00,109.871,109.879,109.806,109.824
2023-09-20 06:00:00,109.825,109.836,109.755,109.794
2023-09-20 07:00:00,109.791,109.839,109.789,109.833
2023-09-20 08:00:00,109.832,109.932,109.817,109.887
2023-09-20 09:00:00,109.883,109.981,109.819,109.951
2023-09-20 10:00:00,109.95,110.172,109.936,110.135
2023-09-20 11:00:00,110.136,110.192,110.058,110.128
2023-09-20 12:00:00,110.129,110.16,110.077,110.157
2023-09-20 13:00:00,110.157,110.175,110.062,110.098
2023-09-20 14:00:00,110.098,110.174,110.088,110.103
2023-09-20 15:00:00,110.103,110.169,110.019,110.027
2023-09-20 16:00:00,110.028,110.181,110.006,110.139
2023-09-20 17:00:00,110.141,110.155,110.042,110.13
2023-09-20 18:00:00,110.131,110.221,110.022,110.031
2023-09-20 19:00:00,110.031,110.087,110.017,110.067
2023-09-20 20:00:00,110.068,110.116,109.972,110.066
2023-09-20 21:00:00,110.037,110.236,110.029,110.147
2023-09-20 22:00:00,110.144,110.151,109.926,109.987
2023-09-20 23:00:00,109.987,110.191,109.98,110.185
2023-09-21 00:00:00,110.178,110.183,110.062,110.097
2023-09-21 01:00:00,110.096,110.123,110.022,110.026
2023-09-21 02:00:00,110.026,110.082,110.002,110.048
2023-09-21 03:00:00,110.045,110.146,110.012,110.063
2023-09-21 04:00:00,110.064,110.088,109.98,110.031
2023-09-21 05:00:00,110.029,110.047,109.795,109.844
2023-09-21 06:00:00,109.84,109.93,109.825,109.922
2023-09-21 07:00:00,109.922,110.013,109.907,109.963
2023-09-21 08:00:00,109.966,110.024,109.944,109.955
2023-09-21 09:00:00,109.954,109.979,109.87,109.918
2023-09-21 10:00:00,109.919,109.978,109.867,109.904
2023-09-21 11:00:00,109.904,109.937,109.766,109.805
2023-09-21 12:00:00,109.805,109.86,109.728,109.736
2023-09-21 13:00:00,109.735,109.755,109.394,109.396
2023-09-21 14:00:00,109.4,109.531,109.349,109.504
2023-09-21 15:00:00,109.505,109.566,109.426,109.553
2023-09-21 16:00:00,109.558,109.631,109.394,109.416
2023-09-21 17:00:00,109.42,109.425,109.227,109.234
2023-09-21 18:00:00,109.237,109.374,109.216,109.313
2023-09-21 19:00:00,109.31,109.525,109.286,109.455
2023-09-21 20:00:00,109.454,109.577,109.428,109.555
2023-09-21 21:00:00,109.554,109.554,109.43,109.52
2023-09-21 22:00:00,109.516,109.541,109.404,109.431
2023-09-21 23:00:00,109.429,109.468,109.367,109.422
2023-09-22 00:00:00,109.418,109.451,109.264,109.433
2023-09-22 01:00:00,109.412,109.508,109.412,109.47
2023-09-22 02:00:00,109.472,109.552,109.44,109.541
2023-09-22 03:00:00,109.543,109.586,109.451,109.529
2023-09-22 04:00:00,109.528,109.666,109.502,109.65
2023-09-22 05:00:00,109.649,109.987,109.59,109.901
2023-09-22 06:00:00,109.903,110.062,109.83,110.009
2023-09-22 07:00:00,110.011,110.119,109.849,109.935
2023-09-22 08:00:00,109.939,109.954,109.872,109.935
2023-09-22 09:00:00,109.935,110.199,109.935,110.116
2023-09-22 10:00:00,110.116,110.17,109.927,110.06
2023-09-22 11:00:00,110.063,110.191,110.051,110.139
2023-09-22 12:00:00,110.138,110.179,110.09,110.176
2023-09-22 13:00:00,110.177,110.217,110.078,110.197
2023-09-22 14:00:00,110.195,110.363,110.195,110.342
2023-09-22 15:00:00,110.344,110.413,110.206,110.253
2023-09-22 16:00:00,110.253,110.352,110.154,110.18
2023-09-22 17:00:00,110.182,110.318,110.023,110.023
2023-09-22 18:00:00,110.025,110.101,109.935,110.057
2023-09-22 19:00:00,110.053,110.102,110.01,110.073
2023-09-22 20:00:00,110.079,110.083,109.931,109.976
2023-09-22 21:00:00,109.974,110.105,109.935,110.103
2023-09-22 22:00:00,110.101,110.175,110.017,110.059
2023-09-22 23:00:00,110.06,110.119,109.985,110.009
2023-09-25 00:00:00,109.932,110.024,109.875,110.007
2023-09-25 01:00:00,110.008,110.128,109.996,110.057
2023-09-25 02:00:00,110.062,110.14,110.05,110.126
2023-09-25 03:00:00,110.128,110.153,110.056,110.076
2023-09-25 04:00:00,110.078,110.13,110.037,110.037
2023-09-25 05:00:00,110.038,110.045,109.997,110.034
2023-09-25 06:00:00,110.037,110.049,109.984,110.002
2023-09-25 07:00:00,110.006,110.065,110.003,110.036
2023-09-25 08:00:00,110.035,110.061,109.968,109.985
2023-09-25 09:00:00,109.984,110.113,109.976,110.112
2023-09-25 10:00:00,110.113,110.17,110.075,110.15
2023-09-25 11:00:00,110.152,110.245,110.101,110.17
2023-09-25 12:00:00,110.172,110.327,110.158,110.321
2023-09-25 13:00:00,110.324,110.424,110.32,110.411
2023-09-25 14:00:00,110.412,110.472,110.394,110.416
2023-09-25 15:00:00,110.414,110.495,110.388,110.447
2023-09-25 16:00:00,110.443,110.475,110.29,110.435
2023-09-25 17:00:00,110.431,110.551,110.357,110.421
2023-09-25 18:00:00,110.417,110.516,110.37,110.377
2023-09-25 19:00:00,110.379,110.557,110.349,110.513
2023-09-25 20:00:00,110.511,110.545,110.418,110.473
2023-09-25 21:00:00,110.474,110.521,110.437,110.484
2023-09-25 22:00:00,110.486,110.577,110.432,110.576
2023-09-25 23:00:00,110.573,110.655,110.563,110.623
2023-09-26 00:00:00,110.639,110.654,110.511,110.578
2023-09-26 01:00:00,110.579,110.638,110.552,110.597
2023-09-26 02:00:00,110.602,110.652,110.602,110.636
2023-09-26 03:00:00,110.635,110.645,110.497,110.608
2023-09-26 04:00:00,110.61,110.684,110.569,110.641
2023-09-26 05:00:00,110.644,110.685,110.519,110.519
2023-09-26 06:00:00,110.517,110.519,110.419,110.472
2023-09-26 07:00:00,110.472,110.515,110.443,110.48
2023-09-26 08:00:00,110.484,110.536,110.438,110.535
2023-09-26 09:00:00,110.536,110.609,110.477,110.579
2023-09-26 10:00:00,110.581,110.581,110.232,110.302
2023-09-26 11:00:00,110.306,110.42,110.243,110.376
2023-09-26 12:00:00,110.377,110.467,110.319,110.331
2023-09-26 13:00:00,110.327,110.378,110.299,110.334
2023-09-26 14:00:00,110.333,110.375,110.197,110.215
2023-09-26 15:00:00,110.213,110.306,110.176,110.21
2023-09-26 16:00:00,110.209,110.437,110.203,110.37
2023-09-26 17:00:00,110.358,110.372,110.134,110.309
2023-09-26 18:00:00,110.334,110.338,110.173,110.216
2023-09-26 19:00:00,110.214,110.267,110.197,110.225
2023-09-26 20:00:00,110.222,110.232,110.119,110.177
2023-09-26 21:00:00,110.176,110.242,110.097,110.241
2023-09-26 22:00:00,110.242,110.3,110.203,110.248
2023-09-26 23:00:00,110.251,110.3,110.221,110.242
2023-09-27 00:00:00,110.238,110.279,110.127,110.188
2023-09-27 01:00:00,110.181,110.27,110.179,110.222
2023-09-27 02:00:00,110.234,110.274,110.193,110.242
2023-09-27 03:00:00,110.247,110.272,110.164,110.214
2023-09-27 04:00:00,110.211,110.319,110.195,110.259
2023-09-27 05:00:00,110.261,110.295,110.186,110.203
2023-09-27 06:00:00,110.204,110.262,110.159,110.216
2023-09-27 07:00:00,110.221,110.248,110.189,110.226
2023-09-27 08:00:00,110.227,110.262,110.196,110.259
2023-09-27 09:00:00,110.261,110.317,110.224,110.227
2023-09-27 10:00:00,110.226,110.26,110.174,110.207
2023-09-27 11:00:00,110.211,110.285,110.192,110.251
2023-09-27 12:00:00,110.253,110.266,110.177,110.2
2023-09-27 13:00:00,110.198,110.288,110.197,110.242
2023-09-27 14:00:00,110.238,110.276,110.185,110.223
2023-09-27 15:00:00,110.22,110.414,110.21,110.4
2023-09-27 16:00:00,110.4,110.6,110.38,110.554
2023-09-27 17:00:00,110.556,110.643,110.47,110.577
2023-09-27 18:00:00,110.579,110.661,110.543,110.612
2023-09-27 19:00:00,110.611,110.75,110.595,110.682
2023-09-27 20:00:00,110.681,110.681,110.495,110.665
2023-09-27 21:00:00,110.666,110.801,110.651,110.716
2023-09-27 22:00:00,110.714,110.803,110.7,110.743
2023-09-27 23:00:00,110.741,110.872,110.711,110.819
2023-09-28 00:00:00,110.832,110.832,110.561,110.716
2023-09-28 01:00:00,110.73,110.753,110.682,110.685
2023-09-28 02:00:00,110.681,110.725,110.659,110.712
2023-09-28 03:00:00,110.714,110.777,110.669,110.763
2023-09-28 04:00:00,110.762,110.868,110.737,110.768
2023-09-28 05:00:00,110.776,110.777,110.684,110.697
2023-09-28 06:00:00,110.698,110.726,110.673,110.719
2023-09-28 07:00:00,110.715,110.728,110.642,110.678
2023-09-28 08:00:00,110.677,110.728,110.62,110.694
2023-09-28 09:00:00,110.696,110.727,110.636,110.659
2023-09-28 10:00:00,110.661,110.665,110.511,110.529
2023-09-28 11:00:00,110.531,110.692,110.49,110.654
2023-09-28 12:00:00,110.653,110.671,110.553,110.648
2023-09-28 13:00:00,110.649,110.663,110.556,110.616
2023-09-28 14:00:00,110.619,110.744,110.619,110.744
2023-09-28 15:00:00,110.746,110.772,110.615,110.722
2023-09-28 16:00:00,110.724,110.731,110.552,110.552
2023-09-28 17:00:00,110.577,110.688,110.467,110.664
2023-09-28 18:00:00,110.665,110.706,110.62,110.688
2023-09-28 19:00:00,110.691,110.742,110.661,110.689
2023-09-28 20:00:00,110.69,110.7,110.52,110.553
2023-09-28 21:00:00,110.552,110.57,110.431,110.51
2023-09-28 22:00:00,110.508,110.605,110.496,110.596
2023-09-28 23:00:00,110.6,110.689,110.579,110.68
2023-09-29 00:00:00,110.572,110.689,110.391,110.618
2023-09-29 01:00:00,110.643,110.703,110.602,110.655
2023-09-29 02:00:00,110.656,110.72,110.656,110.678
2023-09-29 03:00:00,110.677,110.699,110.611,110.617
2023-09-29 04:00:00,110.613,110.68,110.592,110.668
2023-09-29 05:00:00,110.664,110.861,110.655,110.844
2023-09-29 06:00:00,110.846,110.865,110.766,110.788
2023-09-29 07:00:00,110.788,110.87,110.768,110.791
2023-09-29 08:00:00,110.795,110.825,110.643,110.651
2023-09-29 09:00:00,110.649,110.769,110.529,110.62
2023-09-29 10:00:00,110.62,110.652,110.424,110.643
2023-09-29 11:00:00,110.644,110.834,110.64,110.826
2023-09-29 12:00:00,110.824,111.062,110.791,111.051
2023-09-29 13:00:00,111.047,111.118,110.993,111.046
2023-09-29 14:00:00,111.044,111.141,111.038,111.116
2023-09-29 15:00:00,111.114,111.16,110.963,111.091
2023-09-29 16:00:00,111.094,111.094,110.761,110.796
2023-09-29 17:00:00,110.799,110.805,110.303,110.354
2023-09-29 18:00:00,110.355,110.471,110.349,110.374
2023-09-29 19:00:00,110.377,110.455,110.268,110.302
2023-09-29 20:00:00,110.301,110.305,110.143,110.144
2023-09-29 21:00:00,110.146,110.19,110.04,110.188
2023-09-29 22:00:00,110.189,110.254,109.997,110.014
2023-09-29 23:00:00,110.015,110.073,109.927,109.956
2023-10-02 00:00:00,110.064,110.214,110.049,110.127
2023-10-02 01:00:00,110.121,110.177,110.046,110.132
2023-10-02 02:00:00,110.134,110.189,110.115,110.154
2023-10-02 03:00:00,110.151,110.293,110.109,110.249
2023-10-02 04:00:00,110.254,110.301,110.229,110.263
2023-10-02 05:00:00,110.262,110.34,110.245,110.306
2023-10-02 06:00:00,110.307,110.331,110.245,110.272
2023-10-02 07:00:00,110.273,110.303,110.177,110.183
2023-10-02 08:00:00,110.178,110.207,110.017,110.07
2023-10-02 09:00:00,110.068,110.355,110.058,110.316
2023-10-02 10:00:00,110.313,110.325,110.208,110.243
2023-10-02 11:00:00,110.241,110.298,110.102,110.13
2023-10-02 12:00:00,110.129,110.131,109.964,110.019
2023-10-02 13:00:00,110.018,110.081,109.947,110.012
2023-10-02 14:00:00,110.015,110.072,109.981,110.025
2023-10-02 15:00:00,110.024,110.03,109.912,109.937
2023-10-02 16:00:00,109.933,109.962,109.631,109.772
2023-10-02 17:00:00,109.675,109.796,109.559,109.651
2023-10-02 18:00:00,109.65,109.707,109.571,109.608
2023-10-02 19:00:00,109.606,109.678,109.508,109.531
2023-10-02 20:00:00,109.532,109.617,109.513,109.585
2023-10-02 21:00:00,109.584,109.645,109.523,109.527
2023-10-02 22:00:00,109.525,109.593,109.464,109.563
2023-10-02 23:00:00,109.565,109.604,109.544,109.562
2023-10-03 00:00:00,109.543,109.589,109.393,109.56
2023-10-03 01:00:00,109.563,109.583,109.513,109.516
2023-10-03 02:00:00,109.53,109.58,109.498,109.574
2023-10-03 03:00:00,109.572,109.572,109.451,109.55
2023-10-03 04:00:00,109.547,109.558,109.408,109.438
2023-10-03 05:00:00,109.436,109.446,109.387,109.389
2023-10-03 06:00:00,109.388,109.466,109.37,109.436
2023-10-03 07:00:00,109.437,109.443,109.3,109.312
2023-10-03 08:00:00,109.311,109.352,109.262,109.318
2023-10-03 09:00:00,109.32,109.432,109.294,109.349
2023-10-03 10:00:00,109.35,109.351,109.195,109.279
2023-10-03 11:00:00,109.278,109.452,109.263,109.371
2023-10-03 12:00:00,109.373,109.394,109.168,109.239
2023-10-03 13:00:00,109.237,109.293,109.219,109.227
2023-10-03 14:00:00,109.225,109.383,109.189,109.323
2023-10-03 15:00:00,109.323,109.468,109.225,109.365
2023-10-03 16:00:00,109.368,109.574,109.353,109.478
2023-10-03 17:00:00,109.467,109.468,107.53,108.635
2023-10-03 18:00:00,108.634,108.789,108.578,108.698
2023-10-03 19:00:00,108.698,108.792,108.66,108.698
2023-10-03 20:00:00,108.7,108.77,108.64,108.673
2023-10-03 21:00:00,108.674,108.688,108.553,108.583
2023-10-03 22:00:00,108.582,108.684,108.473,108.512
2023-10-03 23:00:00,108.513,108.732,108.496,108.665
2023-10-04 00:00:00,108.654,108.727,108.576,108.686
2023-10-04 01:00:00,108.699,108.772,108.628,108.739
2023-10-04 02:00:00,108.743,108.832,108.73,108.805
2023-10-04 03:00:00,108.806,108.898,108.753,108.868
2023-10-04 04:00:00,108.868,108.885,108.72,108.863
2023-10-04 05:00:00,108.864,108.903,108.787,108.894
2023-10-04 06:00:00,108.893,108.911,108.805,108.841
2023-10-04 07:00:00,108.84,108.942,108.803,108.889
2023-10-04 08:00:00,108.892,108.918,108.834,108.871
2023-10-04 09:00:00,108.872,108.872,108.741,108.774
2023-10-04 10:00:00,108.773,108.773,108.499,108.596
2023-10-04 11:00:00,108.593,108.813,108.591,108.779
2023-10-04 12:00:00,108.781,108.928,108.732,108.887
2023-10-04 13:00:00,108.889,108.931,108.676,108.678
2023-10-04 14:00:00,108.679,108.7,108.586,108.7
2023-10-04 15:00:00,108.698,108.765,108.463,108.511
2023-10-04 16:00:00,108.513,108.595,108.262,108.404
2023-10-04 17:00:00,108.408,108.469,108.131,108.147
2023-10-04 18:00:00,108.148,108.302,108.13,108.302
2023-10-04 19:00:00,108.302,108.442,108.279,108.378
2023-10-04 20:00:00,108.381,108.408,108.331,108.357
2023-10-04 21:00:00,108.353,108.459,108.323,108.392
2023-10-04 22:00:00,108.394,108.517,108.394,108.459
2023-10-04 23:00:00,108.455,108.506,108.39,108.462
2023-10-05 00:00:00,108.375,108.459,108.122,108.396
2023-10-05 01:00:00,108.397,108.448,108.36,108.36
2023-10-05 02:00:00,108.363,108.394,108.348,108.389
2023-10-05 03:00:00,108.392,108.398,108.066,108.109
2023-10-05 04:00:00,108.109,108.162,107.973,108.091
2023-10-05 05:00:00,108.092,108.234,108.082,108.215
2023-10-05 06:00:00,108.212,108.333,108.181,108.299
2023-10-05 07:00:00,108.298,108.314,108.222,108.303
2023-10-05 08:00:00,108.304,108.326,108.242,108.274
2023-10-05 09:00:00,108.276,108.343,108.269,108.336
2023-10-05 10:00:00,108.333,108.375,108.255,108.342
2023-10-05 11:00:00,108.343,108.399,108.096,108.103
2023-10-05 12:00:00,108.104,108.144,108.027,108.127
2023-10-05 13:00:00,108.128,108.175,108.054,108.116
2023-10-05 14:00:00,108.115,108.235,108.05,108.201
2023-10-05 15:00:00,108.2,108.374,108.188,108.264
2023-10-05 16:00:00,108.264,108.278,108.077,108.11
2023-10-05 17:00:00,108.114,108.349,108.073,108.231
2023-10-05 18:00:00,108.232,108.257,108.08,108.09
2023-10-05 19:00:00,108.091,108.134,107.999,108.124
2023-10-05 20:00:00,108.124,108.235,108.067,108.224
2023-10-05 21:00:00,108.222,108.239,108.086,108.194
2023-10-05 22:00:00,108.194,108.3,108.191,108.28
2023-10-05 23:00:00,108.279,108.371,108.279,108.342
2023-10-06 00:00:00,108.21,108.348,108.119,108.32
2023-10-06 01:00:00,108.323,108.323,108.263,108.309
2023-10-06 02:00:00,108.309,108.345,108.232,108.309
2023-10-06 03:00:00,108.311,108.436,108.284,108.421
2023-10-06 04:00:00,108.42,108.437,108.286,108.329
2023-10-06 05:00:00,108.331,108.457,108.285,108.425
2023-10-06 06:00:00,108.425,108.453,108.381,108.452
2023-10-06 07:00:00,108.451,108.497,108.411,108.463
2023-10-06 08:00:00,108.463,108.486,108.421,108.428
2023-10-06 09:00:00,108.429,108.551,108.423,108.548
2023-10-06 10:00:00,108.546,108.712,108.458,108.704
2023-10-06 11:00:00,108.702,108.704,108.585,108.605
2023-10-06 12:00:00,108.604,108.683,108.547,108.676
2023-10-06 13:00:00,108.674,108.765,108.664,108.701
2023-10-06 14:00:00,108.701,108.735,108.627,108.652
2023-10-06 15:00:00,108.651,109.034,108.562,108.943
2023-10-06 16:00:00,108.944,109.106,108.843,108.911
2023-10-06 17:00:00,108.911,108.929,108.721,108.918
2023-10-06 18:00:00,108.919,109.182,108.899,109.154
2023-10-06 19:00:00,109.153,109.215,109.091,109.2
2023-10-06 20:00:00,109.2,109.321,109.176,109.31
2023-10-06 21:00:00,109.31,109.421,109.294,109.357
2023-10-06 22:00:00,109.357,109.37,109.254,109.287
2023-10-06 23:00:00,109.285,109.295,109.133,109.164
2023-10-09 00:00:00,108.87,109.1,108.799,109.001
2023-10-09 01:00:00,109.001,109.194,108.917,109.079
2023-10-09 02:00:00,109.082,109.185,109.073,109.162
2023-10-09 03:00:00,109.161,109.331,109.147,109.299
2023-10-09 04:00:00,109.298,109.308,109.219,109.291
2023-10-09 05:00:00,109.29,109.306,109.223,109.233
2023-10-09 06:00:00,109.234,109.245,109.174,109.178
2023-10-09 07:00:00,109.18,109.212,109.165,109.205
2023-10-09 08:00:00,109.203,109.27,109.192,109.26
2023-10-09 09:00:00,109.261,109.306,109.135,109.147
2023-10-09 10:00:00,109.147,109.147,109.042,109.102
2023-10-09 11:00:00,109.104,109.19,109.095,109.165
2023-10-09 12:00:00,109.165,109.203,109.139,109.16
2023-10-09 13:00:00,109.159,109.175,109.098,109.107
2023-10-09 14:00:00,109.109,109.194,109.097,109.19
2023-10-09 15:00:00,109.188,109.275,109.145,109.22
2023-10-09 16:00:00,109.219,109.299,109.151,109.194
2023-10-09 17:00:00,109.194,109.241,108.969,108.971
2023-10-09 18:00:00,108.97,109.195,108.946,109.187
2023-10-09 19:00:00,109.185,109.228,109.147,109.177
2023-10-09 20:00:00,109.177,109.232,109.108,109.206
2023-10-09 21:00:00,109.204,109.363,109.192,109.256
2023-10-09 22:00:00,109.256,109.352,109.24,109.286
2023-10-09 23:00:00,109.286,109.337,109.249,109.249
2023-10-10 00:00:00,109.263,109.282,109.038,109.242
2023-10-10 01:00:00,109.249,109.269,109.159,109.167
2023-10-10 02:00:00,109.167,109.242,109.164,109.217
2023-10-10 03:00:00,109.214,109.455,109.126,109.371
2023-10-10 04:00:00,109.372,109.419,109.249,109.386
2023-10-10 05:00:00,109.387,109.471,109.385,109.412
2023-10-10 06:00:00,109.415,109.456,109.36,109.434
2023-10-10 07:00:00,109.436,109.5,109.427,109.482
2023-10-10 08:00:00,109.483,109.514,109.444,109.501
2023-10-10 09:00:00,109.501,109.502,109.192,109.432
2023-10-10 10:00:00,109.431,109.569,109.401,109.456
2023-10-10 11:00:00,109.455,109.619,109.429,109.546
2023-10-10 12:00:00,109.544,109.563,109.47,109.529
2023-10-10 13:00:00,109.528,109.566,109.487,109.554
2023-10-10 14:00:00,109.552,109.619,109.517,109.612
2023-10-10 15:00:00,109.613,109.665,109.493,109.533
2023-10-10 16:00:00,109.536,109.651,109.479,109.495
2023-10-10 17:00:00,109.495,109.634,109.41,109.466
2023-10-10 18:00:00,109.465,109.554,109.319,109.442
2023-10-10 19:00:00,109.441,109.48,109.371,109.383
2023-10-10 20:00:00,109.384,109.425,109.296,109.404
2023-10-10 21:00:00,109.405,109.478,109.374,109.439
2023-10-10 22:00:00,109.439,109.513,109.43,109.488
2023-10-10 23:00:00,109.484,109.504,109.447,109.447
2023-10-11 00:00:00,109.437,109.472,109.374,109.431
2023-10-11 01:00:00,109.426,109.454,109.392,109.4
2023-10-11 02:00:00,109.402,109.417,109.367,109.407
2023-10-11 03:00:00,109.406,109.444,109.351,109.394
2023-10-11 04:00:00,109.394,109.459,109.372,109.392
2023-10-11 05:00:00,109.392,109.454,109.342,109.444
2023-10-11 06:00:00,109.444,109.522,109.423,109.508
2023-10-11 07:00:00,109.507,109.555,109.503,109.535
2023-10-11 08:00:00,109.535,109.549,109.469,109.508
2023-10-11 09:00:00,109.506,109.605,109.501,109.552
2023-10-11 10:00:00,109.551,109.603,109.319,109.407
2023-10-11 11:00:00,109.406,109.442,109.308,109.345
2023-10-11 12:00:00,109.345,109.373,109.268,109.289
2023-10-11 13:00:00,109.287,109.377,109.28,109.338
2023-10-11 14:00:00,109.338,109.428,109.312,109.386
2023-10-11 15:00:00,109.386,109.6,109.369,109.563
2023-10-11 16:00:00,109.56,109.722,109.494,109.655
2023-10-11 17:00:00,109.653,109.752,109.56,109.74
2023-10-11 18:00:00,109.74,109.752,109.398,109.407
2023-10-11 19:00:00,109.408,109.642,109.4,109.612
2023-10-11 20:00:00,109.613,109.675,109.563,109.566
2023-10-11 21:00:00,109.563,109.732,109.495,109.723
2023-10-11 22:00:00,109.724,109.741,109.676,109.727
2023-10-11 23:00:00,109.727,109.761,109.687,109.702
2023-10-12 00:00:00,109.715,109.715,109.5,109.664
2023-10-12 01:00:00,109.664,109.69,109.596,109.627
2023-10-12 02:00:00,109.627,109.668,109.607,109.612
2023-10-12 03:00:00,109.611,109.774,109.606,109.755
2023-10-12 04:00:00,109.756,109.773,109.675,109.746
2023-10-12 05:00:00,109.747,109.801,109.702,109.781
2023-10-12 06:00:00,109.783,109.797,109.733,109.733
2023-10-12 07:00:00,109.732,109.797,109.724,109.758
2023-10-12 08:00:00,109.759,109.786,109.692,109.725
2023-10-12 09:00:00,109.726,109.796,109.675,109.75
2023-10-12 10:00:00,109.751,109.783,109.705,109.764
2023-10-12 11:00:00,109.762,109.783,109.671,109.679
2023-10-12 12:00:00,109.675,109.751,109.644,109.751
2023-10-12 13:00:00,109.751,109.766,109.672,109.691
2023-10-12 14:00:00,109.691,109.811,109.679,109.785
2023-10-12 15:00:00,109.784,109.937,109.576,109.879
2023-10-12 16:00:00,109.88,109.899,109.612,109.661
2023-10-12 17:00:00,109.661,109.724,109.562,109.64
2023-10-12 18:00:00,109.641,109.658,109.547,109.614
2023-10-12 19:00:00,109.616,109.632,109.481,109.544
2023-10-12 20:00:00,109.544,109.552,109.4,109.413
2023-10-12 21:00:00,109.414,109.461,109.307,109.42
2023-10-12 22:00:00,109.42,109.458,109.389,109.417
2023-10-12 23:00:00,109.416,109.429,109.382,109.392
2023-10-13 00:00:00,109.381,109.421,109.315,109.371
2023-10-13 01:00:00,109.374,109.425,109.36,109.422
2023-10-13 02:00:00,109.426,109.461,109.388,109.448
2023-10-13 03:00:00,109.448,109.495,109.427,109.448
2023-10-13 04:00:00,109.448,109.496,109.418,109.475
2023-10-13 05:00:00,109.474,109.502,109.459,109.485
2023-10-13 06:00:00,109.484,109.485,109.435,109.445
2023-10-13 07:00:00,109.445,109.447,109.317,109.328
2023-10-13 08:00:00,109.328,109.449,109.301,109.43
2023-10-13 09:00:00,109.43,109.44,109.326,109.434
2023-10-13 10:00:00,109.433,109.537,109.39,109.483
2023-10-13 11:00:00,109.484,109.574,109.483,109.512
2023-10-13 12:00:00,109.513,109.538,109.371,109.425
2023-10-13 13:00:00,109.426,109.454,109.286,109.345
2023-10-13 14:00:00,109.348,109.403,109.285,109.369
2023-10-13 15:00:00,109.367,109.475,109.329,109.45
2023-10-13 16:00:00,109.448,109.49,109.321,109.435
2023-10-13 17:00:00,109.435,109.739,109.398,109.562
2023-10-13 18:00:00,109.562,109.594,109.474,109.588
2023-10-13 19:00:00,109.59,109.631,109.525,109.535
2023-10-13 20:00:00,109.532,109.565,109.38,109.472
2023-10-13 21:00:00,109.472,109.512,109.421,109.447
2023-10-13 22:00:00,109.447,109.482,109.415,109.462
2023-10-13 23:00:00,109.458,109.507,109.392,109.472
2023-10-16 00:00:00,109.159,109.517,109.06,109.416
2023-10-16 01:00:00,109.417,109.602,109.415,109.578
2023-10-16 02:00:00,109.59,109.662,109.59,109.613
2023-10-16 03:00:00,109.609,109.625,109.463,109.502
2023-10-16 04:00:00,109.503,109.562,109.477,109.526
2023-10-16 05:00:00,109.524,109.578,109.5,109.526
2023-10-16 06:00:00,109.525,109.583,109.499,109.568
2023-10-16 07:00:00,109.567,109.57,109.515,109.531
2023-10-16 08:00:00,109.53,109.533,109.461,109.48
2023-10-16 09:00:00,109.478,109.662,109.478,109.625
2023-10-16 10:00:00,109.624,109.689,109.568,109.604
2023-10-16 11:00:00,109.602,109.632,109.502,109.548
2023-10-16 12:00:00,109.547,109.578,109.516,109.577
2023-10-16 13:00:00,109.579,109.672,109.568,109.651
2023-10-16 14:00:00,109.652,109.731,109.626,109.712
2023-10-16 15:00:00,109.711,109.778,109.647,109.769
2023-10-16 16:00:00,109.77,109.956,109.685,109.898
2023-10-16 17:00:00,109.902,109.979,109.751,109.756
2023-10-16 18:00:00,109.755,109.852,109.738,109.836
2023-10-16 19:00:00,109.837,109.919,109.827,109.916
2023-10-16 20:00:00,109.913,109.93,109.793,109.891
2023-10-16 21:00:00,109.89,109.891,109.799,109.809
2023-10-16 22:00:00,109.81,109.861,109.8,109.827
2023-10-16 23:00:00,109.825,109.862,109.8,109.835
2023-10-17 00:00:00,109.855,109.912,109.793,109.852
2023-10-17 01:00:00,109.855,109.882,109.799,109.837
2023-10-17 02:00:00,109.839,109.879,109.837,109.852
2023-10-17 03:00:00,109.851,109.91,109.788,109.804
2023-10-17 04:00:00,109.8,109.818,109.736,109.749
2023-10-17 05:00:00,109.748,109.757,109.687,109.737
2023-10-17 06:00:00,109.739,109.807,109.718,109.735
2023-10-17 07:00:00,109.734,109.736,109.685,109.701
2023-10-17 08:00:00,109.7,109.788,109.683,109.786
2023-10-17 09:00:00,109.791,109.854,109.765,109.85
2023-10-17 10:00:00,109.851,109.855,109.774,109.787
2023-10-17 11:00:00,109.783,109.829,109.684,109.702
2023-10-17 12:00:00,109.701,109.8,109.69,109.799
2023-10-17 13:00:00,109.8,109.847,109.329,109.649
2023-10-17 14:00:00,109.647,109.663,109.573,109.603
2023-10-17 15:00:00,109.602,109.736,109.272,109.435
2023-10-17 16:00:00,109.439,109.609,109.395,109.604
2023-10-17 17:00:00,109.605,109.854,109.578,109.738
2023-10-17 18:00:00,109.74,109.904,109.736,109.899
2023-10-17 19:00:00,109.898,109.909,109.767,109.781
2023-10-17 20:00:00,109.782,109.817,109.702,109.723
2023-10-17 21:00:00,109.721,109.793,109.701,109.747
2023-10-17 22:00:00,109.746,109.824,109.734,109.779
2023-10-17 23:00:00,109.777,109.789,109.728,109.735
2023-10-18 00:00:00,109.706,109.768,109.634,109.714
2023-10-18 01:00:00,109.712,109.746,109.678,109.688
2023-10-18 02:00:00,109.721,109.738,109.669,109.685
2023-10-18 03:00:00,109.682,109.716,109.644,109.652
2023-10-18 04:00:00,109.653,109.728,109.648,109.712
2023-10-18 05:00:00,109.716,109.793,109.716,109.748
2023-10-18 06:00:00,109.749,109.764,109.64,109.755
2023-10-18 07:00:00,109.755,109.81,109.75,109.75
2023-10-18 08:00:00,109.748,109.802,109.739,109.76
2023-10-18 09:00:00,109.757,109.847,109.751,109.81
2023-10-18 10:00:00,109.811,109.857,109.737,109.857
2023-10-18 11:00:00,109.855,109.87,109.805,109.859
2023-10-18 12:00:00,109.858,109.949,109.731,109.891
2023-10-18 13:00:00,109.89,109.895,109.754,109.791
2023-10-18 14:00:00,109.788,109.795,109.625,109.64
2023-10-18 15:00:00,109.638,109.648,109.501,109.586
2023-10-18 16:00:00,109.587,109.725,109.498,109.508
2023-10-18 17:00:00,109.506,109.609,109.363,109.384
2023-10-18 18:00:00,109.383,109.495,109.368,109.403
2023-10-18 19:00:00,109.404,109.45,109.266,109.34
2023-10-18 20:00:00,109.338,109.481,109.316,109.432
2023-10-18 21:00:00,109.434,109.463,109.331,109.339
2023-10-18 22:00:00,109.338,109.369,109.268,109.304
2023-10-18 23:00:00,109.305,109.354,109.28,109.286
2023-10-19 00:00:00,109.241,109.285,109.191,109.211
2023-10-19 01:00:00,109.21,109.278,109.194,109.239
2023-10-19 02:00:00,109.251,109.304,109.186,109.207
2023-10-19 03:00:00,109.206,109.238,109.121,109.168
2023-10-19 04:00:00,109.169,109.229,109.13,109.151
2023-10-19 05:00:00,109.149,109.187,109.104,109.107
2023-10-19 06:00:00,109.108,109.135,109.052,109.072
2023-10-19 07:00:00,109.071,109.113,109.059,109.113
2023-10-19 08:00:00,109.111,109.128,109.036,109.05
2023-10-19 09:00:00,109.051,109.165,109.018,109.151
2023-10-19 10:00:00,109.152,109.181,109.07,109.078
2023-10-19 11:00:00,109.077,109.191,109.061,109.072
2023-10-19 12:00:00,109.073,109.14,109.063,109.119
2023-10-19 13:00:00,109.118,109.227,109.106,109.2
2023-10-19 14:00:00,109.202,109.228,109.157,109.212
2023-10-19 15:00:00,109.21,109.255,109.071,109.106
2023-10-19 16:00:00,109.104,109.229,109.074,109.191
2023-10-19 17:00:00,109.195,109.215,109.09,109.179
2023-10-19 18:00:00,109.182,109.354,109.169,109.287
2023-10-19 19:00:00,109.286,109.402,109.156,109.361
2023-10-19 20:00:00,109.363,109.442,109.27,109.295
2023-10-19 21:00:00,109.293,109.334,109.199,109.221
2023-10-19 22:00:00,109.222,109.253,109.166,109.214
2023-10-19 23:00:00,109.217,109.217,109.149,109.15
2023-10-20 00:00:00,109.168,109.19,109.029,109.145
2023-10-20 01:00:00,109.151,109.217,109.13,109.17
2023-10-20 02:00:00,109.172,109.224,109.155,109.212
2023-10-20 03:00:00,109.211,109.237,109.149,109.178
2023-10-20 04:00:00,109.176,109.232,109.138,109.198
2023-10-20 05:00:00,109.197,109.336,109.185,109.315
2023-10-20 06:00:00,109.314,109.314,109.254,109.285
2023-10-20 07:00:00,109.289,109.303,109.261,109.278
2023-10-20 08:00:00,109.277,109.319,109.261,109.272
2023-10-20 09:00:00,109.273,109.312,109.158,109.292
2023-10-20 10:00:00,109.293,109.334,109.183,109.312
2023-10-20 11:00:00,109.31,109.54,109.187,109.5
2023-10-20 12:00:00,109.503,109.573,109.413,109.475
2023-10-20 13:00:00,109.474,109.493,109.409,109.445
2023-10-20 14:00:00,109.444,109.565,109.444,109.499
2023-10-20 15:00:00,109.5,109.573,109.386,109.567
2023-10-20 16:00:00,109.566,109.664,109.537,109.624
2023-10-20 17:00:00,109.623,109.623,109.416,109.468
2023-10-20 18:00:00,109.47,109.489,109.354,109.43
2023-10-20 19:00:00,109.431,109.479,109.339,109.43
2023-10-20 20:00:00,109.431,109.474,109.347,109.367
2023-10-20 21:00:00,109.368,109.395,109.286,109.358
2023-10-20 22:00:00,109.356,109.396,109.294,109.294
2023-10-20 23:00:00,109.292,109.301,109.216,109.234
2023-10-23 00:00:00,109.27,109.35,109.204,109.262
2023-10-23 01:00:00,109.261,109.314,109.189,109.302
2023-10-23 02:00:00,109.326,109.358,109.326,109.353
2023-10-23 03:00:00,109.352,109.366,109.242,109.295
2023-10-23 04:00:00,109.294,109.333,109.255,109.329
2023-10-23 05:00:00,109.328,109.34,109.263,109.269
2023-10-23 06:00:00,109.271,109.322,109.271,109.288
2023-10-23 07:00:00,109.286,109.315,109.269,109.308
2023-10-23 08:00:00,109.307,109.346,109.303,109.318
2023-10-23 09:00:00,109.319,109.361,109.282,109.282
2023-10-23 10:00:00,109.283,109.289,109.141,109.152
2023-10-23 11:00:00,109.154,109.347,109.123,109.346
2023-10-23 12:00:00,109.349,109.387,109.25,109.289
2023-10-23 13:00:00,109.287,109.308,109.171,109.191
2023-10-23 14:00:00,109.19,109.324,109.169,109.29
2023-10-23 15:00:00,109.289,109.418,109.256,109.362
2023-10-23 16:00:00,109.363,109.423,109.163,109.359
2023-10-23 17:00:00,109.358,109.515,109.318,109.444
2023-10-23 18:00:00,109.443,109.543,109.411,109.507
2023-10-23 19:00:00,109.505,109.513,109.327,109.468
2023-10-23 20:00:00,109.47,109.533,109.377,109.418
2023-10-23 21:00:00,109.417,109.465,109.315,109.325
2023-10-23 22:00:00,109.323,109.338,109.207,109.27
2023-10-23 23:00:00,109.266,109.354,109.266,109.339
2023-10-24 00:00:00,109.326,109.33,109.144,109.304
2023-10-24 01:00:00,109.302,109.355,109.275,109.287
2023-10-24 02:00:00,109.301,109.415,109.301,109.406
2023-10-24 03:00:00,109.404,109.445,109.347,109.356
2023-10-24 04:00:00,109.357,109.403,109.285,109.303
2023-10-24 05:00:00,109.297,109.423,109.278,109.408
2023-10-24 06:00:00,109.407,109.427,109.338,109.42
2023-10-24 07:00:00,109.418,109.474,109.413,109.442
2023-10-24 08:00:00,109.443,109.473,109.41,109.431
2023-10-24 09:00:00,109.432,109.46,109.343,109.39
2023-10-24 10:00:00,109.388,109.388,109.218,109.28
2023-10-24 11:00:00,109.281,109.281,109.006,109.214
2023-10-24 12:00:00,109.212,109.358,109.203,109.309
2023-10-24 13:00:00,109.306,109.386,109.295,109.367
2023-10-24 14:00:00,109.37,109.403,109.315,109.354
2023-10-24 15:00:00,109.355,109.384,109.267,109.299
2023-10-24 16:00:00,109.301,109.327,109.117,109.175
2023-10-24 17:00:00,109.172,109.19,109.065,109.158
2023-10-24 18:00:00,109.157,109.159,108.97,109.005
2023-10-24 19:00:00,109.001,109.042,108.908,108.927
2023-10-24 20:00:00,108.928,109.13,108.924,109.095
2023-10-24 21:00:00,109.094,109.205,109.089,109.174
2023-10-24 22:00:00,109.176,109.185,109.114,109.156
2023-10-24 23:00:00,109.152,109.162,109.052,109.096
2023-10-25 00:00:00,109.053,109.067,108.983,109.015
2023-10-25 01:00:00,109.013,109.042,108.997,109.006
2023-10-25 02:00:00,109.008,109.054,109.008,109.041
2023-10-25 03:00:00,109.04,109.097,109.024,109.097
2023-10-25 04:00:00,109.096,109.128,109.02,109.061
2023-10-25 05:00:00,109.062,109.083,109.018,109.027
2023-10-25 06:00:00,109.029,109.049,108.999,109.028
2023-10-25 07:00:00,109.032,109.047,109.011,109.038
2023-10-25 08:00:00,109.041,109.051,108.958,108.997
2023-10-25 09:00:00,108.999,109.026,108.963,108.978
2023-10-25 10:00:00,108.979,108.981,108.884,108.966
2023-10-25 11:00:00,108.961,109.008,108.916,108.933
2023-10-25 12:00:00,108.932,108.935,108.819,108.824
2023-10-25 13:00:00,108.825,108.835,108.766,108.815
2023-10-25 14:00:00,108.812,108.943,108.782,108.927
2023-10-25 15:00:00,108.928,109.012,108.857,108.859
2023-10-25 16:00:00,108.858,108.902,108.74,108.857
2023-10-25 17:00:00,108.846,108.856,108.559,108.775
2023-10-25 18:00:00,108.774,108.934,108.733,108.849
2023-10-25 19:00:00,108.851,108.851,108.725,108.777
2023-10-25 20:00:00,108.776,108.827,108.659,108.753
2023-10-25 21:00:00,108.75,108.805,108.705,108.715
2023-10-25 22:00:00,108.717,108.806,108.712,108.782
2023-10-25 23:00:00,108.779,108.923,108.769,108.868
2023-10-26 00:00:00,108.839,108.844,108.735,108.798
2023-10-26 01:00:00,108.797,108.809,108.676,108.775
2023-10-26 02:00:00,108.786,108.814,108.715,108.736
2023-10-26 03:00:00,108.732,108.768,108.69,108.76
2023-10-26 04:00:00,108.762,108.866,108.711,108.826
2023-10-26 05:00:00,108.824,108.924,108.812,108.901
2023-10-26 06:00:00,108.902,108.933,108.888,108.895
2023-10-26 07:00:00,108.897,108.907,108.834,108.878
2023-10-26 08:00:00,108.876,108.941,108.868,108.937
2023-10-26 09:00:00,108.939,109.144,108.493,108.873
2023-10-26 10:00:00,108.875,109.098,108.847,109.014
2023-10-26 11:00:00,109.013,109.035,108.937,109.013
2023-10-26 12:00:00,109.016,109.035,108.944,108.971
2023-10-26 13:00:00,108.97,108.97,108.778,108.816
2023-10-26 14:00:00,108.814,108.91,108.788,108.874
2023-10-26 15:00:00,108.877,108.888,108.679,108.724
2023-10-26 16:00:00,108.723,108.814,108.607,108.678
2023-10-26 17:00:00,108.676,108.862,108.64,108.827
2023-10-26 18:00:00,108.828,108.849,108.748,108.764
2023-10-26 19:00:00,108.762,108.762,108.617,108.678
2023-10-26 20:00:00,108.679,108.799,108.608,108.796
2023-10-26 21:00:00,108.795,108.865,108.774,108.839
2023-10-26 22:00:00,108.84,108.868,108.697,108.744
2023-10-26 23:00:00,108.748,108.772,108.696,108.696
2023-10-27 00:00:00,108.707,108.736,108.665,108.712
2023-10-27 01:00:00,108.713,108.788,108.675,108.769
2023-10-27 02:00:00,108.772,108.831,108.753,108.821
2023-10-27 03:00:00,108.819,108.836,108.701,108.765
2023-10-27 04:00:00,108.764,108.786,108.68,108.741
2023-10-27 05:00:00,108.743,108.808,108.73,108.737
2023-10-27 06:00:00,108.736,108.775,108.691,108.769
2023-10-27 07:00:00,108.773,108.809,108.757,108.769
2023-10-27 08:00:00,108.767,108.789,108.686,108.688
2023-10-27 09:00:00,108.69,108.758,108.675,108.675
2023-10-27 10:00:00,108.674,108.731,108.596,108.709
2023-10-27 11:00:00,108.707,108.77,108.665,108.73
2023-10-27 12:00:00,108.732,108.749,108.676,108.71
2023-10-27 13:00:00,108.708,108.732,108.63,108.675
2023-10-27 14:00:00,108.673,108.68,108.522,108.522
2023-10-27 15:00:00,108.523,108.527,108.314,108.418
2023-10-27 16:00:00,108.419,108.452,108.038,108.071
2023-10-27 17:00:00,108.082,108.151,107.951,107.983
2023-10-27 18:00:00,107.985,108.038,107.849,107.879
2023-10-27 19:00:00,107.88,107.961,107.855,107.914
2023-10-27 20:00:00,107.909,107.919,107.761,107.799
2023-10-27 21:00:00,107.798,107.838,107.709,107.729
2023-10-27 22:00:00,107.727,107.822,107.708,107.815
2023-10-27 23:00:00,107.82,107.913,107.789,107.802
2023-10-30 00:00:00,107.768,107.933,107.768,107.903
2023-10-30 01:00:00,107.909,107.983,107.888,107.983
2023-10-30 02:00:00,107.997,108.092,107.985,108.083
2023-10-30 03:00:00,108.087,108.095,107.99,108.089
2023-10-30 04:00:00,108.108,108.108,107.991,108.009
2023-10-30 05:00:00,108.011,108.013,107.908,107.914
2023-10-30 06:00:00,107.917,107.921,107.855,107.873
2023-10-30 07:00:00,107.874,107.964,107.874,107.964
2023-10-30 08:00:00,107.963,107.997,107.805,107.827
2023-10-30 09:00:00,107.825,107.974,107.744,107.904
2023-10-30 10:00:00,107.906,107.978,107.854,107.901
2023-10-30 11:00:00,107.902,108.071,107.886,108.071
2023-10-30 12:00:00,108.068,108.123,108.012,108.103
2023-10-30 13:00:00,108.104,108.305,108.104,108.254
2023-10-30 14:00:00,108.251,108.31,108.231,108.237
2023-10-30 15:00:00,108.236,108.396,108.213,108.337
2023-10-30 16:00:00,108.339,108.348,107.643,107.674
2023-10-30 17:00:00,107.676,107.769,107.481,107.758
2023-10-30 18:00:00,107.757,107.831,107.631,107.636
2023-10-30 19:00:00,107.64,107.781,107.594,107.773
2023-10-30 20:00:00,107.776,107.803,107.695,107.793
2023-10-30 21:00:00,107.795,107.891,107.791,107.829
2023-10-30 22:00:00,107.828,107.871,107.776,107.809
2023-10-30 23:00:00,107.808,107.838,107.643,107.78
2023-10-31 00:00:00,107.775,107.868,107.728,107.825
2023-10-31 01:00:00,107.823,107.884,107.787,107.789
2023-10-31 02:00:00,107.793,108.034,107.785,107.991
2023-10-31 03:00:00,107.992,108.044,107.941,108.007
2023-10-31 04:00:00,108.009,108.062,107.945,107.965
2023-10-31 05:00:00,107.966,108.396,107.837,108.251
2023-10-31 06:00:00,108.249,108.422,108.226,108.411
2023-10-31 07:00:00,108.412,108.521,108.373,108.512
2023-10-31 08:00:00,108.513,108.635,108.48,108.569
2023-10-31 09:00:00,108.566,108.647,108.514,108.607
2023-10-31 10:00:00,108.608,108.834,108.608,108.821
2023-10-31 11:00:00,108.824,109.088,108.552,109.06
2023-10-31 12:00:00,109.058,109.104,108.953,108.999
2023-10-31 13:00:00,108.997,109.027,108.94,108.992
2023-10-31 14:00:00,108.991,109.04,108.9,108.976
2023-10-31 15:00:00,108.974,108.996,108.772,108.882
2023-10-31 16:00:00,108.879,109.094,108.799,109.089
2023-10-31 17:00:00,109.092,109.271,108.938,109.109
2023-10-31 18:00:00,109.108,109.254,108.987,109.222
2023-10-31 19:00:00,109.223,109.228,108.785,109.158
2023-10-31 20:00:00,109.157,109.331,109.127,109.314
2023-10-31 21:00:00,109.316,109.345,109.26,109.295
2023-10-31 22:00:00,109.298,109.33,109.263,109.265
2023-10-31 23:00:00,109.231,109.326,109.114,109.247
2023-11-01 00:00:00,109.246,109.273,109.101,109.132
2023-11-01 01:00:00,109.139,109.202,108.966,109.019
2023-11-01 02:00:00,109.017,109.071,108.975,109.033
2023-11-01 03:00:00,109.034,109.073,108.943,108.976
2023-11-01 04:00:00,108.979,108.991,108.887,108.945
2023-11-01 05:00:00,108.944,108.984,108.904,108.973
2023-11-01 06:00:00,108.972,109.023,108.945,109.019
2023-11-01 07:00:00,109.018,109.058,108.978,108.99
2023-11-01 08:00:00,108.988,109.064,108.975,109.048
2023-11-01 09:00:00,109.049,109.117,109.014,109.082
2023-11-01 10:00:00,109.08,109.09,108.879,108.902
2023-11-01 11:00:00,108.904,108.986,108.879,108.882
2023-11-01 12:00:00,108.881,108.938,108.83,108.933
2023-11-01 13:00:00,108.934,108.976,108.892,108.961
2023-11-01 14:00:00,108.96,109.029,108.908,108.985
2023-11-01 15:00:00,108.984,109.09,108.908,109.034
2023-11-01 16:00:00,109.048,109.075,108.924,109.013
2023-11-01 17:00:00,109.011,109.027,108.743,108.745
2023-11-01 18:00:00,108.743,108.877,108.737,108.781
2023-11-01 19:00:00,108.78,108.819,108.737,108.796
2023-11-01 20:00:00,108.8,108.853,108.694,108.758
2023-11-01 21:00:00,108.762,108.834,108.686,108.826
2023-11-01 22:00:00,108.827,108.955,108.799,108.923
2023-11-01 23:00:00,108.924,108.944,108.721,108.907
2023-11-02 00:00:00,108.903,108.965,108.745,108.774
2023-11-02 01:00:00,108.776,108.847,108.766,108.816
2023-11-02 02:00:00,108.818,108.848,108.692,108.705
2023-11-02 03:00:00,108.709,108.738,108.617,108.652
2023-11-02 04:00:00,108.659,108.694,108.558,108.677
2023-11-02 05:00:00,108.679,108.731,108.662,108.707
2023-11-02 06:00:00,108.706,108.769,108.682,108.729
2023-11-02 07:00:00,108.731,108.766,108.692,108.763
2023-11-02 08:00:00,108.761,108.765,108.656,108.71
2023-11-02 09:00:00,108.709,108.767,108.489,108.662
2023-11-02 10:00:00,108.657,108.731,108.604,108.725
2023-11-02 11:00:00,108.726,108.878,108.68,108.845
2023-11-02 12:00:00,108.844,108.912,108.744,108.894
2023-11-02 13:00:00,108.891,108.946,108.852,108.911
2023-11-02 14:00:00,108.905,108.936,108.585,108.76
2023-11-02 15:00:00,108.761,109.118,108.628,109.086
2023-11-02 16:00:00,109.088,109.139,108.923,108.969
2023-11-02 17:00:00,108.968,109.157,108.953,109.127
2023-11-02 18:00:00,109.128,109.234,109.061,109.222
2023-11-02 19:00:00,109.218,109.367,109.201,109.366
2023-11-02 20:00:00,109.365,109.435,109.314,109.367
2023-11-02 21:00:00,109.369,109.545,109.354,109.511
2023-11-02 22:00:00,109.515,109.55,109.473,109.473
2023-11-02 23:00:00,109.475,109.522,109.346,109.446
2023-11-03 00:00:00,109.441,109.519,109.416,109.474
2023-11-03 01:00:00,109.49,109.49,109.445,109.465
2023-11-03 02:00:00,109.452,109.467,109.243,109.311
2023-11-03 03:00:00,109.312,109.396,109.309,109.375
2023-11-03 04:00:00,109.377,109.438,109.332,109.423
2023-11-03 05:00:00,109.424,109.434,109.371,109.396
2023-11-03 06:00:00,109.394,109.409,109.363,109.371
2023-11-03 07:00:00,109.371,109.419,109.356,109.392
2023-11-03 08:00:00,109.394,109.412,109.38,109.408
2023-11-03 09:00:00,109.409,109.483,109.376,109.481
2023-11-03 10:00:00,109.483,109.501,109.406,109.42
2023-11-03 11:00:00,109.421,109.422,109.308,109.359
2023-11-03 12:00:00,109.361,109.365,109.296,109.315
2023-11-03 13:00:00,109.317,109.344,109.268,109.295
2023-11-03 14:00:00,109.298,109.334,109.0,109.091
2023-11-03 15:00:00,109.088,109.23,109.014,109.202
2023-11-03 16:00:00,109.192,109.362,109.072,109.103
2023-11-03 17:00:00,109.101,109.254,109.062,109.239
2023-11-03 18:00:00,109.24,109.353,109.168,109.345
2023-11-03 19:00:00,109.346,109.35,109.159,109.193
2023-11-03 20:00:00,109.194,109.306,109.17,109.305
2023-11-03 21:00:00,109.303,109.349,109.287,109.342
2023-11-03 22:00:00,109.341,109.372,109.252,109.331
2023-11-06 00:00:00,109.319,109.345,109.228,109.279
2023-11-06 01:00:00,109.28,109.424,109.271,109.382
2023-11-06 02:00:00,109.38,109.517,109.379,109.442
2023-11-06 03:00:00,109.441,109.527,109.431,109.489
2023-11-06 04:00:00,109.49,109.639,109.49,109.637
2023-11-06 05:00:00,109.636,109.642,109.53,109.557
2023-11-06 06:00:00,109.555,109.624,109.528,109.534
2023-11-06 07:00:00,109.535,109.553,109.498,109.553
2023-11-06 08:00:00,109.549,109.617,109.514,109.567
2023-11-06 09:00:00,109.566,109.66,109.529,109.654
2023-11-06 10:00:00,109.657,109.669,109.478,109.616
2023-11-06 11:00:00,109.614,109.758,109.541,109.707
2023-11-06 12:00:00,109.709,109.747,109.655,109.676
2023-11-06 13:00:00,109.674,109.723,109.6,109.658
2023-11-06 14:00:00,109.66,109.735,109.632,109.69
2023-11-06 15:00:00,109.692,109.723,109.623,109.645
2023-11-06 16:00:00,109.65,109.675,109.453,109.519
2023-11-06 17:00:00,109.521,109.564,109.446,109.481
2023-11-06 18:00:00,109.48,109.621,109.454,109.616
2023-11-06 19:00:00,109.617,109.632,109.535,109.59
2023-11-06 20:00:00,109.592,109.639,109.517,109.519
2023-11-06 21:00:00,109.52,109.559,109.464,109.553
2023-11-06 22:00:00,109.554,109.554,109.479,109.505
2023-11-06 23:00:00,109.504,109.534,109.488,109.529
2023-11-07 00:00:00,109.531,109.531,109.417,109.492
2023-11-07 01:00:00,109.49,109.507,109.45,109.475
2023-11-07 02:00:00,109.466,109.561,109.461,109.516
2023-11-07 03:00:00,109.515,109.568,109.469,109.506
2023-11-07 04:00:00,109.512,109.55,109.469,109.538
2023-11-07 05:00:00,109.539,109.565,109.481,109.547
2023-11-07 06:00:00,109.548,109.575,109.471,109.507
2023-11-07 07:00:00,109.506,109.548,109.489,109.527
2023-11-07 08:00:00,109.526,109.558,109.491,109.518
2023-11-07 09:00:00,109.517,109.551,109.491,109.533
2023-11-07 10:00:00,109.535,109.609,109.456,109.479
2023-11-07 11:00:00,109.478,109.482,109.361,109.403
2023-11-07 12:00:00,109.402,109.402,109.34,109.344
2023-11-07 13:00:00,109.347,109.38,109.3,109.357
2023-11-07 14:00:00,109.355,109.551,109.348,109.525
2023-11-07 15:00:00,109.528,109.564,109.445,109.479
2023-11-07 16:00:00,109.482,109.538,109.384,109.477
2023-11-07 17:00:00,109.476,109.509,109.396,109.448
2023-11-07 18:00:00,109.449,109.486,109.229,109.262
2023-11-07 19:00:00,109.263,109.321,109.251,109.267
2023-11-07 20:00:00,109.269,109.344,109.215,109.323
2023-11-07 21:00:00,109.324,109.374,109.282,109.322
2023-11-07 22:00:00,109.319,109.358,109.267,109.285
2023-11-07 23:00:00,109.287,109.318,109.21,109.21
2023-11-08 00:00:00,109.148,109.244,109.093,109.189
2023-11-08 01:00:00,109.2,109.234,109.188,109.212
2023-11-08 02:00:00,109.211,109.352,109.185,109.31
2023-11-08 03:00:00,109.311,109.361,109.268,109.333
2023-11-08 04:00:00,109.33,109.368,109.298,109.343
2023-11-08 05:00:00,109.342,109.355,109.26,109.278
2023-11-08 06:00:00,109.279,109.325,109.247,109.31
2023-11-08 07:00:00,109.312,109.336,109.287,109.324
2023-11-08 08:00:00,109.325,109.384,109.309,109.361
2023-11-08 09:00:00,109.362,109.441,109.338,109.41
2023-11-08 10:00:00,109.414,109.443,109.326,109.415
2023-11-08 11:00:00,109.416,109.426,109.323,109.332
2023-11-08 12:00:00,109.333,109.413,109.291,109.404
2023-11-08 13:00:00,109.405,109.466,109.4,109.442
2023-11-08 14:00:00,109.44,109.463,109.396,109.437
2023-11-08 15:00:00,109.435,109.462,109.342,109.396
2023-11-08 16:00:00,109.395,109.49,109.345,109.428
2023-11-08 17:00:00,109.43,109.435,109.266,109.312
2023-11-08 18:00:00,109.311,109.336,109.214,109.254
2023-11-08 19:00:00,109.253,109.313,109.185,109.304
2023-11-08 20:00:00,109.305,109.416,109.261,109.403
2023-11-08 21:00:00,109.4,109.462,109.396,109.416
2023-11-08 22:00:00,109.419,109.488,109.41,109.442
2023-11-08 23:00:00,109.439,109.482,109.433,109.445
2023-11-09 00:00:00,109.416,109.437,109.306,109.354
2023-11-09 01:00:00,109.355,109.387,109.315,109.355
2023-11-09 02:00:00,109.366,109.415,109.329,109.387
2023-11-09 03:00:00,109.386,109.474,109.377,109.411
2023-11-09 04:00:00,109.413,109.458,109.392,109.428
2023-11-09 05:00:00,109.427,109.441,109.39,109.417
2023-11-09 06:00:00,109.416,109.428,109.401,109.421
2023-11-09 07:00:00,109.426,109.469,109.403,109.467
2023-11-09 08:00:00,109.466,109.525,109.363,109.416
2023-11-09 09:00:00,109.412,109.434,109.359,109.413
2023-11-09 10:00:00,109.411,109.476,109.343,109.469
2023-11-09 11:00:00,109.47,109.526,109.448,109.511
2023-11-09 12:00:00,109.512,109.631,109.506,109.583
2023-11-09 13:00:00,109.584,109.606,109.54,109.6
2023-11-09 14:00:00,109.602,109.631,109.545,109.578
2023-11-09 15:00:00,109.581,109.661,109.489,109.525
2023-11-09 16:00:00,109.524,109.619,109.476,109.588
2023-11-09 17:00:00,109.591,109.769,109.5,109.761
2023-11-09 18:00:00,109.76,109.767,109.633,109.687
2023-11-09 19:00:00,109.69,109.717,109.62,109.696
2023-11-09 20:00:00,109.694,109.712,109.568,109.651
2023-11-09 21:00:00,109.649,109.682,109.523,109.544
2023-11-09 22:00:00,109.542,109.609,109.518,109.606
2023-11-09 23:00:00,109.605,109.619,109.548,109.571
2023-11-10 00:00:00,109.486,109.59,109.486,109.555
2023-11-10 01:00:00,109.567,109.587,109.533,109.58
2023-11-10 02:00:00,109.577,109.605,109.533,109.581
2023-11-10 03:00:00,109.58,109.601,109.532,109.558
2023-11-10 04:00:00,109.564,109.61,109.529,109.606
2023-11-10 05:00:00,109.606,109.629,109.574,109.629
2023-11-10 06:00:00,109.627,109.702,109.611,109.694
2023-11-10 07:00:00,109.693,109.708,109.659,109.706
2023-11-10 08:00:00,109.703,109.752,109.663,109.691
2023-11-10 09:00:00,109.688,109.745,109.666,109.69
2023-11-10 10:00:00,109.691,109.709,109.648,109.671
2023-11-10 11:00:00,109.672,109.69,109.615,109.683
2023-11-10 12:00:00,109.682,109.687,109.608,109.631
2023-11-10 13:00:00,109.632,109.651,109.604,109.633
2023-11-10 14:00:00,109.631,109.664,109.599,109.611
2023-11-10 15:00:00,109.61,109.659,109.485,109.499
2023-11-10 16:00:00,109.5,109.559,109.463,109.493
2023-11-10 17:00:00,109.502,109.506,109.349,109.463
2023-11-10 18:00:00,109.462,109.603,109.446,109.597
2023-11-10 19:00:00,109.598,109.748,109.576,109.736
2023-11-10 20:00:00,109.735,109.813,109.699,109.786
2023-11-10 21:00:00,109.785,109.823,109.754,109.761
2023-11-10 22:00:00,109.76,109.827,109.75,109.817
2023-11-10 23:00:00,109.816,109.828,109.755,109.779
2023-11-13 00:00:00,109.549,109.82,109.549,109.722
2023-11-13 01:00:00,109.72,109.795,109.716,109.755
2023-11-13 02:00:00,109.767,109.819,109.73,109.792
2023-11-13 03:00:00,109.791,109.82,109.733,109.752
2023-11-13 04:00:00,109.753,109.826,109.74,109.784
2023-11-13 05:00:00,109.788,109.797,109.728,109.775
2023-11-13 06:00:00,109.778,109.835,109.767,109.813
2023-11-13 07:00:00,109.814,109.884,109.807,109.872
2023-11-13 08:00:00,109.871,109.919,109.863,109.892
2023-11-13 09:00:00,109.888,109.958,109.885,109.948
2023-11-13 10:00:00,109.949,109.968,109.901,109.957
2023-11-13 11:00:00,109.959,110.008,109.907,109.91
2023-11-13 12:00:00,109.909,109.924,109.856,109.906
2023-11-13 13:00:00,109.907,109.921,109.864,109.876
2023-11-13 14:00:00,109.877,109.886,109.768,109.807
2023-11-13 15:00:00,109.809,109.821,109.728,109.809
2023-11-13 16:00:00,109.81,109.933,109.797,109.904
2023-11-13 17:00:00,109.902,109.922,109.468,109.917
2023-11-13 18:00:00,109.919,109.98,109.889,109.964
2023-11-13 19:00:00,109.963,109.968,109.898,109.935
2023-11-13 20:00:00,109.943,109.966,109.88,109.931
2023-11-13 21:00:00,109.932,109.937,109.851,109.865
2023-11-13 22:00:00,109.866,109.904,109.839,109.862
2023-11-13 23:00:00,109.863,109.89,109.836,109.871
2023-11-14 00:00:00,109.887,109.916,109.772,109.9
2023-11-14 01:00:00,109.895,109.908,109.803,109.854
2023-11-14 02:00:00,109.853,109.952,109.838,109.912
2023-11-14 03:00:00,109.913,109.943,109.909,109.915
2023-11-14 04:00:00,109.913,109.928,109.869,109.873
2023-11-14 05:00:00,109.872,109.873,109.823,109.827
2023-11-14 06:00:00,109.826,109.841,109.787,109.793
2023-11-14 07:00:00,109.796,109.808,109.756,109.777
2023-11-14 08:00:00,109.775,109.804,109.76,109.795
2023-11-14 09:00:00,109.796,109.803,109.728,109.758
2023-11-14 10:00:00,109.757,109.815,109.687,109.729
2023-11-14 11:00:00,109.726,109.776,109.678,109.765
2023-11-14 12:00:00,109.763,109.768,109.7,109.741
2023-11-14 13:00:00,109.74,109.741,109.6,109.661
2023-11-14 14:00:00,109.662,109.686,109.628,109.665
2023-11-14 15:00:00,109.664,109.758,109.577,109.714
2023-11-14 16:00:00,109.71,109.866,109.683,109.749
2023-11-14 17:00:00,109.748,109.921,109.688,109.874
2023-11-14 18:00:00,109.877,109.965,109.853,109.932
2023-11-14 19:00:00,109.93,109.956,109.807,109.812
2023-11-14 20:00:00,109.814,109.857,109.727,109.841
2023-11-14 21:00:00,109.84,109.855,109.719,109.764
2023-11-14 22:00:00,109.765,109.793,109.697,109.72
2023-11-14 23:00:00,109.719,109.842,109.71,109.794
2023-11-15 00:00:00,109.801,109.857,109.71,109.83
2023-11-15 01:00:00,109.832,109.846,109.738,109.823
2023-11-15 02:00:00,109.821,110.006,109.812,109.893
2023-11-15 03:00:00,109.89,109.922,109.808,109.873
2023-11-15 04:00:00,109.874,110.07,109.871,110.062
2023-11-15 05:00:00,110.061,110.067,109.982,110.026
2023-11-15 06:00:00,110.025,110.042,109.998,110.001
2023-11-15 07:00:00,110.002,110.11,109.999,110.059
2023-11-15 08:00:00,110.057,110.102,110.048,110.074
2023-11-15 09:00:00,110.075,110.152,110.034,110.108
2023-11-15 10:00:00,110.107,110.146,109.934,109.946
2023-11-15 11:00:00,109.947,109.953,109.725,109.795
2023-11-15 12:00:00,109.793,109.903,109.761,109.891
2023-11-15 13:00:00,109.89,109.89,109.799,109.854
2023-11-15 14:00:00,109.856,110.002,109.852,109.978
2023-11-15 15:00:00,109.98,110.225,109.835,110.197
2023-11-15 16:00:00,110.196,110.467,110.171,110.418
2023-11-15 17:00:00,110.416,110.614,110.393,110.465
2023-11-15 18:00:00,110.464,110.547,110.396,110.536
2023-11-15 19:00:00,110.535,110.652,110.533,110.602
2023-11-15 20:00:00,110.6,110.651,110.56,110.648
2023-11-15 21:00:00,110.649,110.67,110.591,110.632
2023-11-15 22:00:00,110.631,110.658,110.582,110.658
2023-11-15 23:00:00,110.655,110.659,110.6,110.61
2023-11-16 00:00:00,110.537,110.62,110.459,110.532
2023-11-16 01:00:00,110.533,110.564,110.485,110.485
2023-11-16 02:00:00,110.486,110.582,110.475,110.505
2023-11-16 03:00:00,110.504,110.511,110.342,110.371
2023-11-16 04:00:00,110.37,110.384,110.303,110.363
2023-11-16 05:00:00,110.361,110.402,110.325,110.334
2023-11-16 06:00:00,110.335,110.4,110.329,110.373
2023-11-16 07:00:00,110.374,110.459,110.371,110.444
2023-11-16 08:00:00,110.447,110.539,110.447,110.533
2023-11-16 09:00:00,110.532,110.555,110.45,110.462
2023-11-16 10:00:00,110.459,110.545,110.454,110.535
2023-11-16 11:00:00,110.537,110.545,110.387,110.44
2023-11-16 12:00:00,110.438,110.464,110.34,110.348
2023-11-16 13:00:00,110.35,110.368,110.292,110.332
2023-11-16 14:00:00,110.333,110.337,110.138,110.177
2023-11-16 15:00:00,110.178,110.198,109.858,109.864
2023-11-16 16:00:00,109.863,109.894,109.593,109.604
2023-11-16 17:00:00,109.601,109.604,109.356,109.448
2023-11-16 18:00:00,109.45,109.453,109.293,109.313
2023-11-16 19:00:00,109.311,109.463,109.311,109.381
2023-11-16 20:00:00,109.38,109.402,109.278,109.398
2023-11-16 21:00:00,109.396,109.481,109.385,109.443
2023-11-16 22:00:00,109.441,109.52,109.405,109.517
2023-11-16 23:00:00,109.517,109.606,109.505,109.564
2023-11-17 00:00:00,109.494,109.565,109.234,109.524
2023-11-17 01:00:00,109.519,109.57,109.497,109.564
2023-11-17 02:00:00,109.56,109.613,109.473,109.498
2023-11-17 03:00:00,109.496,109.581,109.46,109.529
2023-11-17 04:00:00,109.528,109.535,109.375,109.434
2023-11-17 05:00:00,109.431,109.521,109.413,109.489
2023-11-17 06:00:00,109.49,109.503,109.443,109.496
2023-11-17 07:00:00,109.493,109.541,109.455,109.538
2023-11-17 08:00:00,109.54,109.546,109.481,109.535
2023-11-17 09:00:00,109.536,109.537,109.291,109.304
2023-11-17 10:00:00,109.303,109.324,108.942,108.97
2023-11-17 11:00:00,108.967,108.995,108.791,108.86
2023-11-17 12:00:00,108.859,108.89,108.741,108.765
2023-11-17 13:00:00,108.763,108.934,108.72,108.907
2023-11-17 14:00:00,108.908,108.938,108.777,108.874
2023-11-17 15:00:00,108.875,109.086,108.799,109.039
2023-11-17 16:00:00,109.038,109.187,108.95,108.979
2023-11-17 17:00:00,108.978,109.173,108.933,108.938
2023-11-17 18:00:00,108.936,109.072,108.904,109.017
2023-11-17 19:00:00,109.018,109.084,108.985,109.061
2023-11-17 20:00:00,109.063,109.152,109.055,109.087
2023-11-17 21:00:00,109.091,109.109,109.038,109.077
2023-11-17 22:00:00,109.081,109.164,109.08,109.136
2023-11-17 23:00:00,109.138,109.172,108.86,108.927
2023-11-20 00:00:00,109.003,109.147,108.855,109.076
2023-11-20 01:00:00,109.075,109.285,109.024,109.276
2023-11-20 02:00:00,109.273,109.302,109.141,109.157
2023-11-20 03:00:00,109.156,109.156,108.923,108.983
2023-11-20 04:00:00,108.982,109.023,108.667,108.758
2023-11-20 05:00:00,108.756,108.836,108.642,108.692
2023-11-20 06:00:00,108.69,108.748,108.595,108.73
2023-11-20 07:00:00,108.734,108.802,108.717,108.768
2023-11-20 08:00:00,108.766,108.856,108.753,108.808
2023-11-20 09:00:00,108.806,108.872,108.595,108.632
2023-11-20 10:00:00,108.634,108.685,108.373,108.387
2023-11-20 11:00:00,108.385,108.431,108.12,108.17
2023-11-20 12:00:00,108.171,108.266,108.164,108.185
2023-11-20 13:00:00,108.188,108.195,107.984,108.029
2023-11-20 14:00:00,108.031,108.177,108.012,108.074
2023-11-20 15:00:00,108.073,108.288,108.065,108.286
2023-11-20 16:00:00,108.287,108.305,107.961,108.015
2023-11-20 17:00:00,108.013,108.126,107.939,108.06
2023-11-20 18:00:00,108.059,108.09,107.984,108.061
2023-11-20 19:00:00,108.058,108.109,108.007,108.07
2023-11-20 20:00:00,108.071,108.139,107.996,108.117
2023-11-20 21:00:00,108.115,108.12,108.034,108.074
2023-11-20 22:00:00,108.073,108.105,108.052,108.071
2023-11-20 23:00:00,108.072,108.13,108.06,108.069
2023-11-21 00:00:00,108.028,108.093,107.941,108.052
2023-11-21 01:00:00,108.044,108.101,107.996,108.083
2023-11-21 02:00:00,108.094,108.121,107.919,107.919
2023-11-21 03:00:00,107.923,108.017,107.827,107.912
2023-11-21 04:00:00,107.913,107.962,107.689,107.747
2023-11-21 05:00:00,107.748,107.797,107.474,107.5
2023-11-21 06:00:00,107.498,107.578,107.419,107.506
2023-11-21 07:00:00,107.505,107.715,107.471,107.676
2023-11-21 08:00:00,107.678,107.709,107.565,107.585
2023-11-21 09:00:00,107.587,107.594,107.368,107.483
2023-11-21 10:00:00,107.485,107.532,107.228,107.436
2023-11-21 11:00:00,107.438,107.7,107.423,107.633
2023-11-21 12:00:00,107.632,107.697,107.602,107.673
2023-11-21 13:00:00,107.676,107.778,107.656,107.717
2023-11-21 14:00:00,107.718,107.747,107.513,107.533
2023-11-21 15:00:00,107.534,107.812,107.439,107.688
2023-11-21 16:00:00,107.691,107.764,107.588,107.722
2023-11-21 17:00:00,107.718,107.961,107.698,107.952
2023-11-21 18:00:00,107.953,108.08,107.926,108.005
2023-11-21 19:00:00,108.004,108.052,107.985,108.048
2023-11-21 20:00:00,108.049,108.347,108.038,108.312
2023-11-21 21:00:00,108.315,108.429,108.232,108.254
2023-11-21 22:00:00,108.255,108.336,108.218,108.324
2023-11-21 23:00:00,108.322,108.349,108.255,108.293
2023-11-22 00:00:00,108.255,108.28,108.13,108.157
2023-11-22 01:00:00,108.161,108.198,108.033,108.118
2023-11-22 02:00:00,108.113,108.238,108.08,108.195
2023-11-22 03:00:00,108.199,108.29,108.1,108.22
2023-11-22 04:00:00,108.218,108.234,108.109,108.181
2023-11-22 05:00:00,108.183,108.211,108.093,108.143
2023-11-22 06:00:00,108.144,108.296,108.14,108.286
2023-11-22 07:00:00,108.285,108.528,108.283,108.495
2023-11-22 08:00:00,108.49,108.598,108.472,108.521
2023-11-22 09:00:00,108.522,108.619,108.49,108.611
2023-11-22 10:00:00,108.613,108.804,108.582,108.802
2023-11-22 11:00:00,108.803,108.82,108.659,108.74
2023-11-22 12:00:00,108.741,108.798,108.632,108.64
2023-11-22 13:00:00,108.641,108.65,108.515,108.526
2023-11-22 14:00:00,108.524,108.573,108.294,108.466
2023-11-22 15:00:00,108.465,108.678,108.28,108.677
2023-11-22 16:00:00,108.673,108.721,108.567,108.649
2023-11-22 17:00:00,108.654,108.935,108.646,108.896
2023-11-22 18:00:00,108.9,108.987,108.875,108.977
2023-11-22 19:00:00,108.979,109.142,108.976,109.137
2023-11-22 20:00:00,109.141,109.249,109.128,109.222
2023-11-22 21:00:00,109.223,109.236,109.123,109.16
2023-11-22 22:00:00,109.159,109.243,109.15,109.241
2023-11-22 23:00:00,109.242,109.302,109.202,109.226
2023-11-23 00:00:00,109.201,109.23,109.09,109.171
2023-11-23 01:00:00,109.17,109.232,109.138,109.14
2023-11-23 02:00:00,109.139,109.149,109.034,109.056
2023-11-23 03:00:00,109.057,109.069,108.958,108.988
2023-11-23 04:00:00,108.989,108.999,108.91,108.984
2023-11-23 05:00:00,108.983,109.052,108.964,108.992
2023-11-23 06:00:00,108.994,109.035,108.969,109.018
2023-11-23 07:00:00,109.02,109.053,108.95,109.019
2023-11-23 08:00:00,109.02,109.106,108.99,109.091
2023-11-23 09:00:00,109.094,109.225,109.077,109.192
2023-11-23 10:00:00,109.193,109.245,109.08,109.12
2023-11-23 11:00:00,109.121,109.177,109.014,109.053
2023-11-23 12:00:00,109.054,109.105,109.001,109.048
2023-11-23 13:00:00,109.05,109.098,109.039,109.063
2023-11-23 14:00:00,109.064,109.093,108.95,109.069
2023-11-23 15:00:00,109.072,109.123,109.006,109.064
2023-11-23 16:00:00,109.063,109.162,109.047,109.135
2023-11-23 17:00:00,109.136,109.225,109.118,109.124
2023-11-23 18:00:00,109.122,109.237,109.119,109.229
2023-11-23 19:00:00,109.227,109.243,109.195,109.236
2023-11-23 20:00:00,109.227,109.227,109.174,109.197
2023-11-23 21:00:00,109.196,109.241,109.189,109.205
2023-11-23 22:00:00,109.204,109.23,109.176,109.207
2023-11-23 23:00:00,109.208,109.212,109.156,109.163
2023-11-24 00:00:00,109.131,109.188,109.093,109.099
2023-11-24 01:00:00,109.098,109.252,109.096,109.237
2023-11-24 02:00:00,109.232,109.303,109.113,109.165
2023-11-24 03:00:00,109.163,109.231,109.134,109.158
2023-11-24 04:00:00,109.156,109.175,109.061,109.071
2023-11-24 05:00:00,109.069,109.108,109.039,109.071
2023-11-24 06:00:00,109.069,109.073,108.972,108.982
2023-11-24 07:00:00,108.98,109.007,108.897,108.958
2023-11-24 08:00:00,108.96,109.04,108.907,109.021
2023-11-24 09:00:00,109.02,109.11,109.01,109.105
2023-11-24 10:00:00,109.106,109.257,109.097,109.247
2023-11-24 11:00:00,109.245,109.323,109.213,109.273
2023-11-24 12:00:00,109.274,109.287,109.23,109.253
2023-11-24 13:00:00,109.255,109.305,109.244,109.291
2023-11-24 14:00:00,109.293,109.343,109.25,109.32
2023-11-24 15:00:00,109.321,109.543,109.303,109.51
2023-11-24 16:00:00,109.512,109.92,109.489,109.862
2023-11-24 17:00:00,109.866,109.954,109.842,109.907
2023-11-24 18:00:00,109.909,109.98,109.877,109.887
2023-11-24 19:00:00,109.885,109.914,109.815,109.859
2023-11-24 20:00:00,109.856,109.89,109.523,109.727
2023-11-24 21:00:00,109.731,109.783,109.696,109.728
2023-11-24 22:00:00,109.732,109.733,109.603,109.633
2023-11-24 23:00:00,109.626,109.702,109.488,109.577
2023-11-27 00:00:00,109.39,109.618,109.39,109.593
2023-11-27 01:00:00,109.589,109.761,109.589,109.727
2023-11-27 02:00:00,109.712,109.768,109.591,109.607
2023-11-27 03:00:00,109.61,109.64,109.363,109.383
2023-11-27 04:00:00,109.381,109.407,109.254,109.268
2023-11-27 05:00:00,109.271,109.28,109.022,109.095
2023-11-27 06:00:00,109.093,109.135,108.999,109.12
2023-11-27 07:00:00,109.123,109.239,109.098,109.231
2023-11-27 08:00:00,109.233,109.234,109.145,109.189
2023-11-27 09:00:00,109.187,109.302,109.122,109.302
2023-11-27 10:00:00,109.301,109.396,109.256,109.298
2023-11-27 11:00:00,109.296,109.378,109.233,109.357
2023-11-27 12:00:00,109.355,109.365,109.197,109.238
2023-11-27 13:00:00,109.239,109.335,109.175,109.32
2023-11-27 14:00:00,109.319,109.353,109.123,109.167
2023-11-27 15:00:00,109.166,109.209,109.048,109.073
2023-11-27 16:00:00,109.074,109.191,108.942,109.086
2023-11-27 17:00:00,109.085,109.205,109.002,109.197
2023-11-27 18:00:00,109.196,109.307,109.125,109.19
2023-11-27 19:00:00,109.191,109.202,109.132,109.194
2023-11-27 20:00:00,109.193,109.21,109.082,109.178
2023-11-27 21:00:00,109.177,109.199,109.036,109.075
2023-11-27 22:00:00,109.076,109.158,109.036,109.155
2023-11-27 23:00:00,109.154,109.202,109.142,109.179
2023-11-28 00:00:00,109.179,109.179,108.994,109.115
2023-11-28 01:00:00,109.151,109.151,108.972,109.063
2023-11-28 02:00:00,109.061,109.077,108.817,108.858
2023-11-28 03:00:00,108.859,109.0,108.806,108.903
2023-11-28 04:00:00,108.902,108.976,108.795,108.836
2023-11-28 05:00:00,108.835,108.974,108.809,108.934
2023-11-28 06:00:00,108.936,108.96,108.882,108.915
2023-11-28 07:00:00,108.915,109.041,108.903,108.972
2023-11-28 08:00:00,108.973,109.125,108.955,109.119
2023-11-28 09:00:00,109.117,109.216,109.041,109.204
2023-11-28 10:00:00,109.205,109.389,109.194,109.299
2023-11-28 11:00:00,109.298,109.37,109.194,109.325
2023-11-28 12:00:00,109.324,109.478,109.324,109.39
2023-11-28 13:00:00,109.391,109.424,109.283,109.368
2023-11-28 14:00:00,109.369,109.38,109.216,109.233
2023-11-28 15:00:00,109.235,109.344,109.088,109.118
2023-11-28 16:00:00,109.119,109.255,108.986,109.091
2023-11-28 17:00:00,109.108,109.183,108.671,108.865
2023-11-28 18:00:00,108.866,108.891,108.624,108.68
2023-11-28 19:00:00,108.677,108.752,108.608,108.679
2023-11-28 20:00:00,108.674,108.731,108.646,108.693
2023-11-28 21:00:00,108.692,108.736,108.64,108.664
2023-11-28 22:00:00,108.668,108.671,108.592,108.646
2023-11-28 23:00:00,108.634,108.688,108.596,108.619
2023-11-29 00:00:00,108.603,108.645,108.512,108.587
2023-11-29 01:00:00,108.585,108.586,108.335,108.378
2023-11-29 02:00:00,108.373,108.523,108.265,108.288
2023-11-29 03:00:00,108.287,108.469,108.257,108.443
2023-11-29 04:00:00,108.433,108.581,108.389,108.559
2023-11-29 05:00:00,108.56,108.737,108.525,108.713
2023-11-29 06:00:00,108.717,108.717,108.549,108.563
2023-11-29 07:00:00,108.565,108.612,108.463,108.6
2023-11-29 08:00:00,108.602,108.656,108.505,108.636
2023-11-29 09:00:00,108.631,108.649,108.475,108.613
2023-11-29 10:00:00,108.602,108.731,108.519,108.542
2023-11-29 11:00:00,108.539,108.739,108.488,108.679
2023-11-29 12:00:00,108.681,108.822,108.591,108.757
2023-11-29 13:00:00,108.76,108.814,108.696,108.791
2023-11-29 14:00:00,108.792,108.845,108.69,108.72
2023-11-29 15:00:00,108.718,108.788,108.495,108.666
2023-11-29 16:00:00,108.668,108.763,108.463,108.487
2023-11-29 17:00:00,108.488,108.578,108.356,108.454
2023-11-29 18:00:00,108.456,108.511,108.201,108.397
2023-11-29 19:00:00,108.396,108.426,108.307,108.401
2023-11-29 20:00:00,108.402,108.424,108.316,108.381
2023-11-29 21:00:00,108.378,108.415,108.351,108.383
2023-11-29 22:00:00,108.384,108.411,108.317,108.361
2023-11-29 23:00:00,108.351,108.386,108.305,108.322
2023-11-30 00:00:00,108.304,108.32,108.161,108.207
2023-11-30 01:00:00,108.208,108.25,108.061,108.184
2023-11-30 02:00:00,108.169,108.293,108.115,108.192
2023-11-30 03:00:00,108.192,108.312,108.15,108.173
2023-11-30 04:00:00,108.172,108.297,108.17,108.264
2023-11-30 05:00:00,108.264,108.337,108.259,108.326
2023-11-30 06:00:00,108.329,108.375,108.266,108.312
2023-11-30 07:00:00,108.309,108.326,108.242,108.274
2023-11-30 08:00:00,108.274,108.357,108.226,108.253
2023-11-30 09:00:00,108.256,108.35,108.22,108.246
2023-11-30 10:00:00,108.248,108.325,108.062,108.172
2023-11-30 11:00:00,108.167,108.38,108.107,108.346
2023-11-30 12:00:00,108.345,108.49,108.344,108.453
2023-11-30 13:00:00,108.452,108.53,108.436,108.528
2023-11-30 14:00:00,108.526,108.554,108.417,108.433
2023-11-30 15:00:00,108.436,108.579,108.282,108.572
2023-11-30 16:00:00,108.573,109.192,108.573,109.179
2023-11-30 17:00:00,109.18,109.456,108.979,108.986
2023-11-30 18:00:00,108.988,109.039,108.819,108.832
2023-11-30 19:00:00,108.833,109.117,108.8,109.101
2023-11-30 20:00:00,109.101,109.194,109.052,109.186
2023-11-30 21:00:00,109.183,109.266,109.151,109.241
2023-11-30 22:00:00,109.243,109.321,109.2,109.249
2023-11-30 23:00:00,109.247,109.301,109.217,109.248
2023-12-01 00:00:00,109.188,109.288,109.112,109.241
2023-12-01 01:00:00,109.232,109.252,109.114,109.164
2023-12-01 02:00:00,109.163,109.223,109.099,109.122
2023-12-01 03:00:00,109.124,109.15,109.02,109.112
2023-12-01 04:00:00,109.112,109.28,109.091,109.28
2023-12-01 05:00:00,109.281,109.362,109.238,109.355
2023-12-01 06:00:00,109.358,109.381,109.282,109.345
2023-12-01 07:00:00,109.348,109.377,109.316,109.365
2023-12-01 08:00:00,109.366,109.464,109.318,109.405
2023-12-01 09:00:00,109.408,109.519,109.321,109.517
2023-12-01 10:00:00,109.519,109.563,109.273,109.316
2023-12-01 11:00:00,109.315,109.387,109.23,109.373
2023-12-01 12:00:00,109.372,109.408,109.284,109.387
2023-12-01 13:00:00,109.388,109.574,109.353,109.545
2023-12-01 14:00:00,109.547,109.595,109.339,109.439
2023-12-01 15:00:00,109.439,109.542,109.22,109.539
2023-12-01 16:00:00,109.536,109.652,109.495,109.607
2023-12-01 17:00:00,109.601,109.601,109.067,109.203
2023-12-01 18:00:00,109.203,109.361,108.803,108.92
2023-12-01 19:00:00,108.921,109.001,108.809,108.811
2023-12-01 20:00:00,108.81,108.827,108.561,108.701
2023-12-01 21:00:00,108.699,108.842,108.691,108.825
2023-12-01 22:00:00,108.826,108.868,108.767,108.818
2023-12-01 23:00:00,108.817,108.828,108.716,108.751
2023-12-04 00:00:00,108.608,108.712,108.582,108.629
2023-12-04 01:00:00,108.618,108.702,108.452,108.491
2023-12-04 02:00:00,108.49,108.566,108.39,108.509
2023-12-04 03:00:00,108.509,108.635,108.481,108.548
2023-12-04 04:00:00,108.549,108.551,108.413,108.505
2023-12-04 05:00:00,108.507,108.555,108.444,108.548
2023-12-04 06:00:00,108.547,108.596,108.508,108.586
2023-12-04 07:00:00,108.587,108.613,108.55,108.575
2023-12-04 08:00:00,108.573,108.578,108.409,108.505
2023-12-04 09:00:00,108.495,108.579,108.419,108.568
2023-12-04 10:00:00,108.562,108.654,108.401,108.419
2023-12-04 11:00:00,108.418,108.418,108.247,108.288
2023-12-04 12:00:00,108.288,108.365,108.145,108.203
2023-12-04 13:00:00,108.204,108.286,108.158,108.229
2023-12-04 14:00:00,108.228,108.369,108.216,108.336
2023-12-04 15:00:00,108.333,108.427,108.285,108.307
2023-12-04 16:00:00,108.31,108.625,108.302,108.428
2023-12-04 17:00:00,108.439,108.718,108.223,108.653
2023-12-04 18:00:00,108.655,108.695,108.545,108.684
2023-12-04 19:00:00,108.685,108.825,108.667,108.82
2023-12-04 20:00:00,108.821,108.836,108.734,108.768
2023-12-04 21:00:00,108.765,108.812,108.745,108.761
2023-12-04 22:00:00,108.762,108.781,108.692,108.777
2023-12-04 23:00:00,108.775,108.775,108.69,108.714
2023-12-05 00:00:00,108.7,108.733,108.613,108.636
2023-12-05 01:00:00,108.64,108.818,108.615,108.788
2023-12-05 02:00:00,108.788,108.842,108.535,108.569
2023-12-05 03:00:00,108.571,108.712,108.557,108.612
2023-12-05 04:00:00,108.61,108.615,108.536,108.599
2023-12-05 05:00:00,108.595,108.604,108.492,108.535
2023-12-05 06:00:00,108.534,108.542,108.463,108.535
2023-12-05 07:00:00,108.536,108.538,108.448,108.46
2023-12-05 08:00:00,108.458,108.461,108.189,108.355
2023-12-05 09:00:00,108.355,108.358,108.191,108.229
2023-12-05 10:00:00,108.231,108.47,108.203,108.459
2023-12-05 11:00:00,108.46,108.577,108.443,108.503
2023-12-05 12:00:00,108.5,108.54,108.415,108.423
2023-12-05 13:00:00,108.426,108.426,108.322,108.331
2023-12-05 14:00:00,108.33,108.414,108.247,108.256
2023-12-05 15:00:00,108.258,108.27,108.029,108.042
2023-12-05 16:00:00,108.043,108.38,108.04,108.351
2023-12-05 17:00:00,108.107,108.519,107.984,108.484
2023-12-05 18:00:00,108.483,108.548,108.391,108.453
2023-12-05 19:00:00,108.45,108.475,108.339,108.408
2023-12-05 20:00:00,108.406,108.547,108.393,108.479
2023-12-05 21:00:00,108.481,108.488,108.372,108.377
2023-12-05 22:00:00,108.376,108.397,108.296,108.297
2023-12-05 23:00:00,108.295,108.304,108.23,108.231
2023-12-06 00:00:00,108.248,108.264,108.147,108.207
2023-12-06 01:00:00,108.202,108.289,108.202,108.284
2023-12-06 02:00:00,108.286,108.427,108.251,108.423
2023-12-06 03:00:00,108.421,108.528,108.342,108.496
2023-12-06 04:00:00,108.495,108.577,108.459,108.547
2023-12-06 05:00:00,108.548,108.581,108.489,108.524
2023-12-06 06:00:00,108.524,108.558,108.487,108.492
2023-12-06 07:00:00,108.491,108.52,108.402,108.421
2023-12-06 08:00:00,108.42,108.455,108.374,108.4
2023-12-06 09:00:00,108.399,108.421,108.321,108.337
2023-12-06 10:00:00,108.339,108.454,108.313,108.414
2023-12-06 11:00:00,108.414,108.487,108.371,108.449
2023-12-06 12:00:00,108.45,108.515,108.436,108.509
2023-12-06 13:00:00,108.51,108.628,108.504,108.582
2023-12-06 14:00:00,108.58,108.624,108.513,108.575
2023-12-06 15:00:00,108.574,108.604,108.394,108.443
2023-12-06 16:00:00,108.441,108.654,108.409,108.46
2023-12-06 17:00:00,108.461,108.691,108.422,108.537
2023-12-06 18:00:00,108.535,108.557,108.323,108.349
2023-12-06 19:00:00,108.349,108.406,108.259,108.385
2023-12-06 20:00:00,108.387,108.508,108.348,108.498
2023-12-06 21:00:00,108.499,108.554,108.422,108.441
2023-12-06 22:00:00,108.44,108.483,108.392,108.423
2023-12-06 23:00:00,108.422,108.447,108.338,108.339
2023-12-07 00:00:00,108.333,108.351,108.177,108.263
2023-12-07 01:00:00,108.264,108.368,108.243,108.285
2023-12-07 02:00:00,108.284,108.286,108.144,108.212
2023-12-07 03:00:00,108.214,108.223,107.994,108.064
2023-12-07 04:00:00,108.063,108.085,107.931,107.999
2023-12-07 05:00:00,107.999,108.083,107.876,107.938
2023-12-07 06:00:00,107.944,107.97,107.848,107.862
2023-12-07 07:00:00,107.862,107.924,107.683,107.7
2023-12-07 08:00:00,107.698,107.785,107.453,107.572
2023-12-07 09:00:00,107.57,107.57,107.112,107.249
2023-12-07 10:00:00,107.249,107.255,106.68,106.938
2023-12-07 11:00:00,106.938,106.972,106.582,106.601
2023-12-07 12:00:00,106.62,106.699,106.363,106.601
2023-12-07 13:00:00,106.601,106.833,106.566,106.682
2023-12-07 14:00:00,106.683,106.822,106.556,106.59
2023-12-07 15:00:00,106.588,106.724,106.469,106.568
2023-12-07 16:00:00,106.567,106.589,106.134,106.251
2023-12-07 17:00:00,106.255,106.313,105.823,105.896
2023-12-07 18:00:00,105.897,106.129,105.799,105.984
2023-12-07 19:00:00,105.984,106.053,104.209,105.41
2023-12-07 20:00:00,105.413,105.72,105.248,105.586
2023-12-07 21:00:00,105.583,105.665,105.5,105.538
2023-12-07 22:00:00,105.535,105.717,105.511,105.707
2023-12-07 23:00:00,105.707,106.002,105.7,105.915
2023-12-08 00:00:00,105.928,106.064,105.845,106.004
2023-12-08 01:00:00,106.001,106.131,105.752,106.079
2023-12-08 02:00:00,106.078,106.119,105.238,105.412
2023-12-08 03:00:00,105.415,105.735,104.89,105.568
2023-12-08 04:00:00,105.567,105.731,105.367,105.652
2023-12-08 05:00:00,105.651,106.184,105.649,105.917
2023-12-08 06:00:00,105.916,106.042,105.785,105.868
2023-12-08 07:00:00,105.873,106.081,105.784,105.991
2023-12-08 08:00:00,105.989,106.205,105.935,106.183
2023-12-08 09:00:00,106.178,106.269,105.937,106.04
2023-12-08 10:00:00,106.041,106.157,105.802,106.007
2023-12-08 11:00:00,106.008,106.311,105.994,106.249
2023-12-08 12:00:00,106.248,106.422,106.19,106.403
2023-12-08 13:00:00,106.397,106.598,106.319,106.35
2023-12-08 14:00:00,106.348,106.371,106.255,106.316
2023-12-08 15:00:00,106.314,106.816,105.962,106.123
2023-12-08 16:00:00,106.121,106.441,106.109,106.179
2023-12-08 17:00:00,106.175,106.423,105.992,106.39
2023-12-08 18:00:00,106.388,106.566,106.293,106.551
2023-12-08 19:00:00,106.552,106.56,106.4,106.483
2023-12-08 20:00:00,106.482,106.656,106.457,106.645
2023-12-08 21:00:00,106.642,106.714,106.594,106.711
2023-12-08 22:00:00,106.713,106.738,106.676,106.703
2023-12-08 23:00:00,106.699,106.742,106.577,106.644
2023-12-11 00:00:00,106.547,106.736,106.547,106.726
2023-12-11 01:00:00,106.732,106.795,106.613,106.751
2023-12-11 02:00:00,106.751,106.999,106.684,106.987
2023-12-11 03:00:00,106.986,107.116,106.907,106.968
2023-12-11 04:00:00,106.969,107.052,106.902,106.934
2023-12-11 05:00:00,106.937,106.946,106.844,106.927
2023-12-11 06:00:00,106.927,107.088,106.926,107.046
2023-12-11 07:00:00,107.046,107.08,106.936,107.057
2023-12-11 08:00:00,107.058,107.204,106.995,107.024
2023-12-11 09:00:00,107.018,107.735,106.966,107.689
2023-12-11 10:00:00,107.693,107.809,107.406,107.555
2023-12-11 11:00:00,107.559,107.697,107.437,107.546
2023-12-11 12:00:00,107.544,107.606,107.471,107.565
2023-12-11 13:00:00,107.574,107.611,107.494,107.534
2023-12-11 14:00:00,107.533,107.891,107.523,107.833
2023-12-11 15:00:00,107.832,107.92,107.734,107.76
2023-12-11 16:00:00,107.761,107.827,107.641,107.821
2023-12-11 17:00:00,107.822,108.031,107.794,107.941
2023-12-11 18:00:00,107.942,107.985,107.849,107.891
2023-12-11 19:00:00,107.892,107.911,107.714,107.88
2023-12-11 20:00:00,107.881,107.883,107.757,107.822
2023-12-11 21:00:00,107.819,107.823,107.668,107.696
2023-12-11 22:00:00,107.698,107.771,107.696,107.728
2023-12-11 23:00:00,107.727,107.727,107.63,107.655
2023-12-12 00:00:00,107.657,107.657,107.559,107.614
2023-12-12 01:00:00,107.607,107.66,107.553,107.554
2023-12-12 02:00:00,107.552,107.628,107.344,107.438
2023-12-12 03:00:00,107.44,107.488,107.275,107.417
2023-12-12 04:00:00,107.416,107.491,107.369,107.485
2023-12-12 05:00:00,107.486,107.495,107.374,107.401
2023-12-12 06:00:00,107.401,107.447,107.345,107.347
2023-12-12 07:00:00,107.345,107.368,107.23,107.255
2023-12-12 08:00:00,107.256,107.336,107.234,107.298
2023-12-12 09:00:00,107.3,107.347,107.165,107.293
2023-12-12 10:00:00,107.291,107.396,107.215,107.288
2023-12-12 11:00:00,107.288,107.302,107.073,107.174
2023-12-12 12:00:00,107.178,107.214,107.037,107.077
2023-12-12 13:00:00,107.079,107.092,106.919,107.014
2023-12-12 14:00:00,107.013,107.029,106.877,107.008
2023-12-12 15:00:00,107.009,107.335,106.832,107.19
2023-12-12 16:00:00,107.186,107.186,106.945,107.026
2023-12-12 17:00:00,107.02,107.08,106.939,107.079
2023-12-12 18:00:00,107.078,107.084,106.817,106.86
2023-12-12 19:00:00,106.859,107.117,106.848,107.028
2023-12-12 20:00:00,107.027,107.092,106.93,107.054
2023-12-12 21:00:00,107.054,107.118,107.003,107.087
2023-12-12 22:00:00,107.085,107.108,107.032,107.043
2023-12-12 23:00:00,107.045,107.081,106.993,106.996
2023-12-13 00:00:00,107.008,107.08,106.941,106.972
2023-12-13 01:00:00,106.965,107.034,106.866,106.945
2023-12-13 02:00:00,106.944,107.15,106.923,107.075
2023-12-13 03:00:00,107.078,107.078,106.959,106.98
2023-12-13 04:00:00,106.98,107.057,106.92,107.04
2023-12-13 05:00:00,107.043,107.128,107.042,107.109
2023-12-13 06:00:00,107.108,107.173,107.069,107.162
2023-12-13 07:00:00,107.161,107.164,107.031,107.1
2023-12-13 08:00:00,107.098,107.29,107.07,107.285
2023-12-13 09:00:00,107.286,107.34,107.21,107.218
2023-12-13 10:00:00,107.216,107.294,107.158,107.219
2023-12-13 11:00:00,107.217,107.301,107.187,107.287
2023-12-13 12:00:00,107.287,107.344,107.126,107.143
2023-12-13 13:00:00,107.144,107.231,107.129,107.166
2023-12-13 14:00:00,107.166,107.313,107.164,107.24
2023-12-13 15:00:00,107.24,107.318,107.08,107.113
2023-12-13 16:00:00,107.109,107.127,106.984,107.031
2023-12-13 17:00:00,107.03,107.088,106.924,106.938
2023-12-13 18:00:00,106.937,107.034,106.875,106.982
2023-12-13 19:00:00,106.983,106.991,106.818,106.873
2023-12-13 20:00:00,106.874,106.919,106.788,106.801
2023-12-13 21:00:00,106.79,106.793,105.804,106.005
2023-12-13 22:00:00,106.003,106.076,105.686,105.902
2023-12-13 23:00:00,105.903,105.997,105.669,105.691
2023-12-14 00:00:00,105.692,105.692,105.106,105.48
2023-12-14 01:00:00,105.47,105.734,105.319,105.686
2023-12-14 02:00:00,105.686,105.791,105.348,105.372
2023-12-14 03:00:00,105.374,105.631,105.318,105.546
2023-12-14 04:00:00,105.547,105.615,105.235,105.414
2023-12-14 05:00:00,105.415,105.436,104.73,105.035
2023-12-14 06:00:00,105.035,105.27,105.013,105.208
2023-12-14 07:00:00,105.213,105.319,104.966,104.988
2023-12-14 08:00:00,104.984,105.293,104.944,105.078
2023-12-14 09:00:00,105.072,105.483,104.932,105.384
2023-12-14 10:00:00,105.382,105.458,105.18,105.357
2023-12-14 11:00:00,105.355,105.459,105.094,105.166
2023-12-14 12:00:00,105.167,105.346,105.163,105.236
2023-12-14 13:00:00,105.236,105.238,104.991,105.181
2023-12-14 14:00:00,105.178,105.63,105.137,105.416
2023-12-14 15:00:00,105.416,105.826,105.415,105.636
2023-12-14 16:00:00,105.638,105.76,105.459,105.54
2023-12-14 17:00:00,105.539,105.876,105.413,105.561
2023-12-14 18:00:00,105.563,105.628,105.455,105.58
2023-12-14 19:00:00,105.581,105.767,105.542,105.597
2023-12-14 20:00:00,105.598,105.721,105.569,105.713
2023-12-14 21:00:00,105.715,105.891,105.704,105.839
2023-12-14 22:00:00,105.835,105.875,105.748,105.782
2023-12-14 23:00:00,105.782,105.884,105.771,105.79
2023-12-15 00:00:00,105.74,105.826,105.673,105.826
2023-12-15 01:00:00,105.82,106.14,105.742,106.14
2023-12-15 02:00:00,106.139,106.215,106.043,106.062
2023-12-15 03:00:00,106.06,106.195,105.981,106.194
2023-12-15 04:00:00,106.196,106.233,105.96,106.078
2023-12-15 05:00:00,106.076,106.111,105.889,105.972
2023-12-15 06:00:00,105.984,105.995,105.765,105.844
2023-12-15 07:00:00,105.845,105.959,105.715,105.915
2023-12-15 08:00:00,105.91,106.11,105.886,106.016
2023-12-15 09:00:00,106.011,106.075,105.936,106.043
2023-12-15 10:00:00,106.042,106.149,105.869,105.938
2023-12-15 11:00:00,105.932,106.04,105.85,105.992
2023-12-15 12:00:00,105.996,106.008,105.731,105.892
2023-12-15 13:00:00,105.894,105.955,105.855,105.932
2023-12-15 14:00:00,105.932,105.952,105.722,105.838
2023-12-15 15:00:00,105.836,106.294,105.728,106.181
2023-12-15 16:00:00,106.18,106.193,105.802,105.953
2023-12-15 17:00:00,105.955,106.031,105.71,105.999
2023-12-15 18:00:00,106.002,106.13,105.978,106.008
2023-12-15 19:00:00,106.01,106.255,106.008,106.249
2023-12-15 20:00:00,106.246,106.317,106.156,106.281
2023-12-15 21:00:00,106.281,106.397,106.14,106.325
2023-12-15 22:00:00,106.325,106.345,106.247,106.28
2023-12-15 23:00:00,106.279,106.372,106.152,106.181
2023-12-18 00:00:00,106.027,106.272,105.981,106.256
2023-12-18 01:00:00,106.296,106.44,106.285,106.346
2023-12-18 02:00:00,106.348,106.48,106.183,106.196
2023-12-18 03:00:00,106.196,106.4,106.196,106.256
2023-12-18 04:00:00,106.254,106.369,106.206,106.301
2023-12-18 05:00:00,106.303,106.331,106.218,106.257
2023-12-18 06:00:00,106.259,106.372,106.253,106.258
2023-12-18 07:00:00,106.26,106.348,106.258,106.313
2023-12-18 08:00:00,106.312,106.426,106.304,106.379
2023-12-18 09:00:00,106.379,106.442,106.299,106.402
2023-12-18 10:00:00,106.4,106.541,106.366,106.499
2023-12-18 11:00:00,106.498,106.533,106.397,106.532
2023-12-18 12:00:00,106.532,106.731,106.465,106.651
2023-12-18 13:00:00,106.652,106.838,106.603,106.816
2023-12-18 14:00:00,106.816,106.907,106.777,106.876
2023-12-18 15:00:00,106.877,106.971,106.818,106.861
2023-12-18 16:00:00,106.861,106.949,106.805,106.89
2023-12-18 17:00:00,106.89,106.944,106.718,106.824
2023-12-18 18:00:00,106.824,106.824,106.651,106.798
2023-12-18 19:00:00,106.778,106.825,106.677,106.714
2023-12-18 20:00:00,106.717,106.741,106.634,106.704
2023-12-18 21:00:00,106.706,106.753,106.67,106.68
2023-12-18 22:00:00,106.68,106.722,106.663,106.685
2023-12-18 23:00:00,106.652,106.678,106.518,106.521
2023-12-19 00:00:00,106.527,106.557,106.423,106.539
2023-12-19 01:00:00,106.577,106.605,106.441,106.488
2023-12-19 02:00:00,106.485,106.498,106.208,106.416
2023-12-19 03:00:00,106.418,106.445,106.253,106.421
2023-12-19 04:00:00,106.422,107.29,106.358,107.243
2023-12-19 05:00:00,107.245,107.332,106.971,107.148
2023-12-19 06:00:00,107.148,107.201,106.978,107.056
2023-12-19 07:00:00,107.057,107.183,107.041,107.093
2023-12-19 08:00:00,107.095,107.284,106.35,107.21
2023-12-19 09:00:00,107.21,107.687,107.135,107.608
2023-12-19 10:00:00,107.609,108.058,107.609,107.99
2023-12-19 11:00:00,107.988,108.087,107.822,107.964
2023-12-19 12:00:00,107.962,108.275,107.93,108.2
2023-12-19 13:00:00,108.201,108.266,108.036,108.134
2023-12-19 14:00:00,108.133,108.142,107.767,107.828
2023-12-19 15:00:00,107.826,108.227,107.691,108.094
2023-12-19 16:00:00,108.093,108.19,107.927,108.016
2023-12-19 17:00:00,108.016,108.029,107.705,107.795
2023-12-19 18:00:00,107.795,107.856,107.609,107.639
2023-12-19 19:00:00,107.637,107.82,107.628,107.798
2023-12-19 20:00:00,107.798,107.896,107.733,107.858
2023-12-19 21:00:00,107.858,107.911,107.795,107.898
2023-12-19 22:00:00,107.898,107.902,107.822,107.851
2023-12-19 23:00:00,107.846,107.909,107.799,107.848
2023-12-20 00:00:00,107.864,107.878,107.499,107.878
2023-12-20 01:00:00,107.876,107.942,107.844,107.881
2023-12-20 02:00:00,107.884,108.012,107.75,107.795
2023-12-20 03:00:00,107.795,107.866,107.702,107.776
2023-12-20 04:00:00,107.775,107.897,107.739,107.846
2023-12-20 05:00:00,107.843,107.86,107.625,107.65
2023-12-20 06:00:00,107.652,107.667,107.385,107.462
2023-12-20 07:00:00,107.462,107.636,107.425,107.551
2023-12-20 08:00:00,107.551,107.674,107.522,107.647
2023-12-20 09:00:00,107.645,107.66,107.368,107.556
2023-12-20 10:00:00,107.556,107.703,107.556,107.668
2023-12-20 11:00:00,107.665,107.669,107.49,107.583
2023-12-20 12:00:00,107.585,107.661,107.469,107.479
2023-12-20 13:00:00,107.48,107.593,107.438,107.474
2023-12-20 14:00:00,107.475,107.63,107.454,107.561
2023-12-20 15:00:00,107.56,107.579,107.408,107.445
2023-12-20 16:00:00,107.444,107.587,107.421,107.536
2023-12-20 17:00:00,107.537,107.89,107.529,107.863
2023-12-20 18:00:00,107.865,107.941,107.828,107.889
2023-12-20 19:00:00,107.889,108.022,107.855,108.017
2023-12-20 20:00:00,108.017,108.023,107.946,107.967
2023-12-20 21:00:00,107.967,108.017,107.769,107.771
2023-12-20 22:00:00,107.769,107.795,107.476,107.515
2023-12-20 23:00:00,107.482,107.487,107.34,107.362
2023-12-21 00:00:00,107.284,107.361,107.129,107.281
2023-12-21 01:00:00,107.319,107.42,107.286,107.41
2023-12-21 02:00:00,107.408,107.453,107.308,107.343
2023-12-21 03:00:00,107.344,107.409,107.029,107.094
2023-12-21 04:00:00,107.094,107.136,106.928,106.998
2023-12-21 05:00:00,107.0,107.071,106.953,106.977
2023-12-21 06:00:00,106.977,107.025,106.921,106.948
2023-12-21 07:00:00,106.948,107.114,106.929,107.055
2023-12-21 08:00:00,107.057,107.182,106.996,107.101
2023-12-21 09:00:00,107.101,107.282,107.094,107.266
2023-12-21 10:00:00,107.266,107.407,107.248,107.392
2023-12-21 11:00:00,107.393,107.445,107.129,107.168
2023-12-21 12:00:00,107.168,107.204,107.057,107.089
2023-12-21 13:00:00,107.09,107.13,106.883,106.972
2023-12-21 14:00:00,106.967,107.001,106.873,106.906
2023-12-21 15:00:00,106.908,107.116,106.565,106.666
2023-12-21 16:00:00,106.664,106.845,106.651,106.805
2023-12-21 17:00:00,106.807,107.022,106.762,106.814
2023-12-21 18:00:00,106.813,106.938,106.783,106.919
2023-12-21 19:00:00,106.913,106.944,106.806,106.853
2023-12-21 20:00:00,106.853,107.011,106.847,106.989
2023-12-21 21:00:00,106.989,107.044,106.977,106.994
2023-12-21 22:00:00,106.994,107.083,106.983,107.04
2023-12-21 23:00:00,107.035,107.114,106.914,106.941
2023-12-22 00:00:00,106.969,107.06,106.817,107.002
2023-12-22 01:00:00,107.006,107.043,106.899,106.915
2023-12-22 02:00:00,106.913,107.057,106.803,107.022
2023-12-22 03:00:00,107.022,107.183,107.022,107.133
2023-12-22 04:00:00,107.133,107.227,107.091,107.184
2023-12-22 05:00:00,107.184,107.285,107.183,107.232
2023-12-22 06:00:00,107.229,107.256,107.115,107.134
2023-12-22 07:00:00,107.133,107.218,107.079,107.1
2023-12-22 08:00:00,107.099,107.13,106.99,107.103
2023-12-22 09:00:00,107.103,107.14,106.992,107.092
2023-12-22 10:00:00,107.093,107.253,107.072,107.094
2023-12-22 11:00:00,107.093,107.116,106.962,107.035
2023-12-22 12:00:00,107.034,107.077,106.958,107.041
2023-12-22 13:00:00,107.041,107.076,106.854,106.97
2023-12-22 14:00:00,106.971,107.063,106.908,107.003
2023-12-22 15:00:00,107.001,107.208,106.904,107.059
2023-12-22 16:00:00,107.06,107.373,106.971,107.345
2023-12-22 17:00:00,107.351,107.509,107.271,107.28
2023-12-22 18:00:00,107.281,107.535,107.23,107.507
2023-12-22 19:00:00,107.509,107.556,107.41,107.432
2023-12-22 20:00:00,107.43,107.438,107.373,107.393
2023-12-22 21:00:00,107.395,107.436,107.254,107.429
2023-12-22 22:00:00,107.431,107.461,107.382,107.39
2023-12-22 23:00:00,107.384,107.402,107.211,107.232
2023-12-25 00:00:00,107.066,107.117,106.846,106.991
2023-12-25 01:00:00,107.036,107.208,107.036,107.181
2023-12-25 02:00:00,107.195,107.282,107.181,107.231
2023-12-26 00:00:00,107.251,107.345,107.225,107.308
2023-12-26 01:00:00,107.357,107.384,107.219,107.32
2023-12-26 02:00:00,107.32,107.387,107.152,107.288
2023-12-26 03:00:00,107.286,107.353,107.25,107.312
2023-12-26 04:00:00,107.312,107.361,107.248,107.291
2023-12-26 05:00:00,107.29,107.318,107.252,107.294
2023-12-26 06:00:00,107.293,107.346,107.26,107.341
2023-12-26 07:00:00,107.343,107.373,107.294,107.349
2023-12-26 08:00:00,107.349,107.402,107.344,107.398
2023-12-26 09:00:00,107.398,107.474,107.372,107.405
2023-12-26 10:00:00,107.405,107.41,107.319,107.396
2023-12-26 11:00:00,107.397,107.523,107.391,107.516
2023-12-26 12:00:00,107.514,107.537,107.42,107.44
2023-12-26 13:00:00,107.44,107.469,107.4,107.459
2023-12-26 14:00:00,107.458,107.529,107.458,107.492
2023-12-26 15:00:00,107.492,107.748,107.489,107.734
2023-12-26 16:00:00,107.733,107.855,107.731,107.795
2023-12-26 17:00:00,107.799,107.996,107.785,107.957
2023-12-26 18:00:00,107.962,107.975,107.829,107.871
2023-12-26 19:00:00,107.863,107.866,107.799,107.824
2023-12-26 20:00:00,107.824,107.863,107.784,107.846
2023-12-26 21:00:00,107.846,107.92,107.839,107.91
2023-12-26 22:00:00,107.911,107.911,107.849,107.887
2023-12-26 23:00:00,107.853,107.91,107.829,107.904
2023-12-27 00:00:00,107.897,107.897,107.643,107.79
2023-12-27 01:00:00,107.828,107.957,107.816,107.957
2023-12-27 02:00:00,107.957,108.154,107.939,108.032
2023-12-27 03:00:00,108.034,108.121,107.99,108.035
2023-12-27 04:00:00,108.035,108.12,107.938,107.968
2023-12-27 05:00:00,107.97,108.042,107.946,108.033
2023-12-27 06:00:00,108.033,108.153,108.026,108.099
2023-12-27 07:00:00,108.101,108.13,108.06,108.077
2023-12-27 08:00:00,108.078,108.192,108.042,108.181
2023-12-27 09:00:00,108.179,108.265,108.154,108.196
2023-12-27 10:00:00,108.197,108.212,107.914,107.993
2023-12-27 11:00:00,107.994,108.006,107.854,107.985
2023-12-27 12:00:00,107.986,108.08,107.963,108.071
2023-12-27 13:00:00,108.072,108.077,107.964,107.997
2023-12-27 14:00:00,107.994,108.035,107.933,107.977
2023-12-27 15:00:00,107.976,108.085,107.929,108.024
2023-12-27 16:00:00,108.025,108.184,108.02,108.058
2023-12-27 17:00:00,108.059,108.3,107.68,107.685
2023-12-27 18:00:00,107.684,107.69,107.419,107.595
2023-12-27 19:00:00,107.587,107.67,107.541,107.554
2023-12-27 20:00:00,107.554,107.596,107.45,107.494
2023-12-27 21:00:00,107.492,107.521,107.105,107.369
2023-12-27 22:00:00,107.371,107.381,107.252,107.361
2023-12-27 23:00:00,107.325,107.408,107.25,107.361
2023-12-28 00:00:00,107.361,107.361,107.069,107.139
2023-12-28 01:00:00,107.202,107.274,107.059,107.099
2023-12-28 02:00:00,107.099,107.327,106.909,107.243
2023-12-28 03:00:00,107.243,107.26,107.118,107.155
2023-12-28 04:00:00,107.151,107.164,107.039,107.131
2023-12-28 05:00:00,107.133,107.172,107.052,107.072
2023-12-28 06:00:00,107.074,107.075,106.895,106.93
2023-12-28 07:00:00,106.928,107.03,106.879,106.922
2023-12-28 08:00:00,106.92,106.998,106.888,106.946
2023-12-28 09:00:00,106.946,106.965,106.656,106.758
2023-12-28 10:00:00,106.757,106.869,106.678,106.714
2023-12-28 11:00:00,106.715,106.733,106.48,106.517
2023-12-28 12:00:00,106.518,106.557,106.394,106.484
2023-12-28 13:00:00,106.484,106.536,106.418,106.535
2023-12-28 14:00:00,106.534,106.61,106.431,106.547
2023-12-28 15:00:00,106.547,106.837,106.489,106.815
2023-12-28 16:00:00,106.816,106.87,106.697,106.708
2023-12-28 17:00:00,106.708,106.857,106.322,106.841
2023-12-28 18:00:00,106.84,107.144,106.827,106.851
2023-12-28 19:00:00,106.843,107.09,106.839,106.85
2023-12-28 20:00:00,106.852,107.083,106.834,106.961
2023-12-28 21:00:00,106.961,107.001,106.899,106.91
2023-12-28 22:00:00,106.908,106.922,106.812,106.862
2023-12-28 23:00:00,106.828,106.903,106.813,106.854
2023-12-29 00:00:00,106.761,106.877,106.718,106.795
2023-12-29 01:00:00,106.832,106.912,106.765,106.891
2023-12-29 02:00:00,106.893,107.106,106.848,107.057
2023-12-29 03:00:00,107.059,107.059,106.943,106.965
2023-12-29 04:00:00,106.964,107.0,106.863,106.94
2023-12-29 05:00:00,106.94,106.979,106.885,106.957
2023-12-29 06:00:00,106.956,106.97,106.854,106.928
2023-12-29 07:00:00,106.928,106.932,106.805,106.842
2023-12-29 08:00:00,106.842,106.877,106.726,106.741
2023-12-29 09:00:00,106.74,106.826,106.64,106.811
2023-12-29 10:00:00,106.811,106.912,106.759,106.891
2023-12-29 11:00:00,106.893,107.097,106.872,107.08
2023-12-29 12:00:00,107.084,107.089,106.844,106.909
2023-12-29 13:00:00,106.908,106.955,106.771,106.791
2023-12-29 14:00:00,106.791,106.802,106.64,106.708
2023-12-29 15:00:00,106.707,107.026,106.707,106.991
2023-12-29 16:00:00,106.99,107.034,106.858,106.996
2023-12-29 17:00:00,106.994,107.214,106.853,106.926
2023-12-29 18:00:00,106.93,107.006,106.632,106.714
2023-12-29 19:00:00,106.708,106.718,106.569,106.629
2023-12-29 20:00:00,106.631,106.778,106.475,106.476
2023-12-29 21:00:00,106.473,106.528,106.424,106.513
2023-12-29 22:00:00,106.513,106.583,106.376,106.393
2023-12-29 23:00:00,106.393,106.44,106.316,106.364
2024-01-02 00:00:00,106.13,106.369,106.076,106.333
2024-01-02 01:00:00,106.38,106.55,106.315,106.532
2024-01-02 02:00:00,106.532,106.711,106.525,106.55
2024-01-02 03:00:00,106.55,106.849,106.55,106.8
2024-01-02 04:00:00,106.799,106.911,106.708,106.795
2024-01-02 05:00:00,106.795,106.861,106.727,106.734
2024-01-02 06:00:00,106.734,106.789,106.704,106.771
2024-01-02 07:00:00,106.771,106.787,106.691,106.777
2024-01-02 08:00:00,106.774,106.792,106.698,106.764
2024-01-02 09:00:00,106.766,106.864,106.725,106.814
2024-01-02 10:00:00,106.814,106.928,106.728,106.894
2024-01-02 11:00:00,106.894,106.954,106.727,106.801
2024-01-02 12:00:00,106.802,106.912,106.77,106.903
2024-01-02 13:00:00,106.904,106.966,106.828,106.89
2024-01-02 14:00:00,106.891,107.071,106.824,106.919
2024-01-02 15:00:00,106.918,106.933,106.654,106.878
2024-01-02 16:00:00,106.876,106.896,106.22,106.295
2024-01-02 17:00:00,106.293,106.64,106.266,106.607
2024-01-02 18:00:00,106.608,106.662,106.456,106.595
2024-01-02 19:00:00,106.587,106.712,106.563,106.695
2024-01-02 20:00:00,106.693,106.696,106.499,106.506
2024-01-02 21:00:00,106.504,106.558,106.444,106.501
2024-01-02 22:00:00,106.501,106.504,106.354,106.484
2024-01-02 23:00:00,106.452,106.605,106.44,106.563
2024-01-03 00:00:00,106.512,106.595,106.343,106.593
2024-01-03 01:00:00,106.58,106.713,106.562,106.706
2024-01-03 02:00:00,106.704,106.704,106.492,106.542
2024-01-03 03:00:00,106.54,106.627,106.49,106.55
2024-01-03 04:00:00,106.552,106.574,106.501,106.558
2024-01-03 05:00:00,106.56,106.564,106.451,106.464
2024-01-03 06:00:00,106.463,106.504,106.441,106.46
2024-01-03 07:00:00,106.46,106.637,106.456,106.627
2024-01-03 08:00:00,106.627,106.659,106.559,106.624
2024-01-03 09:00:00,106.622,106.892,106.578,106.878
2024-01-03 10:00:00,106.878,107.011,106.855,106.99
2024-01-03 11:00:00,106.988,107.04,106.897,107.033
2024-01-03 12:00:00,107.034,107.121,106.958,106.97
2024-01-03 13:00:00,106.971,107.143,106.923,107.114
2024-01-03 14:00:00,107.112,107.176,107.02,107.099
2024-01-03 15:00:00,107.1,107.168,106.974,107.026
2024-01-03 16:00:00,107.026,107.338,106.975,107.258
2024-01-03 17:00:00,107.264,107.602,107.009,107.551
2024-01-03 18:00:00,107.551,107.56,107.357,107.461
2024-01-03 19:00:00,107.453,107.589,107.379,107.468
2024-01-03 20:00:00,107.464,107.596,107.369,107.398
2024-01-03 21:00:00,107.395,107.51,107.2,107.235
2024-01-03 22:00:00,107.237,107.28,107.16,107.216
2024-01-03 23:00:00,107.184,107.321,107.172,107.288
2024-01-04 00:00:00,107.31,107.31,107.124,107.152
2024-01-04 01:00:00,107.191,107.217,107.084,107.117
2024-01-04 02:00:00,107.115,107.34,106.991,107.305
2024-01-04 03:00:00,107.305,107.465,107.202,107.454
2024-01-04 04:00:00,107.453,107.465,107.387,107.447
2024-01-04 05:00:00,107.447,107.469,107.346,107.455
2024-01-04 06:00:00,107.455,107.646,107.448,107.617
2024-01-04 07:00:00,107.619,107.841,107.606,107.766
2024-01-04 08:00:00,107.766,107.809,107.685,107.703
2024-01-04 09:00:00,107.706,107.737,107.494,107.639
2024-01-04 10:00:00,107.638,107.805,107.609,107.764
2024-01-04 11:00:00,107.768,108.0,107.751,107.973
2024-01-04 12:00:00,107.975,108.282,107.971,108.271
2024-01-04 13:00:00,108.269,108.316,108.106,108.155
2024-01-04 14:00:00,108.155,108.195,108.005,108.157
2024-01-04 15:00:00,108.154,108.272,108.018,108.211
2024-01-04 16:00:00,108.209,108.444,108.202,108.395
2024-01-04 17:00:00,108.393,108.408,108.2,108.328
2024-01-04 18:00:00,108.329,108.329,108.144,108.251
2024-01-04 19:00:00,108.243,108.312,108.189,108.264
2024-01-04 20:00:00,108.264,108.389,108.229,108.245
2024-01-04 21:00:00,108.243,108.272,108.196,108.237
2024-01-04 22:00:00,108.237,108.303,108.217,108.276
2024-01-04 23:00:00,108.244,108.368,108.233,108.307
2024-01-05 00:00:00,108.307,108.323,108.124,108.242
2024-01-05 01:00:00,108.279,108.4,108.272,108.379
2024-01-05 02:00:00,108.381,108.513,108.307,108.429
2024-01-05 03:00:00,108.431,108.461,108.347,108.406
2024-01-05 04:00:00,108.406,108.44,108.349,108.418
2024-01-05 05:00:00,108.42,108.486,108.383,108.456
2024-01-05 06:00:00,108.458,108.466,108.36,108.371
2024-01-05 07:00:00,108.373,108.38,108.23,108.297
2024-01-05 08:00:00,108.297,108.714,108.282,108.65
2024-01-05 09:00:00,108.652,108.67,108.506,108.575
2024-01-05 10:00:00,108.575,108.578,108.425,108.56
2024-01-05 11:00:00,108.562,108.622,108.498,108.564
2024-01-05 12:00:00,108.564,108.658,108.541,108.585
2024-01-05 13:00:00,108.587,108.697,108.554,108.625
2024-01-05 14:00:00,108.626,108.646,108.467,108.484
2024-01-05 15:00:00,108.486,109.027,108.466,108.884
2024-01-05 16:00:00,108.883,108.903,108.541,108.833
2024-01-05 17:00:00,108.835,108.835,108.031,108.174
2024-01-05 18:00:00,108.173,108.416,108.157,108.397
2024-01-05 19:00:00,108.388,108.506,108.382,108.479
2024-01-05 20:00:00,108.481,108.544,108.341,108.347
2024-01-05 21:00:00,108.345,108.347,108.2,108.254
2024-01-05 22:00:00,108.252,108.31,108.224,108.299
2024-01-05 23:00:00,108.264,108.332,108.07,108.145
2024-01-08 00:00:00,107.998,108.253,107.894,108.163
2024-01-08 01:00:00,108.163,108.425,108.125,108.308
2024-01-08 02:00:00,108.31,108.367,108.243,108.25
2024-01-08 03:00:00,108.252,108.296,108.07,108.094
2024-01-08 04:00:00,108.094,108.188,108.09,108.137
2024-01-08 05:00:00,108.137,108.154,107.974,108.05
2024-01-08 06:00:00,108.052,108.087,107.982,108.006
2024-01-08 07:00:00,108.01,108.024,107.929,107.931
2024-01-08 08:00:00,107.931,107.953,107.833,107.859
2024-01-08 09:00:00,107.861,108.033,107.8,107.963
2024-01-08 10:00:00,107.962,108.024,107.857,107.99
2024-01-08 11:00:00,107.991,108.006,107.747,107.798
2024-01-08 12:00:00,107.799,107.961,107.774,107.883
2024-01-08 13:00:00,107.882,107.998,107.814,107.98
2024-01-08 14:00:00,107.98,108.1,107.931,107.968
2024-01-08 15:00:00,107.967,108.029,107.759,107.831
2024-01-08 16:00:00,107.832,107.867,107.541,107.62
2024-01-08 17:00:00,107.623,107.73,107.515,107.619
2024-01-08 18:00:00,107.621,107.713,107.44,107.676
2024-01-08 19:00:00,107.669,107.701,107.61,107.691
2024-01-08 20:00:00,107.694,107.845,107.687,107.837
2024-01-08 21:00:00,107.837,107.936,107.828,107.921
2024-01-08 22:00:00,107.921,108.019,107.889,107.936
2024-01-08 23:00:00,107.904,108.048,107.875,108.035
2024-01-09 00:00:00,108.034,108.06,107.922,107.977
2024-01-09 01:00:00,108.015,108.044,107.917,108.008
2024-01-09 02:00:00,108.008,108.032,107.754,107.815
2024-01-09 03:00:00,107.817,107.837,107.458,107.474
2024-01-09 04:00:00,107.472,107.648,107.448,107.636
2024-01-09 05:00:00,107.638,107.653,107.516,107.579
2024-01-09 06:00:00,107.581,107.598,107.494,107.499
2024-01-09 07:00:00,107.498,107.654,107.497,107.59
2024-01-09 08:00:00,107.59,107.835,107.589,107.807
2024-01-09 09:00:00,107.805,107.909,107.694,107.866
2024-01-09 10:00:00,107.866,107.977,107.717,107.784
2024-01-09 11:00:00,107.782,107.793,107.669,107.789
2024-01-09 12:00:00,107.791,107.856,107.687,107.768
2024-01-09 13:00:00,107.767,107.809,107.662,107.717
2024-01-09 14:00:00,107.717,107.839,107.684,107.759
2024-01-09 15:00:00,107.758,107.925,107.473,107.513
2024-01-09 16:00:00,107.512,107.543,107.279,107.431
2024-01-09 17:00:00,107.43,107.783,107.222,107.67
2024-01-09 18:00:00,107.669,107.844,107.636,107.831
2024-01-09 19:00:00,107.825,107.881,107.761,107.822
2024-01-09 20:00:00,107.822,107.957,107.746,107.915
2024-01-09 21:00:00,107.915,107.929,107.803,107.898
2024-01-09 22:00:00,107.896,107.901,107.749,107.843
2024-01-09 23:00:00,107.811,107.911,107.803,107.877
2024-01-10 00:00:00,107.878,107.881,107.713,107.81
2024-01-10 01:00:00,107.845,107.867,107.752,107.852
2024-01-10 02:00:00,107.854,108.071,107.845,107.944
2024-01-10 03:00:00,107.946,108.176,107.944,108.144
2024-01-10 04:00:00,108.146,108.277,108.136,108.233
2024-01-10 05:00:00,108.231,108.284,108.16,108.222
2024-01-10 06:00:00,108.222,108.225,108.157,108.194
2024-01-10 07:00:00,108.194,108.24,108.097,108.179
2024-01-10 08:00:00,108.177,108.352,108.132,108.307
2024-01-10 09:00:00,108.307,108.367,108.215,108.279
2024-01-10 10:00:00,108.279,108.425,108.196,108.386
2024-01-10 11:00:00,108.388,108.429,108.305,108.375
2024-01-10 12:00:00,108.379,108.401,108.298,108.39
2024-01-10 13:00:00,108.389,108.497,108.363,108.401
2024-01-10 14:00:00,108.402,108.608,108.4,108.561
2024-01-10 15:00:00,108.562,108.59,108.439,108.548
2024-01-10 16:00:00,108.548,108.752,108.531,108.678
2024-01-10 17:00:00,108.681,108.887,108.657,108.821
2024-01-10 18:00:00,108.82,108.964,108.728,108.872
2024-01-10 19:00:00,108.864,108.896,108.759,108.815
2024-01-10 20:00:00,108.817,108.847,108.738,108.83
2024-01-10 21:00:00,108.83,108.901,108.8,108.894
2024-01-10 22:00:00,108.894,108.964,108.84,108.955
2024-01-10 23:00:00,108.921,108.966,108.856,108.912
2024-01-11 00:00:00,108.914,108.916,108.646,108.792
2024-01-11 01:00:00,108.83,108.973,108.821,108.904
2024-01-11 02:00:00,108.904,108.944,108.731,108.779
2024-01-11 03:00:00,108.779,108.854,108.727,108.754
2024-01-11 04:00:00,108.752,108.932,108.724,108.886
2024-01-11 05:00:00,108.886,108.901,108.746,108.752
2024-01-11 06:00:00,108.751,108.796,108.711,108.776
2024-01-11 07:00:00,108.777,108.905,108.738,108.897
2024-01-11 08:00:00,108.895,108.934,108.841,108.853
2024-01-11 09:00:00,108.853,108.881,108.772,108.793
2024-01-11 10:00:00,108.792,108.855,108.742,108.818
2024-01-11 11:00:00,108.817,108.881,108.755,108.849
2024-01-11 12:00:00,108.85,108.875,108.711,108.729
2024-01-11 13:00:00,108.731,108.845,108.711,108.789
2024-01-11 14:00:00,108.788,108.868,108.741,108.827
2024-01-11 15:00:00,108.827,109.127,108.377,109.113
2024-01-11 16:00:00,109.114,109.23,108.839,108.914
2024-01-11 17:00:00,108.913,108.949,108.644,108.68
2024-01-11 18:00:00,108.681,108.763,108.595,108.649
2024-01-11 19:00:00,108.649,108.714,108.583,108.699
2024-01-11 20:00:00,108.699,108.84,108.656,108.733
2024-01-11 21:00:00,108.732,108.756,108.544,108.593
2024-01-11 22:00:00,108.593,108.61,108.483,108.483
2024-01-11 23:00:00,108.483,108.614,108.41,108.443
2024-01-12 00:00:00,108.445,108.49,108.314,108.471
2024-01-12 01:00:00,108.5,108.505,108.236,108.439
2024-01-12 02:00:00,108.441,108.621,108.424,108.527
2024-01-12 03:00:00,108.529,108.628,108.388,108.505
2024-01-12 04:00:00,108.505,108.595,108.446,108.5
2024-01-12 05:00:00,108.497,108.497,108.282,108.321
2024-01-12 06:00:00,108.322,108.376,108.299,108.357
2024-01-12 07:00:00,108.358,108.557,108.357,108.549
2024-01-12 08:00:00,108.549,108.578,108.448,108.499
2024-01-12 09:00:00,108.501,108.57,108.444,108.505
2024-01-12 10:00:00,108.505,108.639,108.419,108.577
2024-01-12 11:00:00,108.578,108.661,108.535,108.655
2024-01-12 12:00:00,108.651,108.738,108.606,108.646
2024-01-12 13:00:00,108.642,108.645,108.509,108.564
2024-01-12 14:00:00,108.564,108.698,108.48,108.686
2024-01-12 15:00:00,108.688,108.784,108.333,108.407
2024-01-12 16:00:00,108.408,108.473,108.14,108.238
2024-01-12 17:00:00,108.238,108.304,108.075,108.098
2024-01-12 18:00:00,108.098,108.194,107.992,108.081
2024-01-12 19:00:00,108.085,108.141,108.03,108.138
2024-01-12 20:00:00,108.138,108.192,108.064,108.1
2024-01-12 21:00:00,108.102,108.113,108.004,108.061
2024-01-12 22:00:00,108.061,108.116,108.024,108.024
2024-01-12 23:00:00,108.024,108.101,107.985,108.07
2024-01-15 00:00:00,107.987,108.105,107.77,108.069
2024-01-15 01:00:00,108.116,108.255,108.055,108.251
2024-01-15 02:00:00,108.251,108.279,108.174,108.223
2024-01-15 03:00:00,108.223,108.33,108.198,108.292
2024-01-15 04:00:00,108.292,108.325,108.239,108.298
2024-01-15 05:00:00,108.3,108.439,108.293,108.387
2024-01-15 06:00:00,108.389,108.416,108.352,108.389
2024-01-15 07:00:00,108.391,108.459,108.329,108.404
2024-01-15 08:00:00,108.404,108.449,108.381,108.44
2024-01-15 09:00:00,108.44,108.616,108.43,108.455
2024-01-15 10:00:00,108.456,108.494,108.359,108.469
2024-01-15 11:00:00,108.47,108.669,108.426,108.578
2024-01-15 12:00:00,108.574,108.631,108.537,108.558
2024-01-15 13:00:00,108.559,108.594,108.487,108.574
2024-01-15 14:00:00,108.577,108.769,108.571,108.635
2024-01-15 15:00:00,108.634,108.674,108.521,108.546
2024-01-15 16:00:00,108.547,108.619,108.522,108.576
2024-01-15 17:00:00,108.576,108.587,108.374,108.501
2024-01-15 18:00:00,108.5,108.542,108.372,108.478
2024-01-15 19:00:00,108.471,108.488,108.395,108.465
2024-01-15 20:00:00,108.467,108.502,108.462,108.49
2024-01-15 21:00:00,108.488,108.522,108.465,108.499
2024-01-15 22:00:00,108.499,108.536,108.491,108.536
2024-01-15 23:00:00,108.502,108.582,108.483,108.483
2024-01-16 00:00:00,108.494,108.551,108.428,108.551
2024-01-16 01:00:00,108.55,108.597,108.489,108.496
2024-01-16 02:00:00,108.494,108.496,108.327,108.408
2024-01-16 03:00:00,108.408,108.584,108.364,108.425
2024-01-16 04:00:00,108.425,108.595,108.408,108.425
2024-01-16 05:00:00,108.424,108.493,108.336,108.419
2024-01-16 06:00:00,108.421,108.53,108.419,108.465
2024-01-16 07:00:00,108.465,108.524,108.423,108.442
2024-01-16 08:00:00,108.44,108.478,108.381,108.423
2024-01-16 09:00:00,108.423,108.45,108.331,108.407
2024-01-16 10:00:00,108.407,108.618,108.264,108.573
2024-01-16 11:00:00,108.569,108.662,108.481,108.565
2024-01-16 12:00:00,108.564,108.756,108.539,108.664
2024-01-16 13:00:00,108.663,108.739,108.624,108.696
2024-01-16 14:00:00,108.698,108.911,108.687,108.845
2024-01-16 15:00:00,108.846,108.986,108.718,108.903
2024-01-16 16:00:00,108.903,108.912,108.69,108.793
2024-01-16 17:00:00,108.793,108.883,108.711,108.871
2024-01-16 18:00:00,108.868,109.226,108.864,109.104
2024-01-16 19:00:00,109.096,109.175,109.077,109.147
2024-01-16 20:00:00,109.147,109.155,109.075,109.09
2024-01-16 21:00:00,109.088,109.123,109.044,109.112
2024-01-16 22:00:00,109.112,109.112,109.028,109.096
2024-01-16 23:00:00,109.062,109.108,109.013,109.056
2024-01-17 00:00:00,109.061,109.09,108.819,108.978
2024-01-17 01:00:00,109.015,109.157,109.007,109.142
2024-01-17 02:00:00,109.14,109.284,109.128,109.218
2024-01-17 03:00:00,109.216,109.242,109.051,109.11
2024-01-17 04:00:00,109.113,109.195,109.091,109.167
2024-01-17 05:00:00,109.165,109.238,109.1,109.121
2024-01-17 06:00:00,109.119,109.175,109.095,109.163
2024-01-17 07:00:00,109.163,109.295,109.129,109.233
2024-01-17 08:00:00,109.233,109.402,109.223,109.296
2024-01-17 09:00:00,109.297,109.497,109.291,109.384
2024-01-17 10:00:00,109.385,109.394,109.246,109.32
2024-01-17 11:00:00,109.321,109.356,109.175,109.27
2024-01-17 12:00:00,109.272,109.309,109.164,109.295
2024-01-17 13:00:00,109.295,109.321,109.166,109.168
2024-01-17 14:00:00,109.168,109.322,109.141,109.292
2024-01-17 15:00:00,109.292,109.436,109.246,109.414
2024-01-17 16:00:00,109.412,109.642,109.257,109.617
2024-01-17 17:00:00,109.616,109.883,109.577,109.803
2024-01-17 18:00:00,109.802,109.892,109.695,109.714
2024-01-17 19:00:00,109.707,109.717,109.522,109.563
2024-01-17 20:00:00,109.562,109.667,109.556,109.654
2024-01-17 21:00:00,109.656,109.702,109.615,109.667
2024-01-17 22:00:00,109.663,109.692,109.577,109.664
2024-01-17 23:00:00,109.629,109.703,109.582,109.693
2024-01-18 00:00:00,109.692,109.692,109.408,109.619
2024-01-18 01:00:00,109.655,109.704,109.616,109.701
2024-01-18 02:00:00,109.699,109.788,109.638,109.667
2024-01-18 03:00:00,109.669,109.746,109.578,109.722
2024-01-18 04:00:00,109.72,109.734,109.643,109.665
2024-01-18 05:00:00,109.667,109.765,109.665,109.688
2024-01-18 06:00:00,109.688,109.691,109.59,109.613
2024-01-18 07:00:00,109.613,109.698,109.574,109.584
2024-01-18 08:00:00,109.584,109.68,109.54,109.567
2024-01-18 09:00:00,109.567,109.632,109.513,109.533
2024-01-18 10:00:00,109.532,109.599,109.445,109.553
2024-01-18 11:00:00,109.554,109.582,109.426,109.566
2024-01-18 12:00:00,109.567,109.616,109.535,109.596
2024-01-18 13:00:00,109.594,109.693,109.569,109.582
2024-01-18 14:00:00,109.584,109.645,109.547,109.581
2024-01-18 15:00:00,109.582,109.67,109.374,109.643
2024-01-18 16:00:00,109.644,109.663,109.507,109.642
2024-01-18 17:00:00,109.643,109.775,109.609,109.643
2024-01-18 18:00:00,109.639,109.81,109.604,109.703
2024-01-18 19:00:00,109.696,109.778,109.693,109.719
2024-01-18 20:00:00,109.721,109.735,109.605,109.698
2024-01-18 21:00:00,109.703,109.76,109.703,109.754
2024-01-18 22:00:00,109.756,109.823,109.752,109.765
2024-01-18 23:00:00,109.76,109.852,109.744,109.838
2024-01-19 00:00:00,109.846,109.848,109.615,109.811
2024-01-19 01:00:00,109.815,109.849,109.742,109.827
2024-01-19 02:00:00,109.827,109.837,109.696,109.759
2024-01-19 03:00:00,109.757,109.991,109.743,109.99
2024-01-19 04:00:00,109.991,110.054,109.838,109.93
2024-01-19 05:00:00,109.931,109.96,109.867,109.893
2024-01-19 06:00:00,109.895,109.98,109.89,109.974
2024-01-19 07:00:00,109.974,110.158,109.97,110.123
2024-01-19 08:00:00,110.121,110.231,110.077,110.091
2024-01-19 09:00:00,110.093,110.113,109.893,109.931
2024-01-19 10:00:00,109.927,109.972,109.812,109.854
2024-01-19 11:00:00,109.856,109.976,109.781,109.884
2024-01-19 12:00:00,109.886,109.906,109.78,109.808
2024-01-19 13:00:00,109.808,109.928,109.79,109.847
2024-01-19 14:00:00,109.845,109.965,109.833,109.949
2024-01-19 15:00:00,109.947,110.049,109.862,109.916
2024-01-19 16:00:00,109.916,110.115,109.856,110.063
2024-01-19 17:00:00,110.057,110.198,109.954,109.994
2024-01-19 18:00:00,109.992,110.069,109.959,110.021
2024-01-19 19:00:00,110.021,110.039,109.932,110.023
2024-01-19 20:00:00,110.023,110.187,110.023,110.177
2024-01-19 21:00:00,110.177,110.291,110.17,110.291
2024-01-19 22:00:00,110.291,110.307,110.235,110.256
2024-01-19 23:00:00,110.251,110.317,110.202,110.271
2024-01-22 00:00:00,110.21,110.34,109.921,110.159
2024-01-22 01:00:00,110.25,110.38,110.215,110.264
2024-01-22 02:00:00,110.263,110.301,110.169,110.278
2024-01-22 03:00:00,110.277,110.302,110.045,110.095
2024-01-22 04:00:00,110.095,110.176,109.999,110.013
2024-01-22 05:00:00,110.013,110.125,110.007,110.084
2024-01-22 06:00:00,110.084,110.096,110.002,110.013
2024-01-22 07:00:00,110.013,110.201,110.006,110.154
2024-01-22 08:00:00,110.156,110.21,110.075,110.188
2024-01-22 09:00:00,110.186,110.218,110.119,110.192
2024-01-22 10:00:00,110.196,110.393,110.162,110.365
2024-01-22 11:00:00,110.366,110.375,110.244,110.31
2024-01-22 12:00:00,110.311,110.329,110.231,110.264
2024-01-22 13:00:00,110.263,110.279,110.163,110.205
2024-01-22 14:00:00,110.206,110.237,110.06,110.089
2024-01-22 15:00:00,110.089,110.126,109.858,109.904
2024-01-22 16:00:00,109.904,110.111,109.87,110.075
2024-01-22 17:00:00,110.075,110.128,109.894,109.952
2024-01-22 18:00:00,109.951,110.019,109.886,109.947
2024-01-22 19:00:00,109.949,110.024,109.94,110.0
2024-01-22 20:00:00,110.0,110.048,109.961,109.968
2024-01-22 21:00:00,109.968,109.982,109.835,109.849
2024-01-22 22:00:00,109.849,109.887,109.801,109.802
2024-01-22 23:00:00,109.769,109.896,109.761,109.864
2024-01-23 00:00:00,109.865,109.873,109.579,109.753
2024-01-23 01:00:00,109.791,109.903,109.758,109.9
2024-01-23 02:00:00,109.901,109.957,109.876,109.903
2024-01-23 03:00:00,109.899,109.91,109.834,109.852
2024-01-23 04:00:00,109.852,110.039,109.83,109.973
2024-01-23 05:00:00,109.971,110.211,109.788,109.804
2024-01-23 06:00:00,109.806,110.026,109.778,109.864
2024-01-23 07:00:00,109.862,109.952,109.811,109.873
2024-01-23 08:00:00,109.873,110.05,109.223,109.334
2024-01-23 09:00:00,109.333,109.729,109.263,109.575
2024-01-23 10:00:00,109.576,109.639,109.305,109.33
2024-01-23 11:00:00,109.331,109.618,109.317,109.6
2024-01-23 12:00:00,109.601,109.756,109.601,109.698
2024-01-23 13:00:00,109.697,109.884,109.646,109.824
2024-01-23 14:00:00,109.824,109.907,109.732,109.808
2024-01-23 15:00:00,109.809,109.905,109.781,109.856
2024-01-23 16:00:00,109.857,110.075,109.851,110.016
2024-01-23 17:00:00,110.018,110.192,109.986,110.13
2024-01-23 18:00:00,110.132,110.164,110.055,110.144
2024-01-23 19:00:00,110.137,110.223,110.098,110.194
2024-01-23 20:00:00,110.196,110.205,110.117,110.15
2024-01-23 21:00:00,110.15,110.187,110.086,110.159
2024-01-23 22:00:00,110.159,110.206,110.132,110.138
2024-01-23 23:00:00,110.105,110.236,110.105,110.181
2024-01-24 00:00:00,110.184,110.212,110.049,110.137
2024-01-24 01:00:00,110.224,110.23,110.099,110.153
2024-01-24 02:00:00,110.151,110.162,109.962,110.013
2024-01-24 03:00:00,110.011,110.044,109.902,109.908
2024-01-24 04:00:00,109.91,110.004,109.877,109.9
2024-01-24 05:00:00,109.898,109.938,109.662,109.673
2024-01-24 06:00:00,109.671,109.777,109.651,109.764
2024-01-24 07:00:00,109.766,109.838,109.738,109.774
2024-01-24 08:00:00,109.776,109.851,109.751,109.835
2024-01-24 09:00:00,109.832,109.869,109.731,109.846
2024-01-24 10:00:00,109.847,109.847,109.661,109.7
2024-01-24 11:00:00,109.701,109.772,109.623,109.743
2024-01-24 12:00:00,109.744,109.77,109.644,109.665
2024-01-24 13:00:00,109.666,109.717,109.639,109.675
2024-01-24 14:00:00,109.673,109.682,109.398,109.428
2024-01-24 15:00:00,109.429,109.438,109.232,109.259
2024-01-24 16:00:00,109.26,109.495,109.133,109.133
2024-01-24 17:00:00,109.133,109.148,108.877,108.95
2024-01-24 18:00:00,108.952,109.362,108.92,109.271
2024-01-24 19:00:00,109.273,109.283,109.154,109.175
2024-01-24 20:00:00,109.178,109.253,109.117,109.165
2024-01-24 21:00:00,109.166,109.221,109.067,109.175
2024-01-24 22:00:00,109.173,109.177,109.072,109.072
2024-01-24 23:00:00,109.077,109.132,109.006,109.062
2024-01-25 00:00:00,109.061,109.068,108.878,109.034
2024-01-25 01:00:00,109.007,109.14,109.001,109.106
2024-01-25 02:00:00,109.102,109.214,109.078,109.193
2024-01-25 03:00:00,109.195,109.248,109.094,109.169
2024-01-25 04:00:00,109.171,109.249,109.153,109.237
2024-01-25 05:00:00,109.237,109.262,109.165,109.207
2024-01-25 06:00:00,109.205,109.309,109.173,109.307
2024-01-25 07:00:00,109.305,109.32,109.24,109.284
2024-01-25 08:00:00,109.286,109.335,109.247,109.29
2024-01-25 09:00:00,109.29,109.294,109.116,109.213
2024-01-25 10:00:00,109.216,109.292,109.202,109.215
2024-01-25 11:00:00,109.216,109.331,109.192,109.307
2024-01-25 12:00:00,109.306,109.349,109.225,109.286
2024-01-25 13:00:00,109.285,109.327,109.182,109.21
2024-01-25 14:00:00,109.211,109.315,109.197,109.297
2024-01-25 15:00:00,109.301,109.46,109.159,109.237
2024-01-25 16:00:00,109.238,109.254,108.924,109.148
2024-01-25 17:00:00,109.152,109.325,109.06,109.303
2024-01-25 18:00:00,109.303,109.523,109.245,109.467
2024-01-25 19:00:00,109.467,109.536,109.388,109.519
2024-01-25 20:00:00,109.523,109.554,109.414,109.507
2024-01-25 21:00:00,109.509,109.668,109.47,109.666
2024-01-25 22:00:00,109.666,109.675,109.582,109.598
2024-01-25 23:00:00,109.598,109.651,109.556,109.567
2024-01-26 00:00:00,109.567,109.583,109.393,109.452
2024-01-26 01:00:00,109.537,109.599,109.43,109.57
2024-01-26 02:00:00,109.568,109.675,109.468,109.484
2024-01-26 03:00:00,109.482,109.572,109.446,109.505
2024-01-26 04:00:00,109.509,109.607,109.484,109.604
2024-01-26 05:00:00,109.604,109.665,109.546,109.632
2024-01-26 06:00:00,109.632,109.701,109.621,109.697
2024-01-26 07:00:00,109.702,109.726,109.676,109.7
2024-01-26 08:00:00,109.7,109.741,109.642,109.657
2024-01-26 09:00:00,109.659,109.72,109.633,109.669
2024-01-26 10:00:00,109.671,109.777,109.656,109.77
2024-01-26 11:00:00,109.772,109.946,109.758,109.858
2024-01-26 12:00:00,109.858,109.858,109.746,109.788
2024-01-26 13:00:00,109.787,109.896,109.766,109.861
2024-01-26 14:00:00,109.86,110.009,109.848,109.96
2024-01-26 15:00:00,109.963,110.123,109.794,109.955
2024-01-26 16:00:00,109.955,110.151,109.933,109.963
2024-01-26 17:00:00,109.968,110.212,109.968,110.119
2024-01-26 18:00:00,110.122,110.124,109.885,109.928
2024-01-26 19:00:00,109.921,109.942,109.861,109.912
2024-01-26 20:00:00,109.912,110.09,109.876,110.062
2024-01-26 21:00:00,110.062,110.141,110.061,110.117
2024-01-26 22:00:00,110.115,110.141,110.057,110.12
2024-01-26 23:00:00,110.086,110.149,110.016,110.054
2024-01-29 00:00:00,109.796,110.051,109.766,109.982
2024-01-29 01:00:00,110.059,110.136,110.031,110.111
2024-01-29 02:00:00,110.111,110.213,110.096,110.128
2024-01-29 03:00:00,110.128,110.144,110.039,110.136
2024-01-29 04:00:00,110.138,110.213,110.093,110.097
2024-01-29 05:00:00,110.098,110.135,110.071,110.135
2024-01-29 06:00:00,110.135,110.138,110.045,110.081
2024-01-29 07:00:00,110.081,110.117,110.044,110.06
2024-01-29 08:00:00,110.06,110.101,109.975,109.977
2024-01-29 09:00:00,109.979,110.044,109.939,110.004
2024-01-29 10:00:00,110.005,110.088,109.955,110.038
2024-01-29 11:00:00,110.038,110.059,109.927,109.958
2024-01-29 12:00:00,109.958,110.01,109.926,110.004
2024-01-29 13:00:00,110.006,110.12,110.002,110.078
2024-01-29 14:00:00,110.078,110.161,110.072,110.118
2024-01-29 15:00:00,110.12,110.195,110.004,110.106
2024-01-29 16:00:00,110.107,110.156,109.879,109.994
2024-01-29 17:00:00,109.995,110.04,109.73,109.765
2024-01-29 18:00:00,109.764,109.863,109.703,109.856
2024-01-29 19:00:00,109.848,109.884,109.767,109.797
2024-01-29 20:00:00,109.797,109.868,109.742,109.85
2024-01-29 21:00:00,109.85,109.921,109.83,109.912
2024-01-29 22:00:00,109.912,109.969,109.754,109.941
2024-01-29 23:00:00,109.909,109.969,109.888,109.938
2024-01-30 00:00:00,109.951,109.951,109.728,109.924
2024-01-30 01:00:00,109.961,109.978,109.874,109.954
2024-01-30 02:00:00,109.954,109.969,109.793,109.879
2024-01-30 03:00:00,109.883,109.95,109.822,109.858
2024-01-30 04:00:00,109.861,109.973,109.846,109.969
2024-01-30 05:00:00,109.971,110.006,109.891,109.9
2024-01-30 06:00:00,109.898,109.909,109.857,109.882
2024-01-30 07:00:00,109.884,109.94,109.868,109.907
2024-01-30 08:00:00,109.909,109.923,109.855,109.908
2024-01-30 09:00:00,109.908,109.909,109.74,109.806
2024-01-30 10:00:00,109.807,110.029,109.804,109.968
2024-01-30 11:00:00,109.966,110.017,109.862,109.95
2024-01-30 12:00:00,109.949,109.96,109.827,109.867
2024-01-30 13:00:00,109.866,109.914,109.833,109.891
2024-01-30 14:00:00,109.89,109.89,109.801,109.83
2024-01-30 15:00:00,109.826,109.866,109.751,109.777
2024-01-30 16:00:00,109.777,109.807,109.638,109.64
2024-01-30 17:00:00,109.629,110.101,109.588,110.073
2024-01-30 18:00:00,110.076,110.174,110.034,110.146
2024-01-30 19:00:00,110.144,110.188,110.081,110.18
2024-01-30 20:00:00,110.18,110.244,110.163,110.225
2024-01-30 21:00:00,110.227,110.235,110.098,110.146
2024-01-30 22:00:00,110.146,110.197,110.134,110.153
2024-01-30 23:00:00,110.119,110.172,110.095,110.15
2024-01-31 00:00:00,110.147,110.147,109.901,110.089
2024-01-31 01:00:00,110.126,110.126,109.919,109.922
2024-01-31 02:00:00,109.924,110.051,109.834,110.05
2024-01-31 03:00:00,110.05,110.054,109.933,110.001
2024-01-31 04:00:00,110.001,110.063,109.961,110.046
2024-01-31 05:00:00,110.042,110.079,109.987,110.061
2024-01-31 06:00:00,110.057,110.131,109.987,110.001
2024-01-31 07:00:00,110.003,110.098,109.989,110.075
2024-01-31 08:00:00,110.073,110.196,110.071,110.193
2024-01-31 09:00:00,110.195,110.205,110.007,110.046
2024-01-31 10:00:00,110.047,110.047,109.918,109.939
2024-01-31 11:00:00,109.94,110.123,109.844,110.082
2024-01-31 12:00:00,110.083,110.085,110.005,110.067
2024-01-31 13:00:00,110.066,110.099,110.03,110.083
2024-01-31 14:00:00,110.08,110.081,109.984,110.023
2024-01-31 15:00:00,110.022,110.162,109.905,110.097
2024-01-31 16:00:00,110.097,110.134,109.447,109.558
2024-01-31 17:00:00,109.559,109.718,109.388,109.413
2024-01-31 18:00:00,109.414,109.461,109.161,109.262
2024-01-31 19:00:00,109.254,109.385,109.163,109.268
2024-01-31 20:00:00,109.266,109.44,109.259,109.37
2024-01-31 21:00:00,109.368,109.549,109.111,109.208
2024-01-31 22:00:00,109.213,109.67,109.162,109.457
2024-01-31 23:00:00,109.423,109.464,109.251,109.335
2024-02-01 00:00:00,109.332,109.364,109.105,109.253
2024-02-01 01:00:00,109.288,109.45,109.24,109.434
2024-02-01 02:00:00,109.434,109.503,109.205,109.275
2024-02-01 03:00:00,109.273,109.369,109.202,109.25
2024-02-01 04:00:00,109.25,109.258,109.128,109.174
2024-02-01 05:00:00,109.174,109.243,109.16,109.226
2024-02-01 06:00:00,109.227,109.259,109.156,109.245
2024-02-01 07:00:00,109.243,109.266,109.152,109.199
2024-02-01 08:00:00,109.202,109.247,109.177,109.179
2024-02-01 09:00:00,109.177,109.224,109.066,109.072
2024-02-01 10:00:00,109.071,109.104,108.943,109.003
2024-02-01 11:00:00,109.003,109.205,108.996,109.17
2024-02-01 12:00:00,109.17,109.22,109.062,109.112
2024-02-01 13:00:00,109.113,109.229,109.006,109.2
2024-02-01 14:00:00,109.199,109.401,109.184,109.261
2024-02-01 15:00:00,109.262,109.34,108.972,109.109
2024-02-01 16:00:00,109.111,109.179,108.815,109.067
2024-02-01 17:00:00,109.064,109.317,109.003,109.077
2024-02-01 18:00:00,109.076,109.248,108.888,109.237
2024-02-01 19:00:00,109.23,109.453,109.207,109.355
2024-02-01 20:00:00,109.359,109.461,109.306,109.408
2024-02-01 21:00:00,109.408,109.422,109.228,109.261
2024-02-01 22:00:00,109.261,109.316,109.228,109.28
2024-02-01 23:00:00,109.28,109.398,109.246,109.368
2024-02-02 00:00:00,109.377,109.426,109.141,109.398
2024-02-02 01:00:00,109.394,109.468,109.344,109.41
2024-02-02 02:00:00,109.41,109.446,109.341,109.412
2024-02-02 03:00:00,109.412,109.466,109.327,109.416
2024-02-02 04:00:00,109.416,109.476,109.393,109.43
2024-02-02 05:00:00,109.432,109.454,109.393,109.425
2024-02-02 06:00:00,109.425,109.484,109.388,109.455
2024-02-02 07:00:00,109.457,109.525,109.428,109.462
2024-02-02 08:00:00,109.46,109.533,109.42,109.492
2024-02-02 09:00:00,109.492,109.589,109.466,109.573
2024-02-02 10:00:00,109.574,109.67,109.558,109.661
2024-02-02 11:00:00,109.66,109.77,109.647,109.716
2024-02-02 12:00:00,109.72,109.746,109.624,109.63
2024-02-02 13:00:00,109.629,109.63,109.501,109.545
2024-02-02 14:00:00,109.541,109.617,109.503,109.592
2024-02-02 15:00:00,109.592,110.181,109.525,110.128
2024-02-02 16:00:00,110.127,110.144,109.738,109.789
2024-02-02 17:00:00,109.785,110.228,109.737,110.218
2024-02-02 18:00:00,110.22,110.367,110.134,110.352
2024-02-02 19:00:00,110.344,110.362,110.153,110.276
2024-02-02 20:00:00,110.276,110.318,110.067,110.107
2024-02-02 21:00:00,110.109,110.19,110.107,110.174
2024-02-02 22:00:00,110.174,110.224,110.132,110.189
2024-02-02 23:00:00,110.155,110.204,110.102,110.143
2024-02-05 00:00:00,110.16,110.225,110.031,110.216
2024-02-05 01:00:00,110.255,110.334,110.191,110.218
2024-02-05 02:00:00,110.212,110.38,110.167,110.291
2024-02-05 03:00:00,110.291,110.295,110.104,110.111
2024-02-05 04:00:00,110.113,110.2,110.106,110.189
2024-02-05 05:00:00,110.187,110.191,110.075,110.109
2024-02-05 06:00:00,110.109,110.145,110.046,110.14
2024-02-05 07:00:00,110.14,110.17,110.1,110.102
2024-02-05 08:00:00,110.104,110.158,110.063,110.085
2024-02-05 09:00:00,110.085,110.182,110.056,110.152
2024-02-05 10:00:00,110.154,110.244,110.124,110.163
2024-02-05 11:00:00,110.162,110.187,110.043,110.105
2024-02-05 12:00:00,110.104,110.129,110.026,110.038
2024-02-05 13:00:00,110.038,110.08,109.989,110.039
2024-02-05 14:00:00,110.038,110.108,110.018,110.106
2024-02-05 15:00:00,110.108,110.135,109.895,109.944
2024-02-05 16:00:00,109.945,110.013,109.816,109.839
2024-02-05 17:00:00,109.825,109.984,109.726,109.963
2024-02-05 18:00:00,109.965,109.982,109.866,109.928
2024-02-05 19:00:00,109.921,109.958,109.833,109.849
2024-02-05 20:00:00,109.851,109.873,109.748,109.771
2024-02-05 21:00:00,109.771,109.901,109.74,109.849
2024-02-05 22:00:00,109.849,109.855,109.761,109.766
2024-02-05 23:00:00,109.732,109.838,109.725,109.785
2024-02-06 00:00:00,109.795,109.814,109.659,109.727
2024-02-06 01:00:00,109.784,109.806,109.723,109.753
2024-02-06 02:00:00,109.755,109.796,109.69,109.754
2024-02-06 03:00:00,109.754,109.833,109.722,109.821
2024-02-06 04:00:00,109.819,109.877,109.805,109.845
2024-02-06 05:00:00,109.843,109.935,109.837,109.909
2024-02-06 06:00:00,109.907,109.912,109.806,109.84
2024-02-06 07:00:00,109.84,109.891,109.813,109.834
2024-02-06 08:00:00,109.832,109.898,109.768,109.88
2024-02-06 09:00:00,109.882,109.941,109.847,109.882
2024-02-06 10:00:00,109.881,109.929,109.835,109.85
2024-02-06 11:00:00,109.851,109.879,109.804,109.853
2024-02-06 12:00:00,109.852,109.899,109.81,109.872
2024-02-06 13:00:00,109.871,109.923,109.828,109.918
2024-02-06 14:00:00,109.919,109.931,109.814,109.832
2024-02-06 15:00:00,109.833,109.87,109.741,109.803
2024-02-06 16:00:00,109.804,109.852,109.713,109.726
2024-02-06 17:00:00,109.728,109.763,109.441,109.504
2024-02-06 18:00:00,109.505,109.683,109.469,109.64
2024-02-06 19:00:00,109.632,109.718,109.588,109.658
2024-02-06 20:00:00,109.66,109.745,109.616,109.693
2024-02-06 21:00:00,109.693,109.724,109.644,109.722
2024-02-06 22:00:00,109.722,109.726,109.591,109.616
2024-02-06 23:00:00,109.583,109.654,109.564,109.638
2024-02-07 00:00:00,109.64,109.653,109.483,109.521
2024-02-07 01:00:00,109.605,109.623,109.529,109.565
2024-02-07 02:00:00,109.564,109.652,109.563,109.6
2024-02-07 03:00:00,109.601,109.656,109.58,109.648
2024-02-07 04:00:00,109.648,109.772,109.648,109.716
2024-02-07 05:00:00,109.718,109.725,109.659,109.676
2024-02-07 06:00:00,109.676,109.709,109.643,109.707
2024-02-07 07:00:00,109.707,109.724,109.664,109.703
2024-02-07 08:00:00,109.703,109.761,109.664,109.749
2024-02-07 09:00:00,109.751,109.756,109.593,109.645
2024-02-07 10:00:00,109.644,109.885,109.638,109.873
2024-02-07 11:00:00,109.874,109.881,109.745,109.794
2024-02-07 12:00:00,109.796,109.87,109.759,109.849
2024-02-07 13:00:00,109.848,109.886,109.787,109.881
2024-02-07 14:00:00,109.879,110.071,109.873,110.055
2024-02-07 15:00:00,110.054,110.137,109.988,110.034
2024-02-07 16:00:00,110.036,110.07,109.6,109.681
2024-02-07 17:00:00,109.682,109.947,109.678,109.84
2024-02-07 18:00:00,109.84,109.899,109.806,109.886
2024-02-07 19:00:00,109.878,109.962,109.868,109.931
2024-02-07 20:00:00,109.933,109.959,109.858,109.918
2024-02-07 21:00:00,109.918,110.036,109.912,109.993
2024-02-07 22:00:00,109.991,110.06,109.966,110.045
2024-02-07 23:00:00,110.012,110.074,110.0,110.045
2024-02-08 00:00:00,110.041,110.044,109.883,109.932
2024-02-08 01:00:00,109.968,109.99,109.946,109.987
2024-02-08 02:00:00,109.987,109.998,109.906,109.978
2024-02-08 03:00:00,109.978,110.253,109.934,110.206
2024-02-08 04:00:00,110.206,110.314,110.206,110.283
2024-02-08 05:00:00,110.283,110.289,110.225,110.262
2024-02-08 06:00:00,110.262,110.363,110.255,110.345
2024-02-08 07:00:00,110.345,110.463,110.316,110.422
2024-02-08 08:00:00,110.42,110.552,110.417,110.544
2024-02-08 09:00:00,110.544,110.601,110.508,110.529
2024-02-08 10:00:00,110.528,110.576,110.464,110.48
2024-02-08 11:00:00,110.479,110.492,110.399,110.49
2024-02-08 12:00:00,110.49,110.721,110.484,110.693
2024-02-08 13:00:00,110.691,110.742,110.566,110.681
2024-02-08 14:00:00,110.681,110.776,110.647,110.674
2024-02-08 15:00:00,110.675,110.817,110.586,110.766
2024-02-08 16:00:00,110.765,110.859,110.714,110.795
2024-02-08 17:00:00,110.794,110.989,110.79,110.983
2024-02-08 18:00:00,110.985,110.996,110.79,110.839
2024-02-08 19:00:00,110.841,110.923,110.827,110.923
2024-02-08 20:00:00,110.923,110.961,110.813,110.956
2024-02-08 21:00:00,110.958,111.015,110.934,111.004
2024-02-08 22:00:00,111.004,111.029,110.925,110.937
2024-02-08 23:00:00,110.902,110.974,110.87,110.937
2024-02-09 00:00:00,110.925,110.941,110.728,110.85
2024-02-09 01:00:00,110.888,110.905,110.854,110.878
2024-02-09 02:00:00,110.878,110.974,110.857,110.951
2024-02-09 03:00:00,110.949,110.951,110.862,110.877
2024-02-09 04:00:00,110.877,110.918,110.859,110.907
2024-02-09 05:00:00,110.907,111.018,110.896,110.984
2024-02-09 06:00:00,110.982,110.992,110.923,110.956
2024-02-09 07:00:00,110.954,110.965,110.914,110.941
2024-02-09 08:00:00,110.943,110.997,110.934,110.937
2024-02-09 09:00:00,110.937,111.009,110.874,110.993
2024-02-09 10:00:00,110.993,111.121,110.969,110.989
2024-02-09 11:00:00,110.989,111.065,110.943,111.03
2024-02-09 12:00:00,111.031,111.04,110.964,110.978
2024-02-09 13:00:00,110.979,111.065,110.97,111.047
2024-02-09 14:00:00,111.045,111.16,111.041,111.093
2024-02-09 15:00:00,111.093,111.311,111.0,111.16
2024-02-09 16:00:00,111.16,111.197,111.004,111.105
2024-02-09 17:00:00,111.105,111.171,110.901,110.92
2024-02-09 18:00:00,110.92,110.992,110.79,110.814
2024-02-09 19:00:00,110.808,110.895,110.802,110.864
2024-02-09 20:00:00,110.866,110.96,110.84,110.954
2024-02-09 21:00:00,110.957,110.99,110.923,110.927
2024-02-09 22:00:00,110.927,110.934,110.876,110.911
2024-02-09 23:00:00,110.859,110.897,110.804,110.851
2024-02-12 00:00:00,110.828,110.874,110.686,110.808
2024-02-12 01:00:00,110.878,110.89,110.722,110.834
2024-02-12 02:00:00,110.833,110.866,110.812,110.833
2024-02-12 03:00:00,110.833,110.865,110.813,110.829
2024-02-12 04:00:00,110.829,110.831,110.781,110.811
2024-02-12 05:00:00,110.811,110.858,110.788,110.858
2024-02-12 06:00:00,110.857,110.876,110.825,110.832
2024-02-12 07:00:00,110.847,110.848,110.807,110.828
2024-02-12 08:00:00,110.826,110.847,110.806,110.836
2024-02-12 09:00:00,110.839,110.855,110.798,110.816
2024-02-12 10:00:00,110.816,110.837,110.677,110.743
2024-02-12 11:00:00,110.745,110.796,110.688,110.738
2024-02-12 12:00:00,110.74,110.766,110.647,110.693
2024-02-12 13:00:00,110.695,110.718,110.623,110.655
2024-02-12 14:00:00,110.655,110.685,110.563,110.628
2024-02-12 15:00:00,110.626,110.766,110.602,110.735
2024-02-12 16:00:00,110.737,111.007,110.73,110.999
2024-02-12 17:00:00,111.001,111.143,110.938,111.13
2024-02-12 18:00:00,111.132,111.189,111.106,111.147
2024-02-12 19:00:00,111.141,111.151,111.048,111.07
2024-02-12 20:00:00,111.069,111.17,111.06,111.071
2024-02-12 21:00:00,111.069,111.083,110.971,111.027
2024-02-12 22:00:00,111.027,111.036,110.977,111.018
2024-02-12 23:00:00,111.016,111.029,110.911,111.01
2024-02-13 00:00:00,111.016,111.016,110.889,110.905
2024-02-13 01:00:00,110.95,111.038,110.95,111.019
2024-02-13 02:00:00,111.018,111.047,110.978,110.985
2024-02-13 03:00:00,110.985,111.028,110.959,111.016
2024-02-13 04:00:00,111.014,111.068,110.984,111.058
2024-02-13 05:00:00,111.058,111.081,111.025,111.08
2024-02-13 06:00:00,111.082,111.111,111.06,111.089
2024-02-13 07:00:00,111.091,111.123,111.063,111.11
2024-02-13 08:00:00,111.11,111.134,111.045,111.131
2024-02-13 09:00:00,111.129,111.247,111.122,111.176
2024-02-13 10:00:00,111.178,111.234,111.14,111.173
2024-02-13 11:00:00,111.171,111.221,111.136,111.193
2024-02-13 12:00:00,111.193,111.211,111.139,111.167
2024-02-13 13:00:00,111.167,111.176,111.057,111.06
2024-02-13 14:00:00,111.06,111.1,111.001,111.065
2024-02-13 15:00:00,111.065,111.397,110.916,111.229
2024-02-13 16:00:00,111.226,111.284,110.976,110.995
2024-02-13 17:00:00,110.993,111.115,110.861,111.107
2024-02-13 18:00:00,111.107,111.19,111.081,111.103
2024-02-13 19:00:00,111.098,111.146,111.035,111.106
2024-02-13 20:00:00,111.106,111.12,110.98,111.015
2024-02-13 21:00:00,111.013,111.094,110.988,111.042
2024-02-13 22:00:00,111.044,111.109,111.014,111.099
2024-02-13 23:00:00,111.047,111.168,111.041,111.14
2024-02-14 00:00:00,111.163,111.172,110.923,110.968
2024-02-14 01:00:00,111.037,111.111,110.977,111.089
2024-02-14 02:00:00,111.089,111.095,110.981,111.028
2024-02-14 03:00:00,111.026,111.05,110.928,110.965
2024-02-14 04:00:00,110.965,111.025,110.951,111.017
2024-02-14 05:00:00,111.017,111.017,110.962,110.977
2024-02-14 06:00:00,110.977,110.986,110.921,110.944
2024-02-14 07:00:00,110.944,111.015,110.943,111.004
2024-02-14 08:00:00,111.004,111.063,110.992,111.009
2024-02-14 09:00:00,111.011,111.019,110.909,111.008
2024-02-14 10:00:00,111.008,111.077,110.933,111.071
2024-02-14 11:00:00,111.071,111.228,111.066,111.221
2024-02-14 12:00:00,111.223,111.272,111.197,111.255
2024-02-14 13:00:00,111.255,111.286,111.196,111.243
2024-02-14 14:00:00,111.243,111.33,111.203,111.217
2024-02-14 15:00:00,111.215,111.219,111.108,111.21
2024-02-14 16:00:00,111.212,111.232,111.048,111.195
2024-02-14 17:00:00,111.197,111.197,111.038,111.112
2024-02-14 18:00:00,111.112,111.112,111.009,111.048
2024-02-14 19:00:00,111.042,111.101,110.95,111.024
2024-02-14 20:00:00,111.026,111.128,110.986,111.049
2024-02-14 21:00:00,111.049,111.155,111.009,111.139
2024-02-14 22:00:00,111.137,111.172,111.081,111.168
2024-02-14 23:00:00,111.117,111.202,111.117,111.15
2024-02-15 00:00:00,111.169,111.169,111.029,111.067
2024-02-15 01:00:00,111.137,111.2,111.073,111.195
2024-02-15 02:00:00,111.193,111.193,110.969,110.983
2024-02-15 03:00:00,110.981,110.981,110.838,110.877
2024-02-15 04:00:00,110.877,110.959,110.837,110.948
2024-02-15 05:00:00,110.949,110.971,110.915,110.928
2024-02-15 06:00:00,110.928,110.93,110.816,110.84
2024-02-15 07:00:00,110.841,110.874,110.807,110.868
2024-02-15 08:00:00,110.87,110.884,110.807,110.822
2024-02-15 09:00:00,110.822,110.907,110.789,110.893
2024-02-15 10:00:00,110.893,110.913,110.829,110.861
2024-02-15 11:00:00,110.857,110.863,110.757,110.822
2024-02-15 12:00:00,110.822,110.871,110.795,110.832
2024-02-15 13:00:00,110.831,110.831,110.789,110.828
2024-02-15 14:00:00,110.828,110.867,110.794,110.825
2024-02-15 15:00:00,110.826,110.931,110.603,110.835
2024-02-15 16:00:00,110.837,111.169,110.833,111.083
2024-02-15 17:00:00,111.083,111.253,111.063,111.146
2024-02-15 18:00:00,111.148,111.313,111.123,111.289
2024-02-15 19:00:00,111.282,111.319,111.225,111.265
2024-02-15 20:00:00,111.267,111.28,111.174,111.206
2024-02-15 21:00:00,111.206,111.325,111.202,111.312
2024-02-15 22:00:00,111.314,111.348,111.29,111.328
2024-02-15 23:00:00,111.276,111.373,111.266,111.326
2024-02-16 00:00:00,111.325,111.332,111.214,111.224
2024-02-16 01:00:00,111.293,111.353,111.28,111.348
2024-02-16 02:00:00,111.348,111.405,111.316,111.384
2024-02-16 03:00:00,111.386,111.414,111.308,111.318
2024-02-16 04:00:00,111.32,111.439,111.318,111.436
2024-02-16 05:00:00,111.436,111.489,111.391,111.459
2024-02-16 06:00:00,111.458,111.481,111.406,111.41
2024-02-16 07:00:00,111.41,111.454,111.364,111.367
2024-02-16 08:00:00,111.368,111.45,111.366,111.376
2024-02-16 09:00:00,111.376,111.477,111.376,111.456
2024-02-16 10:00:00,111.454,111.5,111.4,111.414
2024-02-16 11:00:00,111.412,111.478,111.4,111.474
2024-02-16 12:00:00,111.478,111.498,111.435,111.444
2024-02-16 13:00:00,111.444,111.47,111.382,111.434
2024-02-16 14:00:00,111.434,111.486,111.42,111.474
2024-02-16 15:00:00,111.474,111.606,111.451,111.523
2024-02-16 16:00:00,111.523,111.603,111.417,111.454
2024-02-16 17:00:00,111.459,111.518,111.367,111.424
2024-02-16 18:00:00,111.424,111.565,111.408,111.481
2024-02-16 19:00:00,111.474,111.517,111.446,111.468
2024-02-16 20:00:00,111.466,111.478,111.364,111.391
2024-02-16 21:00:00,111.391,111.446,111.3,111.345
2024-02-16 22:00:00,111.347,111.435,111.33,111.33
2024-02-16 23:00:00,111.323,111.381,111.256,111.366
2024-02-19 00:00:00,111.22,111.361,111.16,111.255
2024-02-19 01:00:00,111.287,111.389,111.257,111.389
2024-02-19 02:00:00,111.386,111.389,111.288,111.303
2024-02-19 03:00:00,111.305,111.313,111.225,111.257
2024-02-19 04:00:00,111.255,111.271,111.2,111.213
2024-02-19 05:00:00,111.213,111.249,111.193,111.197
2024-02-19 06:00:00,111.197,111.286,111.194,111.274
2024-02-19 07:00:00,111.275,111.299,111.232,111.287
2024-02-19 08:00:00,111.287,111.314,111.272,111.303
2024-02-19 09:00:00,111.305,111.308,111.272,111.283
2024-02-19 10:00:00,111.281,111.306,111.244,111.258
2024-02-19 11:00:00,111.257,111.275,111.226,111.27
2024-02-19 12:00:00,111.271,111.289,111.249,111.271
2024-02-19 13:00:00,111.271,111.318,111.239,111.306
2024-02-19 14:00:00,111.304,111.31,111.255,111.309
2024-02-19 15:00:00,111.309,111.316,111.227,111.242
2024-02-19 16:00:00,111.24,111.317,111.224,111.244
2024-02-19 17:00:00,111.244,111.281,111.211,111.278
2024-02-19 18:00:00,111.278,111.305,111.264,111.299
2024-02-19 19:00:00,111.301,111.321,111.296,111.314
2024-02-19 20:00:00,111.313,111.321,111.283,111.286
2024-02-19 21:00:00,111.285,111.319,111.276,111.282
2024-02-19 22:00:00,111.284,111.304,111.22,111.22
2024-02-19 23:00:00,111.219,111.299,111.215,111.25
2024-02-20 00:00:00,111.248,111.282,111.183,111.195
2024-02-20 01:00:00,111.265,111.311,111.235,111.298
2024-02-20 02:00:00,111.298,111.356,111.269,111.299
2024-02-20 03:00:00,111.301,111.339,111.233,111.254
2024-02-20 04:00:00,111.253,111.308,111.243,111.25
2024-02-20 05:00:00,111.252,111.301,111.235,111.278
2024-02-20 06:00:00,111.278,111.297,111.252,111.287
2024-02-20 07:00:00,111.287,111.345,111.271,111.344
2024-02-20 08:00:00,111.344,111.37,111.323,111.352
2024-02-20 09:00:00,111.354,111.378,111.254,111.286
2024-02-20 10:00:00,111.284,111.366,111.254,111.363
2024-02-20 11:00:00,111.363,111.422,111.329,111.366
2024-02-20 12:00:00,111.364,111.417,111.301,111.374
2024-02-20 13:00:00,111.376,111.392,111.333,111.377
2024-02-20 14:00:00,111.377,111.428,111.331,111.344
2024-02-20 15:00:00,111.342,111.435,110.873,110.974
2024-02-20 16:00:00,110.974,111.061,110.857,110.865
2024-02-20 17:00:00,110.861,110.872,110.668,110.866
2024-02-20 18:00:00,110.866,110.903,110.801,110.86
2024-02-20 19:00:00,110.854,110.877,110.778,110.856
2024-02-20 20:00:00,110.856,110.943,110.831,110.936
2024-02-20 21:00:00,110.934,110.953,110.814,110.922
2024-02-20 22:00:00,110.922,110.944,110.87,110.89
2024-02-20 23:00:00,110.838,110.919,110.829,110.903
2024-02-21 00:00:00,110.903,110.91,110.791,110.812
2024-02-21 01:00:00,110.851,110.897,110.832,110.883
2024-02-21 02:00:00,110.881,110.953,110.859,110.926
2024-02-21 03:00:00,110.928,110.979,110.908,110.942
2024-02-21 04:00:00,110.94,110.974,110.923,110.945
2024-02-21 05:00:00,110.945,110.978,110.927,110.939
2024-02-21 06:00:00,110.941,111.023,110.929,111.015
2024-02-21 07:00:00,111.015,111.031,110.991,111.014
2024-02-21 08:00:00,111.017,111.055,110.981,111.051
2024-02-21 09:00:00,111.051,111.079,111.009,111.067
2024-02-21 10:00:00,111.067,111.087,110.968,110.98
2024-02-21 11:00:00,110.978,110.979,110.874,110.953
2024-02-21 12:00:00,110.953,110.996,110.897,110.927
2024-02-21 13:00:00,110.927,110.941,110.872,110.933
2024-02-21 14:00:00,110.935,110.953,110.845,110.886
2024-02-21 15:00:00,110.884,110.977,110.861,110.973
2024-02-21 16:00:00,110.975,111.096,110.93,111.084
2024-02-21 17:00:00,111.086,111.199,111.049,111.186
2024-02-21 18:00:00,111.188,111.296,111.162,111.274
2024-02-21 19:00:00,111.267,111.296,111.208,111.259
2024-02-21 20:00:00,111.257,111.284,111.2,111.245
2024-02-21 21:00:00,111.245,111.321,111.176,111.231
2024-02-21 22:00:00,111.231,111.239,111.14,111.201
2024-02-21 23:00:00,111.149,111.282,111.094,111.266
2024-02-22 00:00:00,111.271,111.304,111.103,111.234
2024-02-22 01:00:00,111.304,111.403,111.279,111.393
2024-02-22 02:00:00,111.39,111.535,111.388,111.521
2024-02-22 03:00:00,111.521,111.56,111.424,111.435
2024-02-22 04:00:00,111.433,111.531,111.393,111.529
2024-02-22 05:00:00,111.527,111.537,111.492,111.523
2024-02-22 06:00:00,111.523,111.533,111.4,111.445
2024-02-22 07:00:00,111.447,111.496,111.41,111.487
2024-02-22 08:00:00,111.485,111.527,111.449,111.517
2024-02-22 09:00:00,111.517,111.616,111.511,111.587
2024-02-22 10:00:00,111.587,111.728,111.563,111.653
2024-02-22 11:00:00,111.656,111.718,111.604,111.635
2024-02-22 12:00:00,111.635,111.647,111.577,111.606
2024-02-22 13:00:00,111.604,111.663,111.562,111.654
2024-02-22 14:00:00,111.654,111.675,111.576,111.616
2024-02-22 15:00:00,111.614,111.614,111.43,111.481
2024-02-22 16:00:00,111.481,111.606,111.442,111.528
2024-02-22 17:00:00,111.534,111.617,111.409,111.48
2024-02-22 18:00:00,111.48,111.6,111.46,111.591
2024-02-22 19:00:00,111.586,111.637,111.568,111.617
2024-02-22 20:00:00,111.617,111.642,111.531,111.588
2024-02-22 21:00:00,111.59,111.663,111.565,111.603
2024-02-22 22:00:00,111.603,111.652,111.583,111.605
2024-02-22 23:00:00,111.554,111.657,111.547,111.637
2024-02-23 00:00:00,111.638,111.653,111.536,111.564
2024-02-23 01:00:00,111.634,111.637,111.589,111.59
2024-02-23 02:00:00,111.588,111.594,111.474,111.487
2024-02-23 03:00:00,111.487,111.584,111.462,111.58
2024-02-23 04:00:00,111.58,111.611,111.564,111.605
2024-02-23 05:00:00,111.605,111.625,111.57,111.599
2024-02-23 06:00:00,111.599,111.667,111.584,111.666
2024-02-23 07:00:00,111.667,111.705,111.664,111.704
2024-02-23 08:00:00,111.705,111.737,111.69,111.702
2024-02-23 09:00:00,111.702,111.736,111.666,111.705
2024-02-23 10:00:00,111.705,111.754,111.628,111.63
2024-02-23 11:00:00,111.632,111.707,111.63,111.682
2024-02-23 12:00:00,111.68,111.757,111.651,111.743
2024-02-23 13:00:00,111.743,111.791,111.714,111.757
2024-02-23 14:00:00,111.757,111.76,111.684,111.691
2024-02-23 15:00:00,111.693,111.77,111.648,111.754
2024-02-23 16:00:00,111.754,111.754,111.522,111.558
2024-02-23 17:00:00,111.556,111.558,111.431,111.478
2024-02-23 18:00:00,111.478,111.48,111.234,111.341
2024-02-23 19:00:00,111.334,111.428,111.311,111.426
2024-02-23 20:00:00,111.426,111.45,111.377,111.41
2024-02-23 21:00:00,111.41,111.434,111.354,111.432
2024-02-23 22:00:00,111.432,111.461,111.396,111.443
2024-02-23 23:00:00,111.445,111.46,111.357,111.395
2024-02-26 00:00:00,111.45,111.469,111.199,111.332
2024-02-26 01:00:00,111.402,111.475,111.372,111.378
2024-02-26 02:00:00,111.376,111.376,111.188,111.228
2024-02-26 03:00:00,111.23,111.312,111.178,111.297
2024-02-26 04:00:00,111.295,111.344,111.284,111.343
2024-02-26 05:00:00,111.341,111.345,111.308,111.322
2024-02-26 06:00:00,111.324,111.402,111.305,111.384
2024-02-26 07:00:00,111.386,111.39,111.292,111.335
2024-02-26 08:00:00,111.333,111.362,111.289,111.31
2024-02-26 09:00:00,111.308,111.342,111.273,111.293
2024-02-26 10:00:00,111.293,111.327,111.203,111.315
2024-02-26 11:00:00,111.317,111.392,111.301,111.389
2024-02-26 12:00:00,111.389,111.451,111.386,111.417
2024-02-26 13:00:00,111.419,111.493,111.395,111.479
2024-02-26 14:00:00,111.479,111.486,111.363,111.382
2024-02-26 15:00:00,111.379,111.575,111.319,111.562
2024-02-26 16:00:00,111.562,111.6,111.463,111.534
2024-02-26 17:00:00,111.534,111.557,111.443,111.533
2024-02-26 18:00:00,111.533,111.59,111.501,111.569
2024-02-26 19:00:00,111.562,111.585,111.463,111.524
2024-02-26 20:00:00,111.522,111.553,111.503,111.54
2024-02-26 21:00:00,111.538,111.573,111.52,111.552
2024-02-26 22:00:00,111.55,111.61,111.544,111.549
2024-02-26 23:00:00,111.497,111.593,111.491,111.563
2024-02-27 00:00:00,111.571,111.571,111.45,111.462
2024-02-27 01:00:00,111.533,111.553,111.437,111.505
2024-02-27 02:00:00,111.502,111.511,111.414,111.443
2024-02-27 03:00:00,111.441,111.464,111.389,111.412
2024-02-27 04:00:00,111.414,111.436,111.354,111.368
2024-02-27 05:00:00,111.366,111.413,111.334,111.356
2024-02-27 06:00:00,111.356,111.423,111.349,111.412
2024-02-27 07:00:00,111.41,111.468,111.384,111.463
2024-02-27 08:00:00,111.463,111.482,111.443,111.457
2024-02-27 09:00:00,111.459,111.489,111.352,111.368
2024-02-27 10:00:00,111.368,111.375,111.244,111.244
2024-02-27 11:00:00,111.246,111.361,111.234,111.359
2024-02-27 12:00:00,111.359,111.361,111.289,111.357
2024-02-27 13:00:00,111.359,111.437,111.356,111.389
2024-02-27 14:00:00,111.389,111.417,111.326,111.339
2024-02-27 15:00:00,111.339,111.343,111.185,111.314
2024-02-27 16:00:00,111.314,111.381,111.202,111.202
2024-02-27 17:00:00,111.249,111.284,111.15,111.263
2024-02-27 18:00:00,111.266,111.285,111.2,111.247
2024-02-27 19:00:00,111.24,111.274,111.158,111.221
2024-02-27 20:00:00,111.221,111.266,111.165,111.248
2024-02-27 21:00:00,111.246,111.277,111.213,111.254
2024-02-27 22:00:00,111.255,111.259,111.207,111.212
2024-02-27 23:00:00,111.16,111.252,111.157,111.223
2024-02-28 00:00:00,111.246,111.246,111.127,111.158
2024-02-28 01:00:00,111.23,111.236,111.184,111.217
2024-02-28 02:00:00,111.215,111.226,111.127,111.21
2024-02-28 03:00:00,111.21,111.21,111.1,111.112
2024-02-28 04:00:00,111.11,111.13,111.072,111.123
2024-02-28 05:00:00,111.123,111.156,111.083,111.156
2024-02-28 06:00:00,111.156,111.201,111.129,111.189
2024-02-28 07:00:00,111.188,111.199,111.133,111.143
2024-02-28 08:00:00,111.142,111.178,111.136,111.147
2024-02-28 09:00:00,111.149,111.217,111.12,111.212
2024-02-28 10:00:00,111.212,111.224,111.052,111.08
2024-02-28 11:00:00,111.078,111.081,110.924,110.934
2024-02-28 12:00:00,110.934,111.012,110.907,110.947
2024-02-28 13:00:00,110.946,110.95,110.878,110.929
2024-02-28 14:00:00,110.929,110.946,110.768,110.789
2024-02-28 15:00:00,110.791,111.021,110.791,110.977
2024-02-28 16:00:00,110.977,111.16,110.977,111.157
2024-02-28 17:00:00,111.157,111.176,111.044,111.168
2024-02-28 18:00:00,111.17,111.175,110.989,111.012
2024-02-28 19:00:00,111.007,111.049,110.964,111.033
2024-02-28 20:00:00,111.034,111.06,110.952,111.023
2024-02-28 21:00:00,111.024,111.028,110.926,110.964
2024-02-28 22:00:00,110.962,111.018,110.962,111.001
2024-02-28 23:00:00,110.952,110.99,110.891,110.971
2024-02-29 00:00:00,110.97,110.97,110.814,110.857
2024-02-29 01:00:00,110.927,110.951,110.87,110.948
2024-02-29 02:00:00,110.946,110.946,110.818,110.835
2024-02-29 03:00:00,110.835,110.845,110.567,110.597
2024-02-29 04:00:00,110.599,110.611,110.324,110.352
2024-02-29 05:00:00,110.352,110.416,110.3,110.377
2024-02-29 06:00:00,110.377,110.422,110.296,110.387
2024-02-29 07:00:00,110.385,110.555,110.281,110.423
2024-02-29 08:00:00,110.421,110.45,110.295,110.307
2024-02-29 09:00:00,110.307,110.341,110.225,110.225
2024-02-29 10:00:00,110.23,110.319,110.178,110.203
2024-02-29 11:00:00,110.203,110.358,110.189,110.266
2024-02-29 12:00:00,110.266,110.437,110.251,110.427
2024-02-29 13:00:00,110.427,110.449,110.353,110.393
2024-02-29 14:00:00,110.399,110.411,110.335,110.395
2024-02-29 15:00:00,110.395,110.474,110.296,110.407
2024-02-29 16:00:00,110.407,110.48,110.299,110.347
2024-02-29 17:00:00,110.344,110.37,110.126,110.32
2024-02-29 18:00:00,110.318,110.479,110.312,110.475
2024-02-29 19:00:00,110.469,110.541,110.406,110.453
2024-02-29 20:00:00,110.455,110.469,110.386,110.423
2024-02-29 21:00:00,110.423,110.472,110.398,110.446
2024-02-29 22:00:00,110.446,110.49,110.408,110.448
2024-02-29 23:00:00,110.448,110.454,110.348,110.438
2024-03-01 00:00:00,110.435,110.457,110.345,110.368
2024-03-01 01:00:00,110.446,110.596,110.42,110.582
2024-03-01 02:00:00,110.584,110.718,110.571,110.65
2024-03-01 03:00:00,110.649,110.837,110.647,110.815
2024-03-01 04:00:00,110.813,110.854,110.778,110.836
2024-03-01 05:00:00,110.836,110.855,110.806,110.815
2024-03-01 06:00:00,110.814,110.85,110.795,110.804
2024-03-01 07:00:00,110.805,110.877,110.798,110.847
2024-03-01 08:00:00,110.847,110.862,110.766,110.776
2024-03-01 09:00:00,110.778,110.876,110.774,110.814
2024-03-01 10:00:00,110.816,110.866,110.785,110.845
2024-03-01 11:00:00,110.845,110.946,110.78,110.933
2024-03-01 12:00:00,110.933,110.953,110.677,110.734
2024-03-01 13:00:00,110.732,110.853,110.718,110.78
2024-03-01 14:00:00,110.778,110.904,110.75,110.867
2024-03-01 15:00:00,110.869,110.945,110.843,110.875
2024-03-01 16:00:00,110.877,110.881,110.767,110.805
2024-03-01 17:00:00,110.814,110.831,110.57,110.749
2024-03-01 18:00:00,110.754,110.866,110.728,110.798
2024-03-01 19:00:00,110.793,110.819,110.74,110.767
2024-03-01 20:00:00,110.767,110.788,110.681,110.728
2024-03-01 21:00:00,110.726,110.749,110.676,110.696
2024-03-01 22:00:00,110.696,110.73,110.677,110.73
2024-03-01 23:00:00,110.678,110.727,110.628,110.649
2024-03-04 00:00:00,110.67,110.711,110.572,110.665
2024-03-04 01:00:00,110.737,110.777,110.675,110.769
2024-03-04 02:00:00,110.766,110.776,110.597,110.678
2024-03-04 03:00:00,110.68,110.751,110.653,110.686
2024-03-04 04:00:00,110.686,110.753,110.65,110.738
2024-03-04 05:00:00,110.737,110.742,110.692,110.727
2024-03-04 06:00:00,110.729,110.782,110.709,110.776
2024-03-04 07:00:00,110.776,110.799,110.743,110.792
2024-03-04 08:00:00,110.792,110.861,110.77,110.85
2024-03-04 09:00:00,110.85,110.882,110.817,110.86
2024-03-04 10:00:00,110.858,110.883,110.679,110.795
2024-03-04 11:00:00,110.795,110.824,110.733,110.774
2024-03-04 12:00:00,110.772,110.934,110.771,110.925
2024-03-04 13:00:00,110.923,110.935,110.874,110.886
2024-03-04 14:00:00,110.886,110.894,110.793,110.849
2024-03-04 15:00:00,110.849,110.904,110.799,110.893
2024-03-04 16:00:00,110.895,110.986,110.792,110.814
2024-03-04 17:00:00,110.812,110.964,110.753,110.954
2024-03-04 18:00:00,110.954,110.98,110.895,110.899
2024-03-04 19:00:00,110.893,110.945,110.883,110.9
2024-03-04 20:00:00,110.897,110.915,110.834,110.869
2024-03-04 21:00:00,110.869,110.869,110.805,110.85
2024-03-04 22:00:00,110.848,110.877,110.801,110.858
2024-03-04 23:00:00,110.804,110.893,110.782,110.874
2024-03-05 00:00:00,110.907,110.907,110.724,110.735
2024-03-05 01:00:00,110.807,110.875,110.781,110.809
2024-03-05 02:00:00,110.811,110.829,110.74,110.758
2024-03-05 03:00:00,110.757,110.842,110.747,110.842
2024-03-05 04:00:00,110.842,110.876,110.762,110.802
2024-03-05 05:00:00,110.802,110.82,110.755,110.804
2024-03-05 06:00:00,110.804,110.829,110.797,110.808
2024-03-05 07:00:00,110.808,110.826,110.754,110.764
2024-03-05 08:00:00,110.763,110.793,110.668,110.686
2024-03-05 09:00:00,110.688,110.703,110.558,110.624
2024-03-05 10:00:00,110.619,110.641,110.512,110.609
2024-03-05 11:00:00,110.609,110.715,110.591,110.684
2024-03-05 12:00:00,110.684,110.754,110.666,110.732
2024-03-05 13:00:00,110.734,110.738,110.685,110.704
2024-03-05 14:00:00,110.704,110.708,110.583,110.604
2024-03-05 15:00:00,110.604,110.606,110.421,110.44
2024-03-05 16:00:00,110.442,110.605,110.414,110.525
2024-03-05 17:00:00,110.528,110.604,110.39,110.525
2024-03-05 18:00:00,110.527,110.634,110.512,110.562
2024-03-05 19:00:00,110.557,110.601,110.511,110.539
2024-03-05 20:00:00,110.539,110.545,110.347,110.355
2024-03-05 21:00:00,110.357,110.404,110.277,110.279
2024-03-05 22:00:00,110.281,110.3,110.166,110.264
2024-03-05 23:00:00,110.212,110.396,110.205,110.392
2024-03-06 00:00:00,110.388,110.388,110.283,110.291
2024-03-06 01:00:00,110.361,110.395,110.201,110.395
2024-03-06 02:00:00,110.393,110.394,110.238,110.285
2024-03-06 03:00:00,110.285,110.422,110.265,110.41
2024-03-06 04:00:00,110.41,110.41,110.336,110.341
2024-03-06 05:00:00,110.343,110.392,110.334,110.379
2024-03-06 06:00:00,110.379,110.403,110.347,110.353
2024-03-06 07:00:00,110.353,110.369,110.29,110.351
2024-03-06 08:00:00,110.353,110.375,110.281,110.284
2024-03-06 09:00:00,110.286,110.288,109.93,110.042
2024-03-06 10:00:00,110.042,110.243,110.01,110.229
2024-03-06 11:00:00,110.229,110.294,110.151,110.176
2024-03-06 12:00:00,110.178,110.281,110.125,110.202
2024-03-06 13:00:00,110.204,110.295,110.181,110.262
2024-03-06 14:00:00,110.262,110.297,110.096,110.099
2024-03-06 15:00:00,110.101,110.212,110.044,110.095
2024-03-06 16:00:00,110.095,110.407,110.047,110.355
2024-03-06 17:00:00,110.405,110.616,110.272,110.522
2024-03-06 18:00:00,110.52,110.576,110.393,110.406
2024-03-06 19:00:00,110.399,110.564,110.339,110.554
2024-03-06 20:00:00,110.553,110.567,110.381,110.441
2024-03-06 21:00:00,110.443,110.51,110.384,110.475
2024-03-06 22:00:00,110.477,110.545,110.461,110.477
2024-03-06 23:00:00,110.425,110.582,110.425,110.541
2024-03-07 00:00:00,110.542,110.542,110.333,110.409
2024-03-07 01:00:00,110.483,110.492,110.402,110.453
2024-03-07 02:00:00,110.453,110.453,110.13,110.149
2024-03-07 03:00:00,110.149,110.196,109.871,109.947
2024-03-07 04:00:00,109.945,110.048,109.929,110.044
2024-03-07 05:00:00,110.046,110.054,109.953,110.029
2024-03-07 06:00:00,110.029,110.031,109.879,109.967
2024-03-07 07:00:00,109.967,110.027,109.945,109.996
2024-03-07 08:00:00,109.994,110.009,109.618,109.682
2024-03-07 09:00:00,109.68,109.692,109.508,109.512
2024-03-07 10:00:00,109.512,109.637,109.425,109.493
2024-03-07 11:00:00,109.496,109.645,109.392,109.555
2024-03-07 12:00:00,109.557,109.582,109.485,109.521
2024-03-07 13:00:00,109.521,109.559,109.444,109.506
2024-03-07 14:00:00,109.489,109.592,109.414,109.548
2024-03-07 15:00:00,109.548,109.615,109.375,109.563
2024-03-07 16:00:00,109.563,109.839,109.537,109.815
2024-03-07 17:00:00,109.815,109.953,109.793,109.897
2024-03-07 18:00:00,109.897,109.997,109.835,109.952
2024-03-07 19:00:00,109.951,110.03,109.915,109.934
2024-03-07 20:00:00,109.936,110.052,109.913,110.033
2024-03-07 21:00:00,110.033,110.037,109.963,109.976
2024-03-07 22:00:00,109.976,110.045,109.937,110.012
2024-03-07 23:00:00,109.959,109.991,109.883,109.979
2024-03-08 00:00:00,109.995,109.995,109.753,109.827
2024-03-08 01:00:00,109.899,109.947,109.848,109.894
2024-03-08 02:00:00,109.892,109.918,109.685,109.829
2024-03-08 03:00:00,109.827,110.061,109.76,109.999
2024-03-08 04:00:00,109.995,110.068,109.931,109.958
2024-03-08 05:00:00,109.96,110.014,109.885,109.891
2024-03-08 06:00:00,109.893,109.96,109.887,109.914
2024-03-08 07:00:00,109.916,109.951,109.888,109.913
2024-03-08 08:00:00,109.909,110.032,109.909,109.956
2024-03-08 09:00:00,109.956,110.068,109.933,109.999
2024-03-08 10:00:00,109.999,110.078,109.994,110.005
2024-03-08 11:00:00,110.007,110.007,109.315,109.487
2024-03-08 12:00:00,109.489,109.54,109.367,109.402
2024-03-08 13:00:00,109.404,109.412,109.29,109.344
2024-03-08 14:00:00,109.344,109.456,109.325,109.452
2024-03-08 15:00:00,109.454,109.517,109.077,109.275
2024-03-08 16:00:00,109.277,109.337,109.075,109.19
2024-03-08 17:00:00,109.188,109.345,109.158,109.295
2024-03-08 18:00:00,109.293,109.342,109.234,109.252
2024-03-08 19:00:00,109.247,109.253,109.034,109.039
2024-03-08 20:00:00,109.037,109.099,108.926,108.973
2024-03-08 21:00:00,108.973,109.081,108.963,109.036
2024-03-08 22:00:00,109.038,109.048,108.954,108.964
2024-03-08 23:00:00,108.912,109.053,108.912,108.987
2024-03-11 00:00:00,108.979,109.051,108.93,108.933
2024-03-11 01:00:00,108.983,108.989,108.773,108.877
2024-03-11 02:00:00,108.875,108.94,108.809,108.865
2024-03-11 03:00:00,108.865,108.984,108.716,108.975
2024-03-11 04:00:00,108.975,109.058,108.913,109.034
2024-03-11 05:00:00,109.035,109.036,108.953,108.963
2024-03-11 06:00:00,108.961,109.018,108.896,108.911
2024-03-11 07:00:00,108.909,109.074,108.903,109.011
2024-03-11 08:00:00,109.013,109.078,108.916,108.957
2024-03-11 09:00:00,108.957,109.004,108.833,108.834
2024-03-11 10:00:00,108.834,108.974,108.761,108.832
2024-03-11 11:00:00,108.83,108.902,108.726,108.819
2024-03-11 12:00:00,108.819,108.864,108.747,108.839
2024-03-11 13:00:00,108.84,108.857,108.796,108.807
2024-03-11 14:00:00,108.804,108.847,108.67,108.684
2024-03-11 15:00:00,108.682,108.862,108.677,108.814
2024-03-11 16:00:00,108.814,109.001,108.801,108.936
2024-03-11 17:00:00,108.938,108.967,108.804,108.881
2024-03-11 18:00:00,108.881,108.984,108.868,108.941
2024-03-11 19:00:00,108.936,108.945,108.818,108.943
2024-03-11 20:00:00,108.942,109.004,108.911,108.946
2024-03-11 21:00:00,108.944,109.009,108.928,108.997
2024-03-11 22:00:00,108.943,109.021,108.913,108.966
2024-03-11 23:00:00,108.972,108.993,108.836,108.963
2024-03-12 00:00:00,108.942,108.999,108.896,108.928
2024-03-12 01:00:00,108.979,108.981,108.813,108.858
2024-03-12 02:00:00,108.856,108.953,108.777,108.935
2024-03-12 03:00:00,108.935,109.045,108.932,109.023
2024-03-12 04:00:00,109.021,109.378,109.019,109.375
2024-03-12 05:00:00,109.377,109.391,109.325,109.364
2024-03-12 06:00:00,109.364,109.396,109.321,109.359
2024-03-12 07:00:00,109.361,109.521,109.351,109.459
2024-03-12 08:00:00,109.459,109.505,109.232,109.398
2024-03-12 09:00:00,109.396,109.419,109.302,109.344
2024-03-12 10:00:00,109.346,109.481,109.285,109.332
2024-03-12 11:00:00,109.332,109.424,109.322,109.416
2024-03-12 12:00:00,109.416,109.503,109.363,109.372
2024-03-12 13:00:00,109.372,109.394,109.298,109.369
2024-03-12 14:00:00,109.369,109.705,109.173,109.411
2024-03-12 15:00:00,109.411,109.569,109.307,109.42
2024-03-12 16:00:00,109.42,109.6,109.407,109.582
2024-03-12 17:00:00,109.582,109.583,109.404,109.429
2024-03-12 18:00:00,109.427,109.462,109.346,109.401
2024-03-12 19:00:00,109.401,109.479,109.361,109.465
2024-03-12 20:00:00,109.465,109.471,109.363,109.425
2024-03-12 21:00:00,109.425,109.464,109.408,109.454
2024-03-12 22:00:00,109.454,109.469,109.417,109.45
2024-03-12 23:00:00,109.445,109.449,109.344,109.384
2024-03-13 00:00:00,109.411,109.422,109.347,109.384
2024-03-13 01:00:00,109.384,109.438,109.354,109.402
2024-03-13 02:00:00,109.4,109.406,109.218,109.22
2024-03-13 03:00:00,109.22,109.253,109.13,109.237
2024-03-13 04:00:00,109.237,109.308,109.168,109.207
2024-03-13 05:00:00,109.207,109.248,109.152,109.222
2024-03-13 06:00:00,109.222,109.354,109.211,109.351
2024-03-13 07:00:00,109.354,109.4,109.337,109.375
2024-03-13 08:00:00,109.375,109.501,109.319,109.479
2024-03-13 09:00:00,109.479,109.524,109.352,109.493
2024-03-13 10:00:00,109.49,109.65,109.467,109.635
2024-03-13 11:00:00,109.635,109.739,109.496,109.694
2024-03-13 12:00:00,109.694,109.711,109.612,109.635
2024-03-13 13:00:00,109.636,109.723,109.632,109.719
2024-03-13 14:00:00,109.719,109.741,109.646,109.659
2024-03-13 15:00:00,109.659,109.758,109.576,109.752
2024-03-13 16:00:00,109.75,109.848,109.74,109.8
2024-03-13 17:00:00,109.797,109.808,109.647,109.668
2024-03-13 18:00:00,109.669,109.728,109.63,109.672
2024-03-13 19:00:00,109.674,109.688,109.512,109.664
2024-03-13 20:00:00,109.665,109.773,109.644,109.726
2024-03-13 21:00:00,109.726,109.774,109.692,109.746
2024-03-13 22:00:00,109.747,109.752,109.663,109.663
2024-03-13 23:00:00,109.667,109.68,109.532,109.552
2024-03-14 00:00:00,109.606,109.645,109.586,109.63
2024-03-14 01:00:00,109.63,109.637,109.545,109.602
2024-03-14 02:00:00,109.599,109.671,109.543,109.586
2024-03-14 03:00:00,109.586,109.689,109.556,109.674
2024-03-14 04:00:00,109.674,109.798,109.648,109.78
2024-03-14 05:00:00,109.78,109.78,109.671,109.714
2024-03-14 06:00:00,109.714,109.797,109.696,109.762
2024-03-14 07:00:00,109.763,109.786,109.71,109.746
2024-03-14 08:00:00,109.746,109.773,109.701,109.763
2024-03-14 09:00:00,109.763,109.793,109.687,109.761
2024-03-14 10:00:00,109.761,109.789,109.687,109.759
2024-03-14 11:00:00,109.76,109.8,109.723,109.758
2024-03-14 12:00:00,109.758,109.799,109.696,109.705
2024-03-14 13:00:00,109.705,109.73,109.662,109.716
2024-03-14 14:00:00,109.712,109.816,109.631,109.695
2024-03-14 15:00:00,109.694,109.827,109.424,109.676
2024-03-14 16:00:00,109.681,109.744,109.599,109.652
2024-03-14 17:00:00,109.652,109.656,109.55,109.623
2024-03-14 18:00:00,109.625,109.648,109.506,109.576
2024-03-14 19:00:00,109.576,109.638,109.49,109.631
2024-03-14 20:00:00,109.629,109.661,109.563,109.582
2024-03-14 21:00:00,109.58,109.594,109.502,109.562
2024-03-14 22:00:00,109.561,109.599,109.531,109.583
2024-03-14 23:00:00,109.594,109.628,109.47,109.549
2024-03-15 00:00:00,109.567,109.567,109.508,109.517
2024-03-15 01:00:00,109.517,109.557,109.499,109.546
2024-03-15 02:00:00,109.546,109.695,109.52,109.627
2024-03-15 03:00:00,109.625,109.671,109.605,109.641
2024-03-15 04:00:00,109.634,109.771,109.607,109.633
2024-03-15 05:00:00,109.633,109.656,109.567,109.619
2024-03-15 06:00:00,109.618,109.641,109.505,109.548
2024-03-15 07:00:00,109.55,109.599,109.533,109.572
2024-03-15 08:00:00,109.572,109.583,109.406,109.48
2024-03-15 09:00:00,109.477,109.706,109.357,109.682
2024-03-15 10:00:00,109.682,109.862,109.682,109.763
2024-03-15 11:00:00,109.763,109.932,109.744,109.918
2024-03-15 12:00:00,109.92,109.945,109.86,109.943
2024-03-15 13:00:00,109.943,109.961,109.845,109.876
2024-03-15 14:00:00,109.879,110.017,109.841,109.974
2024-03-15 15:00:00,109.974,110.142,109.971,110.089
2024-03-15 16:00:00,110.088,110.231,110.04,110.217
2024-03-15 17:00:00,110.217,110.301,110.164,110.211
2024-03-15 18:00:00,110.213,110.237,110.029,110.073
2024-03-15 19:00:00,110.073,110.077,109.972,110.018
2024-03-15 20:00:00,110.019,110.081,109.986,110.07
2024-03-15 21:00:00,110.067,110.101,110.05,110.056
2024-03-15 22:00:00,110.054,110.099,109.971,109.977
2024-03-18 00:00:00,110.066,110.099,109.975,109.979
2024-03-18 01:00:00,109.979,110.015,109.939,109.958
2024-03-18 02:00:00,109.958,110.217,109.937,110.21
2024-03-18 03:00:00,110.212,110.24,110.153,110.189
2024-03-18 04:00:00,110.191,110.213,110.015,110.056
2024-03-18 05:00:00,110.056,110.127,110.043,110.119
2024-03-18 06:00:00,110.117,110.167,110.115,110.152
2024-03-18 07:00:00,110.152,110.188,110.133,110.15
2024-03-18 08:00:00,110.15,110.256,110.141,110.247
2024-03-18 09:00:00,110.247,110.378,110.241,110.266
2024-03-18 10:00:00,110.266,110.281,110.19,110.234
2024-03-18 11:00:00,110.234,110.31,110.224,110.227
2024-03-18 12:00:00,110.227,110.229,110.108,110.111
2024-03-18 13:00:00,110.111,110.138,110.036,110.048
2024-03-18 14:00:00,110.045,110.234,110.033,110.23
2024-03-18 15:00:00,110.228,110.265,110.105,110.14
2024-03-18 16:00:00,110.142,110.228,110.104,110.217
2024-03-18 17:00:00,110.217,110.225,110.077,110.132
2024-03-18 18:00:00,110.133,110.163,110.069,110.104
2024-03-18 19:00:00,110.104,110.174,109.964,110.13
2024-03-18 20:00:00,110.126,110.182,110.066,110.18
2024-03-18 21:00:00,110.181,110.231,110.166,110.204
2024-03-18 22:00:00,110.204,110.214,110.171,110.194
2024-03-18 23:00:00,110.192,110.216,110.077,110.149
2024-03-19 00:00:00,110.15,110.192,110.107,110.107
2024-03-19 01:00:00,110.105,110.211,110.097,110.2
2024-03-19 02:00:00,110.197,110.22,110.139,110.176
2024-03-19 03:00:00,110.176,110.276,110.13,110.208
2024-03-19 04:00:00,110.206,110.304,110.187,110.3
2024-03-19 05:00:00,110.3,110.695,110.055,110.525
2024-03-19 06:00:00,110.528,110.754,110.503,110.679
2024-03-19 07:00:00,110.679,110.957,110.659,110.825
2024-03-19 08:00:00,110.828,110.916,110.596,110.837
2024-03-19 09:00:00,110.832,110.855,110.604,110.772
2024-03-19 10:00:00,110.772,110.861,110.67,110.781
2024-03-19 11:00:00,110.778,110.983,110.745,110.982
2024-03-19 12:00:00,110.982,111.002,110.885,110.928
2024-03-19 13:00:00,110.928,110.939,110.811,110.836
2024-03-19 14:00:00,110.836,110.994,110.528,110.602
2024-03-19 15:00:00,110.602,110.74,110.548,110.699
2024-03-19 16:00:00,110.702,110.939,110.674,110.911
2024-03-19 17:00:00,110.909,111.022,110.878,111.003
2024-03-19 18:00:00,111.003,111.307,110.999,111.299
2024-03-19 19:00:00,111.299,111.321,111.222,111.267
2024-03-19 20:00:00,111.27,111.27,111.195,111.24
2024-03-19 21:00:00,111.24,111.254,111.197,111.223
2024-03-19 22:00:00,111.223,111.235,111.179,111.179
2024-03-19 23:00:00,111.178,111.237,111.092,111.156
2024-03-20 00:00:00,111.151,111.197,111.151,111.181
2024-03-20 01:00:00,111.178,111.307,111.171,111.251
2024-03-20 02:00:00,111.251,111.437,111.235,111.349
2024-03-20 03:00:00,111.354,111.409,111.347,111.376
2024-03-20 04:00:00,111.375,111.419,111.37,111.411
2024-03-20 05:00:00,111.454,111.514,111.45,111.514
2024-03-20 06:00:00,111.514,111.617,111.51,111.566
2024-03-20 07:00:00,111.564,111.637,111.52,111.57
2024-03-20 08:00:00,111.57,111.625,111.536,111.541
2024-03-20 09:00:00,111.542,111.59,111.457,111.493
2024-03-20 10:00:00,111.489,111.497,111.385,111.426
2024-03-20 11:00:00,111.426,111.577,111.403,111.504
2024-03-20 12:00:00,111.504,111.611,111.484,111.502
2024-03-20 13:00:00,111.502,111.624,111.495,111.597
2024-03-20 14:00:00,111.599,111.718,111.556,111.714
2024-03-20 15:00:00,111.714,111.719,111.637,111.674
2024-03-20 16:00:00,111.676,111.741,111.634,111.679
2024-03-20 17:00:00,111.679,111.819,111.617,111.817
2024-03-20 18:00:00,111.817,111.886,111.778,111.885
2024-03-20 19:00:00,111.885,111.893,111.791,111.876
2024-03-20 20:00:00,111.834,112.084,111.609,111.736
2024-03-20 21:00:00,111.739,112.126,111.736,112.126
2024-03-20 22:00:00,112.13,112.258,112.077,112.091
2024-03-20 23:00:00,112.09,112.101,112.006,112.01
2024-03-21 00:00:00,112.01,112.126,111.9,111.902
2024-03-21 01:00:00,111.902,111.97,111.826,111.873
2024-03-21 02:00:00,111.873,111.977,111.725,111.798
2024-03-21 03:00:00,111.799,111.827,111.6,111.747
2024-03-21 04:00:00,111.749,111.755,111.629,111.727
2024-03-21 05:00:00,111.727,111.798,111.662,111.758
2024-03-21 06:00:00,111.756,111.979,111.733,111.958
2024-03-21 07:00:00,111.958,112.134,111.952,112.13
2024-03-21 08:00:00,112.126,112.206,112.053,112.15
2024-03-21 09:00:00,112.15,112.287,112.088,112.28
2024-03-21 10:00:00,112.279,112.285,111.988,112.005
2024-03-21 11:00:00,112.007,112.057,111.94,112.013
2024-03-21 12:00:00,112.012,112.022,111.893,111.993
2024-03-21 13:00:00,111.991,112.006,111.83,111.83
2024-03-21 14:00:00,111.828,111.978,111.795,111.908
2024-03-21 15:00:00,111.91,112.144,111.897,112.128
2024-03-21 16:00:00,112.153,112.188,111.978,112.041
2024-03-21 17:00:00,112.044,112.083,111.95,111.974
2024-03-21 18:00:00,111.974,112.144,111.962,112.121
2024-03-21 19:00:00,112.123,112.156,112.062,112.071
2024-03-21 20:00:00,112.071,112.1,112.06,112.074
2024-03-21 21:00:00,112.072,112.124,112.062,112.076
2024-03-21 22:00:00,112.079,112.11,112.036,112.045
2024-03-21 23:00:00,112.045,112.08,111.978,112.013
2024-03-22 00:00:00,112.015,112.059,111.999,112.006
2024-03-22 01:00:00,112.006,112.123,112.004,112.084
2024-03-22 02:00:00,112.079,112.098,111.982,112.051
2024-03-22 03:00:00,112.051,112.169,112.021,112.046
2024-03-22 04:00:00,112.046,112.053,111.678,111.822
2024-03-22 05:00:00,111.822,111.831,111.721,111.761
2024-03-22 06:00:00,111.761,111.789,111.701,111.78
2024-03-22 07:00:00,111.78,111.819,111.712,111.737
2024-03-22 08:00:00,111.733,111.751,111.499,111.555
2024-03-22 09:00:00,111.555,111.67,111.482,111.617
2024-03-22 10:00:00,111.619,111.661,111.518,111.634
2024-03-22 11:00:00,111.634,111.721,111.634,111.69
2024-03-22 12:00:00,111.69,111.713,111.606,111.674
2024-03-22 13:00:00,111.677,111.686,111.483,111.535
2024-03-22 14:00:00,111.538,111.631,111.293,111.47
2024-03-22 15:00:00,111.47,111.494,111.3,111.366
2024-03-22 16:00:00,111.365,111.441,111.268,111.283
2024-03-22 17:00:00,111.283,111.349,111.158,111.315
2024-03-22 18:00:00,111.314,111.339,111.246,111.295
2024-03-22 19:00:00,111.295,111.304,111.198,111.28
2024-03-22 20:00:00,111.282,111.297,111.225,111.279
2024-03-22 21:00:00,111.279,111.285,111.236,111.247
2024-03-22 22:00:00,111.248,111.29,111.209,111.268
2024-03-25 00:00:00,111.285,111.291,111.143,111.17
2024-03-25 01:00:00,111.173,111.185,111.033,111.155
2024-03-25 02:00:00,111.148,111.229,111.121,111.153
2024-03-25 03:00:00,111.151,111.25,111.059,111.234
2024-03-25 04:00:00,111.234,111.248,111.13,111.232
2024-03-25 05:00:00,111.235,111.262,111.179,111.213
2024-03-25 06:00:00,111.214,111.309,111.211,111.303
2024-03-25 07:00:00,111.298,111.314,111.181,111.195
2024-03-25 08:00:00,111.195,111.237,111.134,111.236
2024-03-25 09:00:00,111.236,111.312,111.188,111.258
2024-03-25 10:00:00,111.256,111.359,111.231,111.356
2024-03-25 11:00:00,111.356,111.406,111.325,111.373
2024-03-25 12:00:00,111.373,111.375,111.284,111.304
2024-03-25 13:00:00,111.304,111.409,111.297,111.356
2024-03-25 14:00:00,111.356,111.377,111.219,111.263
2024-03-25 15:00:00,111.263,111.419,111.222,111.411
2024-03-25 16:00:00,111.417,111.503,111.389,111.468
2024-03-25 17:00:00,111.465,111.506,111.395,111.492
2024-03-25 18:00:00,111.495,111.592,111.486,111.537
2024-03-25 19:00:00,111.537,111.557,111.454,111.554
2024-03-25 20:00:00,111.554,111.561,111.51,111.519
2024-03-25 21:00:00,111.514,111.514,111.448,111.478
2024-03-25 22:00:00,111.478,111.5,111.422,111.432
2024-03-25 23:00:00,111.438,111.464,111.413,111.42
2024-03-26 00:00:00,111.42,111.468,111.412,111.459
2024-03-26 01:00:00,111.459,111.462,111.412,111.424
2024-03-26 02:00:00,111.422,111.495,111.385,111.412
2024-03-26 03:00:00,111.407,111.487,111.385,111.475
2024-03-26 04:00:00,111.475,111.491,111.418,111.454
2024-03-26 05:00:00,111.454,111.474,111.429,111.45
2024-03-26 06:00:00,111.45,111.461,111.397,111.432
2024-03-26 07:00:00,111.432,111.469,111.421,111.443
2024-03-26 08:00:00,111.443,111.5,111.416,111.457
2024-03-26 09:00:00,111.457,111.48,111.363,111.369
2024-03-26 10:00:00,111.369,111.43,111.316,111.396
2024-03-26 11:00:00,111.396,111.514,111.377,111.467
2024-03-26 12:00:00,111.467,111.546,111.467,111.524
2024-03-26 13:00:00,111.522,111.623,111.518,111.607
2024-03-26 14:00:00,111.607,111.735,111.553,111.722
2024-03-26 15:00:00,111.722,111.725,111.589,111.616
2024-03-26 16:00:00,111.615,111.647,111.491,111.561
2024-03-26 17:00:00,111.561,111.707,111.504,111.698
2024-03-26 18:00:00,111.698,111.7,111.586,111.601
2024-03-26 19:00:00,111.601,111.641,111.555,111.633
2024-03-26 20:00:00,111.634,111.649,111.585,111.601
2024-03-26 21:00:00,111.601,111.611,111.535,111.566
2024-03-26 22:00:00,111.566,111.581,111.539,111.562
2024-03-26 23:00:00,111.563,111.615,111.451,111.473
2024-03-27 00:00:00,111.474,111.51,111.448,111.476
2024-03-27 01:00:00,111.476,111.522,111.472,111.501
2024-03-27 02:00:00,111.502,111.519,111.402,111.445
2024-03-27 03:00:00,111.447,111.579,111.435,111.55
2024-03-27 04:00:00,111.551,111.694,111.548,111.651
2024-03-27 05:00:00,111.652,111.67,111.461,111.524
2024-03-27 06:00:00,111.524,111.565,111.479,111.561
2024-03-27 07:00:00,111.559,111.615,111.534,111.591
2024-03-27 08:00:00,111.591,111.593,111.509,111.545
2024-03-27 09:00:00,111.544,111.563,111.482,111.532
2024-03-27 10:00:00,111.536,111.553,111.469,111.507
2024-03-27 11:00:00,111.507,111.518,111.095,111.283
2024-03-27 12:00:00,111.283,111.283,111.081,111.174
2024-03-27 13:00:00,111.172,111.229,111.057,111.169
2024-03-27 14:00:00,111.168,111.168,111.095,111.133
2024-03-27 15:00:00,111.132,111.349,111.128,111.343
2024-03-27 16:00:00,111.343,111.444,111.247,111.259
2024-03-27 17:00:00,111.259,111.349,111.199,111.327
2024-03-27 18:00:00,111.327,111.373,111.304,111.342
2024-03-27 19:00:00,111.342,111.417,111.316,111.378
2024-03-27 20:00:00,111.377,111.467,111.359,111.442
2024-03-27 21:00:00,111.442,111.482,111.423,111.454
2024-03-27 22:00:00,111.454,111.523,111.438,111.465
2024-03-27 23:00:00,111.514,111.516,111.45,111.45
2024-03-28 00:00:00,111.39,111.448,111.352,111.393
2024-03-28 01:00:00,111.394,111.419,111.333,111.356
2024-03-28 02:00:00,111.353,111.472,111.319,111.462
2024-03-28 03:00:00,111.462,111.535,111.392,111.401
2024-03-28 04:00:00,111.401,111.498,111.383,111.486
2024-03-28 05:00:00,111.486,111.499,111.452,111.468
2024-03-28 06:00:00,111.468,111.493,111.457,111.485
2024-03-28 07:00:00,111.485,111.498,111.407,111.453
2024-03-28 08:00:00,111.453,111.48,111.376,111.42
2024-03-28 09:00:00,111.42,111.439,111.351,111.4
2024-03-28 10:00:00,111.4,111.406,111.246,111.307
2024-03-28 11:00:00,111.307,111.317,111.231,111.26
2024-03-28 12:00:00,111.262,111.363,111.252,111.336
2024-03-28 13:00:00,111.337,111.426,111.308,111.322
2024-03-28 14:00:00,111.322,111.456,111.299,111.418
2024-03-28 15:00:00,111.42,111.609,111.415,111.603
2024-03-28 16:00:00,111.605,111.646,111.531,111.576
2024-03-28 17:00:00,111.578,111.839,111.575,111.838
2024-03-28 18:00:00,111.835,111.847,111.7,111.793
2024-03-28 19:00:00,111.791,111.857,111.782,111.827
2024-03-28 20:00:00,111.824,111.862,111.774,111.802
2024-03-28 21:00:00,111.802,111.809,111.755,111.766
2024-03-28 22:00:00,111.766,111.799,111.712,111.781
2024-03-28 23:00:00,111.783,111.815,111.763,111.793
2024-03-29 00:00:00,111.796,111.859,111.783,111.85
2024-03-29 01:00:00,111.85,111.894,111.812,111.864
2024-03-29 02:00:00,111.864,111.904,111.658,111.766
2024-03-29 03:00:00,111.766,111.847,111.757,111.771
2024-03-29 04:00:00,111.772,111.804,111.712,111.771
2024-03-29 05:00:00,111.77,111.774,111.721,111.728
2024-03-29 06:00:00,111.728,111.736,111.614,111.626
2024-03-29 07:00:00,111.626,111.709,111.623,111.674
2024-03-29 08:00:00,111.674,111.74,111.634,111.678
2024-03-29 09:00:00,111.678,111.726,111.637,111.637
2024-03-29 10:00:00,111.637,111.702,111.636,111.686
2024-03-29 11:00:00,111.686,111.691,111.669,111.67
2024-03-29 12:00:00,111.672,111.693,111.633,111.645
2024-03-29 13:00:00,111.645,111.69,111.644,111.677
2024-03-29 14:00:00,111.676,111.743,111.603,111.661
2024-03-29 15:00:00,111.661,111.698,111.626,111.643
2024-03-29 16:00:00,111.643,111.673,111.599,111.67
2024-03-29 17:00:00,111.674,111.744,111.669,111.672
2024-03-29 18:00:00,111.672,111.713,111.664,111.713
2024-03-29 19:00:00,111.713,111.749,111.686,111.728
2024-03-29 20:00:00,111.729,111.76,111.687,111.76
2024-03-29 21:00:00,111.761,111.761,111.693,111.725
2024-03-29 22:00:00,111.728,111.797,111.681,111.718
2024-04-01 00:00:00,111.471,111.762,111.362,111.73
2024-04-01 01:00:00,111.718,111.859,111.699,111.843
2024-04-01 02:00:00,111.844,111.973,111.831,111.964
2024-04-01 03:00:00,111.966,111.98,111.881,111.935
2024-04-01 04:00:00,111.935,111.948,111.8,111.815
2024-04-01 05:00:00,111.815,111.865,111.782,111.86
2024-04-01 06:00:00,111.86,111.904,111.831,111.901
2024-04-01 07:00:00,111.902,111.91,111.851,111.884
2024-04-01 08:00:00,111.886,111.899,111.84,111.863
2024-04-01 09:00:00,111.86,111.906,111.834,111.903
2024-04-01 10:00:00,111.903,111.925,111.855,111.855
2024-04-01 11:00:00,111.859,111.898,111.831,111.862
2024-04-01 12:00:00,111.862,111.908,111.86,111.885
2024-04-01 13:00:00,111.885,111.895,111.789,111.79
2024-04-01 14:00:00,111.79,111.81,111.716,111.72
2024-04-01 15:00:00,111.718,111.732,111.595,111.697
2024-04-01 16:00:00,111.697,111.847,111.695,111.829
2024-04-01 17:00:00,111.826,111.854,111.672,111.768
2024-04-01 18:00:00,111.768,111.803,111.693,111.71
2024-04-01 19:00:00,111.71,111.771,111.697,111.736
2024-04-01 20:00:00,111.734,111.735,111.593,111.654
2024-04-01 21:00:00,111.655,111.658,111.583,111.648
2024-04-01 22:00:00,111.648,111.717,111.631,111.712
2024-04-01 23:00:00,111.712,111.752,111.694,111.734
2024-04-02 00:00:00,111.741,111.756,111.665,111.713
2024-04-02 01:00:00,111.706,111.72,111.667,111.682
2024-04-02 02:00:00,111.682,111.738,111.658,111.679
2024-04-02 03:00:00,111.676,111.749,111.58,111.738
2024-04-02 04:00:00,111.74,111.833,111.676,111.833
2024-04-02 05:00:00,111.833,111.841,111.714,111.741
2024-04-02 06:00:00,111.741,111.776,111.728,111.753
2024-04-02 07:00:00,111.753,111.756,111.707,111.755
2024-04-02 08:00:00,111.755,111.772,111.691,111.717
2024-04-02 09:00:00,111.717,111.771,111.683,111.744
2024-04-02 10:00:00,111.741,111.834,111.734,111.779
2024-04-02 11:00:00,111.777,111.809,111.747,111.795
2024-04-02 12:00:00,111.792,111.881,111.778,111.838
2024-04-02 13:00:00,111.838,111.863,111.815,111.844
2024-04-02 14:00:00,111.844,111.854,111.773,111.819
2024-04-02 15:00:00,111.819,111.832,111.768,111.769
2024-04-02 16:00:00,111.767,111.773,111.601,111.674
2024-04-02 17:00:00,111.665,111.773,111.592,111.642
2024-04-02 18:00:00,111.643,111.676,111.599,111.664
2024-04-02 19:00:00,111.664,111.704,111.633,111.701
2024-04-02 20:00:00,111.701,111.715,111.645,111.664
2024-04-02 21:00:00,111.666,111.703,111.646,111.683
2024-04-02 22:00:00,111.683,111.712,111.661,111.674
2024-04-02 23:00:00,111.672,111.752,111.665,111.69
2024-04-03 00:00:00,111.701,111.738,111.604,111.737
2024-04-03 01:00:00,111.741,111.741,111.676,111.729
2024-04-03 02:00:00,111.729,111.751,111.708,111.721
2024-04-03 03:00:00,111.721,111.721,111.622,111.679
2024-04-03 04:00:00,111.679,111.746,111.653,111.698
2024-04-03 05:00:00,111.698,111.727,111.675,111.697
2024-04-03 06:00:00,111.698,111.761,111.693,111.745
2024-04-03 07:00:00,111.742,111.771,111.721,111.73
2024-04-03 08:00:00,111.732,111.742,111.68,111.71
2024-04-03 09:00:00,111.71,111.746,111.665,111.742
2024-04-03 10:00:00,111.742,111.785,111.695,111.705
2024-04-03 11:00:00,111.704,111.748,111.635,111.732
2024-04-03 12:00:00,111.732,111.813,111.728,111.794
2024-04-03 13:00:00,111.794,111.794,111.73,111.761
2024-04-03 14:00:00,111.761,111.899,111.757,111.894
2024-04-03 15:00:00,111.894,111.977,111.869,111.92
2024-04-03 16:00:00,111.92,112.147,111.895,112.12
2024-04-03 17:00:00,112.058,112.318,112.03,112.288
2024-04-03 18:00:00,112.286,112.308,112.138,112.162
2024-04-03 19:00:00,112.165,112.166,112.045,112.083
2024-04-03 20:00:00,112.083,112.16,112.071,112.139
2024-04-03 21:00:00,112.135,112.151,112.08,112.098
2024-04-03 22:00:00,112.098,112.106,112.034,112.088
2024-04-03 23:00:00,112.088,112.14,112.076,112.129
2024-04-04 00:00:00,112.132,112.136,111.97,112.081
2024-04-04 01:00:00,112.081,112.097,112.048,112.061
2024-04-04 02:00:00,112.061,112.124,112.055,112.081
2024-04-04 03:00:00,112.081,112.166,112.052,112.127
2024-04-04 04:00:00,112.127,112.202,112.127,112.18
2024-04-04 05:00:00,112.18,112.24,112.156,112.237
2024-04-04 06:00:00,112.237,112.25,112.218,112.222
2024-04-04 07:00:00,112.224,112.258,112.218,112.237
2024-04-04 08:00:00,112.237,112.265,112.208,112.208
2024-04-04 09:00:00,112.211,112.277,112.201,112.271
2024-04-04 10:00:00,112.271,112.368,112.264,112.264
2024-04-04 11:00:00,112.264,112.362,112.263,112.342
2024-04-04 12:00:00,112.342,112.403,112.341,112.396
2024-04-04 13:00:00,112.395,112.398,112.359,112.385
2024-04-04 14:00:00,112.385,112.393,112.315,112.385
2024-04-04 15:00:00,112.383,112.472,112.38,112.428
2024-04-04 16:00:00,112.431,112.468,112.347,112.395
2024-04-04 17:00:00,112.395,112.478,112.378,112.452
2024-04-04 18:00:00,112.449,112.462,112.375,112.38
2024-04-04 19:00:00,112.38,112.388,112.314,112.323
2024-04-04 20:00:00,112.324,112.339,112.269,112.273
2024-04-04 21:00:00,112.273,112.279,111.636,111.683
2024-04-04 22:00:00,111.681,111.752,111.484,111.584
2024-04-04 23:00:00,111.583,111.744,111.583,111.733
2024-04-05 00:00:00,111.743,111.743,111.632,111.73
2024-04-05 01:00:00,111.726,111.744,111.615,111.693
2024-04-05 02:00:00,111.69,111.711,111.604,111.709
2024-04-05 03:00:00,111.701,111.717,111.326,111.392
2024-04-05 04:00:00,111.394,111.438,111.274,111.315
2024-04-05 05:00:00,111.315,111.385,111.315,111.368
2024-04-05 06:00:00,111.368,111.465,111.334,111.461
2024-04-05 07:00:00,111.461,111.488,111.411,111.42
2024-04-05 08:00:00,111.42,111.451,111.38,111.447
2024-04-05 09:00:00,111.441,111.527,111.386,111.486
2024-04-05 10:00:00,111.483,111.6,111.45,111.598
2024-04-05 11:00:00,111.598,111.688,111.546,111.644
2024-04-05 12:00:00,111.641,111.744,111.622,111.695
2024-04-05 13:00:00,111.695,111.704,111.618,111.626
2024-04-05 14:00:00,111.628,111.665,111.607,111.638
2024-04-05 15:00:00,111.636,111.692,111.269,111.277
2024-04-05 16:00:00,111.277,111.33,111.12,111.177
2024-04-05 17:00:00,111.177,111.407,111.114,111.399
2024-04-05 18:00:00,111.399,111.637,111.39,111.61
2024-04-05 19:00:00,111.61,111.653,111.564,111.574
2024-04-05 20:00:00,111.576,111.607,111.516,111.576
2024-04-05 21:00:00,111.576,111.606,111.497,111.515
2024-04-05 22:00:00,111.515,111.589,111.506,111.585
2024-04-05 23:00:00,111.579,111.597,111.533,111.549
2024-04-08 00:00:00,111.54,111.54,111.432,111.495
2024-04-08 01:00:00,111.488,111.551,111.479,111.517
2024-04-08 02:00:00,111.516,111.536,111.461,111.49
2024-04-08 03:00:00,111.489,111.489,111.405,111.448
2024-04-08 04:00:00,111.448,111.619,111.433,111.612
2024-04-08 05:00:00,111.612,111.704,111.596,111.698
2024-04-08 06:00:00,111.698,111.703,111.558,111.575
2024-04-08 07:00:00,111.575,111.6,111.555,111.594
2024-04-08 08:00:00,111.595,111.64,111.566,111.578
2024-04-08 09:00:00,111.58,111.669,111.571,111.579
2024-04-08 10:00:00,111.581,111.729,111.573,111.709
2024-04-08 11:00:00,111.709,111.762,111.639,111.708
2024-04-08 12:00:00,111.708,111.751,111.675,111.694
2024-04-08 13:00:00,111.691,111.762,111.651,111.754
2024-04-08 14:00:00,111.756,111.786,111.708,111.732
2024-04-08 15:00:00,111.732,111.826,111.715,111.814
2024-04-08 16:00:00,111.821,111.871,111.689,111.698
2024-04-08 17:00:00,111.698,111.777,111.62,111.761
2024-04-08 18:00:00,111.763,111.826,111.704,111.732
2024-04-08 19:00:00,111.732,111.799,111.685,111.78
2024-04-08 20:00:00,111.78,111.804,111.74,111.788
2024-04-08 21:00:00,111.789,111.814,111.761,111.789
2024-04-08 22:00:00,111.789,111.842,111.779,111.827
2024-04-08 23:00:00,111.827,111.891,111.823,111.848
2024-04-09 00:00:00,111.852,111.852,111.569,111.825
2024-04-09 01:00:00,111.82,111.859,111.814,111.853
2024-04-09 02:00:00,111.857,111.904,111.856,111.88
2024-04-09 03:00:00,111.88,111.934,111.84,111.918
2024-04-09 04:00:00,111.918,111.92,111.863,111.865
2024-04-09 05:00:00,111.868,111.868,111.799,111.825
2024-04-09 06:00:00,111.825,111.833,111.779,111.793
2024-04-09 07:00:00,111.793,111.876,111.793,111.863
2024-04-09 08:00:00,111.864,111.881,111.838,111.875
2024-04-09 09:00:00,111.875,111.917,111.847,111.87
2024-04-09 10:00:00,111.872,111.895,111.835,111.859
2024-04-09 11:00:00,111.86,111.905,111.822,111.901
2024-04-09 12:00:00,111.901,111.947,111.842,111.913
2024-04-09 13:00:00,111.916,111.958,111.851,111.886
2024-04-09 14:00:00,111.886,111.889,111.803,111.832
2024-04-09 15:00:00,111.832,111.908,111.789,111.88
2024-04-09 16:00:00,111.88,111.987,111.845,111.879
2024-04-09 17:00:00,111.878,111.936,111.475,111.571
2024-04-09 18:00:00,111.571,111.703,111.559,111.701
2024-04-09 19:00:00,111.701,111.733,111.634,111.645
2024-04-09 20:00:00,111.644,111.695,111.638,111.64
2024-04-09 21:00:00,111.639,111.733,111.623,111.709
2024-04-09 22:00:00,111.709,111.809,111.675,111.8
2024-04-09 23:00:00,111.798,111.843,111.795,111.825
2024-04-10 00:00:00,111.824,111.824,111.64,111.802
2024-04-10 01:00:00,111.799,111.836,111.794,111.808
2024-04-10 02:00:00,111.808,111.829,111.79,111.821
2024-04-10 03:00:00,111.821,111.857,111.797,111.835
2024-04-10 04:00:00,111.835,111.866,111.817,111.855
2024-04-10 05:00:00,111.855,111.871,111.819,111.862
2024-04-10 06:00:00,111.862,111.885,111.823,111.835
2024-04-10 07:00:00,111.835,111.87,111.82,111.854
2024-04-10 08:00:00,111.854,111.908,111.851,111.874
2024-04-10 09:00:00,111.874,111.941,111.848,111.929
2024-04-10 10:00:00,111.929,111.972,111.897,111.959
2024-04-10 11:00:00,111.959,111.969,111.924,111.957
2024-04-10 12:00:00,111.957,111.972,111.895,111.947
2024-04-10 13:00:00,111.945,112.008,111.928,112.004
2024-04-10 14:00:00,112.004,112.004,111.924,111.944
2024-04-10 15:00:00,111.944,112.003,111.388,111.647
2024-04-10 16:00:00,111.647,111.916,111.524,111.809
2024-04-10 17:00:00,111.813,111.916,111.648,111.732
2024-04-10 18:00:00,111.732,111.744,111.615,111.672
2024-04-10 19:00:00,111.673,111.757,111.62,111.72
2024-04-10 20:00:00,111.718,111.769,111.531,111.693
2024-04-10 21:00:00,111.687,111.767,111.662,111.713
2024-04-10 22:00:00,111.713,111.857,111.697,111.829
2024-04-10 23:00:00,111.829,111.997,111.804,111.928
2024-04-11 00:00:00,111.926,111.926,111.691,111.808
2024-04-11 01:00:00,111.805,111.823,111.717,111.737
2024-04-11 02:00:00,111.735,111.766,111.655,111.736
2024-04-11 03:00:00,111.736,111.75,111.621,111.653
2024-04-11 04:00:00,111.652,111.716,111.62,111.663
2024-04-11 05:00:00,111.664,111.732,111.642,111.696
2024-04-11 06:00:00,111.696,111.8,111.686,111.8
2024-04-11 07:00:00,111.802,111.813,111.752,111.784
2024-04-11 08:00:00,111.783,111.834,111.781,111.828
2024-04-11 09:00:00,111.826,111.893,111.797,111.867
2024-04-11 10:00:00,111.869,111.944,111.867,111.935
2024-04-11 11:00:00,111.936,112.039,111.932,111.97
2024-04-11 12:00:00,111.972,112.002,111.876,111.894
2024-04-11 13:00:00,111.894,111.898,111.806,111.841
2024-04-11 14:00:00,111.841,111.902,111.791,111.812
2024-04-11 15:00:00,111.812,111.912,111.754,111.807
2024-04-11 16:00:00,111.807,111.923,111.801,111.833
2024-04-11 17:00:00,111.834,111.844,111.677,111.738
2024-04-11 18:00:00,111.736,111.784,111.694,111.763
2024-04-11 19:00:00,111.765,111.851,111.754,111.822
2024-04-11 20:00:00,111.823,112.005,111.795,111.954
2024-04-11 21:00:00,111.955,111.994,111.939,111.977
2024-04-11 22:00:00,111.976,112.014,111.942,111.966
2024-04-11 23:00:00,111.963,112.008,111.934,111.959
2024-04-12 00:00:00,111.946,111.962,111.877,111.887
2024-04-12 01:00:00,111.911,111.972,111.9,111.945
2024-04-12 02:00:00,111.945,111.975,111.9,111.921
2024-04-12 03:00:00,111.919,111.966,111.762,111.764
2024-04-12 04:00:00,111.765,111.871,111.765,111.871
2024-04-12 05:00:00,111.871,111.896,111.815,111.891
2024-04-12 06:00:00,111.889,111.889,111.809,111.816
2024-04-12 07:00:00,111.816,111.831,111.767,111.782
2024-04-12 08:00:00,111.782,111.794,111.709,111.748
2024-04-12 09:00:00,111.749,111.797,111.663,111.694
2024-04-12 10:00:00,111.699,111.759,111.645,111.665
2024-04-12 11:00:00,111.665,111.68,111.59,111.603
2024-04-12 12:00:00,111.602,111.636,111.549,111.628
2024-04-12 13:00:00,111.628,111.634,111.471,111.473
2024-04-12 14:00:00,111.471,111.564,111.405,111.414
2024-04-12 15:00:00,111.414,111.443,110.991,111.05
2024-04-12 16:00:00,111.052,111.366,110.865,111.205
2024-04-12 17:00:00,111.204,111.204,110.953,111.163
2024-04-12 18:00:00,111.163,111.322,111.159,111.296
2024-04-12 19:00:00,111.295,111.336,111.112,111.155
2024-04-12 20:00:00,111.157,111.247,111.076,111.205
2024-04-12 21:00:00,111.204,111.26,111.145,111.159
2024-04-12 22:00:00,111.159,111.239,111.113,111.227
2024-04-12 23:00:00,111.227,111.322,111.224,111.269
2024-04-15 00:00:00,111.07,111.216,110.978,111.195
2024-04-15 01:00:00,111.181,111.383,111.121,111.379
2024-04-15 02:00:00,111.378,111.426,111.346,111.415
2024-04-15 03:00:00,111.414,111.481,111.366,111.466
2024-04-15 04:00:00,111.466,111.602,111.439,111.567
2024-04-15 05:00:00,111.563,111.716,111.561,111.704
2024-04-15 06:00:00,111.704,111.749,111.646,111.696
2024-04-15 07:00:00,111.694,111.824,111.688,111.806
2024-04-15 08:00:00,111.806,111.905,111.801,111.88
2024-04-15 09:00:00,111.883,111.932,111.839,111.893
2024-04-15 10:00:00,111.895,111.955,111.85,111.947
2024-04-15 11:00:00,111.95,112.051,111.887,111.999
2024-04-15 12:00:00,111.999,112.017,111.894,111.982
2024-04-15 13:00:00,111.982,112.062,111.97,112.035
2024-04-15 14:00:00,112.035,112.047,111.966,111.999
2024-04-15 15:00:00,111.999,112.285,111.967,112.235
2024-04-15 16:00:00,112.237,112.411,112.223,112.342
2024-04-15 17:00:00,112.34,112.373,111.842,112.086
2024-04-15 18:00:00,112.088,112.213,112.01,112.165
2024-04-15 19:00:00,112.165,112.2,112.028,112.122
2024-04-15 20:00:00,112.12,112.12,111.858,111.93
2024-04-15 21:00:00,111.933,111.944,111.793,111.817
2024-04-15 22:00:00,111.817,111.893,111.777,111.876
2024-04-15 23:00:00,111.876,111.905,111.824,111.876
2024-04-16 00:00:00,111.875,111.875,111.789,111.833
2024-04-16 01:00:00,111.833,111.876,111.796,111.842
2024-04-16 02:00:00,111.842,111.879,111.807,111.847
2024-04-16 03:00:00,111.852,111.904,111.784,111.844
2024-04-16 04:00:00,111.844,111.862,111.768,111.85
2024-04-16 05:00:00,111.85,111.877,111.724,111.771
2024-04-16 06:00:00,111.771,111.824,111.762,111.821
2024-04-16 07:00:00,111.821,111.832,111.767,111.809
2024-04-16 08:00:00,111.809,111.905,111.796,111.899
2024-04-16 09:00:00,111.898,111.969,111.798,111.908
2024-04-16 10:00:00,111.908,112.006,111.881,111.911
2024-04-16 11:00:00,111.911,112.023,111.889,111.977
2024-04-16 12:00:00,111.977,112.069,111.967,112.059
2024-04-16 13:00:00,112.059,112.061,111.973,112.046
2024-04-16 14:00:00,112.048,112.257,112.025,112.234
2024-04-16 15:00:00,112.232,112.249,111.838,111.913
2024-04-16 16:00:00,111.913,111.95,111.286,111.661
2024-04-16 17:00:00,111.661,111.845,111.62,111.797
2024-04-16 18:00:00,111.796,111.911,111.747,111.795
2024-04-16 19:00:00,111.795,111.896,111.786,111.828
2024-04-16 20:00:00,111.83,111.94,111.777,111.931
2024-04-16 21:00:00,111.931,112.02,111.844,111.978
2024-04-16 22:00:00,111.978,111.999,111.874,111.902
2024-04-16 23:00:00,111.902,111.925,111.845,111.855
2024-04-17 00:00:00,111.863,111.888,111.746,111.82
2024-04-17 01:00:00,111.82,111.935,111.82,111.896
2024-04-17 02:00:00,111.894,111.956,111.888,111.945
2024-04-17 03:00:00,111.945,111.956,111.861,111.914
2024-04-17 04:00:00,111.914,111.969,111.874,111.96
2024-04-17 05:00:00,111.96,111.986,111.924,111.982
2024-04-17 06:00:00,111.982,111.982,111.881,111.907
2024-04-17 07:00:00,111.907,111.917,111.864,111.9
2024-04-17 08:00:00,111.9,111.9,111.769,111.791
2024-04-17 09:00:00,111.791,111.895,111.677,111.884
2024-04-17 10:00:00,111.886,111.945,111.847,111.915
2024-04-17 11:00:00,111.915,111.983,111.894,111.948
2024-04-17 12:00:00,111.944,111.98,111.879,111.968
2024-04-17 13:00:00,111.969,111.996,111.936,111.97
2024-04-17 14:00:00,111.97,112.027,111.957,111.967
2024-04-17 15:00:00,111.967,112.034,111.952,111.981
2024-04-17 16:00:00,111.981,112.205,111.929,112.173
2024-04-17 17:00:00,112.173,112.212,111.987,112.019
2024-04-17 18:00:00,112.019,112.113,111.967,111.993
2024-04-17 19:00:00,111.993,111.995,111.713,111.744
2024-04-17 20:00:00,111.747,112.015,111.701,111.995
2024-04-17 21:00:00,111.996,112.159,111.959,112.081
2024-04-17 22:00:00,112.084,112.105,112.0,112.059
2024-04-17 23:00:00,112.059,112.118,112.04,112.069
2024-04-18 00:00:00,112.076,112.084,111.91,112.045
2024-04-18 01:00:00,112.033,112.067,112.012,112.024
2024-04-18 02:00:00,112.021,112.086,111.965,112.069
2024-04-18 03:00:00,112.068,112.104,112.018,112.045
2024-04-18 04:00:00,112.045,112.096,111.984,112.028
2024-04-18 05:00:00,112.028,112.071,111.89,112.046
2024-04-18 06:00:00,112.046,112.185,112.033,112.171
2024-04-18 07:00:00,112.172,112.22,112.151,112.185
2024-04-18 08:00:00,112.185,112.218,112.153,112.186
2024-04-18 09:00:00,112.188,112.241,112.089,112.226
2024-04-18 10:00:00,112.226,112.226,112.103,112.13
2024-04-18 11:00:00,112.13,112.257,112.119,112.223
2024-04-18 12:00:00,112.224,112.257,112.196,112.238
2024-04-18 13:00:00,112.238,112.28,112.222,112.258
2024-04-18 14:00:00,112.257,112.325,112.216,112.256
2024-04-18 15:00:00,112.256,112.287,112.178,112.227
2024-04-18 16:00:00,112.228,112.344,112.167,112.268
2024-04-18 17:00:00,112.265,112.437,112.204,112.412
2024-04-18 18:00:00,112.412,112.455,112.33,112.386
2024-04-18 19:00:00,112.386,112.428,112.311,112.332
2024-04-18 20:00:00,112.334,112.335,112.198,112.251
2024-04-18 21:00:00,112.251,112.292,112.205,112.232
2024-04-18 22:00:00,112.231,112.335,112.231,112.306
2024-04-18 23:00:00,112.306,112.34,112.291,112.304
2024-04-19 00:00:00,112.315,112.315,112.192,112.264
2024-04-19 01:00:00,112.264,112.314,112.247,112.28
2024-04-19 02:00:00,112.282,112.287,112.229,112.275
2024-04-19 03:00:00,112.275,112.28,112.163,112.217
2024-04-19 04:00:00,112.215,112.267,111.604,111.831
2024-04-19 05:00:00,111.829,111.836,111.261,111.552
2024-04-19 06:00:00,111.554,112.047,111.553,111.988
2024-04-19 07:00:00,111.988,112.141,111.986,111.998
2024-04-19 08:00:00,111.998,112.08,111.952,111.995
2024-04-19 09:00:00,111.994,112.202,111.828,112.19
2024-04-19 10:00:00,112.191,112.39,112.179,112.359
2024-04-19 11:00:00,112.361,112.362,112.152,112.201
2024-04-19 12:00:00,112.201,112.328,112.191,112.289
2024-04-19 13:00:00,112.289,112.312,112.175,112.217
2024-04-19 14:00:00,112.217,112.327,112.205,112.322
2024-04-19 15:00:00,112.322,112.436,112.277,112.327
2024-04-19 16:00:00,112.327,112.466,112.285,112.418
2024-04-19 17:00:00,112.416,112.623,112.397,112.592
2024-04-19 18:00:00,112.592,112.623,112.393,112.444
2024-04-19 19:00:00,112.444,112.487,112.319,112.487
2024-04-19 20:00:00,112.487,112.551,112.445,112.519
2024-04-19 21:00:00,112.519,112.519,112.362,112.393
2024-04-19 22:00:00,112.396,112.444,112.385,112.441
2024-04-19 23:00:00,112.438,112.476,112.429,112.449
2024-04-22 00:00:00,112.45,112.453,112.285,112.311
2024-04-22 01:00:00,112.31,112.505,112.31,112.499
2024-04-22 02:00:00,112.493,112.561,112.451,112.546
2024-04-22 03:00:00,112.546,112.668,112.521,112.557
2024-04-22 04:00:00,112.557,112.712,112.543,112.701
2024-04-22 05:00:00,112.701,112.764,112.681,112.69
2024-04-22 06:00:00,112.69,112.731,112.658,112.685
2024-04-22 07:00:00,112.685,112.733,112.673,112.696
2024-04-22 08:00:00,112.697,112.711,112.651,112.705
2024-04-22 09:00:00,112.703,112.787,112.663,112.697
2024-04-22 10:00:00,112.697,112.713,112.535,112.593
2024-04-22 11:00:00,112.595,112.712,112.567,112.692
2024-04-22 12:00:00,112.692,112.793,112.692,112.779
2024-04-22 13:00:00,112.779,112.819,112.756,112.796
2024-04-22 14:00:00,112.796,112.837,112.761,112.826
2024-04-22 15:00:00,112.825,112.833,112.7,112.729
2024-04-22 16:00:00,112.731,112.739,112.545,112.683
2024-04-22 17:00:00,112.683,112.866,112.677,112.741
2024-04-22 18:00:00,112.741,112.808,112.676,112.788
2024-04-22 19:00:00,112.788,112.905,112.786,112.901
2024-04-22 20:00:00,112.901,113.009,112.898,113.007
2024-04-22 21:00:00,113.008,113.102,112.997,113.036
2024-04-22 22:00:00,113.037,113.05,112.965,112.996
2024-04-22 23:00:00,112.996,113.038,112.967,113.006
2024-04-23 00:00:00,113.011,113.026,112.948,112.993
2024-04-23 01:00:00,113.001,113.016,112.963,113.001
2024-04-23 02:00:00,113.001,113.027,112.964,113.001
2024-04-23 03:00:00,113.001,113.042,112.954,113.035
2024-04-23 04:00:00,113.035,113.052,112.887,112.903
2024-04-23 05:00:00,112.905,113.014,112.901,113.009
2024-04-23 06:00:00,113.009,113.019,112.922,112.953
2024-04-23 07:00:00,112.953,112.993,112.941,112.955
2024-04-23 08:00:00,112.954,112.985,112.935,112.966
2024-04-23 09:00:00,112.964,112.968,112.894,112.923
2024-04-23 10:00:00,112.923,113.117,112.907,113.013
2024-04-23 11:00:00,113.004,113.072,112.951,112.955
2024-04-23 12:00:00,112.953,112.955,112.89,112.937
2024-04-23 13:00:00,112.937,112.959,112.913,112.943
2024-04-23 14:00:00,112.943,112.96,112.88,112.955
2024-04-23 15:00:00,112.956,113.055,112.941,113.05
2024-04-23 16:00:00,113.053,113.199,112.959,113.159
2024-04-23 17:00:00,113.159,113.308,113.086,113.26
2024-04-23 18:00:00,113.261,113.275,113.18,113.198
2024-04-23 19:00:00,113.198,113.298,113.179,113.272
2024-04-23 20:00:00,113.268,113.286,113.116,113.282
2024-04-23 21:00:00,113.282,113.334,113.251,113.277
2024-04-23 22:00:00,113.277,113.335,113.266,113.328
2024-04-23 23:00:00,113.328,113.334,113.298,113.301
2024-04-24 00:00:00,113.306,113.313,113.211,113.262
2024-04-24 01:00:00,113.248,113.296,113.248,113.273
2024-04-24 02:00:00,113.274,113.293,113.253,113.273
2024-04-24 03:00:00,113.27,113.353,113.266,113.335
2024-04-24 04:00:00,113.335,113.366,113.294,113.337
2024-04-24 05:00:00,113.337,113.369,113.316,113.341
2024-04-24 06:00:00,113.341,113.344,113.3,113.333
2024-04-24 07:00:00,113.333,113.356,113.3,113.31
2024-04-24 08:00:00,113.31,113.367,113.304,113.351
2024-04-24 09:00:00,113.351,113.375,113.288,113.305
2024-04-24 10:00:00,113.305,113.337,113.169,113.247
2024-04-24 11:00:00,113.246,113.267,113.205,113.228
2024-04-24 12:00:00,113.231,113.269,113.225,113.236
2024-04-24 13:00:00,113.236,113.276,113.19,113.2
2024-04-24 14:00:00,113.198,113.223,113.162,113.191
2024-04-24 15:00:00,113.191,113.313,112.986,113.005
2024-04-24 16:00:00,113.003,113.132,112.85,113.083
2024-04-24 17:00:00,113.084,113.137,112.975,113.026
2024-04-24 18:00:00,113.026,113.057,112.929,113.04
2024-04-24 19:00:00,113.044,113.098,113.002,113.084
2024-04-24 20:00:00,113.083,113.38,113.066,113.345
2024-04-24 21:00:00,113.345,113.345,113.259,113.288
2024-04-24 22:00:00,113.286,113.367,113.257,113.351
2024-04-24 23:00:00,113.344,113.382,113.308,113.34
2024-04-25 00:00:00,113.352,113.352,113.192,113.253
2024-04-25 01:00:00,113.254,113.272,113.224,113.251
2024-04-25 02:00:00,113.254,113.304,113.244,113.3
2024-04-25 03:00:00,113.3,113.467,113.3,113.433
2024-04-25 04:00:00,113.433,113.489,113.394,113.433
2024-04-25 05:00:00,113.433,113.511,113.426,113.511
2024-04-25 06:00:00,113.511,113.539,113.475,113.526
2024-04-25 07:00:00,113.526,113.678,113.513,113.644
2024-04-25 08:00:00,113.644,113.761,113.642,113.703
2024-04-25 09:00:00,113.702,113.795,113.675,113.785
2024-04-25 10:00:00,113.787,113.797,113.691,113.766
2024-04-25 11:00:00,113.764,113.876,113.748,113.859
2024-04-25 12:00:00,113.859,113.859,113.794,113.797
2024-04-25 13:00:00,113.797,113.806,113.67,113.696
2024-04-25 14:00:00,113.696,113.802,113.647,113.762
2024-04-25 15:00:00,113.762,113.791,113.428,113.568
2024-04-25 16:00:00,113.57,113.57,113.2,113.413
2024-04-25 17:00:00,113.414,113.555,113.367,113.503
2024-04-25 18:00:00,113.503,113.586,113.459,113.581
2024-04-25 19:00:00,113.581,113.707,113.552,113.683
2024-04-25 20:00:00,113.681,113.879,113.65,113.849
2024-04-25 21:00:00,113.849,113.896,113.778,113.889
2024-04-25 22:00:00,113.891,113.969,113.882,113.913
2024-04-25 23:00:00,113.914,114.0,113.893,113.949
2024-04-26 00:00:00,113.964,113.964,113.829,113.888
2024-04-26 01:00:00,113.89,113.943,113.878,113.912
2024-04-26 02:00:00,113.912,113.972,113.896,113.928
2024-04-26 03:00:00,113.924,113.961,113.881,113.944
2024-04-26 04:00:00,113.944,113.985,113.929,113.965
2024-04-26 05:00:00,113.961,113.981,113.859,113.879
2024-04-26 06:00:00,113.876,114.325,113.812,114.185
2024-04-26 07:00:00,114.185,114.408,114.185,114.404
2024-04-26 08:00:00,114.404,114.421,114.369,114.399
2024-04-26 09:00:00,114.396,114.676,114.293,114.618
2024-04-26 10:00:00,114.615,114.891,114.615,114.814
2024-04-26 11:00:00,114.814,114.836,113.609,114.714
2024-04-26 12:00:00,114.734,114.786,114.626,114.778
2024-04-26 13:00:00,114.778,114.835,114.724,114.82
2024-04-26 14:00:00,114.817,114.875,114.463,114.828
2024-04-26 15:00:00,114.828,114.989,114.756,114.878
2024-04-26 16:00:00,114.881,114.899,114.692,114.861
2024-04-26 17:00:00,114.862,114.968,114.821,114.932
2024-04-26 18:00:00,114.931,115.252,114.879,115.218
2024-04-26 19:00:00,115.222,115.345,115.198,115.296
2024-04-26 20:00:00,115.298,115.431,115.252,115.375
2024-04-26 21:00:00,115.375,115.513,115.373,115.505
2024-04-26 22:00:00,115.505,115.557,115.459,115.524
2024-04-26 23:00:00,115.523,115.919,115.498,115.823
2024-04-29 00:00:00,115.46,115.539,115.361,115.521
2024-04-29 01:00:00,115.521,115.934,115.521,115.796
2024-04-29 02:00:00,115.797,115.884,115.794,115.843
2024-04-29 03:00:00,115.843,115.924,115.704,115.865
2024-04-29 04:00:00,115.862,117.315,115.855,116.606
2024-04-29 05:00:00,116.604,116.839,116.549,116.788
2024-04-29 06:00:00,116.79,116.836,116.714,116.781
2024-04-29 07:00:00,116.78,116.915,113.868,114.604
2024-04-29 08:00:00,114.602,115.004,113.678,114.918
2024-04-29 09:00:00,114.924,115.184,114.835,114.975
2024-04-29 10:00:00,114.967,115.078,113.165,113.906
2024-04-29 11:00:00,113.905,114.216,113.594,114.129
2024-04-29 12:00:00,114.133,114.185,113.808,114.049
2024-04-29 13:00:00,114.047,114.226,113.886,114.172
2024-04-29 14:00:00,114.173,114.567,114.146,114.43
2024-04-29 15:00:00,114.428,114.578,114.353,114.505
2024-04-29 16:00:00,114.507,114.648,114.378,114.629
2024-04-29 17:00:00,114.629,114.789,114.591,114.781
2024-04-29 18:00:00,114.784,114.815,114.676,114.795
2024-04-29 19:00:00,114.795,114.821,113.651,114.156
2024-04-29 20:00:00,114.157,114.373,114.094,114.303
2024-04-29 21:00:00,114.303,114.305,113.956,114.062
2024-04-29 22:00:00,114.062,114.237,114.02,114.21
2024-04-29 23:00:00,114.206,114.458,114.193,114.442
2024-04-30 00:00:00,114.434,114.434,114.124,114.383
2024-04-30 01:00:00,114.367,114.376,114.234,114.361
2024-04-30 02:00:00,114.359,114.436,114.282,114.38
2024-04-30 03:00:00,114.365,114.746,114.242,114.722
2024-04-30 04:00:00,114.722,114.852,114.562,114.71
2024-04-30 05:00:00,114.71,114.734,114.56,114.6
2024-04-30 06:00:00,114.6,114.666,114.549,114.57
2024-04-30 07:00:00,114.566,114.631,114.546,114.572
2024-04-30 08:00:00,114.572,114.61,114.449,114.515
2024-04-30 09:00:00,114.515,114.557,114.429,114.518
2024-04-30 10:00:00,114.518,114.628,114.283,114.562
2024-04-30 11:00:00,114.559,114.597,114.497,114.576
2024-04-30 12:00:00,114.582,114.701,114.553,114.659
2024-04-30 13:00:00,114.656,114.682,114.58,114.662
2024-04-30 14:00:00,114.662,114.662,114.589,114.634
2024-04-30 15:00:00,114.634,114.838,114.554,114.651
2024-04-30 16:00:00,114.652,114.767,114.434,114.469
2024-04-30 17:00:00,114.491,114.586,114.42,114.514
2024-04-30 18:00:00,114.514,114.609,114.434,114.593
2024-04-30 19:00:00,114.593,114.604,114.462,114.472
2024-04-30 20:00:00,114.472,114.604,114.456,114.565
2024-04-30 21:00:00,114.565,114.624,114.533,114.593
2024-04-30 22:00:00,114.592,114.64,114.548,114.548
2024-04-30 23:00:00,114.55,114.605,114.478,114.514
2024-05-01 00:00:00,114.514,114.516,114.348,114.475
2024-05-01 01:00:00,114.474,114.531,114.424,114.46
2024-05-01 02:00:00,114.46,114.497,114.419,114.497
2024-05-01 03:00:00,114.492,114.547,114.452,114.484
2024-05-01 04:00:00,114.476,114.582,114.464,114.55
2024-05-01 05:00:00,114.55,114.617,114.516,114.609
2024-05-01 06:00:00,114.613,114.622,114.562,114.601
2024-05-01 07:00:00,114.601,114.612,114.538,114.567
2024-05-01 08:00:00,114.565,114.614,114.531,114.604
2024-05-01 09:00:00,114.604,114.64,114.545,114.636
2024-05-01 10:00:00,114.637,114.683,114.605,114.638
2024-05-01 11:00:00,114.638,114.717,114.631,114.696
2024-05-01 12:00:00,114.696,114.712,114.638,114.661
2024-05-01 13:00:00,114.661,114.671,114.618,114.668
2024-05-01 14:00:00,114.667,114.706,114.628,114.644
2024-05-01 15:00:00,114.644,114.735,114.623,114.654
2024-05-01 16:00:00,114.654,114.682,114.427,114.55
2024-05-01 17:00:00,114.573,114.591,114.41,114.527
2024-05-01 18:00:00,114.524,114.61,114.494,114.569
2024-05-01 19:00:00,114.57,114.573,114.49,114.492
2024-05-01 20:00:00,114.493,114.522,114.422,114.502
2024-05-01 21:00:00,114.525,114.658,114.388,114.601
2024-05-01 22:00:00,114.605,114.701,114.435,114.452
2024-05-01 23:00:00,114.465,114.572,111.408,112.539
2024-05-02 00:00:00,112.513,113.079,112.306,112.382
2024-05-02 01:00:00,112.276,113.205,112.232,113.205
2024-05-02 02:00:00,113.205,113.484,113.069,113.466
2024-05-02 03:00:00,113.464,113.674,113.416,113.617
2024-05-02 04:00:00,113.614,113.805,113.546,113.696
2024-05-02 05:00:00,113.702,113.808,113.492,113.588
2024-05-02 06:00:00,113.588,113.72,113.551,113.608
2024-05-02 07:00:00,113.61,113.735,113.471,113.557
2024-05-02 08:00:00,113.557,113.595,113.385,113.476
2024-05-02 09:00:00,113.473,113.485,113.133,113.291
2024-05-02 10:00:00,113.29,113.43,113.134,113.414
2024-05-02 11:00:00,113.403,113.481,113.078,113.106
2024-05-02 12:00:00,113.104,113.213,113.021,113.189
2024-05-02 13:00:00,113.189,113.208,113.007,113.012
2024-05-02 14:00:00,113.012,113.086,112.722,112.777
2024-05-02 15:00:00,112.779,112.895,112.615,112.627
2024-05-02 16:00:00,112.62,112.883,112.529,112.564
2024-05-02 17:00:00,112.564,112.711,112.364,112.387
2024-05-02 18:00:00,112.389,112.44,112.054,112.272
2024-05-02 19:00:00,112.271,112.383,112.061,112.32
2024-05-02 20:00:00,112.328,112.382,112.0,112.079
2024-05-02 21:00:00,112.078,112.134,111.962,111.967
2024-05-02 22:00:00,111.967,112.13,111.914,112.011
2024-05-02 23:00:00,112.006,112.471,112.006,112.38
2024-05-03 00:00:00,112.309,112.429,112.23,112.39
2024-05-03 01:00:00,112.389,112.397,112.074,112.129
2024-05-03 02:00:00,112.129,112.152,111.853,112.048
2024-05-03 03:00:00,112.047,112.264,111.892,112.081
2024-05-03 04:00:00,112.085,112.141,111.82,111.88
2024-05-03 05:00:00,111.88,112.018,111.824,112.004
2024-05-03 06:00:00,112.004,112.067,111.932,111.981
2024-05-03 07:00:00,111.982,112.021,111.823,111.893
2024-05-03 08:00:00,111.893,112.038,111.88,111.982
2024-05-03 09:00:00,111.973,112.148,111.879,112.13
2024-05-03 10:00:00,112.129,112.148,112.007,112.142
2024-05-03 11:00:00,112.142,112.184,112.067,112.119
2024-05-03 12:00:00,112.12,112.124,111.937,112.003
2024-05-03 13:00:00,112.003,112.082,112.001,112.067
2024-05-03 14:00:00,112.065,112.144,112.058,112.112
2024-05-03 15:00:00,112.108,112.19,111.556,111.684
2024-05-03 16:00:00,111.685,111.887,111.648,111.769
2024-05-03 17:00:00,111.711,111.917,111.572,111.77
2024-05-03 18:00:00,111.77,111.782,111.642,111.707
2024-05-03 19:00:00,111.71,111.749,111.651,111.706
2024-05-03 20:00:00,111.703,111.77,111.694,111.748
2024-05-03 21:00:00,111.746,111.811,111.744,111.781
2024-05-03 22:00:00,111.779,111.805,111.704,111.764
2024-05-03 23:00:00,111.763,111.775,111.652,111.749
2024-05-06 00:00:00,111.77,111.77,111.612,111.648
2024-05-06 01:00:00,111.663,111.987,111.663,111.982
2024-05-06 02:00:00,111.981,112.253,111.918,112.221
2024-05-06 03:00:00,112.222,112.281,112.028,112.079
2024-05-06 04:00:00,112.079,112.29,112.078,112.264
2024-05-06 05:00:00,112.264,112.4,112.246,112.371
2024-05-06 06:00:00,112.371,112.507,112.356,112.475
2024-05-06 07:00:00,112.475,112.515,112.405,112.467
2024-05-06 08:00:00,112.465,112.53,112.439,112.484
2024-05-06 09:00:00,112.482,112.51,112.369,112.371
2024-05-06 10:00:00,112.371,112.473,112.35,112.417
2024-05-06 11:00:00,112.416,112.489,112.364,112.383
2024-05-06 12:00:00,112.383,112.475,112.369,112.445
2024-05-06 13:00:00,112.445,112.484,112.383,112.478
2024-05-06 14:00:00,112.478,112.493,112.432,112.463
2024-05-06 15:00:00,112.463,112.492,112.29,112.374
2024-05-06 16:00:00,112.373,112.654,112.368,112.636
2024-05-06 17:00:00,112.637,112.779,112.554,112.744
2024-05-06 18:00:00,112.738,112.76,112.631,112.654
2024-05-06 19:00:00,112.654,112.688,112.579,112.638
2024-05-06 20:00:00,112.638,112.671,112.583,112.652
2024-05-06 21:00:00,112.65,112.715,112.637,112.667
2024-05-06 22:00:00,112.669,112.692,112.581,112.637
2024-05-06 23:00:00,112.643,112.654,112.578,112.583
2024-05-07 00:00:00,112.619,112.619,112.502,112.576
2024-05-07 01:00:00,112.576,112.636,112.576,112.621
2024-05-07 02:00:00,112.62,112.851,112.619,112.822
2024-05-07 03:00:00,112.821,112.862,112.62,112.656
2024-05-07 04:00:00,112.661,112.924,112.621,112.877
2024-05-07 05:00:00,112.875,113.015,112.871,112.991
2024-05-07 06:00:00,112.991,113.064,112.96,113.048
2024-05-07 07:00:00,113.048,113.063,112.904,112.934
2024-05-07 08:00:00,112.934,112.977,112.865,112.954
2024-05-07 09:00:00,112.955,112.966,112.767,112.792
2024-05-07 10:00:00,112.792,112.863,112.589,112.628
2024-05-07 11:00:00,112.628,112.908,112.505,112.877
2024-05-07 12:00:00,112.877,112.974,112.863,112.939
2024-05-07 13:00:00,112.94,113.025,112.907,112.921
2024-05-07 14:00:00,112.916,112.968,112.851,112.958
2024-05-07 15:00:00,112.949,113.03,112.891,112.926
2024-05-07 16:00:00,112.925,112.936,112.787,112.8
2024-05-07 17:00:00,112.8,112.905,112.68,112.875
2024-05-07 18:00:00,112.875,112.888,112.646,112.729
2024-05-07 19:00:00,112.732,112.74,112.635,112.669
2024-05-07 20:00:00,112.669,112.707,112.614,112.636
2024-05-07 21:00:00,112.635,112.678,112.585,112.676
2024-05-07 22:00:00,112.676,112.702,112.631,112.662
2024-05-07 23:00:00,112.662,112.704,112.66,112.674
2024-05-08 00:00:00,112.675,112.684,112.469,112.612
2024-05-08 01:00:00,112.613,112.699,112.613,112.686
2024-05-08 02:00:00,112.686,112.745,112.654,112.692
2024-05-08 03:00:00,112.691,112.77,112.628,112.743
2024-05-08 04:00:00,112.742,112.893,112.694,112.835
2024-05-08 05:00:00,112.842,112.922,112.814,112.834
2024-05-08 06:00:00,112.834,112.871,112.78,112.818
2024-05-08 07:00:00,112.818,112.851,112.765,112.829
2024-05-08 08:00:00,112.826,112.896,112.812,112.821
2024-05-08 09:00:00,112.817,112.913,112.78,112.86
2024-05-08 10:00:00,112.86,112.941,112.838,112.915
2024-05-08 11:00:00,112.915,113.01,112.837,112.992
2024-05-08 12:00:00,112.992,113.055,112.923,113.032
2024-05-08 13:00:00,113.032,113.063,112.992,113.03
2024-05-08 14:00:00,113.032,113.048,112.968,113.021
2024-05-08 15:00:00,113.023,113.193,113.014,113.16
2024-05-08 16:00:00,113.16,113.298,113.132,113.271
2024-05-08 17:00:00,113.274,113.415,113.249,113.397
2024-05-08 18:00:00,113.394,113.424,113.227,113.294
2024-05-08 19:00:00,113.292,113.32,113.244,113.317
2024-05-08 20:00:00,113.317,113.334,113.277,113.295
2024-05-08 21:00:00,113.298,113.362,113.287,113.325
2024-05-08 22:00:00,113.324,113.365,113.319,113.332
2024-05-08 23:00:00,113.33,113.372,113.29,113.335
2024-05-09 00:00:00,113.327,113.327,113.127,113.292
2024-05-09 01:00:00,113.295,113.381,113.295,113.381
2024-05-09 02:00:00,113.381,113.391,113.158,113.177
2024-05-09 03:00:00,113.175,113.372,113.023,113.328
2024-05-09 04:00:00,113.333,113.359,113.218,113.352
2024-05-09 05:00:00,113.352,113.357,113.3,113.336
2024-05-09 06:00:00,113.337,113.368,113.292,113.343
2024-05-09 07:00:00,113.344,113.399,113.322,113.335
2024-05-09 08:00:00,113.333,113.39,113.32,113.365
2024-05-09 09:00:00,113.366,113.431,113.354,113.389
2024-05-09 10:00:00,113.389,113.476,113.376,113.476
2024-05-09 11:00:00,113.476,113.519,113.461,113.491
2024-05-09 12:00:00,113.491,113.581,113.478,113.559
2024-05-09 13:00:00,113.559,113.614,113.547,113.595
2024-05-09 14:00:00,113.594,113.627,113.51,113.569
2024-05-09 15:00:00,113.566,113.622,113.466,113.592
2024-05-09 16:00:00,113.592,113.681,113.5,113.628
2024-05-09 17:00:00,113.628,113.681,113.561,113.609
2024-05-09 18:00:00,113.609,113.75,113.597,113.705
2024-05-09 19:00:00,113.705,113.746,113.668,113.708
2024-05-09 20:00:00,113.709,113.72,113.646,113.663
2024-05-09 21:00:00,113.663,113.688,113.612,113.652
2024-05-09 22:00:00,113.652,113.694,113.632,113.651
2024-05-09 23:00:00,113.65,113.694,113.615,113.669
2024-05-10 00:00:00,113.664,113.686,113.559,113.652
2024-05-10 01:00:00,113.647,113.668,113.575,113.604
2024-05-10 02:00:00,113.6,113.619,113.529,113.605
2024-05-10 03:00:00,113.607,113.739,113.587,113.683
2024-05-10 04:00:00,113.683,113.796,113.654,113.783
2024-05-10 05:00:00,113.778,113.808,113.737,113.797
2024-05-10 06:00:00,113.797,113.801,113.732,113.764
2024-05-10 07:00:00,113.764,113.789,113.727,113.736
2024-05-10 08:00:00,113.734,113.765,113.695,113.708
2024-05-10 09:00:00,113.708,113.803,113.639,113.794
2024-05-10 10:00:00,113.794,113.847,113.769,113.791
2024-05-10 11:00:00,113.789,113.821,113.736,113.804
2024-05-10 12:00:00,113.804,113.832,113.758,113.793
2024-05-10 13:00:00,113.793,113.839,113.742,113.829
2024-05-10 14:00:00,113.828,113.853,113.793,113.831
2024-05-10 15:00:00,113.831,114.251,113.817,114.16
2024-05-10 16:00:00,114.16,114.164,114.08,114.111
2024-05-10 17:00:00,114.148,114.16,113.951,114.061
2024-05-10 18:00:00,114.056,114.102,113.984,114.057
2024-05-10 19:00:00,114.057,114.068,113.964,113.995
2024-05-10 20:00:00,113.994,114.0,113.921,113.994
2024-05-10 21:00:00,113.995,114.01,113.961,113.984
2024-05-10 22:00:00,113.979,113.991,113.936,113.939
2024-05-10 23:00:00,113.939,113.961,113.889,113.897
2024-05-13 00:00:00,113.893,113.9,113.805,113.858
2024-05-13 01:00:00,113.858,113.907,113.853,113.885
2024-05-13 02:00:00,113.891,113.934,113.889,113.929
2024-05-13 03:00:00,113.929,113.989,113.907,113.977
2024-05-13 04:00:00,113.977,113.986,113.663,113.838
2024-05-13 05:00:00,113.843,113.903,113.802,113.833
2024-05-13 06:00:00,113.833,113.878,113.797,113.84
2024-05-13 07:00:00,113.84,113.864,113.829,113.863
2024-05-13 08:00:00,113.863,113.908,113.845,113.88
2024-05-13 09:00:00,113.877,113.967,113.848,113.903
2024-05-13 10:00:00,113.903,113.995,113.865,113.985
2024-05-13 11:00:00,113.987,114.01,113.94,114.004
2024-05-13 12:00:00,114.004,114.023,113.941,113.952
2024-05-13 13:00:00,113.952,113.969,113.921,113.958
2024-05-13 14:00:00,113.958,114.012,113.949,114.0
2024-05-13 15:00:00,114.0,114.03,113.887,113.915
2024-05-13 16:00:00,113.913,114.083,113.87,114.052
2024-05-13 17:00:00,114.05,114.074,113.946,114.062
2024-05-13 18:00:00,114.062,114.217,113.981,114.192
2024-05-13 19:00:00,114.192,114.252,114.171,114.246
2024-05-13 20:00:00,114.246,114.264,114.193,114.241
2024-05-13 21:00:00,114.242,114.27,114.199,114.26
2024-05-13 22:00:00,114.26,114.291,114.235,114.281
2024-05-13 23:00:00,114.279,114.323,114.252,114.274
2024-05-14 00:00:00,114.273,114.316,114.142,114.269
2024-05-14 01:00:00,114.269,114.31,114.256,114.278
2024-05-14 02:00:00,114.278,114.325,114.27,114.316
2024-05-14 03:00:00,114.316,114.383,114.293,114.318
2024-05-14 04:00:00,114.318,114.415,114.318,114.368
2024-05-14 05:00:00,114.368,114.397,114.305,114.328
2024-05-14 06:00:00,114.327,114.352,114.309,114.34
2024-05-14 07:00:00,114.34,114.352,114.308,114.341
2024-05-14 08:00:00,114.341,114.382,114.33,114.355
2024-05-14 09:00:00,114.353,114.452,114.34,114.388
2024-05-14 10:00:00,114.388,114.422,114.362,114.404
2024-05-14 11:00:00,114.404,114.406,114.324,114.387
2024-05-14 12:00:00,114.386,114.433,114.313,114.364
2024-05-14 13:00:00,114.364,114.447,114.363,114.437
2024-05-14 14:00:00,114.437,114.49,114.429,114.473
2024-05-14 15:00:00,114.473,114.744,114.456,114.73
2024-05-14 16:00:00,114.729,114.794,114.54,114.668
2024-05-14 17:00:00,114.668,114.711,114.511,114.616
2024-05-14 18:00:00,114.619,114.654,114.577,114.638
2024-05-14 19:00:00,114.638,114.649,114.522,114.549
2024-05-14 20:00:00,114.549,114.555,114.503,114.552
2024-05-14 21:00:00,114.556,114.587,114.533,114.584
2024-05-14 22:00:00,114.583,114.658,114.569,114.627
2024-05-14 23:00:00,114.625,114.635,114.567,114.572
2024-05-15 00:00:00,114.571,114.579,114.416,114.551
2024-05-15 01:00:00,114.551,114.608,114.551,114.582
2024-05-15 02:00:00,114.582,114.644,114.562,114.638
2024-05-15 03:00:00,114.624,114.707,114.568,114.57
2024-05-15 04:00:00,114.568,114.619,114.497,114.603
2024-05-15 05:00:00,114.605,114.696,114.605,114.677
2024-05-15 06:00:00,114.677,114.701,114.64,114.674
2024-05-15 07:00:00,114.675,114.675,114.58,114.598
2024-05-15 08:00:00,114.598,114.606,114.487,114.552
2024-05-15 09:00:00,114.554,114.649,114.546,114.569
2024-05-15 10:00:00,114.571,114.622,114.39,114.486
2024-05-15 11:00:00,114.486,114.525,114.173,114.228
2024-05-15 12:00:00,114.228,114.336,114.195,114.327
2024-05-15 13:00:00,114.325,114.367,114.201,114.23
2024-05-15 14:00:00,114.23,114.244,114.118,114.19
2024-05-15 15:00:00,114.191,114.202,113.826,113.876
2024-05-15 16:00:00,113.873,114.118,113.847,114.071
2024-05-15 17:00:00,114.076,114.103,113.877,113.937
2024-05-15 18:00:00,113.936,113.978,113.779,113.868
2024-05-15 19:00:00,113.867,113.98,113.784,113.948
2024-05-15 20:00:00,113.948,113.965,113.746,113.799
2024-05-15 21:00:00,113.799,113.97,113.791,113.884
2024-05-15 22:00:00,113.885,113.942,113.853,113.89
2024-05-15 23:00:00,113.892,113.895,113.81,113.845
2024-05-16 00:00:00,113.846,113.846,113.686,113.732
2024-05-16 01:00:00,113.74,113.759,113.595,113.616
2024-05-16 02:00:00,113.614,113.699,113.368,113.453
2024-05-16 03:00:00,113.449,113.608,112.994,113.044
2024-05-16 04:00:00,113.044,113.222,112.949,113.222
2024-05-16 05:00:00,113.22,113.362,113.081,113.213
2024-05-16 06:00:00,113.213,113.258,113.139,113.177
2024-05-16 07:00:00,113.177,113.203,113.02,113.105
2024-05-16 08:00:00,113.105,113.269,113.054,113.244
2024-05-16 09:00:00,113.241,113.305,113.127,113.293
2024-05-16 10:00:00,113.29,113.382,113.256,113.371
2024-05-16 11:00:00,113.371,113.616,113.324,113.552
2024-05-16 12:00:00,113.553,113.601,113.485,113.511
2024-05-16 13:00:00,113.51,113.547,113.444,113.462
2024-05-16 14:00:00,113.458,113.653,113.448,113.593
2024-05-16 15:00:00,113.592,113.947,113.482,113.922
2024-05-16 16:00:00,113.925,114.044,113.911,113.969
2024-05-16 17:00:00,113.969,114.072,113.901,114.05
2024-05-16 18:00:00,114.05,114.093,113.925,114.083
2024-05-16 19:00:00,114.083,114.126,113.996,114.014
2024-05-16 20:00:00,114.012,114.032,113.953,114.012
2024-05-16 21:00:00,114.014,114.093,113.982,114.09
2024-05-16 22:00:00,114.09,114.14,114.08,114.121
2024-05-16 23:00:00,114.12,114.125,114.067,114.067
2024-05-17 00:00:00,114.082,114.129,114.022,114.08
2024-05-17 01:00:00,114.081,114.148,114.07,114.098
2024-05-17 02:00:00,114.1,114.159,114.09,114.134
2024-05-17 03:00:00,114.134,114.21,114.069,114.111
2024-05-17 04:00:00,114.112,114.412,114.097,114.371
2024-05-17 05:00:00,114.371,114.401,114.318,114.373
2024-05-17 06:00:00,114.373,114.409,114.318,114.328
2024-05-17 07:00:00,114.33,114.373,114.286,114.351
2024-05-17 08:00:00,114.346,114.395,114.318,114.378
2024-05-17 09:00:00,114.381,114.39,114.221,114.236
2024-05-17 10:00:00,114.239,114.353,114.239,114.311
2024-05-17 11:00:00,114.312,114.35,114.288,114.295
2024-05-17 12:00:00,114.295,114.326,114.226,114.252
2024-05-17 13:00:00,114.255,114.317,114.224,114.229
2024-05-17 14:00:00,114.229,114.31,114.229,114.297
2024-05-17 15:00:00,114.292,114.329,114.225,114.319
2024-05-17 16:00:00,114.321,114.369,114.287,114.314
2024-05-17 17:00:00,114.32,114.447,114.193,114.228
2024-05-17 18:00:00,114.226,114.313,114.128,114.251
2024-05-17 19:00:00,114.248,114.314,114.205,114.307
2024-05-17 20:00:00,114.306,114.398,114.288,114.361
2024-05-17 21:00:00,114.358,114.409,114.261,114.394
2024-05-17 22:00:00,114.395,114.401,114.324,114.39
2024-05-17 23:00:00,114.388,114.398,114.281,114.303
2024-05-20 00:00:00,114.26,114.326,114.17,114.279
2024-05-20 01:00:00,114.274,114.402,114.274,114.392
2024-05-20 02:00:00,114.392,114.519,114.392,114.458
2024-05-20 03:00:00,114.461,114.544,114.426,114.542
2024-05-20 04:00:00,114.541,114.602,114.483,114.574
2024-05-20 05:00:00,114.576,114.579,114.47,114.491
2024-05-20 06:00:00,114.491,114.494,114.389,114.439
2024-05-20 07:00:00,114.441,114.523,114.431,114.509
2024-05-20 08:00:00,114.508,114.534,114.412,114.441
2024-05-20 09:00:00,114.441,114.464,114.363,114.397
2024-05-20 10:00:00,114.395,114.429,114.191,114.397
2024-05-20 11:00:00,114.397,114.419,114.348,114.376
2024-05-20 12:00:00,114.376,114.386,114.322,114.378
2024-05-20 13:00:00,114.383,114.409,114.333,114.337
2024-05-20 14:00:00,114.336,114.374,114.322,114.337
2024-05-20 15:00:00,114.337,114.601,114.321,114.546
2024-05-20 16:00:00,114.544,114.686,114.521,114.676
2024-05-20 17:00:00,114.678,114.831,114.651,114.72
2024-05-20 18:00:00,114.719,114.751,114.637,114.661
2024-05-20 19:00:00,114.661,114.669,114.6,114.643
2024-05-20 20:00:00,114.643,114.663,114.576,114.662
2024-05-20 21:00:00,114.661,114.726,114.616,114.725
2024-05-20 22:00:00,114.724,114.737,114.693,114.725
2024-05-20 23:00:00,114.726,114.728,114.655,114.662
2024-05-21 00:00:00,114.653,114.68,114.545,114.632
2024-05-21 01:00:00,114.638,114.711,114.638,114.7
2024-05-21 02:00:00,114.7,114.802,114.7,114.801
2024-05-21 03:00:00,114.803,114.805,114.736,114.782
2024-05-21 04:00:00,114.784,114.831,114.728,114.739
2024-05-21 05:00:00,114.739,114.75,114.674,114.704
2024-05-21 06:00:00,114.703,114.739,114.697,114.728
2024-05-21 07:00:00,114.728,114.779,114.699,114.733
2024-05-21 08:00:00,114.733,114.752,114.627,114.687
2024-05-21 09:00:00,114.689,114.706,114.504,114.599
2024-05-21 10:00:00,114.598,114.628,114.485,114.576
2024-05-21 11:00:00,114.577,114.645,114.487,114.638
2024-05-21 12:00:00,114.638,114.649,114.531,114.541
2024-05-21 13:00:00,114.538,114.639,114.522,114.615
2024-05-21 14:00:00,114.615,114.75,114.609,114.736
2024-05-21 15:00:00,114.738,114.82,114.354,114.387
2024-05-21 16:00:00,114.387,114.431,114.152,114.212
2024-05-21 17:00:00,114.213,114.46,114.159,114.332
2024-05-21 18:00:00,114.33,114.438,114.33,114.38
2024-05-21 19:00:00,114.38,114.427,114.373,114.387
2024-05-21 20:00:00,114.387,114.481,114.367,114.463
2024-05-21 21:00:00,114.464,114.472,114.386,114.413
2024-05-21 22:00:00,114.414,114.431,114.348,114.418
2024-05-21 23:00:00,114.42,114.437,114.351,114.351
2024-05-22 00:00:00,114.351,114.574,114.3,114.488
2024-05-22 01:00:00,114.472,114.51,114.412,114.509
2024-05-22 02:00:00,114.512,114.587,114.512,114.56
2024-05-22 03:00:00,114.561,114.591,114.501,114.586
2024-05-22 04:00:00,114.587,114.673,114.576,114.62
2024-05-22 05:00:00,114.616,114.673,114.603,114.643
2024-05-22 06:00:00,114.643,114.65,114.571,114.593
2024-05-22 07:00:00,114.592,114.624,114.567,114.599
2024-05-22 08:00:00,114.598,114.625,114.585,114.597
2024-05-22 09:00:00,114.597,114.651,114.546,114.565
2024-05-22 10:00:00,114.565,114.568,114.508,114.525
2024-05-22 11:00:00,114.524,114.586,114.472,114.552
2024-05-22 12:00:00,114.551,114.577,114.464,114.551
2024-05-22 13:00:00,114.551,114.607,114.542,114.554
2024-05-22 14:00:00,114.553,114.616,114.488,114.506
2024-05-22 15:00:00,114.506,114.541,114.426,114.474
2024-05-22 16:00:00,114.474,114.561,114.413,114.455
2024-05-22 17:00:00,114.457,114.519,114.405,114.487
2024-05-22 18:00:00,114.487,114.563,114.445,114.493
2024-05-22 19:00:00,114.49,114.596,114.455,114.539
2024-05-22 20:00:00,114.54,114.584,114.449,114.466
2024-05-22 21:00:00,114.478,114.508,114.321,114.376
2024-05-22 22:00:00,114.376,114.479,114.374,114.469
2024-05-22 23:00:00,114.471,114.52,114.447,114.471
2024-05-23 00:00:00,114.474,114.482,114.329,114.408
2024-05-23 01:00:00,114.408,114.51,114.4,114.497
2024-05-23 02:00:00,114.494,114.517,114.445,114.488
2024-05-23 03:00:00,114.488,114.578,114.462,114.543
2024-05-23 04:00:00,114.545,114.615,114.498,114.498
2024-05-23 05:00:00,114.496,114.53,114.448,114.513
2024-05-23 06:00:00,114.517,114.598,114.512,114.594
2024-05-23 07:00:00,114.599,114.616,114.528,114.546
2024-05-23 08:00:00,114.546,114.578,114.5,114.526
2024-05-23 09:00:00,114.526,114.543,114.471,114.503
2024-05-23 10:00:00,114.503,114.577,114.402,114.55
2024-05-23 11:00:00,114.553,114.646,114.549,114.615
2024-05-23 12:00:00,114.615,114.65,114.579,114.618
2024-05-23 13:00:00,114.617,114.654,114.605,114.635
2024-05-23 14:00:00,114.635,114.648,114.558,114.569
2024-05-23 15:00:00,114.573,114.702,114.514,114.696
2024-05-23 16:00:00,114.696,114.831,114.646,114.787
2024-05-23 17:00:00,114.784,114.889,114.472,114.625
2024-05-23 18:00:00,114.624,114.769,114.616,114.66
2024-05-23 19:00:00,114.661,114.672,114.554,114.561
2024-05-23 20:00:00,114.561,114.566,114.306,114.315
2024-05-23 21:00:00,114.314,114.321,114.15,114.172
2024-05-23 22:00:00,114.169,114.244,114.163,114.214
2024-05-23 23:00:00,114.213,114.329,114.193,114.278
2024-05-24 00:00:00,114.212,114.322,114.172,114.322
2024-05-24 01:00:00,114.318,114.361,114.257,114.36
2024-05-24 02:00:00,114.362,114.364,114.293,114.312
2024-05-24 03:00:00,114.317,114.415,114.243,114.342
2024-05-24 04:00:00,114.343,114.42,114.308,114.414
2024-05-24 05:00:00,114.416,114.43,114.347,114.35
2024-05-24 06:00:00,114.35,114.376,114.311,114.317
2024-05-24 07:00:00,114.319,114.376,114.292,114.366
2024-05-24 08:00:00,114.363,114.379,114.32,114.363
2024-05-24 09:00:00,114.363,114.393,114.313,114.325
2024-05-24 10:00:00,114.325,114.453,114.325,114.448
2024-05-24 11:00:00,114.447,114.453,114.405,114.428
2024-05-24 12:00:00,114.429,114.442,114.362,114.404
2024-05-24 13:00:00,114.403,114.467,114.4,114.441
2024-05-24 14:00:00,114.44,114.519,114.426,114.512
2024-05-24 15:00:00,114.513,114.568,114.461,114.54
2024-05-24 16:00:00,114.54,114.727,114.526,114.684
2024-05-24 17:00:00,114.689,114.861,114.658,114.838
2024-05-24 18:00:00,114.835,114.894,114.745,114.802
2024-05-24 19:00:00,114.803,114.907,114.792,114.896
2024-05-24 20:00:00,114.898,114.993,114.871,114.982
2024-05-24 21:00:00,114.984,114.984,114.887,114.89
2024-05-24 22:00:00,114.889,114.894,114.821,114.832
2024-05-24 23:00:00,114.832,114.884,114.806,114.872
2024-05-27 00:00:00,114.79,114.842,114.614,114.763
2024-05-27 01:00:00,114.764,114.879,114.741,114.782
2024-05-27 02:00:00,114.782,114.801,114.736,114.754
2024-05-27 03:00:00,114.754,114.807,114.689,114.752
2024-05-27 04:00:00,114.753,114.778,114.643,114.757
2024-05-27 05:00:00,114.757,114.757,114.657,114.693
2024-05-27 06:00:00,114.693,114.731,114.648,114.662
2024-05-27 07:00:00,114.662,114.737,114.642,114.719
2024-05-27 08:00:00,114.72,114.743,114.69,114.737
2024-05-27 09:00:00,114.738,114.814,114.724,114.791
2024-05-27 10:00:00,114.792,114.886,114.775,114.856
2024-05-27 11:00:00,114.856,114.894,114.828,114.89
2024-05-27 12:00:00,114.889,114.91,114.872,114.908
2024-05-27 13:00:00,114.907,114.909,114.843,114.886
2024-05-27 14:00:00,114.886,114.888,114.844,114.876
2024-05-27 15:00:00,114.876,114.895,114.796,114.869
2024-05-27 16:00:00,114.869,115.017,114.869,115.006
2024-05-27 17:00:00,115.006,115.025,114.935,114.935
2024-05-27 18:00:00,114.937,115.067,114.923,115.063
2024-05-27 19:00:00,115.063,115.123,115.055,115.087
2024-05-27 20:00:00,115.087,115.105,115.065,115.086
2024-05-27 21:00:00,115.084,115.087,115.054,115.07
2024-05-27 22:00:00,115.074,115.084,115.057,115.082
2024-05-27 23:00:00,115.08,115.1,115.048,115.078
2024-05-28 00:00:00,115.016,115.051,114.873,115.044
2024-05-28 01:00:00,115.04,115.136,115.04,115.115
2024-05-28 02:00:00,115.116,115.144,115.072,115.081
2024-05-28 03:00:00,115.079,115.136,115.052,115.129
2024-05-28 04:00:00,115.129,115.156,115.061,115.092
2024-05-28 05:00:00,115.095,115.118,115.053,115.109
2024-05-28 06:00:00,115.109,115.121,115.007,115.053
2024-05-28 07:00:00,115.052,115.093,115.022,115.034
2024-05-28 08:00:00,115.032,115.137,115.01,115.094
2024-05-28 09:00:00,115.094,115.141,115.071,115.116
2024-05-28 10:00:00,115.118,115.182,115.077,115.164
2024-05-28 11:00:00,115.164,115.168,115.091,115.109
2024-05-28 12:00:00,115.109,115.213,115.109,115.181
2024-05-28 13:00:00,115.181,115.19,115.061,115.102
2024-05-28 14:00:00,115.102,115.146,115.073,115.111
2024-05-28 15:00:00,115.111,115.113,114.961,115.033
2024-05-28 16:00:00,115.035,115.065,114.94,114.949
2024-05-28 17:00:00,114.979,115.085,114.945,115.042
2024-05-28 18:00:00,115.042,115.105,114.958,115.101
2024-05-28 19:00:00,115.099,115.151,115.052,115.123
2024-05-28 20:00:00,115.124,115.168,115.074,115.092
2024-05-28 21:00:00,115.092,115.145,115.061,115.143
2024-05-28 22:00:00,115.144,115.176,115.099,115.171
2024-05-28 23:00:00,115.17,115.211,115.129,115.138
2024-05-29 00:00:00,115.141,115.176,115.074,115.162
2024-05-29 01:00:00,115.166,115.234,115.148,115.211
2024-05-29 02:00:00,115.21,115.255,115.205,115.242
2024-05-29 03:00:00,115.239,115.287,115.19,115.245
2024-05-29 04:00:00,115.244,115.269,115.152,115.187
2024-05-29 05:00:00,115.188,115.205,115.122,115.129
2024-05-29 06:00:00,115.129,115.161,115.109,115.14
2024-05-29 07:00:00,115.14,115.16,115.081,115.098
2024-05-29 08:00:00,115.098,115.114,114.981,114.999
2024-05-29 09:00:00,114.993,115.086,114.807,115.036
2024-05-29 10:00:00,115.038,115.093,114.999,115.072
2024-05-29 11:00:00,115.067,115.076,114.993,115.006
2024-05-29 12:00:00,115.008,115.064,114.994,115.042
2024-05-29 13:00:00,115.042,115.089,115.011,115.064
2024-05-29 14:00:00,115.062,115.074,114.985,115.034
2024-05-29 15:00:00,115.034,115.072,114.902,114.912
2024-05-29 16:00:00,114.911,114.982,114.864,114.936
2024-05-29 17:00:00,114.936,114.985,114.844,114.903
2024-05-29 18:00:00,114.899,115.036,114.852,115.021
2024-05-29 19:00:00,115.022,115.05,114.938,115.046
2024-05-29 20:00:00,115.047,115.058,114.928,115.019
2024-05-29 21:00:00,115.017,115.046,114.961,114.992
2024-05-29 22:00:00,114.993,115.015,114.96,114.975
2024-05-29 23:00:00,114.981,114.987,114.896,114.899
2024-05-30 00:00:00,114.9,114.916,114.843,114.862
2024-05-30 01:00:00,114.862,114.925,114.862,114.893
2024-05-30 02:00:00,114.893,114.918,114.865,114.914
2024-05-30 03:00:00,114.914,114.914,114.654,114.697
2024-05-30 04:00:00,114.701,114.806,114.683,114.756
2024-05-30 05:00:00,114.764,114.785,114.629,114.639
2024-05-30 06:00:00,114.639,114.711,114.589,114.68
2024-05-30 07:00:00,114.682,114.682,114.485,114.534
2024-05-30 08:00:00,114.534,114.552,114.272,114.314
2024-05-30 09:00:00,114.313,114.33,114.118,114.156
2024-05-30 10:00:00,114.156,114.436,114.076,114.412
2024-05-30 11:00:00,114.411,114.526,114.391,114.434
2024-05-30 12:00:00,114.43,114.473,114.312,114.37
2024-05-30 13:00:00,114.37,114.482,114.37,114.426
2024-05-30 14:00:00,114.425,114.438,114.321,114.35
2024-05-30 15:00:00,114.349,114.478,114.293,114.368
2024-05-30 16:00:00,114.369,114.551,114.183,114.525
2024-05-30 17:00:00,114.528,114.659,114.487,114.569
2024-05-30 18:00:00,114.567,114.707,114.542,114.591
2024-05-30 19:00:00,114.591,114.689,114.591,114.673
2024-05-30 20:00:00,114.678,114.704,114.584,114.655
2024-05-30 21:00:00,114.655,114.718,114.64,114.681
2024-05-30 22:00:00,114.683,114.688,114.545,114.636
2024-05-30 23:00:00,114.637,114.664,114.588,114.59
2024-05-31 00:00:00,114.613,114.613,114.545,114.605
2024-05-31 01:00:00,114.605,114.65,114.562,114.603
2024-05-31 02:00:00,114.603,114.726,114.595,114.726
2024-05-31 03:00:00,114.724,114.754,114.467,114.558
2024-05-31 04:00:00,114.558,114.675,114.425,114.475
2024-05-31 05:00:00,114.475,114.578,114.436,114.567
2024-05-31 06:00:00,114.567,114.684,114.52,114.668
2024-05-31 07:00:00,114.668,114.71,114.58,114.624
2024-05-31 08:00:00,114.623,114.758,114.621,114.735
2024-05-31 09:00:00,114.733,114.865,114.729,114.843
2024-05-31 10:00:00,114.839,114.983,114.808,114.967
2024-05-31 11:00:00,114.968,115.18,114.961,115.161
2024-05-31 12:00:00,115.16,115.285,115.128,115.282
2024-05-31 13:00:00,115.283,115.352,115.251,115.341
2024-05-31 14:00:00,115.341,115.345,115.19,115.226
2024-05-31 15:00:00,115.227,115.245,114.956,115.033
2024-05-31 16:00:00,115.036,115.116,114.874,114.942
2024-05-31 17:00:00,114.943,115.303,114.816,115.297
2024-05-31 18:00:00,115.299,115.319,115.153,115.167
2024-05-31 19:00:00,115.167,115.248,115.14,115.21
2024-05-31 20:00:00,115.211,115.336,115.21,115.326
2024-05-31 21:00:00,115.327,115.38,115.301,115.38
2024-05-31 22:00:00,115.38,115.475,115.352,115.417
2024-05-31 23:00:00,115.417,115.483,115.305,115.358
2024-06-03 00:00:00,115.28,115.359,115.208,115.318
2024-06-03 01:00:00,115.316,115.451,115.316,115.425
2024-06-03 02:00:00,115.427,115.456,115.348,115.41
2024-06-03 03:00:00,115.41,115.524,115.389,115.432
2024-06-03 04:00:00,115.433,115.456,115.324,115.367
2024-06-03 05:00:00,115.367,115.421,115.342,115.413
2024-06-03 06:00:00,115.412,115.534,115.354,115.505
2024-06-03 07:00:00,115.505,115.54,115.479,115.508
2024-06-03 08:00:00,115.508,115.543,115.392,115.428
2024-06-03 09:00:00,115.431,115.432,115.246,115.246
2024-06-03 10:00:00,115.246,115.274,115.042,115.063
2024-06-03 11:00:00,115.063,115.089,114.979,115.016
2024-06-03 12:00:00,115.019,115.037,114.886,114.953
2024-06-03 13:00:00,114.953,114.965,114.765,114.77
2024-06-03 14:00:00,114.766,115.037,114.748,115.012
2024-06-03 15:00:00,115.012,115.144,115.007,115.075
2024-06-03 16:00:00,115.076,115.114,114.872,114.931
2024-06-03 17:00:00,114.946,115.013,114.521,114.598
2024-06-03 18:00:00,114.6,114.661,114.433,114.499
2024-06-03 19:00:00,114.499,114.536,114.38,114.393
2024-06-03 20:00:00,114.393,114.41,114.295,114.41
2024-06-03 21:00:00,114.411,114.521,114.409,114.475
2024-06-03 22:00:00,114.478,114.583,114.471,114.564
2024-06-03 23:00:00,114.57,114.586,114.479,114.5
2024-06-04 00:00:00,114.497,114.531,114.364,114.528
2024-06-04 01:00:00,114.532,114.604,114.51,114.578
2024-06-04 02:00:00,114.578,114.647,114.457,114.527
2024-06-04 03:00:00,114.528,114.792,114.469,114.767
2024-06-04 04:00:00,114.767,114.781,114.648,114.735
2024-06-04 05:00:00,114.735,114.737,114.611,114.682
2024-06-04 06:00:00,114.682,114.697,114.626,114.672
2024-06-04 07:00:00,114.672,114.691,114.568,114.595
2024-06-04 08:00:00,114.595,114.601,114.364,114.436
2024-06-04 09:00:00,114.433,114.439,114.157,114.25
2024-06-04 10:00:00,114.25,114.25,113.646,113.669
2024-06-04 11:00:00,113.669,113.677,113.452,113.527
2024-06-04 12:00:00,113.526,113.577,113.254,113.305
2024-06-04 13:00:00,113.307,113.323,112.958,113.15
2024-06-04 14:00:00,113.149,113.428,113.146,113.206
2024-06-04 15:00:00,113.21,113.425,113.122,113.406
2024-06-04 16:00:00,113.404,113.464,113.146,113.179
2024-06-04 17:00:00,113.185,113.47,113.029,113.206
2024-06-04 18:00:00,113.211,113.267,113.083,113.155
2024-06-04 19:00:00,113.155,113.159,113.05,113.11
2024-06-04 20:00:00,113.109,113.124,113.009,113.035
2024-06-04 21:00:00,113.034,113.166,113.023,113.094
2024-06-04 22:00:00,113.094,113.196,113.036,113.167
2024-06-04 23:00:00,113.166,113.264,113.16,113.237
2024-06-05 00:00:00,113.242,113.242,113.049,113.151
2024-06-05 01:00:00,113.146,113.225,113.146,113.224
2024-06-05 02:00:00,113.224,113.457,113.205,113.41
2024-06-05 03:00:00,113.406,113.621,113.406,113.501
2024-06-05 04:00:00,113.501,113.661,113.482,113.659
2024-06-05 05:00:00,113.659,113.75,113.654,113.742
2024-06-05 06:00:00,113.741,113.815,113.622,113.716
2024-06-05 07:00:00,113.716,113.809,113.682,113.786
2024-06-05 08:00:00,113.788,113.847,113.74,113.817
2024-06-05 09:00:00,113.813,113.977,113.803,113.968
2024-06-05 10:00:00,113.969,114.217,113.921,114.197
2024-06-05 11:00:00,114.198,114.287,114.122,114.214
2024-06-05 12:00:00,114.216,114.226,114.007,114.02
2024-06-05 13:00:00,114.02,114.132,113.948,114.086
2024-06-05 14:00:00,114.085,114.195,114.037,114.155
2024-06-05 15:00:00,114.154,114.22,114.025,114.192
2024-06-05 16:00:00,114.192,114.236,113.613,113.671
2024-06-05 17:00:00,113.791,114.015,113.773,113.952
2024-06-05 18:00:00,113.95,114.01,113.892,113.978
2024-06-05 19:00:00,113.98,113.987,113.883,113.956
2024-06-05 20:00:00,113.956,114.002,113.918,113.987
2024-06-05 21:00:00,113.987,114.067,113.965,114.032
2024-06-05 22:00:00,114.03,114.064,114.006,114.018
2024-06-05 23:00:00,114.018,114.044,113.957,113.957
2024-06-06 00:00:00,113.963,113.978,113.851,113.949
2024-06-06 01:00:00,113.949,113.996,113.824,113.827
2024-06-06 02:00:00,113.827,113.955,113.788,113.889
2024-06-06 03:00:00,113.889,113.899,113.739,113.776
2024-06-06 04:00:00,113.776,113.905,113.65,113.884
2024-06-06 05:00:00,113.886,113.911,113.722,113.834
2024-06-06 06:00:00,113.833,113.866,113.735,113.74
2024-06-06 07:00:00,113.742,114.005,113.74,113.855
2024-06-06 08:00:00,113.853,114.008,113.837,113.973
2024-06-06 09:00:00,113.976,114.157,113.912,114.104
2024-06-06 10:00:00,114.104,114.199,114.069,114.189
2024-06-06 11:00:00,114.189,114.235,114.017,114.042
2024-06-06 12:00:00,114.043,114.084,113.891,113.957
2024-06-06 13:00:00,113.957,114.014,113.908,114.0
2024-06-06 14:00:00,114.001,114.093,113.996,114.066
2024-06-06 15:00:00,114.064,114.086,113.877,114.071
2024-06-06 16:00:00,114.068,114.146,113.905,114.091
2024-06-06 17:00:00,114.093,114.147,113.811,113.827
2024-06-06 18:00:00,113.828,114.013,113.805,113.979
2024-06-06 19:00:00,113.98,114.009,113.835,113.862
2024-06-06 20:00:00,113.863,113.952,113.848,113.951
2024-06-06 21:00:00,113.953,113.953,113.86,113.906
2024-06-06 22:00:00,113.906,113.971,113.735,113.832
2024-06-06 23:00:00,113.834,113.882,113.81,113.834
2024-06-07 00:00:00,113.78,113.89,113.676,113.821
2024-06-07 01:00:00,113.821,113.858,113.812,113.847
2024-06-07 02:00:00,113.847,113.913,113.829,113.892
2024-06-07 03:00:00,113.892,114.01,113.844,113.971
2024-06-07 04:00:00,113.97,114.08,113.877,113.9
2024-06-07 05:00:00,113.9,114.019,113.891,113.993
2024-06-07 06:00:00,113.99,114.007,113.927,113.954
2024-06-07 07:00:00,113.954,113.955,113.799,113.85
2024-06-07 08:00:00,113.849,113.919,113.715,113.763
2024-06-07 09:00:00,113.766,113.774,113.497,113.656
2024-06-07 10:00:00,113.654,113.672,113.442,113.661
2024-06-07 11:00:00,113.662,113.733,113.479,113.534
2024-06-07 12:00:00,113.534,113.652,113.517,113.634
2024-06-07 13:00:00,113.633,113.699,113.611,113.665
2024-06-07 14:00:00,113.664,113.844,113.601,113.795
2024-06-07 15:00:00,113.795,114.338,113.704,114.257
2024-06-07 16:00:00,114.257,114.367,114.171,114.331
2024-06-07 17:00:00,114.327,114.388,114.121,114.173
2024-06-07 18:00:00,114.174,114.174,113.742,113.891
2024-06-07 19:00:00,113.891,113.977,113.804,113.975
2024-06-07 20:00:00,113.975,113.981,113.84,113.889
2024-06-07 21:00:00,113.889,113.96,113.816,113.955
2024-06-07 22:00:00,113.954,113.978,113.859,113.926
2024-06-07 23:00:00,113.925,113.932,113.835,113.849
2024-06-10 00:00:00,113.89,113.896,113.724,113.853
2024-06-10 01:00:00,113.851,114.008,113.815,114.001
2024-06-10 02:00:00,114.002,114.022,113.951,113.977
2024-06-10 03:00:00,113.973,114.028,113.909,113.947
2024-06-10 04:00:00,113.947,114.028,113.904,114.01
2024-06-10 05:00:00,114.01,114.049,113.98,114.04
2024-06-10 06:00:00,114.04,114.181,114.04,114.114
2024-06-10 07:00:00,114.116,114.146,114.044,114.133
2024-06-10 08:00:00,114.131,114.146,114.036,114.127
2024-06-10 09:00:00,114.126,114.198,114.074,114.113
2024-06-10 10:00:00,114.118,114.126,113.991,114.061
2024-06-10 11:00:00,114.054,114.091,113.875,113.917
2024-06-10 12:00:00,113.921,113.929,113.802,113.873
2024-06-10 13:00:00,113.869,113.891,113.773,113.834
2024-06-10 14:00:00,113.834,113.994,113.825,113.951
2024-06-10 15:00:00,113.954,114.102,113.948,114.006
2024-06-10 16:00:00,114.005,114.017,113.807,113.899
2024-06-10 17:00:00,113.901,113.961,113.849,113.895
2024-06-10 18:00:00,113.895,114.089,113.889,114.086
2024-06-10 19:00:00,114.086,114.102,114.015,114.058
2024-06-10 20:00:00,114.056,114.126,114.022,114.102
2024-06-10 21:00:00,114.102,114.178,114.059,114.147
2024-06-10 22:00:00,114.146,114.162,114.081,114.095
2024-06-10 23:00:00,114.094,114.154,114.063,114.095
2024-06-11 00:00:00,114.109,114.13,114.044,114.109
2024-06-11 01:00:00,114.099,114.138,114.086,114.113
2024-06-11 02:00:00,114.116,114.141,114.103,114.126
2024-06-11 03:00:00,114.126,114.258,114.117,114.224
2024-06-11 04:00:00,114.224,114.242,114.149,114.22
2024-06-11 05:00:00,114.22,114.24,114.166,114.24
2024-06-11 06:00:00,114.24,114.265,114.18,114.2
2024-06-11 07:00:00,114.199,114.265,114.18,114.248
2024-06-11 08:00:00,114.241,114.299,114.175,114.295
2024-06-11 09:00:00,114.296,114.343,114.261,114.284
2024-06-11 10:00:00,114.285,114.333,114.209,114.324
2024-06-11 11:00:00,114.324,114.358,114.18,114.192
2024-06-11 12:00:00,114.193,114.231,114.13,114.156
2024-06-11 13:00:00,114.146,114.16,114.052,114.079
2024-06-11 14:00:00,114.075,114.078,113.963,114.001
2024-06-11 15:00:00,114.0,114.05,113.863,113.91
2024-06-11 16:00:00,113.911,114.02,113.879,114.003
2024-06-11 17:00:00,114.004,114.259,113.98,114.215
2024-06-11 18:00:00,114.218,114.308,114.191,114.28
2024-06-11 19:00:00,114.279,114.372,114.231,114.365
2024-06-11 20:00:00,114.366,114.368,114.179,114.191
2024-06-11 21:00:00,114.192,114.218,114.153,114.169
2024-06-11 22:00:00,114.169,114.207,114.122,114.207
2024-06-11 23:00:00,114.208,114.229,114.172,114.19
2024-06-12 00:00:00,114.193,114.2,114.036,114.193
2024-06-12 01:00:00,114.186,114.242,114.175,114.234
2024-06-12 02:00:00,114.229,114.267,114.176,114.219
2024-06-12 03:00:00,114.213,114.298,114.182,114.23
2024-06-12 04:00:00,114.231,114.277,114.18,114.277
2024-06-12 05:00:00,114.277,114.329,114.249,114.326
2024-06-12 06:00:00,114.325,114.349,114.306,114.311
2024-06-12 07:00:00,114.311,114.348,114.271,114.331
2024-06-12 08:00:00,114.331,114.409,114.317,114.386
2024-06-12 09:00:00,114.387,114.417,114.356,114.366
2024-06-12 10:00:00,114.367,114.451,114.355,114.413
2024-06-12 11:00:00,114.413,114.468,114.383,114.399
2024-06-12 12:00:00,114.399,114.447,114.387,114.435
2024-06-12 13:00:00,114.435,114.478,114.396,114.441
2024-06-12 14:00:00,114.441,114.487,114.435,114.482
2024-06-12 15:00:00,114.483,114.493,114.011,114.06
2024-06-12 16:00:00,114.06,114.062,113.817,113.819
2024-06-12 17:00:00,113.824,113.98,113.768,113.786
2024-06-12 18:00:00,113.785,113.846,113.727,113.846
2024-06-12 19:00:00,113.845,113.872,113.746,113.849
2024-06-12 20:00:00,113.848,113.881,113.776,113.776
2024-06-12 21:00:00,113.862,114.197,113.732,114.165
2024-06-12 22:00:00,114.168,114.281,114.112,114.257
2024-06-12 23:00:00,114.26,114.351,114.176,114.183
2024-06-13 00:00:00,114.185,114.203,114.054,114.121
2024-06-13 01:00:00,114.121,114.276,114.114,114.274
2024-06-13 02:00:00,114.274,114.302,114.213,114.273
2024-06-13 03:00:00,114.274,114.298,114.181,114.211
2024-06-13 04:00:00,114.211,114.224,114.114,114.143
2024-06-13 05:00:00,114.141,114.286,114.141,114.273
2024-06-13 06:00:00,114.273,114.311,114.243,114.274
2024-06-13 07:00:00,114.274,114.298,114.251,114.278
2024-06-13 08:00:00,114.277,114.381,114.27,114.283
2024-06-13 09:00:00,114.28,114.424,114.271,114.325
2024-06-13 10:00:00,114.324,114.507,114.296,114.458
2024-06-13 11:00:00,114.459,114.502,114.415,114.493
2024-06-13 12:00:00,114.492,114.537,114.362,114.385
2024-06-13 13:00:00,114.386,114.398,114.323,114.331
2024-06-13 14:00:00,114.332,114.413,114.312,114.324
2024-06-13 15:00:00,114.325,114.415,114.136,114.338
2024-06-13 16:00:00,114.34,114.523,114.321,114.371
2024-06-13 17:00:00,114.37,114.384,114.065,114.1
2024-06-13 18:00:00,114.099,114.142,113.982,114.034
2024-06-13 19:00:00,114.033,114.083,113.897,114.063
2024-06-13 20:00:00,114.062,114.165,114.001,114.153
2024-06-13 21:00:00,114.153,114.217,114.141,114.175
2024-06-13 22:00:00,114.168,114.35,114.162,114.322
2024-06-13 23:00:00,114.323,114.369,114.231,114.252
2024-06-14 00:00:00,114.248,114.27,114.093,114.242
2024-06-14 01:00:00,114.246,114.294,114.211,114.278
2024-06-14 02:00:00,114.28,114.336,114.267,114.315
2024-06-14 03:00:00,114.315,114.366,114.242,114.335
2024-06-14 04:00:00,114.336,114.493,114.325,114.469
2024-06-14 05:00:00,114.47,114.541,114.37,114.526
2024-06-14 06:00:00,114.529,114.949,114.175,114.841
2024-06-14 07:00:00,114.842,114.931,114.826,114.925
2024-06-14 08:00:00,114.925,115.087,114.862,115.049
2024-06-14 09:00:00,115.05,115.106,114.667,114.913
2024-06-14 10:00:00,114.916,115.049,114.639,114.658
2024-06-14 11:00:00,114.66,114.75,114.391,114.472
2024-06-14 12:00:00,114.471,114.497,114.016,114.167
2024-06-14 13:00:00,114.166,114.184,113.997,114.073
2024-06-14 14:00:00,114.071,114.398,114.066,114.176
2024-06-14 15:00:00,114.175,114.311,114.057,114.233
2024-06-14 16:00:00,114.234,114.319,114.051,114.206
2024-06-14 17:00:00,114.19,114.478,114.05,114.405
2024-06-14 18:00:00,114.399,114.492,114.324,114.486
2024-06-14 19:00:00,114.486,114.602,114.428,114.568
2024-06-14 20:00:00,114.567,114.6,114.44,114.482
2024-06-14 21:00:00,114.481,114.493,114.426,114.467
2024-06-14 22:00:00,114.464,114.543,114.464,114.543
2024-06-14 23:00:00,114.543,114.644,114.491,114.552
2024-06-17 00:00:00,114.56,114.589,114.296,114.542
2024-06-17 01:00:00,114.551,114.725,114.546,114.697
2024-06-17 02:00:00,114.697,114.774,114.663,114.709
2024-06-17 03:00:00,114.709,114.711,114.512,114.63
2024-06-17 04:00:00,114.629,114.638,114.539,114.629
2024-06-17 05:00:00,114.628,114.667,114.563,114.569
2024-06-17 06:00:00,114.569,114.616,114.483,114.506
2024-06-17 07:00:00,114.508,114.545,114.489,114.526
2024-06-17 08:00:00,114.525,114.612,114.525,114.555
2024-06-17 09:00:00,114.557,114.603,114.275,114.504
2024-06-17 10:00:00,114.505,114.7,114.446,114.634
2024-06-17 11:00:00,114.634,114.767,114.62,114.723
2024-06-17 12:00:00,114.724,114.766,114.683,114.735
2024-06-17 13:00:00,114.734,114.761,114.621,114.719
2024-06-17 14:00:00,114.715,114.833,114.706,114.83
2024-06-17 15:00:00,114.823,114.874,114.765,114.845
2024-06-17 16:00:00,114.844,114.904,114.758,114.875
2024-06-17 17:00:00,114.876,114.903,114.686,114.701
2024-06-17 18:00:00,114.701,114.796,114.673,114.751
2024-06-17 19:00:00,114.749,114.833,114.739,114.832
2024-06-17 20:00:00,114.832,114.891,114.811,114.886
2024-06-17 21:00:00,114.885,114.945,114.882,114.925
2024-06-17 22:00:00,114.923,114.941,114.863,114.941
2024-06-17 23:00:00,114.94,114.951,114.904,114.917
2024-06-18 00:00:00,114.908,114.92,114.803,114.916
2024-06-18 01:00:00,114.91,114.949,114.883,114.934
2024-06-18 02:00:00,114.936,114.993,114.893,114.983
2024-06-18 03:00:00,114.982,115.0,114.912,114.931
2024-06-18 04:00:00,114.932,114.949,114.735,114.766
2024-06-18 05:00:00,114.77,114.806,114.735,114.759
2024-06-18 06:00:00,114.762,114.767,114.693,114.743
2024-06-18 07:00:00,114.743,114.798,114.68,114.777
2024-06-18 08:00:00,114.779,114.932,114.748,114.919
2024-06-18 09:00:00,114.92,115.035,114.917,115.01
2024-06-18 10:00:00,115.01,115.09,114.963,115.037
2024-06-18 11:00:00,115.041,115.074,114.954,114.998
2024-06-18 12:00:00,114.999,115.04,114.928,115.002
2024-06-18 13:00:00,115.003,115.051,114.967,115.001
2024-06-18 14:00:00,115.002,115.033,114.897,114.934
2024-06-18 15:00:00,114.934,115.042,114.804,114.919
2024-06-18 16:00:00,114.921,115.046,114.816,115.027
2024-06-18 17:00:00,115.025,115.183,115.003,115.077
2024-06-18 18:00:00,115.078,115.138,114.983,114.997
2024-06-18 19:00:00,114.996,115.054,114.94,114.946
2024-06-18 20:00:00,114.945,115.055,114.927,115.044
2024-06-18 21:00:00,115.042,115.086,114.984,115.036
2024-06-18 22:00:00,115.042,115.074,114.978,115.074
2024-06-18 23:00:00,115.075,115.097,115.035,115.063
2024-06-19 00:00:00,115.062,115.075,115.017,115.039
2024-06-19 01:00:00,115.032,115.104,115.032,115.084
2024-06-19 02:00:00,115.078,115.085,115.05,115.085
2024-06-19 03:00:00,115.091,115.126,115.059,115.071
2024-06-19 04:00:00,115.07,115.078,114.993,115.02
2024-06-19 05:00:00,115.02,115.083,115.017,115.082
2024-06-19 06:00:00,115.082,115.095,115.045,115.052
2024-06-19 07:00:00,115.052,115.058,115.011,115.028
2024-06-19 08:00:00,115.028,115.049,115.009,115.016
2024-06-19 09:00:00,115.02,115.068,114.852,114.868
2024-06-19 10:00:00,114.869,115.015,114.839,115.008
2024-06-19 11:00:00,115.009,115.041,114.987,115.04
2024-06-19 12:00:00,115.04,115.102,115.03,115.072
2024-06-19 13:00:00,115.072,115.157,115.07,115.12
2024-06-19 14:00:00,115.12,115.192,115.12,115.189
2024-06-19 15:00:00,115.189,115.224,115.144,115.194
2024-06-19 16:00:00,115.194,115.213,115.149,115.211
2024-06-19 17:00:00,115.211,115.266,115.195,115.237
2024-06-19 18:00:00,115.234,115.268,115.195,115.21
2024-06-19 19:00:00,115.209,115.21,115.136,115.169
2024-06-19 20:00:00,115.169,115.184,115.156,115.172
2024-06-19 21:00:00,115.173,115.234,115.162,115.234
2024-06-19 22:00:00,115.229,115.259,115.212,115.254
2024-06-19 23:00:00,115.254,115.337,115.247,115.313
2024-06-20 00:00:00,115.335,115.335,115.184,115.236
2024-06-20 01:00:00,115.229,115.305,115.228,115.274
2024-06-20 02:00:00,115.274,115.297,115.228,115.243
2024-06-20 03:00:00,115.243,115.3,115.231,115.241
2024-06-20 04:00:00,115.24,115.3,115.225,115.256
2024-06-20 05:00:00,115.255,115.289,115.235,115.259
2024-06-20 06:00:00,115.26,115.313,115.253,115.293
2024-06-20 07:00:00,115.294,115.344,115.293,115.324
2024-06-20 08:00:00,115.325,115.355,115.266,115.278
2024-06-20 09:00:00,115.279,115.373,115.269,115.3
2024-06-20 10:00:00,115.3,115.429,115.3,115.426
2024-06-20 11:00:00,115.423,115.533,115.42,115.485
2024-06-20 12:00:00,115.485,115.547,115.463,115.531
2024-06-20 13:00:00,115.531,115.548,115.477,115.537
2024-06-20 14:00:00,115.536,115.575,115.493,115.526
2024-06-20 15:00:00,115.526,115.734,115.464,115.727
2024-06-20 16:00:00,115.719,115.911,115.674,115.882
2024-06-20 17:00:00,115.888,115.957,115.821,115.924
2024-06-20 18:00:00,115.927,115.969,115.814,115.853
2024-06-20 19:00:00,115.851,116.014,115.818,115.96
2024-06-20 20:00:00,115.959,115.99,115.872,115.977
2024-06-20 21:00:00,115.978,116.036,115.962,116.007
2024-06-20 22:00:00,116.007,116.14,116.005,116.14
2024-06-20 23:00:00,116.138,116.159,116.063,116.09
2024-06-21 00:00:00,116.095,116.102,116.022,116.055
2024-06-21 01:00:00,116.045,116.1,116.045,116.07
2024-06-21 02:00:00,116.07,116.149,116.05,116.136
2024-06-21 03:00:00,116.136,116.238,116.109,116.227
2024-06-21 04:00:00,116.225,116.235,116.117,116.157
2024-06-21 05:00:00,116.158,116.185,116.085,116.17
2024-06-21 06:00:00,116.169,116.179,116.126,116.131
2024-06-21 07:00:00,116.13,116.161,116.124,116.155
2024-06-21 08:00:00,116.155,116.237,116.127,116.222
2024-06-21 09:00:00,116.221,116.267,116.173,116.18
2024-06-21 10:00:00,116.178,116.196,115.833,115.939
2024-06-21 11:00:00,115.937,116.034,115.889,116.019
2024-06-21 12:00:00,116.017,116.069,115.956,116.066
2024-06-21 13:00:00,116.062,116.099,116.027,116.093
2024-06-21 14:00:00,116.093,116.152,116.049,116.053
2024-06-21 15:00:00,116.053,116.109,115.962,116.007
2024-06-21 16:00:00,116.008,116.145,115.917,116.124
2024-06-21 17:00:00,116.122,116.47,116.122,116.458
2024-06-21 18:00:00,116.458,116.505,116.281,116.375
2024-06-21 19:00:00,116.374,116.403,116.315,116.358
2024-06-21 20:00:00,116.358,116.482,116.337,116.452
2024-06-21 21:00:00,116.452,116.484,116.381,116.462
2024-06-21 22:00:00,116.462,116.523,116.447,116.517
2024-06-21 23:00:00,116.515,116.714,116.492,116.683
2024-06-24 00:00:00,116.66,116.66,116.5,116.568
2024-06-24 01:00:00,116.621,116.668,116.557,116.632
2024-06-24 02:00:00,116.634,116.733,116.611,116.702
2024-06-24 03:00:00,116.703,116.72,116.618,116.654
2024-06-24 04:00:00,116.655,116.655,116.483,116.535
2024-06-24 05:00:00,116.534,116.596,116.513,116.583
2024-06-24 06:00:00,116.584,116.63,116.543,116.595
2024-06-24 07:00:00,116.593,116.656,116.593,116.652
2024-06-24 08:00:00,116.653,116.717,116.643,116.653
2024-06-24 09:00:00,116.652,116.704,116.628,116.66
2024-06-24 10:00:00,116.661,116.723,116.637,116.709
2024-06-24 11:00:00,116.708,116.839,116.699,116.826
2024-06-24 12:00:00,116.826,116.845,116.716,116.737
2024-06-24 13:00:00,116.738,116.742,116.044,116.635
2024-06-24 14:00:00,116.634,116.681,116.478,116.583
2024-06-24 15:00:00,116.584,116.607,116.443,116.477
2024-06-24 16:00:00,116.477,116.748,116.46,116.694
2024-06-24 17:00:00,116.695,116.914,116.651,116.905
2024-06-24 18:00:00,116.907,116.978,116.857,116.917
2024-06-24 19:00:00,116.913,116.996,116.863,116.971
2024-06-24 20:00:00,116.97,116.972,116.847,116.899
2024-06-24 21:00:00,116.898,116.933,116.859,116.926
2024-06-24 22:00:00,116.927,116.992,116.901,116.911
2024-06-24 23:00:00,116.913,116.918,116.818,116.857
2024-06-25 00:00:00,116.832,116.849,116.668,116.831
2024-06-25 01:00:00,116.823,116.886,116.812,116.885
2024-06-25 02:00:00,116.883,116.925,116.862,116.92
2024-06-25 03:00:00,116.921,116.929,116.676,116.721
2024-06-25 04:00:00,116.722,116.807,116.563,116.741
2024-06-25 05:00:00,116.741,116.79,116.704,116.718
2024-06-25 06:00:00,116.718,116.915,116.718,116.905
2024-06-25 07:00:00,116.906,116.924,116.825,116.836
2024-06-25 08:00:00,116.837,116.854,116.752,116.839
2024-06-25 09:00:00,116.839,116.842,116.749,116.808
2024-06-25 10:00:00,116.814,116.892,116.749,116.85
2024-06-25 11:00:00,116.849,116.9,116.795,116.832
2024-06-25 12:00:00,116.833,116.838,116.708,116.72
2024-06-25 13:00:00,116.719,116.72,116.604,116.703
2024-06-25 14:00:00,116.703,116.722,116.538,116.577
2024-06-25 15:00:00,116.576,117.039,116.576,116.924
2024-06-25 16:00:00,116.926,117.053,116.825,116.867
2024-06-25 17:00:00,116.866,116.897,116.769,116.883
2024-06-25 18:00:00,116.882,117.03,116.871,116.898
2024-06-25 19:00:00,116.897,116.914,116.833,116.901
2024-06-25 20:00:00,116.901,116.982,116.808,116.975
2024-06-25 21:00:00,116.976,116.987,116.915,116.924
2024-06-25 22:00:00,116.926,116.926,116.875,116.897
2024-06-25 23:00:00,116.896,116.914,116.861,116.907
2024-06-26 00:00:00,116.886,116.902,116.822,116.879
2024-06-26 01:00:00,116.871,116.906,116.862,116.885
2024-06-26 02:00:00,116.885,116.898,116.841,116.892
2024-06-26 03:00:00,116.893,116.925,116.847,116.888
2024-06-26 04:00:00,116.887,117.08,116.881,117.018
2024-06-26 05:00:00,117.019,117.096,116.98,117.041
2024-06-26 06:00:00,117.039,117.067,117.001,117.029
2024-06-26 07:00:00,117.029,117.036,116.965,116.968
2024-06-26 08:00:00,116.969,117.004,116.955,116.989
2024-06-26 09:00:00,116.99,117.051,116.978,116.987
2024-06-26 10:00:00,116.987,117.028,116.96,117.0
2024-06-26 11:00:00,117.0,117.012,116.944,116.985
2024-06-26 12:00:00,116.986,117.095,116.955,117.015
2024-06-26 13:00:00,117.022,117.168,116.981,117.118
2024-06-26 14:00:00,117.118,117.166,117.004,117.118
2024-06-26 15:00:00,117.119,117.204,117.085,117.149
2024-06-26 16:00:00,117.151,117.253,116.909,117.211
2024-06-26 17:00:00,117.212,117.356,117.19,117.279
2024-06-26 18:00:00,117.274,117.408,117.255,117.297
2024-06-26 19:00:00,117.297,117.352,117.221,117.245
2024-06-26 20:00:00,117.245,117.326,117.214,117.31
2024-06-26 21:00:00,117.313,117.33,117.256,117.269
2024-06-26 22:00:00,117.268,117.379,117.23,117.355
2024-06-26 23:00:00,117.359,117.397,117.318,117.354
2024-06-27 00:00:00,117.344,117.348,117.146,117.289
2024-06-27 01:00:00,117.28,117.294,117.224,117.239
2024-06-27 02:00:00,117.239,117.245,117.152,117.191
2024-06-27 03:00:00,117.194,117.214,117.065,117.203
2024-06-27 04:00:00,117.204,117.225,117.042,117.131
2024-06-27 05:00:00,117.136,117.148,117.058,117.105
2024-06-27 06:00:00,117.106,117.128,117.069,117.092
2024-06-27 07:00:00,117.092,117.097,117.016,117.084
2024-06-27 08:00:00,117.082,117.154,117.054,117.123
2024-06-27 09:00:00,117.123,117.197,117.111,117.153
2024-06-27 10:00:00,117.153,117.286,117.151,117.28
2024-06-27 11:00:00,117.279,117.329,117.262,117.318
2024-06-27 12:00:00,117.317,117.337,117.285,117.287
2024-06-27 13:00:00,117.288,117.292,117.194,117.232
2024-06-27 14:00:00,117.234,117.283,117.201,117.219
2024-06-27 15:00:00,117.219,117.272,117.116,117.203
2024-06-27 16:00:00,117.203,117.315,117.131,117.282
2024-06-27 17:00:00,117.281,117.391,117.216,117.311
2024-06-27 18:00:00,117.309,117.367,117.275,117.338
2024-06-27 19:00:00,117.335,117.409,117.295,117.387
2024-06-27 20:00:00,117.387,117.446,117.369,117.402
2024-06-27 21:00:00,117.401,117.421,117.364,117.399
2024-06-27 22:00:00,117.399,117.431,117.384,117.431
2024-06-27 23:00:00,117.429,117.429,117.28,117.306
2024-06-28 00:00:00,117.329,117.345,117.262,117.327
2024-06-28 01:00:00,117.326,117.338,117.26,117.268
2024-06-28 02:00:00,117.268,117.307,117.24,117.301
2024-06-28 03:00:00,117.296,117.45,117.255,117.436
2024-06-28 04:00:00,117.438,117.438,117.2,117.327
2024-06-28 05:00:00,117.323,117.378,117.231,117.319
2024-06-28 06:00:00,117.319,117.346,117.252,117.303
2024-06-28 07:00:00,117.304,117.353,117.265,117.282
2024-06-28 08:00:00,117.279,117.293,117.192,117.228
2024-06-28 09:00:00,117.233,117.357,117.233,117.343
2024-06-28 10:00:00,117.342,117.422,117.289,117.377
2024-06-28 11:00:00,117.377,117.4,117.334,117.379
2024-06-28 12:00:00,117.379,117.386,117.246,117.323
2024-06-28 13:00:00,117.328,117.378,117.215,117.217
2024-06-28 14:00:00,117.216,117.286,117.19,117.218
2024-06-28 15:00:00,117.218,117.243,117.099,117.152
2024-06-28 16:00:00,117.15,117.241,117.089,117.135
2024-06-28 17:00:00,117.109,117.572,117.012,117.533
2024-06-28 18:00:00,117.528,117.672,117.461,117.548
2024-06-28 19:00:00,117.55,117.623,117.474,117.616
2024-06-28 20:00:00,117.613,117.739,117.567,117.568
2024-06-28 21:00:00,117.57,117.593,117.44,117.487
2024-06-28 22:00:00,117.487,117.6,117.426,117.566
2024-06-28 23:00:00,117.568,117.625,117.535,117.556
2024-07-01 00:00:00,117.61,117.671,117.476,117.62
2024-07-01 01:00:00,117.62,117.723,117.581,117.601
2024-07-01 02:00:00,117.602,117.704,117.589,117.682
2024-07-01 03:00:00,117.682,117.861,117.555,117.73
2024-07-01 04:00:00,117.73,117.766,117.649,117.699
2024-07-01 05:00:00,117.706,117.711,117.639,117.678
2024-07-01 06:00:00,117.68,117.779,117.676,117.77
2024-07-01 07:00:00,117.77,117.812,117.728,117.801
2024-07-01 08:00:00,117.8,117.838,117.736,117.786
2024-07-01 09:00:00,117.784,117.83,117.711,117.716
2024-07-01 10:00:00,117.715,117.786,117.683,117.727
2024-07-01 11:00:00,117.726,117.805,117.709,117.759
2024-07-01 12:00:00,117.759,117.759,117.678,117.715
2024-07-01 13:00:00,117.714,117.734,117.683,117.707
2024-07-01 14:00:00,117.705,117.737,117.67,117.698
2024-07-01 15:00:00,117.7,117.758,117.651,117.743
2024-07-01 16:00:00,117.741,117.875,117.727,117.766
2024-07-01 17:00:00,117.634,117.837,117.57,117.72
2024-07-01 18:00:00,117.718,117.757,117.52,117.545
2024-07-01 19:00:00,117.544,117.606,117.509,117.576
2024-07-01 20:00:00,117.576,117.579,117.511,117.536
2024-07-01 21:00:00,117.534,117.548,117.469,117.507
2024-07-01 22:00:00,117.508,117.558,117.479,117.522
2024-07-01 23:00:00,117.532,117.562,117.495,117.54
2024-07-02 00:00:00,117.538,117.592,117.369,117.52
2024-07-02 01:00:00,117.52,117.555,117.489,117.519
2024-07-02 02:00:00,117.519,117.573,117.492,117.564
2024-07-02 03:00:00,117.564,117.661,117.545,117.551
2024-07-02 04:00:00,117.551,117.661,117.488,117.633
2024-07-02 05:00:00,117.633,117.636,117.525,117.552
2024-07-02 06:00:00,117.552,117.573,117.514,117.545
2024-07-02 07:00:00,117.547,117.609,117.511,117.566
2024-07-02 08:00:00,117.567,117.619,117.513,117.601
2024-07-02 09:00:00,117.6,117.674,117.581,117.648
2024-07-02 10:00:00,117.646,117.705,117.597,117.689
2024-07-02 11:00:00,117.688,117.724,117.639,117.683
2024-07-02 12:00:00,117.683,117.717,117.683,117.688
2024-07-03 00:00:00,118.009,118.028,117.965,118.006
2024-07-03 01:00:00,117.994,118.07,117.991,118.063
2024-07-03 02:00:00,118.064,118.113,118.043,118.065
2024-07-03 03:00:00,118.064,118.156,118.03,118.126
2024-07-03 04:00:00,118.126,118.15,118.086,118.128
2024-07-03 05:00:00,118.13,118.168,118.089,118.141
2024-07-03 06:00:00,118.141,118.186,118.131,118.168
2024-07-03 07:00:00,118.168,118.245,118.157,118.207
2024-07-03 08:00:00,118.207,118.304,118.188,118.287
2024-07-03 09:00:00,118.288,118.333,118.176,118.302
2024-07-03 10:00:00,118.302,118.433,118.286,118.339
2024-07-03 11:00:00,118.338,118.359,118.277,118.329
2024-07-03 12:00:00,118.328,118.352,118.27,118.337
2024-07-03 13:00:00,118.337,118.403,118.308,118.376
2024-07-03 14:00:00,118.376,118.438,118.36,118.432
2024-07-03 15:00:00,118.432,118.525,118.416,118.478
2024-07-03 16:00:00,118.479,118.524,118.388,118.435
2024-07-03 17:00:00,118.41,118.454,117.99,118.345
2024-07-03 18:00:00,118.343,118.537,118.29,118.51
2024-07-03 19:00:00,118.509,118.524,118.425,118.5
2024-07-03 20:00:00,118.502,118.509,118.43,118.432
2024-07-03 21:00:00,118.43,118.565,118.419,118.544
2024-07-03 22:00:00,118.539,118.628,118.533,118.585
2024-07-03 23:00:00,118.587,118.618,118.512,118.513
2024-07-04 00:00:00,118.514,118.535,118.361,118.433
2024-07-04 01:00:00,118.433,118.515,118.433,118.495
2024-07-04 02:00:00,118.504,118.575,118.504,118.525
2024-07-04 03:00:00,118.522,118.536,118.391,118.448
2024-07-04 04:00:00,118.448,118.454,118.256,118.362
2024-07-04 05:00:00,118.36,118.412,118.323,118.4
2024-07-04 06:00:00,118.4,118.464,118.36,118.446
2024-07-04 07:00:00,118.445,118.489,118.422,118.438
2024-07-04 08:00:00,118.44,118.502,118.432,118.479
2024-07-04 09:00:00,118.479,118.481,118.391,118.415
2024-07-04 10:00:00,118.417,118.491,118.35,118.367
2024-07-04 11:00:00,118.367,118.423,118.347,118.363
2024-07-04 12:00:00,118.363,118.401,118.33,118.342
2024-07-04 13:00:00,118.342,118.358,118.228,118.24
2024-07-04 14:00:00,118.24,118.263,118.159,118.22
2024-07-04 15:00:00,118.22,118.397,118.197,118.376
2024-07-04 16:00:00,118.376,118.406,118.308,118.393
2024-07-04 17:00:00,118.394,118.415,118.228,118.271
2024-07-04 18:00:00,118.271,118.41,118.265,118.41
2024-07-04 19:00:00,118.412,118.426,118.372,118.407
2024-07-04 20:00:00,118.407,118.409,118.366,118.397
2024-07-04 21:00:00,118.396,118.476,118.396,118.473
2024-07-04 22:00:00,118.473,118.473,118.397,118.429
2024-07-04 23:00:00,118.43,118.495,118.43,118.464
2024-07-05 00:00:00,118.451,118.48,118.382,118.413
2024-07-05 01:00:00,118.422,118.465,118.365,118.451
2024-07-05 02:00:00,118.452,118.53,118.44,118.511
2024-07-05 03:00:00,118.511,118.546,118.19,118.357
2024-07-05 04:00:00,118.356,118.396,118.218,118.323
2024-07-05 05:00:00,118.332,118.345,118.246,118.266
2024-07-05 06:00:00,118.265,118.278,117.938,118.033
2024-07-05 07:00:00,118.033,118.084,117.983,118.06
2024-07-05 08:00:00,118.06,118.145,118.042,118.093
2024-07-05 09:00:00,118.093,118.147,118.028,118.128
2024-07-05 10:00:00,118.128,118.224,118.068,118.175
2024-07-05 11:00:00,118.174,118.174,118.027,118.147
2024-07-05 12:00:00,118.147,118.168,118.044,118.091
2024-07-05 13:00:00,118.091,118.17,118.057,118.15
2024-07-05 14:00:00,118.152,118.201,118.109,118.132
2024-07-05 15:00:00,118.13,118.222,117.722,118.148
2024-07-05 16:00:00,118.147,118.248,118.015,118.2
2024-07-05 17:00:00,118.195,118.219,117.991,118.074
2024-07-05 18:00:00,118.079,118.079,117.83,117.895
2024-07-05 19:00:00,117.897,118.008,117.882,117.976
2024-07-05 20:00:00,117.973,117.987,117.901,117.936
2024-07-05 21:00:00,117.938,117.943,117.871,117.933
2024-07-05 22:00:00,117.935,117.953,117.881,117.944
2024-07-05 23:00:00,117.936,117.947,117.813,117.823
2024-07-08 00:00:00,117.78,117.869,117.73,117.849
2024-07-08 01:00:00,117.8,117.835,117.761,117.817
2024-07-08 02:00:00,117.813,117.846,117.722,117.761
2024-07-08 03:00:00,117.761,117.797,117.703,117.713
2024-07-08 04:00:00,117.713,117.792,117.606,117.624
2024-07-08 05:00:00,117.624,117.672,117.499,117.579
2024-07-08 06:00:00,117.582,117.778,117.575,117.7
2024-07-08 07:00:00,117.7,117.764,117.675,117.716
2024-07-08 08:00:00,117.715,117.789,117.695,117.785
2024-07-08 09:00:00,117.787,117.921,117.667,117.864
2024-07-08 10:00:00,117.864,118.048,117.851,118.028
2024-07-08 11:00:00,118.028,118.145,118.002,118.13
2024-07-08 12:00:00,118.128,118.142,118.068,118.117
2024-07-08 13:00:00,118.118,118.128,117.965,117.966
2024-07-08 14:00:00,117.965,118.125,117.939,118.102
2024-07-08 15:00:00,118.104,118.119,117.913,117.931
2024-07-08 16:00:00,117.931,117.993,117.843,117.871
2024-07-08 17:00:00,117.871,117.873,117.681,117.837
2024-07-08 18:00:00,117.837,117.906,117.821,117.881
2024-07-08 19:00:00,117.879,117.971,117.856,117.927
2024-07-08 20:00:00,117.926,117.938,117.857,117.884
2024-07-08 21:00:00,117.885,117.923,117.826,117.876
2024-07-08 22:00:00,117.874,117.911,117.838,117.884
2024-07-08 23:00:00,117.886,117.956,117.87,117.938
2024-07-09 00:00:00,117.869,117.952,117.791,117.898
2024-07-09 01:00:00,117.901,117.932,117.894,117.92
2024-07-09 02:00:00,117.92,118.026,117.893,118.015
2024-07-09 03:00:00,118.015,118.018,117.921,117.975
2024-07-09 04:00:00,117.977,118.065,117.975,118.013
2024-07-09 05:00:00,118.013,118.076,117.995,118.026
2024-07-09 06:00:00,118.029,118.14,117.977,118.099
2024-07-09 07:00:00,118.096,118.129,118.033,118.071
2024-07-09 08:00:00,118.071,118.097,118.035,118.037
2024-07-09 09:00:00,118.04,118.045,117.944,117.964
2024-07-09 10:00:00,117.965,117.997,117.902,117.978
2024-07-09 11:00:00,117.975,118.077,117.952,118.066
2024-07-09 12:00:00,118.069,118.091,118.003,118.059
2024-07-09 13:00:00,118.058,118.065,118.013,118.06
2024-07-09 14:00:00,118.06,118.139,118.044,118.112
2024-07-09 15:00:00,118.109,118.154,118.027,118.142
2024-07-09 16:00:00,118.137,118.154,118.036,118.057
2024-07-09 17:00:00,118.057,118.321,117.99,118.313
2024-07-09 18:00:00,118.313,118.392,118.281,118.343
2024-07-09 19:00:00,118.343,118.348,118.27,118.312
2024-07-09 20:00:00,118.307,118.353,118.264,118.326
2024-07-09 21:00:00,118.324,118.349,118.267,118.343
2024-07-09 22:00:00,118.343,118.344,118.28,118.315
2024-07-09 23:00:00,118.315,118.326,118.27,118.305
2024-07-10 00:00:00,118.274,118.317,118.182,118.288
2024-07-10 01:00:00,118.273,118.345,118.263,118.328
2024-07-10 02:00:00,118.328,118.36,118.318,118.339
2024-07-10 03:00:00,118.339,118.456,118.33,118.419
2024-07-10 04:00:00,118.42,118.496,118.417,118.471
2024-07-10 05:00:00,118.473,118.518,118.418,118.481
2024-07-10 06:00:00,118.481,118.482,118.406,118.43
2024-07-10 07:00:00,118.43,118.456,118.41,118.428
2024-07-10 08:00:00,118.427,118.501,118.426,118.442
2024-07-10 09:00:00,118.443,118.443,118.343,118.347
2024-07-10 10:00:00,118.343,118.401,118.328,118.398
2024-07-10 11:00:00,118.399,118.431,118.351,118.431
2024-07-10 12:00:00,118.432,118.55,118.432,118.505
2024-07-10 13:00:00,118.505,118.524,118.462,118.494
2024-07-10 14:00:00,118.498,118.503,118.383,118.427
2024-07-10 15:00:00,118.423,118.527,118.409,118.513
2024-07-10 16:00:00,118.514,118.61,118.492,118.61
2024-07-10 17:00:00,118.607,118.719,118.594,118.696
2024-07-10 18:00:00,118.696,118.859,118.653,118.839
2024-07-10 19:00:00,118.841,118.842,118.747,118.756
2024-07-10 20:00:00,118.755,118.775,118.732,118.77
2024-07-10 21:00:00,118.771,118.781,118.738,118.761
2024-07-10 22:00:00,118.76,118.764,118.715,118.747
2024-07-10 23:00:00,118.748,118.758,118.689,118.698
2024-07-11 00:00:00,118.699,118.706,118.606,118.621
2024-07-11 01:00:00,118.647,118.691,118.623,118.663
2024-07-11 02:00:00,118.661,118.699,118.649,118.661
2024-07-11 03:00:00,118.659,118.661,118.572,118.618
2024-07-11 04:00:00,118.617,118.695,118.617,118.676
2024-07-11 05:00:00,118.676,118.712,118.65,118.702
2024-07-11 06:00:00,118.7,118.74,118.678,118.707
2024-07-11 07:00:00,118.707,118.73,118.687,118.703
2024-07-11 08:00:00,118.704,118.741,118.692,118.704
2024-07-11 09:00:00,118.705,118.771,118.663,118.701
2024-07-11 10:00:00,118.707,118.713,118.519,118.571
2024-07-11 11:00:00,118.571,118.581,118.48,118.509
2024-07-11 12:00:00,118.509,118.529,118.462,118.521
2024-07-11 13:00:00,118.519,118.525,118.445,118.481
2024-07-11 14:00:00,118.479,118.534,118.479,118.515
2024-07-11 15:00:00,118.513,118.611,116.487,116.58
2024-07-11 16:00:00,116.595,116.791,115.711,116.646
2024-07-11 17:00:00,116.652,116.66,116.311,116.501
2024-07-11 18:00:00,116.497,116.563,116.35,116.444
2024-07-11 19:00:00,116.445,116.451,116.292,116.325
2024-07-11 20:00:00,116.327,116.453,116.297,116.405
2024-07-11 21:00:00,116.404,116.508,116.35,116.439
2024-07-11 22:00:00,116.447,116.509,116.43,116.492
2024-07-11 23:00:00,116.489,116.571,116.476,116.518
2024-07-12 00:00:00,116.407,116.568,116.31,116.565
2024-07-12 01:00:00,116.579,116.829,116.546,116.808
2024-07-12 02:00:00,116.808,116.959,115.735,116.168
2024-07-12 03:00:00,116.148,116.731,115.949,116.692
2024-07-12 04:00:00,116.69,116.91,116.68,116.899
2024-07-12 05:00:00,116.895,116.95,116.468,116.9
2024-07-12 06:00:00,116.895,116.931,116.793,116.905
2024-07-12 07:00:00,116.905,116.91,116.758,116.821
2024-07-12 08:00:00,116.822,116.846,116.644,116.759
2024-07-12 09:00:00,116.747,116.837,116.708,116.791
2024-07-12 10:00:00,116.792,116.938,116.766,116.861
2024-07-12 11:00:00,116.86,116.904,116.802,116.872
2024-07-12 12:00:00,116.872,116.918,116.833,116.896
2024-07-12 13:00:00,116.895,116.954,116.838,116.85
2024-07-12 14:00:00,116.849,116.866,116.692,116.704
2024-07-12 15:00:00,116.7,116.735,116.321,116.493
2024-07-12 16:00:00,116.489,116.489,115.459,116.104
2024-07-12 17:00:00,116.093,116.154,115.507,115.781
2024-07-12 18:00:00,115.779,116.098,115.685,115.874
2024-07-12 19:00:00,115.863,115.971,115.822,115.893
2024-07-12 20:00:00,115.893,115.955,115.859,115.914
2024-07-12 21:00:00,115.916,115.918,115.816,115.863
2024-07-12 22:00:00,115.86,115.862,115.739,115.771
2024-07-12 23:00:00,115.779,115.848,115.723,115.773
2024-07-15 00:00:00,115.87,116.007,115.823,115.947
2024-07-15 01:00:00,115.958,116.03,115.723,115.991
2024-07-15 02:00:00,115.989,116.05,115.881,115.979
2024-07-15 03:00:00,115.978,115.995,115.707,115.783
2024-07-15 04:00:00,115.777,115.86,115.678,115.77
2024-07-15 05:00:00,115.773,115.83,115.674,115.757
2024-07-15 06:00:00,115.753,115.753,115.673,115.722
2024-07-15 07:00:00,115.721,115.756,115.68,115.69
2024-07-15 08:00:00,115.69,115.69,115.583,115.661
2024-07-15 09:00:00,115.658,115.846,115.609,115.759
2024-07-15 10:00:00,115.758,115.774,115.58,115.673
2024-07-15 11:00:00,115.67,115.792,115.651,115.752
2024-07-15 12:00:00,115.753,115.838,115.704,115.765
2024-07-15 13:00:00,115.764,115.856,115.732,115.738
2024-07-15 14:00:00,115.736,115.967,115.736,115.899
2024-07-15 15:00:00,115.899,115.901,115.743,115.752
2024-07-15 16:00:00,115.752,115.822,115.644,115.71
2024-07-15 17:00:00,115.712,115.724,115.536,115.585
2024-07-15 18:00:00,115.585,115.624,115.506,115.568
2024-07-15 19:00:00,115.566,115.567,115.046,115.393
2024-07-15 20:00:00,115.394,115.521,115.367,115.409
2024-07-15 21:00:00,115.408,115.487,115.371,115.468
2024-07-15 22:00:00,115.467,115.546,115.405,115.487
2024-07-15 23:00:00,115.487,115.609,115.446,115.531
2024-07-16 00:00:00,115.481,115.546,115.41,115.512
2024-07-16 01:00:00,115.513,115.608,115.511,115.601
2024-07-16 02:00:00,115.601,115.707,115.574,115.622
2024-07-16 03:00:00,115.618,115.773,115.604,115.759
2024-07-16 04:00:00,115.756,115.957,115.754,115.879
2024-07-16 05:00:00,115.88,116.0,115.872,115.976
2024-07-16 06:00:00,115.973,115.998,115.919,115.94
2024-07-16 07:00:00,115.939,115.983,115.906,115.925
2024-07-16 08:00:00,115.925,116.009,115.925,115.975
2024-07-16 09:00:00,115.974,115.983,115.724,115.805
2024-07-16 10:00:00,115.805,115.818,115.645,115.785
2024-07-16 11:00:00,115.786,115.872,115.747,115.798
2024-07-16 12:00:00,115.797,115.849,115.744,115.807
2024-07-16 13:00:00,115.806,115.834,115.771,115.8
2024-07-16 14:00:00,115.801,115.808,115.743,115.765
2024-07-16 15:00:00,115.764,115.921,115.631,115.88
2024-07-16 16:00:00,115.88,115.928,115.736,115.913
2024-07-16 17:00:00,115.911,115.975,115.773,115.776
2024-07-16 18:00:00,115.775,115.87,115.731,115.844
2024-07-16 19:00:00,115.844,115.881,115.81,115.87
2024-07-16 20:00:00,115.869,115.89,115.83,115.859
2024-07-16 21:00:00,115.858,115.86,115.752,115.756
2024-07-16 22:00:00,115.762,115.86,115.759,115.859
2024-07-16 23:00:00,115.859,115.862,115.785,115.803
2024-07-17 00:00:00,115.799,115.835,115.714,115.775
2024-07-17 01:00:00,115.774,115.848,115.763,115.824
2024-07-17 02:00:00,115.824,115.844,115.786,115.837
2024-07-17 03:00:00,115.833,115.903,115.801,115.864
2024-07-17 04:00:00,115.862,115.928,115.822,115.88
2024-07-17 05:00:00,115.88,115.906,115.827,115.872
2024-07-17 06:00:00,115.873,115.891,115.788,115.838
2024-07-17 07:00:00,115.835,115.845,115.699,115.699
2024-07-17 08:00:00,115.696,115.721,115.429,115.437
2024-07-17 09:00:00,115.431,115.564,115.31,115.353
2024-07-17 10:00:00,115.354,115.356,114.814,114.847
2024-07-17 11:00:00,114.849,114.865,114.242,114.342
2024-07-17 12:00:00,114.334,114.602,114.258,114.491
2024-07-17 13:00:00,114.491,114.684,114.356,114.681
2024-07-17 14:00:00,114.681,114.701,114.383,114.478
2024-07-17 15:00:00,114.478,114.593,114.404,114.514
2024-07-17 16:00:00,114.514,114.542,114.271,114.361
2024-07-17 17:00:00,114.366,114.508,114.283,114.335
2024-07-17 18:00:00,114.332,114.438,114.317,114.403
2024-07-17 19:00:00,114.405,114.42,114.012,114.137
2024-07-17 20:00:00,114.14,114.263,114.054,114.253
2024-07-17 21:00:00,114.249,114.27,114.021,114.026
2024-07-17 22:00:00,114.029,114.151,114.029,114.108
2024-07-17 23:00:00,114.106,114.247,114.072,114.153
2024-07-18 00:00:00,114.098,114.148,114.064,114.099
2024-07-18 01:00:00,114.099,114.203,114.0,114.177
2024-07-18 02:00:00,114.17,114.208,113.57,113.804
2024-07-18 03:00:00,113.805,113.903,113.665,113.824
2024-07-18 04:00:00,113.825,114.22,113.794,114.196
2024-07-18 05:00:00,114.195,114.319,114.13,114.263
2024-07-18 06:00:00,114.264,114.441,114.246,114.337
2024-07-18 07:00:00,114.337,114.423,114.175,114.281
2024-07-18 08:00:00,114.285,114.365,113.922,114.062
2024-07-18 09:00:00,114.062,114.349,114.031,114.192
2024-07-18 10:00:00,114.197,114.265,114.042,114.262
2024-07-18 11:00:00,114.263,114.495,114.224,114.42
2024-07-18 12:00:00,114.42,114.44,114.315,114.435
2024-07-18 13:00:00,114.434,114.435,114.295,114.346
2024-07-18 14:00:00,114.347,114.415,114.311,114.401
2024-07-18 15:00:00,114.403,114.442,114.179,114.342
2024-07-18 16:00:00,114.345,114.463,114.251,114.412
2024-07-18 17:00:00,114.412,114.556,114.274,114.514
2024-07-18 18:00:00,114.513,114.632,114.424,114.61
2024-07-18 19:00:00,114.61,114.77,114.512,114.762
2024-07-18 20:00:00,114.762,114.82,114.691,114.752
2024-07-18 21:00:00,114.752,114.757,114.631,114.714
2024-07-18 22:00:00,114.718,114.818,114.715,114.749
2024-07-18 23:00:00,114.751,114.845,114.744,114.807
2024-07-19 00:00:00,114.811,114.823,114.685,114.8
2024-07-19 01:00:00,114.8,114.8,114.731,114.738
2024-07-19 02:00:00,114.74,114.759,114.657,114.694
2024-07-19 03:00:00,114.694,114.829,114.546,114.692
2024-07-19 04:00:00,114.687,114.915,114.687,114.857
2024-07-19 05:00:00,114.857,114.929,114.79,114.872
2024-07-19 06:00:00,114.872,114.888,114.788,114.815
2024-07-19 07:00:00,114.817,114.887,114.807,114.887
2024-07-19 08:00:00,114.886,115.169,114.886,115.127
2024-07-19 09:00:00,115.119,115.139,114.652,114.725
2024-07-19 10:00:00,114.721,114.884,114.502,114.727
2024-07-19 11:00:00,114.727,114.81,114.57,114.648
2024-07-19 12:00:00,114.648,114.751,114.563,114.704
2024-07-19 13:00:00,114.703,114.89,114.7,114.788
2024-07-19 14:00:00,114.788,114.887,114.733,114.836
2024-07-19 15:00:00,114.839,114.962,114.795,114.89
2024-07-19 16:00:00,114.89,114.89,114.52,114.764
2024-07-19 17:00:00,114.761,114.8,114.568,114.637
2024-07-19 18:00:00,114.637,114.684,114.555,114.667
2024-07-19 19:00:00,114.666,114.703,114.614,114.635
2024-07-19 20:00:00,114.635,114.701,114.585,114.697
2024-07-19 21:00:00,114.696,114.72,114.637,114.697
2024-07-19 22:00:00,114.694,114.744,114.663,114.692
2024-07-19 23:00:00,114.694,114.719,114.62,114.676
2024-07-22 00:00:00,114.74,114.74,114.601,114.675
2024-07-22 01:00:00,114.677,114.787,114.654,114.712
2024-07-22 02:00:00,114.709,114.842,114.65,114.836
2024-07-22 03:00:00,114.836,114.843,114.743,114.796
2024-07-22 04:00:00,114.796,114.823,114.697,114.76
2024-07-22 05:00:00,114.757,114.809,114.71,114.768
2024-07-22 06:00:00,114.769,114.789,114.685,114.699
2024-07-22 07:00:00,114.699,114.704,114.626,114.643
2024-07-22 08:00:00,114.646,114.646,114.318,114.329
2024-07-22 09:00:00,114.325,114.337,113.748,113.864
2024-07-22 10:00:00,113.863,114.113,113.769,114.082
2024-07-22 11:00:00,114.08,114.246,113.997,114.103
2024-07-22 12:00:00,114.1,114.146,113.945,114.009
2024-07-22 13:00:00,114.009,114.201,113.912,114.098
2024-07-22 14:00:00,114.082,114.12,113.981,114.075
2024-07-22 15:00:00,114.075,114.21,114.014,114.022
2024-07-22 16:00:00,114.032,114.052,113.932,113.934
2024-07-22 17:00:00,113.933,114.036,113.799,114.0
2024-07-22 18:00:00,114.0,114.204,113.99,114.164
2024-07-22 19:00:00,114.167,114.258,114.167,114.245
2024-07-22 20:00:00,114.25,114.304,114.202,114.274
2024-07-22 21:00:00,114.276,114.295,114.203,114.21
2024-07-22 22:00:00,114.21,114.242,114.196,114.207
2024-07-22 23:00:00,114.208,114.221,114.113,114.116
2024-07-23 00:00:00,114.122,114.157,114.002,114.076
2024-07-23 01:00:00,114.082,114.198,114.078,114.135
2024-07-23 02:00:00,114.132,114.186,114.002,114.015
2024-07-23 03:00:00,114.011,114.031,113.785,113.804
2024-07-23 04:00:00,113.805,114.0,113.764,113.866
2024-07-23 05:00:00,113.866,113.901,113.741,113.799
2024-07-23 06:00:00,113.804,113.817,113.495,113.56
2024-07-23 07:00:00,113.561,113.638,113.488,113.556
2024-07-23 08:00:00,113.555,113.652,113.515,113.554
2024-07-23 09:00:00,113.553,113.757,113.495,113.741
2024-07-23 10:00:00,113.741,113.769,113.236,113.314
2024-07-23 11:00:00,113.314,113.399,113.214,113.322
2024-07-23 12:00:00,113.322,113.367,113.197,113.286
2024-07-23 13:00:00,113.291,113.436,113.273,113.404
2024-07-23 14:00:00,113.403,113.537,113.398,113.483
2024-07-23 15:00:00,113.484,113.54,113.324,113.4
2024-07-23 16:00:00,113.403,113.467,113.325,113.361
2024-07-23 17:00:00,113.358,113.422,113.254,113.262
2024-07-23 18:00:00,113.269,113.349,113.264,113.34
2024-07-23 19:00:00,113.341,113.382,113.104,113.155
2024-07-23 20:00:00,113.154,113.166,112.969,113.05
2024-07-23 21:00:00,113.044,113.093,112.974,112.976
2024-07-23 22:00:00,112.976,113.007,112.942,112.95
2024-07-23 23:00:00,112.949,112.971,112.832,112.849
2024-07-24 00:00:00,112.841,112.886,112.811,112.871
2024-07-24 01:00:00,112.87,112.916,112.841,112.893
2024-07-24 02:00:00,112.891,113.036,112.885,112.98
2024-07-24 03:00:00,112.986,113.167,112.986,113.055
2024-07-24 04:00:00,113.056,113.091,112.585,112.637
2024-07-24 05:00:00,112.638,112.774,112.585,112.59
2024-07-24 06:00:00,112.59,112.617,112.378,112.386
2024-07-24 07:00:00,112.386,112.386,112.016,112.06
2024-07-24 08:00:00,112.06,112.234,111.887,112.116
2024-07-24 09:00:00,112.115,112.153,111.941,112.054
2024-07-24 10:00:00,112.05,112.307,111.921,112.059
2024-07-24 11:00:00,112.058,112.322,112.026,112.272
2024-07-24 12:00:00,112.268,112.316,111.831,112.232
2024-07-24 13:00:00,112.232,112.273,112.043,112.089
2024-07-24 14:00:00,112.089,112.115,111.76,111.861
2024-07-24 15:00:00,111.861,111.882,111.535,111.602
2024-07-24 16:00:00,111.603,111.717,111.158,111.198
2024-07-24 17:00:00,111.206,111.321,110.948,111.15
2024-07-24 18:00:00,111.15,111.337,111.143,111.261
2024-07-24 19:00:00,111.263,111.386,111.232,111.274
2024-07-24 20:00:00,111.274,111.523,111.261,111.5
2024-07-24 21:00:00,111.501,111.56,111.464,111.485
2024-07-24 22:00:00,111.483,111.552,111.426,111.51
2024-07-24 23:00:00,111.509,111.512,111.41,111.417
2024-07-25 00:00:00,111.425,111.457,111.191,111.372
2024-07-25 01:00:00,111.358,111.385,111.208,111.22
2024-07-25 02:00:00,111.216,111.468,111.211,111.445
2024-07-25 03:00:00,111.43,111.469,110.629,110.942
2024-07-25 04:00:00,110.942,111.015,110.486,110.608
2024-07-25 05:00:00,110.608,110.682,110.368,110.45
2024-07-25 06:00:00,110.45,110.45,110.171,110.267
2024-07-25 07:00:00,110.267,110.464,110.263,110.441
2024-07-25 08:00:00,110.442,110.695,110.412,110.526
2024-07-25 09:00:00,110.519,110.599,110.37,110.544
2024-07-25 10:00:00,110.544,110.595,109.981,110.112
2024-07-25 11:00:00,110.111,110.468,109.9,110.443
2024-07-25 12:00:00,110.446,110.451,110.032,110.076
2024-07-25 13:00:00,110.078,110.082,109.892,110.011
2024-07-25 14:00:00,110.011,110.354,109.995,110.347
2024-07-25 15:00:00,110.344,111.121,110.217,110.965
2024-07-25 16:00:00,110.952,111.508,110.861,111.239
2024-07-25 17:00:00,111.241,111.277,110.824,111.196
2024-07-25 18:00:00,111.195,111.548,111.187,111.494
2024-07-25 19:00:00,111.495,111.757,111.453,111.583
2024-07-25 20:00:00,111.586,111.591,111.328,111.548
2024-07-25 21:00:00,111.549,111.561,111.249,111.249
2024-07-25 22:00:00,111.252,111.468,111.252,111.329
2024-07-25 23:00:00,111.334,111.429,111.237,111.354
2024-07-26 00:00:00,111.347,111.353,111.204,111.314
2024-07-26 01:00:00,111.352,111.395,111.32,111.329
2024-07-26 02:00:00,111.338,111.338,110.98,111.221
2024-07-26 03:00:00,111.208,111.542,111.05,111.387
2024-07-26 04:00:00,111.385,111.505,111.093,111.205
2024-07-26 05:00:00,111.198,111.424,111.192,111.384
2024-07-26 06:00:00,111.378,111.393,111.27,111.275
2024-07-26 07:00:00,111.268,111.341,111.205,111.257
2024-07-26 08:00:00,111.258,111.346,111.132,111.231
2024-07-26 09:00:00,111.208,111.301,111.151,111.198
2024-07-26 10:00:00,111.196,111.584,111.152,111.435
2024-07-26 11:00:00,111.436,111.793,111.41,111.737
2024-07-26 12:00:00,111.735,111.768,111.495,111.619
2024-07-26 13:00:00,111.619,111.949,111.607,111.894
2024-07-26 14:00:00,111.892,111.98,111.828,111.913
2024-07-26 15:00:00,111.914,111.917,111.453,111.57
2024-07-26 16:00:00,111.569,111.571,111.199,111.295
2024-07-26 17:00:00,111.294,111.544,110.739,110.922
2024-07-26 18:00:00,110.921,111.225,110.91,111.223
2024-07-26 19:00:00,111.222,111.262,111.125,111.259
2024-07-26 20:00:00,111.257,111.294,111.082,111.131
2024-07-26 21:00:00,111.129,111.19,111.078,111.091
2024-07-26 22:00:00,111.092,111.173,111.047,111.165
2024-07-26 23:00:00,111.162,111.201,111.073,111.083
2024-07-29 00:00:00,111.1,111.168,110.986,111.052
2024-07-29 01:00:00,111.061,111.356,111.061,111.354
2024-07-29 02:00:00,111.354,111.525,111.343,111.447
2024-07-29 03:00:00,111.45,111.612,111.105,111.19
2024-07-29 04:00:00,111.185,111.283,110.885,111.03
2024-07-29 05:00:00,111.032,111.091,110.722,111.005
2024-07-29 06:00:00,111.005,111.205,110.938,111.082
2024-07-29 07:00:00,111.083,111.143,110.899,110.96
2024-07-29 08:00:00,110.962,111.146,110.893,110.935
2024-07-29 09:00:00,110.931,110.996,110.805,110.925
2024-07-29 10:00:00,110.924,111.082,110.779,111.014
2024-07-29 11:00:00,111.011,111.222,110.965,111.026
2024-07-29 12:00:00,111.025,111.165,110.983,111.132
2024-07-29 13:00:00,111.134,111.242,111.014,111.08
2024-07-29 14:00:00,111.081,111.124,110.968,111.103
2024-07-29 15:00:00,111.104,111.298,111.043,111.178
2024-07-29 16:00:00,111.179,111.376,111.062,111.356
2024-07-29 17:00:00,111.356,111.38,111.094,111.203
2024-07-29 18:00:00,111.203,111.203,111.017,111.126
2024-07-29 19:00:00,111.126,111.179,111.064,111.076
2024-07-29 20:00:00,111.079,111.191,111.059,111.164
2024-07-29 21:00:00,111.162,111.198,111.134,111.158
2024-07-29 22:00:00,111.158,111.216,111.134,111.164
2024-07-29 23:00:00,111.163,111.204,111.138,111.17
2024-07-30 00:00:00,111.171,111.208,111.089,111.16
2024-07-30 01:00:00,111.161,111.224,111.153,111.205
2024-07-30 02:00:00,111.205,111.209,110.985,111.024
2024-07-30 03:00:00,111.019,111.204,110.856,111.133
2024-07-30 04:00:00,111.129,111.326,111.011,111.095
2024-07-30 05:00:00,111.098,111.23,111.088,111.172
2024-07-30 06:00:00,111.17,111.297,111.153,111.262
2024-07-30 07:00:00,111.262,111.567,111.262,111.553
2024-07-30 08:00:00,111.555,111.778,111.547,111.717
2024-07-30 09:00:00,111.711,112.094,111.651,111.985
2024-07-30 10:00:00,111.978,112.058,111.759,111.849
2024-07-30 11:00:00,111.849,111.927,111.674,111.722
2024-07-30 12:00:00,111.722,111.927,111.718,111.834
2024-07-30 13:00:00,111.831,111.884,111.725,111.742
2024-07-30 14:00:00,111.744,111.839,111.707,111.795
2024-07-30 15:00:00,111.795,111.881,111.709,111.762
2024-07-30 16:00:00,111.763,111.765,111.37,111.398
2024-07-30 17:00:00,111.393,111.696,111.381,111.651
2024-07-30 18:00:00,111.648,111.648,110.92,111.002
2024-07-30 19:00:00,111.0,111.092,110.629,110.674
2024-07-30 20:00:00,110.678,110.755,110.494,110.649
2024-07-30 21:00:00,110.643,110.786,110.576,110.643
2024-07-30 22:00:00,110.646,110.69,110.583,110.636
2024-07-30 23:00:00,110.636,110.647,110.221,110.279
2024-07-31 00:00:00,110.286,110.333,110.202,110.234
2024-07-31 01:00:00,110.219,110.556,110.062,110.386
2024-07-31 02:00:00,110.376,110.454,110.062,110.23
2024-07-31 03:00:00,110.232,110.261,109.847,109.992
2024-07-31 04:00:00,109.997,110.148,109.822,110.065
2024-07-31 05:00:00,110.054,110.722,110.016,110.418
2024-07-31 06:00:00,110.415,111.036,109.496,110.927
2024-07-31 07:00:00,110.847,111.122,110.079,110.188
2024-07-31 08:00:00,110.18,110.621,110.138,110.429
2024-07-31 09:00:00,110.414,110.573,110.015,110.029
2024-07-31 10:00:00,110.021,110.117,108.85,109.054
2024-07-31 11:00:00,109.053,109.094,108.388,109.0
2024-07-31 12:00:00,109.005,109.018,108.609,108.643
2024-07-31 13:00:00,108.644,108.808,108.465,108.764
2024-07-31 14:00:00,108.765,108.835,108.498,108.583
2024-07-31 15:00:00,108.584,108.944,108.36,108.847
2024-07-31 16:00:00,108.845,108.87,108.45,108.47
2024-07-31 17:00:00,108.468,109.058,108.338,108.895
2024-07-31 18:00:00,108.894,109.041,108.775,108.922
2024-07-31 19:00:00,108.92,109.122,108.913,109.035
2024-07-31 20:00:00,109.033,109.307,109.021,109.184
2024-07-31 21:00:00,109.17,109.447,108.948,109.051
2024-07-31 22:00:00,109.051,109.106,108.406,108.478
2024-07-31 23:00:00,108.476,108.844,108.432,108.605
2024-08-01 00:00:00,108.604,108.604,108.454,108.542
2024-08-01 01:00:00,108.533,108.772,108.469,108.771
2024-08-01 02:00:00,108.769,108.879,108.386,108.461
2024-08-01 03:00:00,108.475,108.548,108.135,108.196
2024-08-01 04:00:00,108.195,108.225,107.55,107.953
2024-08-01 05:00:00,107.975,108.508,107.847,108.499
2024-08-01 06:00:00,108.503,108.517,108.193,108.312
2024-08-01 07:00:00,108.311,108.414,108.164,108.395
2024-08-01 08:00:00,108.403,108.636,108.367,108.417
2024-08-01 09:00:00,108.415,108.802,108.292,108.574
2024-08-01 10:00:00,108.566,108.653,108.368,108.403
2024-08-01 11:00:00,108.398,108.431,108.032,108.207
2024-08-01 12:00:00,108.208,108.406,108.15,108.394
2024-08-01 13:00:00,108.395,108.621,108.392,108.5
2024-08-01 14:00:00,108.499,108.967,108.462,108.891
2024-08-01 15:00:00,108.891,109.205,108.705,109.201
2024-08-01 16:00:00,109.201,109.22,108.914,109.01
2024-08-01 17:00:00,108.971,108.983,108.315,108.445
2024-08-01 18:00:00,108.442,108.484,108.263,108.362
2024-08-01 19:00:00,108.362,108.434,108.058,108.186
2024-08-01 20:00:00,108.188,108.214,107.888,107.989
2024-08-01 21:00:00,107.989,108.015,107.672,107.694
2024-08-01 22:00:00,107.69,108.015,107.642,107.949
2024-08-01 23:00:00,107.954,107.954,107.589,107.625
2024-08-02 00:00:00,107.618,107.638,107.48,107.626
2024-08-02 01:00:00,107.617,107.67,107.37,107.545
2024-08-02 02:00:00,107.545,107.545,107.28,107.486
2024-08-02 03:00:00,107.486,107.622,107.254,107.611
2024-08-02 04:00:00,107.612,107.973,107.611,107.79
2024-08-02 05:00:00,107.79,107.968,107.518,107.891
2024-08-02 06:00:00,107.896,107.953,107.733,107.821
2024-08-02 07:00:00,107.822,107.899,107.681,107.686
2024-08-02 08:00:00,107.684,107.761,107.432,107.484
2024-08-02 09:00:00,107.465,107.718,107.351,107.384
2024-08-02 10:00:00,107.38,107.605,107.181,107.562
2024-08-02 11:00:00,107.563,107.642,107.243,107.433
2024-08-02 12:00:00,107.432,107.453,107.235,107.292
2024-08-02 13:00:00,107.291,107.36,107.165,107.249
2024-08-02 14:00:00,107.25,107.466,107.249,107.356
2024-08-02 15:00:00,107.356,107.464,105.947,106.393
2024-08-02 16:00:00,106.397,107.023,106.155,106.169
2024-08-02 17:00:00,106.17,106.49,105.761,105.848
2024-08-02 18:00:00,105.847,106.24,105.641,106.146
2024-08-02 19:00:00,106.147,106.461,105.863,105.931
2024-08-02 20:00:00,105.933,106.027,105.817,105.842
2024-08-02 21:00:00,105.842,105.958,105.602,105.62
2024-08-02 22:00:00,105.619,105.792,105.605,105.73
2024-08-02 23:00:00,105.724,105.74,105.562,105.579
2024-08-05 00:00:00,105.506,105.628,105.402,105.598
2024-08-05 01:00:00,105.571,105.628,105.183,105.482
2024-08-05 02:00:00,105.482,105.49,104.629,104.862
2024-08-05 03:00:00,104.86,105.102,104.559,104.849
2024-08-05 04:00:00,104.847,104.887,104.297,104.588
2024-08-05 05:00:00,104.585,104.97,104.53,104.657
2024-08-05 06:00:00,104.655,104.678,103.928,104.081
2024-08-05 07:00:00,104.079,104.125,102.452,103.16
2024-08-05 08:00:00,103.152,103.48,102.35,102.488
2024-08-05 09:00:00,102.489,103.045,101.641,102.672
2024-08-05 10:00:00,102.668,103.77,102.666,103.384
2024-08-05 11:00:00,103.373,103.432,102.334,102.583
2024-08-05 12:00:00,102.589,102.702,102.109,102.57
2024-08-05 13:00:00,102.566,102.787,102.247,102.749
2024-08-05 14:00:00,102.783,103.128,102.702,102.755
2024-08-05 15:00:00,102.751,102.916,102.536,102.812
2024-08-05 16:00:00,102.81,103.499,102.663,103.197
2024-08-05 17:00:00,103.225,104.071,102.993,103.072
2024-08-05 18:00:00,103.083,104.181,102.832,104.162
2024-08-05 19:00:00,104.159,104.791,104.013,104.157
2024-08-05 20:00:00,104.157,104.481,104.011,104.098
2024-08-05 21:00:00,104.101,104.232,103.655,103.702
2024-08-05 22:00:00,103.693,104.01,103.693,103.972
2024-08-05 23:00:00,103.97,104.322,103.954,104.292
2024-08-06 00:00:00,104.17,104.273,104.097,104.211
2024-08-06 01:00:00,104.202,104.878,103.951,104.821
2024-08-06 02:00:00,104.82,105.616,104.82,105.597
2024-08-06 03:00:00,105.601,105.968,104.958,105.122
2024-08-06 04:00:00,105.131,105.418,104.482,104.865
2024-08-06 05:00:00,104.877,105.222,104.438,105.187
2024-08-06 06:00:00,105.187,105.639,105.053,105.216
2024-08-06 07:00:00,105.215,105.404,105.032,105.286
2024-08-06 08:00:00,105.286,105.735,104.968,105.517
2024-08-06 09:00:00,105.496,105.82,105.174,105.318
2024-08-06 10:00:00,105.311,105.488,104.911,105.022
2024-08-06 11:00:00,105.021,105.085,104.421,104.748
2024-08-06 12:00:00,104.734,104.734,104.359,104.546
2024-08-06 13:00:00,104.544,104.864,104.23,104.691
2024-08-06 14:00:00,104.692,105.134,104.692,104.846
2024-08-06 15:00:00,104.845,104.959,104.391,104.469
2024-08-06 16:00:00,104.448,104.664,104.181,104.543
2024-08-06 17:00:00,104.545,105.127,104.434,104.653
2024-08-06 18:00:00,104.654,105.291,104.652,105.217
2024-08-06 19:00:00,105.227,105.551,105.115,105.498
2024-08-06 20:00:00,105.507,105.63,105.25,105.585
2024-08-06 21:00:00,105.587,105.604,105.314,105.314
2024-08-06 22:00:00,105.311,105.354,105.057,105.057
2024-08-06 23:00:00,105.054,105.11,104.572,104.673
2024-08-07 00:00:00,104.674,104.91,104.569,104.821
2024-08-07 01:00:00,104.821,104.993,104.702,104.864
2024-08-07 02:00:00,104.867,104.975,104.739,104.974
2024-08-07 03:00:00,104.986,105.441,104.84,105.045
2024-08-07 04:00:00,105.045,107.028,104.905,106.462
2024-08-07 05:00:00,106.47,106.647,106.155,106.581
2024-08-07 06:00:00,106.572,107.013,106.421,106.85
2024-08-07 07:00:00,106.838,107.411,106.837,107.174
2024-08-07 08:00:00,107.183,107.337,106.558,106.673
2024-08-07 09:00:00,106.665,106.795,106.274,106.427
2024-08-07 10:00:00,106.428,106.688,106.04,106.564
2024-08-07 11:00:00,106.57,107.047,106.489,107.024
2024-08-07 12:00:00,107.024,107.364,106.917,107.327
2024-08-07 13:00:00,107.327,107.354,106.961,107.093
2024-08-07 14:00:00,107.092,107.333,106.947,107.12
2024-08-07 15:00:00,107.129,107.149,106.879,106.967
2024-08-07 16:00:00,106.965,107.215,106.877,107.141
2024-08-07 17:00:00,107.14,107.362,106.73,107.287
2024-08-07 18:00:00,107.287,107.586,107.229,107.373
2024-08-07 19:00:00,107.372,107.407,107.048,107.175
2024-08-07 20:00:00,107.175,107.31,106.948,107.013
2024-08-07 21:00:00,107.011,107.011,106.67,106.82
2024-08-07 22:00:00,106.821,107.106,106.77,106.809
2024-08-07 23:00:00,106.811,106.864,106.576,106.588
2024-08-08 00:00:00,106.568,106.644,106.555,106.598
2024-08-08 01:00:00,106.598,106.676,106.35,106.536
2024-08-08 02:00:00,106.537,106.542,105.821,106.371
2024-08-08 03:00:00,106.379,106.578,105.788,106.227
2024-08-08 04:00:00,106.231,106.72,106.189,106.531
2024-08-08 05:00:00,106.533,106.956,106.526,106.755
2024-08-08 06:00:00,106.757,106.885,106.576,106.639
2024-08-08 07:00:00,106.643,106.648,106.246,106.415
2024-08-08 08:00:00,106.422,106.614,106.229,106.251
2024-08-08 09:00:00,106.258,106.594,106.19,106.489
2024-08-08 10:00:00,106.496,106.51,105.962,106.186
2024-08-08 11:00:00,106.189,106.522,106.108,106.465
2024-08-08 12:00:00,106.47,106.62,106.207,106.307
2024-08-08 13:00:00,106.305,106.431,106.211,106.27
2024-08-08 14:00:00,106.268,106.453,106.145,106.361
2024-08-08 15:00:00,106.365,107.088,106.152,106.925
2024-08-08 16:00:00,106.906,107.24,106.816,106.998
2024-08-08 17:00:00,106.984,107.297,106.877,107.134
2024-08-08 18:00:00,107.136,107.17,106.925,107.041
2024-08-08 19:00:00,107.041,107.201,107.024,107.167
2024-08-08 20:00:00,107.165,107.347,107.04,107.301
2024-08-08 21:00:00,107.303,107.347,107.204,107.212
2024-08-08 22:00:00,107.206,107.265,107.108,107.158
2024-08-08 23:00:00,107.158,107.253,107.132,107.216
2024-08-09 00:00:00,107.123,107.234,107.067,107.167
2024-08-09 01:00:00,107.169,107.248,107.145,107.195
2024-08-09 02:00:00,107.194,107.607,107.175,107.522
2024-08-09 03:00:00,107.503,107.551,107.109,107.317
2024-08-09 04:00:00,107.323,107.445,107.106,107.108
2024-08-09 05:00:00,107.109,107.438,107.052,107.434
2024-08-09 06:00:00,107.429,107.481,107.19,107.28
2024-08-09 07:00:00,107.28,107.291,106.865,106.919
2024-08-09 08:00:00,106.914,107.158,106.775,107.054
2024-08-09 09:00:00,107.062,107.302,106.94,107.289
2024-08-09 10:00:00,107.29,107.29,106.985,107.184
2024-08-09 11:00:00,107.186,107.287,106.96,107.196
2024-08-09 12:00:00,107.196,107.241,107.119,107.199
2024-08-09 13:00:00,107.197,107.212,107.018,107.092
2024-08-09 14:00:00,107.094,107.109,106.812,106.956
2024-08-09 15:00:00,106.96,106.971,106.575,106.849
2024-08-09 16:00:00,106.848,106.878,106.707,106.716
2024-08-09 17:00:00,106.711,106.81,106.555,106.76
2024-08-09 18:00:00,106.76,106.886,106.648,106.714
2024-08-09 19:00:00,106.713,106.871,106.677,106.806
2024-08-09 20:00:00,106.805,106.906,106.768,106.832
2024-08-09 21:00:00,106.834,106.863,106.741,106.761
2024-08-09 22:00:00,106.761,106.816,106.722,106.803
2024-08-09 23:00:00,106.799,106.832,106.749,106.763
2024-08-12 00:00:00,106.729,106.975,106.582,106.806
2024-08-12 01:00:00,106.816,107.007,106.816,106.978
2024-08-12 02:00:00,106.978,107.095,106.924,107.071
2024-08-12 03:00:00,107.066,107.066,106.891,106.904
2024-08-12 04:00:00,106.904,107.04,106.789,107.009
2024-08-12 05:00:00,107.01,107.023,106.93,106.978
2024-08-12 06:00:00,106.981,107.169,106.942,107.155
2024-08-12 07:00:00,107.155,107.17,107.052,107.132
2024-08-12 08:00:00,107.134,107.211,107.112,107.189
2024-08-12 09:00:00,107.184,107.261,107.142,107.215
2024-08-12 10:00:00,107.217,107.32,107.106,107.291
2024-08-12 11:00:00,107.287,107.425,107.285,107.374
2024-08-12 12:00:00,107.374,107.39,107.215,107.364
2024-08-12 13:00:00,107.366,107.462,107.325,107.444
2024-08-12 14:00:00,107.442,107.602,107.419,107.486
2024-08-12 15:00:00,107.487,107.535,107.419,107.529
2024-08-12 16:00:00,107.529,107.974,107.495,107.557
2024-08-12 17:00:00,107.56,107.705,107.469,107.658
2024-08-12 18:00:00,107.658,107.673,107.15,107.376
2024-08-12 19:00:00,107.376,107.391,107.157,107.206
2024-08-12 20:00:00,107.207,107.235,107.052,107.132
2024-08-12 21:00:00,107.13,107.247,107.054,107.239
2024-08-12 22:00:00,107.236,107.251,106.989,107.086
2024-08-12 23:00:00,107.081,107.144,107.059,107.096
2024-08-13 00:00:00,107.076,107.114,107.022,107.084
2024-08-13 01:00:00,107.089,107.129,107.04,107.075
2024-08-13 02:00:00,107.075,107.136,106.896,106.98
2024-08-13 03:00:00,106.988,107.163,106.934,107.129
2024-08-13 04:00:00,107.131,107.325,107.131,107.196
2024-08-13 05:00:00,107.196,107.263,107.125,107.244
2024-08-13 06:00:00,107.242,107.355,107.212,107.338
2024-08-13 07:00:00,107.34,107.595,107.303,107.518
2024-08-13 08:00:00,107.521,107.592,107.437,107.472
2024-08-13 09:00:00,107.472,107.698,107.379,107.66
2024-08-13 10:00:00,107.653,107.755,107.604,107.699
2024-08-13 11:00:00,107.686,107.725,107.519,107.645
2024-08-13 12:00:00,107.637,107.72,107.509,107.697
2024-08-13 13:00:00,107.699,107.702,107.378,107.38
2024-08-13 14:00:00,107.382,107.47,107.229,107.26
2024-08-13 15:00:00,107.259,107.408,107.111,107.368
2024-08-13 16:00:00,107.367,107.419,106.912,107.12
2024-08-13 17:00:00,107.12,107.196,106.951,107.106
2024-08-13 18:00:00,107.105,107.161,107.041,107.088
2024-08-13 19:00:00,107.086,107.111,106.922,106.948
2024-08-13 20:00:00,106.948,107.074,106.922,107.068
2024-08-13 21:00:00,107.071,107.077,106.951,106.963
2024-08-13 22:00:00,106.964,107.123,106.913,107.102
2024-08-13 23:00:00,107.102,107.155,107.075,107.114
2024-08-14 00:00:00,107.122,107.142,106.938,107.109
2024-08-14 01:00:00,107.121,107.147,107.056,107.106
2024-08-14 02:00:00,107.106,107.223,107.084,107.172
2024-08-14 03:00:00,107.173,107.349,107.168,107.294
2024-08-14 04:00:00,107.29,107.348,107.046,107.131
2024-08-14 05:00:00,107.129,107.129,106.482,106.785
2024-08-14 06:00:00,106.789,107.083,106.658,106.996
2024-08-14 07:00:00,106.992,107.219,106.98,107.057
2024-08-14 08:00:00,107.058,107.231,107.001,107.217
2024-08-14 09:00:00,107.217,107.394,107.084,107.323
2024-08-14 10:00:00,107.326,107.532,107.298,107.519
2024-08-14 11:00:00,107.518,107.586,107.276,107.309
2024-08-14 12:00:00,107.309,107.378,107.285,107.361
2024-08-14 13:00:00,107.362,107.371,107.148,107.172
2024-08-14 14:00:00,107.172,107.214,107.077,107.109
2024-08-14 15:00:00,107.108,107.566,106.903,107.375
2024-08-14 16:00:00,107.378,107.524,107.154,107.218
2024-08-14 17:00:00,107.223,107.324,107.042,107.167
2024-08-14 18:00:00,107.168,107.252,107.036,107.226
2024-08-14 19:00:00,107.224,107.242,107.051,107.158
2024-08-14 20:00:00,107.158,107.354,107.138,107.308
2024-08-14 21:00:00,107.308,107.396,107.245,107.376
2024-08-14 22:00:00,107.376,107.457,107.321,107.417
2024-08-14 23:00:00,107.418,107.499,107.388,107.405
2024-08-15 00:00:00,107.404,107.408,107.287,107.348
2024-08-15 01:00:00,107.348,107.416,107.276,107.404
2024-08-15 02:00:00,107.401,107.466,107.32,107.366
2024-08-15 03:00:00,107.366,107.425,107.288,107.329
2024-08-15 04:00:00,107.329,107.58,107.303,107.54
2024-08-15 05:00:00,107.539,107.61,107.445,107.521
2024-08-15 06:00:00,107.521,107.537,107.428,107.481
2024-08-15 07:00:00,107.481,107.492,107.383,107.415
2024-08-15 08:00:00,107.415,107.48,107.248,107.3
2024-08-15 09:00:00,107.302,107.487,107.29,107.379
2024-08-15 10:00:00,107.381,107.455,107.313,107.425
2024-08-15 11:00:00,107.425,107.515,107.406,107.474
2024-08-15 12:00:00,107.474,107.58,107.468,107.539
2024-08-15 13:00:00,107.539,107.557,107.387,107.397
2024-08-15 14:00:00,107.389,107.504,107.365,107.448
2024-08-15 15:00:00,107.445,108.661,107.414,108.521
2024-08-15 16:00:00,108.521,108.804,108.461,108.718
2024-08-15 17:00:00,108.718,108.786,108.502,108.775
2024-08-15 18:00:00,108.771,108.785,108.651,108.688
2024-08-15 19:00:00,108.687,108.716,108.642,108.707
2024-08-15 20:00:00,108.709,108.747,108.629,108.637
2024-08-15 21:00:00,108.635,108.635,108.551,108.572
2024-08-15 22:00:00,108.57,108.572,108.49,108.515
2024-08-15 23:00:00,108.514,108.797,108.493,108.726
2024-08-16 00:00:00,108.725,108.765,108.668,108.734
2024-08-16 01:00:00,108.74,108.743,108.527,108.678
2024-08-16 02:00:00,108.674,108.69,108.609,108.648
2024-08-16 03:00:00,108.652,108.678,108.427,108.625
2024-08-16 04:00:00,108.626,108.661,108.451,108.516
2024-08-16 05:00:00,108.516,108.562,108.371,108.488
2024-08-16 06:00:00,108.487,108.529,108.424,108.488
2024-08-16 07:00:00,108.488,108.542,108.423,108.455
2024-08-16 08:00:00,108.455,108.601,108.447,108.53
2024-08-16 09:00:00,108.532,108.656,108.508,108.627
2024-08-16 10:00:00,108.625,108.634,108.484,108.556
2024-08-16 11:00:00,108.557,108.587,108.305,108.368
2024-08-16 12:00:00,108.368,108.407,108.303,108.369
2024-08-16 13:00:00,108.368,108.368,108.037,108.083
2024-08-16 14:00:00,108.085,108.085,107.741,107.818
2024-08-16 15:00:00,107.824,107.863,107.497,107.587
2024-08-16 16:00:00,107.588,107.857,107.546,107.727
2024-08-16 17:00:00,107.727,108.053,107.727,107.895
2024-08-16 18:00:00,107.897,108.169,107.882,108.079
2024-08-16 19:00:00,108.079,108.134,108.015,108.061
2024-08-16 20:00:00,108.061,108.069,107.861,107.903
2024-08-16 21:00:00,107.903,107.942,107.841,107.87
2024-08-16 22:00:00,107.867,107.936,107.845,107.936
2024-08-16 23:00:00,107.935,107.938,107.825,107.894
2024-08-19 00:00:00,107.9,107.922,107.727,107.871
2024-08-19 01:00:00,107.872,108.108,107.863,108.064
2024-08-19 02:00:00,108.064,108.215,108.037,108.161
2024-08-19 03:00:00,108.165,108.247,108.011,108.111
2024-08-19 04:00:00,108.111,108.166,107.8,107.874
2024-08-19 05:00:00,107.874,108.03,107.78,107.81
2024-08-19 06:00:00,107.807,107.833,107.079,107.176
2024-08-19 07:00:00,107.175,107.3,106.737,106.973
2024-08-19 08:00:00,106.975,107.06,106.391,106.397
2024-08-19 09:00:00,106.395,106.705,106.202,106.703
2024-08-19 10:00:00,106.702,106.977,106.566,106.864
2024-08-19 11:00:00,106.864,106.978,106.722,106.823
2024-08-19 12:00:00,106.821,106.913,106.703,106.905
2024-08-19 13:00:00,106.902,107.073,106.885,106.95
2024-08-19 14:00:00,106.954,106.979,106.773,106.785
2024-08-19 15:00:00,106.787,106.956,106.731,106.939
2024-08-19 16:00:00,106.939,107.204,106.939,107.149
2024-08-19 17:00:00,107.152,107.415,107.044,107.263
2024-08-19 18:00:00,107.263,107.515,107.173,107.192
2024-08-19 19:00:00,107.192,107.364,107.184,107.327
2024-08-19 20:00:00,107.327,107.454,107.3,107.42
2024-08-19 21:00:00,107.412,107.574,107.352,107.562
2024-08-19 22:00:00,107.563,107.579,107.44,107.531
2024-08-19 23:00:00,107.529,107.59,107.492,107.492
2024-08-20 00:00:00,107.49,107.539,107.405,107.473
2024-08-20 01:00:00,107.475,107.564,107.471,107.553
2024-08-20 02:00:00,107.551,107.727,107.533,107.617
2024-08-20 03:00:00,107.621,107.629,107.21,107.314
2024-08-20 04:00:00,107.312,107.468,106.996,107.357
2024-08-20 05:00:00,107.36,107.867,107.324,107.793
2024-08-20 06:00:00,107.784,107.884,107.657,107.813
2024-08-20 07:00:00,107.814,107.84,107.633,107.743
2024-08-20 08:00:00,107.746,108.041,107.745,107.996
2024-08-20 09:00:00,107.995,108.057,107.8,107.908
2024-08-20 10:00:00,107.908,108.001,107.408,107.604
2024-08-20 11:00:00,107.605,107.629,107.371,107.597
2024-08-20 12:00:00,107.598,107.628,107.486,107.578
2024-08-20 13:00:00,107.582,107.63,107.461,107.595
2024-08-20 14:00:00,107.597,107.677,107.481,107.508
2024-08-20 15:00:00,107.508,107.563,107.26,107.306
2024-08-20 16:00:00,107.313,107.323,107.119,107.182
2024-08-20 17:00:00,107.183,107.278,106.771,106.82
2024-08-20 18:00:00,106.821,106.951,106.77,106.88
2024-08-20 19:00:00,106.88,106.905,106.661,106.662
2024-08-20 20:00:00,106.661,106.736,106.605,106.734
2024-08-20 21:00:00,106.731,106.801,106.703,106.724
2024-08-20 22:00:00,106.723,106.754,106.68,106.683
2024-08-20 23:00:00,106.685,106.722,106.607,106.63
2024-08-21 00:00:00,106.629,106.654,106.468,106.505
2024-08-21 01:00:00,106.491,106.602,106.454,106.556
2024-08-21 02:00:00,106.556,106.733,106.45,106.713
2024-08-21 03:00:00,106.709,106.875,106.456,106.811
2024-08-21 04:00:00,106.813,106.914,106.685,106.758
2024-08-21 05:00:00,106.758,106.821,106.678,106.757
2024-08-21 06:00:00,106.754,106.896,106.743,106.84
2024-08-21 07:00:00,106.84,107.047,106.779,106.991
2024-08-21 08:00:00,106.991,107.092,106.884,106.979
2024-08-21 09:00:00,106.979,107.194,106.893,107.157
2024-08-21 10:00:00,107.159,107.359,106.983,107.317
2024-08-21 11:00:00,107.317,107.344,107.198,107.279
2024-08-21 12:00:00,107.279,107.408,107.254,107.365
2024-08-21 13:00:00,107.364,107.506,107.338,107.477
2024-08-21 14:00:00,107.477,107.487,107.359,107.393
2024-08-21 15:00:00,107.394,107.394,107.167,107.196
2024-08-21 16:00:00,107.191,107.218,107.003,107.171
2024-08-21 17:00:00,107.177,107.908,106.92,107.093
2024-08-21 18:00:00,107.096,107.101,106.788,106.891
2024-08-21 19:00:00,106.892,106.895,106.751,106.833
2024-08-21 20:00:00,106.832,106.837,106.629,106.732
2024-08-21 21:00:00,106.731,106.731,106.368,106.551
2024-08-21 22:00:00,106.548,106.662,106.525,106.647
2024-08-21 23:00:00,106.646,106.866,106.635,106.807
2024-08-22 00:00:00,106.798,106.847,106.501,106.764
2024-08-22 01:00:00,106.776,106.801,106.642,106.642
2024-08-22 02:00:00,106.643,106.844,106.632,106.836
2024-08-22 03:00:00,106.835,107.059,106.705,106.965
2024-08-22 04:00:00,106.966,107.172,106.884,107.146
2024-08-22 05:00:00,107.147,107.154,106.97,107.045
2024-08-22 06:00:00,107.045,107.083,106.868,106.91
2024-08-22 07:00:00,106.909,107.003,106.696,106.813
2024-08-22 08:00:00,106.814,106.953,106.734,106.931
2024-08-22 09:00:00,106.928,107.077,106.91,107.037
2024-08-22 10:00:00,107.038,107.159,106.839,106.984
2024-08-22 11:00:00,106.991,107.308,106.991,107.261
2024-08-22 12:00:00,107.26,107.332,107.207,107.233
2024-08-22 13:00:00,107.233,107.417,107.201,107.314
2024-08-22 14:00:00,107.315,107.55,107.285,107.469
2024-08-22 15:00:00,107.466,107.672,107.327,107.564
2024-08-22 16:00:00,107.564,107.688,107.333,107.535
2024-08-22 17:00:00,107.536,107.65,107.506,107.534
2024-08-22 18:00:00,107.534,107.565,107.192,107.298
2024-08-22 19:00:00,107.298,107.631,107.292,107.576
2024-08-22 20:00:00,107.576,107.698,107.493,107.509
2024-08-22 21:00:00,107.51,107.558,107.446,107.484
2024-08-22 22:00:00,107.482,107.518,107.433,107.49
2024-08-22 23:00:00,107.49,107.551,107.435,107.437
2024-08-23 00:00:00,107.439,107.448,107.354,107.359
2024-08-23 01:00:00,107.345,107.445,107.345,107.413
2024-08-23 02:00:00,107.413,107.484,107.326,107.469
2024-08-23 03:00:00,107.47,107.559,107.279,107.389
2024-08-23 04:00:00,107.387,107.441,106.973,106.992
2024-08-23 05:00:00,106.988,107.13,106.857,107.064
2024-08-23 06:00:00,107.068,107.171,106.994,107.137
2024-08-23 07:00:00,107.139,107.325,107.083,107.229
2024-08-23 08:00:00,107.229,107.229,107.056,107.15
2024-08-23 09:00:00,107.156,107.237,106.919,107.02
2024-08-23 10:00:00,107.02,107.372,106.989,107.3
2024-08-23 11:00:00,107.3,107.441,107.227,107.388
2024-08-23 12:00:00,107.388,107.563,107.385,107.551
2024-08-23 13:00:00,107.55,107.554,107.45,107.468
2024-08-23 14:00:00,107.469,107.538,107.416,107.497
2024-08-23 15:00:00,107.499,107.609,107.429,107.488
2024-08-23 16:00:00,107.492,107.873,107.484,107.69
2024-08-23 17:00:00,107.692,107.728,107.217,107.387
2024-08-23 18:00:00,107.387,107.427,107.078,107.195
2024-08-23 19:00:00,107.195,107.275,107.094,107.193
2024-08-23 20:00:00,107.187,107.22,106.906,106.94
2024-08-23 21:00:00,106.945,106.979,106.741,106.775
2024-08-23 22:00:00,106.777,106.782,106.59,106.746
2024-08-23 23:00:00,106.749,106.892,106.747,106.831
2024-08-26 00:00:00,106.79,106.8,106.52,106.602
2024-08-26 01:00:00,106.605,106.825,106.444,106.488
2024-08-26 02:00:00,106.491,106.599,106.216,106.535
2024-08-26 03:00:00,106.538,106.627,106.228,106.404
2024-08-26 04:00:00,106.408,106.515,106.241,106.403
2024-08-26 05:00:00,106.4,106.583,106.285,106.539
2024-08-26 06:00:00,106.538,106.631,106.45,106.541
2024-08-26 07:00:00,106.548,106.599,106.381,106.598
2024-08-26 08:00:00,106.598,106.746,106.525,106.615
2024-08-26 09:00:00,106.615,106.642,106.393,106.445
2024-08-26 10:00:00,106.445,106.513,106.287,106.489
2024-08-26 11:00:00,106.489,106.576,106.472,106.527
2024-08-26 12:00:00,106.52,106.614,106.493,106.564
2024-08-26 13:00:00,106.566,106.735,106.566,106.692
2024-08-26 14:00:00,106.692,106.748,106.621,106.71
2024-08-26 15:00:00,106.709,106.952,106.663,106.677
2024-08-26 16:00:00,106.677,107.089,106.615,107.089
2024-08-26 17:00:00,107.091,107.139,106.99,107.011
2024-08-26 18:00:00,107.016,107.215,107.003,107.158
2024-08-26 19:00:00,107.159,107.302,107.131,107.235
2024-08-26 20:00:00,107.235,107.267,107.149,107.256
2024-08-26 21:00:00,107.256,107.324,107.205,107.235
2024-08-26 22:00:00,107.241,107.27,107.184,107.207
2024-08-26 23:00:00,107.211,107.218,107.095,107.138
2024-08-27 00:00:00,107.14,107.18,107.098,107.129
2024-08-27 01:00:00,107.136,107.147,107.03,107.062
2024-08-27 02:00:00,107.062,107.194,106.993,107.178
2024-08-27 03:00:00,107.18,107.399,107.137,107.393
2024-08-27 04:00:00,107.395,107.479,107.268,107.334
2024-08-27 05:00:00,107.334,107.519,107.294,107.459
2024-08-27 06:00:00,107.462,107.534,107.411,107.452
2024-08-27 07:00:00,107.45,107.45,107.263,107.29
2024-08-27 08:00:00,107.29,107.457,107.267,107.377
2024-08-27 09:00:00,107.372,107.449,107.289,107.392
2024-08-27 10:00:00,107.398,107.704,107.378,107.585
2024-08-27 11:00:00,107.584,107.745,107.558,107.662
2024-08-27 12:00:00,107.662,107.67,107.473,107.534
2024-08-27 13:00:00,107.533,107.55,107.421,107.527
2024-08-27 14:00:00,107.525,107.601,107.229,107.231
2024-08-27 15:00:00,107.228,107.319,107.075,107.15
2024-08-27 16:00:00,107.149,107.254,107.056,107.189
2024-08-27 17:00:00,107.189,107.356,107.118,107.214
2024-08-27 18:00:00,107.214,107.283,107.083,107.196
2024-08-27 19:00:00,107.196,107.214,107.03,107.053
2024-08-27 20:00:00,107.054,107.151,106.969,107.144
2024-08-27 21:00:00,107.14,107.147,106.998,107.093
2024-08-27 22:00:00,107.093,107.127,107.022,107.085
2024-08-27 23:00:00,107.085,107.097,107.046,107.055
2024-08-28 00:00:00,107.059,107.093,106.902,107.056
2024-08-28 01:00:00,107.056,107.068,106.862,106.981
2024-08-28 02:00:00,106.976,107.064,106.886,107.054
2024-08-28 03:00:00,107.054,107.306,107.024,107.173
2024-08-28 04:00:00,107.174,107.368,107.16,107.338
2024-08-28 05:00:00,107.338,107.401,107.294,107.379
2024-08-28 06:00:00,107.379,107.423,107.293,107.37
2024-08-28 07:00:00,107.37,107.443,107.286,107.287
2024-08-28 08:00:00,107.285,107.397,107.224,107.243
2024-08-28 09:00:00,107.243,107.418,107.223,107.372
2024-08-28 10:00:00,107.372,107.454,107.275,107.451
2024-08-28 11:00:00,107.454,107.465,107.21,107.237
2024-08-28 12:00:00,107.237,107.237,107.029,107.19
2024-08-28 13:00:00,107.19,107.321,107.157,107.262
2024-08-28 14:00:00,107.266,107.341,107.108,107.124
2024-08-28 15:00:00,107.124,107.454,107.112,107.42
2024-08-28 16:00:00,107.42,107.673,107.414,107.512
2024-08-28 17:00:00,107.514,107.514,107.374,107.386
2024-08-28 18:00:00,107.386,107.461,107.24,107.315
2024-08-28 19:00:00,107.314,107.461,107.239,107.452
2024-08-28 20:00:00,107.452,107.497,107.228,107.267
2024-08-28 21:00:00,107.265,107.384,107.142,107.344
2024-08-28 22:00:00,107.342,107.412,107.331,107.339
2024-08-28 23:00:00,107.341,107.428,107.159,107.225
2024-08-29 00:00:00,107.23,107.237,107.128,107.15
2024-08-29 01:00:00,107.142,107.18,107.049,107.053
2024-08-29 02:00:00,107.052,107.2,107.007,107.178
2024-08-29 03:00:00,107.176,107.374,107.074,107.237
2024-08-29 04:00:00,107.24,107.423,107.214,107.394
2024-08-29 05:00:00,107.395,107.445,107.243,107.343
2024-08-29 06:00:00,107.343,107.382,107.282,107.338
2024-08-29 07:00:00,107.337,107.509,107.301,107.477
2024-08-29 08:00:00,107.477,107.619,107.428,107.471
2024-08-29 09:00:00,107.471,107.494,107.35,107.415
2024-08-29 10:00:00,107.395,107.643,107.394,107.571
2024-08-29 11:00:00,107.561,107.568,107.253,107.445
2024-08-29 12:00:00,107.444,107.485,107.349,107.408
2024-08-29 13:00:00,107.408,107.469,107.371,107.404
2024-08-29 14:00:00,107.404,107.506,107.382,107.428
2024-08-29 15:00:00,107.43,107.943,107.381,107.924
2024-08-29 16:00:00,107.919,107.998,107.742,107.83
2024-08-29 17:00:00,107.829,107.979,107.711,107.867
2024-08-29 18:00:00,107.866,107.897,107.685,107.696
2024-08-29 19:00:00,107.7,107.723,107.612,107.648
2024-08-29 20:00:00,107.652,107.665,107.497,107.566
2024-08-29 21:00:00,107.566,107.567,107.357,107.436
2024-08-29 22:00:00,107.437,107.53,107.4,107.47
2024-08-29 23:00:00,107.47,107.55,107.467,107.517
2024-08-30 00:00:00,107.52,107.523,107.383,107.463
2024-08-30 01:00:00,107.459,107.517,107.4,107.43
2024-08-30 02:00:00,107.428,107.551,107.377,107.404
2024-08-30 03:00:00,107.405,107.489,107.268,107.318
2024-08-30 04:00:00,107.318,107.43,107.312,107.33
2024-08-30 05:00:00,107.33,107.398,107.285,107.339
2024-08-30 06:00:00,107.339,107.37,107.315,107.351
2024-08-30 07:00:00,107.351,107.407,107.322,107.372
2024-08-30 08:00:00,107.371,107.469,107.338,107.4
2024-08-30 09:00:00,107.407,107.576,107.407,107.493
2024-08-30 10:00:00,107.492,107.576,107.449,107.556
2024-08-30 11:00:00,107.555,107.679,107.496,107.674
2024-08-30 12:00:00,107.671,107.703,107.61,107.694
2024-08-30 13:00:00,107.697,107.813,107.686,107.811
2024-08-30 14:00:00,107.806,107.918,107.758,107.894
2024-08-30 15:00:00,107.889,108.084,107.829,108.005
2024-08-30 16:00:00,108.01,108.013,107.689,107.946
2024-08-30 17:00:00,107.899,108.129,107.731,108.012
2024-08-30 18:00:00,108.008,108.164,107.952,108.16
2024-08-30 19:00:00,108.158,108.296,108.085,108.288
2024-08-30 20:00:00,108.29,108.31,108.168,108.28
2024-08-30 21:00:00,108.282,108.343,108.24,108.32
2024-08-30 22:00:00,108.324,108.528,108.283,108.462
2024-08-30 23:00:00,108.462,108.47,108.282,108.302
2024-09-02 00:00:00,108.29,108.349,108.172,108.302
2024-09-02 01:00:00,108.294,108.569,108.264,108.569
2024-09-02 02:00:00,108.567,108.675,108.489,108.513
2024-09-02 03:00:00,108.512,108.614,108.368,108.372
2024-09-02 04:00:00,108.376,108.451,108.281,108.352
2024-09-02 05:00:00,108.351,108.351,108.103,108.143
2024-09-02 06:00:00,108.143,108.166,108.044,108.131
2024-09-02 07:00:00,108.132,108.132,107.97,108.108
2024-09-02 08:00:00,108.108,108.341,108.104,108.26
2024-09-02 09:00:00,108.256,108.412,108.217,108.308
2024-09-02 10:00:00,108.308,108.546,108.28,108.544
2024-09-02 11:00:00,108.544,108.867,108.54,108.751
2024-09-02 12:00:00,108.749,108.771,108.655,108.699
2024-09-02 13:00:00,108.701,108.767,108.648,108.766
2024-09-02 14:00:00,108.766,108.893,108.742,108.874
2024-09-02 15:00:00,108.874,108.958,108.826,108.945
2024-09-02 16:00:00,108.945,109.046,108.788,108.849
2024-09-02 17:00:00,108.849,108.927,108.795,108.898
2024-09-02 18:00:00,108.899,108.963,108.857,108.889
2024-09-02 19:00:00,108.893,108.911,108.788,108.793
2024-09-02 20:00:00,108.794,108.876,108.794,108.876
2024-09-02 21:00:00,108.875,108.891,108.844,108.879
2024-09-02 22:00:00,108.876,108.876,108.839,108.856
2024-09-02 23:00:00,108.862,108.884,108.82,108.884
2024-09-03 00:00:00,108.877,108.889,108.67,108.841
2024-09-03 01:00:00,108.841,108.867,108.812,108.844
2024-09-03 02:00:00,108.844,108.862,108.672,108.713
2024-09-03 03:00:00,108.715,109.025,108.687,108.99
2024-09-03 04:00:00,108.989,108.998,108.584,108.591
2024-09-03 05:00:00,108.589,108.675,108.498,108.504
2024-09-03 06:00:00,108.504,108.564,108.302,108.367
2024-09-03 07:00:00,108.367,108.377,108.211,108.327
2024-09-03 08:00:00,108.327,108.386,108.027,108.159
2024-09-03 09:00:00,108.162,108.208,107.967,108.038
2024-09-03 10:00:00,108.033,108.267,107.964,108.013
2024-09-03 11:00:00,108.012,108.06,107.724,107.912
2024-09-03 12:00:00,107.9,107.97,107.795,107.835
2024-09-03 13:00:00,107.833,107.84,107.727,107.803
2024-09-03 14:00:00,107.802,107.943,107.729,107.888
2024-09-03 15:00:00,107.892,108.039,107.698,107.703
2024-09-03 16:00:00,107.702,107.747,107.216,107.353
2024-09-03 17:00:00,107.342,107.511,107.12,107.41
2024-09-03 18:00:00,107.41,107.701,107.409,107.669
2024-09-03 19:00:00,107.673,107.738,107.558,107.574
2024-09-03 20:00:00,107.572,107.671,107.539,107.637
2024-09-03 21:00:00,107.63,107.67,107.533,107.615
2024-09-03 22:00:00,107.618,107.645,107.394,107.467
2024-09-03 23:00:00,107.465,107.523,107.322,107.335
2024-09-04 00:00:00,107.341,107.386,107.218,107.314
2024-09-04 01:00:00,107.314,107.448,107.248,107.293
2024-09-04 02:00:00,107.291,107.341,107.135,107.324
2024-09-04 03:00:00,107.33,107.457,106.921,107.101
2024-09-04 04:00:00,107.101,107.458,107.089,107.347
2024-09-04 05:00:00,107.343,107.482,107.22,107.427
2024-09-04 06:00:00,107.436,107.524,107.298,107.334
2024-09-04 07:00:00,107.332,107.517,107.283,107.309
2024-09-04 08:00:00,107.308,107.314,107.144,107.236
2024-09-04 09:00:00,107.238,107.318,106.999,107.01
2024-09-04 10:00:00,107.014,107.127,106.859,106.988
2024-09-04 11:00:00,106.989,107.181,106.946,107.058
2024-09-04 12:00:00,107.063,107.164,107.009,107.042
2024-09-04 13:00:00,107.042,107.133,106.885,107.061
2024-09-04 14:00:00,107.06,107.075,106.886,106.907
2024-09-04 15:00:00,106.909,107.112,106.898,107.042
2024-09-04 16:00:00,107.039,107.135,106.803,107.025
2024-09-04 17:00:00,107.033,107.035,106.595,106.659
2024-09-04 18:00:00,106.659,106.812,106.595,106.739
2024-09-04 19:00:00,106.739,106.78,106.577,106.608
2024-09-04 20:00:00,106.606,106.614,106.493,106.527
2024-09-04 21:00:00,106.53,106.645,106.41,106.43
2024-09-04 22:00:00,106.431,106.51,106.371,106.421
2024-09-04 23:00:00,106.421,106.464,106.384,106.402
2024-09-05 00:00:00,106.386,106.425,106.268,106.324
2024-09-05 01:00:00,106.324,106.433,106.251,106.358
2024-09-05 02:00:00,106.346,106.389,106.0,106.109
2024-09-05 03:00:00,106.108,106.448,106.081,106.398
2024-09-05 04:00:00,106.399,106.49,106.213,106.381
2024-09-05 05:00:00,106.381,106.544,106.305,106.474
2024-09-05 06:00:00,106.474,106.507,106.35,106.414
2024-09-05 07:00:00,106.417,106.478,106.213,106.276
2024-09-05 08:00:00,106.277,106.29,106.094,106.154
2024-09-05 09:00:00,106.149,106.181,105.901,106.018
2024-09-05 10:00:00,106.027,106.386,105.984,106.3
2024-09-05 11:00:00,106.3,106.408,106.251,106.318
2024-09-05 12:00:00,106.312,106.362,106.157,106.284
2024-09-05 13:00:00,106.281,106.3,106.156,106.21
2024-09-05 14:00:00,106.208,106.257,106.155,106.164
2024-09-05 15:00:00,106.164,106.268,105.667,105.885
2024-09-05 16:00:00,105.885,106.044,105.846,106.027
2024-09-05 17:00:00,106.029,106.736,106.004,106.461
2024-09-05 18:00:00,106.466,106.577,106.106,106.13
2024-09-05 19:00:00,106.126,106.208,106.036,106.131
2024-09-05 20:00:00,106.129,106.143,105.952,106.103
2024-09-05 21:00:00,106.106,106.229,105.991,106.179
2024-09-05 22:00:00,106.179,106.224,106.072,106.191
2024-09-05 23:00:00,106.183,106.246,106.167,106.218
2024-09-06 00:00:00,106.217,106.22,106.073,106.181
2024-09-06 01:00:00,106.161,106.237,106.134,106.214
2024-09-06 02:00:00,106.214,106.267,106.17,106.218
2024-09-06 03:00:00,106.211,106.223,106.045,106.062
2024-09-06 04:00:00,106.06,106.181,105.969,106.123
2024-09-06 05:00:00,106.122,106.151,106.057,106.08
2024-09-06 06:00:00,106.08,106.102,105.932,105.963
2024-09-06 07:00:00,105.963,105.996,105.852,105.967
2024-09-06 08:00:00,105.967,105.969,105.475,105.635
2024-09-06 09:00:00,105.625,105.665,105.416,105.583
2024-09-06 10:00:00,105.583,105.611,105.239,105.598
2024-09-06 11:00:00,105.6,105.724,105.539,105.615
2024-09-06 12:00:00,105.616,105.855,105.598,105.831
2024-09-06 13:00:00,105.831,105.939,105.814,105.867
2024-09-06 14:00:00,105.868,106.074,105.842,106.017
2024-09-06 15:00:00,106.018,106.746,105.412,105.896
2024-09-06 16:00:00,105.895,106.468,105.716,106.197
2024-09-06 17:00:00,106.186,106.198,105.063,105.184
2024-09-06 18:00:00,105.189,105.317,104.654,104.8
2024-09-06 19:00:00,104.795,105.134,104.744,104.97
2024-09-06 20:00:00,104.971,105.099,104.83,105.022
2024-09-06 21:00:00,105.022,105.059,104.88,104.951
2024-09-06 22:00:00,104.954,105.08,104.95,105.002
2024-09-06 23:00:00,104.998,105.004,104.782,104.804
2024-09-09 00:00:00,104.718,104.92,104.692,104.723
2024-09-09 01:00:00,104.729,104.877,104.605,104.769
2024-09-09 02:00:00,104.768,105.078,104.727,105.05
2024-09-09 03:00:00,105.05,105.246,105.03,105.19
2024-09-09 04:00:00,105.19,105.484,105.16,105.465
2024-09-09 05:00:00,105.466,105.479,105.273,105.35
2024-09-09 06:00:00,105.351,105.448,105.212,105.302
2024-09-09 07:00:00,105.302,105.523,105.28,105.421
2024-09-09 08:00:00,105.42,105.477,105.232,105.328
2024-09-09 09:00:00,105.326,105.454,105.263,105.407
2024-09-09 10:00:00,105.415,105.624,105.415,105.538
2024-09-09 11:00:00,105.539,105.71,105.498,105.656
2024-09-09 12:00:00,105.653,105.85,105.606,105.781
2024-09-09 13:00:00,105.782,105.961,105.768,105.897
2024-09-09 14:00:00,105.898,106.035,105.849,105.896
2024-09-09 15:00:00,105.887,105.958,105.491,105.557
2024-09-09 16:00:00,105.557,105.557,105.126,105.208
2024-09-09 17:00:00,105.211,105.362,105.13,105.236
2024-09-09 18:00:00,105.232,105.413,105.203,105.393
2024-09-09 19:00:00,105.393,105.495,105.344,105.451
2024-09-09 20:00:00,105.451,105.478,105.306,105.329
2024-09-09 21:00:00,105.329,105.403,105.282,105.311
2024-09-09 22:00:00,105.314,105.401,105.291,105.398
2024-09-09 23:00:00,105.392,105.601,105.39,105.579
2024-09-10 00:00:00,105.582,105.589,105.506,105.557
2024-09-10 01:00:00,105.557,105.568,105.363,105.487
2024-09-10 02:00:00,105.496,105.669,105.494,105.556
2024-09-10 03:00:00,105.557,105.734,105.483,105.727
2024-09-10 04:00:00,105.727,105.802,105.673,105.711
2024-09-10 05:00:00,105.712,105.712,105.498,105.681
2024-09-10 06:00:00,105.682,105.704,105.538,105.588
2024-09-10 07:00:00,105.587,105.609,105.453,105.474
2024-09-10 08:00:00,105.475,105.554,105.419,105.521
2024-09-10 09:00:00,105.522,105.747,105.487,105.718
2024-09-10 10:00:00,105.719,105.836,105.641,105.815
2024-09-10 11:00:00,105.824,105.894,105.678,105.725
2024-09-10 12:00:00,105.728,105.73,105.502,105.505
2024-09-10 13:00:00,105.507,105.552,105.352,105.425
2024-09-10 14:00:00,105.427,105.526,105.364,105.439
2024-09-10 15:00:00,105.441,105.486,105.175,105.257
2024-09-10 16:00:00,105.257,105.415,105.153,105.211
2024-09-10 17:00:00,105.209,105.214,104.711,104.904
2024-09-10 18:00:00,104.905,104.921,104.551,104.565
2024-09-10 19:00:00,104.564,104.723,104.481,104.692
2024-09-10 20:00:00,104.692,104.778,104.591,104.635
2024-09-10 21:00:00,104.64,104.689,104.487,104.627
2024-09-10 22:00:00,104.627,104.673,104.602,104.622
2024-09-10 23:00:00,104.621,104.704,104.587,104.657
2024-09-11 00:00:00,104.647,104.648,104.547,104.627
2024-09-11 01:00:00,104.627,104.674,104.576,104.654
2024-09-11 02:00:00,104.65,104.678,104.481,104.492
2024-09-11 03:00:00,104.499,104.513,104.315,104.509
2024-09-11 04:00:00,104.509,104.597,103.995,104.25
2024-09-11 05:00:00,104.253,104.304,104.072,104.241
2024-09-11 06:00:00,104.239,104.31,103.833,103.923
2024-09-11 07:00:00,103.923,103.923,103.551,103.736
2024-09-11 08:00:00,103.731,103.913,103.495,103.906
2024-09-11 09:00:00,103.91,104.052,103.794,103.999
2024-09-11 10:00:00,103.999,104.132,103.861,104.01
2024-09-11 11:00:00,104.004,104.258,103.959,104.175
2024-09-11 12:00:00,104.179,104.192,103.97,104.187
2024-09-11 13:00:00,104.187,104.291,104.158,104.25
2024-09-11 14:00:00,104.255,104.435,104.217,104.361
2024-09-11 15:00:00,104.363,104.794,104.313,104.653
2024-09-11 16:00:00,104.651,104.841,104.177,104.195
2024-09-11 17:00:00,104.191,104.25,103.698,103.905
2024-09-11 18:00:00,103.906,104.301,103.873,104.244
2024-09-11 19:00:00,104.242,104.546,104.239,104.491
2024-09-11 20:00:00,104.492,104.856,104.459,104.743
2024-09-11 21:00:00,104.74,104.833,104.642,104.735
2024-09-11 22:00:00,104.734,104.955,104.73,104.921
2024-09-11 23:00:00,104.921,104.998,104.829,104.842
2024-09-12 00:00:00,104.839,104.844,104.673,104.806
2024-09-12 01:00:00,104.797,104.974,104.769,104.948
2024-09-12 02:00:00,104.949,105.095,104.932,105.052
2024-09-12 03:00:00,105.054,105.295,105.032,105.078
2024-09-12 04:00:00,105.078,105.093,104.721,104.972
2024-09-12 05:00:00,104.966,105.014,104.83,104.94
2024-09-12 06:00:00,104.936,105.062,104.829,105.062
2024-09-12 07:00:00,105.061,105.255,105.045,105.216
2024-09-12 08:00:00,105.216,105.335,105.107,105.277
2024-09-12 09:00:00,105.266,105.279,105.03,105.064
2024-09-12 10:00:00,105.062,105.423,105.047,105.174
2024-09-12 11:00:00,105.167,105.167,104.984,105.02
2024-09-12 12:00:00,105.022,105.168,104.975,105.14
2024-09-12 13:00:00,105.14,105.21,105.053,105.079
2024-09-12 14:00:00,105.078,105.093,104.854,104.956
2024-09-12 15:00:00,104.956,104.985,104.551,104.598
2024-09-12 16:00:00,104.601,104.768,104.375,104.44
2024-09-12 17:00:00,104.448,104.919,104.395,104.807
2024-09-12 18:00:00,104.798,104.861,104.592,104.629
2024-09-12 19:00:00,104.631,104.925,104.614,104.864
2024-09-12 20:00:00,104.865,104.901,104.69,104.718
2024-09-12 21:00:00,104.72,104.76,104.392,104.519
2024-09-12 22:00:00,104.521,104.571,104.385,104.501
2024-09-12 23:00:00,104.499,104.529,104.382,104.432
2024-09-13 00:00:00,104.431,104.431,104.331,104.417
2024-09-13 01:00:00,104.415,104.462,104.323,104.446
2024-09-13 02:00:00,104.446,104.446,104.167,104.239
2024-09-13 03:00:00,104.258,104.28,104.026,104.074
2024-09-13 04:00:00,104.073,104.1,103.928,104.044
2024-09-13 05:00:00,104.047,104.078,103.713,103.895
2024-09-13 06:00:00,103.896,103.955,103.768,103.879
2024-09-13 07:00:00,103.88,103.886,103.614,103.826
2024-09-13 08:00:00,103.826,103.984,103.645,103.717
2024-09-13 09:00:00,103.714,103.958,103.695,103.907
2024-09-13 10:00:00,103.906,104.125,103.758,103.821
2024-09-13 11:00:00,103.814,103.861,103.435,103.637
2024-09-13 12:00:00,103.626,103.679,103.453,103.56
2024-09-13 13:00:00,103.559,103.616,103.389,103.594
2024-09-13 14:00:00,103.594,103.724,103.485,103.634
2024-09-13 15:00:00,103.633,103.741,103.576,103.654
2024-09-13 16:00:00,103.654,103.656,103.359,103.426
2024-09-13 17:00:00,103.432,103.701,103.347,103.573
2024-09-13 18:00:00,103.573,103.588,103.349,103.574
2024-09-13 19:00:00,103.574,103.692,103.483,103.592
2024-09-13 20:00:00,103.591,103.695,103.564,103.645
2024-09-13 21:00:00,103.645,103.717,103.587,103.662
2024-09-13 22:00:00,103.66,103.706,103.634,103.697
2024-09-13 23:00:00,103.693,103.728,103.592,103.613
2024-09-16 00:00:00,103.57,103.635,103.445,103.542
2024-09-16 01:00:00,103.542,103.613,103.354,103.589
2024-09-16 02:00:00,103.587,103.741,103.582,103.719
2024-09-16 03:00:00,103.721,103.723,103.419,103.506
2024-09-16 04:00:00,103.503,103.533,103.418,103.499
2024-09-16 05:00:00,103.499,103.512,103.442,103.512
2024-09-16 06:00:00,103.507,103.527,103.204,103.268
2024-09-16 07:00:00,103.27,103.379,103.137,103.313
2024-09-16 08:00:00,103.311,103.348,103.186,103.279
2024-09-16 09:00:00,103.279,103.285,102.9,103.015
2024-09-16 10:00:00,103.019,103.076,102.808,103.008
2024-09-16 11:00:00,103.01,103.063,102.914,103.017
2024-09-16 12:00:00,103.015,103.294,103.005,103.243
2024-09-16 13:00:00,103.242,103.268,103.126,103.208
2024-09-16 14:00:00,103.206,103.219,103.015,103.019
2024-09-16 15:00:00,103.017,103.37,102.885,103.208
2024-09-16 16:00:00,103.201,103.421,103.19,103.356
2024-09-16 17:00:00,103.363,103.527,103.225,103.317
2024-09-16 18:00:00,103.313,103.585,103.283,103.532
2024-09-16 19:00:00,103.535,103.558,103.408,103.434
2024-09-16 20:00:00,103.436,103.528,103.409,103.497
2024-09-16 21:00:00,103.495,103.554,103.437,103.518
2024-09-16 22:00:00,103.518,103.638,103.514,103.563
2024-09-16 23:00:00,103.559,103.565,103.454,103.475
2024-09-17 00:00:00,103.474,103.501,103.434,103.486
2024-09-17 01:00:00,103.478,103.686,103.472,103.686
2024-09-17 02:00:00,103.686,103.933,103.597,103.62
2024-09-17 03:00:00,103.614,103.661,103.367,103.478
2024-09-17 04:00:00,103.477,103.477,103.262,103.347
2024-09-17 05:00:00,103.348,103.432,103.254,103.421
2024-09-17 06:00:00,103.42,103.481,103.337,103.425
2024-09-17 07:00:00,103.425,103.522,103.401,103.471
2024-09-17 08:00:00,103.474,103.557,103.374,103.498
2024-09-17 09:00:00,103.495,103.559,103.422,103.556
2024-09-17 10:00:00,103.555,103.579,103.298,103.495
2024-09-17 11:00:00,103.49,103.557,103.378,103.48
2024-09-17 12:00:00,103.479,103.533,103.432,103.532
2024-09-17 13:00:00,103.53,103.538,103.427,103.475
2024-09-17 14:00:00,103.473,103.521,103.41,103.507
2024-09-17 15:00:00,103.508,103.682,103.31,103.607
2024-09-17 16:00:00,103.608,104.136,103.598,104.076
2024-09-17 17:00:00,104.08,104.429,104.049,104.272
2024-09-17 18:00:00,104.267,104.302,104.145,104.252
2024-09-17 19:00:00,104.254,104.421,104.182,104.228
2024-09-17 20:00:00,104.227,104.423,104.218,104.363
2024-09-17 21:00:00,104.365,104.428,104.305,104.321
2024-09-17 22:00:00,104.319,104.665,104.305,104.587
2024-09-17 23:00:00,104.587,104.763,104.566,104.711
2024-09-18 00:00:00,104.712,104.712,104.652,104.677
2024-09-18 01:00:00,104.676,104.704,104.465,104.468
2024-09-18 02:00:00,104.468,104.515,104.389,104.462
2024-09-18 03:00:00,104.455,104.476,104.178,104.249
2024-09-18 04:00:00,104.249,104.318,104.112,104.145
2024-09-18 05:00:00,104.144,104.207,104.019,104.108
2024-09-18 06:00:00,104.108,104.11,103.985,104.043
2024-09-18 07:00:00,104.041,104.163,103.88,103.958
2024-09-18 08:00:00,103.958,104.149,103.936,104.145
2024-09-18 09:00:00,104.145,104.289,104.104,104.152
2024-09-18 10:00:00,104.145,104.433,104.143,104.403
2024-09-18 11:00:00,104.406,104.472,104.235,104.28
2024-09-18 12:00:00,104.281,104.354,104.203,104.256
2024-09-18 13:00:00,104.255,104.307,104.178,104.211
2024-09-18 14:00:00,104.211,104.446,104.183,104.393
2024-09-18 15:00:00,104.395,104.536,104.344,104.43
2024-09-18 16:00:00,104.43,104.466,104.298,104.314
2024-09-18 17:00:00,104.315,104.5,104.266,104.456
2024-09-18 18:00:00,104.454,104.474,104.297,104.304
2024-09-18 19:00:00,104.301,104.418,104.292,104.354
2024-09-18 20:00:00,104.356,104.533,104.3,104.444
2024-09-18 21:00:00,104.3,104.354,103.659,103.954
2024-09-18 22:00:00,103.959,104.759,103.959,104.582
2024-09-18 23:00:00,104.581,104.661,104.481,104.564
2024-09-19 00:00:00,104.566,104.58,104.453,104.455
2024-09-19 01:00:00,104.446,104.568,104.306,104.47
2024-09-19 02:00:00,104.477,104.897,104.477,104.86
2024-09-19 03:00:00,104.86,105.309,104.86,105.231
2024-09-19 04:00:00,105.231,105.506,105.162,105.447
2024-09-19 05:00:00,105.451,105.501,105.206,105.208
2024-09-19 06:00:00,105.208,105.282,105.114,105.272
2024-09-19 07:00:00,105.275,105.338,105.19,105.29
2024-09-19 08:00:00,105.29,105.318,104.873,104.886
2024-09-19 09:00:00,104.884,105.079,104.696,104.809
2024-09-19 10:00:00,104.81,105.135,104.704,105.108
2024-09-19 11:00:00,105.108,105.426,105.079,105.418
2024-09-19 12:00:00,105.417,105.591,105.417,105.449
2024-09-19 13:00:00,105.447,105.685,105.427,105.485
2024-09-19 14:00:00,105.483,105.669,105.359,105.428
2024-09-19 15:00:00,105.429,105.946,105.288,105.945
2024-09-19 16:00:00,105.945,105.95,105.416,105.482
2024-09-19 17:00:00,105.479,105.513,105.101,105.251
2024-09-19 18:00:00,105.257,105.435,105.158,105.367
2024-09-19 19:00:00,105.367,105.619,105.355,105.544
2024-09-19 20:00:00,105.544,105.573,105.449,105.482
2024-09-19 21:00:00,105.475,105.491,105.145,105.243
2024-09-19 22:00:00,105.244,105.284,105.105,105.208
2024-09-19 23:00:00,105.21,105.244,105.121,105.189
2024-09-20 00:00:00,105.189,105.195,105.072,105.178
2024-09-20 01:00:00,105.178,105.205,105.115,105.205
2024-09-20 02:00:00,105.203,105.369,105.188,105.327
2024-09-20 03:00:00,105.327,105.348,104.988,104.988
2024-09-20 04:00:00,104.982,105.019,104.78,104.968
2024-09-20 05:00:00,104.968,105.244,104.921,105.033
2024-09-20 06:00:00,105.037,105.051,104.688,104.942
2024-09-20 07:00:00,104.942,104.956,104.81,104.852
2024-09-20 08:00:00,104.85,104.949,104.783,104.91
2024-09-20 09:00:00,104.904,105.473,104.558,105.432
2024-09-20 10:00:00,105.444,105.843,105.323,105.836
2024-09-20 11:00:00,105.837,106.053,105.709,105.984
2024-09-20 12:00:00,105.983,106.051,105.87,106.047
2024-09-20 13:00:00,106.047,106.316,105.904,106.309
2024-09-20 14:00:00,106.311,106.397,106.258,106.271
2024-09-20 15:00:00,106.274,106.357,106.0,106.06
2024-09-20 16:00:00,106.06,106.163,105.801,106.155
2024-09-20 17:00:00,106.156,106.396,106.074,106.378
2024-09-20 18:00:00,106.38,106.412,106.019,106.083
2024-09-20 19:00:00,106.084,106.115,105.932,106.056
2024-09-20 20:00:00,106.058,106.307,106.049,106.152
2024-09-20 21:00:00,106.154,106.155,105.996,106.105
2024-09-20 22:00:00,106.105,106.121,106.007,106.104
2024-09-20 23:00:00,106.104,106.161,105.947,105.983
2024-09-23 00:00:00,105.905,106.103,105.813,106.054
2024-09-23 01:00:00,106.054,106.173,105.897,106.07
2024-09-23 02:00:00,106.075,106.22,105.986,106.196
2024-09-23 03:00:00,106.207,106.333,106.16,106.255
2024-09-23 04:00:00,106.255,106.483,106.255,106.46
2024-09-23 05:00:00,106.464,106.49,106.405,106.455
2024-09-23 06:00:00,106.455,106.482,106.37,106.396
2024-09-23 07:00:00,106.402,106.448,106.344,106.392
2024-09-23 08:00:00,106.391,106.434,106.271,106.277
2024-09-23 09:00:00,106.282,106.322,106.088,106.145
2024-09-23 10:00:00,106.149,106.172,105.718,105.786
2024-09-23 11:00:00,105.785,105.863,105.659,105.797
2024-09-23 12:00:00,105.797,105.952,105.746,105.903
2024-09-23 13:00:00,105.903,105.938,105.722,105.787
2024-09-23 14:00:00,105.789,106.017,105.662,105.992
2024-09-23 15:00:00,105.991,106.235,105.888,106.195
2024-09-23 16:00:00,106.197,106.58,106.099,106.551
2024-09-23 17:00:00,106.554,106.767,106.431,106.527
2024-09-23 18:00:00,106.53,106.665,106.325,106.343
2024-09-23 19:00:00,106.345,106.35,106.085,106.162
2024-09-23 20:00:00,106.158,106.299,106.09,106.247
2024-09-23 21:00:00,106.246,106.287,106.133,106.145
2024-09-23 22:00:00,106.145,106.277,106.144,106.231
2024-09-23 23:00:00,106.228,106.28,106.004,106.022
2024-09-24 00:00:00,106.027,106.054,105.924,106.042
2024-09-24 01:00:00,106.043,106.213,106.033,106.154
2024-09-24 02:00:00,106.149,106.246,106.066,106.153
2024-09-24 03:00:00,106.152,106.23,106.052,106.092
2024-09-24 04:00:00,106.092,106.4,106.086,106.2
2024-09-24 05:00:00,106.2,106.227,105.99,106.217
2024-09-24 06:00:00,106.219,106.412,106.181,106.349
2024-09-24 07:00:00,106.351,106.506,106.339,106.429
2024-09-24 08:00:00,106.431,106.684,106.431,106.581
2024-09-24 09:00:00,106.581,106.855,106.561,106.823
2024-09-24 10:00:00,106.823,107.05,106.705,106.841
2024-09-24 11:00:00,106.841,107.043,106.736,106.781
2024-09-24 12:00:00,106.78,106.935,106.728,106.781
2024-09-24 13:00:00,106.781,106.85,106.472,106.535
2024-09-24 14:00:00,106.534,106.715,106.424,106.582
2024-09-24 15:00:00,106.583,106.719,106.47,106.624
2024-09-24 16:00:00,106.624,106.845,106.592,106.744
2024-09-24 17:00:00,106.749,106.749,106.337,106.605
2024-09-24 18:00:00,106.605,106.809,106.578,106.73
2024-09-24 19:00:00,106.729,106.743,106.567,106.599
2024-09-24 20:00:00,106.603,106.85,106.592,106.699
2024-09-24 21:00:00,106.699,106.712,106.559,106.658
2024-09-24 22:00:00,106.657,106.704,106.58,106.604
2024-09-24 23:00:00,106.608,106.629,106.532,106.613
2024-09-25 00:00:00,106.565,106.625,106.38,106.577
2024-09-25 01:00:00,106.577,106.639,106.427,106.537
2024-09-25 02:00:00,106.534,106.608,106.458,106.508
2024-09-25 03:00:00,106.507,106.719,106.472,106.658
2024-09-25 04:00:00,106.648,106.834,106.612,106.819
2024-09-25 05:00:00,106.818,106.857,106.69,106.739
2024-09-25 06:00:00,106.737,106.85,106.701,106.709
2024-09-25 07:00:00,106.711,106.771,106.637,106.667
2024-09-25 08:00:00,106.667,106.749,106.577,106.629
2024-09-25 09:00:00,106.634,106.992,106.613,106.966
2024-09-25 10:00:00,106.977,107.15,106.9,107.142
2024-09-25 11:00:00,107.142,107.296,107.142,107.179
2024-09-25 12:00:00,107.179,107.331,107.154,107.301
2024-09-25 13:00:00,107.3,107.409,107.207,107.399
2024-09-25 14:00:00,107.397,107.526,107.35,107.366
2024-09-25 15:00:00,107.366,107.414,107.136,107.211
2024-09-25 16:00:00,107.213,107.231,107.075,107.17
2024-09-25 17:00:00,107.174,107.286,107.092,107.273
2024-09-25 18:00:00,107.272,107.393,107.183,107.228
2024-09-25 19:00:00,107.232,107.32,107.207,107.255
2024-09-25 20:00:00,107.255,107.357,107.187,107.291
2024-09-25 21:00:00,107.29,107.377,107.23,107.325
2024-09-25 22:00:00,107.327,107.381,107.292,107.343
2024-09-25 23:00:00,107.346,107.425,107.316,107.326
2024-09-26 00:00:00,107.327,107.334,107.187,107.262
2024-09-26 01:00:00,107.264,107.277,107.167,107.246
2024-09-26 02:00:00,107.251,107.358,107.235,107.303
2024-09-26 03:00:00,107.297,107.308,107.179,107.223
2024-09-26 04:00:00,107.223,107.559,107.217,107.496
2024-09-26 05:00:00,107.497,107.598,107.459,107.501
2024-09-26 06:00:00,107.501,107.634,107.465,107.571
2024-09-26 07:00:00,107.571,107.582,107.332,107.386
2024-09-26 08:00:00,107.385,107.558,107.339,107.436
2024-09-26 09:00:00,107.441,107.539,107.35,107.522
2024-09-26 10:00:00,107.526,107.704,107.466,107.617
2024-09-26 11:00:00,107.615,107.729,107.404,107.525
2024-09-26 12:00:00,107.52,107.636,107.408,107.408
2024-09-26 13:00:00,107.403,107.45,107.171,107.185
2024-09-26 14:00:00,107.187,107.283,107.001,107.006
2024-09-26 15:00:00,107.005,107.385,106.974,107.357
2024-09-26 16:00:00,107.358,107.437,107.121,107.259
2024-09-26 17:00:00,107.235,107.658,107.229,107.516
2024-09-26 18:00:00,107.513,107.537,107.352,107.418
2024-09-26 19:00:00,107.417,107.528,107.333,107.429
2024-09-26 20:00:00,107.426,107.434,107.226,107.36
2024-09-26 21:00:00,107.364,107.432,107.301,107.354
2024-09-26 22:00:00,107.35,107.379,107.269,107.36
2024-09-26 23:00:00,107.363,107.558,107.363,107.53
2024-09-27 00:00:00,107.541,107.541,107.392,107.469
2024-09-27 01:00:00,107.465,107.64,107.46,107.569
2024-09-27 02:00:00,107.566,107.704,107.53,107.651
2024-09-27 03:00:00,107.631,107.871,107.512,107.862
2024-09-27 04:00:00,107.862,107.939,107.692,107.717
2024-09-27 05:00:00,107.724,107.741,107.477,107.571
2024-09-27 06:00:00,107.572,107.699,107.484,107.69
2024-09-27 07:00:00,107.69,108.073,107.69,108.066
2024-09-27 08:00:00,108.059,108.556,108.059,108.386
2024-09-27 09:00:00,108.387,108.46,106.142,106.166
2024-09-27 10:00:00,106.144,106.34,105.852,106.126
2024-09-27 11:00:00,106.125,106.592,106.013,106.164
2024-09-27 12:00:00,106.157,106.43,106.113,106.184
2024-09-27 13:00:00,106.185,106.324,106.101,106.257
2024-09-27 14:00:00,106.258,106.38,106.178,106.19
2024-09-27 15:00:00,106.187,106.217,105.765,105.774
2024-09-27 16:00:00,105.776,106.109,105.688,105.688
2024-09-27 17:00:00,105.731,106.142,105.584,105.934
2024-09-27 18:00:00,105.935,106.026,105.583,105.589
2024-09-27 19:00:00,105.587,105.633,105.384,105.466
2024-09-27 20:00:00,105.465,105.537,105.207,105.241
2024-09-27 21:00:00,105.241,105.309,105.041,105.215
2024-09-27 22:00:00,105.214,105.267,105.108,105.157
2024-09-27 23:00:00,105.164,105.251,105.142,105.172
2024-09-30 00:00:00,105.123,105.296,105.104,105.231
2024-09-30 01:00:00,105.235,105.618,105.235,105.593
2024-09-30 02:00:00,105.591,105.81,105.517,105.689
2024-09-30 03:00:00,105.695,105.724,105.428,105.573
2024-09-30 04:00:00,105.574,105.728,105.379,105.414
2024-09-30 05:00:00,105.415,105.461,105.24,105.439
2024-09-30 06:00:00,105.439,105.446,105.315,105.421
2024-09-30 07:00:00,105.421,105.476,105.171,105.209
2024-09-30 08:00:00,105.209,105.262,104.888,104.921
2024-09-30 09:00:00,104.92,105.151,104.85,105.118
2024-09-30 10:00:00,105.121,105.388,105.028,105.329
2024-09-30 11:00:00,105.354,105.47,105.275,105.448
2024-09-30 12:00:00,105.451,105.482,105.348,105.401
2024-09-30 13:00:00,105.401,105.578,105.393,105.422
2024-09-30 14:00:00,105.426,105.462,105.316,105.447
2024-09-30 15:00:00,105.442,105.827,105.439,105.821
2024-09-30 16:00:00,105.822,106.03,105.741,105.974
2024-09-30 17:00:00,105.98,106.015,105.704,105.867
2024-09-30 18:00:00,105.862,106.089,105.842,105.999
2024-09-30 19:00:00,106.0,106.03,105.903,105.951
2024-09-30 20:00:00,105.944,105.965,105.821,105.918
2024-09-30 21:00:00,105.921,106.329,105.905,106.243
2024-09-30 22:00:00,106.246,106.35,106.211,106.282
2024-09-30 23:00:00,106.278,106.278,106.155,106.17
2024-10-01 00:00:00,106.154,106.205,106.091,106.126
2024-10-01 01:00:00,106.128,106.251,106.128,106.138
2024-10-01 02:00:00,106.136,106.252,106.01,106.246
2024-10-01 03:00:00,106.238,106.514,106.202,106.399
2024-10-01 04:00:00,106.399,106.539,106.26,106.293
2024-10-01 05:00:00,106.29,106.487,106.226,106.475
2024-10-01 06:00:00,106.475,106.678,106.416,106.639
2024-10-01 07:00:00,106.64,106.755,106.589,106.681
2024-10-01 08:00:00,106.683,106.777,106.611,106.638
2024-10-01 09:00:00,106.645,106.889,106.583,106.765
2024-10-01 10:00:00,106.764,106.772,106.299,106.555
2024-10-01 11:00:00,106.551,106.585,106.153,106.235
2024-10-01 12:00:00,106.236,106.259,106.118,106.202
2024-10-01 13:00:00,106.205,106.271,106.147,106.245
2024-10-01 14:00:00,106.247,106.324,106.14,106.299
2024-10-01 15:00:00,106.301,106.525,106.236,106.506
2024-10-01 16:00:00,106.505,106.557,105.934,106.239
2024-10-01 17:00:00,106.223,106.515,105.834,106.348
2024-10-01 18:00:00,106.348,106.636,106.229,106.481
2024-10-01 19:00:00,106.481,106.489,106.101,106.369
2024-10-01 20:00:00,106.37,106.513,106.07,106.488
2024-10-01 21:00:00,106.488,106.603,106.427,106.542
2024-10-01 22:00:00,106.539,106.605,106.389,106.399
2024-10-01 23:00:00,106.407,106.421,106.345,106.397
2024-10-02 00:00:00,106.402,106.44,106.12,106.439
2024-10-02 01:00:00,106.439,106.466,106.283,106.338
2024-10-02 02:00:00,106.34,106.524,106.331,106.498
2024-10-02 03:00:00,106.496,106.677,106.475,106.62
2024-10-02 04:00:00,106.62,106.76,106.47,106.749
2024-10-02 05:00:00,106.75,106.844,106.713,106.834
2024-10-02 06:00:00,106.837,106.955,106.748,106.913
2024-10-02 07:00:00,106.916,106.931,106.447,106.593
2024-10-02 08:00:00,106.591,106.688,106.399,106.546
2024-10-02 09:00:00,106.544,106.799,106.501,106.694
2024-10-02 10:00:00,106.704,106.971,106.704,106.854
2024-10-02 11:00:00,106.852,107.005,106.742,106.998
2024-10-02 12:00:00,106.999,107.06,106.905,106.952
2024-10-02 13:00:00,106.952,107.447,106.814,107.393
2024-10-02 14:00:00,107.394,107.478,107.266,107.296
2024-10-02 15:00:00,107.296,107.792,107.269,107.739
2024-10-02 16:00:00,107.739,108.116,107.697,108.102
2024-10-02 17:00:00,108.102,108.467,108.018,108.419
2024-10-02 18:00:00,108.414,108.462,108.272,108.295
2024-10-02 19:00:00,108.297,108.359,108.211,108.242
2024-10-02 20:00:00,108.239,108.338,108.184,108.307
2024-10-02 21:00:00,108.309,108.404,108.261,108.338
2024-10-02 22:00:00,108.335,108.54,108.309,108.493
2024-10-02 23:00:00,108.491,108.536,108.439,108.458
2024-10-03 00:00:00,108.464,108.464,108.243,108.368
2024-10-03 01:00:00,108.359,108.788,108.34,108.534
2024-10-03 02:00:00,108.535,108.688,108.43,108.519
2024-10-03 03:00:00,108.518,108.846,108.42,108.798
2024-10-03 04:00:00,108.805,108.953,108.624,108.642
2024-10-03 05:00:00,108.642,108.72,108.529,108.572
2024-10-03 06:00:00,108.572,108.703,108.569,108.608
2024-10-03 07:00:00,108.609,108.659,108.451,108.486
2024-10-03 08:00:00,108.48,108.533,108.352,108.375
2024-10-03 09:00:00,108.366,108.636,108.32,108.603
2024-10-03 10:00:00,108.596,108.693,108.189,108.294
2024-10-03 11:00:00,108.295,108.557,108.222,108.497
2024-10-03 12:00:00,108.496,108.709,108.491,108.632
2024-10-03 13:00:00,108.631,108.642,108.497,108.504
2024-10-03 14:00:00,108.505,108.6,108.342,108.391
2024-10-03 15:00:00,108.39,108.455,108.25,108.444
2024-10-03 16:00:00,108.445,108.457,108.154,108.238
2024-10-03 17:00:00,108.248,108.667,108.248,108.403
2024-10-03 18:00:00,108.403,108.5,108.277,108.495
2024-10-03 19:00:00,108.498,108.613,108.405,108.419
2024-10-03 20:00:00,108.418,108.418,108.239,108.268
2024-10-03 21:00:00,108.27,108.418,108.26,108.406
2024-10-03 22:00:00,108.395,108.42,108.273,108.326
2024-10-03 23:00:00,108.323,108.41,108.319,108.383
2024-10-04 00:00:00,108.393,108.396,108.207,108.306
2024-10-04 01:00:00,108.299,108.388,108.267,108.343
2024-10-04 02:00:00,108.346,108.381,108.263,108.378
2024-10-04 03:00:00,108.378,108.447,108.219,108.25
2024-10-04 04:00:00,108.25,108.258,108.121,108.138
2024-10-04 05:00:00,108.138,108.166,108.015,108.023
2024-10-04 06:00:00,108.021,108.061,107.954,107.97
2024-10-04 07:00:00,107.968,107.982,107.801,107.877
2024-10-04 08:00:00,107.875,107.952,107.669,107.785
2024-10-04 09:00:00,107.783,107.82,107.666,107.78
2024-10-04 10:00:00,107.777,107.927,107.773,107.896
2024-10-04 11:00:00,107.898,107.972,107.832,107.922
2024-10-04 12:00:00,107.922,108.034,107.901,108.033
2024-10-04 13:00:00,108.035,108.139,107.972,108.081
2024-10-04 14:00:00,108.079,108.168,108.044,108.144
2024-10-04 15:00:00,108.144,109.478,108.05,109.439
2024-10-04 16:00:00,109.442,109.529,109.207,109.25
2024-10-04 17:00:00,109.251,109.473,109.239,109.378
2024-10-04 18:00:00,109.377,109.553,109.307,109.503
2024-10-04 19:00:00,109.506,109.723,109.491,109.686
2024-10-04 20:00:00,109.682,109.734,109.558,109.59
2024-10-04 21:00:00,109.589,109.664,109.561,109.657
2024-10-04 22:00:00,109.655,109.683,109.584,109.606
2024-10-04 23:00:00,109.604,109.608,109.432,109.489
2024-10-07 00:00:00,109.477,109.646,109.431,109.548
2024-10-07 01:00:00,109.544,109.816,109.544,109.688
2024-10-07 02:00:00,109.688,109.798,109.542,109.554
2024-10-07 03:00:00,109.556,109.556,109.242,109.281
2024-10-07 04:00:00,109.281,109.412,109.223,109.264
2024-10-07 05:00:00,109.267,109.409,109.155,109.402
2024-10-07 06:00:00,109.404,109.459,109.24,109.288
2024-10-07 07:00:00,109.288,109.36,109.229,109.358
2024-10-07 08:00:00,109.358,109.403,109.218,109.241
2024-10-07 09:00:00,109.242,109.317,109.199,109.24
2024-10-07 10:00:00,109.237,109.289,109.021,109.102
2024-10-07 11:00:00,109.106,109.184,108.972,109.113
2024-10-07 12:00:00,109.111,109.203,109.055,109.14
2024-10-07 13:00:00,109.14,109.38,109.108,109.372
2024-10-07 14:00:00,109.374,109.397,109.099,109.161
2024-10-07 15:00:00,109.162,109.168,108.928,108.999
2024-10-07 16:00:00,109.013,109.044,108.693,108.744
2024-10-07 17:00:00,108.744,108.933,108.725,108.884
2024-10-07 18:00:00,108.884,108.959,108.782,108.844
2024-10-07 19:00:00,108.847,108.887,108.764,108.764
2024-10-07 20:00:00,108.764,108.809,108.696,108.73
2024-10-07 21:00:00,108.73,108.754,108.558,108.589
2024-10-07 22:00:00,108.589,108.706,108.57,108.679
2024-10-07 23:00:00,108.681,108.836,108.676,108.788
2024-10-08 00:00:00,108.793,108.794,108.667,108.749
2024-10-08 01:00:00,108.759,108.776,108.314,108.395
2024-10-08 02:00:00,108.39,108.773,108.39,108.747
2024-10-08 03:00:00,108.755,108.789,108.519,108.572
2024-10-08 04:00:00,108.572,108.663,108.507,108.576
2024-10-08 05:00:00,108.576,108.59,108.212,108.403
2024-10-08 06:00:00,108.401,108.619,108.401,108.57
2024-10-08 07:00:00,108.57,108.732,108.557,108.714
2024-10-08 08:00:00,108.711,108.792,108.472,108.567
2024-10-08 09:00:00,108.568,108.673,108.423,108.496
2024-10-08 10:00:00,108.505,108.528,108.019,108.207
2024-10-08 11:00:00,108.214,108.384,108.125,108.37
2024-10-08 12:00:00,108.37,108.449,108.293,108.341
2024-10-08 13:00:00,108.339,108.489,108.317,108.415
2024-10-08 14:00:00,108.415,108.506,108.353,108.403
2024-10-08 15:00:00,108.405,108.566,108.405,108.483
2024-10-08 16:00:00,108.483,108.599,108.419,108.578
2024-10-08 17:00:00,108.587,108.645,108.401,108.502
2024-10-08 18:00:00,108.504,108.517,108.405,108.486
2024-10-08 19:00:00,108.485,108.515,108.368,108.421
2024-10-08 20:00:00,108.423,108.576,108.407,108.574
2024-10-08 21:00:00,108.572,108.639,108.523,108.631
2024-10-08 22:00:00,108.631,108.663,108.601,108.64
2024-10-08 23:00:00,108.639,108.669,108.535,108.591
2024-10-09 00:00:00,108.576,108.605,108.519,108.576
2024-10-09 01:00:00,108.572,108.659,108.572,108.619
2024-10-09 02:00:00,108.615,108.693,108.474,108.483
2024-10-09 03:00:00,108.485,108.562,108.393,108.548
2024-10-09 04:00:00,108.548,108.688,108.485,108.492
2024-10-09 05:00:00,108.491,108.565,108.405,108.549
2024-10-09 06:00:00,108.551,108.576,108.468,108.558
2024-10-09 07:00:00,108.553,108.606,108.533,108.576
2024-10-09 08:00:00,108.577,108.842,108.577,108.825
2024-10-09 09:00:00,108.822,108.839,108.647,108.66
2024-10-09 10:00:00,108.658,108.702,108.474,108.664
2024-10-09 11:00:00,108.664,108.788,108.596,108.783
2024-10-09 12:00:00,108.783,108.818,108.679,108.751
2024-10-09 13:00:00,108.751,108.801,108.632,108.683
2024-10-09 14:00:00,108.685,108.736,108.592,108.723
2024-10-09 15:00:00,108.72,108.861,108.691,108.819
2024-10-09 16:00:00,108.819,109.026,108.73,109.007
2024-10-09 17:00:00,109.009,109.056,108.874,108.946
2024-10-09 18:00:00,108.941,109.081,108.934,109.013
2024-10-09 19:00:00,109.011,109.084,108.972,108.981
2024-10-09 20:00:00,108.985,109.005,108.912,108.918
2024-10-09 21:00:00,108.916,109.01,108.891,108.936
2024-10-09 22:00:00,108.937,108.941,108.838,108.893
2024-10-09 23:00:00,108.892,108.91,108.85,108.874
2024-10-10 00:00:00,108.879,108.931,108.717,108.772
2024-10-10 01:00:00,108.772,108.878,108.772,108.834
2024-10-10 02:00:00,108.834,108.878,108.782,108.8
2024-10-10 03:00:00,108.802,108.903,108.676,108.824
2024-10-10 04:00:00,108.82,108.841,108.718,108.735
2024-10-10 05:00:00,108.732,108.863,108.731,108.854
2024-10-10 06:00:00,108.854,108.874,108.813,108.869
2024-10-10 07:00:00,108.871,109.088,108.871,109.004
2024-10-10 08:00:00,109.004,109.06,108.82,108.858
2024-10-10 09:00:00,108.849,108.851,108.666,108.693
2024-10-10 10:00:00,108.692,108.704,108.477,108.545
2024-10-10 11:00:00,108.546,108.653,108.518,108.539
2024-10-10 12:00:00,108.53,108.56,108.381,108.409
2024-10-10 13:00:00,108.409,108.44,108.325,108.355
2024-10-10 14:00:00,108.355,108.437,108.307,108.312
2024-10-10 15:00:00,108.312,108.733,107.946,108.148
2024-10-10 16:00:00,108.148,108.21,107.825,107.978
2024-10-10 17:00:00,107.979,108.212,107.875,108.111
2024-10-10 18:00:00,108.11,108.215,107.894,108.03
2024-10-10 19:00:00,108.029,108.217,107.898,108.191
2024-10-10 20:00:00,108.193,108.239,108.103,108.195
2024-10-10 21:00:00,108.198,108.219,108.059,108.121
2024-10-10 22:00:00,108.122,108.13,108.023,108.106
2024-10-10 23:00:00,108.105,108.141,108.07,108.104
2024-10-11 00:00:00,108.108,108.114,108.031,108.055
2024-10-11 01:00:00,108.082,108.167,108.058,108.163
2024-10-11 02:00:00,108.159,108.199,108.07,108.176
2024-10-11 03:00:00,108.176,108.22,107.948,107.984
2024-10-11 04:00:00,107.979,108.177,107.939,108.151
2024-10-11 05:00:00,108.153,108.157,108.053,108.078
2024-10-11 06:00:00,108.08,108.132,108.014,108.118
2024-10-11 07:00:00,108.118,108.159,108.098,108.116
2024-10-11 08:00:00,108.116,108.132,108.045,108.1
2024-10-11 09:00:00,108.093,108.17,107.988,108.024
2024-10-11 10:00:00,108.02,108.166,108.009,108.143
2024-10-11 11:00:00,108.141,108.194,108.0,108.053
2024-10-11 12:00:00,108.057,108.194,108.054,108.187
2024-10-11 13:00:00,108.19,108.282,108.167,108.271
2024-10-11 14:00:00,108.27,108.296,108.162,108.172
2024-10-11 15:00:00,108.173,108.601,108.075,108.408
2024-10-11 16:00:00,108.409,108.463,108.317,108.399
2024-10-11 17:00:00,108.37,108.557,108.292,108.362
2024-10-11 18:00:00,108.362,108.394,108.27,108.306
2024-10-11 19:00:00,108.306,108.325,108.242,108.292
2024-10-11 20:00:00,108.292,108.369,108.26,108.324
2024-10-11 21:00:00,108.326,108.371,108.322,108.354
2024-10-11 22:00:00,108.354,108.387,108.334,108.366
2024-10-11 23:00:00,108.365,108.4,108.282,108.328
2024-10-14 00:00:00,108.253,108.411,108.246,108.336
2024-10-14 01:00:00,108.341,108.41,108.273,108.365
2024-10-14 02:00:00,108.377,108.417,108.273,108.327
2024-10-14 03:00:00,108.327,108.352,108.227,108.285
2024-10-14 04:00:00,108.283,108.307,108.216,108.238
2024-10-14 05:00:00,108.238,108.361,108.2,108.36
2024-10-14 06:00:00,108.36,108.429,108.319,108.391
2024-10-14 07:00:00,108.391,108.4,108.336,108.357
2024-10-14 08:00:00,108.357,108.387,108.287,108.331
2024-10-14 09:00:00,108.33,108.347,108.274,108.29
2024-10-14 10:00:00,108.289,108.393,108.258,108.372
2024-10-14 11:00:00,108.374,108.431,108.349,108.378
2024-10-14 12:00:00,108.38,108.396,108.293,108.295
2024-10-14 13:00:00,108.293,108.384,108.291,108.371
2024-10-14 14:00:00,108.371,108.541,108.368,108.519
2024-10-14 15:00:00,108.519,108.6,108.474,108.531
2024-10-14 16:00:00,108.531,108.655,108.522,108.652
2024-10-14 17:00:00,108.652,108.724,108.633,108.673
2024-10-14 18:00:00,108.672,108.682,108.593,108.595
2024-10-14 19:00:00,108.594,108.679,108.573,108.679
2024-10-14 20:00:00,108.679,108.682,108.604,108.628
2024-10-14 21:00:00,108.628,108.648,108.594,108.606
2024-10-14 22:00:00,108.614,108.639,108.511,108.552
2024-10-14 23:00:00,108.553,108.574,108.518,108.54
2024-10-15 00:00:00,108.541,108.62,108.376,108.553
2024-10-15 01:00:00,108.553,108.553,108.481,108.493
2024-10-15 02:00:00,108.494,108.569,108.426,108.467
2024-10-15 03:00:00,108.469,108.5,108.368,108.41
2024-10-15 04:00:00,108.413,108.425,108.305,108.371
2024-10-15 05:00:00,108.373,108.493,108.361,108.391
2024-10-15 06:00:00,108.391,108.45,108.344,108.446
2024-10-15 07:00:00,108.446,108.463,108.416,108.419
2024-10-15 08:00:00,108.42,108.426,108.172,108.35
2024-10-15 09:00:00,108.348,108.348,108.123,108.133
2024-10-15 10:00:00,108.13,108.138,108.0,108.058
2024-10-15 11:00:00,108.061,108.067,107.923,108.026
2024-10-15 12:00:00,108.032,108.04,107.799,107.832
2024-10-15 13:00:00,107.831,108.025,107.809,107.971
2024-10-15 14:00:00,107.973,108.14,107.955,108.088
2024-10-15 15:00:00,108.089,108.131,107.699,107.831
2024-10-15 16:00:00,107.828,108.092,107.828,107.986
2024-10-15 17:00:00,107.984,108.198,107.808,108.14
2024-10-15 18:00:00,108.137,108.202,108.073,108.101
2024-10-15 19:00:00,108.103,108.329,108.103,108.293
2024-10-15 20:00:00,108.3,108.343,108.222,108.235
2024-10-15 21:00:00,108.237,108.259,108.151,108.224
2024-10-15 22:00:00,108.224,108.259,108.138,108.255
2024-10-15 23:00:00,108.253,108.346,108.233,108.296
2024-10-16 00:00:00,108.3,108.343,108.22,108.309
2024-10-16 01:00:00,108.307,108.338,108.213,108.333
2024-10-16 02:00:00,108.335,108.37,108.162,108.177
2024-10-16 03:00:00,108.182,108.273,108.105,108.265
2024-10-16 04:00:00,108.265,108.305,108.01,108.151
2024-10-16 05:00:00,108.149,108.219,108.07,108.219
2024-10-16 06:00:00,108.218,108.304,108.163,108.277
2024-10-16 07:00:00,108.273,108.348,108.253,108.339
2024-10-16 08:00:00,108.339,108.43,108.271,108.414
2024-10-16 09:00:00,108.415,108.415,108.216,108.334
2024-10-16 10:00:00,108.334,108.462,108.257,108.437
2024-10-16 11:00:00,108.436,108.438,108.292,108.378
2024-10-16 12:00:00,108.378,108.392,108.219,108.272
2024-10-16 13:00:00,108.275,108.345,108.212,108.321
2024-10-16 14:00:00,108.325,108.37,108.198,108.232
2024-10-16 15:00:00,108.234,108.463,108.213,108.448
2024-10-16 16:00:00,108.448,108.496,108.351,108.408
2024-10-16 17:00:00,108.41,108.647,108.406,108.603
2024-10-16 18:00:00,108.602,108.725,108.525,108.702
2024-10-16 19:00:00,108.703,108.776,108.68,108.773
2024-10-16 20:00:00,108.773,108.814,108.757,108.794
2024-10-16 21:00:00,108.793,108.88,108.79,108.841
2024-10-16 22:00:00,108.841,108.903,108.828,108.877
2024-10-16 23:00:00,108.874,108.877,108.792,108.798
2024-10-17 00:00:00,108.706,108.805,108.623,108.746
2024-10-17 01:00:00,108.746,108.806,108.708,108.729
2024-10-17 02:00:00,108.729,108.786,108.698,108.723
2024-10-17 03:00:00,108.721,108.793,108.642,108.728
2024-10-17 04:00:00,108.728,108.744,108.568,108.637
2024-10-17 05:00:00,108.637,108.663,108.457,108.618
2024-10-17 06:00:00,108.62,108.675,108.561,108.666
2024-10-17 07:00:00,108.668,108.683,108.533,108.64
2024-10-17 08:00:00,108.64,108.67,108.583,108.622
2024-10-17 09:00:00,108.622,108.683,108.566,108.617
2024-10-17 10:00:00,108.62,108.692,108.572,108.663
2024-10-17 11:00:00,108.663,108.73,108.632,108.722
2024-10-17 12:00:00,108.722,108.722,108.56,108.568
2024-10-17 13:00:00,108.566,108.589,108.532,108.574
2024-10-17 14:00:00,108.575,108.611,108.501,108.539
2024-10-17 15:00:00,108.539,108.837,108.455,108.723
2024-10-17 16:00:00,108.724,108.784,108.565,108.72
2024-10-17 17:00:00,108.715,108.859,108.669,108.812
2024-10-17 18:00:00,108.811,108.911,108.773,108.855
2024-10-17 19:00:00,108.856,108.967,108.849,108.935
2024-10-17 20:00:00,108.933,108.947,108.859,108.935
2024-10-17 21:00:00,108.937,108.956,108.863,108.903
2024-10-17 22:00:00,108.903,108.946,108.845,108.854
2024-10-17 23:00:00,108.856,108.9,108.845,108.871
2024-10-18 00:00:00,108.872,108.883,108.78,108.848
2024-10-18 01:00:00,108.845,108.893,108.819,108.859
2024-10-18 02:00:00,108.861,108.9,108.779,108.794
2024-10-18 03:00:00,108.798,108.814,108.635,108.747
2024-10-18 04:00:00,108.743,108.8,108.648,108.763
2024-10-18 05:00:00,108.766,108.812,108.683,108.686
2024-10-18 06:00:00,108.686,108.728,108.617,108.659
2024-10-18 07:00:00,108.661,108.751,108.628,108.658
2024-10-18 08:00:00,108.66,108.679,108.563,108.655
2024-10-18 09:00:00,108.658,108.749,108.605,108.682
2024-10-18 10:00:00,108.681,108.862,108.64,108.824
2024-10-18 11:00:00,108.82,108.868,108.658,108.678
2024-10-18 12:00:00,108.68,108.712,108.615,108.69
2024-10-18 13:00:00,108.693,108.72,108.419,108.714
2024-10-18 14:00:00,108.711,108.832,108.691,108.784
2024-10-18 15:00:00,108.786,108.833,108.577,108.627
2024-10-18 16:00:00,108.626,108.671,108.505,108.513
2024-10-18 17:00:00,108.513,108.518,108.357,108.359
2024-10-18 18:00:00,108.358,108.382,108.273,108.353
2024-10-18 19:00:00,108.35,108.385,108.246,108.302
2024-10-18 20:00:00,108.299,108.385,108.282,108.363
2024-10-18 21:00:00,108.363,108.367,108.213,108.272
2024-10-18 22:00:00,108.27,108.298,108.241,108.283
2024-10-18 23:00:00,108.292,108.338,108.219,108.311
2024-10-21 00:00:00,108.28,108.349,108.226,108.296
2024-10-21 01:00:00,108.294,108.414,108.288,108.368
2024-10-21 02:00:00,108.367,108.413,108.31,108.401
2024-10-21 03:00:00,108.404,108.411,108.107,108.191
2024-10-21 04:00:00,108.201,108.222,108.014,108.063
2024-10-21 05:00:00,108.065,108.126,107.99,108.081
2024-10-21 06:00:00,108.078,108.093,107.985,108.08
2024-10-21 07:00:00,108.08,108.144,108.055,108.119
2024-10-21 08:00:00,108.117,108.151,108.021,108.145
2024-10-21 09:00:00,108.146,108.273,108.083,108.263
2024-10-21 10:00:00,108.256,108.452,108.252,108.439
2024-10-21 11:00:00,108.441,108.546,108.421,108.537
2024-10-21 12:00:00,108.538,108.589,108.436,108.566
2024-10-21 13:00:00,108.565,108.574,108.429,108.464
2024-10-21 14:00:00,108.464,108.512,108.432,108.496
2024-10-21 15:00:00,108.494,108.562,108.392,108.48
2024-10-21 16:00:00,108.48,108.595,108.443,108.58
2024-10-21 17:00:00,108.583,108.638,108.555,108.605
2024-10-21 18:00:00,108.605,108.669,108.486,108.662
2024-10-21 19:00:00,108.659,108.748,108.642,108.72
2024-10-21 20:00:00,108.72,108.974,108.713,108.959
2024-10-21 21:00:00,108.959,108.993,108.919,108.927
2024-10-21 22:00:00,108.927,109.004,108.9,108.968
2024-10-21 23:00:00,108.968,109.083,108.951,109.03
2024-10-22 00:00:00,108.934,109.044,108.782,108.936
2024-10-22 01:00:00,108.92,108.989,108.878,108.903
2024-10-22 02:00:00,108.903,108.992,108.856,108.872
2024-10-22 03:00:00,108.872,108.974,108.832,108.871
2024-10-22 04:00:00,108.871,108.964,108.786,108.918
2024-10-22 05:00:00,108.918,109.031,108.895,109.016
2024-10-22 06:00:00,109.014,109.164,109.008,109.129
2024-10-22 07:00:00,109.129,109.264,109.08,109.092
2024-10-22 08:00:00,109.092,109.198,109.024,109.059
2024-10-22 09:00:00,109.063,109.102,108.956,109.066
2024-10-22 10:00:00,109.058,109.253,108.963,109.195
2024-10-22 11:00:00,109.195,109.208,109.037,109.136
2024-10-22 12:00:00,109.131,109.163,109.009,109.058
2024-10-22 13:00:00,109.058,109.113,108.982,109.048
2024-10-22 14:00:00,109.046,109.136,109.017,109.069
2024-10-22 15:00:00,109.069,109.13,109.021,109.125
2024-10-22 16:00:00,109.128,109.197,108.975,109.174
2024-10-22 17:00:00,109.175,109.29,109.113,109.233
2024-10-22 18:00:00,109.233,109.294,109.156,109.252
2024-10-22 19:00:00,109.253,109.349,109.213,109.228
2024-10-22 20:00:00,109.228,109.294,109.191,109.234
2024-10-22 21:00:00,109.237,109.301,109.178,109.289
2024-10-22 22:00:00,109.289,109.383,109.272,109.334
2024-10-22 23:00:00,109.333,109.368,109.317,109.318
2024-10-23 00:00:00,109.315,109.329,109.179,109.296
2024-10-23 01:00:00,109.296,109.327,109.27,109.327
2024-10-23 02:00:00,109.326,109.389,109.301,109.385
2024-10-23 03:00:00,109.382,109.564,109.371,109.548
2024-10-23 04:00:00,109.55,109.792,109.53,109.692
2024-10-23 05:00:00,109.695,109.827,109.692,109.81
2024-10-23 06:00:00,109.809,109.886,109.779,109.812
2024-10-23 07:00:00,109.809,110.069,109.792,110.034
2024-10-23 08:00:00,110.032,110.165,109.999,110.107
2024-10-23 09:00:00,110.111,110.225,110.062,110.162
2024-10-23 10:00:00,110.162,110.368,110.127,110.217
2024-10-23 11:00:00,110.214,110.34,110.174,110.243
2024-10-23 12:00:00,110.237,110.49,110.233,110.462
2024-10-23 13:00:00,110.462,110.542,110.374,110.479
2024-10-23 14:00:00,110.477,110.627,110.455,110.613
2024-10-23 15:00:00,110.613,110.644,110.481,110.549
2024-10-23 16:00:00,110.549,110.641,110.379,110.591
2024-10-23 17:00:00,110.591,110.604,110.401,110.515
2024-10-23 18:00:00,110.514,110.535,110.326,110.417
2024-10-23 19:00:00,110.417,110.475,110.397,110.438
2024-10-23 20:00:00,110.437,110.482,110.371,110.377
2024-10-23 21:00:00,110.379,110.379,110.121,110.302
2024-10-23 22:00:00,110.299,110.335,110.223,110.277
2024-10-23 23:00:00,110.276,110.404,110.233,110.393
2024-10-24 00:00:00,110.392,110.392,110.314,110.353
2024-10-24 01:00:00,110.359,110.439,110.332,110.358
2024-10-24 02:00:00,110.357,110.427,110.283,110.404
2024-10-24 03:00:00,110.395,110.448,110.288,110.422
2024-10-24 04:00:00,110.419,110.492,110.368,110.416
2024-10-24 05:00:00,110.416,110.423,110.203,110.26
2024-10-24 06:00:00,110.262,110.322,110.191,110.226
2024-10-24 07:00:00,110.226,110.227,110.044,110.118
2024-10-24 08:00:00,110.118,110.253,110.11,110.242
2024-10-24 09:00:00,110.241,110.242,109.97,109.982
2024-10-24 10:00:00,109.986,110.215,109.975,110.095
2024-10-24 11:00:00,110.093,110.169,109.964,110.032
2024-10-24 12:00:00,110.032,110.059,109.909,109.994
2024-10-24 13:00:00,109.995,109.997,109.898,109.905
2024-10-24 14:00:00,109.902,110.049,109.851,110.045
2024-10-24 15:00:00,110.05,110.144,109.886,109.985
2024-10-24 16:00:00,109.987,110.137,109.906,110.049
2024-10-24 17:00:00,110.032,110.112,109.665,109.709
2024-10-24 18:00:00,109.709,109.766,109.542,109.596
2024-10-24 19:00:00,109.599,109.599,109.393,109.423
2024-10-24 20:00:00,109.425,109.548,109.401,109.439
2024-10-24 21:00:00,109.439,109.617,109.428,109.575
2024-10-24 22:00:00,109.58,109.649,109.569,109.606
2024-10-24 23:00:00,109.61,109.65,109.566,109.577
2024-10-25 00:00:00,109.582,109.6,109.466,109.572
2024-10-25 01:00:00,109.582,109.6,109.48,109.487
2024-10-25 02:00:00,109.487,109.581,109.405,109.56
2024-10-25 03:00:00,109.556,109.802,109.539,109.741
2024-10-25 04:00:00,109.74,109.78,109.576,109.625
2024-10-25 05:00:00,109.624,109.647,109.539,109.637
2024-10-25 06:00:00,109.637,109.659,109.571,109.595
2024-10-25 07:00:00,109.595,109.61,109.42,109.496
2024-10-25 08:00:00,109.496,109.549,109.336,109.544
2024-10-25 09:00:00,109.539,109.72,109.502,109.621
2024-10-25 10:00:00,109.623,109.76,109.614,109.744
2024-10-25 11:00:00,109.745,109.816,109.685,109.727
2024-10-25 12:00:00,109.718,109.846,109.689,109.768
2024-10-25 13:00:00,109.763,109.784,109.66,109.682
2024-10-25 14:00:00,109.679,109.702,109.557,109.607
2024-10-25 15:00:00,109.607,109.827,109.607,109.76
2024-10-25 16:00:00,109.76,109.925,109.665,109.665
2024-10-25 17:00:00,109.662,109.777,109.579,109.651
2024-10-25 18:00:00,109.653,109.657,109.534,109.546
2024-10-25 19:00:00,109.545,109.668,109.506,109.638
2024-10-25 20:00:00,109.636,109.702,109.505,109.539
2024-10-25 21:00:00,109.538,109.698,109.474,109.641
2024-10-25 22:00:00,109.641,109.735,109.554,109.561
2024-10-25 23:00:00,109.553,109.64,109.522,109.596
2024-10-28 00:00:00,110.055,110.251,109.855,110.057
2024-10-28 01:00:00,110.059,110.135,109.938,110.06
2024-10-28 02:00:00,110.064,110.445,109.945,110.431
2024-10-28 03:00:00,110.431,110.717,110.422,110.705
2024-10-28 04:00:00,110.703,110.715,110.462,110.485
2024-10-28 05:00:00,110.485,110.567,110.43,110.483
2024-10-28 06:00:00,110.481,110.549,110.31,110.54
2024-10-28 07:00:00,110.54,110.612,110.433,110.465
2024-10-28 08:00:00,110.465,110.484,110.304,110.451
2024-10-28 09:00:00,110.453,110.548,110.285,110.389
2024-10-28 10:00:00,110.388,110.451,110.288,110.296
2024-10-28 11:00:00,110.297,110.303,110.012,110.045
2024-10-28 12:00:00,110.045,110.051,109.751,109.8
2024-10-28 13:00:00,109.8,109.942,109.751,109.932
2024-10-28 14:00:00,109.92,109.925,109.683,109.849
2024-10-28 15:00:00,109.849,110.016,109.792,109.996
2024-10-28 16:00:00,110.004,110.146,109.976,110.09
2024-10-28 17:00:00,110.093,110.217,110.023,110.19
2024-10-28 18:00:00,110.194,110.286,110.179,110.261
2024-10-28 19:00:00,110.258,110.344,110.246,110.329
2024-10-28 20:00:00,110.329,110.39,110.29,110.291
2024-10-28 21:00:00,110.292,110.324,110.255,110.313
2024-10-28 22:00:00,110.314,110.383,110.297,110.346
2024-10-28 23:00:00,110.345,110.36,110.212,110.294
2024-10-29 00:00:00,110.294,110.366,110.273,110.336
2024-10-29 01:00:00,110.336,110.361,110.259,110.259
2024-10-29 02:00:00,110.263,110.319,110.064,110.154
2024-10-29 03:00:00,110.154,110.232,110.045,110.113
2024-10-29 04:00:00,110.111,110.197,110.063,110.134
2024-10-29 05:00:00,110.134,110.213,110.091,110.117
2024-10-29 06:00:00,110.12,110.12,109.989,110.025
2024-10-29 07:00:00,110.028,110.046,109.909,109.988
2024-10-29 08:00:00,109.986,110.171,109.986,110.143
2024-10-29 09:00:00,110.142,110.357,110.142,110.286
2024-10-29 10:00:00,110.286,110.558,110.272,110.508
2024-10-29 11:00:00,110.508,110.561,110.474,110.525
2024-10-29 12:00:00,110.525,110.58,110.444,110.457
2024-10-29 13:00:00,110.456,110.638,110.433,110.638
2024-10-29 14:00:00,110.639,110.688,110.587,110.599
2024-10-29 15:00:00,110.6,110.621,110.469,110.531
2024-10-29 16:00:00,110.534,110.538,110.191,110.345
2024-10-29 17:00:00,110.348,110.489,110.326,110.353
2024-10-29 18:00:00,110.354,110.354,110.23,110.286
2024-10-29 19:00:00,110.286,110.327,110.164,110.192
2024-10-29 20:00:00,110.196,110.298,110.184,110.2
2024-10-29 21:00:00,110.197,110.258,110.179,110.236
2024-10-29 22:00:00,110.238,110.263,110.174,110.197
2024-10-29 23:00:00,110.195,110.235,110.107,110.178
2024-10-30 00:00:00,110.168,110.215,110.099,110.155
2024-10-30 01:00:00,110.151,110.222,110.071,110.139
2024-10-30 02:00:00,110.138,110.186,110.029,110.145
2024-10-30 03:00:00,110.144,110.177,110.074,110.121
2024-10-30 04:00:00,110.131,110.242,110.099,110.146
2024-10-30 05:00:00,110.148,110.175,110.102,110.143
2024-10-30 06:00:00,110.143,110.165,110.048,110.152
2024-10-30 07:00:00,110.151,110.17,110.042,110.071
2024-10-30 08:00:00,110.071,110.242,110.071,110.151
2024-10-30 09:00:00,110.154,110.207,110.113,110.157
2024-10-30 10:00:00,110.161,110.203,109.87,109.903
2024-10-30 11:00:00,109.912,110.112,109.884,109.996
2024-10-30 12:00:00,109.996,109.997,109.778,109.824
2024-10-30 13:00:00,109.83,109.895,109.731,109.879
2024-10-30 14:00:00,109.883,110.173,109.846,110.052
2024-10-30 15:00:00,110.055,110.107,109.886,109.908
2024-10-30 16:00:00,109.901,110.131,109.898,110.06
2024-10-30 17:00:00,110.052,110.229,110.052,110.093
2024-10-30 18:00:00,110.087,110.121,109.935,109.995
2024-10-30 19:00:00,109.993,110.231,109.99,110.22
2024-10-30 20:00:00,110.22,110.259,110.178,110.248
2024-10-30 21:00:00,110.248,110.383,110.244,110.277
2024-10-30 22:00:00,110.277,110.374,110.252,110.335
2024-10-30 23:00:00,110.325,110.325,110.216,110.283
2024-10-31 00:00:00,110.282,110.307,110.186,110.224
2024-10-31 01:00:00,110.217,110.264,110.159,110.177
2024-10-31 02:00:00,110.173,110.363,110.109,110.334
2024-10-31 03:00:00,110.337,110.385,110.256,110.304
2024-10-31 04:00:00,110.304,110.351,110.065,110.232
2024-10-31 05:00:00,110.232,110.241,109.909,109.969
2024-10-31 06:00:00,109.969,109.989,109.799,109.863
2024-10-31 07:00:00,109.86,109.978,109.826,109.829
2024-10-31 08:00:00,109.829,109.912,109.285,109.36
2024-10-31 09:00:00,109.362,109.656,109.273,109.417
2024-10-31 10:00:00,109.405,109.529,109.191,109.491
2024-10-31 11:00:00,109.491,109.628,109.417,109.613
2024-10-31 12:00:00,109.612,109.615,109.398,109.513
2024-10-31 13:00:00,109.511,109.803,109.511,109.766
2024-10-31 14:00:00,109.765,109.949,109.634,109.816
2024-10-31 15:00:00,109.822,110.035,109.793,110.018
2024-10-31 16:00:00,110.02,110.049,109.636,109.702
2024-10-31 17:00:00,109.698,109.783,109.095,109.303
2024-10-31 18:00:00,109.307,109.443,109.214,109.442
2024-10-31 19:00:00,109.442,109.501,109.284,109.306
2024-10-31 20:00:00,109.309,109.363,109.172,109.332
2024-10-31 21:00:00,109.334,109.369,109.115,109.13
2024-10-31 22:00:00,109.13,109.275,109.073,109.111
2024-10-31 23:00:00,109.117,109.124,108.976,109.123
2024-11-01 00:00:00,109.161,109.234,109.132,109.163
2024-11-01 01:00:00,109.16,109.169,108.948,109.056
2024-11-01 02:00:00,109.059,109.217,109.018,109.128
2024-11-01 03:00:00,109.135,109.322,109.072,109.211
2024-11-01 04:00:00,109.211,109.372,109.188,109.351
2024-11-01 05:00:00,109.35,109.433,109.304,109.427
2024-11-01 06:00:00,109.432,109.53,109.432,109.479
2024-11-01 07:00:00,109.479,109.529,109.41,109.447
2024-11-01 08:00:00,109.45,109.477,109.294,109.34
2024-11-01 09:00:00,109.34,109.445,109.208,109.421
2024-11-01 10:00:00,109.415,109.603,109.407,109.571
2024-11-01 11:00:00,109.568,109.721,109.539,109.678
2024-11-01 12:00:00,109.677,109.725,109.56,109.566
2024-11-01 13:00:00,109.562,109.664,109.518,109.64
2024-11-01 14:00:00,109.637,109.72,109.148,109.291
2024-11-01 15:00:00,109.288,109.609,109.246,109.492
2024-11-01 16:00:00,109.446,109.901,109.446,109.866
2024-11-01 17:00:00,109.865,109.965,109.741,109.829
2024-11-01 18:00:00,109.826,109.866,109.617,109.653
2024-11-01 19:00:00,109.653,109.739,109.567,109.608
2024-11-01 20:00:00,109.604,109.646,109.572,109.633
2024-11-01 21:00:00,109.635,109.681,109.589,109.603
2024-11-01 22:00:00,109.604,109.701,109.52,109.543
2024-11-04 00:00:00,109.355,109.549,109.264,109.473
2024-11-04 01:00:00,109.469,109.494,109.318,109.39
2024-11-04 02:00:00,109.39,109.395,109.231,109.28
2024-11-04 03:00:00,109.28,109.301,109.091,109.154
2024-11-04 04:00:00,109.154,109.269,109.143,109.161
2024-11-04 05:00:00,109.159,109.214,109.061,109.197
2024-11-04 06:00:00,109.197,109.24,109.152,109.212
2024-11-04 07:00:00,109.215,109.282,109.208,109.232
2024-11-04 08:00:00,109.234,109.437,109.191,109.435
2024-11-04 09:00:00,109.435,109.467,109.296,109.314
2024-11-04 10:00:00,109.318,109.351,109.194,109.271
2024-11-04 11:00:00,109.272,109.304,109.082,109.167
2024-11-04 12:00:00,109.166,109.237,109.076,109.131
2024-11-04 13:00:00,109.13,109.136,108.998,109.06
2024-11-04 14:00:00,109.061,109.19,109.05,109.173
2024-11-04 15:00:00,109.174,109.342,109.148,109.191
2024-11-04 16:00:00,109.187,109.447,109.108,109.309
2024-11-04 17:00:00,109.297,109.543,109.25,109.423
2024-11-04 18:00:00,109.423,109.553,109.335,109.38
2024-11-04 19:00:00,109.38,109.499,109.306,109.43
2024-11-04 20:00:00,109.429,109.524,109.384,109.45
2024-11-04 21:00:00,109.453,109.499,109.43,109.475
2024-11-04 22:00:00,109.475,109.493,109.426,109.436
2024-11-04 23:00:00,109.436,109.479,109.406,109.42
2024-11-05 00:00:00,109.423,109.455,109.33,109.405
2024-11-05 01:00:00,109.421,109.551,109.42,109.541
2024-11-05 02:00:00,109.538,109.631,109.407,109.563
2024-11-05 03:00:00,109.565,109.641,109.485,109.539
2024-11-05 04:00:00,109.539,109.56,109.465,109.529
2024-11-05 05:00:00,109.53,109.638,109.509,109.602
2024-11-05 06:00:00,109.602,109.716,109.601,109.668
2024-11-05 07:00:00,109.667,109.751,109.637,109.68
2024-11-05 08:00:00,109.681,109.704,109.591,109.663
2024-11-05 09:00:00,109.66,109.684,109.554,109.63
2024-11-05 10:00:00,109.632,109.729,109.589,109.615
2024-11-05 11:00:00,109.615,109.669,109.542,109.609
2024-11-05 12:00:00,109.609,109.655,109.574,109.647
2024-11-05 13:00:00,109.647,109.676,109.599,109.608
2024-11-05 14:00:00,109.602,109.734,109.556,109.701
2024-11-05 15:00:00,109.702,109.722,109.489,109.52
2024-11-05 16:00:00,109.528,109.597,109.479,109.511
2024-11-05 17:00:00,109.696,109.762,109.52,109.758
2024-11-05 18:00:00,109.762,109.766,109.656,109.69
2024-11-05 19:00:00,109.688,109.689,109.504,109.543
2024-11-05 20:00:00,109.545,109.557,109.329,109.442
2024-11-05 21:00:00,109.443,109.523,109.342,109.416
2024-11-05 22:00:00,109.412,109.518,109.381,109.51
2024-11-05 23:00:00,109.51,109.684,109.473,109.659
2024-11-06 00:00:00,109.656,109.664,109.476,109.586
2024-11-06 01:00:00,109.59,109.765,109.452,109.452
2024-11-06 02:00:00,109.456,110.134,109.357,110.116
2024-11-06 03:00:00,110.109,110.187,109.992,110.131
2024-11-06 04:00:00,110.127,110.705,110.072,110.667
2024-11-06 05:00:00,110.667,110.807,110.395,110.508
2024-11-06 06:00:00,110.508,110.654,110.349,110.428
2024-11-06 07:00:00,110.43,110.48,110.192,110.469
2024-11-06 08:00:00,110.461,110.763,110.4,110.598
2024-11-06 09:00:00,110.598,110.752,110.421,110.528
2024-11-06 10:00:00,110.522,110.854,110.521,110.772
2024-11-06 11:00:00,110.776,110.8,110.656,110.76
2024-11-06 12:00:00,110.76,110.889,110.728,110.846
2024-11-06 13:00:00,110.845,110.965,110.751,110.812
2024-11-06 14:00:00,110.812,111.015,110.771,110.938
2024-11-06 15:00:00,110.935,110.946,110.587,110.7
2024-11-06 16:00:00,110.699,110.734,110.574,110.657
2024-11-06 17:00:00,110.644,110.867,110.528,110.866
2024-11-06 18:00:00,110.866,111.013,110.758,110.953
2024-11-06 19:00:00,110.953,110.998,110.87,110.939
2024-11-06 20:00:00,110.936,110.972,110.773,110.821
2024-11-06 21:00:00,110.825,110.886,110.791,110.851
2024-11-06 22:00:00,110.851,110.921,110.819,110.885
2024-11-06 23:00:00,110.883,110.963,110.861,110.916
2024-11-07 00:00:00,110.929,110.929,110.792,110.824
2024-11-07 01:00:00,110.818,110.84,110.637,110.638
2024-11-07 02:00:00,110.636,110.972,110.613,110.889
2024-11-07 03:00:00,110.896,110.969,110.763,110.913
2024-11-07 04:00:00,110.914,111.128,110.824,111.104
2024-11-07 05:00:00,111.104,111.182,111.027,111.101
2024-11-07 06:00:00,111.101,111.108,110.815,110.965
2024-11-07 07:00:00,110.965,111.051,110.862,110.876
2024-11-07 08:00:00,110.872,111.014,110.849,110.866
2024-11-07 09:00:00,110.863,110.898,110.722,110.897
2024-11-07 10:00:00,110.895,111.013,110.89,111.003
2024-11-07 11:00:00,111.003,111.043,110.786,110.825
2024-11-07 12:00:00,110.825,110.933,110.78,110.928
2024-11-07 13:00:00,110.929,110.955,110.852,110.897
2024-11-07 14:00:00,110.894,110.93,110.663,110.71
2024-11-07 15:00:00,110.707,110.796,110.536,110.595
2024-11-07 16:00:00,110.595,110.669,110.468,110.542
2024-11-07 17:00:00,110.547,110.582,110.244,110.323
2024-11-07 18:00:00,110.325,110.459,110.281,110.443
2024-11-07 19:00:00,110.444,110.499,110.408,110.482
2024-11-07 20:00:00,110.483,110.486,110.293,110.317
2024-11-07 21:00:00,110.321,110.628,110.286,110.44
2024-11-07 22:00:00,110.441,110.463,110.233,110.279
2024-11-07 23:00:00,110.281,110.342,110.24,110.327
2024-11-08 00:00:00,110.313,110.328,110.194,110.286
2024-11-08 01:00:00,110.292,110.463,110.272,110.443
2024-11-08 02:00:00,110.434,110.484,110.252,110.368
2024-11-08 03:00:00,110.368,110.526,110.289,110.342
2024-11-08 04:00:00,110.338,110.367,110.224,110.296
2024-11-08 05:00:00,110.296,110.296,110.006,110.058
2024-11-08 06:00:00,110.058,110.069,109.901,110.009
2024-11-08 07:00:00,110.011,110.142,109.99,110.074
2024-11-08 08:00:00,110.073,110.133,109.97,110.032
2024-11-08 09:00:00,110.023,110.086,109.892,109.911
2024-11-08 10:00:00,109.911,109.942,109.656,109.682
2024-11-08 11:00:00,109.682,109.772,109.64,109.647
2024-11-08 12:00:00,109.646,109.698,109.507,109.541
2024-11-08 13:00:00,109.541,109.731,109.517,109.671
2024-11-08 14:00:00,109.671,109.724,109.54,109.54
2024-11-08 15:00:00,109.538,109.85,109.488,109.752
2024-11-08 16:00:00,109.754,109.883,109.672,109.847
2024-11-08 17:00:00,109.81,109.92,109.616,109.676
2024-11-08 18:00:00,109.675,109.782,109.58,109.589
2024-11-08 19:00:00,109.589,109.74,109.573,109.674
2024-11-08 20:00:00,109.674,109.734,109.6,109.681
2024-11-08 21:00:00,109.679,109.773,109.658,109.724
2024-11-08 22:00:00,109.726,109.763,109.592,109.599
2024-11-08 23:00:00,109.595,109.727,109.579,109.69
2024-11-11 00:00:00,109.661,109.803,109.615,109.714
2024-11-11 01:00:00,109.721,109.97,109.721,109.918
2024-11-11 02:00:00,109.917,110.078,109.895,110.078
2024-11-11 03:00:00,110.078,110.115,110.001,110.114
2024-11-11 04:00:00,110.115,110.226,110.056,110.211
2024-11-11 05:00:00,110.209,110.252,110.16,110.228
2024-11-11 06:00:00,110.228,110.347,110.228,110.299
2024-11-11 07:00:00,110.299,110.377,110.268,110.304
2024-11-11 08:00:00,110.304,110.362,110.245,110.248
2024-11-11 09:00:00,110.249,110.379,110.162,110.347
2024-11-11 10:00:00,110.347,110.504,110.325,110.42
2024-11-11 11:00:00,110.421,110.453,110.244,110.303
2024-11-11 12:00:00,110.304,110.406,110.258,110.314
2024-11-11 13:00:00,110.314,110.406,110.292,110.396
2024-11-11 14:00:00,110.396,110.43,110.339,110.348
2024-11-11 15:00:00,110.349,110.393,110.259,110.261
2024-11-11 16:00:00,110.257,110.41,110.16,110.394
2024-11-11 17:00:00,110.396,110.481,110.39,110.447
2024-11-11 18:00:00,110.447,110.537,110.432,110.518
2024-11-11 19:00:00,110.521,110.543,110.489,110.505
2024-11-11 20:00:00,110.505,110.505,110.371,110.435
2024-11-11 21:00:00,110.435,110.439,110.384,110.414
2024-11-11 22:00:00,110.414,110.427,110.304,110.338
2024-11-11 23:00:00,110.342,110.396,110.317,110.373
2024-11-12 00:00:00,110.38,110.408,110.205,110.394
2024-11-12 01:00:00,110.399,110.415,110.234,110.283
2024-11-12 02:00:00,110.283,110.467,110.25,110.442
2024-11-12 03:00:00,110.442,110.55,110.429,110.504
2024-11-12 04:00:00,110.495,110.512,110.283,110.307
2024-11-12 05:00:00,110.309,110.313,110.161,110.176
2024-11-12 06:00:00,110.174,110.174,110.058,110.084
2024-11-12 07:00:00,110.08,110.133,109.991,110.132
2024-11-12 08:00:00,110.129,110.267,110.112,110.255
2024-11-12 09:00:00,110.255,110.282,110.159,110.231
2024-11-12 10:00:00,110.233,110.331,110.148,110.33
2024-11-12 11:00:00,110.33,110.462,110.271,110.382
2024-11-12 12:00:00,110.376,110.386,110.269,110.328
2024-11-12 13:00:00,110.328,110.422,110.267,110.378
2024-11-12 14:00:00,110.38,110.527,110.375,110.524
2024-11-12 15:00:00,110.528,110.862,110.519,110.857
2024-11-12 16:00:00,110.856,110.89,110.665,110.766
2024-11-12 17:00:00,110.766,110.855,110.72,110.838
2024-11-12 18:00:00,110.838,110.927,110.753,110.869
2024-11-12 19:00:00,110.872,111.066,110.843,110.93
2024-11-12 20:00:00,110.93,110.963,110.887,110.921
2024-11-12 21:00:00,110.921,110.975,110.912,110.957
2024-11-12 22:00:00,110.958,110.997,110.859,110.887
2024-11-12 23:00:00,110.877,110.915,110.84,110.856
2024-11-13 00:00:00,110.853,110.895,110.687,110.786
2024-11-13 01:00:00,110.781,110.905,110.743,110.9
2024-11-13 02:00:00,110.898,111.075,110.892,111.074
2024-11-13 03:00:00,111.078,111.102,110.848,110.859
2024-11-13 04:00:00,110.859,110.994,110.801,110.945
2024-11-13 05:00:00,110.946,110.999,110.889,110.941
2024-11-13 06:00:00,110.941,111.004,110.902,110.974
2024-11-13 07:00:00,110.974,111.014,110.908,110.996
2024-11-13 08:00:00,110.995,111.146,110.99,111.083
2024-11-13 09:00:00,111.083,111.128,110.993,111.12
2024-11-13 10:00:00,111.116,111.196,111.03,111.064
2024-11-13 11:00:00,111.062,111.107,110.963,111.049
2024-11-13 12:00:00,111.049,111.068,110.961,111.04
2024-11-13 13:00:00,111.04,111.055,110.942,110.974
2024-11-13 14:00:00,110.974,111.025,110.919,110.998
2024-11-13 15:00:00,111.0,111.134,110.725,110.775
2024-11-13 16:00:00,110.775,110.796,110.574,110.705
2024-11-13 17:00:00,110.698,110.964,110.675,110.935
2024-11-13 18:00:00,110.935,111.091,110.935,111.03
2024-11-13 19:00:00,111.027,111.175,111.02,111.14
2024-11-13 20:00:00,111.142,111.273,111.127,111.259
2024-11-13 21:00:00,111.26,111.274,111.082,111.108
2024-11-13 22:00:00,111.108,111.154,111.083,111.137
2024-11-13 23:00:00,111.136,111.136,110.998,111.056
2024-11-14 00:00:00,111.053,111.096,110.853,111.021
2024-11-14 01:00:00,111.018,111.11,110.987,111.077
2024-11-14 02:00:00,111.077,111.337,111.067,111.312
2024-11-14 03:00:00,111.309,111.395,111.26,111.319
2024-11-14 04:00:00,111.318,111.421,111.298,111.373
2024-11-14 05:00:00,111.372,111.372,111.23,111.311
2024-11-14 06:00:00,111.308,111.415,111.279,111.362
2024-11-14 07:00:00,111.362,111.39,111.264,111.336
2024-11-14 08:00:00,111.338,111.347,111.198,111.265
2024-11-14 09:00:00,111.265,111.35,111.209,111.327
2024-11-14 10:00:00,111.324,111.414,111.285,111.405
2024-11-14 11:00:00,111.403,111.512,111.368,111.478
2024-11-14 12:00:00,111.478,111.487,111.367,111.368
2024-11-14 13:00:00,111.368,111.412,111.305,111.343
2024-11-14 14:00:00,111.343,111.38,111.259,111.31
2024-11-14 15:00:00,111.306,111.42,111.234,111.337
2024-11-14 16:00:00,111.334,111.345,110.984,111.077
2024-11-14 17:00:00,111.076,111.336,110.98,111.303
2024-11-14 18:00:00,111.306,111.341,111.145,111.204
2024-11-14 19:00:00,111.205,111.23,110.952,111.022
2024-11-14 20:00:00,111.021,111.101,110.993,111.054
2024-11-14 21:00:00,111.053,111.128,111.036,111.087
2024-11-14 22:00:00,111.086,111.326,111.054,111.173
2024-11-14 23:00:00,111.177,111.238,111.12,111.137
2024-11-15 00:00:00,111.137,111.163,111.072,111.156
2024-11-15 01:00:00,111.156,111.306,111.103,111.277
2024-11-15 02:00:00,111.277,111.433,111.23,111.364
2024-11-15 03:00:00,111.36,111.375,111.174,111.292
2024-11-15 04:00:00,111.292,111.308,111.188,111.256
2024-11-15 05:00:00,111.256,111.323,111.16,111.317
2024-11-15 06:00:00,111.317,111.345,111.16,111.188
2024-11-15 07:00:00,111.188,111.247,111.171,111.247
2024-11-15 08:00:00,111.247,111.286,111.019,111.069
2024-11-15 09:00:00,111.067,111.119,110.773,110.78
2024-11-15 10:00:00,110.779,110.779,110.585,110.699
2024-11-15 11:00:00,110.704,110.864,110.527,110.58
2024-11-15 12:00:00,110.58,110.653,110.514,110.6
2024-11-15 13:00:00,110.598,110.774,110.54,110.756
2024-11-15 14:00:00,110.756,110.817,110.63,110.646
2024-11-15 15:00:00,110.636,110.806,110.431,110.454
2024-11-15 16:00:00,110.451,110.626,110.303,110.428
2024-11-15 17:00:00,110.43,110.454,109.796,110.056
2024-11-15 18:00:00,110.056,110.112,109.772,109.827
2024-11-15 19:00:00,109.826,109.863,109.489,109.561
2024-11-15 20:00:00,109.561,109.578,109.249,109.267
2024-11-15 21:00:00,109.265,109.528,109.265,109.429
2024-11-15 22:00:00,109.429,109.53,109.382,109.508
2024-11-15 23:00:00,109.506,109.596,109.436,109.473
2024-11-18 00:00:00,109.396,109.698,109.376,109.69
2024-11-18 01:00:00,109.655,109.855,109.591,109.775
2024-11-18 02:00:00,109.776,109.786,109.259,109.585
2024-11-18 03:00:00,109.584,110.225,109.507,109.831
2024-11-18 04:00:00,109.838,110.063,109.825,109.925
2024-11-18 05:00:00,109.925,109.976,109.767,109.792
2024-11-18 06:00:00,109.791,109.846,109.639,109.846
2024-11-18 07:00:00,109.845,109.897,109.634,109.746
2024-11-18 08:00:00,109.746,109.757,109.553,109.749
2024-11-18 09:00:00,109.747,109.793,109.596,109.653
2024-11-18 10:00:00,109.646,109.899,109.629,109.891
2024-11-18 11:00:00,109.891,109.902,109.67,109.86
2024-11-18 12:00:00,109.859,110.039,109.856,110.007
2024-11-18 13:00:00,110.007,110.065,109.916,109.98
2024-11-18 14:00:00,109.98,110.197,109.971,110.168
2024-11-18 15:00:00,110.168,110.215,109.948,109.99
2024-11-18 16:00:00,109.99,110.11,109.84,109.979
2024-11-18 17:00:00,109.988,110.36,109.971,110.317
2024-11-18 18:00:00,110.319,110.471,110.236,110.33
2024-11-18 19:00:00,110.333,110.412,110.311,110.388
2024-11-18 20:00:00,110.388,110.446,110.321,110.385
2024-11-18 21:00:00,110.383,110.408,110.282,110.376
2024-11-18 22:00:00,110.376,110.376,110.278,110.313
2024-11-18 23:00:00,110.314,110.363,110.274,110.342
2024-11-19 00:00:00,110.349,110.36,110.207,110.298
2024-11-19 01:00:00,110.302,110.316,110.147,110.256
2024-11-19 02:00:00,110.255,110.255,110.015,110.057
2024-11-19 03:00:00,110.056,110.089,109.84,109.919
2024-11-19 04:00:00,109.92,109.99,109.833,109.934
2024-11-19 05:00:00,109.936,110.037,109.83,110.018
2024-11-19 06:00:00,110.012,110.196,110.0,110.129
2024-11-19 07:00:00,110.128,110.179,110.035,110.122
2024-11-19 08:00:00,110.124,110.266,110.083,110.232
2024-11-19 09:00:00,110.235,110.318,110.163,110.206
2024-11-19 10:00:00,110.206,110.291,109.306,109.65
2024-11-19 11:00:00,109.652,109.869,109.248,109.601
2024-11-19 12:00:00,109.602,109.703,109.398,109.674
2024-11-19 13:00:00,109.674,109.918,109.653,109.871
2024-11-19 14:00:00,109.864,109.99,109.816,109.831
2024-11-19 15:00:00,109.83,110.046,109.55,109.57
2024-11-19 16:00:00,109.568,110.201,109.544,110.039
2024-11-19 17:00:00,110.04,110.233,109.967,110.151
2024-11-19 18:00:00,110.147,110.506,110.103,110.395
2024-11-19 19:00:00,110.4,110.709,110.368,110.681
2024-11-19 20:00:00,110.681,110.716,110.586,110.658
2024-11-19 21:00:00,110.656,110.766,110.646,110.761
2024-11-19 22:00:00,110.763,110.796,110.705,110.765
2024-11-19 23:00:00,110.771,110.832,110.763,110.794
2024-11-20 00:00:00,110.794,110.795,110.689,110.733
2024-11-20 01:00:00,110.697,110.915,110.697,110.862
2024-11-20 02:00:00,110.863,111.017,110.8,111.003
2024-11-20 03:00:00,110.997,111.021,110.805,110.87
2024-11-20 04:00:00,110.866,110.97,110.829,110.938
2024-11-20 05:00:00,110.938,110.977,110.901,110.954
2024-11-20 06:00:00,110.954,111.098,110.952,111.09
2024-11-20 07:00:00,111.09,111.166,111.043,111.166
2024-11-20 08:00:00,111.164,111.417,111.137,111.32
2024-11-20 09:00:00,111.312,111.48,111.304,111.46
2024-11-20 10:00:00,111.458,111.539,111.391,111.394
2024-11-20 11:00:00,111.392,111.555,111.356,111.422
2024-11-20 12:00:00,111.423,111.428,111.311,111.32
2024-11-20 13:00:00,111.32,111.37,111.262,111.362
2024-11-20 14:00:00,111.362,111.459,111.33,111.38
2024-11-20 15:00:00,111.382,111.383,111.268,111.33
2024-11-20 16:00:00,111.328,111.406,111.016,111.093
2024-11-20 17:00:00,111.089,111.095,110.661,111.048
2024-11-20 18:00:00,111.045,111.109,110.841,111.007
2024-11-20 19:00:00,111.007,111.038,110.881,110.95
2024-11-20 20:00:00,110.948,111.073,110.936,111.046
2024-11-20 21:00:00,111.05,111.111,110.964,111.104
2024-11-20 22:00:00,111.102,111.219,111.079,111.204
2024-11-20 23:00:00,111.212,111.257,111.145,111.171
2024-11-21 00:00:00,111.138,111.208,111.115,111.13
2024-11-21 01:00:00,111.118,111.197,111.106,111.162
2024-11-21 02:00:00,111.161,111.186,110.913,111.02
2024-11-21 03:00:00,111.018,111.038,110.875,110.971
2024-11-21 04:00:00,110.962,111.018,110.856,110.915
2024-11-21 05:00:00,110.908,110.967,110.866,110.914
2024-11-21 06:00:00,110.914,111.062,110.867,111.035
2024-11-21 07:00:00,111.03,111.158,111.014,111.079
2024-11-21 08:00:00,111.073,111.081,110.686,110.793
2024-11-21 09:00:00,110.794,110.986,110.666,110.946
2024-11-21 10:00:00,110.952,111.048,110.591,110.652
2024-11-21 11:00:00,110.652,110.654,110.272,110.477
2024-11-21 12:00:00,110.477,110.532,110.354,110.531
2024-11-21 13:00:00,110.533,110.712,110.474,110.661
2024-11-21 14:00:00,110.66,110.802,110.557,110.623
2024-11-21 15:00:00,110.624,110.693,110.38,110.474
2024-11-21 16:00:00,110.475,110.7,110.239,110.472
2024-11-21 17:00:00,110.465,110.733,110.402,110.647
2024-11-21 18:00:00,110.65,110.79,110.607,110.775
2024-11-21 19:00:00,110.781,110.781,110.642,110.658
2024-11-21 20:00:00,110.66,110.834,110.658,110.707
2024-11-21 21:00:00,110.706,110.736,110.624,110.647
2024-11-21 22:00:00,110.647,110.673,110.59,110.614
2024-11-21 23:00:00,110.614,110.636,110.512,110.582
2024-11-22 00:00:00,110.583,110.583,110.496,110.549
2024-11-22 01:00:00,110.533,110.562,110.221,110.232
2024-11-22 02:00:00,110.232,110.522,110.141,110.463
2024-11-22 03:00:00,110.461,110.57,110.407,110.544
2024-11-22 04:00:00,110.544,110.58,110.45,110.508
2024-11-22 05:00:00,110.506,110.591,110.371,110.422
2024-11-22 06:00:00,110.426,110.522,110.404,110.495
2024-11-22 07:00:00,110.499,110.635,110.481,110.624
2024-11-22 08:00:00,110.625,110.82,110.606,110.773
2024-11-22 09:00:00,110.768,110.857,110.678,110.75
2024-11-22 10:00:00,110.749,110.882,110.532,110.552
2024-11-22 11:00:00,110.55,110.567,110.134,110.322
2024-11-22 12:00:00,110.319,110.37,110.164,110.326
2024-11-22 13:00:00,110.326,110.409,110.241,110.256
2024-11-22 14:00:00,110.249,110.487,110.249,110.471
2024-11-22 15:00:00,110.471,110.526,110.27,110.403
2024-11-22 16:00:00,110.406,110.894,110.394,110.762
2024-11-22 17:00:00,110.74,110.818,110.591,110.811
2024-11-22 18:00:00,110.814,110.828,110.605,110.627
2024-11-22 19:00:00,110.625,110.765,110.61,110.721
2024-11-22 20:00:00,110.721,110.773,110.668,110.701
2024-11-22 21:00:00,110.699,110.735,110.623,110.719
2024-11-22 22:00:00,110.722,110.787,110.652,110.769
2024-11-22 23:00:00,110.769,110.777,110.59,110.602
2024-11-25 00:00:00,110.455,110.615,110.388,110.561
2024-11-25 01:00:00,110.563,110.72,110.484,110.627
2024-11-25 02:00:00,110.627,110.679,110.419,110.646
2024-11-25 03:00:00,110.656,110.701,110.248,110.321
2024-11-25 04:00:00,110.319,110.344,110.191,110.316
2024-11-25 05:00:00,110.314,110.418,110.237,110.399
2024-11-25 06:00:00,110.399,110.529,110.399,110.483
2024-11-25 07:00:00,110.483,110.696,110.48,110.61
2024-11-25 08:00:00,110.612,110.804,110.547,110.671
2024-11-25 09:00:00,110.67,110.675,110.437,110.633
2024-11-25 10:00:00,110.635,110.757,110.542,110.751
2024-11-25 11:00:00,110.753,110.805,110.625,110.646
2024-11-25 12:00:00,110.644,110.679,110.582,110.612
2024-11-25 13:00:00,110.615,110.616,110.524,110.573
2024-11-25 14:00:00,110.572,110.589,110.379,110.429
2024-11-25 15:00:00,110.429,110.434,110.164,110.288
2024-11-25 16:00:00,110.288,110.309,109.973,110.018
2024-11-25 17:00:00,110.018,110.368,109.918,110.359
2024-11-25 18:00:00,110.36,110.399,110.175,110.179
2024-11-25 19:00:00,110.179,110.29,110.168,110.27
2024-11-25 20:00:00,110.275,110.309,110.221,110.25
2024-11-25 21:00:00,110.254,110.315,110.194,110.267
2024-11-25 22:00:00,110.27,110.312,110.203,110.244
2024-11-25 23:00:00,110.244,110.293,110.161,110.229
2024-11-26 00:00:00,110.232,110.241,110.104,110.149
2024-11-26 01:00:00,110.145,110.178,109.272,109.496
2024-11-26 02:00:00,109.495,109.54,108.723,108.738
2024-11-26 03:00:00,108.749,109.022,108.598,108.969
2024-11-26 04:00:00,108.969,109.128,108.936,109.105
2024-11-26 05:00:00,109.106,109.176,109.01,109.035
2024-11-26 06:00:00,109.035,109.22,109.002,109.09
2024-11-26 07:00:00,109.086,109.112,108.817,108.958
2024-11-26 08:00:00,108.957,109.221,108.895,109.219
2024-11-26 09:00:00,109.217,109.242,109.053,109.062
2024-11-26 10:00:00,109.059,109.064,108.735,108.988
2024-11-26 11:00:00,108.99,109.26,108.983,109.196
2024-11-26 12:00:00,109.196,109.227,109.096,109.128
2024-11-26 13:00:00,109.13,109.225,109.086,109.157
2024-11-26 14:00:00,109.156,109.159,108.651,108.74
2024-11-26 15:00:00,108.742,108.758,108.559,108.683
2024-11-26 16:00:00,108.687,109.021,108.629,108.981
2024-11-26 17:00:00,108.961,109.258,108.862,109.152
2024-11-26 18:00:00,109.148,109.205,109.091,109.161
2024-11-26 19:00:00,109.163,109.171,108.823,108.888
2024-11-26 20:00:00,108.886,109.025,108.857,108.983
2024-11-26 21:00:00,108.981,109.013,108.827,108.88
2024-11-26 22:00:00,108.88,108.918,108.766,108.806
2024-11-26 23:00:00,108.812,108.956,108.798,108.928
2024-11-27 00:00:00,108.925,108.925,108.775,108.892
2024-11-27 01:00:00,108.889,109.024,108.821,108.822
2024-11-27 02:00:00,108.822,108.889,108.706,108.823
2024-11-27 03:00:00,108.822,108.902,108.462,108.488
2024-11-27 04:00:00,108.485,108.619,108.457,108.551
2024-11-27 05:00:00,108.547,108.551,108.337,108.393
2024-11-27 06:00:00,108.391,108.401,108.213,108.226
2024-11-27 07:00:00,108.226,108.336,108.154,108.293
2024-11-27 08:00:00,108.295,108.31,108.071,108.08
2024-11-27 09:00:00,108.082,108.189,108.007,108.089
2024-11-27 10:00:00,108.092,108.092,107.816,107.997
2024-11-27 11:00:00,108.0,108.042,107.726,107.809
2024-11-27 12:00:00,107.809,107.819,107.643,107.756
2024-11-27 13:00:00,107.751,107.843,107.731,107.787
2024-11-27 14:00:00,107.786,107.817,107.637,107.755
2024-11-27 15:00:00,107.756,107.908,107.703,107.755
2024-11-27 16:00:00,107.757,107.856,107.392,107.784
2024-11-27 17:00:00,107.789,108.04,107.625,107.712
2024-11-27 18:00:00,107.713,107.902,107.314,107.419
2024-11-27 19:00:00,107.421,107.538,107.314,107.466
2024-11-27 20:00:00,107.464,107.536,107.414,107.523
2024-11-27 21:00:00,107.523,107.664,107.513,107.63
2024-11-27 22:00:00,107.629,107.754,107.629,107.73
2024-11-27 23:00:00,107.731,107.777,107.574,107.574
2024-11-28 00:00:00,107.586,107.718,107.512,107.593
2024-11-28 01:00:00,107.598,107.924,107.577,107.9
2024-11-28 02:00:00,107.896,108.254,107.846,108.244
2024-11-28 03:00:00,108.244,108.275,108.057,108.068
2024-11-28 04:00:00,108.068,108.181,108.021,108.075
2024-11-28 05:00:00,108.069,108.204,108.045,108.128
2024-11-28 06:00:00,108.13,108.147,108.057,108.12
2024-11-28 07:00:00,108.12,108.164,108.009,108.082
2024-11-28 08:00:00,108.08,108.16,107.909,108.079
2024-11-28 09:00:00,108.077,108.203,108.07,108.2
2024-11-28 10:00:00,108.198,108.398,108.137,108.371
2024-11-28 11:00:00,108.371,108.447,108.343,108.435
2024-11-28 12:00:00,108.433,108.515,108.41,108.433
2024-11-28 13:00:00,108.435,108.468,108.38,108.389
2024-11-28 14:00:00,108.387,108.387,108.232,108.317
2024-11-28 15:00:00,108.317,108.385,108.181,108.189
2024-11-28 16:00:00,108.189,108.246,108.093,108.158
2024-11-28 17:00:00,108.157,108.168,108.028,108.152
2024-11-28 18:00:00,108.152,108.198,108.111,108.14
2024-11-28 19:00:00,108.14,108.192,108.132,108.149
2024-11-28 20:00:00,108.149,108.173,108.114,108.168
2024-11-28 21:00:00,108.169,108.179,108.125,108.134
2024-11-28 22:00:00,108.133,108.139,108.08,108.081
2024-11-28 23:00:00,108.061,108.156,108.024,108.024
2024-11-29 00:00:00,108.052,108.153,107.946,108.123
2024-11-29 01:00:00,108.128,108.128,107.768,107.922
2024-11-29 02:00:00,107.922,107.941,107.469,107.507
2024-11-29 03:00:00,107.507,107.524,107.032,107.091
2024-11-29 04:00:00,107.093,107.439,107.093,107.296
2024-11-29 05:00:00,107.297,107.458,107.257,107.319
2024-11-29 06:00:00,107.319,107.332,107.103,107.236
2024-11-29 07:00:00,107.235,107.364,107.166,107.251
2024-11-29 08:00:00,107.246,107.349,107.221,107.258
2024-11-29 09:00:00,107.256,107.256,106.894,107.134
2024-11-29 10:00:00,107.14,107.346,107.107,107.188
2024-11-29 11:00:00,107.188,107.347,107.055,107.26
2024-11-29 12:00:00,107.254,107.391,107.053,107.07
2024-11-29 13:00:00,107.069,107.208,106.994,107.153
2024-11-29 14:00:00,107.152,107.195,107.093,107.152
2024-11-29 15:00:00,107.154,107.238,106.832,106.901
2024-11-29 16:00:00,106.899,106.999,106.776,106.933
2024-11-29 17:00:00,106.926,107.336,106.909,107.225
2024-11-29 18:00:00,107.209,107.438,107.199,107.316
2024-11-29 19:00:00,107.309,107.364,106.82,106.853
2024-11-29 20:00:00,106.862,106.918,106.766,106.862
2024-11-29 21:00:00,106.861,106.933,106.802,106.898
2024-11-29 22:00:00,106.9,106.952,106.847,106.865
2024-11-29 23:00:00,106.862,106.926,106.78,106.78
2024-12-02 00:00:00,106.93,106.97,106.813,106.887
2024-12-02 01:00:00,106.887,107.068,106.796,106.928
2024-12-02 02:00:00,106.937,107.164,106.897,107.071
2024-12-02 03:00:00,107.068,107.282,107.026,107.261
2024-12-02 04:00:00,107.261,107.348,107.208,107.276
2024-12-02 05:00:00,107.279,107.39,107.237,107.253
2024-12-02 06:00:00,107.251,107.353,107.185,107.296
2024-12-02 07:00:00,107.296,107.445,107.25,107.412
2024-12-02 08:00:00,107.415,107.415,107.156,107.213
2024-12-02 09:00:00,107.206,107.28,106.877,107.002
2024-12-02 10:00:00,106.997,107.072,106.893,107.0
2024-12-02 11:00:00,107.003,107.202,106.902,107.157
2024-12-02 12:00:00,107.157,107.228,106.966,106.967
2024-12-02 13:00:00,106.967,107.084,106.96,106.99
2024-12-02 14:00:00,106.99,107.015,106.764,106.902
2024-12-02 15:00:00,106.902,107.073,106.871,106.927
2024-12-02 16:00:00,106.92,106.946,106.544,106.579
2024-12-02 17:00:00,106.589,106.704,106.364,106.438
2024-12-02 18:00:00,106.435,106.488,105.951,106.075
2024-12-02 19:00:00,106.073,106.441,106.032,106.423
2024-12-02 20:00:00,106.424,106.564,106.391,106.536
2024-12-02 21:00:00,106.536,106.554,106.43,106.452
2024-12-02 22:00:00,106.452,106.508,106.283,106.466
2024-12-02 23:00:00,106.452,106.535,106.433,106.442
2024-12-03 00:00:00,106.442,106.5,106.27,106.439
2024-12-03 01:00:00,106.418,106.673,106.418,106.443
2024-12-03 02:00:00,106.444,106.728,106.42,106.682
2024-12-03 03:00:00,106.682,106.694,106.544,106.636
2024-12-03 04:00:00,106.64,106.687,106.561,106.611
2024-12-03 05:00:00,106.611,106.87,106.605,106.827
2024-12-03 06:00:00,106.827,106.91,106.801,106.839
2024-12-03 07:00:00,106.839,106.892,106.781,106.812
2024-12-03 08:00:00,106.812,106.904,106.791,106.873
2024-12-03 09:00:00,106.861,106.892,106.767,106.853
2024-12-03 10:00:00,106.853,107.111,106.816,106.967
2024-12-03 11:00:00,106.967,106.967,106.83,106.852
2024-12-03 12:00:00,106.852,106.959,106.806,106.883
2024-12-03 13:00:00,106.883,106.909,106.615,106.652
2024-12-03 14:00:00,106.652,106.729,106.582,106.603
2024-12-03 15:00:00,106.599,106.649,105.995,106.021
2024-12-03 16:00:00,106.02,106.211,105.862,105.983
2024-12-03 17:00:00,105.959,106.133,105.76,106.037
2024-12-03 18:00:00,106.038,106.296,105.915,106.006
2024-12-03 19:00:00,106.011,106.301,105.981,106.171
2024-12-03 20:00:00,106.174,106.176,106.018,106.067
2024-12-03 21:00:00,106.067,106.282,105.986,106.256
2024-12-03 22:00:00,106.252,106.287,106.177,106.235
2024-12-03 23:00:00,106.24,106.325,106.211,106.247
2024-12-04 00:00:00,106.272,106.35,106.247,106.308
2024-12-04 01:00:00,106.307,106.411,106.304,106.366
2024-12-04 02:00:00,106.364,106.503,106.312,106.483
2024-12-04 03:00:00,106.483,106.591,106.388,106.541
2024-12-04 04:00:00,106.543,106.57,106.33,106.392
2024-12-04 05:00:00,106.392,106.491,106.262,106.49
2024-12-04 06:00:00,106.49,106.703,106.49,106.626
2024-12-04 07:00:00,106.626,106.734,106.557,106.727
2024-12-04 08:00:00,106.728,106.772,106.569,106.702
2024-12-04 09:00:00,106.698,106.96,106.681,106.945
2024-12-04 10:00:00,106.953,107.059,106.756,106.858
2024-12-04 11:00:00,106.854,107.116,106.845,107.06
2024-12-04 12:00:00,107.056,107.262,107.056,107.251
2024-12-04 13:00:00,107.251,107.398,107.197,107.348
2024-12-04 14:00:00,107.348,107.51,107.281,107.473
2024-12-04 15:00:00,107.471,107.503,107.233,107.395
2024-12-04 16:00:00,107.394,107.417,107.193,107.193
2024-12-04 17:00:00,107.013,107.154,106.829,106.933
2024-12-04 18:00:00,106.939,106.957,106.621,106.74
2024-12-04 19:00:00,106.742,106.789,106.611,106.757
2024-12-04 20:00:00,106.757,106.903,106.683,106.903
2024-12-04 21:00:00,106.9,107.054,106.793,106.959
2024-12-04 22:00:00,106.96,107.142,106.959,107.022
2024-12-04 23:00:00,107.023,107.083,106.924,106.926
2024-12-05 00:00:00,106.951,107.0,106.882,106.942
2024-12-05 01:00:00,106.934,107.131,106.934,106.983
2024-12-05 02:00:00,106.981,106.981,106.712,106.733
2024-12-05 03:00:00,106.737,107.073,106.722,106.978
2024-12-05 04:00:00,106.974,106.991,106.769,106.85
2024-12-05 05:00:00,106.854,106.854,106.744,106.821
2024-12-05 06:00:00,106.821,106.892,106.787,106.862
2024-12-05 07:00:00,106.864,106.867,106.471,106.573
2024-12-05 08:00:00,106.57,106.57,106.376,106.454
2024-12-05 09:00:00,106.454,106.63,106.448,106.524
2024-12-05 10:00:00,106.525,106.825,106.438,106.819
2024-12-05 11:00:00,106.82,106.911,106.776,106.904
2024-12-05 12:00:00,106.904,106.948,106.77,106.787
2024-12-05 13:00:00,106.785,106.87,106.739,106.84
2024-12-05 14:00:00,106.84,107.049,106.823,107.011
2024-12-05 15:00:00,107.01,107.334,106.91,107.308
2024-12-05 16:00:00,107.306,107.441,107.188,107.293
2024-12-05 17:00:00,107.289,107.299,107.01,107.059
2024-12-05 18:00:00,107.054,107.118,106.952,107.006
2024-12-05 19:00:00,107.008,107.023,106.749,106.831
2024-12-05 20:00:00,106.838,106.998,106.802,106.908
2024-12-05 21:00:00,106.906,106.948,106.784,106.944
2024-12-05 22:00:00,106.944,107.042,106.929,106.989
2024-12-05 23:00:00,106.993,107.074,106.917,106.962
2024-12-06 00:00:00,106.957,107.035,106.822,107.009
2024-12-06 01:00:00,107.006,107.13,107.0,107.073
2024-12-06 02:00:00,107.074,107.146,106.821,106.975
2024-12-06 03:00:00,106.967,107.004,106.855,106.855
2024-12-06 04:00:00,106.853,106.896,106.745,106.756
2024-12-06 05:00:00,106.755,106.847,106.734,106.818
2024-12-06 06:00:00,106.82,106.898,106.776,106.861
2024-12-06 07:00:00,106.865,106.924,106.8,106.837
2024-12-06 08:00:00,106.835,106.881,106.72,106.772
2024-12-06 09:00:00,106.769,106.962,106.724,106.952
2024-12-06 10:00:00,106.955,107.173,106.955,107.119
2024-12-06 11:00:00,107.117,107.269,107.106,107.25
2024-12-06 12:00:00,107.251,107.308,107.206,107.234
2024-12-06 13:00:00,107.235,107.267,107.135,107.16
2024-12-06 14:00:00,107.161,107.263,106.979,106.986
2024-12-06 15:00:00,106.986,107.074,106.198,106.204
2024-12-06 16:00:00,106.203,106.28,105.877,105.897
2024-12-06 17:00:00,105.892,106.101,105.817,105.993
2024-12-06 18:00:00,105.995,106.127,105.824,105.893
2024-12-06 19:00:00,105.896,106.016,105.837,105.942
2024-12-06 20:00:00,105.947,106.027,105.909,105.945
2024-12-06 21:00:00,105.946,106.017,105.908,105.913
2024-12-06 22:00:00,105.905,106.045,105.893,105.97
2024-12-06 23:00:00,105.971,105.99,105.873,105.886
2024-12-09 00:00:00,105.85,105.938,105.79,105.898
2024-12-09 01:00:00,105.898,106.027,105.828,105.941
2024-12-09 02:00:00,105.941,105.973,105.752,105.856
2024-12-09 03:00:00,105.856,106.03,105.837,105.918
2024-12-09 04:00:00,105.918,106.006,105.874,105.916
2024-12-09 05:00:00,105.916,105.969,105.858,105.874
2024-12-09 06:00:00,105.871,105.881,105.768,105.806
2024-12-09 07:00:00,105.805,105.852,105.779,105.833
2024-12-09 08:00:00,105.835,105.989,105.814,105.959
2024-12-09 09:00:00,105.959,106.202,105.933,106.193
2024-12-09 10:00:00,106.193,106.324,106.151,106.313
2024-12-09 11:00:00,106.312,106.405,106.285,106.353
2024-12-09 12:00:00,106.347,106.445,106.342,106.434
2024-12-09 13:00:00,106.436,106.484,106.389,106.47
2024-12-09 14:00:00,106.475,106.765,106.438,106.75
2024-12-09 15:00:00,106.749,107.056,106.744,106.989
2024-12-09 16:00:00,106.987,106.994,106.766,106.972
2024-12-09 17:00:00,106.972,107.12,106.942,107.0
2024-12-09 18:00:00,107.004,107.111,106.912,107.087
2024-12-09 19:00:00,107.085,107.162,107.031,107.047
2024-12-09 20:00:00,107.048,107.048,106.903,106.952
2024-12-09 21:00:00,106.951,106.958,106.778,106.816
2024-12-09 22:00:00,106.816,106.831,106.664,106.693
2024-12-09 23:00:00,106.698,106.747,106.608,106.622
2024-12-10 00:00:00,106.633,106.76,106.544,106.694
2024-12-10 01:00:00,106.679,106.831,106.673,106.796
2024-12-10 02:00:00,106.799,106.867,106.68,106.848
2024-12-10 03:00:00,106.846,106.902,106.701,106.743
2024-12-10 04:00:00,106.743,106.743,106.541,106.616
2024-12-10 05:00:00,106.614,106.647,106.485,106.516
2024-12-10 06:00:00,106.514,106.583,106.456,106.552
2024-12-10 07:00:00,106.552,106.685,106.437,106.466
2024-12-10 08:00:00,106.466,106.749,106.447,106.735
2024-12-10 09:00:00,106.735,106.868,106.673,106.84
2024-12-10 10:00:00,106.844,106.95,106.779,106.909
2024-12-10 11:00:00,106.909,106.937,106.79,106.93
2024-12-10 12:00:00,106.932,107.003,106.888,107.0
2024-12-10 13:00:00,107.0,107.103,106.963,107.097
2024-12-10 14:00:00,107.097,107.197,106.93,107.187
2024-12-10 15:00:00,107.188,107.221,106.978,107.092
2024-12-10 16:00:00,107.098,107.129,106.922,107.063
2024-12-10 17:00:00,107.062,107.362,107.003,107.356
2024-12-10 18:00:00,107.357,107.434,107.298,107.362
2024-12-10 19:00:00,107.362,107.418,107.306,107.364
2024-12-10 20:00:00,107.364,107.367,107.271,107.3
2024-12-10 21:00:00,107.301,107.313,107.213,107.256
2024-12-10 22:00:00,107.256,107.269,107.147,107.195
2024-12-10 23:00:00,107.195,107.225,107.051,107.051
2024-12-11 00:00:00,107.065,107.175,107.065,107.157
2024-12-11 01:00:00,107.135,107.178,107.065,107.115
2024-12-11 02:00:00,107.11,107.136,107.033,107.054
2024-12-11 03:00:00,107.05,107.148,107.044,107.092
2024-12-11 04:00:00,107.092,107.104,106.935,106.936
2024-12-11 05:00:00,106.936,107.079,106.905,106.993
2024-12-11 06:00:00,106.993,107.028,106.939,106.977
2024-12-11 07:00:00,106.979,107.127,106.964,107.115
2024-12-11 08:00:00,107.115,107.149,107.025,107.132
2024-12-11 09:00:00,107.134,107.152,106.75,106.87
2024-12-11 10:00:00,106.879,106.955,106.81,106.92
2024-12-11 11:00:00,106.92,107.674,106.467,107.633
2024-12-11 12:00:00,107.634,107.669,107.46,107.538
2024-12-11 13:00:00,107.538,107.643,107.519,107.562
2024-12-11 14:00:00,107.562,107.695,107.55,107.613
2024-12-11 15:00:00,107.619,107.821,107.297,107.481
2024-12-11 16:00:00,107.478,107.711,107.093,107.7
2024-12-11 17:00:00,107.703,107.86,107.655,107.808
2024-12-11 18:00:00,107.808,107.88,107.749,107.84
2024-12-11 19:00:00,107.841,107.902,107.679,107.695
2024-12-11 20:00:00,107.695,107.79,107.619,107.756
2024-12-11 21:00:00,107.757,107.818,107.731,107.788
2024-12-11 22:00:00,107.785,107.786,107.709,107.742
2024-12-11 23:00:00,107.739,107.747,107.574,107.58
2024-12-12 00:00:00,107.668,107.668,107.503,107.642
2024-12-12 01:00:00,107.642,107.676,107.598,107.616
2024-12-12 02:00:00,107.615,107.742,107.528,107.609
2024-12-12 03:00:00,107.611,107.618,107.412,107.426
2024-12-12 04:00:00,107.424,107.651,107.398,107.651
2024-12-12 05:00:00,107.651,107.72,107.587,107.682
2024-12-12 06:00:00,107.685,107.705,107.572,107.585
2024-12-12 07:00:00,107.584,107.858,107.582,107.806
2024-12-12 08:00:00,107.807,107.995,107.786,107.818
2024-12-12 09:00:00,107.818,107.879,107.72,107.849
2024-12-12 10:00:00,107.846,107.911,107.767,107.861
2024-12-12 11:00:00,107.864,107.965,107.801,107.896
2024-12-12 12:00:00,107.896,107.914,107.643,107.697
2024-12-12 13:00:00,107.695,107.739,107.523,107.526
2024-12-12 14:00:00,107.527,107.586,107.418,107.5
2024-12-12 15:00:00,107.497,107.509,107.147,107.301
2024-12-12 16:00:00,107.304,107.548,107.139,107.487
2024-12-12 17:00:00,107.489,107.536,107.205,107.369
2024-12-12 18:00:00,107.367,107.379,107.235,107.257
2024-12-12 19:00:00,107.253,107.442,107.239,107.299
2024-12-12 20:00:00,107.299,107.473,107.271,107.414
2024-12-12 21:00:00,107.411,107.471,107.299,107.368
2024-12-12 22:00:00,107.369,107.43,107.313,107.321
2024-12-12 23:00:00,107.321,107.438,107.24,107.24
2024-12-13 00:00:00,107.25,107.332,107.213,107.313
2024-12-13 01:00:00,107.32,107.35,107.215,107.337
2024-12-13 02:00:00,107.343,107.546,107.291,107.451
2024-12-13 03:00:00,107.45,107.478,107.264,107.32
2024-12-13 04:00:00,107.32,107.412,107.214,107.386
2024-12-13 05:00:00,107.387,107.484,107.358,107.371
2024-12-13 06:00:00,107.37,107.49,107.361,107.432
2024-12-13 07:00:00,107.434,107.47,107.368,107.397
2024-12-13 08:00:00,107.397,107.448,107.285,107.311
2024-12-13 09:00:00,107.311,107.446,107.29,107.351
2024-12-13 10:00:00,107.35,107.664,107.343,107.656
2024-12-13 11:00:00,107.658,107.898,107.624,107.857
2024-12-13 12:00:00,107.861,107.923,107.836,107.911
2024-12-13 13:00:00,107.913,108.039,107.897,108.039
2024-12-13 14:00:00,108.038,108.066,107.88,107.961
2024-12-13 15:00:00,107.961,107.995,107.801,107.865
2024-12-13 16:00:00,107.866,108.015,107.842,107.92
2024-12-13 17:00:00,107.921,107.951,107.778,107.922
2024-12-13 18:00:00,107.923,108.028,107.896,107.97
2024-12-13 19:00:00,107.965,108.025,107.948,107.992
2024-12-13 20:00:00,107.992,108.07,107.962,108.011
2024-12-13 21:00:00,108.011,108.055,107.972,107.977
2024-12-13 22:00:00,107.982,108.022,107.909,107.927
2024-12-13 23:00:00,107.926,107.947,107.804,107.827
2024-12-16 00:00:00,107.87,107.972,107.824,107.917
2024-12-16 01:00:00,107.916,107.955,107.851,107.87
2024-12-16 02:00:00,107.866,108.194,107.807,108.118
2024-12-16 03:00:00,108.118,108.255,108.074,108.237
2024-12-16 04:00:00,108.24,108.283,108.13,108.146
2024-12-16 05:00:00,108.144,108.164,108.067,108.119
2024-12-16 06:00:00,108.119,108.2,108.081,108.085
2024-12-16 07:00:00,108.085,108.107,108.004,108.013
2024-12-16 08:00:00,108.014,108.081,107.939,108.002
2024-12-16 09:00:00,108.002,108.042,107.89,107.937
2024-12-16 10:00:00,107.936,108.085,107.877,108.006
2024-12-16 11:00:00,108.014,108.089,107.983,108.07
2024-12-16 12:00:00,108.07,108.098,107.935,108.008
2024-12-16 13:00:00,108.005,108.026,107.947,107.998
2024-12-16 14:00:00,107.998,108.16,107.961,108.1
2024-12-16 15:00:00,108.099,108.195,108.06,108.083
2024-12-16 16:00:00,108.083,108.293,108.058,108.293
2024-12-16 17:00:00,108.293,108.519,108.241,108.396
2024-12-16 18:00:00,108.395,108.415,108.304,108.334
2024-12-16 19:00:00,108.331,108.395,108.259,108.336
2024-12-16 20:00:00,108.334,108.358,108.262,108.272
2024-12-16 21:00:00,108.272,108.284,108.197,108.251
2024-12-16 22:00:00,108.253,108.254,108.156,108.17
2024-12-16 23:00:00,108.173,108.264,108.13,108.146
2024-12-17 00:00:00,108.142,108.263,108.06,108.22
2024-12-17 01:00:00,108.25,108.346,108.216,108.25
2024-12-17 02:00:00,108.25,108.419,108.209,108.297
2024-12-17 03:00:00,108.29,108.332,108.118,108.203
2024-12-17 04:00:00,108.203,108.212,107.979,108.079
2024-12-17 05:00:00,108.087,108.11,107.973,108.065
2024-12-17 06:00:00,108.068,108.173,108.01,108.041
2024-12-17 07:00:00,108.039,108.164,107.999,108.059
2024-12-17 08:00:00,108.06,108.084,107.931,108.053
2024-12-17 09:00:00,108.054,108.076,107.892,107.973
2024-12-17 10:00:00,107.976,107.983,107.666,107.741
2024-12-17 11:00:00,107.733,107.769,107.642,107.709
2024-12-17 12:00:00,107.71,107.754,107.57,107.704
2024-12-17 13:00:00,107.704,107.793,107.62,107.771
2024-12-17 14:00:00,107.776,107.812,107.583,107.606
2024-12-17 15:00:00,107.609,107.869,107.587,107.722
2024-12-17 16:00:00,107.722,107.722,107.396,107.401
2024-12-17 17:00:00,107.403,107.404,107.172,107.256
2024-12-17 18:00:00,107.256,107.31,107.15,107.175
2024-12-17 19:00:00,107.174,107.194,107.076,107.097
2024-12-17 20:00:00,107.097,107.175,107.033,107.117
2024-12-17 21:00:00,107.117,107.159,107.088,107.156
2024-12-17 22:00:00,107.156,107.279,107.134,107.269
2024-12-17 23:00:00,107.265,107.318,107.137,107.142
2024-12-18 00:00:00,107.198,107.256,107.1,107.205
2024-12-18 01:00:00,107.202,107.332,107.175,107.311
2024-12-18 02:00:00,107.313,107.455,107.277,107.389
2024-12-18 03:00:00,107.388,107.426,107.289,107.298
2024-12-18 04:00:00,107.29,107.379,107.252,107.331
2024-12-18 05:00:00,107.333,107.353,107.219,107.245
2024-12-18 06:00:00,107.246,107.271,107.05,107.111
2024-12-18 07:00:00,107.103,107.116,107.036,107.043
2024-12-18 08:00:00,107.046,107.143,107.016,107.125
2024-12-18 09:00:00,107.119,107.217,107.044,107.173
2024-12-18 10:00:00,107.174,107.272,107.157,107.218
2024-12-18 11:00:00,107.221,107.338,107.199,107.211
2024-12-18 12:00:00,107.211,107.262,107.185,107.23
2024-12-18 13:00:00,107.23,107.313,107.216,107.251
2024-12-18 14:00:00,107.25,107.452,107.25,107.447
2024-12-18 15:00:00,107.447,107.572,107.441,107.487
2024-12-18 16:00:00,107.487,107.527,107.399,107.451
2024-12-18 17:00:00,107.449,107.552,107.368,107.52
2024-12-18 18:00:00,107.521,107.569,107.409,107.415
2024-12-18 19:00:00,107.413,107.456,107.3,107.317
2024-12-18 20:00:00,107.317,107.365,107.249,107.3
2024-12-18 21:00:00,107.307,107.545,107.151,107.261
2024-12-18 22:00:00,107.264,107.276,106.971,107.164
2024-12-18 23:00:00,107.166,107.253,107.036,107.118
2024-12-19 00:00:00,107.05,107.161,106.847,107.118
2024-12-19 01:00:00,107.114,107.154,106.791,106.952
2024-12-19 02:00:00,106.957,107.199,106.912,107.146
2024-12-19 03:00:00,107.158,107.219,107.068,107.169
2024-12-19 04:00:00,107.15,107.535,106.974,107.454
2024-12-19 05:00:00,107.457,107.721,107.37,107.57
2024-12-19 06:00:00,107.566,107.615,107.481,107.583
2024-12-19 07:00:00,107.583,107.679,107.483,107.498
2024-12-19 08:00:00,107.503,108.199,107.376,108.17
2024-12-19 09:00:00,108.168,108.659,108.168,108.506
2024-12-19 10:00:00,108.504,109.072,108.501,108.97
2024-12-19 11:00:00,108.971,109.152,108.868,109.111
2024-12-19 12:00:00,109.107,109.134,108.947,109.06
2024-12-19 13:00:00,109.061,109.17,108.928,108.934
2024-12-19 14:00:00,108.934,109.238,108.916,109.18
2024-12-19 15:00:00,109.181,109.247,108.902,109.138
2024-12-19 16:00:00,109.141,109.621,109.119,109.472
2024-12-19 17:00:00,109.475,109.766,109.471,109.762
2024-12-19 18:00:00,109.765,109.899,109.698,109.781
2024-12-19 19:00:00,109.781,109.788,109.611,109.673
2024-12-19 20:00:00,109.673,109.733,109.598,109.653
2024-12-19 21:00:00,109.652,109.671,109.361,109.414
2024-12-19 22:00:00,109.406,109.479,109.309,109.317
2024-12-19 23:00:00,109.327,109.369,109.253,109.254
2024-12-20 00:00:00,109.259,109.39,109.212,109.338
2024-12-20 01:00:00,109.323,109.479,109.323,109.454
2024-12-20 02:00:00,109.454,109.614,109.387,109.397
2024-12-20 03:00:00,109.397,109.432,108.998,109.065
2024-12-20 04:00:00,109.065,109.091,108.732,108.812
2024-12-20 05:00:00,108.819,108.916,108.678,108.835
2024-12-20 06:00:00,108.837,109.067,108.831,109.058
2024-12-20 07:00:00,109.059,109.068,108.879,108.931
2024-12-20 08:00:00,108.93,109.104,108.83,109.053
2024-12-20 09:00:00,109.055,109.124,108.931,109.02
2024-12-20 10:00:00,109.021,109.163,108.979,109.04
2024-12-20 11:00:00,109.045,109.064,108.861,108.931
2024-12-20 12:00:00,108.929,108.993,108.877,108.985
2024-12-20 13:00:00,108.985,108.992,108.894,108.944
2024-12-20 14:00:00,108.944,109.059,108.897,108.98
2024-12-20 15:00:00,108.986,109.012,108.688,108.74
2024-12-20 16:00:00,108.74,108.945,108.653,108.901
2024-12-20 17:00:00,108.914,109.154,108.877,108.92
2024-12-20 18:00:00,108.92,108.943,108.712,108.76
2024-12-20 19:00:00,108.761,108.861,108.727,108.765
2024-12-20 20:00:00,108.763,108.776,108.632,108.65
2024-12-20 21:00:00,108.648,108.76,108.605,108.689
2024-12-20 22:00:00,108.69,108.804,108.662,108.801
2024-12-20 23:00:00,108.803,108.873,108.742,108.762
2024-12-23 00:00:00,108.755,108.915,108.634,108.915
2024-12-23 01:00:00,108.89,109.018,108.865,109.018
2024-12-23 02:00:00,109.021,109.079,108.894,109.049
2024-12-23 03:00:00,109.049,109.091,108.882,108.986
2024-12-23 04:00:00,108.979,109.082,108.908,109.08
2024-12-23 05:00:00,109.08,109.104,108.989,109.001
2024-12-23 06:00:00,109.004,109.11,108.996,109.075
2024-12-23 07:00:00,109.075,109.118,109.048,109.074
2024-12-23 08:00:00,109.075,109.081,108.961,109.013
2024-12-23 09:00:00,109.015,109.083,108.936,108.963
2024-12-23 10:00:00,108.964,108.964,108.769,108.894
2024-12-23 11:00:00,108.901,109.04,108.846,108.934
2024-12-23 12:00:00,108.932,108.947,108.852,108.899
2024-12-23 13:00:00,108.902,108.931,108.858,108.905
2024-12-23 14:00:00,108.905,109.135,108.858,109.084
2024-12-23 15:00:00,109.083,109.114,108.92,108.931
2024-12-23 16:00:00,108.935,109.028,108.874,108.967
2024-12-23 17:00:00,108.958,109.093,108.9,109.02
2024-12-23 18:00:00,109.018,109.14,108.973,109.129
2024-12-23 19:00:00,109.131,109.34,109.116,109.296
2024-12-23 20:00:00,109.298,109.361,109.248,109.297
2024-12-23 21:00:00,109.297,109.318,109.25,109.3
2024-12-23 22:00:00,109.299,109.371,109.26,109.342
2024-12-23 23:00:00,109.341,109.362,109.245,109.252
2024-12-24 00:00:00,109.258,109.331,109.147,109.305
2024-12-24 01:00:00,109.305,109.393,109.269,109.328
2024-12-24 02:00:00,109.332,109.405,109.302,109.357
2024-12-24 03:00:00,109.357,109.362,109.204,109.255
2024-12-24 04:00:00,109.257,109.303,109.184,109.227
2024-12-24 05:00:00,109.227,109.241,109.172,109.196
2024-12-24 06:00:00,109.195,109.205,109.094,109.163
2024-12-24 07:00:00,109.163,109.179,109.057,109.133
2024-12-24 08:00:00,109.127,109.255,109.071,109.227
2024-12-24 09:00:00,109.227,109.275,109.19,109.233
2024-12-24 10:00:00,109.233,109.238,109.064,109.106
2024-12-24 11:00:00,109.106,109.131,109.048,109.099
2024-12-24 12:00:00,109.099,109.107,109.047,109.097
2024-12-24 13:00:00,109.097,109.108,109.071,109.081
2024-12-24 14:00:00,109.081,109.087,108.952,108.97
2024-12-24 15:00:00,108.973,109.234,108.936,109.232
2024-12-24 16:00:00,109.232,109.428,109.232,109.342
2024-12-24 17:00:00,109.343,109.396,109.254,109.38
2024-12-24 18:00:00,109.38,109.463,109.32,109.331
2024-12-24 19:00:00,109.331,109.411,109.293,109.407
2024-12-24 20:00:00,109.407,109.515,109.403,109.499
2024-12-24 21:00:00,109.503,109.54,109.43,109.453
2024-12-24 22:00:00,109.455,109.506,109.358,109.475
2024-12-24 23:00:00,109.47,109.501,109.328,109.348
2024-12-25 00:00:00,109.373,109.393,109.373,109.391
2024-12-26 00:00:00,109.47,109.5,109.374,109.439
2024-12-26 01:00:00,109.425,109.56,109.423,109.465
2024-12-26 02:00:00,109.465,109.634,109.417,109.597
2024-12-26 03:00:00,109.592,109.701,109.529,109.65
2024-12-26 04:00:00,109.649,109.705,109.611,109.663
2024-12-26 05:00:00,109.665,109.698,109.613,109.642
2024-12-26 06:00:00,109.64,109.666,109.585,109.602
2024-12-26 07:00:00,109.603,109.618,109.495,109.525
2024-12-26 08:00:00,109.526,109.579,109.469,109.478
2024-12-26 09:00:00,109.482,109.513,109.427,109.429
2024-12-26 10:00:00,109.428,109.432,109.281,109.281
2024-12-26 11:00:00,109.283,109.389,109.231,109.378
2024-12-26 12:00:00,109.374,109.482,109.37,109.465
2024-12-26 13:00:00,109.469,109.572,109.454,109.565
2024-12-26 14:00:00,109.573,109.58,109.463,109.494
2024-12-26 15:00:00,109.499,109.671,109.498,109.649
2024-12-26 16:00:00,109.649,109.7,109.617,109.66
2024-12-26 17:00:00,109.665,109.689,109.56,109.688
2024-12-26 18:00:00,109.688,109.713,109.649,109.694
2024-12-26 19:00:00,109.694,109.71,109.604,109.62
2024-12-26 20:00:00,109.614,109.688,109.563,109.582
2024-12-26 21:00:00,109.579,109.609,109.547,109.605
2024-12-26 22:00:00,109.598,109.611,109.53,109.609
2024-12-26 23:00:00,109.609,109.7,109.586,109.589
2024-12-27 00:00:00,109.585,109.672,109.516,109.593
2024-12-27 01:00:00,109.586,109.605,109.426,109.504
2024-12-27 02:00:00,109.504,109.637,109.436,109.602
2024-12-27 03:00:00,109.603,109.625,109.417,109.47
2024-12-27 04:00:00,109.467,109.485,109.29,109.396
2024-12-27 05:00:00,109.398,109.476,109.398,109.439
2024-12-27 06:00:00,109.445,109.461,109.374,109.381
2024-12-27 07:00:00,109.381,109.522,109.364,109.509
2024-12-27 08:00:00,109.509,109.59,109.45,109.548
2024-12-27 09:00:00,109.553,109.608,109.505,109.586
2024-12-27 10:00:00,109.587,109.684,109.549,109.678
2024-12-27 11:00:00,109.678,109.695,109.581,109.629
2024-12-27 12:00:00,109.629,109.646,109.489,109.56
2024-12-27 13:00:00,109.558,109.584,109.491,109.578
2024-12-27 14:00:00,109.579,109.749,109.539,109.749
2024-12-27 15:00:00,109.751,109.801,109.581,109.653
2024-12-27 16:00:00,109.65,109.691,109.501,109.573
2024-12-27 17:00:00,109.578,109.578,109.367,109.386
2024-12-27 18:00:00,109.388,109.414,109.211,109.301
2024-12-27 19:00:00,109.301,109.368,109.177,109.345
2024-12-27 20:00:00,109.343,109.472,109.326,109.457
2024-12-27 21:00:00,109.457,109.629,109.439,109.623
2024-12-27 22:00:00,109.623,109.625,109.5,109.556
2024-12-27 23:00:00,109.556,109.588,109.401,109.431
2024-12-30 00:00:00,109.38,109.47,109.348,109.384
2024-12-30 01:00:00,109.402,109.651,109.394,109.651
2024-12-30 02:00:00,109.65,109.707,109.511,109.685
2024-12-30 03:00:00,109.681,109.687,109.557,109.603
2024-12-30 04:00:00,109.603,109.629,109.531,109.607
2024-12-30 05:00:00,109.607,109.645,109.599,109.635
2024-12-30 06:00:00,109.635,109.645,109.583,109.607
2024-12-30 07:00:00,109.607,109.774,109.593,109.696
2024-12-30 08:00:00,109.701,109.864,109.689,109.738
2024-12-30 09:00:00,109.738,109.743,109.618,109.682
2024-12-30 10:00:00,109.679,109.709,109.578,109.604
2024-12-30 11:00:00,109.603,109.743,109.598,109.726
2024-12-30 12:00:00,109.725,109.797,109.689,109.702
2024-12-30 13:00:00,109.701,109.725,109.625,109.663
2024-12-30 14:00:00,109.664,109.678,109.508,109.539
2024-12-30 15:00:00,109.539,109.557,109.306,109.306
2024-12-30 16:00:00,109.305,109.443,108.917,109.028
2024-12-30 17:00:00,109.018,109.321,108.673,109.27
2024-12-30 18:00:00,109.273,109.428,109.141,109.418
2024-12-30 19:00:00,109.419,109.576,109.419,109.462
