time,open,high,low,close
2023-01-02 07:00:00,1.45059,1.45059,1.44864,1.44958
2023-01-02 08:00:00,1.44903,1.44957,1.44659,1.44944
2023-01-02 09:00:00,1.44615,1.44944,1.44447,1.44607
2023-01-02 10:00:00,1.4466999999999999,1.44947,1.4448699999999999,1.44687
2023-01-02 11:00:00,1.44688,1.44933,1.44644,1.44817
2023-01-02 12:00:00,1.44805,1.44962,1.44754,1.44897
2023-01-02 13:00:00,1.44895,1.45035,1.44868,1.44994
2023-01-02 14:00:00,1.44994,1.45064,1.4489,1.45026
2023-01-02 15:00:00,1.45027,1.4510399999999999,1.4494099999999999,1.44968
2023-01-02 16:00:00,1.44968,1.45048,1.44855,1.44885
2023-01-02 17:00:00,1.44885,1.44904,1.44601,1.44628
2023-01-02 18:00:00,1.44628,1.4478,1.44533,1.44618
2023-01-02 19:00:00,1.4461300000000001,1.44741,1.44586,1.44708
2023-01-02 20:00:00,1.44681,1.44702,1.4448400000000001,1.44594
2023-01-02 21:00:00,1.44549,1.4469,1.44534,1.44666
2023-01-02 22:00:00,1.44646,1.44847,1.44537,1.44747
2023-01-02 23:00:00,1.4473500000000001,1.44899,1.44558,1.44679
2023-01-03 00:00:00,1.44679,1.44753,1.44547,1.44719
2023-01-03 01:00:00,1.44761,1.44899,1.44378,1.4479600000000001
2023-01-03 02:00:00,1.44797,1.44841,1.44673,1.44839
2023-01-03 03:00:00,1.44843,1.45103,1.44812,1.45079
2023-01-03 04:00:00,1.45074,1.45199,1.44928,1.44932
2023-01-03 05:00:00,1.44932,1.44932,1.44508,1.4451800000000001
2023-01-03 06:00:00,1.44515,1.44672,1.44515,1.44571
2023-01-03 07:00:00,1.44567,1.44668,1.44523,1.44615
2023-01-03 08:00:00,1.44615,1.44642,1.44351,1.44353
2023-01-03 09:00:00,1.44353,1.44395,1.43781,1.43801
2023-01-03 10:00:00,1.43792,1.43887,1.43581,1.43642
2023-01-03 11:00:00,1.43642,1.43796,1.43532,1.43587
2023-01-03 12:00:00,1.43587,1.4374,1.43446,1.43541
2023-01-03 13:00:00,1.4354,1.4362599999999999,1.43459,1.4348
2023-01-03 14:00:00,1.43483,1.4405299999999999,1.43439,1.43924
2023-01-03 15:00:00,1.43921,1.4442300000000001,1.43895,1.44329
2023-01-03 16:00:00,1.44329,1.44544,1.43958,1.43964
2023-01-03 17:00:00,1.4396499999999999,1.4409100000000001,1.4377900000000001,1.43939
2023-01-03 18:00:00,1.4393799999999999,1.44318,1.4372,1.44256
2023-01-03 19:00:00,1.44257,1.44278,1.44042,1.44126
2023-01-03 20:00:00,1.44125,1.44342,1.44106,1.44166
2023-01-03 21:00:00,1.44166,1.44512,1.44162,1.44368
2023-01-03 22:00:00,1.44373,1.44394,1.44208,1.44226
2023-01-03 23:00:00,1.44226,1.44312,1.44149,1.44167
2023-01-04 00:00:00,1.44143,1.44187,1.44071,1.4411100000000001
2023-01-04 01:00:00,1.44096,1.44252,1.44063,1.4417900000000001
2023-01-04 02:00:00,1.44178,1.44242,1.44157,1.44187
2023-01-04 03:00:00,1.44188,1.44227,1.44133,1.44138
2023-01-04 04:00:00,1.44136,1.44176,1.44075,1.44115
2023-01-04 05:00:00,1.44113,1.44153,1.44063,1.44109
2023-01-04 06:00:00,1.4411,1.44134,1.44063,1.44117
2023-01-04 07:00:00,1.4411399999999999,1.44239,1.44088,1.44222
2023-01-04 08:00:00,1.4422,1.44329,1.44202,1.44227
2023-01-04 09:00:00,1.44224,1.44391,1.4415200000000001,1.4426999999999999
2023-01-04 10:00:00,1.4426999999999999,1.44569,1.43812,1.43888
2023-01-04 11:00:00,1.43884,1.44065,1.4380600000000001,1.43836
2023-01-04 12:00:00,1.43835,1.4393799999999999,1.43793,1.43897
2023-01-04 13:00:00,1.43897,1.43899,1.43683,1.43709
2023-01-04 14:00:00,1.43707,1.43781,1.43601,1.43741
2023-01-04 15:00:00,1.43743,1.43758,1.43381,1.4338199999999999
2023-01-04 16:00:00,1.43384,1.43742,1.43344,1.43685
2023-01-04 17:00:00,1.43709,1.43726,1.43273,1.4340600000000001
2023-01-04 18:00:00,1.4340600000000001,1.43431,1.43118,1.43266
2023-01-04 19:00:00,1.43269,1.43285,1.42969,1.43054
2023-01-04 20:00:00,1.43053,1.432,1.42957,1.43094
2023-01-04 21:00:00,1.43061,1.43123,1.42946,1.4298199999999999
2023-01-04 22:00:00,1.42985,1.43042,1.42923,1.42953
2023-01-04 23:00:00,1.4296,1.42993,1.42875,1.42907
2023-01-05 00:00:00,1.4286699999999999,1.4304000000000001,1.42823,1.42963
2023-01-05 01:00:00,1.4298,1.43038,1.42839,1.43022
2023-01-05 02:00:00,1.43017,1.43373,1.42994,1.43372
2023-01-05 03:00:00,1.43373,1.4337900000000001,1.4322,1.43225
2023-01-05 04:00:00,1.43227,1.43485,1.4322,1.43396
2023-01-05 05:00:00,1.43398,1.43417,1.43269,1.43303
2023-01-05 06:00:00,1.43306,1.4333,1.43189,1.43212
2023-01-05 07:00:00,1.43214,1.43252,1.4316900000000001,1.43204
2023-01-05 08:00:00,1.4320599999999999,1.43395,1.43195,1.43272
2023-01-05 09:00:00,1.43263,1.4337,1.43176,1.43351
2023-01-05 10:00:00,1.43343,1.43601,1.43343,1.4347699999999999
2023-01-05 11:00:00,1.43478,1.43563,1.43334,1.43462
2023-01-05 12:00:00,1.43465,1.43499,1.4324,1.43417
2023-01-05 13:00:00,1.43415,1.43439,1.43184,1.43299
2023-01-05 14:00:00,1.43298,1.43337,1.43078,1.43095
2023-01-05 15:00:00,1.43094,1.4322599999999999,1.4280300000000001,1.42818
2023-01-05 16:00:00,1.42817,1.43021,1.42698,1.4273
2023-01-05 17:00:00,1.42729,1.431,1.4270800000000001,1.4292799999999999
2023-01-05 18:00:00,1.4292500000000001,1.43097,1.4277,1.4286400000000001
2023-01-05 19:00:00,1.4286400000000001,1.43041,1.4283299999999999,1.4298199999999999
2023-01-05 20:00:00,1.4298199999999999,1.43012,1.4281,1.42854
2023-01-05 21:00:00,1.42852,1.42983,1.42812,1.4286400000000001
2023-01-05 22:00:00,1.4285999999999999,1.42929,1.42835,1.42868
2023-01-05 23:00:00,1.42877,1.42901,1.42709,1.42775
2023-01-06 00:00:00,1.42782,1.42838,1.42655,1.42752
2023-01-06 01:00:00,1.4275,1.42801,1.4267,1.4267699999999999
2023-01-06 02:00:00,1.4267699999999999,1.42732,1.42644,1.42672
2023-01-06 03:00:00,1.42678,1.42691,1.42636,1.42641
2023-01-06 04:00:00,1.42638,1.42714,1.42638,1.42658
2023-01-06 05:00:00,1.4266,1.42722,1.42617,1.42691
2023-01-06 06:00:00,1.4268399999999999,1.42754,1.42633,1.42754
2023-01-06 07:00:00,1.4275,1.4279,1.42664,1.42699
2023-01-06 08:00:00,1.4270100000000001,1.42809,1.4267699999999999,1.42726
2023-01-06 09:00:00,1.42727,1.42892,1.42703,1.42789
2023-01-06 10:00:00,1.42787,1.4304299999999999,1.4277199999999999,1.43026
2023-01-06 11:00:00,1.43025,1.43232,1.43003,1.43057
2023-01-06 12:00:00,1.43057,1.43254,1.43055,1.43224
2023-01-06 13:00:00,1.43225,1.43315,1.43145,1.4323299999999999
2023-01-06 14:00:00,1.43238,1.433,1.4306,1.4329
2023-01-06 15:00:00,1.43289,1.4341300000000001,1.42654,1.42743
2023-01-06 16:00:00,1.4274499999999999,1.42747,1.4234499999999999,1.42444
2023-01-06 17:00:00,1.42581,1.4331800000000001,1.42393,1.42913
2023-01-06 18:00:00,1.42912,1.4297900000000001,1.42781,1.42855
2023-01-06 19:00:00,1.42854,1.43051,1.42783,1.42998
2023-01-06 20:00:00,1.43,1.43079,1.42947,1.43076
2023-01-06 21:00:00,1.4307699999999999,1.43109,1.42994,1.43019
2023-01-06 22:00:00,1.4302000000000001,1.43128,1.43008,1.43123
2023-01-06 23:00:00,1.43123,1.4314200000000001,1.43053,1.4307400000000001
2023-01-09 00:00:00,1.42901,1.43061,1.42813,1.43019
2023-01-09 01:00:00,1.43039,1.43253,1.43028,1.43253
2023-01-09 02:00:00,1.4325,1.43324,1.4312,1.43179
2023-01-09 03:00:00,1.43177,1.43235,1.43093,1.43099
2023-01-09 04:00:00,1.43103,1.43148,1.43042,1.4312
2023-01-09 05:00:00,1.43119,1.4314200000000001,1.43059,1.43082
2023-01-09 06:00:00,1.4308,1.43115,1.43026,1.43098
2023-01-09 07:00:00,1.43098,1.4314200000000001,1.4304700000000001,1.4306
2023-01-09 08:00:00,1.43066,1.43207,1.43062,1.4316
2023-01-09 09:00:00,1.43161,1.4320300000000001,1.43002,1.4316499999999999
2023-01-09 10:00:00,1.43166,1.4333,1.43086,1.43285
2023-01-09 11:00:00,1.43285,1.43295,1.42736,1.42916
2023-01-09 12:00:00,1.42916,1.42996,1.4277,1.42816
2023-01-09 13:00:00,1.42816,1.42991,1.42802,1.4291
2023-01-09 14:00:00,1.42909,1.43001,1.42841,1.42909
2023-01-09 15:00:00,1.42909,1.43456,1.4289,1.43453
2023-01-09 16:00:00,1.43452,1.43802,1.43446,1.43586
2023-01-09 17:00:00,1.43584,1.43792,1.43498,1.4356900000000001
2023-01-09 18:00:00,1.4356900000000001,1.43868,1.43537,1.4385
2023-01-09 19:00:00,1.43852,1.4387699999999999,1.4365700000000001,1.43709
2023-01-09 20:00:00,1.43704,1.43818,1.4365700000000001,1.4378199999999999
2023-01-09 21:00:00,1.43783,1.43795,1.43682,1.43705
2023-01-09 22:00:00,1.43706,1.43792,1.43636,1.43664
2023-01-09 23:00:00,1.43665,1.43756,1.43655,1.43699
2023-01-10 00:00:00,1.43615,1.43706,1.4352800000000001,1.43706
2023-01-10 01:00:00,1.43706,1.43778,1.43644,1.43746
2023-01-10 02:00:00,1.43746,1.43773,1.43613,1.43678
2023-01-10 03:00:00,1.43685,1.43742,1.43604,1.4363000000000001
2023-01-10 04:00:00,1.43632,1.4378199999999999,1.43614,1.4373
2023-01-10 05:00:00,1.4373,1.4374500000000001,1.43672,1.43697
2023-01-10 06:00:00,1.43699,1.43764,1.43656,1.4371
2023-01-10 07:00:00,1.43713,1.43749,1.43674,1.43739
2023-01-10 08:00:00,1.43741,1.4374799999999999,1.43584,1.43625
2023-01-10 09:00:00,1.4362300000000001,1.43787,1.4359,1.43778
2023-01-10 10:00:00,1.43778,1.43835,1.43652,1.43803
2023-01-10 11:00:00,1.43801,1.43888,1.43726,1.4380899999999999
2023-01-10 12:00:00,1.43808,1.4380899999999999,1.43692,1.4375200000000001
2023-01-10 13:00:00,1.43751,1.43851,1.4369399999999999,1.4380600000000001
2023-01-10 14:00:00,1.43805,1.43919,1.43758,1.43794
2023-01-10 15:00:00,1.43794,1.43859,1.43676,1.4371399999999999
2023-01-10 16:00:00,1.4371399999999999,1.44071,1.43704,1.43963
2023-01-10 17:00:00,1.4396200000000001,1.44217,1.43896,1.44107
2023-01-10 18:00:00,1.44107,1.44228,1.44012,1.4421300000000001
2023-01-10 19:00:00,1.44214,1.44232,1.44113,1.4420600000000001
2023-01-10 20:00:00,1.4420600000000001,1.4423599999999999,1.44067,1.44129
2023-01-10 21:00:00,1.44131,1.44186,1.44075,1.4411
2023-01-10 22:00:00,1.44116,1.44186,1.44058,1.44133
2023-01-10 23:00:00,1.44132,1.44166,1.44062,1.4409399999999999
2023-01-11 00:00:00,1.4408,1.44129,1.43881,1.44067
2023-01-11 01:00:00,1.44062,1.44263,1.44027,1.44263
2023-01-11 02:00:00,1.44266,1.44276,1.44151,1.44269
2023-01-11 03:00:00,1.4426999999999999,1.44281,1.44142,1.44161
2023-01-11 04:00:00,1.44159,1.44227,1.44137,1.44138
2023-01-11 05:00:00,1.4414,1.44218,1.4411100000000001,1.44181
2023-01-11 06:00:00,1.44184,1.44239,1.44154,1.44215
2023-01-11 07:00:00,1.44214,1.4428,1.44207,1.44257
2023-01-11 08:00:00,1.44259,1.44356,1.44207,1.44208
2023-01-11 09:00:00,1.44208,1.4433500000000001,1.44202,1.4429699999999999
2023-01-11 10:00:00,1.44298,1.4431,1.44108,1.44122
2023-01-11 11:00:00,1.4412099999999999,1.44208,1.44056,1.44165
2023-01-11 12:00:00,1.44165,1.44345,1.44133,1.44269
2023-01-11 13:00:00,1.44269,1.4433099999999999,1.44231,1.44299
2023-01-11 14:00:00,1.443,1.44313,1.44161,1.44275
2023-01-11 15:00:00,1.44275,1.4433799999999999,1.4417200000000001,1.44183
2023-01-11 16:00:00,1.44183,1.44591,1.4414500000000001,1.44567
2023-01-11 17:00:00,1.44567,1.44784,1.44386,1.44436
2023-01-11 18:00:00,1.44435,1.4451800000000001,1.44126,1.44141
2023-01-11 19:00:00,1.44142,1.4436200000000001,1.44071,1.4436200000000001
2023-01-11 20:00:00,1.44361,1.44464,1.4421300000000001,1.44363
2023-01-11 21:00:00,1.4436200000000001,1.44447,1.44266,1.44442
2023-01-11 22:00:00,1.44441,1.44442,1.4433500000000001,1.44388
2023-01-11 23:00:00,1.44388,1.44413,1.44353,1.44381
2023-01-12 00:00:00,1.44359,1.44432,1.4425,1.44409
2023-01-12 01:00:00,1.44369,1.44647,1.44369,1.44571
2023-01-12 02:00:00,1.4457200000000001,1.44641,1.44498,1.4451
2023-01-12 03:00:00,1.44515,1.44562,1.44478,1.44543
2023-01-12 04:00:00,1.4454500000000001,1.4454799999999999,1.44498,1.44529
2023-01-12 05:00:00,1.44533,1.44598,1.44519,1.44568
2023-01-12 06:00:00,1.4457,1.44607,1.44561,1.44597
2023-01-12 07:00:00,1.44599,1.44657,1.44531,1.44531
2023-01-12 08:00:00,1.44529,1.44615,1.44489,1.44499
2023-01-12 09:00:00,1.44503,1.44669,1.44497,1.4458
2023-01-12 10:00:00,1.4458,1.44634,1.44416,1.44444
2023-01-12 11:00:00,1.4444,1.44639,1.44411,1.44504
2023-01-12 12:00:00,1.44506,1.4457900000000001,1.44395,1.4448699999999999
2023-01-12 13:00:00,1.44486,1.44515,1.44395,1.44462
2023-01-12 14:00:00,1.44463,1.44506,1.44238,1.44312
2023-01-12 15:00:00,1.44311,1.44786,1.4403299999999999,1.4460899999999999
2023-01-12 16:00:00,1.4461,1.44712,1.44385,1.44501
2023-01-12 17:00:00,1.445,1.44997,1.445,1.44841
2023-01-12 18:00:00,1.44838,1.4491,1.44719,1.4479600000000001
2023-01-12 19:00:00,1.44797,1.44875,1.44679,1.44867
2023-01-12 20:00:00,1.44864,1.45071,1.44846,1.4491
2023-01-12 21:00:00,1.44909,1.44947,1.44783,1.44892
2023-01-12 22:00:00,1.44891,1.45001,1.44872,1.45
2023-01-12 23:00:00,1.44998,1.45089,1.44939,1.45089
2023-01-13 00:00:00,1.4493,1.4508,1.4470100000000001,1.4499900000000001
2023-01-13 01:00:00,1.44995,1.45282,1.44974,1.45273
2023-01-13 02:00:00,1.45278,1.453,1.45181,1.45218
2023-01-13 03:00:00,1.4522,1.45275,1.45167,1.45235
2023-01-13 04:00:00,1.45237,1.45262,1.45083,1.45107
2023-01-13 05:00:00,1.45109,1.45175,1.45088,1.45145
2023-01-13 06:00:00,1.45147,1.4519,1.45099,1.45106
2023-01-13 07:00:00,1.45103,1.45152,1.45057,1.45085
2023-01-13 08:00:00,1.45089,1.45143,1.45025,1.45034
2023-01-13 09:00:00,1.45049,1.45069,1.44794,1.44885
2023-01-13 10:00:00,1.44889,1.44909,1.44628,1.4475500000000001
2023-01-13 11:00:00,1.4475500000000001,1.4479600000000001,1.4460899999999999,1.44716
2023-01-13 12:00:00,1.44714,1.4475799999999999,1.4462,1.44686
2023-01-13 13:00:00,1.44688,1.44743,1.44544,1.44654
2023-01-13 14:00:00,1.44655,1.44903,1.44583,1.44886
2023-01-13 15:00:00,1.44885,1.45031,1.44864,1.4492
2023-01-13 16:00:00,1.44913,1.45212,1.4482,1.45157
2023-01-13 17:00:00,1.45214,1.4535,1.45001,1.4506700000000001
2023-01-13 18:00:00,1.45065,1.45173,1.44963,1.44996
2023-01-13 19:00:00,1.45,1.45145,1.44909,1.45089
2023-01-13 20:00:00,1.45087,1.45115,1.4497900000000001,1.45075
2023-01-13 21:00:00,1.45074,1.45109,1.4497200000000001,1.44981
2023-01-13 22:00:00,1.44987,1.45087,1.44952,1.45062
2023-01-13 23:00:00,1.45065,1.45107,1.45026,1.4508
2023-01-16 00:00:00,1.44876,1.45114,1.44869,1.45093
2023-01-16 01:00:00,1.45069,1.45107,1.44919,1.44995
2023-01-16 02:00:00,1.44996,1.45125,1.44993,1.4510100000000001
2023-01-16 03:00:00,1.45096,1.4526,1.4506999999999999,1.45208
2023-01-16 04:00:00,1.45208,1.45233,1.45121,1.45122
2023-01-16 05:00:00,1.45115,1.45164,1.4506700000000001,1.4506999999999999
2023-01-16 06:00:00,1.45069,1.4513099999999999,1.45051,1.45079
2023-01-16 07:00:00,1.45078,1.45179,1.45038,1.45173
2023-01-16 08:00:00,1.45172,1.45172,1.44978,1.44978
2023-01-16 09:00:00,1.44978,1.45095,1.44964,1.44991
2023-01-16 10:00:00,1.44987,1.45153,1.44903,1.44952
2023-01-16 11:00:00,1.44952,1.4500600000000001,1.44869,1.44933
2023-01-16 12:00:00,1.44932,1.44995,1.44876,1.44954
2023-01-16 13:00:00,1.44954,1.45012,1.44873,1.4491800000000001
2023-01-16 14:00:00,1.44922,1.4495,1.44748,1.44813
2023-01-16 15:00:00,1.44813,1.44934,1.44798,1.44889
2023-01-16 16:00:00,1.4489,1.4497,1.44849,1.44956
2023-01-16 17:00:00,1.44957,1.45044,1.44808,1.45005
2023-01-16 18:00:00,1.45007,1.45018,1.44869,1.44939
2023-01-16 19:00:00,1.4493800000000001,1.4498,1.44805,1.44805
2023-01-16 20:00:00,1.44805,1.44936,1.44764,1.44925
2023-01-16 21:00:00,1.44923,1.45016,1.44894,1.45011
2023-01-16 22:00:00,1.45012,1.45154,1.45004,1.4515
2023-01-16 23:00:00,1.45148,1.45159,1.45074,1.45084
2023-01-17 00:00:00,1.45058,1.4512,1.44973,1.45079
2023-01-17 01:00:00,1.45061,1.4515500000000001,1.45061,1.4511
2023-01-17 02:00:00,1.45109,1.45153,1.45025,1.4511
2023-01-17 03:00:00,1.45111,1.45148,1.4498,1.45003
2023-01-17 04:00:00,1.4500899999999999,1.45091,1.44971,1.45007
2023-01-17 05:00:00,1.45007,1.45111,1.44997,1.45093
2023-01-17 06:00:00,1.45095,1.45111,1.4506299999999999,1.45077
2023-01-17 07:00:00,1.45077,1.45207,1.4505,1.45197
2023-01-17 08:00:00,1.45195,1.45199,1.45075,1.45095
2023-01-17 09:00:00,1.45095,1.45266,1.4509400000000001,1.45196
2023-01-17 10:00:00,1.45195,1.45316,1.45115,1.45236
2023-01-17 11:00:00,1.45235,1.45265,1.45076,1.45247
2023-01-17 12:00:00,1.45241,1.45358,1.45178,1.45275
2023-01-17 13:00:00,1.45275,1.45342,1.45144,1.45255
2023-01-17 14:00:00,1.45258,1.4557,1.45175,1.45496
2023-01-17 15:00:00,1.45495,1.4558200000000001,1.45327,1.4537900000000001
2023-01-17 16:00:00,1.4537499999999999,1.45583,1.45291,1.45337
2023-01-17 17:00:00,1.45343,1.45347,1.4445999999999999,1.44476
2023-01-17 18:00:00,1.44477,1.44662,1.4434,1.44409
2023-01-17 19:00:00,1.44408,1.44495,1.44364,1.44415
2023-01-17 20:00:00,1.44416,1.4464000000000001,1.44361,1.44621
2023-01-17 21:00:00,1.44622,1.44631,1.44424,1.44461
2023-01-17 22:00:00,1.44462,1.44498,1.4429400000000001,1.4449100000000001
2023-01-17 23:00:00,1.4449100000000001,1.44494,1.44424,1.44472
2023-01-18 00:00:00,1.44405,1.44524,1.44364,1.44422
2023-01-18 01:00:00,1.44427,1.44522,1.44416,1.44473
2023-01-18 02:00:00,1.44473,1.44488,1.4439600000000001,1.44445
2023-01-18 03:00:00,1.44442,1.4453,1.44442,1.44529
2023-01-18 04:00:00,1.44526,1.44595,1.44324,1.44447
2023-01-18 05:00:00,1.44452,1.44477,1.44232,1.44239
2023-01-18 06:00:00,1.44244,1.44291,1.44129,1.4413
2023-01-18 07:00:00,1.44125,1.44211,1.4408,1.44203
2023-01-18 08:00:00,1.44201,1.44307,1.44171,1.4426700000000001
2023-01-18 09:00:00,1.44269,1.4472,1.44234,1.44637
2023-01-18 10:00:00,1.44635,1.4497200000000001,1.44627,1.44967
2023-01-18 11:00:00,1.44967,1.45221,1.4494500000000001,1.452
2023-01-18 12:00:00,1.452,1.45214,1.44943,1.44952
2023-01-18 13:00:00,1.44953,1.44973,1.44561,1.44604
2023-01-18 14:00:00,1.44607,1.4491,1.4457900000000001,1.4478
2023-01-18 15:00:00,1.44778,1.45398,1.44778,1.45389
2023-01-18 16:00:00,1.45389,1.45598,1.45203,1.45309
2023-01-18 17:00:00,1.45312,1.45427,1.45108,1.45196
2023-01-18 18:00:00,1.45197,1.45514,1.45114,1.45478
2023-01-18 19:00:00,1.45478,1.45502,1.45196,1.45486
2023-01-18 20:00:00,1.45487,1.45576,1.45418,1.45504
2023-01-18 21:00:00,1.45504,1.45628,1.4542,1.4561600000000001
2023-01-18 22:00:00,1.45614,1.45672,1.4555,1.45645
2023-01-18 23:00:00,1.45655,1.4568699999999999,1.45607,1.45624
2023-01-19 00:00:00,1.45594,1.45625,1.45401,1.45557
2023-01-19 01:00:00,1.4556499999999999,1.45715,1.4556499999999999,1.45715
2023-01-19 02:00:00,1.45716,1.4586000000000001,1.45641,1.45815
2023-01-19 03:00:00,1.45811,1.45818,1.45705,1.45735
2023-01-19 04:00:00,1.45737,1.4576,1.45659,1.45737
2023-01-19 05:00:00,1.4573800000000001,1.45813,1.45703,1.4580600000000001
2023-01-19 06:00:00,1.45812,1.45832,1.45671,1.45706
2023-01-19 07:00:00,1.4570699999999999,1.45763,1.45676,1.4568699999999999
2023-01-19 08:00:00,1.45686,1.45771,1.45681,1.45696
2023-01-19 09:00:00,1.45699,1.45937,1.45659,1.45878
2023-01-19 10:00:00,1.45878,1.4616500000000001,1.45862,1.4614500000000001
2023-01-19 11:00:00,1.46144,1.46336,1.46117,1.46273
2023-01-19 12:00:00,1.46274,1.464,1.46049,1.46149
2023-01-19 13:00:00,1.46149,1.46194,1.46028,1.4605000000000001
2023-01-19 14:00:00,1.4605000000000001,1.46123,1.4592800000000001,1.45981
2023-01-19 15:00:00,1.45983,1.46128,1.456,1.45671
2023-01-19 16:00:00,1.45671,1.45766,1.45483,1.4567
2023-01-19 17:00:00,1.4567,1.45728,1.4539900000000001,1.45526
2023-01-19 18:00:00,1.45525,1.45862,1.45454,1.45843
2023-01-19 19:00:00,1.45842,1.45874,1.45629,1.45656
2023-01-19 20:00:00,1.45656,1.4579,1.45609,1.4573800000000001
2023-01-19 21:00:00,1.45737,1.45778,1.45658,1.45728
2023-01-19 22:00:00,1.45727,1.4583,1.45705,1.45816
2023-01-19 23:00:00,1.45814,1.45871,1.45774,1.45824
2023-01-20 00:00:00,1.45816,1.45876,1.45647,1.45827
2023-01-20 01:00:00,1.45827,1.45891,1.45808,1.45857
2023-01-20 02:00:00,1.45857,1.4591,1.45777,1.45789
2023-01-20 03:00:00,1.45793,1.45842,1.45767,1.45774
2023-01-20 04:00:00,1.45773,1.4582899999999999,1.45757,1.45795
2023-01-20 05:00:00,1.45796,1.45814,1.4577,1.4579
2023-01-20 06:00:00,1.45791,1.45838,1.45761,1.4582600000000001
2023-01-20 07:00:00,1.45821,1.45854,1.4577200000000001,1.45834
2023-01-20 08:00:00,1.45835,1.4585,1.45652,1.45727
2023-01-20 09:00:00,1.45725,1.45884,1.45695,1.45815
2023-01-20 10:00:00,1.45817,1.4604300000000001,1.45812,1.4598
2023-01-20 11:00:00,1.45977,1.46132,1.45862,1.45869
2023-01-20 12:00:00,1.45872,1.46035,1.45866,1.45941
2023-01-20 13:00:00,1.45938,1.45998,1.45825,1.45831
2023-01-20 14:00:00,1.45832,1.45905,1.45631,1.45692
2023-01-20 15:00:00,1.45686,1.4586999999999999,1.45576,1.45609
2023-01-20 16:00:00,1.45609,1.45913,1.45529,1.45678
2023-01-20 17:00:00,1.45678,1.45725,1.4524,1.4537900000000001
2023-01-20 18:00:00,1.4537900000000001,1.4540899999999999,1.45285,1.45308
2023-01-20 19:00:00,1.4530699999999999,1.45466,1.4528699999999999,1.4537200000000001
2023-01-20 20:00:00,1.4537200000000001,1.45438,1.45235,1.45248
2023-01-20 21:00:00,1.45248,1.45343,1.45235,1.45278
2023-01-20 22:00:00,1.45278,1.45316,1.45234,1.4527
2023-01-20 23:00:00,1.45271,1.45271,1.45193,1.45256
2023-01-23 00:00:00,1.45344,1.45442,1.45301,1.45419
2023-01-23 01:00:00,1.4540600000000001,1.45438,1.4521,1.45252
2023-01-23 02:00:00,1.45254,1.45509,1.45249,1.45458
2023-01-23 03:00:00,1.45456,1.4564599999999999,1.4540199999999999,1.4563
2023-01-23 04:00:00,1.45635,1.45732,1.45627,1.4571
2023-01-23 05:00:00,1.45705,1.45786,1.45686,1.45774
2023-01-23 06:00:00,1.45777,1.45777,1.45675,1.45695
2023-01-23 07:00:00,1.45701,1.45757,1.4567999999999999,1.45725
2023-01-23 08:00:00,1.45728,1.45911,1.4568699999999999,1.45754
2023-01-23 09:00:00,1.45757,1.46011,1.45673,1.45904
2023-01-23 10:00:00,1.45906,1.4593099999999999,1.45414,1.4545
2023-01-23 11:00:00,1.45449,1.45762,1.45421,1.45682
2023-01-23 12:00:00,1.45682,1.45753,1.45545,1.4555500000000001
2023-01-23 13:00:00,1.45556,1.45654,1.45483,1.45517
2023-01-23 14:00:00,1.45517,1.4552399999999999,1.45273,1.45289
2023-01-23 15:00:00,1.45293,1.45468,1.4516200000000001,1.4546000000000001
2023-01-23 16:00:00,1.4546000000000001,1.45578,1.45352,1.45403
2023-01-23 17:00:00,1.4540199999999999,1.45527,1.453,1.45349
2023-01-23 18:00:00,1.4534799999999999,1.45465,1.45293,1.45391
2023-01-23 19:00:00,1.45391,1.45405,1.45267,1.45295
2023-01-23 20:00:00,1.45295,1.45388,1.45278,1.45361
2023-01-23 21:00:00,1.45364,1.45408,1.45291,1.45373
2023-01-23 22:00:00,1.45374,1.45403,1.45276,1.45344
2023-01-23 23:00:00,1.45342,1.45355,1.45274,1.45331
2023-01-24 00:00:00,1.45347,1.45367,1.45248,1.4536
2023-01-24 01:00:00,1.45353,1.45392,1.45244,1.45358
2023-01-24 02:00:00,1.45356,1.45397,1.45285,1.4531800000000001
2023-01-24 03:00:00,1.4532,1.45346,1.45255,1.45302
2023-01-24 04:00:00,1.45298,1.45358,1.45243,1.45326
2023-01-24 05:00:00,1.45328,1.45337,1.45285,1.45295
2023-01-24 06:00:00,1.45294,1.4537200000000001,1.45266,1.45343
2023-01-24 07:00:00,1.45349,1.45368,1.4532,1.45331
2023-01-24 08:00:00,1.45332,1.45398,1.45293,1.45335
2023-01-24 09:00:00,1.45329,1.45477,1.45313,1.45443
2023-01-24 10:00:00,1.45443,1.45541,1.4526,1.45298
2023-01-24 11:00:00,1.45296,1.45371,1.45107,1.45183
2023-01-24 12:00:00,1.45178,1.45324,1.45178,1.45178
2023-01-24 13:00:00,1.45179,1.45276,1.45099,1.45141
2023-01-24 14:00:00,1.45141,1.45313,1.45029,1.45038
2023-01-24 15:00:00,1.45038,1.45529,1.45001,1.454
2023-01-24 16:00:00,1.4539900000000001,1.4550100000000001,1.45271,1.45377
2023-01-24 17:00:00,1.4537900000000001,1.45437,1.45191,1.45312
2023-01-24 18:00:00,1.45315,1.45462,1.45269,1.45335
2023-01-24 19:00:00,1.45337,1.45442,1.45322,1.4540199999999999
2023-01-24 20:00:00,1.4540199999999999,1.45452,1.45335,1.45384
2023-01-24 21:00:00,1.45384,1.45448,1.4534099999999999,1.45429
2023-01-24 22:00:00,1.4543,1.4552399999999999,1.45404,1.45505
2023-01-24 23:00:00,1.45507,1.4556499999999999,1.45461,1.45563
2023-01-25 00:00:00,1.45511,1.45606,1.45393,1.45477
2023-01-25 01:00:00,1.45472,1.45651,1.4546299999999999,1.45612
2023-01-25 02:00:00,1.45612,1.45622,1.45491,1.45517
2023-01-25 03:00:00,1.45519,1.45608,1.45496,1.45563
2023-01-25 04:00:00,1.4556,1.45571,1.45495,1.45526
2023-01-25 05:00:00,1.4552399999999999,1.45541,1.4546700000000001,1.45483
2023-01-25 06:00:00,1.45476,1.45539,1.45466,1.45533
2023-01-25 07:00:00,1.45536,1.45576,1.45514,1.45556
2023-01-25 08:00:00,1.45553,1.45644,1.45508,1.4557
2023-01-25 09:00:00,1.45574,1.4562300000000001,1.4543599999999999,1.45439
2023-01-25 10:00:00,1.4543599999999999,1.45613,1.4527700000000001,1.45395
2023-01-25 11:00:00,1.45395,1.45551,1.45317,1.45543
2023-01-25 12:00:00,1.45544,1.45544,1.45331,1.4537499999999999
2023-01-25 13:00:00,1.4537499999999999,1.45419,1.4522,1.45261
2023-01-25 14:00:00,1.45263,1.4538,1.45177,1.4534799999999999
2023-01-25 15:00:00,1.4534,1.45522,1.45261,1.45326
2023-01-25 16:00:00,1.45326,1.45699,1.45304,1.45634
2023-01-25 17:00:00,1.45697,1.46428,1.45697,1.46208
2023-01-25 18:00:00,1.46208,1.46244,1.4595500000000001,1.46205
2023-01-25 19:00:00,1.4620600000000001,1.46241,1.4611399999999999,1.46156
2023-01-25 20:00:00,1.46156,1.46214,1.46075,1.46137
2023-01-25 21:00:00,1.46128,1.4613399999999999,1.46007,1.4607
2023-01-25 22:00:00,1.46071,1.46103,1.4595500000000001,1.46081
2023-01-25 23:00:00,1.46081,1.4622,1.46057,1.46169
2023-01-26 00:00:00,1.4611399999999999,1.46164,1.46033,1.46081
2023-01-26 01:00:00,1.46069,1.4619,1.4604599999999999,1.4612
2023-01-26 02:00:00,1.46121,1.46278,1.46103,1.4619900000000001
2023-01-26 03:00:00,1.4620199999999999,1.46357,1.46188,1.4629699999999999
2023-01-26 04:00:00,1.46295,1.4632100000000001,1.46191,1.46228
2023-01-26 05:00:00,1.4622899999999999,1.46305,1.46219,1.46273
2023-01-26 06:00:00,1.46274,1.46281,1.46208,1.46219
2023-01-26 07:00:00,1.46217,1.46241,1.46187,1.4623599999999999
2023-01-26 08:00:00,1.46231,1.4638200000000001,1.462,1.46314
2023-01-26 09:00:00,1.46311,1.46352,1.4618,1.4620600000000001
2023-01-26 10:00:00,1.46201,1.46211,1.46023,1.4614099999999999
2023-01-26 11:00:00,1.46142,1.46179,1.45988,1.4601899999999999
2023-01-26 12:00:00,1.46021,1.4604300000000001,1.45911,1.4598499999999999
2023-01-26 13:00:00,1.45986,1.45987,1.45861,1.45916
2023-01-26 14:00:00,1.45915,1.4594,1.45583,1.45603
2023-01-26 15:00:00,1.45601,1.45723,1.45472,1.45601
2023-01-26 16:00:00,1.45599,1.45622,1.45088,1.4534799999999999
2023-01-26 17:00:00,1.45351,1.4551,1.45054,1.45098
2023-01-26 18:00:00,1.45098,1.4524,1.44983,1.45026
2023-01-26 19:00:00,1.45027,1.45156,1.44955,1.4513
2023-01-26 20:00:00,1.45129,1.45321,1.45126,1.45279
2023-01-26 21:00:00,1.4527999999999999,1.4527999999999999,1.45121,1.45198
2023-01-26 22:00:00,1.45198,1.45214,1.45087,1.4512
2023-01-26 23:00:00,1.4512,1.45156,1.45055,1.45091
2023-01-27 00:00:00,1.45059,1.45136,1.44906,1.45064
2023-01-27 01:00:00,1.4506700000000001,1.4518,1.45018,1.45055
2023-01-27 02:00:00,1.45055,1.45146,1.45053,1.45062
2023-01-27 03:00:00,1.4506000000000001,1.4512,1.45028,1.45051
2023-01-27 04:00:00,1.45046,1.45083,1.44998,1.45007
2023-01-27 05:00:00,1.4500899999999999,1.45056,1.4496,1.45038
2023-01-27 06:00:00,1.4503300000000001,1.45048,1.44935,1.44937
2023-01-27 07:00:00,1.44935,1.44993,1.44909,1.44991
2023-01-27 08:00:00,1.4499,1.45038,1.44959,1.45016
2023-01-27 09:00:00,1.45015,1.45076,1.4499900000000001,1.4499900000000001
2023-01-27 10:00:00,1.4499900000000001,1.45193,1.44976,1.45152
2023-01-27 11:00:00,1.45153,1.4515799999999999,1.44903,1.44939
2023-01-27 12:00:00,1.44934,1.45072,1.44934,1.45017
2023-01-27 13:00:00,1.4501,1.45035,1.44838,1.44868
2023-01-27 14:00:00,1.44869,1.44902,1.44757,1.44785
2023-01-27 15:00:00,1.44783,1.44894,1.44655,1.44773
2023-01-27 16:00:00,1.4477,1.44843,1.4462,1.4476499999999999
2023-01-27 17:00:00,1.44759,1.44817,1.44407,1.44477
2023-01-27 18:00:00,1.44479,1.4464000000000001,1.44471,1.4454
2023-01-27 19:00:00,1.4454099999999999,1.4466999999999999,1.44478,1.44561
2023-01-27 20:00:00,1.44561,1.4459,1.44418,1.4457900000000001
2023-01-27 21:00:00,1.4457900000000001,1.44752,1.44568,1.44596
2023-01-27 22:00:00,1.44596,1.44637,1.44555,1.44631
2023-01-27 23:00:00,1.4463,1.44692,1.44599,1.44632
2023-01-30 00:00:00,1.44618,1.44683,1.44501,1.44629
2023-01-30 01:00:00,1.44634,1.4466,1.44598,1.44641
2023-01-30 02:00:00,1.44639,1.44689,1.44565,1.44649
2023-01-30 03:00:00,1.44651,1.44715,1.44559,1.44703
2023-01-30 04:00:00,1.4470100000000001,1.44781,1.44678,1.44766
2023-01-30 05:00:00,1.44767,1.44827,1.44748,1.4482599999999999
2023-01-30 06:00:00,1.44824,1.44907,1.4482300000000001,1.44859
2023-01-30 07:00:00,1.4485999999999999,1.44926,1.44781,1.4487999999999999
2023-01-30 08:00:00,1.4487999999999999,1.44935,1.4478,1.44815
2023-01-30 09:00:00,1.44813,1.44909,1.44794,1.44882
2023-01-30 10:00:00,1.44879,1.45322,1.44879,1.45212
2023-01-30 11:00:00,1.45211,1.4533800000000001,1.4515,1.45317
2023-01-30 12:00:00,1.45316,1.45401,1.45245,1.4531100000000001
2023-01-30 13:00:00,1.45313,1.45316,1.45173,1.45235
2023-01-30 14:00:00,1.45232,1.45358,1.45164,1.45297
2023-01-30 15:00:00,1.45295,1.4537499999999999,1.45235,1.45269
2023-01-30 16:00:00,1.45269,1.45408,1.4522599999999999,1.45395
2023-01-30 17:00:00,1.4539900000000001,1.4543599999999999,1.4500600000000001,1.45037
2023-01-30 18:00:00,1.45035,1.45121,1.44977,1.45055
2023-01-30 19:00:00,1.45055,1.45129,1.45007,1.45039
2023-01-30 20:00:00,1.45047,1.45107,1.4498,1.45073
2023-01-30 21:00:00,1.45073,1.45175,1.4500899999999999,1.45142
2023-01-30 22:00:00,1.45145,1.45249,1.451,1.45209
2023-01-30 23:00:00,1.45208,1.4527999999999999,1.4518,1.45251
2023-01-31 00:00:00,1.45201,1.45243,1.45087,1.452
2023-01-31 01:00:00,1.45204,1.45265,1.4511,1.45208
2023-01-31 02:00:00,1.45214,1.45332,1.4518900000000001,1.45265
2023-01-31 03:00:00,1.45263,1.45316,1.45235,1.45313
2023-01-31 04:00:00,1.4531100000000001,1.45434,1.45306,1.45378
2023-01-31 05:00:00,1.4538,1.45442,1.45365,1.45422
2023-01-31 06:00:00,1.45416,1.45443,1.45392,1.45419
2023-01-31 07:00:00,1.45423,1.45468,1.45366,1.45391
2023-01-31 08:00:00,1.45393,1.45437,1.45377,1.45385
2023-01-31 09:00:00,1.45388,1.45552,1.45371,1.45429
2023-01-31 10:00:00,1.4543,1.4543,1.45176,1.45328
2023-01-31 11:00:00,1.45326,1.45673,1.45321,1.4561899999999999
2023-01-31 12:00:00,1.4561600000000001,1.45795,1.45575,1.45759
2023-01-31 13:00:00,1.45757,1.45859,1.45639,1.45794
2023-01-31 14:00:00,1.45794,1.45846,1.45559,1.45615
2023-01-31 15:00:00,1.45615,1.45881,1.45482,1.45504
2023-01-31 16:00:00,1.45503,1.45632,1.4527700000000001,1.45479
2023-01-31 17:00:00,1.45466,1.45493,1.4479,1.44924
2023-01-31 18:00:00,1.44926,1.4495,1.44718,1.44757
2023-01-31 19:00:00,1.44754,1.4482599999999999,1.44619,1.44742
2023-01-31 20:00:00,1.44741,1.44775,1.44594,1.4463599999999999
2023-01-31 21:00:00,1.44635,1.44655,1.44526,1.4455
2023-01-31 22:00:00,1.4455200000000001,1.4466999999999999,1.4451100000000001,1.44642
2023-01-31 23:00:00,1.44642,1.44654,1.44495,1.44515
2023-02-01 00:00:00,1.44492,1.4454799999999999,1.44461,1.44527
2023-02-01 01:00:00,1.44527,1.44566,1.4448400000000001,1.44522
2023-02-01 02:00:00,1.44522,1.44547,1.44488,1.4451800000000001
2023-02-01 03:00:00,1.4452,1.4454,1.4442599999999999,1.4448699999999999
2023-02-01 04:00:00,1.44489,1.44612,1.4445700000000001,1.44576
2023-02-01 05:00:00,1.44578,1.44603,1.44546,1.44581
2023-02-01 06:00:00,1.44584,1.44621,1.44574,1.44605
2023-02-01 07:00:00,1.4461,1.44856,1.44608,1.44852
2023-02-01 08:00:00,1.44854,1.44854,1.44686,1.4473099999999999
2023-02-01 09:00:00,1.44733,1.44842,1.44706,1.4481899999999999
2023-02-01 10:00:00,1.44818,1.44855,1.44593,1.44687
2023-02-01 11:00:00,1.44685,1.44845,1.446,1.44833
2023-02-01 12:00:00,1.44804,1.44998,1.44772,1.44955
2023-02-01 13:00:00,1.44956,1.45057,1.44913,1.4491399999999999
2023-02-01 14:00:00,1.4491100000000001,1.45025,1.44869,1.4498
2023-02-01 15:00:00,1.44985,1.45161,1.44959,1.45137
2023-02-01 16:00:00,1.45136,1.45206,1.44962,1.4498199999999999
2023-02-01 17:00:00,1.44987,1.45553,1.44889,1.45481
2023-02-01 18:00:00,1.45479,1.45588,1.45419,1.4555799999999999
2023-02-01 19:00:00,1.4556,1.4565299999999999,1.4552800000000001,1.45561
2023-02-01 20:00:00,1.4556200000000001,1.45841,1.4552800000000001,1.4574799999999999
2023-02-01 21:00:00,1.4575,1.46113,1.45533,1.46017
2023-02-01 22:00:00,1.46014,1.46139,1.45838,1.46003
2023-02-01 23:00:00,1.46002,1.46059,1.4595,1.46041
2023-02-02 00:00:00,1.45988,1.46048,1.45883,1.45983
2023-02-02 01:00:00,1.4598,1.4634800000000001,1.4592399999999999,1.4617200000000001
2023-02-02 02:00:00,1.4617,1.4635099999999999,1.46158,1.46304
2023-02-02 03:00:00,1.46305,1.46333,1.46221,1.46288
2023-02-02 04:00:00,1.46288,1.4639,1.46259,1.46363
2023-02-02 05:00:00,1.46368,1.46376,1.46314,1.46343
2023-02-02 06:00:00,1.4634,1.46379,1.4629400000000001,1.4629400000000001
2023-02-02 07:00:00,1.4629400000000001,1.46411,1.4628700000000001,1.46411
2023-02-02 08:00:00,1.46402,1.4640900000000001,1.46235,1.4626000000000001
2023-02-02 09:00:00,1.46262,1.4629699999999999,1.46065,1.46081
2023-02-02 10:00:00,1.46079,1.46136,1.45915,1.46088
2023-02-02 11:00:00,1.46087,1.46187,1.46008,1.46052
2023-02-02 12:00:00,1.4605299999999999,1.46083,1.45911,1.46006
2023-02-02 13:00:00,1.46009,1.46125,1.45963,1.46021
2023-02-02 14:00:00,1.4602,1.46195,1.45971,1.4599199999999999
2023-02-02 15:00:00,1.45991,1.4619,1.4546299999999999,1.45489
2023-02-02 16:00:00,1.45488,1.45709,1.45145,1.45333
2023-02-02 17:00:00,1.45336,1.45508,1.4523,1.4549400000000001
2023-02-02 18:00:00,1.4549,1.45636,1.45322,1.4538
2023-02-02 19:00:00,1.4538,1.45473,1.45263,1.45273
2023-02-02 20:00:00,1.45274,1.45408,1.45197,1.4527700000000001
2023-02-02 21:00:00,1.4527700000000001,1.4542,1.45269,1.45342
2023-02-02 22:00:00,1.45343,1.45394,1.4527999999999999,1.45288
2023-02-02 23:00:00,1.45288,1.45351,1.4523,1.45265
2023-02-03 00:00:00,1.4525299999999999,1.45312,1.4518,1.45241
2023-02-03 01:00:00,1.45234,1.4531800000000001,1.45198,1.45213
2023-02-03 02:00:00,1.45213,1.45224,1.4511,1.45205
2023-02-03 03:00:00,1.45198,1.45231,1.45093,1.45154
2023-02-03 04:00:00,1.4516,1.45271,1.45142,1.45214
2023-02-03 05:00:00,1.4521600000000001,1.45258,1.45171,1.45201
2023-02-03 06:00:00,1.45196,1.45211,1.4514,1.45169
2023-02-03 07:00:00,1.45169,1.45209,1.45114,1.45182
2023-02-03 08:00:00,1.45179,1.45249,1.45138,1.45248
2023-02-03 09:00:00,1.45238,1.45383,1.4515799999999999,1.4538
2023-02-03 10:00:00,1.4537900000000001,1.4580199999999999,1.45294,1.4573800000000001
2023-02-03 11:00:00,1.45743,1.4588,1.45675,1.45879
2023-02-03 12:00:00,1.45876,1.46002,1.4583,1.45935
2023-02-03 13:00:00,1.45938,1.45957,1.45805,1.459
2023-02-03 14:00:00,1.459,1.46157,1.45879,1.46031
2023-02-03 15:00:00,1.46027,1.46171,1.4529,1.45355
2023-02-03 16:00:00,1.45354,1.45617,1.45286,1.45567
2023-02-03 17:00:00,1.45594,1.45594,1.44971,1.45148
2023-02-03 18:00:00,1.45149,1.45171,1.44963,1.44996
2023-02-03 19:00:00,1.44996,1.4515,1.44845,1.44974
2023-02-03 20:00:00,1.44976,1.4500199999999999,1.44754,1.44777
2023-02-03 21:00:00,1.44777,1.44824,1.44605,1.44672
2023-02-03 22:00:00,1.44669,1.44771,1.44638,1.44639
2023-02-03 23:00:00,1.44644,1.44769,1.4464000000000001,1.44664
2023-02-06 00:00:00,1.44544,1.44817,1.44526,1.44746
2023-02-06 01:00:00,1.44747,1.44769,1.44567,1.44601
2023-02-06 02:00:00,1.44602,1.44662,1.44535,1.44568
2023-02-06 03:00:00,1.44566,1.44652,1.44549,1.44594
2023-02-06 04:00:00,1.44594,1.44727,1.44571,1.4463
2023-02-06 05:00:00,1.4463,1.4469699999999999,1.44629,1.44655
2023-02-06 06:00:00,1.44655,1.4472,1.44644,1.44686
2023-02-06 07:00:00,1.44686,1.4473500000000001,1.4462,1.44653
2023-02-06 08:00:00,1.44655,1.44688,1.44632,1.44645
2023-02-06 09:00:00,1.44645,1.44687,1.44529,1.44571
2023-02-06 10:00:00,1.44573,1.4473500000000001,1.4454,1.44598
2023-02-06 11:00:00,1.44598,1.44794,1.44574,1.4465
2023-02-06 12:00:00,1.4465,1.44774,1.44617,1.4469
2023-02-06 13:00:00,1.4469,1.4473,1.44588,1.4461300000000001
2023-02-06 14:00:00,1.4461300000000001,1.44688,1.44547,1.44571
2023-02-06 15:00:00,1.44569,1.44591,1.44452,1.44467
2023-02-06 16:00:00,1.44468,1.44632,1.4444,1.44539
2023-02-06 17:00:00,1.4454,1.44577,1.44344,1.44369
2023-02-06 18:00:00,1.44372,1.44394,1.44054,1.44101
2023-02-06 19:00:00,1.44102,1.44147,1.44004,1.44038
2023-02-06 20:00:00,1.44038,1.44163,1.44016,1.44125
2023-02-06 21:00:00,1.44124,1.44205,1.44086,1.44177
2023-02-06 22:00:00,1.4417499999999999,1.44258,1.44166,1.44231
2023-02-06 23:00:00,1.44229,1.44245,1.44184,1.44208
2023-02-07 00:00:00,1.44227,1.44237,1.44162,1.4423
2023-02-07 01:00:00,1.4423300000000001,1.44235,1.44134,1.44223
2023-02-07 02:00:00,1.44223,1.44249,1.44153,1.44242
2023-02-07 03:00:00,1.4424299999999999,1.44269,1.44154,1.44192
2023-02-07 04:00:00,1.44195,1.44195,1.44037,1.44069
2023-02-07 05:00:00,1.4407,1.44107,1.43922,1.44103
2023-02-07 06:00:00,1.441,1.44138,1.44077,1.4412099999999999
2023-02-07 07:00:00,1.44122,1.4418,1.44071,1.44141
2023-02-07 08:00:00,1.4414,1.44142,1.44035,1.44088
2023-02-07 09:00:00,1.4408699999999999,1.44117,1.4398,1.44004
2023-02-07 10:00:00,1.44004,1.44009,1.43767,1.43866
2023-02-07 11:00:00,1.43866,1.43917,1.4364,1.43647
2023-02-07 12:00:00,1.43645,1.43833,1.43627,1.43777
2023-02-07 13:00:00,1.43777,1.43832,1.43711,1.43732
2023-02-07 14:00:00,1.43732,1.4378,1.43658,1.43706
2023-02-07 15:00:00,1.43705,1.439,1.43603,1.43824
2023-02-07 16:00:00,1.43823,1.43948,1.43638,1.43704
2023-02-07 17:00:00,1.43704,1.43868,1.43648,1.4382
2023-02-07 18:00:00,1.4382,1.4388,1.43598,1.43862
2023-02-07 19:00:00,1.43862,1.44108,1.437,1.44071
2023-02-07 20:00:00,1.44071,1.44071,1.43812,1.43887
2023-02-07 21:00:00,1.43885,1.43917,1.43751,1.43762
2023-02-07 22:00:00,1.4376,1.43783,1.43696,1.4374799999999999
2023-02-07 23:00:00,1.4374799999999999,1.4377,1.43692,1.43728
2023-02-08 00:00:00,1.43668,1.43709,1.43448,1.43674
2023-02-08 01:00:00,1.43674,1.43747,1.43663,1.43678
2023-02-08 02:00:00,1.43681,1.4378,1.43669,1.43735
2023-02-08 03:00:00,1.43735,1.4377499999999999,1.4371,1.4372500000000001
2023-02-08 04:00:00,1.4372500000000001,1.43788,1.4371,1.4375
2023-02-08 05:00:00,1.4375,1.4375,1.43697,1.43727
2023-02-08 06:00:00,1.43727,1.43753,1.43709,1.43746
2023-02-08 07:00:00,1.43746,1.43756,1.43707,1.43747
2023-02-08 08:00:00,1.4374500000000001,1.43759,1.43629,1.43629
2023-02-08 09:00:00,1.43628,1.4387400000000001,1.43628,1.43868
2023-02-08 10:00:00,1.43866,1.4387699999999999,1.43679,1.43715
2023-02-08 11:00:00,1.43715,1.43827,1.4369100000000001,1.4378199999999999
2023-02-08 12:00:00,1.4378199999999999,1.4378199999999999,1.43682,1.43723
2023-02-08 13:00:00,1.43723,1.43735,1.4359,1.4359
2023-02-08 14:00:00,1.43591,1.43886,1.43591,1.4383
2023-02-08 15:00:00,1.43831,1.4393099999999999,1.4381599999999999,1.43897
2023-02-08 16:00:00,1.43896,1.44041,1.43834,1.439
2023-02-08 17:00:00,1.4390100000000001,1.4414,1.43824,1.44005
2023-02-08 18:00:00,1.44005,1.4420600000000001,1.43974,1.44146
2023-02-08 19:00:00,1.44143,1.44229,1.44061,1.44086
2023-02-08 20:00:00,1.44083,1.44212,1.44066,1.44195
2023-02-08 21:00:00,1.44195,1.44217,1.44079,1.44092
2023-02-08 22:00:00,1.44093,1.44117,1.43953,1.44062
2023-02-08 23:00:00,1.44063,1.44097,1.44021,1.44047
2023-02-09 00:00:00,1.43944,1.44055,1.43875,1.43981
2023-02-09 01:00:00,1.43981,1.44073,1.43978,1.44065
2023-02-09 02:00:00,1.44065,1.4414,1.44061,1.44117
2023-02-09 03:00:00,1.4411800000000001,1.44249,1.44107,1.4423599999999999
2023-02-09 04:00:00,1.4423599999999999,1.4426700000000001,1.44198,1.44253
2023-02-09 05:00:00,1.44251,1.44266,1.44159,1.44168
2023-02-09 06:00:00,1.44168,1.44193,1.44149,1.44176
2023-02-09 07:00:00,1.44177,1.44222,1.44112,1.44214
2023-02-09 08:00:00,1.44215,1.443,1.4417900000000001,1.4425
2023-02-09 09:00:00,1.4425,1.44256,1.4396,1.43994
2023-02-09 10:00:00,1.43995,1.44205,1.43946,1.44142
2023-02-09 11:00:00,1.44146,1.44348,1.4412099999999999,1.4427400000000001
2023-02-09 12:00:00,1.44273,1.44415,1.44228,1.44384
2023-02-09 13:00:00,1.44384,1.4438900000000001,1.44239,1.4430100000000001
2023-02-09 14:00:00,1.4430100000000001,1.44359,1.4418199999999999,1.44259
2023-02-09 15:00:00,1.44258,1.4435,1.44201,1.44342
2023-02-09 16:00:00,1.44343,1.44539,1.44241,1.44508
2023-02-09 17:00:00,1.44508,1.44612,1.44314,1.44374
2023-02-09 18:00:00,1.44373,1.44501,1.4434,1.44497
2023-02-09 19:00:00,1.44495,1.44576,1.4442300000000001,1.44525
2023-02-09 20:00:00,1.44524,1.44527,1.44387,1.4443
2023-02-09 21:00:00,1.44431,1.44482,1.44388,1.4442300000000001
2023-02-09 22:00:00,1.44424,1.44496,1.44395,1.44478
2023-02-09 23:00:00,1.44475,1.44527,1.44445,1.44493
2023-02-10 00:00:00,1.4441,1.44477,1.44343,1.44445
2023-02-10 01:00:00,1.4445000000000001,1.44503,1.44411,1.44421
2023-02-10 02:00:00,1.4442,1.44452,1.44322,1.44368
2023-02-10 03:00:00,1.44368,1.44434,1.44342,1.44401
2023-02-10 04:00:00,1.44391,1.44416,1.44359,1.44379
2023-02-10 05:00:00,1.44382,1.44418,1.44344,1.4439899999999999
2023-02-10 06:00:00,1.444,1.44425,1.44342,1.44357
2023-02-10 07:00:00,1.44357,1.44372,1.44324,1.44346
2023-02-10 08:00:00,1.44347,1.44347,1.44241,1.44245
2023-02-10 09:00:00,1.44247,1.44437,1.44239,1.4441
2023-02-10 10:00:00,1.44411,1.44467,1.44025,1.44168
2023-02-10 11:00:00,1.44167,1.44168,1.43802,1.43855
2023-02-10 12:00:00,1.43855,1.43954,1.4375,1.43909
2023-02-10 13:00:00,1.43903,1.43954,1.43828,1.43881
2023-02-10 14:00:00,1.43884,1.43932,1.43584,1.43617
2023-02-10 15:00:00,1.43615,1.43695,1.42816,1.43068
2023-02-10 16:00:00,1.43066,1.43099,1.42754,1.42941
2023-02-10 17:00:00,1.42943,1.42992,1.4255499999999999,1.42569
2023-02-10 18:00:00,1.42568,1.42695,1.42526,1.42565
2023-02-10 19:00:00,1.42565,1.42671,1.4252099999999999,1.42534
2023-02-10 20:00:00,1.42533,1.4262000000000001,1.4251800000000001,1.42599
2023-02-10 21:00:00,1.42599,1.42601,1.42421,1.42427
2023-02-10 22:00:00,1.4243000000000001,1.42538,1.42429,1.42502
2023-02-10 23:00:00,1.42502,1.42538,1.42435,1.42475
2023-02-13 00:00:00,1.42517,1.42588,1.42461,1.42504
2023-02-13 01:00:00,1.42504,1.42621,1.42452,1.42612
2023-02-13 02:00:00,1.42611,1.42634,1.42507,1.42535
2023-02-13 03:00:00,1.42538,1.42628,1.42508,1.4252500000000001
2023-02-13 04:00:00,1.42527,1.4264000000000001,1.42497,1.4261599999999999
2023-02-13 05:00:00,1.4261599999999999,1.42627,1.42564,1.42581
2023-02-13 06:00:00,1.42581,1.4270100000000001,1.4258,1.4268399999999999
2023-02-13 07:00:00,1.4268399999999999,1.42691,1.42604,1.42678
2023-02-13 08:00:00,1.42679,1.42768,1.42639,1.42707
2023-02-13 09:00:00,1.4270800000000001,1.42854,1.42652,1.42754
2023-02-13 10:00:00,1.42757,1.42778,1.4256,1.42566
2023-02-13 11:00:00,1.42566,1.42739,1.42504,1.42691
2023-02-13 12:00:00,1.42691,1.42788,1.4264299999999999,1.4270100000000001
2023-02-13 13:00:00,1.42706,1.4271099999999999,1.42422,1.42426
2023-02-13 14:00:00,1.42426,1.42696,1.42377,1.42666
2023-02-13 15:00:00,1.42664,1.42739,1.42576,1.42659
2023-02-13 16:00:00,1.42661,1.42976,1.42622,1.42872
2023-02-13 17:00:00,1.42875,1.43085,1.42794,1.43033
2023-02-13 18:00:00,1.43034,1.43124,1.42963,1.43049
2023-02-13 19:00:00,1.4304700000000001,1.43115,1.4284,1.42902
2023-02-13 20:00:00,1.42902,1.4301300000000001,1.42876,1.42999
2023-02-13 21:00:00,1.43,1.4300899999999999,1.4289100000000001,1.42929
2023-02-13 22:00:00,1.4292799999999999,1.43054,1.42924,1.42994
2023-02-13 23:00:00,1.42994,1.43033,1.42958,1.42976
2023-02-14 00:00:00,1.42893,1.42996,1.42885,1.4298199999999999
2023-02-14 01:00:00,1.4297900000000001,1.4310100000000001,1.4295900000000001,1.43095
2023-02-14 02:00:00,1.43096,1.4316900000000001,1.4307699999999999,1.43156
2023-02-14 03:00:00,1.43156,1.43254,1.4310800000000001,1.43192
2023-02-14 04:00:00,1.43188,1.4325700000000001,1.43171,1.43171
2023-02-14 05:00:00,1.4317199999999999,1.43175,1.43098,1.43123
2023-02-14 06:00:00,1.43117,1.43164,1.43097,1.43159
2023-02-14 07:00:00,1.43157,1.43237,1.43137,1.4320300000000001
2023-02-14 08:00:00,1.43202,1.43304,1.43194,1.4322300000000001
2023-02-14 09:00:00,1.43224,1.4327,1.43158,1.43204
2023-02-14 10:00:00,1.43205,1.4338,1.43158,1.43364
2023-02-14 11:00:00,1.43371,1.43563,1.43308,1.435
2023-02-14 12:00:00,1.43497,1.4356,1.43371,1.4351099999999999
2023-02-14 13:00:00,1.43514,1.43648,1.43445,1.43522
2023-02-14 14:00:00,1.43523,1.43525,1.43244,1.4334500000000001
2023-02-14 15:00:00,1.43344,1.43573,1.42991,1.43376
2023-02-14 16:00:00,1.4337900000000001,1.43589,1.43274,1.4344700000000001
2023-02-14 17:00:00,1.4344999999999999,1.43492,1.43088,1.4310399999999999
2023-02-14 18:00:00,1.43106,1.43376,1.43075,1.43307
2023-02-14 19:00:00,1.43307,1.43367,1.4316900000000001,1.43231
2023-02-14 20:00:00,1.43231,1.43324,1.4322300000000001,1.4329100000000001
2023-02-14 21:00:00,1.43295,1.43295,1.43204,1.43242
2023-02-14 22:00:00,1.43236,1.43283,1.43202,1.43211
2023-02-14 23:00:00,1.43207,1.43255,1.43152,1.43177
2023-02-15 00:00:00,1.43182,1.43212,1.43126,1.43167
2023-02-15 01:00:00,1.43167,1.43212,1.43103,1.43205
2023-02-15 02:00:00,1.43205,1.43283,1.43198,1.4325
2023-02-15 03:00:00,1.4325,1.4336,1.4325,1.4332099999999999
2023-02-15 04:00:00,1.4332,1.43322,1.43212,1.43277
2023-02-15 05:00:00,1.4328,1.43312,1.4320599999999999,1.43241
2023-02-15 06:00:00,1.43239,1.4325,1.43173,1.43176
2023-02-15 07:00:00,1.43174,1.43235,1.43173,1.43185
2023-02-15 08:00:00,1.43185,1.43224,1.4314200000000001,1.4316499999999999
2023-02-15 09:00:00,1.43166,1.43368,1.43128,1.433
2023-02-15 10:00:00,1.43302,1.43655,1.43299,1.43602
2023-02-15 11:00:00,1.43605,1.43715,1.43524,1.43666
2023-02-15 12:00:00,1.43665,1.4377,1.43591,1.43591
2023-02-15 13:00:00,1.43593,1.43688,1.43579,1.43579
2023-02-15 14:00:00,1.43579,1.43634,1.4341,1.43429
2023-02-15 15:00:00,1.43426,1.43644,1.43242,1.43387
2023-02-15 16:00:00,1.4338600000000001,1.43479,1.43241,1.43322
2023-02-15 17:00:00,1.43324,1.43441,1.43116,1.43244
2023-02-15 18:00:00,1.43245,1.43285,1.43079,1.43152
2023-02-15 19:00:00,1.43151,1.43254,1.43113,1.43171
2023-02-15 20:00:00,1.4316900000000001,1.43202,1.42972,1.42981
2023-02-15 21:00:00,1.4297900000000001,1.43129,1.42975,1.43118
2023-02-15 22:00:00,1.43119,1.43167,1.43098,1.43145
2023-02-15 23:00:00,1.43144,1.43193,1.43114,1.4313500000000001
2023-02-16 00:00:00,1.43085,1.43137,1.43,1.43128
2023-02-16 01:00:00,1.43129,1.4319600000000001,1.43127,1.43166
2023-02-16 02:00:00,1.43168,1.43285,1.43149,1.4325999999999999
2023-02-16 03:00:00,1.43262,1.43307,1.4320599999999999,1.43241
2023-02-16 04:00:00,1.43241,1.433,1.43192,1.43258
2023-02-16 05:00:00,1.43258,1.4332500000000001,1.43232,1.43322
2023-02-16 06:00:00,1.4332099999999999,1.43323,1.43209,1.4322300000000001
2023-02-16 07:00:00,1.4322300000000001,1.43282,1.43192,1.43261
2023-02-16 08:00:00,1.43262,1.43303,1.4322599999999999,1.43251
2023-02-16 09:00:00,1.4325,1.4329,1.4319899999999999,1.43241
2023-02-16 10:00:00,1.43239,1.43304,1.43069,1.43221
2023-02-16 11:00:00,1.43221,1.43227,1.4303,1.43173
2023-02-16 12:00:00,1.4317199999999999,1.43293,1.4316900000000001,1.4328400000000001
2023-02-16 13:00:00,1.43282,1.43296,1.43153,1.43277
2023-02-16 14:00:00,1.43274,1.43385,1.43251,1.43332
2023-02-16 15:00:00,1.43332,1.43463,1.43237,1.43332
2023-02-16 16:00:00,1.43333,1.43534,1.43299,1.4348
2023-02-16 17:00:00,1.43478,1.43705,1.43458,1.43555
2023-02-16 18:00:00,1.43556,1.43713,1.43546,1.4369100000000001
2023-02-16 19:00:00,1.43692,1.43698,1.43557,1.43621
2023-02-16 20:00:00,1.43621,1.43666,1.43583,1.43606
2023-02-16 21:00:00,1.43604,1.4365,1.4352800000000001,1.43533
2023-02-16 22:00:00,1.4353099999999999,1.43648,1.43462,1.4362
2023-02-16 23:00:00,1.4362,1.43655,1.4359,1.43615
2023-02-17 00:00:00,1.4359,1.43638,1.4338600000000001,1.43594
2023-02-17 01:00:00,1.43594,1.43696,1.43594,1.43695
2023-02-17 02:00:00,1.43693,1.43697,1.43551,1.43577
2023-02-17 03:00:00,1.4358,1.43627,1.43567,1.4359899999999999
2023-02-17 04:00:00,1.4359899999999999,1.4363000000000001,1.4355,1.43582
2023-02-17 05:00:00,1.4358,1.43641,1.43564,1.43637
2023-02-17 06:00:00,1.43637,1.43648,1.4341599999999999,1.4344299999999999
2023-02-17 07:00:00,1.4344299999999999,1.43502,1.43428,1.4346999999999999
2023-02-17 08:00:00,1.43471,1.43513,1.4341300000000001,1.43476
2023-02-17 09:00:00,1.4347699999999999,1.43698,1.43459,1.4368699999999999
2023-02-17 10:00:00,1.43685,1.43831,1.43613,1.43827
2023-02-17 11:00:00,1.43825,1.43937,1.4363299999999999,1.43636
2023-02-17 12:00:00,1.43636,1.43839,1.43629,1.43838
2023-02-17 13:00:00,1.43833,1.43854,1.43695,1.43819
2023-02-17 14:00:00,1.43818,1.43819,1.43445,1.43573
2023-02-17 15:00:00,1.43576,1.43685,1.43496,1.43624
2023-02-17 16:00:00,1.4362599999999999,1.43892,1.43594,1.43807
2023-02-17 17:00:00,1.4380899999999999,1.4405000000000001,1.438,1.43856
2023-02-17 18:00:00,1.43856,1.4405000000000001,1.4383,1.44003
2023-02-17 19:00:00,1.44003,1.4409100000000001,1.43963,1.4399600000000001
2023-02-17 20:00:00,1.43998,1.44131,1.43997,1.44043
2023-02-17 21:00:00,1.44043,1.44092,1.44005,1.44082
2023-02-17 22:00:00,1.44081,1.44134,1.4403299999999999,1.44124
2023-02-17 23:00:00,1.44126,1.44147,1.44046,1.4408400000000001
2023-02-20 00:00:00,1.43987,1.44124,1.43973,1.44049
2023-02-20 01:00:00,1.4405299999999999,1.4411399999999999,1.4403000000000001,1.44042
2023-02-20 02:00:00,1.4404,1.44075,1.4399199999999999,1.44071
2023-02-20 03:00:00,1.44071,1.44086,1.4394,1.43979
2023-02-20 04:00:00,1.43977,1.4403000000000001,1.43948,1.43997
2023-02-20 05:00:00,1.43997,1.44005,1.43947,1.4399
2023-02-20 06:00:00,1.4398900000000001,1.44048,1.43973,1.44036
2023-02-20 07:00:00,1.4403299999999999,1.44046,1.43978,1.43978
2023-02-20 08:00:00,1.43978,1.4403299999999999,1.4396900000000001,1.44013
2023-02-20 09:00:00,1.44012,1.44117,1.43995,1.44067
2023-02-20 10:00:00,1.44069,1.44086,1.43914,1.43933
2023-02-20 11:00:00,1.43932,1.44003,1.43789,1.43792
2023-02-20 12:00:00,1.43791,1.43923,1.43768,1.43848
2023-02-20 13:00:00,1.43849,1.43849,1.4373,1.4384000000000001
2023-02-20 14:00:00,1.43844,1.43869,1.43665,1.43677
2023-02-20 15:00:00,1.4368,1.43792,1.43639,1.43688
2023-02-20 16:00:00,1.4368699999999999,1.43789,1.43632,1.43764
2023-02-20 17:00:00,1.43763,1.43849,1.43719,1.4378199999999999
2023-02-20 18:00:00,1.43781,1.43827,1.43739,1.4374
2023-02-20 19:00:00,1.43742,1.4377900000000001,1.43711,1.43732
2023-02-20 20:00:00,1.43732,1.43741,1.43705,1.43706
2023-02-20 21:00:00,1.43709,1.43749,1.43709,1.43744
2023-02-20 22:00:00,1.4374500000000001,1.43765,1.43727,1.43727
2023-02-20 23:00:00,1.4373,1.43769,1.43702,1.43733
2023-02-21 00:00:00,1.43695,1.43746,1.43636,1.43689
2023-02-21 01:00:00,1.43672,1.43763,1.43672,1.43709
2023-02-21 02:00:00,1.43708,1.43793,1.43707,1.43736
2023-02-21 03:00:00,1.43734,1.43821,1.4372500000000001,1.43787
2023-02-21 04:00:00,1.4378600000000001,1.43801,1.43627,1.43637
2023-02-21 05:00:00,1.43639,1.43724,1.43632,1.43717
2023-02-21 06:00:00,1.43717,1.43733,1.4368400000000001,1.43723
2023-02-21 07:00:00,1.4372,1.4377499999999999,1.43705,1.43746
2023-02-21 08:00:00,1.43743,1.43808,1.43732,1.43756
2023-02-21 09:00:00,1.43757,1.43869,1.43757,1.43866
2023-02-21 10:00:00,1.43866,1.43993,1.4373,1.43754
2023-02-21 11:00:00,1.43756,1.4382,1.4340899999999999,1.43454
2023-02-21 12:00:00,1.43454,1.43542,1.43349,1.43385
2023-02-21 13:00:00,1.43388,1.43432,1.43302,1.4338199999999999
2023-02-21 14:00:00,1.4338600000000001,1.43476,1.43269,1.43442
2023-02-21 15:00:00,1.43441,1.43868,1.43309,1.43773
2023-02-21 16:00:00,1.43776,1.44045,1.43767,1.4396200000000001
2023-02-21 17:00:00,1.4396200000000001,1.44344,1.43922,1.44212
2023-02-21 18:00:00,1.44215,1.44215,1.43997,1.4401
2023-02-21 19:00:00,1.44009,1.4423,1.43997,1.4412
2023-02-21 20:00:00,1.44123,1.44129,1.44,1.44075
2023-02-21 21:00:00,1.44075,1.44203,1.44062,1.44128
2023-02-21 22:00:00,1.44128,1.44212,1.44092,1.44104
2023-02-21 23:00:00,1.44101,1.4416,1.44088,1.44099
2023-02-22 00:00:00,1.44119,1.44143,1.43974,1.44093
2023-02-22 01:00:00,1.44097,1.44197,1.44095,1.44139
2023-02-22 02:00:00,1.4414,1.4424000000000001,1.44109,1.44191
2023-02-22 03:00:00,1.44191,1.44313,1.4417200000000001,1.44298
2023-02-22 04:00:00,1.443,1.44332,1.4420600000000001,1.44222
2023-02-22 05:00:00,1.4422,1.44323,1.44215,1.44318
2023-02-22 06:00:00,1.44311,1.44356,1.44296,1.44314
2023-02-22 07:00:00,1.44317,1.44351,1.44269,1.44332
2023-02-22 08:00:00,1.4433,1.44356,1.4428,1.44282
2023-02-22 09:00:00,1.44286,1.44315,1.44191,1.4424299999999999
2023-02-22 10:00:00,1.44239,1.44427,1.44177,1.44254
2023-02-22 11:00:00,1.44252,1.44332,1.44154,1.4416
2023-02-22 12:00:00,1.44162,1.44222,1.44019,1.44021
2023-02-22 13:00:00,1.44022,1.44112,1.43967,1.44045
2023-02-22 14:00:00,1.44048,1.44049,1.4380899999999999,1.44049
2023-02-22 15:00:00,1.44046,1.44141,1.43967,1.4405700000000001
2023-02-22 16:00:00,1.44061,1.44298,1.4401,1.44221
2023-02-22 17:00:00,1.44218,1.4431,1.43871,1.43916
2023-02-22 18:00:00,1.43914,1.43985,1.43802,1.43828
2023-02-22 19:00:00,1.43826,1.43865,1.43785,1.43795
2023-02-22 20:00:00,1.43797,1.4384700000000001,1.4369100000000001,1.43776
2023-02-22 21:00:00,1.43834,1.43838,1.43711,1.43823
2023-02-22 22:00:00,1.43823,1.43832,1.43704,1.4372
2023-02-22 23:00:00,1.43722,1.43754,1.43673,1.43707
2023-02-23 00:00:00,1.4369,1.43731,1.43608,1.43726
2023-02-23 01:00:00,1.43715,1.43736,1.43648,1.43649
2023-02-23 02:00:00,1.43652,1.43689,1.43625,1.43659
2023-02-23 03:00:00,1.43659,1.43671,1.43625,1.43642
2023-02-23 04:00:00,1.43642,1.43654,1.43589,1.43635
2023-02-23 05:00:00,1.43635,1.43647,1.4359600000000001,1.43631
2023-02-23 06:00:00,1.43628,1.43648,1.436,1.43646
2023-02-23 07:00:00,1.43646,1.43676,1.43603,1.43676
2023-02-23 08:00:00,1.43676,1.43686,1.4363000000000001,1.43667
2023-02-23 09:00:00,1.43666,1.43683,1.43532,1.43582
2023-02-23 10:00:00,1.43582,1.43625,1.43469,1.43524
2023-02-23 11:00:00,1.43524,1.43527,1.43371,1.43399
2023-02-23 12:00:00,1.43402,1.4344700000000001,1.43323,1.43397
2023-02-23 13:00:00,1.43397,1.43432,1.43301,1.43427
2023-02-23 14:00:00,1.43426,1.43655,1.43401,1.43598
2023-02-23 15:00:00,1.4359600000000001,1.43754,1.4354,1.43689
2023-02-23 16:00:00,1.43693,1.43711,1.43362,1.43424
2023-02-23 17:00:00,1.43422,1.4357199999999999,1.43375,1.43553
2023-02-23 18:00:00,1.43554,1.43685,1.43497,1.43558
2023-02-23 19:00:00,1.43558,1.43688,1.43488,1.43574
2023-02-23 20:00:00,1.43575,1.43638,1.43517,1.43616
2023-02-23 21:00:00,1.43617,1.43625,1.43455,1.43567
2023-02-23 22:00:00,1.43566,1.43593,1.4347699999999999,1.43585
2023-02-23 23:00:00,1.43587,1.43589,1.43507,1.43566
2023-02-24 00:00:00,1.43465,1.43518,1.43319,1.43492
2023-02-24 01:00:00,1.43507,1.43577,1.43491,1.43518
2023-02-24 02:00:00,1.43518,1.43564,1.43492,1.43556
2023-02-24 03:00:00,1.43554,1.43591,1.43456,1.43506
2023-02-24 04:00:00,1.43499,1.43541,1.43419,1.43433
2023-02-24 05:00:00,1.43431,1.43481,1.43428,1.43478
2023-02-24 06:00:00,1.43482,1.43553,1.43462,1.43541
2023-02-24 07:00:00,1.43543,1.4358,1.4351099999999999,1.43533
2023-02-24 08:00:00,1.4353,1.43624,1.43526,1.43601
2023-02-24 09:00:00,1.43602,1.43607,1.43509,1.43554
2023-02-24 10:00:00,1.43554,1.43695,1.4352,1.4369
2023-02-24 11:00:00,1.43688,1.43789,1.4362300000000001,1.43627
2023-02-24 12:00:00,1.43627,1.43796,1.43584,1.43703
2023-02-24 13:00:00,1.43706,1.43851,1.4369,1.4372099999999999
2023-02-24 14:00:00,1.4372099999999999,1.4377499999999999,1.43648,1.43662
2023-02-24 15:00:00,1.43662,1.43829,1.43497,1.43804
2023-02-24 16:00:00,1.43804,1.44086,1.43682,1.43881
2023-02-24 17:00:00,1.43881,1.44085,1.43729,1.43834
2023-02-24 18:00:00,1.43838,1.43842,1.4351099999999999,1.4359899999999999
2023-02-24 19:00:00,1.4359600000000001,1.43744,1.43548,1.43608
2023-02-24 20:00:00,1.43608,1.4378199999999999,1.43591,1.43644
2023-02-24 21:00:00,1.43641,1.43699,1.4350800000000001,1.43567
2023-02-24 22:00:00,1.4356900000000001,1.43608,1.4349,1.43492
2023-02-24 23:00:00,1.43494,1.43536,1.43449,1.4346999999999999
2023-02-27 00:00:00,1.43542,1.43542,1.4341300000000001,1.43482
2023-02-27 01:00:00,1.4348,1.43541,1.43431,1.43483
2023-02-27 02:00:00,1.43484,1.4353799999999999,1.43429,1.435
2023-02-27 03:00:00,1.435,1.43549,1.43465,1.4353
2023-02-27 04:00:00,1.4353099999999999,1.43571,1.43515,1.43546
2023-02-27 05:00:00,1.43543,1.43582,1.43499,1.4356499999999999
2023-02-27 06:00:00,1.43567,1.43618,1.43539,1.43618
2023-02-27 07:00:00,1.43618,1.43627,1.43542,1.43554
2023-02-27 08:00:00,1.43553,1.4358,1.43491,1.43507
2023-02-27 09:00:00,1.43507,1.43568,1.43454,1.4346
2023-02-27 10:00:00,1.43462,1.43534,1.43421,1.43457
2023-02-27 11:00:00,1.43455,1.43513,1.43411,1.43455
2023-02-27 12:00:00,1.43453,1.43667,1.43437,1.43664
2023-02-27 13:00:00,1.43664,1.43674,1.4357,1.43619
2023-02-27 14:00:00,1.43619,1.43712,1.4346,1.43513
2023-02-27 15:00:00,1.43513,1.43582,1.43272,1.4358
2023-02-27 16:00:00,1.43583,1.43803,1.43545,1.43771
2023-02-27 17:00:00,1.43771,1.43895,1.43668,1.43797
2023-02-27 18:00:00,1.43797,1.4387400000000001,1.4369,1.43827
2023-02-27 19:00:00,1.43825,1.4389,1.4377499999999999,1.43861
2023-02-27 20:00:00,1.43861,1.43994,1.43801,1.43951
2023-02-27 21:00:00,1.43948,1.44078,1.43921,1.44051
2023-02-27 22:00:00,1.44049,1.44061,1.43982,1.44005
2023-02-27 23:00:00,1.44001,1.44048,1.43966,1.44013
2023-02-28 00:00:00,1.43983,1.44006,1.4379,1.43933
2023-02-28 01:00:00,1.4393,1.4402599999999999,1.43925,1.4402599999999999
2023-02-28 02:00:00,1.4402599999999999,1.44065,1.43964,1.44022
2023-02-28 03:00:00,1.44021,1.44028,1.43741,1.4374799999999999
2023-02-28 04:00:00,1.43744,1.43836,1.43733,1.43818
2023-02-28 05:00:00,1.43818,1.43855,1.43799,1.4383
2023-02-28 06:00:00,1.4383,1.43857,1.43787,1.4384700000000001
2023-02-28 07:00:00,1.43848,1.43858,1.43798,1.43827
2023-02-28 08:00:00,1.43824,1.43838,1.43765,1.43769
2023-02-28 09:00:00,1.43771,1.44047,1.43761,1.4402599999999999
2023-02-28 10:00:00,1.44038,1.44284,1.44038,1.44232
2023-02-28 11:00:00,1.44234,1.4435,1.44095,1.44124
2023-02-28 12:00:00,1.44127,1.44168,1.44024,1.44051
2023-02-28 13:00:00,1.44048,1.44059,1.43884,1.43914
2023-02-28 14:00:00,1.43915,1.44089,1.43891,1.44082
2023-02-28 15:00:00,1.4408,1.4442599999999999,1.4401,1.44421
2023-02-28 16:00:00,1.44428,1.44629,1.44287,1.44556
2023-02-28 17:00:00,1.44546,1.44827,1.4435,1.44351
2023-02-28 18:00:00,1.44352,1.44406,1.44257,1.44334
2023-02-28 19:00:00,1.4433099999999999,1.44417,1.44253,1.44404
2023-02-28 20:00:00,1.44406,1.44421,1.44183,1.44191
2023-02-28 21:00:00,1.4419,1.44286,1.44151,1.4424299999999999
2023-02-28 22:00:00,1.44242,1.44348,1.44189,1.4432
2023-02-28 23:00:00,1.4432,1.44354,1.4429,1.443
2023-03-01 00:00:00,1.44291,1.4431,1.44102,1.4430399999999999
2023-03-01 01:00:00,1.4429699999999999,1.4435,1.44271,1.44322
2023-03-01 02:00:00,1.44319,1.4433500000000001,1.4423599999999999,1.4432
2023-03-01 03:00:00,1.44322,1.4438,1.44249,1.443
2023-03-01 04:00:00,1.443,1.44318,1.44266,1.4429
2023-03-01 05:00:00,1.44289,1.44314,1.44268,1.44312
2023-03-01 06:00:00,1.4431,1.4431,1.44214,1.44231
2023-03-01 07:00:00,1.44226,1.44272,1.44221,1.44238
2023-03-01 08:00:00,1.44237,1.44424,1.44215,1.4433500000000001
2023-03-01 09:00:00,1.4433500000000001,1.44808,1.44291,1.44777
2023-03-01 10:00:00,1.44775,1.44862,1.44611,1.44786
2023-03-01 11:00:00,1.44785,1.44881,1.44715,1.44774
2023-03-01 12:00:00,1.44773,1.45068,1.4476200000000001,1.45048
2023-03-01 13:00:00,1.45048,1.45099,1.44943,1.45049
2023-03-01 14:00:00,1.45049,1.45233,1.44974,1.45225
2023-03-01 15:00:00,1.4522,1.45461,1.45214,1.45457
2023-03-01 16:00:00,1.45455,1.45503,1.45159,1.4519
2023-03-01 17:00:00,1.45179,1.45389,1.45108,1.45148
2023-03-01 18:00:00,1.45148,1.45369,1.45056,1.45126
2023-03-01 19:00:00,1.4512399999999999,1.45243,1.45023,1.45035
2023-03-01 20:00:00,1.45038,1.45058,1.44953,1.44974
2023-03-01 21:00:00,1.44976,1.4504299999999999,1.44954,1.45037
2023-03-01 22:00:00,1.45041,1.45061,1.4497200000000001,1.45005
2023-03-01 23:00:00,1.45008,1.45034,1.44987,1.45001
2023-03-02 00:00:00,1.44964,1.45062,1.44885,1.45022
2023-03-02 01:00:00,1.45022,1.45042,1.44967,1.44976
2023-03-02 02:00:00,1.4497499999999999,1.44977,1.44893,1.44956
2023-03-02 03:00:00,1.44957,1.4509,1.44946,1.44953
2023-03-02 04:00:00,1.44952,1.44963,1.44862,1.44961
2023-03-02 05:00:00,1.44961,1.44978,1.4487,1.44882
2023-03-02 06:00:00,1.44882,1.44939,1.44858,1.4491
2023-03-02 07:00:00,1.4491,1.44943,1.44869,1.4488400000000001
2023-03-02 08:00:00,1.4488699999999999,1.44893,1.44804,1.4481
2023-03-02 09:00:00,1.44812,1.44946,1.44782,1.4493
2023-03-02 10:00:00,1.44931,1.44937,1.44691,1.4473500000000001
2023-03-02 11:00:00,1.44739,1.44753,1.4454500000000001,1.44598
2023-03-02 12:00:00,1.44598,1.44766,1.44534,1.4454099999999999
2023-03-02 13:00:00,1.44542,1.44703,1.44515,1.4460600000000001
2023-03-02 14:00:00,1.44607,1.44724,1.44443,1.4447
2023-03-02 15:00:00,1.44465,1.44496,1.44235,1.44283
2023-03-02 16:00:00,1.44282,1.44416,1.44238,1.44248
2023-03-02 17:00:00,1.4425,1.4439,1.44223,1.44323
2023-03-02 18:00:00,1.44322,1.44353,1.4416,1.44254
2023-03-02 19:00:00,1.44254,1.44261,1.44107,1.44137
2023-03-02 20:00:00,1.44138,1.4426700000000001,1.44082,1.44187
2023-03-02 21:00:00,1.44186,1.44231,1.44015,1.44047
2023-03-02 22:00:00,1.44051,1.44149,1.44025,1.44092
2023-03-02 23:00:00,1.44093,1.4412099999999999,1.4405000000000001,1.44071
2023-03-03 00:00:00,1.44048,1.44109,1.43899,1.44064
2023-03-03 01:00:00,1.44061,1.44117,1.44008,1.44106
2023-03-03 02:00:00,1.44102,1.44163,1.44083,1.44143
2023-03-03 03:00:00,1.44146,1.44158,1.4408,1.44093
2023-03-03 04:00:00,1.44095,1.4415200000000001,1.4405700000000001,1.44073
2023-03-03 05:00:00,1.44073,1.44101,1.44042,1.44086
2023-03-03 06:00:00,1.44086,1.44157,1.44079,1.44144
2023-03-03 07:00:00,1.44146,1.4415499999999999,1.4411399999999999,1.44126
2023-03-03 08:00:00,1.44126,1.44184,1.44115,1.44122
2023-03-03 09:00:00,1.4412099999999999,1.44191,1.44052,1.4405299999999999
2023-03-03 10:00:00,1.44055,1.4414799999999999,1.44015,1.44035
2023-03-03 11:00:00,1.4403299999999999,1.44035,1.4387400000000001,1.43897
2023-03-03 12:00:00,1.43895,1.44097,1.43821,1.4398
2023-03-03 13:00:00,1.43982,1.44074,1.43957,1.4407
2023-03-03 14:00:00,1.44072,1.44311,1.4405000000000001,1.44298
2023-03-03 15:00:00,1.44298,1.44656,1.4428,1.44622
2023-03-03 16:00:00,1.44624,1.4481600000000001,1.44482,1.4454
2023-03-03 17:00:00,1.4454799999999999,1.44673,1.44321,1.44387
2023-03-03 18:00:00,1.44391,1.44512,1.4433799999999999,1.44463
2023-03-03 19:00:00,1.44463,1.44559,1.44434,1.44467
2023-03-03 20:00:00,1.44467,1.44559,1.44449,1.4455
2023-03-03 21:00:00,1.4454799999999999,1.44602,1.44481,1.44532
2023-03-03 22:00:00,1.44529,1.4457900000000001,1.44488,1.44558
2023-03-03 23:00:00,1.44556,1.4458,1.4452099999999999,1.44551
2023-03-06 00:00:00,1.44479,1.4457900000000001,1.44336,1.44574
2023-03-06 01:00:00,1.4455,1.4459,1.44415,1.44558
2023-03-06 02:00:00,1.4456,1.44695,1.44553,1.44593
2023-03-06 03:00:00,1.446,1.4470399999999999,1.44583,1.44688
2023-03-06 04:00:00,1.44688,1.44708,1.4460899999999999,1.44635
2023-03-06 05:00:00,1.44638,1.44706,1.44638,1.447
2023-03-06 06:00:00,1.44703,1.44763,1.44698,1.44739
2023-03-06 07:00:00,1.44743,1.44774,1.44719,1.44769
2023-03-06 08:00:00,1.4477,1.4479199999999999,1.44647,1.44689
2023-03-06 09:00:00,1.44689,1.44801,1.44664,1.44665
2023-03-06 10:00:00,1.44661,1.44824,1.4460899999999999,1.4460899999999999
2023-03-06 11:00:00,1.4460899999999999,1.44724,1.4454,1.44549
2023-03-06 12:00:00,1.4454500000000001,1.44703,1.44512,1.44561
2023-03-06 13:00:00,1.44559,1.4506000000000001,1.44554,1.44967
2023-03-06 14:00:00,1.44965,1.44983,1.44847,1.44935
2023-03-06 15:00:00,1.44934,1.45082,1.44891,1.45078
2023-03-06 16:00:00,1.45077,1.45396,1.45061,1.45294
2023-03-06 17:00:00,1.45296,1.4554,1.45234,1.45368
2023-03-06 18:00:00,1.45369,1.45522,1.45335,1.45492
2023-03-06 19:00:00,1.45492,1.455,1.4534099999999999,1.4540600000000001
2023-03-06 20:00:00,1.45407,1.45426,1.45324,1.4533800000000001
2023-03-06 21:00:00,1.4533800000000001,1.45394,1.4527999999999999,1.45393
2023-03-06 22:00:00,1.4539,1.45437,1.45357,1.4537900000000001
2023-03-06 23:00:00,1.4538,1.45441,1.45371,1.45405
2023-03-07 00:00:00,1.45393,1.45416,1.45199,1.45355
2023-03-07 01:00:00,1.45355,1.45495,1.4527999999999999,1.45489
2023-03-07 02:00:00,1.45491,1.45496,1.45362,1.45381
2023-03-07 03:00:00,1.45382,1.45427,1.45349,1.4539
2023-03-07 04:00:00,1.45388,1.45425,1.4537,1.45388
2023-03-07 05:00:00,1.45388,1.4552800000000001,1.4537,1.45453
2023-03-07 06:00:00,1.45452,1.45496,1.45443,1.45468
2023-03-07 07:00:00,1.4546700000000001,1.45473,1.45388,1.4543599999999999
2023-03-07 08:00:00,1.45427,1.45466,1.45381,1.45388
2023-03-07 09:00:00,1.4539,1.45552,1.4539,1.4552800000000001
2023-03-07 10:00:00,1.4552800000000001,1.4552800000000001,1.45357,1.45451
2023-03-07 11:00:00,1.45446,1.4546299999999999,1.45243,1.45265
2023-03-07 12:00:00,1.45264,1.45353,1.45221,1.45255
2023-03-07 13:00:00,1.4525299999999999,1.4544000000000001,1.45241,1.4534799999999999
2023-03-07 14:00:00,1.45351,1.45513,1.4531800000000001,1.45491
2023-03-07 15:00:00,1.45491,1.45591,1.45414,1.45444
2023-03-07 16:00:00,1.4543599999999999,1.45559,1.45384,1.45493
2023-03-07 17:00:00,1.45493,1.45543,1.45163,1.45262
2023-03-07 18:00:00,1.4526,1.4531,1.45146,1.45233
2023-03-07 19:00:00,1.45234,1.45294,1.4513099999999999,1.45139
2023-03-07 20:00:00,1.45141,1.45224,1.4510399999999999,1.45143
2023-03-07 21:00:00,1.45141,1.45196,1.45066,1.4519
2023-03-07 22:00:00,1.4518900000000001,1.45194,1.45039,1.45082
2023-03-07 23:00:00,1.45085,1.4510100000000001,1.45045,1.45088
2023-03-08 00:00:00,1.45064,1.45118,1.4494,1.45049
2023-03-08 01:00:00,1.4506299999999999,1.45095,1.4497900000000001,1.45035
2023-03-08 02:00:00,1.45035,1.45059,1.45,1.45056
2023-03-08 03:00:00,1.45058,1.45061,1.44989,1.45035
2023-03-08 04:00:00,1.45035,1.45055,1.44991,1.45013
2023-03-08 05:00:00,1.4500899999999999,1.45054,1.44985,1.45
2023-03-08 06:00:00,1.4500199999999999,1.45026,1.44954,1.44969
2023-03-08 07:00:00,1.44968,1.44996,1.44912,1.4493
2023-03-08 08:00:00,1.44931,1.45001,1.44923,1.45
2023-03-08 09:00:00,1.44997,1.45153,1.44932,1.4512399999999999
2023-03-08 10:00:00,1.4512399999999999,1.45139,1.44976,1.44981
2023-03-08 11:00:00,1.44977,1.45096,1.4494,1.44952
2023-03-08 12:00:00,1.44952,1.45052,1.44923,1.4494500000000001
2023-03-08 13:00:00,1.44946,1.44992,1.44856,1.44968
2023-03-08 14:00:00,1.44969,1.45023,1.4487,1.45011
2023-03-08 15:00:00,1.4500899999999999,1.45129,1.4494099999999999,1.45083
2023-03-08 16:00:00,1.45086,1.45353,1.45074,1.4513099999999999
2023-03-08 17:00:00,1.45132,1.45568,1.45039,1.45519
2023-03-08 18:00:00,1.4552800000000001,1.45694,1.45346,1.4539
2023-03-08 19:00:00,1.4539,1.4549,1.4534799999999999,1.45469
2023-03-08 20:00:00,1.45469,1.45633,1.4540199999999999,1.4563
2023-03-08 21:00:00,1.45629,1.45642,1.45506,1.45523
2023-03-08 22:00:00,1.45525,1.45542,1.45458,1.45471
2023-03-08 23:00:00,1.45471,1.45543,1.45438,1.4553099999999999
2023-03-09 00:00:00,1.45506,1.4553,1.4540600000000001,1.45498
2023-03-09 01:00:00,1.45491,1.4556499999999999,1.45468,1.4556
2023-03-09 02:00:00,1.45561,1.45649,1.4556,1.45602
2023-03-09 03:00:00,1.45605,1.45617,1.4556499999999999,1.45578
2023-03-09 04:00:00,1.45579,1.45645,1.45567,1.45634
2023-03-09 05:00:00,1.45628,1.45697,1.4561600000000001,1.45676
2023-03-09 06:00:00,1.45678,1.45682,1.45633,1.45633
2023-03-09 07:00:00,1.45634,1.45639,1.4559,1.45602
2023-03-09 08:00:00,1.45599,1.45632,1.45563,1.45607
2023-03-09 09:00:00,1.45605,1.45658,1.45583,1.45624
2023-03-09 10:00:00,1.45624,1.45682,1.4554,1.45633
2023-03-09 11:00:00,1.45633,1.45801,1.45581,1.45759
2023-03-09 12:00:00,1.45759,1.45789,1.45663,1.4571
2023-03-09 13:00:00,1.4570699999999999,1.4589699999999999,1.45706,1.4575
2023-03-09 14:00:00,1.4575,1.45784,1.4565299999999999,1.45736
2023-03-09 15:00:00,1.45739,1.45864,1.45636,1.45719
2023-03-09 16:00:00,1.45719,1.45743,1.4550100000000001,1.45552
2023-03-09 17:00:00,1.45553,1.45672,1.45411,1.45444
2023-03-09 18:00:00,1.45444,1.45717,1.45423,1.45697
2023-03-09 19:00:00,1.45698,1.45922,1.45665,1.45895
2023-03-09 20:00:00,1.45895,1.46122,1.45882,1.46118
2023-03-09 21:00:00,1.46116,1.46207,1.4607299999999999,1.46192
2023-03-09 22:00:00,1.46191,1.46383,1.46188,1.46335
2023-03-09 23:00:00,1.46333,1.46372,1.46302,1.46312
2023-03-10 00:00:00,1.4628999999999999,1.46345,1.46027,1.46316
2023-03-10 01:00:00,1.46316,1.46408,1.46284,1.46399
2023-03-10 02:00:00,1.46402,1.46567,1.46397,1.46558
2023-03-10 03:00:00,1.4656,1.46564,1.46476,1.46563
2023-03-10 04:00:00,1.46561,1.46635,1.46452,1.46549
2023-03-10 05:00:00,1.46549,1.46726,1.46524,1.46714
2023-03-10 06:00:00,1.46712,1.4672399999999999,1.46579,1.4659
2023-03-10 07:00:00,1.4659,1.46596,1.46506,1.46522
2023-03-10 08:00:00,1.46521,1.46584,1.465,1.46536
2023-03-10 09:00:00,1.46539,1.4668,1.46522,1.4658
2023-03-10 10:00:00,1.4658,1.46813,1.46466,1.46777
2023-03-10 11:00:00,1.46772,1.46836,1.46386,1.46398
2023-03-10 12:00:00,1.46396,1.46686,1.46364,1.4651
2023-03-10 13:00:00,1.46512,1.46662,1.46394,1.4645299999999999
2023-03-10 14:00:00,1.46455,1.46517,1.46296,1.46513
2023-03-10 15:00:00,1.46512,1.46723,1.46273,1.46418
2023-03-10 16:00:00,1.46415,1.47253,1.46369,1.47071
2023-03-10 17:00:00,1.47074,1.47598,1.4702899999999999,1.47226
2023-03-10 18:00:00,1.47227,1.47301,1.4679,1.47125
2023-03-10 19:00:00,1.47123,1.4725,1.47005,1.47193
2023-03-10 20:00:00,1.47188,1.4739499999999999,1.47129,1.47333
2023-03-10 21:00:00,1.47327,1.47343,1.47138,1.47197
2023-03-10 22:00:00,1.472,1.47238,1.4709699999999999,1.47137
2023-03-10 23:00:00,1.47132,1.47165,1.4705,1.47091
2023-03-13 00:00:00,1.47611,1.47821,1.47165,1.47376
2023-03-13 01:00:00,1.47354,1.47378,1.47004,1.47039
2023-03-13 02:00:00,1.47041,1.47224,1.46985,1.46991
2023-03-13 03:00:00,1.46991,1.47129,1.46949,1.4705
2023-03-13 04:00:00,1.4705,1.4718,1.46896,1.4715799999999999
2023-03-13 05:00:00,1.47161,1.4720900000000001,1.47,1.47023
2023-03-13 06:00:00,1.4702600000000001,1.47187,1.4702600000000001,1.47119
2023-03-13 07:00:00,1.47118,1.47227,1.4711699999999999,1.47205
2023-03-13 08:00:00,1.47204,1.47356,1.47195,1.47326
2023-03-13 09:00:00,1.4733,1.47427,1.47228,1.47242
2023-03-13 10:00:00,1.4724,1.4736799999999999,1.47065,1.47104
2023-03-13 11:00:00,1.47101,1.47102,1.46738,1.46952
2023-03-13 12:00:00,1.46953,1.4726,1.46917,1.47146
2023-03-13 13:00:00,1.47146,1.47259,1.4696500000000001,1.47018
2023-03-13 14:00:00,1.47021,1.47423,1.46905,1.47266
2023-03-13 15:00:00,1.47264,1.47586,1.4699900000000001,1.47011
2023-03-13 16:00:00,1.47008,1.47265,1.46802,1.4683
2023-03-13 17:00:00,1.46829,1.46955,1.46659,1.4689999999999999
2023-03-13 18:00:00,1.46898,1.474,1.4675799999999999,1.47389
2023-03-13 19:00:00,1.47386,1.47534,1.47283,1.47352
2023-03-13 20:00:00,1.47352,1.4742,1.47252,1.47275
2023-03-13 21:00:00,1.4727299999999999,1.47418,1.47192,1.4731
2023-03-13 22:00:00,1.47309,1.4734099999999999,1.47226,1.4729700000000001
2023-03-13 23:00:00,1.47315,1.47394,1.47092,1.47274
2023-03-14 00:00:00,1.47267,1.4739200000000001,1.47231,1.47348
2023-03-14 01:00:00,1.47348,1.47441,1.47289,1.47337
2023-03-14 02:00:00,1.47337,1.47347,1.47214,1.47295
2023-03-14 03:00:00,1.47296,1.4731,1.47104,1.4712
2023-03-14 04:00:00,1.4712100000000001,1.47131,1.46998,1.47037
2023-03-14 05:00:00,1.47035,1.47038,1.46922,1.4694
2023-03-14 06:00:00,1.46939,1.46974,1.4693,1.46946
2023-03-14 07:00:00,1.46947,1.47012,1.46899,1.47003
2023-03-14 08:00:00,1.47003,1.47017,1.46817,1.4682
2023-03-14 09:00:00,1.4681899999999999,1.46831,1.46415,1.4661
2023-03-14 10:00:00,1.4661,1.46943,1.46558,1.46928
2023-03-14 11:00:00,1.46929,1.47174,1.46885,1.47115
2023-03-14 12:00:00,1.47116,1.4721600000000001,1.46993,1.47113
2023-03-14 13:00:00,1.47111,1.47118,1.46756,1.4682
2023-03-14 14:00:00,1.46821,1.47093,1.46667,1.46669
2023-03-14 15:00:00,1.46673,1.46916,1.46158,1.46252
2023-03-14 16:00:00,1.46252,1.46686,1.46243,1.4661
2023-03-14 17:00:00,1.4661,1.46673,1.46478,1.46619
2023-03-14 18:00:00,1.4662,1.46659,1.46474,1.46649
2023-03-14 19:00:00,1.46648,1.47001,1.46646,1.46862
2023-03-14 20:00:00,1.46863,1.4701,1.46848,1.46948
2023-03-14 21:00:00,1.46948,1.47007,1.46818,1.46848
2023-03-14 22:00:00,1.46851,1.46916,1.46832,1.46882
2023-03-14 23:00:00,1.46845,1.46905,1.46757,1.46827
2023-03-15 00:00:00,1.46826,1.46888,1.46795,1.46876
2023-03-15 01:00:00,1.4687700000000001,1.46883,1.4681,1.46834
2023-03-15 02:00:00,1.46835,1.46974,1.46817,1.46971
2023-03-15 03:00:00,1.4697,1.46971,1.46862,1.4690400000000001
2023-03-15 04:00:00,1.46906,1.47027,1.46894,1.46973
2023-03-15 05:00:00,1.4697,1.47014,1.46958,1.47008
2023-03-15 06:00:00,1.47008,1.4705,1.46957,1.46959
2023-03-15 07:00:00,1.46959,1.47031,1.4692,1.47018
2023-03-15 08:00:00,1.47019,1.47023,1.46857,1.4689
2023-03-15 09:00:00,1.4689,1.47042,1.4683899999999999,1.4696
2023-03-15 10:00:00,1.46961,1.471,1.46909,1.46949
2023-03-15 11:00:00,1.46947,1.46966,1.46269,1.46441
2023-03-15 12:00:00,1.46441,1.46569,1.4593099999999999,1.46035
2023-03-15 13:00:00,1.46037,1.46047,1.45625,1.45705
2023-03-15 14:00:00,1.45708,1.45735,1.4519199999999999,1.45229
2023-03-15 15:00:00,1.45227,1.45388,1.44903,1.45326
2023-03-15 16:00:00,1.45327,1.4561,1.45163,1.45481
2023-03-15 17:00:00,1.45486,1.45591,1.45177,1.4535
2023-03-15 18:00:00,1.4535,1.4559,1.45295,1.45508
2023-03-15 19:00:00,1.45506,1.45553,1.45295,1.45362
2023-03-15 20:00:00,1.45363,1.45647,1.45201,1.45523
2023-03-15 21:00:00,1.4552100000000001,1.45685,1.45487,1.45579
2023-03-15 22:00:00,1.45577,1.4562300000000001,1.45557,1.4559199999999999
2023-03-15 23:00:00,1.4556499999999999,1.45607,1.45344,1.45506
2023-03-16 00:00:00,1.45505,1.45644,1.45505,1.45615
2023-03-16 01:00:00,1.45617,1.45717,1.45588,1.45676
2023-03-16 02:00:00,1.45679,1.45679,1.45489,1.45537
2023-03-16 03:00:00,1.45537,1.45705,1.45525,1.45658
2023-03-16 04:00:00,1.45659,1.45702,1.45586,1.45698
2023-03-16 05:00:00,1.45695,1.4574799999999999,1.45668,1.45727
2023-03-16 06:00:00,1.45725,1.45857,1.45668,1.45801
2023-03-16 07:00:00,1.458,1.4593099999999999,1.45785,1.45871
2023-03-16 08:00:00,1.45868,1.45915,1.45788,1.45824
2023-03-16 09:00:00,1.45823,1.45986,1.458,1.45938
2023-03-16 10:00:00,1.45937,1.46009,1.45764,1.4582
2023-03-16 11:00:00,1.45819,1.45998,1.458,1.45972
2023-03-16 12:00:00,1.45972,1.46091,1.45845,1.45965
2023-03-16 13:00:00,1.45965,1.46119,1.4566,1.45735
2023-03-16 14:00:00,1.45736,1.45953,1.4534500000000001,1.45493
2023-03-16 15:00:00,1.4549699999999999,1.46133,1.45168,1.45885
2023-03-16 16:00:00,1.45889,1.46079,1.4561,1.4570699999999999
2023-03-16 17:00:00,1.4571,1.46147,1.45641,1.46142
2023-03-16 18:00:00,1.46142,1.46169,1.45784,1.4583300000000001
2023-03-16 19:00:00,1.45834,1.45841,1.45361,1.45388
2023-03-16 20:00:00,1.45389,1.45795,1.45386,1.45669
2023-03-16 21:00:00,1.45668,1.4573800000000001,1.4559199999999999,1.4562599999999999
2023-03-16 22:00:00,1.45627,1.4564,1.45534,1.45625
2023-03-16 23:00:00,1.4558200000000001,1.4571399999999999,1.4537200000000001,1.45556
2023-03-17 00:00:00,1.45572,1.45654,1.45557,1.45604
2023-03-17 01:00:00,1.45604,1.45633,1.45578,1.45612
2023-03-17 02:00:00,1.45613,1.45796,1.45607,1.45783
2023-03-17 03:00:00,1.45785,1.45788,1.4561,1.45625
2023-03-17 04:00:00,1.45625,1.4570400000000001,1.4559199999999999,1.45678
2023-03-17 05:00:00,1.45682,1.45686,1.45612,1.45685
2023-03-17 06:00:00,1.4568400000000001,1.45756,1.45662,1.45725
2023-03-17 07:00:00,1.45726,1.4582899999999999,1.45713,1.4582600000000001
2023-03-17 08:00:00,1.45828,1.46044,1.45791,1.46031
2023-03-17 09:00:00,1.46027,1.46079,1.45846,1.45903
2023-03-17 10:00:00,1.45903,1.4601,1.45834,1.45913
2023-03-17 11:00:00,1.45914,1.45983,1.45736,1.45841
2023-03-17 12:00:00,1.45841,1.45846,1.45686,1.45783
2023-03-17 13:00:00,1.45782,1.45926,1.4567,1.45722
2023-03-17 14:00:00,1.4572,1.45861,1.45556,1.45831
2023-03-17 15:00:00,1.4583300000000001,1.46129,1.45801,1.46041
2023-03-17 16:00:00,1.4605000000000001,1.4632399999999999,1.45957,1.46213
2023-03-17 17:00:00,1.46213,1.46547,1.4619900000000001,1.4641199999999999
2023-03-17 18:00:00,1.46411,1.46583,1.46303,1.46532
2023-03-17 19:00:00,1.46533,1.46556,1.46387,1.46407
2023-03-17 20:00:00,1.46403,1.46582,1.46362,1.46489
2023-03-17 21:00:00,1.4649,1.4654,1.46375,1.46413
2023-03-17 22:00:00,1.46415,1.46488,1.46413,1.46485
2023-03-20 00:00:00,1.4635500000000001,1.46542,1.46272,1.46388
2023-03-20 01:00:00,1.46386,1.46491,1.46374,1.46462
2023-03-20 02:00:00,1.46464,1.46478,1.46193,1.46222
2023-03-20 03:00:00,1.46224,1.46449,1.46218,1.46413
2023-03-20 04:00:00,1.46411,1.46444,1.46374,1.46414
2023-03-20 05:00:00,1.4641199999999999,1.4644,1.4632100000000001,1.46371
2023-03-20 06:00:00,1.4637,1.46422,1.4635799999999999,1.4639
2023-03-20 07:00:00,1.4639,1.46482,1.46371,1.46475
2023-03-20 08:00:00,1.46474,1.4653,1.46394,1.46483
2023-03-20 09:00:00,1.46482,1.46492,1.46201,1.46237
2023-03-20 10:00:00,1.4623599999999999,1.4628,1.46011,1.46232
2023-03-20 11:00:00,1.4623,1.4650699999999999,1.46193,1.46428
2023-03-20 12:00:00,1.46429,1.46745,1.46363,1.46532
2023-03-20 13:00:00,1.4653100000000001,1.46753,1.46515,1.46747
2023-03-20 14:00:00,1.46747,1.4678499999999999,1.46433,1.4647999999999999
2023-03-20 15:00:00,1.4647999999999999,1.46804,1.46472,1.4650400000000001
2023-03-20 16:00:00,1.46496,1.46555,1.46378,1.46519
2023-03-20 17:00:00,1.46516,1.4676,1.46425,1.4672399999999999
2023-03-20 18:00:00,1.4672,1.46734,1.46479,1.4666299999999999
2023-03-20 19:00:00,1.46661,1.4666299999999999,1.46481,1.4653800000000001
2023-03-20 20:00:00,1.4653800000000001,1.46586,1.46456,1.46502
2023-03-20 21:00:00,1.46503,1.46515,1.4640900000000001,1.46483
2023-03-20 22:00:00,1.46482,1.46527,1.46444,1.46515
2023-03-20 23:00:00,1.46496,1.46542,1.46275,1.4641199999999999
2023-03-21 00:00:00,1.46431,1.4653399999999999,1.46429,1.4651100000000001
2023-03-21 01:00:00,1.46506,1.46553,1.46503,1.4654099999999999
2023-03-21 02:00:00,1.4654,1.46588,1.46506,1.4657200000000001
2023-03-21 03:00:00,1.4657200000000001,1.4663,1.46545,1.46563
2023-03-21 04:00:00,1.46562,1.46645,1.46548,1.46631
2023-03-21 05:00:00,1.46631,1.46632,1.46571,1.46597
2023-03-21 06:00:00,1.46596,1.46648,1.4657499999999999,1.46625
2023-03-21 07:00:00,1.4662600000000001,1.4665599999999999,1.46586,1.46655
2023-03-21 08:00:00,1.4665599999999999,1.4665599999999999,1.46543,1.46543
2023-03-21 09:00:00,1.4654099999999999,1.46657,1.46476,1.46657
2023-03-21 10:00:00,1.46658,1.46841,1.46613,1.46744
2023-03-21 11:00:00,1.46742,1.46927,1.46659,1.46889
2023-03-21 12:00:00,1.46892,1.47081,1.46768,1.4707
2023-03-21 13:00:00,1.47072,1.47282,1.47028,1.4721600000000001
2023-03-21 14:00:00,1.47215,1.4743,1.4718499999999999,1.47357
2023-03-21 15:00:00,1.4735800000000001,1.4736799999999999,1.47147,1.47305
2023-03-21 16:00:00,1.47305,1.4782899999999999,1.47241,1.4776500000000001
2023-03-21 17:00:00,1.4776,1.47943,1.47754,1.47869
2023-03-21 18:00:00,1.4787,1.47969,1.47775,1.47838
2023-03-21 19:00:00,1.47841,1.47874,1.47688,1.47767
2023-03-21 20:00:00,1.47767,1.47786,1.47638,1.47661
2023-03-21 21:00:00,1.47662,1.47729,1.47619,1.47696
2023-03-21 22:00:00,1.47698,1.47739,1.476,1.4767700000000001
2023-03-21 23:00:00,1.47619,1.47703,1.47467,1.47595
2023-03-22 00:00:00,1.47595,1.47676,1.4757,1.4767000000000001
2023-03-22 01:00:00,1.4767000000000001,1.47716,1.47656,1.4767700000000001
2023-03-22 02:00:00,1.4767700000000001,1.47727,1.47623,1.47623
2023-03-22 03:00:00,1.47625,1.47667,1.47589,1.47625
2023-03-22 04:00:00,1.47627,1.47645,1.47539,1.47613
2023-03-22 05:00:00,1.47611,1.47611,1.47535,1.47557
2023-03-22 06:00:00,1.47558,1.4757,1.47507,1.4751400000000001
2023-03-22 07:00:00,1.47513,1.4762,1.4751,1.4760900000000001
2023-03-22 08:00:00,1.47608,1.4763,1.47465,1.47516
2023-03-22 09:00:00,1.4751699999999999,1.47631,1.4739,1.47568
2023-03-22 10:00:00,1.4757799999999999,1.47808,1.4757799999999999,1.4778
2023-03-22 11:00:00,1.47781,1.47907,1.4769700000000001,1.47782
2023-03-22 12:00:00,1.47783,1.47886,1.47713,1.47847
2023-03-22 13:00:00,1.47843,1.48031,1.47814,1.47961
2023-03-22 14:00:00,1.47961,1.47988,1.47713,1.47746
2023-03-22 15:00:00,1.47745,1.47916,1.4770699999999999,1.4779200000000001
2023-03-22 16:00:00,1.47793,1.48008,1.47766,1.4799
2023-03-22 17:00:00,1.47991,1.4809,1.4786000000000001,1.4807000000000001
2023-03-22 18:00:00,1.48071,1.48293,1.48057,1.48286
2023-03-22 19:00:00,1.48288,1.48347,1.48093,1.48284
2023-03-22 20:00:00,1.48282,1.49033,1.48282,1.4895
2023-03-22 21:00:00,1.48948,1.49121,1.4876,1.49119
2023-03-22 22:00:00,1.49115,1.49115,1.48975,1.49068
2023-03-22 23:00:00,1.48984,1.49139,1.48922,1.4894
2023-03-23 00:00:00,1.49039,1.49085,1.48987,1.49034
2023-03-23 01:00:00,1.49035,1.49135,1.49035,1.4910999999999999
2023-03-23 02:00:00,1.49113,1.49163,1.49025,1.49155
2023-03-23 03:00:00,1.49154,1.49262,1.4913699999999999,1.49237
2023-03-23 04:00:00,1.49238,1.4924,1.48899,1.48914
2023-03-23 05:00:00,1.48916,1.4909,1.48908,1.49086
2023-03-23 06:00:00,1.49086,1.49086,1.49002,1.49004
2023-03-23 07:00:00,1.49004,1.49096,1.48994,1.49058
2023-03-23 08:00:00,1.49059,1.49376,1.49038,1.49289
2023-03-23 09:00:00,1.4929000000000001,1.49301,1.49055,1.49072
2023-03-23 10:00:00,1.49073,1.4911400000000001,1.4891,1.48984
2023-03-23 11:00:00,1.48983,1.4904,1.48824,1.4886
2023-03-23 12:00:00,1.48859,1.48861,1.48667,1.4875099999999999
2023-03-23 13:00:00,1.4875099999999999,1.48798,1.48582,1.48616
2023-03-23 14:00:00,1.48617,1.48726,1.48538,1.48695
2023-03-23 15:00:00,1.48696,1.48835,1.48437,1.48608
2023-03-23 16:00:00,1.4861,1.48624,1.48411,1.48507
2023-03-23 17:00:00,1.48506,1.48755,1.48455,1.4872
2023-03-23 18:00:00,1.48718,1.48938,1.48635,1.48865
2023-03-23 19:00:00,1.48862,1.4887299999999999,1.48682,1.48742
2023-03-23 20:00:00,1.48742,1.48909,1.48587,1.487
2023-03-23 21:00:00,1.48699,1.4881199999999999,1.48575,1.48699
2023-03-23 22:00:00,1.487,1.487,1.48514,1.48522
2023-03-23 23:00:00,1.48523,1.486,1.48429,1.48482
2023-03-24 00:00:00,1.48482,1.48655,1.48482,1.48617
2023-03-24 01:00:00,1.48617,1.48699,1.48617,1.48624
2023-03-24 02:00:00,1.48618,1.48624,1.48533,1.4856500000000001
2023-03-24 03:00:00,1.48564,1.48661,1.48554,1.48647
2023-03-24 04:00:00,1.48645,1.48673,1.48568,1.4859499999999999
2023-03-24 05:00:00,1.4859499999999999,1.48604,1.48545,1.48584
2023-03-24 06:00:00,1.48586,1.4862199999999999,1.48543,1.4861900000000001
2023-03-24 07:00:00,1.48618,1.48662,1.48598,1.48643
2023-03-24 08:00:00,1.48643,1.48685,1.48503,1.48506
2023-03-24 09:00:00,1.48507,1.4858799999999999,1.4849,1.48577
2023-03-24 10:00:00,1.48576,1.48623,1.4809999999999999,1.48236
2023-03-24 11:00:00,1.48234,1.48318,1.4766,1.47726
2023-03-24 12:00:00,1.47727,1.47947,1.47668,1.4779200000000001
2023-03-24 13:00:00,1.47793,1.48092,1.47723,1.48048
2023-03-24 14:00:00,1.4805,1.48334,1.4791699999999999,1.48303
2023-03-24 15:00:00,1.48308,1.4830999999999999,1.48129,1.48164
2023-03-24 16:00:00,1.4816500000000001,1.48248,1.48023,1.48113
2023-03-24 17:00:00,1.48113,1.48197,1.47952,1.48098
2023-03-24 18:00:00,1.4809700000000001,1.48122,1.47837,1.4786299999999999
2023-03-24 19:00:00,1.47857,1.4798,1.47804,1.47864
2023-03-24 20:00:00,1.4786299999999999,1.47869,1.47746,1.4786299999999999
2023-03-24 21:00:00,1.47866,1.47882,1.4773800000000001,1.47754
2023-03-24 22:00:00,1.47752,1.47871,1.47752,1.47842
2023-03-27 00:00:00,1.47825,1.47927,1.47823,1.47899
2023-03-27 01:00:00,1.47899,1.48014,1.47851,1.47965
2023-03-27 02:00:00,1.47965,1.47981,1.47884,1.47966
2023-03-27 03:00:00,1.47964,1.47964,1.47772,1.47775
2023-03-27 04:00:00,1.47776,1.47874,1.47776,1.47834
2023-03-27 05:00:00,1.47835,1.47908,1.4782199999999999,1.47895
2023-03-27 06:00:00,1.47895,1.47919,1.4782600000000001,1.47828
2023-03-27 07:00:00,1.47828,1.47854,1.47798,1.47846
2023-03-27 08:00:00,1.47848,1.47866,1.47804,1.47832
2023-03-27 09:00:00,1.4783,1.4784,1.47649,1.47706
2023-03-27 10:00:00,1.47708,1.47907,1.4760499999999999,1.47649
2023-03-27 11:00:00,1.47649,1.47827,1.47623,1.4775800000000001
2023-03-27 12:00:00,1.4776099999999999,1.47833,1.47668,1.4781900000000001
2023-03-27 13:00:00,1.4781900000000001,1.47864,1.47703,1.47823
2023-03-27 14:00:00,1.47821,1.47828,1.47629,1.47676
2023-03-27 15:00:00,1.4767700000000001,1.4776500000000001,1.47621,1.47722
2023-03-27 16:00:00,1.47723,1.47889,1.47656,1.47743
2023-03-27 17:00:00,1.47741,1.4776099999999999,1.47583,1.47695
2023-03-27 18:00:00,1.47694,1.47783,1.47631,1.47637
2023-03-27 19:00:00,1.4763600000000001,1.47671,1.47404,1.47469
2023-03-27 20:00:00,1.47471,1.47477,1.4738,1.4741900000000001
2023-03-27 21:00:00,1.4741900000000001,1.4746299999999999,1.47345,1.47371
2023-03-27 22:00:00,1.47369,1.47465,1.47364,1.47452
2023-03-27 23:00:00,1.4745300000000001,1.47511,1.47394,1.47481
2023-03-28 00:00:00,1.4748,1.47494,1.47332,1.47477
2023-03-28 01:00:00,1.47469,1.4754,1.47469,1.47531
2023-03-28 02:00:00,1.47532,1.47603,1.47525,1.47557
2023-03-28 03:00:00,1.47559,1.47594,1.47535,1.47562
2023-03-28 04:00:00,1.4756,1.4758200000000001,1.47492,1.47543
2023-03-28 05:00:00,1.4754399999999999,1.4754800000000001,1.47457,1.47495
2023-03-28 06:00:00,1.47498,1.47512,1.47454,1.47472
2023-03-28 07:00:00,1.47473,1.47476,1.4743,1.47468
2023-03-28 08:00:00,1.47468,1.47471,1.4734,1.47391
2023-03-28 09:00:00,1.47391,1.47568,1.47363,1.47454
2023-03-28 10:00:00,1.4745599999999999,1.47733,1.47404,1.47621
2023-03-28 11:00:00,1.47621,1.47956,1.47615,1.4791400000000001
2023-03-28 12:00:00,1.47918,1.48113,1.4791400000000001,1.4802
2023-03-28 13:00:00,1.48022,1.48074,1.47886,1.47901
2023-03-28 14:00:00,1.47902,1.48015,1.47861,1.4798200000000001
2023-03-28 15:00:00,1.4798200000000001,1.48105,1.47929,1.48037
2023-03-28 16:00:00,1.48034,1.48035,1.47804,1.4785599999999999
2023-03-28 17:00:00,1.47857,1.4786299999999999,1.47583,1.47627
2023-03-28 18:00:00,1.47626,1.47715,1.4757500000000001,1.47625
2023-03-28 19:00:00,1.47628,1.47631,1.47415,1.47504
2023-03-28 20:00:00,1.47503,1.47635,1.4748299999999999,1.47568
2023-03-28 21:00:00,1.4757,1.47621,1.47489,1.47496
2023-03-28 22:00:00,1.47496,1.47531,1.47431,1.47509
2023-03-28 23:00:00,1.47508,1.47508,1.47437,1.4745599999999999
2023-03-29 00:00:00,1.47436,1.47457,1.47285,1.47372
2023-03-29 01:00:00,1.47362,1.47443,1.4736,1.47435
2023-03-29 02:00:00,1.47435,1.47445,1.47321,1.47336
2023-03-29 03:00:00,1.47333,1.47438,1.47333,1.47418
2023-03-29 04:00:00,1.4742,1.47457,1.47377,1.4740199999999999
2023-03-29 05:00:00,1.47401,1.4745300000000001,1.47376,1.47394
2023-03-29 06:00:00,1.4739499999999999,1.47435,1.47378,1.4739900000000001
2023-03-29 07:00:00,1.47398,1.47489,1.47371,1.47397
2023-03-29 08:00:00,1.47396,1.47476,1.47396,1.47408
2023-03-29 09:00:00,1.47408,1.47469,1.47292,1.47293
2023-03-29 10:00:00,1.47293,1.47493,1.47217,1.4748
2023-03-29 11:00:00,1.47481,1.47507,1.47319,1.4739
2023-03-29 12:00:00,1.4739,1.47574,1.4738,1.4754399999999999
2023-03-29 13:00:00,1.47542,1.4761,1.47501,1.47601
2023-03-29 14:00:00,1.47602,1.47622,1.47393,1.4741900000000001
2023-03-29 15:00:00,1.47418,1.47468,1.47295,1.4746000000000001
2023-03-29 16:00:00,1.47459,1.47541,1.47203,1.4723
2023-03-29 17:00:00,1.47229,1.47268,1.47007,1.47135
2023-03-29 18:00:00,1.47133,1.47208,1.46927,1.46949
2023-03-29 19:00:00,1.46952,1.4707,1.46924,1.46971
2023-03-29 20:00:00,1.4697200000000001,1.47161,1.46945,1.47137
2023-03-29 21:00:00,1.47137,1.47164,1.47034,1.47122
2023-03-29 22:00:00,1.47119,1.47131,1.47028,1.47041
2023-03-29 23:00:00,1.47042,1.47069,1.46989,1.47008
2023-03-30 00:00:00,1.46987,1.47015,1.4692,1.4700199999999999
2023-03-30 01:00:00,1.47012,1.47071,1.46957,1.46993
2023-03-30 02:00:00,1.46993,1.47088,1.4696799999999999,1.47085
2023-03-30 03:00:00,1.47088,1.47088,1.4700199999999999,1.47042
2023-03-30 04:00:00,1.47041,1.47066,1.4701,1.47049
2023-03-30 05:00:00,1.47045,1.47067,1.4699,1.4706000000000001
2023-03-30 06:00:00,1.47061,1.47067,1.47017,1.47041
2023-03-30 07:00:00,1.47043,1.4708700000000001,1.47032,1.47045
2023-03-30 08:00:00,1.47046,1.47089,1.46866,1.46891
2023-03-30 09:00:00,1.46893,1.46942,1.46753,1.46914
2023-03-30 10:00:00,1.46914,1.4702,1.46679,1.46939
2023-03-30 11:00:00,1.46936,1.47255,1.46913,1.4716
2023-03-30 12:00:00,1.47176,1.47189,1.46985,1.4711400000000001
2023-03-30 13:00:00,1.47116,1.47434,1.47116,1.47412
2023-03-30 14:00:00,1.47411,1.47455,1.47235,1.47256
2023-03-30 15:00:00,1.47257,1.47776,1.47253,1.47724
2023-03-30 16:00:00,1.47723,1.47857,1.47623,1.47675
2023-03-30 17:00:00,1.47678,1.47817,1.47617,1.47642
2023-03-30 18:00:00,1.47642,1.47668,1.47417,1.47508
2023-03-30 19:00:00,1.47509,1.4755099999999999,1.47459,1.47513
2023-03-30 20:00:00,1.4751400000000001,1.47576,1.474,1.47553
2023-03-30 21:00:00,1.47554,1.47559,1.47407,1.4742600000000001
2023-03-30 22:00:00,1.47424,1.47518,1.4739200000000001,1.47497
2023-03-30 23:00:00,1.47495,1.47495,1.4739499999999999,1.47442
2023-03-31 00:00:00,1.47427,1.47494,1.47367,1.47481
2023-03-31 01:00:00,1.47482,1.47482,1.474,1.47409
2023-03-31 02:00:00,1.47407,1.4745599999999999,1.47404,1.47442
2023-03-31 03:00:00,1.47441,1.4758,1.47441,1.47564
2023-03-31 04:00:00,1.47565,1.47617,1.47394,1.4741
2023-03-31 05:00:00,1.47412,1.47446,1.47364,1.47416
2023-03-31 06:00:00,1.47416,1.47474,1.4739,1.4745300000000001
2023-03-31 07:00:00,1.47454,1.47492,1.47448,1.47468
2023-03-31 08:00:00,1.47474,1.47491,1.47383,1.47385
2023-03-31 09:00:00,1.47387,1.47604,1.47329,1.47586
2023-03-31 10:00:00,1.47587,1.47702,1.47499,1.4751699999999999
2023-03-31 11:00:00,1.47518,1.47634,1.4739200000000001,1.47613
2023-03-31 12:00:00,1.47615,1.47615,1.47378,1.47408
2023-03-31 13:00:00,1.47409,1.47437,1.47224,1.47253
2023-03-31 14:00:00,1.47251,1.47481,1.47207,1.47233
2023-03-31 15:00:00,1.47231,1.47572,1.47231,1.4747
2023-03-31 16:00:00,1.4747,1.4747,1.47169,1.4739200000000001
2023-03-31 17:00:00,1.47396,1.47447,1.46974,1.4707
2023-03-31 18:00:00,1.4707,1.4709400000000001,1.46947,1.47037
2023-03-31 19:00:00,1.47038,1.47054,1.46868,1.46971
2023-03-31 20:00:00,1.46973,1.47012,1.4684300000000001,1.46909
2023-03-31 21:00:00,1.46909,1.47015,1.46867,1.4689
2023-03-31 22:00:00,1.46885,1.46895,1.46521,1.4658
2023-03-31 23:00:00,1.46581,1.46616,1.4646,1.46527
2023-04-03 00:00:00,1.46222,1.46357,1.46174,1.46272
2023-04-03 01:00:00,1.46284,1.464,1.4595099999999999,1.4597
2023-04-03 02:00:00,1.45977,1.46061,1.4579,1.45869
2023-04-03 03:00:00,1.45873,1.4610400000000001,1.45873,1.46023
2023-04-03 04:00:00,1.46024,1.46097,1.45974,1.45974
2023-04-03 05:00:00,1.45972,1.4601199999999999,1.4585,1.459
2023-04-03 06:00:00,1.45902,1.45934,1.45846,1.45882
2023-04-03 07:00:00,1.45882,1.45974,1.45852,1.45963
2023-04-03 08:00:00,1.45968,1.46088,1.45925,1.46034
2023-04-03 09:00:00,1.4603,1.46164,1.45975,1.4611
2023-04-03 10:00:00,1.46108,1.46379,1.46094,1.46292
2023-04-03 11:00:00,1.46293,1.46349,1.46153,1.46275
2023-04-03 12:00:00,1.46274,1.46357,1.46185,1.46302
2023-04-03 13:00:00,1.46301,1.46496,1.46271,1.4639199999999999
2023-04-03 14:00:00,1.4639199999999999,1.46445,1.46196,1.46256
2023-04-03 15:00:00,1.46255,1.46437,1.46214,1.46357
2023-04-03 16:00:00,1.4635799999999999,1.4650400000000001,1.46264,1.4635500000000001
2023-04-03 17:00:00,1.46354,1.46567,1.46251,1.4645000000000001
2023-04-03 18:00:00,1.46449,1.4651100000000001,1.46256,1.46306
2023-04-03 19:00:00,1.4631,1.46319,1.46129,1.46164
2023-04-03 20:00:00,1.46162,1.46213,1.46045,1.46156
2023-04-03 21:00:00,1.46155,1.46296,1.46124,1.46196
2023-04-03 22:00:00,1.46197,1.46374,1.46149,1.46362
2023-04-03 23:00:00,1.4636,1.4650400000000001,1.46343,1.46502
2023-04-04 00:00:00,1.4644,1.46481,1.46081,1.46386
2023-04-04 01:00:00,1.46387,1.46464,1.46381,1.4644599999999999
2023-04-04 02:00:00,1.46444,1.46551,1.46438,1.46543
2023-04-04 03:00:00,1.46544,1.46544,1.46408,1.4641899999999999
2023-04-04 04:00:00,1.46417,1.4643,1.46333,1.46381
2023-04-04 05:00:00,1.46381,1.4642,1.4631,1.46315
2023-04-04 06:00:00,1.46315,1.46347,1.46298,1.463
2023-04-04 07:00:00,1.46299,1.4639,1.46217,1.46349
2023-04-04 08:00:00,1.4635,1.46356,1.46232,1.4623599999999999
2023-04-04 09:00:00,1.4623599999999999,1.4643,1.46232,1.46398
2023-04-04 10:00:00,1.46398,1.46802,1.46373,1.46652
2023-04-04 11:00:00,1.46652,1.46668,1.46497,1.46543
2023-04-04 12:00:00,1.46543,1.46685,1.46533,1.46655
2023-04-04 13:00:00,1.46655,1.46726,1.46437,1.4647000000000001
2023-04-04 14:00:00,1.4647000000000001,1.46582,1.46379,1.4639199999999999
2023-04-04 15:00:00,1.46394,1.4653,1.46376,1.4649
2023-04-04 16:00:00,1.46489,1.46573,1.46384,1.46438
2023-04-04 17:00:00,1.46437,1.47405,1.46427,1.47354
2023-04-04 18:00:00,1.47351,1.47523,1.47312,1.47319
2023-04-04 19:00:00,1.47318,1.47418,1.47253,1.47281
2023-04-04 20:00:00,1.4727700000000001,1.47317,1.47204,1.47278
2023-04-04 21:00:00,1.47279,1.47389,1.47174,1.47387
2023-04-04 22:00:00,1.47386,1.47421,1.47276,1.47353
2023-04-04 23:00:00,1.47352,1.4737,1.47271,1.47289
2023-04-05 00:00:00,1.47249,1.47291,1.46918,1.47232
2023-04-05 01:00:00,1.4723,1.47318,1.47189,1.47269
2023-04-05 02:00:00,1.47268,1.47299,1.47238,1.47248
2023-04-05 03:00:00,1.4725,1.47316,1.47214,1.47259
2023-04-05 04:00:00,1.47261,1.47264,1.4721,1.47235
2023-04-05 05:00:00,1.47237,1.47275,1.47157,1.4725
2023-04-05 06:00:00,1.47251,1.47322,1.47249,1.47322
2023-04-05 07:00:00,1.47322,1.47337,1.47288,1.4729700000000001
2023-04-05 08:00:00,1.47296,1.47335,1.4724599999999999,1.47327
2023-04-05 09:00:00,1.47328,1.47385,1.47271,1.4731
2023-04-05 10:00:00,1.47312,1.47595,1.47303,1.47404
2023-04-05 11:00:00,1.47397,1.47559,1.47333,1.4752100000000001
2023-04-05 12:00:00,1.47523,1.47671,1.47493,1.4757799999999999
2023-04-05 13:00:00,1.47581,1.47591,1.47362,1.474
2023-04-05 14:00:00,1.4740199999999999,1.4742199999999999,1.47214,1.47261
2023-04-05 15:00:00,1.47258,1.47417,1.47139,1.47356
2023-04-05 16:00:00,1.47355,1.47359,1.47012,1.47039
2023-04-05 17:00:00,1.4704,1.47317,1.4689999999999999,1.46935
2023-04-05 18:00:00,1.4693399999999999,1.4705300000000001,1.4678499999999999,1.46856
2023-04-05 19:00:00,1.46858,1.46905,1.46808,1.46818
2023-04-05 20:00:00,1.4682,1.46849,1.46614,1.46713
2023-04-05 21:00:00,1.46709,1.4678499999999999,1.46644,1.4678499999999999
2023-04-05 22:00:00,1.46784,1.46814,1.46737,1.46787
2023-04-05 23:00:00,1.46787,1.46796,1.46667,1.46731
2023-04-06 00:00:00,1.4674,1.46776,1.46523,1.46715
2023-04-06 01:00:00,1.4671699999999999,1.46774,1.46703,1.46723
2023-04-06 02:00:00,1.46723,1.46737,1.46673,1.46685
2023-04-06 03:00:00,1.46686,1.46733,1.46649,1.46684
2023-04-06 04:00:00,1.46683,1.46792,1.4665,1.4677799999999999
2023-04-06 05:00:00,1.46779,1.4681600000000001,1.46741,1.46766
2023-04-06 06:00:00,1.46767,1.4687700000000001,1.4675099999999999,1.46875
2023-04-06 07:00:00,1.46876,1.46914,1.46862,1.46896
2023-04-06 08:00:00,1.46898,1.46914,1.46868,1.46882
2023-04-06 09:00:00,1.46882,1.46954,1.46837,1.46848
2023-04-06 10:00:00,1.46853,1.46985,1.46806,1.46868
2023-04-06 11:00:00,1.46866,1.4699200000000001,1.46814,1.46909
2023-04-06 12:00:00,1.4690699999999999,1.47045,1.46824,1.46991
2023-04-06 13:00:00,1.46991,1.46991,1.46818,1.46833
2023-04-06 14:00:00,1.46832,1.47028,1.4683,1.46939
2023-04-06 15:00:00,1.4694,1.47152,1.46792,1.46805
2023-04-06 16:00:00,1.46807,1.47134,1.46769,1.47106
2023-04-06 17:00:00,1.47103,1.4718,1.46945,1.4717
2023-04-06 18:00:00,1.47171,1.4731,1.47129,1.47206
2023-04-06 19:00:00,1.47205,1.47343,1.47202,1.4733399999999999
2023-04-06 20:00:00,1.47333,1.47379,1.47244,1.47261
2023-04-06 21:00:00,1.47261,1.47283,1.47211,1.47245
2023-04-06 22:00:00,1.47247,1.4732,1.4723,1.47284
2023-04-06 23:00:00,1.47282,1.47355,1.47247,1.4729700000000001
2023-04-07 00:00:00,1.47311,1.47311,1.47006,1.47232
2023-04-07 01:00:00,1.47232,1.4727999999999999,1.4721899999999999,1.4725
2023-04-07 02:00:00,1.47255,1.47373,1.47255,1.47356
2023-04-07 03:00:00,1.4735800000000001,1.474,1.47253,1.4727700000000001
2023-04-07 04:00:00,1.47278,1.47303,1.47258,1.47264
2023-04-07 05:00:00,1.47264,1.4730400000000001,1.47232,1.47281
2023-04-07 06:00:00,1.4727999999999999,1.47301,1.47271,1.47284
2023-04-07 07:00:00,1.47281,1.47284,1.47213,1.47213
2023-04-07 08:00:00,1.4721,1.47252,1.47206,1.4724
2023-04-07 09:00:00,1.47238,1.4733800000000001,1.4721,1.47336
2023-04-07 10:00:00,1.4733800000000001,1.47339,1.47241,1.47253
2023-04-07 11:00:00,1.47253,1.47498,1.47248,1.47457
2023-04-07 12:00:00,1.47454,1.47455,1.47321,1.47326
2023-04-07 13:00:00,1.47325,1.47502,1.47301,1.47502
2023-04-07 14:00:00,1.47503,1.47525,1.47427,1.47477
2023-04-07 15:00:00,1.47476,1.47527,1.47119,1.47269
2023-04-07 16:00:00,1.47264,1.47346,1.47134,1.47256
2023-04-07 17:00:00,1.47256,1.47406,1.47256,1.47404
2023-04-07 18:00:00,1.47405,1.47508,1.47286,1.4747
2023-04-07 19:00:00,1.47464,1.47489,1.47384,1.474
2023-04-07 20:00:00,1.4739900000000001,1.47458,1.47318,1.474
2023-04-07 21:00:00,1.47401,1.47454,1.47349,1.47406
2023-04-07 22:00:00,1.47407,1.47438,1.4733800000000001,1.4739900000000001
2023-04-07 23:00:00,1.47403,1.475,1.47197,1.47274
2023-04-10 00:00:00,1.4724599999999999,1.47375,1.47215,1.47322
2023-04-10 01:00:00,1.47345,1.47418,1.4724599999999999,1.47301
2023-04-10 02:00:00,1.47305,1.47381,1.47295,1.47375
2023-04-10 03:00:00,1.47374,1.47389,1.4729,1.47301
2023-04-10 04:00:00,1.47301,1.47326,1.47224,1.47253
2023-04-10 05:00:00,1.47253,1.47322,1.47249,1.47288
2023-04-10 06:00:00,1.47289,1.47293,1.4725,1.47264
2023-04-10 07:00:00,1.47264,1.47286,1.47217,1.47252
2023-04-10 08:00:00,1.47251,1.47268,1.47194,1.47251
2023-04-10 09:00:00,1.47251,1.47296,1.4713,1.47163
2023-04-10 10:00:00,1.47162,1.47345,1.47146,1.4733800000000001
2023-04-10 11:00:00,1.47337,1.47377,1.47238,1.47279
2023-04-10 12:00:00,1.4727999999999999,1.47317,1.4715,1.47166
2023-04-10 13:00:00,1.47166,1.47233,1.47141,1.47141
2023-04-10 14:00:00,1.4714,1.47145,1.46935,1.4696500000000001
2023-04-10 15:00:00,1.4696500000000001,1.47016,1.46757,1.46937
2023-04-10 16:00:00,1.46932,1.47071,1.46795,1.46861
2023-04-10 17:00:00,1.46865,1.46865,1.46643,1.46792
2023-04-10 18:00:00,1.46791,1.46814,1.4662,1.46693
2023-04-10 19:00:00,1.4669400000000001,1.468,1.46684,1.4672100000000001
2023-04-10 20:00:00,1.46722,1.46797,1.46631,1.46679
2023-04-10 21:00:00,1.4668,1.46743,1.46661,1.46701
2023-04-10 22:00:00,1.46701,1.46753,1.46669,1.46703
2023-04-10 23:00:00,1.46705,1.46709,1.46634,1.46702
2023-04-11 00:00:00,1.46685,1.46709,1.46601,1.46661
2023-04-11 01:00:00,1.46661,1.46743,1.46659,1.46714
2023-04-11 02:00:00,1.46714,1.46791,1.467,1.46757
2023-04-11 03:00:00,1.4675799999999999,1.46874,1.46756,1.46863
2023-04-11 04:00:00,1.4686,1.46885,1.4681600000000001,1.46857
2023-04-11 05:00:00,1.46855,1.4687299999999999,1.46797,1.46856
2023-04-11 06:00:00,1.46852,1.46879,1.46811,1.46841
2023-04-11 07:00:00,1.46845,1.46868,1.46826,1.46856
2023-04-11 08:00:00,1.46857,1.46962,1.46852,1.46961
2023-04-11 09:00:00,1.46961,1.46986,1.4683899999999999,1.46915
2023-04-11 10:00:00,1.46919,1.47069,1.4689999999999999,1.47037
2023-04-11 11:00:00,1.47035,1.4733,1.47015,1.47237
2023-04-11 12:00:00,1.4723600000000001,1.47404,1.4722,1.47333
2023-04-11 13:00:00,1.47333,1.47446,1.47258,1.47397
2023-04-11 14:00:00,1.47397,1.47531,1.4730699999999999,1.47308
2023-04-11 15:00:00,1.47308,1.47478,1.47215,1.47372
2023-04-11 16:00:00,1.47371,1.4748999999999999,1.47269,1.47311
2023-04-11 17:00:00,1.47314,1.47335,1.47099,1.47156
2023-04-11 18:00:00,1.47156,1.47179,1.46971,1.4699499999999999
2023-04-11 19:00:00,1.46996,1.47008,1.46913,1.46959
2023-04-11 20:00:00,1.46959,1.46975,1.46905,1.46964
2023-04-11 21:00:00,1.4696500000000001,1.46982,1.4687700000000001,1.46879
2023-04-11 22:00:00,1.46881,1.4699900000000001,1.46881,1.4699200000000001
2023-04-11 23:00:00,1.46988,1.47003,1.46913,1.46943
2023-04-12 00:00:00,1.46894,1.46943,1.4677799999999999,1.46906
2023-04-12 01:00:00,1.4690699999999999,1.46975,1.4690699999999999,1.4695
2023-04-12 02:00:00,1.4695,1.4698,1.46933,1.46966
2023-04-12 03:00:00,1.46964,1.47077,1.46964,1.47058
2023-04-12 04:00:00,1.47061,1.47115,1.47028,1.47044
2023-04-12 05:00:00,1.47042,1.47072,1.46982,1.46991
2023-04-12 06:00:00,1.4699,1.47066,1.46985,1.47043
2023-04-12 07:00:00,1.47042,1.4705599999999999,1.4699,1.4699900000000001
2023-04-12 08:00:00,1.46998,1.47086,1.46991,1.47071
2023-04-12 09:00:00,1.47071,1.47095,1.46896,1.47038
2023-04-12 10:00:00,1.4704,1.4717500000000001,1.4699,1.47129
2023-04-12 11:00:00,1.47126,1.47138,1.47013,1.47113
2023-04-12 12:00:00,1.47109,1.47164,1.47036,1.47046
2023-04-12 13:00:00,1.47046,1.4718200000000001,1.47005,1.47126
2023-04-12 14:00:00,1.47127,1.47323,1.47127,1.4722
2023-04-12 15:00:00,1.47223,1.47698,1.47211,1.4748999999999999
2023-04-12 16:00:00,1.47494,1.47891,1.47438,1.47784
2023-04-12 17:00:00,1.4776799999999999,1.47894,1.4765,1.47661
2023-04-12 18:00:00,1.47657,1.47875,1.47611,1.47771
2023-04-12 19:00:00,1.47769,1.47851,1.4769700000000001,1.47715
2023-04-12 20:00:00,1.47714,1.47748,1.47651,1.47705
2023-04-12 21:00:00,1.4769999999999999,1.47841,1.47651,1.4766
2023-04-12 22:00:00,1.47661,1.47726,1.47658,1.47702
2023-04-12 23:00:00,1.47703,1.47739,1.47675,1.47728
2023-04-13 00:00:00,1.47691,1.4773800000000001,1.4746299999999999,1.47729
2023-04-13 01:00:00,1.4774,1.47774,1.47684,1.47773
2023-04-13 02:00:00,1.47774,1.47817,1.4773800000000001,1.47783
2023-04-13 03:00:00,1.47786,1.47885,1.4773800000000001,1.4785
2023-04-13 04:00:00,1.47848,1.47862,1.47711,1.47714
2023-04-13 05:00:00,1.47715,1.47733,1.47615,1.47625
2023-04-13 06:00:00,1.47627,1.47661,1.47533,1.47627
2023-04-13 07:00:00,1.47631,1.4764300000000001,1.47563,1.47566
2023-04-13 08:00:00,1.47564,1.47641,1.4755099999999999,1.47574
2023-04-13 09:00:00,1.47577,1.4760499999999999,1.47284,1.4734
2023-04-13 10:00:00,1.47339,1.47529,1.47339,1.47455
2023-04-13 11:00:00,1.47454,1.4773800000000001,1.47436,1.47645
2023-04-13 12:00:00,1.47644,1.47767,1.47556,1.47664
2023-04-13 13:00:00,1.4766599999999999,1.4767000000000001,1.47465,1.47481
2023-04-13 14:00:00,1.4748,1.4757799999999999,1.47427,1.47542
2023-04-13 15:00:00,1.4754399999999999,1.48015,1.47528,1.4794800000000001
2023-04-13 16:00:00,1.4795099999999999,1.4804300000000001,1.47762,1.47971
2023-04-13 17:00:00,1.47973,1.47974,1.47656,1.47736
2023-04-13 18:00:00,1.47735,1.47764,1.47462,1.47489
2023-04-13 19:00:00,1.4748999999999999,1.47597,1.4746000000000001,1.47523
2023-04-13 20:00:00,1.47527,1.47553,1.47424,1.47428
2023-04-13 21:00:00,1.4742899999999999,1.47437,1.47291,1.47312
2023-04-13 22:00:00,1.47316,1.47375,1.47281,1.47313
2023-04-13 23:00:00,1.47312,1.47385,1.47291,1.47348
2023-04-14 00:00:00,1.47321,1.47359,1.47207,1.47313
2023-04-14 01:00:00,1.47311,1.47397,1.47309,1.47388
2023-04-14 02:00:00,1.47389,1.47433,1.47382,1.47427
2023-04-14 03:00:00,1.4742899999999999,1.4747,1.4734,1.47387
2023-04-14 04:00:00,1.47388,1.4742899999999999,1.47357,1.47385
2023-04-14 05:00:00,1.47386,1.47504,1.47353,1.47492
2023-04-14 06:00:00,1.47493,1.47494,1.47441,1.4748299999999999
2023-04-14 07:00:00,1.47485,1.47513,1.47452,1.47465
2023-04-14 08:00:00,1.47467,1.47529,1.4742899999999999,1.47526
2023-04-14 09:00:00,1.47531,1.47541,1.47378,1.47441
2023-04-14 10:00:00,1.47441,1.4752,1.47405,1.47409
2023-04-14 11:00:00,1.47409,1.47431,1.4731,1.47385
2023-04-14 12:00:00,1.47384,1.4742199999999999,1.47248,1.47298
2023-04-14 13:00:00,1.47291,1.47373,1.47231,1.47262
2023-04-14 14:00:00,1.47261,1.47354,1.47221,1.47274
2023-04-14 15:00:00,1.47274,1.47302,1.46962,1.4719
2023-04-14 16:00:00,1.4719,1.47268,1.46964,1.47024
2023-04-14 17:00:00,1.47024,1.47095,1.4684,1.47079
2023-04-14 18:00:00,1.47079,1.47134,1.46849,1.46878
2023-04-14 19:00:00,1.46878,1.47019,1.46854,1.46953
2023-04-14 20:00:00,1.46953,1.47057,1.46905,1.46983
2023-04-14 21:00:00,1.46984,1.46986,1.46854,1.46936
2023-04-14 22:00:00,1.46935,1.4702,1.46929,1.46954
2023-04-14 23:00:00,1.46953,1.46982,1.46847,1.46861
2023-04-17 00:00:00,1.46806,1.46953,1.46791,1.46813
2023-04-17 01:00:00,1.46826,1.46922,1.46794,1.46799
2023-04-17 02:00:00,1.46802,1.46841,1.46802,1.4681
2023-04-17 03:00:00,1.4681,1.4685000000000001,1.46725,1.46731
2023-04-17 04:00:00,1.46736,1.46747,1.4659,1.46601
2023-04-17 05:00:00,1.46601,1.4673,1.4659200000000001,1.46686
2023-04-17 06:00:00,1.46685,1.46731,1.46652,1.46655
2023-04-17 07:00:00,1.46654,1.4672100000000001,1.46639,1.46718
2023-04-17 08:00:00,1.4671699999999999,1.46787,1.46716,1.4671699999999999
2023-04-17 09:00:00,1.4671699999999999,1.46757,1.46622,1.4662899999999999
2023-04-17 10:00:00,1.4662899999999999,1.46827,1.46625,1.46795
2023-04-17 11:00:00,1.46794,1.46813,1.4652,1.4653
2023-04-17 12:00:00,1.46532,1.46747,1.46528,1.46713
2023-04-17 13:00:00,1.46715,1.46779,1.46605,1.46731
2023-04-17 14:00:00,1.46731,1.4679,1.46644,1.46764
2023-04-17 15:00:00,1.46764,1.4684300000000001,1.4659200000000001,1.46627
2023-04-17 16:00:00,1.46628,1.4672399999999999,1.46418,1.46484
2023-04-17 17:00:00,1.46484,1.46532,1.46278,1.46279
2023-04-17 18:00:00,1.4628,1.46423,1.46257,1.46293
2023-04-17 19:00:00,1.46295,1.46343,1.4622899999999999,1.46259
2023-04-17 20:00:00,1.4626000000000001,1.46393,1.46248,1.46391
2023-04-17 21:00:00,1.4639,1.4642,1.46347,1.46384
2023-04-17 22:00:00,1.46384,1.46414,1.46336,1.46367
2023-04-17 23:00:00,1.46363,1.46398,1.46329,1.46342
2023-04-18 00:00:00,1.46326,1.4635500000000001,1.46143,1.4632399999999999
2023-04-18 01:00:00,1.4632399999999999,1.46373,1.4628,1.4628
2023-04-18 02:00:00,1.46281,1.46347,1.4628,1.4632100000000001
2023-04-18 03:00:00,1.4632100000000001,1.46342,1.4628,1.46313
2023-04-18 04:00:00,1.46312,1.46372,1.46301,1.4636
2023-04-18 05:00:00,1.46361,1.46362,1.46296,1.46337
2023-04-18 06:00:00,1.46338,1.4639199999999999,1.46319,1.46383
2023-04-18 07:00:00,1.46384,1.46413,1.46373,1.46411
2023-04-18 08:00:00,1.4641199999999999,1.46422,1.46307,1.46316
2023-04-18 09:00:00,1.46322,1.46465,1.46257,1.46457
2023-04-18 10:00:00,1.4645000000000001,1.46729,1.46414,1.46712
2023-04-18 11:00:00,1.46711,1.46791,1.4661,1.46781
2023-04-18 12:00:00,1.46781,1.46781,1.46605,1.46719
2023-04-18 13:00:00,1.46718,1.46792,1.46655,1.46784
2023-04-18 14:00:00,1.46788,1.46857,1.4671,1.4672100000000001
2023-04-18 15:00:00,1.4672,1.46835,1.4655,1.4658
2023-04-18 16:00:00,1.4658,1.46791,1.46522,1.46715
2023-04-18 17:00:00,1.46716,1.46795,1.46619,1.46739
2023-04-18 18:00:00,1.46739,1.46792,1.46665,1.46745
2023-04-18 19:00:00,1.46745,1.46851,1.46705,1.46832
2023-04-18 20:00:00,1.46832,1.46879,1.46791,1.46869
2023-04-18 21:00:00,1.46871,1.46977,1.4684599999999999,1.46935
2023-04-18 22:00:00,1.46935,1.46996,1.46899,1.4694099999999999
2023-04-18 23:00:00,1.4694,1.46958,1.46894,1.46896
2023-04-19 00:00:00,1.46888,1.46918,1.4665599999999999,1.4691
2023-04-19 01:00:00,1.46909,1.46935,1.46886,1.46912
2023-04-19 02:00:00,1.46912,1.46976,1.46912,1.46962
2023-04-19 03:00:00,1.46962,1.4704,1.46949,1.47019
2023-04-19 04:00:00,1.47018,1.47036,1.46949,1.46957
2023-04-19 05:00:00,1.4696,1.47004,1.46922,1.47003
2023-04-19 06:00:00,1.47003,1.4702899999999999,1.4696,1.46981
2023-04-19 07:00:00,1.46982,1.4700199999999999,1.46914,1.46937
2023-04-19 08:00:00,1.46936,1.46978,1.46925,1.46942
2023-04-19 09:00:00,1.4694099999999999,1.47013,1.46811,1.46916
2023-04-19 10:00:00,1.46916,1.46994,1.46872,1.46951
2023-04-19 11:00:00,1.46946,1.47078,1.4693100000000001,1.47035
2023-04-19 12:00:00,1.47035,1.47115,1.46762,1.468
2023-04-19 13:00:00,1.46803,1.47009,1.46764,1.46922
2023-04-19 14:00:00,1.46922,1.47022,1.4681899999999999,1.46957
2023-04-19 15:00:00,1.46956,1.47174,1.4693399999999999,1.47129
2023-04-19 16:00:00,1.47127,1.47321,1.47066,1.47311
2023-04-19 17:00:00,1.47309,1.47501,1.47218,1.4722
2023-04-19 18:00:00,1.4722,1.4739200000000001,1.47156,1.4735800000000001
2023-04-19 19:00:00,1.47357,1.47437,1.47292,1.47427
2023-04-19 20:00:00,1.4742899999999999,1.4742899999999999,1.47275,1.4737
2023-04-19 21:00:00,1.47371,1.4748999999999999,1.4735,1.47443
2023-04-19 22:00:00,1.47441,1.47499,1.47391,1.4739499999999999
2023-04-19 23:00:00,1.47393,1.47448,1.47382,1.47448
2023-04-20 00:00:00,1.47418,1.47459,1.47312,1.47403
2023-04-20 01:00:00,1.474,1.47466,1.474,1.47462
2023-04-20 02:00:00,1.4746000000000001,1.47507,1.47431,1.47502
2023-04-20 03:00:00,1.47502,1.47515,1.47439,1.47484
2023-04-20 04:00:00,1.4748299999999999,1.47545,1.47445,1.47513
2023-04-20 05:00:00,1.47513,1.4754399999999999,1.47475,1.47509
2023-04-20 06:00:00,1.47508,1.4763600000000001,1.47505,1.47614
2023-04-20 07:00:00,1.47613,1.47615,1.47564,1.4760499999999999
2023-04-20 08:00:00,1.47606,1.4764,1.4758,1.4761
2023-04-20 09:00:00,1.4761199999999999,1.47647,1.47553,1.47564
2023-04-20 10:00:00,1.47564,1.47651,1.4740199999999999,1.47647
2023-04-20 11:00:00,1.47647,1.47875,1.47614,1.47805
2023-04-20 12:00:00,1.47803,1.47833,1.4760499999999999,1.4760499999999999
2023-04-20 13:00:00,1.47602,1.47806,1.47596,1.47717
2023-04-20 14:00:00,1.47718,1.4785599999999999,1.4764599999999999,1.47681
2023-04-20 15:00:00,1.47678,1.47949,1.47432,1.47858
2023-04-20 16:00:00,1.47858,1.47991,1.47774,1.4779200000000001
2023-04-20 17:00:00,1.4779200000000001,1.47898,1.47633,1.47687
2023-04-20 18:00:00,1.47686,1.47725,1.47614,1.4765
2023-04-20 19:00:00,1.4765,1.47732,1.47613,1.47635
2023-04-20 20:00:00,1.4763600000000001,1.47693,1.47592,1.47692
2023-04-20 21:00:00,1.47692,1.4775800000000001,1.47661,1.47744
2023-04-20 22:00:00,1.47744,1.47773,1.47663,1.47756
2023-04-20 23:00:00,1.47755,1.47832,1.47735,1.47824
2023-04-21 00:00:00,1.4781,1.4783,1.47586,1.47803
2023-04-21 01:00:00,1.47805,1.47864,1.4778,1.47832
2023-04-21 02:00:00,1.47832,1.47864,1.47817,1.47846
2023-04-21 03:00:00,1.47848,1.47877,1.47797,1.47823
2023-04-21 04:00:00,1.47823,1.4805,1.47813,1.47967
2023-04-21 05:00:00,1.47968,1.48028,1.47965,1.47969
2023-04-21 06:00:00,1.47967,1.47998,1.4794100000000001,1.47979
2023-04-21 07:00:00,1.47979,1.47996,1.4795099999999999,1.47984
2023-04-21 08:00:00,1.47983,1.48054,1.47953,1.4805
2023-04-21 09:00:00,1.48049,1.48092,1.4792100000000001,1.48001
2023-04-21 10:00:00,1.48,1.48242,1.47952,1.48234
2023-04-21 11:00:00,1.48234,1.4836,1.48088,1.48135
2023-04-21 12:00:00,1.48135,1.48176,1.4803600000000001,1.48148
2023-04-21 13:00:00,1.48148,1.48347,1.48087,1.4834399999999999
2023-04-21 14:00:00,1.48343,1.48611,1.4834100000000001,1.48605
2023-04-21 15:00:00,1.48608,1.48655,1.48459,1.48652
2023-04-21 16:00:00,1.48651,1.48761,1.48445,1.48453
2023-04-21 17:00:00,1.48451,1.48603,1.4830999999999999,1.48507
2023-04-21 18:00:00,1.48508,1.48574,1.48428,1.4850400000000001
2023-04-21 19:00:00,1.4850400000000001,1.48728,1.48489,1.48673
2023-04-21 20:00:00,1.48667,1.48704,1.48598,1.48674
2023-04-21 21:00:00,1.48674,1.48747,1.48667,1.48706
2023-04-21 22:00:00,1.48706,1.48799,1.48679,1.48779
2023-04-21 23:00:00,1.48776,1.48831,1.48719,1.48789
2023-04-24 00:00:00,1.48631,1.48835,1.48602,1.48811
2023-04-24 01:00:00,1.4880499999999999,1.48845,1.48754,1.48762
2023-04-24 02:00:00,1.48764,1.48845,1.48764,1.48827
2023-04-24 03:00:00,1.48824,1.4889000000000001,1.48753,1.48867
2023-04-24 04:00:00,1.48869,1.48902,1.48785,1.48874
2023-04-24 05:00:00,1.48874,1.48899,1.4881,1.48819
2023-04-24 06:00:00,1.48818,1.48865,1.48791,1.4883
2023-04-24 07:00:00,1.48828,1.48855,1.4881,1.48845
2023-04-24 08:00:00,1.48843,1.48847,1.48763,1.48782
2023-04-24 09:00:00,1.48783,1.4889000000000001,1.48777,1.48837
2023-04-24 10:00:00,1.4883600000000001,1.48883,1.48647,1.48798
2023-04-24 11:00:00,1.48797,1.48972,1.48776,1.48949
2023-04-24 12:00:00,1.48949,1.4911400000000001,1.48874,1.4892400000000001
2023-04-24 13:00:00,1.48922,1.4919,1.4889999999999999,1.49183
2023-04-24 14:00:00,1.49185,1.49189,1.48928,1.4901499999999999
2023-04-24 15:00:00,1.49014,1.49206,1.4898799999999999,1.49193
2023-04-24 16:00:00,1.49192,1.4935800000000001,1.49119,1.49323
2023-04-24 17:00:00,1.49318,1.49379,1.4909,1.49313
2023-04-24 18:00:00,1.49312,1.49377,1.49251,1.49336
2023-04-24 19:00:00,1.49336,1.49438,1.49296,1.49407
2023-04-24 20:00:00,1.49407,1.4956800000000001,1.49377,1.4953400000000001
2023-04-24 21:00:00,1.49532,1.49673,1.49526,1.49587
2023-04-24 22:00:00,1.49586,1.49586,1.4949,1.49492
2023-04-24 23:00:00,1.49493,1.49574,1.49491,1.49564
2023-04-25 00:00:00,1.49547,1.49599,1.49342,1.4958
2023-04-25 01:00:00,1.49574,1.49609,1.49547,1.49574
2023-04-25 02:00:00,1.4957500000000001,1.49637,1.49554,1.49635
2023-04-25 03:00:00,1.49643,1.49729,1.49614,1.49648
2023-04-25 04:00:00,1.49648,1.49673,1.49593,1.49661
2023-04-25 05:00:00,1.49662,1.49726,1.49648,1.49713
2023-04-25 06:00:00,1.49713,1.49747,1.49686,1.4969000000000001
2023-04-25 07:00:00,1.4969000000000001,1.4981,1.49683,1.49713
2023-04-25 08:00:00,1.49713,1.49798,1.49709,1.49756
2023-04-25 09:00:00,1.49753,1.49852,1.4969000000000001,1.4981900000000001
2023-04-25 10:00:00,1.49818,1.49837,1.49528,1.49821
2023-04-25 11:00:00,1.49821,1.49861,1.4971999999999999,1.4977
2023-04-25 12:00:00,1.4977,1.4984,1.49694,1.49698
2023-04-25 13:00:00,1.49696,1.4976,1.49665,1.49723
2023-04-25 14:00:00,1.49725,1.4990999999999999,1.49682,1.49764
2023-04-25 15:00:00,1.49767,1.49859,1.4964,1.49679
2023-04-25 16:00:00,1.49679,1.49794,1.49662,1.49776
2023-04-25 17:00:00,1.49776,1.49833,1.49401,1.4945
2023-04-25 18:00:00,1.4944899999999999,1.49574,1.4942199999999999,1.49482
2023-04-25 19:00:00,1.49482,1.4959799999999999,1.4943,1.49528
2023-04-25 20:00:00,1.49526,1.49677,1.4951699999999999,1.49675
2023-04-25 21:00:00,1.49678,1.49713,1.49548,1.49692
2023-04-25 22:00:00,1.49691,1.49694,1.49539,1.49572
2023-04-25 23:00:00,1.49579,1.49579,1.49496,1.49533
2023-04-26 00:00:00,1.49501,1.49555,1.49274,1.49515
2023-04-26 01:00:00,1.49502,1.49556,1.49477,1.49489
2023-04-26 02:00:00,1.49487,1.49525,1.4944899999999999,1.49501
2023-04-26 03:00:00,1.495,1.49564,1.49431,1.49552
2023-04-26 04:00:00,1.49552,1.49581,1.4947300000000001,1.49561
2023-04-26 05:00:00,1.49561,1.49686,1.49554,1.49644
2023-04-26 06:00:00,1.49643,1.49722,1.4962,1.49686
2023-04-26 07:00:00,1.49684,1.49728,1.49653,1.4969999999999999
2023-04-26 08:00:00,1.49702,1.49759,1.49674,1.4975800000000001
2023-04-26 09:00:00,1.4975800000000001,1.5,1.49737,1.49932
2023-04-26 10:00:00,1.49933,1.50173,1.49889,1.50152
2023-04-26 11:00:00,1.5015,1.50437,1.50105,1.50424
2023-04-26 12:00:00,1.5042499999999999,1.50616,1.50413,1.50556
2023-04-26 13:00:00,1.50556,1.50651,1.50417,1.5050599999999998
2023-04-26 14:00:00,1.50509,1.50582,1.50345,1.504
2023-04-26 15:00:00,1.504,1.5067599999999999,1.5032,1.50617
2023-04-26 16:00:00,1.50617,1.5112700000000001,1.50537,1.5101900000000001
2023-04-26 17:00:00,1.51021,1.5106199999999999,1.50423,1.50446
2023-04-26 18:00:00,1.5045,1.50488,1.50286,1.50319
2023-04-26 19:00:00,1.50316,1.5040200000000001,1.50194,1.50302
2023-04-26 20:00:00,1.50302,1.50412,1.50238,1.50394
2023-04-26 21:00:00,1.50394,1.50666,1.50366,1.5064199999999999
2023-04-26 22:00:00,1.5064199999999999,1.50643,1.5049299999999999,1.5055399999999999
2023-04-26 23:00:00,1.50552,1.50593,1.5051999999999999,1.5056
2023-04-27 00:00:00,1.50488,1.50518,1.5034800000000001,1.50494
2023-04-27 01:00:00,1.50505,1.50557,1.5045199999999999,1.5046300000000001
2023-04-27 02:00:00,1.50467,1.50548,1.50454,1.50543
2023-04-27 03:00:00,1.50543,1.5063499999999999,1.50529,1.50617
2023-04-27 04:00:00,1.50616,1.50706,1.5055800000000001,1.5065300000000001
2023-04-27 05:00:00,1.50659,1.50728,1.50634,1.50713
2023-04-27 06:00:00,1.50713,1.50726,1.50611,1.50611
2023-04-27 07:00:00,1.50611,1.5071400000000001,1.50602,1.5062600000000002
2023-04-27 08:00:00,1.50627,1.50702,1.5057800000000001,1.50602
2023-04-27 09:00:00,1.506,1.50647,1.50495,1.50605
2023-04-27 10:00:00,1.50604,1.50691,1.50503,1.50632
2023-04-27 11:00:00,1.50632,1.50668,1.50511,1.50617
2023-04-27 12:00:00,1.5061499999999999,1.50675,1.50412,1.50471
2023-04-27 13:00:00,1.50473,1.5054400000000001,1.50394,1.50461
2023-04-27 14:00:00,1.5046,1.50484,1.50209,1.50272
2023-04-27 15:00:00,1.50272,1.50534,1.49933,1.50024
2023-04-27 16:00:00,1.5002499999999999,1.5010599999999998,1.49832,1.49869
2023-04-27 17:00:00,1.49866,1.4997,1.4977,1.49832
2023-04-27 18:00:00,1.49832,1.50024,1.4976099999999999,1.49927
2023-04-27 19:00:00,1.49927,1.5004300000000002,1.49867,1.4987599999999999
2023-04-27 20:00:00,1.4987599999999999,1.4993699999999999,1.4981200000000001,1.4990700000000001
2023-04-27 21:00:00,1.4990700000000001,1.49992,1.49869,1.49991
2023-04-27 22:00:00,1.49993,1.50003,1.49828,1.49851
2023-04-27 23:00:00,1.49854,1.49901,1.49832,1.49894
2023-04-28 00:00:00,1.49847,1.49888,1.49633,1.49854
2023-04-28 01:00:00,1.49854,1.49921,1.49854,1.49889
2023-04-28 02:00:00,1.49889,1.50068,1.49889,1.50019
2023-04-28 03:00:00,1.50019,1.5017800000000001,1.49987,1.50085
2023-04-28 04:00:00,1.50085,1.50118,1.4988299999999999,1.49894
2023-04-28 05:00:00,1.49894,1.4993400000000001,1.49829,1.4984
2023-04-28 06:00:00,1.4984,1.4993699999999999,1.4981,1.49879
2023-04-28 07:00:00,1.49879,1.49906,1.4972400000000001,1.49871
2023-04-28 08:00:00,1.49872,1.49931,1.49832,1.4993
2023-04-28 09:00:00,1.4993,1.50312,1.49837,1.50198
2023-04-28 10:00:00,1.50198,1.5022199999999999,1.50019,1.50203
2023-04-28 11:00:00,1.50203,1.50203,1.49922,1.50139
2023-04-28 12:00:00,1.50139,1.50175,1.50034,1.5007700000000002
2023-04-28 13:00:00,1.5007899999999998,1.5012400000000001,1.49922,1.50022
2023-04-28 14:00:00,1.50022,1.50051,1.4975399999999999,1.4978500000000001
2023-04-28 15:00:00,1.49784,1.49915,1.49648,1.498
2023-04-28 16:00:00,1.498,1.5019,1.49762,1.49853
2023-04-28 17:00:00,1.49862,1.49976,1.49557,1.4969000000000001
2023-04-28 18:00:00,1.49687,1.49817,1.49615,1.49618
2023-04-28 19:00:00,1.49618,1.4969700000000001,1.49472,1.49484
2023-04-28 20:00:00,1.49485,1.49494,1.49243,1.49256
2023-04-28 21:00:00,1.49257,1.49321,1.49104,1.49125
2023-04-28 22:00:00,1.49125,1.49309,1.49102,1.49261
2023-04-28 23:00:00,1.49261,1.49304,1.49179,1.4919
2023-05-01 00:00:00,1.4898799999999999,1.49268,1.48956,1.49242
2023-05-01 01:00:00,1.49234,1.49283,1.49182,1.49269
2023-05-01 02:00:00,1.49264,1.49312,1.4923199999999999,1.49309
2023-05-01 03:00:00,1.49309,1.4931,1.49167,1.4917500000000001
2023-05-01 04:00:00,1.49176,1.4922,1.49142,1.49177
2023-05-01 05:00:00,1.49176,1.4920900000000001,1.49156,1.4920900000000001
2023-05-01 06:00:00,1.4921,1.49254,1.49182,1.49237
2023-05-01 07:00:00,1.49238,1.49244,1.49138,1.49174
2023-05-01 08:00:00,1.49174,1.49195,1.49134,1.49162
2023-05-01 09:00:00,1.49156,1.49161,1.49028,1.49041
2023-05-01 10:00:00,1.49041,1.49161,1.4904,1.49092
2023-05-01 11:00:00,1.4909,1.4916,1.49001,1.49155
2023-05-01 12:00:00,1.49157,1.49372,1.49136,1.4934
2023-05-01 13:00:00,1.49339,1.49443,1.49335,1.49428
2023-05-01 14:00:00,1.4943,1.49569,1.49397,1.49567
2023-05-01 15:00:00,1.49567,1.49591,1.49445,1.4953400000000001
2023-05-01 16:00:00,1.49536,1.49641,1.492,1.49222
2023-05-01 17:00:00,1.49216,1.49216,1.48539,1.48628
2023-05-01 18:00:00,1.4862600000000001,1.48704,1.48537,1.48554
2023-05-01 19:00:00,1.48554,1.48581,1.48407,1.4840900000000001
2023-05-01 20:00:00,1.4840900000000001,1.48549,1.48403,1.48486
2023-05-01 21:00:00,1.4849,1.4862600000000001,1.48468,1.4855800000000001
2023-05-01 22:00:00,1.4856,1.48659,1.4853,1.48636
2023-05-01 23:00:00,1.48636,1.48672,1.48604,1.48647
2023-05-02 00:00:00,1.4862199999999999,1.4865599999999999,1.48281,1.4863
2023-05-02 01:00:00,1.48629,1.48691,1.48602,1.4865599999999999
2023-05-02 02:00:00,1.48657,1.48664,1.4861900000000001,1.4864899999999999
2023-05-02 03:00:00,1.48647,1.48797,1.48644,1.48795
2023-05-02 04:00:00,1.48792,1.48868,1.4879,1.48848
2023-05-02 05:00:00,1.48853,1.4891,1.48845,1.48856
2023-05-02 06:00:00,1.48855,1.48862,1.4877099999999999,1.4877099999999999
2023-05-02 07:00:00,1.48772,1.48781,1.48624,1.4868299999999999
2023-05-02 08:00:00,1.4868299999999999,1.48759,1.48635,1.48639
2023-05-02 09:00:00,1.48639,1.48859,1.48638,1.48804
2023-05-02 10:00:00,1.48804,1.48973,1.48804,1.48867
2023-05-02 11:00:00,1.48868,1.48963,1.48676,1.48861
2023-05-02 12:00:00,1.48872,1.48967,1.48679,1.4872
2023-05-02 13:00:00,1.4872,1.48813,1.48661,1.48769
2023-05-02 14:00:00,1.4876800000000001,1.48973,1.48765,1.48831
2023-05-02 15:00:00,1.4883,1.49096,1.4880900000000001,1.48997
2023-05-02 16:00:00,1.48999,1.4914100000000001,1.48821,1.48919
2023-05-02 17:00:00,1.48919,1.49762,1.48915,1.49594
2023-05-02 18:00:00,1.49599,1.49921,1.49556,1.49864
2023-05-02 19:00:00,1.49864,1.4998,1.49741,1.49924
2023-05-02 20:00:00,1.49923,1.49963,1.49839,1.49856
2023-05-02 21:00:00,1.49856,1.49958,1.498,1.49852
2023-05-02 22:00:00,1.49852,1.4996399999999999,1.49811,1.4992
2023-05-02 23:00:00,1.4992,1.49972,1.49844,1.49857
2023-05-03 00:00:00,1.49832,1.49908,1.49676,1.49884
2023-05-03 01:00:00,1.49884,1.49948,1.49869,1.49928
2023-05-03 02:00:00,1.49925,1.5002499999999999,1.49913,1.49965
2023-05-03 03:00:00,1.49969,1.50122,1.49969,1.50064
2023-05-03 04:00:00,1.50064,1.50153,1.50024,1.50132
2023-05-03 05:00:00,1.50132,1.5015800000000001,1.50105,1.5013999999999998
2023-05-03 06:00:00,1.5013800000000002,1.50149,1.5010400000000002,1.5012400000000001
2023-05-03 07:00:00,1.5012400000000001,1.5012400000000001,1.50046,1.50053
2023-05-03 08:00:00,1.50053,1.5006599999999999,1.50003,1.5002
2023-05-03 09:00:00,1.5001799999999998,1.50144,1.4997099999999999,1.50133
2023-05-03 10:00:00,1.50129,1.50299,1.50057,1.5029
2023-05-03 11:00:00,1.5029,1.50421,1.50265,1.50349
2023-05-03 12:00:00,1.5034999999999998,1.5045,1.50347,1.50387
2023-05-03 13:00:00,1.50387,1.5041,1.50297,1.50354
2023-05-03 14:00:00,1.50353,1.50408,1.50265,1.50379
2023-05-03 15:00:00,1.50379,1.50536,1.50184,1.50515
2023-05-03 16:00:00,1.50518,1.50518,1.50362,1.50407
2023-05-03 17:00:00,1.5039500000000001,1.50724,1.5037099999999999,1.50631
2023-05-03 18:00:00,1.50631,1.5065,1.50374,1.5038200000000002
2023-05-03 19:00:00,1.5038200000000002,1.50417,1.50213,1.50243
2023-05-03 20:00:00,1.50244,1.5043600000000001,1.5016,1.50326
2023-05-03 21:00:00,1.50268,1.50668,1.5017800000000001,1.50328
2023-05-03 22:00:00,1.5032999999999999,1.50634,1.50217,1.50609
2023-05-03 23:00:00,1.50609,1.50609,1.50505,1.50583
2023-05-04 00:00:00,1.5055,1.5064600000000001,1.50264,1.5051700000000001
2023-05-04 01:00:00,1.50586,1.50934,1.50579,1.5077099999999999
2023-05-04 02:00:00,1.50769,1.5089299999999999,1.50763,1.5086300000000001
2023-05-04 03:00:00,1.50865,1.5098099999999999,1.50846,1.50884
2023-05-04 04:00:00,1.50885,1.50903,1.50717,1.50752
2023-05-04 05:00:00,1.50753,1.50783,1.50631,1.50641
2023-05-04 06:00:00,1.5064199999999999,1.50661,1.5058799999999999,1.5058799999999999
2023-05-04 07:00:00,1.5058799999999999,1.50638,1.5053999999999998,1.50543
2023-05-04 08:00:00,1.50543,1.50596,1.50518,1.50553
2023-05-04 09:00:00,1.50553,1.50814,1.50539,1.50591
2023-05-04 10:00:00,1.50591,1.5065499999999998,1.50293,1.50386
2023-05-04 11:00:00,1.50385,1.5043,1.5028299999999999,1.50322
2023-05-04 12:00:00,1.50324,1.5041799999999999,1.50258,1.50413
2023-05-04 13:00:00,1.50412,1.50652,1.50347,1.50604
2023-05-04 14:00:00,1.50604,1.5075699999999999,1.5056699999999998,1.5069599999999999
2023-05-04 15:00:00,1.50697,1.5076100000000001,1.49614,1.49764
2023-05-04 16:00:00,1.49765,1.5024899999999999,1.49603,1.49703
2023-05-04 17:00:00,1.49703,1.4996,1.49211,1.49452
2023-05-04 18:00:00,1.49459,1.49545,1.4927000000000001,1.4939
2023-05-04 19:00:00,1.4939,1.49557,1.49256,1.4926300000000001
2023-05-04 20:00:00,1.49253,1.49328,1.4907599999999999,1.49153
2023-05-04 21:00:00,1.49153,1.49173,1.49,1.49116
2023-05-04 22:00:00,1.49115,1.49163,1.49048,1.49101
2023-05-04 23:00:00,1.49098,1.49142,1.49061,1.4909
2023-05-05 00:00:00,1.49013,1.49122,1.48938,1.4910999999999999
2023-05-05 01:00:00,1.49099,1.49113,1.48999,1.49103
2023-05-05 02:00:00,1.49103,1.49112,1.49021,1.49065
2023-05-05 03:00:00,1.49065,1.4910999999999999,1.49028,1.49074
2023-05-05 04:00:00,1.49073,1.49194,1.49072,1.49161
2023-05-05 05:00:00,1.49161,1.4923199999999999,1.49105,1.49109
2023-05-05 06:00:00,1.49109,1.49154,1.49092,1.49152
2023-05-05 07:00:00,1.49153,1.49177,1.49125,1.49126
2023-05-05 08:00:00,1.49125,1.49224,1.49123,1.4917
2023-05-05 09:00:00,1.49169,1.49169,1.4897,1.49062
2023-05-05 10:00:00,1.49067,1.49094,1.48835,1.48852
2023-05-05 11:00:00,1.48853,1.4898799999999999,1.48803,1.4886300000000001
2023-05-05 12:00:00,1.4886300000000001,1.4901900000000001,1.4885,1.4894
2023-05-05 13:00:00,1.48939,1.48948,1.48719,1.48735
2023-05-05 14:00:00,1.48734,1.4874100000000001,1.48474,1.48568
2023-05-05 15:00:00,1.48569,1.4863,1.47852,1.47868
2023-05-05 16:00:00,1.47869,1.48084,1.47702,1.47862
2023-05-05 17:00:00,1.47862,1.48021,1.47773,1.47906
2023-05-05 18:00:00,1.47907,1.48037,1.47854,1.47956
2023-05-05 19:00:00,1.47955,1.48022,1.47875,1.47879
2023-05-05 20:00:00,1.47879,1.47942,1.4751,1.47516
2023-05-05 21:00:00,1.47516,1.4752100000000001,1.4742199999999999,1.47448
2023-05-05 22:00:00,1.47445,1.47581,1.47439,1.47481
2023-05-05 23:00:00,1.47479,1.47485,1.47337,1.4735800000000001
2023-05-08 00:00:00,1.47416,1.47496,1.47306,1.4739900000000001
2023-05-08 01:00:00,1.47407,1.4743,1.47346,1.47384
2023-05-08 02:00:00,1.47381,1.47424,1.4733,1.47415
2023-05-08 03:00:00,1.47414,1.4754,1.47403,1.47522
2023-05-08 04:00:00,1.47523,1.47546,1.47414,1.47534
2023-05-08 05:00:00,1.47535,1.47632,1.4751699999999999,1.47547
2023-05-08 06:00:00,1.4754800000000001,1.47658,1.47509,1.47631
2023-05-08 07:00:00,1.47632,1.4764599999999999,1.47594,1.47644
2023-05-08 08:00:00,1.47644,1.47653,1.47592,1.47601
2023-05-08 09:00:00,1.476,1.47611,1.4754399999999999,1.47556
2023-05-08 10:00:00,1.47552,1.47588,1.47366,1.47569
2023-05-08 11:00:00,1.4757,1.4760499999999999,1.47337,1.47339
2023-05-08 12:00:00,1.47343,1.47364,1.47146,1.4723600000000001
2023-05-08 13:00:00,1.4723600000000001,1.47421,1.47228,1.4734099999999999
2023-05-08 14:00:00,1.4734099999999999,1.47406,1.47062,1.47147
2023-05-08 15:00:00,1.4714800000000001,1.47217,1.47024,1.47062
2023-05-08 16:00:00,1.47064,1.4723,1.46954,1.47193
2023-05-08 17:00:00,1.47194,1.47306,1.47066,1.47129
2023-05-08 18:00:00,1.47128,1.4725,1.4708700000000001,1.47188
2023-05-08 19:00:00,1.47189,1.47352,1.4715,1.47295
2023-05-08 20:00:00,1.47298,1.47349,1.47193,1.47234
2023-05-08 21:00:00,1.47233,1.47298,1.47127,1.47128
2023-05-08 22:00:00,1.47132,1.47228,1.47105,1.47133
2023-05-08 23:00:00,1.47131,1.47163,1.47092,1.4715099999999999
2023-05-09 00:00:00,1.47111,1.47176,1.46884,1.47139
2023-05-09 01:00:00,1.4714,1.47143,1.47065,1.47099
2023-05-09 02:00:00,1.47098,1.47106,1.47025,1.47038
2023-05-09 03:00:00,1.47039,1.47044,1.46898,1.4697
2023-05-09 04:00:00,1.46971,1.46986,1.46915,1.46928
2023-05-09 05:00:00,1.46928,1.46951,1.46887,1.46928
2023-05-09 06:00:00,1.46929,1.46975,1.4690400000000001,1.4696
2023-05-09 07:00:00,1.46958,1.46973,1.46885,1.46895
2023-05-09 08:00:00,1.46893,1.47052,1.46867,1.47051
2023-05-09 09:00:00,1.47051,1.47167,1.46961,1.47067
2023-05-09 10:00:00,1.47067,1.4714,1.46855,1.46892
2023-05-09 11:00:00,1.46891,1.46921,1.468,1.46837
2023-05-09 12:00:00,1.46836,1.46874,1.46767,1.46842
2023-05-09 13:00:00,1.46842,1.4697200000000001,1.46802,1.4693
2023-05-09 14:00:00,1.46929,1.46997,1.46741,1.46824
2023-05-09 15:00:00,1.46824,1.4686,1.4665300000000001,1.46691
2023-05-09 16:00:00,1.46688,1.46805,1.4658,1.46759
2023-05-09 17:00:00,1.46759,1.46953,1.46702,1.4675099999999999
2023-05-09 18:00:00,1.46752,1.46855,1.46733,1.4677
2023-05-09 19:00:00,1.4677,1.46792,1.46689,1.4671
2023-05-09 20:00:00,1.46711,1.46769,1.46646,1.46693
2023-05-09 21:00:00,1.46696,1.4675099999999999,1.46624,1.46692
2023-05-09 22:00:00,1.46692,1.46756,1.46682,1.4672
2023-05-09 23:00:00,1.4672,1.46726,1.46676,1.4671
2023-05-10 00:00:00,1.46668,1.46742,1.46502,1.46643
2023-05-10 01:00:00,1.4667,1.46754,1.46667,1.46712
2023-05-10 02:00:00,1.46712,1.46732,1.46637,1.46645
2023-05-10 03:00:00,1.46646,1.46776,1.46645,1.4674800000000001
2023-05-10 04:00:00,1.46749,1.4678,1.4672399999999999,1.4677799999999999
2023-05-10 05:00:00,1.4677799999999999,1.46864,1.46772,1.46848
2023-05-10 06:00:00,1.4685000000000001,1.46886,1.4682,1.4687000000000001
2023-05-10 07:00:00,1.46869,1.46901,1.46822,1.46824
2023-05-10 08:00:00,1.46824,1.46854,1.46786,1.46829
2023-05-10 09:00:00,1.46831,1.46856,1.46728,1.4675099999999999
2023-05-10 10:00:00,1.46752,1.46859,1.46723,1.46806
2023-05-10 11:00:00,1.46804,1.46814,1.46666,1.46676
2023-05-10 12:00:00,1.46674,1.46737,1.46638,1.46715
2023-05-10 13:00:00,1.46715,1.46741,1.4663,1.46645
2023-05-10 14:00:00,1.46645,1.46685,1.4651399999999999,1.4655
2023-05-10 15:00:00,1.46549,1.46759,1.4632100000000001,1.46742
2023-05-10 16:00:00,1.46743,1.46909,1.46658,1.4677799999999999
2023-05-10 17:00:00,1.46773,1.46977,1.46616,1.4669400000000001
2023-05-10 18:00:00,1.4669400000000001,1.46738,1.4659200000000001,1.46646
2023-05-10 19:00:00,1.46646,1.4680900000000001,1.46642,1.46803
2023-05-10 20:00:00,1.46803,1.47049,1.46792,1.46929
2023-05-10 21:00:00,1.46933,1.4696500000000001,1.4687700000000001,1.46886
2023-05-10 22:00:00,1.46884,1.4693100000000001,1.46872,1.46894
2023-05-10 23:00:00,1.46893,1.46929,1.4684,1.46847
2023-05-11 00:00:00,1.4681899999999999,1.4685000000000001,1.46681,1.4681199999999999
2023-05-11 01:00:00,1.46813,1.4692,1.46811,1.46909
2023-05-11 02:00:00,1.46912,1.46924,1.46828,1.46852
2023-05-11 03:00:00,1.4685000000000001,1.4693399999999999,1.4681899999999999,1.4693
2023-05-11 04:00:00,1.46933,1.46966,1.46882,1.46943
2023-05-11 05:00:00,1.46944,1.46946,1.46858,1.4690699999999999
2023-05-11 06:00:00,1.46906,1.46912,1.46805,1.46823
2023-05-11 07:00:00,1.46823,1.4684300000000001,1.46765,1.46842
2023-05-11 08:00:00,1.46842,1.46898,1.46831,1.46891
2023-05-11 09:00:00,1.46892,1.46905,1.4651,1.46547
2023-05-11 10:00:00,1.46547,1.46643,1.4647700000000001,1.46532
2023-05-11 11:00:00,1.4653,1.4668,1.46469,1.4653100000000001
2023-05-11 12:00:00,1.4653100000000001,1.4658,1.4640900000000001,1.46492
2023-05-11 13:00:00,1.46493,1.46515,1.46311,1.46338
2023-05-11 14:00:00,1.46338,1.46761,1.4632100000000001,1.46754
2023-05-11 15:00:00,1.46754,1.46939,1.46549,1.4689999999999999
2023-05-11 16:00:00,1.4689999999999999,1.4708,1.46844,1.46912
2023-05-11 17:00:00,1.4691100000000001,1.4721600000000001,1.4690400000000001,1.47098
2023-05-11 18:00:00,1.4709699999999999,1.47265,1.47057,1.47223
2023-05-11 19:00:00,1.47222,1.47382,1.47215,1.47291
2023-05-11 20:00:00,1.4729,1.47315,1.47191,1.47234
2023-05-11 21:00:00,1.47237,1.4729,1.4718200000000001,1.4724
2023-05-11 22:00:00,1.47241,1.47306,1.4723600000000001,1.47282
2023-05-11 23:00:00,1.47278,1.47293,1.47207,1.47234
2023-05-12 00:00:00,1.47215,1.47257,1.47132,1.47225
2023-05-12 01:00:00,1.4721199999999999,1.47279,1.4721199999999999,1.47237
2023-05-12 02:00:00,1.47238,1.47288,1.47233,1.47259
2023-05-12 03:00:00,1.47259,1.47303,1.47229,1.47285
2023-05-12 04:00:00,1.47283,1.4729700000000001,1.47217,1.4729700000000001
2023-05-12 05:00:00,1.4729700000000001,1.4733100000000001,1.47269,1.47274
2023-05-12 06:00:00,1.47274,1.47322,1.47253,1.47314
2023-05-12 07:00:00,1.47313,1.47356,1.47305,1.47322
2023-05-12 08:00:00,1.47322,1.4741,1.47292,1.47355
2023-05-12 09:00:00,1.47352,1.47479,1.47325,1.47427
2023-05-12 10:00:00,1.47427,1.47482,1.4715,1.47177
2023-05-12 11:00:00,1.47177,1.4727700000000001,1.4711400000000001,1.47218
2023-05-12 12:00:00,1.47218,1.47228,1.47013,1.47217
2023-05-12 13:00:00,1.47217,1.47244,1.47102,1.47136
2023-05-12 14:00:00,1.47136,1.47146,1.46916,1.46971
2023-05-12 15:00:00,1.46971,1.47038,1.46889,1.4694
2023-05-12 16:00:00,1.46942,1.46981,1.46733,1.46921
2023-05-12 17:00:00,1.46922,1.47146,1.4686,1.46971
2023-05-12 18:00:00,1.4697,1.47081,1.46855,1.46983
2023-05-12 19:00:00,1.46983,1.47146,1.46962,1.47109
2023-05-12 20:00:00,1.47107,1.47196,1.4702899999999999,1.47187
2023-05-12 21:00:00,1.47187,1.47207,1.47126,1.47157
2023-05-12 22:00:00,1.47157,1.47194,1.47041,1.47054
2023-05-12 23:00:00,1.47057,1.47098,1.47037,1.47071
2023-05-15 00:00:00,1.46857,1.4709400000000001,1.4684300000000001,1.47068
2023-05-15 01:00:00,1.47067,1.4711,1.46981,1.47077
2023-05-15 02:00:00,1.47077,1.4712399999999999,1.47048,1.47113
2023-05-15 03:00:00,1.47111,1.47208,1.47106,1.47177
2023-05-15 04:00:00,1.47177,1.47249,1.47139,1.47183
2023-05-15 05:00:00,1.4718,1.47187,1.47135,1.47139
2023-05-15 06:00:00,1.47139,1.47202,1.4712100000000001,1.4715799999999999
2023-05-15 07:00:00,1.47157,1.47159,1.47104,1.47132
2023-05-15 08:00:00,1.47132,1.47157,1.47013,1.47014
2023-05-15 09:00:00,1.47014,1.47044,1.46866,1.46888
2023-05-15 10:00:00,1.46887,1.47003,1.46821,1.46886
2023-05-15 11:00:00,1.46886,1.46988,1.46859,1.46902
2023-05-15 12:00:00,1.46903,1.46912,1.46753,1.46887
2023-05-15 13:00:00,1.46888,1.46927,1.4677799999999999,1.46914
2023-05-15 14:00:00,1.46914,1.46922,1.46774,1.4683
2023-05-15 15:00:00,1.46829,1.47039,1.46811,1.4693100000000001
2023-05-15 16:00:00,1.46933,1.47052,1.46881,1.47004
2023-05-15 17:00:00,1.47005,1.47036,1.4656,1.46564
2023-05-15 18:00:00,1.46564,1.46763,1.46564,1.4659900000000001
2023-05-15 19:00:00,1.46598,1.46609,1.46372,1.46435
2023-05-15 20:00:00,1.46435,1.46552,1.46381,1.46537
2023-05-15 21:00:00,1.46537,1.46542,1.4645299999999999,1.46458
2023-05-15 22:00:00,1.4646,1.46537,1.46436,1.46439
2023-05-15 23:00:00,1.46439,1.46479,1.46413,1.46439
2023-05-16 00:00:00,1.46404,1.46434,1.46289,1.46425
2023-05-16 01:00:00,1.46425,1.46452,1.4639,1.46445
2023-05-16 02:00:00,1.46445,1.46445,1.4641199999999999,1.4641899999999999
2023-05-16 03:00:00,1.46423,1.46496,1.46423,1.46492
2023-05-16 04:00:00,1.46492,1.46513,1.46427,1.46449
2023-05-16 05:00:00,1.4645000000000001,1.46577,1.46444,1.46536
2023-05-16 06:00:00,1.46536,1.4657200000000001,1.46529,1.46557
2023-05-16 07:00:00,1.46557,1.4657,1.46536,1.46559
2023-05-16 08:00:00,1.46559,1.46603,1.4652,1.46562
2023-05-16 09:00:00,1.46562,1.46641,1.46521,1.46607
2023-05-16 10:00:00,1.46607,1.46642,1.46516,1.46553
2023-05-16 11:00:00,1.46553,1.46612,1.46502,1.46539
2023-05-16 12:00:00,1.46543,1.4675099999999999,1.46512,1.46607
2023-05-16 13:00:00,1.46607,1.46728,1.46591,1.46699
2023-05-16 14:00:00,1.46699,1.46702,1.4656500000000001,1.4656799999999999
2023-05-16 15:00:00,1.4656799999999999,1.46573,1.45964,1.45996
2023-05-16 16:00:00,1.45996,1.46122,1.4586000000000001,1.4605000000000001
2023-05-16 17:00:00,1.4605000000000001,1.4622600000000001,1.45954,1.46222
2023-05-16 18:00:00,1.4622,1.46245,1.4607700000000001,1.46184
2023-05-16 19:00:00,1.46185,1.4639,1.46177,1.46276
2023-05-16 20:00:00,1.46278,1.46414,1.46247,1.46387
2023-05-16 21:00:00,1.46388,1.46444,1.46334,1.46372
2023-05-16 22:00:00,1.46374,1.46437,1.4634800000000001,1.46427
2023-05-16 23:00:00,1.46426,1.46448,1.46346,1.46406
2023-05-17 00:00:00,1.46372,1.4643,1.46048,1.46377
2023-05-17 01:00:00,1.46375,1.46403,1.46339,1.46379
2023-05-17 02:00:00,1.46379,1.46442,1.46376,1.46428
2023-05-17 03:00:00,1.4643,1.46479,1.4638499999999999,1.46455
2023-05-17 04:00:00,1.46455,1.46501,1.46425,1.46491
2023-05-17 05:00:00,1.46492,1.46492,1.46336,1.46344
2023-05-17 06:00:00,1.46342,1.46403,1.46335,1.46398
2023-05-17 07:00:00,1.46398,1.46424,1.46373,1.4642
2023-05-17 08:00:00,1.4642,1.46496,1.46393,1.4641
2023-05-17 09:00:00,1.4641199999999999,1.46498,1.46371,1.46406
2023-05-17 10:00:00,1.46406,1.46609,1.46303,1.46606
2023-05-17 11:00:00,1.46606,1.46607,1.4624,1.46259
2023-05-17 12:00:00,1.46259,1.46259,1.4612,1.46124
2023-05-17 13:00:00,1.46123,1.46193,1.46071,1.4618
2023-05-17 14:00:00,1.46182,1.46207,1.45994,1.45999
2023-05-17 15:00:00,1.45996,1.46099,1.45792,1.45798
2023-05-17 16:00:00,1.45797,1.4589699999999999,1.4561899999999999,1.45869
2023-05-17 17:00:00,1.45874,1.46119,1.45861,1.4593
2023-05-17 18:00:00,1.45929,1.46028,1.45784,1.46023
2023-05-17 19:00:00,1.46022,1.46023,1.4577200000000001,1.45788
2023-05-17 20:00:00,1.45793,1.4586000000000001,1.45688,1.45727
2023-05-17 21:00:00,1.45726,1.45797,1.45679,1.45774
2023-05-17 22:00:00,1.45773,1.45807,1.4571399999999999,1.45728
2023-05-17 23:00:00,1.45728,1.4583300000000001,1.45723,1.4582600000000001
2023-05-18 00:00:00,1.4579900000000001,1.45885,1.45627,1.4579900000000001
2023-05-18 01:00:00,1.4579900000000001,1.45902,1.45779,1.45881
2023-05-18 02:00:00,1.45879,1.4595799999999999,1.45872,1.45945
2023-05-18 03:00:00,1.45944,1.45953,1.4585,1.45948
2023-05-18 04:00:00,1.45948,1.46052,1.459,1.46001
2023-05-18 05:00:00,1.46001,1.46013,1.45923,1.45934
2023-05-18 06:00:00,1.45934,1.45938,1.45873,1.45934
2023-05-18 07:00:00,1.45935,1.45962,1.45889,1.459
2023-05-18 08:00:00,1.45901,1.46006,1.4588999999999999,1.45944
2023-05-18 09:00:00,1.45943,1.45978,1.458,1.45823
2023-05-18 10:00:00,1.45823,1.45904,1.45621,1.45666
2023-05-18 11:00:00,1.45669,1.45786,1.45633,1.45753
2023-05-18 12:00:00,1.45754,1.4579,1.4568699999999999,1.45728
2023-05-18 13:00:00,1.4573,1.4574,1.45522,1.45669
2023-05-18 14:00:00,1.45669,1.45717,1.45621,1.45708
2023-05-18 15:00:00,1.4570699999999999,1.45708,1.4534099999999999,1.4546700000000001
2023-05-18 16:00:00,1.45466,1.45536,1.45359,1.45425
2023-05-18 17:00:00,1.45423,1.45495,1.4519,1.45227
2023-05-18 18:00:00,1.45227,1.4556,1.4512,1.45496
2023-05-18 19:00:00,1.45495,1.45625,1.45475,1.45503
2023-05-18 20:00:00,1.45506,1.45583,1.45462,1.45564
2023-05-18 21:00:00,1.45563,1.45581,1.45437,1.45474
2023-05-18 22:00:00,1.45473,1.45485,1.4538,1.45411
2023-05-18 23:00:00,1.4541,1.45437,1.4539,1.45411
2023-05-19 00:00:00,1.45368,1.45461,1.4524599999999999,1.45423
2023-05-19 01:00:00,1.45418,1.45438,1.45389,1.45425
2023-05-19 02:00:00,1.45422,1.4549,1.45418,1.45435
2023-05-19 03:00:00,1.4543599999999999,1.45462,1.45364,1.45405
2023-05-19 04:00:00,1.45405,1.45428,1.4537499999999999,1.45404
2023-05-19 05:00:00,1.4539900000000001,1.45412,1.45285,1.45292
2023-05-19 06:00:00,1.4529,1.4530699999999999,1.45243,1.45279
2023-05-19 07:00:00,1.45281,1.45302,1.45221,1.45257
2023-05-19 08:00:00,1.45257,1.45331,1.45208,1.45303
2023-05-19 09:00:00,1.45304,1.4543,1.453,1.45386
2023-05-19 10:00:00,1.45384,1.45448,1.45322,1.45331
2023-05-19 11:00:00,1.45333,1.45461,1.45249,1.45378
2023-05-19 12:00:00,1.45376,1.45604,1.4534,1.4555799999999999
2023-05-19 13:00:00,1.45561,1.45567,1.45458,1.45513
2023-05-19 14:00:00,1.45513,1.45742,1.4549400000000001,1.45735
2023-05-19 15:00:00,1.45735,1.45845,1.45556,1.45564
2023-05-19 16:00:00,1.45563,1.457,1.45507,1.4568400000000001
2023-05-19 17:00:00,1.4568400000000001,1.45868,1.45635,1.45681
2023-05-19 18:00:00,1.45686,1.46296,1.45652,1.46137
2023-05-19 19:00:00,1.46137,1.46188,1.46009,1.46057
2023-05-19 20:00:00,1.46058,1.46256,1.4599199999999999,1.4617
2023-05-19 21:00:00,1.4617,1.46198,1.45987,1.45993
2023-05-19 22:00:00,1.45995,1.46024,1.45926,1.45936
2023-05-19 23:00:00,1.4594,1.45974,1.45831,1.45838
2023-05-22 00:00:00,1.45795,1.45946,1.4577499999999999,1.45834
2023-05-22 01:00:00,1.45861,1.46026,1.45861,1.45991
2023-05-22 02:00:00,1.4599,1.46048,1.4596,1.45976
2023-05-22 03:00:00,1.45977,1.46031,1.45939,1.45995
2023-05-22 04:00:00,1.45995,1.4610699999999999,1.4598200000000001,1.46091
2023-05-22 05:00:00,1.46091,1.46097,1.45994,1.46054
2023-05-22 06:00:00,1.46054,1.46091,1.4604,1.46054
2023-05-22 07:00:00,1.46056,1.46066,1.46001,1.4601
2023-05-22 08:00:00,1.4601,1.46087,1.45995,1.46042
2023-05-22 09:00:00,1.4604300000000001,1.4617,1.4604300000000001,1.46068
2023-05-22 10:00:00,1.46068,1.46113,1.45828,1.45838
2023-05-22 11:00:00,1.45837,1.45962,1.45796,1.45865
2023-05-22 12:00:00,1.45865,1.46106,1.45842,1.46063
2023-05-22 13:00:00,1.46062,1.46243,1.46052,1.46181
2023-05-22 14:00:00,1.46182,1.46192,1.46067,1.46149
2023-05-22 15:00:00,1.46151,1.46185,1.46063,1.46105
2023-05-22 16:00:00,1.46106,1.4610699999999999,1.45984,1.46042
2023-05-22 17:00:00,1.46042,1.4627,1.45881,1.45925
2023-05-22 18:00:00,1.45923,1.45977,1.45885,1.45966
2023-05-22 19:00:00,1.45967,1.46118,1.45935,1.4601600000000001
2023-05-22 20:00:00,1.46015,1.46126,1.45977,1.46098
2023-05-22 21:00:00,1.46099,1.46151,1.46048,1.4613800000000001
2023-05-22 22:00:00,1.46139,1.46144,1.46036,1.46044
2023-05-22 23:00:00,1.46044,1.46057,1.46008,1.46033
2023-05-23 00:00:00,1.45984,1.4604,1.45771,1.45971
2023-05-23 01:00:00,1.4597,1.4606,1.45959,1.46039
2023-05-23 02:00:00,1.46035,1.46039,1.45934,1.45968
2023-05-23 03:00:00,1.4597,1.46015,1.45912,1.45913
2023-05-23 04:00:00,1.45913,1.45929,1.45777,1.45803
2023-05-23 05:00:00,1.45804,1.45844,1.45764,1.45794
2023-05-23 06:00:00,1.45793,1.45848,1.45762,1.45811
2023-05-23 07:00:00,1.45812,1.45914,1.45791,1.45911
2023-05-23 08:00:00,1.4591,1.4592100000000001,1.45832,1.45907
2023-05-23 09:00:00,1.45907,1.45962,1.45784,1.45883
2023-05-23 10:00:00,1.45885,1.46171,1.45761,1.46147
2023-05-23 11:00:00,1.46146,1.46174,1.4598900000000001,1.4616
2023-05-23 12:00:00,1.46162,1.4616799999999999,1.45938,1.46015
2023-05-23 13:00:00,1.46015,1.4601600000000001,1.45777,1.45944
2023-05-23 14:00:00,1.45944,1.45949,1.45697,1.45732
2023-05-23 15:00:00,1.45732,1.45753,1.45347,1.45367
2023-05-23 16:00:00,1.45366,1.45747,1.45326,1.45713
2023-05-23 17:00:00,1.4571100000000001,1.45786,1.45469,1.45514
2023-05-23 18:00:00,1.45512,1.45534,1.4525000000000001,1.4525000000000001
2023-05-23 19:00:00,1.45252,1.45498,1.45229,1.454
2023-05-23 20:00:00,1.4539900000000001,1.45506,1.45369,1.4545
2023-05-23 21:00:00,1.4545,1.45647,1.45394,1.45493
2023-05-23 22:00:00,1.45491,1.4553099999999999,1.45385,1.45424
2023-05-23 23:00:00,1.45425,1.45483,1.45408,1.45428
2023-05-24 00:00:00,1.45386,1.45472,1.4531100000000001,1.45449
2023-05-24 01:00:00,1.45454,1.45454,1.45373,1.45426
2023-05-24 02:00:00,1.45424,1.45446,1.45359,1.45384
2023-05-24 03:00:00,1.45384,1.45442,1.45382,1.45415
2023-05-24 04:00:00,1.45415,1.45448,1.4537200000000001,1.4543599999999999
2023-05-24 05:00:00,1.45435,1.45566,1.45429,1.45543
2023-05-24 06:00:00,1.45543,1.45575,1.45515,1.45567
2023-05-24 07:00:00,1.4556499999999999,1.4556499999999999,1.45525,1.4554
2023-05-24 08:00:00,1.45542,1.45598,1.45519,1.45581
2023-05-24 09:00:00,1.45581,1.45814,1.45572,1.4577499999999999
2023-05-24 10:00:00,1.45773,1.46082,1.45773,1.46074
2023-05-24 11:00:00,1.46074,1.46116,1.4589699999999999,1.45916
2023-05-24 12:00:00,1.45916,1.45993,1.45875,1.45927
2023-05-24 13:00:00,1.45927,1.45927,1.45706,1.4574
2023-05-24 14:00:00,1.4574,1.45971,1.45729,1.4593099999999999
2023-05-24 15:00:00,1.45929,1.4622,1.4589699999999999,1.4613399999999999
2023-05-24 16:00:00,1.46136,1.46223,1.46,1.46117
2023-05-24 17:00:00,1.46118,1.46372,1.46115,1.46243
2023-05-24 18:00:00,1.46241,1.46336,1.46173,1.46207
2023-05-24 19:00:00,1.46208,1.46326,1.4614,1.46204
2023-05-24 20:00:00,1.4620600000000001,1.4635,1.46164,1.46224
2023-05-24 21:00:00,1.4622600000000001,1.46339,1.46173,1.46187
2023-05-24 22:00:00,1.46188,1.46242,1.46129,1.46161
2023-05-24 23:00:00,1.46159,1.46195,1.46102,1.46133
2023-05-25 00:00:00,1.46094,1.4617200000000001,1.4599,1.46093
2023-05-25 01:00:00,1.46093,1.46214,1.46065,1.46153
2023-05-25 02:00:00,1.46148,1.46171,1.46123,1.46146
2023-05-25 03:00:00,1.4614500000000001,1.4619900000000001,1.46122,1.46157
2023-05-25 04:00:00,1.46157,1.46184,1.46083,1.46173
2023-05-25 05:00:00,1.4617499999999999,1.46182,1.46112,1.46154
2023-05-25 06:00:00,1.46154,1.46157,1.46083,1.46083
2023-05-25 07:00:00,1.4608400000000001,1.46115,1.46035,1.46061
2023-05-25 08:00:00,1.46061,1.4615,1.46027,1.46125
2023-05-25 09:00:00,1.46127,1.46144,1.45879,1.45913
2023-05-25 10:00:00,1.45914,1.45971,1.45691,1.45744
2023-05-25 11:00:00,1.4574500000000001,1.45939,1.45743,1.45769
2023-05-25 12:00:00,1.4576799999999999,1.45905,1.45757,1.45848
2023-05-25 13:00:00,1.45848,1.45889,1.45746,1.45845
2023-05-25 14:00:00,1.45844,1.45987,1.45839,1.4589400000000001
2023-05-25 15:00:00,1.45896,1.45997,1.45675,1.4582899999999999
2023-05-25 16:00:00,1.45831,1.46117,1.45781,1.46024
2023-05-25 17:00:00,1.46025,1.46311,1.46,1.46184
2023-05-25 18:00:00,1.46187,1.4629699999999999,1.4611100000000001,1.46243
2023-05-25 19:00:00,1.46242,1.46242,1.46058,1.4607999999999999
2023-05-25 20:00:00,1.46079,1.4617200000000001,1.46023,1.46161
2023-05-25 21:00:00,1.46162,1.46244,1.46093,1.46211
2023-05-25 22:00:00,1.4621,1.46235,1.4607999999999999,1.46154
2023-05-25 23:00:00,1.46154,1.46317,1.46154,1.46307
2023-05-26 00:00:00,1.46272,1.46319,1.46115,1.46319
2023-05-26 01:00:00,1.46307,1.46323,1.46248,1.46305
2023-05-26 02:00:00,1.46305,1.46364,1.46291,1.46303
2023-05-26 03:00:00,1.46303,1.46427,1.46258,1.46398
2023-05-26 04:00:00,1.46399,1.46449,1.46346,1.46424
2023-05-26 05:00:00,1.46424,1.4646,1.46395,1.46441
2023-05-26 06:00:00,1.4644,1.46475,1.46427,1.46429
2023-05-26 07:00:00,1.46427,1.46462,1.46407,1.46429
2023-05-26 08:00:00,1.46424,1.46465,1.4638,1.46425
2023-05-26 09:00:00,1.46426,1.46433,1.46176,1.46181
2023-05-26 10:00:00,1.46181,1.46387,1.46161,1.46326
2023-05-26 11:00:00,1.4632800000000001,1.46332,1.4608400000000001,1.46255
2023-05-26 12:00:00,1.46253,1.4634,1.46204,1.46274
2023-05-26 13:00:00,1.46274,1.46279,1.46139,1.46227
2023-05-26 14:00:00,1.46228,1.46332,1.46142,1.46301
2023-05-26 15:00:00,1.46304,1.46464,1.46217,1.4638499999999999
2023-05-26 16:00:00,1.4638499999999999,1.46488,1.461,1.46217
2023-05-26 17:00:00,1.4622,1.4633,1.4592100000000001,1.46076
2023-05-26 18:00:00,1.46074,1.46074,1.45896,1.45975
2023-05-26 19:00:00,1.45975,1.46041,1.45936,1.45984
2023-05-26 20:00:00,1.45984,1.46171,1.45967,1.46154
2023-05-26 21:00:00,1.46149,1.4617499999999999,1.46059,1.46082
2023-05-26 22:00:00,1.4608400000000001,1.46108,1.46034,1.4605000000000001
2023-05-26 23:00:00,1.46052,1.46093,1.46014,1.46034
2023-05-29 00:00:00,1.45773,1.4604,1.45773,1.45952
2023-05-29 01:00:00,1.4596,1.4596,1.45834,1.45865
2023-05-29 02:00:00,1.45865,1.4592100000000001,1.45851,1.45905
2023-05-29 03:00:00,1.45902,1.45926,1.45832,1.4586700000000001
2023-05-29 04:00:00,1.45865,1.45967,1.45861,1.4595799999999999
2023-05-29 05:00:00,1.4596,1.45977,1.4592399999999999,1.45963
2023-05-29 06:00:00,1.45962,1.4601199999999999,1.45957,1.46002
2023-05-29 07:00:00,1.46002,1.46034,1.45961,1.45987
2023-05-29 08:00:00,1.4598499999999999,1.4601,1.45953,1.45974
2023-05-29 09:00:00,1.45974,1.46025,1.45834,1.45846
2023-05-29 10:00:00,1.45846,1.45895,1.4580199999999999,1.45864
2023-05-29 11:00:00,1.45865,1.45877,1.45722,1.45732
2023-05-29 12:00:00,1.45731,1.45736,1.4564,1.4570699999999999
2023-05-29 13:00:00,1.45706,1.45746,1.4565000000000001,1.4568699999999999
2023-05-29 14:00:00,1.45686,1.4574,1.45549,1.45557
2023-05-29 15:00:00,1.45556,1.458,1.45534,1.45793
2023-05-29 16:00:00,1.45793,1.45825,1.45679,1.45697
2023-05-29 17:00:00,1.45697,1.45708,1.45519,1.45552
2023-05-29 18:00:00,1.45551,1.45596,1.45504,1.45541
2023-05-29 19:00:00,1.45539,1.45554,1.45514,1.45522
2023-05-29 20:00:00,1.4552,1.45553,1.45513,1.4555
2023-05-29 21:00:00,1.4555,1.45609,1.45512,1.45586
2023-05-29 22:00:00,1.4558499999999999,1.45597,1.45539,1.45544
2023-05-29 23:00:00,1.45543,1.4557,1.455,1.45529
2023-05-30 00:00:00,1.45485,1.45628,1.45317,1.45513
2023-05-30 01:00:00,1.45512,1.45573,1.45488,1.45566
2023-05-30 02:00:00,1.45566,1.45655,1.45557,1.45648
2023-05-30 03:00:00,1.45649,1.45681,1.45496,1.4556
2023-05-30 04:00:00,1.45559,1.4556,1.45486,1.4555
2023-05-30 05:00:00,1.45553,1.45647,1.45538,1.45634
2023-05-30 06:00:00,1.45636,1.45697,1.4558200000000001,1.45651
2023-05-30 07:00:00,1.45649,1.45654,1.45553,1.45577
2023-05-30 08:00:00,1.45576,1.4558200000000001,1.45293,1.45343
2023-05-30 09:00:00,1.45344,1.45525,1.45323,1.45485
2023-05-30 10:00:00,1.4548,1.4548,1.45161,1.45239
2023-05-30 11:00:00,1.45238,1.45481,1.4519199999999999,1.45414
2023-05-30 12:00:00,1.45414,1.45596,1.45294,1.45542
2023-05-30 13:00:00,1.45542,1.45774,1.45539,1.45756
2023-05-30 14:00:00,1.45758,1.45917,1.4575,1.45898
2023-05-30 15:00:00,1.45898,1.459,1.4570699999999999,1.45715
2023-05-30 16:00:00,1.45716,1.45996,1.45662,1.4595799999999999
2023-05-30 17:00:00,1.4596,1.46133,1.45849,1.45961
2023-05-30 18:00:00,1.45959,1.45968,1.45763,1.45767
2023-05-30 19:00:00,1.45766,1.45811,1.4567,1.45723
2023-05-30 20:00:00,1.45722,1.4586700000000001,1.45716,1.45857
2023-05-30 21:00:00,1.45857,1.45869,1.45737,1.458
2023-05-30 22:00:00,1.45798,1.45884,1.45787,1.4586299999999999
2023-05-30 23:00:00,1.4586299999999999,1.4597,1.4583,1.45969
2023-05-31 00:00:00,1.45937,1.45986,1.45723,1.45965
2023-05-31 01:00:00,1.45964,1.45996,1.4592,1.4595500000000001
2023-05-31 02:00:00,1.4595500000000001,1.46024,1.45925,1.45939
2023-05-31 03:00:00,1.45938,1.46066,1.45938,1.46047
2023-05-31 04:00:00,1.4604599999999999,1.46119,1.45969,1.46006
2023-05-31 05:00:00,1.46008,1.4604599999999999,1.45935,1.45946
2023-05-31 06:00:00,1.45946,1.45952,1.4583599999999999,1.45877
2023-05-31 07:00:00,1.45877,1.45939,1.45862,1.4591
2023-05-31 08:00:00,1.45909,1.45933,1.45774,1.45803
2023-05-31 09:00:00,1.45801,1.45847,1.4556200000000001,1.45689
2023-05-31 10:00:00,1.45688,1.4571,1.45583,1.45648
2023-05-31 11:00:00,1.45649,1.45694,1.45408,1.45426
2023-05-31 12:00:00,1.45427,1.45661,1.45387,1.45661
2023-05-31 13:00:00,1.45657,1.45759,1.45552,1.45716
2023-05-31 14:00:00,1.45718,1.4582899999999999,1.45676,1.45761
2023-05-31 15:00:00,1.45762,1.45874,1.4561600000000001,1.45664
2023-05-31 16:00:00,1.45663,1.45721,1.45488,1.45544
2023-05-31 17:00:00,1.45544,1.45545,1.44828,1.44903
2023-05-31 18:00:00,1.44902,1.44985,1.44684,1.44759
2023-05-31 19:00:00,1.44761,1.44828,1.44644,1.44712
2023-05-31 20:00:00,1.44712,1.44915,1.44699,1.44872
2023-05-31 21:00:00,1.44872,1.44957,1.44847,1.44891
2023-05-31 22:00:00,1.44891,1.45079,1.44834,1.45065
2023-05-31 23:00:00,1.45064,1.4515500000000001,1.45028,1.45047
2023-06-01 00:00:00,1.45053,1.45053,1.44812,1.45019
2023-06-01 01:00:00,1.45017,1.45098,1.45017,1.45047
2023-06-01 02:00:00,1.45047,1.45139,1.45038,1.45057
2023-06-01 03:00:00,1.45057,1.45098,1.45001,1.4508
2023-06-01 04:00:00,1.4508,1.4510100000000001,1.45013,1.45014
2023-06-01 05:00:00,1.45014,1.45122,1.44989,1.45025
2023-06-01 06:00:00,1.45025,1.45038,1.44951,1.44957
2023-06-01 07:00:00,1.44957,1.4499,1.44893,1.44897
2023-06-01 08:00:00,1.44897,1.44927,1.44862,1.44913
2023-06-01 09:00:00,1.4491399999999999,1.45012,1.44829,1.4500199999999999
2023-06-01 10:00:00,1.45003,1.4506700000000001,1.44802,1.44879
2023-06-01 11:00:00,1.44878,1.45081,1.44828,1.45071
2023-06-01 12:00:00,1.4508,1.4527999999999999,1.45029,1.4526
2023-06-01 13:00:00,1.45259,1.45391,1.45146,1.4527700000000001
2023-06-01 14:00:00,1.45281,1.45315,1.45168,1.45178
2023-06-01 15:00:00,1.45179,1.4518499999999999,1.44899,1.4494500000000001
2023-06-01 16:00:00,1.44947,1.4518,1.4492,1.45142
2023-06-01 17:00:00,1.4519,1.452,1.44919,1.4494799999999999
2023-06-01 18:00:00,1.4495,1.4497,1.44482,1.44508
2023-06-01 19:00:00,1.44507,1.44687,1.44451,1.44602
2023-06-01 20:00:00,1.44602,1.44709,1.44568,1.44692
2023-06-01 21:00:00,1.44689,1.4477,1.44632,1.447
2023-06-01 22:00:00,1.44699,1.44763,1.44658,1.44748
2023-06-01 23:00:00,1.4475,1.44771,1.4468,1.44721
2023-06-02 00:00:00,1.44692,1.447,1.44508,1.44672
2023-06-02 01:00:00,1.44672,1.44723,1.44658,1.44721
2023-06-02 02:00:00,1.44719,1.44736,1.44665,1.44665
2023-06-02 03:00:00,1.44663,1.44761,1.44651,1.44722
2023-06-02 04:00:00,1.44725,1.44739,1.44647,1.44659
2023-06-02 05:00:00,1.4466,1.44689,1.44592,1.44592
2023-06-02 06:00:00,1.44589,1.44619,1.44559,1.44596
2023-06-02 07:00:00,1.44596,1.44618,1.44578,1.44595
2023-06-02 08:00:00,1.44595,1.44653,1.44595,1.44652
2023-06-02 09:00:00,1.44655,1.4470100000000001,1.44499,1.44563
2023-06-02 10:00:00,1.44563,1.44625,1.44451,1.44465
2023-06-02 11:00:00,1.44462,1.44538,1.44379,1.44485
2023-06-02 12:00:00,1.44485,1.44488,1.4433500000000001,1.44441
2023-06-02 13:00:00,1.44441,1.44538,1.4442300000000001,1.4445000000000001
2023-06-02 14:00:00,1.44451,1.44597,1.44413,1.4442300000000001
2023-06-02 15:00:00,1.4442300000000001,1.44564,1.44222,1.44318
2023-06-02 16:00:00,1.4432,1.44478,1.44239,1.44262
2023-06-02 17:00:00,1.44264,1.4433,1.44069,1.44147
2023-06-02 18:00:00,1.4414799999999999,1.44228,1.44096,1.44105
2023-06-02 19:00:00,1.44102,1.44134,1.43934,1.43951
2023-06-02 20:00:00,1.4395,1.44052,1.43917,1.43947
2023-06-02 21:00:00,1.43947,1.43958,1.43856,1.4387699999999999
2023-06-02 22:00:00,1.43876,1.43892,1.43729,1.43742
2023-06-02 23:00:00,1.43743,1.43798,1.437,1.43765
2023-06-05 00:00:00,1.43647,1.43805,1.43578,1.43793
2023-06-05 01:00:00,1.43792,1.43792,1.43579,1.43582
2023-06-05 02:00:00,1.43582,1.43675,1.43578,1.43637
2023-06-05 03:00:00,1.43638,1.43647,1.43556,1.43609
2023-06-05 04:00:00,1.43609,1.43706,1.43608,1.43664
2023-06-05 05:00:00,1.43663,1.4375499999999999,1.43644,1.43746
2023-06-05 06:00:00,1.4374500000000001,1.43797,1.4374500000000001,1.43774
2023-06-05 07:00:00,1.43773,1.43798,1.4374,1.4378199999999999
2023-06-05 08:00:00,1.43781,1.43812,1.43726,1.43792
2023-06-05 09:00:00,1.4379,1.43794,1.4365,1.43682
2023-06-05 10:00:00,1.43682,1.43719,1.4352,1.43568
2023-06-05 11:00:00,1.43567,1.4372099999999999,1.43513,1.43707
2023-06-05 12:00:00,1.43707,1.43772,1.43618,1.4371
2023-06-05 13:00:00,1.43709,1.4380600000000001,1.437,1.43802
2023-06-05 14:00:00,1.43799,1.43851,1.43662,1.43683
2023-06-05 15:00:00,1.43681,1.43709,1.43445,1.43484
2023-06-05 16:00:00,1.43483,1.43614,1.43404,1.43533
2023-06-05 17:00:00,1.43558,1.44247,1.43527,1.43895
2023-06-05 18:00:00,1.43895,1.43937,1.43759,1.4386999999999999
2023-06-05 19:00:00,1.4386999999999999,1.43879,1.43724,1.43733
2023-06-05 20:00:00,1.43731,1.43889,1.4373,1.4387699999999999
2023-06-05 21:00:00,1.43876,1.44012,1.4386700000000001,1.43955
2023-06-05 22:00:00,1.43955,1.44002,1.43917,1.43993
2023-06-05 23:00:00,1.44,1.44035,1.4396499999999999,1.44014
2023-06-06 00:00:00,1.43978,1.44027,1.43729,1.43981
2023-06-06 01:00:00,1.43982,1.44046,1.43955,1.4401
2023-06-06 02:00:00,1.4401,1.4405700000000001,1.43944,1.44049
2023-06-06 03:00:00,1.44048,1.44064,1.44009,1.44031
2023-06-06 04:00:00,1.4403000000000001,1.44047,1.43974,1.43984
2023-06-06 05:00:00,1.43982,1.43991,1.43894,1.43909
2023-06-06 06:00:00,1.43909,1.4393799999999999,1.4388,1.43923
2023-06-06 07:00:00,1.43922,1.43964,1.43772,1.43834
2023-06-06 08:00:00,1.43832,1.43868,1.43778,1.43851
2023-06-06 09:00:00,1.43852,1.43869,1.43705,1.43726
2023-06-06 10:00:00,1.4372099999999999,1.4372099999999999,1.4353099999999999,1.4365
2023-06-06 11:00:00,1.4365,1.43659,1.43478,1.43629
2023-06-06 12:00:00,1.43628,1.43648,1.43425,1.43465
2023-06-06 13:00:00,1.43463,1.4359199999999999,1.43399,1.43583
2023-06-06 14:00:00,1.43583,1.43616,1.43364,1.43374
2023-06-06 15:00:00,1.43373,1.43445,1.43285,1.43372
2023-06-06 16:00:00,1.43374,1.43673,1.43374,1.43454
2023-06-06 17:00:00,1.43454,1.4346999999999999,1.43176,1.43365
2023-06-06 18:00:00,1.43363,1.43458,1.43292,1.43342
2023-06-06 19:00:00,1.43347,1.43459,1.4331,1.4331800000000001
2023-06-06 20:00:00,1.43319,1.43362,1.43266,1.43347
2023-06-06 21:00:00,1.43349,1.43383,1.43295,1.43311
2023-06-06 22:00:00,1.43311,1.43384,1.433,1.4332099999999999
2023-06-06 23:00:00,1.4332099999999999,1.4334799999999999,1.4327,1.43275
2023-06-07 00:00:00,1.43262,1.43349,1.43215,1.4329
2023-06-07 01:00:00,1.4329,1.43336,1.43272,1.43335
2023-06-07 02:00:00,1.43334,1.43342,1.43272,1.43334
2023-06-07 03:00:00,1.43335,1.43368,1.43275,1.4329399999999999
2023-06-07 04:00:00,1.4329399999999999,1.43302,1.43234,1.4326400000000001
2023-06-07 05:00:00,1.4326400000000001,1.43362,1.43244,1.43312
2023-06-07 06:00:00,1.43315,1.43336,1.4328400000000001,1.43311
2023-06-07 07:00:00,1.43312,1.43337,1.43266,1.43289
2023-06-07 08:00:00,1.43288,1.43299,1.43244,1.4326699999999999
2023-06-07 09:00:00,1.4326699999999999,1.43296,1.43189,1.43273
2023-06-07 10:00:00,1.43272,1.43368,1.43202,1.43327
2023-06-07 11:00:00,1.43327,1.43329,1.43078,1.43158
2023-06-07 12:00:00,1.43157,1.43263,1.43106,1.43225
2023-06-07 13:00:00,1.4322300000000001,1.43469,1.43214,1.43397
2023-06-07 14:00:00,1.43399,1.43519,1.4335,1.43505
2023-06-07 15:00:00,1.4350399999999999,1.43708,1.43435,1.436
2023-06-07 16:00:00,1.436,1.43819,1.43579,1.4371800000000001
2023-06-07 17:00:00,1.43723,1.43729,1.42903,1.43015
2023-06-07 18:00:00,1.4301300000000001,1.43061,1.42896,1.43019
2023-06-07 19:00:00,1.43017,1.43095,1.42938,1.42939
2023-06-07 20:00:00,1.42939,1.43195,1.42938,1.43105
2023-06-07 21:00:00,1.43105,1.4318,1.43038,1.43092
2023-06-07 22:00:00,1.4309,1.43174,1.42994,1.43007
2023-06-07 23:00:00,1.4301,1.43099,1.4300899999999999,1.43041
2023-06-08 00:00:00,1.43011,1.43073,1.42863,1.43044
2023-06-08 01:00:00,1.43045,1.43095,1.43028,1.4307400000000001
2023-06-08 02:00:00,1.43073,1.43164,1.43044,1.43151
2023-06-08 03:00:00,1.43154,1.4316200000000001,1.43037,1.43056
2023-06-08 04:00:00,1.43059,1.43115,1.43018,1.4306
2023-06-08 05:00:00,1.43059,1.4310100000000001,1.42937,1.42953
2023-06-08 06:00:00,1.42951,1.43084,1.4295,1.43065
2023-06-08 07:00:00,1.43066,1.43151,1.43058,1.43121
2023-06-08 08:00:00,1.4312,1.43158,1.43061,1.43097
2023-06-08 09:00:00,1.43098,1.43149,1.43051,1.43061
2023-06-08 10:00:00,1.4306,1.43061,1.42825,1.42931
2023-06-08 11:00:00,1.42932,1.43102,1.42901,1.43028
2023-06-08 12:00:00,1.43029,1.43202,1.43023,1.43164
2023-06-08 13:00:00,1.4316200000000001,1.43249,1.43133,1.43224
2023-06-08 14:00:00,1.4322300000000001,1.43441,1.4316900000000001,1.4340899999999999
2023-06-08 15:00:00,1.4341,1.4357199999999999,1.4332799999999999,1.43495
2023-06-08 16:00:00,1.43494,1.4393799999999999,1.43411,1.4376
2023-06-08 17:00:00,1.43761,1.43981,1.4374500000000001,1.4387400000000001
2023-06-08 18:00:00,1.4387400000000001,1.44279,1.4382,1.44232
2023-06-08 19:00:00,1.4423300000000001,1.44237,1.43967,1.4399899999999999
2023-06-08 20:00:00,1.4399899999999999,1.44003,1.43899,1.43899
2023-06-08 21:00:00,1.43899,1.44062,1.43893,1.43982
2023-06-08 22:00:00,1.43982,1.44017,1.43898,1.43919
2023-06-08 23:00:00,1.43918,1.44008,1.43914,1.43986
2023-06-09 00:00:00,1.44002,1.4405700000000001,1.43815,1.44012
2023-06-09 01:00:00,1.44013,1.44054,1.4399,1.44029
2023-06-09 02:00:00,1.44029,1.44077,1.44002,1.44064
2023-06-09 03:00:00,1.44064,1.44142,1.44056,1.44134
2023-06-09 04:00:00,1.44135,1.4414,1.44063,1.44074
2023-06-09 05:00:00,1.44074,1.44105,1.44037,1.44056
2023-06-09 06:00:00,1.44056,1.44088,1.44049,1.44082
2023-06-09 07:00:00,1.44082,1.44088,1.44036,1.44037
2023-06-09 08:00:00,1.44036,1.44101,1.4397,1.4398900000000001
2023-06-09 09:00:00,1.43988,1.44054,1.43817,1.4384700000000001
2023-06-09 10:00:00,1.4384700000000001,1.4384700000000001,1.43598,1.43671
2023-06-09 11:00:00,1.43669,1.43686,1.43502,1.43533
2023-06-09 12:00:00,1.43529,1.43585,1.4346700000000001,1.43488
2023-06-09 13:00:00,1.4349,1.4355,1.43441,1.4350100000000001
2023-06-09 14:00:00,1.435,1.43631,1.43461,1.43529
2023-06-09 15:00:00,1.43532,1.43991,1.43529,1.4378
2023-06-09 16:00:00,1.4378,1.43895,1.43515,1.43522
2023-06-09 17:00:00,1.43522,1.43537,1.43193,1.43244
2023-06-09 18:00:00,1.43244,1.43469,1.4322300000000001,1.43412
2023-06-09 19:00:00,1.43412,1.43509,1.43403,1.43436
2023-06-09 20:00:00,1.43436,1.43548,1.43399,1.43457
2023-06-09 21:00:00,1.43453,1.43537,1.4341300000000001,1.43512
2023-06-09 22:00:00,1.43512,1.43521,1.43366,1.4338899999999999
2023-06-09 23:00:00,1.4339,1.43426,1.43376,1.43385
2023-06-12 00:00:00,1.43209,1.43372,1.43179,1.43292
2023-06-12 01:00:00,1.4329100000000001,1.43437,1.4329,1.4336
2023-06-12 02:00:00,1.4335200000000001,1.4338199999999999,1.43312,1.43372
2023-06-12 03:00:00,1.43373,1.43438,1.43343,1.43359
2023-06-12 04:00:00,1.43358,1.43404,1.43332,1.4335200000000001
2023-06-12 05:00:00,1.4335200000000001,1.43385,1.43314,1.4337900000000001
2023-06-12 06:00:00,1.4337900000000001,1.43393,1.4333,1.43366
2023-06-12 07:00:00,1.43366,1.43437,1.43354,1.43424
2023-06-12 08:00:00,1.43423,1.43498,1.43385,1.43478
2023-06-12 09:00:00,1.43478,1.43521,1.43259,1.43299
2023-06-12 10:00:00,1.43298,1.43527,1.43277,1.43449
2023-06-12 11:00:00,1.43448,1.43654,1.43424,1.43512
2023-06-12 12:00:00,1.43512,1.43807,1.43486,1.43736
2023-06-12 13:00:00,1.43737,1.43765,1.43461,1.43576
2023-06-12 14:00:00,1.43578,1.4359600000000001,1.43426,1.43534
2023-06-12 15:00:00,1.43534,1.43671,1.4353,1.43605
2023-06-12 16:00:00,1.43603,1.4372,1.43451,1.43579
2023-06-12 17:00:00,1.43578,1.4392800000000001,1.43557,1.43679
2023-06-12 18:00:00,1.43681,1.43831,1.4365700000000001,1.43758
2023-06-12 19:00:00,1.43757,1.43842,1.43715,1.43814
2023-06-12 20:00:00,1.43812,1.43844,1.43751,1.43826
2023-06-12 21:00:00,1.43827,1.4386999999999999,1.43761,1.43824
2023-06-12 22:00:00,1.43824,1.43848,1.4378600000000001,1.43799
2023-06-12 23:00:00,1.43801,1.43838,1.43763,1.43767
2023-06-13 00:00:00,1.43774,1.4380899999999999,1.43634,1.4379
2023-06-13 01:00:00,1.43792,1.43827,1.4377,1.43803
2023-06-13 02:00:00,1.43803,1.4384700000000001,1.43794,1.43824
2023-06-13 03:00:00,1.43826,1.43858,1.4381,1.43821
2023-06-13 04:00:00,1.43822,1.43975,1.4380899999999999,1.43959
2023-06-13 05:00:00,1.4396,1.44092,1.43957,1.44055
2023-06-13 06:00:00,1.44055,1.44066,1.43952,1.43963
2023-06-13 07:00:00,1.4396200000000001,1.44082,1.43933,1.4408
2023-06-13 08:00:00,1.44081,1.44281,1.44072,1.44116
2023-06-13 09:00:00,1.44122,1.4421599999999999,1.44059,1.44127
2023-06-13 10:00:00,1.44126,1.4426999999999999,1.4408,1.44217
2023-06-13 11:00:00,1.44217,1.44303,1.44159,1.4428
2023-06-13 12:00:00,1.44282,1.44374,1.44228,1.44325
2023-06-13 13:00:00,1.44324,1.44327,1.44161,1.44211
2023-06-13 14:00:00,1.44212,1.44214,1.44062,1.4412
2023-06-13 15:00:00,1.4412,1.44283,1.43943,1.44096
2023-06-13 16:00:00,1.44098,1.44132,1.43789,1.43854
2023-06-13 17:00:00,1.43852,1.4388,1.43536,1.43582
2023-06-13 18:00:00,1.43582,1.43644,1.43487,1.43499
2023-06-13 19:00:00,1.43499,1.43579,1.43464,1.43561
2023-06-13 20:00:00,1.43561,1.4359199999999999,1.43458,1.43523
2023-06-13 21:00:00,1.4352,1.43625,1.43497,1.43614
2023-06-13 22:00:00,1.4362,1.43686,1.43487,1.4365999999999999
2023-06-13 23:00:00,1.4365999999999999,1.4368699999999999,1.43609,1.43678
2023-06-14 00:00:00,1.43672,1.43706,1.43558,1.43638
2023-06-14 01:00:00,1.43642,1.43692,1.43629,1.4365
2023-06-14 02:00:00,1.43652,1.43665,1.4363299999999999,1.4365
2023-06-14 03:00:00,1.43652,1.43688,1.43631,1.43658
2023-06-14 04:00:00,1.43658,1.43675,1.43604,1.43618
2023-06-14 05:00:00,1.43617,1.4365999999999999,1.4359600000000001,1.43637
2023-06-14 06:00:00,1.43637,1.4364,1.43568,1.43591
2023-06-14 07:00:00,1.43591,1.43621,1.43578,1.43589
2023-06-14 08:00:00,1.43587,1.43606,1.4344999999999999,1.4347400000000001
2023-06-14 09:00:00,1.4347400000000001,1.43637,1.43457,1.43568
2023-06-14 10:00:00,1.4356900000000001,1.4362599999999999,1.43412,1.4341599999999999
2023-06-14 11:00:00,1.4341599999999999,1.4356200000000001,1.43381,1.43542
2023-06-14 12:00:00,1.43544,1.43618,1.43519,1.4356900000000001
2023-06-14 13:00:00,1.4357,1.4365,1.4353799999999999,1.4362599999999999
2023-06-14 14:00:00,1.43627,1.4380600000000001,1.43591,1.43682
2023-06-14 15:00:00,1.43682,1.4412,1.43682,1.44116
2023-06-14 16:00:00,1.44116,1.44157,1.43944,1.44095
2023-06-14 17:00:00,1.44093,1.44186,1.43954,1.44169
2023-06-14 18:00:00,1.44168,1.44295,1.44076,1.4424000000000001
2023-06-14 19:00:00,1.4424000000000001,1.44276,1.44119,1.44248
2023-06-14 20:00:00,1.44247,1.4441899999999999,1.4424000000000001,1.4433799999999999
2023-06-14 21:00:00,1.4432,1.44431,1.44056,1.44249
2023-06-14 22:00:00,1.44251,1.44381,1.4414799999999999,1.44374
2023-06-14 23:00:00,1.44374,1.44374,1.4429699999999999,1.44307
2023-06-15 00:00:00,1.44265,1.44296,1.4412,1.44296
2023-06-15 01:00:00,1.44293,1.44347,1.44291,1.4433799999999999
2023-06-15 02:00:00,1.4433799999999999,1.44496,1.44326,1.44495
2023-06-15 03:00:00,1.44495,1.44495,1.44436,1.44476
2023-06-15 04:00:00,1.44476,1.4447999999999999,1.44256,1.44282
2023-06-15 05:00:00,1.44282,1.44367,1.44269,1.44348
2023-06-15 06:00:00,1.44348,1.44351,1.44237,1.44256
2023-06-15 07:00:00,1.44256,1.4428,1.4420600000000001,1.4421
2023-06-15 08:00:00,1.4421,1.44246,1.44171,1.44188
2023-06-15 09:00:00,1.44188,1.44298,1.44092,1.4424299999999999
2023-06-15 10:00:00,1.44242,1.44296,1.4414500000000001,1.44281
2023-06-15 11:00:00,1.4428,1.44424,1.44224,1.4436
2023-06-15 12:00:00,1.44364,1.44533,1.44353,1.445
2023-06-15 13:00:00,1.445,1.44531,1.44388,1.44505
2023-06-15 14:00:00,1.44506,1.44508,1.4413,1.4416
2023-06-15 15:00:00,1.44161,1.44989,1.4411399999999999,1.44766
2023-06-15 16:00:00,1.44757,1.4499900000000001,1.44611,1.44619
2023-06-15 17:00:00,1.44618,1.44756,1.44445,1.4447
2023-06-15 18:00:00,1.44469,1.44737,1.44463,1.4472800000000001
2023-06-15 19:00:00,1.44729,1.44839,1.44666,1.44813
2023-06-15 20:00:00,1.44813,1.44822,1.4466,1.44673
2023-06-15 21:00:00,1.4467400000000001,1.4472800000000001,1.44626,1.44659
2023-06-15 22:00:00,1.4466,1.44714,1.44621,1.4470100000000001
2023-06-15 23:00:00,1.447,1.44736,1.44662,1.44693
2023-06-16 00:00:00,1.44655,1.44687,1.44467,1.44679
2023-06-16 01:00:00,1.44677,1.44726,1.4466700000000001,1.44698
2023-06-16 02:00:00,1.4469699999999999,1.44743,1.44689,1.4472800000000001
2023-06-16 03:00:00,1.44727,1.44791,1.44687,1.44724
2023-06-16 04:00:00,1.44724,1.4479,1.4469699999999999,1.44779
2023-06-16 05:00:00,1.44779,1.44839,1.44746,1.44774
2023-06-16 06:00:00,1.44773,1.44807,1.4473099999999999,1.44747
2023-06-16 07:00:00,1.44745,1.44776,1.44733,1.44767
2023-06-16 08:00:00,1.44767,1.44804,1.44711,1.4472
2023-06-16 09:00:00,1.44721,1.44875,1.44675,1.44749
2023-06-16 10:00:00,1.44748,1.44846,1.4466999999999999,1.44808
2023-06-16 11:00:00,1.44806,1.4487,1.4472,1.44773
2023-06-16 12:00:00,1.44771,1.44838,1.44687,1.44797
2023-06-16 13:00:00,1.4479600000000001,1.44829,1.44715,1.44766
2023-06-16 14:00:00,1.44767,1.45015,1.44767,1.44984
2023-06-16 15:00:00,1.44989,1.4502,1.44658,1.44719
2023-06-16 16:00:00,1.44719,1.44836,1.44608,1.44684
2023-06-16 17:00:00,1.44705,1.44781,1.44099,1.4411800000000001
2023-06-16 18:00:00,1.44119,1.4429,1.44113,1.4414500000000001
2023-06-16 19:00:00,1.4415,1.44308,1.44146,1.44245
2023-06-16 20:00:00,1.44244,1.44269,1.44146,1.4422
2023-06-16 21:00:00,1.4422,1.44272,1.44158,1.44239
2023-06-16 22:00:00,1.4423599999999999,1.4437,1.44211,1.44336
2023-06-16 23:00:00,1.4433500000000001,1.44394,1.44283,1.44379
2023-06-19 00:00:00,1.44143,1.444,1.44011,1.4432
2023-06-19 01:00:00,1.44319,1.44356,1.4426,1.44323
2023-06-19 02:00:00,1.44323,1.44395,1.44307,1.44385
2023-06-19 03:00:00,1.44386,1.44485,1.44385,1.44478
2023-06-19 04:00:00,1.44478,1.44546,1.44442,1.44498
2023-06-19 05:00:00,1.44497,1.44588,1.4449,1.44557
2023-06-19 06:00:00,1.44562,1.44677,1.4454500000000001,1.44644
2023-06-19 07:00:00,1.44644,1.44646,1.44516,1.44525
2023-06-19 08:00:00,1.44524,1.44532,1.44384,1.44409
2023-06-19 09:00:00,1.44409,1.44415,1.44291,1.44291
2023-06-19 10:00:00,1.44291,1.44308,1.44073,1.44161
2023-06-19 11:00:00,1.44161,1.44268,1.44119,1.44208
2023-06-19 12:00:00,1.44208,1.44208,1.4408,1.44098
2023-06-19 13:00:00,1.44101,1.44184,1.44015,1.44176
2023-06-19 14:00:00,1.44174,1.44237,1.44093,1.44098
2023-06-19 15:00:00,1.44093,1.44151,1.44049,1.44124
2023-06-19 16:00:00,1.44126,1.44146,1.43974,1.44003
2023-06-19 17:00:00,1.44006,1.44256,1.43981,1.4423599999999999
2023-06-19 18:00:00,1.4423599999999999,1.44344,1.44187,1.44203
2023-06-19 19:00:00,1.44205,1.44307,1.44171,1.44251
2023-06-19 20:00:00,1.44251,1.44308,1.4424000000000001,1.44307
2023-06-19 21:00:00,1.44307,1.44317,1.44254,1.4427699999999999
2023-06-19 22:00:00,1.4427699999999999,1.44303,1.44214,1.4423300000000001
2023-06-19 23:00:00,1.44234,1.4427400000000001,1.44225,1.44271
2023-06-20 00:00:00,1.4423599999999999,1.44309,1.44159,1.44285
2023-06-20 01:00:00,1.44286,1.44323,1.44262,1.4427400000000001
2023-06-20 02:00:00,1.4427400000000001,1.44305,1.4424299999999999,1.44295
2023-06-20 03:00:00,1.44295,1.4429699999999999,1.44183,1.4423599999999999
2023-06-20 04:00:00,1.4423599999999999,1.4434,1.44215,1.4433500000000001
2023-06-20 05:00:00,1.44337,1.44415,1.44319,1.44404
2023-06-20 06:00:00,1.44404,1.44411,1.44332,1.44341
2023-06-20 07:00:00,1.44342,1.44402,1.44336,1.44385
2023-06-20 08:00:00,1.4439,1.44478,1.44373,1.4445999999999999
2023-06-20 09:00:00,1.4445999999999999,1.4456,1.4442300000000001,1.44531
2023-06-20 10:00:00,1.44531,1.44662,1.44479,1.44638
2023-06-20 11:00:00,1.44639,1.4464000000000001,1.44474,1.44571
2023-06-20 12:00:00,1.44571,1.44597,1.44431,1.44527
2023-06-20 13:00:00,1.44527,1.44568,1.44407,1.44428
2023-06-20 14:00:00,1.4442599999999999,1.44623,1.44378,1.44617
2023-06-20 15:00:00,1.44617,1.44769,1.44481,1.44517
2023-06-20 16:00:00,1.44516,1.44659,1.4431,1.4460899999999999
2023-06-20 17:00:00,1.44607,1.44673,1.44429,1.44434
2023-06-20 18:00:00,1.44435,1.4460600000000001,1.44391,1.44391
2023-06-20 19:00:00,1.44393,1.44539,1.44346,1.44481
2023-06-20 20:00:00,1.44481,1.44497,1.44416,1.44451
2023-06-20 21:00:00,1.4445299999999999,1.44502,1.44394,1.44422
2023-06-20 22:00:00,1.44421,1.4444,1.44334,1.44351
2023-06-20 23:00:00,1.44352,1.44492,1.44332,1.4448400000000001
2023-06-21 00:00:00,1.4448400000000001,1.44516,1.4438900000000001,1.44478
2023-06-21 01:00:00,1.44475,1.44475,1.44405,1.44442
2023-06-21 02:00:00,1.44441,1.4447,1.4441,1.44413
2023-06-21 03:00:00,1.44413,1.44418,1.44323,1.4439
2023-06-21 04:00:00,1.4438900000000001,1.44407,1.44286,1.443
2023-06-21 05:00:00,1.44299,1.44349,1.4428,1.44291
2023-06-21 06:00:00,1.44292,1.44321,1.44257,1.44264
2023-06-21 07:00:00,1.44263,1.44268,1.4421,1.44226
2023-06-21 08:00:00,1.44226,1.4430399999999999,1.44202,1.44291
2023-06-21 09:00:00,1.44288,1.4444,1.4423,1.44424
2023-06-21 10:00:00,1.44424,1.4454,1.44412,1.44412
2023-06-21 11:00:00,1.44409,1.44615,1.44366,1.44567
2023-06-21 12:00:00,1.44566,1.44586,1.44354,1.4436200000000001
2023-06-21 13:00:00,1.4436200000000001,1.4444,1.44292,1.44406
2023-06-21 14:00:00,1.44404,1.44474,1.44317,1.44391
2023-06-21 15:00:00,1.4439,1.44414,1.44186,1.44347
2023-06-21 16:00:00,1.44347,1.44378,1.4417,1.44345
2023-06-21 17:00:00,1.44342,1.44481,1.44214,1.4438900000000001
2023-06-21 18:00:00,1.4439,1.4454099999999999,1.44309,1.4433099999999999
2023-06-21 19:00:00,1.4433099999999999,1.44497,1.44311,1.4445999999999999
2023-06-21 20:00:00,1.44461,1.44522,1.44418,1.4451
2023-06-21 21:00:00,1.44508,1.4462,1.44505,1.44549
2023-06-21 22:00:00,1.44549,1.44649,1.44528,1.44648
2023-06-21 23:00:00,1.44648,1.44673,1.446,1.44614
2023-06-22 00:00:00,1.44578,1.44615,1.4442,1.44597
2023-06-22 01:00:00,1.44595,1.44637,1.44585,1.44602
2023-06-22 02:00:00,1.44602,1.44659,1.44596,1.44646
2023-06-22 03:00:00,1.44646,1.44658,1.44547,1.44549
2023-06-22 04:00:00,1.4454799999999999,1.44616,1.44538,1.44574
2023-06-22 05:00:00,1.44574,1.44611,1.44549,1.44601
2023-06-22 06:00:00,1.44602,1.4462,1.44578,1.44589
2023-06-22 07:00:00,1.44591,1.44638,1.44581,1.44634
2023-06-22 08:00:00,1.44634,1.44673,1.44588,1.44621
2023-06-22 09:00:00,1.44624,1.44659,1.4452099999999999,1.44585
2023-06-22 10:00:00,1.4458199999999999,1.44639,1.44496,1.4458
2023-06-22 11:00:00,1.4457200000000001,1.4457900000000001,1.4445299999999999,1.44506
2023-06-22 12:00:00,1.44507,1.44662,1.44493,1.44595
2023-06-22 13:00:00,1.44593,1.4478,1.4457200000000001,1.44745
2023-06-22 14:00:00,1.44747,1.44868,1.4462,1.44647
2023-06-22 15:00:00,1.44646,1.4471,1.44464,1.44559
2023-06-22 16:00:00,1.44558,1.44635,1.44441,1.4457
2023-06-22 17:00:00,1.4457,1.44649,1.4429,1.44302
2023-06-22 18:00:00,1.44302,1.44327,1.44134,1.44178
2023-06-22 19:00:00,1.44176,1.4423,1.44093,1.44109
2023-06-22 20:00:00,1.44109,1.44203,1.44064,1.44077
2023-06-22 21:00:00,1.44078,1.44147,1.4404,1.4405700000000001
2023-06-22 22:00:00,1.4405999999999999,1.44156,1.4405000000000001,1.44089
2023-06-22 23:00:00,1.44089,1.44105,1.44014,1.44055
2023-06-23 00:00:00,1.44051,1.44095,1.4399600000000001,1.44077
2023-06-23 01:00:00,1.44076,1.44076,1.43984,1.43987
2023-06-23 02:00:00,1.43986,1.44039,1.43986,1.44024
2023-06-23 03:00:00,1.4402300000000001,1.44042,1.43985,1.43994
2023-06-23 04:00:00,1.43994,1.44097,1.4399,1.44075
2023-06-23 05:00:00,1.44074,1.44192,1.44041,1.44176
2023-06-23 06:00:00,1.4417499999999999,1.44227,1.44164,1.44189
2023-06-23 07:00:00,1.44189,1.44238,1.44178,1.44212
2023-06-23 08:00:00,1.44212,1.44217,1.44101,1.44147
2023-06-23 09:00:00,1.44144,1.44215,1.4403000000000001,1.44043
2023-06-23 10:00:00,1.44041,1.44041,1.43163,1.4341300000000001
2023-06-23 11:00:00,1.43425,1.43483,1.43238,1.43255
2023-06-23 12:00:00,1.43255,1.43394,1.43211,1.4334
2023-06-23 13:00:00,1.43339,1.43564,1.4332,1.43554
2023-06-23 14:00:00,1.43554,1.43713,1.43517,1.43661
2023-06-23 15:00:00,1.43662,1.43983,1.43649,1.43889
2023-06-23 16:00:00,1.43889,1.4399199999999999,1.4374799999999999,1.43759
2023-06-23 17:00:00,1.43758,1.43956,1.43471,1.43514
2023-06-23 18:00:00,1.43514,1.4375200000000001,1.4351099999999999,1.43673
2023-06-23 19:00:00,1.43673,1.43701,1.43594,1.43667
2023-06-23 20:00:00,1.43667,1.43738,1.43561,1.43593
2023-06-23 21:00:00,1.43595,1.43722,1.4356499999999999,1.43652
2023-06-23 22:00:00,1.43649,1.43698,1.436,1.43639
2023-06-23 23:00:00,1.43636,1.43664,1.43515,1.43524
2023-06-26 00:00:00,1.43598,1.43716,1.4353,1.43655
2023-06-26 01:00:00,1.43658,1.4371399999999999,1.43539,1.43548
2023-06-26 02:00:00,1.43545,1.43581,1.43515,1.43573
2023-06-26 03:00:00,1.43573,1.43604,1.43523,1.43579
2023-06-26 04:00:00,1.43579,1.43629,1.43547,1.4356900000000001
2023-06-26 05:00:00,1.4356900000000001,1.43595,1.43475,1.43485
2023-06-26 06:00:00,1.43484,1.43533,1.43472,1.43502
2023-06-26 07:00:00,1.4350100000000001,1.43518,1.43448,1.43495
2023-06-26 08:00:00,1.43494,1.43566,1.43487,1.43522
2023-06-26 09:00:00,1.43521,1.4362300000000001,1.43438,1.43454
2023-06-26 10:00:00,1.43454,1.43509,1.43252,1.43332
2023-06-26 11:00:00,1.43332,1.43441,1.43281,1.43424
2023-06-26 12:00:00,1.43425,1.43525,1.43408,1.43462
2023-06-26 13:00:00,1.43462,1.43597,1.43442,1.43586
2023-06-26 14:00:00,1.43586,1.43629,1.43494,1.43551
2023-06-26 15:00:00,1.43545,1.43661,1.43399,1.43606
2023-06-26 16:00:00,1.43606,1.43793,1.43557,1.4368699999999999
2023-06-26 17:00:00,1.4368699999999999,1.43735,1.43435,1.43505
2023-06-26 18:00:00,1.43505,1.43563,1.43414,1.43419
2023-06-26 19:00:00,1.43418,1.43426,1.43273,1.43395
2023-06-26 20:00:00,1.43395,1.43476,1.4334799999999999,1.43394
2023-06-26 21:00:00,1.43394,1.43497,1.43371,1.43455
2023-06-26 22:00:00,1.43454,1.4347699999999999,1.43322,1.43433
2023-06-26 23:00:00,1.43432,1.4346700000000001,1.43423,1.43441
2023-06-27 00:00:00,1.43395,1.43468,1.43296,1.43426
2023-06-27 01:00:00,1.43426,1.43519,1.43384,1.43468
2023-06-27 02:00:00,1.43468,1.43481,1.43432,1.43473
2023-06-27 03:00:00,1.43473,1.4347699999999999,1.4338899999999999,1.43418
2023-06-27 04:00:00,1.43419,1.43492,1.43339,1.43383
2023-06-27 05:00:00,1.43383,1.43446,1.43332,1.43392
2023-06-27 06:00:00,1.43393,1.43428,1.43356,1.43411
2023-06-27 07:00:00,1.4341,1.4344700000000001,1.43401,1.43419
2023-06-27 08:00:00,1.43418,1.43463,1.43311,1.43329
2023-06-27 09:00:00,1.43326,1.43442,1.43277,1.43415
2023-06-27 10:00:00,1.43419,1.43609,1.43395,1.43554
2023-06-27 11:00:00,1.43555,1.4374,1.4354,1.43708
2023-06-27 12:00:00,1.43709,1.43832,1.43665,1.43776
2023-06-27 13:00:00,1.43778,1.44015,1.43761,1.44004
2023-06-27 14:00:00,1.44006,1.44153,1.4398900000000001,1.44034
2023-06-27 15:00:00,1.44034,1.44397,1.43982,1.44315
2023-06-27 16:00:00,1.44315,1.44617,1.44208,1.44474
2023-06-27 17:00:00,1.4447,1.44513,1.44173,1.44247
2023-06-27 18:00:00,1.44247,1.44435,1.4421,1.44403
2023-06-27 19:00:00,1.44402,1.44593,1.44378,1.44476
2023-06-27 20:00:00,1.44476,1.44501,1.44395,1.44444
2023-06-27 21:00:00,1.44443,1.44485,1.44385,1.44445
2023-06-27 22:00:00,1.44444,1.44517,1.44439,1.44475
2023-06-27 23:00:00,1.44474,1.4458,1.44469,1.4457499999999999
2023-06-28 00:00:00,1.44578,1.44625,1.44472,1.44584
2023-06-28 01:00:00,1.44585,1.44622,1.44524,1.44529
2023-06-28 02:00:00,1.44529,1.44607,1.4451800000000001,1.44596
2023-06-28 03:00:00,1.44596,1.4464000000000001,1.44539,1.4460899999999999
2023-06-28 04:00:00,1.44612,1.4470100000000001,1.4458199999999999,1.4463599999999999
2023-06-28 05:00:00,1.4463599999999999,1.44655,1.44559,1.4461300000000001
2023-06-28 06:00:00,1.4461300000000001,1.4464299999999999,1.44592,1.44628
2023-06-28 07:00:00,1.44629,1.44705,1.44628,1.4469400000000001
2023-06-28 08:00:00,1.4469400000000001,1.4473500000000001,1.44651,1.44676
2023-06-28 09:00:00,1.4467400000000001,1.44772,1.44619,1.44629
2023-06-28 10:00:00,1.44628,1.44786,1.4458199999999999,1.44714
2023-06-28 11:00:00,1.4472,1.44928,1.447,1.44807
2023-06-28 12:00:00,1.44807,1.4483,1.44658,1.44802
2023-06-28 13:00:00,1.44802,1.4496,1.44764,1.44923
2023-06-28 14:00:00,1.44923,1.4494099999999999,1.44749,1.44812
2023-06-28 15:00:00,1.44812,1.45088,1.4479899999999999,1.45028
2023-06-28 16:00:00,1.45027,1.45172,1.44908,1.44936
2023-06-28 17:00:00,1.4493800000000001,1.4505,1.44567,1.44567
2023-06-28 18:00:00,1.44567,1.4460600000000001,1.44429,1.44466
2023-06-28 19:00:00,1.44463,1.44651,1.44459,1.44556
2023-06-28 20:00:00,1.44554,1.44719,1.44534,1.44652
2023-06-28 21:00:00,1.44652,1.44749,1.44615,1.44739
2023-06-28 22:00:00,1.44739,1.44749,1.44607,1.44661
2023-06-28 23:00:00,1.44666,1.44707,1.4460899999999999,1.44639
2023-06-29 00:00:00,1.4465,1.44671,1.44544,1.44607
2023-06-29 01:00:00,1.44608,1.44699,1.44608,1.44646
2023-06-29 02:00:00,1.44652,1.4469,1.4464299999999999,1.44654
2023-06-29 03:00:00,1.44654,1.4466999999999999,1.44534,1.44535
2023-06-29 04:00:00,1.44535,1.4460899999999999,1.44507,1.44563
2023-06-29 05:00:00,1.44563,1.44599,1.44489,1.4454
2023-06-29 06:00:00,1.4454,1.4457,1.44517,1.44523
2023-06-29 07:00:00,1.44523,1.4454099999999999,1.44428,1.44474
2023-06-29 08:00:00,1.44475,1.44584,1.4445999999999999,1.4458
2023-06-29 09:00:00,1.4457900000000001,1.44654,1.44535,1.44634
2023-06-29 10:00:00,1.4463599999999999,1.44885,1.4463599999999999,1.44828
2023-06-29 11:00:00,1.4482300000000001,1.4491100000000001,1.44742,1.4476
2023-06-29 12:00:00,1.44763,1.44886,1.44742,1.44821
2023-06-29 13:00:00,1.44822,1.44919,1.44783,1.44879
2023-06-29 14:00:00,1.44879,1.45021,1.44855,1.4500199999999999
2023-06-29 15:00:00,1.4500199999999999,1.45054,1.44433,1.4447
2023-06-29 16:00:00,1.4447,1.4448699999999999,1.44203,1.44292
2023-06-29 17:00:00,1.44291,1.4439199999999999,1.44144,1.4426700000000001
2023-06-29 18:00:00,1.44268,1.44313,1.44128,1.44139
2023-06-29 19:00:00,1.44139,1.44191,1.44019,1.44037
2023-06-29 20:00:00,1.44036,1.44106,1.44004,1.44098
2023-06-29 21:00:00,1.44096,1.44127,1.4392,1.43944
2023-06-29 22:00:00,1.43946,1.44054,1.43927,1.43978
2023-06-29 23:00:00,1.43981,1.4402,1.4393500000000001,1.43944
2023-06-30 00:00:00,1.43987,1.4399600000000001,1.43789,1.4397199999999999
2023-06-30 01:00:00,1.43971,1.43985,1.43926,1.43983
2023-06-30 02:00:00,1.43986,1.44007,1.43947,1.44004
2023-06-30 03:00:00,1.44004,1.44123,1.43981,1.44101
2023-06-30 04:00:00,1.44101,1.44115,1.43945,1.43949
2023-06-30 05:00:00,1.43949,1.43968,1.43923,1.4395
2023-06-30 06:00:00,1.4395,1.4401,1.43925,1.44007
2023-06-30 07:00:00,1.44007,1.44044,1.43956,1.43974
2023-06-30 08:00:00,1.43975,1.44096,1.43925,1.44043
2023-06-30 09:00:00,1.44043,1.44132,1.43959,1.44064
2023-06-30 10:00:00,1.44062,1.4409399999999999,1.43945,1.4397
2023-06-30 11:00:00,1.4396900000000001,1.4397199999999999,1.43676,1.4369
2023-06-30 12:00:00,1.43686,1.43821,1.4365999999999999,1.43746
2023-06-30 13:00:00,1.43747,1.43995,1.43683,1.43978
2023-06-30 14:00:00,1.43978,1.44079,1.43911,1.4402300000000001
2023-06-30 15:00:00,1.4402300000000001,1.44685,1.4399899999999999,1.44586
2023-06-30 16:00:00,1.44588,1.44702,1.44401,1.44489
2023-06-30 17:00:00,1.44451,1.44561,1.44293,1.4437
2023-06-30 18:00:00,1.4437,1.44544,1.4429699999999999,1.44505
2023-06-30 19:00:00,1.44504,1.44547,1.44344,1.44434
2023-06-30 20:00:00,1.44434,1.44447,1.44305,1.4442
2023-06-30 21:00:00,1.44418,1.44481,1.44404,1.44441
2023-06-30 22:00:00,1.44443,1.44565,1.44427,1.44564
2023-06-30 23:00:00,1.44564,1.44566,1.4448400000000001,1.44485
2023-07-03 00:00:00,1.4442,1.44483,1.44355,1.4445999999999999
2023-07-03 01:00:00,1.4445999999999999,1.44551,1.44436,1.44549
2023-07-03 02:00:00,1.4454500000000001,1.4455200000000001,1.44498,1.44519
2023-07-03 03:00:00,1.44515,1.44561,1.44494,1.44509
2023-07-03 04:00:00,1.44509,1.4457,1.44488,1.44523
2023-07-03 05:00:00,1.44524,1.4457,1.44507,1.44509
2023-07-03 06:00:00,1.4451100000000001,1.4451100000000001,1.44465,1.4448699999999999
2023-07-03 07:00:00,1.4449,1.44551,1.44479,1.4454
2023-07-03 08:00:00,1.4454099999999999,1.44583,1.44456,1.44456
2023-07-03 09:00:00,1.44456,1.44523,1.44302,1.44311
2023-07-03 10:00:00,1.44308,1.44356,1.44228,1.44286
2023-07-03 11:00:00,1.44288,1.44515,1.44272,1.44405
2023-07-03 12:00:00,1.44407,1.44502,1.44256,1.44388
2023-07-03 13:00:00,1.44385,1.44435,1.44273,1.44357
2023-07-03 14:00:00,1.44357,1.44492,1.44318,1.44409
2023-07-03 15:00:00,1.44403,1.4458199999999999,1.44357,1.44555
2023-07-03 16:00:00,1.44557,1.44693,1.44494,1.44539
2023-07-03 17:00:00,1.44546,1.44693,1.44285,1.44318
2023-07-03 18:00:00,1.44317,1.44627,1.44282,1.44603
2023-07-03 19:00:00,1.44602,1.44684,1.44538,1.44638
2023-07-03 20:00:00,1.44642,1.44662,1.44567,1.44571
2023-07-03 21:00:00,1.4457200000000001,1.44639,1.4454099999999999,1.44605
2023-07-03 22:00:00,1.44603,1.44608,1.44562,1.44581
2023-07-03 23:00:00,1.4457900000000001,1.44621,1.44402,1.44402
2023-07-04 00:00:00,1.444,1.4457499999999999,1.444,1.44543
2023-07-04 01:00:00,1.4458,1.44614,1.44563,1.4457200000000001
2023-07-04 02:00:00,1.44571,1.44602,1.4454799999999999,1.44567
2023-07-04 03:00:00,1.44567,1.44581,1.44509,1.44535
2023-07-04 04:00:00,1.44537,1.44632,1.44524,1.44534
2023-07-04 05:00:00,1.44534,1.44538,1.4445999999999999,1.4451800000000001
2023-07-04 06:00:00,1.4452,1.4454,1.44451,1.44451
2023-07-04 07:00:00,1.44451,1.44501,1.44404,1.44446
2023-07-04 08:00:00,1.44449,1.4447,1.44345,1.44397
2023-07-04 09:00:00,1.44401,1.4447,1.4437,1.44425
2023-07-04 10:00:00,1.4442300000000001,1.44425,1.4422,1.44268
2023-07-04 11:00:00,1.44268,1.44341,1.44197,1.4422
2023-07-04 12:00:00,1.44219,1.44329,1.44196,1.44227
2023-07-04 13:00:00,1.44223,1.44249,1.44138,1.44193
2023-07-04 14:00:00,1.44194,1.44197,1.4402300000000001,1.44097
2023-07-04 15:00:00,1.44095,1.4411100000000001,1.43937,1.43954
2023-07-04 16:00:00,1.43952,1.44127,1.43896,1.44115
2023-07-04 17:00:00,1.44115,1.44158,1.44035,1.44043
2023-07-04 18:00:00,1.44043,1.44054,1.43951,1.44007
2023-07-04 19:00:00,1.44005,1.4405000000000001,1.43975,1.4401
2023-07-04 20:00:00,1.4401,1.44108,1.43985,1.44051
2023-07-04 21:00:00,1.44052,1.44093,1.4395,1.43959
2023-07-04 22:00:00,1.43959,1.4398,1.43878,1.4390800000000001
2023-07-04 23:00:00,1.4390800000000001,1.43909,1.4380600000000001,1.43841
2023-07-05 00:00:00,1.4384700000000001,1.43878,1.43734,1.43857
2023-07-05 01:00:00,1.43857,1.43869,1.43793,1.43849
2023-07-05 02:00:00,1.43849,1.43918,1.43838,1.43906
2023-07-05 03:00:00,1.4390800000000001,1.43978,1.43895,1.4394
2023-07-05 04:00:00,1.4393799999999999,1.4396499999999999,1.43878,1.43887
2023-07-05 05:00:00,1.43887,1.4392800000000001,1.43885,1.4391
2023-07-05 06:00:00,1.43916,1.43944,1.43892,1.4391
2023-07-05 07:00:00,1.4391,1.43948,1.4390399999999999,1.43948
2023-07-05 08:00:00,1.43945,1.4398,1.43841,1.43954
2023-07-05 09:00:00,1.43956,1.44141,1.43922,1.44102
2023-07-05 10:00:00,1.441,1.44409,1.44078,1.44232
2023-07-05 11:00:00,1.44234,1.44554,1.44043,1.44505
2023-07-05 12:00:00,1.44504,1.4458,1.44349,1.44578
2023-07-05 13:00:00,1.44577,1.4466700000000001,1.44526,1.44594
2023-07-05 14:00:00,1.44593,1.44625,1.44356,1.444
2023-07-05 15:00:00,1.4439899999999999,1.4475500000000001,1.44373,1.44651
2023-07-05 16:00:00,1.44651,1.44669,1.44296,1.44483
2023-07-05 17:00:00,1.44486,1.44504,1.44219,1.44261
2023-07-05 18:00:00,1.44261,1.44311,1.44166,1.44225
2023-07-05 19:00:00,1.44224,1.4425,1.44115,1.44162
2023-07-05 20:00:00,1.44162,1.44181,1.44088,1.44162
2023-07-05 21:00:00,1.44164,1.4420899999999999,1.44108,1.44154
2023-07-05 22:00:00,1.4415200000000001,1.44194,1.44105,1.44164
2023-07-05 23:00:00,1.44163,1.44204,1.44127,1.44129
2023-07-06 00:00:00,1.44113,1.4418,1.44022,1.44134
2023-07-06 01:00:00,1.44133,1.4421,1.4411100000000001,1.44187
2023-07-06 02:00:00,1.44192,1.44215,1.44176,1.44203
2023-07-06 03:00:00,1.4420600000000001,1.44225,1.44133,1.4415200000000001
2023-07-06 04:00:00,1.4415,1.44168,1.44117,1.44136
2023-07-06 05:00:00,1.44136,1.44159,1.44102,1.44116
2023-07-06 06:00:00,1.44116,1.44178,1.44086,1.44133
2023-07-06 07:00:00,1.44129,1.44171,1.44085,1.44157
2023-07-06 08:00:00,1.44154,1.44333,1.44131,1.44325
2023-07-06 09:00:00,1.44323,1.4443,1.44289,1.4438900000000001
2023-07-06 10:00:00,1.4438900000000001,1.44485,1.44332,1.44343
2023-07-06 11:00:00,1.44342,1.44478,1.44218,1.44444
2023-07-06 12:00:00,1.44445,1.44508,1.44376,1.44385
2023-07-06 13:00:00,1.44384,1.4465,1.44341,1.44596
2023-07-06 14:00:00,1.44599,1.44791,1.4451,1.44757
2023-07-06 15:00:00,1.4475799999999999,1.44908,1.44587,1.44834
2023-07-06 16:00:00,1.44836,1.45056,1.44683,1.4492
2023-07-06 17:00:00,1.44926,1.45119,1.44666,1.45022
2023-07-06 18:00:00,1.4502,1.45327,1.44934,1.4519199999999999
2023-07-06 19:00:00,1.45194,1.45376,1.45179,1.45247
2023-07-06 20:00:00,1.45247,1.45389,1.45231,1.45343
2023-07-06 21:00:00,1.4534099999999999,1.45385,1.45285,1.45333
2023-07-06 22:00:00,1.45333,1.4553,1.45329,1.4552800000000001
2023-07-06 23:00:00,1.45525,1.4562599999999999,1.45481,1.45484
2023-07-07 00:00:00,1.45495,1.45516,1.45389,1.45466
2023-07-07 01:00:00,1.45464,1.45563,1.45464,1.45563
2023-07-07 02:00:00,1.45561,1.45607,1.45515,1.45533
2023-07-07 03:00:00,1.4553099999999999,1.45581,1.455,1.45514
2023-07-07 04:00:00,1.45514,1.45552,1.45489,1.45511
2023-07-07 05:00:00,1.45511,1.4552,1.45457,1.45492
2023-07-07 06:00:00,1.45492,1.45526,1.45475,1.45495
2023-07-07 07:00:00,1.45495,1.45569,1.45486,1.45543
2023-07-07 08:00:00,1.45541,1.4558,1.45495,1.45506
2023-07-07 09:00:00,1.45508,1.45668,1.45508,1.45542
2023-07-07 10:00:00,1.45544,1.45657,1.45443,1.45482
2023-07-07 11:00:00,1.45482,1.45575,1.45362,1.45477
2023-07-07 12:00:00,1.45476,1.45536,1.45288,1.45457
2023-07-07 13:00:00,1.45458,1.45621,1.45423,1.45602
2023-07-07 14:00:00,1.45602,1.45611,1.45506,1.4552800000000001
2023-07-07 15:00:00,1.45529,1.45666,1.45224,1.45479
2023-07-07 16:00:00,1.45479,1.4549699999999999,1.45115,1.4522300000000001
2023-07-07 17:00:00,1.4522300000000001,1.4562599999999999,1.45174,1.45568
2023-07-07 18:00:00,1.45566,1.45652,1.45519,1.45645
2023-07-07 19:00:00,1.45647,1.4571399999999999,1.4552100000000001,1.45568
2023-07-07 20:00:00,1.45566,1.45603,1.45503,1.45503
2023-07-07 21:00:00,1.45502,1.45588,1.45502,1.45553
2023-07-07 22:00:00,1.45552,1.4563,1.45536,1.4561899999999999
2023-07-07 23:00:00,1.4561899999999999,1.45637,1.45544,1.45593
2023-07-10 00:00:00,1.4545,1.45591,1.4534799999999999,1.4558499999999999
2023-07-10 01:00:00,1.45588,1.45624,1.45559,1.4559
2023-07-10 02:00:00,1.45595,1.45634,1.45545,1.45617
2023-07-10 03:00:00,1.4562,1.4567700000000001,1.4552100000000001,1.45639
2023-07-10 04:00:00,1.45638,1.4565000000000001,1.45548,1.4558
2023-07-10 05:00:00,1.45578,1.45599,1.45535,1.45594
2023-07-10 06:00:00,1.45594,1.45634,1.45566,1.4561899999999999
2023-07-10 07:00:00,1.4562,1.4564599999999999,1.45573,1.45587
2023-07-10 08:00:00,1.4558900000000001,1.4565000000000001,1.45544,1.45576
2023-07-10 09:00:00,1.45575,1.4566,1.45506,1.45518
2023-07-10 10:00:00,1.45517,1.4561600000000001,1.4539900000000001,1.45437
2023-07-10 11:00:00,1.4543599999999999,1.45615,1.4541,1.45596
2023-07-10 12:00:00,1.45595,1.45729,1.45576,1.45636
2023-07-10 13:00:00,1.45635,1.45726,1.45583,1.45598
2023-07-10 14:00:00,1.45599,1.45636,1.45514,1.45525
2023-07-10 15:00:00,1.4552800000000001,1.45599,1.45472,1.4559199999999999
2023-07-10 16:00:00,1.45593,1.45805,1.45571,1.4562599999999999
2023-07-10 17:00:00,1.45624,1.45746,1.4559199999999999,1.4568400000000001
2023-07-10 18:00:00,1.45686,1.46034,1.45682,1.45954
2023-07-10 19:00:00,1.45952,1.46042,1.45878,1.46
2023-07-10 20:00:00,1.46,1.46086,1.45961,1.46013
2023-07-10 21:00:00,1.46011,1.4606,1.45975,1.46048
2023-07-10 22:00:00,1.46048,1.46065,1.45987,1.46032
2023-07-10 23:00:00,1.46034,1.46089,1.4601,1.46088
2023-07-11 00:00:00,1.46067,1.46082,1.45974,1.46027
2023-07-11 01:00:00,1.46032,1.46071,1.46022,1.4605000000000001
2023-07-11 02:00:00,1.46049,1.46093,1.46049,1.4607700000000001
2023-07-11 03:00:00,1.46079,1.46106,1.45988,1.46004
2023-07-11 04:00:00,1.46005,1.4608400000000001,1.4598499999999999,1.4606
2023-07-11 05:00:00,1.4606,1.4607700000000001,1.45963,1.46033
2023-07-11 06:00:00,1.46031,1.46122,1.46014,1.46119
2023-07-11 07:00:00,1.46118,1.46164,1.4611100000000001,1.46153
2023-07-11 08:00:00,1.46153,1.46177,1.46028,1.4604599999999999
2023-07-11 09:00:00,1.46049,1.4614099999999999,1.45939,1.45979
2023-07-11 10:00:00,1.45977,1.46097,1.45941,1.4607700000000001
2023-07-11 11:00:00,1.46075,1.462,1.46005,1.46074
2023-07-11 12:00:00,1.46076,1.4613800000000001,1.45961,1.45974
2023-07-11 13:00:00,1.45973,1.46102,1.45963,1.46099
2023-07-11 14:00:00,1.46098,1.46121,1.45822,1.4583
2023-07-11 15:00:00,1.45832,1.45914,1.45769,1.4586000000000001
2023-07-11 16:00:00,1.4586000000000001,1.4599,1.45747,1.4582899999999999
2023-07-11 17:00:00,1.45831,1.45843,1.4571,1.45785
2023-07-11 18:00:00,1.45783,1.45832,1.45604,1.45622
2023-07-11 19:00:00,1.4562300000000001,1.4577,1.45594,1.45762
2023-07-11 20:00:00,1.45763,1.4584,1.4574799999999999,1.45825
2023-07-11 21:00:00,1.45825,1.45825,1.4565000000000001,1.45663
2023-07-11 22:00:00,1.45667,1.45724,1.45641,1.45664
2023-07-11 23:00:00,1.45665,1.45673,1.45612,1.45633
2023-07-12 00:00:00,1.4562,1.45644,1.45431,1.45615
2023-07-12 01:00:00,1.45612,1.45665,1.45612,1.45639
2023-07-12 02:00:00,1.45642,1.45701,1.45617,1.45694
2023-07-12 03:00:00,1.45694,1.45733,1.45613,1.45647
2023-07-12 04:00:00,1.45649,1.45732,1.4563,1.45661
2023-07-12 05:00:00,1.45663,1.45696,1.45602,1.45637
2023-07-12 06:00:00,1.45641,1.4566,1.4561,1.45658
2023-07-12 07:00:00,1.4566,1.4573,1.45652,1.45725
2023-07-12 08:00:00,1.45725,1.45754,1.45669,1.45699
2023-07-12 09:00:00,1.457,1.4574500000000001,1.45604,1.45661
2023-07-12 10:00:00,1.45663,1.4586700000000001,1.4565000000000001,1.45753
2023-07-12 11:00:00,1.45752,1.4579,1.45613,1.4561600000000001
2023-07-12 12:00:00,1.4561600000000001,1.45699,1.45556,1.45598
2023-07-12 13:00:00,1.45599,1.45695,1.45574,1.45648
2023-07-12 14:00:00,1.4565000000000001,1.45694,1.45579,1.45614
2023-07-12 15:00:00,1.4562,1.4622,1.45615,1.4620600000000001
2023-07-12 16:00:00,1.46205,1.46535,1.46204,1.46367
2023-07-12 17:00:00,1.46367,1.46367,1.4583300000000001,1.46322
2023-07-12 18:00:00,1.4632,1.46706,1.4623300000000001,1.46582
2023-07-12 19:00:00,1.46584,1.46829,1.46567,1.46811
2023-07-12 20:00:00,1.46811,1.46811,1.4667,1.4678499999999999
2023-07-12 21:00:00,1.46789,1.46922,1.46725,1.46875
2023-07-12 22:00:00,1.4687299999999999,1.46954,1.4681,1.46823
2023-07-12 23:00:00,1.46821,1.46855,1.46692,1.46765
2023-07-13 00:00:00,1.46701,1.4680900000000001,1.46516,1.46716
2023-07-13 01:00:00,1.4672,1.4683899999999999,1.46719,1.4683
2023-07-13 02:00:00,1.46829,1.46864,1.46815,1.46863
2023-07-13 03:00:00,1.46863,1.46897,1.46826,1.46865
2023-07-13 04:00:00,1.46865,1.46986,1.4684,1.46978
2023-07-13 05:00:00,1.46978,1.4698,1.46885,1.46919
2023-07-13 06:00:00,1.46919,1.4693800000000001,1.46817,1.46858
2023-07-13 07:00:00,1.46858,1.46869,1.46761,1.46794
2023-07-13 08:00:00,1.46795,1.46808,1.46731,1.46754
2023-07-13 09:00:00,1.46753,1.4683,1.4663300000000001,1.4669699999999999
2023-07-13 10:00:00,1.4669699999999999,1.4678,1.4653100000000001,1.46744
2023-07-13 11:00:00,1.46743,1.4698,1.4672100000000001,1.46871
2023-07-13 12:00:00,1.46871,1.47073,1.4684300000000001,1.4699900000000001
2023-07-13 13:00:00,1.47003,1.47004,1.46884,1.46953
2023-07-13 14:00:00,1.46953,1.47014,1.46887,1.46983
2023-07-13 15:00:00,1.46982,1.47271,1.46953,1.47103
2023-07-13 16:00:00,1.47104,1.47281,1.4690699999999999,1.46946
2023-07-13 17:00:00,1.46947,1.47009,1.4665599999999999,1.46781
2023-07-13 18:00:00,1.4678499999999999,1.46977,1.46743,1.4693399999999999
2023-07-13 19:00:00,1.46933,1.47068,1.46914,1.47005
2023-07-13 20:00:00,1.47004,1.47111,1.46975,1.47047
2023-07-13 21:00:00,1.47046,1.4711699999999999,1.4697200000000001,1.4708700000000001
2023-07-13 22:00:00,1.47085,1.47188,1.47042,1.47181
2023-07-13 23:00:00,1.4718,1.47206,1.47142,1.4715099999999999
2023-07-14 00:00:00,1.46977,1.47166,1.46829,1.47163
2023-07-14 01:00:00,1.47156,1.47195,1.47104,1.4715
2023-07-14 02:00:00,1.47154,1.47204,1.47136,1.47167
2023-07-14 03:00:00,1.47167,1.47174,1.47043,1.4715799999999999
2023-07-14 04:00:00,1.47157,1.47215,1.4715,1.47193
2023-07-14 05:00:00,1.47193,1.4724,1.47133,1.47156
2023-07-14 06:00:00,1.47156,1.47207,1.4712399999999999,1.47183
2023-07-14 07:00:00,1.47183,1.47183,1.47122,1.47136
2023-07-14 08:00:00,1.47136,1.47191,1.46989,1.4699200000000001
2023-07-14 09:00:00,1.46993,1.47257,1.46993,1.47249
2023-07-14 10:00:00,1.47247,1.47262,1.47024,1.47157
2023-07-14 11:00:00,1.47157,1.47352,1.47153,1.47345
2023-07-14 12:00:00,1.47345,1.47415,1.47244,1.47258
2023-07-14 13:00:00,1.47255,1.47315,1.4711400000000001,1.4715
2023-07-14 14:00:00,1.47149,1.4738,1.47108,1.47271
2023-07-14 15:00:00,1.47271,1.47296,1.47136,1.4723899999999999
2023-07-14 16:00:00,1.4724,1.4767700000000001,1.4715,1.47655
2023-07-14 17:00:00,1.4757,1.48146,1.47445,1.48069
2023-07-14 18:00:00,1.4807000000000001,1.4837,1.48025,1.48354
2023-07-14 19:00:00,1.48357,1.48544,1.48316,1.4853100000000001
2023-07-14 20:00:00,1.48535,1.4855800000000001,1.4836,1.48423
2023-07-14 21:00:00,1.48422,1.4843,1.4830999999999999,1.48395
2023-07-14 22:00:00,1.48392,1.4843,1.48383,1.4841
2023-07-17 00:00:00,1.4830999999999999,1.48454,1.48123,1.4844
2023-07-17 01:00:00,1.48457,1.48532,1.4843600000000001,1.48494
2023-07-17 02:00:00,1.48492,1.4853399999999999,1.48474,1.48494
2023-07-17 03:00:00,1.48494,1.48517,1.48413,1.4843
2023-07-17 04:00:00,1.4843,1.48452,1.48379,1.48395
2023-07-17 05:00:00,1.484,1.48485,1.48365,1.48464
2023-07-17 06:00:00,1.48464,1.48485,1.48426,1.48437
2023-07-17 07:00:00,1.48437,1.4843899999999999,1.48381,1.4840900000000001
2023-07-17 08:00:00,1.4840900000000001,1.48535,1.48393,1.48515
2023-07-17 09:00:00,1.48514,1.48555,1.48388,1.48418
2023-07-17 10:00:00,1.48417,1.48669,1.48391,1.48655
2023-07-17 11:00:00,1.48654,1.48719,1.48547,1.4856
2023-07-17 12:00:00,1.4855800000000001,1.48652,1.48429,1.48637
2023-07-17 13:00:00,1.48636,1.48639,1.48488,1.48507
2023-07-17 14:00:00,1.48505,1.4855800000000001,1.48458,1.48483
2023-07-17 15:00:00,1.48481,1.4853100000000001,1.483,1.48416
2023-07-17 16:00:00,1.48418,1.48419,1.47899,1.4800499999999999
2023-07-17 17:00:00,1.48007,1.48071,1.47767,1.47891
2023-07-17 18:00:00,1.47892,1.48025,1.4784,1.48
2023-07-17 19:00:00,1.48003,1.4803,1.47947,1.4800200000000001
2023-07-17 20:00:00,1.48003,1.48298,1.47993,1.48223
2023-07-17 21:00:00,1.4822199999999999,1.48281,1.48201,1.48208
2023-07-17 22:00:00,1.48207,1.48315,1.48201,1.48308
2023-07-17 23:00:00,1.48313,1.48364,1.48254,1.48259
2023-07-18 00:00:00,1.48257,1.4831400000000001,1.4804300000000001,1.48273
2023-07-18 01:00:00,1.48269,1.48334,1.48269,1.4831400000000001
2023-07-18 02:00:00,1.4831699999999999,1.48366,1.48301,1.48346
2023-07-18 03:00:00,1.48347,1.484,1.48303,1.4836
2023-07-18 04:00:00,1.48361,1.4843600000000001,1.48334,1.48408
2023-07-18 05:00:00,1.48408,1.48427,1.48328,1.48331
2023-07-18 06:00:00,1.48329,1.48419,1.48322,1.48387
2023-07-18 07:00:00,1.48387,1.48414,1.48372,1.48408
2023-07-18 08:00:00,1.4840900000000001,1.48528,1.48401,1.48426
2023-07-18 09:00:00,1.48426,1.48537,1.48426,1.48537
2023-07-18 10:00:00,1.48537,1.48806,1.48482,1.48606
2023-07-18 11:00:00,1.48606,1.48613,1.48298,1.48465
2023-07-18 12:00:00,1.48467,1.48496,1.48373,1.48415
2023-07-18 13:00:00,1.48418,1.48633,1.4840200000000001,1.4862
2023-07-18 14:00:00,1.4862,1.48675,1.48502,1.48596
2023-07-18 15:00:00,1.48599,1.48708,1.48294,1.4858799999999999
2023-07-18 16:00:00,1.48589,1.48723,1.48268,1.4834100000000001
2023-07-18 17:00:00,1.4834,1.48364,1.47964,1.48054
2023-07-18 18:00:00,1.48054,1.48153,1.4787,1.47877
2023-07-18 19:00:00,1.47877,1.48041,1.47796,1.4788999999999999
2023-07-18 20:00:00,1.4788999999999999,1.47965,1.47845,1.47929
2023-07-18 21:00:00,1.47928,1.47949,1.4786000000000001,1.47932
2023-07-18 22:00:00,1.47935,1.47938,1.47872,1.47888
2023-07-18 23:00:00,1.4788999999999999,1.47938,1.47825,1.47849
2023-07-19 00:00:00,1.4781900000000001,1.47909,1.47739,1.47876
2023-07-19 01:00:00,1.47872,1.47898,1.47839,1.47848
2023-07-19 02:00:00,1.4785,1.47858,1.47781,1.47831
2023-07-19 03:00:00,1.4783,1.4793,1.4782600000000001,1.47881
2023-07-19 04:00:00,1.47881,1.4788999999999999,1.47793,1.47793
2023-07-19 05:00:00,1.47793,1.4785300000000001,1.47774,1.47849
2023-07-19 06:00:00,1.47848,1.47888,1.47828,1.47861
2023-07-19 07:00:00,1.47861,1.47911,1.47839,1.47859
2023-07-19 08:00:00,1.4786000000000001,1.47904,1.4782600000000001,1.47893
2023-07-19 09:00:00,1.47891,1.47892,1.47579,1.47668
2023-07-19 10:00:00,1.47668,1.48014,1.47654,1.47817
2023-07-19 11:00:00,1.47814,1.47958,1.47762,1.47958
2023-07-19 12:00:00,1.47953,1.48045,1.47881,1.47958
2023-07-19 13:00:00,1.47957,1.47959,1.4782600000000001,1.47833
2023-07-19 14:00:00,1.47833,1.47949,1.47811,1.47847
2023-07-19 15:00:00,1.47844,1.4797,1.47757,1.4786000000000001
2023-07-19 16:00:00,1.4786000000000001,1.4786299999999999,1.47589,1.47608
2023-07-19 17:00:00,1.47608,1.47622,1.47248,1.47437
2023-07-19 18:00:00,1.47438,1.47525,1.4730699999999999,1.47313
2023-07-19 19:00:00,1.47313,1.4748299999999999,1.4727700000000001,1.4742199999999999
2023-07-19 20:00:00,1.47424,1.47462,1.47311,1.47458
2023-07-19 21:00:00,1.47459,1.47543,1.47391,1.47417
2023-07-19 22:00:00,1.47418,1.47538,1.4739200000000001,1.4751699999999999
2023-07-19 23:00:00,1.4751699999999999,1.4751699999999999,1.47405,1.47405
2023-07-20 00:00:00,1.47413,1.47452,1.47232,1.4742199999999999
2023-07-20 01:00:00,1.4742,1.47494,1.47384,1.47433
2023-07-20 02:00:00,1.47434,1.47489,1.47423,1.47485
2023-07-20 03:00:00,1.4748299999999999,1.47596,1.47467,1.4758200000000001
2023-07-20 04:00:00,1.4758,1.4759,1.47427,1.47474
2023-07-20 05:00:00,1.47475,1.47556,1.47466,1.4748
2023-07-20 06:00:00,1.47481,1.47511,1.4745599999999999,1.47501
2023-07-20 07:00:00,1.475,1.4751,1.4746299999999999,1.47496
2023-07-20 08:00:00,1.47495,1.47525,1.47397,1.47412
2023-07-20 09:00:00,1.47414,1.47496,1.4732,1.4735
2023-07-20 10:00:00,1.47349,1.47376,1.47172,1.47263
2023-07-20 11:00:00,1.47263,1.47298,1.47018,1.47091
2023-07-20 12:00:00,1.4708700000000001,1.47217,1.4705599999999999,1.4715
2023-07-20 13:00:00,1.47149,1.47163,1.47046,1.47065
2023-07-20 14:00:00,1.47065,1.47227,1.47025,1.47188
2023-07-20 15:00:00,1.47186,1.47191,1.46982,1.47032
2023-07-20 16:00:00,1.4703,1.4714800000000001,1.4696,1.47102
2023-07-20 17:00:00,1.47102,1.47189,1.4684300000000001,1.46855
2023-07-20 18:00:00,1.46855,1.46947,1.4678,1.46794
2023-07-20 19:00:00,1.46794,1.4682,1.4653800000000001,1.46608
2023-07-20 20:00:00,1.46608,1.46647,1.46484,1.46624
2023-07-20 21:00:00,1.46624,1.46638,1.46574,1.46593
2023-07-20 22:00:00,1.4659499999999999,1.46714,1.46593,1.4662899999999999
2023-07-20 23:00:00,1.4662899999999999,1.46637,1.46571,1.4658
2023-07-21 00:00:00,1.46552,1.46678,1.46391,1.46668
2023-07-21 01:00:00,1.46654,1.46682,1.46613,1.46676
2023-07-21 02:00:00,1.46676,1.46712,1.4666299999999999,1.4668
2023-07-21 03:00:00,1.46679,1.46696,1.4663599999999999,1.46672
2023-07-21 04:00:00,1.46672,1.4673,1.46662,1.46689
2023-07-21 05:00:00,1.4668999999999999,1.46692,1.4659900000000001,1.46631
2023-07-21 06:00:00,1.46631,1.4665300000000001,1.46621,1.46652
2023-07-21 07:00:00,1.46654,1.46684,1.46642,1.4668
2023-07-21 08:00:00,1.46681,1.46768,1.46661,1.46763
2023-07-21 09:00:00,1.4676,1.46768,1.46623,1.4668
2023-07-21 10:00:00,1.46682,1.46682,1.46493,1.46577
2023-07-21 11:00:00,1.46574,1.4675,1.46549,1.46638
2023-07-21 12:00:00,1.46638,1.46693,1.46493,1.46518
2023-07-21 13:00:00,1.46518,1.46567,1.46323,1.46354
2023-07-21 14:00:00,1.46354,1.467,1.46352,1.46652
2023-07-21 15:00:00,1.46652,1.4708700000000001,1.46613,1.4700199999999999
2023-07-21 16:00:00,1.47004,1.4704,1.46832,1.46977
2023-07-21 17:00:00,1.46979,1.46991,1.46725,1.46768
2023-07-21 18:00:00,1.46767,1.47064,1.4675799999999999,1.46979
2023-07-21 19:00:00,1.46979,1.47018,1.46888,1.46956
2023-07-21 20:00:00,1.46954,1.47044,1.4693399999999999,1.4696799999999999
2023-07-21 21:00:00,1.4696799999999999,1.47027,1.46891,1.46898
2023-07-21 22:00:00,1.46901,1.47041,1.4687000000000001,1.47036
2023-07-21 23:00:00,1.47038,1.47135,1.47,1.47098
2023-07-24 00:00:00,1.4697,1.47153,1.4691,1.47088
2023-07-24 01:00:00,1.47076,1.47162,1.46985,1.4714800000000001
2023-07-24 02:00:00,1.4715,1.47181,1.47105,1.47119
2023-07-24 03:00:00,1.4711699999999999,1.47164,1.47093,1.47102
2023-07-24 04:00:00,1.47104,1.4713,1.4705,1.47103
2023-07-24 05:00:00,1.47102,1.47143,1.47078,1.47081
2023-07-24 06:00:00,1.47081,1.47098,1.47055,1.4706000000000001
2023-07-24 07:00:00,1.47061,1.47061,1.46967,1.46976
2023-07-24 08:00:00,1.46979,1.47069,1.4696,1.47061
2023-07-24 09:00:00,1.4706000000000001,1.47174,1.47036,1.47105
2023-07-24 10:00:00,1.47104,1.47181,1.46277,1.4632800000000001
2023-07-24 11:00:00,1.46326,1.46401,1.46112,1.4613
2023-07-24 12:00:00,1.46129,1.46255,1.4611,1.46171
2023-07-24 13:00:00,1.46171,1.46393,1.46149,1.46373
2023-07-24 14:00:00,1.46376,1.46467,1.46304,1.46349
2023-07-24 15:00:00,1.4635,1.46425,1.46218,1.46293
2023-07-24 16:00:00,1.46293,1.46396,1.46127,1.46201
2023-07-24 17:00:00,1.4620199999999999,1.46238,1.45804,1.4595799999999999
2023-07-24 18:00:00,1.4595799999999999,1.45986,1.45777,1.45783
2023-07-24 19:00:00,1.45782,1.4582600000000001,1.45698,1.4576
2023-07-24 20:00:00,1.45761,1.45776,1.4562,1.45735
2023-07-24 21:00:00,1.45731,1.45795,1.45701,1.4577
2023-07-24 22:00:00,1.45773,1.45778,1.4565299999999999,1.45655
2023-07-24 23:00:00,1.45656,1.45727,1.45656,1.45678
2023-07-25 00:00:00,1.45645,1.4576500000000001,1.45537,1.4568699999999999
2023-07-25 01:00:00,1.45679,1.45734,1.45659,1.45692
2023-07-25 02:00:00,1.45696,1.45752,1.45674,1.4574799999999999
2023-07-25 03:00:00,1.45749,1.45794,1.45724,1.45764
2023-07-25 04:00:00,1.45764,1.45818,1.45747,1.45754
2023-07-25 05:00:00,1.45753,1.45762,1.457,1.45753
2023-07-25 06:00:00,1.45749,1.4577,1.45724,1.45727
2023-07-25 07:00:00,1.45727,1.4576799999999999,1.45664,1.4571100000000001
2023-07-25 08:00:00,1.4571,1.45751,1.45678,1.45721
2023-07-25 09:00:00,1.45716,1.45845,1.45678,1.45716
2023-07-25 10:00:00,1.4571399999999999,1.45838,1.45632,1.4573800000000001
2023-07-25 11:00:00,1.4573800000000001,1.4573800000000001,1.45523,1.45631
2023-07-25 12:00:00,1.45632,1.45683,1.45498,1.45523
2023-07-25 13:00:00,1.45523,1.45564,1.45502,1.45523
2023-07-25 14:00:00,1.45522,1.45659,1.45465,1.4558200000000001
2023-07-25 15:00:00,1.4558499999999999,1.45766,1.4554,1.4568699999999999
2023-07-25 16:00:00,1.45689,1.45805,1.4543599999999999,1.45667
2023-07-25 17:00:00,1.45651,1.45712,1.4543599999999999,1.45698
2023-07-25 18:00:00,1.45699,1.45804,1.45615,1.45628
2023-07-25 19:00:00,1.45628,1.45703,1.45579,1.45611
2023-07-25 20:00:00,1.45612,1.45612,1.4543300000000001,1.45438
2023-07-25 21:00:00,1.45438,1.45526,1.45299,1.45489
2023-07-25 22:00:00,1.45489,1.45602,1.45465,1.45578
2023-07-25 23:00:00,1.45577,1.45624,1.45556,1.45556
2023-07-26 00:00:00,1.45537,1.45682,1.45334,1.45659
2023-07-26 01:00:00,1.45667,1.45694,1.4561,1.45691
2023-07-26 02:00:00,1.4569,1.4573,1.4567700000000001,1.45713
2023-07-26 03:00:00,1.45713,1.45726,1.45633,1.4567700000000001
2023-07-26 04:00:00,1.4567700000000001,1.45769,1.45638,1.4564599999999999
2023-07-26 05:00:00,1.45648,1.4570699999999999,1.4563,1.45659
2023-07-26 06:00:00,1.45661,1.45679,1.45618,1.4567
2023-07-26 07:00:00,1.45668,1.45731,1.45657,1.45727
2023-07-26 08:00:00,1.45724,1.45839,1.45689,1.45832
2023-07-26 09:00:00,1.4582899999999999,1.45859,1.4576799999999999,1.45831
2023-07-26 10:00:00,1.4583300000000001,1.4604599999999999,1.4580199999999999,1.4595799999999999
2023-07-26 11:00:00,1.45957,1.4620600000000001,1.45922,1.46161
2023-07-26 12:00:00,1.46161,1.4629400000000001,1.46129,1.46277
2023-07-26 13:00:00,1.46274,1.4641899999999999,1.46261,1.4638900000000001
2023-07-26 14:00:00,1.4639199999999999,1.4643,1.46167,1.46201
2023-07-26 15:00:00,1.462,1.46502,1.46162,1.46445
2023-07-26 16:00:00,1.46445,1.46467,1.46127,1.46166
2023-07-26 17:00:00,1.4616500000000001,1.4632399999999999,1.4603,1.46245
2023-07-26 18:00:00,1.46243,1.46485,1.46164,1.46429
2023-07-26 19:00:00,1.46431,1.46528,1.46369,1.4639199999999999
2023-07-26 20:00:00,1.4639199999999999,1.46487,1.46306,1.46316
2023-07-26 21:00:00,1.46326,1.46542,1.46291,1.4651100000000001
2023-07-26 22:00:00,1.46509,1.46563,1.46414,1.46485
2023-07-26 23:00:00,1.46483,1.46489,1.4632800000000001,1.46402
2023-07-27 00:00:00,1.4633,1.46456,1.46161,1.46343
2023-07-27 01:00:00,1.46357,1.4644300000000001,1.4634800000000001,1.464
2023-07-27 02:00:00,1.46399,1.46411,1.46268,1.46268
2023-07-27 03:00:00,1.46268,1.46311,1.4617499999999999,1.46184
2023-07-27 04:00:00,1.46183,1.4632,1.46163,1.46298
2023-07-27 05:00:00,1.46296,1.46359,1.46232,1.46271
2023-07-27 06:00:00,1.4627,1.46311,1.46245,1.4625
2023-07-27 07:00:00,1.46249,1.46276,1.46143,1.46143
2023-07-27 08:00:00,1.46143,1.46265,1.46139,1.4617
2023-07-27 09:00:00,1.4616799999999999,1.4628,1.4614099999999999,1.46238
2023-07-27 10:00:00,1.4623599999999999,1.46622,1.46223,1.4656799999999999
2023-07-27 11:00:00,1.46569,1.46651,1.4650699999999999,1.4662
2023-07-27 12:00:00,1.46618,1.46774,1.46527,1.46772
2023-07-27 13:00:00,1.46768,1.47011,1.46754,1.46773
2023-07-27 14:00:00,1.46773,1.46804,1.46659,1.46675
2023-07-27 15:00:00,1.46675,1.4671,1.4552800000000001,1.45692
2023-07-27 16:00:00,1.45692,1.4578,1.4502,1.45265
2023-07-27 17:00:00,1.45267,1.4531,1.44889,1.45047
2023-07-27 18:00:00,1.45046,1.452,1.44981,1.451
2023-07-27 19:00:00,1.4510100000000001,1.45159,1.44923,1.44959
2023-07-27 20:00:00,1.44962,1.45268,1.44917,1.45266
2023-07-27 21:00:00,1.45263,1.4532,1.4516,1.45174
2023-07-27 22:00:00,1.45172,1.4522300000000001,1.45119,1.45148
2023-07-27 23:00:00,1.45145,1.45173,1.45107,1.45127
2023-07-28 00:00:00,1.45127,1.4517,1.4499900000000001,1.45132
2023-07-28 01:00:00,1.45125,1.4522599999999999,1.45125,1.4522599999999999
2023-07-28 02:00:00,1.4522599999999999,1.45262,1.45177,1.45211
2023-07-28 03:00:00,1.45213,1.45297,1.45211,1.45288
2023-07-28 04:00:00,1.45289,1.4529,1.45187,1.45259
2023-07-28 05:00:00,1.45258,1.45309,1.45234,1.45251
2023-07-28 06:00:00,1.45251,1.45304,1.45125,1.45238
2023-07-28 07:00:00,1.45238,1.4533800000000001,1.4516,1.45281
2023-07-28 08:00:00,1.45282,1.45293,1.44842,1.45214
2023-07-28 09:00:00,1.45214,1.45382,1.45138,1.45183
2023-07-28 10:00:00,1.45198,1.4538,1.44964,1.45048
2023-07-28 11:00:00,1.45052,1.45161,1.44944,1.45108
2023-07-28 12:00:00,1.4511,1.45137,1.4500899999999999,1.4510100000000001
2023-07-28 13:00:00,1.45099,1.45486,1.45074,1.45461
2023-07-28 14:00:00,1.4546299999999999,1.45603,1.45446,1.45478
2023-07-28 15:00:00,1.45479,1.45674,1.45412,1.4551
2023-07-28 16:00:00,1.45509,1.45821,1.45423,1.45797
2023-07-28 17:00:00,1.45791,1.46178,1.45755,1.46033
2023-07-28 18:00:00,1.46033,1.46044,1.45846,1.45999
2023-07-28 19:00:00,1.46001,1.46058,1.45859,1.45865
2023-07-28 20:00:00,1.4586299999999999,1.45976,1.45834,1.45917
2023-07-28 21:00:00,1.45916,1.45962,1.45874,1.45939
2023-07-28 22:00:00,1.4594,1.45969,1.4583599999999999,1.4588
2023-07-28 23:00:00,1.45882,1.4597,1.4581,1.45957
2023-07-31 00:00:00,1.4562599999999999,1.4598200000000001,1.4562599999999999,1.45964
2023-07-31 01:00:00,1.45963,1.46091,1.45937,1.46064
2023-07-31 02:00:00,1.46064,1.46109,1.46044,1.46078
2023-07-31 03:00:00,1.46079,1.46098,1.46008,1.46011
2023-07-31 04:00:00,1.46009,1.46132,1.45948,1.45961
2023-07-31 05:00:00,1.4596,1.4596,1.4582899999999999,1.4586299999999999
2023-07-31 06:00:00,1.45865,1.45942,1.45856,1.4592
2023-07-31 07:00:00,1.4592100000000001,1.4594,1.45839,1.45852
2023-07-31 08:00:00,1.4585,1.45945,1.4585,1.45943
2023-07-31 09:00:00,1.45939,1.45939,1.45668,1.45751
2023-07-31 10:00:00,1.45752,1.45966,1.45749,1.45932
2023-07-31 11:00:00,1.45929,1.46037,1.4575,1.46014
2023-07-31 12:00:00,1.4601899999999999,1.46037,1.45881,1.45911
2023-07-31 13:00:00,1.45911,1.46025,1.4586000000000001,1.4586999999999999
2023-07-31 14:00:00,1.45871,1.45872,1.45681,1.45717
2023-07-31 15:00:00,1.45719,1.45767,1.45556,1.45668
2023-07-31 16:00:00,1.4567,1.45681,1.45403,1.4540600000000001
2023-07-31 17:00:00,1.45408,1.45502,1.45095,1.45105
2023-07-31 18:00:00,1.45106,1.45134,1.44892,1.44994
2023-07-31 19:00:00,1.44996,1.45042,1.44836,1.449
2023-07-31 20:00:00,1.44901,1.44977,1.4484,1.44965
2023-07-31 21:00:00,1.44963,1.4500199999999999,1.44881,1.44909
2023-07-31 22:00:00,1.4491,1.4498199999999999,1.44908,1.4497200000000001
2023-07-31 23:00:00,1.44973,1.45035,1.44962,1.4501
2023-08-01 00:00:00,1.4498199999999999,1.4503599999999999,1.4479899999999999,1.45017
2023-08-01 01:00:00,1.45011,1.45096,1.45001,1.4506000000000001
2023-08-01 02:00:00,1.45057,1.4510100000000001,1.45052,1.45085
2023-08-01 03:00:00,1.45085,1.451,1.44967,1.44978
2023-08-01 04:00:00,1.44976,1.45116,1.44974,1.45089
2023-08-01 05:00:00,1.45092,1.4518900000000001,1.45083,1.4518
2023-08-01 06:00:00,1.4518,1.45263,1.4516,1.45234
2023-08-01 07:00:00,1.45234,1.45339,1.4521600000000001,1.4528400000000001
2023-08-01 08:00:00,1.45285,1.45363,1.45263,1.4534099999999999
2023-08-01 09:00:00,1.4534,1.45422,1.45294,1.4539
2023-08-01 10:00:00,1.45392,1.4543300000000001,1.4515500000000001,1.45414
2023-08-01 11:00:00,1.45416,1.45542,1.45354,1.4545
2023-08-01 12:00:00,1.45454,1.45549,1.4534099999999999,1.45522
2023-08-01 13:00:00,1.4552399999999999,1.45672,1.45486,1.45637
2023-08-01 14:00:00,1.45635,1.4570699999999999,1.4559199999999999,1.45662
2023-08-01 15:00:00,1.45659,1.45754,1.45564,1.4565299999999999
2023-08-01 16:00:00,1.45655,1.45797,1.45596,1.45731
2023-08-01 17:00:00,1.45727,1.45929,1.45672,1.45812
2023-08-01 18:00:00,1.45811,1.4588700000000001,1.4567999999999999,1.45805
2023-08-01 19:00:00,1.45805,1.45952,1.45791,1.45878
2023-08-01 20:00:00,1.4588,1.4595,1.45739,1.45766
2023-08-01 21:00:00,1.45766,1.45861,1.45729,1.45843
2023-08-01 22:00:00,1.45845,1.45962,1.45823,1.45932
2023-08-01 23:00:00,1.45935,1.45935,1.45825,1.4585
2023-08-02 00:00:00,1.4580600000000001,1.46166,1.4566,1.46142
2023-08-02 01:00:00,1.46139,1.46205,1.45976,1.46074
2023-08-02 02:00:00,1.46076,1.46186,1.46029,1.46057
2023-08-02 03:00:00,1.46057,1.46078,1.45956,1.45994
2023-08-02 04:00:00,1.45994,1.4609,1.4593,1.45939
2023-08-02 05:00:00,1.45939,1.45981,1.45903,1.45968
2023-08-02 06:00:00,1.45963,1.4604300000000001,1.45952,1.45999
2023-08-02 07:00:00,1.45999,1.46095,1.45965,1.46095
2023-08-02 08:00:00,1.46094,1.4622,1.4607299999999999,1.46159
2023-08-02 09:00:00,1.46163,1.46254,1.46062,1.46205
2023-08-02 10:00:00,1.46204,1.4628999999999999,1.46124,1.46211
2023-08-02 11:00:00,1.46215,1.46284,1.46127,1.46218
2023-08-02 12:00:00,1.46218,1.46234,1.46101,1.46159
2023-08-02 13:00:00,1.46159,1.46167,1.46004,1.46086
2023-08-02 14:00:00,1.46086,1.46204,1.46028,1.46191
2023-08-02 15:00:00,1.4619,1.46258,1.4592800000000001,1.4592800000000001
2023-08-02 16:00:00,1.45926,1.46129,1.45834,1.45929
2023-08-02 17:00:00,1.4592800000000001,1.45946,1.45508,1.45808
2023-08-02 18:00:00,1.45805,1.45906,1.45753,1.45855
2023-08-02 19:00:00,1.45855,1.46074,1.45846,1.4595799999999999
2023-08-02 20:00:00,1.4595799999999999,1.46105,1.45941,1.46056
2023-08-02 21:00:00,1.46056,1.46064,1.45983,1.46024
2023-08-02 22:00:00,1.46022,1.46074,1.45965,1.4598200000000001
2023-08-02 23:00:00,1.45984,1.46052,1.45948,1.46013
2023-08-03 00:00:00,1.46004,1.46035,1.45752,1.45973
2023-08-03 01:00:00,1.45995,1.46074,1.45983,1.4604300000000001
2023-08-03 02:00:00,1.4604300000000001,1.46066,1.46023,1.4603
2023-08-03 03:00:00,1.46029,1.4604,1.45967,1.46022
2023-08-03 04:00:00,1.46022,1.46065,1.4598499999999999,1.46025
2023-08-03 05:00:00,1.46023,1.46072,1.45996,1.46005
2023-08-03 06:00:00,1.46004,1.4601600000000001,1.4596,1.46002
2023-08-03 07:00:00,1.46001,1.46028,1.45896,1.45905
2023-08-03 08:00:00,1.45906,1.46028,1.45847,1.46009
2023-08-03 09:00:00,1.46007,1.46105,1.45882,1.45915
2023-08-03 10:00:00,1.45917,1.46089,1.45869,1.45965
2023-08-03 11:00:00,1.45964,1.46131,1.4588999999999999,1.4613
2023-08-03 12:00:00,1.46133,1.4625,1.46091,1.46124
2023-08-03 13:00:00,1.46123,1.46189,1.46006,1.4616500000000001
2023-08-03 14:00:00,1.46163,1.46274,1.46035,1.46188
2023-08-03 15:00:00,1.46187,1.4632100000000001,1.46038,1.46054
2023-08-03 16:00:00,1.4605299999999999,1.4605299999999999,1.4576500000000001,1.45823
2023-08-03 17:00:00,1.45821,1.46224,1.45821,1.46115
2023-08-03 18:00:00,1.46115,1.46241,1.46002,1.46035
2023-08-03 19:00:00,1.46038,1.46152,1.45997,1.46068
2023-08-03 20:00:00,1.46067,1.46126,1.45935,1.46088
2023-08-03 21:00:00,1.46088,1.4617499999999999,1.46056,1.46131
2023-08-03 22:00:00,1.46132,1.46166,1.46088,1.4616
2023-08-03 23:00:00,1.4616,1.46224,1.46142,1.4617
2023-08-04 00:00:00,1.46196,1.46196,1.45945,1.4617499999999999
2023-08-04 01:00:00,1.46179,1.46222,1.46164,1.46197
2023-08-04 02:00:00,1.46197,1.4623300000000001,1.46191,1.46201
2023-08-04 03:00:00,1.462,1.46213,1.46119,1.46132
2023-08-04 04:00:00,1.46132,1.46196,1.461,1.46158
2023-08-04 05:00:00,1.46156,1.4633099999999999,1.46156,1.46273
2023-08-04 06:00:00,1.46275,1.46284,1.46218,1.4623
2023-08-04 07:00:00,1.4622899999999999,1.46251,1.46194,1.46221
2023-08-04 08:00:00,1.46222,1.46293,1.46219,1.46255
2023-08-04 09:00:00,1.46257,1.46352,1.46231,1.4629699999999999
2023-08-04 10:00:00,1.46298,1.4638200000000001,1.46257,1.46276
2023-08-04 11:00:00,1.46277,1.46363,1.46224,1.46242
2023-08-04 12:00:00,1.46244,1.46291,1.46169,1.46282
2023-08-04 13:00:00,1.46279,1.46354,1.46218,1.46339
2023-08-04 14:00:00,1.4634,1.46386,1.46285,1.4629699999999999
2023-08-04 15:00:00,1.46299,1.46919,1.46228,1.46862
2023-08-04 16:00:00,1.46859,1.47287,1.46818,1.47036
2023-08-04 17:00:00,1.47039,1.4729700000000001,1.46984,1.4729
2023-08-04 18:00:00,1.4729,1.47447,1.47171,1.47179
2023-08-04 19:00:00,1.4718200000000001,1.47183,1.46956,1.46984
2023-08-04 20:00:00,1.46982,1.4714,1.46978,1.47134
2023-08-04 21:00:00,1.47134,1.4734099999999999,1.47127,1.47333
2023-08-04 22:00:00,1.47335,1.47351,1.47238,1.47322
2023-08-04 23:00:00,1.4732,1.4736,1.47122,1.47244
2023-08-07 00:00:00,1.47073,1.47362,1.46993,1.47285
2023-08-07 01:00:00,1.47284,1.47318,1.47166,1.47181
2023-08-07 02:00:00,1.47184,1.47205,1.47145,1.4714800000000001
2023-08-07 03:00:00,1.47153,1.4725,1.47153,1.47187
2023-08-07 04:00:00,1.47187,1.47202,1.47093,1.4709699999999999
2023-08-07 05:00:00,1.47093,1.4712,1.47049,1.4705300000000001
2023-08-07 06:00:00,1.47054,1.47109,1.47032,1.47041
2023-08-07 07:00:00,1.47044,1.47098,1.47031,1.47093
2023-08-07 08:00:00,1.47091,1.4712399999999999,1.46901,1.46909
2023-08-07 09:00:00,1.46912,1.46952,1.46849,1.46926
2023-08-07 10:00:00,1.46927,1.47079,1.46867,1.4702899999999999
2023-08-07 11:00:00,1.47028,1.47028,1.46884,1.46884
2023-08-07 12:00:00,1.46886,1.46913,1.46763,1.46776
2023-08-07 13:00:00,1.46775,1.47009,1.46747,1.46969
2023-08-07 14:00:00,1.46971,1.47028,1.4679,1.4684599999999999
2023-08-07 15:00:00,1.46849,1.46985,1.46779,1.4689
2023-08-07 16:00:00,1.46888,1.47133,1.4684,1.47118
2023-08-07 17:00:00,1.47118,1.47215,1.4700199999999999,1.47181
2023-08-07 18:00:00,1.47179,1.4722,1.4707,1.47086
2023-08-07 19:00:00,1.47086,1.47109,1.47004,1.47072
2023-08-07 20:00:00,1.4707,1.4709699999999999,1.46996,1.47086
2023-08-07 21:00:00,1.47085,1.47154,1.4707,1.47133
2023-08-07 22:00:00,1.47135,1.4714,1.47093,1.47118
2023-08-07 23:00:00,1.4711400000000001,1.47123,1.4703300000000001,1.47092
2023-08-08 00:00:00,1.47074,1.47119,1.4690400000000001,1.47093
2023-08-08 01:00:00,1.47093,1.47145,1.47076,1.47134
2023-08-08 02:00:00,1.47143,1.47162,1.4711699999999999,1.47122
2023-08-08 03:00:00,1.4712,1.47127,1.4697,1.4699499999999999
2023-08-08 04:00:00,1.46991,1.47074,1.46977,1.47057
2023-08-08 05:00:00,1.47058,1.47105,1.47045,1.47071
2023-08-08 06:00:00,1.47073,1.47108,1.47054,1.47085
2023-08-08 07:00:00,1.47083,1.47205,1.47083,1.47205
2023-08-08 08:00:00,1.47207,1.47373,1.47206,1.4737
2023-08-08 09:00:00,1.47372,1.4757799999999999,1.4736099999999999,1.47545
2023-08-08 10:00:00,1.47543,1.47586,1.47303,1.47367
2023-08-08 11:00:00,1.4737,1.47547,1.47311,1.4745300000000001
2023-08-08 12:00:00,1.4745,1.47535,1.474,1.47459
2023-08-08 13:00:00,1.47461,1.47495,1.4733,1.47359
2023-08-08 14:00:00,1.47363,1.47478,1.47294,1.47445
2023-08-08 15:00:00,1.47446,1.47703,1.4742899999999999,1.47563
2023-08-08 16:00:00,1.47562,1.47626,1.47486,1.47504
2023-08-08 17:00:00,1.4751,1.47623,1.4738,1.47418
2023-08-08 18:00:00,1.47418,1.4748,1.4733100000000001,1.47337
2023-08-08 19:00:00,1.47339,1.47354,1.47169,1.47179
2023-08-08 20:00:00,1.47179,1.47264,1.47125,1.47153
2023-08-08 21:00:00,1.47153,1.4717500000000001,1.47004,1.47058
2023-08-08 22:00:00,1.47058,1.47074,1.4695,1.46979
2023-08-08 23:00:00,1.46979,1.4707,1.46971,1.47001
2023-08-09 00:00:00,1.46974,1.47022,1.46742,1.4693399999999999
2023-08-09 01:00:00,1.46943,1.47055,1.46943,1.46993
2023-08-09 02:00:00,1.4699900000000001,1.47138,1.4699900000000001,1.47128
2023-08-09 03:00:00,1.47127,1.4719,1.4711699999999999,1.47144
2023-08-09 04:00:00,1.4714800000000001,1.47205,1.47122,1.47156
2023-08-09 05:00:00,1.4715500000000001,1.4717500000000001,1.47115,1.47116
2023-08-09 06:00:00,1.47115,1.4717799999999999,1.47115,1.47152
2023-08-09 07:00:00,1.4715,1.4715500000000001,1.4711699999999999,1.4712399999999999
2023-08-09 08:00:00,1.47126,1.4727000000000001,1.47126,1.47266
2023-08-09 09:00:00,1.47265,1.47266,1.47093,1.4711
2023-08-09 10:00:00,1.47109,1.47329,1.47108,1.47315
2023-08-09 11:00:00,1.47313,1.4739900000000001,1.47222,1.4736500000000001
2023-08-09 12:00:00,1.4736500000000001,1.47372,1.47254,1.47291
2023-08-09 13:00:00,1.47291,1.47347,1.47249,1.47292
2023-08-09 14:00:00,1.4729,1.47409,1.47279,1.4730400000000001
2023-08-09 15:00:00,1.47306,1.47638,1.47286,1.4763600000000001
2023-08-09 16:00:00,1.47634,1.47693,1.4742600000000001,1.4745300000000001
2023-08-09 17:00:00,1.47454,1.47619,1.47344,1.4752
2023-08-09 18:00:00,1.47519,1.47644,1.47468,1.47523
2023-08-09 19:00:00,1.4752399999999999,1.47601,1.47449,1.47462
2023-08-09 20:00:00,1.47462,1.47513,1.47332,1.4737
2023-08-09 21:00:00,1.47369,1.47377,1.4717,1.47233
2023-08-09 22:00:00,1.47234,1.4734,1.47225,1.47298
2023-08-09 23:00:00,1.47296,1.47321,1.47215,1.47221
2023-08-10 00:00:00,1.4723,1.47328,1.47109,1.47309
2023-08-10 01:00:00,1.47295,1.47335,1.47274,1.47298
2023-08-10 02:00:00,1.47295,1.47303,1.47274,1.47293
2023-08-10 03:00:00,1.47296,1.47301,1.47189,1.47199
2023-08-10 04:00:00,1.47198,1.47254,1.47188,1.4721
2023-08-10 05:00:00,1.4721,1.47288,1.47201,1.47268
2023-08-10 06:00:00,1.47266,1.47312,1.47257,1.4727700000000001
2023-08-10 07:00:00,1.4727700000000001,1.4736799999999999,1.47266,1.47315
2023-08-10 08:00:00,1.47316,1.47339,1.4724,1.47267
2023-08-10 09:00:00,1.47269,1.47374,1.47244,1.4734
2023-08-10 10:00:00,1.47342,1.4758,1.47325,1.47566
2023-08-10 11:00:00,1.47567,1.47769,1.47565,1.47719
2023-08-10 12:00:00,1.47718,1.47803,1.47688,1.47703
2023-08-10 13:00:00,1.4770400000000001,1.47778,1.47664,1.47771
2023-08-10 14:00:00,1.47773,1.47785,1.47549,1.4757
2023-08-10 15:00:00,1.47571,1.4797,1.47571,1.47846
2023-08-10 16:00:00,1.47844,1.4786299999999999,1.47507,1.4769700000000001
2023-08-10 17:00:00,1.47698,1.47801,1.47541,1.47659
2023-08-10 18:00:00,1.47659,1.47748,1.47545,1.47626
2023-08-10 19:00:00,1.47626,1.47772,1.4760499999999999,1.47767
2023-08-10 20:00:00,1.47767,1.47796,1.47471,1.47513
2023-08-10 21:00:00,1.47513,1.47549,1.47408,1.47452
2023-08-10 22:00:00,1.4745,1.47608,1.47431,1.4757
2023-08-10 23:00:00,1.4757,1.47668,1.47555,1.47659
2023-08-11 00:00:00,1.47561,1.47662,1.47403,1.4763
2023-08-11 01:00:00,1.4761600000000001,1.47683,1.4761600000000001,1.47645
2023-08-11 02:00:00,1.47645,1.47678,1.47623,1.47633
2023-08-11 03:00:00,1.47632,1.47658,1.4758,1.47634
2023-08-11 04:00:00,1.47632,1.47688,1.47569,1.47686
2023-08-11 05:00:00,1.47689,1.47718,1.47654,1.47698
2023-08-11 06:00:00,1.4769700000000001,1.47702,1.4764599999999999,1.47652
2023-08-11 07:00:00,1.47654,1.47736,1.4765,1.47679
2023-08-11 08:00:00,1.4768,1.47745,1.4767700000000001,1.4774
2023-08-11 09:00:00,1.47736,1.47769,1.47663,1.4773399999999999
2023-08-11 10:00:00,1.47727,1.47782,1.47687,1.47749
2023-08-11 11:00:00,1.47747,1.4794399999999999,1.47718,1.47884
2023-08-11 12:00:00,1.47884,1.47884,1.47656,1.47723
2023-08-11 13:00:00,1.47725,1.47881,1.47702,1.47848
2023-08-11 14:00:00,1.47847,1.47864,1.4770400000000001,1.47804
2023-08-11 15:00:00,1.47802,1.48013,1.47576,1.47618
2023-08-11 16:00:00,1.4761600000000001,1.47787,1.47389,1.47563
2023-08-11 17:00:00,1.47549,1.47625,1.47164,1.4724
2023-08-11 18:00:00,1.47241,1.4726,1.4711,1.4723899999999999
2023-08-11 19:00:00,1.47252,1.47292,1.4715500000000001,1.47156
2023-08-11 20:00:00,1.47154,1.47222,1.47115,1.47168
2023-08-11 21:00:00,1.47167,1.47249,1.47129,1.47245
2023-08-11 22:00:00,1.47245,1.47261,1.4716,1.47194
2023-08-11 23:00:00,1.47199,1.47228,1.47052,1.47133
2023-08-14 00:00:00,1.47062,1.47214,1.47005,1.47147
2023-08-14 01:00:00,1.47161,1.47181,1.47039,1.47044
2023-08-14 02:00:00,1.47048,1.4708999999999999,1.47045,1.47071
2023-08-14 03:00:00,1.47071,1.47129,1.47054,1.47089
2023-08-14 04:00:00,1.47093,1.47167,1.47043,1.47055
2023-08-14 05:00:00,1.47055,1.4715099999999999,1.47051,1.4712399999999999
2023-08-14 06:00:00,1.47123,1.47217,1.47123,1.47192
2023-08-14 07:00:00,1.47192,1.4722,1.47174,1.4721899999999999
2023-08-14 08:00:00,1.47222,1.47224,1.47159,1.4718499999999999
2023-08-14 09:00:00,1.47184,1.47198,1.47055,1.47154
2023-08-14 10:00:00,1.47156,1.4739200000000001,1.47156,1.47252
2023-08-14 11:00:00,1.47254,1.47359,1.47211,1.4721899999999999
2023-08-14 12:00:00,1.47221,1.47271,1.47153,1.47225
2023-08-14 13:00:00,1.47225,1.4725,1.4713,1.4714800000000001
2023-08-14 14:00:00,1.47146,1.47165,1.47001,1.47024
2023-08-14 15:00:00,1.47025,1.47072,1.46741,1.46756
2023-08-14 16:00:00,1.4675799999999999,1.46817,1.4656799999999999,1.46611
2023-08-14 17:00:00,1.46611,1.46874,1.46557,1.46818
2023-08-14 18:00:00,1.46817,1.47036,1.46814,1.4691
2023-08-14 19:00:00,1.4691,1.4712399999999999,1.46888,1.4705
2023-08-14 20:00:00,1.47048,1.47051,1.46874,1.46878
2023-08-14 21:00:00,1.46878,1.4694,1.46849,1.46889
2023-08-14 22:00:00,1.46889,1.46949,1.46787,1.46789
2023-08-14 23:00:00,1.46784,1.46825,1.46754,1.46783
2023-08-15 00:00:00,1.4675500000000001,1.4684,1.46574,1.46821
2023-08-15 01:00:00,1.46804,1.46815,1.46762,1.46769
2023-08-15 02:00:00,1.46767,1.468,1.46741,1.46799
2023-08-15 03:00:00,1.468,1.46828,1.46772,1.46811
2023-08-15 04:00:00,1.46811,1.46837,1.46747,1.46761
2023-08-15 05:00:00,1.46765,1.46835,1.46743,1.46744
2023-08-15 06:00:00,1.46744,1.46779,1.467,1.4671699999999999
2023-08-15 07:00:00,1.46715,1.46739,1.46689,1.46691
2023-08-15 08:00:00,1.46691,1.46784,1.46684,1.46773
2023-08-15 09:00:00,1.4678,1.47039,1.46719,1.47019
2023-08-15 10:00:00,1.47017,1.47379,1.47009,1.47371
2023-08-15 11:00:00,1.4737,1.4739900000000001,1.47271,1.47346
2023-08-15 12:00:00,1.47346,1.47589,1.4731,1.47513
2023-08-15 13:00:00,1.4751,1.47602,1.47471,1.47512
2023-08-15 14:00:00,1.47509,1.47569,1.47473,1.47518
2023-08-15 15:00:00,1.47518,1.47543,1.46905,1.4707
2023-08-15 16:00:00,1.47072,1.47374,1.4706299999999999,1.47254
2023-08-15 17:00:00,1.47256,1.47542,1.47241,1.47476
2023-08-15 18:00:00,1.47473,1.47508,1.4721199999999999,1.47226
2023-08-15 19:00:00,1.47224,1.47309,1.47163,1.47223
2023-08-15 20:00:00,1.47221,1.47314,1.47189,1.47259
2023-08-15 21:00:00,1.47261,1.47266,1.47098,1.47118
2023-08-15 22:00:00,1.47118,1.47199,1.47061,1.47194
2023-08-15 23:00:00,1.47193,1.4721600000000001,1.4714800000000001,1.472
2023-08-16 00:00:00,1.47194,1.47194,1.47048,1.47149
2023-08-16 01:00:00,1.47149,1.47197,1.47113,1.47123
2023-08-16 02:00:00,1.47123,1.47145,1.47081,1.4708700000000001
2023-08-16 03:00:00,1.47088,1.47184,1.47078,1.47147
2023-08-16 04:00:00,1.47147,1.4727000000000001,1.47137,1.47207
2023-08-16 05:00:00,1.47207,1.47257,1.47177,1.4723899999999999
2023-08-16 06:00:00,1.4723899999999999,1.47242,1.47205,1.4724
2023-08-16 07:00:00,1.47237,1.47301,1.47229,1.47298
2023-08-16 08:00:00,1.47298,1.4739200000000001,1.47292,1.47371
2023-08-16 09:00:00,1.47372,1.47477,1.47339,1.47434
2023-08-16 10:00:00,1.47431,1.47448,1.47282,1.47326
2023-08-16 11:00:00,1.47325,1.47379,1.47269,1.4731
2023-08-16 12:00:00,1.47311,1.47407,1.47264,1.47375
2023-08-16 13:00:00,1.47376,1.47415,1.47312,1.4733800000000001
2023-08-16 14:00:00,1.4733800000000001,1.47353,1.47141,1.47211
2023-08-16 15:00:00,1.47208,1.4731,1.47177,1.4724300000000001
2023-08-16 16:00:00,1.47241,1.47337,1.4715099999999999,1.47247
2023-08-16 17:00:00,1.47247,1.47604,1.47225,1.47405
2023-08-16 18:00:00,1.47405,1.47445,1.47285,1.47375
2023-08-16 19:00:00,1.47372,1.47391,1.47248,1.47279
2023-08-16 20:00:00,1.4727999999999999,1.47353,1.4724,1.47265
2023-08-16 21:00:00,1.47268,1.47353,1.47218,1.47265
2023-08-16 22:00:00,1.47266,1.47286,1.47127,1.47156
2023-08-16 23:00:00,1.47156,1.47235,1.4712100000000001,1.47206
2023-08-17 00:00:00,1.4720900000000001,1.47261,1.46906,1.47261
2023-08-17 01:00:00,1.4723,1.47244,1.47171,1.47202
2023-08-17 02:00:00,1.47214,1.47229,1.47188,1.47195
2023-08-17 03:00:00,1.47196,1.4725,1.47195,1.47218
2023-08-17 04:00:00,1.4721899999999999,1.47228,1.47069,1.47079
2023-08-17 05:00:00,1.47079,1.47111,1.47059,1.47074
2023-08-17 06:00:00,1.47075,1.4708700000000001,1.47025,1.47043
2023-08-17 07:00:00,1.47043,1.47049,1.4699200000000001,1.4703
2023-08-17 08:00:00,1.4702899999999999,1.4720900000000001,1.47022,1.47202
2023-08-17 09:00:00,1.47199,1.47247,1.47074,1.47198
2023-08-17 10:00:00,1.47199,1.47228,1.47088,1.47171
2023-08-17 11:00:00,1.4717,1.47192,1.47046,1.47082
2023-08-17 12:00:00,1.47079,1.47105,1.46962,1.47004
2023-08-17 13:00:00,1.47004,1.47057,1.46952,1.47035
2023-08-17 14:00:00,1.47037,1.47136,1.4696500000000001,1.47111
2023-08-17 15:00:00,1.4711,1.47393,1.47081,1.4729700000000001
2023-08-17 16:00:00,1.4729700000000001,1.4742199999999999,1.47229,1.47316
2023-08-17 17:00:00,1.47314,1.4733,1.47082,1.47136
2023-08-17 18:00:00,1.47137,1.4717799999999999,1.46978,1.4704
2023-08-17 19:00:00,1.47041,1.47166,1.47005,1.47069
2023-08-17 20:00:00,1.47066,1.47078,1.4696500000000001,1.47044
2023-08-17 21:00:00,1.47045,1.47125,1.47025,1.47122
2023-08-17 22:00:00,1.47122,1.47251,1.47102,1.47235
2023-08-17 23:00:00,1.47234,1.47295,1.47198,1.47256
2023-08-18 00:00:00,1.47102,1.4727700000000001,1.46805,1.4717500000000001
2023-08-18 01:00:00,1.4717,1.47308,1.47144,1.47292
2023-08-18 02:00:00,1.47293,1.47299,1.4726,1.4729
2023-08-18 03:00:00,1.47291,1.47445,1.47259,1.4742199999999999
2023-08-18 04:00:00,1.47424,1.47424,1.47294,1.47343
2023-08-18 05:00:00,1.47343,1.4736799999999999,1.47302,1.47314
2023-08-18 06:00:00,1.47316,1.47435,1.47315,1.4742
2023-08-18 07:00:00,1.47416,1.4744,1.47387,1.47423
2023-08-18 08:00:00,1.4742,1.47473,1.47355,1.47364
2023-08-18 09:00:00,1.47364,1.47381,1.47194,1.47232
2023-08-18 10:00:00,1.47233,1.4737,1.4717,1.47343
2023-08-18 11:00:00,1.47345,1.47359,1.47152,1.47164
2023-08-18 12:00:00,1.47165,1.47311,1.47142,1.47174
2023-08-18 13:00:00,1.47173,1.47227,1.47106,1.4711699999999999
2023-08-18 14:00:00,1.4711699999999999,1.4736,1.4711699999999999,1.47326
2023-08-18 15:00:00,1.47324,1.4734099999999999,1.4718200000000001,1.47301
2023-08-18 16:00:00,1.4730400000000001,1.47406,1.47162,1.4739900000000001
2023-08-18 17:00:00,1.47398,1.47586,1.4735,1.47448
2023-08-18 18:00:00,1.47452,1.4747,1.47305,1.47443
2023-08-18 19:00:00,1.47442,1.47452,1.4715,1.4718200000000001
2023-08-18 20:00:00,1.47183,1.47326,1.47183,1.47295
2023-08-18 21:00:00,1.47294,1.4736099999999999,1.47265,1.47346
2023-08-18 22:00:00,1.47345,1.47366,1.47265,1.47292
2023-08-18 23:00:00,1.47293,1.47352,1.47231,1.47314
2023-08-21 00:00:00,1.47129,1.47366,1.47129,1.47347
2023-08-21 01:00:00,1.47332,1.47348,1.47272,1.47281
2023-08-21 02:00:00,1.47283,1.47315,1.4725,1.47259
2023-08-21 03:00:00,1.47259,1.4736,1.47254,1.47335
2023-08-21 04:00:00,1.47335,1.47344,1.47224,1.47272
2023-08-21 05:00:00,1.47276,1.47322,1.47247,1.47299
2023-08-21 06:00:00,1.4729999999999999,1.47379,1.4729999999999999,1.47371
2023-08-21 07:00:00,1.47371,1.47374,1.4733800000000001,1.47355
2023-08-21 08:00:00,1.47356,1.47417,1.47351,1.4739200000000001
2023-08-21 09:00:00,1.47387,1.47401,1.47294,1.47356
2023-08-21 10:00:00,1.4735800000000001,1.47385,1.47261,1.47336
2023-08-21 11:00:00,1.47336,1.47372,1.47275,1.47293
2023-08-21 12:00:00,1.47294,1.47448,1.47276,1.4739200000000001
2023-08-21 13:00:00,1.47391,1.47433,1.47329,1.47408
2023-08-21 14:00:00,1.47409,1.47458,1.4727299999999999,1.47321
2023-08-21 15:00:00,1.47319,1.4735,1.4711699999999999,1.4721899999999999
2023-08-21 16:00:00,1.4721899999999999,1.4732,1.47123,1.47283
2023-08-21 17:00:00,1.47284,1.47549,1.47278,1.47513
2023-08-21 18:00:00,1.4751,1.47755,1.47485,1.47683
2023-08-21 19:00:00,1.47686,1.4785,1.47676,1.47787
2023-08-21 20:00:00,1.47786,1.47788,1.47717,1.4773
2023-08-21 21:00:00,1.47729,1.4773100000000001,1.47629,1.47631
2023-08-21 22:00:00,1.4763,1.47656,1.4754399999999999,1.47602
2023-08-21 23:00:00,1.47602,1.47604,1.47542,1.47562
2023-08-22 00:00:00,1.47562,1.476,1.47394,1.47533
2023-08-22 01:00:00,1.47536,1.47597,1.47531,1.47583
2023-08-22 02:00:00,1.47584,1.47625,1.47568,1.47611
2023-08-22 03:00:00,1.47613,1.47672,1.47607,1.47663
2023-08-22 04:00:00,1.47664,1.4773800000000001,1.4763899999999999,1.47727
2023-08-22 05:00:00,1.47727,1.47764,1.47702,1.47741
2023-08-22 06:00:00,1.47742,1.47783,1.47703,1.47781
2023-08-22 07:00:00,1.47781,1.4781900000000001,1.47744,1.47756
2023-08-22 08:00:00,1.47756,1.47814,1.47729,1.47762
2023-08-22 09:00:00,1.47762,1.47825,1.47635,1.47746
2023-08-22 10:00:00,1.47745,1.47842,1.47739,1.47815
2023-08-22 11:00:00,1.47815,1.47818,1.47598,1.47613
2023-08-22 12:00:00,1.47611,1.47634,1.47441,1.47509
2023-08-22 13:00:00,1.47509,1.47537,1.47272,1.47335
2023-08-22 14:00:00,1.47335,1.47351,1.47141,1.4715099999999999
2023-08-22 15:00:00,1.4715,1.4720900000000001,1.47,1.47076
2023-08-22 16:00:00,1.47075,1.47146,1.46871,1.4697
2023-08-22 17:00:00,1.4697,1.47101,1.46929,1.47059
2023-08-22 18:00:00,1.47058,1.47081,1.46932,1.46936
2023-08-22 19:00:00,1.46935,1.4705599999999999,1.46919,1.47039
2023-08-22 20:00:00,1.4704,1.47156,1.4703300000000001,1.4711
2023-08-22 21:00:00,1.47108,1.4719,1.47103,1.4712100000000001
2023-08-22 22:00:00,1.4712,1.47122,1.47004,1.47047
2023-08-22 23:00:00,1.47047,1.47066,1.4693399999999999,1.4695
2023-08-23 00:00:00,1.46933,1.46976,1.46665,1.46944
2023-08-23 01:00:00,1.46943,1.46989,1.46942,1.46956
2023-08-23 02:00:00,1.46956,1.46978,1.4693800000000001,1.46959
2023-08-23 03:00:00,1.46959,1.47015,1.46917,1.4694099999999999
2023-08-23 04:00:00,1.4694099999999999,1.46949,1.4687700000000001,1.46921
2023-08-23 05:00:00,1.46921,1.4696799999999999,1.46901,1.4696
2023-08-23 06:00:00,1.4696,1.46997,1.46945,1.4699
2023-08-23 07:00:00,1.4699200000000001,1.47028,1.4697200000000001,1.47028
2023-08-23 08:00:00,1.47028,1.47071,1.47006,1.4706299999999999
2023-08-23 09:00:00,1.47062,1.47184,1.4702,1.47169
2023-08-23 10:00:00,1.47168,1.4721199999999999,1.46563,1.46614
2023-08-23 11:00:00,1.46612,1.4675099999999999,1.46581,1.46597
2023-08-23 12:00:00,1.46596,1.46788,1.4653800000000001,1.46637
2023-08-23 13:00:00,1.46641,1.46789,1.46612,1.46723
2023-08-23 14:00:00,1.46722,1.46823,1.46641,1.46702
2023-08-23 15:00:00,1.46701,1.46918,1.46604,1.46858
2023-08-23 16:00:00,1.46856,1.4736,1.46823,1.47119
2023-08-23 17:00:00,1.47115,1.47254,1.47031,1.47045
2023-08-23 18:00:00,1.47046,1.47116,1.46983,1.47076
2023-08-23 19:00:00,1.47073,1.47112,1.46914,1.46939
2023-08-23 20:00:00,1.46935,1.47001,1.46903,1.46975
2023-08-23 21:00:00,1.46976,1.47044,1.46924,1.47038
2023-08-23 22:00:00,1.47039,1.47058,1.46969,1.47037
2023-08-23 23:00:00,1.47038,1.47039,1.46893,1.46916
2023-08-24 00:00:00,1.46902,1.46959,1.46799,1.4693
2023-08-24 01:00:00,1.46925,1.4696500000000001,1.46898,1.46935
2023-08-24 02:00:00,1.46936,1.46967,1.46912,1.46928
2023-08-24 03:00:00,1.46928,1.47017,1.4691100000000001,1.46963
2023-08-24 04:00:00,1.46961,1.46969,1.4687999999999999,1.46953
2023-08-24 05:00:00,1.46954,1.46957,1.46868,1.46891
2023-08-24 06:00:00,1.4689,1.46908,1.46863,1.46887
2023-08-24 07:00:00,1.46889,1.46928,1.46863,1.46874
2023-08-24 08:00:00,1.46875,1.46997,1.46859,1.46937
2023-08-24 09:00:00,1.46939,1.4696,1.46824,1.46848
2023-08-24 10:00:00,1.46848,1.46983,1.46841,1.46957
2023-08-24 11:00:00,1.46957,1.4704,1.46895,1.46969
2023-08-24 12:00:00,1.46969,1.47025,1.4691,1.46927
2023-08-24 13:00:00,1.46927,1.47005,1.46912,1.4696500000000001
2023-08-24 14:00:00,1.46966,1.4699200000000001,1.46866,1.46872
2023-08-24 15:00:00,1.4687299999999999,1.46933,1.46601,1.46681
2023-08-24 16:00:00,1.46683,1.47196,1.46683,1.46944
2023-08-24 17:00:00,1.46944,1.47123,1.46903,1.46929
2023-08-24 18:00:00,1.4693,1.4699200000000001,1.46799,1.46826
2023-08-24 19:00:00,1.46824,1.46859,1.46749,1.46773
2023-08-24 20:00:00,1.46775,1.4681,1.4675,1.4675099999999999
2023-08-24 21:00:00,1.46749,1.46794,1.46662,1.46719
2023-08-24 22:00:00,1.46719,1.46772,1.4669400000000001,1.46738
2023-08-24 23:00:00,1.46734,1.46862,1.46719,1.4681
2023-08-25 00:00:00,1.46734,1.46851,1.46593,1.4681
2023-08-25 01:00:00,1.4680900000000001,1.46817,1.46773,1.46792
2023-08-25 02:00:00,1.46792,1.46805,1.4663599999999999,1.46712
2023-08-25 03:00:00,1.46711,1.46752,1.46598,1.4660199999999999
2023-08-25 04:00:00,1.4660199999999999,1.46619,1.46532,1.46532
2023-08-25 05:00:00,1.4653399999999999,1.46618,1.46502,1.46615
2023-08-25 06:00:00,1.46615,1.46657,1.46597,1.46609
2023-08-25 07:00:00,1.46609,1.46651,1.46556,1.46638
2023-08-25 08:00:00,1.46637,1.4667,1.46582,1.46604
2023-08-25 09:00:00,1.4660199999999999,1.46723,1.46549,1.46576
2023-08-25 10:00:00,1.46577,1.46637,1.46291,1.4632399999999999
2023-08-25 11:00:00,1.46322,1.46494,1.46279,1.4647000000000001
2023-08-25 12:00:00,1.46472,1.4668700000000001,1.4645299999999999,1.46609
2023-08-25 13:00:00,1.46608,1.46647,1.46529,1.46639
2023-08-25 14:00:00,1.46638,1.46712,1.46622,1.46681
2023-08-25 15:00:00,1.46679,1.46982,1.46669,1.46943
2023-08-25 16:00:00,1.4694099999999999,1.47019,1.46832,1.46988
2023-08-25 17:00:00,1.46987,1.47202,1.46777,1.4687299999999999
2023-08-25 18:00:00,1.46874,1.4703300000000001,1.4681,1.46985
2023-08-25 19:00:00,1.46984,1.47052,1.4693399999999999,1.4699
2023-08-25 20:00:00,1.4699200000000001,1.4711,1.46964,1.46986
2023-08-25 21:00:00,1.46985,1.47022,1.46886,1.46906
2023-08-25 22:00:00,1.46906,1.46975,1.46881,1.46945
2023-08-25 23:00:00,1.46946,1.46947,1.4680900000000001,1.46841
2023-08-28 00:00:00,1.4666000000000001,1.46802,1.4659499999999999,1.46765
2023-08-28 01:00:00,1.46765,1.4681,1.46726,1.468
2023-08-28 02:00:00,1.46796,1.46837,1.46756,1.46775
2023-08-28 03:00:00,1.46777,1.46881,1.46767,1.46867
2023-08-28 04:00:00,1.46866,1.46899,1.4681,1.46822
2023-08-28 05:00:00,1.4682,1.46896,1.4682,1.46874
2023-08-28 06:00:00,1.46874,1.46919,1.46868,1.46919
2023-08-28 07:00:00,1.46919,1.46943,1.46881,1.46893
2023-08-28 08:00:00,1.46893,1.46936,1.46858,1.46915
2023-08-28 09:00:00,1.46915,1.4700199999999999,1.46895,1.46964
2023-08-28 10:00:00,1.46964,1.4711400000000001,1.46956,1.47013
2023-08-28 11:00:00,1.47009,1.4702899999999999,1.46856,1.4689
2023-08-28 12:00:00,1.46887,1.46987,1.46851,1.46963
2023-08-28 13:00:00,1.4696500000000001,1.47173,1.46945,1.4705
2023-08-28 14:00:00,1.47047,1.4705599999999999,1.46882,1.46896
2023-08-28 15:00:00,1.46897,1.47022,1.46823,1.47001
2023-08-28 16:00:00,1.47004,1.47084,1.46708,1.46708
2023-08-28 17:00:00,1.4671,1.4684599999999999,1.4663300000000001,1.4681199999999999
2023-08-28 18:00:00,1.4681199999999999,1.47011,1.4681,1.46967
2023-08-28 19:00:00,1.4696799999999999,1.46991,1.46878,1.46887
2023-08-28 20:00:00,1.46888,1.47076,1.46882,1.4705
2023-08-28 21:00:00,1.4705,1.47083,1.4699900000000001,1.47066
2023-08-28 22:00:00,1.47068,1.47161,1.47024,1.47146
2023-08-28 23:00:00,1.47147,1.47149,1.4708700000000001,1.47122
2023-08-29 00:00:00,1.47119,1.47146,1.46867,1.47089
2023-08-29 01:00:00,1.47088,1.4718200000000001,1.47051,1.4717799999999999
2023-08-29 02:00:00,1.47181,1.47263,1.47179,1.47227
2023-08-29 03:00:00,1.47228,1.47278,1.4720900000000001,1.47235
2023-08-29 04:00:00,1.47235,1.47352,1.47232,1.47345
2023-08-29 05:00:00,1.47345,1.47345,1.47252,1.47294
2023-08-29 06:00:00,1.47295,1.4729999999999999,1.47222,1.47238
2023-08-29 07:00:00,1.47237,1.47245,1.47133,1.47135
2023-08-29 08:00:00,1.47135,1.47172,1.4708,1.47101
2023-08-29 09:00:00,1.471,1.47107,1.46979,1.47001
2023-08-29 10:00:00,1.47,1.47218,1.47,1.47184
2023-08-29 11:00:00,1.47186,1.47205,1.4703,1.47146
2023-08-29 12:00:00,1.47146,1.4714800000000001,1.47018,1.4708700000000001
2023-08-29 13:00:00,1.47086,1.47133,1.47023,1.47115
2023-08-29 14:00:00,1.4711400000000001,1.47289,1.47103,1.47214
2023-08-29 15:00:00,1.47214,1.47266,1.47035,1.4712100000000001
2023-08-29 16:00:00,1.4712,1.47258,1.4693399999999999,1.47247
2023-08-29 17:00:00,1.47238,1.4764300000000001,1.47191,1.47247
2023-08-29 18:00:00,1.47248,1.47455,1.47225,1.4745
2023-08-29 19:00:00,1.47449,1.47589,1.47385,1.47566
2023-08-29 20:00:00,1.47566,1.4763899999999999,1.47532,1.47581
2023-08-29 21:00:00,1.4758,1.4758,1.47387,1.4745599999999999
2023-08-29 22:00:00,1.47454,1.47657,1.47434,1.47597
2023-08-29 23:00:00,1.47597,1.47597,1.47393,1.47431
2023-08-30 00:00:00,1.47406,1.47516,1.47242,1.47425
2023-08-30 01:00:00,1.47427,1.47539,1.47415,1.47529
2023-08-30 02:00:00,1.4753,1.47542,1.4736,1.4736500000000001
2023-08-30 03:00:00,1.47364,1.4751400000000001,1.47336,1.47425
2023-08-30 04:00:00,1.47423,1.47519,1.47389,1.47449
2023-08-30 05:00:00,1.4745,1.47481,1.47414,1.47464
2023-08-30 06:00:00,1.4746299999999999,1.47477,1.47408,1.47447
2023-08-30 07:00:00,1.47449,1.47467,1.474,1.47416
2023-08-30 08:00:00,1.47416,1.47529,1.47351,1.47507
2023-08-30 09:00:00,1.47509,1.47591,1.47415,1.4746000000000001
2023-08-30 10:00:00,1.4746299999999999,1.47504,1.47285,1.47295
2023-08-30 11:00:00,1.47288,1.47447,1.47183,1.47396
2023-08-30 12:00:00,1.4739900000000001,1.47759,1.47377,1.4770699999999999
2023-08-30 13:00:00,1.47709,1.47719,1.47526,1.47671
2023-08-30 14:00:00,1.47667,1.47676,1.47534,1.47537
2023-08-30 15:00:00,1.47536,1.47926,1.47492,1.4785300000000001
2023-08-30 16:00:00,1.47855,1.48091,1.47797,1.4809
2023-08-30 17:00:00,1.48089,1.48237,1.4783,1.47855
2023-08-30 18:00:00,1.4785599999999999,1.47899,1.47658,1.4767700000000001
2023-08-30 19:00:00,1.47676,1.47852,1.47671,1.47847
2023-08-30 20:00:00,1.47847,1.47918,1.4779499999999999,1.4788299999999999
2023-08-30 21:00:00,1.4788299999999999,1.47902,1.47786,1.47794
2023-08-30 22:00:00,1.47794,1.47834,1.47748,1.4779900000000001
2023-08-30 23:00:00,1.4779900000000001,1.47833,1.47772,1.478
2023-08-31 00:00:00,1.47724,1.4785,1.47591,1.47824
2023-08-31 01:00:00,1.47838,1.47919,1.47807,1.47897
2023-08-31 02:00:00,1.47898,1.47946,1.47894,1.4791400000000001
2023-08-31 03:00:00,1.47916,1.47983,1.4788299999999999,1.47955
2023-08-31 04:00:00,1.47954,1.47954,1.47817,1.47827
2023-08-31 05:00:00,1.4782899999999999,1.47836,1.47775,1.4781
2023-08-31 06:00:00,1.4781,1.47868,1.47796,1.4785599999999999
2023-08-31 07:00:00,1.47855,1.4785599999999999,1.47796,1.47797
2023-08-31 08:00:00,1.47796,1.47828,1.47766,1.4777
2023-08-31 09:00:00,1.47772,1.47846,1.47683,1.47699
2023-08-31 10:00:00,1.47698,1.47719,1.47459,1.47459
2023-08-31 11:00:00,1.4746000000000001,1.47482,1.47275,1.4729999999999999
2023-08-31 12:00:00,1.47299,1.47359,1.47135,1.4732
2023-08-31 13:00:00,1.4732,1.4736,1.4717799999999999,1.47314
2023-08-31 14:00:00,1.47312,1.47356,1.47173,1.47204
2023-08-31 15:00:00,1.47204,1.47283,1.46996,1.47092
2023-08-31 16:00:00,1.47093,1.47106,1.4659200000000001,1.46757
2023-08-31 17:00:00,1.46757,1.46939,1.46699,1.4684
2023-08-31 18:00:00,1.46837,1.4689999999999999,1.46702,1.46747
2023-08-31 19:00:00,1.4674800000000001,1.46901,1.46737,1.468
2023-08-31 20:00:00,1.46801,1.46841,1.46703,1.4672100000000001
2023-08-31 21:00:00,1.46722,1.46728,1.4655,1.46597
2023-08-31 22:00:00,1.46597,1.4665,1.46463,1.46537
2023-08-31 23:00:00,1.46539,1.46571,1.46438,1.46457
2023-09-01 00:00:00,1.46447,1.46498,1.4629400000000001,1.46448
2023-09-01 01:00:00,1.46448,1.46484,1.4643,1.46482
2023-09-01 02:00:00,1.4647999999999999,1.46528,1.46475,1.4647700000000001
2023-09-01 03:00:00,1.46475,1.46501,1.46404,1.46417
2023-09-01 04:00:00,1.4642,1.46487,1.46322,1.46372
2023-09-01 05:00:00,1.46373,1.4647999999999999,1.46361,1.4644599999999999
2023-09-01 06:00:00,1.4645000000000001,1.4651,1.4645000000000001,1.46498
2023-09-01 07:00:00,1.46499,1.46527,1.46439,1.46519
2023-09-01 08:00:00,1.4652,1.4656500000000001,1.4651,1.46521
2023-09-01 09:00:00,1.4652,1.46622,1.46403,1.46608
2023-09-01 10:00:00,1.46607,1.46676,1.46441,1.46549
2023-09-01 11:00:00,1.46545,1.46621,1.46483,1.4656
2023-09-01 12:00:00,1.46559,1.46588,1.46472,1.46492
2023-09-01 13:00:00,1.46492,1.46516,1.46369,1.46375
2023-09-01 14:00:00,1.46375,1.46459,1.46339,1.4639
2023-09-01 15:00:00,1.46391,1.47252,1.46365,1.47133
2023-09-01 16:00:00,1.47131,1.47327,1.46937,1.47127
2023-09-01 17:00:00,1.47113,1.4711400000000001,1.46735,1.46757
2023-09-01 18:00:00,1.46756,1.4678200000000001,1.46505,1.46517
2023-09-01 19:00:00,1.46517,1.46767,1.4649,1.46692
2023-09-01 20:00:00,1.4669400000000001,1.46714,1.4659200000000001,1.46666
2023-09-01 21:00:00,1.46667,1.46682,1.46554,1.46585
2023-09-01 22:00:00,1.46585,1.46601,1.46468,1.46561
2023-09-01 23:00:00,1.46561,1.4657,1.46349,1.46386
2023-09-04 00:00:00,1.4652,1.4652,1.46352,1.46441
2023-09-04 01:00:00,1.4643,1.46515,1.4643,1.46479
2023-09-04 02:00:00,1.46475,1.46513,1.46455,1.46482
2023-09-04 03:00:00,1.46482,1.46522,1.46452,1.46512
2023-09-04 04:00:00,1.46515,1.46539,1.46497,1.46508
2023-09-04 05:00:00,1.4651,1.4656500000000001,1.46502,1.46542
2023-09-04 06:00:00,1.46539,1.46545,1.465,1.46516
2023-09-04 07:00:00,1.46515,1.46527,1.46469,1.46523
2023-09-04 08:00:00,1.46523,1.4654099999999999,1.4647999999999999,1.46502
2023-09-04 09:00:00,1.46502,1.4663,1.46457,1.46605
2023-09-04 10:00:00,1.46606,1.4684599999999999,1.46601,1.46715
2023-09-04 11:00:00,1.46713,1.46828,1.46706,1.46805
2023-09-04 12:00:00,1.46804,1.46913,1.46763,1.46788
2023-09-04 13:00:00,1.46789,1.46887,1.46753,1.46887
2023-09-04 14:00:00,1.46888,1.4694099999999999,1.46825,1.46836
2023-09-04 15:00:00,1.46835,1.46883,1.4678,1.46831
2023-09-04 16:00:00,1.46831,1.4687000000000001,1.46704,1.4671
2023-09-04 17:00:00,1.46708,1.46777,1.4662899999999999,1.46657
2023-09-04 18:00:00,1.46658,1.46808,1.46638,1.46795
2023-09-04 19:00:00,1.46793,1.46801,1.46713,1.46742
2023-09-04 20:00:00,1.46743,1.46761,1.46731,1.46744
2023-09-04 21:00:00,1.46744,1.46762,1.46737,1.4674
2023-09-04 22:00:00,1.4674,1.46757,1.46707,1.46726
2023-09-04 23:00:00,1.46725,1.4675799999999999,1.46677,1.46698
2023-09-05 00:00:00,1.46692,1.46718,1.4657,1.46677
2023-09-05 01:00:00,1.46677,1.46752,1.46672,1.46737
2023-09-05 02:00:00,1.46738,1.4676,1.46715,1.46745
2023-09-05 03:00:00,1.46744,1.46799,1.4672,1.46789
2023-09-05 04:00:00,1.46789,1.46827,1.46759,1.46791
2023-09-05 05:00:00,1.46791,1.46853,1.46754,1.46841
2023-09-05 06:00:00,1.46844,1.46889,1.46799,1.46889
2023-09-05 07:00:00,1.46887,1.46948,1.46886,1.46922
2023-09-05 08:00:00,1.46922,1.46987,1.46831,1.46986
2023-09-05 09:00:00,1.46985,1.47025,1.46709,1.46821
2023-09-05 10:00:00,1.46822,1.4700199999999999,1.46817,1.46896
2023-09-05 11:00:00,1.46896,1.46956,1.4681,1.46833
2023-09-05 12:00:00,1.46834,1.46874,1.46731,1.46747
2023-09-05 13:00:00,1.46746,1.46788,1.4659200000000001,1.4663300000000001
2023-09-05 14:00:00,1.46634,1.46645,1.46444,1.46496
2023-09-05 15:00:00,1.46495,1.46546,1.46298,1.46501
2023-09-05 16:00:00,1.4650400000000001,1.46532,1.46098,1.46166
2023-09-05 17:00:00,1.46166,1.46204,1.45999,1.46008
2023-09-05 18:00:00,1.46011,1.46061,1.45843,1.45971
2023-09-05 19:00:00,1.45972,1.46076,1.45888,1.46049
2023-09-05 20:00:00,1.46048,1.46187,1.46047,1.46116
2023-09-05 21:00:00,1.4611399999999999,1.46248,1.46099,1.46241
2023-09-05 22:00:00,1.46241,1.4627,1.46186,1.46244
2023-09-05 23:00:00,1.46245,1.46279,1.46223,1.46249
2023-09-06 00:00:00,1.46323,1.46334,1.46003,1.46207
2023-09-06 01:00:00,1.46204,1.46301,1.46182,1.46293
2023-09-06 02:00:00,1.46292,1.46307,1.4626000000000001,1.46272
2023-09-06 03:00:00,1.46276,1.4628700000000001,1.46224,1.46273
2023-09-06 04:00:00,1.46273,1.46317,1.4624,1.46301
2023-09-06 05:00:00,1.463,1.46439,1.46296,1.46435
2023-09-06 06:00:00,1.46436,1.4647000000000001,1.464,1.46442
2023-09-06 07:00:00,1.46441,1.46462,1.46393,1.46433
2023-09-06 08:00:00,1.46432,1.46447,1.46312,1.4632
2023-09-06 09:00:00,1.4632,1.46442,1.4620600000000001,1.46425
2023-09-06 10:00:00,1.46425,1.4674800000000001,1.4638200000000001,1.46579
2023-09-06 11:00:00,1.46578,1.46739,1.4654099999999999,1.46545
2023-09-06 12:00:00,1.46546,1.4660199999999999,1.4647000000000001,1.46543
2023-09-06 13:00:00,1.46544,1.4659900000000001,1.46471,1.46495
2023-09-06 14:00:00,1.46497,1.46648,1.46495,1.46632
2023-09-06 15:00:00,1.4663300000000001,1.46693,1.46528,1.46569
2023-09-06 16:00:00,1.46569,1.466,1.46221,1.46339
2023-09-06 17:00:00,1.46339,1.46428,1.45999,1.46332
2023-09-06 18:00:00,1.46333,1.46386,1.46248,1.46298
2023-09-06 19:00:00,1.46296,1.46498,1.46266,1.46458
2023-09-06 20:00:00,1.46461,1.46582,1.46461,1.46528
2023-09-06 21:00:00,1.46532,1.46533,1.4641899999999999,1.46429
2023-09-06 22:00:00,1.46428,1.46433,1.46255,1.4628999999999999
2023-09-06 23:00:00,1.46293,1.46311,1.46223,1.46248
2023-09-07 00:00:00,1.46259,1.46291,1.4614,1.46223
2023-09-07 01:00:00,1.46217,1.46278,1.4620600000000001,1.46256
2023-09-07 02:00:00,1.46255,1.46266,1.46219,1.46256
2023-09-07 03:00:00,1.46254,1.46317,1.4625,1.46285
2023-09-07 04:00:00,1.46284,1.46398,1.46264,1.46393
2023-09-07 05:00:00,1.4639199999999999,1.46407,1.46345,1.46405
2023-09-07 06:00:00,1.46407,1.46414,1.46353,1.46391
2023-09-07 07:00:00,1.4639199999999999,1.46413,1.46318,1.46322
2023-09-07 08:00:00,1.4632100000000001,1.4635500000000001,1.46286,1.463
2023-09-07 09:00:00,1.463,1.46302,1.4612,1.4614500000000001
2023-09-07 10:00:00,1.46143,1.46232,1.46099,1.46142
2023-09-07 11:00:00,1.4614099999999999,1.46186,1.46119,1.4613399999999999
2023-09-07 12:00:00,1.46132,1.46262,1.46068,1.46221
2023-09-07 13:00:00,1.46221,1.46222,1.46064,1.46142
2023-09-07 14:00:00,1.4614099999999999,1.46245,1.4614,1.4620600000000001
2023-09-07 15:00:00,1.46204,1.46245,1.45959,1.45983
2023-09-07 16:00:00,1.4598200000000001,1.46234,1.4598,1.46184
2023-09-07 17:00:00,1.46185,1.46342,1.4612,1.46281
2023-09-07 18:00:00,1.4628,1.46467,1.46179,1.46414
2023-09-07 19:00:00,1.46413,1.4662600000000001,1.4641,1.46527
2023-09-07 20:00:00,1.46527,1.46558,1.46327,1.46338
2023-09-07 21:00:00,1.46339,1.4645299999999999,1.46327,1.46339
2023-09-07 22:00:00,1.4634,1.4638499999999999,1.46268,1.46364
2023-09-07 23:00:00,1.46363,1.46383,1.4632100000000001,1.46347
2023-09-08 00:00:00,1.46319,1.46378,1.46214,1.46342
2023-09-08 01:00:00,1.46347,1.46405,1.4633099999999999,1.4636
2023-09-08 02:00:00,1.4636,1.46386,1.4634800000000001,1.46362
2023-09-08 03:00:00,1.46362,1.46574,1.4635500000000001,1.46562
2023-09-08 04:00:00,1.46562,1.46614,1.46506,1.46569
2023-09-08 05:00:00,1.4657,1.46573,1.46492,1.46522
2023-09-08 06:00:00,1.46522,1.46529,1.46475,1.46481
2023-09-08 07:00:00,1.46478,1.46492,1.46427,1.46431
2023-09-08 08:00:00,1.46431,1.46501,1.4640900000000001,1.46474
2023-09-08 09:00:00,1.46472,1.46486,1.46391,1.4640900000000001
2023-09-08 10:00:00,1.46408,1.4647299999999999,1.4628700000000001,1.4633
2023-09-08 11:00:00,1.4632800000000001,1.46482,1.46291,1.4641
2023-09-08 12:00:00,1.4641,1.46422,1.46231,1.46272
2023-09-08 13:00:00,1.46273,1.46284,1.46169,1.46196
2023-09-08 14:00:00,1.46195,1.46283,1.46155,1.46167
2023-09-08 15:00:00,1.4616799999999999,1.46276,1.45674,1.45796
2023-09-08 16:00:00,1.45797,1.46259,1.45782,1.4613399999999999
2023-09-08 17:00:00,1.46133,1.46277,1.45996,1.46102
2023-09-08 18:00:00,1.46103,1.46125,1.45861,1.4588
2023-09-08 19:00:00,1.4588,1.45966,1.45857,1.45883
2023-09-08 20:00:00,1.45883,1.46002,1.45877,1.45903
2023-09-08 21:00:00,1.45903,1.45981,1.45859,1.4595099999999999
2023-09-08 22:00:00,1.4595,1.45994,1.45933,1.4597
2023-09-08 23:00:00,1.4597,1.46,1.45912,1.45926
2023-09-11 00:00:00,1.4604300000000001,1.46128,1.45871,1.46074
2023-09-11 01:00:00,1.46065,1.46076,1.45977,1.46023
2023-09-11 02:00:00,1.46021,1.46072,1.45986,1.46041
2023-09-11 03:00:00,1.4604,1.46072,1.46009,1.46011
2023-09-11 04:00:00,1.46011,1.46086,1.45984,1.46054
2023-09-11 05:00:00,1.46052,1.46091,1.46029,1.46059
2023-09-11 06:00:00,1.46057,1.46079,1.46013,1.46036
2023-09-11 07:00:00,1.46036,1.4607999999999999,1.4601199999999999,1.4601199999999999
2023-09-11 08:00:00,1.46011,1.46062,1.45923,1.4592800000000001
2023-09-11 09:00:00,1.45927,1.4598499999999999,1.45858,1.45936
2023-09-11 10:00:00,1.45933,1.45968,1.4576500000000001,1.45855
2023-09-11 11:00:00,1.45855,1.46018,1.45827,1.45917
2023-09-11 12:00:00,1.45916,1.45937,1.45789,1.45904
2023-09-11 13:00:00,1.45904,1.45925,1.45849,1.45879
2023-09-11 14:00:00,1.45879,1.45885,1.45631,1.45651
2023-09-11 15:00:00,1.45652,1.45674,1.45568,1.45596
2023-09-11 16:00:00,1.45595,1.46007,1.4556200000000001,1.45968
2023-09-11 17:00:00,1.45974,1.46151,1.45962,1.46022
2023-09-11 18:00:00,1.46022,1.46147,1.4591,1.45915
2023-09-11 19:00:00,1.45916,1.46042,1.45898,1.4592
2023-09-11 20:00:00,1.45922,1.45929,1.4577499999999999,1.45858
2023-09-11 21:00:00,1.45858,1.45973,1.45858,1.4593
2023-09-11 22:00:00,1.4593099999999999,1.45983,1.4592,1.45972
2023-09-11 23:00:00,1.45973,1.45976,1.45872,1.45893
2023-09-12 00:00:00,1.45761,1.45959,1.4559,1.45911
2023-09-12 01:00:00,1.45915,1.45974,1.45895,1.45968
2023-09-12 02:00:00,1.45967,1.4598900000000001,1.45933,1.4594
2023-09-12 03:00:00,1.4594,1.4597,1.45926,1.45942
2023-09-12 04:00:00,1.45947,1.46204,1.4593,1.45932
2023-09-12 05:00:00,1.45934,1.45949,1.4586000000000001,1.45947
2023-09-12 06:00:00,1.45946,1.45949,1.4585,1.45868
2023-09-12 07:00:00,1.45871,1.4589400000000001,1.45844,1.4586000000000001
2023-09-12 08:00:00,1.4586299999999999,1.45901,1.45842,1.45874
2023-09-12 09:00:00,1.45875,1.45904,1.45663,1.45692
2023-09-12 10:00:00,1.4569,1.45743,1.45519,1.45522
2023-09-12 11:00:00,1.45522,1.45581,1.45481,1.4552
2023-09-12 12:00:00,1.45523,1.45638,1.45504,1.45561
2023-09-12 13:00:00,1.45563,1.4558,1.45508,1.45534
2023-09-12 14:00:00,1.45535,1.4558,1.45484,1.4558
2023-09-12 15:00:00,1.45578,1.45593,1.45326,1.45377
2023-09-12 16:00:00,1.45378,1.45535,1.45157,1.45278
2023-09-12 17:00:00,1.4527700000000001,1.45306,1.45118,1.4529
2023-09-12 18:00:00,1.45289,1.45432,1.4524,1.45365
2023-09-12 19:00:00,1.45366,1.45487,1.45354,1.45373
2023-09-12 20:00:00,1.45374,1.45478,1.45365,1.4543599999999999
2023-09-12 21:00:00,1.4543599999999999,1.45503,1.45411,1.45483
2023-09-12 22:00:00,1.45483,1.45542,1.4543,1.45465
2023-09-12 23:00:00,1.45465,1.45853,1.45441,1.45739
2023-09-13 00:00:00,1.45727,1.45879,1.45533,1.45821
2023-09-13 01:00:00,1.45823,1.45823,1.45744,1.4577
2023-09-13 02:00:00,1.4577,1.45807,1.45722,1.45726
2023-09-13 03:00:00,1.45728,1.4583599999999999,1.45726,1.4580899999999999
2023-09-13 04:00:00,1.45808,1.45862,1.45782,1.4583300000000001
2023-09-13 05:00:00,1.45831,1.45846,1.45756,1.4576500000000001
2023-09-13 06:00:00,1.4576500000000001,1.45805,1.45743,1.45754
2023-09-13 07:00:00,1.45754,1.45798,1.45731,1.45731
2023-09-13 08:00:00,1.45731,1.45735,1.45662,1.4567999999999999
2023-09-13 09:00:00,1.4567999999999999,1.45771,1.45645,1.4565299999999999
2023-09-13 10:00:00,1.45651,1.45755,1.45584,1.45706
2023-09-13 11:00:00,1.45705,1.4573,1.45515,1.45557
2023-09-13 12:00:00,1.45559,1.45625,1.45479,1.45482
2023-09-13 13:00:00,1.45482,1.45693,1.45482,1.4564
2023-09-13 14:00:00,1.45641,1.45683,1.4558200000000001,1.45598
2023-09-13 15:00:00,1.45599,1.45926,1.45473,1.45661
2023-09-13 16:00:00,1.4566,1.45724,1.45493,1.45519
2023-09-13 17:00:00,1.45519,1.45607,1.45251,1.45274
2023-09-13 18:00:00,1.45274,1.45387,1.45204,1.45301
2023-09-13 19:00:00,1.45301,1.45546,1.45301,1.45496
2023-09-13 20:00:00,1.4549699999999999,1.45613,1.45461,1.45588
2023-09-13 21:00:00,1.45587,1.45636,1.4553099999999999,1.45577
2023-09-13 22:00:00,1.45579,1.45599,1.45438,1.45453
2023-09-13 23:00:00,1.45454,1.45485,1.4534799999999999,1.45358
2023-09-14 00:00:00,1.45362,1.454,1.45168,1.4537
2023-09-14 01:00:00,1.45365,1.45455,1.4534799999999999,1.45432
2023-09-14 02:00:00,1.45432,1.45459,1.45397,1.45445
2023-09-14 03:00:00,1.45447,1.45451,1.45326,1.45331
2023-09-14 04:00:00,1.45331,1.45389,1.45298,1.45361
2023-09-14 05:00:00,1.45361,1.4543599999999999,1.45361,1.45422
2023-09-14 06:00:00,1.45425,1.45454,1.45412,1.45414
2023-09-14 07:00:00,1.45415,1.45454,1.4540899999999999,1.45437
2023-09-14 08:00:00,1.45437,1.45461,1.4540899999999999,1.4543300000000001
2023-09-14 09:00:00,1.4543300000000001,1.45499,1.45382,1.45395
2023-09-14 10:00:00,1.45394,1.45431,1.45297,1.45304
2023-09-14 11:00:00,1.45304,1.45392,1.45209,1.4522599999999999
2023-09-14 12:00:00,1.45227,1.45227,1.45139,1.45157
2023-09-14 13:00:00,1.45159,1.45199,1.45096,1.45122
2023-09-14 14:00:00,1.45123,1.45135,1.45038,1.45066
2023-09-14 15:00:00,1.4506700000000001,1.45269,1.4421599999999999,1.44377
2023-09-14 16:00:00,1.44378,1.4465,1.44174,1.44197
2023-09-14 17:00:00,1.44197,1.44298,1.44062,1.4414500000000001
2023-09-14 18:00:00,1.44144,1.44237,1.44001,1.4402300000000001
2023-09-14 19:00:00,1.44024,1.44046,1.43686,1.4369399999999999
2023-09-14 20:00:00,1.43693,1.4378,1.43582,1.43646
2023-09-14 21:00:00,1.43647,1.4380600000000001,1.4363299999999999,1.4367
2023-09-14 22:00:00,1.4367,1.43878,1.4365700000000001,1.43844
2023-09-14 23:00:00,1.43844,1.43869,1.43726,1.43751
2023-09-15 00:00:00,1.43628,1.43787,1.43503,1.4378
2023-09-15 01:00:00,1.4377,1.43814,1.43711,1.43808
2023-09-15 02:00:00,1.43808,1.43821,1.43726,1.43734
2023-09-15 03:00:00,1.43734,1.4380600000000001,1.43715,1.43802
2023-09-15 04:00:00,1.43804,1.43824,1.43689,1.4371
2023-09-15 05:00:00,1.43708,1.43751,1.43671,1.4371399999999999
2023-09-15 06:00:00,1.4371800000000001,1.4374799999999999,1.43706,1.43722
2023-09-15 07:00:00,1.43722,1.43772,1.43706,1.4377
2023-09-15 08:00:00,1.43767,1.43863,1.43754,1.43859
2023-09-15 09:00:00,1.43862,1.44047,1.43824,1.4393500000000001
2023-09-15 10:00:00,1.4393500000000001,1.44051,1.43857,1.43988
2023-09-15 11:00:00,1.4398900000000001,1.44098,1.43982,1.44068
2023-09-15 12:00:00,1.44067,1.44124,1.4401,1.44029
2023-09-15 13:00:00,1.44029,1.44125,1.44007,1.4403000000000001
2023-09-15 14:00:00,1.4403000000000001,1.44081,1.43997,1.44037
2023-09-15 15:00:00,1.44036,1.44217,1.44013,1.44201
2023-09-15 16:00:00,1.44203,1.44496,1.44196,1.44307
2023-09-15 17:00:00,1.44309,1.44596,1.44231,1.44234
2023-09-15 18:00:00,1.44235,1.44366,1.44136,1.44136
2023-09-15 19:00:00,1.44137,1.44284,1.44115,1.44268
2023-09-15 20:00:00,1.44269,1.44416,1.44231,1.44248
2023-09-15 21:00:00,1.44248,1.4429400000000001,1.44103,1.44103
2023-09-15 22:00:00,1.44104,1.44187,1.44077,1.44178
2023-09-15 23:00:00,1.44178,1.44214,1.4411,1.4412099999999999
2023-09-18 00:00:00,1.44106,1.44218,1.4403000000000001,1.442
2023-09-18 01:00:00,1.44195,1.44265,1.44184,1.44225
2023-09-18 02:00:00,1.44223,1.4426700000000001,1.4419,1.44251
2023-09-18 03:00:00,1.44249,1.44288,1.4423300000000001,1.44256
2023-09-18 04:00:00,1.44257,1.44259,1.44167,1.44178
2023-09-18 05:00:00,1.44177,1.4420600000000001,1.44151,1.44194
2023-09-18 06:00:00,1.44195,1.44225,1.4414500000000001,1.44149
2023-09-18 07:00:00,1.44149,1.44163,1.44125,1.44141
2023-09-18 08:00:00,1.44141,1.44164,1.44106,1.4412
2023-09-18 09:00:00,1.4412,1.44176,1.43963,1.43963
2023-09-18 10:00:00,1.43963,1.44029,1.43895,1.44027
2023-09-18 11:00:00,1.4402599999999999,1.4415,1.44022,1.44078
2023-09-18 12:00:00,1.44077,1.44176,1.44011,1.44158
2023-09-18 13:00:00,1.44157,1.44165,1.44055,1.44058
2023-09-18 14:00:00,1.44059,1.4416,1.44024,1.44044
2023-09-18 15:00:00,1.44044,1.4405299999999999,1.43864,1.43869
2023-09-18 16:00:00,1.43869,1.44098,1.43688,1.44039
2023-09-18 17:00:00,1.44041,1.44086,1.43796,1.44022
2023-09-18 18:00:00,1.44022,1.44303,1.44008,1.44187
2023-09-18 19:00:00,1.44186,1.44189,1.4405299999999999,1.44125
2023-09-18 20:00:00,1.44125,1.44201,1.4409100000000001,1.44192
2023-09-18 21:00:00,1.44192,1.44204,1.4407,1.44092
2023-09-18 22:00:00,1.44092,1.44184,1.4409100000000001,1.44171
2023-09-18 23:00:00,1.44171,1.44226,1.4415200000000001,1.44178
2023-09-19 00:00:00,1.4411800000000001,1.44214,1.4383,1.44195
2023-09-19 01:00:00,1.44194,1.44215,1.44133,1.44208
2023-09-19 02:00:00,1.4421,1.4422,1.44193,1.44196
2023-09-19 03:00:00,1.44196,1.44207,1.44093,1.441
2023-09-19 04:00:00,1.44102,1.44103,1.43995,1.44096
2023-09-19 05:00:00,1.44097,1.44105,1.44011,1.44011
2023-09-19 06:00:00,1.4401,1.44025,1.4396900000000001,1.43971
2023-09-19 07:00:00,1.43971,1.44006,1.4393,1.4393099999999999
2023-09-19 08:00:00,1.4393,1.43968,1.43916,1.43936
2023-09-19 09:00:00,1.43936,1.43971,1.43883,1.43902
2023-09-19 10:00:00,1.43902,1.43946,1.4377900000000001,1.43923
2023-09-19 11:00:00,1.43924,1.43927,1.4365299999999999,1.43749
2023-09-19 12:00:00,1.4374500000000001,1.43825,1.43674,1.43723
2023-09-19 13:00:00,1.4372500000000001,1.43913,1.43682,1.43829
2023-09-19 14:00:00,1.43831,1.43861,1.43733,1.4375499999999999
2023-09-19 15:00:00,1.4375200000000001,1.43767,1.43277,1.43364
2023-09-19 16:00:00,1.43365,1.43385,1.43035,1.4328699999999999
2023-09-19 17:00:00,1.43289,1.43384,1.43093,1.43381
2023-09-19 18:00:00,1.43381,1.43529,1.43359,1.43496
2023-09-19 19:00:00,1.43495,1.4365700000000001,1.43494,1.43648
2023-09-19 20:00:00,1.43647,1.43695,1.43594,1.43656
2023-09-19 21:00:00,1.43658,1.43658,1.4352800000000001,1.43543
2023-09-19 22:00:00,1.43543,1.43575,1.43522,1.43567
2023-09-19 23:00:00,1.43566,1.43634,1.43557,1.4359899999999999
2023-09-20 00:00:00,1.43584,1.43605,1.43338,1.43583
2023-09-20 01:00:00,1.43581,1.43645,1.43547,1.43642
2023-09-20 02:00:00,1.43643,1.43655,1.43579,1.43581
2023-09-20 03:00:00,1.43583,1.4369399999999999,1.43574,1.43662
2023-09-20 04:00:00,1.43662,1.43705,1.43631,1.43704
2023-09-20 05:00:00,1.43705,1.43818,1.43704,1.4379
2023-09-20 06:00:00,1.43792,1.43798,1.43759,1.43767
2023-09-20 07:00:00,1.43766,1.43772,1.43716,1.43717
2023-09-20 08:00:00,1.4372099999999999,1.4377900000000001,1.43676,1.43742
2023-09-20 09:00:00,1.43743,1.43864,1.43648,1.43715
2023-09-20 10:00:00,1.43715,1.43799,1.4357199999999999,1.4378199999999999
2023-09-20 11:00:00,1.4378199999999999,1.43846,1.43723,1.4382
2023-09-20 12:00:00,1.43819,1.43854,1.43703,1.43705
2023-09-20 13:00:00,1.43705,1.43778,1.4369,1.43738
2023-09-20 14:00:00,1.43738,1.43762,1.43606,1.43722
2023-09-20 15:00:00,1.43722,1.4376,1.43605,1.43754
2023-09-20 16:00:00,1.43753,1.43821,1.43595,1.4371800000000001
2023-09-20 17:00:00,1.4371800000000001,1.43912,1.43696,1.4374799999999999
2023-09-20 18:00:00,1.43747,1.4386,1.4358,1.4384700000000001
2023-09-20 19:00:00,1.43846,1.43955,1.43774,1.4389
2023-09-20 20:00:00,1.43889,1.43945,1.43792,1.43839
2023-09-20 21:00:00,1.4384299999999999,1.43876,1.43433,1.4359600000000001
2023-09-20 22:00:00,1.4359600000000001,1.4368,1.43544,1.43585
2023-09-20 23:00:00,1.43584,1.43636,1.43469,1.43494
2023-09-21 00:00:00,1.43473,1.43503,1.43092,1.43454
2023-09-21 01:00:00,1.43448,1.43561,1.43434,1.43555
2023-09-21 02:00:00,1.43555,1.43561,1.43493,1.4352
2023-09-21 03:00:00,1.43521,1.43521,1.4332,1.43331
2023-09-21 04:00:00,1.4332799999999999,1.43394,1.4332099999999999,1.43375
2023-09-21 05:00:00,1.43374,1.43482,1.43269,1.43434
2023-09-21 06:00:00,1.43436,1.4350800000000001,1.43425,1.4346999999999999
2023-09-21 07:00:00,1.4346999999999999,1.4350800000000001,1.43442,1.4348
2023-09-21 08:00:00,1.43481,1.43497,1.43429,1.43468
2023-09-21 09:00:00,1.43469,1.43727,1.43448,1.4365299999999999
2023-09-21 10:00:00,1.43652,1.43828,1.43487,1.4372
2023-09-21 11:00:00,1.43719,1.4394,1.43674,1.43788
2023-09-21 12:00:00,1.43789,1.43897,1.43766,1.43799
2023-09-21 13:00:00,1.438,1.43981,1.43764,1.4381599999999999
2023-09-21 14:00:00,1.4381599999999999,1.43817,1.43669,1.43695
2023-09-21 15:00:00,1.43695,1.43753,1.43612,1.43712
2023-09-21 16:00:00,1.43712,1.43977,1.4363299999999999,1.43791
2023-09-21 17:00:00,1.43787,1.43956,1.4377499999999999,1.43841
2023-09-21 18:00:00,1.43839,1.43873,1.43628,1.438
2023-09-21 19:00:00,1.438,1.4381300000000001,1.43585,1.43593
2023-09-21 20:00:00,1.43594,1.43702,1.43574,1.43628
2023-09-21 21:00:00,1.43627,1.43735,1.43597,1.436
2023-09-21 22:00:00,1.43603,1.43763,1.43583,1.43729
2023-09-21 23:00:00,1.4373,1.43774,1.43702,1.43731
2023-09-22 00:00:00,1.4359199999999999,1.43734,1.4349,1.43672
2023-09-22 01:00:00,1.43646,1.43711,1.43641,1.43688
2023-09-22 02:00:00,1.4368400000000001,1.4368699999999999,1.43634,1.43667
2023-09-22 03:00:00,1.43667,1.43686,1.43597,1.43616
2023-09-22 04:00:00,1.43616,1.43616,1.43373,1.43412
2023-09-22 05:00:00,1.43411,1.4344700000000001,1.43363,1.43412
2023-09-22 06:00:00,1.43412,1.43433,1.4335499999999999,1.43388
2023-09-22 07:00:00,1.43388,1.43476,1.43388,1.4344299999999999
2023-09-22 08:00:00,1.43439,1.43486,1.4341300000000001,1.43428
2023-09-22 09:00:00,1.43429,1.43586,1.43407,1.43574
2023-09-22 10:00:00,1.43575,1.43674,1.43058,1.43395
2023-09-22 11:00:00,1.43405,1.4346999999999999,1.43252,1.43322
2023-09-22 12:00:00,1.43324,1.4335499999999999,1.43103,1.43191
2023-09-22 13:00:00,1.43189,1.4323299999999999,1.43053,1.43075
2023-09-22 14:00:00,1.4307400000000001,1.4311,1.42868,1.4289399999999999
2023-09-22 15:00:00,1.42892,1.43342,1.42848,1.43266
2023-09-22 16:00:00,1.43262,1.43393,1.43079,1.43372
2023-09-22 17:00:00,1.4337,1.43444,1.4325,1.43432
2023-09-22 18:00:00,1.4343,1.43602,1.43426,1.43556
2023-09-22 19:00:00,1.43558,1.43615,1.43495,1.43533
2023-09-22 20:00:00,1.43532,1.43705,1.4352800000000001,1.43644
2023-09-22 21:00:00,1.43645,1.43668,1.43471,1.4347400000000001
2023-09-22 22:00:00,1.43475,1.43552,1.43408,1.43492
2023-09-22 23:00:00,1.43489,1.43537,1.4340899999999999,1.435
2023-09-25 00:00:00,1.43339,1.43556,1.4331800000000001,1.43455
2023-09-25 01:00:00,1.43436,1.43509,1.43373,1.4350800000000001
2023-09-25 02:00:00,1.43505,1.4355,1.43494,1.43502
2023-09-25 03:00:00,1.4350100000000001,1.43568,1.43499,1.43557
2023-09-25 04:00:00,1.43556,1.43577,1.43479,1.43576
2023-09-25 05:00:00,1.43575,1.43603,1.43527,1.4356200000000001
2023-09-25 06:00:00,1.43563,1.43619,1.43554,1.43604
2023-09-25 07:00:00,1.43605,1.43605,1.43551,1.43554
2023-09-25 08:00:00,1.43555,1.43571,1.43505,1.43568
2023-09-25 09:00:00,1.4357,1.43617,1.43498,1.435
2023-09-25 10:00:00,1.43498,1.43574,1.43243,1.43339
2023-09-25 11:00:00,1.43342,1.4341,1.43232,1.4326699999999999
2023-09-25 12:00:00,1.43266,1.43303,1.43209,1.43229
2023-09-25 13:00:00,1.43228,1.43244,1.43149,1.43156
2023-09-25 14:00:00,1.43155,1.4323000000000001,1.43093,1.43122
2023-09-25 15:00:00,1.43123,1.43153,1.42987,1.43028
2023-09-25 16:00:00,1.43032,1.43059,1.4280300000000001,1.4283000000000001
2023-09-25 17:00:00,1.42831,1.42884,1.42567,1.42645
2023-09-25 18:00:00,1.42646,1.427,1.4256,1.42693
2023-09-25 19:00:00,1.42695,1.4273799999999999,1.4255499999999999,1.42606
2023-09-25 20:00:00,1.42607,1.4274200000000001,1.42583,1.42706
2023-09-25 21:00:00,1.42705,1.4274200000000001,1.42593,1.42603
2023-09-25 22:00:00,1.42602,1.42645,1.42544,1.4255
2023-09-25 23:00:00,1.42548,1.42565,1.42474,1.42505
2023-09-26 00:00:00,1.42513,1.42513,1.42414,1.42487
2023-09-26 01:00:00,1.42497,1.42542,1.42474,1.42505
2023-09-26 02:00:00,1.42505,1.42519,1.4245,1.42452
2023-09-26 03:00:00,1.42454,1.42461,1.42389,1.42452
2023-09-26 04:00:00,1.4245,1.42488,1.4240300000000001,1.4248
2023-09-26 05:00:00,1.42479,1.42574,1.42444,1.42532
2023-09-26 06:00:00,1.4253,1.42666,1.42529,1.4264000000000001
2023-09-26 07:00:00,1.4264299999999999,1.42734,1.42631,1.4273
2023-09-26 08:00:00,1.42724,1.42728,1.42615,1.42668
2023-09-26 09:00:00,1.42666,1.42716,1.42583,1.42588
2023-09-26 10:00:00,1.42585,1.4291800000000001,1.42585,1.42853
2023-09-26 11:00:00,1.42848,1.42951,1.42816,1.42939
2023-09-26 12:00:00,1.42938,1.42993,1.42901,1.42963
2023-09-26 13:00:00,1.42962,1.43036,1.4294,1.4297
2023-09-26 14:00:00,1.42969,1.43201,1.4295,1.43176
2023-09-26 15:00:00,1.43175,1.43252,1.43091,1.43173
2023-09-26 16:00:00,1.43174,1.43219,1.42871,1.42935
2023-09-26 17:00:00,1.42932,1.43087,1.4273500000000001,1.42779
2023-09-26 18:00:00,1.4276200000000001,1.429,1.4273799999999999,1.42825
2023-09-26 19:00:00,1.4282599999999999,1.42875,1.4274499999999999,1.42786
2023-09-26 20:00:00,1.42788,1.42902,1.42776,1.42838
2023-09-26 21:00:00,1.42839,1.42895,1.42831,1.4286400000000001
2023-09-26 22:00:00,1.42862,1.42917,1.42839,1.42874
2023-09-26 23:00:00,1.42875,1.42947,1.42854,1.42898
2023-09-27 00:00:00,1.4285700000000001,1.429,1.4267400000000001,1.42866
2023-09-27 01:00:00,1.42861,1.42937,1.4285700000000001,1.42919
2023-09-27 02:00:00,1.4292099999999999,1.42945,1.42865,1.42881
2023-09-27 03:00:00,1.4288,1.42899,1.4274200000000001,1.42778
2023-09-27 04:00:00,1.42779,1.42804,1.42682,1.42707
2023-09-27 05:00:00,1.42706,1.4280300000000001,1.42678,1.4279600000000001
2023-09-27 06:00:00,1.42795,1.42841,1.4274499999999999,1.42784
2023-09-27 07:00:00,1.42783,1.42807,1.42739,1.42754
2023-09-27 08:00:00,1.42754,1.42811,1.42728,1.4277
2023-09-27 09:00:00,1.4276900000000001,1.42911,1.4276900000000001,1.42901
2023-09-27 10:00:00,1.42904,1.4296,1.42832,1.42852
2023-09-27 11:00:00,1.42851,1.4285999999999999,1.42724,1.42755
2023-09-27 12:00:00,1.42754,1.42969,1.42725,1.42926
2023-09-27 13:00:00,1.42929,1.42933,1.42757,1.42842
2023-09-27 14:00:00,1.4284,1.42849,1.4256199999999999,1.42634
2023-09-27 15:00:00,1.42636,1.42663,1.42465,1.42505
2023-09-27 16:00:00,1.42504,1.42541,1.42008,1.42131
2023-09-27 17:00:00,1.4213,1.4219300000000001,1.41974,1.42056
2023-09-27 18:00:00,1.42057,1.4219,1.4199899999999999,1.4200300000000001
2023-09-27 19:00:00,1.42004,1.42029,1.41886,1.41961
2023-09-27 20:00:00,1.41964,1.4212,1.41901,1.4194
2023-09-27 21:00:00,1.4194200000000001,1.41971,1.41738,1.41941
2023-09-27 22:00:00,1.4194200000000001,1.41966,1.4182000000000001,1.41898
2023-09-27 23:00:00,1.41899,1.41913,1.41734,1.41751
2023-09-28 00:00:00,1.41734,1.41824,1.41626,1.4175200000000001
2023-09-28 01:00:00,1.41749,1.41803,1.41747,1.4179300000000001
2023-09-28 02:00:00,1.41797,1.41838,1.41778,1.41819
2023-09-28 03:00:00,1.4182000000000001,1.41896,1.4181599999999999,1.41849
2023-09-28 04:00:00,1.4184999999999999,1.41856,1.41743,1.41745
2023-09-28 05:00:00,1.41744,1.41771,1.41665,1.4169100000000001
2023-09-28 06:00:00,1.41693,1.41769,1.41692,1.41724
2023-09-28 07:00:00,1.4172500000000001,1.41748,1.41692,1.4169399999999999
2023-09-28 08:00:00,1.41695,1.41765,1.41587,1.41742
2023-09-28 09:00:00,1.4174,1.41782,1.4157,1.4163299999999999
2023-09-28 10:00:00,1.41634,1.41958,1.41625,1.41928
2023-09-28 11:00:00,1.41927,1.42134,1.41866,1.41936
2023-09-28 12:00:00,1.41943,1.42161,1.4193,1.42142
2023-09-28 13:00:00,1.42144,1.42232,1.42104,1.4223
2023-09-28 14:00:00,1.42231,1.4228399999999999,1.42097,1.42105
2023-09-28 15:00:00,1.42108,1.42292,1.41937,1.41941
2023-09-28 16:00:00,1.4193799999999999,1.42432,1.41936,1.42432
2023-09-28 17:00:00,1.4242,1.42594,1.4231500000000001,1.42553
2023-09-28 18:00:00,1.42551,1.42629,1.42469,1.42515
2023-09-28 19:00:00,1.42516,1.42529,1.42332,1.42362
2023-09-28 20:00:00,1.42361,1.42568,1.4235,1.42533
2023-09-28 21:00:00,1.42535,1.42659,1.42482,1.4249800000000001
2023-09-28 22:00:00,1.425,1.42574,1.42452,1.42511
2023-09-28 23:00:00,1.42509,1.42551,1.42462,1.42479
2023-09-29 00:00:00,1.42468,1.4249800000000001,1.42251,1.4248
2023-09-29 01:00:00,1.42485,1.42495,1.4242,1.42492
2023-09-29 02:00:00,1.42483,1.42499,1.42422,1.42493
2023-09-29 03:00:00,1.42495,1.42689,1.42495,1.4264700000000001
2023-09-29 04:00:00,1.42652,1.42725,1.4261599999999999,1.42665
2023-09-29 05:00:00,1.42668,1.42695,1.42549,1.42575
2023-09-29 06:00:00,1.42573,1.42619,1.42551,1.42584
2023-09-29 07:00:00,1.4258600000000001,1.42621,1.4256199999999999,1.42621
2023-09-29 08:00:00,1.4262000000000001,1.42651,1.42537,1.42565
2023-09-29 09:00:00,1.42569,1.42603,1.42319,1.4251
2023-09-29 10:00:00,1.42507,1.42691,1.42479,1.42596
2023-09-29 11:00:00,1.42597,1.42755,1.4252799999999999,1.42703
2023-09-29 12:00:00,1.4271,1.4271,1.4246400000000001,1.42475
2023-09-29 13:00:00,1.42474,1.42506,1.4232,1.4243299999999999
2023-09-29 14:00:00,1.42434,1.42458,1.4219300000000001,1.4227699999999999
2023-09-29 15:00:00,1.42276,1.42535,1.42226,1.4233799999999999
2023-09-29 16:00:00,1.42332,1.4261599999999999,1.42332,1.42512
2023-09-29 17:00:00,1.42511,1.43157,1.42479,1.43129
2023-09-29 18:00:00,1.43127,1.43288,1.43018,1.4327
2023-09-29 19:00:00,1.43268,1.43312,1.4317199999999999,1.43261
2023-09-29 20:00:00,1.43259,1.43375,1.43255,1.43331
2023-09-29 21:00:00,1.4332799999999999,1.43491,1.43327,1.43395
2023-09-29 22:00:00,1.43397,1.43611,1.43305,1.43595
2023-09-29 23:00:00,1.43593,1.436,1.43438,1.43564
2023-10-02 00:00:00,1.43369,1.4340899999999999,1.43186,1.4339
2023-10-02 01:00:00,1.43387,1.4343,1.43324,1.4338
2023-10-02 02:00:00,1.43378,1.4341599999999999,1.43359,1.43385
2023-10-02 03:00:00,1.4338600000000001,1.43419,1.43339,1.43402
2023-10-02 04:00:00,1.43403,1.43486,1.4338600000000001,1.43475
2023-10-02 05:00:00,1.43473,1.4353,1.43446,1.43479
2023-10-02 06:00:00,1.43478,1.43546,1.43465,1.43546
2023-10-02 07:00:00,1.43544,1.43608,1.4353500000000001,1.43605
2023-10-02 08:00:00,1.43606,1.4365,1.43579,1.43597
2023-10-02 09:00:00,1.4359199999999999,1.43624,1.43407,1.43618
2023-10-02 10:00:00,1.43616,1.43688,1.43522,1.4359199999999999
2023-10-02 11:00:00,1.43593,1.43639,1.43489,1.43579
2023-10-02 12:00:00,1.43579,1.4359199999999999,1.43381,1.4341599999999999
2023-10-02 13:00:00,1.4342,1.43434,1.4332,1.43429
2023-10-02 14:00:00,1.4343,1.43435,1.433,1.43313
2023-10-02 15:00:00,1.4331,1.43469,1.43283,1.43465
2023-10-02 16:00:00,1.43463,1.43737,1.43403,1.435
2023-10-02 17:00:00,1.43491,1.43675,1.434,1.43407
2023-10-02 18:00:00,1.43408,1.43638,1.43407,1.4348
2023-10-02 19:00:00,1.43482,1.43503,1.43356,1.43461
2023-10-02 20:00:00,1.4346,1.43567,1.43435,1.43435
2023-10-02 21:00:00,1.43437,1.43471,1.4335499999999999,1.43445
2023-10-02 22:00:00,1.43446,1.4350399999999999,1.43269,1.43283
2023-10-02 23:00:00,1.43282,1.43344,1.4324,1.43271
2023-10-03 00:00:00,1.43161,1.4338,1.42902,1.43269
2023-10-03 01:00:00,1.43253,1.43334,1.43234,1.43304
2023-10-03 02:00:00,1.43301,1.43357,1.43301,1.43317
2023-10-03 03:00:00,1.4331800000000001,1.4336,1.43207,1.43263
2023-10-03 04:00:00,1.43258,1.434,1.43247,1.43365
2023-10-03 05:00:00,1.43367,1.43402,1.43311,1.43362
2023-10-03 06:00:00,1.43363,1.43376,1.43312,1.43339
2023-10-03 07:00:00,1.43341,1.43451,1.43326,1.43446
2023-10-03 08:00:00,1.43448,1.43519,1.43411,1.43505
2023-10-03 09:00:00,1.4350399999999999,1.4351,1.43329,1.43398
2023-10-03 10:00:00,1.43399,1.43678,1.43397,1.43671
2023-10-03 11:00:00,1.4367,1.43688,1.43561,1.43614
2023-10-03 12:00:00,1.43615,1.43952,1.43567,1.43808
2023-10-03 13:00:00,1.43807,1.43831,1.4368,1.43736
2023-10-03 14:00:00,1.43734,1.43784,1.43597,1.43666
2023-10-03 15:00:00,1.43665,1.4378199999999999,1.43385,1.4344999999999999
2023-10-03 16:00:00,1.43449,1.43561,1.43258,1.43489
2023-10-03 17:00:00,1.43491,1.43715,1.43339,1.43713
2023-10-03 18:00:00,1.43712,1.4374500000000001,1.4338899999999999,1.43426
2023-10-03 19:00:00,1.43425,1.43522,1.4332799999999999,1.43489
2023-10-03 20:00:00,1.43488,1.43581,1.43431,1.4353799999999999
2023-10-03 21:00:00,1.43537,1.43646,1.43506,1.43589
2023-10-03 22:00:00,1.43591,1.43647,1.43519,1.4354
2023-10-03 23:00:00,1.43542,1.43567,1.43417,1.4343
2023-10-04 00:00:00,1.43421,1.43487,1.43293,1.43428
2023-10-04 01:00:00,1.43429,1.43485,1.4342,1.4344999999999999
2023-10-04 02:00:00,1.43449,1.4353099999999999,1.43437,1.43515
2023-10-04 03:00:00,1.4351099999999999,1.43575,1.43472,1.43479
2023-10-04 04:00:00,1.4347699999999999,1.43534,1.43451,1.43465
2023-10-04 05:00:00,1.43464,1.4351099999999999,1.43415,1.43438
2023-10-04 06:00:00,1.43438,1.4346700000000001,1.43425,1.43434
2023-10-04 07:00:00,1.43431,1.43454,1.43373,1.43408
2023-10-04 08:00:00,1.4340600000000001,1.43514,1.4337900000000001,1.43475
2023-10-04 09:00:00,1.43478,1.43496,1.43372,1.43458
2023-10-04 10:00:00,1.43457,1.43716,1.43397,1.43692
2023-10-04 11:00:00,1.43688,1.43735,1.43594,1.43604
2023-10-04 12:00:00,1.43602,1.43832,1.43578,1.43776
2023-10-04 13:00:00,1.43774,1.4405700000000001,1.43762,1.44016
2023-10-04 14:00:00,1.44014,1.44106,1.43882,1.43887
2023-10-04 15:00:00,1.43886,1.4449100000000001,1.4387400000000001,1.44387
2023-10-04 16:00:00,1.44385,1.4451800000000001,1.44271,1.44364
2023-10-04 17:00:00,1.4438,1.44534,1.44237,1.44516
2023-10-04 18:00:00,1.4451399999999999,1.44669,1.4445999999999999,1.4452099999999999
2023-10-04 19:00:00,1.44524,1.44556,1.44339,1.4438900000000001
2023-10-04 20:00:00,1.44388,1.4449,1.44364,1.44474
2023-10-04 21:00:00,1.44478,1.4451,1.44348,1.44398
2023-10-04 22:00:00,1.444,1.44512,1.44346,1.44495
2023-10-04 23:00:00,1.44493,1.4452,1.44329,1.44367
2023-10-05 00:00:00,1.44344,1.4435799999999999,1.44167,1.44351
2023-10-05 01:00:00,1.44355,1.4441899999999999,1.4433799999999999,1.44416
2023-10-05 02:00:00,1.44413,1.4442599999999999,1.44371,1.4439899999999999
2023-10-05 03:00:00,1.4439600000000001,1.44567,1.44394,1.44532
2023-10-05 04:00:00,1.44531,1.4456,1.444,1.44438
2023-10-05 05:00:00,1.4444,1.44443,1.4433799999999999,1.44361
2023-10-05 06:00:00,1.4436200000000001,1.44378,1.44317,1.44322
2023-10-05 07:00:00,1.44323,1.4434,1.44286,1.44288
2023-10-05 08:00:00,1.44289,1.44413,1.44286,1.4432
2023-10-05 09:00:00,1.44316,1.4438900000000001,1.44288,1.44329
2023-10-05 10:00:00,1.4433,1.44642,1.44319,1.44561
2023-10-05 11:00:00,1.44561,1.44777,1.44515,1.44775
2023-10-05 12:00:00,1.44776,1.44892,1.44724,1.44749
2023-10-05 13:00:00,1.44748,1.44873,1.44658,1.4479899999999999
2023-10-05 14:00:00,1.448,1.44836,1.44696,1.44736
2023-10-05 15:00:00,1.44736,1.44825,1.44467,1.44626
2023-10-05 16:00:00,1.44625,1.44787,1.44574,1.44652
2023-10-05 17:00:00,1.44651,1.44655,1.4439600000000001,1.44574
2023-10-05 18:00:00,1.44574,1.44657,1.44519,1.44587
2023-10-05 19:00:00,1.44587,1.44675,1.44562,1.44593
2023-10-05 20:00:00,1.44594,1.4463300000000001,1.44472,1.44512
2023-10-05 21:00:00,1.4451100000000001,1.44741,1.4451100000000001,1.44693
2023-10-05 22:00:00,1.44693,1.44693,1.4458199999999999,1.44617
2023-10-05 23:00:00,1.44618,1.44642,1.44557,1.44563
2023-10-06 00:00:00,1.44465,1.44595,1.44348,1.4457900000000001
2023-10-06 01:00:00,1.4458,1.44619,1.44557,1.44558
2023-10-06 02:00:00,1.44557,1.44576,1.44533,1.44551
2023-10-06 03:00:00,1.4455200000000001,1.44597,1.44507,1.4451
2023-10-06 04:00:00,1.4451100000000001,1.44532,1.44473,1.4452
2023-10-06 05:00:00,1.44519,1.44556,1.44507,1.44519
2023-10-06 06:00:00,1.44519,1.44559,1.4451399999999999,1.44525
2023-10-06 07:00:00,1.44527,1.4457200000000001,1.44515,1.44546
2023-10-06 08:00:00,1.44546,1.44608,1.44544,1.44593
2023-10-06 09:00:00,1.44593,1.44612,1.4454099999999999,1.44546
2023-10-06 10:00:00,1.4454799999999999,1.44673,1.44474,1.4448400000000001
2023-10-06 11:00:00,1.44486,1.44625,1.44486,1.44616
2023-10-06 12:00:00,1.44616,1.44764,1.4460899999999999,1.44708
2023-10-06 13:00:00,1.44708,1.44768,1.44668,1.44699
2023-10-06 14:00:00,1.44699,1.44935,1.44661,1.44931
2023-10-06 15:00:00,1.44932,1.44968,1.4377499999999999,1.43942
2023-10-06 16:00:00,1.43945,1.44165,1.43891,1.44156
2023-10-06 17:00:00,1.44157,1.44706,1.44156,1.44502
2023-10-06 18:00:00,1.44501,1.44854,1.44494,1.44692
2023-10-06 19:00:00,1.44691,1.44696,1.44571,1.44618
2023-10-06 20:00:00,1.4462,1.44719,1.44567,1.44648
2023-10-06 21:00:00,1.44646,1.44685,1.44596,1.44654
2023-10-06 22:00:00,1.44651,1.44732,1.44611,1.4469
2023-10-06 23:00:00,1.44688,1.4469,1.4451800000000001,1.4458199999999999
2023-10-09 00:00:00,1.44132,1.44498,1.44132,1.44352
2023-10-09 01:00:00,1.44353,1.44412,1.44163,1.4435
2023-10-09 02:00:00,1.44352,1.44412,1.44314,1.44351
2023-10-09 03:00:00,1.44352,1.44377,1.44191,1.44223
2023-10-09 04:00:00,1.44222,1.44231,1.44086,1.44125
2023-10-09 05:00:00,1.44126,1.44167,1.44083,1.44167
2023-10-09 06:00:00,1.44165,1.4417200000000001,1.44113,1.44146
2023-10-09 07:00:00,1.44144,1.44144,1.44103,1.44124
2023-10-09 08:00:00,1.44128,1.44186,1.44075,1.44088
2023-10-09 09:00:00,1.44093,1.44134,1.4390100000000001,1.44013
2023-10-09 10:00:00,1.4401,1.4408699999999999,1.43844,1.43858
2023-10-09 11:00:00,1.43856,1.44008,1.43795,1.44001
2023-10-09 12:00:00,1.44003,1.44015,1.4384000000000001,1.4387400000000001
2023-10-09 13:00:00,1.4387400000000001,1.4392800000000001,1.4374,1.43902
2023-10-09 14:00:00,1.4390100000000001,1.44006,1.43787,1.438
2023-10-09 15:00:00,1.43799,1.43838,1.43692,1.43743
2023-10-09 16:00:00,1.43743,1.43902,1.43719,1.4386700000000001
2023-10-09 17:00:00,1.43866,1.43872,1.43561,1.4373
2023-10-09 18:00:00,1.4373,1.43773,1.4350100000000001,1.43525
2023-10-09 19:00:00,1.43524,1.43614,1.43495,1.43498
2023-10-09 20:00:00,1.435,1.4372,1.43483,1.43655
2023-10-09 21:00:00,1.4365299999999999,1.4368400000000001,1.43514,1.43532
2023-10-09 22:00:00,1.43534,1.43607,1.43522,1.43543
2023-10-09 23:00:00,1.4354,1.43617,1.43533,1.43583
2023-10-10 00:00:00,1.43537,1.43609,1.4332099999999999,1.4359600000000001
2023-10-10 01:00:00,1.4359600000000001,1.43671,1.4356200000000001,1.43656
2023-10-10 02:00:00,1.43656,1.43697,1.4363000000000001,1.4365299999999999
2023-10-10 03:00:00,1.4365299999999999,1.43677,1.43547,1.43554
2023-10-10 04:00:00,1.43553,1.43621,1.4350399999999999,1.4353500000000001
2023-10-10 05:00:00,1.43534,1.4355,1.43497,1.43518
2023-10-10 06:00:00,1.43516,1.4353,1.43487,1.4352
2023-10-10 07:00:00,1.43521,1.43521,1.43448,1.43469
2023-10-10 08:00:00,1.43471,1.4353500000000001,1.43427,1.4346700000000001
2023-10-10 09:00:00,1.43468,1.43716,1.43468,1.43682
2023-10-10 10:00:00,1.43681,1.43864,1.43639,1.43858
2023-10-10 11:00:00,1.43858,1.4411800000000001,1.4375499999999999,1.4405700000000001
2023-10-10 12:00:00,1.4405700000000001,1.44226,1.44047,1.44081
2023-10-10 13:00:00,1.4408,1.44134,1.4398,1.43991
2023-10-10 14:00:00,1.4399,1.4402599999999999,1.43792,1.43808
2023-10-10 15:00:00,1.43808,1.4405299999999999,1.43754,1.44017
2023-10-10 16:00:00,1.44016,1.44132,1.43917,1.4409100000000001
2023-10-10 17:00:00,1.44089,1.44167,1.43944,1.44075
2023-10-10 18:00:00,1.44074,1.44253,1.44,1.44167
2023-10-10 19:00:00,1.44168,1.44239,1.4409100000000001,1.4417499999999999
2023-10-10 20:00:00,1.44177,1.44201,1.44037,1.44051
2023-10-10 21:00:00,1.4405000000000001,1.44071,1.43964,1.4402
2023-10-10 22:00:00,1.44021,1.44036,1.4395,1.43995
2023-10-10 23:00:00,1.4399600000000001,1.44049,1.4396200000000001,1.44047
2023-10-11 00:00:00,1.44038,1.44059,1.43862,1.4405000000000001
2023-10-11 01:00:00,1.4405000000000001,1.44075,1.44007,1.44045
2023-10-11 02:00:00,1.44045,1.4409,1.44027,1.44038
2023-10-11 03:00:00,1.44039,1.4411,1.44007,1.44092
2023-10-11 04:00:00,1.44092,1.44125,1.44043,1.44122
2023-10-11 05:00:00,1.4412099999999999,1.44158,1.44099,1.44131
2023-10-11 06:00:00,1.44132,1.44146,1.44096,1.44099
2023-10-11 07:00:00,1.44095,1.4414,1.44079,1.44093
2023-10-11 08:00:00,1.44092,1.44193,1.44085,1.44157
2023-10-11 09:00:00,1.44154,1.44211,1.44079,1.4419
2023-10-11 10:00:00,1.4419,1.44354,1.44078,1.4411100000000001
2023-10-11 11:00:00,1.44112,1.44263,1.44022,1.44217
2023-10-11 12:00:00,1.44217,1.44302,1.44189,1.44247
2023-10-11 13:00:00,1.44249,1.4426,1.44115,1.44177
2023-10-11 14:00:00,1.44178,1.4426700000000001,1.44109,1.44264
2023-10-11 15:00:00,1.44263,1.44303,1.4402,1.44218
2023-10-11 16:00:00,1.44219,1.44452,1.4416,1.44376
2023-10-11 17:00:00,1.44375,1.44516,1.44309,1.44366
2023-10-11 18:00:00,1.44366,1.44543,1.4434,1.44523
2023-10-11 19:00:00,1.44523,1.44523,1.44227,1.44318
2023-10-11 20:00:00,1.44317,1.4434,1.44156,1.44242
2023-10-11 21:00:00,1.44244,1.44312,1.44186,1.44273
2023-10-11 22:00:00,1.4427400000000001,1.44337,1.44271,1.44285
2023-10-11 23:00:00,1.44287,1.44372,1.44263,1.4433099999999999
2023-10-12 00:00:00,1.44322,1.44378,1.44062,1.4433799999999999
2023-10-12 01:00:00,1.44337,1.44409,1.44296,1.443
2023-10-12 02:00:00,1.44298,1.4442599999999999,1.44284,1.4442300000000001
2023-10-12 03:00:00,1.44422,1.4442599999999999,1.44292,1.44322
2023-10-12 04:00:00,1.4432,1.44356,1.4431,1.4434
2023-10-12 05:00:00,1.44339,1.44429,1.4433099999999999,1.44421
2023-10-12 06:00:00,1.4442,1.44437,1.4436,1.44429
2023-10-12 07:00:00,1.4443,1.44435,1.44387,1.44427
2023-10-12 08:00:00,1.4442599999999999,1.44478,1.44413,1.44447
2023-10-12 09:00:00,1.4445000000000001,1.44472,1.4437,1.4441
2023-10-12 10:00:00,1.4441,1.44441,1.44316,1.44321
2023-10-12 11:00:00,1.44321,1.44429,1.44311,1.44427
2023-10-12 12:00:00,1.44428,1.44438,1.44269,1.44275
2023-10-12 13:00:00,1.44276,1.44384,1.4426,1.44374
2023-10-12 14:00:00,1.44376,1.44385,1.44207,1.44257
2023-10-12 15:00:00,1.44257,1.44498,1.4382,1.43907
2023-10-12 16:00:00,1.43905,1.4397,1.43765,1.43891
2023-10-12 17:00:00,1.4389,1.4420600000000001,1.43883,1.44137
2023-10-12 18:00:00,1.44137,1.44256,1.44069,1.44107
2023-10-12 19:00:00,1.44108,1.44256,1.44107,1.44176
2023-10-12 20:00:00,1.4417499999999999,1.4427400000000001,1.44093,1.4421
2023-10-12 21:00:00,1.44208,1.44263,1.44092,1.44116
2023-10-12 22:00:00,1.44116,1.44199,1.4411100000000001,1.44168
2023-10-12 23:00:00,1.4417,1.44187,1.44107,1.4412099999999999
2023-10-13 00:00:00,1.44062,1.44196,1.43948,1.4416
2023-10-13 01:00:00,1.44158,1.4418199999999999,1.4411,1.4411399999999999
2023-10-13 02:00:00,1.44117,1.44188,1.44107,1.44168
2023-10-13 03:00:00,1.44169,1.44201,1.44142,1.44183
2023-10-13 04:00:00,1.44184,1.44254,1.44167,1.44235
2023-10-13 05:00:00,1.44237,1.44285,1.44189,1.4427699999999999
2023-10-13 06:00:00,1.4427699999999999,1.44288,1.44247,1.44287
2023-10-13 07:00:00,1.44288,1.4439,1.44272,1.44387
2023-10-13 08:00:00,1.44387,1.44393,1.44258,1.44296
2023-10-13 09:00:00,1.4429400000000001,1.44326,1.4415499999999999,1.44168
2023-10-13 10:00:00,1.44167,1.44288,1.44081,1.44219
2023-10-13 11:00:00,1.44219,1.44285,1.4418199999999999,1.4425
2023-10-13 12:00:00,1.4425,1.44272,1.43956,1.43978
2023-10-13 13:00:00,1.43977,1.44031,1.43899,1.43907
2023-10-13 14:00:00,1.43906,1.44008,1.4385,1.43956
2023-10-13 15:00:00,1.43959,1.4412,1.439,1.43951
2023-10-13 16:00:00,1.43951,1.44018,1.4378199999999999,1.43916
2023-10-13 17:00:00,1.43919,1.43919,1.43293,1.4346
2023-10-13 18:00:00,1.43459,1.435,1.4334,1.4334799999999999
2023-10-13 19:00:00,1.43349,1.43521,1.43336,1.43488
2023-10-13 20:00:00,1.43486,1.43621,1.43438,1.43473
2023-10-13 21:00:00,1.43471,1.43583,1.43458,1.43561
2023-10-13 22:00:00,1.43557,1.4362,1.43541,1.43588
2023-10-13 23:00:00,1.43586,1.4359899999999999,1.43423,1.43426
2023-10-16 00:00:00,1.43333,1.43698,1.43307,1.4365299999999999
2023-10-16 01:00:00,1.43636,1.43661,1.4353799999999999,1.43545
2023-10-16 02:00:00,1.43543,1.4356900000000001,1.435,1.43549
2023-10-16 03:00:00,1.43551,1.43591,1.43503,1.4357199999999999
2023-10-16 04:00:00,1.4357,1.43634,1.4356200000000001,1.43573
2023-10-16 05:00:00,1.43576,1.43597,1.4352,1.43542
2023-10-16 06:00:00,1.43544,1.43587,1.43525,1.43545
2023-10-16 07:00:00,1.43547,1.43595,1.43546,1.43591
2023-10-16 08:00:00,1.43593,1.43728,1.4357199999999999,1.43715
2023-10-16 09:00:00,1.43717,1.43735,1.4356499999999999,1.43719
2023-10-16 10:00:00,1.43717,1.4374799999999999,1.43577,1.43739
2023-10-16 11:00:00,1.4374,1.4385,1.43685,1.43829
2023-10-16 12:00:00,1.43828,1.43848,1.43655,1.4365700000000001
2023-10-16 13:00:00,1.43654,1.43698,1.4359600000000001,1.43635
2023-10-16 14:00:00,1.43636,1.43644,1.43517,1.43567
2023-10-16 15:00:00,1.43568,1.43622,1.43464,1.4351
2023-10-16 16:00:00,1.4351099999999999,1.43675,1.43357,1.43427
2023-10-16 17:00:00,1.43424,1.43842,1.4334500000000001,1.43815
2023-10-16 18:00:00,1.4381599999999999,1.43822,1.43546,1.43579
2023-10-16 19:00:00,1.43581,1.43581,1.43498,1.43522
2023-10-16 20:00:00,1.43521,1.43675,1.43515,1.43667
2023-10-16 21:00:00,1.43664,1.4374,1.43655,1.4369100000000001
2023-10-16 22:00:00,1.4369,1.43794,1.43681,1.43788
2023-10-16 23:00:00,1.4378600000000001,1.43788,1.43673,1.43722
2023-10-17 00:00:00,1.4369100000000001,1.43715,1.43617,1.43649
2023-10-17 01:00:00,1.43651,1.43717,1.43651,1.43697
2023-10-17 02:00:00,1.43715,1.43739,1.43664,1.4369100000000001
2023-10-17 03:00:00,1.43693,1.4376,1.43674,1.437
2023-10-17 04:00:00,1.43701,1.43781,1.4369,1.43765
2023-10-17 05:00:00,1.43766,1.43807,1.43726,1.4375200000000001
2023-10-17 06:00:00,1.43751,1.43776,1.4369,1.43757
2023-10-17 07:00:00,1.4376,1.43789,1.43723,1.43772
2023-10-17 08:00:00,1.43773,1.43796,1.43668,1.43669
2023-10-17 09:00:00,1.43676,1.43676,1.43526,1.43534
2023-10-17 10:00:00,1.4353500000000001,1.43744,1.43517,1.4372500000000001
2023-10-17 11:00:00,1.43722,1.43756,1.43621,1.43729
2023-10-17 12:00:00,1.43732,1.43933,1.43729,1.43856
2023-10-17 13:00:00,1.43862,1.43974,1.43804,1.43921
2023-10-17 14:00:00,1.43923,1.44203,1.43911,1.44194
2023-10-17 15:00:00,1.44195,1.44501,1.44002,1.4432800000000001
2023-10-17 16:00:00,1.44327,1.44471,1.44082,1.44131
2023-10-17 17:00:00,1.4413,1.44291,1.44102,1.4424299999999999
2023-10-17 18:00:00,1.44245,1.44386,1.4421,1.4428
2023-10-17 19:00:00,1.44282,1.4436499999999999,1.44251,1.4430399999999999
2023-10-17 20:00:00,1.4430399999999999,1.4433500000000001,1.44245,1.4427699999999999
2023-10-17 21:00:00,1.44275,1.44298,1.44208,1.44232
2023-10-17 22:00:00,1.44234,1.44315,1.44227,1.44293
2023-10-17 23:00:00,1.44291,1.44367,1.4426999999999999,1.4434
2023-10-18 00:00:00,1.44351,1.44351,1.44135,1.44292
2023-10-18 01:00:00,1.44293,1.44354,1.44289,1.44315
2023-10-18 02:00:00,1.44333,1.4435,1.4429400000000001,1.44339
2023-10-18 03:00:00,1.44341,1.44356,1.44193,1.4427699999999999
2023-10-18 04:00:00,1.44278,1.44279,1.44202,1.44245
2023-10-18 05:00:00,1.44244,1.44259,1.44205,1.4421300000000001
2023-10-18 06:00:00,1.44212,1.44237,1.44176,1.44193
2023-10-18 07:00:00,1.44194,1.44207,1.44157,1.44207
2023-10-18 08:00:00,1.44201,1.44275,1.44196,1.44262
2023-10-18 09:00:00,1.44263,1.4438,1.4416,1.44183
2023-10-18 10:00:00,1.4418199999999999,1.44272,1.44142,1.44184
2023-10-18 11:00:00,1.4418199999999999,1.443,1.44162,1.44262
2023-10-18 12:00:00,1.44269,1.44317,1.43952,1.43991
2023-10-18 13:00:00,1.4399,1.44022,1.4390100000000001,1.43919
2023-10-18 14:00:00,1.43918,1.44165,1.4388,1.44159
2023-10-18 15:00:00,1.44158,1.44452,1.4411399999999999,1.44229
2023-10-18 16:00:00,1.44231,1.4425,1.44027,1.44228
2023-10-18 17:00:00,1.4423,1.44307,1.44168,1.44276
2023-10-18 18:00:00,1.44275,1.44332,1.44093,1.44245
2023-10-18 19:00:00,1.44247,1.4436200000000001,1.4411100000000001,1.44359
2023-10-18 20:00:00,1.44361,1.44447,1.44309,1.44388
2023-10-18 21:00:00,1.4439,1.44446,1.4436499999999999,1.44418
2023-10-18 22:00:00,1.4442,1.44483,1.44393,1.44445
2023-10-18 23:00:00,1.44446,1.44504,1.44406,1.44502
2023-10-19 00:00:00,1.44469,1.44469,1.44352,1.44436
2023-10-19 01:00:00,1.44437,1.44509,1.44435,1.44463
2023-10-19 02:00:00,1.44464,1.44527,1.44464,1.44501
2023-10-19 03:00:00,1.44502,1.44558,1.44465,1.4454799999999999
2023-10-19 04:00:00,1.44547,1.44591,1.44479,1.44584
2023-10-19 05:00:00,1.44583,1.44679,1.44576,1.44626
2023-10-19 06:00:00,1.44628,1.44672,1.44604,1.44659
2023-10-19 07:00:00,1.44658,1.44663,1.44593,1.44604
2023-10-19 08:00:00,1.44605,1.44662,1.44594,1.44657
2023-10-19 09:00:00,1.44653,1.4468,1.44562,1.44624
2023-10-19 10:00:00,1.44625,1.4476200000000001,1.44615,1.44702
2023-10-19 11:00:00,1.44706,1.4474,1.4457900000000001,1.44714
2023-10-19 12:00:00,1.44715,1.4482,1.44693,1.44776
2023-10-19 13:00:00,1.44777,1.44806,1.4468,1.44724
2023-10-19 14:00:00,1.44726,1.44922,1.44721,1.44859
2023-10-19 15:00:00,1.44858,1.45273,1.4482300000000001,1.4521600000000001
2023-10-19 16:00:00,1.45215,1.45248,1.44989,1.45058
2023-10-19 17:00:00,1.45055,1.4514,1.45003,1.45111
2023-10-19 18:00:00,1.4511,1.45151,1.44922,1.44984
2023-10-19 19:00:00,1.44987,1.45282,1.44882,1.4506700000000001
2023-10-19 20:00:00,1.45065,1.4522599999999999,1.45042,1.45221
2023-10-19 21:00:00,1.4522,1.45292,1.45115,1.45154
2023-10-19 22:00:00,1.45156,1.45227,1.45139,1.45215
2023-10-19 23:00:00,1.45213,1.45228,1.45127,1.45161
2023-10-20 00:00:00,1.4515500000000001,1.45205,1.4499,1.45123
2023-10-20 01:00:00,1.45111,1.45169,1.45106,1.4515799999999999
2023-10-20 02:00:00,1.4515500000000001,1.45196,1.45117,1.4519199999999999
2023-10-20 03:00:00,1.45194,1.452,1.45102,1.45137
2023-10-20 04:00:00,1.45139,1.45159,1.45049,1.45081
2023-10-20 05:00:00,1.45085,1.45092,1.4497,1.44983
2023-10-20 06:00:00,1.44984,1.45025,1.44976,1.44993
2023-10-20 07:00:00,1.44997,1.4503,1.4497499999999999,1.45011
2023-10-20 08:00:00,1.4501,1.45046,1.44968,1.44991
2023-10-20 09:00:00,1.44989,1.45084,1.44968,1.4501
2023-10-20 10:00:00,1.45011,1.45121,1.44985,1.4500600000000001
2023-10-20 11:00:00,1.45004,1.4506000000000001,1.44929,1.44968
2023-10-20 12:00:00,1.44965,1.45069,1.44871,1.45022
2023-10-20 13:00:00,1.45021,1.45109,1.44986,1.45
2023-10-20 14:00:00,1.4499900000000001,1.45061,1.44907,1.4500899999999999
2023-10-20 15:00:00,1.45008,1.45032,1.44752,1.44842
2023-10-20 16:00:00,1.44843,1.44957,1.44659,1.44659
2023-10-20 17:00:00,1.44657,1.45156,1.44646,1.44959
2023-10-20 18:00:00,1.44962,1.45145,1.44928,1.45014
2023-10-20 19:00:00,1.45013,1.4505,1.44913,1.44992
2023-10-20 20:00:00,1.44994,1.45182,1.4498,1.45151
2023-10-20 21:00:00,1.4515,1.45184,1.4509,1.45136
2023-10-20 22:00:00,1.4513099999999999,1.45234,1.451,1.4522599999999999
2023-10-20 23:00:00,1.45229,1.45293,1.45197,1.45281
2023-10-23 00:00:00,1.45074,1.4524599999999999,1.44904,1.45221
2023-10-23 01:00:00,1.4522,1.45289,1.45145,1.45146
2023-10-23 02:00:00,1.45168,1.45169,1.45118,1.45127
2023-10-23 03:00:00,1.45125,1.4515799999999999,1.45089,1.45143
2023-10-23 04:00:00,1.45144,1.45179,1.45066,1.45074
2023-10-23 05:00:00,1.4506999999999999,1.45115,1.45028,1.45053
2023-10-23 06:00:00,1.45054,1.45098,1.45035,1.45066
2023-10-23 07:00:00,1.4506700000000001,1.4509400000000001,1.4503300000000001,1.45061
2023-10-23 08:00:00,1.4506000000000001,1.45095,1.45021,1.45051
2023-10-23 09:00:00,1.45054,1.45175,1.44981,1.45169
2023-10-23 10:00:00,1.45171,1.4552,1.4514,1.4552
2023-10-23 11:00:00,1.45518,1.45629,1.45362,1.4537
2023-10-23 12:00:00,1.45369,1.45503,1.4531100000000001,1.45358
2023-10-23 13:00:00,1.45351,1.4563,1.45329,1.4563
2023-10-23 14:00:00,1.45631,1.45656,1.4540899999999999,1.45422
2023-10-23 15:00:00,1.45419,1.45625,1.45361,1.45449
2023-10-23 16:00:00,1.45448,1.45484,1.45218,1.45393
2023-10-23 17:00:00,1.45392,1.45606,1.45349,1.4552399999999999
2023-10-23 18:00:00,1.4552100000000001,1.4569,1.45451,1.45597
2023-10-23 19:00:00,1.45598,1.4592399999999999,1.45576,1.45798
2023-10-23 20:00:00,1.45797,1.45979,1.4576,1.45942
2023-10-23 21:00:00,1.45943,1.46041,1.45905,1.46014
2023-10-23 22:00:00,1.46013,1.46055,1.45972,1.46051
2023-10-23 23:00:00,1.4605299999999999,1.46071,1.45973,1.46071
2023-10-24 00:00:00,1.46055,1.46055,1.45774,1.46028
2023-10-24 01:00:00,1.46029,1.4607299999999999,1.45994,1.46025
2023-10-24 02:00:00,1.4602,1.4607299999999999,1.46013,1.46056
2023-10-24 03:00:00,1.46048,1.4608400000000001,1.4598499999999999,1.46054
2023-10-24 04:00:00,1.46052,1.46072,1.45995,1.4603
2023-10-24 05:00:00,1.46031,1.46081,1.45996,1.4602
2023-10-24 06:00:00,1.46022,1.46093,1.46017,1.4604300000000001
2023-10-24 07:00:00,1.4604599999999999,1.46071,1.46011,1.46011
2023-10-24 08:00:00,1.4601,1.46106,1.46003,1.4608400000000001
2023-10-24 09:00:00,1.46082,1.46115,1.45898,1.45973
2023-10-24 10:00:00,1.45971,1.46164,1.45762,1.45842
2023-10-24 11:00:00,1.45843,1.45873,1.4573,1.45788
2023-10-24 12:00:00,1.45787,1.45787,1.4559199999999999,1.45605
2023-10-24 13:00:00,1.45603,1.45625,1.45456,1.4551
2023-10-24 14:00:00,1.45511,1.45706,1.45483,1.45635
2023-10-24 15:00:00,1.45634,1.45645,1.4543,1.45485
2023-10-24 16:00:00,1.45484,1.45727,1.45425,1.45635
2023-10-24 17:00:00,1.45634,1.45717,1.45435,1.45517
2023-10-24 18:00:00,1.45518,1.4562300000000001,1.45489,1.45613
2023-10-24 19:00:00,1.45614,1.45701,1.45523,1.45572
2023-10-24 20:00:00,1.45576,1.4561,1.45412,1.45442
2023-10-24 21:00:00,1.45443,1.45461,1.45309,1.4537
2023-10-24 22:00:00,1.45367,1.45444,1.45366,1.45428
2023-10-24 23:00:00,1.45429,1.4552,1.4542,1.45493
2023-10-25 00:00:00,1.45407,1.45533,1.4521600000000001,1.45522
2023-10-25 01:00:00,1.4553099999999999,1.45577,1.45485,1.4556499999999999
2023-10-25 02:00:00,1.4556499999999999,1.45594,1.45548,1.45587
2023-10-25 03:00:00,1.4558900000000001,1.45612,1.4549400000000001,1.4551
2023-10-25 04:00:00,1.45511,1.45567,1.4546999999999999,1.4555500000000001
2023-10-25 05:00:00,1.45557,1.45685,1.45546,1.4567700000000001
2023-10-25 06:00:00,1.4567700000000001,1.45725,1.45654,1.45691
2023-10-25 07:00:00,1.45693,1.4574,1.45689,1.4573800000000001
2023-10-25 08:00:00,1.45736,1.45737,1.4567999999999999,1.45731
2023-10-25 09:00:00,1.45729,1.45734,1.45669,1.45675
2023-10-25 10:00:00,1.45676,1.45717,1.4559,1.4562599999999999
2023-10-25 11:00:00,1.45631,1.45753,1.4561899999999999,1.45655
2023-10-25 12:00:00,1.45656,1.45699,1.4551,1.45598
2023-10-25 13:00:00,1.456,1.45749,1.45573,1.45679
2023-10-25 14:00:00,1.45681,1.4574,1.45465,1.45507
2023-10-25 15:00:00,1.45506,1.45639,1.45384,1.4562
2023-10-25 16:00:00,1.45621,1.45813,1.45525,1.45683
2023-10-25 17:00:00,1.45697,1.46026,1.4566,1.45882
2023-10-25 18:00:00,1.45879,1.45966,1.45756,1.45762
2023-10-25 19:00:00,1.4576,1.45865,1.4575,1.4577200000000001
2023-10-25 20:00:00,1.4577,1.45816,1.45701,1.45778
2023-10-25 21:00:00,1.45781,1.45815,1.45718,1.45788
2023-10-25 22:00:00,1.45787,1.45792,1.4571,1.45762
2023-10-25 23:00:00,1.45764,1.45816,1.45743,1.45763
2023-10-26 00:00:00,1.45786,1.45797,1.45638,1.4576500000000001
2023-10-26 01:00:00,1.45767,1.45853,1.45746,1.45789
2023-10-26 02:00:00,1.4580600000000001,1.45845,1.45786,1.45831
2023-10-26 03:00:00,1.4583300000000001,1.45854,1.45789,1.45814
2023-10-26 04:00:00,1.45812,1.45846,1.457,1.4572
2023-10-26 05:00:00,1.45721,1.45739,1.45633,1.4564599999999999
2023-10-26 06:00:00,1.45642,1.45674,1.4561600000000001,1.45674
2023-10-26 07:00:00,1.45675,1.45712,1.45648,1.45686
2023-10-26 08:00:00,1.4568699999999999,1.45689,1.45605,1.45625
2023-10-26 09:00:00,1.45624,1.45664,1.45496,1.45607
2023-10-26 10:00:00,1.45606,1.45675,1.45509,1.45586
2023-10-26 11:00:00,1.4558499999999999,1.45631,1.45457,1.45474
2023-10-26 12:00:00,1.45472,1.4551,1.45384,1.45458
2023-10-26 13:00:00,1.45456,1.45546,1.45452,1.455
2023-10-26 14:00:00,1.45503,1.45561,1.45465,1.4555799999999999
2023-10-26 15:00:00,1.4555500000000001,1.45854,1.45453,1.45849
2023-10-26 16:00:00,1.45847,1.45872,1.45674,1.4580600000000001
2023-10-26 17:00:00,1.45805,1.4586299999999999,1.45572,1.4563
2023-10-26 18:00:00,1.45631,1.45708,1.45538,1.45663
2023-10-26 19:00:00,1.45664,1.45823,1.4566,1.45708
2023-10-26 20:00:00,1.45709,1.4592399999999999,1.4569,1.45841
2023-10-26 21:00:00,1.4584,1.4598499999999999,1.458,1.4588999999999999
2023-10-26 22:00:00,1.45888,1.45997,1.4585,1.4598900000000001
2023-10-26 23:00:00,1.45986,1.46101,1.4595099999999999,1.46072
2023-10-27 00:00:00,1.4595799999999999,1.4605000000000001,1.45731,1.4599199999999999
2023-10-27 01:00:00,1.4599,1.46091,1.45974,1.45974
2023-10-27 02:00:00,1.45976,1.4601,1.45942,1.4595099999999999
2023-10-27 03:00:00,1.45949,1.45972,1.45908,1.45948
2023-10-27 04:00:00,1.45947,1.45968,1.4589699999999999,1.459
2023-10-27 05:00:00,1.45895,1.45903,1.45821,1.45881
2023-10-27 06:00:00,1.4588,1.45905,1.45861,1.45876
2023-10-27 07:00:00,1.45881,1.45911,1.45872,1.45877
2023-10-27 08:00:00,1.45879,1.45945,1.45876,1.45944
2023-10-27 09:00:00,1.4594,1.45949,1.45785,1.45865
2023-10-27 10:00:00,1.4586299999999999,1.45997,1.4579900000000001,1.45824
2023-10-27 11:00:00,1.45825,1.45847,1.45688,1.45763
2023-10-27 12:00:00,1.45762,1.45794,1.457,1.45767
2023-10-27 13:00:00,1.45766,1.45853,1.4574500000000001,1.45755
2023-10-27 14:00:00,1.45753,1.45776,1.45567,1.45708
2023-10-27 15:00:00,1.4570699999999999,1.46076,1.45654,1.45904
2023-10-27 16:00:00,1.45905,1.46585,1.45893,1.4653399999999999
2023-10-27 17:00:00,1.46533,1.46664,1.46428,1.46552
2023-10-27 18:00:00,1.46553,1.46881,1.46524,1.46866
2023-10-27 19:00:00,1.46865,1.4694099999999999,1.46689,1.4672399999999999
2023-10-27 20:00:00,1.4672100000000001,1.46734,1.46423,1.46553
2023-10-27 21:00:00,1.46552,1.4668,1.46459,1.46647
2023-10-27 22:00:00,1.46645,1.4668,1.46563,1.46611
2023-10-27 23:00:00,1.46615,1.46617,1.46539,1.46551
2023-10-30 00:00:00,1.46492,1.46545,1.46399,1.4645000000000001
2023-10-30 01:00:00,1.46447,1.46515,1.4641,1.46411
2023-10-30 02:00:00,1.4640900000000001,1.4642,1.4631,1.46373
2023-10-30 03:00:00,1.46374,1.46391,1.46312,1.46314
2023-10-30 04:00:00,1.46313,1.46354,1.46303,1.4632
2023-10-30 05:00:00,1.4632399999999999,1.46368,1.46277,1.4635799999999999
2023-10-30 06:00:00,1.4635799999999999,1.46415,1.46356,1.46398
2023-10-30 07:00:00,1.46402,1.46405,1.46352,1.4637
2023-10-30 08:00:00,1.46369,1.46411,1.46319,1.46411
2023-10-30 09:00:00,1.4641199999999999,1.46418,1.4620600000000001,1.46268
2023-10-30 10:00:00,1.4626700000000001,1.46391,1.46152,1.46371
2023-10-30 11:00:00,1.46373,1.46605,1.46371,1.46508
2023-10-30 12:00:00,1.4651,1.46569,1.46401,1.4640900000000001
2023-10-30 13:00:00,1.46408,1.4650400000000001,1.46337,1.4641899999999999
2023-10-30 14:00:00,1.46417,1.46762,1.46399,1.46741
2023-10-30 15:00:00,1.46744,1.46829,1.4646,1.4663300000000001
2023-10-30 16:00:00,1.4663599999999999,1.46875,1.46573,1.46823
2023-10-30 17:00:00,1.46825,1.471,1.4681,1.46826
2023-10-30 18:00:00,1.46828,1.46866,1.4669400000000001,1.46832
2023-10-30 19:00:00,1.46831,1.46857,1.46719,1.46726
2023-10-30 20:00:00,1.46728,1.4682,1.4671,1.46749
2023-10-30 21:00:00,1.46746,1.46763,1.46683,1.46753
2023-10-30 22:00:00,1.46754,1.46799,1.4671,1.46754
2023-10-30 23:00:00,1.46705,1.46818,1.46622,1.46705
2023-10-31 00:00:00,1.46701,1.4677,1.4668999999999999,1.46698
2023-10-31 01:00:00,1.4672399999999999,1.4678200000000001,1.46696,1.46781
2023-10-31 02:00:00,1.4678,1.46822,1.46728,1.46799
2023-10-31 03:00:00,1.46798,1.46822,1.46729,1.46787
2023-10-31 04:00:00,1.46789,1.46798,1.4665,1.4671699999999999
2023-10-31 05:00:00,1.46718,1.4676,1.4665300000000001,1.46683
2023-10-31 06:00:00,1.46682,1.4671699999999999,1.4665599999999999,1.46699
2023-10-31 07:00:00,1.46702,1.46738,1.46677,1.46715
2023-10-31 08:00:00,1.46716,1.46768,1.4665300000000001,1.46754
2023-10-31 09:00:00,1.46753,1.47012,1.4665599999999999,1.46952
2023-10-31 10:00:00,1.46951,1.47127,1.46886,1.47119
2023-10-31 11:00:00,1.4712100000000001,1.47466,1.47005,1.47391
2023-10-31 12:00:00,1.47386,1.47431,1.47164,1.47409
2023-10-31 13:00:00,1.47408,1.47467,1.47332,1.47353
2023-10-31 14:00:00,1.47356,1.47455,1.47078,1.47128
2023-10-31 15:00:00,1.4713,1.47197,1.46985,1.47025
2023-10-31 16:00:00,1.4703,1.4720900000000001,1.46957,1.46988
2023-10-31 17:00:00,1.46987,1.4706299999999999,1.46643,1.4666299999999999
2023-10-31 18:00:00,1.46665,1.46842,1.46621,1.46757
2023-10-31 19:00:00,1.4675799999999999,1.46894,1.46723,1.46764
2023-10-31 20:00:00,1.46763,1.46794,1.4669699999999999,1.4672
2023-10-31 21:00:00,1.46718,1.4678200000000001,1.46701,1.4671699999999999
2023-10-31 22:00:00,1.46719,1.46771,1.46682,1.46719
2023-10-31 23:00:00,1.46698,1.4674,1.46445,1.46674
2023-11-01 00:00:00,1.4666000000000001,1.4675099999999999,1.46658,1.46714
2023-11-01 01:00:00,1.46715,1.46802,1.46698,1.46796
2023-11-01 02:00:00,1.46792,1.46805,1.46744,1.46773
2023-11-01 03:00:00,1.46771,1.46788,1.46723,1.4675799999999999
2023-11-01 04:00:00,1.46754,1.46774,1.46702,1.46704
2023-11-01 05:00:00,1.46706,1.4671699999999999,1.46664,1.46696
2023-11-01 06:00:00,1.4669400000000001,1.46738,1.4665300000000001,1.46665
2023-11-01 07:00:00,1.46667,1.46704,1.46651,1.46704
2023-11-01 08:00:00,1.46706,1.46729,1.46654,1.46654
2023-11-01 09:00:00,1.4665300000000001,1.46682,1.4653800000000001,1.46601
2023-11-01 10:00:00,1.466,1.46642,1.46536,1.46596
2023-11-01 11:00:00,1.4659499999999999,1.4661,1.46438,1.465
2023-11-01 12:00:00,1.46502,1.46524,1.4638499999999999,1.46396
2023-11-01 13:00:00,1.46394,1.46427,1.4631,1.4632100000000001
2023-11-01 14:00:00,1.46322,1.4643,1.46158,1.46176
2023-11-01 15:00:00,1.46178,1.4622,1.4598900000000001,1.46087
2023-11-01 16:00:00,1.46091,1.4639199999999999,1.46091,1.4621
2023-11-01 17:00:00,1.46211,1.46323,1.4619900000000001,1.46271
2023-11-01 18:00:00,1.4627,1.4632100000000001,1.46222,1.46276
2023-11-01 19:00:00,1.46277,1.4635,1.46225,1.46255
2023-11-01 20:00:00,1.46292,1.4645299999999999,1.46157,1.46347
2023-11-01 21:00:00,1.4634800000000001,1.4650699999999999,1.4626000000000001,1.46484
2023-11-01 22:00:00,1.46483,1.46639,1.464,1.4646
2023-11-01 23:00:00,1.46363,1.46448,1.46237,1.46354
2023-11-02 00:00:00,1.46357,1.4647299999999999,1.4635099999999999,1.46448
2023-11-02 01:00:00,1.46451,1.46491,1.46428,1.46449
2023-11-02 02:00:00,1.46449,1.46625,1.46407,1.46605
2023-11-02 03:00:00,1.46604,1.46624,1.46569,1.46584
2023-11-02 04:00:00,1.46582,1.4659,1.46488,1.46488
2023-11-02 05:00:00,1.46487,1.4660199999999999,1.46485,1.46587
2023-11-02 06:00:00,1.46586,1.466,1.46549,1.46584
2023-11-02 07:00:00,1.46583,1.46645,1.46564,1.46589
2023-11-02 08:00:00,1.46586,1.4671,1.46586,1.46628
2023-11-02 09:00:00,1.4663,1.46807,1.46609,1.46737
2023-11-02 10:00:00,1.46735,1.46814,1.46612,1.46628
2023-11-02 11:00:00,1.46625,1.46726,1.4656500000000001,1.46679
2023-11-02 12:00:00,1.4668,1.46883,1.46679,1.46828
2023-11-02 13:00:00,1.46827,1.46905,1.4675,1.46797
2023-11-02 14:00:00,1.46799,1.47186,1.46772,1.47047
2023-11-02 15:00:00,1.47046,1.4712,1.46576,1.4662
2023-11-02 16:00:00,1.46619,1.46793,1.46548,1.46728
2023-11-02 17:00:00,1.46727,1.4679,1.46378,1.46394
2023-11-02 18:00:00,1.46395,1.46484,1.46213,1.46286
2023-11-02 19:00:00,1.4628700000000001,1.46315,1.4612,1.46156
2023-11-02 20:00:00,1.46154,1.46247,1.46062,1.46128
2023-11-02 21:00:00,1.46127,1.4613,1.45855,1.45938
2023-11-02 22:00:00,1.45939,1.45971,1.45883,1.45915
2023-11-02 23:00:00,1.45912,1.4598200000000001,1.4573800000000001,1.45904
2023-11-03 00:00:00,1.459,1.4595500000000001,1.45875,1.45903
2023-11-03 01:00:00,1.45903,1.45959,1.45884,1.45919
2023-11-03 02:00:00,1.4592,1.46079,1.4592,1.46066
2023-11-03 03:00:00,1.46065,1.46085,1.46023,1.46076
2023-11-03 04:00:00,1.46078,1.46117,1.46005,1.4601899999999999
2023-11-03 05:00:00,1.4602,1.46039,1.4599,1.46009
2023-11-03 06:00:00,1.46008,1.46024,1.45986,1.45993
2023-11-03 07:00:00,1.45996,1.46055,1.45983,1.45991
2023-11-03 08:00:00,1.45995,1.4606,1.45977,1.46038
2023-11-03 09:00:00,1.46037,1.4604599999999999,1.45891,1.45943
2023-11-03 10:00:00,1.45944,1.46079,1.4589400000000001,1.46058
2023-11-03 11:00:00,1.46054,1.46349,1.46027,1.4633099999999999
2023-11-03 12:00:00,1.46327,1.46335,1.46232,1.46241
2023-11-03 13:00:00,1.46242,1.46325,1.46217,1.46279
2023-11-03 14:00:00,1.46282,1.46794,1.46259,1.46652
2023-11-03 15:00:00,1.46651,1.4668700000000001,1.46464,1.46577
2023-11-03 16:00:00,1.46589,1.4687299999999999,1.46455,1.46856
2023-11-03 17:00:00,1.46857,1.46908,1.4668700000000001,1.46728
2023-11-03 18:00:00,1.46726,1.46858,1.46596,1.46645
2023-11-03 19:00:00,1.46644,1.46864,1.46644,1.46842
2023-11-03 20:00:00,1.46841,1.4686,1.46635,1.46639
2023-11-03 21:00:00,1.46641,1.4667,1.46552,1.4659
2023-11-03 22:00:00,1.4659200000000001,1.46649,1.46397,1.46495
2023-11-06 00:00:00,1.4641199999999999,1.4655,1.46367,1.46523
2023-11-06 01:00:00,1.46526,1.46605,1.46457,1.46581
2023-11-06 02:00:00,1.46596,1.46596,1.46493,1.46505
2023-11-06 03:00:00,1.46506,1.46551,1.46478,1.46505
2023-11-06 04:00:00,1.46506,1.46523,1.4644300000000001,1.46494
2023-11-06 05:00:00,1.46496,1.46561,1.46484,1.4653399999999999
2023-11-06 06:00:00,1.46535,1.4657200000000001,1.465,1.46555
2023-11-06 07:00:00,1.46553,1.46593,1.46517,1.4653399999999999
2023-11-06 08:00:00,1.46535,1.46566,1.46457,1.46524
2023-11-06 09:00:00,1.46528,1.46618,1.4651399999999999,1.4654
2023-11-06 10:00:00,1.46539,1.46683,1.46493,1.46588
2023-11-06 11:00:00,1.46591,1.46634,1.46499,1.46611
2023-11-06 12:00:00,1.46609,1.46713,1.46576,1.46637
2023-11-06 13:00:00,1.46639,1.46693,1.46545,1.46684
2023-11-06 14:00:00,1.46686,1.46765,1.4659499999999999,1.46681
2023-11-06 15:00:00,1.4668,1.46743,1.46591,1.46689
2023-11-06 16:00:00,1.4668999999999999,1.4691100000000001,1.46652,1.46808
2023-11-06 17:00:00,1.46805,1.46935,1.46729,1.46916
2023-11-06 18:00:00,1.46918,1.46982,1.46804,1.46814
2023-11-06 19:00:00,1.46813,1.46815,1.46736,1.46781
2023-11-06 20:00:00,1.46779,1.46885,1.46714,1.46878
2023-11-06 21:00:00,1.4687700000000001,1.46898,1.46744,1.46797
2023-11-06 22:00:00,1.4679,1.46853,1.46784,1.46818
2023-11-06 23:00:00,1.4681899999999999,1.46858,1.46786,1.46818
2023-11-07 00:00:00,1.46818,1.46837,1.46476,1.46776
2023-11-07 01:00:00,1.46791,1.46857,1.46759,1.46813
2023-11-07 02:00:00,1.46801,1.4681600000000001,1.46728,1.46754
2023-11-07 03:00:00,1.4675500000000001,1.46779,1.46726,1.46774
2023-11-07 04:00:00,1.46775,1.46789,1.46746,1.46764
2023-11-07 05:00:00,1.46763,1.46842,1.46752,1.46805
2023-11-07 06:00:00,1.46808,1.46909,1.46808,1.46899
2023-11-07 07:00:00,1.46901,1.46947,1.46887,1.46944
2023-11-07 08:00:00,1.46945,1.46975,1.46908,1.46927
2023-11-07 09:00:00,1.46924,1.46957,1.46884,1.46945
2023-11-07 10:00:00,1.46944,1.4698,1.46861,1.46956
2023-11-07 11:00:00,1.46957,1.46996,1.46878,1.46884
2023-11-07 12:00:00,1.46885,1.4705,1.46798,1.4685000000000001
2023-11-07 13:00:00,1.46847,1.46903,1.46736,1.46787
2023-11-07 14:00:00,1.46789,1.46876,1.46763,1.46768
2023-11-07 15:00:00,1.46767,1.4689,1.46719,1.4682
2023-11-07 16:00:00,1.46823,1.46868,1.46709,1.4685000000000001
2023-11-07 17:00:00,1.46851,1.47039,1.46844,1.46906
2023-11-07 18:00:00,1.46908,1.47202,1.46855,1.4715099999999999
2023-11-07 19:00:00,1.4715,1.47156,1.47052,1.47095
2023-11-07 20:00:00,1.47092,1.47167,1.47069,1.47126
2023-11-07 21:00:00,1.47125,1.47184,1.47101,1.47167
2023-11-07 22:00:00,1.47168,1.47215,1.47083,1.47211
2023-11-07 23:00:00,1.4721,1.47296,1.4718200000000001,1.4727000000000001
2023-11-08 00:00:00,1.4726,1.47303,1.47165,1.47226
2023-11-08 01:00:00,1.47227,1.4727700000000001,1.47208,1.47252
2023-11-08 02:00:00,1.47253,1.47289,1.4721199999999999,1.47222
2023-11-08 03:00:00,1.47223,1.4724,1.47181,1.47203
2023-11-08 04:00:00,1.47204,1.4721,1.47129,1.4715500000000001
2023-11-08 05:00:00,1.47154,1.47208,1.47153,1.47198
2023-11-08 06:00:00,1.472,1.47225,1.47179,1.47203
2023-11-08 07:00:00,1.47205,1.4723899999999999,1.4718,1.47229
2023-11-08 08:00:00,1.47231,1.4726,1.47156,1.4716
2023-11-08 09:00:00,1.47163,1.47179,1.47059,1.4707
2023-11-08 10:00:00,1.47068,1.47102,1.4696,1.46991
2023-11-08 11:00:00,1.46987,1.47045,1.46935,1.47039
2023-11-08 12:00:00,1.47035,1.47085,1.46964,1.47008
2023-11-08 13:00:00,1.47007,1.47088,1.46964,1.47047
2023-11-08 14:00:00,1.47048,1.47137,1.47017,1.47074
2023-11-08 15:00:00,1.47077,1.47208,1.47032,1.47157
2023-11-08 16:00:00,1.47159,1.4735800000000001,1.47061,1.47348
2023-11-08 17:00:00,1.47351,1.47755,1.47328,1.47715
2023-11-08 18:00:00,1.47713,1.4788700000000001,1.4766599999999999,1.47844
2023-11-08 19:00:00,1.47843,1.47896,1.47788,1.4781900000000001
2023-11-08 20:00:00,1.47818,1.47854,1.47732,1.47752
2023-11-08 21:00:00,1.47751,1.47759,1.47668,1.4771
2023-11-08 22:00:00,1.47709,1.4776099999999999,1.47672,1.47743
2023-11-08 23:00:00,1.47746,1.47748,1.4765,1.47703
2023-11-09 00:00:00,1.4769,1.47692,1.47568,1.47651
2023-11-09 01:00:00,1.47653,1.47726,1.47625,1.47695
2023-11-09 02:00:00,1.47706,1.47724,1.4763899999999999,1.47654
2023-11-09 03:00:00,1.47655,1.47711,1.47619,1.4769
2023-11-09 04:00:00,1.47688,1.4773800000000001,1.47667,1.47682
2023-11-09 05:00:00,1.47683,1.4769700000000001,1.47664,1.47676
2023-11-09 06:00:00,1.4767700000000001,1.47709,1.47667,1.47676
2023-11-09 07:00:00,1.47678,1.47702,1.47626,1.47632
2023-11-09 08:00:00,1.47633,1.47659,1.47576,1.4758499999999999
2023-11-09 09:00:00,1.47583,1.47654,1.47583,1.47626
2023-11-09 10:00:00,1.47627,1.47743,1.4757799999999999,1.47599
2023-11-09 11:00:00,1.47598,1.47599,1.47489,1.47509
2023-11-09 12:00:00,1.47511,1.47525,1.4729,1.4734099999999999
2023-11-09 13:00:00,1.4734,1.47446,1.4733399999999999,1.47357
2023-11-09 14:00:00,1.47356,1.47414,1.47324,1.47385
2023-11-09 15:00:00,1.47386,1.47558,1.47316,1.47558
2023-11-09 16:00:00,1.47559,1.47603,1.47384,1.47589
2023-11-09 17:00:00,1.47588,1.47606,1.47263,1.47322
2023-11-09 18:00:00,1.47323,1.4748700000000001,1.47319,1.47445
2023-11-09 19:00:00,1.47444,1.47501,1.47346,1.47394
2023-11-09 20:00:00,1.47393,1.47432,1.47203,1.47389
2023-11-09 21:00:00,1.47386,1.4742199999999999,1.47225,1.47325
2023-11-09 22:00:00,1.47324,1.47398,1.47234,1.47241
2023-11-09 23:00:00,1.4724300000000001,1.47335,1.47233,1.47283
2023-11-10 00:00:00,1.47282,1.47302,1.47203,1.47247
2023-11-10 01:00:00,1.47264,1.47336,1.47257,1.47283
2023-11-10 02:00:00,1.47285,1.47329,1.47259,1.47302
2023-11-10 03:00:00,1.4730400000000001,1.47353,1.47287,1.47299
2023-11-10 04:00:00,1.4729999999999999,1.47336,1.47264,1.47275
2023-11-10 05:00:00,1.47274,1.47302,1.4725,1.47264
2023-11-10 06:00:00,1.47265,1.47275,1.4717799999999999,1.4721899999999999
2023-11-10 07:00:00,1.47221,1.4723899999999999,1.47191,1.4721899999999999
2023-11-10 08:00:00,1.47218,1.4723899999999999,1.47138,1.47174
2023-11-10 09:00:00,1.47176,1.47191,1.47077,1.47132
2023-11-10 10:00:00,1.47133,1.4735800000000001,1.47133,1.47302
2023-11-10 11:00:00,1.47301,1.47452,1.47285,1.47413
2023-11-10 12:00:00,1.47412,1.4759,1.4736799999999999,1.4757
2023-11-10 13:00:00,1.47571,1.47641,1.4746000000000001,1.47505
2023-11-10 14:00:00,1.47506,1.47589,1.47421,1.47525
2023-11-10 15:00:00,1.47527,1.47775,1.475,1.4773
2023-11-10 16:00:00,1.47732,1.47752,1.47584,1.47656
2023-11-10 17:00:00,1.4766,1.4783,1.47567,1.47634
2023-11-10 18:00:00,1.47633,1.47665,1.47498,1.4752
2023-11-10 19:00:00,1.47519,1.47562,1.47415,1.47474
2023-11-10 20:00:00,1.47475,1.47501,1.4741900000000001,1.4744
2023-11-10 21:00:00,1.47445,1.475,1.47407,1.47479
2023-11-10 22:00:00,1.47477,1.47485,1.47408,1.4742199999999999
2023-11-10 23:00:00,1.4741900000000001,1.47441,1.47312,1.4734
2023-11-13 00:00:00,1.47301,1.47434,1.47214,1.47418
2023-11-13 01:00:00,1.47414,1.4751699999999999,1.4739200000000001,1.4748299999999999
2023-11-13 02:00:00,1.47481,1.47519,1.47458,1.4751400000000001
2023-11-13 03:00:00,1.47516,1.47581,1.47515,1.47558
2023-11-13 04:00:00,1.47557,1.47577,1.4747,1.4757500000000001
2023-11-13 05:00:00,1.47576,1.47621,1.47567,1.47615
2023-11-13 06:00:00,1.47613,1.47651,1.4761199999999999,1.47634
2023-11-13 07:00:00,1.47632,1.47641,1.4758,1.47596
2023-11-13 08:00:00,1.47597,1.47627,1.4757500000000001,1.47601
2023-11-13 09:00:00,1.47603,1.47634,1.47557,1.47559
2023-11-13 10:00:00,1.47557,1.47651,1.4755099999999999,1.47589
2023-11-13 11:00:00,1.47587,1.47651,1.47462,1.47594
2023-11-13 12:00:00,1.47592,1.47682,1.47572,1.4763899999999999
2023-11-13 13:00:00,1.4764,1.47641,1.47503,1.47563
2023-11-13 14:00:00,1.4756,1.47596,1.47437,1.47523
2023-11-13 15:00:00,1.47519,1.47561,1.47465,1.47526
2023-11-13 16:00:00,1.47527,1.47574,1.4741900000000001,1.47536
2023-11-13 17:00:00,1.47537,1.47603,1.47439,1.47488
2023-11-13 18:00:00,1.4748999999999999,1.47526,1.47403,1.4745599999999999
2023-11-13 19:00:00,1.47455,1.47558,1.47444,1.475
2023-11-13 20:00:00,1.47503,1.47623,1.47454,1.4758499999999999
2023-11-13 21:00:00,1.47584,1.47682,1.47559,1.47657
2023-11-13 22:00:00,1.47655,1.4769,1.47645,1.4766
2023-11-13 23:00:00,1.47657,1.47722,1.4764300000000001,1.47692
2023-11-14 00:00:00,1.47611,1.47695,1.47312,1.47586
2023-11-14 01:00:00,1.47579,1.4772,1.47579,1.47689
2023-11-14 02:00:00,1.47665,1.47694,1.47648,1.47671
2023-11-14 03:00:00,1.47672,1.4768,1.47611,1.47671
2023-11-14 04:00:00,1.47668,1.47726,1.47664,1.4769999999999999
2023-11-14 05:00:00,1.47701,1.47757,1.47699,1.47724
2023-11-14 06:00:00,1.47726,1.47764,1.47709,1.47754
2023-11-14 07:00:00,1.47746,1.47804,1.47739,1.47793
2023-11-14 08:00:00,1.47794,1.47815,1.47766,1.47806
2023-11-14 09:00:00,1.47808,1.47933,1.47789,1.4788999999999999
2023-11-14 10:00:00,1.47888,1.4801199999999999,1.47778,1.47904
2023-11-14 11:00:00,1.47903,1.48091,1.47875,1.48081
2023-11-14 12:00:00,1.48082,1.48326,1.48071,1.48208
2023-11-14 13:00:00,1.48207,1.48358,1.48201,1.483
2023-11-14 14:00:00,1.48302,1.4837,1.48271,1.48281
2023-11-14 15:00:00,1.48282,1.48711,1.48141,1.48478
2023-11-14 16:00:00,1.48486,1.48852,1.48459,1.48825
2023-11-14 17:00:00,1.48824,1.4884,1.48658,1.48747
2023-11-14 18:00:00,1.48745,1.49041,1.48711,1.48914
2023-11-14 19:00:00,1.48913,1.49106,1.48848,1.49099
2023-11-14 20:00:00,1.491,1.49108,1.48949,1.4895399999999999
2023-11-14 21:00:00,1.48956,1.49077,1.4895100000000001,1.49031
2023-11-14 22:00:00,1.49032,1.49071,1.48946,1.48998
2023-11-14 23:00:00,1.49,1.49,1.48905,1.48948
2023-11-15 00:00:00,1.48941,1.4895800000000001,1.48814,1.4889000000000001
2023-11-15 01:00:00,1.48902,1.49042,1.48901,1.49004
2023-11-15 02:00:00,1.49007,1.4901900000000001,1.48917,1.48956
2023-11-15 03:00:00,1.48959,1.49008,1.48938,1.48968
2023-11-15 04:00:00,1.48969,1.48978,1.48882,1.4889000000000001
2023-11-15 05:00:00,1.48888,1.48932,1.48883,1.48916
2023-11-15 06:00:00,1.48909,1.48915,1.48858,1.48867
2023-11-15 07:00:00,1.48868,1.48888,1.48819,1.48819
2023-11-15 08:00:00,1.48821,1.48844,1.48738,1.48781
2023-11-15 09:00:00,1.48788,1.48833,1.48672,1.48787
2023-11-15 10:00:00,1.48786,1.48869,1.48711,1.48767
2023-11-15 11:00:00,1.4876800000000001,1.48791,1.48563,1.48636
2023-11-15 12:00:00,1.48637,1.48692,1.48581,1.4863
2023-11-15 13:00:00,1.4862600000000001,1.48732,1.48621,1.48628
2023-11-15 14:00:00,1.4862600000000001,1.4865,1.48495,1.48535
2023-11-15 15:00:00,1.48536,1.48702,1.48374,1.4856
2023-11-15 16:00:00,1.48559,1.48577,1.48291,1.48322
2023-11-15 17:00:00,1.48324,1.4841199999999999,1.48102,1.4840900000000001
2023-11-15 18:00:00,1.4841,1.48485,1.48279,1.48304
2023-11-15 19:00:00,1.48305,1.48332,1.48174,1.48325
2023-11-15 20:00:00,1.48326,1.48395,1.48273,1.48372
2023-11-15 21:00:00,1.48373,1.48419,1.48316,1.48394
2023-11-15 22:00:00,1.48396,1.48433,1.48346,1.48352
2023-11-15 23:00:00,1.4835,1.48423,1.48343,1.484
2023-11-16 00:00:00,1.4839,1.4847299999999999,1.4827,1.48385
2023-11-16 01:00:00,1.4838,1.48501,1.4838,1.48501
2023-11-16 02:00:00,1.4849999999999999,1.48544,1.48428,1.48544
2023-11-16 03:00:00,1.48546,1.48556,1.48464,1.48532
2023-11-16 04:00:00,1.4853,1.48599,1.4846300000000001,1.48487
2023-11-16 05:00:00,1.48489,1.48495,1.48454,1.4848
2023-11-16 06:00:00,1.48481,1.48506,1.48457,1.48486
2023-11-16 07:00:00,1.4849,1.48514,1.48434,1.4846
2023-11-16 08:00:00,1.48459,1.48459,1.4839,1.48393
2023-11-16 09:00:00,1.48394,1.48582,1.48379,1.48549
2023-11-16 10:00:00,1.48547,1.48639,1.48518,1.48577
2023-11-16 11:00:00,1.48575,1.48698,1.48575,1.4861900000000001
2023-11-16 12:00:00,1.48618,1.48655,1.4857,1.4859
2023-11-16 13:00:00,1.4858799999999999,1.48777,1.48579,1.48723
2023-11-16 14:00:00,1.48724,1.48913,1.48723,1.48842
2023-11-16 15:00:00,1.4884,1.49207,1.48792,1.4919
2023-11-16 16:00:00,1.49193,1.49457,1.49149,1.49444
2023-11-16 17:00:00,1.4944600000000001,1.49786,1.4944600000000001,1.4947300000000001
2023-11-16 18:00:00,1.49474,1.49573,1.49285,1.49455
2023-11-16 19:00:00,1.4945599999999999,1.49457,1.49312,1.49416
2023-11-16 20:00:00,1.4941900000000001,1.4949,1.49369,1.49393
2023-11-16 21:00:00,1.4939200000000001,1.49404,1.49276,1.49372
2023-11-16 22:00:00,1.49373,1.49425,1.49258,1.49267
2023-11-16 23:00:00,1.49268,1.49311,1.49225,1.49248
2023-11-17 00:00:00,1.49241,1.49306,1.4912,1.49277
2023-11-17 01:00:00,1.49268,1.49304,1.49206,1.4923600000000001
2023-11-17 02:00:00,1.49238,1.49277,1.4921,1.49222
2023-11-17 03:00:00,1.4922,1.49262,1.4919,1.49226
2023-11-17 04:00:00,1.49227,1.49274,1.4920200000000001,1.49231
2023-11-17 05:00:00,1.4923,1.49285,1.49217,1.4923600000000001
2023-11-17 06:00:00,1.49227,1.49264,1.4919,1.49194
2023-11-17 07:00:00,1.49195,1.49271,1.49195,1.49235
2023-11-17 08:00:00,1.4923600000000001,1.49275,1.4921,1.49224
2023-11-17 09:00:00,1.49223,1.4925899999999999,1.49123,1.49161
2023-11-17 10:00:00,1.4916,1.49162,1.48999,1.49096
2023-11-17 11:00:00,1.49097,1.49218,1.4904600000000001,1.49148
2023-11-17 12:00:00,1.49142,1.49197,1.49063,1.4917799999999999
2023-11-17 13:00:00,1.4918,1.49261,1.49104,1.49152
2023-11-17 14:00:00,1.49151,1.49181,1.49006,1.49018
2023-11-17 15:00:00,1.4902,1.4918,1.49006,1.49166
2023-11-17 16:00:00,1.49167,1.49323,1.4892400000000001,1.49192
2023-11-17 17:00:00,1.49193,1.49492,1.49099,1.49447
2023-11-17 18:00:00,1.49448,1.49504,1.49364,1.49484
2023-11-17 19:00:00,1.49485,1.49565,1.4943,1.49464
2023-11-17 20:00:00,1.49463,1.4953,1.4938,1.4951699999999999
2023-11-17 21:00:00,1.49515,1.49532,1.49474,1.4952
2023-11-17 22:00:00,1.49516,1.49603,1.49458,1.496
2023-11-17 23:00:00,1.49599,1.49709,1.49523,1.49678
2023-11-20 00:00:00,1.4946,1.49633,1.4946,1.49588
2023-11-20 01:00:00,1.49582,1.49653,1.49564,1.49615
2023-11-20 02:00:00,1.49613,1.4963,1.49546,1.49594
2023-11-20 03:00:00,1.49593,1.4963899999999999,1.49582,1.49628
2023-11-20 04:00:00,1.4963,1.49681,1.4959500000000001,1.49634
2023-11-20 05:00:00,1.4963199999999999,1.49678,1.49592,1.49634
2023-11-20 06:00:00,1.49637,1.4971,1.49599,1.49604
2023-11-20 07:00:00,1.4960499999999999,1.49706,1.496,1.49643
2023-11-20 08:00:00,1.49642,1.4968,1.49582,1.49628
2023-11-20 09:00:00,1.49627,1.49648,1.4951400000000001,1.49613
2023-11-20 10:00:00,1.49612,1.49811,1.49612,1.49773
2023-11-20 11:00:00,1.49774,1.49929,1.49738,1.49829
2023-11-20 12:00:00,1.4983,1.49867,1.49752,1.49784
2023-11-20 13:00:00,1.49782,1.49869,1.49779,1.49835
2023-11-20 14:00:00,1.49834,1.49981,1.49814,1.49974
2023-11-20 15:00:00,1.4997500000000001,1.49992,1.49837,1.49837
2023-11-20 16:00:00,1.49834,1.50386,1.4981900000000001,1.5031400000000001
2023-11-20 17:00:00,1.50315,1.50333,1.50074,1.50169
2023-11-20 18:00:00,1.5016699999999998,1.5030299999999999,1.5013800000000002,1.50144
2023-11-20 19:00:00,1.50148,1.50229,1.50118,1.50125
2023-11-20 20:00:00,1.5012699999999999,1.50209,1.50126,1.50194
2023-11-20 21:00:00,1.50195,1.5022600000000002,1.5013100000000001,1.50207
2023-11-20 22:00:00,1.5020799999999999,1.50232,1.5016,1.50166
2023-11-20 23:00:00,1.50168,1.50217,1.5012699999999999,1.5013800000000002
2023-11-21 00:00:00,1.50102,1.5019200000000001,1.49927,1.50098
2023-11-21 01:00:00,1.5009700000000001,1.50217,1.50092,1.50207
2023-11-21 02:00:00,1.50205,1.5024899999999999,1.5015100000000001,1.5015399999999999
2023-11-21 03:00:00,1.50152,1.5024199999999999,1.5013999999999998,1.50204
2023-11-21 04:00:00,1.50194,1.5027,1.5017,1.50244
2023-11-21 05:00:00,1.50241,1.50293,1.5020099999999998,1.50288
2023-11-21 06:00:00,1.5028899999999998,1.50297,1.50245,1.50271
2023-11-21 07:00:00,1.5027300000000001,1.50352,1.50268,1.5034999999999998
2023-11-21 08:00:00,1.50354,1.50414,1.50305,1.5040200000000001
2023-11-21 09:00:00,1.50407,1.50413,1.50299,1.5032299999999998
2023-11-21 10:00:00,1.5032100000000002,1.5043600000000001,1.50203,1.5021
2023-11-21 11:00:00,1.5020799999999999,1.5026000000000002,1.5011299999999999,1.5023300000000002
2023-11-21 12:00:00,1.5023499999999999,1.50255,1.50001,1.50001
2023-11-21 13:00:00,1.49999,1.50058,1.49945,1.49999
2023-11-21 14:00:00,1.5,1.5025300000000001,1.49956,1.50237
2023-11-21 15:00:00,1.50236,1.5031400000000001,1.49902,1.50021
2023-11-21 16:00:00,1.50022,1.50161,1.49961,1.4999799999999999
2023-11-21 17:00:00,1.50001,1.50006,1.49642,1.49679
2023-11-21 18:00:00,1.49677,1.49735,1.4954100000000001,1.4954100000000001
2023-11-21 19:00:00,1.49546,1.4959799999999999,1.49526,1.49533
2023-11-21 20:00:00,1.49532,1.49546,1.49319,1.49389
2023-11-21 21:00:00,1.49382,1.49562,1.4936,1.49529
2023-11-21 22:00:00,1.49522,1.4956,1.4946,1.49465
2023-11-21 23:00:00,1.49469,1.49516,1.49431,1.49467
2023-11-22 00:00:00,1.4941900000000001,1.49515,1.49318,1.4945599999999999
2023-11-22 01:00:00,1.4945,1.49581,1.49445,1.49569
2023-11-22 02:00:00,1.49559,1.49588,1.49535,1.49588
2023-11-22 03:00:00,1.4959,1.49597,1.49427,1.4953699999999999
2023-11-22 04:00:00,1.49539,1.4960200000000001,1.49526,1.49562
2023-11-22 05:00:00,1.49561,1.4959,1.49538,1.49569
2023-11-22 06:00:00,1.49567,1.49584,1.49494,1.49532
2023-11-22 07:00:00,1.49531,1.49557,1.49484,1.4954
2023-11-22 08:00:00,1.49539,1.49597,1.49527,1.49581
2023-11-22 09:00:00,1.49579,1.49699,1.4953699999999999,1.4968
2023-11-22 10:00:00,1.49681,1.49701,1.49374,1.49379
2023-11-22 11:00:00,1.49376,1.49573,1.49346,1.49487
2023-11-22 12:00:00,1.49485,1.49497,1.49363,1.49393
2023-11-22 13:00:00,1.49394,1.49455,1.49347,1.49407
2023-11-22 14:00:00,1.49409,1.49686,1.49386,1.49549
2023-11-22 15:00:00,1.49546,1.49863,1.4951699999999999,1.49614
2023-11-22 16:00:00,1.49612,1.49654,1.49439,1.49501
2023-11-22 17:00:00,1.49493,1.49493,1.4926599999999999,1.49337
2023-11-22 18:00:00,1.49339,1.49372,1.49257,1.49292
2023-11-22 19:00:00,1.4929299999999999,1.4929299999999999,1.49118,1.49124
2023-11-22 20:00:00,1.49118,1.49165,1.49066,1.49139
2023-11-22 21:00:00,1.49143,1.4919,1.49106,1.4913
2023-11-22 22:00:00,1.49129,1.49152,1.4905599999999999,1.49086
2023-11-22 23:00:00,1.49082,1.4909,1.49001,1.4902
2023-11-23 00:00:00,1.49004,1.49034,1.4893399999999999,1.49007
2023-11-23 01:00:00,1.4899200000000001,1.49078,1.48941,1.49065
2023-11-23 02:00:00,1.49068,1.49078,1.49044,1.49055
2023-11-23 03:00:00,1.4905300000000001,1.49108,1.4904899999999999,1.49104
2023-11-23 04:00:00,1.49103,1.49197,1.49099,1.49174
2023-11-23 05:00:00,1.49172,1.4922,1.4917099999999999,1.49194
2023-11-23 06:00:00,1.49194,1.4920499999999999,1.49151,1.49159
2023-11-23 07:00:00,1.49159,1.4916,1.49071,1.49089
2023-11-23 08:00:00,1.49087,1.49113,1.49004,1.49021
2023-11-23 09:00:00,1.49016,1.49071,1.48947,1.4905599999999999
2023-11-23 10:00:00,1.49054,1.49301,1.48969,1.4918
2023-11-23 11:00:00,1.49183,1.4948000000000001,1.49115,1.49463
2023-11-23 12:00:00,1.49464,1.49479,1.4938,1.49404
2023-11-23 13:00:00,1.49406,1.49409,1.49262,1.4934
2023-11-23 14:00:00,1.49338,1.49413,1.49283,1.49375
2023-11-23 15:00:00,1.49373,1.49495,1.49329,1.49391
2023-11-23 16:00:00,1.4939,1.49407,1.4923,1.4932
2023-11-23 17:00:00,1.4932400000000001,1.49454,1.49309,1.49445
2023-11-23 18:00:00,1.49444,1.49448,1.49318,1.49346
2023-11-23 19:00:00,1.49344,1.49384,1.4928,1.49372
2023-11-23 20:00:00,1.4937,1.494,1.49339,1.49343
2023-11-23 21:00:00,1.49343,1.49357,1.4929000000000001,1.49321
2023-11-23 22:00:00,1.49317,1.49356,1.49302,1.49346
2023-11-23 23:00:00,1.49344,1.4939200000000001,1.49319,1.49319
2023-11-24 00:00:00,1.49302,1.49366,1.4915,1.49345
2023-11-24 01:00:00,1.49348,1.4937,1.49318,1.4934
2023-11-24 02:00:00,1.49328,1.49386,1.49314,1.49338
2023-11-24 03:00:00,1.4934,1.49387,1.49304,1.4931
2023-11-24 04:00:00,1.49309,1.49359,1.49302,1.49339
2023-11-24 05:00:00,1.49341,1.49397,1.49341,1.49373
2023-11-24 06:00:00,1.49375,1.49406,1.49357,1.49399
2023-11-24 07:00:00,1.49403,1.49455,1.49389,1.49452
2023-11-24 08:00:00,1.4945300000000001,1.4946,1.49386,1.49432
2023-11-24 09:00:00,1.49429,1.4948000000000001,1.49363,1.49374
2023-11-24 10:00:00,1.49377,1.49458,1.49335,1.49438
2023-11-24 11:00:00,1.49435,1.49439,1.49257,1.49282
2023-11-24 12:00:00,1.49279,1.49334,1.49271,1.4932400000000001
2023-11-24 13:00:00,1.4932,1.49427,1.49295,1.49345
2023-11-24 14:00:00,1.49346,1.49467,1.4929999999999999,1.49338
2023-11-24 15:00:00,1.49337,1.49367,1.49062,1.4917799999999999
2023-11-24 16:00:00,1.49179,1.49182,1.48764,1.48822
2023-11-24 17:00:00,1.48823,1.48903,1.48715,1.4879
2023-11-24 18:00:00,1.48789,1.48821,1.4868299999999999,1.48801
2023-11-24 19:00:00,1.488,1.48937,1.48783,1.48889
2023-11-24 20:00:00,1.48891,1.49426,1.48855,1.49099
2023-11-24 21:00:00,1.491,1.4913699999999999,1.4896,1.49103
2023-11-24 22:00:00,1.49098,1.49218,1.49084,1.49196
2023-11-24 23:00:00,1.4917799999999999,1.49231,1.48976,1.48982
2023-11-27 00:00:00,1.4910700000000001,1.49253,1.49106,1.49233
2023-11-27 01:00:00,1.49237,1.4923899999999999,1.49048,1.49103
2023-11-27 02:00:00,1.4911699999999999,1.49129,1.49033,1.4904
2023-11-27 03:00:00,1.49042,1.49222,1.4901,1.49207
2023-11-27 04:00:00,1.4921,1.4935399999999999,1.49187,1.49347
2023-11-27 05:00:00,1.49344,1.4946,1.49321,1.4945300000000001
2023-11-27 06:00:00,1.49455,1.4951400000000001,1.49436,1.49466
2023-11-27 07:00:00,1.49467,1.49492,1.49396,1.4947300000000001
2023-11-27 08:00:00,1.49472,1.4950700000000001,1.49374,1.49409
2023-11-27 09:00:00,1.4941,1.4944899999999999,1.49222,1.49244
2023-11-27 10:00:00,1.49245,1.49311,1.49131,1.49253
2023-11-27 11:00:00,1.49254,1.49451,1.4924,1.4945
2023-11-27 12:00:00,1.49451,1.49555,1.49372,1.49396
2023-11-27 13:00:00,1.49393,1.49438,1.49256,1.49309
2023-11-27 14:00:00,1.49312,1.49359,1.49193,1.49272
2023-11-27 15:00:00,1.49271,1.49353,1.492,1.49292
2023-11-27 16:00:00,1.49296,1.49296,1.49061,1.49133
2023-11-27 17:00:00,1.49131,1.49228,1.49037,1.4908000000000001
2023-11-27 18:00:00,1.49079,1.4917,1.48978,1.49108
2023-11-27 19:00:00,1.49109,1.4917500000000001,1.49092,1.49146
2023-11-27 20:00:00,1.49145,1.4922900000000001,1.49072,1.4910700000000001
2023-11-27 21:00:00,1.49109,1.49265,1.49097,1.49256
2023-11-27 22:00:00,1.49252,1.49254,1.49159,1.49174
2023-11-27 23:00:00,1.4917500000000001,1.49184,1.49097,1.49135
2023-11-28 00:00:00,1.4914100000000001,1.49177,1.4903,1.49136
2023-11-28 01:00:00,1.49135,1.49165,1.4907,1.49085
2023-11-28 02:00:00,1.49093,1.49135,1.49055,1.49105
2023-11-28 03:00:00,1.49106,1.49122,1.49072,1.49099
2023-11-28 04:00:00,1.491,1.491,1.49025,1.49055
2023-11-28 05:00:00,1.49058,1.49074,1.4902,1.4903
2023-11-28 06:00:00,1.49029,1.49037,1.48983,1.4899200000000001
2023-11-28 07:00:00,1.48993,1.4902199999999999,1.4898799999999999,1.48998
2023-11-28 08:00:00,1.49001,1.49004,1.4880499999999999,1.48811
2023-11-28 09:00:00,1.4881,1.48895,1.48696,1.48703
2023-11-28 10:00:00,1.48704,1.48932,1.48691,1.48915
2023-11-28 11:00:00,1.48914,1.48998,1.4877099999999999,1.4881199999999999
2023-11-28 12:00:00,1.4881,1.48824,1.48679,1.48766
2023-11-28 13:00:00,1.48767,1.48922,1.48677,1.48749
2023-11-28 14:00:00,1.48747,1.48879,1.48677,1.4886300000000001
2023-11-28 15:00:00,1.48865,1.49191,1.48803,1.49169
2023-11-28 16:00:00,1.49164,1.49273,1.49024,1.49207
2023-11-28 17:00:00,1.49185,1.49454,1.49036,1.49138
2023-11-28 18:00:00,1.49139,1.49275,1.4904,1.49268
2023-11-28 19:00:00,1.49269,1.49339,1.49126,1.49159
2023-11-28 20:00:00,1.49156,1.4916800000000001,1.49057,1.4908299999999999
2023-11-28 21:00:00,1.49085,1.49136,1.49003,1.49101
2023-11-28 22:00:00,1.49099,1.49169,1.49033,1.49154
2023-11-28 23:00:00,1.49153,1.49231,1.49128,1.492
2023-11-29 00:00:00,1.49108,1.49217,1.4902199999999999,1.49183
2023-11-29 01:00:00,1.49182,1.49279,1.49152,1.4925
2023-11-29 02:00:00,1.49253,1.4928,1.49154,1.4918
2023-11-29 03:00:00,1.49181,1.4925,1.49071,1.4907599999999999
2023-11-29 04:00:00,1.49075,1.49101,1.49005,1.4905300000000001
2023-11-29 05:00:00,1.49052,1.49074,1.4899200000000001,1.4899200000000001
2023-11-29 06:00:00,1.4899,1.49061,1.48981,1.4905300000000001
2023-11-29 07:00:00,1.4905,1.4908299999999999,1.49008,1.49051
2023-11-29 08:00:00,1.49052,1.4914,1.48984,1.4901900000000001
2023-11-29 09:00:00,1.4901200000000001,1.49091,1.48922,1.49009
2023-11-29 10:00:00,1.49011,1.49195,1.48906,1.491
2023-11-29 11:00:00,1.49102,1.49135,1.48968,1.4899499999999999
2023-11-29 12:00:00,1.48994,1.49191,1.48946,1.4913
2023-11-29 13:00:00,1.49129,1.4916,1.49003,1.49038
2023-11-29 14:00:00,1.49035,1.49163,1.4899,1.4913
2023-11-29 15:00:00,1.49133,1.49267,1.4898799999999999,1.49151
2023-11-29 16:00:00,1.49152,1.49255,1.49097,1.49128
2023-11-29 17:00:00,1.49126,1.49233,1.49073,1.49132
2023-11-29 18:00:00,1.49133,1.49277,1.49082,1.49122
2023-11-29 19:00:00,1.49123,1.4923899999999999,1.49082,1.49093
2023-11-29 20:00:00,1.49092,1.49185,1.49072,1.49156
2023-11-29 21:00:00,1.49152,1.49233,1.4913699999999999,1.49191
2023-11-29 22:00:00,1.49189,1.49218,1.49135,1.49151
2023-11-29 23:00:00,1.49157,1.49163,1.49026,1.4904600000000001
2023-11-30 00:00:00,1.48968,1.49099,1.48883,1.4906
2023-11-30 01:00:00,1.49063,1.49146,1.49042,1.4914399999999999
2023-11-30 02:00:00,1.49148,1.49241,1.4910999999999999,1.49184
2023-11-30 03:00:00,1.49184,1.49197,1.49082,1.49096
2023-11-30 04:00:00,1.49097,1.49131,1.49024,1.49036
2023-11-30 05:00:00,1.49036,1.4905,1.49006,1.4901
2023-11-30 06:00:00,1.4901,1.4901900000000001,1.4889000000000001,1.48904
2023-11-30 07:00:00,1.48905,1.48987,1.48901,1.48987
2023-11-30 08:00:00,1.48986,1.49041,1.48901,1.49025
2023-11-30 09:00:00,1.49024,1.49028,1.48756,1.48774
2023-11-30 10:00:00,1.4877500000000001,1.4883,1.48535,1.48607
2023-11-30 11:00:00,1.48607,1.48785,1.48553,1.48639
2023-11-30 12:00:00,1.48635,1.48709,1.48474,1.48553
2023-11-30 13:00:00,1.48553,1.48636,1.48476,1.4855800000000001
2023-11-30 14:00:00,1.4855,1.4874399999999999,1.4852699999999999,1.48681
2023-11-30 15:00:00,1.4868299999999999,1.48878,1.48617,1.48674
2023-11-30 16:00:00,1.48678,1.48682,1.48177,1.4822
2023-11-30 17:00:00,1.4822199999999999,1.48234,1.47774,1.47988
2023-11-30 18:00:00,1.47989,1.48235,1.4792,1.48182
2023-11-30 19:00:00,1.48183,1.48221,1.47886,1.47932
2023-11-30 20:00:00,1.47932,1.47966,1.47797,1.47814
2023-11-30 21:00:00,1.47817,1.4783,1.4767700000000001,1.47746
2023-11-30 22:00:00,1.47743,1.47786,1.47576,1.47685
2023-11-30 23:00:00,1.47684,1.47741,1.47613,1.47637
2023-12-01 00:00:00,1.47583,1.4767299999999999,1.47434,1.47652
2023-12-01 01:00:00,1.47657,1.47708,1.47647,1.47656
2023-12-01 02:00:00,1.47657,1.47672,1.47615,1.47618
2023-12-01 03:00:00,1.47614,1.47728,1.47608,1.47645
2023-12-01 04:00:00,1.4764599999999999,1.47724,1.4764599999999999,1.4771
2023-12-01 05:00:00,1.47711,1.47744,1.4764,1.4764
2023-12-01 06:00:00,1.4763899999999999,1.4769700000000001,1.47614,1.4769700000000001
2023-12-01 07:00:00,1.47693,1.47746,1.47685,1.47708
2023-12-01 08:00:00,1.4770699999999999,1.47785,1.47665,1.47753
2023-12-01 09:00:00,1.47754,1.4779900000000001,1.47519,1.4752100000000001
2023-12-01 10:00:00,1.4752100000000001,1.47532,1.47311,1.4733399999999999
2023-12-01 11:00:00,1.47333,1.47447,1.47283,1.4732
2023-12-01 12:00:00,1.4732,1.47473,1.47295,1.47327
2023-12-01 13:00:00,1.47328,1.47363,1.47208,1.47354
2023-12-01 14:00:00,1.47355,1.47535,1.4727299999999999,1.4736
2023-12-01 15:00:00,1.4736,1.47458,1.4700199999999999,1.47011
2023-12-01 16:00:00,1.47012,1.4706000000000001,1.46424,1.46488
2023-12-01 17:00:00,1.46549,1.46708,1.46423,1.4647000000000001
2023-12-01 18:00:00,1.46472,1.4693,1.46393,1.46797
2023-12-01 19:00:00,1.46793,1.46892,1.467,1.46853
2023-12-01 20:00:00,1.46854,1.4713,1.46832,1.4701
2023-12-01 21:00:00,1.47013,1.4702,1.46696,1.46701
2023-12-01 22:00:00,1.46702,1.46834,1.46677,1.4683
2023-12-01 23:00:00,1.46824,1.46898,1.46765,1.4682
2023-12-04 00:00:00,1.4687999999999999,1.46989,1.46759,1.4689999999999999
2023-12-04 01:00:00,1.46894,1.4691,1.46797,1.46845
2023-12-04 02:00:00,1.46845,1.46852,1.46726,1.46769
2023-12-04 03:00:00,1.46772,1.46899,1.46765,1.46885
2023-12-04 04:00:00,1.46886,1.4702899999999999,1.46867,1.47009
2023-12-04 05:00:00,1.47008,1.4711699999999999,1.46982,1.4707
2023-12-04 06:00:00,1.47071,1.47079,1.46956,1.46964
2023-12-04 07:00:00,1.46963,1.46996,1.46951,1.46963
2023-12-04 08:00:00,1.4696500000000001,1.4703300000000001,1.46937,1.47003
2023-12-04 09:00:00,1.46997,1.46997,1.46834,1.46919
2023-12-04 10:00:00,1.46922,1.4721899999999999,1.46922,1.4708700000000001
2023-12-04 11:00:00,1.47086,1.47316,1.47062,1.4723
2023-12-04 12:00:00,1.47231,1.47262,1.47073,1.47205
2023-12-04 13:00:00,1.47206,1.47356,1.47138,1.4716
2023-12-04 14:00:00,1.47161,1.47161,1.4697200000000001,1.47088
2023-12-04 15:00:00,1.47084,1.47188,1.46925,1.46969
2023-12-04 16:00:00,1.46967,1.46977,1.46517,1.46693
2023-12-04 17:00:00,1.46723,1.46772,1.46265,1.46411
2023-12-04 18:00:00,1.46408,1.4659900000000001,1.46376,1.46528
2023-12-04 19:00:00,1.46529,1.46544,1.46399,1.46483
2023-12-04 20:00:00,1.46483,1.4663,1.46483,1.4657
2023-12-04 21:00:00,1.46571,1.46662,1.46543,1.46628
2023-12-04 22:00:00,1.4663,1.46804,1.4662899999999999,1.46688
2023-12-04 23:00:00,1.4668999999999999,1.46737,1.46652,1.46671
2023-12-05 00:00:00,1.4663300000000001,1.4667,1.46439,1.46637
2023-12-05 01:00:00,1.46632,1.46759,1.46632,1.46734
2023-12-05 02:00:00,1.46733,1.46857,1.4672399999999999,1.46833
2023-12-05 03:00:00,1.46832,1.46893,1.4675500000000001,1.46857
2023-12-05 04:00:00,1.46858,1.4695,1.46851,1.46943
2023-12-05 05:00:00,1.46944,1.47055,1.4692,1.46983
2023-12-05 06:00:00,1.46984,1.47021,1.46961,1.47019
2023-12-05 07:00:00,1.47018,1.47041,1.46983,1.4704
2023-12-05 08:00:00,1.47038,1.47042,1.4687299999999999,1.46886
2023-12-05 09:00:00,1.46887,1.46896,1.4657200000000001,1.46614
2023-12-05 10:00:00,1.46615,1.46872,1.46469,1.46845
2023-12-05 11:00:00,1.4683899999999999,1.46949,1.46775,1.46801
2023-12-05 12:00:00,1.46801,1.46977,1.46795,1.46917
2023-12-05 13:00:00,1.46917,1.46954,1.4676,1.4682
2023-12-05 14:00:00,1.46821,1.46951,1.46814,1.4691
2023-12-05 15:00:00,1.4691,1.47184,1.46905,1.4712
2023-12-05 16:00:00,1.4712100000000001,1.47129,1.4674800000000001,1.46835
2023-12-05 17:00:00,1.46829,1.47096,1.46512,1.46524
2023-12-05 18:00:00,1.46519,1.46622,1.46395,1.46464
2023-12-05 19:00:00,1.46464,1.4657200000000001,1.46362,1.46458
2023-12-05 20:00:00,1.46462,1.46478,1.46344,1.46429
2023-12-05 21:00:00,1.46428,1.46532,1.46407,1.46518
2023-12-05 22:00:00,1.46519,1.46745,1.46496,1.46729
2023-12-05 23:00:00,1.46729,1.46791,1.46707,1.46731
2023-12-06 00:00:00,1.46643,1.46738,1.46441,1.46706
2023-12-06 01:00:00,1.46709,1.4674,1.46668,1.46701
2023-12-06 02:00:00,1.46701,1.46712,1.46573,1.46579
2023-12-06 03:00:00,1.4658,1.4661,1.4646,1.46476
2023-12-06 04:00:00,1.4647999999999999,1.46498,1.46437,1.46491
2023-12-06 05:00:00,1.4649,1.46543,1.46466,1.46513
2023-12-06 06:00:00,1.46509,1.46553,1.46508,1.46527
2023-12-06 07:00:00,1.46527,1.46621,1.46496,1.46614
2023-12-06 08:00:00,1.46615,1.46617,1.46465,1.46465
2023-12-06 09:00:00,1.46464,1.46464,1.46265,1.46369
2023-12-06 10:00:00,1.46371,1.46468,1.4617,1.46462
2023-12-06 11:00:00,1.46463,1.4667,1.46455,1.46584
2023-12-06 12:00:00,1.46581,1.46659,1.46535,1.46539
2023-12-06 13:00:00,1.46537,1.46548,1.46283,1.46326
2023-12-06 14:00:00,1.46326,1.46326,1.46151,1.46186
2023-12-06 15:00:00,1.46185,1.46498,1.46144,1.46448
2023-12-06 16:00:00,1.46447,1.46563,1.46265,1.46476
2023-12-06 17:00:00,1.46475,1.46496,1.46228,1.46352
2023-12-06 18:00:00,1.46352,1.4657,1.46343,1.46536
2023-12-06 19:00:00,1.46536,1.46606,1.46411,1.46436
2023-12-06 20:00:00,1.46436,1.46499,1.46274,1.46285
2023-12-06 21:00:00,1.46284,1.46333,1.46204,1.46311
2023-12-06 22:00:00,1.46313,1.4633099999999999,1.46244,1.4628
2023-12-06 23:00:00,1.46278,1.4636,1.46257,1.46307
2023-12-07 00:00:00,1.46306,1.46364,1.46123,1.46335
2023-12-07 01:00:00,1.46338,1.4636,1.46304,1.4633099999999999
2023-12-07 02:00:00,1.4633,1.46381,1.46322,1.46374
2023-12-07 03:00:00,1.46373,1.4638900000000001,1.4632399999999999,1.46352
2023-12-07 04:00:00,1.4635099999999999,1.46396,1.4632800000000001,1.46381
2023-12-07 05:00:00,1.46378,1.46411,1.4635,1.4638499999999999
2023-12-07 06:00:00,1.46383,1.4641899999999999,1.46345,1.46373
2023-12-07 07:00:00,1.46372,1.46429,1.46353,1.46424
2023-12-07 08:00:00,1.46426,1.4646,1.4638,1.46383
2023-12-07 09:00:00,1.46377,1.46471,1.46273,1.46466
2023-12-07 10:00:00,1.46467,1.46577,1.46396,1.46569
2023-12-07 11:00:00,1.46569,1.4659200000000001,1.4644599999999999,1.4644599999999999
2023-12-07 12:00:00,1.46456,1.46522,1.46296,1.46361
2023-12-07 13:00:00,1.46357,1.46487,1.46319,1.46411
2023-12-07 14:00:00,1.46411,1.46555,1.46352,1.46536
2023-12-07 15:00:00,1.46537,1.46766,1.46462,1.46644
2023-12-07 16:00:00,1.46644,1.46679,1.46533,1.4659499999999999
2023-12-07 17:00:00,1.4659,1.4681899999999999,1.46571,1.46668
2023-12-07 18:00:00,1.46667,1.46779,1.4659900000000001,1.4675099999999999
2023-12-07 19:00:00,1.46749,1.4701,1.4674800000000001,1.46962
2023-12-07 20:00:00,1.4696,1.46976,1.46798,1.46848
2023-12-07 21:00:00,1.46849,1.46852,1.46735,1.46776
2023-12-07 22:00:00,1.46774,1.4683899999999999,1.46766,1.46771
2023-12-07 23:00:00,1.46769,1.46827,1.46733,1.46733
2023-12-08 00:00:00,1.4668700000000001,1.46806,1.46551,1.4675500000000001
2023-12-08 01:00:00,1.4675099999999999,1.4679,1.467,1.467
2023-12-08 02:00:00,1.46706,1.46742,1.46665,1.4667
2023-12-08 03:00:00,1.46671,1.46736,1.4646,1.46512
2023-12-08 04:00:00,1.4651100000000001,1.46547,1.46418,1.46488
2023-12-08 05:00:00,1.46489,1.4654099999999999,1.46475,1.46486
2023-12-08 06:00:00,1.46487,1.46489,1.46377,1.46377
2023-12-08 07:00:00,1.46377,1.46498,1.46374,1.46438
2023-12-08 08:00:00,1.46437,1.4646,1.46354,1.4635799999999999
2023-12-08 09:00:00,1.4636,1.4647999999999999,1.4636,1.46464
2023-12-08 10:00:00,1.46464,1.46589,1.46445,1.4654099999999999
2023-12-08 11:00:00,1.4654,1.4654,1.46296,1.46344
2023-12-08 12:00:00,1.46343,1.46461,1.46299,1.46383
2023-12-08 13:00:00,1.46381,1.46483,1.46259,1.4645000000000001
2023-12-08 14:00:00,1.46449,1.46486,1.46339,1.4634800000000001
2023-12-08 15:00:00,1.4634800000000001,1.4634800000000001,1.4580199999999999,1.46017
2023-12-08 16:00:00,1.4601600000000001,1.4619,1.4595799999999999,1.4599
2023-12-08 17:00:00,1.46007,1.46353,1.45944,1.46254
2023-12-08 18:00:00,1.46256,1.46266,1.4605299999999999,1.46092
2023-12-08 19:00:00,1.46086,1.463,1.4607999999999999,1.4626299999999999
2023-12-08 20:00:00,1.46264,1.46315,1.46181,1.46188
2023-12-08 21:00:00,1.46189,1.46219,1.46119,1.46144
2023-12-08 22:00:00,1.46144,1.46271,1.4613800000000001,1.46245
2023-12-08 23:00:00,1.46248,1.46261,1.46091,1.4611100000000001
2023-12-11 00:00:00,1.46029,1.46227,1.46029,1.46171
2023-12-11 01:00:00,1.4617200000000001,1.46243,1.4617,1.46205
2023-12-11 02:00:00,1.46208,1.4635500000000001,1.46201,1.46334
2023-12-11 03:00:00,1.46338,1.46432,1.46315,1.464
2023-12-11 04:00:00,1.46398,1.46418,1.46354,1.4639199999999999
2023-12-11 05:00:00,1.46388,1.4643,1.46377,1.46398
2023-12-11 06:00:00,1.46398,1.46406,1.46375,1.46395
2023-12-11 07:00:00,1.46394,1.46445,1.46383,1.46403
2023-12-11 08:00:00,1.46403,1.46408,1.4635500000000001,1.46365
2023-12-11 09:00:00,1.46361,1.46363,1.46162,1.46193
2023-12-11 10:00:00,1.46188,1.4642,1.4604599999999999,1.4635799999999999
2023-12-11 11:00:00,1.46356,1.46377,1.46192,1.4635
2023-12-11 12:00:00,1.4635099999999999,1.46532,1.46349,1.46459
2023-12-11 13:00:00,1.46455,1.46524,1.46312,1.46356
2023-12-11 14:00:00,1.46356,1.46357,1.46009,1.46055
2023-12-11 15:00:00,1.46054,1.46146,1.45943,1.46118
2023-12-11 16:00:00,1.46119,1.46137,1.45755,1.45854
2023-12-11 17:00:00,1.45855,1.45892,1.45659,1.45736
2023-12-11 18:00:00,1.45736,1.45882,1.45719,1.45825
2023-12-11 19:00:00,1.45825,1.4610400000000001,1.45816,1.45866
2023-12-11 20:00:00,1.45864,1.46034,1.4584,1.46004
2023-12-11 21:00:00,1.46003,1.4611399999999999,1.4599,1.46029
2023-12-11 22:00:00,1.46029,1.4611,1.46013,1.46091
2023-12-11 23:00:00,1.4609,1.46128,1.46086,1.4610400000000001
2023-12-12 00:00:00,1.4610400000000001,1.46118,1.45862,1.46117
2023-12-12 01:00:00,1.4611,1.46177,1.46103,1.4617499999999999
2023-12-12 02:00:00,1.4617499999999999,1.46177,1.46067,1.46076
2023-12-12 03:00:00,1.46076,1.46092,1.46029,1.4604599999999999
2023-12-12 04:00:00,1.4604599999999999,1.46081,1.45987,1.45995
2023-12-12 05:00:00,1.45994,1.46037,1.4595500000000001,1.45977
2023-12-12 06:00:00,1.45976,1.4601600000000001,1.4593,1.45942
2023-12-12 07:00:00,1.45943,1.46001,1.45927,1.4596
2023-12-12 08:00:00,1.45961,1.46066,1.45926,1.46047
2023-12-12 09:00:00,1.46051,1.46142,1.46025,1.46095
2023-12-12 10:00:00,1.46094,1.46375,1.4607,1.46322
2023-12-12 11:00:00,1.46323,1.4647700000000001,1.46256,1.46425
2023-12-12 12:00:00,1.4642,1.46634,1.46413,1.46551
2023-12-12 13:00:00,1.46553,1.4657499999999999,1.46439,1.46456
2023-12-12 14:00:00,1.46458,1.4665300000000001,1.46456,1.4650400000000001
2023-12-12 15:00:00,1.46499,1.4672100000000001,1.4632100000000001,1.46428
2023-12-12 16:00:00,1.46423,1.46738,1.46423,1.46638
2023-12-12 17:00:00,1.4664,1.46833,1.46561,1.46678
2023-12-12 18:00:00,1.46685,1.4687000000000001,1.4665,1.46858
2023-12-12 19:00:00,1.46859,1.46925,1.46728,1.46817
2023-12-12 20:00:00,1.46818,1.46902,1.46708,1.46805
2023-12-12 21:00:00,1.46806,1.46832,1.46666,1.46698
2023-12-12 22:00:00,1.46699,1.4675799999999999,1.46675,1.4675500000000001
2023-12-12 23:00:00,1.46756,1.4678499999999999,1.46673,1.46673
2023-12-13 00:00:00,1.46659,1.4677799999999999,1.46562,1.467
2023-12-13 01:00:00,1.46711,1.46737,1.46683,1.46699
2023-12-13 02:00:00,1.467,1.4672100000000001,1.46625,1.46683
2023-12-13 03:00:00,1.4668,1.46728,1.46665,1.46669
2023-12-13 04:00:00,1.46668,1.46681,1.46605,1.46668
2023-12-13 05:00:00,1.46665,1.46681,1.4662899999999999,1.46657
2023-12-13 06:00:00,1.46658,1.46685,1.4662899999999999,1.46634
2023-12-13 07:00:00,1.46637,1.46685,1.46634,1.46647
2023-12-13 08:00:00,1.46648,1.46683,1.46579,1.46616
2023-12-13 09:00:00,1.46618,1.467,1.46601,1.46671
2023-12-13 10:00:00,1.46673,1.46853,1.46657,1.46761
2023-12-13 11:00:00,1.46762,1.46763,1.46542,1.46621
2023-12-13 12:00:00,1.46621,1.4663300000000001,1.46417,1.46498
2023-12-13 13:00:00,1.465,1.4657499999999999,1.4638200000000001,1.4653399999999999
2023-12-13 14:00:00,1.4653,1.4653800000000001,1.46395,1.46461
2023-12-13 15:00:00,1.46462,1.46673,1.46398,1.46439
2023-12-13 16:00:00,1.46438,1.46495,1.46288,1.46438
2023-12-13 17:00:00,1.46435,1.46567,1.46404,1.46518
2023-12-13 18:00:00,1.46519,1.46571,1.4635500000000001,1.4644599999999999
2023-12-13 19:00:00,1.46445,1.46566,1.46415,1.46483
2023-12-13 20:00:00,1.46483,1.46605,1.46448,1.46517
2023-12-13 21:00:00,1.46667,1.47143,1.46606,1.4701
2023-12-13 22:00:00,1.4701,1.4707,1.46789,1.46875
2023-12-13 23:00:00,1.46876,1.47003,1.46831,1.46991
2023-12-14 00:00:00,1.4692,1.47032,1.46771,1.46958
2023-12-14 01:00:00,1.46948,1.4702,1.4693100000000001,1.47019
2023-12-14 02:00:00,1.47023,1.47073,1.46948,1.4699900000000001
2023-12-14 03:00:00,1.47,1.47012,1.46841,1.46923
2023-12-14 04:00:00,1.46922,1.46932,1.468,1.46808
2023-12-14 05:00:00,1.46808,1.46894,1.46793,1.46818
2023-12-14 06:00:00,1.46817,1.46859,1.4679,1.46803
2023-12-14 07:00:00,1.46803,1.4684,1.46718,1.4673
2023-12-14 08:00:00,1.46732,1.46885,1.46732,1.46869
2023-12-14 09:00:00,1.46871,1.46985,1.46614,1.46619
2023-12-14 10:00:00,1.46621,1.46789,1.46549,1.4678
2023-12-14 11:00:00,1.4678,1.4694099999999999,1.46667,1.4668700000000001
2023-12-14 12:00:00,1.46684,1.46854,1.46652,1.46808
2023-12-14 13:00:00,1.46811,1.47042,1.46802,1.46949
2023-12-14 14:00:00,1.4694099999999999,1.47091,1.4668999999999999,1.46772
2023-12-14 15:00:00,1.46772,1.47059,1.46542,1.4696
2023-12-14 16:00:00,1.4695,1.47592,1.4678,1.4754
2023-12-14 17:00:00,1.47549,1.47644,1.4725,1.4754399999999999
2023-12-14 18:00:00,1.47542,1.4758,1.47389,1.4741
2023-12-14 19:00:00,1.47409,1.47602,1.47315,1.47562
2023-12-14 20:00:00,1.4756,1.4763,1.47355,1.47366
2023-12-14 21:00:00,1.4736500000000001,1.47469,1.47286,1.47388
2023-12-14 22:00:00,1.47391,1.4742899999999999,1.4729999999999999,1.47352
2023-12-14 23:00:00,1.4735,1.47409,1.47291,1.47352
2023-12-15 00:00:00,1.47337,1.47421,1.47248,1.4736
2023-12-15 01:00:00,1.4736099999999999,1.47445,1.4735,1.47363
2023-12-15 02:00:00,1.47367,1.47376,1.4724300000000001,1.47293
2023-12-15 03:00:00,1.47294,1.47313,1.47222,1.47242
2023-12-15 04:00:00,1.47238,1.47308,1.47237,1.47262
2023-12-15 05:00:00,1.4726,1.47299,1.47242,1.47266
2023-12-15 06:00:00,1.47267,1.47312,1.47242,1.47251
2023-12-15 07:00:00,1.47249,1.47254,1.47135,1.47147
2023-12-15 08:00:00,1.47141,1.47173,1.4708999999999999,1.47123
2023-12-15 09:00:00,1.4712399999999999,1.47191,1.47055,1.4718
2023-12-15 10:00:00,1.47181,1.472,1.46467,1.46537
2023-12-15 11:00:00,1.4654099999999999,1.46675,1.46447,1.46596
2023-12-15 12:00:00,1.4659499999999999,1.46718,1.46554,1.4668999999999999
2023-12-15 13:00:00,1.46692,1.46789,1.4659200000000001,1.4675099999999999
2023-12-15 14:00:00,1.4675099999999999,1.46757,1.46413,1.46459
2023-12-15 15:00:00,1.46459,1.46549,1.46118,1.46293
2023-12-15 16:00:00,1.46298,1.4635,1.46074,1.46149
2023-12-15 17:00:00,1.46149,1.4617200000000001,1.45878,1.45946
2023-12-15 18:00:00,1.45946,1.45962,1.4570400000000001,1.45848
2023-12-15 19:00:00,1.45846,1.45964,1.45782,1.45819
2023-12-15 20:00:00,1.45825,1.45905,1.45664,1.45728
2023-12-15 21:00:00,1.45727,1.45788,1.45625,1.45719
2023-12-15 22:00:00,1.45721,1.45805,1.4567999999999999,1.4567999999999999
2023-12-15 23:00:00,1.4567999999999999,1.4574799999999999,1.45594,1.45744
2023-12-18 00:00:00,1.45587,1.4571,1.45424,1.45678
2023-12-18 01:00:00,1.4571100000000001,1.4578,1.45656,1.45779
2023-12-18 02:00:00,1.4578,1.45827,1.45751,1.45822
2023-12-18 03:00:00,1.45822,1.45866,1.458,1.45861
2023-12-18 04:00:00,1.45861,1.4593099999999999,1.45851,1.45909
2023-12-18 05:00:00,1.45907,1.45962,1.45892,1.4596
2023-12-18 06:00:00,1.4596,1.4597,1.45888,1.45965
2023-12-18 07:00:00,1.45965,1.4599,1.45889,1.45969
2023-12-18 08:00:00,1.45974,1.4601600000000001,1.45912,1.46011
2023-12-18 09:00:00,1.46009,1.4619,1.45996,1.46135
2023-12-18 10:00:00,1.46136,1.46136,1.45934,1.45953
2023-12-18 11:00:00,1.45954,1.46096,1.45905,1.46039
2023-12-18 12:00:00,1.46039,1.46105,1.45936,1.45987
2023-12-18 13:00:00,1.45988,1.46033,1.4576799999999999,1.45817
2023-12-18 14:00:00,1.45817,1.45963,1.45756,1.45795
2023-12-18 15:00:00,1.45798,1.4597,1.4574500000000001,1.45945
2023-12-18 16:00:00,1.45945,1.46188,1.45938,1.46159
2023-12-18 17:00:00,1.4616,1.46282,1.46015,1.462
2023-12-18 18:00:00,1.462,1.46441,1.46192,1.46228
2023-12-18 19:00:00,1.4621,1.46359,1.46198,1.46315
2023-12-18 20:00:00,1.46312,1.4633099999999999,1.46242,1.46298
2023-12-18 21:00:00,1.46298,1.46327,1.46153,1.46186
2023-12-18 22:00:00,1.46184,1.46252,1.46164,1.46247
2023-12-18 23:00:00,1.46198,1.46369,1.46179,1.46352
2023-12-19 00:00:00,1.46319,1.46345,1.46042,1.46284
2023-12-19 01:00:00,1.46317,1.4635500000000001,1.46305,1.46339
2023-12-19 02:00:00,1.46339,1.46352,1.4620199999999999,1.46243
2023-12-19 03:00:00,1.4624,1.46282,1.4621,1.46221
2023-12-19 04:00:00,1.4622,1.4628700000000001,1.46181,1.4626700000000001
2023-12-19 05:00:00,1.46269,1.46341,1.46251,1.46308
2023-12-19 06:00:00,1.46306,1.46338,1.46268,1.46302
2023-12-19 07:00:00,1.46302,1.4638499999999999,1.46279,1.46383
2023-12-19 08:00:00,1.46377,1.4642,1.46305,1.4638
2023-12-19 09:00:00,1.4638,1.4651,1.46361,1.46394
2023-12-19 10:00:00,1.46395,1.46503,1.46282,1.4649
2023-12-19 11:00:00,1.46489,1.4657499999999999,1.46444,1.46461
2023-12-19 12:00:00,1.46463,1.46478,1.46372,1.46423
2023-12-19 13:00:00,1.46423,1.46467,1.46311,1.46432
2023-12-19 14:00:00,1.46432,1.4682,1.46335,1.46784
2023-12-19 15:00:00,1.46783,1.46826,1.4616,1.46312
2023-12-19 16:00:00,1.46312,1.46528,1.46242,1.46402
2023-12-19 17:00:00,1.46398,1.46577,1.4632800000000001,1.4653800000000001
2023-12-19 18:00:00,1.4653800000000001,1.46556,1.46339,1.4643
2023-12-19 19:00:00,1.46433,1.465,1.4637,1.46404
2023-12-19 20:00:00,1.46404,1.46471,1.46288,1.46332
2023-12-19 21:00:00,1.46334,1.46411,1.46309,1.4636
2023-12-19 22:00:00,1.46362,1.4644,1.46337,1.46337
2023-12-19 23:00:00,1.46337,1.46422,1.46325,1.46379
2023-12-20 00:00:00,1.4638900000000001,1.46441,1.46189,1.46441
2023-12-20 01:00:00,1.46441,1.46455,1.46388,1.46438
2023-12-20 02:00:00,1.46436,1.46442,1.46332,1.46394
2023-12-20 03:00:00,1.46394,1.46436,1.46361,1.46375
2023-12-20 04:00:00,1.46378,1.4641600000000001,1.4636,1.46376
2023-12-20 05:00:00,1.46378,1.46396,1.46347,1.46396
2023-12-20 06:00:00,1.46396,1.4645000000000001,1.46374,1.46408
2023-12-20 07:00:00,1.46408,1.46417,1.4634,1.46356
2023-12-20 08:00:00,1.46356,1.46365,1.4622600000000001,1.46265
2023-12-20 09:00:00,1.4626299999999999,1.46384,1.46188,1.46342
2023-12-20 10:00:00,1.46341,1.46341,1.46097,1.4613399999999999
2023-12-20 11:00:00,1.4613399999999999,1.46184,1.46063,1.46142
2023-12-20 12:00:00,1.4614099999999999,1.46143,1.4589400000000001,1.46059
2023-12-20 13:00:00,1.46062,1.46076,1.45839,1.45888
2023-12-20 14:00:00,1.4588999999999999,1.4601,1.4582600000000001,1.45965
2023-12-20 15:00:00,1.45967,1.4626700000000001,1.4595099999999999,1.46208
2023-12-20 16:00:00,1.46208,1.46302,1.46128,1.46214
2023-12-20 17:00:00,1.46227,1.4629400000000001,1.45945,1.46166
2023-12-20 18:00:00,1.46164,1.46215,1.45948,1.45969
2023-12-20 19:00:00,1.45967,1.46006,1.45875,1.45942
2023-12-20 20:00:00,1.45942,1.46034,1.459,1.4595799999999999
2023-12-20 21:00:00,1.4596,1.46037,1.4589699999999999,1.46029
2023-12-20 22:00:00,1.46035,1.46177,1.46026,1.46126
2023-12-20 23:00:00,1.46074,1.46286,1.46063,1.46212
2023-12-21 00:00:00,1.46214,1.4628999999999999,1.46076,1.46203
2023-12-21 01:00:00,1.46237,1.46261,1.46166,1.4618
2023-12-21 02:00:00,1.46177,1.4620600000000001,1.46125,1.46187
2023-12-21 03:00:00,1.46189,1.46241,1.4616799999999999,1.46219
2023-12-21 04:00:00,1.46219,1.46245,1.46176,1.4620600000000001
2023-12-21 05:00:00,1.46204,1.46228,1.46178,1.46219
2023-12-21 06:00:00,1.46215,1.46241,1.46189,1.4622899999999999
2023-12-21 07:00:00,1.46231,1.46247,1.46197,1.4623
2023-12-21 08:00:00,1.46227,1.46237,1.46127,1.46184
2023-12-21 09:00:00,1.46185,1.46197,1.46088,1.4616
2023-12-21 10:00:00,1.4616,1.46174,1.45935,1.45947
2023-12-21 11:00:00,1.45947,1.46089,1.45909,1.46065
2023-12-21 12:00:00,1.46066,1.46305,1.46001,1.4625
2023-12-21 13:00:00,1.46251,1.4657,1.46239,1.46459
2023-12-21 14:00:00,1.46459,1.46635,1.4644599999999999,1.46608
2023-12-21 15:00:00,1.46612,1.4668999999999999,1.46397,1.46508
2023-12-21 16:00:00,1.46506,1.46615,1.4635799999999999,1.46396
2023-12-21 17:00:00,1.46398,1.46407,1.46178,1.4623
2023-12-21 18:00:00,1.46227,1.4624,1.46021,1.4608400000000001
2023-12-21 19:00:00,1.46082,1.46255,1.46051,1.4622
2023-12-21 20:00:00,1.46222,1.46253,1.46159,1.4617499999999999
2023-12-21 21:00:00,1.46177,1.4618,1.46067,1.46162
2023-12-21 22:00:00,1.46163,1.46205,1.46049,1.46049
2023-12-21 23:00:00,1.46049,1.46243,1.4601899999999999,1.46225
2023-12-22 00:00:00,1.4622600000000001,1.46227,1.45884,1.462
2023-12-22 01:00:00,1.4620600000000001,1.46244,1.46177,1.46189
2023-12-22 02:00:00,1.46189,1.4620199999999999,1.46129,1.46157
2023-12-22 03:00:00,1.46161,1.46163,1.46055,1.46081
2023-12-22 04:00:00,1.46081,1.46098,1.4604,1.46093
2023-12-22 05:00:00,1.4609,1.4614500000000001,1.46081,1.4613
2023-12-22 06:00:00,1.46132,1.46161,1.4611100000000001,1.4614
2023-12-22 07:00:00,1.4614,1.4617200000000001,1.46128,1.4616
2023-12-22 08:00:00,1.46163,1.46182,1.46059,1.46066
2023-12-22 09:00:00,1.46066,1.4618,1.46059,1.46059
2023-12-22 10:00:00,1.46058,1.46154,1.46015,1.46129
2023-12-22 11:00:00,1.46128,1.46211,1.46069,1.46112
2023-12-22 12:00:00,1.4611100000000001,1.46283,1.4607999999999999,1.46262
2023-12-22 13:00:00,1.46261,1.4644,1.46237,1.46319
2023-12-22 14:00:00,1.46323,1.46483,1.4626000000000001,1.4631
2023-12-22 15:00:00,1.46316,1.46379,1.46179,1.46285
2023-12-22 16:00:00,1.46283,1.46373,1.45967,1.46013
2023-12-22 17:00:00,1.45857,1.46106,1.45857,1.46085
2023-12-22 18:00:00,1.4607999999999999,1.46217,1.45938,1.4595
2023-12-22 19:00:00,1.45945,1.46072,1.4585,1.46063
2023-12-22 20:00:00,1.46063,1.4616,1.46049,1.46089
2023-12-22 21:00:00,1.46087,1.46176,1.46023,1.46054
2023-12-22 22:00:00,1.46047,1.46076,1.45941,1.45941
2023-12-22 23:00:00,1.45941,1.4612,1.45929,1.4607999999999999
2023-12-25 00:00:00,1.45819,1.4601600000000001,1.45819,1.45899
2023-12-25 01:00:00,1.45898,1.4601,1.45898,1.45993
2023-12-25 02:00:00,1.45994,1.4601,1.45994,1.46006
2023-12-26 00:00:00,1.4588999999999999,1.4604300000000001,1.45782,1.45913
2023-12-26 01:00:00,1.46015,1.46105,1.45995,1.46014
2023-12-26 02:00:00,1.46013,1.4611100000000001,1.46011,1.46098
2023-12-26 03:00:00,1.46096,1.46151,1.46061,1.46087
2023-12-26 04:00:00,1.46087,1.46139,1.46069,1.4613
2023-12-26 05:00:00,1.4613,1.46152,1.46113,1.46123
2023-12-26 06:00:00,1.46121,1.46131,1.46048,1.46052
2023-12-26 07:00:00,1.46052,1.46108,1.46032,1.46098
2023-12-26 08:00:00,1.46097,1.46102,1.46008,1.46024
2023-12-26 09:00:00,1.46023,1.46057,1.45994,1.46047
2023-12-26 10:00:00,1.46049,1.46223,1.45987,1.4601
2023-12-26 11:00:00,1.46008,1.46008,1.45883,1.45973
2023-12-26 12:00:00,1.45973,1.46039,1.4593099999999999,1.45935
2023-12-26 13:00:00,1.45934,1.45957,1.45899,1.45906
2023-12-26 14:00:00,1.45906,1.45938,1.4583,1.45849
2023-12-26 15:00:00,1.45847,1.45849,1.45519,1.45583
2023-12-26 16:00:00,1.4558499999999999,1.45656,1.45495,1.45628
2023-12-26 17:00:00,1.4562599999999999,1.45692,1.45551,1.45605
2023-12-26 18:00:00,1.45608,1.45818,1.45599,1.45735
2023-12-26 19:00:00,1.45734,1.45796,1.4571,1.45779
2023-12-26 20:00:00,1.45779,1.45819,1.45753,1.45797
2023-12-26 21:00:00,1.45797,1.4583,1.45731,1.4579
2023-12-26 22:00:00,1.45788,1.45813,1.45729,1.45746
2023-12-26 23:00:00,1.45696,1.45751,1.4564300000000001,1.45695
2023-12-27 00:00:00,1.4570400000000001,1.45733,1.45499,1.45598
2023-12-27 01:00:00,1.45733,1.45733,1.4568699999999999,1.4571399999999999
2023-12-27 02:00:00,1.45715,1.45794,1.45697,1.4576
2023-12-27 03:00:00,1.4576,1.45763,1.45598,1.4565299999999999
2023-12-27 04:00:00,1.4565299999999999,1.45654,1.45539,1.45545
2023-12-27 05:00:00,1.45547,1.45622,1.45527,1.45615
2023-12-27 06:00:00,1.45615,1.45664,1.4558900000000001,1.45608
2023-12-27 07:00:00,1.45608,1.4565299999999999,1.4556499999999999,1.45644
2023-12-27 08:00:00,1.45642,1.45649,1.45569,1.4562300000000001
2023-12-27 09:00:00,1.4562300000000001,1.45744,1.45597,1.45691
2023-12-27 10:00:00,1.45689,1.45892,1.45685,1.4588999999999999
2023-12-27 11:00:00,1.45889,1.46003,1.45872,1.45942
2023-12-27 12:00:00,1.4594,1.46014,1.45869,1.45899
2023-12-27 13:00:00,1.45898,1.45979,1.45832,1.45949
2023-12-27 14:00:00,1.4595099999999999,1.46171,1.45845,1.46143
2023-12-27 15:00:00,1.46143,1.4616799999999999,1.4598,1.46096
2023-12-27 16:00:00,1.46096,1.46529,1.45991,1.46527
2023-12-27 17:00:00,1.46527,1.46799,1.46444,1.4665300000000001
2023-12-27 18:00:00,1.46655,1.46842,1.46624,1.46702
2023-12-27 19:00:00,1.46699,1.46764,1.46623,1.46686
2023-12-27 20:00:00,1.46685,1.46765,1.46618,1.46747
2023-12-27 21:00:00,1.46744,1.46857,1.46662,1.4667
2023-12-27 22:00:00,1.46676,1.46738,1.4665,1.4667
2023-12-27 23:00:00,1.4662,1.46691,1.46596,1.46664
2023-12-28 00:00:00,1.46598,1.46665,1.46335,1.46421
2023-12-28 01:00:00,1.46545,1.46688,1.46545,1.46671
2023-12-28 02:00:00,1.46672,1.46729,1.46662,1.46707
2023-12-28 03:00:00,1.46709,1.46741,1.46676,1.46737
2023-12-28 04:00:00,1.46735,1.4674800000000001,1.46617,1.46729
2023-12-28 05:00:00,1.46727,1.46759,1.46682,1.46711
2023-12-28 06:00:00,1.46709,1.46741,1.4665300000000001,1.4668999999999999
2023-12-28 07:00:00,1.46689,1.4675,1.46623,1.46635
2023-12-28 08:00:00,1.46635,1.46666,1.46566,1.46625
2023-12-28 09:00:00,1.46627,1.46757,1.46615,1.46628
2023-12-28 10:00:00,1.4662600000000001,1.46798,1.4654099999999999,1.46793
2023-12-28 11:00:00,1.46793,1.47176,1.4675,1.4702899999999999
2023-12-28 12:00:00,1.47028,1.47138,1.46974,1.47004
2023-12-28 13:00:00,1.47003,1.47047,1.46912,1.4697
2023-12-28 14:00:00,1.4697,1.4706000000000001,1.46901,1.46957
2023-12-28 15:00:00,1.46956,1.46987,1.46253,1.46281
2023-12-28 16:00:00,1.46285,1.4652,1.46259,1.46439
2023-12-28 17:00:00,1.46439,1.46625,1.46393,1.4644300000000001
2023-12-28 18:00:00,1.46441,1.46442,1.46125,1.46182
2023-12-28 19:00:00,1.46179,1.4635500000000001,1.46072,1.46327
2023-12-28 20:00:00,1.46325,1.46334,1.46121,1.46319
2023-12-28 21:00:00,1.4632100000000001,1.46383,1.46273,1.46373
2023-12-28 22:00:00,1.46371,1.46405,1.46323,1.46356
2023-12-28 23:00:00,1.46307,1.46343,1.46241,1.46305
2023-12-29 00:00:00,1.46317,1.4635,1.46074,1.46314
2023-12-29 01:00:00,1.46345,1.46425,1.4631,1.4641600000000001
2023-12-29 02:00:00,1.4641600000000001,1.4651100000000001,1.4638200000000001,1.465
2023-12-29 03:00:00,1.46497,1.46583,1.46496,1.46505
2023-12-29 04:00:00,1.46503,1.4650699999999999,1.46379,1.46395
2023-12-29 05:00:00,1.46397,1.46402,1.46319,1.46339
2023-12-29 06:00:00,1.46339,1.46402,1.46326,1.46369
2023-12-29 07:00:00,1.46366,1.46376,1.46286,1.4632800000000001
2023-12-29 08:00:00,1.4633099999999999,1.46518,1.4632399999999999,1.4650400000000001
2023-12-29 09:00:00,1.46509,1.46584,1.46424,1.46496
2023-12-29 10:00:00,1.46494,1.4667,1.464,1.46408
2023-12-29 11:00:00,1.4641199999999999,1.46431,1.46332,1.46401
2023-12-29 12:00:00,1.46401,1.46692,1.46396,1.46647
2023-12-29 13:00:00,1.46647,1.4681199999999999,1.46579,1.468
2023-12-29 14:00:00,1.46799,1.46899,1.46449,1.4651100000000001
2023-12-29 15:00:00,1.4651100000000001,1.46611,1.464,1.46455
2023-12-29 16:00:00,1.46456,1.4656,1.46338,1.46367
2023-12-29 17:00:00,1.46368,1.46395,1.45553,1.45657
2023-12-29 18:00:00,1.4566,1.46087,1.45577,1.46041
2023-12-29 19:00:00,1.46035,1.46182,1.4598900000000001,1.4611
2023-12-29 20:00:00,1.4611,1.4626299999999999,1.45988,1.46255
2023-12-29 21:00:00,1.4626000000000001,1.46307,1.46116,1.4615
2023-12-29 22:00:00,1.46152,1.46285,1.46094,1.46274
2023-12-29 23:00:00,1.46225,1.463,1.46036,1.46154
2024-01-02 00:00:00,1.46304,1.46313,1.46036,1.46207
2024-01-02 01:00:00,1.46247,1.46255,1.4614500000000001,1.46155
2024-01-02 02:00:00,1.46157,1.46194,1.46143,1.46182
2024-01-02 03:00:00,1.46184,1.4619,1.46056,1.46101
2024-01-02 04:00:00,1.46101,1.46132,1.4601600000000001,1.46024
2024-01-02 05:00:00,1.46022,1.46123,1.46014,1.4612
2024-01-02 06:00:00,1.46119,1.4612,1.46022,1.4606
2024-01-02 07:00:00,1.46058,1.46149,1.46015,1.46021
2024-01-02 08:00:00,1.46023,1.46231,1.46018,1.46167
2024-01-02 09:00:00,1.46167,1.46178,1.45953,1.45957
2024-01-02 10:00:00,1.4595799999999999,1.46115,1.4586000000000001,1.46047
2024-01-02 11:00:00,1.46045,1.46209,1.45918,1.45976
2024-01-02 12:00:00,1.45975,1.45997,1.45783,1.4583599999999999
2024-01-02 13:00:00,1.45832,1.45854,1.45488,1.45529
2024-01-02 14:00:00,1.45529,1.4564,1.45518,1.4558
2024-01-02 15:00:00,1.45578,1.45842,1.45577,1.45657
2024-01-02 16:00:00,1.45655,1.46032,1.45633,1.45974
2024-01-02 17:00:00,1.45977,1.46038,1.45658,1.45678
2024-01-02 18:00:00,1.4568400000000001,1.45911,1.4564300000000001,1.4583
2024-01-02 19:00:00,1.45825,1.45851,1.45641,1.45683
2024-01-02 20:00:00,1.45683,1.45913,1.45678,1.45869
2024-01-02 21:00:00,1.45869,1.4594,1.45824,1.4586999999999999
2024-01-02 22:00:00,1.45868,1.4595799999999999,1.45862,1.45865
2024-01-02 23:00:00,1.45815,1.45852,1.45683,1.4574799999999999
2024-01-03 00:00:00,1.45752,1.4582,1.45546,1.45719
2024-01-03 01:00:00,1.4574500000000001,1.45778,1.45739,1.45746
2024-01-03 02:00:00,1.4574799999999999,1.45858,1.45743,1.45849
2024-01-03 03:00:00,1.45851,1.45953,1.45831,1.45923
2024-01-03 04:00:00,1.45923,1.45971,1.4592,1.45949
2024-01-03 05:00:00,1.45946,1.46086,1.4592399999999999,1.46041
2024-01-03 06:00:00,1.4604300000000001,1.46085,1.46024,1.46079
2024-01-03 07:00:00,1.46078,1.46097,1.45929,1.45929
2024-01-03 08:00:00,1.4593099999999999,1.46038,1.4592800000000001,1.4601
2024-01-03 09:00:00,1.4601,1.4611100000000001,1.4595500000000001,1.46033
2024-01-03 10:00:00,1.46033,1.4611399999999999,1.45927,1.45939
2024-01-03 11:00:00,1.45939,1.46039,1.45719,1.45723
2024-01-03 12:00:00,1.45725,1.45778,1.4564300000000001,1.4571
2024-01-03 13:00:00,1.4571100000000001,1.4576,1.45624,1.45695
2024-01-03 14:00:00,1.45695,1.45869,1.4563,1.45681
2024-01-03 15:00:00,1.45681,1.4593099999999999,1.4567700000000001,1.4592800000000001
2024-01-03 16:00:00,1.4592800000000001,1.45976,1.45718,1.45773
2024-01-03 17:00:00,1.45749,1.45926,1.45523,1.45579
2024-01-03 18:00:00,1.45577,1.45773,1.45547,1.45702
2024-01-03 19:00:00,1.457,1.45747,1.45647,1.45713
2024-01-03 20:00:00,1.45715,1.45742,1.45632,1.4564
2024-01-03 21:00:00,1.4564599999999999,1.45866,1.4563,1.4579900000000001
2024-01-03 22:00:00,1.4579900000000001,1.45878,1.4577,1.4586999999999999
2024-01-03 23:00:00,1.45821,1.45857,1.45735,1.45819
2024-01-04 00:00:00,1.45807,1.45838,1.4558900000000001,1.45781
2024-01-04 01:00:00,1.45808,1.45841,1.45778,1.45821
2024-01-04 02:00:00,1.45823,1.45866,1.45763,1.458
2024-01-04 03:00:00,1.45796,1.4579900000000001,1.45681,1.45696
2024-01-04 04:00:00,1.45696,1.45795,1.45685,1.45769
2024-01-04 05:00:00,1.4577200000000001,1.45788,1.457,1.45716
2024-01-04 06:00:00,1.45717,1.4575,1.4569,1.4572
2024-01-04 07:00:00,1.4572,1.45749,1.4568699999999999,1.4574099999999999
2024-01-04 08:00:00,1.45743,1.45795,1.4558,1.4566
2024-01-04 09:00:00,1.45661,1.45759,1.45587,1.45676
2024-01-04 10:00:00,1.45675,1.4596,1.45644,1.4593099999999999
2024-01-04 11:00:00,1.4593,1.46132,1.45876,1.46117
2024-01-04 12:00:00,1.4612,1.46182,1.45937,1.4595
2024-01-04 13:00:00,1.4595099999999999,1.46032,1.45893,1.46006
2024-01-04 14:00:00,1.46008,1.4607999999999999,1.45977,1.46027
2024-01-04 15:00:00,1.46029,1.46201,1.45956,1.46201
2024-01-04 16:00:00,1.46203,1.46251,1.46056,1.46182
2024-01-04 17:00:00,1.46185,1.46432,1.46177,1.46279
2024-01-04 18:00:00,1.46281,1.46418,1.46279,1.46327
2024-01-04 19:00:00,1.46322,1.46367,1.4610400000000001,1.4622600000000001
2024-01-04 20:00:00,1.4622600000000001,1.46237,1.46146,1.46208
2024-01-04 21:00:00,1.4621,1.46227,1.46129,1.46196
2024-01-04 22:00:00,1.46196,1.46205,1.46096,1.46183
2024-01-04 23:00:00,1.46133,1.46156,1.46034,1.46094
2024-01-05 00:00:00,1.45997,1.46181,1.45846,1.46126
2024-01-05 01:00:00,1.46151,1.46196,1.46119,1.46186
2024-01-05 02:00:00,1.46184,1.46215,1.46159,1.46205
2024-01-05 03:00:00,1.46204,1.46248,1.46162,1.46186
2024-01-05 04:00:00,1.46188,1.46217,1.4616500000000001,1.46181
2024-01-05 05:00:00,1.46185,1.46185,1.46135,1.46139
2024-01-05 06:00:00,1.46139,1.46155,1.4611,1.46151
2024-01-05 07:00:00,1.46151,1.4616500000000001,1.46087,1.46131
2024-01-05 08:00:00,1.46131,1.46131,1.46035,1.46056
2024-01-05 09:00:00,1.46054,1.4606,1.45934,1.4594
2024-01-05 10:00:00,1.45939,1.45949,1.45709,1.45751
2024-01-05 11:00:00,1.4575,1.46055,1.45701,1.45925
2024-01-05 12:00:00,1.45927,1.45963,1.45827,1.4592
2024-01-05 13:00:00,1.4592,1.45977,1.45872,1.45943
2024-01-05 14:00:00,1.45945,1.4605299999999999,1.459,1.46002
2024-01-05 15:00:00,1.46002,1.46027,1.45644,1.4589400000000001
2024-01-05 16:00:00,1.4589699999999999,1.46246,1.45882,1.4596
2024-01-05 17:00:00,1.4595799999999999,1.4644300000000001,1.4586999999999999,1.46255
2024-01-05 18:00:00,1.46256,1.4628,1.4601600000000001,1.46064
2024-01-05 19:00:00,1.46062,1.4613,1.46004,1.46026
2024-01-05 20:00:00,1.46026,1.46211,1.45972,1.46197
2024-01-05 21:00:00,1.46195,1.4628999999999999,1.4618,1.4623300000000001
2024-01-05 22:00:00,1.46235,1.4625,1.4614500000000001,1.46182
2024-01-05 23:00:00,1.46132,1.46185,1.46078,1.46133
2024-01-08 00:00:00,1.46096,1.46184,1.45724,1.4607299999999999
2024-01-08 01:00:00,1.46232,1.46248,1.46122,1.46161
2024-01-08 02:00:00,1.46159,1.4622899999999999,1.46152,1.46201
2024-01-08 03:00:00,1.4619900000000001,1.46221,1.46129,1.46189
2024-01-08 04:00:00,1.46187,1.46205,1.46113,1.46136
2024-01-08 05:00:00,1.4613399999999999,1.46184,1.46119,1.4616
2024-01-08 06:00:00,1.46158,1.46235,1.46151,1.46205
2024-01-08 07:00:00,1.4621,1.4628,1.46189,1.46259
2024-01-08 08:00:00,1.46257,1.46317,1.46219,1.46288
2024-01-08 09:00:00,1.46291,1.46406,1.46242,1.46391
2024-01-08 10:00:00,1.4639199999999999,1.4641600000000001,1.46282,1.46307
2024-01-08 11:00:00,1.46306,1.46406,1.46255,1.46319
2024-01-08 12:00:00,1.46325,1.46457,1.46284,1.4644599999999999
2024-01-08 13:00:00,1.46447,1.4653800000000001,1.46357,1.46435
2024-01-08 14:00:00,1.46438,1.46526,1.46381,1.46441
2024-01-08 15:00:00,1.46441,1.4671699999999999,1.46425,1.46683
2024-01-08 16:00:00,1.46683,1.4687700000000001,1.46634,1.46732
2024-01-08 17:00:00,1.46729,1.46787,1.4666299999999999,1.4669400000000001
2024-01-08 18:00:00,1.46688,1.4678499999999999,1.46648,1.46659
2024-01-08 19:00:00,1.4665300000000001,1.46673,1.46529,1.46545
2024-01-08 20:00:00,1.46545,1.46546,1.4637,1.46405
2024-01-08 21:00:00,1.46405,1.46445,1.4629699999999999,1.4633
2024-01-08 22:00:00,1.46327,1.46329,1.46198,1.46273
2024-01-08 23:00:00,1.46223,1.4625,1.46091,1.46136
2024-01-09 00:00:00,1.4621,1.46217,1.4596,1.46062
2024-01-09 01:00:00,1.46188,1.4622,1.46159,1.46173
2024-01-09 02:00:00,1.46173,1.4626299999999999,1.4616799999999999,1.46208
2024-01-09 03:00:00,1.4620600000000001,1.46312,1.46197,1.46302
2024-01-09 04:00:00,1.46304,1.46316,1.46239,1.46298
2024-01-09 05:00:00,1.463,1.46353,1.46273,1.46319
2024-01-09 06:00:00,1.46323,1.46338,1.4626700000000001,1.46303
2024-01-09 07:00:00,1.46305,1.46313,1.46258,1.46302
2024-01-09 08:00:00,1.46299,1.46369,1.46282,1.46311
2024-01-09 09:00:00,1.46311,1.46405,1.46268,1.46317
2024-01-09 10:00:00,1.46318,1.46378,1.46188,1.46305
2024-01-09 11:00:00,1.46304,1.46319,1.4606,1.46131
2024-01-09 12:00:00,1.46136,1.46252,1.46039,1.46166
2024-01-09 13:00:00,1.4616500000000001,1.46223,1.46121,1.46194
2024-01-09 14:00:00,1.46193,1.46255,1.46075,1.46185
2024-01-09 15:00:00,1.4618,1.46368,1.46051,1.46357
2024-01-09 16:00:00,1.46356,1.4665,1.46279,1.46605
2024-01-09 17:00:00,1.46605,1.46769,1.4629400000000001,1.46315
2024-01-09 18:00:00,1.46317,1.46414,1.46247,1.46354
2024-01-09 19:00:00,1.46352,1.46512,1.46299,1.46407
2024-01-09 20:00:00,1.4641199999999999,1.46448,1.46289,1.46306
2024-01-09 21:00:00,1.46303,1.46381,1.46295,1.46333
2024-01-09 22:00:00,1.46333,1.46427,1.46312,1.4636
2024-01-09 23:00:00,1.46353,1.46398,1.46276,1.4634800000000001
2024-01-10 00:00:00,1.4634800000000001,1.46353,1.46153,1.46301
2024-01-10 01:00:00,1.46327,1.46398,1.4632100000000001,1.46354
2024-01-10 02:00:00,1.46357,1.4639,1.46305,1.46316
2024-01-10 03:00:00,1.46318,1.46319,1.46238,1.46277
2024-01-10 04:00:00,1.46277,1.46302,1.46248,1.46289
2024-01-10 05:00:00,1.46289,1.46312,1.46237,1.46243
2024-01-10 06:00:00,1.4624,1.46304,1.46238,1.46276
2024-01-10 07:00:00,1.46273,1.46296,1.4625,1.46273
2024-01-10 08:00:00,1.46269,1.46344,1.4622899999999999,1.46298
2024-01-10 09:00:00,1.463,1.46472,1.46237,1.46241
2024-01-10 10:00:00,1.46239,1.46436,1.4623599999999999,1.46373
2024-01-10 11:00:00,1.46369,1.46417,1.4632,1.46365
2024-01-10 12:00:00,1.46365,1.46442,1.4635,1.46393
2024-01-10 13:00:00,1.46393,1.46454,1.46338,1.46394
2024-01-10 14:00:00,1.4639199999999999,1.4647700000000001,1.46317,1.46431
2024-01-10 15:00:00,1.46431,1.46554,1.46406,1.46421
2024-01-10 16:00:00,1.46421,1.46435,1.4622899999999999,1.46393
2024-01-10 17:00:00,1.46394,1.46779,1.46354,1.46733
2024-01-10 18:00:00,1.46733,1.46805,1.46561,1.46632
2024-01-10 19:00:00,1.46628,1.46781,1.46624,1.4672399999999999
2024-01-10 20:00:00,1.46723,1.46803,1.46692,1.46757
2024-01-10 21:00:00,1.46757,1.46799,1.46722,1.4674
2024-01-10 22:00:00,1.4674,1.4678200000000001,1.46661,1.46709
2024-01-10 23:00:00,1.46657,1.46802,1.46652,1.468
2024-01-11 00:00:00,1.4679,1.46794,1.46518,1.46784
2024-01-11 01:00:00,1.46811,1.46817,1.46743,1.46808
2024-01-11 02:00:00,1.4681,1.46826,1.46757,1.46781
2024-01-11 03:00:00,1.46779,1.46786,1.46701,1.46711
2024-01-11 04:00:00,1.46711,1.46723,1.46664,1.46702
2024-01-11 05:00:00,1.467,1.46723,1.46658,1.46678
2024-01-11 06:00:00,1.46678,1.46709,1.46669,1.4668999999999999
2024-01-11 07:00:00,1.46691,1.46701,1.46627,1.46635
2024-01-11 08:00:00,1.46637,1.46757,1.46611,1.46741
2024-01-11 09:00:00,1.46743,1.4675799999999999,1.46674,1.4672100000000001
2024-01-11 10:00:00,1.4672100000000001,1.4674800000000001,1.46634,1.46707
2024-01-11 11:00:00,1.46708,1.46708,1.46545,1.46581
2024-01-11 12:00:00,1.4658,1.4668999999999999,1.46547,1.46678
2024-01-11 13:00:00,1.46678,1.46835,1.46666,1.46713
2024-01-11 14:00:00,1.4671699999999999,1.46752,1.4663300000000001,1.46722
2024-01-11 15:00:00,1.46722,1.46906,1.46542,1.46607
2024-01-11 16:00:00,1.46608,1.46775,1.46553,1.46723
2024-01-11 17:00:00,1.46725,1.47027,1.46704,1.4699
2024-01-11 18:00:00,1.4699200000000001,1.47193,1.46954,1.47039
2024-01-11 19:00:00,1.47039,1.47086,1.46959,1.47008
2024-01-11 20:00:00,1.47004,1.47049,1.46923,1.46998
2024-01-11 21:00:00,1.46998,1.47157,1.46971,1.4709400000000001
2024-01-11 22:00:00,1.47092,1.47108,1.46855,1.46924
2024-01-11 23:00:00,1.46928,1.46967,1.4684300000000001,1.46945
2024-01-12 00:00:00,1.4687999999999999,1.46982,1.46723,1.46957
2024-01-12 01:00:00,1.4695,1.46976,1.46901,1.46914
2024-01-12 02:00:00,1.4691,1.46933,1.4685000000000001,1.46861
2024-01-12 03:00:00,1.46859,1.46889,1.46828,1.46844
2024-01-12 04:00:00,1.46844,1.4691,1.46804,1.46821
2024-01-12 05:00:00,1.46818,1.4687000000000001,1.46807,1.46824
2024-01-12 06:00:00,1.46822,1.46894,1.46817,1.46835
2024-01-12 07:00:00,1.46835,1.46879,1.46802,1.46826
2024-01-12 08:00:00,1.46826,1.46833,1.46764,1.46781
2024-01-12 09:00:00,1.46786,1.4680900000000001,1.46676,1.46679
2024-01-12 10:00:00,1.46674,1.467,1.4651100000000001,1.46558
2024-01-12 11:00:00,1.46559,1.4659900000000001,1.4641,1.46415
2024-01-12 12:00:00,1.46413,1.46458,1.46352,1.46403
2024-01-12 13:00:00,1.46403,1.46577,1.46381,1.46465
2024-01-12 14:00:00,1.46463,1.46515,1.4626299999999999,1.46278
2024-01-12 15:00:00,1.46278,1.46603,1.46259,1.46298
2024-01-12 16:00:00,1.463,1.4663,1.46276,1.46533
2024-01-12 17:00:00,1.4653399999999999,1.46791,1.46516,1.46784
2024-01-12 18:00:00,1.4678200000000001,1.46918,1.46756,1.46834
2024-01-12 19:00:00,1.4683,1.46892,1.46743,1.46743
2024-01-12 20:00:00,1.46741,1.46862,1.46714,1.46845
2024-01-12 21:00:00,1.46842,1.46922,1.46798,1.46849
2024-01-12 22:00:00,1.4685000000000001,1.46872,1.46765,1.46765
2024-01-12 23:00:00,1.46772,1.46815,1.46679,1.4678499999999999
2024-01-15 00:00:00,1.4663,1.46742,1.46356,1.46585
2024-01-15 01:00:00,1.46747,1.46807,1.46669,1.46722
2024-01-15 02:00:00,1.46719,1.46783,1.46707,1.4678
2024-01-15 03:00:00,1.46777,1.46804,1.46715,1.46716
2024-01-15 04:00:00,1.46718,1.46784,1.46691,1.46737
2024-01-15 05:00:00,1.46739,1.4679,1.4673,1.46773
2024-01-15 06:00:00,1.46775,1.468,1.4675500000000001,1.46789
2024-01-15 07:00:00,1.46787,1.46894,1.46779,1.46888
2024-01-15 08:00:00,1.46885,1.46898,1.46832,1.46841
2024-01-15 09:00:00,1.46838,1.46935,1.46759,1.4687700000000001
2024-01-15 10:00:00,1.46878,1.47015,1.46867,1.4691
2024-01-15 11:00:00,1.4691100000000001,1.46946,1.4677,1.4684
2024-01-15 12:00:00,1.4683899999999999,1.46841,1.46726,1.4678499999999999
2024-01-15 13:00:00,1.46783,1.46875,1.46766,1.46835
2024-01-15 14:00:00,1.46835,1.47065,1.46813,1.47038
2024-01-15 15:00:00,1.47038,1.47067,1.46914,1.4705300000000001
2024-01-15 16:00:00,1.4705300000000001,1.47064,1.46915,1.47011
2024-01-15 17:00:00,1.47009,1.47143,1.46918,1.47109
2024-01-15 18:00:00,1.47109,1.47245,1.47066,1.47077
2024-01-15 19:00:00,1.47074,1.4717500000000001,1.47037,1.47115
2024-01-15 20:00:00,1.47113,1.47141,1.47092,1.47139
2024-01-15 21:00:00,1.47137,1.4717,1.47101,1.4711400000000001
2024-01-15 22:00:00,1.47115,1.4712100000000001,1.47078,1.47084
2024-01-15 23:00:00,1.47034,1.4708,1.46947,1.47032
2024-01-16 00:00:00,1.47025,1.47025,1.4683,1.46978
2024-01-16 01:00:00,1.46983,1.47061,1.46979,1.47039
2024-01-16 02:00:00,1.47036,1.47067,1.46853,1.46872
2024-01-16 03:00:00,1.4687299999999999,1.47007,1.46837,1.47004
2024-01-16 04:00:00,1.47007,1.4711400000000001,1.46981,1.47111
2024-01-16 05:00:00,1.47109,1.47144,1.47041,1.47095
2024-01-16 06:00:00,1.47095,1.47101,1.46988,1.47032
2024-01-16 07:00:00,1.47034,1.4708999999999999,1.47014,1.47089
2024-01-16 08:00:00,1.4708700000000001,1.4715500000000001,1.47054,1.47072
2024-01-16 09:00:00,1.47073,1.4724,1.47045,1.4719
2024-01-16 10:00:00,1.47189,1.47262,1.46955,1.47054
2024-01-16 11:00:00,1.47054,1.47054,1.46853,1.4692
2024-01-16 12:00:00,1.46921,1.46959,1.46823,1.4684599999999999
2024-01-16 13:00:00,1.46847,1.46984,1.46784,1.46892
2024-01-16 14:00:00,1.46892,1.46918,1.46665,1.46688
2024-01-16 15:00:00,1.46688,1.46715,1.46341,1.46396
2024-01-16 16:00:00,1.4639199999999999,1.46715,1.46367,1.46648
2024-01-16 17:00:00,1.46644,1.46719,1.46588,1.4667
2024-01-16 18:00:00,1.46672,1.46683,1.46447,1.46593
2024-01-16 19:00:00,1.4659,1.4663,1.46496,1.46525
2024-01-16 20:00:00,1.46527,1.46733,1.46527,1.46716
2024-01-16 21:00:00,1.46718,1.46743,1.46684,1.46712
2024-01-16 22:00:00,1.46715,1.46776,1.46706,1.4672100000000001
2024-01-16 23:00:00,1.46671,1.46754,1.46649,1.46744
2024-01-17 00:00:00,1.46735,1.4674800000000001,1.46421,1.46624
2024-01-17 01:00:00,1.46746,1.46772,1.46723,1.46728
2024-01-17 02:00:00,1.46728,1.46752,1.46682,1.46701
2024-01-17 03:00:00,1.46703,1.46761,1.46666,1.46703
2024-01-17 04:00:00,1.46703,1.4672100000000001,1.46625,1.46652
2024-01-17 05:00:00,1.46654,1.46683,1.46616,1.46674
2024-01-17 06:00:00,1.46677,1.46704,1.46641,1.467
2024-01-17 07:00:00,1.467,1.46757,1.46683,1.46754
2024-01-17 08:00:00,1.46754,1.46823,1.46711,1.46769
2024-01-17 09:00:00,1.46768,1.4699900000000001,1.46757,1.46929
2024-01-17 10:00:00,1.4693,1.47103,1.46913,1.46977
2024-01-17 11:00:00,1.46978,1.47074,1.46905,1.47023
2024-01-17 12:00:00,1.47019,1.47082,1.46901,1.46956
2024-01-17 13:00:00,1.46958,1.4715799999999999,1.46942,1.47129
2024-01-17 14:00:00,1.47127,1.47135,1.4694,1.4697200000000001
2024-01-17 15:00:00,1.4697,1.47039,1.46689,1.46871
2024-01-17 16:00:00,1.46871,1.47078,1.46775,1.46798
2024-01-17 17:00:00,1.468,1.46923,1.4659900000000001,1.46655
2024-01-17 18:00:00,1.46655,1.46847,1.46635,1.4683
2024-01-17 19:00:00,1.46827,1.47028,1.46823,1.46983
2024-01-17 20:00:00,1.46986,1.46994,1.46883,1.46942
2024-01-17 21:00:00,1.46945,1.47031,1.46895,1.4698
2024-01-17 22:00:00,1.46985,1.4705300000000001,1.46977,1.47009
2024-01-17 23:00:00,1.46959,1.47027,1.46918,1.46961
2024-01-18 00:00:00,1.46946,1.46994,1.46774,1.46926
2024-01-18 01:00:00,1.46954,1.46994,1.46945,1.4696500000000001
2024-01-18 02:00:00,1.46961,1.47004,1.46905,1.46982
2024-01-18 03:00:00,1.46986,1.47075,1.4697,1.46973
2024-01-18 04:00:00,1.46977,1.47032,1.4693399999999999,1.47023
2024-01-18 05:00:00,1.47021,1.47031,1.46955,1.4699200000000001
2024-01-18 06:00:00,1.4699,1.47016,1.46944,1.46983
2024-01-18 07:00:00,1.46981,1.47015,1.46946,1.46978
2024-01-18 08:00:00,1.46979,1.47065,1.46977,1.47008
2024-01-18 09:00:00,1.4701,1.47054,1.46878,1.46891
2024-01-18 10:00:00,1.46887,1.46943,1.46826,1.4686
2024-01-18 11:00:00,1.46857,1.47042,1.46837,1.46857
2024-01-18 12:00:00,1.46856,1.46996,1.46845,1.4696799999999999
2024-01-18 13:00:00,1.46969,1.4697,1.46793,1.46871
2024-01-18 14:00:00,1.46868,1.46901,1.46709,1.46795
2024-01-18 15:00:00,1.46797,1.46924,1.46695,1.467
2024-01-18 16:00:00,1.46698,1.46761,1.46513,1.46577
2024-01-18 17:00:00,1.46574,1.46664,1.46509,1.46645
2024-01-18 18:00:00,1.46643,1.46774,1.46558,1.46672
2024-01-18 19:00:00,1.46668,1.46685,1.46553,1.46674
2024-01-18 20:00:00,1.46674,1.46728,1.4662899999999999,1.46679
2024-01-18 21:00:00,1.46677,1.4671,1.46639,1.46662
2024-01-18 22:00:00,1.46658,1.46716,1.46603,1.46603
2024-01-18 23:00:00,1.46603,1.46706,1.46573,1.46666
2024-01-19 00:00:00,1.46666,1.46666,1.46383,1.4663599999999999
2024-01-19 01:00:00,1.46648,1.46722,1.46648,1.46701
2024-01-19 02:00:00,1.467,1.4673,1.46676,1.46695
2024-01-19 03:00:00,1.4669699999999999,1.46825,1.46673,1.4678200000000001
2024-01-19 04:00:00,1.46784,1.46845,1.46784,1.46801
2024-01-19 05:00:00,1.46803,1.4684,1.46763,1.46831
2024-01-19 06:00:00,1.4683,1.46858,1.46803,1.46825
2024-01-19 07:00:00,1.46821,1.4685000000000001,1.46787,1.46838
2024-01-19 08:00:00,1.46835,1.46859,1.46788,1.46829
2024-01-19 09:00:00,1.46834,1.4684,1.46695,1.4672
2024-01-19 10:00:00,1.4672399999999999,1.46753,1.46574,1.46603
2024-01-19 11:00:00,1.4660199999999999,1.46609,1.46498,1.46542
2024-01-19 12:00:00,1.4654099999999999,1.46603,1.46435,1.46585
2024-01-19 13:00:00,1.46586,1.46719,1.46553,1.46649
2024-01-19 14:00:00,1.46647,1.46672,1.46569,1.46632
2024-01-19 15:00:00,1.46628,1.46668,1.46429,1.46617
2024-01-19 16:00:00,1.46617,1.46698,1.46482,1.46489
2024-01-19 17:00:00,1.46498,1.46647,1.46407,1.4651
2024-01-19 18:00:00,1.46512,1.46683,1.46497,1.46619
2024-01-19 19:00:00,1.4662,1.46648,1.46544,1.4657200000000001
2024-01-19 20:00:00,1.4657200000000001,1.4666000000000001,1.46501,1.46526
2024-01-19 21:00:00,1.46526,1.4653,1.46319,1.4632
2024-01-19 22:00:00,1.46322,1.46364,1.4626299999999999,1.4626299999999999
2024-01-19 23:00:00,1.4626299999999999,1.4633099999999999,1.46238,1.46313
2024-01-22 00:00:00,1.46244,1.46307,1.45906,1.46067
2024-01-22 01:00:00,1.46254,1.46365,1.46198,1.46281
2024-01-22 02:00:00,1.46281,1.46368,1.46272,1.46349
2024-01-22 03:00:00,1.46347,1.46387,1.46284,1.46375
2024-01-22 04:00:00,1.46374,1.4647000000000001,1.46366,1.4645000000000001
2024-01-22 05:00:00,1.46452,1.46476,1.4641899999999999,1.46449
2024-01-22 06:00:00,1.46449,1.46498,1.4644,1.46482
2024-01-22 07:00:00,1.46482,1.46517,1.46458,1.46483
2024-01-22 08:00:00,1.46486,1.46586,1.4647700000000001,1.46526
2024-01-22 09:00:00,1.46528,1.4659200000000001,1.46383,1.46387
2024-01-22 10:00:00,1.46387,1.46397,1.46238,1.46281
2024-01-22 11:00:00,1.46278,1.46343,1.4622600000000001,1.46295
2024-01-22 12:00:00,1.4629400000000001,1.46307,1.46118,1.46126
2024-01-22 13:00:00,1.46125,1.4616799999999999,1.46054,1.46116
2024-01-22 14:00:00,1.4611399999999999,1.46254,1.4607700000000001,1.46208
2024-01-22 15:00:00,1.4620600000000001,1.46398,1.46135,1.46343
2024-01-22 16:00:00,1.46346,1.46469,1.46213,1.46247
2024-01-22 17:00:00,1.46247,1.46421,1.46207,1.46354
2024-01-22 18:00:00,1.46352,1.46577,1.4634800000000001,1.4656799999999999
2024-01-22 19:00:00,1.4656799999999999,1.4660199999999999,1.46526,1.46554
2024-01-22 20:00:00,1.46556,1.4662600000000001,1.4653399999999999,1.46621
2024-01-22 21:00:00,1.46624,1.46681,1.46556,1.46652
2024-01-22 22:00:00,1.46652,1.46719,1.46635,1.46713
2024-01-22 23:00:00,1.46666,1.46695,1.46611,1.46661
2024-01-23 00:00:00,1.46654,1.46691,1.46476,1.4659900000000001
2024-01-23 01:00:00,1.4662600000000001,1.46683,1.46587,1.4659
2024-01-23 02:00:00,1.46588,1.46638,1.46566,1.46635
2024-01-23 03:00:00,1.4663300000000001,1.46762,1.4659499999999999,1.46759
2024-01-23 04:00:00,1.46759,1.46789,1.4667,1.46696
2024-01-23 05:00:00,1.46699,1.4671699999999999,1.46665,1.46676
2024-01-23 06:00:00,1.46677,1.46729,1.4665300000000001,1.46727
2024-01-23 07:00:00,1.46725,1.46793,1.46701,1.46789
2024-01-23 08:00:00,1.46787,1.4684599999999999,1.4674,1.4684
2024-01-23 09:00:00,1.4684300000000001,1.4693,1.46796,1.4690400000000001
2024-01-23 10:00:00,1.46905,1.46905,1.4675099999999999,1.46818
2024-01-23 11:00:00,1.46821,1.4684,1.46654,1.46715
2024-01-23 12:00:00,1.46714,1.46737,1.46462,1.46471
2024-01-23 13:00:00,1.46472,1.46508,1.4638900000000001,1.46448
2024-01-23 14:00:00,1.46448,1.46533,1.46338,1.4638900000000001
2024-01-23 15:00:00,1.4638499999999999,1.46558,1.46346,1.4653100000000001
2024-01-23 16:00:00,1.4653100000000001,1.46547,1.46248,1.46311
2024-01-23 17:00:00,1.46307,1.4632399999999999,1.45884,1.4601
2024-01-23 18:00:00,1.4601199999999999,1.4617,1.46004,1.46028
2024-01-23 19:00:00,1.46024,1.46148,1.4597,1.46033
2024-01-23 20:00:00,1.46034,1.46124,1.46011,1.46091
2024-01-23 21:00:00,1.46091,1.46152,1.4601199999999999,1.46051
2024-01-23 22:00:00,1.46048,1.4612,1.45997,1.46108
2024-01-23 23:00:00,1.46061,1.4613800000000001,1.46004,1.4609
2024-01-24 00:00:00,1.46085,1.46085,1.45804,1.4595099999999999
2024-01-24 01:00:00,1.46081,1.46149,1.4607,1.4608400000000001
2024-01-24 02:00:00,1.46086,1.46156,1.4607299999999999,1.46116
2024-01-24 03:00:00,1.46118,1.46195,1.46079,1.46191
2024-01-24 04:00:00,1.46194,1.46277,1.46186,1.46274
2024-01-24 05:00:00,1.46271,1.46325,1.46265,1.46306
2024-01-24 06:00:00,1.46308,1.46356,1.46284,1.4633099999999999
2024-01-24 07:00:00,1.46333,1.4635500000000001,1.46275,1.46278
2024-01-24 08:00:00,1.46283,1.4634,1.46216,1.46224
2024-01-24 09:00:00,1.46227,1.46362,1.46179,1.4628
2024-01-24 10:00:00,1.46283,1.46361,1.46075,1.4619900000000001
2024-01-24 11:00:00,1.46204,1.46593,1.46198,1.4655
2024-01-24 12:00:00,1.46549,1.46635,1.46506,1.4654099999999999
2024-01-24 13:00:00,1.4654,1.46605,1.46459,1.46496
2024-01-24 14:00:00,1.46495,1.46644,1.46435,1.46635
2024-01-24 15:00:00,1.4663,1.46767,1.46597,1.46737
2024-01-24 16:00:00,1.46737,1.46932,1.4662,1.46909
2024-01-24 17:00:00,1.46909,1.47052,1.46867,1.47004
2024-01-24 18:00:00,1.47,1.47009,1.46849,1.46924
2024-01-24 19:00:00,1.4692,1.47035,1.46842,1.46993
2024-01-24 20:00:00,1.4699,1.4715,1.46949,1.47126
2024-01-24 21:00:00,1.4712399999999999,1.47195,1.47098,1.47138
2024-01-24 22:00:00,1.4714,1.47215,1.4711699999999999,1.4711699999999999
2024-01-24 23:00:00,1.4711,1.47196,1.47061,1.4718
2024-01-25 00:00:00,1.47177,1.47189,1.4693800000000001,1.47168
2024-01-25 01:00:00,1.47176,1.47214,1.47152,1.47152
2024-01-25 02:00:00,1.47154,1.47157,1.47061,1.47077
2024-01-25 03:00:00,1.47077,1.4715,1.47041,1.4708999999999999
2024-01-25 04:00:00,1.47095,1.47098,1.47031,1.47045
2024-01-25 05:00:00,1.47046,1.47065,1.47005,1.47034
2024-01-25 06:00:00,1.47037,1.47057,1.4698,1.46987
2024-01-25 07:00:00,1.4699,1.47095,1.46982,1.47084
2024-01-25 08:00:00,1.47081,1.47141,1.47052,1.4711400000000001
2024-01-25 09:00:00,1.4711400000000001,1.4723,1.47112,1.47201
2024-01-25 10:00:00,1.47198,1.47343,1.4715099999999999,1.47336
2024-01-25 11:00:00,1.47335,1.47345,1.47147,1.47152
2024-01-25 12:00:00,1.47153,1.47186,1.47074,1.47096
2024-01-25 13:00:00,1.4709699999999999,1.4715799999999999,1.47028,1.47143
2024-01-25 14:00:00,1.47141,1.4718200000000001,1.4709699999999999,1.47167
2024-01-25 15:00:00,1.47164,1.47189,1.46622,1.46752
2024-01-25 16:00:00,1.46752,1.46771,1.46454,1.46558
2024-01-25 17:00:00,1.4656,1.46615,1.46186,1.4623
2024-01-25 18:00:00,1.46225,1.46347,1.46161,1.46177
2024-01-25 19:00:00,1.46182,1.46394,1.46155,1.46257
2024-01-25 20:00:00,1.46252,1.46312,1.46158,1.46177
2024-01-25 21:00:00,1.46177,1.46208,1.46013,1.46045
2024-01-25 22:00:00,1.4605000000000001,1.46091,1.45978,1.45978
2024-01-25 23:00:00,1.45978,1.4615,1.45961,1.46125
2024-01-26 00:00:00,1.46128,1.46131,1.45917,1.46069
2024-01-26 01:00:00,1.46161,1.462,1.4611100000000001,1.46181
2024-01-26 02:00:00,1.46181,1.462,1.4604300000000001,1.46067
2024-01-26 03:00:00,1.46066,1.46121,1.46059,1.4607700000000001
2024-01-26 04:00:00,1.46079,1.46092,1.46033,1.4604
2024-01-26 05:00:00,1.4604,1.46078,1.46029,1.46036
2024-01-26 06:00:00,1.46035,1.46041,1.4599199999999999,1.46007
2024-01-26 07:00:00,1.46009,1.46009,1.45947,1.4598
2024-01-26 08:00:00,1.4598,1.4599199999999999,1.45874,1.4589699999999999
2024-01-26 09:00:00,1.4589699999999999,1.45929,1.45699,1.4576799999999999
2024-01-26 10:00:00,1.45767,1.45981,1.45723,1.4595
2024-01-26 11:00:00,1.4595099999999999,1.46088,1.45872,1.45912
2024-01-26 12:00:00,1.45911,1.46143,1.4591,1.46105
2024-01-26 13:00:00,1.4610699999999999,1.46198,1.46097,1.46197
2024-01-26 14:00:00,1.46194,1.46204,1.45999,1.4601600000000001
2024-01-26 15:00:00,1.4601600000000001,1.46137,1.45874,1.45977
2024-01-26 16:00:00,1.45975,1.46223,1.45857,1.46213
2024-01-26 17:00:00,1.46207,1.46209,1.45926,1.46074
2024-01-26 18:00:00,1.46074,1.46253,1.46029,1.4620600000000001
2024-01-26 19:00:00,1.46201,1.46289,1.46176,1.46244
2024-01-26 20:00:00,1.46244,1.46283,1.4607,1.4608400000000001
2024-01-26 21:00:00,1.4608400000000001,1.46091,1.4598499999999999,1.46002
2024-01-26 22:00:00,1.46002,1.46052,1.45907,1.45927
2024-01-26 23:00:00,1.45876,1.4599,1.45856,1.4594
2024-01-29 00:00:00,1.45885,1.45935,1.45726,1.45758
2024-01-29 01:00:00,1.45912,1.45933,1.458,1.45877
2024-01-29 02:00:00,1.45874,1.4592,1.45855,1.45908
2024-01-29 03:00:00,1.4591,1.45938,1.45804,1.4581
2024-01-29 04:00:00,1.45808,1.45864,1.45783,1.45848
2024-01-29 05:00:00,1.45848,1.4589699999999999,1.4583300000000001,1.45835
2024-01-29 06:00:00,1.45834,1.45853,1.45792,1.45832
2024-01-29 07:00:00,1.4583599999999999,1.4583599999999999,1.45734,1.45757
2024-01-29 08:00:00,1.45755,1.45835,1.45722,1.4583
2024-01-29 09:00:00,1.45832,1.45841,1.4556499999999999,1.4559199999999999
2024-01-29 10:00:00,1.45593,1.45618,1.45519,1.4559199999999999
2024-01-29 11:00:00,1.4559,1.45603,1.45418,1.45432
2024-01-29 12:00:00,1.45432,1.45461,1.45309,1.4537200000000001
2024-01-29 13:00:00,1.4537,1.45427,1.45273,1.4537499999999999
2024-01-29 14:00:00,1.45377,1.45504,1.45349,1.45404
2024-01-29 15:00:00,1.4540199999999999,1.45512,1.45308,1.4539900000000001
2024-01-29 16:00:00,1.45397,1.4551,1.4522300000000001,1.45329
2024-01-29 17:00:00,1.45329,1.45446,1.45231,1.4524
2024-01-29 18:00:00,1.45242,1.45376,1.45213,1.4521899999999999
2024-01-29 19:00:00,1.45217,1.4540600000000001,1.45212,1.45365
2024-01-29 20:00:00,1.45367,1.45425,1.45297,1.4530699999999999
2024-01-29 21:00:00,1.45303,1.45347,1.45272,1.45303
2024-01-29 22:00:00,1.45305,1.45421,1.45233,1.45234
2024-01-29 23:00:00,1.45183,1.45329,1.45153,1.45303
2024-01-30 00:00:00,1.45316,1.4537,1.45077,1.45258
2024-01-30 01:00:00,1.45289,1.45324,1.4527,1.45282
2024-01-30 02:00:00,1.4528400000000001,1.45302,1.45221,1.45286
2024-01-30 03:00:00,1.4528400000000001,1.4528400000000001,1.45221,1.45252
2024-01-30 04:00:00,1.4525000000000001,1.45262,1.4518,1.45211
2024-01-30 05:00:00,1.45211,1.45243,1.45181,1.4522
2024-01-30 06:00:00,1.4522,1.45242,1.45126,1.45139
2024-01-30 07:00:00,1.45142,1.45143,1.45061,1.45089
2024-01-30 08:00:00,1.45088,1.45122,1.4500199999999999,1.45013
2024-01-30 09:00:00,1.45011,1.4512399999999999,1.44993,1.45092
2024-01-30 10:00:00,1.45098,1.45201,1.45054,1.45068
2024-01-30 11:00:00,1.45068,1.4519,1.4498,1.45118
2024-01-30 12:00:00,1.45119,1.45279,1.45073,1.45259
2024-01-30 13:00:00,1.45261,1.45453,1.45259,1.45391
2024-01-30 14:00:00,1.45392,1.45629,1.45387,1.45608
2024-01-30 15:00:00,1.45608,1.45669,1.45539,1.45577
2024-01-30 16:00:00,1.45583,1.45671,1.45477,1.45479
2024-01-30 17:00:00,1.45466,1.45693,1.45297,1.45537
2024-01-30 18:00:00,1.45533,1.45596,1.45383,1.45401
2024-01-30 19:00:00,1.45401,1.45466,1.45353,1.45373
2024-01-30 20:00:00,1.45373,1.4537900000000001,1.4523,1.4523
2024-01-30 21:00:00,1.4523,1.45363,1.4522,1.45313
2024-01-30 22:00:00,1.45317,1.45336,1.45241,1.45293
2024-01-30 23:00:00,1.45295,1.45299,1.45213,1.45297
2024-01-31 00:00:00,1.45222,1.45294,1.4505,1.45282
2024-01-31 01:00:00,1.45309,1.45322,1.45271,1.45296
2024-01-31 02:00:00,1.45294,1.45327,1.45264,1.45293
2024-01-31 03:00:00,1.45291,1.45333,1.45242,1.4524599999999999
2024-01-31 04:00:00,1.4524599999999999,1.45261,1.45126,1.45146
2024-01-31 05:00:00,1.45146,1.4518,1.4511,1.45177
2024-01-31 06:00:00,1.45179,1.45188,1.45147,1.4516499999999999
2024-01-31 07:00:00,1.45159,1.45191,1.45129,1.45171
2024-01-31 08:00:00,1.45169,1.452,1.45106,1.45117
2024-01-31 09:00:00,1.45119,1.45199,1.45003,1.45109
2024-01-31 10:00:00,1.45108,1.4519,1.45059,1.4509
2024-01-31 11:00:00,1.45093,1.45377,1.4506700000000001,1.45252
2024-01-31 12:00:00,1.4525299999999999,1.45456,1.4525299999999999,1.45374
2024-01-31 13:00:00,1.4538,1.45564,1.4536,1.45553
2024-01-31 14:00:00,1.4555500000000001,1.4562599999999999,1.45517,1.4555799999999999
2024-01-31 15:00:00,1.45554,1.45683,1.45411,1.45441
2024-01-31 16:00:00,1.45445,1.45723,1.4537499999999999,1.45602
2024-01-31 17:00:00,1.45602,1.4565000000000001,1.45035,1.45093
2024-01-31 18:00:00,1.4509400000000001,1.45346,1.45064,1.45286
2024-01-31 19:00:00,1.45283,1.4533,1.45191,1.45294
2024-01-31 20:00:00,1.45292,1.45362,1.45126,1.45129
2024-01-31 21:00:00,1.45127,1.45366,1.44922,1.45269
2024-01-31 22:00:00,1.45271,1.45285,1.44996,1.45267
2024-01-31 23:00:00,1.45217,1.4534,1.45139,1.4532
2024-02-01 00:00:00,1.45321,1.45332,1.45071,1.4526
2024-02-01 01:00:00,1.45288,1.45328,1.4509400000000001,1.45098
2024-02-01 02:00:00,1.451,1.45163,1.45057,1.45113
2024-02-01 03:00:00,1.4511,1.45213,1.45072,1.45179
2024-02-01 04:00:00,1.45176,1.45239,1.45136,1.45221
2024-02-01 05:00:00,1.45221,1.4522599999999999,1.45171,1.45179
2024-02-01 06:00:00,1.45176,1.4523,1.4516,1.45184
2024-02-01 07:00:00,1.45181,1.45268,1.4515500000000001,1.45249
2024-02-01 08:00:00,1.4525000000000001,1.4528699999999999,1.4519199999999999,1.4522599999999999
2024-02-01 09:00:00,1.4522599999999999,1.45281,1.45112,1.45255
2024-02-01 10:00:00,1.45254,1.45257,1.45022,1.45135
2024-02-01 11:00:00,1.45133,1.45249,1.4506700000000001,1.45186
2024-02-01 12:00:00,1.4519199999999999,1.4531399999999999,1.4515,1.45234
2024-02-01 13:00:00,1.45234,1.4546299999999999,1.45227,1.45324
2024-02-01 14:00:00,1.45325,1.45502,1.45291,1.45454
2024-02-01 15:00:00,1.45456,1.45532,1.45332,1.4533800000000001
2024-02-01 16:00:00,1.45337,1.45529,1.45235,1.45266
2024-02-01 17:00:00,1.45269,1.45378,1.45132,1.45209
2024-02-01 18:00:00,1.45209,1.45482,1.45208,1.4537200000000001
2024-02-01 19:00:00,1.45368,1.455,1.45193,1.45481
2024-02-01 20:00:00,1.45484,1.45495,1.45334,1.45386
2024-02-01 21:00:00,1.45386,1.45552,1.45362,1.45514
2024-02-01 22:00:00,1.45514,1.45573,1.4549400000000001,1.45538
2024-02-01 23:00:00,1.45539,1.45539,1.4540199999999999,1.45503
2024-02-02 00:00:00,1.45504,1.45526,1.4524,1.4546700000000001
2024-02-02 01:00:00,1.45491,1.45553,1.45479,1.4552800000000001
2024-02-02 02:00:00,1.4553099999999999,1.45533,1.45426,1.4543300000000001
2024-02-02 03:00:00,1.45431,1.45448,1.4538,1.4538
2024-02-02 04:00:00,1.4538,1.45448,1.4537,1.45437
2024-02-02 05:00:00,1.45439,1.4546299999999999,1.45416,1.45461
2024-02-02 06:00:00,1.45459,1.45469,1.4540899999999999,1.45412
2024-02-02 07:00:00,1.45415,1.45532,1.45405,1.45476
2024-02-02 08:00:00,1.45474,1.45514,1.4544000000000001,1.45476
2024-02-02 09:00:00,1.45473,1.45622,1.45457,1.45583
2024-02-02 10:00:00,1.45584,1.45615,1.45459,1.45557
2024-02-02 11:00:00,1.4556,1.45697,1.45548,1.45593
2024-02-02 12:00:00,1.45593,1.45641,1.45482,1.45544
2024-02-02 13:00:00,1.45544,1.45596,1.45499,1.45569
2024-02-02 14:00:00,1.45569,1.4561,1.455,1.45513
2024-02-02 15:00:00,1.45511,1.45599,1.4506999999999999,1.4518900000000001
2024-02-02 16:00:00,1.45187,1.45563,1.45072,1.45495
2024-02-02 17:00:00,1.4549699999999999,1.45545,1.45213,1.45304
2024-02-02 18:00:00,1.45304,1.45346,1.45137,1.45168
2024-02-02 19:00:00,1.45173,1.45269,1.45136,1.45207
2024-02-02 20:00:00,1.45211,1.45306,1.45145,1.45279
2024-02-02 21:00:00,1.45276,1.453,1.45221,1.4527
2024-02-02 22:00:00,1.45269,1.45298,1.4523,1.45238
2024-02-02 23:00:00,1.45188,1.45285,1.45105,1.45233
2024-02-05 00:00:00,1.45111,1.45205,1.44909,1.45118
2024-02-05 01:00:00,1.45146,1.45205,1.45086,1.45171
2024-02-05 02:00:00,1.45173,1.45256,1.4510100000000001,1.45196
2024-02-05 03:00:00,1.45198,1.4527700000000001,1.45181,1.45199
2024-02-05 04:00:00,1.45195,1.45256,1.45179,1.4525000000000001
2024-02-05 05:00:00,1.4525000000000001,1.45271,1.45208,1.45235
2024-02-05 06:00:00,1.45235,1.45254,1.45193,1.4522599999999999
2024-02-05 07:00:00,1.45222,1.4522599999999999,1.4515500000000001,1.45221
2024-02-05 08:00:00,1.4521899999999999,1.45238,1.4516200000000001,1.4519
2024-02-05 09:00:00,1.45187,1.453,1.45121,1.45292
2024-02-05 10:00:00,1.45292,1.45326,1.4510399999999999,1.45115
2024-02-05 11:00:00,1.4512,1.4515,1.4500899999999999,1.45024
2024-02-05 12:00:00,1.45023,1.45054,1.44937,1.44985
2024-02-05 13:00:00,1.44986,1.4506999999999999,1.44935,1.45058
2024-02-05 14:00:00,1.45059,1.45132,1.45005,1.45089
2024-02-05 15:00:00,1.45082,1.45164,1.45037,1.45079
2024-02-05 16:00:00,1.45077,1.45176,1.45024,1.45142
2024-02-05 17:00:00,1.45141,1.4534500000000001,1.44916,1.45186
2024-02-05 18:00:00,1.45188,1.45336,1.45146,1.45291
2024-02-05 19:00:00,1.45288,1.4531399999999999,1.45211,1.4526
2024-02-05 20:00:00,1.45263,1.45373,1.45221,1.4535
2024-02-05 21:00:00,1.4535,1.45414,1.45315,1.45392
2024-02-05 22:00:00,1.45391,1.45445,1.45362,1.45443
2024-02-05 23:00:00,1.45443,1.4546299999999999,1.45326,1.4543599999999999
2024-02-06 00:00:00,1.45429,1.45435,1.45151,1.4533
2024-02-06 01:00:00,1.45423,1.45468,1.45392,1.45452
2024-02-06 02:00:00,1.45452,1.45465,1.45411,1.45419
2024-02-06 03:00:00,1.45417,1.45438,1.4527,1.4528400000000001
2024-02-06 04:00:00,1.45286,1.45336,1.45266,1.45313
2024-02-06 05:00:00,1.45313,1.45322,1.45247,1.45255
2024-02-06 06:00:00,1.45255,1.45276,1.4522599999999999,1.4525299999999999
2024-02-06 07:00:00,1.4525000000000001,1.4530699999999999,1.45218,1.45291
2024-02-06 08:00:00,1.45293,1.45295,1.4521,1.45214
2024-02-06 09:00:00,1.45212,1.4537499999999999,1.45212,1.45302
2024-02-06 10:00:00,1.45303,1.45452,1.45303,1.45403
2024-02-06 11:00:00,1.45404,1.45428,1.4514,1.45198
2024-02-06 12:00:00,1.45199,1.45321,1.45163,1.45259
2024-02-06 13:00:00,1.45257,1.45309,1.4519199999999999,1.45242
2024-02-06 14:00:00,1.45237,1.45315,1.45201,1.45228
2024-02-06 15:00:00,1.45232,1.45283,1.45139,1.4522
2024-02-06 16:00:00,1.45217,1.45355,1.4514,1.45252
2024-02-06 17:00:00,1.4525299999999999,1.45316,1.45181,1.45276
2024-02-06 18:00:00,1.4527700000000001,1.45299,1.45098,1.45125
2024-02-06 19:00:00,1.45121,1.45137,1.44963,1.44993
2024-02-06 20:00:00,1.44991,1.45005,1.44907,1.44932
2024-02-06 21:00:00,1.44932,1.45004,1.44919,1.44928
2024-02-06 22:00:00,1.4493,1.45061,1.44912,1.45051
2024-02-06 23:00:00,1.4500199999999999,1.4509699999999999,1.4497200000000001,1.4508
2024-02-07 00:00:00,1.45078,1.45111,1.4479199999999999,1.44974
2024-02-07 01:00:00,1.45065,1.45093,1.4503,1.45086
2024-02-07 02:00:00,1.45087,1.45123,1.45084,1.4510100000000001
2024-02-07 03:00:00,1.45098,1.45102,1.4504299999999999,1.4505
2024-02-07 04:00:00,1.4505,1.45084,1.45014,1.45059
2024-02-07 05:00:00,1.45059,1.4506999999999999,1.45023,1.45046
2024-02-07 06:00:00,1.45048,1.45085,1.45032,1.4508
2024-02-07 07:00:00,1.45079,1.4513,1.45072,1.45114
2024-02-07 08:00:00,1.45114,1.45163,1.45086,1.45118
2024-02-07 09:00:00,1.45119,1.45227,1.45107,1.45217
2024-02-07 10:00:00,1.45218,1.45243,1.45016,1.45028
2024-02-07 11:00:00,1.45027,1.45114,1.44994,1.45068
2024-02-07 12:00:00,1.4506999999999999,1.45169,1.4503599999999999,1.4513
2024-02-07 13:00:00,1.4513099999999999,1.45207,1.45071,1.45144
2024-02-07 14:00:00,1.45145,1.45186,1.45038,1.45066
2024-02-07 15:00:00,1.4506999999999999,1.45138,1.44967,1.4502
2024-02-07 16:00:00,1.45019,1.4519,1.44965,1.45112
2024-02-07 17:00:00,1.45111,1.45149,1.44845,1.44861
2024-02-07 18:00:00,1.4485999999999999,1.45134,1.44814,1.4504299999999999
2024-02-07 19:00:00,1.45041,1.4506000000000001,1.4494500000000001,1.45026
2024-02-07 20:00:00,1.45026,1.45141,1.44986,1.4513
2024-02-07 21:00:00,1.4513,1.45141,1.4500600000000001,1.45042
2024-02-07 22:00:00,1.45042,1.45087,1.44995,1.45022
2024-02-07 23:00:00,1.44974,1.45039,1.4494099999999999,1.4500600000000001
2024-02-08 00:00:00,1.44998,1.45039,1.44811,1.44922
2024-02-08 01:00:00,1.45007,1.45066,1.44998,1.45047
2024-02-08 02:00:00,1.45047,1.45071,1.45005,1.45059
2024-02-08 03:00:00,1.45059,1.45059,1.44983,1.45
2024-02-08 04:00:00,1.45003,1.45018,1.4497900000000001,1.45014
2024-02-08 05:00:00,1.45011,1.45054,1.45007,1.45035
2024-02-08 06:00:00,1.4503599999999999,1.4509,1.4500199999999999,1.45021
2024-02-08 07:00:00,1.45018,1.45082,1.45013,1.45054
2024-02-08 08:00:00,1.45054,1.45123,1.45037,1.4506299999999999
2024-02-08 09:00:00,1.45065,1.4510100000000001,1.4500600000000001,1.45049
2024-02-08 10:00:00,1.45048,1.45116,1.44998,1.45096
2024-02-08 11:00:00,1.45096,1.4519199999999999,1.45037,1.4516
2024-02-08 12:00:00,1.45161,1.4518900000000001,1.45057,1.45081
2024-02-08 13:00:00,1.4508,1.45116,1.45016,1.45035
2024-02-08 14:00:00,1.4503599999999999,1.45068,1.44917,1.45049
2024-02-08 15:00:00,1.45048,1.45078,1.44873,1.44886
2024-02-08 16:00:00,1.44883,1.45052,1.44841,1.45011
2024-02-08 17:00:00,1.4501,1.45024,1.44807,1.44871
2024-02-08 18:00:00,1.4487,1.4510399999999999,1.4485000000000001,1.45047
2024-02-08 19:00:00,1.4504299999999999,1.45116,1.45001,1.45049
2024-02-08 20:00:00,1.45049,1.4513,1.4500899999999999,1.45017
2024-02-08 21:00:00,1.45017,1.45024,1.44955,1.44977
2024-02-08 22:00:00,1.4497900000000001,1.45035,1.44957,1.45025
2024-02-08 23:00:00,1.44974,1.45042,1.44947,1.45017
2024-02-09 00:00:00,1.45018,1.45062,1.44795,1.45011
2024-02-09 01:00:00,1.45041,1.45059,1.45013,1.45053
2024-02-09 02:00:00,1.45053,1.45065,1.44997,1.45012
2024-02-09 03:00:00,1.45015,1.45057,1.45005,1.45026
2024-02-09 04:00:00,1.45026,1.4506000000000001,1.45015,1.45031
2024-02-09 05:00:00,1.4503300000000001,1.45061,1.44977,1.44991
2024-02-09 06:00:00,1.44993,1.4502,1.4498199999999999,1.45012
2024-02-09 07:00:00,1.45012,1.45024,1.44994,1.45012
2024-02-09 08:00:00,1.4501,1.45022,1.44963,1.45015
2024-02-09 09:00:00,1.45016,1.4512,1.44986,1.45087
2024-02-09 10:00:00,1.45088,1.4515,1.44984,1.45004
2024-02-09 11:00:00,1.45004,1.45031,1.44849,1.44888
2024-02-09 12:00:00,1.44885,1.44933,1.44825,1.44901
2024-02-09 13:00:00,1.44905,1.4493,1.44846,1.44898
2024-02-09 14:00:00,1.44898,1.4496,1.44766,1.44856
2024-02-09 15:00:00,1.44854,1.44958,1.44578,1.44888
2024-02-09 16:00:00,1.44888,1.45045,1.44832,1.44908
2024-02-09 17:00:00,1.44905,1.45195,1.44876,1.4518499999999999
2024-02-09 18:00:00,1.45187,1.4533800000000001,1.45111,1.45323
2024-02-09 19:00:00,1.45316,1.45331,1.4519,1.45258
2024-02-09 20:00:00,1.45261,1.45285,1.45161,1.45161
2024-02-09 21:00:00,1.45163,1.45171,1.45093,1.45144
2024-02-09 22:00:00,1.45146,1.45202,1.45116,1.45145
2024-02-09 23:00:00,1.4509,1.45156,1.45038,1.45042
2024-02-12 00:00:00,1.45007,1.45194,1.44996,1.45075
2024-02-12 01:00:00,1.45142,1.45303,1.45142,1.45296
2024-02-12 02:00:00,1.45299,1.45299,1.45249,1.45263
2024-02-12 03:00:00,1.4526,1.453,1.45227,1.45273
2024-02-12 04:00:00,1.4527,1.45322,1.45265,1.45282
2024-02-12 05:00:00,1.45282,1.45317,1.45241,1.45248
2024-02-12 06:00:00,1.45251,1.45278,1.45225,1.45238
2024-02-12 07:00:00,1.45241,1.4528400000000001,1.45235,1.45249
2024-02-12 08:00:00,1.45249,1.45261,1.45222,1.4524
2024-02-12 09:00:00,1.4524,1.45333,1.4521600000000001,1.45325
2024-02-12 10:00:00,1.45323,1.45334,1.45056,1.45095
2024-02-12 11:00:00,1.45095,1.45108,1.44957,1.44997
2024-02-12 12:00:00,1.44995,1.45129,1.4498,1.45085
2024-02-12 13:00:00,1.45092,1.45096,1.44926,1.4501
2024-02-12 14:00:00,1.4501,1.45084,1.4494,1.45008
2024-02-12 15:00:00,1.45011,1.45108,1.44932,1.45004
2024-02-12 16:00:00,1.45008,1.45042,1.44835,1.44883
2024-02-12 17:00:00,1.44885,1.44933,1.4471,1.44787
2024-02-12 18:00:00,1.4478900000000001,1.44838,1.44741,1.44761
2024-02-12 19:00:00,1.44756,1.44861,1.44749,1.44858
2024-02-12 20:00:00,1.44854,1.44888,1.44811,1.44856
2024-02-12 21:00:00,1.4485700000000001,1.44956,1.44841,1.4489
2024-02-12 22:00:00,1.44886,1.44942,1.44875,1.44892
2024-02-12 23:00:00,1.44838,1.44923,1.44804,1.44849
2024-02-13 00:00:00,1.44866,1.44899,1.44787,1.44849
2024-02-13 01:00:00,1.44916,1.44922,1.44867,1.4492
2024-02-13 02:00:00,1.44923,1.44929,1.44837,1.44882
2024-02-13 03:00:00,1.44886,1.44915,1.44814,1.4481899999999999
2024-02-13 04:00:00,1.4482,1.44849,1.44801,1.44825
2024-02-13 05:00:00,1.44821,1.44837,1.44806,1.4482599999999999
2024-02-13 06:00:00,1.4482599999999999,1.44871,1.44818,1.44861
2024-02-13 07:00:00,1.44858,1.44905,1.44852,1.44876
2024-02-13 08:00:00,1.44876,1.44899,1.44824,1.44829
2024-02-13 09:00:00,1.44831,1.44936,1.44812,1.44901
2024-02-13 10:00:00,1.449,1.44943,1.44828,1.44886
2024-02-13 11:00:00,1.4488400000000001,1.44917,1.44769,1.44807
2024-02-13 12:00:00,1.4481,1.44915,1.4479600000000001,1.44865
2024-02-13 13:00:00,1.44868,1.4495,1.44856,1.44939
2024-02-13 14:00:00,1.44937,1.45044,1.44893,1.45003
2024-02-13 15:00:00,1.45003,1.45135,1.44673,1.44807
2024-02-13 16:00:00,1.44809,1.45357,1.4475,1.4534500000000001
2024-02-13 17:00:00,1.45349,1.45427,1.45167,1.4523
2024-02-13 18:00:00,1.4523,1.45401,1.45197,1.45391
2024-02-13 19:00:00,1.45387,1.45462,1.45302,1.4538
2024-02-13 20:00:00,1.4538,1.45514,1.45352,1.45405
2024-02-13 21:00:00,1.45403,1.45413,1.45313,1.45358
2024-02-13 22:00:00,1.45356,1.4537900000000001,1.4527,1.45281
2024-02-13 23:00:00,1.45225,1.4528699999999999,1.45173,1.45244
2024-02-14 00:00:00,1.45245,1.45266,1.45106,1.45193
2024-02-14 01:00:00,1.4526,1.45292,1.45233,1.45248
2024-02-14 02:00:00,1.45248,1.45334,1.45245,1.45252
2024-02-14 03:00:00,1.45251,1.4528699999999999,1.45208,1.4527700000000001
2024-02-14 04:00:00,1.45273,1.45304,1.45261,1.45261
2024-02-14 05:00:00,1.45265,1.45269,1.45224,1.4525000000000001
2024-02-14 06:00:00,1.4525000000000001,1.45261,1.45214,1.4524599999999999
2024-02-14 07:00:00,1.4524599999999999,1.45259,1.45209,1.45237
2024-02-14 08:00:00,1.45237,1.45259,1.45203,1.45236
2024-02-14 09:00:00,1.45235,1.4525299999999999,1.4506700000000001,1.45098
2024-02-14 10:00:00,1.45098,1.45147,1.44993,1.4503599999999999
2024-02-14 11:00:00,1.45035,1.4506999999999999,1.44872,1.44904
2024-02-14 12:00:00,1.44903,1.44929,1.44817,1.44851
2024-02-14 13:00:00,1.44851,1.4493800000000001,1.44771,1.4491399999999999
2024-02-14 14:00:00,1.44916,1.44957,1.44832,1.44951
2024-02-14 15:00:00,1.44951,1.45143,1.44946,1.45102
2024-02-14 16:00:00,1.451,1.45271,1.45079,1.4518900000000001
2024-02-14 17:00:00,1.4518900000000001,1.454,1.45184,1.4530699999999999
2024-02-14 18:00:00,1.4530699999999999,1.45458,1.4528699999999999,1.45452
2024-02-14 19:00:00,1.45446,1.45481,1.45349,1.4536
2024-02-14 20:00:00,1.45358,1.45374,1.4528400000000001,1.45324
2024-02-14 21:00:00,1.45322,1.45361,1.45264,1.45302
2024-02-14 22:00:00,1.453,1.45309,1.45247,1.45273
2024-02-14 23:00:00,1.45218,1.45295,1.45182,1.45262
2024-02-15 00:00:00,1.45238,1.45278,1.45138,1.45175
2024-02-15 01:00:00,1.4524,1.45301,1.45233,1.4527
2024-02-15 02:00:00,1.45266,1.45331,1.45257,1.45304
2024-02-15 03:00:00,1.45304,1.45316,1.45257,1.45289
2024-02-15 04:00:00,1.45293,1.4534,1.45258,1.45266
2024-02-15 05:00:00,1.45265,1.45281,1.45231,1.4525299999999999
2024-02-15 06:00:00,1.45256,1.45271,1.45242,1.45251
2024-02-15 07:00:00,1.45255,1.45324,1.45249,1.45292
2024-02-15 08:00:00,1.45292,1.4533,1.45259,1.45304
2024-02-15 09:00:00,1.45302,1.45426,1.4527700000000001,1.45347
2024-02-15 10:00:00,1.4534500000000001,1.45357,1.45173,1.45201
2024-02-15 11:00:00,1.45201,1.45321,1.45172,1.45273
2024-02-15 12:00:00,1.45275,1.4531800000000001,1.45229,1.45304
2024-02-15 13:00:00,1.45306,1.45387,1.45301,1.45346
2024-02-15 14:00:00,1.45346,1.45485,1.45334,1.4546299999999999
2024-02-15 15:00:00,1.4546299999999999,1.45594,1.45272,1.45511
2024-02-15 16:00:00,1.45509,1.45571,1.45332,1.4539
2024-02-15 17:00:00,1.45396,1.45448,1.45182,1.45257
2024-02-15 18:00:00,1.45259,1.45332,1.45139,1.45184
2024-02-15 19:00:00,1.45182,1.45194,1.45116,1.45143
2024-02-15 20:00:00,1.45144,1.4515,1.45059,1.45119
2024-02-15 21:00:00,1.45119,1.4512800000000001,1.45021,1.45037
2024-02-15 22:00:00,1.45039,1.45087,1.45023,1.4505
2024-02-15 23:00:00,1.44995,1.45062,1.44949,1.45015
2024-02-16 00:00:00,1.4500899999999999,1.4503300000000001,1.44869,1.44992
2024-02-16 01:00:00,1.45061,1.45066,1.4502,1.45042
2024-02-16 02:00:00,1.45045,1.4509,1.45011,1.45074
2024-02-16 03:00:00,1.45074,1.45107,1.45055,1.45069
2024-02-16 04:00:00,1.45066,1.45105,1.45059,1.45074
2024-02-16 05:00:00,1.45071,1.45103,1.45057,1.45064
2024-02-16 06:00:00,1.4506700000000001,1.45072,1.4504299999999999,1.45062
2024-02-16 07:00:00,1.45062,1.45079,1.45041,1.45055
2024-02-16 08:00:00,1.45058,1.45108,1.45031,1.45103
2024-02-16 09:00:00,1.45103,1.45115,1.45016,1.45023
2024-02-16 10:00:00,1.45023,1.45218,1.45018,1.45208
2024-02-16 11:00:00,1.45206,1.45212,1.45091,1.45119
2024-02-16 12:00:00,1.45123,1.4519199999999999,1.45074,1.45157
2024-02-16 13:00:00,1.45157,1.45283,1.45142,1.45224
2024-02-16 14:00:00,1.45224,1.45252,1.45123,1.45152
2024-02-16 15:00:00,1.4515500000000001,1.45205,1.44894,1.45013
2024-02-16 16:00:00,1.45017,1.45205,1.44993,1.45107
2024-02-16 17:00:00,1.4509699999999999,1.45244,1.45069,1.45208
2024-02-16 18:00:00,1.45211,1.45228,1.4504299999999999,1.45202
2024-02-16 19:00:00,1.45193,1.45237,1.4512399999999999,1.4522
2024-02-16 20:00:00,1.45217,1.45342,1.4518,1.45335
2024-02-16 21:00:00,1.45333,1.45395,1.45259,1.45371
2024-02-16 22:00:00,1.45371,1.45373,1.45268,1.45272
2024-02-16 23:00:00,1.45273,1.4534099999999999,1.45237,1.45308
2024-02-19 00:00:00,1.45125,1.45293,1.4501,1.45217
2024-02-19 01:00:00,1.4528400000000001,1.4535,1.45281,1.45327
2024-02-19 02:00:00,1.45325,1.45337,1.4525000000000001,1.45266
2024-02-19 03:00:00,1.45266,1.45298,1.45225,1.45279
2024-02-19 04:00:00,1.45279,1.45326,1.45255,1.45316
2024-02-19 05:00:00,1.4532,1.45324,1.45239,1.4525299999999999
2024-02-19 06:00:00,1.4525299999999999,1.45304,1.45234,1.45268
2024-02-19 07:00:00,1.45268,1.45308,1.45251,1.4528699999999999
2024-02-19 08:00:00,1.45288,1.4531800000000001,1.4527,1.4531100000000001
2024-02-19 09:00:00,1.45313,1.4534799999999999,1.45282,1.45295
2024-02-19 10:00:00,1.45297,1.45333,1.45227,1.45248
2024-02-19 11:00:00,1.45251,1.4531100000000001,1.45126,1.4516499999999999
2024-02-19 12:00:00,1.4516499999999999,1.4524599999999999,1.45133,1.45225
2024-02-19 13:00:00,1.45225,1.4528400000000001,1.45188,1.45202
2024-02-19 14:00:00,1.45194,1.4522599999999999,1.45132,1.45142
2024-02-19 15:00:00,1.45146,1.45243,1.45132,1.45168
2024-02-19 16:00:00,1.45166,1.45197,1.45083,1.45193
2024-02-19 17:00:00,1.45195,1.45305,1.45146,1.45272
2024-02-19 18:00:00,1.4527,1.45309,1.4521,1.4527700000000001
2024-02-19 19:00:00,1.4527700000000001,1.4537200000000001,1.45269,1.45359
2024-02-19 20:00:00,1.45357,1.45443,1.45353,1.4540199999999999
2024-02-19 21:00:00,1.4539900000000001,1.45426,1.45371,1.45383
2024-02-19 22:00:00,1.45385,1.4541,1.45352,1.45352
2024-02-19 23:00:00,1.4535,1.45435,1.4533,1.45398
2024-02-20 00:00:00,1.4537499999999999,1.45398,1.45164,1.45324
2024-02-20 01:00:00,1.45392,1.45456,1.45381,1.45442
2024-02-20 02:00:00,1.45439,1.45449,1.45349,1.45361
2024-02-20 03:00:00,1.45365,1.4539900000000001,1.45332,1.4537200000000001
2024-02-20 04:00:00,1.4537499999999999,1.45439,1.45334,1.45437
2024-02-20 05:00:00,1.45437,1.45438,1.45385,1.45415
2024-02-20 06:00:00,1.45414,1.45451,1.45408,1.45429
2024-02-20 07:00:00,1.45434,1.45479,1.45412,1.45429
2024-02-20 08:00:00,1.45429,1.45475,1.4540600000000001,1.45431
2024-02-20 09:00:00,1.45434,1.45509,1.45429,1.45484
2024-02-20 10:00:00,1.45484,1.45537,1.45417,1.45427
2024-02-20 11:00:00,1.45424,1.45694,1.45396,1.45679
2024-02-20 12:00:00,1.45679,1.4575,1.45599,1.45617
2024-02-20 13:00:00,1.4561899999999999,1.45688,1.4556,1.45629
2024-02-20 14:00:00,1.45627,1.45638,1.4553099999999999,1.45593
2024-02-20 15:00:00,1.45596,1.4635799999999999,1.45511,1.46254
2024-02-20 16:00:00,1.46252,1.46384,1.46089,1.46316
2024-02-20 17:00:00,1.46317,1.4647000000000001,1.46183,1.46196
2024-02-20 18:00:00,1.46198,1.46279,1.46137,1.46161
2024-02-20 19:00:00,1.46158,1.46247,1.4614099999999999,1.46158
2024-02-20 20:00:00,1.46156,1.4619900000000001,1.46092,1.46098
2024-02-20 21:00:00,1.46102,1.46203,1.4607999999999999,1.46119
2024-02-20 22:00:00,1.46123,1.46205,1.4611399999999999,1.46163
2024-02-20 23:00:00,1.46106,1.46182,1.46071,1.46127
2024-02-21 00:00:00,1.46124,1.4615,1.46032,1.46087
2024-02-21 01:00:00,1.46154,1.46177,1.46136,1.46162
2024-02-21 02:00:00,1.4616500000000001,1.46171,1.46119,1.46159
2024-02-21 03:00:00,1.46159,1.46177,1.46137,1.4614
2024-02-21 04:00:00,1.46143,1.4617499999999999,1.4611399999999999,1.46124
2024-02-21 05:00:00,1.46127,1.46129,1.46067,1.4610699999999999
2024-02-21 06:00:00,1.4610400000000001,1.46135,1.46075,1.46087
2024-02-21 07:00:00,1.46086,1.46106,1.4604,1.46079
2024-02-21 08:00:00,1.46076,1.46091,1.46034,1.46065
2024-02-21 09:00:00,1.46067,1.46132,1.46023,1.46125
2024-02-21 10:00:00,1.46123,1.46162,1.46075,1.4611
2024-02-21 11:00:00,1.46108,1.46118,1.4601199999999999,1.46068
2024-02-21 12:00:00,1.46068,1.4608400000000001,1.45974,1.46033
2024-02-21 13:00:00,1.46035,1.46099,1.45999,1.46065
2024-02-21 14:00:00,1.46072,1.46144,1.4604,1.46139
2024-02-21 15:00:00,1.46139,1.4621,1.46112,1.46182
2024-02-21 16:00:00,1.46176,1.46232,1.46086,1.46092
2024-02-21 17:00:00,1.46097,1.46178,1.45972,1.45995
2024-02-21 18:00:00,1.45995,1.46117,1.45961,1.46079
2024-02-21 19:00:00,1.46076,1.4610699999999999,1.45969,1.45977
2024-02-21 20:00:00,1.45977,1.46075,1.45959,1.45988
2024-02-21 21:00:00,1.45983,1.46097,1.45923,1.46028
2024-02-21 22:00:00,1.46028,1.4615,1.46011,1.46076
2024-02-21 23:00:00,1.4601600000000001,1.46116,1.46003,1.46093
2024-02-22 00:00:00,1.46066,1.4609,1.45946,1.46011
2024-02-22 01:00:00,1.4607700000000001,1.46092,1.45988,1.45994
2024-02-22 02:00:00,1.4598900000000001,1.46082,1.4598900000000001,1.46009
2024-02-22 03:00:00,1.4601199999999999,1.46028,1.4598200000000001,1.46003
2024-02-22 04:00:00,1.46,1.46036,1.45946,1.45957
2024-02-22 05:00:00,1.45953,1.45984,1.45933,1.4598200000000001
2024-02-22 06:00:00,1.4598200000000001,1.46017,1.45978,1.46009
2024-02-22 07:00:00,1.46006,1.46061,1.4598499999999999,1.4599199999999999
2024-02-22 08:00:00,1.4598900000000001,1.46032,1.45971,1.45976
2024-02-22 09:00:00,1.45976,1.46023,1.45906,1.45999
2024-02-22 10:00:00,1.45997,1.46391,1.45914,1.46189
2024-02-22 11:00:00,1.46191,1.46191,1.45925,1.45973
2024-02-22 12:00:00,1.45973,1.46087,1.4596,1.46051
2024-02-22 13:00:00,1.4605299999999999,1.46061,1.4593,1.4604599999999999
2024-02-22 14:00:00,1.4604599999999999,1.46151,1.45971,1.4610699999999999
2024-02-22 15:00:00,1.46105,1.4626000000000001,1.46083,1.46155
2024-02-22 16:00:00,1.46153,1.46164,1.45781,1.4588700000000001
2024-02-22 17:00:00,1.4588700000000001,1.46011,1.45762,1.4592
2024-02-22 18:00:00,1.45922,1.46033,1.45895,1.45947
2024-02-22 19:00:00,1.45942,1.46011,1.45903,1.45964
2024-02-22 20:00:00,1.45964,1.4604599999999999,1.45937,1.46002
2024-02-22 21:00:00,1.46002,1.46002,1.4588999999999999,1.45959
2024-02-22 22:00:00,1.4595799999999999,1.45964,1.45854,1.45899
2024-02-22 23:00:00,1.45844,1.45903,1.45822,1.45886
2024-02-23 00:00:00,1.45883,1.45905,1.45743,1.45811
2024-02-23 01:00:00,1.45879,1.45933,1.4586700000000001,1.45933
2024-02-23 02:00:00,1.45936,1.45995,1.45914,1.4598499999999999
2024-02-23 03:00:00,1.45988,1.46038,1.45934,1.4595099999999999
2024-02-23 04:00:00,1.4595099999999999,1.45981,1.4592100000000001,1.45927
2024-02-23 05:00:00,1.4592399999999999,1.45959,1.45899,1.4592800000000001
2024-02-23 06:00:00,1.45932,1.4595099999999999,1.45884,1.45889
2024-02-23 07:00:00,1.45889,1.45925,1.45857,1.45875
2024-02-23 08:00:00,1.45875,1.45933,1.45872,1.45899
2024-02-23 09:00:00,1.45899,1.45971,1.45869,1.4593099999999999
2024-02-23 10:00:00,1.45932,1.46076,1.45891,1.46042
2024-02-23 11:00:00,1.46045,1.4608400000000001,1.4595500000000001,1.45988
2024-02-23 12:00:00,1.45988,1.46047,1.45934,1.45978
2024-02-23 13:00:00,1.45978,1.46032,1.45906,1.45929
2024-02-23 14:00:00,1.45932,1.46,1.45882,1.4591
2024-02-23 15:00:00,1.45908,1.45916,1.45767,1.45827
2024-02-23 16:00:00,1.45827,1.4601600000000001,1.45823,1.4588
2024-02-23 17:00:00,1.45881,1.46097,1.45868,1.46085
2024-02-23 18:00:00,1.46089,1.46259,1.46085,1.46193
2024-02-23 19:00:00,1.46191,1.46201,1.4607,1.46082
2024-02-23 20:00:00,1.46082,1.4613800000000001,1.4605299999999999,1.46091
2024-02-23 21:00:00,1.46089,1.46139,1.46069,1.46099
2024-02-23 22:00:00,1.46099,1.46123,1.46078,1.46112
2024-02-23 23:00:00,1.46056,1.46155,1.46028,1.46116
2024-02-26 00:00:00,1.46151,1.46151,1.45899,1.46038
2024-02-26 01:00:00,1.46106,1.46152,1.46083,1.46151
2024-02-26 02:00:00,1.46146,1.46201,1.4611399999999999,1.46182
2024-02-26 03:00:00,1.46185,1.46191,1.4613399999999999,1.46146
2024-02-26 04:00:00,1.46146,1.46182,1.46129,1.46161
2024-02-26 05:00:00,1.46164,1.46216,1.46156,1.46192
2024-02-26 06:00:00,1.46192,1.46201,1.4616,1.46169
2024-02-26 07:00:00,1.4616799999999999,1.46207,1.46132,1.4619900000000001
2024-02-26 08:00:00,1.4619900000000001,1.46246,1.46192,1.46235
2024-02-26 09:00:00,1.46235,1.46427,1.46221,1.46406
2024-02-26 10:00:00,1.4640900000000001,1.4653399999999999,1.46383,1.46502
2024-02-26 11:00:00,1.4650400000000001,1.4663,1.46499,1.46569
2024-02-26 12:00:00,1.46571,1.4665599999999999,1.46526,1.46634
2024-02-26 13:00:00,1.46634,1.46682,1.46596,1.46662
2024-02-26 14:00:00,1.46664,1.46753,1.4662899999999999,1.46682
2024-02-26 15:00:00,1.4668,1.46774,1.4653800000000001,1.46593
2024-02-26 16:00:00,1.4659499999999999,1.46715,1.46497,1.4653399999999999
2024-02-26 17:00:00,1.46535,1.4668999999999999,1.46491,1.4663599999999999
2024-02-26 18:00:00,1.4663599999999999,1.46703,1.46593,1.46674
2024-02-26 19:00:00,1.46672,1.46705,1.4657,1.4658
2024-02-26 20:00:00,1.46585,1.4659200000000001,1.46517,1.46558
2024-02-26 21:00:00,1.46558,1.46585,1.46532,1.46551
2024-02-26 22:00:00,1.46553,1.46554,1.46482,1.46535
2024-02-26 23:00:00,1.46479,1.46551,1.46445,1.4651
2024-02-27 00:00:00,1.4653100000000001,1.46532,1.4641,1.4647000000000001
2024-02-27 01:00:00,1.46537,1.46562,1.46472,1.46476
2024-02-27 02:00:00,1.4647299999999999,1.4653399999999999,1.46454,1.46516
2024-02-27 03:00:00,1.46516,1.46542,1.4647999999999999,1.4653
2024-02-27 04:00:00,1.46526,1.466,1.46513,1.46597
2024-02-27 05:00:00,1.46597,1.46611,1.4653800000000001,1.46559
2024-02-27 06:00:00,1.46557,1.46566,1.46519,1.46525
2024-02-27 07:00:00,1.46528,1.46537,1.46475,1.46502
2024-02-27 08:00:00,1.46499,1.46509,1.46427,1.46464
2024-02-27 09:00:00,1.46462,1.46574,1.46461,1.46539
2024-02-27 10:00:00,1.46539,1.46608,1.46482,1.46546
2024-02-27 11:00:00,1.46544,1.46547,1.46414,1.46421
2024-02-27 12:00:00,1.46418,1.46464,1.46289,1.46414
2024-02-27 13:00:00,1.4641199999999999,1.46521,1.46361,1.46491
2024-02-27 14:00:00,1.46494,1.46519,1.46402,1.46458
2024-02-27 15:00:00,1.4646,1.46515,1.46422,1.46423
2024-02-27 16:00:00,1.46421,1.46533,1.46376,1.46421
2024-02-27 17:00:00,1.46502,1.46729,1.46397,1.4662899999999999
2024-02-27 18:00:00,1.46631,1.4684300000000001,1.46607,1.46806
2024-02-27 19:00:00,1.46801,1.46885,1.46716,1.46718
2024-02-27 20:00:00,1.46718,1.46759,1.46666,1.46702
2024-02-27 21:00:00,1.46704,1.46746,1.46682,1.46686
2024-02-27 22:00:00,1.46684,1.4672,1.46672,1.46712
2024-02-27 23:00:00,1.46655,1.46715,1.46617,1.46692
2024-02-28 00:00:00,1.46693,1.46695,1.46567,1.46612
2024-02-28 01:00:00,1.46679,1.46722,1.46666,1.46675
2024-02-28 02:00:00,1.46675,1.4672100000000001,1.46669,1.4668700000000001
2024-02-28 03:00:00,1.4668700000000001,1.46747,1.46665,1.46675
2024-02-28 04:00:00,1.46678,1.46715,1.4666000000000001,1.46696
2024-02-28 05:00:00,1.46699,1.4672,1.46677,1.46677
2024-02-28 06:00:00,1.4668,1.46722,1.46677,1.46695
2024-02-28 07:00:00,1.46698,1.46716,1.46652,1.46659
2024-02-28 08:00:00,1.46662,1.4669699999999999,1.46632,1.46681
2024-02-28 09:00:00,1.46679,1.46726,1.4660199999999999,1.46677
2024-02-28 10:00:00,1.46679,1.46833,1.46661,1.46706
2024-02-28 11:00:00,1.46708,1.46767,1.46616,1.4673
2024-02-28 12:00:00,1.46727,1.46894,1.46722,1.46849
2024-02-28 13:00:00,1.46853,1.4691,1.46814,1.4683899999999999
2024-02-28 14:00:00,1.46841,1.4705599999999999,1.4681899999999999,1.47036
2024-02-28 15:00:00,1.47034,1.47051,1.46796,1.47019
2024-02-28 16:00:00,1.47018,1.47028,1.46848,1.46896
2024-02-28 17:00:00,1.46901,1.47031,1.46854,1.46956
2024-02-28 18:00:00,1.46951,1.47154,1.4693800000000001,1.47136
2024-02-28 19:00:00,1.4713,1.4718,1.4706299999999999,1.4706299999999999
2024-02-28 20:00:00,1.4706299999999999,1.4711699999999999,1.47008,1.47043
2024-02-28 21:00:00,1.47041,1.47132,1.47034,1.47092
2024-02-28 22:00:00,1.47092,1.47119,1.47041,1.4708999999999999
2024-02-28 23:00:00,1.47034,1.4715799999999999,1.47022,1.47133
2024-02-29 00:00:00,1.47134,1.47145,1.47032,1.47077
2024-02-29 01:00:00,1.47144,1.47154,1.47104,1.47133
2024-02-29 02:00:00,1.47133,1.47193,1.47125,1.47168
2024-02-29 03:00:00,1.47165,1.47173,1.47036,1.47036
2024-02-29 04:00:00,1.47036,1.47069,1.47011,1.47043
2024-02-29 05:00:00,1.47039,1.47052,1.47006,1.47044
2024-02-29 06:00:00,1.47043,1.47066,1.47005,1.47034
2024-02-29 07:00:00,1.47039,1.47061,1.46991,1.4705599999999999
2024-02-29 08:00:00,1.4705599999999999,1.4707,1.46996,1.47027
2024-02-29 09:00:00,1.47024,1.47153,1.46959,1.47006
2024-02-29 10:00:00,1.47003,1.47302,1.47003,1.47163
2024-02-29 11:00:00,1.47163,1.47394,1.47153,1.4739200000000001
2024-02-29 12:00:00,1.4739200000000001,1.47471,1.47271,1.47288
2024-02-29 13:00:00,1.47286,1.4733,1.4713,1.4716
2024-02-29 14:00:00,1.47154,1.47222,1.4709699999999999,1.4718200000000001
2024-02-29 15:00:00,1.47184,1.47249,1.46913,1.47004
2024-02-29 16:00:00,1.47006,1.471,1.46935,1.46935
2024-02-29 17:00:00,1.4693399999999999,1.47051,1.46672,1.4677799999999999
2024-02-29 18:00:00,1.46776,1.46817,1.46585,1.4660199999999999
2024-02-29 19:00:00,1.4659900000000001,1.4668,1.46552,1.46622
2024-02-29 20:00:00,1.46622,1.46698,1.46589,1.46667
2024-02-29 21:00:00,1.46667,1.46691,1.46611,1.46646
2024-02-29 22:00:00,1.46648,1.467,1.46617,1.46669
2024-02-29 23:00:00,1.46667,1.46718,1.46584,1.46679
2024-03-01 00:00:00,1.46678,1.46706,1.46441,1.46618
2024-03-01 01:00:00,1.46686,1.46714,1.46586,1.46593
2024-03-01 02:00:00,1.46593,1.46736,1.46576,1.46729
2024-03-01 03:00:00,1.46733,1.46777,1.467,1.46777
2024-03-01 04:00:00,1.46776,1.46793,1.4669400000000001,1.46712
2024-03-01 05:00:00,1.46709,1.4673,1.46678,1.46692
2024-03-01 06:00:00,1.46692,1.46727,1.46674,1.46719
2024-03-01 07:00:00,1.46718,1.46727,1.46695,1.46702
2024-03-01 08:00:00,1.46699,1.4672399999999999,1.4665,1.46674
2024-03-01 09:00:00,1.46672,1.46825,1.46664,1.4681899999999999
2024-03-01 10:00:00,1.46821,1.4699900000000001,1.46792,1.46912
2024-03-01 11:00:00,1.46912,1.46918,1.46745,1.46825
2024-03-01 12:00:00,1.46825,1.46917,1.46621,1.46765
2024-03-01 13:00:00,1.46762,1.46849,1.4676,1.46842
2024-03-01 14:00:00,1.46844,1.46935,1.46796,1.46818
2024-03-01 15:00:00,1.46815,1.46894,1.46738,1.46885
2024-03-01 16:00:00,1.46882,1.47004,1.46807,1.46807
2024-03-01 17:00:00,1.46797,1.47022,1.4674800000000001,1.46817
2024-03-01 18:00:00,1.46814,1.46852,1.46696,1.46803
2024-03-01 19:00:00,1.46798,1.4687299999999999,1.4675500000000001,1.4687299999999999
2024-03-01 20:00:00,1.4687299999999999,1.46971,1.46845,1.46935
2024-03-01 21:00:00,1.46937,1.4699,1.46902,1.4698
2024-03-01 22:00:00,1.4698,1.46991,1.46905,1.46921
2024-03-01 23:00:00,1.46866,1.46975,1.46811,1.46949
2024-03-04 00:00:00,1.4687000000000001,1.46902,1.4675099999999999,1.46842
2024-03-04 01:00:00,1.4691,1.46973,1.4689,1.4689999999999999
2024-03-04 02:00:00,1.46903,1.46944,1.46884,1.46926
2024-03-04 03:00:00,1.46923,1.47008,1.46916,1.46987
2024-03-04 04:00:00,1.46986,1.47043,1.46984,1.4703300000000001
2024-03-04 05:00:00,1.4702899999999999,1.47046,1.46984,1.47014
2024-03-04 06:00:00,1.47014,1.47065,1.47011,1.47034
2024-03-04 07:00:00,1.47037,1.47109,1.47034,1.47074
2024-03-04 08:00:00,1.47069,1.4712,1.4706000000000001,1.47091
2024-03-04 09:00:00,1.47093,1.47165,1.47086,1.47134
2024-03-04 10:00:00,1.47136,1.4721,1.47013,1.47164
2024-03-04 11:00:00,1.47162,1.47171,1.47083,1.47126
2024-03-04 12:00:00,1.47123,1.47203,1.47078,1.47153
2024-03-04 13:00:00,1.47153,1.47249,1.4715,1.47244
2024-03-04 14:00:00,1.47244,1.47272,1.47092,1.47131
2024-03-04 15:00:00,1.47133,1.47339,1.4713,1.47167
2024-03-04 16:00:00,1.47169,1.47342,1.47128,1.47301
2024-03-04 17:00:00,1.47299,1.47461,1.47294,1.4731
2024-03-04 18:00:00,1.47306,1.47343,1.47232,1.47328
2024-03-04 19:00:00,1.47322,1.47344,1.47271,1.47336
2024-03-04 20:00:00,1.47336,1.4741,1.47289,1.47385
2024-03-04 21:00:00,1.47387,1.47435,1.47372,1.47413
2024-03-04 22:00:00,1.47411,1.47424,1.47355,1.4736
2024-03-04 23:00:00,1.47303,1.4735800000000001,1.47269,1.47309
2024-03-05 00:00:00,1.47321,1.47373,1.47176,1.4726
2024-03-05 01:00:00,1.47328,1.47379,1.47315,1.4733
2024-03-05 02:00:00,1.4733,1.47347,1.47292,1.47329
2024-03-05 03:00:00,1.47332,1.47336,1.47229,1.47235
2024-03-05 04:00:00,1.47231,1.47366,1.47225,1.47325
2024-03-05 05:00:00,1.47328,1.47375,1.47322,1.47372
2024-03-05 06:00:00,1.4736799999999999,1.47373,1.47329,1.4736099999999999
2024-03-05 07:00:00,1.47357,1.47425,1.47347,1.47414
2024-03-05 08:00:00,1.47417,1.47451,1.47371,1.47434
2024-03-05 09:00:00,1.47431,1.47496,1.47417,1.47466
2024-03-05 10:00:00,1.47462,1.4761199999999999,1.4742600000000001,1.47513
2024-03-05 11:00:00,1.47515,1.47557,1.47416,1.47442
2024-03-05 12:00:00,1.47435,1.4745599999999999,1.47324,1.47355
2024-03-05 13:00:00,1.47353,1.4742899999999999,1.47321,1.47397
2024-03-05 14:00:00,1.4739900000000001,1.47493,1.47384,1.47474
2024-03-05 15:00:00,1.47472,1.475,1.47289,1.47375
2024-03-05 16:00:00,1.47375,1.47409,1.47172,1.47266
2024-03-05 17:00:00,1.47261,1.47565,1.47261,1.47499
2024-03-05 18:00:00,1.47497,1.47526,1.47401,1.47473
2024-03-05 19:00:00,1.47466,1.47474,1.47393,1.4742199999999999
2024-03-05 20:00:00,1.4742,1.47461,1.4736,1.47455
2024-03-05 21:00:00,1.4745300000000001,1.47519,1.47439,1.47516
2024-03-05 22:00:00,1.47519,1.47594,1.47472,1.47589
2024-03-05 23:00:00,1.47533,1.47579,1.47485,1.4753
2024-03-06 00:00:00,1.47547,1.47581,1.47425,1.47478
2024-03-06 01:00:00,1.47543,1.47573,1.47504,1.47504
2024-03-06 02:00:00,1.47507,1.47543,1.47488,1.4752
2024-03-06 03:00:00,1.47523,1.47533,1.47299,1.4730699999999999
2024-03-06 04:00:00,1.4730699999999999,1.47401,1.47305,1.47391
2024-03-06 05:00:00,1.47391,1.47437,1.47369,1.47391
2024-03-06 06:00:00,1.4739,1.4742600000000001,1.47385,1.474
2024-03-06 07:00:00,1.47404,1.47449,1.47394,1.4742199999999999
2024-03-06 08:00:00,1.47421,1.47516,1.47406,1.47515
2024-03-06 09:00:00,1.4751699999999999,1.47583,1.4748700000000001,1.47572
2024-03-06 10:00:00,1.47574,1.47716,1.47574,1.47685
2024-03-06 11:00:00,1.47687,1.47742,1.47668,1.4769700000000001
2024-03-06 12:00:00,1.4769700000000001,1.47785,1.4768,1.47773
2024-03-06 13:00:00,1.47773,1.4779,1.47615,1.4764300000000001
2024-03-06 14:00:00,1.4764300000000001,1.47687,1.4751699999999999,1.47685
2024-03-06 15:00:00,1.47687,1.47739,1.4761199999999999,1.4764599999999999
2024-03-06 16:00:00,1.47644,1.47728,1.47289,1.4734099999999999
2024-03-06 17:00:00,1.4733399999999999,1.47444,1.47225,1.47357
2024-03-06 18:00:00,1.47353,1.47423,1.47286,1.47418
2024-03-06 19:00:00,1.47412,1.47443,1.47202,1.47224
2024-03-06 20:00:00,1.47224,1.47336,1.47206,1.47323
2024-03-06 21:00:00,1.47321,1.47336,1.47217,1.4727000000000001
2024-03-06 22:00:00,1.4727000000000001,1.47315,1.47247,1.4730400000000001
2024-03-06 23:00:00,1.4725,1.47274,1.47166,1.47233
2024-03-07 00:00:00,1.47265,1.47265,1.47021,1.47192
2024-03-07 01:00:00,1.4726,1.47293,1.47237,1.47251
2024-03-07 02:00:00,1.47251,1.47382,1.47247,1.4734099999999999
2024-03-07 03:00:00,1.4733800000000001,1.47349,1.47264,1.47267
2024-03-07 04:00:00,1.47264,1.47354,1.47261,1.4727700000000001
2024-03-07 05:00:00,1.4727999999999999,1.4731,1.47233,1.47241
2024-03-07 06:00:00,1.47244,1.47267,1.4721199999999999,1.47249
2024-03-07 07:00:00,1.4724599999999999,1.47265,1.47224,1.47254
2024-03-07 08:00:00,1.47254,1.47291,1.47232,1.47258
2024-03-07 09:00:00,1.47262,1.47286,1.47111,1.47135
2024-03-07 10:00:00,1.47133,1.47227,1.47084,1.47205
2024-03-07 11:00:00,1.47205,1.4725,1.47172,1.47231
2024-03-07 12:00:00,1.47229,1.47235,1.47057,1.47091
2024-03-07 13:00:00,1.47093,1.47107,1.47017,1.47045
2024-03-07 14:00:00,1.47062,1.4712100000000001,1.46984,1.46993
2024-03-07 15:00:00,1.46993,1.47059,1.4657200000000001,1.46609
2024-03-07 16:00:00,1.4661,1.4731,1.46566,1.47179
2024-03-07 17:00:00,1.47177,1.47332,1.47093,1.4730699999999999
2024-03-07 18:00:00,1.47309,1.47344,1.47168,1.47319
2024-03-07 19:00:00,1.47314,1.47362,1.47261,1.47308
2024-03-07 20:00:00,1.47306,1.47336,1.47224,1.47252
2024-03-07 21:00:00,1.4725,1.47333,1.4723899999999999,1.47285
2024-03-07 22:00:00,1.47283,1.47337,1.47275,1.47311
2024-03-07 23:00:00,1.47256,1.47343,1.47249,1.47312
2024-03-08 00:00:00,1.47319,1.4733100000000001,1.47147,1.47229
2024-03-08 01:00:00,1.47296,1.4733,1.47282,1.47305
2024-03-08 02:00:00,1.47305,1.47328,1.47256,1.47278
2024-03-08 03:00:00,1.47275,1.4732,1.47215,1.4723600000000001
2024-03-08 04:00:00,1.4723600000000001,1.47266,1.47213,1.4724599999999999
2024-03-08 05:00:00,1.4724300000000001,1.47254,1.47193,1.47208
2024-03-08 06:00:00,1.47204,1.47208,1.47163,1.4719
2024-03-08 07:00:00,1.47193,1.47205,1.47147,1.47157
2024-03-08 08:00:00,1.47161,1.47196,1.47147,1.4718200000000001
2024-03-08 09:00:00,1.4718,1.47208,1.4694,1.46967
2024-03-08 10:00:00,1.46967,1.4696799999999999,1.46882,1.4692
2024-03-08 11:00:00,1.46918,1.46937,1.46793,1.46923
2024-03-08 12:00:00,1.46925,1.46979,1.46835,1.46978
2024-03-08 13:00:00,1.46978,1.47075,1.46943,1.47074
2024-03-08 14:00:00,1.47078,1.47099,1.47011,1.47023
2024-03-08 15:00:00,1.47023,1.47408,1.4699200000000001,1.47344
2024-03-08 16:00:00,1.47347,1.47404,1.4721199999999999,1.4739200000000001
2024-03-08 17:00:00,1.4739,1.47452,1.47345,1.4742600000000001
2024-03-08 18:00:00,1.47424,1.47503,1.47323,1.47356
2024-03-08 19:00:00,1.47351,1.47505,1.4734099999999999,1.47469
2024-03-08 20:00:00,1.47469,1.47572,1.47436,1.47571
2024-03-08 21:00:00,1.47571,1.47598,1.47482,1.4752
2024-03-08 22:00:00,1.47522,1.47586,1.4751400000000001,1.47563
2024-03-08 23:00:00,1.47506,1.47509,1.47404,1.4747
2024-03-11 00:00:00,1.4743,1.47555,1.4743,1.47482
2024-03-11 01:00:00,1.47532,1.47562,1.47491,1.47496
2024-03-11 02:00:00,1.475,1.47515,1.47464,1.47472
2024-03-11 03:00:00,1.47472,1.47496,1.47404,1.47413
2024-03-11 04:00:00,1.4741,1.47511,1.47407,1.47505
2024-03-11 05:00:00,1.47501,1.47531,1.4748299999999999,1.47498
2024-03-11 06:00:00,1.47495,1.47513,1.47479,1.475
2024-03-11 07:00:00,1.47503,1.4752,1.47447,1.47474
2024-03-11 08:00:00,1.47471,1.4754,1.47437,1.47509
2024-03-11 09:00:00,1.47511,1.47648,1.47492,1.47509
2024-03-11 10:00:00,1.47507,1.47531,1.47393,1.4752
2024-03-11 11:00:00,1.47522,1.4753,1.47286,1.4729700000000001
2024-03-11 12:00:00,1.4729700000000001,1.47448,1.47279,1.47421
2024-03-11 13:00:00,1.4741900000000001,1.47469,1.47408,1.4745599999999999
2024-03-11 14:00:00,1.47459,1.4763899999999999,1.47443,1.47629
2024-03-11 15:00:00,1.47631,1.47631,1.47374,1.47458
2024-03-11 16:00:00,1.4746000000000001,1.47479,1.47343,1.47383
2024-03-11 17:00:00,1.47383,1.47393,1.47288,1.4736
2024-03-11 18:00:00,1.47355,1.4736799999999999,1.4726,1.4729
2024-03-11 19:00:00,1.47285,1.47357,1.47278,1.47301
2024-03-11 20:00:00,1.47301,1.47357,1.4727000000000001,1.4730699999999999
2024-03-11 21:00:00,1.4730699999999999,1.4733399999999999,1.4727299999999999,1.4729
2024-03-11 22:00:00,1.47234,1.47303,1.47199,1.47284
2024-03-11 23:00:00,1.47287,1.47316,1.47143,1.4727700000000001
2024-03-12 00:00:00,1.47256,1.47298,1.4721,1.47222
2024-03-12 01:00:00,1.47272,1.47329,1.47268,1.47295
2024-03-12 02:00:00,1.47295,1.47323,1.47286,1.47299
2024-03-12 03:00:00,1.47299,1.47323,1.4727000000000001,1.47314
2024-03-12 04:00:00,1.47311,1.47356,1.47305,1.47354
2024-03-12 05:00:00,1.47349,1.4736099999999999,1.47316,1.47345
2024-03-12 06:00:00,1.47345,1.47372,1.4733,1.47351
2024-03-12 07:00:00,1.47351,1.47384,1.47329,1.47375
2024-03-12 08:00:00,1.47369,1.47387,1.4733,1.47342
2024-03-12 09:00:00,1.4734,1.4737,1.47261,1.47271
2024-03-12 10:00:00,1.4727299999999999,1.47306,1.47174,1.47189
2024-03-12 11:00:00,1.47188,1.47281,1.47165,1.4726
2024-03-12 12:00:00,1.47257,1.47287,1.47195,1.47272
2024-03-12 13:00:00,1.4727299999999999,1.47428,1.4727299999999999,1.47383
2024-03-12 14:00:00,1.47382,1.47447,1.47218,1.47349
2024-03-12 15:00:00,1.4735,1.47486,1.47311,1.47372
2024-03-12 16:00:00,1.47377,1.4742,1.47291,1.47336
2024-03-12 17:00:00,1.47337,1.47385,1.4724,1.47352
2024-03-12 18:00:00,1.47351,1.47433,1.47351,1.47396
2024-03-12 19:00:00,1.4739499999999999,1.47441,1.47378,1.47409
2024-03-12 20:00:00,1.47408,1.47438,1.47387,1.4742899999999999
2024-03-12 21:00:00,1.4742899999999999,1.47451,1.47388,1.47404
2024-03-12 22:00:00,1.47405,1.4742899999999999,1.47371,1.47394
2024-03-12 23:00:00,1.474,1.4742199999999999,1.4734099999999999,1.4740199999999999
2024-03-13 00:00:00,1.4740199999999999,1.47445,1.47387,1.47417
2024-03-13 01:00:00,1.47418,1.47435,1.47404,1.47433
2024-03-13 02:00:00,1.47434,1.47451,1.47417,1.4743
2024-03-13 03:00:00,1.4742899999999999,1.47452,1.47415,1.47425
2024-03-13 04:00:00,1.47425,1.47461,1.4741,1.4745
2024-03-13 05:00:00,1.47452,1.47478,1.47436,1.47451
2024-03-13 06:00:00,1.4745,1.47466,1.47387,1.47404
2024-03-13 07:00:00,1.47405,1.47464,1.47401,1.47446
2024-03-13 08:00:00,1.47447,1.47479,1.47415,1.47462
2024-03-13 09:00:00,1.47461,1.4748299999999999,1.47366,1.47372
2024-03-13 10:00:00,1.47372,1.47468,1.47353,1.47386
2024-03-13 11:00:00,1.47385,1.47401,1.47306,1.47356
2024-03-13 12:00:00,1.47356,1.47507,1.47356,1.47462
2024-03-13 13:00:00,1.47464,1.47619,1.47457,1.47563
2024-03-13 14:00:00,1.47568,1.47626,1.47509,1.47547
2024-03-13 15:00:00,1.47546,1.47587,1.4736799999999999,1.47376
2024-03-13 16:00:00,1.47373,1.47387,1.47252,1.47325
2024-03-13 17:00:00,1.47325,1.47424,1.4732,1.47417
2024-03-13 18:00:00,1.47416,1.47466,1.47373,1.4746000000000001
2024-03-13 19:00:00,1.47457,1.47591,1.47452,1.475
2024-03-13 20:00:00,1.47501,1.47513,1.47448,1.47465
2024-03-13 21:00:00,1.47465,1.47484,1.47433,1.47464
2024-03-13 22:00:00,1.47466,1.47507,1.4742,1.47454
2024-03-13 23:00:00,1.47449,1.475,1.47319,1.4742600000000001
2024-03-14 00:00:00,1.47425,1.4751,1.47418,1.47501
2024-03-14 01:00:00,1.47502,1.4751699999999999,1.4747,1.47478
2024-03-14 02:00:00,1.47478,1.47491,1.47425,1.47448
2024-03-14 03:00:00,1.47447,1.47465,1.4739,1.47412
2024-03-14 04:00:00,1.47413,1.47434,1.47404,1.47427
2024-03-14 05:00:00,1.47427,1.47464,1.47412,1.47452
2024-03-14 06:00:00,1.4745,1.47455,1.47401,1.47445
2024-03-14 07:00:00,1.47445,1.47478,1.47437,1.47437
2024-03-14 08:00:00,1.47438,1.47469,1.47356,1.47357
2024-03-14 09:00:00,1.47356,1.47474,1.47305,1.47306
2024-03-14 10:00:00,1.47306,1.47424,1.47301,1.47339
2024-03-14 11:00:00,1.4734,1.4739,1.4729,1.47309
2024-03-14 12:00:00,1.47308,1.47349,1.47271,1.47323
2024-03-14 13:00:00,1.47321,1.47366,1.47268,1.47285
2024-03-14 14:00:00,1.47286,1.47349,1.4718,1.47302
2024-03-14 15:00:00,1.47302,1.47314,1.4715,1.47235
2024-03-14 16:00:00,1.47235,1.47282,1.47161,1.47188
2024-03-14 17:00:00,1.47188,1.47333,1.47152,1.4717
2024-03-14 18:00:00,1.4717,1.47278,1.4715099999999999,1.47217
2024-03-14 19:00:00,1.4721899999999999,1.47311,1.47217,1.4724
2024-03-14 20:00:00,1.4724,1.47317,1.4723899999999999,1.47296
2024-03-14 21:00:00,1.47296,1.47362,1.47288,1.47342
2024-03-14 22:00:00,1.47342,1.47362,1.47249,1.47262
2024-03-14 23:00:00,1.4726,1.4733,1.47177,1.4724
2024-03-15 00:00:00,1.4724,1.4733800000000001,1.47234,1.47335
2024-03-15 01:00:00,1.47335,1.47367,1.47317,1.47318
2024-03-15 02:00:00,1.47315,1.47339,1.47269,1.47289
2024-03-15 03:00:00,1.47292,1.47294,1.47245,1.4727999999999999
2024-03-15 04:00:00,1.47281,1.47285,1.47227,1.47227
2024-03-15 05:00:00,1.47226,1.47268,1.47214,1.47218
2024-03-15 06:00:00,1.4721899999999999,1.4723899999999999,1.47197,1.47235
2024-03-15 07:00:00,1.47235,1.4724599999999999,1.47207,1.47225
2024-03-15 08:00:00,1.47224,1.47298,1.47206,1.47281
2024-03-15 09:00:00,1.47281,1.47382,1.47225,1.47377
2024-03-15 10:00:00,1.47372,1.47478,1.47349,1.47437
2024-03-15 11:00:00,1.47434,1.47479,1.47366,1.47443
2024-03-15 12:00:00,1.47444,1.47493,1.47359,1.47371
2024-03-15 13:00:00,1.4737,1.47396,1.4733,1.4736799999999999
2024-03-15 14:00:00,1.47366,1.47418,1.47281,1.4729700000000001
2024-03-15 15:00:00,1.4729700000000001,1.47313,1.4719,1.47258
2024-03-15 16:00:00,1.47241,1.47306,1.47147,1.47161
2024-03-15 17:00:00,1.47162,1.47333,1.47102,1.47321
2024-03-15 18:00:00,1.4732,1.47475,1.4727000000000001,1.4744
2024-03-15 19:00:00,1.4744,1.47502,1.4742199999999999,1.47428
2024-03-15 20:00:00,1.4742899999999999,1.47485,1.47406,1.4745
2024-03-15 21:00:00,1.4745,1.47502,1.47408,1.4748999999999999
2024-03-15 22:00:00,1.47486,1.47492,1.47364,1.47411
2024-03-18 00:00:00,1.4726,1.47469,1.47251,1.47452
2024-03-18 01:00:00,1.47452,1.47452,1.4740199999999999,1.47423
2024-03-18 02:00:00,1.47424,1.47472,1.4742,1.4742899999999999
2024-03-18 03:00:00,1.47431,1.4748,1.47408,1.47424
2024-03-18 04:00:00,1.47423,1.47432,1.47382,1.47391
2024-03-18 05:00:00,1.4739,1.4740199999999999,1.4736,1.47377
2024-03-18 06:00:00,1.47377,1.47387,1.47353,1.47376
2024-03-18 07:00:00,1.47376,1.47403,1.4736799999999999,1.47379
2024-03-18 08:00:00,1.47379,1.47389,1.4735,1.47373
2024-03-18 09:00:00,1.47375,1.47466,1.47284,1.47301
2024-03-18 10:00:00,1.4729999999999999,1.47405,1.4729700000000001,1.4736500000000001
2024-03-18 11:00:00,1.47359,1.47542,1.47319,1.47531
2024-03-18 12:00:00,1.4753,1.47651,1.47515,1.47619
2024-03-18 13:00:00,1.47617,1.47675,1.47596,1.47638
2024-03-18 14:00:00,1.4763899999999999,1.47655,1.47393,1.47398
2024-03-18 15:00:00,1.47401,1.4752,1.47348,1.47511
2024-03-18 16:00:00,1.47509,1.47554,1.47428,1.47437
2024-03-18 17:00:00,1.47437,1.47506,1.47364,1.47394
2024-03-18 18:00:00,1.47398,1.47415,1.47222,1.47264
2024-03-18 19:00:00,1.47264,1.4727700000000001,1.47145,1.47146
2024-03-18 20:00:00,1.47145,1.4717500000000001,1.47108,1.47118
2024-03-18 21:00:00,1.47118,1.47145,1.47088,1.47136
2024-03-18 22:00:00,1.47135,1.47172,1.4712100000000001,1.47127
2024-03-18 23:00:00,1.47135,1.47162,1.47008,1.47138
2024-03-19 00:00:00,1.47138,1.47161,1.47101,1.4715500000000001
2024-03-19 01:00:00,1.4715500000000001,1.47176,1.4715099999999999,1.47169
2024-03-19 02:00:00,1.47169,1.47211,1.4715799999999999,1.47201
2024-03-19 03:00:00,1.47201,1.47284,1.47196,1.47237
2024-03-19 04:00:00,1.4723600000000001,1.4724599999999999,1.47187,1.47238
2024-03-19 05:00:00,1.4723899999999999,1.47303,1.47201,1.4727700000000001
2024-03-19 06:00:00,1.47274,1.4730400000000001,1.47244,1.47296
2024-03-19 07:00:00,1.47296,1.47351,1.4727000000000001,1.47333
2024-03-19 08:00:00,1.47333,1.4746299999999999,1.47326,1.47445
2024-03-19 09:00:00,1.47444,1.47444,1.47221,1.47235
2024-03-19 10:00:00,1.47231,1.4727299999999999,1.47137,1.47202
2024-03-19 11:00:00,1.47204,1.47282,1.47118,1.47128
2024-03-19 12:00:00,1.47126,1.47214,1.47119,1.4715500000000001
2024-03-19 13:00:00,1.4715099999999999,1.4722,1.47146,1.47218
2024-03-19 14:00:00,1.47221,1.47714,1.4715799999999999,1.47642
2024-03-19 15:00:00,1.47645,1.47732,1.4761199999999999,1.47727
2024-03-19 16:00:00,1.47727,1.4779,1.47535,1.47579
2024-03-19 17:00:00,1.4757799999999999,1.47592,1.47417,1.47445
2024-03-19 18:00:00,1.47447,1.4745,1.47311,1.47319
2024-03-19 19:00:00,1.4732,1.47379,1.47276,1.47323
2024-03-19 20:00:00,1.47323,1.47411,1.47317,1.47373
2024-03-19 21:00:00,1.47371,1.47411,1.4735,1.4739900000000001
2024-03-19 22:00:00,1.47398,1.4741900000000001,1.47378,1.47389
2024-03-19 23:00:00,1.47396,1.47396,1.4715799999999999,1.47326
2024-03-20 00:00:00,1.47326,1.4742600000000001,1.47323,1.47401
2024-03-20 01:00:00,1.47403,1.47459,1.47401,1.47441
2024-03-20 02:00:00,1.47441,1.47504,1.47437,1.47478
2024-03-20 03:00:00,1.47479,1.47486,1.47447,1.47457
2024-03-20 04:00:00,1.47457,1.47472,1.47439,1.4746000000000001
2024-03-20 05:00:00,1.47508,1.4751699999999999,1.47489,1.47499
2024-03-20 06:00:00,1.47498,1.47555,1.47497,1.47541
2024-03-20 07:00:00,1.47543,1.47584,1.4751699999999999,1.47572
2024-03-20 08:00:00,1.47572,1.47619,1.47559,1.4761
2024-03-20 09:00:00,1.47606,1.47641,1.47549,1.47625
2024-03-20 10:00:00,1.47626,1.47645,1.47486,1.475
2024-03-20 11:00:00,1.475,1.47505,1.47363,1.47447
2024-03-20 12:00:00,1.47447,1.47459,1.47351,1.47439
2024-03-20 13:00:00,1.47438,1.47461,1.47363,1.47393
2024-03-20 14:00:00,1.47391,1.47415,1.47258,1.47283
2024-03-20 15:00:00,1.47283,1.4739200000000001,1.4727000000000001,1.47351
2024-03-20 16:00:00,1.47352,1.47371,1.47266,1.47339
2024-03-20 17:00:00,1.4734099999999999,1.47351,1.47202,1.47224
2024-03-20 18:00:00,1.47226,1.47255,1.47163,1.47164
2024-03-20 19:00:00,1.47164,1.47287,1.47152,1.4722
2024-03-20 20:00:00,1.47222,1.47344,1.47131,1.4727700000000001
2024-03-20 21:00:00,1.47274,1.47328,1.47146,1.47269
2024-03-20 22:00:00,1.47268,1.4735800000000001,1.47222,1.47346
2024-03-20 23:00:00,1.47345,1.47384,1.47202,1.47288
2024-03-21 00:00:00,1.47291,1.47401,1.47291,1.47356
2024-03-21 01:00:00,1.47354,1.47387,1.4733,1.47352
2024-03-21 02:00:00,1.47353,1.47362,1.47267,1.47285
2024-03-21 03:00:00,1.47285,1.47308,1.4724300000000001,1.47265
2024-03-21 04:00:00,1.47265,1.47288,1.47251,1.47285
2024-03-21 05:00:00,1.47286,1.47298,1.47206,1.47237
2024-03-21 06:00:00,1.4723600000000001,1.4725,1.4720900000000001,1.47215
2024-03-21 07:00:00,1.47215,1.4724599999999999,1.47186,1.472
2024-03-21 08:00:00,1.472,1.47258,1.47193,1.47247
2024-03-21 09:00:00,1.47245,1.4727700000000001,1.47109,1.47176
2024-03-21 10:00:00,1.4717500000000001,1.47242,1.46924,1.4699200000000001
2024-03-21 11:00:00,1.4700199999999999,1.47197,1.4697200000000001,1.4718200000000001
2024-03-21 12:00:00,1.4718,1.47325,1.47164,1.47323
2024-03-21 13:00:00,1.47324,1.4741,1.47279,1.47404
2024-03-21 14:00:00,1.4740199999999999,1.47465,1.4729999999999999,1.47382
2024-03-21 15:00:00,1.47382,1.474,1.46959,1.46959
2024-03-21 16:00:00,1.46959,1.47106,1.4690400000000001,1.4709699999999999
2024-03-21 17:00:00,1.47096,1.47096,1.4689999999999999,1.47021
2024-03-21 18:00:00,1.47021,1.47046,1.4692,1.4693
2024-03-21 19:00:00,1.4693100000000001,1.4699200000000001,1.46895,1.46983
2024-03-21 20:00:00,1.46984,1.47008,1.46939,1.4699200000000001
2024-03-21 21:00:00,1.46994,1.47001,1.46895,1.46924
2024-03-21 22:00:00,1.46919,1.46937,1.46852,1.46905
2024-03-21 23:00:00,1.46908,1.46944,1.46828,1.46887
2024-03-22 00:00:00,1.46887,1.46958,1.46878,1.4695
2024-03-22 01:00:00,1.4695,1.46952,1.46921,1.46933
2024-03-22 02:00:00,1.4693399999999999,1.4695,1.46917,1.46924
2024-03-22 03:00:00,1.46925,1.4697200000000001,1.46885,1.4697200000000001
2024-03-22 04:00:00,1.46971,1.47036,1.46955,1.46964
2024-03-22 05:00:00,1.46964,1.4699,1.46944,1.4697200000000001
2024-03-22 06:00:00,1.4697200000000001,1.46983,1.46891,1.4690400000000001
2024-03-22 07:00:00,1.46901,1.4698,1.46863,1.46976
2024-03-22 08:00:00,1.46973,1.46973,1.46857,1.46885
2024-03-22 09:00:00,1.46886,1.46952,1.46836,1.4683899999999999
2024-03-22 10:00:00,1.4683899999999999,1.46878,1.46641,1.4669400000000001
2024-03-22 11:00:00,1.46691,1.46822,1.46691,1.46815
2024-03-22 12:00:00,1.46817,1.4693399999999999,1.46774,1.4684
2024-03-22 13:00:00,1.46841,1.46967,1.46838,1.46878
2024-03-22 14:00:00,1.46871,1.46952,1.46771,1.4686
2024-03-22 15:00:00,1.4686,1.46993,1.46792,1.46989
2024-03-22 16:00:00,1.46991,1.46991,1.46824,1.4692
2024-03-22 17:00:00,1.4692,1.47199,1.46917,1.47042
2024-03-22 18:00:00,1.47042,1.47085,1.46974,1.46975
2024-03-22 19:00:00,1.46976,1.47106,1.4697200000000001,1.47028
2024-03-22 20:00:00,1.47028,1.47074,1.4701,1.47036
2024-03-22 21:00:00,1.47038,1.47077,1.47013,1.47066
2024-03-22 22:00:00,1.4706299999999999,1.47122,1.4701,1.47045
2024-03-25 00:00:00,1.47014,1.4708700000000001,1.46943,1.47065
2024-03-25 01:00:00,1.47065,1.47103,1.4705300000000001,1.47103
2024-03-25 02:00:00,1.47101,1.47105,1.47034,1.4705300000000001
2024-03-25 03:00:00,1.47052,1.47085,1.4701,1.47068
2024-03-25 04:00:00,1.47067,1.47073,1.47007,1.4703
2024-03-25 05:00:00,1.47028,1.47065,1.47005,1.47039
2024-03-25 06:00:00,1.47039,1.4706000000000001,1.47006,1.47044
2024-03-25 07:00:00,1.47047,1.47157,1.4704,1.47154
2024-03-25 08:00:00,1.47154,1.4718,1.4713,1.47143
2024-03-25 09:00:00,1.47137,1.47167,1.4707,1.4707
2024-03-25 10:00:00,1.47072,1.47092,1.46952,1.4697200000000001
2024-03-25 11:00:00,1.4697200000000001,1.4709400000000001,1.46955,1.47048
2024-03-25 12:00:00,1.47046,1.47066,1.47007,1.4703300000000001
2024-03-25 13:00:00,1.47031,1.47116,1.46994,1.47112
2024-03-25 14:00:00,1.47104,1.47226,1.47095,1.47202
2024-03-25 15:00:00,1.47201,1.4724,1.47075,1.471
2024-03-25 16:00:00,1.47099,1.4717799999999999,1.47088,1.47165
2024-03-25 17:00:00,1.47169,1.47214,1.47112,1.47166
2024-03-25 18:00:00,1.47167,1.47231,1.4712,1.47167
2024-03-25 19:00:00,1.47167,1.47221,1.4715099999999999,1.47167
2024-03-25 20:00:00,1.47167,1.47199,1.47146,1.47172
2024-03-25 21:00:00,1.47173,1.47264,1.47173,1.47241
2024-03-25 22:00:00,1.47242,1.47279,1.47201,1.47223
2024-03-25 23:00:00,1.47225,1.47253,1.47145,1.47195
2024-03-26 00:00:00,1.4718,1.4723,1.4718,1.47213
2024-03-26 01:00:00,1.47213,1.47235,1.47201,1.4722
2024-03-26 02:00:00,1.4722,1.4724,1.47191,1.47226
2024-03-26 03:00:00,1.47226,1.47233,1.47173,1.4718200000000001
2024-03-26 04:00:00,1.4718200000000001,1.47225,1.47167,1.47215
2024-03-26 05:00:00,1.47215,1.47241,1.47206,1.47214
2024-03-26 06:00:00,1.47214,1.47248,1.4721,1.47237
2024-03-26 07:00:00,1.47237,1.47333,1.47237,1.47328
2024-03-26 08:00:00,1.47328,1.47332,1.47284,1.4729999999999999
2024-03-26 09:00:00,1.47301,1.47332,1.47258,1.47306
2024-03-26 10:00:00,1.47301,1.47347,1.47258,1.47316
2024-03-26 11:00:00,1.47315,1.47318,1.47231,1.47288
2024-03-26 12:00:00,1.47288,1.47384,1.4723600000000001,1.47245
2024-03-26 13:00:00,1.4724599999999999,1.47298,1.47211,1.4726
2024-03-26 14:00:00,1.47264,1.47308,1.4708700000000001,1.47098
2024-03-26 15:00:00,1.47096,1.4723,1.47062,1.47211
2024-03-26 16:00:00,1.47191,1.4724300000000001,1.47093,1.47103
2024-03-26 17:00:00,1.47103,1.47152,1.46901,1.46928
2024-03-26 18:00:00,1.46932,1.4703,1.46922,1.47009
2024-03-26 19:00:00,1.47009,1.47095,1.46982,1.47037
2024-03-26 20:00:00,1.47037,1.47093,1.47012,1.47086
2024-03-26 21:00:00,1.47086,1.47162,1.47082,1.47122
2024-03-26 22:00:00,1.47122,1.47162,1.47106,1.47107
2024-03-26 23:00:00,1.4711,1.4714,1.47069,1.47093
2024-03-27 00:00:00,1.4708999999999999,1.47154,1.4708999999999999,1.47145
2024-03-27 01:00:00,1.47147,1.4715500000000001,1.47096,1.47109
2024-03-27 02:00:00,1.4711,1.47152,1.47109,1.47139
2024-03-27 03:00:00,1.47139,1.47161,1.47116,1.47127
2024-03-27 04:00:00,1.47127,1.4721899999999999,1.4712100000000001,1.47184
2024-03-27 05:00:00,1.47184,1.47199,1.47162,1.47169
2024-03-27 06:00:00,1.4717,1.47187,1.47161,1.47167
2024-03-27 07:00:00,1.47167,1.47176,1.47134,1.47139
2024-03-27 08:00:00,1.47137,1.47222,1.47131,1.4722
2024-03-27 09:00:00,1.4721199999999999,1.4723899999999999,1.47112,1.47171
2024-03-27 10:00:00,1.47171,1.47324,1.47137,1.47309
2024-03-27 11:00:00,1.47308,1.4733800000000001,1.47184,1.47184
2024-03-27 12:00:00,1.47186,1.4724599999999999,1.47162,1.47241
2024-03-27 13:00:00,1.4723899999999999,1.47263,1.47085,1.47115
2024-03-27 14:00:00,1.4712,1.47177,1.47074,1.47156
2024-03-27 15:00:00,1.47157,1.47161,1.46928,1.4693
2024-03-27 16:00:00,1.46929,1.46962,1.46791,1.4693
2024-03-27 17:00:00,1.46929,1.47052,1.46924,1.47014
2024-03-27 18:00:00,1.47011,1.47076,1.46977,1.47004
2024-03-27 19:00:00,1.47008,1.47032,1.4693800000000001,1.46971
2024-03-27 20:00:00,1.46971,1.47005,1.4687299999999999,1.4690400000000001
2024-03-27 21:00:00,1.46902,1.4693399999999999,1.46853,1.46917
2024-03-27 22:00:00,1.46916,1.46942,1.46858,1.46874
2024-03-27 23:00:00,1.4687700000000001,1.4689,1.46769,1.46858
2024-03-28 00:00:00,1.46867,1.46933,1.46779,1.46881
2024-03-28 01:00:00,1.46878,1.46912,1.46859,1.46884
2024-03-28 02:00:00,1.46883,1.46981,1.46875,1.46933
2024-03-28 03:00:00,1.46933,1.46981,1.46923,1.46954
2024-03-28 04:00:00,1.46955,1.4696,1.46874,1.46915
2024-03-28 05:00:00,1.46916,1.46936,1.4689999999999999,1.46927
2024-03-28 06:00:00,1.46927,1.46939,1.46912,1.46926
2024-03-28 07:00:00,1.46927,1.46981,1.46913,1.46966
2024-03-28 08:00:00,1.46966,1.46975,1.46905,1.46918
2024-03-28 09:00:00,1.46919,1.46945,1.46803,1.4681199999999999
2024-03-28 10:00:00,1.46807,1.46827,1.46723,1.468
2024-03-28 11:00:00,1.468,1.4680900000000001,1.46659,1.46671
2024-03-28 12:00:00,1.46671,1.46734,1.46642,1.46696
2024-03-28 13:00:00,1.46695,1.46722,1.4656799999999999,1.46619
2024-03-28 14:00:00,1.4662,1.46676,1.46508,1.46666
2024-03-28 15:00:00,1.46666,1.46742,1.46539,1.46539
2024-03-28 16:00:00,1.4653399999999999,1.46593,1.46309,1.46356
2024-03-28 17:00:00,1.46352,1.46353,1.46129,1.46147
2024-03-28 18:00:00,1.4615,1.4623,1.46093,1.46181
2024-03-28 19:00:00,1.46178,1.46204,1.46098,1.46143
2024-03-28 20:00:00,1.4614,1.46155,1.46037,1.4605000000000001
2024-03-28 21:00:00,1.4605000000000001,1.4613399999999999,1.46049,1.4610699999999999
2024-03-28 22:00:00,1.46105,1.46156,1.4602,1.46063
2024-03-28 23:00:00,1.46085,1.4611100000000001,1.45855,1.46052
2024-03-29 00:00:00,1.46052,1.46099,1.45959,1.45983
2024-03-29 01:00:00,1.45959,1.46072,1.45936,1.46052
2024-03-29 02:00:00,1.46052,1.46089,1.45975,1.4598200000000001
2024-03-29 03:00:00,1.45983,1.46018,1.45891,1.4589400000000001
2024-03-29 04:00:00,1.4589400000000001,1.45919,1.45841,1.4591
2024-03-29 05:00:00,1.45909,1.45923,1.45875,1.45877
2024-03-29 06:00:00,1.45877,1.4604599999999999,1.45874,1.46035
2024-03-29 07:00:00,1.46037,1.4605299999999999,1.46003,1.46015
2024-03-29 08:00:00,1.46018,1.46129,1.46005,1.46064
2024-03-29 09:00:00,1.46066,1.46121,1.45898,1.45971
2024-03-29 10:00:00,1.45971,1.46049,1.45917,1.4604300000000001
2024-03-29 11:00:00,1.4604300000000001,1.46091,1.45975,1.46091
2024-03-29 12:00:00,1.46091,1.4618,1.4607999999999999,1.46148
2024-03-29 13:00:00,1.46149,1.4622600000000001,1.46086,1.46183
2024-03-29 14:00:00,1.46179,1.46323,1.46038,1.4622899999999999
2024-03-29 15:00:00,1.4622899999999999,1.46326,1.46173,1.4625
2024-03-29 16:00:00,1.4625,1.46255,1.46185,1.46197
2024-03-29 17:00:00,1.46197,1.4619900000000001,1.46038,1.46131
2024-03-29 18:00:00,1.4613399999999999,1.46148,1.46062,1.4607299999999999
2024-03-29 19:00:00,1.46072,1.46097,1.46052,1.46081
2024-03-29 20:00:00,1.46082,1.46144,1.46079,1.46132
2024-03-29 21:00:00,1.46132,1.46212,1.46113,1.46142
2024-03-29 22:00:00,1.46142,1.46223,1.46015,1.46057
2024-04-01 00:00:00,1.4582,1.4619,1.4582,1.46088
2024-04-01 01:00:00,1.4595099999999999,1.4604599999999999,1.45866,1.4595
2024-04-01 02:00:00,1.4595,1.45984,1.45914,1.45937
2024-04-01 03:00:00,1.45937,1.45966,1.4589400000000001,1.4592800000000001
2024-04-01 04:00:00,1.4592800000000001,1.45975,1.45908,1.45929
2024-04-01 05:00:00,1.45929,1.45959,1.45909,1.45925
2024-04-01 06:00:00,1.45925,1.4595,1.45918,1.4593099999999999
2024-04-01 07:00:00,1.4593099999999999,1.45948,1.45918,1.4592800000000001
2024-04-01 08:00:00,1.45929,1.45953,1.4592,1.45942
2024-04-01 09:00:00,1.45939,1.45976,1.45882,1.4589699999999999
2024-04-01 10:00:00,1.45898,1.45987,1.45877,1.4592100000000001
2024-04-01 11:00:00,1.4592,1.46,1.45896,1.45965
2024-04-01 12:00:00,1.45965,1.4597,1.45916,1.4593
2024-04-01 13:00:00,1.4593,1.4598200000000001,1.45899,1.45974
2024-04-01 14:00:00,1.45971,1.46132,1.45949,1.46126
2024-04-01 15:00:00,1.46126,1.46265,1.46126,1.46188
2024-04-01 16:00:00,1.46187,1.46187,1.45979,1.45979
2024-04-01 17:00:00,1.4595,1.46075,1.45785,1.45817
2024-04-01 18:00:00,1.45816,1.45855,1.4571399999999999,1.45758
2024-04-01 19:00:00,1.45758,1.4577,1.45694,1.45757
2024-04-01 20:00:00,1.45758,1.4592800000000001,1.45758,1.45853
2024-04-01 21:00:00,1.45853,1.45913,1.4583300000000001,1.4584
2024-04-01 22:00:00,1.4584,1.4589400000000001,1.458,1.45804
2024-04-01 23:00:00,1.45804,1.45825,1.45751,1.45764
2024-04-02 00:00:00,1.45771,1.45804,1.45602,1.45783
2024-04-02 01:00:00,1.45783,1.45823,1.45759,1.45781
2024-04-02 02:00:00,1.45783,1.45791,1.45727,1.4574
2024-04-02 03:00:00,1.4574,1.45771,1.45678,1.45747
2024-04-02 04:00:00,1.45747,1.45752,1.45657,1.45669
2024-04-02 05:00:00,1.45667,1.45724,1.45649,1.45706
2024-04-02 06:00:00,1.45705,1.45722,1.45679,1.45705
2024-04-02 07:00:00,1.4570699999999999,1.45761,1.457,1.4575
2024-04-02 08:00:00,1.4574799999999999,1.45779,1.45681,1.4568699999999999
2024-04-02 09:00:00,1.45686,1.45713,1.45599,1.45625
2024-04-02 10:00:00,1.45625,1.45756,1.45576,1.4574799999999999
2024-04-02 11:00:00,1.45731,1.45731,1.45457,1.45556
2024-04-02 12:00:00,1.4555799999999999,1.45683,1.45554,1.45666
2024-04-02 13:00:00,1.45665,1.45732,1.45655,1.4573
2024-04-02 14:00:00,1.4573,1.4582600000000001,1.45713,1.45814
2024-04-02 15:00:00,1.45804,1.45882,1.45731,1.45871
2024-04-02 16:00:00,1.45871,1.46205,1.45871,1.46112
2024-04-02 17:00:00,1.46086,1.46234,1.46086,1.46159
2024-04-02 18:00:00,1.4616,1.46246,1.46132,1.46149
2024-04-02 19:00:00,1.46149,1.46195,1.46116,1.46132
2024-04-02 20:00:00,1.46131,1.46155,1.4611,1.4614099999999999
2024-04-02 21:00:00,1.4614099999999999,1.46156,1.46079,1.46093
2024-04-02 22:00:00,1.46099,1.46143,1.46044,1.4614
2024-04-02 23:00:00,1.4614099999999999,1.46154,1.46044,1.46085
2024-04-03 00:00:00,1.4609,1.46119,1.45976,1.46101
2024-04-03 01:00:00,1.46096,1.46102,1.46047,1.46047
2024-04-03 02:00:00,1.46047,1.46074,1.46039,1.4606
2024-04-03 03:00:00,1.4606,1.46139,1.46056,1.4613399999999999
2024-04-03 04:00:00,1.4613399999999999,1.46196,1.46095,1.46196
2024-04-03 05:00:00,1.46196,1.46228,1.4617200000000001,1.46213
2024-04-03 06:00:00,1.46213,1.46243,1.46162,1.46171
2024-04-03 07:00:00,1.46171,1.46205,1.46149,1.46182
2024-04-03 08:00:00,1.4618,1.46225,1.4618,1.46222
2024-04-03 09:00:00,1.46224,1.46255,1.4616799999999999,1.4616799999999999
2024-04-03 10:00:00,1.46167,1.46268,1.46118,1.46242
2024-04-03 11:00:00,1.46241,1.46391,1.46234,1.46283
2024-04-03 12:00:00,1.46271,1.46306,1.46142,1.46164
2024-04-03 13:00:00,1.46162,1.46291,1.46156,1.4626700000000001
2024-04-03 14:00:00,1.4626700000000001,1.4635,1.46237,1.46269
2024-04-03 15:00:00,1.46266,1.46322,1.46176,1.4622899999999999
2024-04-03 16:00:00,1.4623,1.4638499999999999,1.46153,1.46166
2024-04-03 17:00:00,1.46204,1.4632,1.4617200000000001,1.46295
2024-04-03 18:00:00,1.4629400000000001,1.46424,1.4625,1.464
2024-04-03 19:00:00,1.464,1.46563,1.4638200000000001,1.4653399999999999
2024-04-03 20:00:00,1.46535,1.46539,1.46486,1.4651399999999999
2024-04-03 21:00:00,1.46516,1.4660199999999999,1.46498,1.4659200000000001
2024-04-03 22:00:00,1.46591,1.4663300000000001,1.4656,1.4660199999999999
2024-04-03 23:00:00,1.46601,1.46606,1.46554,1.46557
2024-04-04 00:00:00,1.46564,1.46584,1.46425,1.46532
2024-04-04 01:00:00,1.4653100000000001,1.4659900000000001,1.4653100000000001,1.46588
2024-04-04 02:00:00,1.4659,1.46593,1.46551,1.46564
2024-04-04 03:00:00,1.46562,1.46581,1.46535,1.46561
2024-04-04 04:00:00,1.46561,1.4656500000000001,1.4651,1.4653399999999999
2024-04-04 05:00:00,1.46533,1.46564,1.46516,1.46549
2024-04-04 06:00:00,1.46549,1.46549,1.46512,1.46526
2024-04-04 07:00:00,1.46526,1.46553,1.4651,1.4653100000000001
2024-04-04 08:00:00,1.4653100000000001,1.46549,1.46503,1.46508
2024-04-04 09:00:00,1.4650699999999999,1.4653100000000001,1.46448,1.4645000000000001
2024-04-04 10:00:00,1.4645000000000001,1.46693,1.46438,1.46692
2024-04-04 11:00:00,1.46684,1.46684,1.46556,1.46674
2024-04-04 12:00:00,1.46674,1.46684,1.4657,1.4659499999999999
2024-04-04 13:00:00,1.46593,1.46614,1.46548,1.46578
2024-04-04 14:00:00,1.46578,1.4662600000000001,1.4651399999999999,1.46525
2024-04-04 15:00:00,1.46525,1.46579,1.4647700000000001,1.46578
2024-04-04 16:00:00,1.46578,1.46639,1.46491,1.4659499999999999
2024-04-04 17:00:00,1.4659499999999999,1.46634,1.46543,1.46564
2024-04-04 18:00:00,1.46561,1.46632,1.46559,1.46615
2024-04-04 19:00:00,1.46615,1.46661,1.46589,1.46591
2024-04-04 20:00:00,1.46591,1.46707,1.46576,1.46703
2024-04-04 21:00:00,1.46703,1.4693800000000001,1.4666000000000001,1.46883
2024-04-04 22:00:00,1.46882,1.4693100000000001,1.46811,1.46818
2024-04-04 23:00:00,1.4681899999999999,1.4681899999999999,1.46727,1.46738
2024-04-05 00:00:00,1.46739,1.46775,1.46545,1.46741
2024-04-05 01:00:00,1.46734,1.46832,1.46729,1.46791
2024-04-05 02:00:00,1.46793,1.46833,1.46753,1.4676
2024-04-05 03:00:00,1.46764,1.46901,1.46759,1.4687000000000001
2024-04-05 04:00:00,1.4687000000000001,1.46921,1.46854,1.46919
2024-04-05 05:00:00,1.46919,1.46976,1.46891,1.46946
2024-04-05 06:00:00,1.46946,1.46971,1.46916,1.46925
2024-04-05 07:00:00,1.46925,1.4695,1.46915,1.46924
2024-04-05 08:00:00,1.46924,1.46928,1.46858,1.46872
2024-04-05 09:00:00,1.4687000000000001,1.46954,1.46852,1.46935
2024-04-05 10:00:00,1.46936,1.47025,1.46898,1.46979
2024-04-05 11:00:00,1.4698,1.47076,1.46969,1.46969
2024-04-05 12:00:00,1.46969,1.46974,1.46887,1.46929
2024-04-05 13:00:00,1.46929,1.4693100000000001,1.46852,1.46887
2024-04-05 14:00:00,1.46879,1.47005,1.46853,1.46909
2024-04-05 15:00:00,1.4691100000000001,1.4734099999999999,1.46787,1.47308
2024-04-05 16:00:00,1.47309,1.47344,1.4718200000000001,1.47289
2024-04-05 17:00:00,1.47285,1.47421,1.47119,1.47147
2024-04-05 18:00:00,1.47152,1.4730699999999999,1.47134,1.47225
2024-04-05 19:00:00,1.47225,1.47266,1.4713,1.47197
2024-04-05 20:00:00,1.47194,1.47265,1.47164,1.47165
2024-04-05 21:00:00,1.47165,1.47275,1.4716,1.47242
2024-04-05 22:00:00,1.4724300000000001,1.47281,1.47214,1.4724599999999999
2024-04-05 23:00:00,1.47248,1.47298,1.4721899999999999,1.47228
2024-04-08 00:00:00,1.4727999999999999,1.47316,1.47183,1.47311
2024-04-08 01:00:00,1.47326,1.47342,1.47262,1.47276
2024-04-08 02:00:00,1.47276,1.47337,1.4727000000000001,1.47326
2024-04-08 03:00:00,1.47326,1.47418,1.47305,1.4737
2024-04-08 04:00:00,1.4737,1.47403,1.47332,1.47333
2024-04-08 05:00:00,1.47333,1.47343,1.47264,1.47287
2024-04-08 06:00:00,1.47287,1.47381,1.47282,1.4735
2024-04-08 07:00:00,1.4735,1.47382,1.47325,1.47327
2024-04-08 08:00:00,1.47327,1.47374,1.47309,1.47371
2024-04-08 09:00:00,1.47371,1.47382,1.47275,1.4733800000000001
2024-04-08 10:00:00,1.47339,1.47369,1.47228,1.47257
2024-04-08 11:00:00,1.47257,1.47293,1.4716,1.4717500000000001
2024-04-08 12:00:00,1.4717500000000001,1.47235,1.47145,1.47223
2024-04-08 13:00:00,1.4722,1.4727299999999999,1.47177,1.47183
2024-04-08 14:00:00,1.47184,1.47217,1.47138,1.47156
2024-04-08 15:00:00,1.47159,1.47189,1.4711,1.47153
2024-04-08 16:00:00,1.4715099999999999,1.47418,1.47103,1.4740199999999999
2024-04-08 17:00:00,1.47406,1.47507,1.47356,1.47418
2024-04-08 18:00:00,1.47425,1.47459,1.4736,1.47424
2024-04-08 19:00:00,1.47424,1.4746299999999999,1.47342,1.47374
2024-04-08 20:00:00,1.47374,1.47435,1.47367,1.47412
2024-04-08 21:00:00,1.4741,1.47438,1.47377,1.4739900000000001
2024-04-08 22:00:00,1.47396,1.4741900000000001,1.47362,1.474
2024-04-08 23:00:00,1.47401,1.47412,1.4735,1.47371
2024-04-09 00:00:00,1.47366,1.47416,1.47251,1.4740199999999999
2024-04-09 01:00:00,1.4740199999999999,1.47412,1.4736099999999999,1.47379
2024-04-09 02:00:00,1.47379,1.47415,1.4736099999999999,1.4739900000000001
2024-04-09 03:00:00,1.4739900000000001,1.47404,1.47356,1.47376
2024-04-09 04:00:00,1.47377,1.47446,1.47369,1.47446
2024-04-09 05:00:00,1.47444,1.4745599999999999,1.4741,1.47444
2024-04-09 06:00:00,1.47443,1.47461,1.47425,1.47445
2024-04-09 07:00:00,1.47444,1.47448,1.4739900000000001,1.47405
2024-04-09 08:00:00,1.47406,1.47455,1.47378,1.47407
2024-04-09 09:00:00,1.47408,1.47435,1.47342,1.47359
2024-04-09 10:00:00,1.4736,1.4745300000000001,1.47353,1.47372
2024-04-09 11:00:00,1.47375,1.47408,1.4734099999999999,1.47364
2024-04-09 12:00:00,1.47372,1.4742199999999999,1.47315,1.47401
2024-04-09 13:00:00,1.47403,1.47471,1.47386,1.47452
2024-04-09 14:00:00,1.47452,1.4755,1.4743,1.47451
2024-04-09 15:00:00,1.47452,1.47633,1.47447,1.47592
2024-04-09 16:00:00,1.47591,1.47637,1.4743,1.47565
2024-04-09 17:00:00,1.47566,1.47633,1.47414,1.47572
2024-04-09 18:00:00,1.47572,1.47596,1.47434,1.47452
2024-04-09 19:00:00,1.47452,1.47486,1.47413,1.4745
2024-04-09 20:00:00,1.4745,1.47458,1.4739900000000001,1.47441
2024-04-09 21:00:00,1.47442,1.4745599999999999,1.47385,1.47409
2024-04-09 22:00:00,1.47408,1.47418,1.47327,1.4733800000000001
2024-04-09 23:00:00,1.4733800000000001,1.47357,1.47309,1.47318
2024-04-10 00:00:00,1.47323,1.47349,1.47221,1.47345
2024-04-10 01:00:00,1.47336,1.47377,1.47322,1.4736799999999999
2024-04-10 02:00:00,1.47372,1.47393,1.47359,1.47383
2024-04-10 03:00:00,1.47381,1.47381,1.4727700000000001,1.47295
2024-04-10 04:00:00,1.47295,1.47322,1.47229,1.47233
2024-04-10 05:00:00,1.47232,1.47256,1.47204,1.47235
2024-04-10 06:00:00,1.4723600000000001,1.47269,1.47204,1.47265
2024-04-10 07:00:00,1.47265,1.4727000000000001,1.47226,1.47258
2024-04-10 08:00:00,1.47258,1.47276,1.4721899999999999,1.4725
2024-04-10 09:00:00,1.4725,1.47265,1.47142,1.47171
2024-04-10 10:00:00,1.47174,1.47245,1.4717,1.47218
2024-04-10 11:00:00,1.4721899999999999,1.47311,1.4717500000000001,1.47301
2024-04-10 12:00:00,1.47301,1.47391,1.47264,1.47337
2024-04-10 13:00:00,1.4734,1.47356,1.4727299999999999,1.47274
2024-04-10 14:00:00,1.47275,1.47335,1.47226,1.47241
2024-04-10 15:00:00,1.47241,1.47366,1.47045,1.47137
2024-04-10 16:00:00,1.47137,1.4721600000000001,1.46684,1.46788
2024-04-10 17:00:00,1.46779,1.47082,1.46741,1.47028
2024-04-10 18:00:00,1.4702899999999999,1.47165,1.46955,1.46991
2024-04-10 19:00:00,1.46991,1.47051,1.4693399999999999,1.4696
2024-04-10 20:00:00,1.46961,1.47102,1.46949,1.47039
2024-04-10 21:00:00,1.47014,1.47076,1.46985,1.47001
2024-04-10 22:00:00,1.47001,1.47012,1.46916,1.46945
2024-04-10 23:00:00,1.46942,1.46983,1.46928,1.46954
2024-04-11 00:00:00,1.46958,1.47003,1.46703,1.46951
2024-04-11 01:00:00,1.46942,1.47017,1.46942,1.47007
2024-04-11 02:00:00,1.47008,1.47037,1.4700199999999999,1.47018
2024-04-11 03:00:00,1.47019,1.47069,1.47005,1.47032
2024-04-11 04:00:00,1.47031,1.47065,1.47015,1.47045
2024-04-11 05:00:00,1.47045,1.47051,1.4699499999999999,1.4701
2024-04-11 06:00:00,1.4701,1.4702600000000001,1.46978,1.46981
2024-04-11 07:00:00,1.4698,1.46994,1.46957,1.4696799999999999
2024-04-11 08:00:00,1.46969,1.4697200000000001,1.46927,1.46939
2024-04-11 09:00:00,1.4693800000000001,1.46975,1.4687000000000001,1.46879
2024-04-11 10:00:00,1.4687700000000001,1.47014,1.46863,1.46959
2024-04-11 11:00:00,1.46959,1.4703300000000001,1.46933,1.46982
2024-04-11 12:00:00,1.46981,1.46991,1.46858,1.4687999999999999
2024-04-11 13:00:00,1.46879,1.46919,1.46837,1.46849
2024-04-11 14:00:00,1.46847,1.46891,1.46835,1.46878
2024-04-11 15:00:00,1.4687700000000001,1.46946,1.46671,1.46825
2024-04-11 16:00:00,1.46823,1.47043,1.46706,1.4698
2024-04-11 17:00:00,1.4698,1.47046,1.46788,1.46834
2024-04-11 18:00:00,1.46833,1.46984,1.46797,1.46939
2024-04-11 19:00:00,1.46942,1.46955,1.4683899999999999,1.46854
2024-04-11 20:00:00,1.46854,1.46874,1.46709,1.4677
2024-04-11 21:00:00,1.46768,1.46793,1.46734,1.46772
2024-04-11 22:00:00,1.46772,1.46791,1.4672399999999999,1.46787
2024-04-11 23:00:00,1.46787,1.46822,1.46749,1.46806
2024-04-12 00:00:00,1.4680900000000001,1.46853,1.46759,1.4684300000000001
2024-04-12 01:00:00,1.4684599999999999,1.4684599999999999,1.46793,1.46825
2024-04-12 02:00:00,1.46825,1.46837,1.46772,1.46802
2024-04-12 03:00:00,1.46803,1.46829,1.4675500000000001,1.46789
2024-04-12 04:00:00,1.46789,1.46831,1.46752,1.4676
2024-04-12 05:00:00,1.46761,1.4684300000000001,1.4675799999999999,1.4683899999999999
2024-04-12 06:00:00,1.4683899999999999,1.46847,1.46807,1.46831
2024-04-12 07:00:00,1.46831,1.46854,1.46803,1.46827
2024-04-12 08:00:00,1.46827,1.46854,1.46811,1.46836
2024-04-12 09:00:00,1.46837,1.46845,1.46558,1.46581
2024-04-12 10:00:00,1.4662600000000001,1.4664,1.465,1.46614
2024-04-12 11:00:00,1.46619,1.46621,1.46509,1.46577
2024-04-12 12:00:00,1.46577,1.46617,1.46369,1.46393
2024-04-12 13:00:00,1.46393,1.46437,1.46317,1.4637
2024-04-12 14:00:00,1.4637,1.4647000000000001,1.4637,1.4641
2024-04-12 15:00:00,1.4641,1.46459,1.46337,1.4641899999999999
2024-04-12 16:00:00,1.4642,1.46439,1.46186,1.46352
2024-04-12 17:00:00,1.46359,1.46422,1.46231,1.46231
2024-04-12 18:00:00,1.46225,1.4653100000000001,1.46178,1.46467
2024-04-12 19:00:00,1.46467,1.4657,1.46404,1.46566
2024-04-12 20:00:00,1.46566,1.4663300000000001,1.46549,1.466
2024-04-12 21:00:00,1.466,1.46666,1.46583,1.4663300000000001
2024-04-12 22:00:00,1.46632,1.46666,1.46539,1.4655
2024-04-12 23:00:00,1.46545,1.46616,1.46515,1.46537
2024-04-15 00:00:00,1.4649,1.4653,1.46376,1.46394
2024-04-15 01:00:00,1.46395,1.46628,1.46395,1.46549
2024-04-15 02:00:00,1.46549,1.46549,1.46466,1.4647700000000001
2024-04-15 03:00:00,1.4647700000000001,1.4658,1.46444,1.46556
2024-04-15 04:00:00,1.46555,1.4665,1.46549,1.46579
2024-04-15 05:00:00,1.46579,1.46594,1.46529,1.46553
2024-04-15 06:00:00,1.46553,1.46556,1.4650400000000001,1.46546
2024-04-15 07:00:00,1.46545,1.46557,1.46513,1.4651399999999999
2024-04-15 08:00:00,1.46513,1.46553,1.46497,1.46527
2024-04-15 09:00:00,1.46526,1.4659,1.46451,1.4650699999999999
2024-04-15 10:00:00,1.4650699999999999,1.46607,1.46495,1.46518
2024-04-15 11:00:00,1.46515,1.46537,1.4635799999999999,1.46391
2024-04-15 12:00:00,1.46393,1.46484,1.4638,1.46402
2024-04-15 13:00:00,1.46402,1.46445,1.46362,1.4641600000000001
2024-04-15 14:00:00,1.46414,1.46533,1.46383,1.4641199999999999
2024-04-15 15:00:00,1.4641,1.46462,1.46198,1.46258
2024-04-15 16:00:00,1.46257,1.46356,1.46137,1.4614500000000001
2024-04-15 17:00:00,1.46144,1.46345,1.46117,1.46307
2024-04-15 18:00:00,1.46309,1.464,1.4629400000000001,1.46367
2024-04-15 19:00:00,1.46366,1.46439,1.46344,1.46364
2024-04-15 20:00:00,1.46367,1.46437,1.46339,1.4638900000000001
2024-04-15 21:00:00,1.4638900000000001,1.46523,1.4638200000000001,1.46522
2024-04-15 22:00:00,1.46522,1.46528,1.4645000000000001,1.46478
2024-04-15 23:00:00,1.46481,1.46516,1.46436,1.46475
2024-04-16 00:00:00,1.46479,1.46484,1.46411,1.4647999999999999
2024-04-16 01:00:00,1.46482,1.46509,1.46463,1.46483
2024-04-16 02:00:00,1.46483,1.4650400000000001,1.4647299999999999,1.4647700000000001
2024-04-16 03:00:00,1.46478,1.46508,1.4644300000000001,1.46475
2024-04-16 04:00:00,1.46474,1.46537,1.46396,1.46499
2024-04-16 05:00:00,1.46499,1.46547,1.46459,1.46478
2024-04-16 06:00:00,1.46479,1.46519,1.4645299999999999,1.46463
2024-04-16 07:00:00,1.46463,1.46476,1.46441,1.46445
2024-04-16 08:00:00,1.46444,1.46471,1.46417,1.46459
2024-04-16 09:00:00,1.46457,1.46509,1.46375,1.46482
2024-04-16 10:00:00,1.46482,1.4650400000000001,1.464,1.46471
2024-04-16 11:00:00,1.46474,1.46566,1.46415,1.46469
2024-04-16 12:00:00,1.46474,1.46634,1.46474,1.4659200000000001
2024-04-16 13:00:00,1.4659200000000001,1.46654,1.46586,1.46605
2024-04-16 14:00:00,1.46606,1.46665,1.46582,1.46611
2024-04-16 15:00:00,1.46611,1.47172,1.46586,1.4699499999999999
2024-04-16 16:00:00,1.46994,1.47172,1.46948,1.4713
2024-04-16 17:00:00,1.47132,1.47291,1.46982,1.47005
2024-04-16 18:00:00,1.47007,1.4703300000000001,1.46808,1.46937
2024-04-16 19:00:00,1.46936,1.46936,1.4679,1.46858
2024-04-16 20:00:00,1.46855,1.46872,1.46729,1.46779
2024-04-16 21:00:00,1.4677799999999999,1.4684300000000001,1.46736,1.46805
2024-04-16 22:00:00,1.46802,1.4682,1.46731,1.46765
2024-04-16 23:00:00,1.46766,1.46863,1.46753,1.4681899999999999
2024-04-17 00:00:00,1.4682,1.46855,1.46553,1.46789
2024-04-17 01:00:00,1.46794,1.46822,1.46696,1.46788
2024-04-17 02:00:00,1.46788,1.46828,1.46756,1.46769
2024-04-17 03:00:00,1.46768,1.46834,1.46729,1.4681899999999999
2024-04-17 04:00:00,1.46821,1.46855,1.46799,1.46832
2024-04-17 05:00:00,1.46831,1.46898,1.46828,1.46888
2024-04-17 06:00:00,1.46888,1.46894,1.46853,1.46856
2024-04-17 07:00:00,1.46857,1.4689,1.46831,1.46834
2024-04-17 08:00:00,1.46835,1.46845,1.46747,1.4677
2024-04-17 09:00:00,1.46765,1.46878,1.46733,1.46824
2024-04-17 10:00:00,1.46826,1.46905,1.4675,1.46779
2024-04-17 11:00:00,1.4678,1.4699200000000001,1.46766,1.4689999999999999
2024-04-17 12:00:00,1.46905,1.46971,1.46886,1.46912
2024-04-17 13:00:00,1.46912,1.4696500000000001,1.46887,1.46917
2024-04-17 14:00:00,1.46917,1.46982,1.4683,1.46871
2024-04-17 15:00:00,1.4687299999999999,1.46958,1.46813,1.46842
2024-04-17 16:00:00,1.4684,1.46936,1.46716,1.4674
2024-04-17 17:00:00,1.46739,1.46857,1.46688,1.46826
2024-04-17 18:00:00,1.46824,1.46943,1.46757,1.46929
2024-04-17 19:00:00,1.46927,1.47104,1.46917,1.47019
2024-04-17 20:00:00,1.47015,1.4702899999999999,1.46919,1.46981
2024-04-17 21:00:00,1.46981,1.47009,1.46895,1.46939
2024-04-17 22:00:00,1.46935,1.46997,1.46918,1.46956
2024-04-17 23:00:00,1.46958,1.4699499999999999,1.46946,1.46975
2024-04-18 00:00:00,1.46975,1.46994,1.46848,1.46926
2024-04-18 01:00:00,1.46925,1.46982,1.46925,1.4696799999999999
2024-04-18 02:00:00,1.46969,1.46975,1.46913,1.46922
2024-04-18 03:00:00,1.4692,1.4693,1.4687700000000001,1.46909
2024-04-18 04:00:00,1.46909,1.46918,1.46826,1.46876
2024-04-18 05:00:00,1.46875,1.46889,1.46817,1.46874
2024-04-18 06:00:00,1.46874,1.46881,1.46833,1.4684
2024-04-18 07:00:00,1.4684,1.46855,1.4681899999999999,1.46852
2024-04-18 08:00:00,1.46852,1.46905,1.46848,1.46876
2024-04-18 09:00:00,1.46882,1.4693100000000001,1.46859,1.46881
2024-04-18 10:00:00,1.46879,1.46969,1.46872,1.46935
2024-04-18 11:00:00,1.46936,1.46951,1.46811,1.46862
2024-04-18 12:00:00,1.46863,1.46929,1.4678,1.46792
2024-04-18 13:00:00,1.46793,1.46872,1.4679,1.46869
2024-04-18 14:00:00,1.46869,1.46893,1.4674800000000001,1.4682
2024-04-18 15:00:00,1.46822,1.46874,1.46657,1.46658
2024-04-18 16:00:00,1.46657,1.46723,1.4654,1.46579
2024-04-18 17:00:00,1.46579,1.4669400000000001,1.4653399999999999,1.46545
2024-04-18 18:00:00,1.46545,1.46675,1.4653800000000001,1.46639
2024-04-18 19:00:00,1.46637,1.46673,1.46594,1.46628
2024-04-18 20:00:00,1.46628,1.46709,1.46624,1.46681
2024-04-18 21:00:00,1.46681,1.46698,1.46593,1.46619
2024-04-18 22:00:00,1.46619,1.4662600000000001,1.46512,1.4653
2024-04-18 23:00:00,1.46532,1.4655,1.46496,1.46505
2024-04-19 00:00:00,1.4650699999999999,1.46542,1.46401,1.46525
2024-04-19 01:00:00,1.46525,1.46535,1.46498,1.4653399999999999
2024-04-19 02:00:00,1.46532,1.46563,1.46526,1.46548
2024-04-19 03:00:00,1.46548,1.46647,1.4653399999999999,1.46587
2024-04-19 04:00:00,1.46587,1.46596,1.46394,1.46441
2024-04-19 05:00:00,1.46442,1.46559,1.4642,1.4647299999999999
2024-04-19 06:00:00,1.4647299999999999,1.46591,1.46438,1.46555
2024-04-19 07:00:00,1.46555,1.46585,1.4651399999999999,1.4652
2024-04-19 08:00:00,1.4652,1.46561,1.46458,1.46488
2024-04-19 09:00:00,1.46488,1.46623,1.46474,1.46506
2024-04-19 10:00:00,1.46506,1.4653100000000001,1.46414,1.46483
2024-04-19 11:00:00,1.46483,1.46559,1.46472,1.46492
2024-04-19 12:00:00,1.46495,1.46671,1.46471,1.46637
2024-04-19 13:00:00,1.46637,1.46728,1.4659200000000001,1.46608
2024-04-19 14:00:00,1.46609,1.4666000000000001,1.46566,1.46601
2024-04-19 15:00:00,1.46604,1.46746,1.46562,1.4672
2024-04-19 16:00:00,1.46722,1.46802,1.46628,1.46651
2024-04-19 17:00:00,1.46648,1.46648,1.46465,1.46487
2024-04-19 18:00:00,1.46482,1.46589,1.46402,1.46434
2024-04-19 19:00:00,1.46434,1.46509,1.46387,1.46391
2024-04-19 20:00:00,1.4639,1.46465,1.46388,1.46418
2024-04-19 21:00:00,1.4642,1.46498,1.46413,1.46463
2024-04-19 22:00:00,1.46462,1.46505,1.46433,1.46495
2024-04-19 23:00:00,1.46496,1.46533,1.46475,1.465
2024-04-22 00:00:00,1.4639,1.46524,1.46235,1.4647999999999999
2024-04-22 01:00:00,1.46474,1.46526,1.46444,1.46502
2024-04-22 02:00:00,1.4650699999999999,1.46517,1.4641899999999999,1.4642
2024-04-22 03:00:00,1.46422,1.46435,1.46334,1.46381
2024-04-22 04:00:00,1.46381,1.4641899999999999,1.46335,1.4635500000000001
2024-04-22 05:00:00,1.4635500000000001,1.46371,1.46323,1.46342
2024-04-22 06:00:00,1.46342,1.46377,1.4632399999999999,1.4635099999999999
2024-04-22 07:00:00,1.4635099999999999,1.4642,1.46337,1.46406
2024-04-22 08:00:00,1.46407,1.46457,1.46359,1.46383
2024-04-22 09:00:00,1.4638499999999999,1.46394,1.46264,1.46352
2024-04-22 10:00:00,1.46352,1.46421,1.46301,1.46395
2024-04-22 11:00:00,1.46395,1.46403,1.4623599999999999,1.46303
2024-04-22 12:00:00,1.46302,1.4632,1.46139,1.4616
2024-04-22 13:00:00,1.46161,1.46181,1.46099,1.46117
2024-04-22 14:00:00,1.46116,1.4614500000000001,1.4586000000000001,1.45875
2024-04-22 15:00:00,1.45874,1.46079,1.45854,1.46054
2024-04-22 16:00:00,1.46054,1.46102,1.45954,1.46006
2024-04-22 17:00:00,1.46004,1.46094,1.45915,1.46094
2024-04-22 18:00:00,1.46092,1.46158,1.46038,1.46098
2024-04-22 19:00:00,1.46096,1.46116,1.45981,1.45994
2024-04-22 20:00:00,1.45994,1.46042,1.4594,1.45987
2024-04-22 21:00:00,1.45987,1.45995,1.4589400000000001,1.45953
2024-04-22 22:00:00,1.45953,1.4597,1.45918,1.45948
2024-04-22 23:00:00,1.45946,1.45971,1.45925,1.45942
2024-04-23 00:00:00,1.45948,1.45953,1.45751,1.45879
2024-04-23 01:00:00,1.4588,1.45956,1.45879,1.45946
2024-04-23 02:00:00,1.45945,1.45971,1.4594,1.4595099999999999
2024-04-23 03:00:00,1.4595099999999999,1.45968,1.45937,1.4595099999999999
2024-04-23 04:00:00,1.4595099999999999,1.46004,1.45923,1.45996
2024-04-23 05:00:00,1.45994,1.46008,1.4595,1.4595500000000001
2024-04-23 06:00:00,1.45957,1.45993,1.45927,1.45984
2024-04-23 07:00:00,1.4598499999999999,1.4599199999999999,1.45949,1.45952
2024-04-23 08:00:00,1.45952,1.45965,1.45907,1.45908
2024-04-23 09:00:00,1.4591,1.4593099999999999,1.45798,1.45881
2024-04-23 10:00:00,1.45879,1.46433,1.45875,1.46292
2024-04-23 11:00:00,1.46268,1.4632399999999999,1.46207,1.4627
2024-04-23 12:00:00,1.4627,1.4627,1.46116,1.46133
2024-04-23 13:00:00,1.4613399999999999,1.46159,1.4601199999999999,1.46024
2024-04-23 14:00:00,1.46024,1.46326,1.46023,1.46282
2024-04-23 15:00:00,1.46283,1.463,1.46072,1.46137
2024-04-23 16:00:00,1.4613399999999999,1.4635799999999999,1.4603,1.46228
2024-04-23 17:00:00,1.46228,1.46342,1.46118,1.46212
2024-04-23 18:00:00,1.4621,1.46334,1.46182,1.46255
2024-04-23 19:00:00,1.4626000000000001,1.46303,1.46213,1.46241
2024-04-23 20:00:00,1.46242,1.4628999999999999,1.46213,1.46227
2024-04-23 21:00:00,1.46228,1.46266,1.46208,1.46222
2024-04-23 22:00:00,1.46222,1.46242,1.46197,1.4620600000000001
2024-04-23 23:00:00,1.4620600000000001,1.4623300000000001,1.46182,1.46197
2024-04-24 00:00:00,1.46203,1.46252,1.46064,1.46173
2024-04-24 01:00:00,1.4619900000000001,1.46241,1.46192,1.4623300000000001
2024-04-24 02:00:00,1.46234,1.46234,1.46174,1.46208
2024-04-24 03:00:00,1.46208,1.46279,1.4618,1.46271
2024-04-24 04:00:00,1.46271,1.46305,1.4623,1.46274
2024-04-24 05:00:00,1.46275,1.4629400000000001,1.46248,1.46282
2024-04-24 06:00:00,1.46283,1.46307,1.46248,1.46275
2024-04-24 07:00:00,1.46273,1.4631,1.4627,1.46281
2024-04-24 08:00:00,1.46281,1.46286,1.4619900000000001,1.46208
2024-04-24 09:00:00,1.46211,1.46262,1.46201,1.46223
2024-04-24 10:00:00,1.46221,1.46246,1.46163,1.46187
2024-04-24 11:00:00,1.46187,1.4625,1.46094,1.4614500000000001
2024-04-24 12:00:00,1.46144,1.4623,1.46127,1.46176
2024-04-24 13:00:00,1.46174,1.46296,1.46173,1.46282
2024-04-24 14:00:00,1.46271,1.46296,1.46193,1.46296
2024-04-24 15:00:00,1.46296,1.46544,1.46195,1.4653
2024-04-24 16:00:00,1.46528,1.46705,1.46466,1.46549
2024-04-24 17:00:00,1.46546,1.46681,1.4653,1.46571
2024-04-24 18:00:00,1.46571,1.46702,1.46558,1.46635
2024-04-24 19:00:00,1.46634,1.4665599999999999,1.46591,1.4663599999999999
2024-04-24 20:00:00,1.46635,1.46684,1.4651,1.46536
2024-04-24 21:00:00,1.46537,1.46577,1.46508,1.46548
2024-04-24 22:00:00,1.46549,1.46637,1.46547,1.4659900000000001
2024-04-24 23:00:00,1.4660199999999999,1.4662,1.46579,1.46588
2024-04-25 00:00:00,1.46577,1.4659200000000001,1.46323,1.46524
2024-04-25 01:00:00,1.46526,1.46621,1.4650400000000001,1.46606
2024-04-25 02:00:00,1.46607,1.46627,1.46596,1.46623
2024-04-25 03:00:00,1.46624,1.46643,1.46579,1.466
2024-04-25 04:00:00,1.46601,1.46674,1.46582,1.46671
2024-04-25 05:00:00,1.4667,1.4667,1.46607,1.46613
2024-04-25 06:00:00,1.46613,1.46634,1.46585,1.4659499999999999
2024-04-25 07:00:00,1.46596,1.4662899999999999,1.46588,1.4661
2024-04-25 08:00:00,1.4661,1.46645,1.46593,1.4663599999999999
2024-04-25 09:00:00,1.46637,1.46749,1.46637,1.4665
2024-04-25 10:00:00,1.46647,1.46688,1.46556,1.46651
2024-04-25 11:00:00,1.46649,1.46723,1.4663,1.4663599999999999
2024-04-25 12:00:00,1.46635,1.4671699999999999,1.46601,1.46692
2024-04-25 13:00:00,1.46691,1.4674800000000001,1.46678,1.46712
2024-04-25 14:00:00,1.46711,1.46719,1.4651399999999999,1.46577
2024-04-25 15:00:00,1.46578,1.46777,1.46498,1.46559
2024-04-25 16:00:00,1.46558,1.46861,1.46528,1.46836
2024-04-25 17:00:00,1.46841,1.4690699999999999,1.46746,1.46811
2024-04-25 18:00:00,1.46808,1.46833,1.46759,1.4678
2024-04-25 19:00:00,1.46779,1.46851,1.46729,1.46789
2024-04-25 20:00:00,1.46788,1.46849,1.4660199999999999,1.46611
2024-04-25 21:00:00,1.46617,1.46641,1.46547,1.46556
2024-04-25 22:00:00,1.46556,1.4659,1.4651,1.46583
2024-04-25 23:00:00,1.46579,1.4659200000000001,1.46483,1.46515
2024-04-26 00:00:00,1.46438,1.4655,1.46414,1.4651100000000001
2024-04-26 01:00:00,1.46509,1.46542,1.46492,1.46512
2024-04-26 02:00:00,1.46515,1.46524,1.46505,1.46513
2024-04-26 03:00:00,1.4651399999999999,1.46522,1.46463,1.46517
2024-04-26 04:00:00,1.46517,1.46521,1.4644,1.46452
2024-04-26 05:00:00,1.4645299999999999,1.46483,1.46432,1.46467
2024-04-26 06:00:00,1.46467,1.46467,1.4640900000000001,1.46434
2024-04-26 07:00:00,1.46437,1.46437,1.46383,1.46388
2024-04-26 08:00:00,1.4638900000000001,1.46418,1.46344,1.46364
2024-04-26 09:00:00,1.46361,1.46458,1.46344,1.46456
2024-04-26 10:00:00,1.46457,1.46493,1.46394,1.46436
2024-04-26 11:00:00,1.46426,1.46649,1.46408,1.46554
2024-04-26 12:00:00,1.46549,1.46617,1.46497,1.46548
2024-04-26 13:00:00,1.46549,1.46591,1.46494,1.46522
2024-04-26 14:00:00,1.46509,1.46557,1.4632100000000001,1.46333
2024-04-26 15:00:00,1.46332,1.46509,1.4625,1.46289
2024-04-26 16:00:00,1.46289,1.4647700000000001,1.46277,1.46286
2024-04-26 17:00:00,1.46282,1.46335,1.46081,1.46126
2024-04-26 18:00:00,1.46127,1.46256,1.46125,1.46167
2024-04-26 19:00:00,1.46169,1.46249,1.46169,1.46217
2024-04-26 20:00:00,1.4622,1.46247,1.46162,1.46169
2024-04-26 21:00:00,1.46169,1.46232,1.46135,1.46184
2024-04-26 22:00:00,1.46184,1.4622600000000001,1.46155,1.46225
2024-04-26 23:00:00,1.46225,1.46237,1.46096,1.4614099999999999
2024-04-29 00:00:00,1.4618,1.46192,1.45957,1.46154
2024-04-29 01:00:00,1.46161,1.46238,1.46117,1.46214
2024-04-29 02:00:00,1.46211,1.4623300000000001,1.46198,1.46205
2024-04-29 03:00:00,1.46205,1.4625,1.462,1.46213
2024-04-29 04:00:00,1.46213,1.4627,1.46209,1.46237
2024-04-29 05:00:00,1.46238,1.46255,1.46217,1.4623300000000001
2024-04-29 06:00:00,1.4623300000000001,1.46273,1.46232,1.4626299999999999
2024-04-29 07:00:00,1.46262,1.46354,1.46242,1.46318
2024-04-29 08:00:00,1.46318,1.46401,1.4631,1.4633
2024-04-29 09:00:00,1.4633,1.46383,1.46306,1.4633099999999999
2024-04-29 10:00:00,1.4633099999999999,1.46436,1.46253,1.46364
2024-04-29 11:00:00,1.4636,1.46436,1.46171,1.46189
2024-04-29 12:00:00,1.46189,1.46345,1.46102,1.46296
2024-04-29 13:00:00,1.46298,1.4635500000000001,1.46265,1.46318
2024-04-29 14:00:00,1.46319,1.46387,1.46209,1.4626000000000001
2024-04-29 15:00:00,1.46335,1.46445,1.46192,1.46201
2024-04-29 16:00:00,1.462,1.46261,1.46058,1.4625
2024-04-29 17:00:00,1.46252,1.46388,1.46211,1.46218
2024-04-29 18:00:00,1.46218,1.4636,1.46218,1.46288
2024-04-29 19:00:00,1.46288,1.46428,1.46283,1.46404
2024-04-29 20:00:00,1.46411,1.4644599999999999,1.46372,1.4641
2024-04-29 21:00:00,1.4641,1.46496,1.46375,1.4649
2024-04-29 22:00:00,1.4649,1.4650699999999999,1.46445,1.46469
2024-04-29 23:00:00,1.46466,1.46469,1.46414,1.4643
2024-04-30 00:00:00,1.46435,1.46469,1.46364,1.46435
2024-04-30 01:00:00,1.46432,1.46463,1.46422,1.46434
2024-04-30 02:00:00,1.46434,1.46457,1.46421,1.46437
2024-04-30 03:00:00,1.46435,1.46476,1.46405,1.4644300000000001
2024-04-30 04:00:00,1.46442,1.46457,1.46362,1.46391
2024-04-30 05:00:00,1.4639199999999999,1.4642,1.46359,1.46403
2024-04-30 06:00:00,1.46404,1.46444,1.46398,1.46442
2024-04-30 07:00:00,1.4644300000000001,1.4647299999999999,1.46423,1.46455
2024-04-30 08:00:00,1.46455,1.46516,1.46454,1.46508
2024-04-30 09:00:00,1.46502,1.4659,1.46424,1.46581
2024-04-30 10:00:00,1.46581,1.46607,1.46521,1.46571
2024-04-30 11:00:00,1.46566,1.46723,1.4647000000000001,1.4669400000000001
2024-04-30 12:00:00,1.46691,1.46875,1.46681,1.46795
2024-04-30 13:00:00,1.46796,1.46893,1.46768,1.46808
2024-04-30 14:00:00,1.4680900000000001,1.46828,1.46753,1.46766
2024-04-30 15:00:00,1.46764,1.46964,1.46505,1.4693399999999999
2024-04-30 16:00:00,1.46936,1.4725,1.46854,1.47217
2024-04-30 17:00:00,1.47224,1.47274,1.46851,1.46875
2024-04-30 18:00:00,1.4687700000000001,1.47037,1.46848,1.46874
2024-04-30 19:00:00,1.4687299999999999,1.46937,1.4683,1.46882
2024-04-30 20:00:00,1.46884,1.4694,1.4684599999999999,1.46879
2024-04-30 21:00:00,1.46881,1.46971,1.4687299999999999,1.46936
2024-04-30 22:00:00,1.46936,1.4694,1.46867,1.46926
2024-04-30 23:00:00,1.46922,1.46997,1.46893,1.4694
2024-05-01 00:00:00,1.46919,1.46982,1.46654,1.46919
2024-05-01 01:00:00,1.46915,1.4699499999999999,1.46915,1.4696799999999999
2024-05-01 02:00:00,1.4697,1.46991,1.4693100000000001,1.46945
2024-05-01 03:00:00,1.46947,1.46953,1.46876,1.46905
2024-05-01 04:00:00,1.4690699999999999,1.46926,1.46851,1.46861
2024-05-01 05:00:00,1.46861,1.46867,1.4681899999999999,1.46829
2024-05-01 06:00:00,1.46829,1.46862,1.4681899999999999,1.46841
2024-05-01 07:00:00,1.46841,1.46844,1.46807,1.46821
2024-05-01 08:00:00,1.46822,1.4685000000000001,1.4678200000000001,1.46826
2024-05-01 09:00:00,1.46825,1.4684300000000001,1.46759,1.4678
2024-05-01 10:00:00,1.46779,1.46865,1.46779,1.46823
2024-05-01 11:00:00,1.46821,1.46935,1.46821,1.4693399999999999
2024-05-01 12:00:00,1.46937,1.47023,1.46909,1.46946
2024-05-01 13:00:00,1.46948,1.46985,1.46921,1.46921
2024-05-01 14:00:00,1.46921,1.46964,1.46888,1.46956
2024-05-01 15:00:00,1.46958,1.47054,1.46903,1.4703
2024-05-01 16:00:00,1.4702899999999999,1.47039,1.46921,1.46958
2024-05-01 17:00:00,1.46951,1.47125,1.46951,1.47069
2024-05-01 18:00:00,1.47071,1.47071,1.46919,1.46945
2024-05-01 19:00:00,1.46944,1.46953,1.46863,1.46906
2024-05-01 20:00:00,1.46906,1.47034,1.46897,1.46958
2024-05-01 21:00:00,1.46957,1.47169,1.46943,1.47079
2024-05-01 22:00:00,1.47075,1.47086,1.46955,1.47071
2024-05-01 23:00:00,1.47062,1.47269,1.47007,1.47078
2024-05-02 00:00:00,1.47143,1.47162,1.46807,1.47132
2024-05-02 01:00:00,1.47144,1.47202,1.47115,1.47115
2024-05-02 02:00:00,1.47115,1.47115,1.47051,1.47081
2024-05-02 03:00:00,1.47081,1.4709400000000001,1.46979,1.47089
2024-05-02 04:00:00,1.47088,1.4709699999999999,1.4703300000000001,1.47091
2024-05-02 05:00:00,1.47084,1.47093,1.47022,1.47035
2024-05-02 06:00:00,1.47036,1.47085,1.47019,1.47061
2024-05-02 07:00:00,1.4706299999999999,1.47093,1.47028,1.47069
2024-05-02 08:00:00,1.47069,1.47096,1.4700199999999999,1.4702600000000001
2024-05-02 09:00:00,1.4703,1.47085,1.46991,1.4704
2024-05-02 10:00:00,1.47042,1.47049,1.46898,1.4691100000000001
2024-05-02 11:00:00,1.46916,1.46964,1.46787,1.46821
2024-05-02 12:00:00,1.4682,1.46847,1.46723,1.46807
2024-05-02 13:00:00,1.46811,1.46917,1.46798,1.46891
2024-05-02 14:00:00,1.46892,1.46908,1.46818,1.4683899999999999
2024-05-02 15:00:00,1.4683899999999999,1.46841,1.46706,1.46805
2024-05-02 16:00:00,1.46806,1.4681,1.46525,1.46582
2024-05-02 17:00:00,1.46577,1.46619,1.4642,1.4651399999999999
2024-05-02 18:00:00,1.46512,1.4665599999999999,1.46496,1.46623
2024-05-02 19:00:00,1.46628,1.46729,1.46598,1.46701
2024-05-02 20:00:00,1.46702,1.46715,1.46616,1.4668700000000001
2024-05-02 21:00:00,1.46688,1.46696,1.46628,1.46674
2024-05-02 22:00:00,1.46673,1.46731,1.46658,1.46695
2024-05-02 23:00:00,1.46698,1.46722,1.46619,1.46635
2024-05-03 00:00:00,1.46607,1.46673,1.46543,1.46598
2024-05-03 01:00:00,1.46598,1.4667,1.46598,1.4664
2024-05-03 02:00:00,1.4664,1.46661,1.46628,1.46639
2024-05-03 03:00:00,1.46639,1.46648,1.46591,1.46621
2024-05-03 04:00:00,1.46622,1.46696,1.46613,1.46681
2024-05-03 05:00:00,1.46682,1.46686,1.4664,1.46649
2024-05-03 06:00:00,1.46649,1.46682,1.46632,1.46669
2024-05-03 07:00:00,1.46668,1.46688,1.4665599999999999,1.4666299999999999
2024-05-03 08:00:00,1.46667,1.46685,1.46642,1.46668
2024-05-03 09:00:00,1.4667,1.46741,1.46654,1.46671
2024-05-03 10:00:00,1.4667,1.46754,1.46634,1.46729
2024-05-03 11:00:00,1.46736,1.46844,1.46711,1.46766
2024-05-03 12:00:00,1.46767,1.46836,1.46767,1.46792
2024-05-03 13:00:00,1.46793,1.46829,1.46729,1.46763
2024-05-03 14:00:00,1.46763,1.46894,1.4676,1.4683
2024-05-03 15:00:00,1.4683,1.47168,1.46806,1.47085
2024-05-03 16:00:00,1.47083,1.47173,1.46961,1.47024
2024-05-03 17:00:00,1.4708999999999999,1.4729999999999999,1.47,1.47258
2024-05-03 18:00:00,1.47256,1.47458,1.47256,1.47354
2024-05-03 19:00:00,1.47349,1.47352,1.47229,1.47296
2024-05-03 20:00:00,1.47296,1.47345,1.47241,1.47289
2024-05-03 21:00:00,1.47288,1.47324,1.4727000000000001,1.47306
2024-05-03 22:00:00,1.47306,1.47346,1.47237,1.47245
2024-05-03 23:00:00,1.4724599999999999,1.47324,1.47225,1.47276
2024-05-06 00:00:00,1.4718,1.47282,1.47098,1.47262
2024-05-06 01:00:00,1.4724,1.47294,1.47226,1.47247
2024-05-06 02:00:00,1.4724599999999999,1.47299,1.4723899999999999,1.47295
2024-05-06 03:00:00,1.47296,1.47386,1.47276,1.47369
2024-05-06 04:00:00,1.4736799999999999,1.4736799999999999,1.47274,1.47314
2024-05-06 05:00:00,1.47315,1.47335,1.47283,1.4729
2024-05-06 06:00:00,1.47291,1.47308,1.47274,1.47303
2024-05-06 07:00:00,1.4729999999999999,1.47332,1.47291,1.47302
2024-05-06 08:00:00,1.47302,1.47302,1.47235,1.4724
2024-05-06 09:00:00,1.4724,1.47271,1.47163,1.47189
2024-05-06 10:00:00,1.47192,1.47267,1.47171,1.47217
2024-05-06 11:00:00,1.47217,1.47373,1.47201,1.47288
2024-05-06 12:00:00,1.47288,1.47325,1.4726,1.47278
2024-05-06 13:00:00,1.4727999999999999,1.47308,1.47222,1.47298
2024-05-06 14:00:00,1.4729999999999999,1.47302,1.47249,1.47266
2024-05-06 15:00:00,1.47262,1.47405,1.47262,1.4736099999999999
2024-05-06 16:00:00,1.4736099999999999,1.47367,1.47214,1.47262
2024-05-06 17:00:00,1.4726,1.47263,1.47128,1.4717
2024-05-06 18:00:00,1.47172,1.4723899999999999,1.47142,1.47198
2024-05-06 19:00:00,1.47198,1.47259,1.4715099999999999,1.47205
2024-05-06 20:00:00,1.47205,1.4723899999999999,1.47168,1.47192
2024-05-06 21:00:00,1.47192,1.47192,1.47136,1.47177
2024-05-06 22:00:00,1.47177,1.47211,1.47139,1.47147
2024-05-06 23:00:00,1.47138,1.47181,1.4712399999999999,1.47144
2024-05-07 00:00:00,1.47142,1.47157,1.46982,1.47132
2024-05-07 01:00:00,1.47132,1.47193,1.471,1.47193
2024-05-07 02:00:00,1.47193,1.47208,1.47165,1.47187
2024-05-07 03:00:00,1.47188,1.47231,1.47163,1.47218
2024-05-07 04:00:00,1.47218,1.47237,1.47191,1.47204
2024-05-07 05:00:00,1.47203,1.47254,1.47173,1.47215
2024-05-07 06:00:00,1.47215,1.47228,1.47188,1.47215
2024-05-07 07:00:00,1.47215,1.47281,1.47199,1.47252
2024-05-07 08:00:00,1.4725,1.47292,1.47171,1.47176
2024-05-07 09:00:00,1.47179,1.47284,1.47179,1.47283
2024-05-07 10:00:00,1.47284,1.47364,1.47247,1.4729
2024-05-07 11:00:00,1.47284,1.47293,1.47192,1.47224
2024-05-07 12:00:00,1.4721899999999999,1.47257,1.47177,1.47233
2024-05-07 13:00:00,1.47233,1.47327,1.4721600000000001,1.47315
2024-05-07 14:00:00,1.47315,1.47335,1.47253,1.47287
2024-05-07 15:00:00,1.47288,1.47435,1.47268,1.47333
2024-05-07 16:00:00,1.4733399999999999,1.47576,1.47319,1.47559
2024-05-07 17:00:00,1.47539,1.47569,1.47418,1.4744
2024-05-07 18:00:00,1.4744,1.47742,1.4742,1.47635
2024-05-07 19:00:00,1.47628,1.47727,1.47618,1.47685
2024-05-07 20:00:00,1.47684,1.47696,1.47603,1.47676
2024-05-07 21:00:00,1.47675,1.47693,1.4760499999999999,1.47644
2024-05-07 22:00:00,1.47645,1.47678,1.4760900000000001,1.4763
2024-05-07 23:00:00,1.4763,1.47641,1.4757500000000001,1.47604
2024-05-08 00:00:00,1.47608,1.47617,1.47343,1.47598
2024-05-08 01:00:00,1.47589,1.47641,1.47589,1.47624
2024-05-08 02:00:00,1.47625,1.47647,1.4761199999999999,1.47626
2024-05-08 03:00:00,1.47627,1.47671,1.47614,1.47648
2024-05-08 04:00:00,1.47648,1.47683,1.47638,1.47656
2024-05-08 05:00:00,1.47652,1.47711,1.47624,1.47701
2024-05-08 06:00:00,1.47702,1.4772,1.4767299999999999,1.47717
2024-05-08 07:00:00,1.47718,1.47733,1.47699,1.47721
2024-05-08 08:00:00,1.47722,1.47739,1.47674,1.47722
2024-05-08 09:00:00,1.47721,1.4781900000000001,1.47718,1.47804
2024-05-08 10:00:00,1.47806,1.47828,1.47683,1.47715
2024-05-08 11:00:00,1.47712,1.47791,1.47687,1.47788
2024-05-08 12:00:00,1.47789,1.47855,1.47771,1.47797
2024-05-08 13:00:00,1.47796,1.4782600000000001,1.47751,1.47756
2024-05-08 14:00:00,1.47757,1.47867,1.47756,1.47835
2024-05-08 15:00:00,1.47837,1.4786299999999999,1.47705,1.47806
2024-05-08 16:00:00,1.47806,1.47816,1.47672,1.47706
2024-05-08 17:00:00,1.47706,1.47727,1.47454,1.4748
2024-05-08 18:00:00,1.4748,1.47584,1.47447,1.47539
2024-05-08 19:00:00,1.47538,1.47592,1.47494,1.47502
2024-05-08 20:00:00,1.47501,1.4753,1.47465,1.47491
2024-05-08 21:00:00,1.47491,1.47552,1.47478,1.47542
2024-05-08 22:00:00,1.47542,1.47563,1.4751699999999999,1.47552
2024-05-08 23:00:00,1.4755,1.47571,1.47457,1.4746000000000001
2024-05-09 00:00:00,1.47461,1.4754,1.47256,1.47481
2024-05-09 01:00:00,1.47471,1.47529,1.47461,1.4748700000000001
2024-05-09 02:00:00,1.47489,1.47523,1.47478,1.47522
2024-05-09 03:00:00,1.47523,1.47555,1.47503,1.4751400000000001
2024-05-09 04:00:00,1.4751400000000001,1.47553,1.4747,1.47496
2024-05-09 05:00:00,1.47497,1.47539,1.47493,1.47536
2024-05-09 06:00:00,1.47536,1.47536,1.47486,1.4748700000000001
2024-05-09 07:00:00,1.4748700000000001,1.47508,1.47479,1.47486
2024-05-09 08:00:00,1.47486,1.47492,1.4746000000000001,1.47472
2024-05-09 09:00:00,1.47476,1.47537,1.47468,1.47482
2024-05-09 10:00:00,1.47482,1.47515,1.4736,1.47409
2024-05-09 11:00:00,1.47407,1.4742199999999999,1.47282,1.47303
2024-05-09 12:00:00,1.47305,1.47344,1.47272,1.47312
2024-05-09 13:00:00,1.4731,1.47378,1.4730400000000001,1.4733100000000001
2024-05-09 14:00:00,1.47333,1.47354,1.47204,1.47229
2024-05-09 15:00:00,1.47228,1.47505,1.47226,1.47468
2024-05-09 16:00:00,1.47468,1.47619,1.47424,1.47424
2024-05-09 17:00:00,1.47425,1.47545,1.47409,1.47534
2024-05-09 18:00:00,1.47534,1.47556,1.47439,1.47454
2024-05-09 19:00:00,1.47454,1.4748700000000001,1.47425,1.47472
2024-05-09 20:00:00,1.47472,1.47509,1.47449,1.47485
2024-05-09 21:00:00,1.47486,1.47495,1.4742,1.47454
2024-05-09 22:00:00,1.47445,1.47478,1.47438,1.47447
2024-05-09 23:00:00,1.47439,1.47479,1.47423,1.47447
2024-05-10 00:00:00,1.47445,1.47462,1.47348,1.47438
2024-05-10 01:00:00,1.47441,1.47472,1.47432,1.47466
2024-05-10 02:00:00,1.4747,1.47479,1.47445,1.47465
2024-05-10 03:00:00,1.47465,1.47478,1.47431,1.4746000000000001
2024-05-10 04:00:00,1.4746000000000001,1.47466,1.47411,1.47433
2024-05-10 05:00:00,1.47436,1.47502,1.47436,1.47462
2024-05-10 06:00:00,1.47461,1.47508,1.4745300000000001,1.47495
2024-05-10 07:00:00,1.47495,1.47509,1.47457,1.47458
2024-05-10 08:00:00,1.4746000000000001,1.47468,1.4742899999999999,1.47462
2024-05-10 09:00:00,1.4746299999999999,1.4751400000000001,1.4740199999999999,1.4742
2024-05-10 10:00:00,1.47427,1.47528,1.4742600000000001,1.47497
2024-05-10 11:00:00,1.47496,1.47543,1.47468,1.47501
2024-05-10 12:00:00,1.47506,1.47573,1.47494,1.47496
2024-05-10 13:00:00,1.47497,1.47553,1.47441,1.4746000000000001
2024-05-10 14:00:00,1.47461,1.47488,1.4742600000000001,1.47475
2024-05-10 15:00:00,1.47474,1.47491,1.46929,1.46989
2024-05-10 16:00:00,1.46989,1.47147,1.46962,1.4712
2024-05-10 17:00:00,1.47104,1.47195,1.47008,1.47091
2024-05-10 18:00:00,1.47091,1.4722,1.47088,1.47188
2024-05-10 19:00:00,1.47189,1.47324,1.47176,1.4729700000000001
2024-05-10 20:00:00,1.47298,1.47335,1.47268,1.4727700000000001
2024-05-10 21:00:00,1.4727700000000001,1.4729999999999999,1.47254,1.47288
2024-05-10 22:00:00,1.47291,1.47318,1.4723899999999999,1.47253
2024-05-10 23:00:00,1.47253,1.4727700000000001,1.47176,1.47222
2024-05-13 00:00:00,1.4719,1.47223,1.47101,1.4721600000000001
2024-05-13 01:00:00,1.4723600000000001,1.47345,1.47226,1.47344
2024-05-13 02:00:00,1.47339,1.47349,1.47298,1.47306
2024-05-13 03:00:00,1.4731,1.47351,1.47299,1.47323
2024-05-13 04:00:00,1.47322,1.4742,1.47313,1.47406
2024-05-13 05:00:00,1.47405,1.47406,1.47347,1.4735800000000001
2024-05-13 06:00:00,1.4735800000000001,1.47384,1.47357,1.47371
2024-05-13 07:00:00,1.47369,1.47384,1.47349,1.4735800000000001
2024-05-13 08:00:00,1.47356,1.47416,1.47345,1.47416
2024-05-13 09:00:00,1.47417,1.47433,1.47326,1.47346
2024-05-13 10:00:00,1.47346,1.47436,1.4733800000000001,1.4735800000000001
2024-05-13 11:00:00,1.4735800000000001,1.47439,1.47335,1.47432
2024-05-13 12:00:00,1.47432,1.47509,1.47425,1.47498
2024-05-13 13:00:00,1.47498,1.47531,1.47416,1.47467
2024-05-13 14:00:00,1.47466,1.47583,1.47457,1.47518
2024-05-13 15:00:00,1.47518,1.47644,1.47503,1.47631
2024-05-13 16:00:00,1.47631,1.47714,1.47587,1.47618
2024-05-13 17:00:00,1.47621,1.47729,1.47562,1.47674
2024-05-13 18:00:00,1.47675,1.47685,1.47596,1.47635
2024-05-13 19:00:00,1.47635,1.47667,1.47577,1.4757799999999999
2024-05-13 20:00:00,1.4757799999999999,1.47606,1.47503,1.47572
2024-05-13 21:00:00,1.47569,1.47571,1.47488,1.47488
2024-05-13 22:00:00,1.47488,1.47491,1.47428,1.47469
2024-05-13 23:00:00,1.47472,1.47498,1.4742,1.47441
2024-05-14 00:00:00,1.4744,1.47469,1.4730699999999999,1.47448
2024-05-14 01:00:00,1.47441,1.47489,1.47437,1.47489
2024-05-14 02:00:00,1.4748999999999999,1.47504,1.47465,1.4748299999999999
2024-05-14 03:00:00,1.4748299999999999,1.47493,1.47465,1.47478
2024-05-14 04:00:00,1.47478,1.47534,1.47471,1.47532
2024-05-14 05:00:00,1.47533,1.47597,1.47525,1.47592
2024-05-14 06:00:00,1.47592,1.47602,1.47541,1.47566
2024-05-14 07:00:00,1.47567,1.47587,1.47529,1.47529
2024-05-14 08:00:00,1.47529,1.47545,1.47497,1.47534
2024-05-14 09:00:00,1.47535,1.47549,1.47481,1.47531
2024-05-14 10:00:00,1.47531,1.47566,1.47497,1.4751699999999999
2024-05-14 11:00:00,1.4751699999999999,1.47522,1.47398,1.47489
2024-05-14 12:00:00,1.47494,1.47552,1.47474,1.47537
2024-05-14 13:00:00,1.4754,1.47597,1.4753,1.47569
2024-05-14 14:00:00,1.4757,1.47576,1.47489,1.47494
2024-05-14 15:00:00,1.47496,1.47568,1.47369,1.47428
2024-05-14 16:00:00,1.47427,1.47623,1.4741,1.47503
2024-05-14 17:00:00,1.47502,1.47727,1.47485,1.47692
2024-05-14 18:00:00,1.47692,1.47726,1.4763600000000001,1.47684
2024-05-14 19:00:00,1.47684,1.4778,1.47665,1.47756
2024-05-14 20:00:00,1.47756,1.47827,1.47752,1.47804
2024-05-14 21:00:00,1.47802,1.47806,1.47702,1.47706
2024-05-14 22:00:00,1.47706,1.47718,1.4767000000000001,1.47681
2024-05-14 23:00:00,1.47681,1.47699,1.4765,1.47668
2024-05-15 00:00:00,1.47663,1.47695,1.4757500000000001,1.47648
2024-05-15 01:00:00,1.47652,1.47675,1.47638,1.4766599999999999
2024-05-15 02:00:00,1.4766599999999999,1.47675,1.47637,1.47645
2024-05-15 03:00:00,1.47645,1.47665,1.4760499999999999,1.47649
2024-05-15 04:00:00,1.47648,1.47685,1.47641,1.47679
2024-05-15 05:00:00,1.47678,1.47702,1.47663,1.47691
2024-05-15 06:00:00,1.47691,1.47698,1.4764599999999999,1.4765
2024-05-15 07:00:00,1.4765,1.47658,1.4763,1.47645
2024-05-15 08:00:00,1.47645,1.47674,1.47634,1.47665
2024-05-15 09:00:00,1.47664,1.4770699999999999,1.47624,1.47696
2024-05-15 10:00:00,1.47695,1.47711,1.47595,1.47603
2024-05-15 11:00:00,1.47603,1.47629,1.47537,1.47564
2024-05-15 12:00:00,1.47556,1.47594,1.47525,1.4757799999999999
2024-05-15 13:00:00,1.47579,1.47607,1.47552,1.47567
2024-05-15 14:00:00,1.47567,1.47645,1.47532,1.47635
2024-05-15 15:00:00,1.47634,1.47939,1.47527,1.47937
2024-05-15 16:00:00,1.47937,1.47938,1.47824,1.4791400000000001
2024-05-15 17:00:00,1.4791400000000001,1.48145,1.479,1.47996
2024-05-15 18:00:00,1.47997,1.4800900000000001,1.47796,1.47839
2024-05-15 19:00:00,1.47836,1.47909,1.47774,1.47857
2024-05-15 20:00:00,1.47858,1.47967,1.4785599999999999,1.47949
2024-05-15 21:00:00,1.4794800000000001,1.4797,1.47899,1.47969
2024-05-15 22:00:00,1.47967,1.48065,1.47964,1.48056
2024-05-15 23:00:00,1.48056,1.4809999999999999,1.48016,1.48031
2024-05-16 00:00:00,1.47987,1.4809,1.47827,1.48028
2024-05-16 01:00:00,1.48025,1.48096,1.48025,1.48096
2024-05-16 02:00:00,1.48098,1.48099,1.48038,1.48051
2024-05-16 03:00:00,1.48054,1.4807299999999999,1.48028,1.48048
2024-05-16 04:00:00,1.48048,1.48151,1.4804,1.48135
2024-05-16 05:00:00,1.48135,1.48142,1.48069,1.48076
2024-05-16 06:00:00,1.48076,1.48101,1.48051,1.48086
2024-05-16 07:00:00,1.48087,1.48129,1.48082,1.48116
2024-05-16 08:00:00,1.48112,1.48114,1.48075,1.48098
2024-05-16 09:00:00,1.48099,1.48176,1.48098,1.4816500000000001
2024-05-16 10:00:00,1.48166,1.48184,1.48072,1.48085
2024-05-16 11:00:00,1.48083,1.48137,1.48035,1.48119
2024-05-16 12:00:00,1.4812,1.48155,1.4809,1.48098
2024-05-16 13:00:00,1.48092,1.48201,1.48089,1.48191
2024-05-16 14:00:00,1.4819200000000001,1.48212,1.48071,1.48133
2024-05-16 15:00:00,1.48133,1.4815,1.48016,1.4807000000000001
2024-05-16 16:00:00,1.4806300000000001,1.48085,1.47992,1.48062
2024-05-16 17:00:00,1.48062,1.48091,1.47954,1.47999
2024-05-16 18:00:00,1.47997,1.48052,1.47964,1.47972
2024-05-16 19:00:00,1.47971,1.48069,1.47961,1.48053
2024-05-16 20:00:00,1.48052,1.48084,1.47997,1.4800200000000001
2024-05-16 21:00:00,1.4800200000000001,1.48017,1.47955,1.4798200000000001
2024-05-16 22:00:00,1.47981,1.47994,1.47946,1.47968
2024-05-16 23:00:00,1.47966,1.47995,1.4794399999999999,1.47963
2024-05-17 00:00:00,1.47963,1.47981,1.47757,1.47931
2024-05-17 01:00:00,1.47927,1.48003,1.4791699999999999,1.47993
2024-05-17 02:00:00,1.47993,1.47996,1.47936,1.47964
2024-05-17 03:00:00,1.47965,1.47989,1.47931,1.47968
2024-05-17 04:00:00,1.47968,1.47983,1.47925,1.4794100000000001
2024-05-17 05:00:00,1.4794100000000001,1.47977,1.47929,1.4796
2024-05-17 06:00:00,1.4796,1.4799,1.47953,1.47966
2024-05-17 07:00:00,1.47965,1.47972,1.47913,1.47916
2024-05-17 08:00:00,1.47916,1.4795099999999999,1.47905,1.47935
2024-05-17 09:00:00,1.47935,1.47994,1.47927,1.47992
2024-05-17 10:00:00,1.47992,1.4803,1.47971,1.48016
2024-05-17 11:00:00,1.48015,1.48023,1.47864,1.47872
2024-05-17 12:00:00,1.47874,1.47915,1.47844,1.47909
2024-05-17 13:00:00,1.4791,1.47925,1.4782,1.47859
2024-05-17 14:00:00,1.4786000000000001,1.47898,1.47811,1.4785300000000001
2024-05-17 15:00:00,1.47854,1.4787,1.47753,1.47753
2024-05-17 16:00:00,1.47753,1.47912,1.47716,1.47891
2024-05-17 17:00:00,1.4788299999999999,1.47966,1.47778,1.47965
2024-05-17 18:00:00,1.47965,1.48001,1.47848,1.47995
2024-05-17 19:00:00,1.47995,1.48052,1.47931,1.47964
2024-05-17 20:00:00,1.47965,1.48007,1.47934,1.48006
2024-05-17 21:00:00,1.4800499999999999,1.48103,1.47971,1.47998
2024-05-17 22:00:00,1.47998,1.48033,1.4795099999999999,1.47954
2024-05-17 23:00:00,1.47952,1.47976,1.47902,1.4792
2024-05-20 00:00:00,1.4796,1.47961,1.47878,1.47955
2024-05-20 01:00:00,1.47961,1.47981,1.47925,1.4795
2024-05-20 02:00:00,1.4795099999999999,1.47967,1.47931,1.47959
2024-05-20 03:00:00,1.4796,1.48004,1.47946,1.4799
2024-05-20 04:00:00,1.47989,1.47994,1.47942,1.47943
2024-05-20 05:00:00,1.47943,1.4799,1.47923,1.4798499999999999
2024-05-20 06:00:00,1.4798499999999999,1.4803899999999999,1.47983,1.48018
2024-05-20 07:00:00,1.48019,1.48026,1.47977,1.4800499999999999
2024-05-20 08:00:00,1.4800499999999999,1.4804,1.47986,1.48033
2024-05-20 09:00:00,1.48035,1.48123,1.48024,1.48095
2024-05-20 10:00:00,1.48089,1.48089,1.47977,1.48015
2024-05-20 11:00:00,1.4801,1.48053,1.48004,1.48015
2024-05-20 12:00:00,1.48015,1.4802,1.47931,1.47956
2024-05-20 13:00:00,1.47956,1.4803899999999999,1.47952,1.4803
2024-05-20 14:00:00,1.4803,1.48034,1.4791699999999999,1.4792100000000001
2024-05-20 15:00:00,1.47922,1.48018,1.47922,1.4800499999999999
2024-05-20 16:00:00,1.4800499999999999,1.48048,1.47866,1.47873
2024-05-20 17:00:00,1.47873,1.47873,1.47751,1.47802
2024-05-20 18:00:00,1.478,1.4788999999999999,1.47793,1.47845
2024-05-20 19:00:00,1.47846,1.47971,1.47842,1.47954
2024-05-20 20:00:00,1.47953,1.4799,1.4794800000000001,1.4797
2024-05-20 21:00:00,1.47969,1.48003,1.47961,1.47988
2024-05-20 22:00:00,1.47989,1.47993,1.47935,1.47938
2024-05-20 23:00:00,1.47938,1.47947,1.47891,1.47907
2024-05-21 00:00:00,1.47909,1.4794,1.47788,1.47936
2024-05-21 01:00:00,1.47938,1.47953,1.47919,1.4793
2024-05-21 02:00:00,1.47932,1.47957,1.47922,1.47954
2024-05-21 03:00:00,1.47953,1.4802,1.47938,1.48016
2024-05-21 04:00:00,1.48015,1.48056,1.47983,1.4804599999999999
2024-05-21 05:00:00,1.4804599999999999,1.4806,1.4801,1.48044
2024-05-21 06:00:00,1.48045,1.4807000000000001,1.48022,1.48061
2024-05-21 07:00:00,1.48061,1.48082,1.4803899999999999,1.4806599999999999
2024-05-21 08:00:00,1.4806599999999999,1.48091,1.48047,1.48053
2024-05-21 09:00:00,1.48048,1.4809,1.48022,1.48085
2024-05-21 10:00:00,1.48084,1.48159,1.48023,1.48143
2024-05-21 11:00:00,1.4813100000000001,1.48147,1.48065,1.48111
2024-05-21 12:00:00,1.4811,1.48203,1.4810699999999999,1.48179
2024-05-21 13:00:00,1.48177,1.4818799999999999,1.48103,1.48106
2024-05-21 14:00:00,1.4810699999999999,1.48119,1.47971,1.47981
2024-05-21 15:00:00,1.4798200000000001,1.48343,1.47891,1.4828000000000001
2024-05-21 16:00:00,1.48284,1.48343,1.48173,1.48234
2024-05-21 17:00:00,1.48236,1.48244,1.4805,1.48114
2024-05-21 18:00:00,1.48116,1.48159,1.48081,1.48108
2024-05-21 19:00:00,1.4810400000000001,1.48181,1.48098,1.48137
2024-05-21 20:00:00,1.48138,1.48149,1.48099,1.4812
2024-05-21 21:00:00,1.48119,1.48176,1.48119,1.48164
2024-05-21 22:00:00,1.48164,1.48214,1.48152,1.48166
2024-05-21 23:00:00,1.48166,1.48218,1.4815800000000001,1.48184
2024-05-22 00:00:00,1.4818500000000001,1.48217,1.4795099999999999,1.4802
2024-05-22 01:00:00,1.48011,1.48125,1.48011,1.48084
2024-05-22 02:00:00,1.48086,1.48091,1.4805,1.48056
2024-05-22 03:00:00,1.48055,1.48095,1.48051,1.48071
2024-05-22 04:00:00,1.4806599999999999,1.4807299999999999,1.48011,1.4804
2024-05-22 05:00:00,1.4804,1.48052,1.47986,1.4804300000000001
2024-05-22 06:00:00,1.48045,1.48083,1.48031,1.48081
2024-05-22 07:00:00,1.48079,1.48087,1.48058,1.48077
2024-05-22 08:00:00,1.48077,1.48083,1.48051,1.4806599999999999
2024-05-22 09:00:00,1.4806300000000001,1.4827,1.48062,1.48251
2024-05-22 10:00:00,1.48248,1.48298,1.48218,1.48276
2024-05-22 11:00:00,1.48274,1.48281,1.48175,1.4819
2024-05-22 12:00:00,1.48191,1.48205,1.48085,1.48085
2024-05-22 13:00:00,1.48085,1.48095,1.47969,1.47979
2024-05-22 14:00:00,1.47979,1.48068,1.47911,1.48062
2024-05-22 15:00:00,1.48065,1.48223,1.48024,1.4813
2024-05-22 16:00:00,1.4813,1.48173,1.48026,1.48088
2024-05-22 17:00:00,1.48084,1.48179,1.48072,1.4811
2024-05-22 18:00:00,1.48111,1.48198,1.48075,1.48117
2024-05-22 19:00:00,1.48117,1.48205,1.48077,1.48132
2024-05-22 20:00:00,1.4813100000000001,1.48171,1.4811,1.4815
2024-05-22 21:00:00,1.48146,1.48214,1.4810699999999999,1.4819499999999999
2024-05-22 22:00:00,1.48193,1.48197,1.4813,1.48135
2024-05-22 23:00:00,1.48135,1.48221,1.48128,1.48182
2024-05-23 00:00:00,1.48125,1.4819499999999999,1.48008,1.4815800000000001
2024-05-23 01:00:00,1.48162,1.48213,1.48162,1.48184
2024-05-23 02:00:00,1.48184,1.4819499999999999,1.48166,1.48193
2024-05-23 03:00:00,1.48191,1.48205,1.48169,1.48183
2024-05-23 04:00:00,1.48183,1.48246,1.48178,1.48221
2024-05-23 05:00:00,1.4822199999999999,1.4824,1.48197,1.482
2024-05-23 06:00:00,1.48199,1.48203,1.48141,1.48148
2024-05-23 07:00:00,1.48148,1.48162,1.48119,1.48123
2024-05-23 08:00:00,1.48122,1.48135,1.48098,1.48116
2024-05-23 09:00:00,1.48115,1.48122,1.48047,1.4811
2024-05-23 10:00:00,1.48109,1.4821900000000001,1.47916,1.4819
2024-05-23 11:00:00,1.48179,1.48322,1.4816099999999999,1.4823
2024-05-23 12:00:00,1.4822899999999999,1.48288,1.48172,1.4824
2024-05-23 13:00:00,1.4824,1.4828000000000001,1.48214,1.48251
2024-05-23 14:00:00,1.48251,1.4831400000000001,1.48201,1.48292
2024-05-23 15:00:00,1.48289,1.48343,1.48282,1.48315
2024-05-23 16:00:00,1.48312,1.48433,1.48191,1.48239
2024-05-23 17:00:00,1.48239,1.48359,1.48213,1.48248
2024-05-23 18:00:00,1.4825,1.48308,1.4823,1.48286
2024-05-23 19:00:00,1.48285,1.48331,1.48223,1.483
2024-05-23 20:00:00,1.483,1.4843,1.48275,1.4843
2024-05-23 21:00:00,1.48431,1.48489,1.4841,1.48484
2024-05-23 22:00:00,1.48484,1.48496,1.48452,1.48476
2024-05-23 23:00:00,1.48476,1.48495,1.48454,1.48456
2024-05-24 00:00:00,1.48384,1.48472,1.48331,1.4846300000000001
2024-05-24 01:00:00,1.48456,1.48484,1.48447,1.48449
2024-05-24 02:00:00,1.48449,1.48482,1.48438,1.4847299999999999
2024-05-24 03:00:00,1.48472,1.48488,1.48451,1.48457
2024-05-24 04:00:00,1.48458,1.4849700000000001,1.4842,1.48429
2024-05-24 05:00:00,1.48428,1.48462,1.48426,1.48454
2024-05-24 06:00:00,1.48454,1.4846599999999999,1.48435,1.48453
2024-05-24 07:00:00,1.48452,1.48477,1.48445,1.48456
2024-05-24 08:00:00,1.48456,1.4849,1.48456,1.48475
2024-05-24 09:00:00,1.4848,1.48562,1.48437,1.48516
2024-05-24 10:00:00,1.48515,1.48576,1.48469,1.4853399999999999
2024-05-24 11:00:00,1.48535,1.48591,1.4850400000000001,1.48536
2024-05-24 12:00:00,1.48535,1.4865599999999999,1.48532,1.48613
2024-05-24 13:00:00,1.48611,1.4871699999999999,1.4859,1.4868999999999999
2024-05-24 14:00:00,1.48689,1.48705,1.48587,1.48654
2024-05-24 15:00:00,1.48655,1.48827,1.48634,1.48801
2024-05-24 16:00:00,1.4880200000000001,1.4880200000000001,1.48472,1.48487
2024-05-24 17:00:00,1.48514,1.48525,1.48227,1.48264
2024-05-24 18:00:00,1.48264,1.48327,1.48232,1.48301
2024-05-24 19:00:00,1.48301,1.48302,1.48125,1.48132
2024-05-24 20:00:00,1.48132,1.48202,1.48117,1.4812400000000001
2024-05-24 21:00:00,1.48125,1.48236,1.48117,1.48236
2024-05-24 22:00:00,1.48235,1.48273,1.48227,1.4825599999999999
2024-05-24 23:00:00,1.48255,1.48258,1.48164,1.4819200000000001
2024-05-27 00:00:00,1.4826,1.4827,1.48103,1.48213
2024-05-27 01:00:00,1.48213,1.48273,1.48199,1.48269
2024-05-27 02:00:00,1.48269,1.4828299999999999,1.48252,1.48271
2024-05-27 03:00:00,1.48272,1.48286,1.48259,1.48263
2024-05-27 04:00:00,1.48263,1.48294,1.48252,1.4825300000000001
2024-05-27 05:00:00,1.48252,1.48288,1.48251,1.48261
2024-05-27 06:00:00,1.4826,1.48267,1.48245,1.48263
2024-05-27 07:00:00,1.48262,1.48266,1.48233,1.48247
2024-05-27 08:00:00,1.48248,1.48262,1.48213,1.48224
2024-05-27 09:00:00,1.48225,1.48241,1.48172,1.48234
2024-05-27 10:00:00,1.48233,1.48269,1.4819200000000001,1.4822
2024-05-27 11:00:00,1.4821900000000001,1.4824,1.4818,1.48204
2024-05-27 12:00:00,1.48205,1.4837500000000001,1.48189,1.48372
2024-05-27 13:00:00,1.4837099999999999,1.48373,1.48232,1.48306
2024-05-27 14:00:00,1.48306,1.48335,1.48254,1.48267
2024-05-27 15:00:00,1.48265,1.48282,1.48083,1.48105
2024-05-27 16:00:00,1.48102,1.48121,1.4791699999999999,1.48008
2024-05-27 17:00:00,1.48008,1.48061,1.47983,1.48056
2024-05-27 18:00:00,1.48057,1.48081,1.4801199999999999,1.48047
2024-05-27 19:00:00,1.48047,1.4806599999999999,1.48032,1.4805
2024-05-27 20:00:00,1.4805,1.48052,1.47983,1.47984
2024-05-27 21:00:00,1.4798499999999999,1.48024,1.47984,1.4800200000000001
2024-05-27 22:00:00,1.48001,1.48038,1.47987,1.48035
2024-05-27 23:00:00,1.4803600000000001,1.48062,1.47984,1.48028
2024-05-28 00:00:00,1.48027,1.48053,1.47834,1.48001
2024-05-28 01:00:00,1.48004,1.48042,1.47986,1.48021
2024-05-28 02:00:00,1.48022,1.48032,1.47997,1.48023
2024-05-28 03:00:00,1.48024,1.48092,1.4800200000000001,1.48061
2024-05-28 04:00:00,1.48061,1.48119,1.48034,1.4809999999999999
2024-05-28 05:00:00,1.48103,1.48116,1.48071,1.48103
2024-05-28 06:00:00,1.48103,1.4813100000000001,1.48079,1.48116
2024-05-28 07:00:00,1.48116,1.48169,1.48114,1.48139
2024-05-28 08:00:00,1.48138,1.4818799999999999,1.48133,1.48186
2024-05-28 09:00:00,1.48186,1.4824,1.48174,1.48201
2024-05-28 10:00:00,1.48205,1.48213,1.48162,1.48176
2024-05-28 11:00:00,1.48176,1.48215,1.48105,1.48129
2024-05-28 12:00:00,1.48129,1.48216,1.48094,1.482
2024-05-28 13:00:00,1.48201,1.48275,1.4819200000000001,1.48244
2024-05-28 14:00:00,1.48245,1.48323,1.48236,1.48255
2024-05-28 15:00:00,1.48255,1.48261,1.48119,1.48133
2024-05-28 16:00:00,1.4813,1.48233,1.48105,1.4819499999999999
2024-05-28 17:00:00,1.48178,1.4832,1.4817,1.4828000000000001
2024-05-28 18:00:00,1.48279,1.4834800000000001,1.48262,1.48292
2024-05-28 19:00:00,1.4828700000000001,1.4830999999999999,1.48225,1.48268
2024-05-28 20:00:00,1.48268,1.48339,1.48257,1.48298
2024-05-28 21:00:00,1.48298,1.48313,1.4817,1.48194
2024-05-28 22:00:00,1.4819499999999999,1.4822199999999999,1.48175,1.48182
2024-05-28 23:00:00,1.48183,1.4819200000000001,1.48117,1.48133
2024-05-29 00:00:00,1.48135,1.48151,1.48034,1.4810699999999999
2024-05-29 01:00:00,1.48095,1.48169,1.48095,1.48144
2024-05-29 02:00:00,1.48148,1.48152,1.48085,1.48086
2024-05-29 03:00:00,1.48089,1.482,1.48077,1.48179
2024-05-29 04:00:00,1.48179,1.4822,1.48123,1.4814
2024-05-29 05:00:00,1.4814,1.4819,1.48114,1.4818
2024-05-29 06:00:00,1.48183,1.4822199999999999,1.48171,1.482
2024-05-29 07:00:00,1.482,1.48213,1.48164,1.48208
2024-05-29 08:00:00,1.48208,1.48278,1.4819499999999999,1.48266
2024-05-29 09:00:00,1.48266,1.48291,1.48181,1.48193
2024-05-29 10:00:00,1.48194,1.4825300000000001,1.48178,1.4818799999999999
2024-05-29 11:00:00,1.48183,1.48183,1.4791699999999999,1.48029
2024-05-29 12:00:00,1.48029,1.48292,1.48017,1.48241
2024-05-29 13:00:00,1.48239,1.48278,1.48184,1.48209
2024-05-29 14:00:00,1.48212,1.48347,1.48172,1.48322
2024-05-29 15:00:00,1.48322,1.4841199999999999,1.48315,1.4837099999999999
2024-05-29 16:00:00,1.4837,1.4846300000000001,1.48204,1.4837099999999999
2024-05-29 17:00:00,1.4837,1.48411,1.48096,1.48232
2024-05-29 18:00:00,1.48234,1.48275,1.48128,1.48152
2024-05-29 19:00:00,1.48151,1.48276,1.4815,1.48233
2024-05-29 20:00:00,1.4823,1.48281,1.4817,1.48198
2024-05-29 21:00:00,1.48201,1.4822199999999999,1.4815,1.48159
2024-05-29 22:00:00,1.4815800000000001,1.4816,1.48089,1.48136
2024-05-29 23:00:00,1.48136,1.48179,1.4812400000000001,1.48143
2024-05-30 00:00:00,1.48142,1.48183,1.48096,1.48157
2024-05-30 01:00:00,1.4816099999999999,1.48197,1.48155,1.48178
2024-05-30 02:00:00,1.4818,1.4819,1.48147,1.48154
2024-05-30 03:00:00,1.48157,1.4816500000000001,1.48118,1.48123
2024-05-30 04:00:00,1.4812400000000001,1.48171,1.48114,1.48146
2024-05-30 05:00:00,1.48146,1.48187,1.48125,1.48186
2024-05-30 06:00:00,1.48186,1.48199,1.4816799999999999,1.48176
2024-05-30 07:00:00,1.48177,1.48183,1.48119,1.48155
2024-05-30 08:00:00,1.48157,1.48169,1.48116,1.48153
2024-05-30 09:00:00,1.48149,1.48227,1.4814,1.48215
2024-05-30 10:00:00,1.48218,1.48322,1.48154,1.48281
2024-05-30 11:00:00,1.48278,1.48343,1.48248,1.48316
2024-05-30 12:00:00,1.48318,1.48396,1.48267,1.48346
2024-05-30 13:00:00,1.48346,1.4840499999999999,1.48331,1.48345
2024-05-30 14:00:00,1.48347,1.48368,1.4824899999999999,1.48274
2024-05-30 15:00:00,1.48271,1.48339,1.48202,1.48316
2024-05-30 16:00:00,1.4832,1.48373,1.48152,1.4819
2024-05-30 17:00:00,1.48184,1.48235,1.4814,1.48162
2024-05-30 18:00:00,1.4817,1.48215,1.4811,1.48119
2024-05-30 19:00:00,1.48119,1.4816099999999999,1.48078,1.48116
2024-05-30 20:00:00,1.48114,1.48248,1.48108,1.4818
2024-05-30 21:00:00,1.4818,1.48206,1.48157,1.4818500000000001
2024-05-30 22:00:00,1.4818500000000001,1.48214,1.48157,1.4817
2024-05-30 23:00:00,1.4816500000000001,1.48189,1.48147,1.48157
2024-05-31 00:00:00,1.48129,1.48208,1.48084,1.48162
2024-05-31 01:00:00,1.4816099999999999,1.48215,1.4816099999999999,1.48213
2024-05-31 02:00:00,1.48213,1.48225,1.48196,1.48209
2024-05-31 03:00:00,1.48209,1.4822600000000001,1.48166,1.48199
2024-05-31 04:00:00,1.48199,1.48207,1.48084,1.48086
2024-05-31 05:00:00,1.48086,1.48096,1.47974,1.47974
2024-05-31 06:00:00,1.47973,1.48016,1.4794399999999999,1.47947
2024-05-31 07:00:00,1.47947,1.47959,1.4788999999999999,1.47894
2024-05-31 08:00:00,1.47894,1.479,1.47834,1.4786000000000001
2024-05-31 09:00:00,1.47861,1.4791400000000001,1.47803,1.47904
2024-05-31 10:00:00,1.47905,1.48022,1.4788700000000001,1.47925
2024-05-31 11:00:00,1.47923,1.48029,1.47891,1.47973
2024-05-31 12:00:00,1.47974,1.48133,1.47953,1.48032
2024-05-31 13:00:00,1.4803600000000001,1.48044,1.47894,1.479
2024-05-31 14:00:00,1.47901,1.4803899999999999,1.47888,1.48023
2024-05-31 15:00:00,1.48023,1.48387,1.47954,1.48352
2024-05-31 16:00:00,1.48353,1.48368,1.48157,1.48164
2024-05-31 17:00:00,1.48156,1.48259,1.47947,1.4795099999999999
2024-05-31 18:00:00,1.47952,1.48081,1.47882,1.48026
2024-05-31 19:00:00,1.48028,1.48055,1.47936,1.4798200000000001
2024-05-31 20:00:00,1.4798200000000001,1.47988,1.47842,1.47868
2024-05-31 21:00:00,1.47869,1.47878,1.4778,1.47782
2024-05-31 22:00:00,1.4778,1.47871,1.47746,1.47845
2024-05-31 23:00:00,1.47846,1.4788700000000001,1.47754,1.47813
2024-06-03 00:00:00,1.4788999999999999,1.4788999999999999,1.47729,1.47801
2024-06-03 01:00:00,1.4779499999999999,1.4792399999999999,1.47794,1.47862
2024-06-03 02:00:00,1.4786000000000001,1.4786000000000001,1.478,1.47803
2024-06-03 03:00:00,1.47803,1.47824,1.47715,1.47735
2024-06-03 04:00:00,1.47737,1.47815,1.47728,1.47811
2024-06-03 05:00:00,1.47811,1.47869,1.4779200000000001,1.47861
2024-06-03 06:00:00,1.47862,1.47933,1.4786000000000001,1.47866
2024-06-03 07:00:00,1.47865,1.47915,1.47858,1.47882
2024-06-03 08:00:00,1.47882,1.47999,1.47859,1.4799
2024-06-03 09:00:00,1.47987,1.48135,1.47971,1.4813
2024-06-03 10:00:00,1.48129,1.4816,1.48024,1.48024
2024-06-03 11:00:00,1.48024,1.48027,1.4792100000000001,1.48019
2024-06-03 12:00:00,1.48015,1.48094,1.47997,1.48041
2024-06-03 13:00:00,1.4803899999999999,1.48041,1.47907,1.47995
2024-06-03 14:00:00,1.47997,1.48003,1.47847,1.47876
2024-06-03 15:00:00,1.47876,1.47886,1.47698,1.4774
2024-06-03 16:00:00,1.47739,1.47994,1.47739,1.47884
2024-06-03 17:00:00,1.4794,1.48243,1.47926,1.48153
2024-06-03 18:00:00,1.48156,1.48418,1.48156,1.48395
2024-06-03 19:00:00,1.48395,1.48536,1.48373,1.48502
2024-06-03 20:00:00,1.48501,1.48643,1.48491,1.48628
2024-06-03 21:00:00,1.4862600000000001,1.48715,1.48579,1.48702
2024-06-03 22:00:00,1.48703,1.48703,1.48617,1.48637
2024-06-03 23:00:00,1.48635,1.48636,1.4856,1.48584
2024-06-04 00:00:00,1.48567,1.48582,1.48406,1.48566
2024-06-04 01:00:00,1.48567,1.48647,1.48567,1.48642
2024-06-04 02:00:00,1.48641,1.48658,1.48634,1.4864899999999999
2024-06-04 03:00:00,1.4865,1.48735,1.48629,1.48698
2024-06-04 04:00:00,1.48697,1.48801,1.48695,1.48739
2024-06-04 05:00:00,1.48739,1.4878,1.48726,1.4873
2024-06-04 06:00:00,1.4873,1.48789,1.48726,1.48749
2024-06-04 07:00:00,1.48749,1.48789,1.48732,1.48788
2024-06-04 08:00:00,1.48788,1.48855,1.4877799999999999,1.48814
2024-06-04 09:00:00,1.48811,1.4883600000000001,1.48735,1.48735
2024-06-04 10:00:00,1.48735,1.4887299999999999,1.48732,1.4886300000000001
2024-06-04 11:00:00,1.48864,1.48942,1.48776,1.48844
2024-06-04 12:00:00,1.48844,1.48901,1.4879,1.4886
2024-06-04 13:00:00,1.4886,1.48881,1.48752,1.48781
2024-06-04 14:00:00,1.48783,1.48796,1.48572,1.48576
2024-06-04 15:00:00,1.48575,1.48632,1.48575,1.48605
2024-06-04 16:00:00,1.48606,1.48761,1.48547,1.48685
2024-06-04 17:00:00,1.48644,1.48907,1.48597,1.4885
2024-06-04 18:00:00,1.48849,1.48921,1.48796,1.48872
2024-06-04 19:00:00,1.4887299999999999,1.48963,1.48862,1.48883
2024-06-04 20:00:00,1.48883,1.48916,1.48825,1.4885
2024-06-04 21:00:00,1.4885,1.48867,1.48804,1.48857
2024-06-04 22:00:00,1.48857,1.48901,1.4879,1.48807
2024-06-04 23:00:00,1.48808,1.48815,1.4875099999999999,1.48761
2024-06-05 00:00:00,1.48762,1.48804,1.4870999999999999,1.48792
2024-06-05 01:00:00,1.48795,1.48816,1.48773,1.48792
2024-06-05 02:00:00,1.48791,1.48826,1.48789,1.48825
2024-06-05 03:00:00,1.48826,1.48845,1.4878,1.48844
2024-06-05 04:00:00,1.48844,1.4887299999999999,1.48769,1.48769
2024-06-05 05:00:00,1.4877,1.48791,1.48759,1.48762
2024-06-05 06:00:00,1.48763,1.4877099999999999,1.48708,1.48738
2024-06-05 07:00:00,1.48737,1.48774,1.48732,1.4876800000000001
2024-06-05 08:00:00,1.48767,1.48785,1.4874,1.48763
2024-06-05 09:00:00,1.48762,1.48806,1.48694,1.4876800000000001
2024-06-05 10:00:00,1.48766,1.4880499999999999,1.48632,1.48634
2024-06-05 11:00:00,1.48637,1.48793,1.48629,1.48769
2024-06-05 12:00:00,1.4876,1.48853,1.4875099999999999,1.48803
2024-06-05 13:00:00,1.4880200000000001,1.4880200000000001,1.48661,1.48674
2024-06-05 14:00:00,1.48674,1.48701,1.4856500000000001,1.48651
2024-06-05 15:00:00,1.48657,1.48815,1.48651,1.48769
2024-06-05 16:00:00,1.4877,1.49268,1.48737,1.49177
2024-06-05 17:00:00,1.4903,1.49285,1.48997,1.4905599999999999
2024-06-05 18:00:00,1.4906,1.4907,1.48855,1.4889999999999999
2024-06-05 19:00:00,1.4889999999999999,1.48911,1.4882900000000001,1.48835
2024-06-05 20:00:00,1.48834,1.4887299999999999,1.48763,1.48819
2024-06-05 21:00:00,1.48819,1.48871,1.48773,1.48871
2024-06-05 22:00:00,1.48872,1.48881,1.4881199999999999,1.48858
2024-06-05 23:00:00,1.48856,1.48884,1.48799,1.48816
2024-06-06 00:00:00,1.48811,1.48838,1.4874800000000001,1.48818
2024-06-06 01:00:00,1.48821,1.48895,1.4880499999999999,1.48894
2024-06-06 02:00:00,1.4889299999999999,1.48898,1.48845,1.48856
2024-06-06 03:00:00,1.48858,1.4887000000000001,1.48834,1.4886
2024-06-06 04:00:00,1.4886,1.48909,1.48855,1.48888
2024-06-06 05:00:00,1.48886,1.4892699999999999,1.48844,1.48922
2024-06-06 06:00:00,1.48922,1.48965,1.48901,1.48947
2024-06-06 07:00:00,1.48948,1.48953,1.4889000000000001,1.48911
2024-06-06 08:00:00,1.4891,1.48917,1.48864,1.48888
2024-06-06 09:00:00,1.48886,1.48886,1.48792,1.48856
2024-06-06 10:00:00,1.48854,1.48907,1.48817,1.48871
2024-06-06 11:00:00,1.4887000000000001,1.48936,1.48844,1.48936
2024-06-06 12:00:00,1.4893,1.48991,1.48899,1.48904
2024-06-06 13:00:00,1.48904,1.48939,1.48855,1.4886300000000001
2024-06-06 14:00:00,1.48862,1.48865,1.4876,1.48801
2024-06-06 15:00:00,1.4880499999999999,1.4923199999999999,1.48764,1.4908299999999999
2024-06-06 16:00:00,1.49073,1.49215,1.4889700000000001,1.48957
2024-06-06 17:00:00,1.4895100000000001,1.4910999999999999,1.48926,1.491
2024-06-06 18:00:00,1.49102,1.49122,1.48911,1.48915
2024-06-06 19:00:00,1.48914,1.49018,1.48889,1.4889299999999999
2024-06-06 20:00:00,1.4889299999999999,1.48919,1.48851,1.48881
2024-06-06 21:00:00,1.48881,1.48915,1.4883199999999999,1.48865
2024-06-06 22:00:00,1.4886300000000001,1.48902,1.48828,1.48849
2024-06-06 23:00:00,1.48846,1.48906,1.48804,1.48813
2024-06-07 00:00:00,1.48797,1.48856,1.48692,1.48824
2024-06-07 01:00:00,1.48835,1.48875,1.48815,1.48871
2024-06-07 02:00:00,1.48872,1.48883,1.48855,1.4887000000000001
2024-06-07 03:00:00,1.4887000000000001,1.48871,1.48815,1.4883199999999999
2024-06-07 04:00:00,1.48828,1.48928,1.48817,1.48921
2024-06-07 05:00:00,1.48921,1.4895399999999999,1.48916,1.48944
2024-06-07 06:00:00,1.48944,1.4896,1.48903,1.48904
2024-06-07 07:00:00,1.48903,1.4891,1.4888,1.48884
2024-06-07 08:00:00,1.48885,1.48901,1.48857,1.4886
2024-06-07 09:00:00,1.48858,1.4893100000000001,1.48822,1.48885
2024-06-07 10:00:00,1.48884,1.48973,1.48876,1.48938
2024-06-07 11:00:00,1.48938,1.49001,1.48881,1.48989
2024-06-07 12:00:00,1.4898799999999999,1.49077,1.48978,1.49024
2024-06-07 13:00:00,1.49021,1.49062,1.49003,1.49029
2024-06-07 14:00:00,1.49029,1.49071,1.48977,1.49006
2024-06-07 15:00:00,1.49006,1.49065,1.4858799999999999,1.48642
2024-06-07 16:00:00,1.4864,1.48642,1.48437,1.48516
2024-06-07 17:00:00,1.48518,1.4858799999999999,1.48449,1.48551
2024-06-07 18:00:00,1.48551,1.48658,1.48544,1.48575
2024-06-07 19:00:00,1.48574,1.48661,1.48513,1.48514
2024-06-07 20:00:00,1.48517,1.48572,1.4851,1.4856500000000001
2024-06-07 21:00:00,1.48566,1.48596,1.48507,1.48519
2024-06-07 22:00:00,1.48519,1.48599,1.4850400000000001,1.48587
2024-06-07 23:00:00,1.4858799999999999,1.48697,1.4858500000000001,1.48673
2024-06-10 00:00:00,1.4824,1.48311,1.48023,1.48239
2024-06-10 01:00:00,1.48239,1.48376,1.48207,1.4831400000000001
2024-06-10 02:00:00,1.48315,1.4834100000000001,1.48278,1.48298
2024-06-10 03:00:00,1.48305,1.48368,1.48278,1.4834100000000001
2024-06-10 04:00:00,1.4834,1.4837500000000001,1.48274,1.48277
2024-06-10 05:00:00,1.48278,1.48285,1.48202,1.48209
2024-06-10 06:00:00,1.48209,1.48215,1.48106,1.48113
2024-06-10 07:00:00,1.48113,1.48113,1.4801199999999999,1.48044
2024-06-10 08:00:00,1.48042,1.48058,1.47959,1.47986
2024-06-10 09:00:00,1.4797799999999999,1.48075,1.47895,1.48017
2024-06-10 10:00:00,1.48017,1.482,1.47968,1.4816
2024-06-10 11:00:00,1.48162,1.4827,1.48162,1.48196
2024-06-10 12:00:00,1.48196,1.48202,1.48007,1.48021
2024-06-10 13:00:00,1.48021,1.48037,1.4786000000000001,1.47913
2024-06-10 14:00:00,1.47915,1.48061,1.47908,1.48042
2024-06-10 15:00:00,1.48044,1.48084,1.47886,1.47895
2024-06-10 16:00:00,1.47894,1.48026,1.47878,1.4794100000000001
2024-06-10 17:00:00,1.4794100000000001,1.4795,1.47858,1.4786000000000001
2024-06-10 18:00:00,1.47861,1.47906,1.47817,1.47868
2024-06-10 19:00:00,1.47866,1.48074,1.47865,1.48014
2024-06-10 20:00:00,1.48014,1.48096,1.47989,1.4804
2024-06-10 21:00:00,1.4804,1.4809,1.4800499999999999,1.48086
2024-06-10 22:00:00,1.48085,1.48145,1.48082,1.4811
2024-06-10 23:00:00,1.48111,1.48123,1.48078,1.48095
2024-06-11 00:00:00,1.48094,1.48094,1.47965,1.4808
2024-06-11 01:00:00,1.48085,1.4813399999999999,1.48061,1.48133
2024-06-11 02:00:00,1.48133,1.48148,1.48099,1.48106
2024-06-11 03:00:00,1.4810699999999999,1.48149,1.48106,1.48142
2024-06-11 04:00:00,1.48143,1.48207,1.48122,1.48194
2024-06-11 05:00:00,1.4819499999999999,1.4825300000000001,1.4819499999999999,1.48246
2024-06-11 06:00:00,1.48246,1.4825599999999999,1.4822199999999999,1.48242
2024-06-11 07:00:00,1.48241,1.48257,1.4822199999999999,1.4823
2024-06-11 08:00:00,1.4822899999999999,1.48232,1.48125,1.48132
2024-06-11 09:00:00,1.48133,1.48223,1.48129,1.48181
2024-06-11 10:00:00,1.48179,1.48237,1.48129,1.48136
2024-06-11 11:00:00,1.48135,1.48152,1.47931,1.47933
2024-06-11 12:00:00,1.47932,1.48117,1.47908,1.48082
2024-06-11 13:00:00,1.48071,1.4813399999999999,1.4787,1.47904
2024-06-11 14:00:00,1.47909,1.47973,1.47789,1.47844
2024-06-11 15:00:00,1.47844,1.4786000000000001,1.4773800000000001,1.4781
2024-06-11 16:00:00,1.4781,1.47922,1.47681,1.47806
2024-06-11 17:00:00,1.47806,1.47847,1.4763,1.47678
2024-06-11 18:00:00,1.47676,1.47776,1.47665,1.47744
2024-06-11 19:00:00,1.47741,1.4785300000000001,1.47739,1.47753
2024-06-11 20:00:00,1.47753,1.47827,1.47747,1.47801
2024-06-11 21:00:00,1.478,1.47807,1.47729,1.4775
2024-06-11 22:00:00,1.4775,1.47807,1.47718,1.47718
2024-06-11 23:00:00,1.47717,1.47763,1.47709,1.47751
2024-06-12 00:00:00,1.47733,1.47769,1.47621,1.47742
2024-06-12 01:00:00,1.47745,1.47775,1.47718,1.47747
2024-06-12 02:00:00,1.4773800000000001,1.47757,1.47708,1.47723
2024-06-12 03:00:00,1.47723,1.47727,1.47674,1.47718
2024-06-12 04:00:00,1.47719,1.4773,1.47675,1.47678
2024-06-12 05:00:00,1.47678,1.47714,1.47669,1.47682
2024-06-12 06:00:00,1.47682,1.47699,1.47669,1.47675
2024-06-12 07:00:00,1.47674,1.47683,1.4764300000000001,1.47654
2024-06-12 08:00:00,1.47655,1.47714,1.47644,1.47711
2024-06-12 09:00:00,1.47712,1.4773100000000001,1.47651,1.47714
2024-06-12 10:00:00,1.47716,1.47741,1.47634,1.47683
2024-06-12 11:00:00,1.47683,1.47833,1.47683,1.47762
2024-06-12 12:00:00,1.47763,1.47833,1.47727,1.47811
2024-06-12 13:00:00,1.47812,1.47902,1.47796,1.47895
2024-06-12 14:00:00,1.47898,1.47949,1.4787,1.47928
2024-06-12 15:00:00,1.47927,1.48305,1.47876,1.4821900000000001
2024-06-12 16:00:00,1.4822,1.48338,1.4813,1.48308
2024-06-12 17:00:00,1.48308,1.48506,1.48138,1.48505
2024-06-12 18:00:00,1.48505,1.4858799999999999,1.4845,1.48451
2024-06-12 19:00:00,1.48452,1.48491,1.48379,1.48391
2024-06-12 20:00:00,1.48391,1.48488,1.48387,1.48447
2024-06-12 21:00:00,1.4852699999999999,1.48579,1.48291,1.48292
2024-06-12 22:00:00,1.48294,1.48433,1.48289,1.48327
2024-06-12 23:00:00,1.48323,1.4834800000000001,1.4828000000000001,1.48318
2024-06-13 00:00:00,1.48321,1.48331,1.48086,1.48292
2024-06-13 01:00:00,1.48292,1.48382,1.48292,1.48331
2024-06-13 02:00:00,1.4833,1.48397,1.48323,1.4836
2024-06-13 03:00:00,1.48358,1.48444,1.48349,1.4843199999999999
2024-06-13 04:00:00,1.48431,1.48489,1.48418,1.48448
2024-06-13 05:00:00,1.48448,1.48485,1.48438,1.48479
2024-06-13 06:00:00,1.48479,1.48495,1.48465,1.4847299999999999
2024-06-13 07:00:00,1.48472,1.48481,1.48449,1.48464
2024-06-13 08:00:00,1.48464,1.48523,1.48434,1.48501
2024-06-13 09:00:00,1.48498,1.4853100000000001,1.48458,1.48476
2024-06-13 10:00:00,1.48478,1.4861,1.48475,1.4859
2024-06-13 11:00:00,1.4858799999999999,1.48593,1.4841,1.4841
2024-06-13 12:00:00,1.4840900000000001,1.48487,1.48387,1.4843
2024-06-13 13:00:00,1.4843,1.4850400000000001,1.48362,1.48387
2024-06-13 14:00:00,1.48387,1.48394,1.48271,1.48276
2024-06-13 15:00:00,1.48274,1.48392,1.48163,1.48224
2024-06-13 16:00:00,1.48224,1.48397,1.48154,1.4824899999999999
2024-06-13 17:00:00,1.4824899999999999,1.4828999999999999,1.4807299999999999,1.48149
2024-06-13 18:00:00,1.4815,1.48167,1.47838,1.4785599999999999
2024-06-13 19:00:00,1.47857,1.47915,1.47602,1.4760900000000001
2024-06-13 20:00:00,1.4761,1.47694,1.47553,1.47676
2024-06-13 21:00:00,1.4767700000000001,1.47695,1.47554,1.47567
2024-06-13 22:00:00,1.47571,1.47604,1.4754,1.4755
2024-06-13 23:00:00,1.4755,1.47621,1.47496,1.47535
2024-06-14 00:00:00,1.47535,1.47566,1.4737,1.47513
2024-06-14 01:00:00,1.47515,1.47589,1.47496,1.47589
2024-06-14 02:00:00,1.47586,1.47602,1.47564,1.47576
2024-06-14 03:00:00,1.47576,1.47631,1.47563,1.47611
2024-06-14 04:00:00,1.47611,1.47652,1.47553,1.47556
2024-06-14 05:00:00,1.4755099999999999,1.47597,1.4755099999999999,1.47567
2024-06-14 06:00:00,1.47563,1.47597,1.47547,1.47588
2024-06-14 07:00:00,1.47588,1.47598,1.47532,1.47542
2024-06-14 08:00:00,1.47543,1.47554,1.47476,1.47493
2024-06-14 09:00:00,1.47496,1.47537,1.47317,1.47414
2024-06-14 10:00:00,1.47413,1.4748299999999999,1.47227,1.47233
2024-06-14 11:00:00,1.47231,1.47278,1.47051,1.4709400000000001
2024-06-14 12:00:00,1.4709400000000001,1.47095,1.46903,1.47046
2024-06-14 13:00:00,1.47046,1.47204,1.47006,1.47192
2024-06-14 14:00:00,1.47192,1.47208,1.47089,1.47103
2024-06-14 15:00:00,1.47104,1.472,1.4699200000000001,1.47136
2024-06-14 16:00:00,1.47138,1.47173,1.46917,1.46929
2024-06-14 17:00:00,1.46951,1.47095,1.46933,1.47009
2024-06-14 18:00:00,1.47009,1.47073,1.46958,1.46979
2024-06-14 19:00:00,1.46975,1.47017,1.46882,1.46922
2024-06-14 20:00:00,1.46922,1.47007,1.4691,1.46997
2024-06-14 21:00:00,1.46996,1.47042,1.46979,1.47001
2024-06-14 22:00:00,1.4700199999999999,1.4705,1.47,1.47015
2024-06-14 23:00:00,1.47019,1.47046,1.46909,1.4696
2024-06-17 00:00:00,1.47,1.47077,1.46858,1.4696799999999999
2024-06-17 01:00:00,1.4696500000000001,1.47043,1.46945,1.47023
2024-06-17 02:00:00,1.47022,1.47031,1.46986,1.4699499999999999
2024-06-17 03:00:00,1.46996,1.47027,1.4697,1.47022
2024-06-17 04:00:00,1.47021,1.47079,1.47009,1.47018
2024-06-17 05:00:00,1.47021,1.47095,1.47011,1.47092
2024-06-17 06:00:00,1.47089,1.4711,1.47066,1.47093
2024-06-17 07:00:00,1.4709400000000001,1.47108,1.4706299999999999,1.47088
2024-06-17 08:00:00,1.47088,1.47105,1.47038,1.47054
2024-06-17 09:00:00,1.47038,1.47078,1.46936,1.46998
2024-06-17 10:00:00,1.4699900000000001,1.4709699999999999,1.4693399999999999,1.47055
2024-06-17 11:00:00,1.47057,1.47176,1.47049,1.47122
2024-06-17 12:00:00,1.47122,1.4721600000000001,1.47118,1.47171
2024-06-17 13:00:00,1.4717,1.47206,1.4711400000000001,1.47159
2024-06-17 14:00:00,1.4715799999999999,1.4727700000000001,1.4715099999999999,1.4721899999999999
2024-06-17 15:00:00,1.47217,1.47324,1.47217,1.47289
2024-06-17 16:00:00,1.4729,1.47352,1.47255,1.4727999999999999
2024-06-17 17:00:00,1.4727999999999999,1.47497,1.47263,1.47471
2024-06-17 18:00:00,1.47465,1.47496,1.47413,1.47447
2024-06-17 19:00:00,1.47448,1.47452,1.4733,1.4736099999999999
2024-06-17 20:00:00,1.4736,1.47364,1.47249,1.47269
2024-06-17 21:00:00,1.47269,1.47345,1.47256,1.47318
2024-06-17 22:00:00,1.47318,1.47354,1.47264,1.47264
2024-06-17 23:00:00,1.47267,1.47314,1.4726,1.47275
2024-06-18 00:00:00,1.47282,1.47298,1.4721199999999999,1.47245
2024-06-18 01:00:00,1.47238,1.47354,1.47238,1.47325
2024-06-18 02:00:00,1.47324,1.47336,1.47286,1.47287
2024-06-18 03:00:00,1.47289,1.4729,1.47249,1.47287
2024-06-18 04:00:00,1.47286,1.4730699999999999,1.4723600000000001,1.47294
2024-06-18 05:00:00,1.47295,1.47327,1.47274,1.47316
2024-06-18 06:00:00,1.47315,1.47347,1.47283,1.47332
2024-06-18 07:00:00,1.4733399999999999,1.47377,1.47303,1.47316
2024-06-18 08:00:00,1.47316,1.4732,1.47234,1.4727299999999999
2024-06-18 09:00:00,1.4727000000000001,1.4741,1.47262,1.47409
2024-06-18 10:00:00,1.4741,1.47469,1.47367,1.47396
2024-06-18 11:00:00,1.47394,1.47471,1.47371,1.47412
2024-06-18 12:00:00,1.47408,1.47435,1.47355,1.47362
2024-06-18 13:00:00,1.4736099999999999,1.4738,1.47298,1.4734099999999999
2024-06-18 14:00:00,1.47342,1.4739499999999999,1.47278,1.47388
2024-06-18 15:00:00,1.47388,1.47403,1.47205,1.4738
2024-06-18 16:00:00,1.47378,1.4745,1.4731,1.47436
2024-06-18 17:00:00,1.47445,1.47545,1.4731,1.474
2024-06-18 18:00:00,1.474,1.4742,1.47234,1.4736500000000001
2024-06-18 19:00:00,1.4736500000000001,1.47381,1.47295,1.4733800000000001
2024-06-18 20:00:00,1.47336,1.4737,1.47282,1.47293
2024-06-18 21:00:00,1.47292,1.47351,1.47247,1.47306
2024-06-18 22:00:00,1.47306,1.47345,1.4727700000000001,1.47311
2024-06-18 23:00:00,1.47309,1.47327,1.47288,1.4730699999999999
2024-06-19 00:00:00,1.47289,1.4732,1.47222,1.4729999999999999
2024-06-19 01:00:00,1.47298,1.47321,1.47295,1.47318
2024-06-19 02:00:00,1.47319,1.4732,1.47293,1.47293
2024-06-19 03:00:00,1.47294,1.4733,1.47281,1.47313
2024-06-19 04:00:00,1.47313,1.47323,1.47284,1.47314
2024-06-19 05:00:00,1.47315,1.47323,1.47253,1.47269
2024-06-19 06:00:00,1.4727000000000001,1.47321,1.47265,1.47318
2024-06-19 07:00:00,1.47319,1.47323,1.47301,1.47319
2024-06-19 08:00:00,1.47319,1.47322,1.47268,1.4729999999999999
2024-06-19 09:00:00,1.47296,1.4733399999999999,1.4720900000000001,1.47287
2024-06-19 10:00:00,1.47286,1.47323,1.47176,1.47263
2024-06-19 11:00:00,1.47262,1.4734,1.4723600000000001,1.47317
2024-06-19 12:00:00,1.47317,1.4734,1.47222,1.47274
2024-06-19 13:00:00,1.47275,1.47403,1.47238,1.47376
2024-06-19 14:00:00,1.47378,1.47427,1.47327,1.4736799999999999
2024-06-19 15:00:00,1.4736799999999999,1.47403,1.47271,1.47274
2024-06-19 16:00:00,1.47274,1.47313,1.4721899999999999,1.47221
2024-06-19 17:00:00,1.47221,1.4729,1.47196,1.47266
2024-06-19 18:00:00,1.47266,1.47356,1.47215,1.47345
2024-06-19 19:00:00,1.47344,1.47391,1.47322,1.47369
2024-06-19 20:00:00,1.47369,1.47371,1.47333,1.4733800000000001
2024-06-19 21:00:00,1.47337,1.47346,1.47303,1.47312
2024-06-19 22:00:00,1.47313,1.47326,1.47292,1.4729700000000001
2024-06-19 23:00:00,1.4729700000000001,1.4729700000000001,1.4721,1.47242
2024-06-20 00:00:00,1.47217,1.47274,1.47068,1.47247
2024-06-20 01:00:00,1.4724599999999999,1.47287,1.47233,1.47278
2024-06-20 02:00:00,1.4727700000000001,1.47303,1.47266,1.47294
2024-06-20 03:00:00,1.47295,1.47367,1.47284,1.47356
2024-06-20 04:00:00,1.4735800000000001,1.47379,1.47328,1.47349
2024-06-20 05:00:00,1.47348,1.47354,1.47276,1.47283
2024-06-20 06:00:00,1.47283,1.4729999999999999,1.47269,1.47275
2024-06-20 07:00:00,1.47274,1.47311,1.47263,1.47306
2024-06-20 08:00:00,1.4730699999999999,1.47313,1.47245,1.47245
2024-06-20 09:00:00,1.4724599999999999,1.47248,1.4714800000000001,1.47181
2024-06-20 10:00:00,1.4718,1.47187,1.47055,1.47055
2024-06-20 11:00:00,1.4705599999999999,1.4705599999999999,1.4693100000000001,1.47017
2024-06-20 12:00:00,1.47017,1.47118,1.46985,1.4708999999999999
2024-06-20 13:00:00,1.4708700000000001,1.47156,1.47073,1.47102
2024-06-20 14:00:00,1.47102,1.47127,1.46913,1.46937
2024-06-20 15:00:00,1.46932,1.47048,1.46814,1.46844
2024-06-20 16:00:00,1.46842,1.46969,1.46814,1.46865
2024-06-20 17:00:00,1.46861,1.46924,1.46788,1.46797
2024-06-20 18:00:00,1.46793,1.46828,1.4668,1.46734
2024-06-20 19:00:00,1.46734,1.46763,1.46642,1.46673
2024-06-20 20:00:00,1.46672,1.46741,1.46657,1.46671
2024-06-20 21:00:00,1.46672,1.46701,1.46591,1.4659900000000001
2024-06-20 22:00:00,1.46598,1.46613,1.46461,1.46462
2024-06-20 23:00:00,1.46461,1.46527,1.46459,1.4647299999999999
2024-06-21 00:00:00,1.46467,1.46532,1.4641,1.4652
2024-06-21 01:00:00,1.46516,1.46522,1.46479,1.465
2024-06-21 02:00:00,1.465,1.46525,1.4649,1.46501
2024-06-21 03:00:00,1.46503,1.46576,1.46487,1.46555
2024-06-21 04:00:00,1.46553,1.46583,1.46537,1.46557
2024-06-21 05:00:00,1.46557,1.46641,1.46554,1.46627
2024-06-21 06:00:00,1.4662600000000001,1.46628,1.46571,1.46607
2024-06-21 07:00:00,1.46607,1.46611,1.46583,1.46604
2024-06-21 08:00:00,1.46603,1.46606,1.46545,1.4656799999999999
2024-06-21 09:00:00,1.4656500000000001,1.46615,1.46503,1.46527
2024-06-21 10:00:00,1.46525,1.46539,1.46125,1.46209
2024-06-21 11:00:00,1.4620199999999999,1.4638,1.46183,1.46349
2024-06-21 12:00:00,1.46349,1.46467,1.46306,1.46449
2024-06-21 13:00:00,1.46449,1.46465,1.46257,1.46279
2024-06-21 14:00:00,1.46279,1.46361,1.46243,1.46344
2024-06-21 15:00:00,1.46344,1.4652,1.463,1.4650699999999999
2024-06-21 16:00:00,1.46506,1.4660199999999999,1.46354,1.46364
2024-06-21 17:00:00,1.46353,1.46518,1.4633099999999999,1.4635500000000001
2024-06-21 18:00:00,1.46354,1.46558,1.46342,1.4651
2024-06-21 19:00:00,1.46512,1.46571,1.46487,1.46533
2024-06-21 20:00:00,1.46533,1.46557,1.46478,1.46523
2024-06-21 21:00:00,1.46525,1.46576,1.46493,1.46495
2024-06-21 22:00:00,1.46495,1.46512,1.46432,1.46441
2024-06-21 23:00:00,1.4644300000000001,1.4647700000000001,1.46368,1.46368
2024-06-24 00:00:00,1.46353,1.46442,1.4622899999999999,1.46407
2024-06-24 01:00:00,1.4638200000000001,1.46448,1.46377,1.46418
2024-06-24 02:00:00,1.4641899999999999,1.46439,1.46407,1.46421
2024-06-24 03:00:00,1.46423,1.46474,1.464,1.46447
2024-06-24 04:00:00,1.46448,1.46491,1.4644,1.46484
2024-06-24 05:00:00,1.46486,1.46492,1.46399,1.46417
2024-06-24 06:00:00,1.46417,1.46445,1.4640900000000001,1.46434
2024-06-24 07:00:00,1.46435,1.46454,1.46426,1.46449
2024-06-24 08:00:00,1.46449,1.4647999999999999,1.46439,1.4647000000000001
2024-06-24 09:00:00,1.46469,1.46556,1.46449,1.4647700000000001
2024-06-24 10:00:00,1.46486,1.46601,1.46469,1.4657200000000001
2024-06-24 11:00:00,1.46573,1.46603,1.46492,1.46523
2024-06-24 12:00:00,1.4652,1.467,1.46512,1.46625
2024-06-24 13:00:00,1.46624,1.46754,1.4661,1.46733
2024-06-24 14:00:00,1.46731,1.46835,1.46716,1.46834
2024-06-24 15:00:00,1.46833,1.46895,1.46781,1.46889
2024-06-24 16:00:00,1.46888,1.46953,1.46659,1.46775
2024-06-24 17:00:00,1.46775,1.46813,1.4655,1.46588
2024-06-24 18:00:00,1.46586,1.46606,1.46445,1.46526
2024-06-24 19:00:00,1.46526,1.46566,1.46452,1.46486
2024-06-24 20:00:00,1.46486,1.46574,1.46457,1.46509
2024-06-24 21:00:00,1.46509,1.4658,1.46469,1.46553
2024-06-24 22:00:00,1.46553,1.4659499999999999,1.46532,1.46588
2024-06-24 23:00:00,1.46586,1.46637,1.46557,1.46597
2024-06-25 00:00:00,1.46562,1.46587,1.46432,1.46553
2024-06-25 01:00:00,1.46559,1.46588,1.46546,1.46578
2024-06-25 02:00:00,1.46577,1.46584,1.46558,1.46576
2024-06-25 03:00:00,1.4657499999999999,1.4659200000000001,1.46547,1.4657
2024-06-25 04:00:00,1.46569,1.4659499999999999,1.46553,1.4656
2024-06-25 05:00:00,1.46559,1.46571,1.46529,1.46552
2024-06-25 06:00:00,1.46553,1.46559,1.4647000000000001,1.46482
2024-06-25 07:00:00,1.46481,1.4654099999999999,1.46463,1.46536
2024-06-25 08:00:00,1.46537,1.46585,1.4653399999999999,1.46585
2024-06-25 09:00:00,1.46586,1.4659200000000001,1.46502,1.46503
2024-06-25 10:00:00,1.46496,1.4651,1.46347,1.46401
2024-06-25 11:00:00,1.464,1.46527,1.46378,1.46512
2024-06-25 12:00:00,1.46513,1.46559,1.46471,1.46489
2024-06-25 13:00:00,1.46488,1.46583,1.46452,1.4647999999999999
2024-06-25 14:00:00,1.46479,1.4656,1.46437,1.46481
2024-06-25 15:00:00,1.4647999999999999,1.4653,1.45917,1.4616500000000001
2024-06-25 16:00:00,1.46163,1.4620600000000001,1.46078,1.46171
2024-06-25 17:00:00,1.4617499999999999,1.4626299999999999,1.46101,1.46188
2024-06-25 18:00:00,1.46188,1.46254,1.46123,1.46204
2024-06-25 19:00:00,1.46207,1.46322,1.46203,1.46269
2024-06-25 20:00:00,1.4627,1.46349,1.46231,1.46283
2024-06-25 21:00:00,1.4628,1.4634,1.46264,1.46326
2024-06-25 22:00:00,1.46325,1.4634800000000001,1.4628700000000001,1.46315
2024-06-25 23:00:00,1.46314,1.46352,1.46307,1.46311
2024-06-26 00:00:00,1.46315,1.46332,1.46085,1.4628999999999999
2024-06-26 01:00:00,1.46278,1.46332,1.46278,1.46323
2024-06-26 02:00:00,1.4632100000000001,1.4632399999999999,1.46285,1.46299
2024-06-26 03:00:00,1.46298,1.46364,1.46286,1.46353
2024-06-26 04:00:00,1.46354,1.46379,1.46261,1.46304
2024-06-26 05:00:00,1.46304,1.46318,1.46239,1.4625
2024-06-26 06:00:00,1.46248,1.4628700000000001,1.46238,1.46279
2024-06-26 07:00:00,1.46278,1.46282,1.46243,1.46268
2024-06-26 08:00:00,1.46268,1.46283,1.46195,1.46207
2024-06-26 09:00:00,1.46205,1.46222,1.46082,1.46097
2024-06-26 10:00:00,1.46097,1.46164,1.46021,1.4614
2024-06-26 11:00:00,1.46132,1.46243,1.46124,1.46223
2024-06-26 12:00:00,1.46224,1.46246,1.46099,1.46129
2024-06-26 13:00:00,1.46129,1.46242,1.4610699999999999,1.4622899999999999
2024-06-26 14:00:00,1.4623,1.46372,1.46227,1.46363
2024-06-26 15:00:00,1.46362,1.46366,1.46133,1.46133
2024-06-26 16:00:00,1.46126,1.4623300000000001,1.4607700000000001,1.46137
2024-06-26 17:00:00,1.46135,1.46414,1.46132,1.46252
2024-06-26 18:00:00,1.46249,1.46372,1.46204,1.46318
2024-06-26 19:00:00,1.46318,1.46414,1.46281,1.4634
2024-06-26 20:00:00,1.46339,1.46414,1.46278,1.46306
2024-06-26 21:00:00,1.46306,1.46352,1.463,1.46341
2024-06-26 22:00:00,1.4634,1.46366,1.4629699999999999,1.46323
2024-06-26 23:00:00,1.46323,1.46359,1.46291,1.46325
2024-06-27 00:00:00,1.46308,1.46313,1.4607700000000001,1.4629400000000001
2024-06-27 01:00:00,1.46307,1.46366,1.46307,1.46363
2024-06-27 02:00:00,1.46366,1.46383,1.46345,1.46353
2024-06-27 03:00:00,1.46354,1.46413,1.46354,1.46375
2024-06-27 04:00:00,1.46375,1.46436,1.46363,1.46428
2024-06-27 05:00:00,1.46429,1.46463,1.46415,1.46436
2024-06-27 06:00:00,1.46436,1.4645299999999999,1.46421,1.46447
2024-06-27 07:00:00,1.46447,1.46459,1.46417,1.46424
2024-06-27 08:00:00,1.46423,1.46462,1.46414,1.4645299999999999
2024-06-27 09:00:00,1.46447,1.46448,1.46374,1.46393
2024-06-27 10:00:00,1.46388,1.4642,1.46299,1.46315
2024-06-27 11:00:00,1.46314,1.46325,1.46193,1.46245
2024-06-27 12:00:00,1.46243,1.46386,1.4623599999999999,1.46345
2024-06-27 13:00:00,1.46344,1.46461,1.46288,1.46457
2024-06-27 14:00:00,1.46456,1.4651399999999999,1.46421,1.46426
2024-06-27 15:00:00,1.46427,1.46723,1.46332,1.46679
2024-06-27 16:00:00,1.4668,1.46811,1.46671,1.46695
2024-06-27 17:00:00,1.46693,1.46735,1.4657200000000001,1.46623
2024-06-27 18:00:00,1.4662600000000001,1.4666299999999999,1.46524,1.46613
2024-06-27 19:00:00,1.46612,1.46677,1.46532,1.46555
2024-06-27 20:00:00,1.46555,1.46564,1.4645000000000001,1.46528
2024-06-27 21:00:00,1.46529,1.46605,1.4651,1.46574
2024-06-27 22:00:00,1.46574,1.46589,1.4653,1.4654099999999999
2024-06-27 23:00:00,1.4654099999999999,1.46638,1.4654099999999999,1.46628
2024-06-28 00:00:00,1.46638,1.46706,1.46522,1.46605
2024-06-28 01:00:00,1.46605,1.46692,1.46597,1.46688
2024-06-28 02:00:00,1.4668700000000001,1.46719,1.46673,1.4668700000000001
2024-06-28 03:00:00,1.46686,1.46768,1.46669,1.4675799999999999
2024-06-28 04:00:00,1.46757,1.46807,1.4672,1.4675500000000001
2024-06-28 05:00:00,1.46754,1.4676,1.46661,1.46684
2024-06-28 06:00:00,1.46685,1.46726,1.46668,1.46725
2024-06-28 07:00:00,1.46725,1.46763,1.46702,1.46726
2024-06-28 08:00:00,1.46725,1.46786,1.46719,1.46756
2024-06-28 09:00:00,1.46753,1.4677,1.46675,1.46688
2024-06-28 10:00:00,1.4668700000000001,1.46772,1.46621,1.46641
2024-06-28 11:00:00,1.4664,1.46672,1.46578,1.4663300000000001
2024-06-28 12:00:00,1.4663300000000001,1.46662,1.46556,1.46657
2024-06-28 13:00:00,1.46652,1.46662,1.46574,1.46596
2024-06-28 14:00:00,1.4659499999999999,1.46632,1.46517,1.4659200000000001
2024-06-28 15:00:00,1.46591,1.4675,1.46591,1.46654
2024-06-28 16:00:00,1.46657,1.46666,1.4631,1.46527
2024-06-28 17:00:00,1.4653,1.46731,1.46503,1.4665300000000001
2024-06-28 18:00:00,1.46655,1.46693,1.46516,1.46588
2024-06-28 19:00:00,1.46582,1.4668700000000001,1.4653399999999999,1.46539
2024-06-28 20:00:00,1.46536,1.4657499999999999,1.4641600000000001,1.46525
2024-06-28 21:00:00,1.46525,1.4662,1.46521,1.466
2024-06-28 22:00:00,1.4660199999999999,1.46625,1.4650699999999999,1.4653399999999999
2024-06-28 23:00:00,1.46535,1.46574,1.46502,1.46509
2024-07-01 00:00:00,1.4685000000000001,1.46859,1.46691,1.46791
2024-07-01 01:00:00,1.46754,1.4681600000000001,1.46705,1.468
2024-07-01 02:00:00,1.46802,1.46814,1.46741,1.46787
2024-07-01 03:00:00,1.46788,1.46963,1.46788,1.46925
2024-07-01 04:00:00,1.46925,1.47054,1.46913,1.46944
2024-07-01 05:00:00,1.46945,1.4704,1.46922,1.47038
2024-07-01 06:00:00,1.47037,1.47064,1.47016,1.47035
2024-07-01 07:00:00,1.47036,1.4709400000000001,1.47016,1.4704
2024-07-01 08:00:00,1.47037,1.47112,1.4702600000000001,1.47039
2024-07-01 09:00:00,1.47039,1.4724,1.47039,1.472
2024-07-01 10:00:00,1.47198,1.47242,1.4705599999999999,1.47074
2024-07-01 11:00:00,1.47079,1.4725,1.4703300000000001,1.4721899999999999
2024-07-01 12:00:00,1.4721899999999999,1.47306,1.4717,1.47172
2024-07-01 13:00:00,1.47174,1.47174,1.47083,1.4712100000000001
2024-07-01 14:00:00,1.47125,1.47164,1.47054,1.47101
2024-07-01 15:00:00,1.47095,1.4729,1.47082,1.47286
2024-07-01 16:00:00,1.47286,1.47352,1.47194,1.47303
2024-07-01 17:00:00,1.47364,1.47479,1.47256,1.47337
2024-07-01 18:00:00,1.47336,1.47443,1.47296,1.47425
2024-07-01 19:00:00,1.4742600000000001,1.47472,1.4736500000000001,1.47412
2024-07-01 20:00:00,1.47412,1.47428,1.47389,1.47414
2024-07-01 21:00:00,1.47414,1.47484,1.47403,1.47466
2024-07-01 22:00:00,1.47466,1.4754399999999999,1.47441,1.47526
2024-07-01 23:00:00,1.47529,1.47553,1.4748999999999999,1.47507
2024-07-02 00:00:00,1.47515,1.47515,1.4733800000000001,1.47468
2024-07-02 01:00:00,1.47474,1.47522,1.47474,1.47482
2024-07-02 02:00:00,1.4748299999999999,1.47512,1.47474,1.47489
2024-07-02 03:00:00,1.4748999999999999,1.47502,1.47421,1.47489
2024-07-02 04:00:00,1.47491,1.47542,1.47469,1.4748700000000001
2024-07-02 05:00:00,1.47488,1.47588,1.4748299999999999,1.47581
2024-07-02 06:00:00,1.4758,1.47626,1.4757500000000001,1.4759
2024-07-02 07:00:00,1.47588,1.4759,1.47523,1.4754
2024-07-02 08:00:00,1.4754,1.47566,1.47506,1.47557
2024-07-02 09:00:00,1.47557,1.4757,1.47363,1.47377
2024-07-02 10:00:00,1.4737,1.47418,1.47174,1.47211
2024-07-02 11:00:00,1.47211,1.47275,1.47169,1.47195
2024-07-02 12:00:00,1.47177,1.4721600000000001,1.47146,1.47179
2024-07-03 00:00:00,1.46944,1.46963,1.46872,1.46963
2024-07-03 01:00:00,1.4696500000000001,1.46981,1.4693800000000001,1.46949
2024-07-03 02:00:00,1.46949,1.47003,1.4693800000000001,1.4700199999999999
2024-07-03 03:00:00,1.47001,1.47042,1.4696799999999999,1.46988
2024-07-03 04:00:00,1.46988,1.46993,1.46942,1.4696799999999999
2024-07-03 05:00:00,1.46969,1.47017,1.46953,1.46997
2024-07-03 06:00:00,1.46997,1.46997,1.46937,1.4694099999999999
2024-07-03 07:00:00,1.4694099999999999,1.46952,1.46923,1.46951
2024-07-03 08:00:00,1.46951,1.46954,1.4690400000000001,1.46939
2024-07-03 09:00:00,1.46939,1.4699499999999999,1.46916,1.46983
2024-07-03 10:00:00,1.46985,1.47104,1.46982,1.4706000000000001
2024-07-03 11:00:00,1.47058,1.472,1.47048,1.47128
2024-07-03 12:00:00,1.47127,1.47207,1.47089,1.471
2024-07-03 13:00:00,1.47104,1.47214,1.47083,1.47164
2024-07-03 14:00:00,1.47163,1.47214,1.47057,1.47067
2024-07-03 15:00:00,1.47066,1.47163,1.46973,1.4715099999999999
2024-07-03 16:00:00,1.4715,1.47285,1.4706299999999999,1.47232
2024-07-03 17:00:00,1.47208,1.47351,1.47143,1.4729999999999999
2024-07-03 18:00:00,1.4729999999999999,1.4729999999999999,1.4711400000000001,1.47134
2024-07-03 19:00:00,1.47132,1.47184,1.47107,1.4715
2024-07-03 20:00:00,1.4715099999999999,1.4715099999999999,1.46976,1.47007
2024-07-03 21:00:00,1.47009,1.47061,1.46996,1.47003
2024-07-03 22:00:00,1.4700199999999999,1.47088,1.46993,1.4705
2024-07-03 23:00:00,1.4705,1.47129,1.47037,1.47042
2024-07-04 00:00:00,1.47066,1.4711400000000001,1.46829,1.47082
2024-07-04 01:00:00,1.4707,1.47128,1.4707,1.47123
2024-07-04 02:00:00,1.47119,1.4712,1.4708700000000001,1.47106
2024-07-04 03:00:00,1.47107,1.47126,1.47069,1.47084
2024-07-04 04:00:00,1.47083,1.47122,1.47067,1.47108
2024-07-04 05:00:00,1.47108,1.47113,1.47064,1.47067
2024-07-04 06:00:00,1.47068,1.47081,1.47055,1.47073
2024-07-04 07:00:00,1.47073,1.47076,1.47047,1.47065
2024-07-04 08:00:00,1.47066,1.47071,1.4703300000000001,1.47051
2024-07-04 09:00:00,1.4705,1.4706299999999999,1.46985,1.47043
2024-07-04 10:00:00,1.47046,1.47099,1.47025,1.47068
2024-07-04 11:00:00,1.47065,1.47166,1.47035,1.47139
2024-07-04 12:00:00,1.47139,1.47154,1.47085,1.47122
2024-07-04 13:00:00,1.47122,1.47138,1.4704,1.47115
2024-07-04 14:00:00,1.47113,1.4712399999999999,1.4702,1.47034
2024-07-04 15:00:00,1.47032,1.47057,1.46964,1.4696500000000001
2024-07-04 16:00:00,1.4696500000000001,1.47069,1.46948,1.47012
2024-07-04 17:00:00,1.47011,1.47193,1.4699200000000001,1.47177
2024-07-04 18:00:00,1.4717500000000001,1.4721,1.47107,1.47109
2024-07-04 19:00:00,1.47109,1.47171,1.47102,1.47126
2024-07-04 20:00:00,1.47126,1.4715500000000001,1.47115,1.47136
2024-07-04 21:00:00,1.47136,1.47164,1.47136,1.4714
2024-07-04 22:00:00,1.47141,1.47187,1.47141,1.47171
2024-07-04 23:00:00,1.47171,1.4718499999999999,1.47136,1.47141
2024-07-05 00:00:00,1.4709400000000001,1.47166,1.4709400000000001,1.47147
2024-07-05 01:00:00,1.47147,1.47193,1.47137,1.47187
2024-07-05 02:00:00,1.4718,1.47187,1.4716,1.47179
2024-07-05 03:00:00,1.4717799999999999,1.47201,1.47161,1.47167
2024-07-05 04:00:00,1.47166,1.47224,1.47161,1.47171
2024-07-05 05:00:00,1.47171,1.47228,1.4716,1.47228
2024-07-05 06:00:00,1.47229,1.47308,1.47225,1.47249
2024-07-05 07:00:00,1.4725,1.4725,1.47218,1.4724300000000001
2024-07-05 08:00:00,1.47244,1.47269,1.47218,1.47225
2024-07-05 09:00:00,1.47225,1.47312,1.47204,1.47238
2024-07-05 10:00:00,1.4723,1.47332,1.47188,1.47309
2024-07-05 11:00:00,1.47308,1.47357,1.47271,1.47298
2024-07-05 12:00:00,1.47298,1.47349,1.4729,1.47314
2024-07-05 13:00:00,1.47318,1.47363,1.4729,1.4731
2024-07-05 14:00:00,1.47311,1.47315,1.4724300000000001,1.47272
2024-07-05 15:00:00,1.47275,1.47675,1.47218,1.47511
2024-07-05 16:00:00,1.47513,1.47663,1.47445,1.47596
2024-07-05 17:00:00,1.47591,1.47693,1.47531,1.47541
2024-07-05 18:00:00,1.47543,1.47661,1.47537,1.4761
2024-07-05 19:00:00,1.4761,1.47642,1.47589,1.47617
2024-07-05 20:00:00,1.47618,1.4770400000000001,1.47618,1.47664
2024-07-05 21:00:00,1.47659,1.4770699999999999,1.47651,1.47675
2024-07-05 22:00:00,1.47674,1.4781,1.47668,1.47769
2024-07-05 23:00:00,1.47763,1.47864,1.47753,1.47806
2024-07-08 00:00:00,1.4738,1.4765,1.47335,1.47586
2024-07-08 01:00:00,1.47672,1.47763,1.47672,1.47696
2024-07-08 02:00:00,1.47694,1.47715,1.47661,1.47662
2024-07-08 03:00:00,1.47663,1.47717,1.47622,1.47644
2024-07-08 04:00:00,1.47644,1.47683,1.4761199999999999,1.47674
2024-07-08 05:00:00,1.47675,1.4767700000000001,1.47635,1.47648
2024-07-08 06:00:00,1.4764599999999999,1.47687,1.4764300000000001,1.47678
2024-07-08 07:00:00,1.47679,1.47692,1.47634,1.47668
2024-07-08 08:00:00,1.47669,1.47693,1.4761,1.47641
2024-07-08 09:00:00,1.4764,1.4769999999999999,1.47552,1.47656
2024-07-08 10:00:00,1.47658,1.47767,1.47635,1.4772
2024-07-08 11:00:00,1.4772,1.47825,1.47702,1.47791
2024-07-08 12:00:00,1.4779,1.4779900000000001,1.47743,1.47753
2024-07-08 13:00:00,1.47751,1.47753,1.47632,1.47735
2024-07-08 14:00:00,1.4773,1.4773100000000001,1.47613,1.47683
2024-07-08 15:00:00,1.47682,1.47777,1.47658,1.47745
2024-07-08 16:00:00,1.47745,1.47838,1.4769700000000001,1.47752
2024-07-08 17:00:00,1.47749,1.47864,1.4765,1.47671
2024-07-08 18:00:00,1.47671,1.47767,1.47631,1.47767
2024-07-08 19:00:00,1.47763,1.47775,1.47613,1.4763
2024-07-08 20:00:00,1.47629,1.4769,1.47626,1.47669
2024-07-08 21:00:00,1.47668,1.47687,1.47622,1.47657
2024-07-08 22:00:00,1.47657,1.47659,1.47611,1.47637
2024-07-08 23:00:00,1.4763600000000001,1.47638,1.4755,1.47556
2024-07-09 00:00:00,1.47566,1.47598,1.47503,1.47567
2024-07-09 01:00:00,1.47566,1.47622,1.47566,1.47597
2024-07-09 02:00:00,1.47599,1.47642,1.47581,1.4761199999999999
2024-07-09 03:00:00,1.47613,1.47664,1.47607,1.47644
2024-07-09 04:00:00,1.47644,1.47647,1.4761199999999999,1.47628
2024-07-09 05:00:00,1.47629,1.47681,1.47624,1.47678
2024-07-09 06:00:00,1.47676,1.47694,1.47644,1.47658
2024-07-09 07:00:00,1.47658,1.47662,1.47615,1.47625
2024-07-09 08:00:00,1.47625,1.47626,1.4758499999999999,1.47603
2024-07-09 09:00:00,1.476,1.4763600000000001,1.47566,1.47569
2024-07-09 10:00:00,1.47568,1.47637,1.47528,1.4754
2024-07-09 11:00:00,1.4754,1.47637,1.475,1.47615
2024-07-09 12:00:00,1.47615,1.47642,1.47559,1.47622
2024-07-09 13:00:00,1.47622,1.47665,1.4757500000000001,1.47589
2024-07-09 14:00:00,1.47586,1.47627,1.47498,1.47504
2024-07-09 15:00:00,1.47508,1.4758200000000001,1.47495,1.47508
2024-07-09 16:00:00,1.47512,1.4764,1.47491,1.47588
2024-07-09 17:00:00,1.47589,1.47629,1.47447,1.47501
2024-07-09 18:00:00,1.47498,1.47532,1.47415,1.4745599999999999
2024-07-09 19:00:00,1.4745599999999999,1.47491,1.47353,1.47387
2024-07-09 20:00:00,1.47387,1.4741,1.47333,1.47352
2024-07-09 21:00:00,1.47353,1.47425,1.47347,1.47382
2024-07-09 22:00:00,1.4738,1.47432,1.4736,1.47405
2024-07-09 23:00:00,1.47406,1.4745,1.4739499999999999,1.47431
2024-07-10 00:00:00,1.4742600000000001,1.47447,1.47359,1.47416
2024-07-10 01:00:00,1.47415,1.47448,1.47408,1.47435
2024-07-10 02:00:00,1.47435,1.47451,1.47415,1.47416
2024-07-10 03:00:00,1.47415,1.47435,1.47391,1.47414
2024-07-10 04:00:00,1.47412,1.4745300000000001,1.4739900000000001,1.47442
2024-07-10 05:00:00,1.47444,1.47468,1.4742,1.47439
2024-07-10 06:00:00,1.4744,1.47494,1.47439,1.47476
2024-07-10 07:00:00,1.47477,1.47495,1.47461,1.47467
2024-07-10 08:00:00,1.47466,1.47497,1.47462,1.4748999999999999
2024-07-10 09:00:00,1.47485,1.47555,1.47462,1.47547
2024-07-10 10:00:00,1.47546,1.47593,1.47522,1.47522
2024-07-10 11:00:00,1.4752100000000001,1.47572,1.47471,1.4748299999999999
2024-07-10 12:00:00,1.4748299999999999,1.47571,1.47479,1.47503
2024-07-10 13:00:00,1.47503,1.4755,1.47444,1.47522
2024-07-10 14:00:00,1.4751699999999999,1.47611,1.47494,1.47603
2024-07-10 15:00:00,1.47604,1.4760900000000001,1.47468,1.47482
2024-07-10 16:00:00,1.47482,1.4754,1.47404,1.47436
2024-07-10 17:00:00,1.47436,1.47446,1.4735,1.474
2024-07-10 18:00:00,1.4740199999999999,1.47405,1.4727000000000001,1.47281
2024-07-10 19:00:00,1.47281,1.47404,1.47275,1.4740199999999999
2024-07-10 20:00:00,1.4740199999999999,1.47411,1.47359,1.47366
2024-07-10 21:00:00,1.47366,1.47458,1.47355,1.47448
2024-07-10 22:00:00,1.47447,1.47501,1.47446,1.47475
2024-07-10 23:00:00,1.47475,1.47522,1.47457,1.47486
2024-07-11 00:00:00,1.4748700000000001,1.4748700000000001,1.4736500000000001,1.47449
2024-07-11 01:00:00,1.4745300000000001,1.47512,1.4745300000000001,1.4751
2024-07-11 02:00:00,1.4751,1.47541,1.47491,1.4752100000000001
2024-07-11 03:00:00,1.47523,1.47577,1.47511,1.47574
2024-07-11 04:00:00,1.47573,1.47607,1.47553,1.4757500000000001
2024-07-11 05:00:00,1.47576,1.47586,1.47557,1.47577
2024-07-11 06:00:00,1.4757799999999999,1.47597,1.47558,1.47565
2024-07-11 07:00:00,1.47565,1.47595,1.47554,1.47594
2024-07-11 08:00:00,1.47595,1.4760499999999999,1.47564,1.47568
2024-07-11 09:00:00,1.47567,1.47658,1.47554,1.47606
2024-07-11 10:00:00,1.47597,1.47766,1.47597,1.47753
2024-07-11 11:00:00,1.47753,1.47854,1.47728,1.47843
2024-07-11 12:00:00,1.47842,1.47903,1.47801,1.47839
2024-07-11 13:00:00,1.47838,1.47968,1.4782600000000001,1.47915
2024-07-11 14:00:00,1.4791400000000001,1.4798,1.47904,1.47945
2024-07-11 15:00:00,1.4794399999999999,1.48141,1.47772,1.48119
2024-07-11 16:00:00,1.48114,1.4825300000000001,1.4795099999999999,1.48011
2024-07-11 17:00:00,1.48004,1.4818799999999999,1.47983,1.4804599999999999
2024-07-11 18:00:00,1.48047,1.48141,1.47988,1.48019
2024-07-11 19:00:00,1.48021,1.4816,1.4801,1.48117
2024-07-11 20:00:00,1.48117,1.48223,1.4809,1.4816500000000001
2024-07-11 21:00:00,1.48163,1.48197,1.48095,1.48138
2024-07-11 22:00:00,1.48139,1.4818,1.4811,1.48119
2024-07-11 23:00:00,1.48123,1.48147,1.48094,1.48142
2024-07-12 00:00:00,1.48133,1.48141,1.48053,1.48116
2024-07-12 01:00:00,1.48121,1.48151,1.4811,1.48151
2024-07-12 02:00:00,1.48149,1.48162,1.4810699999999999,1.48146
2024-07-12 03:00:00,1.48144,1.48204,1.48102,1.48171
2024-07-12 04:00:00,1.48169,1.48189,1.48091,1.4809999999999999
2024-07-12 05:00:00,1.4809999999999999,1.48117,1.48064,1.48065
2024-07-12 06:00:00,1.4806599999999999,1.48082,1.48026,1.48029
2024-07-12 07:00:00,1.48028,1.48076,1.48022,1.4804
2024-07-12 08:00:00,1.4803899999999999,1.48093,1.4803,1.48049
2024-07-12 09:00:00,1.48051,1.4807299999999999,1.4800499999999999,1.48031
2024-07-12 10:00:00,1.48033,1.48172,1.4803,1.48164
2024-07-12 11:00:00,1.4816500000000001,1.48238,1.48151,1.48199
2024-07-12 12:00:00,1.48198,1.48248,1.48169,1.48217
2024-07-12 13:00:00,1.48216,1.48315,1.48207,1.48279
2024-07-12 14:00:00,1.48279,1.4835,1.48265,1.48302
2024-07-12 15:00:00,1.48301,1.48498,1.48196,1.4846300000000001
2024-07-12 16:00:00,1.4846,1.48569,1.48403,1.48529
2024-07-12 17:00:00,1.48539,1.48621,1.48488,1.48594
2024-07-12 18:00:00,1.4859499999999999,1.48614,1.48424,1.48544
2024-07-12 19:00:00,1.48543,1.48599,1.48485,1.4854
2024-07-12 20:00:00,1.48538,1.48634,1.48538,1.48631
2024-07-12 21:00:00,1.48632,1.48655,1.48597,1.48645
2024-07-12 22:00:00,1.48643,1.48706,1.48636,1.48674
2024-07-12 23:00:00,1.48678,1.4872,1.48651,1.48688
2024-07-15 00:00:00,1.4852,1.48569,1.48269,1.48476
2024-07-15 01:00:00,1.48468,1.4863,1.48468,1.48607
2024-07-15 02:00:00,1.48608,1.48614,1.48542,1.48555
2024-07-15 03:00:00,1.48556,1.48686,1.48553,1.48678
2024-07-15 04:00:00,1.48679,1.48696,1.48636,1.4865599999999999
2024-07-15 05:00:00,1.48655,1.48685,1.4862600000000001,1.4868299999999999
2024-07-15 06:00:00,1.48684,1.48727,1.48673,1.48704
2024-07-15 07:00:00,1.48704,1.48769,1.48689,1.48762
2024-07-15 08:00:00,1.48762,1.48795,1.48762,1.48773
2024-07-15 09:00:00,1.48773,1.48779,1.48697,1.48721
2024-07-15 10:00:00,1.48721,1.48776,1.4868299999999999,1.4875
2024-07-15 11:00:00,1.4874800000000001,1.48777,1.48688,1.48712
2024-07-15 12:00:00,1.48709,1.48921,1.48685,1.48898
2024-07-15 13:00:00,1.48899,1.48936,1.48815,1.48885
2024-07-15 14:00:00,1.48883,1.48923,1.48752,1.48767
2024-07-15 15:00:00,1.48767,1.48874,1.48731,1.48835
2024-07-15 16:00:00,1.48837,1.49027,1.48828,1.48974
2024-07-15 17:00:00,1.48976,1.49138,1.48937,1.49094
2024-07-15 18:00:00,1.49093,1.4915,1.49042,1.49072
2024-07-15 19:00:00,1.49073,1.4911699999999999,1.49026,1.4904600000000001
2024-07-15 20:00:00,1.4904600000000001,1.49147,1.49023,1.49067
2024-07-15 21:00:00,1.49068,1.49088,1.4899499999999999,1.4902
2024-07-15 22:00:00,1.49016,1.49042,1.48983,1.4901900000000001
2024-07-15 23:00:00,1.49018,1.49098,1.48998,1.49042
2024-07-16 00:00:00,1.49006,1.49071,1.4895800000000001,1.49057
2024-07-16 01:00:00,1.49043,1.49065,1.49004,1.49008
2024-07-16 02:00:00,1.49008,1.49057,1.49001,1.49057
2024-07-16 03:00:00,1.4905300000000001,1.49055,1.48983,1.4899
2024-07-16 04:00:00,1.4899,1.4904,1.48965,1.49004
2024-07-16 05:00:00,1.49004,1.49017,1.48977,1.49011
2024-07-16 06:00:00,1.49016,1.49038,1.49007,1.49031
2024-07-16 07:00:00,1.4903,1.4906,1.49018,1.49045
2024-07-16 08:00:00,1.4904600000000001,1.49081,1.49004,1.49014
2024-07-16 09:00:00,1.4901499999999999,1.4910700000000001,1.49006,1.49086
2024-07-16 10:00:00,1.49086,1.49196,1.4908299999999999,1.49182
2024-07-16 11:00:00,1.4917799999999999,1.49224,1.49135,1.49162
2024-07-16 12:00:00,1.4915,1.49187,1.49043,1.4906
2024-07-16 13:00:00,1.4906,1.49134,1.49034,1.49104
2024-07-16 14:00:00,1.49105,1.49152,1.49068,1.49105
2024-07-16 15:00:00,1.49105,1.4920499999999999,1.48925,1.4905300000000001
2024-07-16 16:00:00,1.4905,1.49073,1.48898,1.48926
2024-07-16 17:00:00,1.48926,1.49016,1.48846,1.49004
2024-07-16 18:00:00,1.49005,1.49037,1.48946,1.48982
2024-07-16 19:00:00,1.48983,1.48991,1.48939,1.48982
2024-07-16 20:00:00,1.48978,1.48993,1.48936,1.48969
2024-07-16 21:00:00,1.48969,1.49044,1.48959,1.49033
2024-07-16 22:00:00,1.49034,1.49065,1.49013,1.49026
2024-07-16 23:00:00,1.4903,1.49048,1.48997,1.49017
2024-07-17 00:00:00,1.4901900000000001,1.4901900000000001,1.4894,1.48983
2024-07-17 01:00:00,1.48981,1.49031,1.48981,1.4902199999999999
2024-07-17 02:00:00,1.4902199999999999,1.49045,1.49001,1.4903
2024-07-17 03:00:00,1.4903,1.4907599999999999,1.49025,1.4905599999999999
2024-07-17 04:00:00,1.4905599999999999,1.49098,1.49045,1.49086
2024-07-17 05:00:00,1.49087,1.49091,1.49033,1.49066
2024-07-17 06:00:00,1.49065,1.4910999999999999,1.49031,1.49106
2024-07-17 07:00:00,1.49106,1.49111,1.49081,1.49086
2024-07-17 08:00:00,1.49087,1.49138,1.49073,1.49135
2024-07-17 09:00:00,1.49133,1.492,1.49063,1.49075
2024-07-17 10:00:00,1.49072,1.49256,1.49069,1.49174
2024-07-17 11:00:00,1.49179,1.49522,1.4916800000000001,1.49501
2024-07-17 12:00:00,1.49475,1.49547,1.49439,1.495
2024-07-17 13:00:00,1.49499,1.4953,1.49368,1.4938
2024-07-17 14:00:00,1.49379,1.49569,1.49375,1.49484
2024-07-17 15:00:00,1.4948299999999999,1.49662,1.4945,1.4959500000000001
2024-07-17 16:00:00,1.49594,1.49606,1.49452,1.49462
2024-07-17 17:00:00,1.49462,1.49661,1.49444,1.49633
2024-07-17 18:00:00,1.4963199999999999,1.49671,1.49577,1.49604
2024-07-17 19:00:00,1.49604,1.49711,1.49586,1.49655
2024-07-17 20:00:00,1.49657,1.49722,1.49647,1.49685
2024-07-17 21:00:00,1.49685,1.49741,1.49676,1.49714
2024-07-17 22:00:00,1.49714,1.49722,1.49667,1.49679
2024-07-17 23:00:00,1.49678,1.4971700000000001,1.49665,1.49669
2024-07-18 00:00:00,1.4966599999999999,1.4967,1.49589,1.49661
2024-07-18 01:00:00,1.49661,1.49684,1.49614,1.49616
2024-07-18 02:00:00,1.49616,1.4965899999999999,1.49609,1.4963899999999999
2024-07-18 03:00:00,1.4963899999999999,1.49645,1.49614,1.4963
2024-07-18 04:00:00,1.4963,1.49671,1.4960200000000001,1.49604
2024-07-18 05:00:00,1.49604,1.49627,1.4957500000000001,1.49584
2024-07-18 06:00:00,1.49582,1.49594,1.49553,1.49569
2024-07-18 07:00:00,1.4957,1.49588,1.49548,1.4956
2024-07-18 08:00:00,1.49559,1.49608,1.49539,1.4959799999999999
2024-07-18 09:00:00,1.49597,1.49609,1.49437,1.49439
2024-07-18 10:00:00,1.49438,1.49504,1.4942199999999999,1.4947300000000001
2024-07-18 11:00:00,1.4947,1.49528,1.49439,1.49461
2024-07-18 12:00:00,1.4946,1.49471,1.49408,1.49465
2024-07-18 13:00:00,1.49465,1.49569,1.49454,1.49521
2024-07-18 14:00:00,1.49522,1.49557,1.49454,1.49471
2024-07-18 15:00:00,1.4947,1.49589,1.4944,1.49505
2024-07-18 16:00:00,1.49501,1.49501,1.49304,1.49322
2024-07-18 17:00:00,1.49321,1.4944899999999999,1.49265,1.49397
2024-07-18 18:00:00,1.49397,1.49492,1.4933,1.49448
2024-07-18 19:00:00,1.4944899999999999,1.49519,1.49436,1.49463
2024-07-18 20:00:00,1.49463,1.49498,1.49383,1.49393
2024-07-18 21:00:00,1.49391,1.49475,1.49383,1.49421
2024-07-18 22:00:00,1.4942,1.49447,1.4938,1.4942199999999999
2024-07-18 23:00:00,1.49423,1.49435,1.4929999999999999,1.4933100000000001
2024-07-19 00:00:00,1.4928,1.49355,1.49241,1.49314
2024-07-19 01:00:00,1.49316,1.49365,1.49291,1.49355
2024-07-19 02:00:00,1.49352,1.4938,1.49341,1.49365
2024-07-19 03:00:00,1.49366,1.49433,1.49294,1.49294
2024-07-19 04:00:00,1.49295,1.49328,1.49223,1.49248
2024-07-19 05:00:00,1.49248,1.49255,1.49224,1.4925
2024-07-19 06:00:00,1.4925,1.49253,1.49222,1.49233
2024-07-19 07:00:00,1.4923199999999999,1.49234,1.49203,1.49218
2024-07-19 08:00:00,1.49218,1.4923,1.49186,1.4921
2024-07-19 09:00:00,1.49208,1.49252,1.49189,1.49206
2024-07-19 10:00:00,1.49206,1.49334,1.49196,1.49284
2024-07-19 11:00:00,1.49285,1.49287,1.49192,1.49215
2024-07-19 12:00:00,1.4920900000000001,1.49298,1.49201,1.49264
2024-07-19 13:00:00,1.49262,1.4932,1.49204,1.4929000000000001
2024-07-19 14:00:00,1.4929000000000001,1.49364,1.49253,1.4936099999999999
2024-07-19 15:00:00,1.4936,1.49445,1.4929999999999999,1.49429
2024-07-19 16:00:00,1.49429,1.4966599999999999,1.4933100000000001,1.49335
2024-07-19 17:00:00,1.49338,1.49495,1.49318,1.4945
2024-07-19 18:00:00,1.49447,1.49529,1.49404,1.49436
2024-07-19 19:00:00,1.49435,1.49475,1.49389,1.49459
2024-07-19 20:00:00,1.49457,1.49474,1.49349,1.49363
2024-07-19 21:00:00,1.4936,1.4938799999999999,1.49333,1.49366
2024-07-19 22:00:00,1.49367,1.49396,1.49345,1.49376
2024-07-19 23:00:00,1.49372,1.49444,1.49301,1.49312
2024-07-22 00:00:00,1.4934,1.49403,1.49211,1.49342
2024-07-22 01:00:00,1.49342,1.49431,1.4934,1.4942199999999999
2024-07-22 02:00:00,1.4942199999999999,1.49423,1.49378,1.49395
2024-07-22 03:00:00,1.49396,1.49408,1.4935,1.49383
2024-07-22 04:00:00,1.49382,1.49452,1.49377,1.49443
2024-07-22 05:00:00,1.49441,1.49542,1.49441,1.4952
2024-07-22 06:00:00,1.49523,1.4955,1.49487,1.4953
2024-07-22 07:00:00,1.4953,1.49548,1.49482,1.49501
2024-07-22 08:00:00,1.495,1.4952,1.49461,1.49497
2024-07-22 09:00:00,1.49494,1.49604,1.4945300000000001,1.49493
2024-07-22 10:00:00,1.49493,1.49642,1.49493,1.4963899999999999
2024-07-22 11:00:00,1.49644,1.49672,1.49536,1.49611
2024-07-22 12:00:00,1.49613,1.49721,1.4959799999999999,1.49682
2024-07-22 13:00:00,1.49682,1.49696,1.49596,1.49671
2024-07-22 14:00:00,1.49673,1.49681,1.49606,1.49669
2024-07-22 15:00:00,1.49657,1.49726,1.49546,1.4957500000000001
2024-07-22 16:00:00,1.49576,1.49795,1.4953,1.49791
2024-07-22 17:00:00,1.49789,1.49859,1.49721,1.49775
2024-07-22 18:00:00,1.49775,1.49789,1.49658,1.4969000000000001
2024-07-22 19:00:00,1.4969000000000001,1.49707,1.49646,1.49662
2024-07-22 20:00:00,1.49657,1.4975800000000001,1.49649,1.49742
2024-07-22 21:00:00,1.49741,1.49753,1.49706,1.49747
2024-07-22 22:00:00,1.49746,1.49749,1.49709,1.4972699999999999
2024-07-22 23:00:00,1.4972699999999999,1.4981900000000001,1.49725,1.49809
2024-07-23 00:00:00,1.4977,1.49807,1.4963600000000001,1.49771
2024-07-23 01:00:00,1.49831,1.49836,1.49793,1.49836
2024-07-23 02:00:00,1.49835,1.49854,1.4981200000000001,1.49841
2024-07-23 03:00:00,1.4984,1.49904,1.49837,1.49894
2024-07-23 04:00:00,1.49893,1.49898,1.49831,1.49844
2024-07-23 05:00:00,1.49845,1.49908,1.49837,1.49905
2024-07-23 06:00:00,1.49908,1.49947,1.49908,1.49912
2024-07-23 07:00:00,1.49912,1.4993400000000001,1.49892,1.49902
2024-07-23 08:00:00,1.4990299999999999,1.4990999999999999,1.4986,1.49897
2024-07-23 09:00:00,1.49897,1.49901,1.4979,1.49841
2024-07-23 10:00:00,1.49841,1.49904,1.49741,1.49762
2024-07-23 11:00:00,1.49759,1.49776,1.49651,1.49744
2024-07-23 12:00:00,1.49744,1.49747,1.49566,1.49582
2024-07-23 13:00:00,1.49579,1.49601,1.49395,1.49447
2024-07-23 14:00:00,1.49442,1.49492,1.49378,1.49383
2024-07-23 15:00:00,1.49382,1.49491,1.49349,1.49356
2024-07-23 16:00:00,1.49356,1.4941900000000001,1.49314,1.49349
2024-07-23 17:00:00,1.49352,1.49462,1.4932699999999999,1.4934
2024-07-23 18:00:00,1.49339,1.49461,1.49339,1.49405
2024-07-23 19:00:00,1.49407,1.49425,1.4936,1.49409
2024-07-23 20:00:00,1.49411,1.4948000000000001,1.49401,1.49459
2024-07-23 21:00:00,1.4946,1.495,1.49435,1.4948299999999999
2024-07-23 22:00:00,1.49484,1.49512,1.49426,1.49508
2024-07-23 23:00:00,1.4950700000000001,1.49642,1.49482,1.4959799999999999
2024-07-24 00:00:00,1.49588,1.49593,1.49521,1.49557
2024-07-24 01:00:00,1.49553,1.49587,1.49542,1.49579
2024-07-24 02:00:00,1.4957799999999999,1.49591,1.49556,1.49567
2024-07-24 03:00:00,1.49567,1.4957500000000001,1.4948299999999999,1.49489
2024-07-24 04:00:00,1.49488,1.49527,1.49484,1.49508
2024-07-24 05:00:00,1.49508,1.49527,1.49485,1.49506
2024-07-24 06:00:00,1.49506,1.49621,1.49502,1.49617
2024-07-24 07:00:00,1.49618,1.49669,1.49612,1.49641
2024-07-24 08:00:00,1.49641,1.49682,1.49609,1.49669
2024-07-24 09:00:00,1.49661,1.49661,1.49565,1.4957799999999999
2024-07-24 10:00:00,1.49581,1.49682,1.49335,1.4938500000000001
2024-07-24 11:00:00,1.49373,1.49488,1.49332,1.49442
2024-07-24 12:00:00,1.49442,1.49504,1.49434,1.49488
2024-07-24 13:00:00,1.49488,1.4956800000000001,1.49469,1.49504
2024-07-24 14:00:00,1.49503,1.49535,1.4941200000000001,1.49485
2024-07-24 15:00:00,1.49487,1.49676,1.49479,1.49635
2024-07-24 16:00:00,1.49635,1.49814,1.49592,1.49733
2024-07-24 17:00:00,1.49734,1.49974,1.4959,1.49655
2024-07-24 18:00:00,1.49657,1.49753,1.49594,1.4960200000000001
2024-07-24 19:00:00,1.49603,1.49653,1.4954,1.49644
2024-07-24 20:00:00,1.49645,1.49682,1.49616,1.49624
2024-07-24 21:00:00,1.49623,1.49704,1.4962,1.49695
2024-07-24 22:00:00,1.49695,1.49737,1.49678,1.49694
2024-07-24 23:00:00,1.49694,1.49701,1.4963899999999999,1.4965899999999999
2024-07-25 00:00:00,1.49658,1.49676,1.4956,1.49611
2024-07-25 01:00:00,1.4960499999999999,1.49692,1.4960499999999999,1.49675
2024-07-25 02:00:00,1.49676,1.4969000000000001,1.49635,1.49671
2024-07-25 03:00:00,1.49673,1.49759,1.4967,1.49715
2024-07-25 04:00:00,1.49715,1.49786,1.49705,1.49768
2024-07-25 05:00:00,1.49768,1.49792,1.49743,1.49786
2024-07-25 06:00:00,1.49786,1.49802,1.49749,1.4976099999999999
2024-07-25 07:00:00,1.49762,1.4979,1.4975,1.49784
2024-07-25 08:00:00,1.4978500000000001,1.49864,1.49759,1.49859
2024-07-25 09:00:00,1.4985,1.49862,1.4976,1.49796
2024-07-25 10:00:00,1.49796,1.49987,1.49748,1.49931
2024-07-25 11:00:00,1.49927,1.50026,1.49914,1.49955
2024-07-25 12:00:00,1.49953,1.5018500000000001,1.49942,1.50134
2024-07-25 13:00:00,1.50134,1.5023499999999999,1.5012400000000001,1.50126
2024-07-25 14:00:00,1.50126,1.50143,1.50023,1.50098
2024-07-25 15:00:00,1.501,1.5022799999999998,1.50012,1.50098
2024-07-25 16:00:00,1.50095,1.50133,1.49676,1.49707
2024-07-25 17:00:00,1.49709,1.5000499999999999,1.49701,1.49969
2024-07-25 18:00:00,1.49969,1.5011100000000002,1.4996,1.4996399999999999
2024-07-25 19:00:00,1.49967,1.50003,1.49893,1.49923
2024-07-25 20:00:00,1.49919,1.49978,1.49866,1.4987
2024-07-25 21:00:00,1.49869,1.4994100000000001,1.49861,1.49936
2024-07-25 22:00:00,1.49936,1.4994100000000001,1.49832,1.49925
2024-07-25 23:00:00,1.49926,1.49955,1.49904,1.49905
2024-07-26 00:00:00,1.49899,1.49925,1.49843,1.49897
2024-07-26 01:00:00,1.49893,1.49958,1.49893,1.4993400000000001
2024-07-26 02:00:00,1.4993400000000001,1.4996,1.49921,1.49948
2024-07-26 03:00:00,1.49948,1.50003,1.49931,1.49973
2024-07-26 04:00:00,1.49973,1.49996,1.49945,1.49949
2024-07-26 05:00:00,1.4995,1.50004,1.4994100000000001,1.4999799999999999
2024-07-26 06:00:00,1.4999799999999999,1.50026,1.49961,1.50024
2024-07-26 07:00:00,1.5002499999999999,1.50026,1.49939,1.4997500000000001
2024-07-26 08:00:00,1.4997500000000001,1.5,1.49949,1.49962
2024-07-26 09:00:00,1.49956,1.49962,1.49882,1.49922
2024-07-26 10:00:00,1.49922,1.49961,1.49803,1.49838
2024-07-26 11:00:00,1.49837,1.49865,1.4976,1.4984
2024-07-26 12:00:00,1.49843,1.49977,1.49839,1.4994100000000001
2024-07-26 13:00:00,1.4994,1.49984,1.49917,1.49955
2024-07-26 14:00:00,1.49957,1.50048,1.49946,1.5003600000000001
2024-07-26 15:00:00,1.50035,1.50164,1.5,1.5011
2024-07-26 16:00:00,1.50108,1.50122,1.49982,1.5007899999999998
2024-07-26 17:00:00,1.50072,1.50291,1.50031,1.5021900000000001
2024-07-26 18:00:00,1.5022,1.50342,1.50196,1.50197
2024-07-26 19:00:00,1.502,1.5029599999999999,1.50168,1.50171
2024-07-26 20:00:00,1.5017200000000002,1.50241,1.50141,1.5023
2024-07-26 21:00:00,1.50231,1.50247,1.50191,1.50223
2024-07-26 22:00:00,1.50224,1.50238,1.50159,1.50161
2024-07-26 23:00:00,1.50155,1.50207,1.50122,1.502
2024-07-29 00:00:00,1.50136,1.50223,1.50119,1.50168
2024-07-29 01:00:00,1.5016500000000002,1.50166,1.50108,1.50142
2024-07-29 02:00:00,1.50142,1.5015100000000001,1.50054,1.5009299999999999
2024-07-29 03:00:00,1.50092,1.50145,1.50065,1.5011299999999999
2024-07-29 04:00:00,1.50115,1.50182,1.50112,1.5014699999999999
2024-07-29 05:00:00,1.5014699999999999,1.5021200000000001,1.50142,1.50144
2024-07-29 06:00:00,1.50144,1.50163,1.50094,1.50101
2024-07-29 07:00:00,1.50102,1.50129,1.50095,1.50126
2024-07-29 08:00:00,1.50125,1.50148,1.50087,1.50126
2024-07-29 09:00:00,1.50126,1.50128,1.50039,1.50099
2024-07-29 10:00:00,1.501,1.5018099999999999,1.50039,1.50061
2024-07-29 11:00:00,1.50054,1.50054,1.4993400000000001,1.4993400000000001
2024-07-29 12:00:00,1.49935,1.49935,1.49828,1.49874
2024-07-29 13:00:00,1.49874,1.49983,1.49834,1.4990700000000001
2024-07-29 14:00:00,1.49904,1.4995,1.49752,1.49766
2024-07-29 15:00:00,1.49766,1.49786,1.4966,1.49698
2024-07-29 16:00:00,1.49699,1.49745,1.49604,1.49679
2024-07-29 17:00:00,1.4968,1.49844,1.4965899999999999,1.49811
2024-07-29 18:00:00,1.4981200000000001,1.49982,1.4981200000000001,1.4988299999999999
2024-07-29 19:00:00,1.49882,1.4996800000000001,1.49869,1.49966
2024-07-29 20:00:00,1.4996399999999999,1.49985,1.49939,1.49954
2024-07-29 21:00:00,1.49954,1.49967,1.49882,1.49897
2024-07-29 22:00:00,1.49896,1.4994,1.49888,1.49935
2024-07-29 23:00:00,1.49936,1.4994,1.4987300000000001,1.49885
2024-07-30 00:00:00,1.49891,1.49916,1.49823,1.49887
2024-07-30 01:00:00,1.49887,1.49918,1.49864,1.49874
2024-07-30 02:00:00,1.49874,1.49924,1.49851,1.4990299999999999
2024-07-30 03:00:00,1.49902,1.49915,1.49832,1.4984899999999999
2024-07-30 04:00:00,1.4984899999999999,1.49947,1.4984,1.49922
2024-07-30 05:00:00,1.49922,1.49927,1.49852,1.49866
2024-07-30 06:00:00,1.49866,1.49879,1.49844,1.49848
2024-07-30 07:00:00,1.49848,1.49848,1.4981200000000001,1.49838
2024-07-30 08:00:00,1.49839,1.4984199999999999,1.49789,1.49789
2024-07-30 09:00:00,1.4978099999999999,1.4987599999999999,1.49769,1.49827
2024-07-30 10:00:00,1.4981900000000001,1.49891,1.49771,1.49797
2024-07-30 11:00:00,1.49798,1.49949,1.49779,1.49885
2024-07-30 12:00:00,1.49879,1.49969,1.49879,1.49935
2024-07-30 13:00:00,1.49935,1.5001799999999998,1.49935,1.50001
2024-07-30 14:00:00,1.50001,1.50007,1.49938,1.49959
2024-07-30 15:00:00,1.49949,1.49984,1.49732,1.49742
2024-07-30 16:00:00,1.4974,1.49871,1.49685,1.4972699999999999
2024-07-30 17:00:00,1.4971700000000001,1.49722,1.49523,1.4960499999999999
2024-07-30 18:00:00,1.49609,1.49746,1.49588,1.49679
2024-07-30 19:00:00,1.4968,1.4972699999999999,1.49637,1.49709
2024-07-30 20:00:00,1.49711,1.49776,1.49689,1.4972699999999999
2024-07-30 21:00:00,1.49728,1.4976,1.49706,1.4973
2024-07-30 22:00:00,1.49731,1.49793,1.49702,1.49759
2024-07-30 23:00:00,1.49762,1.49795,1.49725,1.49766
2024-07-31 00:00:00,1.49767,1.49767,1.49682,1.49731
2024-07-31 01:00:00,1.49731,1.49782,1.49731,1.49769
2024-07-31 02:00:00,1.49768,1.49808,1.49756,1.49771
2024-07-31 03:00:00,1.4977,1.49871,1.49764,1.49865
2024-07-31 04:00:00,1.49865,1.49926,1.49791,1.49857
2024-07-31 05:00:00,1.49855,1.49908,1.49823,1.4989
2024-07-31 06:00:00,1.49888,1.499,1.4982,1.49827
2024-07-31 07:00:00,1.49827,1.49869,1.49817,1.49861
2024-07-31 08:00:00,1.49861,1.49874,1.49821,1.49832
2024-07-31 09:00:00,1.49839,1.49841,1.49665,1.49744
2024-07-31 10:00:00,1.49747,1.49755,1.49638,1.49696
2024-07-31 11:00:00,1.4969700000000001,1.49894,1.49618,1.49821
2024-07-31 12:00:00,1.49818,1.49901,1.49817,1.49856
2024-07-31 13:00:00,1.49855,1.49959,1.49848,1.49892
2024-07-31 14:00:00,1.49893,1.49922,1.4974,1.4975800000000001
2024-07-31 15:00:00,1.49757,1.49897,1.4968,1.49713
2024-07-31 16:00:00,1.4971,1.49839,1.49695,1.49744
2024-07-31 17:00:00,1.49743,1.49784,1.49417,1.49478
2024-07-31 18:00:00,1.49478,1.49528,1.49381,1.4941499999999999
2024-07-31 19:00:00,1.49414,1.49416,1.49189,1.49245
2024-07-31 20:00:00,1.49246,1.49379,1.49218,1.49343
2024-07-31 21:00:00,1.49347,1.49404,1.49268,1.49339
2024-07-31 22:00:00,1.49338,1.49469,1.49326,1.49426
2024-07-31 23:00:00,1.49423,1.49492,1.49376,1.49461
2024-08-01 00:00:00,1.49362,1.49441,1.49333,1.49428
2024-08-01 01:00:00,1.49432,1.4948000000000001,1.49404,1.49404
2024-08-01 02:00:00,1.49405,1.49452,1.49387,1.49442
2024-08-01 03:00:00,1.49442,1.49535,1.49439,1.4951699999999999
2024-08-01 04:00:00,1.49515,1.496,1.49506,1.49564
2024-08-01 05:00:00,1.49565,1.4959,1.49399,1.49408
2024-08-01 06:00:00,1.49408,1.49563,1.49402,1.49558
2024-08-01 07:00:00,1.49558,1.4957500000000001,1.4947599999999999,1.4948000000000001
2024-08-01 08:00:00,1.49481,1.49522,1.49448,1.49521
2024-08-01 09:00:00,1.4951699999999999,1.4957,1.49345,1.49429
2024-08-01 10:00:00,1.4943,1.49494,1.4928,1.49292
2024-08-01 11:00:00,1.49287,1.49304,1.49139,1.49152
2024-08-01 12:00:00,1.49154,1.49161,1.4907,1.49072
2024-08-01 13:00:00,1.49077,1.49169,1.49048,1.49091
2024-08-01 14:00:00,1.4908000000000001,1.49206,1.4904600000000001,1.49154
2024-08-01 15:00:00,1.49151,1.49333,1.49079,1.49124
2024-08-01 16:00:00,1.49125,1.49155,1.48948,1.49074
2024-08-01 17:00:00,1.49169,1.4938500000000001,1.49124,1.4929700000000001
2024-08-01 18:00:00,1.4929700000000001,1.49418,1.49264,1.49376
2024-08-01 19:00:00,1.49375,1.49488,1.49365,1.4942
2024-08-01 20:00:00,1.4941900000000001,1.49652,1.49408,1.49612
2024-08-01 21:00:00,1.49612,1.4978500000000001,1.4959500000000001,1.49726
2024-08-01 22:00:00,1.4973,1.49766,1.49649,1.49672
2024-08-01 23:00:00,1.4967,1.49743,1.49662,1.49709
2024-08-02 00:00:00,1.49719,1.49746,1.49613,1.49654
2024-08-02 01:00:00,1.49655,1.49779,1.49655,1.4977
2024-08-02 02:00:00,1.49771,1.4979,1.4969999999999999,1.49721
2024-08-02 03:00:00,1.49721,1.4981,1.4971999999999999,1.4977800000000001
2024-08-02 04:00:00,1.49777,1.49804,1.49613,1.49648
2024-08-02 05:00:00,1.49651,1.4971999999999999,1.4957,1.4957500000000001
2024-08-02 06:00:00,1.49574,1.49642,1.49561,1.49626
2024-08-02 07:00:00,1.49626,1.49653,1.49581,1.49647
2024-08-02 08:00:00,1.49648,1.49707,1.49637,1.49695
2024-08-02 09:00:00,1.4969299999999999,1.49755,1.4957500000000001,1.49641
2024-08-02 10:00:00,1.49642,1.49864,1.49556,1.49861
2024-08-02 11:00:00,1.49861,1.50062,1.49861,1.50046
2024-08-02 12:00:00,1.50047,1.5023300000000002,1.50046,1.50134
2024-08-02 13:00:00,1.50136,1.5016500000000002,1.50073,1.50149
2024-08-02 14:00:00,1.5014699999999999,1.50458,1.50144,1.50326
2024-08-02 15:00:00,1.50327,1.5092400000000001,1.50214,1.50916
2024-08-02 16:00:00,1.50914,1.51054,1.50716,1.5103
2024-08-02 17:00:00,1.5102600000000002,1.5135800000000001,1.50884,1.5133299999999998
2024-08-02 18:00:00,1.5133299999999998,1.51388,1.5110000000000001,1.51106
2024-08-02 19:00:00,1.51097,1.51277,1.5102799999999998,1.51253
2024-08-02 20:00:00,1.51253,1.51363,1.5117699999999998,1.51357
2024-08-02 21:00:00,1.51357,1.51384,1.51254,1.51342
2024-08-02 22:00:00,1.51341,1.51357,1.51248,1.51273
2024-08-02 23:00:00,1.51277,1.51382,1.51239,1.5134699999999999
2024-08-05 00:00:00,1.51357,1.51417,1.51247,1.51387
2024-08-05 01:00:00,1.51423,1.51438,1.51261,1.5126300000000001
2024-08-05 02:00:00,1.51265,1.51472,1.51262,1.5146
2024-08-05 03:00:00,1.51461,1.5161,1.5143499999999999,1.51499
2024-08-05 04:00:00,1.51495,1.51545,1.51312,1.51475
2024-08-05 05:00:00,1.51474,1.5149599999999999,1.5131999999999999,1.51443
2024-08-05 06:00:00,1.51444,1.51601,1.51432,1.5159099999999999
2024-08-05 07:00:00,1.5159099999999999,1.51791,1.5158,1.51692
2024-08-05 08:00:00,1.51695,1.51939,1.5163600000000002,1.5186
2024-08-05 09:00:00,1.5186,1.52146,1.51327,1.51583
2024-08-05 10:00:00,1.51573,1.5211999999999999,1.51515,1.5193699999999999
2024-08-05 11:00:00,1.51925,1.5220099999999999,1.51925,1.51978
2024-08-05 12:00:00,1.51983,1.52054,1.51837,1.5190000000000001
2024-08-05 13:00:00,1.5190000000000001,1.5190000000000001,1.51608,1.51673
2024-08-05 14:00:00,1.51674,1.51841,1.51623,1.51813
2024-08-05 15:00:00,1.51811,1.52129,1.51707,1.52042
2024-08-05 16:00:00,1.52046,1.5226600000000001,1.5171700000000001,1.51736
2024-08-05 17:00:00,1.51641,1.51946,1.5145499999999998,1.51932
2024-08-05 18:00:00,1.5192,1.51971,1.51384,1.51407
2024-08-05 19:00:00,1.514,1.51725,1.51377,1.51698
2024-08-05 20:00:00,1.5169700000000002,1.5174699999999999,1.51501,1.51501
2024-08-05 21:00:00,1.5150000000000001,1.5154,1.5142099999999998,1.51467
2024-08-05 22:00:00,1.5146,1.51531,1.51416,1.51477
2024-08-05 23:00:00,1.5147599999999999,1.5152999999999999,1.5135999999999998,1.51377
2024-08-06 00:00:00,1.5138,1.51413,1.51072,1.5137
2024-08-06 01:00:00,1.51371,1.51438,1.51267,1.51267
2024-08-06 02:00:00,1.51267,1.51277,1.5112999999999999,1.51163
2024-08-06 03:00:00,1.51165,1.51244,1.51131,1.51217
2024-08-06 04:00:00,1.51217,1.5134400000000001,1.51183,1.51255
2024-08-06 05:00:00,1.5125199999999999,1.51343,1.51246,1.5127000000000002
2024-08-06 06:00:00,1.51269,1.5131299999999999,1.5123199999999999,1.51309
2024-08-06 07:00:00,1.5131299999999999,1.5136500000000002,1.5127199999999998,1.5135100000000001
2024-08-06 08:00:00,1.51353,1.5142099999999998,1.5124,1.51291
2024-08-06 09:00:00,1.51292,1.51308,1.51172,1.5124900000000001
2024-08-06 10:00:00,1.51251,1.5138099999999999,1.51106,1.51158
2024-08-06 11:00:00,1.5115699999999999,1.51271,1.51078,1.51162
2024-08-06 12:00:00,1.51162,1.51179,1.51052,1.5106600000000001
2024-08-06 13:00:00,1.51061,1.51153,1.5091700000000001,1.50959
2024-08-06 14:00:00,1.5095800000000001,1.5112299999999999,1.50889,1.5112
2024-08-06 15:00:00,1.5112,1.51142,1.5091299999999999,1.50925
2024-08-06 16:00:00,1.5093,1.51011,1.50733,1.50785
2024-08-06 17:00:00,1.50789,1.50984,1.50617,1.5095800000000001
2024-08-06 18:00:00,1.50959,1.50962,1.5064,1.50661
2024-08-06 19:00:00,1.50661,1.50762,1.5051,1.5056
2024-08-06 20:00:00,1.5056,1.50572,1.5034999999999998,1.50378
2024-08-06 21:00:00,1.5038,1.5048300000000001,1.5034399999999999,1.50458
2024-08-06 22:00:00,1.5046300000000001,1.5056,1.50444,1.50555
2024-08-06 23:00:00,1.50559,1.50685,1.5052400000000001,1.50645
2024-08-07 00:00:00,1.5064600000000001,1.5065499999999998,1.50471,1.50597
2024-08-07 01:00:00,1.50586,1.50651,1.50562,1.50641
2024-08-07 02:00:00,1.5063900000000001,1.50668,1.50587,1.50632
2024-08-07 03:00:00,1.50633,1.5066000000000002,1.50491,1.5057399999999999
2024-08-07 04:00:00,1.50575,1.50606,1.5033400000000001,1.50449
2024-08-07 05:00:00,1.50448,1.50482,1.50346,1.50394
2024-08-07 06:00:00,1.50396,1.50412,1.50274,1.50288
2024-08-07 07:00:00,1.50288,1.50313,1.5025,1.5027300000000001
2024-08-07 08:00:00,1.5027,1.50322,1.50203,1.50301
2024-08-07 09:00:00,1.50295,1.5036800000000001,1.50255,1.50316
2024-08-07 10:00:00,1.5031400000000001,1.5046,1.5031400000000001,1.50336
2024-08-07 11:00:00,1.50332,1.50343,1.50152,1.5016
2024-08-07 12:00:00,1.5016,1.5019,1.50011,1.50049
2024-08-07 13:00:00,1.5005199999999999,1.50152,1.4999500000000001,1.50047
2024-08-07 14:00:00,1.5004499999999998,1.50149,1.50006,1.50091
2024-08-07 15:00:00,1.50083,1.50137,1.49945,1.50075
2024-08-07 16:00:00,1.50074,1.50145,1.49949,1.50015
2024-08-07 17:00:00,1.50015,1.5014699999999999,1.50015,1.50048
2024-08-07 18:00:00,1.50048,1.50125,1.49978,1.49982
2024-08-07 19:00:00,1.49981,1.5006,1.4993400000000001,1.49976
2024-08-07 20:00:00,1.49976,1.50092,1.49959,1.50053
2024-08-07 21:00:00,1.50054,1.50184,1.5005,1.5012699999999999
2024-08-07 22:00:00,1.5012699999999999,1.5018099999999999,1.50081,1.5015800000000001
2024-08-07 23:00:00,1.50159,1.5027300000000001,1.50125,1.50255
2024-08-08 00:00:00,1.50248,1.5027,1.50129,1.5026199999999998
2024-08-08 01:00:00,1.50263,1.50297,1.50244,1.50271
2024-08-08 02:00:00,1.50272,1.50397,1.5025300000000001,1.50257
2024-08-08 03:00:00,1.50258,1.5027300000000001,1.5015800000000001,1.50183
2024-08-08 04:00:00,1.50183,1.50202,1.50065,1.50125
2024-08-08 05:00:00,1.50126,1.50143,1.50049,1.5012400000000001
2024-08-08 06:00:00,1.50122,1.50132,1.5005600000000001,1.50092
2024-08-08 07:00:00,1.50092,1.50155,1.50092,1.5011
2024-08-08 08:00:00,1.5011100000000002,1.5021900000000001,1.5009000000000001,1.50217
2024-08-08 09:00:00,1.50218,1.5024,1.50091,1.50225
2024-08-08 10:00:00,1.50232,1.5031400000000001,1.5016699999999998,1.5027300000000001
2024-08-08 11:00:00,1.5027300000000001,1.50311,1.50173,1.50173
2024-08-08 12:00:00,1.50176,1.50265,1.50145,1.50187
2024-08-08 13:00:00,1.5018799999999999,1.50245,1.5011299999999999,1.50197
2024-08-08 14:00:00,1.5019900000000002,1.5023900000000001,1.50149,1.502
2024-08-08 15:00:00,1.50194,1.50275,1.4978099999999999,1.49875
2024-08-08 16:00:00,1.49878,1.50004,1.4969999999999999,1.49774
2024-08-08 17:00:00,1.49773,1.49945,1.4969299999999999,1.49932
2024-08-08 18:00:00,1.4993,1.50011,1.49886,1.49958
2024-08-08 19:00:00,1.49958,1.49959,1.4984600000000001,1.49875
2024-08-08 20:00:00,1.49875,1.49977,1.49848,1.4986
2024-08-08 21:00:00,1.4986,1.49917,1.49833,1.49914
2024-08-08 22:00:00,1.49909,1.4990999999999999,1.49837,1.49888
2024-08-08 23:00:00,1.49887,1.4995,1.49861,1.4990999999999999
2024-08-09 00:00:00,1.49908,1.4993699999999999,1.49752,1.49895
2024-08-09 01:00:00,1.49896,1.50001,1.49894,1.49988
2024-08-09 02:00:00,1.49989,1.50001,1.49909,1.49919
2024-08-09 03:00:00,1.49918,1.49981,1.49912,1.49952
2024-08-09 04:00:00,1.49954,1.49982,1.49888,1.49917
2024-08-09 05:00:00,1.49917,1.49954,1.49868,1.49931
2024-08-09 06:00:00,1.4993,1.4995,1.49888,1.4989
2024-08-09 07:00:00,1.4989,1.50026,1.49871,1.50011
2024-08-09 08:00:00,1.50011,1.5004300000000002,1.49896,1.49938
2024-08-09 09:00:00,1.4993699999999999,1.50048,1.4987599999999999,1.49912
2024-08-09 10:00:00,1.49912,1.50068,1.49912,1.49983
2024-08-09 11:00:00,1.49986,1.50001,1.49861,1.49914
2024-08-09 12:00:00,1.49912,1.50037,1.49911,1.49972
2024-08-09 13:00:00,1.49974,1.50053,1.49955,1.49996
2024-08-09 14:00:00,1.49997,1.50031,1.49951,1.50026
2024-08-09 15:00:00,1.50026,1.50082,1.49868,1.49875
2024-08-09 16:00:00,1.49875,1.50072,1.49865,1.50039
2024-08-09 17:00:00,1.50038,1.50055,1.49887,1.49918
2024-08-09 18:00:00,1.49918,1.50019,1.49911,1.49947
2024-08-09 19:00:00,1.49947,1.50001,1.4982199999999999,1.4986
2024-08-09 20:00:00,1.49862,1.4994,1.4984,1.49935
2024-08-09 21:00:00,1.4993400000000001,1.49974,1.49922,1.49939
2024-08-09 22:00:00,1.49939,1.49961,1.49887,1.49897
2024-08-09 23:00:00,1.49898,1.49911,1.49834,1.49848
2024-08-12 00:00:00,1.4993,1.4993,1.49677,1.49908
2024-08-12 01:00:00,1.49902,1.4994100000000001,1.49826,1.49923
2024-08-12 02:00:00,1.49924,1.49951,1.4987599999999999,1.4987599999999999
2024-08-12 03:00:00,1.49877,1.49963,1.49877,1.49961
2024-08-12 04:00:00,1.4996,1.4999500000000001,1.49935,1.49952
2024-08-12 05:00:00,1.49955,1.49969,1.49931,1.49933
2024-08-12 06:00:00,1.49933,1.49948,1.49889,1.49899
2024-08-12 07:00:00,1.49901,1.49959,1.49892,1.49926
2024-08-12 08:00:00,1.49927,1.49954,1.4990700000000001,1.49915
2024-08-12 09:00:00,1.49919,1.49981,1.49894,1.49945
2024-08-12 10:00:00,1.49945,1.5000900000000001,1.49835,1.49848
2024-08-12 11:00:00,1.4984899999999999,1.49887,1.4977800000000001,1.49855
2024-08-12 12:00:00,1.49855,1.49955,1.49855,1.49905
2024-08-12 13:00:00,1.4990700000000001,1.4996399999999999,1.49851,1.49898
2024-08-12 14:00:00,1.49901,1.49992,1.49861,1.49982
2024-08-12 15:00:00,1.49974,1.5003,1.49954,1.49992
2024-08-12 16:00:00,1.49991,1.50128,1.49928,1.50082
2024-08-12 17:00:00,1.50083,1.50173,1.49942,1.50123
2024-08-12 18:00:00,1.50123,1.5029,1.5011,1.50143
2024-08-12 19:00:00,1.50141,1.5019200000000001,1.50073,1.50109
2024-08-12 20:00:00,1.50107,1.50197,1.50103,1.50176
2024-08-12 21:00:00,1.50177,1.50202,1.50107,1.50116
2024-08-12 22:00:00,1.50116,1.50225,1.50116,1.50225
2024-08-12 23:00:00,1.50225,1.50229,1.50169,1.502
2024-08-13 00:00:00,1.5020099999999998,1.50211,1.5010599999999998,1.50197
2024-08-13 01:00:00,1.50196,1.50225,1.5018500000000001,1.502
2024-08-13 02:00:00,1.50202,1.50278,1.5018799999999999,1.50267
2024-08-13 03:00:00,1.5026899999999999,1.5026899999999999,1.50217,1.50227
2024-08-13 04:00:00,1.50227,1.50261,1.50198,1.5026000000000002
2024-08-13 05:00:00,1.5026000000000002,1.50281,1.50221,1.50255
2024-08-13 06:00:00,1.50254,1.50285,1.50216,1.50257
2024-08-13 07:00:00,1.50256,1.50271,1.50209,1.50263
2024-08-13 08:00:00,1.50264,1.50302,1.50248,1.50275
2024-08-13 09:00:00,1.5028299999999999,1.50316,1.50157,1.50157
2024-08-13 10:00:00,1.50156,1.50182,1.5001600000000002,1.50035
2024-08-13 11:00:00,1.50035,1.50035,1.49959,1.5000499999999999
2024-08-13 12:00:00,1.49993,1.5002900000000001,1.49916,1.49929
2024-08-13 13:00:00,1.49929,1.5007899999999998,1.4992,1.5005899999999999
2024-08-13 14:00:00,1.50058,1.50161,1.5003,1.50137
2024-08-13 15:00:00,1.5013800000000002,1.50248,1.50072,1.5018500000000001
2024-08-13 16:00:00,1.50183,1.50499,1.5014699999999999,1.5044499999999998
2024-08-13 17:00:00,1.50444,1.5050400000000002,1.50291,1.50342
2024-08-13 18:00:00,1.50345,1.50365,1.5027599999999999,1.50308
2024-08-13 19:00:00,1.50311,1.50543,1.50305,1.50518
2024-08-13 20:00:00,1.5051999999999999,1.50593,1.5049299999999999,1.5058500000000001
2024-08-13 21:00:00,1.5058500000000001,1.50813,1.50579,1.5080900000000002
2024-08-13 22:00:00,1.5080900000000002,1.5080900000000002,1.5070999999999999,1.50722
2024-08-13 23:00:00,1.5072100000000002,1.5075699999999999,1.50632,1.50637
2024-08-14 00:00:00,1.50519,1.5065499999999998,1.50444,1.50621
2024-08-14 01:00:00,1.5061900000000001,1.5072100000000002,1.5061900000000001,1.50712
2024-08-14 02:00:00,1.50713,1.5074800000000002,1.50708,1.50738
2024-08-14 03:00:00,1.5074,1.5074,1.50668,1.50674
2024-08-14 04:00:00,1.50675,1.5072,1.50657,1.5066000000000002
2024-08-14 05:00:00,1.5066000000000002,1.50797,1.5066000000000002,1.50738
2024-08-14 06:00:00,1.5073699999999999,1.50787,1.50724,1.50743
2024-08-14 07:00:00,1.50744,1.50785,1.5072299999999998,1.50779
2024-08-14 08:00:00,1.50781,1.50796,1.50729,1.50754
2024-08-14 09:00:00,1.50756,1.50867,1.50697,1.50833
2024-08-14 10:00:00,1.5082900000000001,1.50878,1.50786,1.5087000000000002
2024-08-14 11:00:00,1.50868,1.51059,1.50828,1.51048
2024-08-14 12:00:00,1.51037,1.51088,1.5098799999999999,1.51047
2024-08-14 13:00:00,1.5104600000000001,1.51082,1.5098799999999999,1.5102
2024-08-14 14:00:00,1.5102,1.5116100000000001,1.51004,1.51144
2024-08-14 15:00:00,1.51146,1.51208,1.50948,1.51125
2024-08-14 16:00:00,1.5112299999999999,1.51369,1.51122,1.5126300000000001
2024-08-14 17:00:00,1.51262,1.51265,1.51054,1.5110299999999999
2024-08-14 18:00:00,1.51105,1.51124,1.5093299999999998,1.50963
2024-08-14 19:00:00,1.50963,1.51102,1.50948,1.51072
2024-08-14 20:00:00,1.51071,1.51166,1.5105,1.51078
2024-08-14 21:00:00,1.51078,1.51119,1.5102799999999998,1.5103900000000001
2024-08-14 22:00:00,1.51037,1.51084,1.51024,1.5103900000000001
2024-08-14 23:00:00,1.5104,1.51082,1.50989,1.5099900000000002
2024-08-15 00:00:00,1.5100099999999999,1.51037,1.5091299999999999,1.5099399999999998
2024-08-15 01:00:00,1.51,1.5104899999999999,1.50986,1.51007
2024-08-15 02:00:00,1.5100799999999999,1.51048,1.5100099999999999,1.51022
2024-08-15 03:00:00,1.51024,1.51058,1.50984,1.51
2024-08-15 04:00:00,1.5099900000000002,1.51027,1.5094699999999999,1.50966
2024-08-15 05:00:00,1.50968,1.51018,1.50927,1.5096
2024-08-15 06:00:00,1.50961,1.5098099999999999,1.50943,1.5095
2024-08-15 07:00:00,1.5095,1.50953,1.50919,1.50953
2024-08-15 08:00:00,1.50956,1.50989,1.5091,1.50945
2024-08-15 09:00:00,1.50945,1.50983,1.50888,1.50929
2024-08-15 10:00:00,1.50929,1.50962,1.5087000000000002,1.50905
2024-08-15 11:00:00,1.5090400000000002,1.50919,1.5083600000000001,1.50865
2024-08-15 12:00:00,1.50864,1.50925,1.50816,1.50889
2024-08-15 13:00:00,1.50889,1.50932,1.50867,1.50916
2024-08-15 14:00:00,1.50918,1.5094699999999999,1.50853,1.50881
2024-08-15 15:00:00,1.50881,1.50894,1.5028899999999998,1.50365
2024-08-15 16:00:00,1.50367,1.5048300000000001,1.50298,1.50379
2024-08-15 17:00:00,1.50381,1.50546,1.50347,1.50465
2024-08-15 18:00:00,1.5046300000000001,1.50555,1.5042900000000001,1.50491
2024-08-15 19:00:00,1.50492,1.5055800000000001,1.50469,1.5049299999999999
2024-08-15 20:00:00,1.5049299999999999,1.5059200000000001,1.50481,1.5059
2024-08-15 21:00:00,1.5059,1.50659,1.5059,1.5064899999999999
2024-08-15 22:00:00,1.50645,1.5070700000000001,1.50617,1.5070700000000001
2024-08-15 23:00:00,1.5070700000000001,1.5072100000000002,1.5057800000000001,1.50605
2024-08-16 00:00:00,1.50604,1.5064899999999999,1.50512,1.50611
2024-08-16 01:00:00,1.50603,1.50685,1.50595,1.5065499999999998
2024-08-16 02:00:00,1.50658,1.50698,1.5065499999999998,1.50683
2024-08-16 03:00:00,1.50683,1.50729,1.5067,1.50688
2024-08-16 04:00:00,1.50688,1.50719,1.5065300000000001,1.5067599999999999
2024-08-16 05:00:00,1.5067599999999999,1.50713,1.50656,1.50674
2024-08-16 06:00:00,1.50675,1.50682,1.50648,1.5066899999999999
2024-08-16 07:00:00,1.50671,1.50719,1.50661,1.50712
2024-08-16 08:00:00,1.50712,1.50743,1.5069,1.50718
2024-08-16 09:00:00,1.50711,1.50717,1.5063900000000001,1.50671
2024-08-16 10:00:00,1.50671,1.5077500000000001,1.50631,1.50769
2024-08-16 11:00:00,1.50767,1.5080900000000002,1.5065499999999998,1.50672
2024-08-16 12:00:00,1.5066899999999999,1.50755,1.5062799999999998,1.50752
2024-08-16 13:00:00,1.50754,1.50914,1.50753,1.50877
2024-08-16 14:00:00,1.50877,1.5097800000000001,1.50862,1.50916
2024-08-16 15:00:00,1.50916,1.5095800000000001,1.5085899999999999,1.50889
2024-08-16 16:00:00,1.5089000000000001,1.50936,1.50834,1.50858
2024-08-16 17:00:00,1.50837,1.50873,1.50705,1.50731
2024-08-16 18:00:00,1.50731,1.50749,1.5067300000000001,1.50691
2024-08-16 19:00:00,1.50693,1.50753,1.50671,1.50688
2024-08-16 20:00:00,1.5068700000000002,1.50819,1.50682,1.50772
2024-08-16 21:00:00,1.5077099999999999,1.50847,1.50751,1.50847
2024-08-16 22:00:00,1.50847,1.5086300000000001,1.50815,1.5083199999999999
2024-08-16 23:00:00,1.50838,1.5087899999999999,1.50792,1.50817
2024-08-19 00:00:00,1.50831,1.50868,1.5076100000000001,1.50861
2024-08-19 01:00:00,1.50861,1.50891,1.5081099999999998,1.50833
2024-08-19 02:00:00,1.5083199999999999,1.50846,1.50778,1.5079099999999999
2024-08-19 03:00:00,1.50788,1.5085899999999999,1.50724,1.50793
2024-08-19 04:00:00,1.50793,1.50793,1.5072,1.5072
2024-08-19 05:00:00,1.5072,1.50752,1.5070299999999999,1.5073699999999999
2024-08-19 06:00:00,1.5073699999999999,1.50851,1.50726,1.50834
2024-08-19 07:00:00,1.50834,1.50869,1.50785,1.50846
2024-08-19 08:00:00,1.5084499999999998,1.51,1.5083,1.5097399999999999
2024-08-19 09:00:00,1.5097399999999999,1.51045,1.5092400000000001,1.50935
2024-08-19 10:00:00,1.50932,1.5101900000000001,1.50878,1.50955
2024-08-19 11:00:00,1.5095399999999999,1.50993,1.5087899999999999,1.5091
2024-08-19 12:00:00,1.50911,1.51023,1.50909,1.50963
2024-08-19 13:00:00,1.50964,1.51009,1.509,1.5100500000000001
2024-08-19 14:00:00,1.5100500000000001,1.51017,1.5094400000000001,1.50991
2024-08-19 15:00:00,1.50991,1.51006,1.50891,1.50914
2024-08-19 16:00:00,1.50911,1.50911,1.5076399999999999,1.50877
2024-08-19 17:00:00,1.50876,1.51054,1.5083600000000001,1.5097399999999999
2024-08-19 18:00:00,1.50971,1.51193,1.50847,1.51181
2024-08-19 19:00:00,1.51183,1.5119,1.51101,1.5113400000000001
2024-08-19 20:00:00,1.51132,1.51142,1.51043,1.51086
2024-08-19 21:00:00,1.5108899999999998,1.51181,1.5106600000000001,1.51071
2024-08-19 22:00:00,1.51071,1.5117500000000001,1.51047,1.51124
2024-08-19 23:00:00,1.5112299999999999,1.51144,1.51082,1.51112
2024-08-20 00:00:00,1.51118,1.5113400000000001,1.50976,1.5110700000000001
2024-08-20 01:00:00,1.51108,1.51132,1.5107599999999999,1.5110700000000001
2024-08-20 02:00:00,1.5110700000000001,1.51135,1.51077,1.51101
2024-08-20 03:00:00,1.51101,1.51112,1.5107300000000001,1.5110000000000001
2024-08-20 04:00:00,1.5110000000000001,1.51117,1.5104600000000001,1.51084
2024-08-20 05:00:00,1.51084,1.51108,1.51007,1.51038
2024-08-20 06:00:00,1.5103900000000001,1.51077,1.5103499999999999,1.51058
2024-08-20 07:00:00,1.51059,1.51098,1.51033,1.51038
2024-08-20 08:00:00,1.51038,1.51051,1.50968,1.5103900000000001
2024-08-20 09:00:00,1.51038,1.51057,1.50941,1.50987
2024-08-20 10:00:00,1.50987,1.51022,1.50848,1.5098099999999999
2024-08-20 11:00:00,1.50979,1.5099399999999998,1.50846,1.5085600000000001
2024-08-20 12:00:00,1.5084499999999998,1.50881,1.50758,1.5078
2024-08-20 13:00:00,1.5077500000000001,1.50831,1.5077,1.50814
2024-08-20 14:00:00,1.50815,1.50902,1.508,1.50844
2024-08-20 15:00:00,1.50844,1.51194,1.50793,1.51153
2024-08-20 16:00:00,1.51149,1.51361,1.5114800000000002,1.51323
2024-08-20 17:00:00,1.51322,1.51481,1.51227,1.51433
2024-08-20 18:00:00,1.51434,1.51474,1.51346,1.51362
2024-08-20 19:00:00,1.51362,1.51543,1.51356,1.5149
2024-08-20 20:00:00,1.5149,1.5151400000000002,1.51417,1.5149599999999999
2024-08-20 21:00:00,1.51497,1.51519,1.51463,1.51468
2024-08-20 22:00:00,1.51468,1.51553,1.51457,1.51528
2024-08-20 23:00:00,1.51529,1.51578,1.51518,1.51566
2024-08-21 00:00:00,1.51452,1.5159,1.5137,1.51582
2024-08-21 01:00:00,1.51565,1.51567,1.5151400000000002,1.5154
2024-08-21 02:00:00,1.51538,1.51545,1.51509,1.51515
2024-08-21 03:00:00,1.5151400000000002,1.51545,1.5146899999999999,1.5151
2024-08-21 04:00:00,1.5151,1.5151,1.5144,1.51457
2024-08-21 05:00:00,1.51458,1.51486,1.51422,1.5144600000000001
2024-08-21 06:00:00,1.5144600000000001,1.51451,1.51369,1.5141200000000001
2024-08-21 07:00:00,1.51413,1.51418,1.51361,1.51369
2024-08-21 08:00:00,1.51368,1.51393,1.51323,1.51362
2024-08-21 09:00:00,1.5136500000000002,1.51409,1.5131999999999999,1.51407
2024-08-21 10:00:00,1.51407,1.51533,1.513,1.51335
2024-08-21 11:00:00,1.51335,1.51345,1.5125600000000001,1.51326
2024-08-21 12:00:00,1.51326,1.51352,1.51242,1.51274
2024-08-21 13:00:00,1.51273,1.5134699999999999,1.51241,1.5128599999999999
2024-08-21 14:00:00,1.51284,1.51284,1.51109,1.51145
2024-08-21 15:00:00,1.51149,1.513,1.5112299999999999,1.51267
2024-08-21 16:00:00,1.51267,1.51305,1.51111,1.51122
2024-08-21 17:00:00,1.51117,1.51337,1.50993,1.5127199999999998
2024-08-21 18:00:00,1.51269,1.51423,1.5123199999999999,1.5133100000000002
2024-08-21 19:00:00,1.5133100000000002,1.51478,1.51327,1.51463
2024-08-21 20:00:00,1.5146199999999999,1.51628,1.5146199999999999,1.51594
2024-08-21 21:00:00,1.51569,1.51753,1.51569,1.51604
2024-08-21 22:00:00,1.51603,1.5168,1.5158,1.51612
2024-08-21 23:00:00,1.51613,1.5163600000000002,1.51546,1.51552
2024-08-22 00:00:00,1.51554,1.5158800000000001,1.51334,1.51508
2024-08-22 01:00:00,1.51518,1.51582,1.51512,1.51544
2024-08-22 02:00:00,1.51544,1.51544,1.51488,1.51506
2024-08-22 03:00:00,1.51508,1.5152700000000001,1.51406,1.51437
2024-08-22 04:00:00,1.5143900000000001,1.51454,1.51384,1.5141499999999999
2024-08-22 05:00:00,1.5141499999999999,1.5143,1.51371,1.5138500000000001
2024-08-22 06:00:00,1.51384,1.5142,1.51364,1.51404
2024-08-22 07:00:00,1.51404,1.51429,1.51366,1.51388
2024-08-22 08:00:00,1.51388,1.5140500000000001,1.51337,1.5135800000000001
2024-08-22 09:00:00,1.5135399999999999,1.51423,1.51336,1.51411
2024-08-22 10:00:00,1.5141200000000001,1.51532,1.5108000000000001,1.5117500000000001
2024-08-22 11:00:00,1.5116800000000001,1.51336,1.5116800000000001,1.51269
2024-08-22 12:00:00,1.51267,1.51268,1.51181,1.5123799999999998
2024-08-22 13:00:00,1.5123799999999998,1.5136500000000002,1.51151,1.51361
2024-08-22 14:00:00,1.51357,1.51375,1.51248,1.51264
2024-08-22 15:00:00,1.51266,1.51301,1.51196,1.51233
2024-08-22 16:00:00,1.5123600000000001,1.51399,1.5114,1.512
2024-08-22 17:00:00,1.5120900000000002,1.5122499999999999,1.5105,1.51131
2024-08-22 18:00:00,1.5112999999999999,1.51215,1.5107,1.5117099999999999
2024-08-22 19:00:00,1.5117099999999999,1.5117099999999999,1.51072,1.51106
2024-08-22 20:00:00,1.5110700000000001,1.51153,1.5100500000000001,1.51085
2024-08-22 21:00:00,1.51085,1.51147,1.51085,1.51128
2024-08-22 22:00:00,1.51126,1.51179,1.5112299999999999,1.51166
2024-08-22 23:00:00,1.5116399999999999,1.51264,1.51151,1.51264
2024-08-23 00:00:00,1.51265,1.51292,1.51034,1.5125600000000001
2024-08-23 01:00:00,1.51261,1.5127899999999999,1.51206,1.5123
2024-08-23 02:00:00,1.5123,1.51247,1.51212,1.51212
2024-08-23 03:00:00,1.5121099999999998,1.5126,1.51174,1.5123600000000001
2024-08-23 04:00:00,1.51237,1.51295,1.51199,1.51284
2024-08-23 05:00:00,1.51285,1.51295,1.51251,1.51266
2024-08-23 06:00:00,1.51267,1.5127899999999999,1.51214,1.5123600000000001
2024-08-23 07:00:00,1.5123600000000001,1.51268,1.51223,1.51258
2024-08-23 08:00:00,1.51257,1.51273,1.5123600000000001,1.5124499999999999
2024-08-23 09:00:00,1.5124300000000002,1.5124300000000002,1.51163,1.5123
2024-08-23 10:00:00,1.51234,1.51234,1.51058,1.51094
2024-08-23 11:00:00,1.51094,1.51165,1.51081,1.5112999999999999
2024-08-23 12:00:00,1.5112999999999999,1.51142,1.5101200000000001,1.5104199999999999
2024-08-23 13:00:00,1.51041,1.51101,1.5102600000000002,1.5106199999999999
2024-08-23 14:00:00,1.51061,1.51075,1.5096500000000002,1.51025
2024-08-23 15:00:00,1.51023,1.5108000000000001,1.509,1.50932
2024-08-23 16:00:00,1.50927,1.50927,1.50786,1.50853
2024-08-23 17:00:00,1.5085199999999999,1.51213,1.50794,1.5109
2024-08-23 18:00:00,1.51086,1.5118,1.5097,1.51007
2024-08-23 19:00:00,1.51007,1.51057,1.50925,1.50971
2024-08-23 20:00:00,1.5097,1.5117099999999999,1.5097,1.51112
2024-08-23 21:00:00,1.5110999999999999,1.51206,1.51075,1.51162
2024-08-23 22:00:00,1.51162,1.51237,1.51151,1.51194
2024-08-23 23:00:00,1.51194,1.5120900000000002,1.51144,1.5118399999999999
2024-08-26 00:00:00,1.5114999999999998,1.51223,1.5094400000000001,1.51143
2024-08-26 01:00:00,1.5111599999999998,1.51208,1.51102,1.51208
2024-08-26 02:00:00,1.5120900000000002,1.51231,1.51124,1.5114
2024-08-26 03:00:00,1.5114100000000001,1.5122499999999999,1.51132,1.5116399999999999
2024-08-26 04:00:00,1.51162,1.51193,1.5109599999999999,1.51136
2024-08-26 05:00:00,1.51136,1.51154,1.51097,1.51109
2024-08-26 06:00:00,1.51109,1.5112,1.51074,1.5109599999999999
2024-08-26 07:00:00,1.5109599999999999,1.5110999999999999,1.51071,1.51092
2024-08-26 08:00:00,1.51092,1.51101,1.51006,1.51022
2024-08-26 09:00:00,1.5102600000000002,1.5111599999999998,1.50968,1.50993
2024-08-26 10:00:00,1.50986,1.51071,1.5097,1.5105
2024-08-26 11:00:00,1.51051,1.5106199999999999,1.50957,1.5096699999999998
2024-08-26 12:00:00,1.50968,1.5101499999999999,1.50911,1.50945
2024-08-26 13:00:00,1.50946,1.50948,1.5078399999999998,1.50796
2024-08-26 14:00:00,1.50796,1.50864,1.50786,1.5079
2024-08-26 15:00:00,1.5078399999999998,1.50803,1.50557,1.50573
2024-08-26 16:00:00,1.5057399999999999,1.5057800000000001,1.50424,1.50465
2024-08-26 17:00:00,1.5046300000000001,1.50534,1.5041600000000002,1.50518
2024-08-26 18:00:00,1.50519,1.50627,1.50492,1.50529
2024-08-26 19:00:00,1.50529,1.50535,1.50424,1.50468
2024-08-26 20:00:00,1.50468,1.5053100000000001,1.50451,1.50481
2024-08-26 21:00:00,1.50485,1.50522,1.50388,1.50412
2024-08-26 22:00:00,1.50412,1.50503,1.50403,1.50495
2024-08-26 23:00:00,1.50496,1.5054400000000001,1.5047700000000002,1.50515
2024-08-27 00:00:00,1.5051999999999999,1.5051999999999999,1.50306,1.5048599999999999
2024-08-27 01:00:00,1.50488,1.5051999999999999,1.50451,1.50507
2024-08-27 02:00:00,1.50507,1.5052400000000001,1.50492,1.50503
2024-08-27 03:00:00,1.5050400000000002,1.5053100000000001,1.50482,1.50508
2024-08-27 04:00:00,1.50508,1.5058500000000001,1.50488,1.50548
2024-08-27 05:00:00,1.50549,1.50566,1.50503,1.5054400000000001
2024-08-27 06:00:00,1.50542,1.5055100000000001,1.50492,1.50496
2024-08-27 07:00:00,1.50496,1.50573,1.50496,1.50539
2024-08-27 08:00:00,1.5053800000000002,1.5056500000000002,1.50522,1.5055
2024-08-27 09:00:00,1.50549,1.5055,1.50487,1.50505
2024-08-27 10:00:00,1.5050400000000002,1.50546,1.50444,1.5044499999999998
2024-08-27 11:00:00,1.5044499999999998,1.50514,1.5042200000000001,1.50437
2024-08-27 12:00:00,1.5043600000000001,1.50521,1.5039500000000001,1.50397
2024-08-27 13:00:00,1.5039799999999999,1.50415,1.50316,1.50324
2024-08-27 14:00:00,1.50326,1.5041799999999999,1.5028700000000002,1.50408
2024-08-27 15:00:00,1.5041,1.50433,1.5022,1.50333
2024-08-27 16:00:00,1.50331,1.50406,1.50229,1.50356
2024-08-27 17:00:00,1.50338,1.50377,1.50206,1.5021200000000001
2024-08-27 18:00:00,1.50213,1.50277,1.50161,1.50169
2024-08-27 19:00:00,1.50169,1.5032,1.50166,1.5031400000000001
2024-08-27 20:00:00,1.5031400000000001,1.50439,1.50288,1.50413
2024-08-27 21:00:00,1.5039799999999999,1.50491,1.50383,1.50401
2024-08-27 22:00:00,1.50404,1.5043600000000001,1.50351,1.50351
2024-08-27 23:00:00,1.50354,1.50383,1.50326,1.50338
2024-08-28 00:00:00,1.5033400000000001,1.50351,1.50067,1.50304
2024-08-28 01:00:00,1.50304,1.50389,1.50304,1.50381
2024-08-28 02:00:00,1.5038200000000002,1.50401,1.5026199999999998,1.5029
2024-08-28 03:00:00,1.5029,1.50308,1.5023,1.50305
2024-08-28 04:00:00,1.50305,1.5030700000000001,1.50227,1.50261
2024-08-28 05:00:00,1.50261,1.50274,1.5017200000000002,1.5018500000000001
2024-08-28 06:00:00,1.50184,1.50205,1.50118,1.50155
2024-08-28 07:00:00,1.50155,1.50193,1.50082,1.5012699999999999
2024-08-28 08:00:00,1.50125,1.50135,1.4997500000000001,1.50019
2024-08-28 09:00:00,1.5002,1.50076,1.49942,1.5004
2024-08-28 10:00:00,1.50041,1.50102,1.49961,1.5007000000000001
2024-08-28 11:00:00,1.5007000000000001,1.5010599999999998,1.49935,1.49945
2024-08-28 12:00:00,1.49945,1.5000200000000001,1.4984600000000001,1.49869
2024-08-28 13:00:00,1.4987300000000001,1.49891,1.49737,1.49759
2024-08-28 14:00:00,1.4975800000000001,1.49901,1.49737,1.49796
2024-08-28 15:00:00,1.49799,1.49845,1.49635,1.49667
2024-08-28 16:00:00,1.49669,1.49762,1.49627,1.4967
2024-08-28 17:00:00,1.49668,1.49799,1.4965899999999999,1.49736
2024-08-28 18:00:00,1.49735,1.49794,1.49669,1.49759
2024-08-28 19:00:00,1.4976099999999999,1.49779,1.4969700000000001,1.49698
2024-08-28 20:00:00,1.49698,1.49743,1.4962,1.49731
2024-08-28 21:00:00,1.49732,1.49833,1.49712,1.49772
2024-08-28 22:00:00,1.49773,1.498,1.4976,1.49791
2024-08-28 23:00:00,1.49791,1.49893,1.49742,1.49884
2024-08-29 00:00:00,1.49886,1.49892,1.49742,1.49837
2024-08-29 01:00:00,1.49831,1.4992,1.49831,1.49918
2024-08-29 02:00:00,1.49918,1.49918,1.49868,1.49896
2024-08-29 03:00:00,1.49897,1.49924,1.49854,1.49894
2024-08-29 04:00:00,1.49894,1.49899,1.49824,1.49857
2024-08-29 05:00:00,1.49858,1.49926,1.49843,1.49917
2024-08-29 06:00:00,1.49917,1.49929,1.499,1.49921
2024-08-29 07:00:00,1.4992,1.49922,1.49839,1.49868
2024-08-29 08:00:00,1.4987,1.49886,1.49824,1.49827
2024-08-29 09:00:00,1.49821,1.4986,1.4971700000000001,1.49759
2024-08-29 10:00:00,1.49762,1.49765,1.49586,1.49723
2024-08-29 11:00:00,1.49709,1.49713,1.49157,1.49249
2024-08-29 12:00:00,1.4925,1.49325,1.4919799999999999,1.4925
2024-08-29 13:00:00,1.49249,1.4929000000000001,1.4916,1.49267
2024-08-29 14:00:00,1.49267,1.49367,1.49233,1.4932400000000001
2024-08-29 15:00:00,1.49304,1.49334,1.49078,1.49313
2024-08-29 16:00:00,1.49311,1.49465,1.49279,1.49375
2024-08-29 17:00:00,1.49364,1.49365,1.4904,1.49142
2024-08-29 18:00:00,1.4914399999999999,1.4928,1.49135,1.49211
2024-08-29 19:00:00,1.49211,1.49247,1.49152,1.49245
2024-08-29 20:00:00,1.49244,1.49262,1.49149,1.4923899999999999
2024-08-29 21:00:00,1.49241,1.49321,1.49203,1.49279
2024-08-29 22:00:00,1.49278,1.49357,1.4925,1.49321
2024-08-29 23:00:00,1.49328,1.49379,1.4929000000000001,1.49335
2024-08-30 00:00:00,1.49338,1.49382,1.49247,1.49378
2024-08-30 01:00:00,1.49378,1.49426,1.49348,1.49425
2024-08-30 02:00:00,1.49425,1.4946,1.49408,1.4945
2024-08-30 03:00:00,1.4945,1.49458,1.49393,1.49401
2024-08-30 04:00:00,1.49402,1.49413,1.49303,1.49303
2024-08-30 05:00:00,1.49306,1.49318,1.49265,1.49307
2024-08-30 06:00:00,1.49307,1.49356,1.49305,1.49338
2024-08-30 07:00:00,1.49337,1.49375,1.4932400000000001,1.49368
2024-08-30 08:00:00,1.49368,1.49391,1.49352,1.49381
2024-08-30 09:00:00,1.49383,1.49484,1.49362,1.4945599999999999
2024-08-30 10:00:00,1.49458,1.49458,1.49307,1.49334
2024-08-30 11:00:00,1.49334,1.49454,1.4923,1.49241
2024-08-30 12:00:00,1.4923600000000001,1.49364,1.4923600000000001,1.4933100000000001
2024-08-30 13:00:00,1.49332,1.49346,1.49252,1.49292
2024-08-30 14:00:00,1.4929299999999999,1.494,1.49281,1.49341
2024-08-30 15:00:00,1.49342,1.49401,1.49138,1.49222
2024-08-30 16:00:00,1.4922900000000001,1.49387,1.49184,1.49288
2024-08-30 17:00:00,1.49286,1.4941900000000001,1.49121,1.49174
2024-08-30 18:00:00,1.49173,1.49318,1.49173,1.49225
2024-08-30 19:00:00,1.49227,1.4925899999999999,1.49138,1.49185
2024-08-30 20:00:00,1.49183,1.49288,1.49115,1.49161
2024-08-30 21:00:00,1.49159,1.4916,1.49038,1.4904
2024-08-30 22:00:00,1.49035,1.4906,1.48881,1.48941
2024-08-30 23:00:00,1.48941,1.49099,1.4893399999999999,1.49041
2024-09-02 00:00:00,1.4899,1.49052,1.4889700000000001,1.4899499999999999
2024-09-02 01:00:00,1.48982,1.49032,1.48973,1.48975
2024-09-02 02:00:00,1.48975,1.49004,1.48956,1.4899
2024-09-02 03:00:00,1.48991,1.49093,1.48962,1.49084
2024-09-02 04:00:00,1.49084,1.49126,1.49048,1.49111
2024-09-02 05:00:00,1.49111,1.49182,1.49105,1.4915
2024-09-02 06:00:00,1.4915,1.4918,1.49099,1.49104
2024-09-02 07:00:00,1.49103,1.49142,1.49082,1.49123
2024-09-02 08:00:00,1.49123,1.49186,1.49089,1.4918
2024-09-02 09:00:00,1.49181,1.4932400000000001,1.49179,1.49307
2024-09-02 10:00:00,1.49307,1.4935100000000001,1.49211,1.49309
2024-09-02 11:00:00,1.49314,1.49381,1.4925,1.49275
2024-09-02 12:00:00,1.49275,1.49365,1.49252,1.49345
2024-09-02 13:00:00,1.49342,1.49374,1.4929000000000001,1.4935
2024-09-02 14:00:00,1.49349,1.49365,1.49291,1.49291
2024-09-02 15:00:00,1.49292,1.49343,1.49268,1.49299
2024-09-02 16:00:00,1.49303,1.49429,1.49302,1.4941
2024-09-02 17:00:00,1.49407,1.4946,1.49334,1.49356
2024-09-02 18:00:00,1.49355,1.49367,1.49322,1.49344
2024-09-02 19:00:00,1.49344,1.49355,1.49296,1.49311
2024-09-02 20:00:00,1.49311,1.49333,1.49302,1.49313
2024-09-02 21:00:00,1.49314,1.49352,1.49313,1.4935
2024-09-02 22:00:00,1.4935,1.49386,1.4934,1.4938
2024-09-02 23:00:00,1.4938,1.494,1.49349,1.49353
2024-09-03 00:00:00,1.49357,1.49386,1.49192,1.4935100000000001
2024-09-03 01:00:00,1.4935100000000001,1.49407,1.4935100000000001,1.49383
2024-09-03 02:00:00,1.49383,1.49389,1.49357,1.49372
2024-09-03 03:00:00,1.49371,1.49371,1.49286,1.49287
2024-09-03 04:00:00,1.49287,1.49413,1.49282,1.49401
2024-09-03 05:00:00,1.49401,1.49515,1.49401,1.495
2024-09-03 06:00:00,1.495,1.49554,1.49454,1.49516
2024-09-03 07:00:00,1.49516,1.49554,1.495,1.49511
2024-09-03 08:00:00,1.49511,1.49585,1.49491,1.49582
2024-09-03 09:00:00,1.49581,1.49581,1.49438,1.49479
2024-09-03 10:00:00,1.4948000000000001,1.495,1.49364,1.49368
2024-09-03 11:00:00,1.49369,1.49431,1.49258,1.49268
2024-09-03 12:00:00,1.49268,1.49391,1.4916,1.49386
2024-09-03 13:00:00,1.4938500000000001,1.4950700000000001,1.49383,1.49478
2024-09-03 14:00:00,1.4947599999999999,1.49551,1.49417,1.4950700000000001
2024-09-03 15:00:00,1.49506,1.4962900000000001,1.49423,1.49624
2024-09-03 16:00:00,1.49624,1.49871,1.49611,1.49791
2024-09-03 17:00:00,1.49775,1.49924,1.4958,1.49626
2024-09-03 18:00:00,1.49623,1.4963600000000001,1.49501,1.49532
2024-09-03 19:00:00,1.49533,1.49624,1.49511,1.49565
2024-09-03 20:00:00,1.4956800000000001,1.4957799999999999,1.49437,1.49457
2024-09-03 21:00:00,1.49457,1.4955,1.49445,1.49525
2024-09-03 22:00:00,1.49524,1.49633,1.4950700000000001,1.49609
2024-09-03 23:00:00,1.49613,1.49641,1.49596,1.49615
2024-09-04 00:00:00,1.49646,1.49654,1.49403,1.49615
2024-09-04 01:00:00,1.49617,1.49628,1.4957099999999999,1.49601
2024-09-04 02:00:00,1.49601,1.4964,1.4959,1.49626
2024-09-04 03:00:00,1.49627,1.4975,1.4960499999999999,1.49736
2024-09-04 04:00:00,1.49736,1.49757,1.4966,1.4969700000000001
2024-09-04 05:00:00,1.4969999999999999,1.49705,1.496,1.49617
2024-09-04 06:00:00,1.49617,1.49653,1.49608,1.4963199999999999
2024-09-04 07:00:00,1.49631,1.4964,1.4960200000000001,1.4963199999999999
2024-09-04 08:00:00,1.49631,1.49681,1.49627,1.4967
2024-09-04 09:00:00,1.4967,1.49691,1.49593,1.49617
2024-09-04 10:00:00,1.49617,1.4984899999999999,1.49569,1.49801
2024-09-04 11:00:00,1.4978799999999999,1.49911,1.49722,1.49868
2024-09-04 12:00:00,1.49868,1.49887,1.49802,1.49814
2024-09-04 13:00:00,1.4981499999999999,1.49867,1.49725,1.49749
2024-09-04 14:00:00,1.49749,1.49775,1.49658,1.49741
2024-09-04 15:00:00,1.49743,1.49799,1.49673,1.49772
2024-09-04 16:00:00,1.49772,1.4982,1.49448,1.49515
2024-09-04 17:00:00,1.49505,1.4988299999999999,1.49505,1.49823
2024-09-04 18:00:00,1.49824,1.49843,1.49718,1.49789
2024-09-04 19:00:00,1.49789,1.49854,1.49651,1.49752
2024-09-04 20:00:00,1.4975100000000001,1.49768,1.49631,1.49638
2024-09-04 21:00:00,1.4963899999999999,1.49726,1.4959,1.4971700000000001
2024-09-04 22:00:00,1.4971700000000001,1.49762,1.49686,1.49692
2024-09-04 23:00:00,1.49696,1.49708,1.49635,1.49654
2024-09-05 00:00:00,1.4966300000000001,1.49691,1.4955,1.49665
2024-09-05 01:00:00,1.49665,1.49716,1.49648,1.49673
2024-09-05 02:00:00,1.49675,1.49703,1.4963,1.49652
2024-09-05 03:00:00,1.4965,1.49683,1.49621,1.49637
2024-09-05 04:00:00,1.49637,1.4967,1.49621,1.49635
2024-09-05 05:00:00,1.49635,1.49675,1.49631,1.49651
2024-09-05 06:00:00,1.49649,1.49657,1.49617,1.49625
2024-09-05 07:00:00,1.49626,1.49635,1.49597,1.49633
2024-09-05 08:00:00,1.4963199999999999,1.49669,1.49609,1.4964
2024-09-05 09:00:00,1.4965,1.49768,1.4965,1.49728
2024-09-05 10:00:00,1.49728,1.49827,1.49696,1.49765
2024-09-05 11:00:00,1.49763,1.49889,1.49741,1.49862
2024-09-05 12:00:00,1.4987,1.49914,1.49832,1.4988299999999999
2024-09-05 13:00:00,1.49888,1.49985,1.49872,1.49929
2024-09-05 14:00:00,1.49924,1.50051,1.49859,1.49896
2024-09-05 15:00:00,1.499,1.50254,1.49865,1.49889
2024-09-05 16:00:00,1.49888,1.5004499999999998,1.4984600000000001,1.49936
2024-09-05 17:00:00,1.4990999999999999,1.49953,1.4967,1.49748
2024-09-05 18:00:00,1.49752,1.4993699999999999,1.49722,1.4993
2024-09-05 19:00:00,1.49935,1.5005600000000001,1.49935,1.50007
2024-09-05 20:00:00,1.50008,1.50088,1.4998,1.50033
2024-09-05 21:00:00,1.50033,1.50121,1.4994399999999999,1.4996399999999999
2024-09-05 22:00:00,1.49966,1.5005600000000001,1.49955,1.49981
2024-09-05 23:00:00,1.49985,1.50041,1.4994100000000001,1.49988
2024-09-06 00:00:00,1.49983,1.5001600000000002,1.49865,1.4998
2024-09-06 01:00:00,1.49977,1.50019,1.4997099999999999,1.4998
2024-09-06 02:00:00,1.49981,1.50017,1.49955,1.49973
2024-09-06 03:00:00,1.49974,1.5001799999999998,1.49961,1.50003
2024-09-06 04:00:00,1.50003,1.50033,1.49987,1.49989
2024-09-06 05:00:00,1.49989,1.50007,1.49963,1.4997
2024-09-06 06:00:00,1.4997099999999999,1.50027,1.49963,1.50014
2024-09-06 07:00:00,1.50014,1.5003199999999999,1.49969,1.4997500000000001
2024-09-06 08:00:00,1.4997500000000001,1.50065,1.4996800000000001,1.5005
2024-09-06 09:00:00,1.50051,1.5008,1.49945,1.49958
2024-09-06 10:00:00,1.49959,1.50073,1.49935,1.5000200000000001
2024-09-06 11:00:00,1.50001,1.50144,1.50001,1.50092
2024-09-06 12:00:00,1.50091,1.50092,1.49905,1.49932
2024-09-06 13:00:00,1.49933,1.49947,1.49836,1.49864
2024-09-06 14:00:00,1.49862,1.4990700000000001,1.49825,1.49855
2024-09-06 15:00:00,1.49856,1.50194,1.49433,1.5013100000000001
2024-09-06 16:00:00,1.50132,1.5018099999999999,1.49542,1.49767
2024-09-06 17:00:00,1.49772,1.50383,1.4972400000000001,1.50311
2024-09-06 18:00:00,1.50309,1.50537,1.50221,1.50331
2024-09-06 19:00:00,1.50324,1.50383,1.50252,1.50288
2024-09-06 20:00:00,1.50285,1.50397,1.50259,1.50299
2024-09-06 21:00:00,1.50301,1.50354,1.50238,1.5034999999999998
2024-09-06 22:00:00,1.5034999999999998,1.50383,1.5030299999999999,1.50374
2024-09-06 23:00:00,1.50369,1.50482,1.50351,1.5043600000000001
2024-09-09 00:00:00,1.50128,1.50381,1.501,1.50346
2024-09-09 01:00:00,1.50336,1.5045199999999999,1.50336,1.50393
2024-09-09 02:00:00,1.50394,1.50423,1.50342,1.50356
2024-09-09 03:00:00,1.5035699999999999,1.5037099999999999,1.5030299999999999,1.50331
2024-09-09 04:00:00,1.50331,1.5033699999999999,1.5017399999999999,1.50194
2024-09-09 05:00:00,1.50194,1.50221,1.50173,1.50196
2024-09-09 06:00:00,1.50196,1.5021499999999999,1.5017200000000002,1.50186
2024-09-09 07:00:00,1.5018500000000001,1.50203,1.5016,1.50186
2024-09-09 08:00:00,1.50189,1.50202,1.5016,1.50168
2024-09-09 09:00:00,1.5016500000000002,1.50183,1.50027,1.50083
2024-09-09 10:00:00,1.5008599999999999,1.50101,1.49959,1.49991
2024-09-09 11:00:00,1.49989,1.50027,1.49862,1.49898
2024-09-09 12:00:00,1.49899,1.49994,1.49859,1.49949
2024-09-09 13:00:00,1.4995,1.49957,1.49744,1.49759
2024-09-09 14:00:00,1.4975800000000001,1.49782,1.4966300000000001,1.49762
2024-09-09 15:00:00,1.4976099999999999,1.49856,1.49721,1.49775
2024-09-09 16:00:00,1.49776,1.49956,1.49771,1.49906
2024-09-09 17:00:00,1.49906,1.49911,1.49691,1.49746
2024-09-09 18:00:00,1.4975,1.4982199999999999,1.49713,1.49715
2024-09-09 19:00:00,1.49713,1.49746,1.4966,1.49685
2024-09-09 20:00:00,1.49685,1.49783,1.49677,1.4971700000000001
2024-09-09 21:00:00,1.49716,1.49749,1.49679,1.49722
2024-09-09 22:00:00,1.49721,1.49729,1.49673,1.4969700000000001
2024-09-09 23:00:00,1.4969700000000001,1.49702,1.49589,1.4959
2024-09-10 00:00:00,1.49594,1.4963600000000001,1.49508,1.49589
2024-09-10 01:00:00,1.49599,1.49657,1.4959500000000001,1.49645
2024-09-10 02:00:00,1.49645,1.49673,1.49641,1.4966599999999999
2024-09-10 03:00:00,1.49667,1.4971700000000001,1.49653,1.49665
2024-09-10 04:00:00,1.49665,1.49708,1.4962,1.49689
2024-09-10 05:00:00,1.49689,1.49746,1.49676,1.49712
2024-09-10 06:00:00,1.49712,1.49741,1.49702,1.49722
2024-09-10 07:00:00,1.49722,1.4975100000000001,1.49715,1.49739
2024-09-10 08:00:00,1.49742,1.49776,1.49716,1.49739
2024-09-10 09:00:00,1.49738,1.4986,1.49658,1.4986
2024-09-10 10:00:00,1.49855,1.49858,1.49734,1.4976
2024-09-10 11:00:00,1.49759,1.49821,1.49739,1.49803
2024-09-10 12:00:00,1.49805,1.49834,1.49742,1.4976099999999999
2024-09-10 13:00:00,1.49757,1.4979,1.49683,1.49774
2024-09-10 14:00:00,1.49775,1.49808,1.4966300000000001,1.4971700000000001
2024-09-10 15:00:00,1.49715,1.49766,1.49648,1.49685
2024-09-10 16:00:00,1.49686,1.49855,1.49679,1.49755
2024-09-10 17:00:00,1.49755,1.5001600000000002,1.49755,1.4988000000000001
2024-09-10 18:00:00,1.49882,1.50017,1.49855,1.50004
2024-09-10 19:00:00,1.50004,1.5006599999999999,1.49989,1.50026
2024-09-10 20:00:00,1.50026,1.50061,1.4996,1.49982
2024-09-10 21:00:00,1.49983,1.50082,1.49954,1.49965
2024-09-10 22:00:00,1.49966,1.49984,1.49939,1.49963
2024-09-10 23:00:00,1.4996800000000001,1.4999,1.49936,1.49943
2024-09-11 00:00:00,1.49951,1.4996800000000001,1.49929,1.49939
2024-09-11 01:00:00,1.49948,1.49987,1.49948,1.4997099999999999
2024-09-11 02:00:00,1.4997099999999999,1.50007,1.49958,1.49973
2024-09-11 03:00:00,1.49973,1.50024,1.4996800000000001,1.50014
2024-09-11 04:00:00,1.50014,1.5019900000000002,1.4999799999999999,1.50129
2024-09-11 05:00:00,1.50129,1.50202,1.50072,1.50101
2024-09-11 06:00:00,1.50102,1.50236,1.50087,1.5017
2024-09-11 07:00:00,1.5017,1.50243,1.50163,1.5022199999999999
2024-09-11 08:00:00,1.5022199999999999,1.50245,1.50133,1.50144
2024-09-11 09:00:00,1.50132,1.50186,1.5007899999999998,1.50123
2024-09-11 10:00:00,1.50123,1.5018500000000001,1.5005899999999999,1.50069
2024-09-11 11:00:00,1.5007000000000001,1.50116,1.50012,1.50021
2024-09-11 12:00:00,1.50019,1.50122,1.50006,1.5002
2024-09-11 13:00:00,1.5002,1.5004499999999998,1.4994399999999999,1.50022
2024-09-11 14:00:00,1.50019,1.50109,1.49914,1.49914
2024-09-11 15:00:00,1.49914,1.50021,1.49637,1.49766
2024-09-11 16:00:00,1.49766,1.49914,1.49701,1.4987300000000001
2024-09-11 17:00:00,1.49875,1.49959,1.49795,1.4984
2024-09-11 18:00:00,1.49838,1.49882,1.4968,1.49694
2024-09-11 19:00:00,1.49694,1.49721,1.4957500000000001,1.49628
2024-09-11 20:00:00,1.49627,1.4966300000000001,1.49499,1.49574
2024-09-11 21:00:00,1.49573,1.49626,1.49527,1.49573
2024-09-11 22:00:00,1.49574,1.49633,1.49461,1.4948000000000001
2024-09-11 23:00:00,1.49479,1.495,1.4944899999999999,1.4947300000000001
2024-09-12 00:00:00,1.49469,1.49499,1.49384,1.49441
2024-09-12 01:00:00,1.49437,1.495,1.49418,1.49468
2024-09-12 02:00:00,1.49468,1.49493,1.49444,1.49477
2024-09-12 03:00:00,1.49478,1.49489,1.49417,1.49444
2024-09-12 04:00:00,1.49444,1.4953699999999999,1.49442,1.4950700000000001
2024-09-12 05:00:00,1.49508,1.49533,1.49486,1.49516
2024-09-12 06:00:00,1.49516,1.49538,1.49465,1.49466
2024-09-12 07:00:00,1.49465,1.49495,1.49462,1.4948000000000001
2024-09-12 08:00:00,1.4948000000000001,1.49524,1.49467,1.49522
2024-09-12 09:00:00,1.49522,1.49522,1.49359,1.49359
2024-09-12 10:00:00,1.49359,1.4943,1.4935399999999999,1.49407
2024-09-12 11:00:00,1.49407,1.49596,1.49398,1.49539
2024-09-12 12:00:00,1.49538,1.49585,1.49442,1.4945300000000001
2024-09-12 13:00:00,1.4945300000000001,1.4959799999999999,1.4945300000000001,1.49577
2024-09-12 14:00:00,1.49579,1.4965899999999999,1.49536,1.49589
2024-09-12 15:00:00,1.49588,1.498,1.49558,1.4976
2024-09-12 16:00:00,1.4976,1.50096,1.4976,1.50062
2024-09-12 17:00:00,1.50053,1.50176,1.49954,1.5007000000000001
2024-09-12 18:00:00,1.50075,1.50089,1.49954,1.50068
2024-09-12 19:00:00,1.50068,1.5017200000000002,1.50057,1.50108
2024-09-12 20:00:00,1.50108,1.50209,1.5006300000000001,1.50196
2024-09-12 21:00:00,1.50196,1.5034999999999998,1.50163,1.50281
2024-09-12 22:00:00,1.50278,1.5034999999999998,1.5026899999999999,1.5028299999999999
2024-09-12 23:00:00,1.5028299999999999,1.50377,1.50266,1.50351
2024-09-13 00:00:00,1.50354,1.5037099999999999,1.50255,1.50363
2024-09-13 01:00:00,1.50362,1.50388,1.50336,1.5033699999999999
2024-09-13 02:00:00,1.50338,1.5039,1.5033699999999999,1.5038
2024-09-13 03:00:00,1.5038,1.50414,1.5036399999999999,1.50397
2024-09-13 04:00:00,1.50396,1.50438,1.50367,1.50396
2024-09-13 05:00:00,1.50397,1.5049299999999999,1.50383,1.50485
2024-09-13 06:00:00,1.50484,1.50495,1.50437,1.50448
2024-09-13 07:00:00,1.50447,1.5049000000000001,1.50442,1.50465
2024-09-13 08:00:00,1.50465,1.50501,1.50439,1.50496
2024-09-13 09:00:00,1.50495,1.50519,1.5036399999999999,1.5042
2024-09-13 10:00:00,1.5042,1.50555,1.5036800000000001,1.50537
2024-09-13 11:00:00,1.50537,1.5062,1.5050599999999998,1.50582
2024-09-13 12:00:00,1.50582,1.50605,1.5047700000000002,1.5054400000000001
2024-09-13 13:00:00,1.50545,1.50656,1.50512,1.50606
2024-09-13 14:00:00,1.50607,1.50725,1.50577,1.50614
2024-09-13 15:00:00,1.5061499999999999,1.50631,1.50515,1.5058799999999999
2024-09-13 16:00:00,1.5058799999999999,1.50672,1.50501,1.50536
2024-09-13 17:00:00,1.50537,1.50638,1.50502,1.50557
2024-09-13 18:00:00,1.50559,1.5062600000000002,1.50501,1.5051999999999999
2024-09-13 19:00:00,1.50522,1.5064199999999999,1.50481,1.5064199999999999
2024-09-13 20:00:00,1.50645,1.50671,1.50586,1.50641
2024-09-13 21:00:00,1.50641,1.5068700000000002,1.50583,1.50593
2024-09-13 22:00:00,1.50593,1.50606,1.50528,1.50536
2024-09-13 23:00:00,1.50537,1.50537,1.50399,1.50461
2024-09-16 00:00:00,1.50557,1.50603,1.50488,1.5050599999999998
2024-09-16 01:00:00,1.50516,1.50616,1.50446,1.5055399999999999
2024-09-16 02:00:00,1.50557,1.5056699999999998,1.5053,1.50537
2024-09-16 03:00:00,1.50537,1.506,1.5053,1.5053800000000002
2024-09-16 04:00:00,1.5053800000000002,1.50609,1.5053,1.50539
2024-09-16 05:00:00,1.50537,1.50564,1.50525,1.5053
2024-09-16 06:00:00,1.50529,1.5065300000000001,1.50526,1.50645
2024-09-16 07:00:00,1.50644,1.50651,1.5058,1.50586
2024-09-16 08:00:00,1.5058500000000001,1.50641,1.50573,1.5062600000000002
2024-09-16 09:00:00,1.5062600000000002,1.50898,1.50623,1.50867
2024-09-16 10:00:00,1.50854,1.5095100000000001,1.50814,1.50903
2024-09-16 11:00:00,1.50902,1.51003,1.509,1.5097800000000001
2024-09-16 12:00:00,1.50977,1.5106199999999999,1.5095,1.5099900000000002
2024-09-16 13:00:00,1.50997,1.51081,1.50945,1.50979
2024-09-16 14:00:00,1.5097800000000001,1.51058,1.50952,1.5102
2024-09-16 15:00:00,1.51021,1.51189,1.51014,1.51143
2024-09-16 16:00:00,1.51145,1.51291,1.51118,1.5122200000000001
2024-09-16 17:00:00,1.51224,1.51284,1.51125,1.51194
2024-09-16 18:00:00,1.5119500000000001,1.51294,1.51159,1.51239
2024-09-16 19:00:00,1.51239,1.5131000000000001,1.51221,1.51296
2024-09-16 20:00:00,1.51295,1.51308,1.5112299999999999,1.5117
2024-09-16 21:00:00,1.5117099999999999,1.5117500000000001,1.5110999999999999,1.51146
2024-09-16 22:00:00,1.51146,1.512,1.5112299999999999,1.5118200000000002
2024-09-16 23:00:00,1.51181,1.51253,1.51172,1.51239
2024-09-17 00:00:00,1.5119,1.51224,1.5114800000000002,1.5118800000000001
2024-09-17 01:00:00,1.51189,1.51207,1.51147,1.51147
2024-09-17 02:00:00,1.51147,1.51199,1.51138,1.5119500000000001
2024-09-17 03:00:00,1.51196,1.5122,1.5116800000000001,1.51183
2024-09-17 04:00:00,1.51181,1.5123,1.51174,1.512
2024-09-17 05:00:00,1.51199,1.51247,1.51183,1.5122499999999999
2024-09-17 06:00:00,1.51223,1.5124900000000001,1.51185,1.512
2024-09-17 07:00:00,1.512,1.51246,1.51185,1.5122900000000001
2024-09-17 08:00:00,1.5122900000000001,1.51247,1.51201,1.51246
2024-09-17 09:00:00,1.51247,1.51264,1.51054,1.51054
2024-09-17 10:00:00,1.5105300000000002,1.5130599999999998,1.51022,1.51268
2024-09-17 11:00:00,1.51269,1.5138,1.51237,1.51368
2024-09-17 12:00:00,1.5136500000000002,1.5136500000000002,1.5124900000000001,1.5128300000000001
2024-09-17 13:00:00,1.51284,1.51363,1.5125199999999999,1.51341
2024-09-17 14:00:00,1.51341,1.5135399999999999,1.5126300000000001,1.51285
2024-09-17 15:00:00,1.51288,1.51573,1.51269,1.5134400000000001
2024-09-17 16:00:00,1.51343,1.51345,1.5114800000000002,1.51151
2024-09-17 17:00:00,1.51147,1.51244,1.51098,1.51151
2024-09-17 18:00:00,1.5114999999999998,1.5118,1.51084,1.51163
2024-09-17 19:00:00,1.51162,1.51215,1.51132,1.51186
2024-09-17 20:00:00,1.51187,1.51201,1.51085,1.51128
2024-09-17 21:00:00,1.5112700000000001,1.51183,1.51111,1.5117099999999999
2024-09-17 22:00:00,1.51173,1.51173,1.51074,1.5113400000000001
2024-09-17 23:00:00,1.51128,1.51156,1.5108899999999998,1.51092
2024-09-18 00:00:00,1.51032,1.51118,1.51032,1.51075
2024-09-18 01:00:00,1.5108000000000001,1.51152,1.51072,1.51152
2024-09-18 02:00:00,1.51152,1.51183,1.5112999999999999,1.51178
2024-09-18 03:00:00,1.51178,1.51201,1.51142,1.51167
2024-09-18 04:00:00,1.51167,1.51203,1.51154,1.5119099999999999
2024-09-18 05:00:00,1.5119099999999999,1.5121799999999999,1.51166,1.5119799999999999
2024-09-18 06:00:00,1.5119500000000001,1.5119799999999999,1.51167,1.5118399999999999
2024-09-18 07:00:00,1.51185,1.51185,1.51144,1.51144
2024-09-18 08:00:00,1.51144,1.51149,1.51095,1.51105
2024-09-18 09:00:00,1.51101,1.5113400000000001,1.51054,1.51086
2024-09-18 10:00:00,1.51084,1.5125,1.51061,1.5124499999999999
2024-09-18 11:00:00,1.51247,1.5128,1.51217,1.51224
2024-09-18 12:00:00,1.5122200000000001,1.5132400000000001,1.51212,1.51303
2024-09-18 13:00:00,1.5130400000000002,1.5130599999999998,1.51212,1.51216
2024-09-18 14:00:00,1.51216,1.5121799999999999,1.51094,1.5112999999999999
2024-09-18 15:00:00,1.51132,1.51206,1.51092,1.51132
2024-09-18 16:00:00,1.51133,1.51315,1.51133,1.51305
2024-09-18 17:00:00,1.51305,1.5131999999999999,1.51051,1.5112299999999999
2024-09-18 18:00:00,1.51126,1.51246,1.5108000000000001,1.51239
2024-09-18 19:00:00,1.51241,1.51268,1.51204,1.51228
2024-09-18 20:00:00,1.51227,1.51248,1.51109,1.5118
2024-09-18 21:00:00,1.5122,1.51582,1.51165,1.5131700000000001
2024-09-18 22:00:00,1.51314,1.51409,1.51124,1.5122900000000001
2024-09-18 23:00:00,1.51224,1.51338,1.5120900000000002,1.5125
2024-09-19 00:00:00,1.5110700000000001,1.51237,1.50986,1.51199
2024-09-19 01:00:00,1.51205,1.51274,1.51204,1.51273
2024-09-19 02:00:00,1.51267,1.51277,1.51212,1.5122499999999999
2024-09-19 03:00:00,1.5122200000000001,1.51247,1.51048,1.51079
2024-09-19 04:00:00,1.51075,1.51153,1.5102600000000002,1.5105300000000002
2024-09-19 05:00:00,1.5105300000000002,1.51094,1.51009,1.51093
2024-09-19 06:00:00,1.51094,1.51212,1.51078,1.51189
2024-09-19 07:00:00,1.51189,1.5123,1.51176,1.51197
2024-09-19 08:00:00,1.51196,1.5129000000000001,1.51187,1.51285
2024-09-19 09:00:00,1.51284,1.51295,1.5117,1.51246
2024-09-19 10:00:00,1.5124499999999999,1.51284,1.51088,1.51092
2024-09-19 11:00:00,1.5110000000000001,1.5129700000000001,1.51051,1.51185
2024-09-19 12:00:00,1.51183,1.51309,1.5117,1.51308
2024-09-19 13:00:00,1.5131000000000001,1.5137399999999999,1.5120200000000001,1.5122900000000001
2024-09-19 14:00:00,1.5123199999999999,1.51303,1.5118,1.51241
2024-09-19 15:00:00,1.5124,1.51242,1.50939,1.5095100000000001
2024-09-19 16:00:00,1.50949,1.51193,1.50943,1.51081
2024-09-19 17:00:00,1.51072,1.51219,1.51045,1.51099
2024-09-19 18:00:00,1.51099,1.51179,1.51037,1.5114
2024-09-19 19:00:00,1.5113400000000001,1.51199,1.51093,1.5116100000000001
2024-09-19 20:00:00,1.5116100000000001,1.51219,1.51135,1.5119500000000001
2024-09-19 21:00:00,1.51201,1.51363,1.512,1.51337
2024-09-19 22:00:00,1.51336,1.51386,1.51294,1.51303
2024-09-19 23:00:00,1.51302,1.51369,1.51289,1.51298
2024-09-20 00:00:00,1.5130599999999998,1.5133999999999999,1.5114800000000002,1.51303
2024-09-20 01:00:00,1.51303,1.5134400000000001,1.51302,1.51328
2024-09-20 02:00:00,1.51329,1.5135399999999999,1.51309,1.51343
2024-09-20 03:00:00,1.51343,1.51373,1.51328,1.51366
2024-09-20 04:00:00,1.5136699999999998,1.51418,1.51356,1.51363
2024-09-20 05:00:00,1.51364,1.51389,1.51345,1.5137399999999999
2024-09-20 06:00:00,1.5137399999999999,1.51409,1.51361,1.5138099999999999
2024-09-20 07:00:00,1.5138099999999999,1.51397,1.51362,1.51391
2024-09-20 08:00:00,1.5139,1.51444,1.51382,1.51389
2024-09-20 09:00:00,1.5139,1.51553,1.5139,1.51547
2024-09-20 10:00:00,1.5154,1.51617,1.51441,1.5147
2024-09-20 11:00:00,1.51464,1.5150700000000001,1.51375,1.5147
2024-09-20 12:00:00,1.51471,1.51501,1.51407,1.5147
2024-09-20 13:00:00,1.5146899999999999,1.51501,1.5137800000000001,1.51404
2024-09-20 14:00:00,1.51404,1.51471,1.51383,1.51448
2024-09-20 15:00:00,1.51447,1.51492,1.51308,1.51348
2024-09-20 16:00:00,1.51346,1.51464,1.5134400000000001,1.5137399999999999
2024-09-20 17:00:00,1.51372,1.5139200000000002,1.51233,1.5126300000000001
2024-09-20 18:00:00,1.5126300000000001,1.514,1.5124499999999999,1.51356
2024-09-20 19:00:00,1.5135800000000001,1.51491,1.5135399999999999,1.5143900000000001
2024-09-20 20:00:00,1.51437,1.51444,1.5131000000000001,1.51337
2024-09-20 21:00:00,1.51335,1.5141900000000001,1.51332,1.51371
2024-09-20 22:00:00,1.51372,1.51397,1.51328,1.5138099999999999
2024-09-20 23:00:00,1.5138099999999999,1.51472,1.51339,1.5146899999999999
2024-09-23 00:00:00,1.51443,1.51443,1.51144,1.5135999999999998
2024-09-23 01:00:00,1.51368,1.5144199999999999,1.5135800000000001,1.51431
2024-09-23 02:00:00,1.5142099999999998,1.51449,1.51363,1.51369
2024-09-23 03:00:00,1.51366,1.51379,1.51334,1.51342
2024-09-23 04:00:00,1.5133999999999999,1.5136699999999998,1.5129899999999998,1.51312
2024-09-23 05:00:00,1.51312,1.51368,1.51308,1.5134699999999999
2024-09-23 06:00:00,1.51346,1.51384,1.51329,1.51377
2024-09-23 07:00:00,1.51376,1.5138,1.5133999999999999,1.51348
2024-09-23 08:00:00,1.51349,1.51376,1.5133299999999998,1.51353
2024-09-23 09:00:00,1.5135100000000001,1.51379,1.51261,1.51352
2024-09-23 10:00:00,1.51353,1.51362,1.50712,1.50746
2024-09-23 11:00:00,1.50731,1.50743,1.50481,1.5052699999999999
2024-09-23 12:00:00,1.50528,1.5072299999999998,1.5052400000000001,1.5059900000000002
2024-09-23 13:00:00,1.5059900000000002,1.50661,1.50557,1.50591
2024-09-23 14:00:00,1.50591,1.50711,1.50579,1.5063900000000001
2024-09-23 15:00:00,1.50638,1.50665,1.50518,1.5056
2024-09-23 16:00:00,1.50556,1.50659,1.50428,1.5044499999999998
2024-09-23 17:00:00,1.50444,1.5045600000000001,1.5018500000000001,1.50223
2024-09-23 18:00:00,1.50221,1.50285,1.50144,1.50267
2024-09-23 19:00:00,1.50265,1.50285,1.5017800000000001,1.50197
2024-09-23 20:00:00,1.50198,1.50214,1.50049,1.50075
2024-09-23 21:00:00,1.50075,1.50109,1.50033,1.50078
2024-09-23 22:00:00,1.50078,1.50119,1.5006,1.50107
2024-09-23 23:00:00,1.50107,1.5048,1.50092,1.50442
2024-09-24 00:00:00,1.5026199999999998,1.5044,1.50096,1.50387
2024-09-24 01:00:00,1.50385,1.50428,1.50306,1.50312
2024-09-24 02:00:00,1.50315,1.50329,1.5029,1.50316
2024-09-24 03:00:00,1.50317,1.5032,1.5023499999999999,1.5025
2024-09-24 04:00:00,1.5024899999999999,1.50263,1.50164,1.50204
2024-09-24 05:00:00,1.50203,1.50223,1.5017800000000001,1.50189
2024-09-24 06:00:00,1.50189,1.50224,1.50149,1.5021200000000001
2024-09-24 07:00:00,1.50211,1.50251,1.50197,1.50223
2024-09-24 08:00:00,1.50223,1.5027,1.5017800000000001,1.50265
2024-09-24 09:00:00,1.50256,1.50302,1.50195,1.50257
2024-09-24 10:00:00,1.50257,1.50451,1.50217,1.50427
2024-09-24 11:00:00,1.50412,1.5056500000000002,1.5040499999999999,1.50511
2024-09-24 12:00:00,1.50509,1.50576,1.50394,1.50426
2024-09-24 13:00:00,1.50427,1.50495,1.50306,1.5032999999999999
2024-09-24 14:00:00,1.5032999999999999,1.5034399999999999,1.50237,1.50319
2024-09-24 15:00:00,1.50317,1.5049000000000001,1.50313,1.50381
2024-09-24 16:00:00,1.5038,1.50381,1.50166,1.50299
2024-09-24 17:00:00,1.50284,1.5053,1.50203,1.5026000000000002
2024-09-24 18:00:00,1.5026000000000002,1.5027599999999999,1.50128,1.5018099999999999
2024-09-24 19:00:00,1.5018,1.5022,1.50121,1.50148
2024-09-24 20:00:00,1.50149,1.50149,1.50021,1.50081
2024-09-24 21:00:00,1.5007899999999998,1.50123,1.5006300000000001,1.50092
2024-09-24 22:00:00,1.50092,1.50162,1.50055,1.5015399999999999
2024-09-24 23:00:00,1.50155,1.5017800000000001,1.50114,1.50135
2024-09-25 00:00:00,1.5013999999999998,1.5018,1.5005899999999999,1.50136
2024-09-25 01:00:00,1.50132,1.50213,1.50128,1.5020099999999998
2024-09-25 02:00:00,1.502,1.5020099999999998,1.50149,1.5017800000000001
2024-09-25 03:00:00,1.50177,1.5026000000000002,1.50168,1.5023300000000002
2024-09-25 04:00:00,1.5023300000000002,1.50247,1.50187,1.50221
2024-09-25 05:00:00,1.5022199999999999,1.50326,1.50204,1.50325
2024-09-25 06:00:00,1.50325,1.50359,1.50295,1.5035500000000002
2024-09-25 07:00:00,1.50354,1.50374,1.50322,1.50333
2024-09-25 08:00:00,1.5033400000000001,1.5039099999999999,1.50313,1.50389
2024-09-25 09:00:00,1.50389,1.5039099999999999,1.5028899999999998,1.5029599999999999
2024-09-25 10:00:00,1.50292,1.50353,1.5023300000000002,1.50275
2024-09-25 11:00:00,1.5027300000000001,1.50286,1.5016500000000002,1.5018500000000001
2024-09-25 12:00:00,1.50184,1.50265,1.5017800000000001,1.50252
2024-09-25 13:00:00,1.5025300000000001,1.5032,1.5023499999999999,1.50271
2024-09-25 14:00:00,1.50272,1.50487,1.50251,1.50455
2024-09-25 15:00:00,1.50455,1.50627,1.50415,1.50587
2024-09-25 16:00:00,1.50587,1.5067599999999999,1.50444,1.50444
2024-09-25 17:00:00,1.50444,1.50489,1.5025300000000001,1.50331
2024-09-25 18:00:00,1.50333,1.5035500000000002,1.50047,1.50047
2024-09-25 19:00:00,1.50038,1.50088,1.49959,1.50022
2024-09-25 20:00:00,1.50024,1.50051,1.49916,1.5002499999999999
2024-09-25 21:00:00,1.50027,1.5009299999999999,1.4999500000000001,1.50072
2024-09-25 22:00:00,1.50067,1.5009000000000001,1.49989,1.5001600000000002
2024-09-25 23:00:00,1.5001600000000002,1.5011,1.50004,1.50109
2024-09-26 00:00:00,1.5011299999999999,1.5011299999999999,1.49927,1.50071
2024-09-26 01:00:00,1.50062,1.5010400000000002,1.50048,1.50094
2024-09-26 02:00:00,1.5009299999999999,1.5010599999999998,1.50039,1.50055
2024-09-26 03:00:00,1.5005600000000001,1.50065,1.5000900000000001,1.50028
2024-09-26 04:00:00,1.5002900000000001,1.5003600000000001,1.49972,1.50017
2024-09-26 05:00:00,1.5001799999999998,1.50058,1.4999,1.50054
2024-09-26 06:00:00,1.5005600000000001,1.5011100000000002,1.5003600000000001,1.50046
2024-09-26 07:00:00,1.50047,1.50087,1.50042,1.50075
2024-09-26 08:00:00,1.50075,1.50163,1.50068,1.50146
2024-09-26 09:00:00,1.50137,1.5022799999999998,1.50114,1.5019
2024-09-26 10:00:00,1.50186,1.50293,1.50006,1.50008
2024-09-26 11:00:00,1.5001,1.50065,1.49893,1.5002
2024-09-26 12:00:00,1.50022,1.50168,1.50022,1.50089
2024-09-26 13:00:00,1.50089,1.50184,1.50041,1.5017200000000002
2024-09-26 14:00:00,1.5017200000000002,1.5029400000000002,1.50084,1.50231
2024-09-26 15:00:00,1.50231,1.5034,1.50081,1.50114
2024-09-26 16:00:00,1.50112,1.50306,1.50051,1.50116
2024-09-26 17:00:00,1.5010599999999998,1.50465,1.5001600000000002,1.50353
2024-09-26 18:00:00,1.50353,1.5064,1.50351,1.50569
2024-09-26 19:00:00,1.50569,1.5059200000000001,1.50438,1.5055399999999999
2024-09-26 20:00:00,1.50553,1.50658,1.50502,1.50651
2024-09-26 21:00:00,1.50651,1.50659,1.5053299999999998,1.50562
2024-09-26 22:00:00,1.50564,1.5063499999999999,1.5055,1.5057
2024-09-26 23:00:00,1.5057,1.50593,1.5045600000000001,1.50465
2024-09-27 00:00:00,1.50471,1.5055,1.50453,1.50496
2024-09-27 01:00:00,1.5049299999999999,1.5052699999999999,1.50467,1.50502
2024-09-27 02:00:00,1.50505,1.50638,1.50496,1.50613
2024-09-27 03:00:00,1.50614,1.50647,1.5059,1.50603
2024-09-27 04:00:00,1.50605,1.50624,1.5056500000000002,1.5057800000000001
2024-09-27 05:00:00,1.50577,1.5064199999999999,1.5057,1.50624
2024-09-27 06:00:00,1.50625,1.50663,1.50623,1.5062799999999998
2024-09-27 07:00:00,1.5062799999999998,1.50638,1.50589,1.506
2024-09-27 08:00:00,1.506,1.50633,1.50556,1.50621
2024-09-27 09:00:00,1.5062,1.50693,1.50223,1.5036100000000001
2024-09-27 10:00:00,1.50328,1.50328,1.50064,1.50193
2024-09-27 11:00:00,1.5019200000000001,1.50259,1.50114,1.5024899999999999
2024-09-27 12:00:00,1.5025,1.5040499999999999,1.50186,1.5040499999999999
2024-09-27 13:00:00,1.5040499999999999,1.50499,1.50363,1.50453
2024-09-27 14:00:00,1.50453,1.50471,1.50376,1.50406
2024-09-27 15:00:00,1.50407,1.50895,1.50342,1.5087899999999999
2024-09-27 16:00:00,1.50873,1.50881,1.50705,1.5078200000000002
2024-09-27 17:00:00,1.50794,1.50827,1.50573,1.50711
2024-09-27 18:00:00,1.50712,1.50722,1.50555,1.5067300000000001
2024-09-27 19:00:00,1.50672,1.50732,1.5057399999999999,1.5066000000000002
2024-09-27 20:00:00,1.5066000000000002,1.50976,1.50647,1.5095100000000001
2024-09-27 21:00:00,1.5095100000000001,1.50962,1.50841,1.50874
2024-09-27 22:00:00,1.50875,1.50918,1.50868,1.50894
2024-09-27 23:00:00,1.5089000000000001,1.50929,1.50804,1.5086300000000001
2024-09-30 00:00:00,1.50831,1.50846,1.5055800000000001,1.50801
2024-09-30 01:00:00,1.5079500000000001,1.5093,1.50781,1.50922
2024-09-30 02:00:00,1.50921,1.50935,1.50862,1.50877
2024-09-30 03:00:00,1.50876,1.5098099999999999,1.50874,1.5095800000000001
2024-09-30 04:00:00,1.50959,1.50962,1.50812,1.50813
2024-09-30 05:00:00,1.50814,1.50858,1.50787,1.5083199999999999
2024-09-30 06:00:00,1.50833,1.50837,1.5074800000000002,1.50754
2024-09-30 07:00:00,1.50753,1.50792,1.5074,1.50763
2024-09-30 08:00:00,1.50763,1.50812,1.50738,1.5079099999999999
2024-09-30 09:00:00,1.50788,1.50907,1.50677,1.5090400000000002
2024-09-30 10:00:00,1.509,1.50993,1.5076399999999999,1.50983
2024-09-30 11:00:00,1.50984,1.5150000000000001,1.50984,1.51438
2024-09-30 12:00:00,1.51438,1.51459,1.51237,1.51288
2024-09-30 13:00:00,1.51285,1.5135800000000001,1.51239,1.51338
2024-09-30 14:00:00,1.51338,1.51418,1.51307,1.51363
2024-09-30 15:00:00,1.5135800000000001,1.51395,1.51106,1.51129
2024-09-30 16:00:00,1.51128,1.5117099999999999,1.50718,1.50813
2024-09-30 17:00:00,1.5081,1.50841,1.50566,1.5073400000000001
2024-09-30 18:00:00,1.50733,1.5078,1.50503,1.5059399999999998
2024-09-30 19:00:00,1.50595,1.50632,1.5049700000000001,1.5057
2024-09-30 20:00:00,1.50571,1.50711,1.50563,1.50652
2024-09-30 21:00:00,1.50654,1.50688,1.5040900000000001,1.50529
2024-09-30 22:00:00,1.5053100000000001,1.50587,1.50446,1.50525
2024-09-30 23:00:00,1.5053299999999998,1.50613,1.50518,1.5058500000000001
2024-10-01 00:00:00,1.5053800000000002,1.50596,1.50264,1.5059399999999998
2024-10-01 01:00:00,1.50589,1.50677,1.50557,1.5067300000000001
2024-10-01 02:00:00,1.50668,1.50691,1.50616,1.50618
2024-10-01 03:00:00,1.5061900000000001,1.5066199999999998,1.5056699999999998,1.50604
2024-10-01 04:00:00,1.50604,1.50651,1.50583,1.50648
2024-10-01 05:00:00,1.5064899999999999,1.50664,1.5062600000000002,1.50631
2024-10-01 06:00:00,1.50632,1.5069599999999999,1.50623,1.50667
2024-10-01 07:00:00,1.50667,1.5067300000000001,1.50622,1.50644
2024-10-01 08:00:00,1.50643,1.50706,1.5062799999999998,1.5064899999999999
2024-10-01 09:00:00,1.50644,1.50652,1.5047199999999998,1.50508
2024-10-01 10:00:00,1.50501,1.50529,1.5032999999999999,1.5036
2024-10-01 11:00:00,1.50369,1.50435,1.50232,1.5025300000000001
2024-10-01 12:00:00,1.5024899999999999,1.5040499999999999,1.50115,1.50137
2024-10-01 13:00:00,1.50134,1.50166,1.49932,1.4997099999999999
2024-10-01 14:00:00,1.49972,1.50094,1.49833,1.49881
2024-10-01 15:00:00,1.49882,1.49917,1.49695,1.49706
2024-10-01 16:00:00,1.49706,1.49797,1.49478,1.49518
2024-10-01 17:00:00,1.4951699999999999,1.49688,1.49313,1.49546
2024-10-01 18:00:00,1.49548,1.49561,1.49283,1.49296
2024-10-01 19:00:00,1.49295,1.4935800000000001,1.49187,1.49249
2024-10-01 20:00:00,1.49247,1.4946,1.4923600000000001,1.4938
2024-10-01 21:00:00,1.49383,1.49386,1.49268,1.49278
2024-10-01 22:00:00,1.49279,1.49352,1.4925899999999999,1.49301
2024-10-01 23:00:00,1.49301,1.49369,1.49276,1.49292
2024-10-02 00:00:00,1.4927000000000001,1.49373,1.49104,1.49294
2024-10-02 01:00:00,1.4929700000000001,1.4935800000000001,1.49271,1.49347
2024-10-02 02:00:00,1.49346,1.4936099999999999,1.49283,1.49301
2024-10-02 03:00:00,1.49302,1.4932400000000001,1.4920900000000001,1.4924
2024-10-02 04:00:00,1.4924,1.4926599999999999,1.49208,1.4923
2024-10-02 05:00:00,1.4923,1.49234,1.49128,1.49146
2024-10-02 06:00:00,1.49146,1.4922900000000001,1.49121,1.49222
2024-10-02 07:00:00,1.49219,1.4923600000000001,1.49142,1.4916
2024-10-02 08:00:00,1.49156,1.4920900000000001,1.49075,1.49189
2024-10-02 09:00:00,1.49184,1.4928,1.49143,1.49222
2024-10-02 10:00:00,1.49228,1.4926599999999999,1.49147,1.49184
2024-10-02 11:00:00,1.49184,1.4939200000000001,1.49184,1.49321
2024-10-02 12:00:00,1.4932,1.4933,1.49177,1.49312
2024-10-02 13:00:00,1.49314,1.49376,1.49186,1.49186
2024-10-02 14:00:00,1.49183,1.49343,1.4916800000000001,1.49341
2024-10-02 15:00:00,1.49341,1.49381,1.49074,1.4912
2024-10-02 16:00:00,1.49121,1.4920900000000001,1.48935,1.48971
2024-10-02 17:00:00,1.48973,1.48977,1.48785,1.4879
2024-10-02 18:00:00,1.4879,1.48998,1.48732,1.4899
2024-10-02 19:00:00,1.48989,1.49058,1.48948,1.49011
2024-10-02 20:00:00,1.49011,1.49085,1.49006,1.4907
2024-10-02 21:00:00,1.4907,1.49087,1.49011,1.49079
2024-10-02 22:00:00,1.49078,1.4915,1.4905,1.49111
2024-10-02 23:00:00,1.49112,1.49154,1.49088,1.491
2024-10-03 00:00:00,1.49106,1.49151,1.48772,1.49148
2024-10-03 01:00:00,1.49097,1.4917099999999999,1.49097,1.49166
2024-10-03 02:00:00,1.49163,1.49182,1.49132,1.49177
2024-10-03 03:00:00,1.4917799999999999,1.49204,1.4910700000000001,1.49118
2024-10-03 04:00:00,1.49118,1.49174,1.49102,1.4914100000000001
2024-10-03 05:00:00,1.49142,1.49179,1.49127,1.49174
2024-10-03 06:00:00,1.49174,1.492,1.49147,1.49193
2024-10-03 07:00:00,1.49193,1.49204,1.49169,1.49195
2024-10-03 08:00:00,1.49195,1.49206,1.49088,1.49123
2024-10-03 09:00:00,1.4911699999999999,1.49159,1.49036,1.4910700000000001
2024-10-03 10:00:00,1.49105,1.4920200000000001,1.4904899999999999,1.49183
2024-10-03 11:00:00,1.49182,1.49376,1.4916800000000001,1.4926599999999999
2024-10-03 12:00:00,1.49267,1.4935800000000001,1.49216,1.49238
2024-10-03 13:00:00,1.4923899999999999,1.4942199999999999,1.4923600000000001,1.4941200000000001
2024-10-03 14:00:00,1.49414,1.49499,1.49365,1.49404
2024-10-03 15:00:00,1.49403,1.49478,1.49289,1.4929000000000001
2024-10-03 16:00:00,1.49286,1.4951400000000001,1.49284,1.49447
2024-10-03 17:00:00,1.49289,1.49401,1.48999,1.49149
2024-10-03 18:00:00,1.49148,1.4916800000000001,1.49037,1.49045
2024-10-03 19:00:00,1.49047,1.49275,1.49038,1.49241
2024-10-03 20:00:00,1.49244,1.49461,1.49241,1.49427
2024-10-03 21:00:00,1.49428,1.49462,1.49355,1.4935800000000001
2024-10-03 22:00:00,1.4935800000000001,1.49508,1.49348,1.49495
2024-10-03 23:00:00,1.4949,1.4954100000000001,1.49441,1.4951400000000001
2024-10-04 00:00:00,1.4945,1.49526,1.49099,1.4951400000000001
2024-10-04 01:00:00,1.49498,1.49552,1.49498,1.49542
2024-10-04 02:00:00,1.4954100000000001,1.49545,1.495,1.495
2024-10-04 03:00:00,1.49496,1.4956,1.49461,1.49464
2024-10-04 04:00:00,1.49465,1.4952,1.49448,1.49459
2024-10-04 05:00:00,1.49459,1.4949,1.49445,1.4948299999999999
2024-10-04 06:00:00,1.49484,1.49498,1.49458,1.49472
2024-10-04 07:00:00,1.49472,1.49487,1.4944,1.49466
2024-10-04 08:00:00,1.49467,1.49531,1.49424,1.49519
2024-10-04 09:00:00,1.49516,1.49671,1.4945300000000001,1.49652
2024-10-04 10:00:00,1.49649,1.4966300000000001,1.49477,1.49512
2024-10-04 11:00:00,1.49513,1.4957,1.49467,1.49481
2024-10-04 12:00:00,1.49479,1.49538,1.49437,1.49485
2024-10-04 13:00:00,1.49486,1.49542,1.49437,1.49452
2024-10-04 14:00:00,1.49447,1.49551,1.49447,1.49522
2024-10-04 15:00:00,1.4951699999999999,1.4954100000000001,1.4883899999999999,1.48848
2024-10-04 16:00:00,1.48847,1.4905300000000001,1.48847,1.49038
2024-10-04 17:00:00,1.49036,1.49077,1.48879,1.48908
2024-10-04 18:00:00,1.48908,1.48972,1.48756,1.48814
2024-10-04 19:00:00,1.48813,1.48817,1.48731,1.48794
2024-10-04 20:00:00,1.48795,1.4891,1.48766,1.48889
2024-10-04 21:00:00,1.4889299999999999,1.48957,1.4888,1.48939
2024-10-04 22:00:00,1.48939,1.48983,1.48909,1.4896
2024-10-04 23:00:00,1.48964,1.4901900000000001,1.48921,1.48973
2024-10-07 00:00:00,1.4886,1.48947,1.48597,1.48918
2024-10-07 01:00:00,1.48883,1.48944,1.4882900000000001,1.48932
2024-10-07 02:00:00,1.48932,1.48984,1.48928,1.48978
2024-10-07 03:00:00,1.48979,1.49023,1.48957,1.48973
2024-10-07 04:00:00,1.48971,1.4902,1.48956,1.48996
2024-10-07 05:00:00,1.48997,1.49037,1.48971,1.48986
2024-10-07 06:00:00,1.48986,1.49004,1.48967,1.48974
2024-10-07 07:00:00,1.48973,1.48997,1.4896099999999999,1.48964
2024-10-07 08:00:00,1.48963,1.49037,1.48941,1.49027
2024-10-07 09:00:00,1.49027,1.49077,1.48914,1.49006
2024-10-07 10:00:00,1.49007,1.49062,1.48904,1.4905599999999999
2024-10-07 11:00:00,1.49057,1.49195,1.49013,1.49097
2024-10-07 12:00:00,1.49097,1.4910700000000001,1.48872,1.4893399999999999
2024-10-07 13:00:00,1.48929,1.49052,1.48917,1.48997
2024-10-07 14:00:00,1.48998,1.49125,1.48947,1.4907599999999999
2024-10-07 15:00:00,1.4907599999999999,1.49208,1.4907599999999999,1.4919799999999999
2024-10-07 16:00:00,1.49196,1.4935399999999999,1.49182,1.49329
2024-10-07 17:00:00,1.49337,1.49445,1.49273,1.49376
2024-10-07 18:00:00,1.49372,1.49407,1.4929700000000001,1.49345
2024-10-07 19:00:00,1.49348,1.49451,1.4933,1.49448
2024-10-07 20:00:00,1.49445,1.49486,1.49396,1.49482
2024-10-07 21:00:00,1.49484,1.4959,1.49434,1.49586
2024-10-07 22:00:00,1.49583,1.49583,1.49444,1.49475
2024-10-07 23:00:00,1.49462,1.49489,1.49401,1.49465
2024-10-08 00:00:00,1.49444,1.4948000000000001,1.49159,1.49436
2024-10-08 01:00:00,1.49418,1.4956,1.49411,1.49549
2024-10-08 02:00:00,1.49554,1.49558,1.49455,1.49464
2024-10-08 03:00:00,1.49465,1.49515,1.4945300000000001,1.49496
2024-10-08 04:00:00,1.49496,1.49576,1.49486,1.4953699999999999
2024-10-08 05:00:00,1.49538,1.49599,1.4951400000000001,1.49594
2024-10-08 06:00:00,1.49592,1.4964,1.49558,1.49615
2024-10-08 07:00:00,1.49614,1.49641,1.49607,1.49615
2024-10-08 08:00:00,1.49615,1.49675,1.49585,1.49658
2024-10-08 09:00:00,1.49664,1.49837,1.49654,1.49796
2024-10-08 10:00:00,1.49794,1.49954,1.49768,1.49948
2024-10-08 11:00:00,1.49946,1.4999,1.49841,1.49951
2024-10-08 12:00:00,1.49951,1.4996800000000001,1.49868,1.49897
2024-10-08 13:00:00,1.49898,1.49979,1.49805,1.4982199999999999
2024-10-08 14:00:00,1.49817,1.4987599999999999,1.4971999999999999,1.49841
2024-10-08 15:00:00,1.49839,1.49862,1.49694,1.49759
2024-10-08 16:00:00,1.49755,1.49951,1.49716,1.49872
2024-10-08 17:00:00,1.49871,1.49997,1.4981200000000001,1.49943
2024-10-08 18:00:00,1.49939,1.49982,1.49861,1.49864
2024-10-08 19:00:00,1.49864,1.49985,1.49858,1.49956
2024-10-08 20:00:00,1.49955,1.49967,1.49821,1.49825
2024-10-08 21:00:00,1.49826,1.49854,1.49767,1.49826
2024-10-08 22:00:00,1.49825,1.49847,1.49784,1.49809
2024-10-08 23:00:00,1.49799,1.49869,1.49789,1.49805
2024-10-09 00:00:00,1.49807,1.49831,1.49551,1.49802
2024-10-09 01:00:00,1.49803,1.49853,1.49795,1.49796
2024-10-09 02:00:00,1.49801,1.49853,1.49777,1.49852
2024-10-09 03:00:00,1.49853,1.49874,1.49836,1.49841
2024-10-09 04:00:00,1.4984,1.49864,1.49783,1.49854
2024-10-09 05:00:00,1.49854,1.49867,1.49805,1.49829
2024-10-09 06:00:00,1.49831,1.49854,1.49804,1.4983
2024-10-09 07:00:00,1.49829,1.4984,1.49755,1.49757
2024-10-09 08:00:00,1.49759,1.49821,1.4973,1.49808
2024-10-09 09:00:00,1.49804,1.49808,1.49739,1.49745
2024-10-09 10:00:00,1.49746,1.4984899999999999,1.49648,1.49804
2024-10-09 11:00:00,1.49805,1.49868,1.49736,1.4978
2024-10-09 12:00:00,1.49782,1.49862,1.49771,1.49848
2024-10-09 13:00:00,1.49845,1.4993400000000001,1.49844,1.49912
2024-10-09 14:00:00,1.4990999999999999,1.4996,1.4981200000000001,1.4982
2024-10-09 15:00:00,1.4982,1.49917,1.49804,1.4990999999999999
2024-10-09 16:00:00,1.49912,1.49919,1.49774,1.49794
2024-10-09 17:00:00,1.49793,1.49912,1.49755,1.49853
2024-10-09 18:00:00,1.49852,1.49897,1.49808,1.49852
2024-10-09 19:00:00,1.49853,1.49872,1.49759,1.49806
2024-10-09 20:00:00,1.49806,1.49821,1.49765,1.49777
2024-10-09 21:00:00,1.49777,1.49931,1.4975800000000001,1.4993
2024-10-09 22:00:00,1.49928,1.5003600000000001,1.4986,1.49977
2024-10-09 23:00:00,1.49974,1.50031,1.49948,1.49961
2024-10-10 00:00:00,1.4995,1.49985,1.49554,1.49956
2024-10-10 01:00:00,1.49938,1.50003,1.4993699999999999,1.5
2024-10-10 02:00:00,1.5,1.5000200000000001,1.49963,1.49984
2024-10-10 03:00:00,1.49984,1.50006,1.49959,1.49987
2024-10-10 04:00:00,1.49988,1.50033,1.49977,1.50023
2024-10-10 05:00:00,1.50021,1.50023,1.49959,1.4996399999999999
2024-10-10 06:00:00,1.4996399999999999,1.4999,1.49956,1.4997099999999999
2024-10-10 07:00:00,1.4997099999999999,1.4999500000000001,1.49908,1.49931
2024-10-10 08:00:00,1.49931,1.4998,1.49915,1.4997099999999999
2024-10-10 09:00:00,1.4997099999999999,1.50054,1.49926,1.50022
2024-10-10 10:00:00,1.50022,1.5018799999999999,1.5001,1.50132
2024-10-10 11:00:00,1.50139,1.5016500000000002,1.5005899999999999,1.50132
2024-10-10 12:00:00,1.50133,1.50139,1.50046,1.50136
2024-10-10 13:00:00,1.50136,1.50263,1.50107,1.5025
2024-10-10 14:00:00,1.5025,1.5034,1.5023499999999999,1.50306
2024-10-10 15:00:00,1.50308,1.5042900000000001,1.49966,1.5036
2024-10-10 16:00:00,1.5036399999999999,1.5058,1.50347,1.50457
2024-10-10 17:00:00,1.50448,1.50468,1.50134,1.50225
2024-10-10 18:00:00,1.5022600000000002,1.5034,1.50129,1.50224
2024-10-10 19:00:00,1.5022199999999999,1.50298,1.50054,1.50091
2024-10-10 20:00:00,1.5009299999999999,1.50202,1.50073,1.5016
2024-10-10 21:00:00,1.50159,1.50272,1.50153,1.50245
2024-10-10 22:00:00,1.50243,1.5028299999999999,1.5020799999999999,1.50243
2024-10-10 23:00:00,1.50243,1.50298,1.5014699999999999,1.5014699999999999
2024-10-11 00:00:00,1.50155,1.50261,1.49866,1.5024899999999999
2024-10-11 01:00:00,1.50243,1.50275,1.50236,1.5026000000000002
2024-10-11 02:00:00,1.50259,1.50295,1.5023900000000001,1.50284
2024-10-11 03:00:00,1.50284,1.5037099999999999,1.50265,1.50356
2024-10-11 04:00:00,1.5035699999999999,1.5035699999999999,1.50291,1.50347
2024-10-11 05:00:00,1.50347,1.5046300000000001,1.50343,1.50417
2024-10-11 06:00:00,1.5041600000000002,1.50482,1.5041099999999998,1.5045199999999999
2024-10-11 07:00:00,1.5045199999999999,1.50464,1.50377,1.5039500000000001
2024-10-11 08:00:00,1.50396,1.50415,1.50366,1.5040499999999999
2024-10-11 09:00:00,1.50406,1.5057800000000001,1.50399,1.50573
2024-10-11 10:00:00,1.50571,1.50595,1.50439,1.5055100000000001
2024-10-11 11:00:00,1.5055100000000001,1.50729,1.50489,1.50701
2024-10-11 12:00:00,1.50698,1.50705,1.50576,1.50576
2024-10-11 13:00:00,1.50576,1.5057800000000001,1.50491,1.50529
2024-10-11 14:00:00,1.50529,1.50611,1.50492,1.5055100000000001
2024-10-11 15:00:00,1.5055100000000001,1.50789,1.50149,1.50312
2024-10-11 16:00:00,1.50311,1.50476,1.50279,1.50421
2024-10-11 17:00:00,1.50408,1.50769,1.5032100000000002,1.5070700000000001
2024-10-11 18:00:00,1.5070700000000001,1.5080900000000002,1.5063,1.5063
2024-10-11 19:00:00,1.50629,1.50685,1.50568,1.50575
2024-10-11 20:00:00,1.50571,1.5060799999999999,1.5053800000000002,1.5054400000000001
2024-10-11 21:00:00,1.50543,1.50584,1.50515,1.50518
2024-10-11 22:00:00,1.50522,1.50543,1.5044499999999998,1.50449
2024-10-11 23:00:00,1.50448,1.50528,1.50435,1.50508
2024-10-14 00:00:00,1.5032999999999999,1.5049299999999999,1.50291,1.5044499999999998
2024-10-14 01:00:00,1.50434,1.50591,1.50431,1.50549
2024-10-14 02:00:00,1.5055399999999999,1.5057399999999999,1.50525,1.50534
2024-10-14 03:00:00,1.50535,1.50552,1.50448,1.50485
2024-10-14 04:00:00,1.50481,1.50563,1.50478,1.50559
2024-10-14 05:00:00,1.5056500000000002,1.50584,1.50511,1.50519
2024-10-14 06:00:00,1.50519,1.50541,1.50484,1.5049700000000001
2024-10-14 07:00:00,1.50495,1.5050400000000002,1.50473,1.50481
2024-10-14 08:00:00,1.5048,1.50503,1.5046599999999999,1.50481
2024-10-14 09:00:00,1.5048599999999999,1.5055399999999999,1.50478,1.50512
2024-10-14 10:00:00,1.50511,1.5060799999999999,1.50503,1.50593
2024-10-14 11:00:00,1.50586,1.5068899999999998,1.50577,1.50632
2024-10-14 12:00:00,1.5063,1.5077500000000001,1.5061900000000001,1.50747
2024-10-14 13:00:00,1.50747,1.50787,1.50657,1.50678
2024-10-14 14:00:00,1.5068000000000001,1.50701,1.50438,1.50457
2024-10-14 15:00:00,1.50457,1.5056,1.5041600000000002,1.50498
2024-10-14 16:00:00,1.50498,1.5059900000000002,1.50438,1.5050599999999998
2024-10-14 17:00:00,1.5050599999999998,1.5052699999999999,1.50414,1.5047700000000002
2024-10-14 18:00:00,1.50476,1.5054400000000001,1.50439,1.50458
2024-10-14 19:00:00,1.50457,1.5048,1.50374,1.50374
2024-10-14 20:00:00,1.50374,1.5042200000000001,1.50345,1.5042
2024-10-14 21:00:00,1.50421,1.5043,1.50353,1.50379
2024-10-14 22:00:00,1.50378,1.50419,1.50284,1.5040900000000001
2024-10-14 23:00:00,1.5040900000000001,1.5049299999999999,1.50389,1.50467
2024-10-15 00:00:00,1.5046,1.5047899999999998,1.50161,1.50437
2024-10-15 01:00:00,1.50408,1.50532,1.50408,1.5053
2024-10-15 02:00:00,1.50526,1.50564,1.50503,1.50556
2024-10-15 03:00:00,1.50556,1.5055800000000001,1.5043,1.50468
2024-10-15 04:00:00,1.50467,1.50503,1.50438,1.50468
2024-10-15 05:00:00,1.50468,1.50485,1.50437,1.5047000000000001
2024-10-15 06:00:00,1.5047000000000001,1.50485,1.5039799999999999,1.5040499999999999
2024-10-15 07:00:00,1.5040499999999999,1.50413,1.5032999999999999,1.50362
2024-10-15 08:00:00,1.50362,1.50424,1.5036100000000001,1.50401
2024-10-15 09:00:00,1.5039,1.5041799999999999,1.50311,1.50379
2024-10-15 10:00:00,1.50381,1.50494,1.5032999999999999,1.50492
2024-10-15 11:00:00,1.50492,1.50674,1.50491,1.506
2024-10-15 12:00:00,1.5061,1.50685,1.5057,1.50685
2024-10-15 13:00:00,1.50688,1.50706,1.50561,1.50584
2024-10-15 14:00:00,1.50583,1.5066199999999998,1.50537,1.50607
2024-10-15 15:00:00,1.50609,1.50949,1.5059,1.50821
2024-10-15 16:00:00,1.50821,1.50827,1.50555,1.5070000000000001
2024-10-15 17:00:00,1.50699,1.50706,1.50428,1.5043600000000001
2024-10-15 18:00:00,1.50437,1.50553,1.5041099999999998,1.50427
2024-10-15 19:00:00,1.50427,1.50433,1.5024899999999999,1.50258
2024-10-15 20:00:00,1.50258,1.50327,1.50223,1.50258
2024-10-15 21:00:00,1.5025300000000001,1.5027300000000001,1.50141,1.5015
2024-10-15 22:00:00,1.5015,1.50193,1.50051,1.5006300000000001
2024-10-15 23:00:00,1.5006300000000001,1.50094,1.49958,1.50028
2024-10-16 00:00:00,1.4996800000000001,1.5004,1.49887,1.49999
2024-10-16 01:00:00,1.50011,1.50082,1.49991,1.49993
2024-10-16 02:00:00,1.49993,1.50028,1.49963,1.49966
2024-10-16 03:00:00,1.4996399999999999,1.50069,1.49962,1.50061
2024-10-16 04:00:00,1.50061,1.50109,1.5002900000000001,1.50068
2024-10-16 05:00:00,1.50069,1.50087,1.5002900000000001,1.50048
2024-10-16 06:00:00,1.50048,1.50085,1.50014,1.50021
2024-10-16 07:00:00,1.5001799999999998,1.50051,1.5,1.50011
2024-10-16 08:00:00,1.50012,1.5003,1.4996399999999999,1.49979
2024-10-16 09:00:00,1.49979,1.4999799999999999,1.49845,1.49855
2024-10-16 10:00:00,1.49855,1.50011,1.4984899999999999,1.49949
2024-10-16 11:00:00,1.49957,1.50083,1.49949,1.50067
2024-10-16 12:00:00,1.5007000000000001,1.50217,1.5005,1.5017800000000001
2024-10-16 13:00:00,1.50179,1.50197,1.50137,1.50156
2024-10-16 14:00:00,1.5015100000000001,1.50176,1.5009000000000001,1.50132
2024-10-16 15:00:00,1.5013,1.5018,1.50007,1.50034
2024-10-16 16:00:00,1.50039,1.50115,1.4993,1.4997099999999999
2024-10-16 17:00:00,1.49972,1.49974,1.49792,1.49874
2024-10-16 18:00:00,1.49872,1.49906,1.49662,1.49726
2024-10-16 19:00:00,1.49726,1.49771,1.4959799999999999,1.49599
2024-10-16 20:00:00,1.4959799999999999,1.4959799999999999,1.49487,1.4949
2024-10-16 21:00:00,1.4949,1.49498,1.49352,1.49359
2024-10-16 22:00:00,1.49359,1.49375,1.49279,1.49285
2024-10-16 23:00:00,1.49284,1.49362,1.49276,1.49345
2024-10-17 00:00:00,1.49272,1.49439,1.49219,1.49355
2024-10-17 01:00:00,1.49365,1.49381,1.49329,1.49359
2024-10-17 02:00:00,1.4935800000000001,1.49369,1.49343,1.49359
2024-10-17 03:00:00,1.49357,1.494,1.49334,1.49395
2024-10-17 04:00:00,1.49395,1.49395,1.49333,1.49342
2024-10-17 05:00:00,1.49343,1.49409,1.49332,1.4938799999999999
2024-10-17 06:00:00,1.4938799999999999,1.49404,1.4932400000000001,1.49347
2024-10-17 07:00:00,1.49346,1.4939200000000001,1.49339,1.49373
2024-10-17 08:00:00,1.49372,1.4938,1.49332,1.49379
2024-10-17 09:00:00,1.49373,1.49505,1.4935100000000001,1.4945599999999999
2024-10-17 10:00:00,1.49457,1.49612,1.4945,1.49591
2024-10-17 11:00:00,1.49588,1.49611,1.49515,1.49515
2024-10-17 12:00:00,1.49516,1.49669,1.49515,1.49643
2024-10-17 13:00:00,1.49643,1.49689,1.49607,1.49688
2024-10-17 14:00:00,1.49689,1.49708,1.49627,1.49633
2024-10-17 15:00:00,1.49637,1.49831,1.49381,1.49402
2024-10-17 16:00:00,1.49403,1.49414,1.49005,1.49222
2024-10-17 17:00:00,1.49221,1.49281,1.49036,1.49272
2024-10-17 18:00:00,1.49272,1.49445,1.49219,1.49432
2024-10-17 19:00:00,1.49435,1.49437,1.49238,1.49242
2024-10-17 20:00:00,1.49247,1.4933,1.49235,1.49292
2024-10-17 21:00:00,1.49292,1.49409,1.49248,1.49356
2024-10-17 22:00:00,1.4935800000000001,1.4941200000000001,1.4935,1.49398
2024-10-17 23:00:00,1.49394,1.49426,1.49363,1.49395
2024-10-18 00:00:00,1.49308,1.49406,1.49071,1.4938500000000001
2024-10-18 01:00:00,1.49384,1.49432,1.4935800000000001,1.49406
2024-10-18 02:00:00,1.49402,1.49407,1.4936099999999999,1.49387
2024-10-18 03:00:00,1.49389,1.49437,1.49384,1.49398
2024-10-18 04:00:00,1.49399,1.49434,1.49369,1.49427
2024-10-18 05:00:00,1.49429,1.49495,1.49408,1.49489
2024-10-18 06:00:00,1.49488,1.4952,1.49469,1.49494
2024-10-18 07:00:00,1.49493,1.49532,1.49487,1.49525
2024-10-18 08:00:00,1.49526,1.49564,1.49513,1.49555
2024-10-18 09:00:00,1.49552,1.49637,1.49468,1.49607
2024-10-18 10:00:00,1.49606,1.4961,1.4946,1.49504
2024-10-18 11:00:00,1.49504,1.4959,1.49437,1.49488
2024-10-18 12:00:00,1.49488,1.49558,1.49429,1.49558
2024-10-18 13:00:00,1.49559,1.49614,1.49515,1.49554
2024-10-18 14:00:00,1.49554,1.49604,1.49533,1.49567
2024-10-18 15:00:00,1.49563,1.49804,1.49563,1.49795
2024-10-18 16:00:00,1.49795,1.49838,1.49715,1.49795
2024-10-18 17:00:00,1.49795,1.49928,1.49789,1.4987300000000001
2024-10-18 18:00:00,1.4987300000000001,1.49945,1.49805,1.49814
2024-10-18 19:00:00,1.4981499999999999,1.4993699999999999,1.49798,1.49904
2024-10-18 20:00:00,1.49904,1.49973,1.49885,1.49924
2024-10-18 21:00:00,1.49923,1.5005600000000001,1.49921,1.50031
2024-10-18 22:00:00,1.50031,1.5003199999999999,1.49976,1.49989
2024-10-18 23:00:00,1.49987,1.5005899999999999,1.4984199999999999,1.49922
2024-10-21 00:00:00,1.499,1.50031,1.49797,1.49985
2024-10-21 01:00:00,1.49981,1.5003199999999999,1.49958,1.49986
2024-10-21 02:00:00,1.49986,1.4999500000000001,1.49945,1.49972
2024-10-21 03:00:00,1.49972,1.5003600000000001,1.49965,1.5000200000000001
2024-10-21 04:00:00,1.50001,1.50012,1.49961,1.49993
2024-10-21 05:00:00,1.49997,1.5001,1.49966,1.49981
2024-10-21 06:00:00,1.49982,1.50027,1.4998,1.50006
2024-10-21 07:00:00,1.50007,1.50011,1.4994,1.4994399999999999
2024-10-21 08:00:00,1.49943,1.50011,1.49943,1.49966
2024-10-21 09:00:00,1.49966,1.4998,1.49929,1.4997
2024-10-21 10:00:00,1.49972,1.49979,1.4984899999999999,1.49871
2024-10-21 11:00:00,1.49872,1.4997099999999999,1.49867,1.49948
2024-10-21 12:00:00,1.49947,1.49981,1.4989,1.49898
2024-10-21 13:00:00,1.499,1.49965,1.49882,1.49935
2024-10-21 14:00:00,1.49935,1.49996,1.49896,1.4999
2024-10-21 15:00:00,1.49991,1.5005899999999999,1.49935,1.5003
2024-10-21 16:00:00,1.5003,1.50069,1.49902,1.4994399999999999
2024-10-21 17:00:00,1.4994399999999999,1.49969,1.49838,1.49859
2024-10-21 18:00:00,1.49861,1.49911,1.49809,1.49813
2024-10-21 19:00:00,1.49813,1.49844,1.49746,1.49755
2024-10-21 20:00:00,1.4975399999999999,1.49805,1.49617,1.49624
2024-10-21 21:00:00,1.49623,1.49649,1.49612,1.4963
2024-10-21 22:00:00,1.49631,1.49651,1.49573,1.49622
2024-10-21 23:00:00,1.49626,1.4963899999999999,1.49529,1.49567
2024-10-22 00:00:00,1.49511,1.4960200000000001,1.49399,1.49584
2024-10-22 01:00:00,1.49594,1.49634,1.49569,1.4963199999999999
2024-10-22 02:00:00,1.4963199999999999,1.49633,1.49584,1.49608
2024-10-22 03:00:00,1.49608,1.49657,1.49607,1.49626
2024-10-22 04:00:00,1.49627,1.4966,1.49616,1.49628
2024-10-22 05:00:00,1.4962900000000001,1.49647,1.49612,1.49619
2024-10-22 06:00:00,1.4962,1.49626,1.4957099999999999,1.4960200000000001
2024-10-22 07:00:00,1.49601,1.49627,1.49589,1.49617
2024-10-22 08:00:00,1.49617,1.49642,1.49604,1.49627
2024-10-22 09:00:00,1.49623,1.49726,1.49593,1.49686
2024-10-22 10:00:00,1.49689,1.4984199999999999,1.49642,1.49834
2024-10-22 11:00:00,1.49833,1.49847,1.49747,1.4977
2024-10-22 12:00:00,1.49769,1.49797,1.49611,1.49623
2024-10-22 13:00:00,1.49622,1.49774,1.49587,1.49771
2024-10-22 14:00:00,1.49771,1.49775,1.49576,1.49603
2024-10-22 15:00:00,1.49603,1.4963199999999999,1.49491,1.49497
2024-10-22 16:00:00,1.49496,1.49524,1.49288,1.49374
2024-10-22 17:00:00,1.49377,1.49435,1.49323,1.49381
2024-10-22 18:00:00,1.49382,1.49506,1.49319,1.4942
2024-10-22 19:00:00,1.4941900000000001,1.49558,1.49406,1.49445
2024-10-22 20:00:00,1.4944600000000001,1.49457,1.49285,1.49289
2024-10-22 21:00:00,1.49288,1.49295,1.49251,1.49257
2024-10-22 22:00:00,1.49258,1.4925899999999999,1.49152,1.49179
2024-10-22 23:00:00,1.49179,1.49223,1.49159,1.49221
2024-10-23 00:00:00,1.49218,1.49224,1.49047,1.4917500000000001
2024-10-23 01:00:00,1.49169,1.49234,1.49166,1.49194
2024-10-23 02:00:00,1.49195,1.4920499999999999,1.49163,1.4916800000000001
2024-10-23 03:00:00,1.4916800000000001,1.49289,1.49154,1.49235
2024-10-23 04:00:00,1.49235,1.4927000000000001,1.49211,1.49213
2024-10-23 05:00:00,1.49212,1.49287,1.49186,1.49283
2024-10-23 06:00:00,1.49284,1.49284,1.4923600000000001,1.49258
2024-10-23 07:00:00,1.49256,1.49277,1.49238,1.49268
2024-10-23 08:00:00,1.4927000000000001,1.49329,1.49267,1.49323
2024-10-23 09:00:00,1.4932400000000001,1.4932400000000001,1.4917799999999999,1.4917799999999999
2024-10-23 10:00:00,1.49166,1.49166,1.48983,1.49032
2024-10-23 11:00:00,1.49032,1.49162,1.48993,1.49133
2024-10-23 12:00:00,1.49132,1.49147,1.49047,1.49057
2024-10-23 13:00:00,1.4905599999999999,1.49074,1.49018,1.49052
2024-10-23 14:00:00,1.4905,1.49077,1.48909,1.48912
2024-10-23 15:00:00,1.4891,1.49176,1.4891,1.49156
2024-10-23 16:00:00,1.49156,1.49291,1.49054,1.4912
2024-10-23 17:00:00,1.49116,1.49344,1.49087,1.49172
2024-10-23 18:00:00,1.4917,1.49349,1.49147,1.49147
2024-10-23 19:00:00,1.49146,1.49164,1.49091,1.49093
2024-10-23 20:00:00,1.49091,1.49124,1.48994,1.49033
2024-10-23 21:00:00,1.49031,1.49203,1.49031,1.49187
2024-10-23 22:00:00,1.49187,1.49234,1.49181,1.49219
2024-10-23 23:00:00,1.49216,1.49249,1.49152,1.49159
2024-10-24 00:00:00,1.49151,1.49182,1.49092,1.49149
2024-10-24 01:00:00,1.49148,1.49212,1.49148,1.49212
2024-10-24 02:00:00,1.49218,1.49228,1.49134,1.49149
2024-10-24 03:00:00,1.49149,1.4916,1.49091,1.49119
2024-10-24 04:00:00,1.4912,1.49124,1.4907,1.49082
2024-10-24 05:00:00,1.4908299999999999,1.49139,1.49052,1.49115
2024-10-24 06:00:00,1.49115,1.49139,1.49079,1.49116
2024-10-24 07:00:00,1.4911699999999999,1.49179,1.49116,1.49169
2024-10-24 08:00:00,1.49169,1.4917,1.49101,1.4910700000000001
2024-10-24 09:00:00,1.4910700000000001,1.4914,1.49036,1.49059
2024-10-24 10:00:00,1.49054,1.4920200000000001,1.48859,1.49129
2024-10-24 11:00:00,1.49134,1.4929000000000001,1.49134,1.49224
2024-10-24 12:00:00,1.49221,1.49261,1.4913,1.4917
2024-10-24 13:00:00,1.49169,1.49227,1.49153,1.49189
2024-10-24 14:00:00,1.49187,1.49225,1.49096,1.49132
2024-10-24 15:00:00,1.49132,1.49261,1.49115,1.4924
2024-10-24 16:00:00,1.49241,1.49409,1.49235,1.49334
2024-10-24 17:00:00,1.49317,1.49619,1.49315,1.49504
2024-10-24 18:00:00,1.49504,1.49711,1.49485,1.49707
2024-10-24 19:00:00,1.4971,1.4984600000000001,1.49704,1.49843
2024-10-24 20:00:00,1.49844,1.4990999999999999,1.498,1.49897
2024-10-24 21:00:00,1.49898,1.4993400000000001,1.4984899999999999,1.49932
2024-10-24 22:00:00,1.49931,1.49988,1.49902,1.49988
2024-10-24 23:00:00,1.49988,1.50015,1.49919,1.49981
2024-10-25 00:00:00,1.49979,1.4999500000000001,1.49866,1.49962
2024-10-25 01:00:00,1.49955,1.49989,1.4994,1.49946
2024-10-25 02:00:00,1.49945,1.4996,1.49924,1.49935
2024-10-25 03:00:00,1.49935,1.49943,1.49858,1.4987599999999999
2024-10-25 04:00:00,1.49879,1.49911,1.49853,1.49904
2024-10-25 05:00:00,1.49905,1.4994,1.49904,1.49904
2024-10-25 06:00:00,1.49904,1.49923,1.49881,1.49918
2024-10-25 07:00:00,1.49919,1.49928,1.49899,1.49915
2024-10-25 08:00:00,1.49915,1.49933,1.49861,1.49868
2024-10-25 09:00:00,1.49868,1.49891,1.49792,1.49799
2024-10-25 10:00:00,1.49798,1.49894,1.49779,1.49839
2024-10-25 11:00:00,1.49835,1.50035,1.49825,1.49884
2024-10-25 12:00:00,1.49886,1.49898,1.4984199999999999,1.49844
2024-10-25 13:00:00,1.49843,1.49913,1.4984199999999999,1.49878
2024-10-25 14:00:00,1.49879,1.4993,1.49838,1.49843
2024-10-25 15:00:00,1.4984199999999999,1.50026,1.49831,1.49999
2024-10-25 16:00:00,1.5000200000000001,1.50162,1.49872,1.50116
2024-10-25 17:00:00,1.5012400000000001,1.50231,1.50069,1.50146
2024-10-25 18:00:00,1.50148,1.5022799999999998,1.50022,1.50084
2024-10-25 19:00:00,1.50084,1.50115,1.49942,1.4997099999999999
2024-10-25 20:00:00,1.4997099999999999,1.50055,1.4997099999999999,1.5005
2024-10-25 21:00:00,1.50051,1.50064,1.49904,1.49989
2024-10-25 22:00:00,1.49991,1.50012,1.49887,1.5000499999999999
2024-10-25 23:00:00,1.50008,1.5003,1.49942,1.49957
2024-10-28 00:00:00,1.49891,1.50049,1.49836,1.50013
2024-10-28 01:00:00,1.50013,1.50062,1.49984,1.5001
2024-10-28 02:00:00,1.50008,1.50048,1.49965,1.49986
2024-10-28 03:00:00,1.49986,1.49993,1.4994,1.49943
2024-10-28 04:00:00,1.49942,1.49992,1.49909,1.4993699999999999
2024-10-28 05:00:00,1.4993699999999999,1.4996,1.4990700000000001,1.49916
2024-10-28 06:00:00,1.49915,1.4997500000000001,1.49914,1.49919
2024-10-28 07:00:00,1.4992,1.49927,1.4986,1.49919
2024-10-28 08:00:00,1.49914,1.49936,1.49877,1.49909
2024-10-28 09:00:00,1.4990700000000001,1.5006,1.49885,1.5005199999999999
2024-10-28 10:00:00,1.50051,1.50268,1.50035,1.50234
2024-10-28 11:00:00,1.50232,1.5027599999999999,1.50206,1.5024600000000001
2024-10-28 12:00:00,1.5024600000000001,1.50305,1.5018099999999999,1.50245
2024-10-28 13:00:00,1.5024600000000001,1.50301,1.50238,1.50297
2024-10-28 14:00:00,1.50301,1.50424,1.50225,1.50244
2024-10-28 15:00:00,1.50243,1.5031400000000001,1.50168,1.5024600000000001
2024-10-28 16:00:00,1.50247,1.50433,1.50224,1.50362
2024-10-28 17:00:00,1.50356,1.5041,1.50284,1.50404
2024-10-28 18:00:00,1.50404,1.50421,1.50272,1.50313
2024-10-28 19:00:00,1.5031400000000001,1.50328,1.50202,1.50206
2024-10-28 20:00:00,1.50206,1.50241,1.50183,1.5022199999999999
2024-10-28 21:00:00,1.50223,1.5026000000000002,1.50195,1.50206
2024-10-28 22:00:00,1.50204,1.50232,1.50144,1.50157
2024-10-28 23:00:00,1.50156,1.5021499999999999,1.49974,1.50182
2024-10-29 00:00:00,1.50183,1.5023499999999999,1.5018099999999999,1.50211
2024-10-29 01:00:00,1.50213,1.50225,1.5018,1.50225
2024-10-29 02:00:00,1.50225,1.50251,1.502,1.5022199999999999
2024-10-29 03:00:00,1.5022199999999999,1.5024,1.5017399999999999,1.50203
2024-10-29 04:00:00,1.50202,1.5022199999999999,1.50166,1.50177
2024-10-29 05:00:00,1.50175,1.50213,1.50155,1.5019
2024-10-29 06:00:00,1.50189,1.50211,1.50176,1.50209
2024-10-29 07:00:00,1.5020799999999999,1.50248,1.50202,1.50209
2024-10-29 08:00:00,1.50209,1.50209,1.50141,1.5016
2024-10-29 09:00:00,1.50161,1.50179,1.50067,1.50103
2024-10-29 10:00:00,1.50101,1.50223,1.50101,1.50149
2024-10-29 11:00:00,1.5014699999999999,1.5022600000000002,1.50089,1.50134
2024-10-29 12:00:00,1.50133,1.5016,1.49931,1.49986
2024-10-29 13:00:00,1.49985,1.49994,1.49911,1.4997500000000001
2024-10-29 14:00:00,1.49973,1.5004499999999998,1.4975399999999999,1.4982
2024-10-29 15:00:00,1.4981900000000001,1.49978,1.49713,1.49898
2024-10-29 16:00:00,1.49889,1.50191,1.49889,1.5010599999999998
2024-10-29 17:00:00,1.5011100000000002,1.5021900000000001,1.5001,1.50164
2024-10-29 18:00:00,1.50164,1.5034100000000001,1.50164,1.50331
2024-10-29 19:00:00,1.50332,1.50453,1.50322,1.50417
2024-10-29 20:00:00,1.5041799999999999,1.50534,1.5040200000000001,1.50525
2024-10-29 21:00:00,1.5052699999999999,1.50543,1.50482,1.50487
2024-10-29 22:00:00,1.5048300000000001,1.50545,1.50467,1.50514
2024-10-29 23:00:00,1.50412,1.50534,1.50234,1.50457
2024-10-30 00:00:00,1.50457,1.50564,1.50373,1.50512
2024-10-30 01:00:00,1.50519,1.50562,1.50499,1.5054699999999999
2024-10-30 02:00:00,1.5054699999999999,1.5059,1.50534,1.5054699999999999
2024-10-30 03:00:00,1.50548,1.5057,1.50522,1.50546
2024-10-30 04:00:00,1.50545,1.50571,1.50523,1.5055800000000001
2024-10-30 05:00:00,1.50555,1.50571,1.5053299999999998,1.5053299999999998
2024-10-30 06:00:00,1.5053299999999998,1.50563,1.50522,1.5055399999999999
2024-10-30 07:00:00,1.50555,1.5057,1.50526,1.50542
2024-10-30 08:00:00,1.5053999999999998,1.50616,1.50537,1.50586
2024-10-30 09:00:00,1.5059,1.506,1.5053100000000001,1.5055800000000001
2024-10-30 10:00:00,1.50568,1.50838,1.5055800000000001,1.50625
2024-10-30 11:00:00,1.5070299999999999,1.50991,1.5069,1.50797
2024-10-30 12:00:00,1.50797,1.50838,1.50715,1.5081
2024-10-30 13:00:00,1.50812,1.50835,1.50692,1.50728
2024-10-30 14:00:00,1.50727,1.50777,1.5053299999999998,1.5065
2024-10-30 15:00:00,1.5065,1.50865,1.5064899999999999,1.5085899999999999
2024-10-30 16:00:00,1.5085899999999999,1.51131,1.50839,1.5105499999999998
2024-10-30 17:00:00,1.51058,1.5117500000000001,1.51007,1.51112
2024-10-30 18:00:00,1.51111,1.51172,1.5103900000000001,1.5113699999999999
2024-10-30 19:00:00,1.5113699999999999,1.5117099999999999,1.51021,1.51034
2024-10-30 20:00:00,1.51037,1.51106,1.51023,1.51058
2024-10-30 21:00:00,1.51059,1.51059,1.50891,1.50953
2024-10-30 22:00:00,1.50952,1.50962,1.5085199999999999,1.50922
2024-10-30 23:00:00,1.50919,1.5095800000000001,1.50827,1.50831
2024-10-31 00:00:00,1.5083199999999999,1.5101,1.5083199999999999,1.51009
2024-10-31 01:00:00,1.5101,1.51022,1.5098099999999999,1.5100500000000001
2024-10-31 02:00:00,1.51003,1.5104199999999999,1.5098500000000001,1.51004
2024-10-31 03:00:00,1.51003,1.51018,1.5088599999999999,1.50892
2024-10-31 04:00:00,1.5089299999999999,1.50991,1.50887,1.50966
2024-10-31 05:00:00,1.5096500000000002,1.51009,1.50959,1.50987
2024-10-31 06:00:00,1.50987,1.5100500000000001,1.5093100000000002,1.5097399999999999
2024-10-31 07:00:00,1.50977,1.51007,1.50959,1.5098799999999999
2024-10-31 08:00:00,1.5098799999999999,1.51024,1.5095100000000001,1.50969
2024-10-31 09:00:00,1.5097800000000001,1.5117099999999999,1.50946,1.51097
2024-10-31 10:00:00,1.51097,1.51118,1.50982,1.5108899999999998
2024-10-31 11:00:00,1.51088,1.5122900000000001,1.5106600000000001,1.5122
2024-10-31 12:00:00,1.51196,1.51361,1.51196,1.51277
2024-10-31 13:00:00,1.51276,1.51282,1.51183,1.51193
2024-10-31 14:00:00,1.512,1.51436,1.5113400000000001,1.51261
2024-10-31 15:00:00,1.5125600000000001,1.51345,1.5091299999999999,1.5096699999999998
2024-10-31 16:00:00,1.50968,1.51183,1.50923,1.51118
2024-10-31 17:00:00,1.5111599999999998,1.51393,1.50971,1.51296
2024-10-31 18:00:00,1.5128599999999999,1.5137399999999999,1.5119799999999999,1.5123
2024-10-31 19:00:00,1.5122900000000001,1.51261,1.51083,1.5119799999999999
2024-10-31 20:00:00,1.51196,1.51273,1.5112299999999999,1.5116399999999999
2024-10-31 21:00:00,1.51163,1.51431,1.51163,1.51424
2024-10-31 22:00:00,1.51423,1.5164900000000001,1.51404,1.5161099999999998
2024-10-31 23:00:00,1.51581,1.51654,1.51501,1.51567
2024-11-01 00:00:00,1.5156800000000001,1.51628,1.51546,1.51619
2024-11-01 01:00:00,1.5162,1.51658,1.5157699999999998,1.5165600000000001
2024-11-01 02:00:00,1.5165600000000001,1.5167000000000002,1.51555,1.51651
2024-11-01 03:00:00,1.5165,1.51676,1.51519,1.51524
2024-11-01 04:00:00,1.51524,1.51556,1.51481,1.5149
2024-11-01 05:00:00,1.51495,1.51505,1.51463,1.5147599999999999
2024-11-01 06:00:00,1.51475,1.51497,1.51468,1.5148000000000001
2024-11-01 07:00:00,1.51482,1.51526,1.51463,1.51508
2024-11-01 08:00:00,1.5150700000000001,1.51562,1.51497,1.5152700000000001
2024-11-01 09:00:00,1.5152999999999999,1.51589,1.51498,1.5150299999999999
2024-11-01 10:00:00,1.51498,1.51498,1.5125199999999999,1.51309
2024-11-01 11:00:00,1.5130400000000002,1.51345,1.51231,1.51235
2024-11-01 12:00:00,1.51234,1.51325,1.51204,1.51315
2024-11-01 13:00:00,1.51314,1.51375,1.5128599999999999,1.51328
2024-11-01 14:00:00,1.51328,1.51647,1.51312,1.5142600000000002
2024-11-01 15:00:00,1.51429,1.5145499999999998,1.5116,1.5119500000000001
2024-11-01 16:00:00,1.51183,1.5122,1.5100799999999999,1.5104199999999999
2024-11-01 17:00:00,1.51041,1.51186,1.50989,1.5105499999999998
2024-11-01 18:00:00,1.51051,1.5133299999999998,1.5104600000000001,1.5130599999999998
2024-11-01 19:00:00,1.51305,1.51305,1.5111599999999998,1.51156
2024-11-01 20:00:00,1.51154,1.51247,1.51154,1.5121099999999998
2024-11-01 21:00:00,1.51214,1.51228,1.51163,1.5120900000000002
2024-11-01 22:00:00,1.5120900000000002,1.51239,1.5106000000000002,1.51091
2024-11-04 00:00:00,1.51387,1.5148000000000001,1.51302,1.5146199999999999
2024-11-04 01:00:00,1.5147,1.5147,1.51329,1.51348
2024-11-04 02:00:00,1.51348,1.5137,1.51275,1.51342
2024-11-04 03:00:00,1.51343,1.5143900000000001,1.51339,1.51397
2024-11-04 04:00:00,1.51396,1.5149,1.5137800000000001,1.5148899999999998
2024-11-04 05:00:00,1.51492,1.5152,1.51423,1.51461
2024-11-04 06:00:00,1.51461,1.51497,1.51451,1.51468
2024-11-04 07:00:00,1.5146899999999999,1.5150700000000001,1.51447,1.51491
2024-11-04 08:00:00,1.51491,1.51522,1.51402,1.51406
2024-11-04 09:00:00,1.51407,1.5161099999999998,1.51383,1.5159500000000001
2024-11-04 10:00:00,1.51599,1.5165899999999999,1.51488,1.51579
2024-11-04 11:00:00,1.51578,1.51695,1.51566,1.51578
2024-11-04 12:00:00,1.51579,1.51673,1.5156100000000001,1.5162900000000001
2024-11-04 13:00:00,1.5162900000000001,1.51687,1.51606,1.5163600000000002
2024-11-04 14:00:00,1.51635,1.51655,1.51539,1.51608
2024-11-04 15:00:00,1.5160900000000002,1.51648,1.51459,1.5162
2024-11-04 16:00:00,1.51616,1.51639,1.51307,1.51362
2024-11-04 17:00:00,1.51361,1.51402,1.5127199999999998,1.51372
2024-11-04 18:00:00,1.51371,1.51386,1.51167,1.51254
2024-11-04 19:00:00,1.51253,1.5136699999999998,1.5117699999999998,1.51233
2024-11-04 20:00:00,1.51234,1.51266,1.51162,1.51205
2024-11-04 21:00:00,1.51205,1.51223,1.51159,1.5117099999999999
2024-11-04 22:00:00,1.51172,1.5119500000000001,1.5114,1.5118200000000002
2024-11-04 23:00:00,1.51178,1.51213,1.5114100000000001,1.5120900000000002
2024-11-05 00:00:00,1.51212,1.51212,1.51063,1.5119799999999999
2024-11-05 01:00:00,1.5119799999999999,1.5119799999999999,1.51133,1.51142
2024-11-05 02:00:00,1.51143,1.5117699999999998,1.5112999999999999,1.5114100000000001
2024-11-05 03:00:00,1.5114100000000001,1.51212,1.5114,1.5118800000000001
2024-11-05 04:00:00,1.5118800000000001,1.5120900000000002,1.51173,1.5118399999999999
2024-11-05 05:00:00,1.5118399999999999,1.51197,1.51169,1.51185
2024-11-05 06:00:00,1.51185,1.51194,1.51142,1.51167
2024-11-05 07:00:00,1.5116399999999999,1.51173,1.51143,1.51163
2024-11-05 08:00:00,1.51163,1.51172,1.51098,1.51143
2024-11-05 09:00:00,1.51145,1.51258,1.51145,1.51215
2024-11-05 10:00:00,1.51213,1.51227,1.5114100000000001,1.51203
2024-11-05 11:00:00,1.51204,1.5127899999999999,1.5117500000000001,1.51205
2024-11-05 12:00:00,1.51206,1.51255,1.5119,1.5125199999999999
2024-11-05 13:00:00,1.5125,1.51315,1.5122,1.51284
2024-11-05 14:00:00,1.51285,1.5131299999999999,1.51214,1.5124
2024-11-05 15:00:00,1.51239,1.5127199999999998,1.51125,1.51194
2024-11-05 16:00:00,1.51194,1.5124900000000001,1.51085,1.51133
2024-11-05 17:00:00,1.51136,1.5121,1.50969,1.50995
2024-11-05 18:00:00,1.50996,1.51271,1.50996,1.51262
2024-11-05 19:00:00,1.51261,1.5133100000000002,1.51228,1.51328
2024-11-05 20:00:00,1.51328,1.51398,1.5131299999999999,1.51339
2024-11-05 21:00:00,1.51339,1.51343,1.51267,1.51287
2024-11-05 22:00:00,1.51288,1.51292,1.51138,1.51151
2024-11-05 23:00:00,1.51149,1.5119500000000001,1.51043,1.51102
2024-11-06 00:00:00,1.5110299999999999,1.51136,1.50812,1.51081
2024-11-06 01:00:00,1.51082,1.5125,1.5102,1.5125
2024-11-06 02:00:00,1.5125,1.5125,1.5043199999999999,1.50444
2024-11-06 03:00:00,1.5046,1.50638,1.50377,1.50444
2024-11-06 04:00:00,1.50447,1.5047199999999998,1.49729,1.49777
2024-11-06 05:00:00,1.4977800000000001,1.49939,1.49277,1.49679
2024-11-06 06:00:00,1.4965899999999999,1.49978,1.49526,1.49826
2024-11-06 07:00:00,1.49823,1.49988,1.49561,1.49719
2024-11-06 08:00:00,1.49721,1.49737,1.49156,1.49367
2024-11-06 09:00:00,1.4935399999999999,1.49597,1.49304,1.49467
2024-11-06 10:00:00,1.49467,1.49723,1.4944600000000001,1.49635
2024-11-06 11:00:00,1.49637,1.4965600000000001,1.49436,1.49509
2024-11-06 12:00:00,1.49499,1.49533,1.49271,1.49279
2024-11-06 13:00:00,1.49276,1.4928,1.4893,1.49001
2024-11-06 14:00:00,1.49001,1.49101,1.4861,1.4874399999999999
2024-11-06 15:00:00,1.4874399999999999,1.49399,1.48699,1.49242
2024-11-06 16:00:00,1.49251,1.49504,1.49241,1.49384
2024-11-06 17:00:00,1.49371,1.49633,1.4925,1.4948000000000001
2024-11-06 18:00:00,1.49474,1.49535,1.4936,1.49489
2024-11-06 19:00:00,1.4949,1.49654,1.49484,1.49531
2024-11-06 20:00:00,1.49532,1.49881,1.49505,1.4982
2024-11-06 21:00:00,1.49813,1.49813,1.49489,1.49552
2024-11-06 22:00:00,1.49552,1.49642,1.49542,1.49611
2024-11-06 23:00:00,1.4959500000000001,1.49652,1.49491,1.49491
2024-11-07 00:00:00,1.49472,1.4957500000000001,1.49343,1.49547
2024-11-07 01:00:00,1.49559,1.49655,1.4954399999999999,1.49655
2024-11-07 02:00:00,1.4965899999999999,1.49682,1.49416,1.49423
2024-11-07 03:00:00,1.49423,1.49505,1.49282,1.49288
2024-11-07 04:00:00,1.49288,1.49333,1.49169,1.49222
2024-11-07 05:00:00,1.49219,1.4923,1.49157,1.4916
2024-11-07 06:00:00,1.49159,1.49247,1.49146,1.4917
2024-11-07 07:00:00,1.4917099999999999,1.49251,1.49166,1.49247
2024-11-07 08:00:00,1.49248,1.49258,1.4919,1.4922900000000001
2024-11-07 09:00:00,1.4919799999999999,1.49458,1.49196,1.49292
2024-11-07 10:00:00,1.49296,1.49447,1.49238,1.4942199999999999
2024-11-07 11:00:00,1.4942199999999999,1.4942199999999999,1.49235,1.49247
2024-11-07 12:00:00,1.49247,1.49465,1.49246,1.49318
2024-11-07 13:00:00,1.49319,1.49465,1.49311,1.49447
2024-11-07 14:00:00,1.49439,1.49696,1.49409,1.49635
2024-11-07 15:00:00,1.4964,1.49838,1.49536,1.49774
2024-11-07 16:00:00,1.49774,1.4990299999999999,1.49649,1.49793
2024-11-07 17:00:00,1.49796,1.49994,1.49776,1.49871
2024-11-07 18:00:00,1.49866,1.49915,1.49597,1.4961
2024-11-07 19:00:00,1.49608,1.49667,1.49538,1.49622
2024-11-07 20:00:00,1.49623,1.49699,1.49566,1.49637
2024-11-07 21:00:00,1.49638,1.49674,1.49348,1.49417
2024-11-07 22:00:00,1.49418,1.49726,1.49418,1.49709
2024-11-07 23:00:00,1.49699,1.49729,1.49667,1.49716
2024-11-08 00:00:00,1.4971999999999999,1.49794,1.4963,1.49794
2024-11-08 01:00:00,1.49797,1.49797,1.49676,1.49707
2024-11-08 02:00:00,1.49704,1.49748,1.49631,1.49691
2024-11-08 03:00:00,1.49691,1.49711,1.49569,1.49645
2024-11-08 04:00:00,1.49649,1.49688,1.49628,1.49654
2024-11-08 05:00:00,1.49654,1.49734,1.49617,1.49631
2024-11-08 06:00:00,1.4962900000000001,1.4969700000000001,1.49621,1.49688
2024-11-08 07:00:00,1.49689,1.49728,1.49637,1.49647
2024-11-08 08:00:00,1.49647,1.49679,1.4957,1.49607
2024-11-08 09:00:00,1.49607,1.4971999999999999,1.49606,1.49683
2024-11-08 10:00:00,1.4968,1.49757,1.49547,1.49698
2024-11-08 11:00:00,1.4969700000000001,1.4979,1.49583,1.49682
2024-11-08 12:00:00,1.49681,1.49725,1.49596,1.49718
2024-11-08 13:00:00,1.49719,1.49906,1.4971700000000001,1.49847
2024-11-08 14:00:00,1.4984899999999999,1.49881,1.49655,1.4981900000000001
2024-11-08 15:00:00,1.4981900000000001,1.49844,1.4947599999999999,1.49622
2024-11-08 16:00:00,1.49624,1.49715,1.49397,1.49423
2024-11-08 17:00:00,1.4941900000000001,1.49455,1.49286,1.49359
2024-11-08 18:00:00,1.49355,1.49395,1.49078,1.49098
2024-11-08 19:00:00,1.49097,1.49118,1.48813,1.4904
2024-11-08 20:00:00,1.4904,1.49154,1.4896099999999999,1.49035
2024-11-08 21:00:00,1.49036,1.49089,1.49009,1.49054
2024-11-08 22:00:00,1.4905300000000001,1.49139,1.49032,1.49119
2024-11-08 23:00:00,1.49121,1.4913,1.49016,1.49051
2024-11-11 00:00:00,1.49007,1.49035,1.48874,1.48945
2024-11-11 01:00:00,1.48935,1.49025,1.48935,1.49011
2024-11-11 02:00:00,1.4901,1.4908299999999999,1.48971,1.49077
2024-11-11 03:00:00,1.49077,1.49204,1.49071,1.49149
2024-11-11 04:00:00,1.49149,1.49247,1.4914100000000001,1.49217
2024-11-11 05:00:00,1.49217,1.49258,1.49131,1.49165
2024-11-11 06:00:00,1.49163,1.49163,1.49072,1.49148
2024-11-11 07:00:00,1.49151,1.49164,1.4908000000000001,1.4915
2024-11-11 08:00:00,1.49149,1.49151,1.49059,1.4914399999999999
2024-11-11 09:00:00,1.49143,1.49155,1.4876800000000001,1.48818
2024-11-11 10:00:00,1.48818,1.48855,1.48724,1.488
2024-11-11 11:00:00,1.488,1.48856,1.48629,1.48743
2024-11-11 12:00:00,1.48743,1.48796,1.48639,1.48658
2024-11-11 13:00:00,1.48658,1.48658,1.48449,1.4848
2024-11-11 14:00:00,1.48483,1.4854,1.48429,1.48442
2024-11-11 15:00:00,1.48441,1.48522,1.48357,1.4847299999999999
2024-11-11 16:00:00,1.48475,1.48572,1.48171,1.48295
2024-11-11 17:00:00,1.48293,1.48372,1.48144,1.48299
2024-11-11 18:00:00,1.48301,1.4830999999999999,1.48198,1.48236
2024-11-11 19:00:00,1.48235,1.48312,1.48206,1.48266
2024-11-11 20:00:00,1.48265,1.4834100000000001,1.4826,1.48309
2024-11-11 21:00:00,1.48308,1.4839,1.48299,1.48311
2024-11-11 22:00:00,1.48313,1.48411,1.48313,1.48359
2024-11-11 23:00:00,1.48359,1.4840900000000001,1.48294,1.48295
2024-11-12 00:00:00,1.48293,1.48372,1.48041,1.48346
2024-11-12 01:00:00,1.48335,1.48426,1.48335,1.48419
2024-11-12 02:00:00,1.4842,1.48438,1.48326,1.48365
2024-11-12 03:00:00,1.48364,1.48389,1.48328,1.48337
2024-11-12 04:00:00,1.48336,1.4842,1.48334,1.48386
2024-11-12 05:00:00,1.48385,1.48437,1.48335,1.48352
2024-11-12 06:00:00,1.48352,1.48438,1.48352,1.484
2024-11-12 07:00:00,1.484,1.4841199999999999,1.4836,1.48391
2024-11-12 08:00:00,1.48387,1.48387,1.48276,1.48309
2024-11-12 09:00:00,1.48301,1.48377,1.48227,1.48343
2024-11-12 10:00:00,1.4834399999999999,1.48362,1.48209,1.48321
2024-11-12 11:00:00,1.48321,1.48359,1.48174,1.48328
2024-11-12 12:00:00,1.48302,1.48323,1.48175,1.48235
2024-11-12 13:00:00,1.48236,1.48331,1.48181,1.48202
2024-11-12 14:00:00,1.48203,1.4821,1.47979,1.48022
2024-11-12 15:00:00,1.48023,1.4807299999999999,1.4791,1.47919
2024-11-12 16:00:00,1.47919,1.48085,1.47899,1.47983
2024-11-12 17:00:00,1.4798200000000001,1.47991,1.47791,1.47878
2024-11-12 18:00:00,1.47876,1.47994,1.47805,1.47894
2024-11-12 19:00:00,1.47894,1.4798499999999999,1.47782,1.4798499999999999
2024-11-12 20:00:00,1.47986,1.4810699999999999,1.4798,1.48065
2024-11-12 21:00:00,1.48061,1.48067,1.47968,1.47989
2024-11-12 22:00:00,1.47988,1.48075,1.47926,1.48055
2024-11-12 23:00:00,1.48058,1.4819,1.48057,1.4806599999999999
2024-11-13 00:00:00,1.48075,1.4815,1.47873,1.48089
2024-11-13 01:00:00,1.48092,1.48133,1.48019,1.48038
2024-11-13 02:00:00,1.4803899999999999,1.4808,1.48006,1.48011
2024-11-13 03:00:00,1.4801,1.48194,1.47999,1.48191
2024-11-13 04:00:00,1.48191,1.48223,1.48121,1.48187
2024-11-13 05:00:00,1.48186,1.48228,1.48136,1.48154
2024-11-13 06:00:00,1.48154,1.48184,1.4813399999999999,1.48139
2024-11-13 07:00:00,1.48139,1.48145,1.48054,1.48101
2024-11-13 08:00:00,1.48102,1.48138,1.48042,1.48116
2024-11-13 09:00:00,1.48114,1.4812,1.47946,1.4798499999999999
2024-11-13 10:00:00,1.47988,1.48105,1.47868,1.4809
2024-11-13 11:00:00,1.4809,1.48237,1.48023,1.48208
2024-11-13 12:00:00,1.48206,1.48261,1.48113,1.48144
2024-11-13 13:00:00,1.48144,1.48383,1.48108,1.48382
2024-11-13 14:00:00,1.48381,1.4844300000000001,1.4828700000000001,1.48363
2024-11-13 15:00:00,1.48362,1.4843899999999999,1.48171,1.48338
2024-11-13 16:00:00,1.48337,1.4843199999999999,1.47885,1.48031
2024-11-13 17:00:00,1.48035,1.48075,1.47742,1.47909
2024-11-13 18:00:00,1.4791,1.47962,1.4767299999999999,1.47754
2024-11-13 19:00:00,1.47755,1.47858,1.4769,1.4776799999999999
2024-11-13 20:00:00,1.47767,1.47784,1.47603,1.4764300000000001
2024-11-13 21:00:00,1.4764300000000001,1.4791699999999999,1.47633,1.4788700000000001
2024-11-13 22:00:00,1.4788700000000001,1.47918,1.47804,1.47846
2024-11-13 23:00:00,1.47849,1.47926,1.47821,1.47824
2024-11-14 00:00:00,1.47782,1.47849,1.47692,1.47807
2024-11-14 01:00:00,1.4779200000000001,1.47848,1.47767,1.47813
2024-11-14 02:00:00,1.47814,1.4785300000000001,1.47776,1.47785
2024-11-14 03:00:00,1.47785,1.4781,1.47681,1.47784
2024-11-14 04:00:00,1.47784,1.4779499999999999,1.47723,1.47754
2024-11-14 05:00:00,1.47752,1.47815,1.47727,1.4775800000000001
2024-11-14 06:00:00,1.47759,1.47814,1.47757,1.47798
2024-11-14 07:00:00,1.478,1.47801,1.4766599999999999,1.4778
2024-11-14 08:00:00,1.47781,1.4785599999999999,1.47728,1.47753
2024-11-14 09:00:00,1.47752,1.4776799999999999,1.47638,1.47669
2024-11-14 10:00:00,1.47668,1.4773399999999999,1.47437,1.47468
2024-11-14 11:00:00,1.47469,1.47515,1.4727700000000001,1.47302
2024-11-14 12:00:00,1.47303,1.47327,1.4718200000000001,1.47268
2024-11-14 13:00:00,1.47268,1.47484,1.47108,1.4741900000000001
2024-11-14 14:00:00,1.4741900000000001,1.47696,1.4739499999999999,1.47631
2024-11-14 15:00:00,1.47632,1.4765,1.47356,1.4755099999999999
2024-11-14 16:00:00,1.47552,1.48054,1.47523,1.47993
2024-11-14 17:00:00,1.47996,1.48347,1.47979,1.48151
2024-11-14 18:00:00,1.48144,1.48236,1.48062,1.48114
2024-11-14 19:00:00,1.48114,1.48184,1.48091,1.48106
2024-11-14 20:00:00,1.48105,1.4812,1.4800900000000001,1.48034
2024-11-14 21:00:00,1.48034,1.48083,1.47987,1.48016
2024-11-14 22:00:00,1.48022,1.48022,1.47716,1.4788299999999999
2024-11-14 23:00:00,1.47879,1.48035,1.4786000000000001,1.48022
2024-11-15 00:00:00,1.4791699999999999,1.48045,1.47774,1.48013
2024-11-15 01:00:00,1.48014,1.48106,1.48011,1.48045
2024-11-15 02:00:00,1.48045,1.4813,1.48027,1.48092
2024-11-15 03:00:00,1.48092,1.48197,1.48055,1.4812699999999999
2024-11-15 04:00:00,1.48125,1.48204,1.48117,1.48152
2024-11-15 05:00:00,1.48152,1.48238,1.48152,1.4816799999999999
2024-11-15 06:00:00,1.4816799999999999,1.48243,1.4816099999999999,1.48233
2024-11-15 07:00:00,1.48233,1.48235,1.48196,1.48214
2024-11-15 08:00:00,1.48216,1.48389,1.48172,1.48312
2024-11-15 09:00:00,1.48311,1.4846300000000001,1.4828000000000001,1.48423
2024-11-15 10:00:00,1.48422,1.48523,1.4838,1.4846300000000001
2024-11-15 11:00:00,1.48461,1.48537,1.48357,1.48377
2024-11-15 12:00:00,1.48376,1.48491,1.48323,1.48472
2024-11-15 13:00:00,1.48467,1.48484,1.48406,1.48475
2024-11-15 14:00:00,1.48475,1.48523,1.48343,1.48511
2024-11-15 15:00:00,1.48512,1.48665,1.48319,1.4846
2024-11-15 16:00:00,1.48462,1.4850400000000001,1.48173,1.48332
2024-11-15 17:00:00,1.48328,1.48547,1.48284,1.48308
2024-11-15 18:00:00,1.48308,1.48515,1.48231,1.48507
2024-11-15 19:00:00,1.48508,1.48636,1.48488,1.4852400000000001
2024-11-15 20:00:00,1.4852699999999999,1.48629,1.4841199999999999,1.48614
2024-11-15 21:00:00,1.48615,1.48617,1.48428,1.48477
2024-11-15 22:00:00,1.48477,1.48477,1.48269,1.48307
2024-11-15 23:00:00,1.48306,1.48495,1.48258,1.4844
2024-11-18 00:00:00,1.48306,1.48419,1.48293,1.48373
2024-11-18 01:00:00,1.4840499999999999,1.48424,1.4832,1.48404
2024-11-18 02:00:00,1.4840499999999999,1.48508,1.48367,1.48483
2024-11-18 03:00:00,1.48483,1.48491,1.48307,1.4836
2024-11-18 04:00:00,1.4836,1.48398,1.48337,1.48364
2024-11-18 05:00:00,1.48365,1.48393,1.48336,1.48363
2024-11-18 06:00:00,1.48361,1.48399,1.4836,1.48381
2024-11-18 07:00:00,1.48381,1.48492,1.48367,1.48425
2024-11-18 08:00:00,1.48426,1.48535,1.48413,1.4848
2024-11-18 09:00:00,1.48483,1.48657,1.48482,1.4865300000000001
2024-11-18 10:00:00,1.4865300000000001,1.48719,1.48544,1.48698
2024-11-18 11:00:00,1.48696,1.48894,1.48672,1.48838
2024-11-18 12:00:00,1.48837,1.48855,1.48581,1.486
2024-11-18 13:00:00,1.48601,1.48634,1.48469,1.48612
2024-11-18 14:00:00,1.48613,1.4865,1.48429,1.48628
2024-11-18 15:00:00,1.48629,1.48822,1.48611,1.48815
2024-11-18 16:00:00,1.48815,1.4884,1.48661,1.48734
2024-11-18 17:00:00,1.48726,1.4874800000000001,1.48488,1.4853399999999999
2024-11-18 18:00:00,1.4853399999999999,1.4853399999999999,1.48374,1.48498
2024-11-18 19:00:00,1.4849999999999999,1.48516,1.48374,1.48403
2024-11-18 20:00:00,1.4840200000000001,1.4845,1.48369,1.48426
2024-11-18 21:00:00,1.48429,1.48555,1.48424,1.48455
2024-11-18 22:00:00,1.48455,1.48515,1.48399,1.48417
2024-11-18 23:00:00,1.48416,1.48582,1.48395,1.48507
2024-11-19 00:00:00,1.48514,1.48579,1.48454,1.48539
2024-11-19 01:00:00,1.48542,1.48557,1.4849999999999999,1.48549
2024-11-19 02:00:00,1.48549,1.48564,1.48478,1.4852400000000001
2024-11-19 03:00:00,1.48523,1.48564,1.48488,1.48503
2024-11-19 04:00:00,1.4850400000000001,1.48514,1.48465,1.48503
2024-11-19 05:00:00,1.4849999999999999,1.48525,1.48456,1.4848
2024-11-19 06:00:00,1.48481,1.48501,1.48404,1.48428
2024-11-19 07:00:00,1.48428,1.4844300000000001,1.4837799999999999,1.48387
2024-11-19 08:00:00,1.48388,1.48487,1.4837799999999999,1.48455
2024-11-19 09:00:00,1.48456,1.48469,1.48258,1.48298
2024-11-19 10:00:00,1.48293,1.48337,1.48106,1.4821
2024-11-19 11:00:00,1.48206,1.48261,1.47649,1.47964
2024-11-19 12:00:00,1.47968,1.48157,1.4791699999999999,1.48059
2024-11-19 13:00:00,1.48059,1.48125,1.47882,1.48106
2024-11-19 14:00:00,1.48106,1.48203,1.48059,1.48191
2024-11-19 15:00:00,1.4819200000000001,1.48419,1.47898,1.48122
2024-11-19 16:00:00,1.48126,1.48279,1.47938,1.47989
2024-11-19 17:00:00,1.47992,1.4812400000000001,1.47891,1.47949
2024-11-19 18:00:00,1.47952,1.48006,1.4776500000000001,1.47867
2024-11-19 19:00:00,1.47866,1.4797500000000001,1.4784,1.47882
2024-11-19 20:00:00,1.4788299999999999,1.47958,1.47791,1.47919
2024-11-19 21:00:00,1.4792,1.47954,1.47836,1.47932
2024-11-19 22:00:00,1.47932,1.4800900000000001,1.47903,1.47919
2024-11-19 23:00:00,1.47908,1.47938,1.4783,1.4783
2024-11-20 00:00:00,1.47776,1.47901,1.47657,1.47861
2024-11-20 01:00:00,1.47881,1.48017,1.47827,1.48017
2024-11-20 02:00:00,1.48016,1.48027,1.47909,1.4791400000000001
2024-11-20 03:00:00,1.4791400000000001,1.47965,1.47909,1.47962
2024-11-20 04:00:00,1.47966,1.47989,1.47894,1.47898
2024-11-20 05:00:00,1.47897,1.4792399999999999,1.47868,1.47877
2024-11-20 06:00:00,1.47876,1.47885,1.47818,1.4783
2024-11-20 07:00:00,1.4783,1.4785,1.47771,1.47776
2024-11-20 08:00:00,1.47777,1.47818,1.47716,1.4773800000000001
2024-11-20 09:00:00,1.47718,1.47823,1.47681,1.47709
2024-11-20 10:00:00,1.4771,1.47723,1.47508,1.4757799999999999
2024-11-20 11:00:00,1.47573,1.47617,1.47502,1.47536
2024-11-20 12:00:00,1.47534,1.47625,1.4752399999999999,1.4757
2024-11-20 13:00:00,1.47571,1.47702,1.47559,1.47671
2024-11-20 14:00:00,1.47672,1.47726,1.47566,1.47569
2024-11-20 15:00:00,1.47568,1.47685,1.47564,1.47647
2024-11-20 16:00:00,1.47644,1.47644,1.4731,1.47389
2024-11-20 17:00:00,1.47393,1.47554,1.4729999999999999,1.4734099999999999
2024-11-20 18:00:00,1.47344,1.47382,1.47166,1.47233
2024-11-20 19:00:00,1.47235,1.47359,1.47213,1.47323
2024-11-20 20:00:00,1.47322,1.4738,1.4727000000000001,1.47367
2024-11-20 21:00:00,1.47369,1.4742199999999999,1.47351,1.47366
2024-11-20 22:00:00,1.4736500000000001,1.47412,1.47306,1.47328
2024-11-20 23:00:00,1.47321,1.47356,1.47296,1.4733
2024-11-21 00:00:00,1.47295,1.4733399999999999,1.47206,1.47308
2024-11-21 01:00:00,1.4730699999999999,1.4733800000000001,1.4727299999999999,1.4729
2024-11-21 02:00:00,1.4729,1.47318,1.47242,1.47288
2024-11-21 03:00:00,1.47288,1.47342,1.47288,1.47317
2024-11-21 04:00:00,1.47317,1.47371,1.47316,1.47367
2024-11-21 05:00:00,1.47366,1.47387,1.4734,1.47387
2024-11-21 06:00:00,1.47387,1.47406,1.47303,1.47326
2024-11-21 07:00:00,1.47327,1.47335,1.4727999999999999,1.47325
2024-11-21 08:00:00,1.47327,1.47351,1.4726,1.47278
2024-11-21 09:00:00,1.47276,1.47289,1.4707,1.47092
2024-11-21 10:00:00,1.47095,1.47126,1.46939,1.471
2024-11-21 11:00:00,1.47095,1.47113,1.4687000000000001,1.4696
2024-11-21 12:00:00,1.4696,1.47027,1.46912,1.46948
2024-11-21 13:00:00,1.46949,1.4699200000000001,1.4683899999999999,1.46884
2024-11-21 14:00:00,1.46886,1.47032,1.46821,1.46953
2024-11-21 15:00:00,1.46955,1.47112,1.46887,1.47047
2024-11-21 16:00:00,1.47044,1.4705599999999999,1.46847,1.46923
2024-11-21 17:00:00,1.46922,1.4694099999999999,1.46467,1.46563
2024-11-21 18:00:00,1.46564,1.46628,1.46191,1.46213
2024-11-21 19:00:00,1.46212,1.46346,1.46101,1.46344
2024-11-21 20:00:00,1.46344,1.464,1.46258,1.46368
2024-11-21 21:00:00,1.4637,1.4641,1.46273,1.46383
2024-11-21 22:00:00,1.46379,1.46442,1.4633099999999999,1.46349
2024-11-21 23:00:00,1.4634800000000001,1.4638200000000001,1.46284,1.46339
2024-11-22 00:00:00,1.4633,1.46377,1.46097,1.46341
2024-11-22 01:00:00,1.46356,1.4639199999999999,1.46285,1.46388
2024-11-22 02:00:00,1.4639,1.46403,1.46258,1.46337
2024-11-22 03:00:00,1.46336,1.46344,1.46231,1.46253
2024-11-22 04:00:00,1.46253,1.463,1.46253,1.46296
2024-11-22 05:00:00,1.46296,1.46333,1.46279,1.46323
2024-11-22 06:00:00,1.4632100000000001,1.46373,1.46305,1.46367
2024-11-22 07:00:00,1.46367,1.46377,1.46283,1.4632399999999999
2024-11-22 08:00:00,1.46323,1.46386,1.46315,1.46379
2024-11-22 09:00:00,1.46365,1.46525,1.46282,1.4647999999999999
2024-11-22 10:00:00,1.46481,1.46556,1.45914,1.45926
2024-11-22 11:00:00,1.4593099999999999,1.45964,1.44825,1.45656
2024-11-22 12:00:00,1.45657,1.45947,1.4546299999999999,1.45868
2024-11-22 13:00:00,1.45868,1.45877,1.4569,1.45762
2024-11-22 14:00:00,1.45766,1.45794,1.4548,1.45533
2024-11-22 15:00:00,1.45523,1.45834,1.45502,1.4571399999999999
2024-11-22 16:00:00,1.4571399999999999,1.45795,1.45408,1.45446
2024-11-22 17:00:00,1.45444,1.45603,1.45354,1.45508
2024-11-22 18:00:00,1.4550100000000001,1.4552800000000001,1.45363,1.4542
2024-11-22 19:00:00,1.45423,1.45625,1.4538,1.45606
2024-11-22 20:00:00,1.45604,1.45662,1.45549,1.45588
2024-11-22 21:00:00,1.45588,1.4564,1.45507,1.45536
2024-11-22 22:00:00,1.45537,1.45649,1.45532,1.45553
2024-11-22 23:00:00,1.45551,1.45649,1.45475,1.45511
2024-11-25 00:00:00,1.46142,1.46221,1.45956,1.46139
2024-11-25 01:00:00,1.46127,1.46295,1.45949,1.45997
2024-11-25 02:00:00,1.45998,1.46091,1.45925,1.46051
2024-11-25 03:00:00,1.46044,1.46123,1.45944,1.46025
2024-11-25 04:00:00,1.46023,1.46153,1.4601199999999999,1.46152
2024-11-25 05:00:00,1.46152,1.46155,1.46066,1.4608400000000001
2024-11-25 06:00:00,1.4608400000000001,1.4614,1.4607299999999999,1.4613800000000001
2024-11-25 07:00:00,1.4614,1.46188,1.46098,1.46125
2024-11-25 08:00:00,1.46125,1.4619900000000001,1.46085,1.4613800000000001
2024-11-25 09:00:00,1.46133,1.46205,1.45944,1.45956
2024-11-25 10:00:00,1.4595799999999999,1.4616500000000001,1.4595799999999999,1.46136
2024-11-25 11:00:00,1.4613399999999999,1.4644300000000001,1.4611399999999999,1.46376
2024-11-25 12:00:00,1.46376,1.46483,1.46337,1.46369
2024-11-25 13:00:00,1.4637,1.46441,1.46333,1.46413
2024-11-25 14:00:00,1.46415,1.4651100000000001,1.46398,1.46439
2024-11-25 15:00:00,1.46439,1.46957,1.46418,1.46925
2024-11-25 16:00:00,1.46924,1.47049,1.46768,1.46826
2024-11-25 17:00:00,1.46829,1.46954,1.46638,1.46696
2024-11-25 18:00:00,1.4669400000000001,1.46787,1.46562,1.46703
2024-11-25 19:00:00,1.46701,1.46745,1.4659499999999999,1.46729
2024-11-25 20:00:00,1.4673,1.46861,1.46713,1.46847
2024-11-25 21:00:00,1.46848,1.46866,1.46762,1.46826
2024-11-25 22:00:00,1.46827,1.46855,1.46664,1.4668
2024-11-25 23:00:00,1.46678,1.46807,1.46678,1.4673
2024-11-26 00:00:00,1.46713,1.46803,1.46414,1.46776
2024-11-26 01:00:00,1.46793,1.47579,1.46759,1.47218
2024-11-26 02:00:00,1.4722,1.47781,1.4714,1.47751
2024-11-26 03:00:00,1.4775800000000001,1.4786000000000001,1.47657,1.4777
2024-11-26 04:00:00,1.47772,1.4785599999999999,1.47568,1.47611
2024-11-26 05:00:00,1.47611,1.47777,1.47508,1.47724
2024-11-26 06:00:00,1.47723,1.4781,1.47693,1.4776799999999999
2024-11-26 07:00:00,1.4776799999999999,1.47868,1.47728,1.4776
2024-11-26 08:00:00,1.4776,1.47806,1.47732,1.47748
2024-11-26 09:00:00,1.47747,1.48086,1.4773,1.47885
2024-11-26 10:00:00,1.47886,1.48264,1.47881,1.4819200000000001
2024-11-26 11:00:00,1.4819200000000001,1.4831400000000001,1.47988,1.48089
2024-11-26 12:00:00,1.4809,1.48217,1.48056,1.48164
2024-11-26 13:00:00,1.48164,1.48191,1.48048,1.48088
2024-11-26 14:00:00,1.48088,1.48468,1.48077,1.48299
2024-11-26 15:00:00,1.48299,1.48349,1.48139,1.48262
2024-11-26 16:00:00,1.48259,1.48318,1.47886,1.47923
2024-11-26 17:00:00,1.479,1.4798200000000001,1.47296,1.47314
2024-11-26 18:00:00,1.47317,1.47489,1.47274,1.47337
2024-11-26 19:00:00,1.47336,1.47461,1.47233,1.47412
2024-11-26 20:00:00,1.47411,1.47477,1.47208,1.4721899999999999
2024-11-26 21:00:00,1.47242,1.47337,1.4717500000000001,1.47247
2024-11-26 22:00:00,1.47247,1.47423,1.47233,1.47413
2024-11-26 23:00:00,1.47412,1.47501,1.47264,1.47268
2024-11-27 00:00:00,1.47264,1.4741,1.47189,1.47391
2024-11-27 01:00:00,1.47411,1.47438,1.47362,1.4742199999999999
2024-11-27 02:00:00,1.47425,1.47469,1.47357,1.47359
2024-11-27 03:00:00,1.47359,1.47477,1.47309,1.47443
2024-11-27 04:00:00,1.47439,1.47522,1.47387,1.4742199999999999
2024-11-27 05:00:00,1.47421,1.4745,1.47369,1.47417
2024-11-27 06:00:00,1.47417,1.47466,1.47382,1.4745
2024-11-27 07:00:00,1.4745,1.4748700000000001,1.4743,1.4745599999999999
2024-11-27 08:00:00,1.4745599999999999,1.47534,1.47436,1.47439
2024-11-27 09:00:00,1.47436,1.4761600000000001,1.47425,1.47561
2024-11-27 10:00:00,1.47558,1.47958,1.47539,1.47794
2024-11-27 11:00:00,1.47789,1.47828,1.47663,1.4774
2024-11-27 12:00:00,1.47739,1.47922,1.47722,1.47894
2024-11-27 13:00:00,1.47894,1.47931,1.47776,1.47909
2024-11-27 14:00:00,1.47913,1.48101,1.47865,1.47976
2024-11-27 15:00:00,1.47976,1.48471,1.47965,1.48458
2024-11-27 16:00:00,1.48461,1.4858500000000001,1.48155,1.48186
2024-11-27 17:00:00,1.48178,1.4834800000000001,1.4796,1.48272
2024-11-27 18:00:00,1.48272,1.4837500000000001,1.48067,1.48335
2024-11-27 19:00:00,1.48334,1.48516,1.48323,1.48358
2024-11-27 20:00:00,1.48358,1.48381,1.4821900000000001,1.48228
2024-11-27 21:00:00,1.4822899999999999,1.48321,1.48143,1.4819499999999999
2024-11-27 22:00:00,1.4819499999999999,1.48264,1.48153,1.4815800000000001
2024-11-27 23:00:00,1.48156,1.48236,1.48126,1.48176
2024-11-28 00:00:00,1.4815800000000001,1.4822199999999999,1.47966,1.48187
2024-11-28 01:00:00,1.48171,1.48211,1.48116,1.48118
2024-11-28 02:00:00,1.48117,1.48125,1.47831,1.47842
2024-11-28 03:00:00,1.47841,1.47991,1.47838,1.47908
2024-11-28 04:00:00,1.47911,1.4795,1.47865,1.4791699999999999
2024-11-28 05:00:00,1.47916,1.47968,1.47915,1.47952
2024-11-28 06:00:00,1.47956,1.4800900000000001,1.47932,1.47996
2024-11-28 07:00:00,1.47996,1.48041,1.47904,1.47909
2024-11-28 08:00:00,1.47908,1.47916,1.47851,1.47885
2024-11-28 09:00:00,1.47885,1.47936,1.47701,1.4781900000000001
2024-11-28 10:00:00,1.47808,1.47841,1.47607,1.4770699999999999
2024-11-28 11:00:00,1.47689,1.47843,1.47495,1.47506
2024-11-28 12:00:00,1.47505,1.4773100000000001,1.47491,1.47729
2024-11-28 13:00:00,1.47729,1.4782,1.47702,1.4776099999999999
2024-11-28 14:00:00,1.47762,1.47844,1.4771,1.47725
2024-11-28 15:00:00,1.47711,1.47739,1.47498,1.47554
2024-11-28 16:00:00,1.47554,1.47774,1.47539,1.47772
2024-11-28 17:00:00,1.47774,1.47937,1.47752,1.47816
2024-11-28 18:00:00,1.47816,1.47844,1.4775,1.47815
2024-11-28 19:00:00,1.47815,1.4783,1.47773,1.47798
2024-11-28 20:00:00,1.47798,1.4785300000000001,1.47797,1.47849
2024-11-28 21:00:00,1.47849,1.47877,1.47833,1.47877
2024-11-28 22:00:00,1.47877,1.4791699999999999,1.47869,1.47894
2024-11-28 23:00:00,1.47895,1.47919,1.47811,1.47811
2024-11-29 00:00:00,1.47782,1.47903,1.47568,1.47835
2024-11-29 01:00:00,1.4782600000000001,1.47963,1.4782600000000001,1.47909
2024-11-29 02:00:00,1.4791,1.4800900000000001,1.47903,1.47923
2024-11-29 03:00:00,1.47923,1.47973,1.4779499999999999,1.47823
2024-11-29 04:00:00,1.47823,1.47956,1.4779900000000001,1.4791400000000001
2024-11-29 05:00:00,1.4791400000000001,1.47923,1.47825,1.4786299999999999
2024-11-29 06:00:00,1.47864,1.47871,1.47813,1.47836
2024-11-29 07:00:00,1.47836,1.47926,1.47818,1.4788299999999999
2024-11-29 08:00:00,1.47881,1.47938,1.47828,1.47929
2024-11-29 09:00:00,1.47932,1.48216,1.47923,1.48082
2024-11-29 10:00:00,1.48082,1.48162,1.47903,1.48072
2024-11-29 11:00:00,1.48072,1.48163,1.47756,1.47763
2024-11-29 12:00:00,1.47764,1.47997,1.47752,1.47946
2024-11-29 13:00:00,1.47947,1.47959,1.4776500000000001,1.47878
2024-11-29 14:00:00,1.4788700000000001,1.48053,1.47785,1.48022
2024-11-29 15:00:00,1.48015,1.48244,1.47913,1.4816099999999999
2024-11-29 16:00:00,1.4816,1.48184,1.47896,1.47955
2024-11-29 17:00:00,1.47965,1.48082,1.47839,1.47898
2024-11-29 18:00:00,1.47904,1.4792399999999999,1.47705,1.47806
2024-11-29 19:00:00,1.47806,1.4795099999999999,1.47686,1.4792
2024-11-29 20:00:00,1.47916,1.4812699999999999,1.47916,1.4806300000000001
2024-11-29 21:00:00,1.48064,1.48071,1.4794399999999999,1.4804
2024-11-29 22:00:00,1.4804,1.48148,1.47999,1.48146
2024-11-29 23:00:00,1.48151,1.48177,1.4797500000000001,1.47991
2024-12-02 00:00:00,1.4787,1.4788000000000001,1.47723,1.47789
2024-12-02 01:00:00,1.47793,1.47881,1.4764300000000001,1.4773800000000001
2024-12-02 02:00:00,1.47747,1.47818,1.4766,1.47788
2024-12-02 03:00:00,1.47791,1.47838,1.47706,1.47762
2024-12-02 04:00:00,1.4776099999999999,1.47794,1.47663,1.47737
2024-12-02 05:00:00,1.4773800000000001,1.47755,1.47649,1.47674
2024-12-02 06:00:00,1.47674,1.47739,1.47617,1.47662
2024-12-02 07:00:00,1.47662,1.47684,1.47604,1.47623
2024-12-02 08:00:00,1.47626,1.47719,1.47599,1.47667
2024-12-02 09:00:00,1.47668,1.4770699999999999,1.47408,1.4745599999999999
2024-12-02 10:00:00,1.4745599999999999,1.4758,1.4735800000000001,1.47408
2024-12-02 11:00:00,1.47408,1.4757500000000001,1.47408,1.47479
2024-12-02 12:00:00,1.47478,1.47692,1.47348,1.4769
2024-12-02 13:00:00,1.47692,1.47696,1.47584,1.4766
2024-12-02 14:00:00,1.47657,1.4782199999999999,1.47397,1.47451
2024-12-02 15:00:00,1.47452,1.47624,1.47357,1.4743
2024-12-02 16:00:00,1.47441,1.4751400000000001,1.47274,1.47352
2024-12-02 17:00:00,1.47318,1.47478,1.4722,1.47396
2024-12-02 18:00:00,1.47401,1.47675,1.4732,1.47498
2024-12-02 19:00:00,1.47501,1.47619,1.47357,1.47398
2024-12-02 20:00:00,1.47397,1.47466,1.4727999999999999,1.4733399999999999
2024-12-02 21:00:00,1.4733399999999999,1.47393,1.47296,1.47329
2024-12-02 22:00:00,1.47329,1.47627,1.47329,1.4746299999999999
2024-12-02 23:00:00,1.47469,1.47471,1.47373,1.47382
2024-12-03 00:00:00,1.47346,1.47476,1.47312,1.47387
2024-12-03 01:00:00,1.47414,1.4748700000000001,1.47373,1.4748700000000001
2024-12-03 02:00:00,1.4748700000000001,1.47496,1.47353,1.4736500000000001
2024-12-03 03:00:00,1.47369,1.4742,1.47317,1.4738
2024-12-03 04:00:00,1.4738,1.47459,1.47356,1.47425
2024-12-03 05:00:00,1.47424,1.47454,1.47351,1.4737
2024-12-03 06:00:00,1.47369,1.47372,1.47309,1.4733100000000001
2024-12-03 07:00:00,1.47335,1.47353,1.47311,1.4733800000000001
2024-12-03 08:00:00,1.47336,1.47349,1.47226,1.47284
2024-12-03 09:00:00,1.47281,1.47515,1.47235,1.47357
2024-12-03 10:00:00,1.47352,1.4751699999999999,1.4724300000000001,1.47493
2024-12-03 11:00:00,1.47489,1.47566,1.47442,1.47486
2024-12-03 12:00:00,1.47484,1.47699,1.47466,1.4758499999999999
2024-12-03 13:00:00,1.47584,1.47767,1.47573,1.47712
2024-12-03 14:00:00,1.47712,1.47746,1.47519,1.4752399999999999
2024-12-03 15:00:00,1.47526,1.47775,1.47509,1.4773399999999999
2024-12-03 16:00:00,1.47739,1.47757,1.47632,1.47675
2024-12-03 17:00:00,1.4767299999999999,1.4797799999999999,1.4756,1.47913
2024-12-03 18:00:00,1.47909,1.47973,1.47786,1.47929
2024-12-03 19:00:00,1.4793,1.47983,1.4778,1.47938
2024-12-03 20:00:00,1.47934,1.48015,1.47877,1.47907
2024-12-03 21:00:00,1.47909,1.47963,1.4777,1.47779
2024-12-03 22:00:00,1.47781,1.47865,1.47777,1.47825
2024-12-03 23:00:00,1.47815,1.47895,1.47737,1.47748
2024-12-04 00:00:00,1.47749,1.47827,1.47558,1.4779499999999999
2024-12-04 01:00:00,1.478,1.47831,1.4776799999999999,1.47806
2024-12-04 02:00:00,1.47805,1.4782899999999999,1.47739,1.47746
2024-12-04 03:00:00,1.47746,1.47879,1.47736,1.47821
2024-12-04 04:00:00,1.4782199999999999,1.47835,1.4776500000000001,1.4779900000000001
2024-12-04 05:00:00,1.47797,1.47802,1.47669,1.4773
2024-12-04 06:00:00,1.4773,1.47843,1.47675,1.47811
2024-12-04 07:00:00,1.47811,1.47905,1.4779900000000001,1.47859
2024-12-04 08:00:00,1.4786000000000001,1.47979,1.47828,1.47919
2024-12-04 09:00:00,1.47918,1.47981,1.47755,1.47757
2024-12-04 10:00:00,1.47752,1.47879,1.47637,1.47662
2024-12-04 11:00:00,1.47669,1.47813,1.47596,1.4774
2024-12-04 12:00:00,1.47739,1.47786,1.4763,1.47668
2024-12-04 13:00:00,1.4767000000000001,1.47772,1.47621,1.47633
2024-12-04 14:00:00,1.47633,1.47661,1.47488,1.47545
2024-12-04 15:00:00,1.47534,1.47586,1.4739900000000001,1.4745
2024-12-04 16:00:00,1.4745,1.47691,1.4736500000000001,1.47624
2024-12-04 17:00:00,1.47745,1.48198,1.47686,1.4807000000000001
2024-12-04 18:00:00,1.48071,1.4826,1.4803899999999999,1.48091
2024-12-04 19:00:00,1.48092,1.48307,1.4808,1.48204
2024-12-04 20:00:00,1.48204,1.4822199999999999,1.47913,1.47919
2024-12-04 21:00:00,1.47929,1.48014,1.4781900000000001,1.47852
2024-12-04 22:00:00,1.47851,1.47897,1.47732,1.47835
2024-12-04 23:00:00,1.47837,1.4791,1.47737,1.47737
2024-12-05 00:00:00,1.47782,1.47905,1.47669,1.47878
2024-12-05 01:00:00,1.47868,1.4793,1.47866,1.47908
2024-12-05 02:00:00,1.47911,1.4798,1.47898,1.47961
2024-12-05 03:00:00,1.4796,1.4796,1.47864,1.47904
2024-12-05 04:00:00,1.47903,1.4800499999999999,1.47885,1.4798499999999999
2024-12-05 05:00:00,1.47986,1.48037,1.47964,1.4803
2024-12-05 06:00:00,1.48029,1.48076,1.47993,1.48004
2024-12-05 07:00:00,1.48004,1.48094,1.47994,1.48068
2024-12-05 08:00:00,1.48068,1.48113,1.48045,1.48047
2024-12-05 09:00:00,1.4806300000000001,1.48215,1.48053,1.48115
2024-12-05 10:00:00,1.48109,1.48233,1.48025,1.48032
2024-12-05 11:00:00,1.48032,1.48071,1.47885,1.48013
2024-12-05 12:00:00,1.47993,1.48054,1.47923,1.47954
2024-12-05 13:00:00,1.47952,1.4811,1.47916,1.48062
2024-12-05 14:00:00,1.48062,1.48129,1.47963,1.48074
2024-12-05 15:00:00,1.48075,1.48385,1.48022,1.48288
2024-12-05 16:00:00,1.48293,1.48397,1.4823,1.48302
2024-12-05 17:00:00,1.48304,1.48403,1.48133,1.48353
2024-12-05 18:00:00,1.48353,1.48384,1.48235,1.48353
2024-12-05 19:00:00,1.4835,1.48506,1.4834800000000001,1.48481
2024-12-05 20:00:00,1.48479,1.48581,1.48343,1.48414
2024-12-05 21:00:00,1.48415,1.48513,1.48398,1.4849700000000001
2024-12-05 22:00:00,1.48502,1.48509,1.48374,1.48454
2024-12-05 23:00:00,1.48447,1.48461,1.4833,1.48343
2024-12-06 00:00:00,1.4839,1.48464,1.48258,1.48413
2024-12-06 01:00:00,1.48415,1.48454,1.48389,1.48397
2024-12-06 02:00:00,1.484,1.4843600000000001,1.48389,1.48395
2024-12-06 03:00:00,1.48396,1.48398,1.48325,1.4838
2024-12-06 04:00:00,1.4838,1.48429,1.4837500000000001,1.4842
2024-12-06 05:00:00,1.4842,1.48421,1.48329,1.4837
2024-12-06 06:00:00,1.48368,1.4841,1.48366,1.48396
2024-12-06 07:00:00,1.48396,1.48403,1.48327,1.4834800000000001
2024-12-06 08:00:00,1.48347,1.48417,1.48329,1.48389
2024-12-06 09:00:00,1.48388,1.48523,1.48337,1.48502
2024-12-06 10:00:00,1.48501,1.4862600000000001,1.48465,1.48525
2024-12-06 11:00:00,1.4852400000000001,1.48574,1.48445,1.48465
2024-12-06 12:00:00,1.48465,1.48613,1.48415,1.48573
2024-12-06 13:00:00,1.48573,1.48711,1.48496,1.48676
2024-12-06 14:00:00,1.48674,1.48798,1.48598,1.48734
2024-12-06 15:00:00,1.48734,1.49459,1.48734,1.4941499999999999
2024-12-06 16:00:00,1.49416,1.4953,1.49031,1.49438
2024-12-06 17:00:00,1.49437,1.49496,1.49159,1.49333
2024-12-06 18:00:00,1.49335,1.49528,1.49194,1.4938799999999999
2024-12-06 19:00:00,1.4938799999999999,1.49444,1.49269,1.49328
2024-12-06 20:00:00,1.49328,1.49427,1.49282,1.49329
2024-12-06 21:00:00,1.49328,1.49457,1.49258,1.49429
2024-12-06 22:00:00,1.49435,1.49496,1.49404,1.49469
2024-12-06 23:00:00,1.49459,1.49606,1.49448,1.49558
2024-12-09 00:00:00,1.4938799999999999,1.49592,1.4935,1.49556
2024-12-09 01:00:00,1.49556,1.49662,1.49448,1.49466
2024-12-09 02:00:00,1.49468,1.49491,1.49387,1.49448
2024-12-09 03:00:00,1.49445,1.49445,1.49299,1.49323
2024-12-09 04:00:00,1.49323,1.49369,1.4929000000000001,1.49365
2024-12-09 05:00:00,1.49365,1.49387,1.4924,1.49249
2024-12-09 06:00:00,1.4925,1.49284,1.49197,1.4922900000000001
2024-12-09 07:00:00,1.4923,1.49309,1.49217,1.49289
2024-12-09 08:00:00,1.49289,1.49393,1.49289,1.4938799999999999
2024-12-09 09:00:00,1.49387,1.49561,1.4935,1.4954100000000001
2024-12-09 10:00:00,1.4954,1.49593,1.49434,1.49494
2024-12-09 11:00:00,1.49492,1.49556,1.49372,1.49421
2024-12-09 12:00:00,1.49421,1.4959799999999999,1.49403,1.49547
2024-12-09 13:00:00,1.49543,1.49588,1.49344,1.49363
2024-12-09 14:00:00,1.49362,1.49391,1.49158,1.492
2024-12-09 15:00:00,1.49207,1.49216,1.48983,1.49122
2024-12-09 16:00:00,1.49123,1.49335,1.4912,1.49219
2024-12-09 17:00:00,1.4922,1.49489,1.4913699999999999,1.4946
2024-12-09 18:00:00,1.4946,1.49524,1.4922900000000001,1.49261
2024-12-09 19:00:00,1.49261,1.49408,1.49223,1.4935800000000001
2024-12-09 20:00:00,1.49357,1.4944,1.49348,1.4938799999999999
2024-12-09 21:00:00,1.49386,1.49477,1.49348,1.49431
2024-12-09 22:00:00,1.49431,1.49513,1.49401,1.49508
2024-12-09 23:00:00,1.4950700000000001,1.49561,1.4945300000000001,1.49458
2024-12-10 00:00:00,1.4948000000000001,1.49547,1.4941900000000001,1.49536
2024-12-10 01:00:00,1.49536,1.496,1.49528,1.49592
2024-12-10 02:00:00,1.49592,1.49592,1.49512,1.49553
2024-12-10 03:00:00,1.49555,1.4959799999999999,1.49502,1.4957099999999999
2024-12-10 04:00:00,1.49572,1.4967,1.49569,1.49641
2024-12-10 05:00:00,1.49642,1.49714,1.49642,1.49698
2024-12-10 06:00:00,1.4969700000000001,1.49735,1.49675,1.4972400000000001
2024-12-10 07:00:00,1.49725,1.49729,1.49654,1.49714
2024-12-10 08:00:00,1.49713,1.49721,1.4965899999999999,1.49673
2024-12-10 09:00:00,1.49673,1.49694,1.49585,1.49613
2024-12-10 10:00:00,1.49615,1.49651,1.4944,1.49441
2024-12-10 11:00:00,1.4944,1.49452,1.4921,1.49281
2024-12-10 12:00:00,1.49279,1.4933100000000001,1.49112,1.49131
2024-12-10 13:00:00,1.49131,1.49214,1.4910999999999999,1.49156
2024-12-10 14:00:00,1.49156,1.4920900000000001,1.49087,1.49101
2024-12-10 15:00:00,1.49101,1.49123,1.4895800000000001,1.49027
2024-12-10 16:00:00,1.49026,1.4934,1.48977,1.4916
2024-12-10 17:00:00,1.4916,1.49237,1.48806,1.48821
2024-12-10 18:00:00,1.48824,1.48872,1.48726,1.48847
2024-12-10 19:00:00,1.48847,1.4892400000000001,1.48782,1.48876
2024-12-10 20:00:00,1.48877,1.4903,1.48872,1.49009
2024-12-10 21:00:00,1.49009,1.4910999999999999,1.49004,1.49091
2024-12-10 22:00:00,1.49094,1.492,1.49055,1.49173
2024-12-10 23:00:00,1.49176,1.49252,1.49155,1.49191
2024-12-11 00:00:00,1.49199,1.49273,1.49094,1.49247
2024-12-11 01:00:00,1.49247,1.49294,1.49231,1.49262
2024-12-11 02:00:00,1.49264,1.49272,1.49195,1.4920900000000001
2024-12-11 03:00:00,1.49213,1.49248,1.49191,1.49212
2024-12-11 04:00:00,1.49212,1.49217,1.49164,1.4920499999999999
2024-12-11 05:00:00,1.49206,1.49223,1.49086,1.49099
2024-12-11 06:00:00,1.49099,1.49119,1.49041,1.49071
2024-12-11 07:00:00,1.49071,1.4909,1.49045,1.49073
2024-12-11 08:00:00,1.49072,1.4912,1.49057,1.49096
2024-12-11 09:00:00,1.49095,1.49111,1.48804,1.48834
2024-12-11 10:00:00,1.4883600000000001,1.49042,1.4883600000000001,1.48966
2024-12-11 11:00:00,1.48965,1.49011,1.48882,1.48932
2024-12-11 12:00:00,1.4893100000000001,1.4898500000000001,1.4882,1.48898
2024-12-11 13:00:00,1.4889999999999999,1.4897,1.48819,1.48948
2024-12-11 14:00:00,1.48948,1.4908000000000001,1.48926,1.48964
2024-12-11 15:00:00,1.48968,1.49427,1.4889999999999999,1.49104
2024-12-11 16:00:00,1.491,1.49156,1.4828999999999999,1.4830999999999999
2024-12-11 17:00:00,1.48318,1.48456,1.48201,1.48318
2024-12-11 18:00:00,1.4832,1.48452,1.48241,1.48404
2024-12-11 19:00:00,1.48404,1.4849700000000001,1.48316,1.4847000000000001
2024-12-11 20:00:00,1.48468,1.48577,1.48449,1.4853100000000001
2024-12-11 21:00:00,1.4853,1.48568,1.48438,1.48554
2024-12-11 22:00:00,1.48554,1.48609,1.4854,1.4858799999999999
2024-12-11 23:00:00,1.48589,1.48629,1.4849700000000001,1.48508
2024-12-12 00:00:00,1.48581,1.48598,1.48384,1.48575
2024-12-12 01:00:00,1.48559,1.48631,1.48559,1.48615
2024-12-12 02:00:00,1.48615,1.48616,1.48472,1.4855
2024-12-12 03:00:00,1.48556,1.48625,1.48553,1.48613
2024-12-12 04:00:00,1.48614,1.48657,1.4858,1.48598
2024-12-12 05:00:00,1.48598,1.48635,1.48556,1.48609
2024-12-12 06:00:00,1.48609,1.48648,1.48583,1.48639
2024-12-12 07:00:00,1.48639,1.48645,1.48566,1.4859499999999999
2024-12-12 08:00:00,1.48596,1.4868000000000001,1.48571,1.48675
2024-12-12 09:00:00,1.48677,1.48841,1.4862600000000001,1.48753
2024-12-12 10:00:00,1.48749,1.48785,1.48464,1.48564
2024-12-12 11:00:00,1.48562,1.48638,1.48511,1.4855
2024-12-12 12:00:00,1.48552,1.48612,1.4840900000000001,1.48422
2024-12-12 13:00:00,1.48423,1.48647,1.48389,1.4862199999999999
2024-12-12 14:00:00,1.48624,1.48713,1.48553,1.48556
2024-12-12 15:00:00,1.48556,1.48722,1.4835099999999999,1.48533
2024-12-12 16:00:00,1.48539,1.49004,1.4843199999999999,1.48971
2024-12-12 17:00:00,1.48966,1.49028,1.48498,1.48522
2024-12-12 18:00:00,1.48522,1.49095,1.48512,1.49042
2024-12-12 19:00:00,1.49043,1.49066,1.48843,1.48989
2024-12-12 20:00:00,1.48991,1.49021,1.48753,1.48785
2024-12-12 21:00:00,1.48785,1.4889700000000001,1.48696,1.48761
2024-12-12 22:00:00,1.48761,1.48879,1.48723,1.48872
2024-12-12 23:00:00,1.48872,1.48884,1.48715,1.48745
2024-12-13 00:00:00,1.4874399999999999,1.48882,1.48665,1.48799
2024-12-13 01:00:00,1.4879,1.4892,1.4875,1.48874
2024-12-13 02:00:00,1.48874,1.49032,1.48874,1.4902199999999999
2024-12-13 03:00:00,1.4902199999999999,1.49032,1.48918,1.4895
2024-12-13 04:00:00,1.4895,1.4898,1.48928,1.4893
2024-12-13 05:00:00,1.4893,1.4898,1.4892699999999999,1.48938
2024-12-13 06:00:00,1.48938,1.48963,1.48913,1.48945
2024-12-13 07:00:00,1.48945,1.48993,1.48937,1.48965
2024-12-13 08:00:00,1.48964,1.48983,1.48875,1.48913
2024-12-13 09:00:00,1.48913,1.48913,1.48758,1.48845
2024-12-13 10:00:00,1.4883899999999999,1.48957,1.48804,1.48914
2024-12-13 11:00:00,1.48914,1.49249,1.4888,1.49132
2024-12-13 12:00:00,1.49131,1.49277,1.4908299999999999,1.49122
2024-12-13 13:00:00,1.49122,1.49192,1.49106,1.49121
2024-12-13 14:00:00,1.49121,1.49462,1.4910700000000001,1.49454
2024-12-13 15:00:00,1.49455,1.4963,1.49342,1.49357
2024-12-13 16:00:00,1.49356,1.49357,1.49167,1.49284
2024-12-13 17:00:00,1.49285,1.49405,1.49199,1.49322
2024-12-13 18:00:00,1.4932400000000001,1.49516,1.49281,1.49471
2024-12-13 19:00:00,1.49471,1.49474,1.49359,1.4936099999999999
2024-12-13 20:00:00,1.4936099999999999,1.49394,1.49237,1.49334
2024-12-13 21:00:00,1.49334,1.49395,1.49305,1.49348
2024-12-13 22:00:00,1.49352,1.49436,1.4932,1.49414
2024-12-13 23:00:00,1.49414,1.49515,1.4938799999999999,1.49408
2024-12-16 00:00:00,1.4917,1.49457,1.49134,1.49355
2024-12-16 01:00:00,1.4935800000000001,1.49504,1.4935800000000001,1.49493
2024-12-16 02:00:00,1.49494,1.4959799999999999,1.49435,1.49558
2024-12-16 03:00:00,1.49557,1.49599,1.49492,1.49552
2024-12-16 04:00:00,1.4955,1.49596,1.49499,1.49557
2024-12-16 05:00:00,1.49556,1.49566,1.49509,1.49531
2024-12-16 06:00:00,1.4953,1.49563,1.495,1.49559
2024-12-16 07:00:00,1.49559,1.4963600000000001,1.49558,1.4963199999999999
2024-12-16 08:00:00,1.49633,1.49633,1.49531,1.49555
2024-12-16 09:00:00,1.49557,1.49617,1.49393,1.49393
2024-12-16 10:00:00,1.49393,1.49643,1.49336,1.4951400000000001
2024-12-16 11:00:00,1.49539,1.4963899999999999,1.49462,1.49475
2024-12-16 12:00:00,1.49484,1.4950700000000001,1.49338,1.49368
2024-12-16 13:00:00,1.49372,1.49428,1.49301,1.49383
2024-12-16 14:00:00,1.49381,1.49583,1.49377,1.49508
2024-12-16 15:00:00,1.49506,1.49726,1.49504,1.49715
2024-12-16 16:00:00,1.49714,1.4971700000000001,1.4934,1.49342
2024-12-16 17:00:00,1.49348,1.4956800000000001,1.49307,1.49475
2024-12-16 18:00:00,1.49478,1.49603,1.49378,1.4956800000000001
2024-12-16 19:00:00,1.4957,1.49641,1.49516,1.4954
2024-12-16 20:00:00,1.49543,1.49679,1.4950700000000001,1.49671
2024-12-16 21:00:00,1.49671,1.49685,1.4957799999999999,1.49614
2024-12-16 22:00:00,1.49615,1.49745,1.49613,1.49728
2024-12-16 23:00:00,1.49722,1.49746,1.49591,1.49601
2024-12-17 00:00:00,1.496,1.49722,1.4944600000000001,1.49621
2024-12-17 01:00:00,1.49621,1.49709,1.49621,1.49689
2024-12-17 02:00:00,1.49688,1.49916,1.49653,1.49843
2024-12-17 03:00:00,1.49845,1.49863,1.4977,1.4982199999999999
2024-12-17 04:00:00,1.4982199999999999,1.49926,1.49817,1.4984199999999999
2024-12-17 05:00:00,1.4984,1.4987300000000001,1.49806,1.49824
2024-12-17 06:00:00,1.49824,1.49837,1.49789,1.49825
2024-12-17 07:00:00,1.49826,1.49862,1.49795,1.49814
2024-12-17 08:00:00,1.49816,1.4985,1.4975800000000001,1.49811
2024-12-17 09:00:00,1.49807,1.4987599999999999,1.49726,1.49766
2024-12-17 10:00:00,1.49766,1.49943,1.49764,1.49782
2024-12-17 11:00:00,1.49773,1.49773,1.49645,1.49678
2024-12-17 12:00:00,1.49711,1.49816,1.49683,1.49787
2024-12-17 13:00:00,1.49787,1.49858,1.49703,1.49805
2024-12-17 14:00:00,1.49808,1.50096,1.49757,1.50094
2024-12-17 15:00:00,1.50091,1.5009299999999999,1.4978500000000001,1.49938
2024-12-17 16:00:00,1.49936,1.50204,1.49936,1.5016500000000002
2024-12-17 17:00:00,1.50175,1.50381,1.50122,1.50248
2024-12-17 18:00:00,1.5024600000000001,1.5039099999999999,1.5024,1.50353
2024-12-17 19:00:00,1.50353,1.5047000000000001,1.50202,1.50247
2024-12-17 20:00:00,1.50248,1.50292,1.50099,1.50129
2024-12-17 21:00:00,1.5013100000000001,1.5015100000000001,1.5007000000000001,1.5007000000000001
2024-12-17 22:00:00,1.50073,1.50133,1.50064,1.50088
2024-12-17 23:00:00,1.50088,1.5013999999999998,1.5002,1.50027
2024-12-18 00:00:00,1.4997,1.50152,1.4994399999999999,1.50126
2024-12-18 01:00:00,1.50125,1.50169,1.50108,1.50164
2024-12-18 02:00:00,1.50164,1.5027,1.50152,1.50238
2024-12-18 03:00:00,1.5023900000000001,1.5032100000000002,1.50227,1.50311
2024-12-18 04:00:00,1.50313,1.50356,1.50263,1.50342
2024-12-18 05:00:00,1.50342,1.50399,1.50325,1.50367
2024-12-18 06:00:00,1.50367,1.50499,1.50343,1.50453
2024-12-18 07:00:00,1.50453,1.50468,1.50415,1.50435
2024-12-18 08:00:00,1.50435,1.50557,1.5042900000000001,1.50548
2024-12-18 09:00:00,1.50556,1.50586,1.5034999999999998,1.50403
2024-12-18 10:00:00,1.50397,1.50397,1.5022,1.50271
2024-12-18 11:00:00,1.5027,1.50385,1.50245,1.50347
2024-12-18 12:00:00,1.50343,1.5039799999999999,1.5028299999999999,1.5034
2024-12-18 13:00:00,1.50342,1.5041,1.50299,1.5036399999999999
2024-12-18 14:00:00,1.5036399999999999,1.50376,1.50109,1.50166
2024-12-18 15:00:00,1.5017,1.50238,1.50012,1.50152
2024-12-18 16:00:00,1.50152,1.50237,1.50102,1.502
2024-12-18 17:00:00,1.502,1.50225,1.49956,1.50012
2024-12-18 18:00:00,1.5001600000000002,1.50095,1.49965,1.50075
2024-12-18 19:00:00,1.50075,1.5015399999999999,1.50035,1.50126
2024-12-18 20:00:00,1.50126,1.50306,1.50121,1.5019
2024-12-18 21:00:00,1.50173,1.50173,1.49566,1.49589
2024-12-18 22:00:00,1.4959,1.49625,1.49292,1.49589
2024-12-18 23:00:00,1.49591,1.49783,1.4943,1.4947300000000001
2024-12-19 00:00:00,1.49474,1.49551,1.49254,1.49485
2024-12-19 01:00:00,1.49498,1.49701,1.49498,1.49662
2024-12-19 02:00:00,1.4966300000000001,1.4994399999999999,1.49626,1.4986
2024-12-19 03:00:00,1.49848,1.49905,1.4969299999999999,1.49738
2024-12-19 04:00:00,1.4974,1.49943,1.49722,1.49936
2024-12-19 05:00:00,1.49938,1.4994399999999999,1.49745,1.49768
2024-12-19 06:00:00,1.49767,1.49843,1.49764,1.49806
2024-12-19 07:00:00,1.49807,1.49926,1.498,1.49886
2024-12-19 08:00:00,1.49884,1.49904,1.49797,1.49852
2024-12-19 09:00:00,1.4985,1.50179,1.49836,1.4989
2024-12-19 10:00:00,1.49889,1.49925,1.49642,1.4981900000000001
2024-12-19 11:00:00,1.4981,1.49986,1.49804,1.4985
2024-12-19 12:00:00,1.4985,1.49892,1.49647,1.49723
2024-12-19 13:00:00,1.49722,1.49799,1.49572,1.49608
2024-12-19 14:00:00,1.49596,1.49661,1.49334,1.49381
2024-12-19 15:00:00,1.49378,1.49588,1.49226,1.49481
2024-12-19 16:00:00,1.4948299999999999,1.49523,1.49187,1.49199
2024-12-19 17:00:00,1.4920900000000001,1.49394,1.49099,1.49121
2024-12-19 18:00:00,1.49119,1.49121,1.4875,1.48782
2024-12-19 19:00:00,1.48779,1.49085,1.4877799999999999,1.48964
2024-12-19 20:00:00,1.48964,1.4904899999999999,1.48926,1.49025
2024-12-19 21:00:00,1.49027,1.49095,1.48982,1.49055
2024-12-19 22:00:00,1.49054,1.49203,1.49007,1.49193
2024-12-19 23:00:00,1.49188,1.49197,1.49065,1.49151
2024-12-20 00:00:00,1.49147,1.4922900000000001,1.49077,1.49183
2024-12-20 01:00:00,1.49183,1.49269,1.49148,1.49262
2024-12-20 02:00:00,1.49262,1.4944,1.49253,1.49435
2024-12-20 03:00:00,1.49435,1.4944600000000001,1.4935,1.4942199999999999
2024-12-20 04:00:00,1.4942199999999999,1.49508,1.49406,1.49481
2024-12-20 05:00:00,1.49481,1.49536,1.49478,1.49519
2024-12-20 06:00:00,1.49518,1.49518,1.49381,1.49387
2024-12-20 07:00:00,1.49387,1.49448,1.4935100000000001,1.4942
2024-12-20 08:00:00,1.4942199999999999,1.49437,1.49101,1.4933
2024-12-20 09:00:00,1.49329,1.49432,1.49279,1.49337
2024-12-20 10:00:00,1.49337,1.49545,1.49282,1.49504
2024-12-20 11:00:00,1.49505,1.4950700000000001,1.4926300000000001,1.4935800000000001
2024-12-20 12:00:00,1.49362,1.49452,1.4934,1.49431
2024-12-20 13:00:00,1.49431,1.4953,1.49342,1.49511
2024-12-20 14:00:00,1.4951400000000001,1.49572,1.49359,1.4939200000000001
2024-12-20 15:00:00,1.49391,1.49838,1.4939,1.49779
2024-12-20 16:00:00,1.4978,1.49806,1.49277,1.49397
2024-12-20 17:00:00,1.49366,1.4944600000000001,1.49242,1.49369
2024-12-20 18:00:00,1.49368,1.4976,1.49362,1.4966
2024-12-20 19:00:00,1.49662,1.49725,1.49554,1.49628
2024-12-20 20:00:00,1.49627,1.49959,1.49612,1.49912
2024-12-20 21:00:00,1.4990999999999999,1.49949,1.49837,1.49894
2024-12-20 22:00:00,1.49895,1.49961,1.49836,1.4985
2024-12-20 23:00:00,1.49853,1.49895,1.49755,1.49803
2024-12-23 00:00:00,1.4969000000000001,1.50051,1.4969000000000001,1.4989
2024-12-23 01:00:00,1.49906,1.49954,1.49798,1.49799
2024-12-23 02:00:00,1.49803,1.4986,1.49769,1.49784
2024-12-23 03:00:00,1.49783,1.49813,1.49738,1.49777
2024-12-23 04:00:00,1.49777,1.49852,1.49776,1.49811
2024-12-23 05:00:00,1.4981,1.4988299999999999,1.49784,1.49861
2024-12-23 06:00:00,1.49862,1.4990700000000001,1.49848,1.4987300000000001
2024-12-23 07:00:00,1.49872,1.49913,1.49835,1.49899
2024-12-23 08:00:00,1.49898,1.4993,1.49852,1.49859
2024-12-23 09:00:00,1.49863,1.49992,1.49765,1.49795
2024-12-23 10:00:00,1.49796,1.49833,1.49694,1.49752
2024-12-23 11:00:00,1.49752,1.49772,1.49609,1.49671
2024-12-23 12:00:00,1.4967,1.49718,1.49536,1.49585
2024-12-23 13:00:00,1.49582,1.49755,1.49574,1.49743
2024-12-23 14:00:00,1.49741,1.49759,1.49654,1.49712
2024-12-23 15:00:00,1.49711,1.50076,1.49678,1.50053
2024-12-23 16:00:00,1.5005600000000001,1.5011,1.49806,1.49817
2024-12-23 17:00:00,1.49816,1.49908,1.49694,1.49723
2024-12-23 18:00:00,1.49723,1.4988299999999999,1.49711,1.49723
2024-12-23 19:00:00,1.49723,1.49798,1.49411,1.49468
2024-12-23 20:00:00,1.49468,1.49637,1.49454,1.49603
2024-12-23 21:00:00,1.496,1.49628,1.49465,1.49609
2024-12-23 22:00:00,1.49609,1.49623,1.49502,1.49509
2024-12-23 23:00:00,1.49511,1.4953400000000001,1.49406,1.49417
2024-12-24 00:00:00,1.49439,1.49536,1.49315,1.49515
2024-12-24 01:00:00,1.49524,1.49572,1.49486,1.49525
2024-12-24 02:00:00,1.49524,1.49559,1.49506,1.49553
2024-12-24 03:00:00,1.49554,1.49585,1.49535,1.49555
2024-12-24 04:00:00,1.49555,1.49586,1.49448,1.49543
2024-12-24 05:00:00,1.4954399999999999,1.4955,1.49408,1.49427
2024-12-24 06:00:00,1.49426,1.49498,1.49421,1.4948299999999999
2024-12-24 07:00:00,1.49482,1.49529,1.49482,1.49521
2024-12-24 08:00:00,1.49519,1.4953699999999999,1.49436,1.4946
2024-12-24 09:00:00,1.4945300000000001,1.49475,1.49389,1.49423
2024-12-24 10:00:00,1.49426,1.49676,1.49426,1.49584
2024-12-24 11:00:00,1.49588,1.49678,1.49562,1.49579
2024-12-24 12:00:00,1.4957799999999999,1.4965899999999999,1.49554,1.49644
2024-12-24 13:00:00,1.49644,1.49771,1.4963600000000001,1.49692
2024-12-24 14:00:00,1.4969299999999999,1.49935,1.49691,1.49783
2024-12-24 15:00:00,1.49783,1.49908,1.4957099999999999,1.49642
2024-12-24 16:00:00,1.4964,1.49644,1.49394,1.4960499999999999
2024-12-24 17:00:00,1.4960499999999999,1.49671,1.4938,1.4941900000000001
2024-12-24 18:00:00,1.4942,1.49499,1.49306,1.49398
2024-12-24 19:00:00,1.49397,1.4946,1.49287,1.49311
2024-12-24 20:00:00,1.49311,1.49321,1.49195,1.49231
2024-12-24 21:00:00,1.49231,1.49342,1.49155,1.4929000000000001
2024-12-24 22:00:00,1.49287,1.49376,1.49139,1.49212
2024-12-24 23:00:00,1.49212,1.49389,1.49051,1.4912
2024-12-25 00:00:00,1.49089,1.49188,1.49089,1.49129
2024-12-26 00:00:00,1.4937,1.4937,1.49194,1.49278
2024-12-26 01:00:00,1.49287,1.49363,1.49214,1.49234
2024-12-26 02:00:00,1.49234,1.49278,1.49204,1.49226
2024-12-26 03:00:00,1.49226,1.49273,1.49213,1.49244
2024-12-26 04:00:00,1.49245,1.49286,1.49234,1.49253
2024-12-26 05:00:00,1.49254,1.49286,1.49237,1.4926599999999999
2024-12-26 06:00:00,1.4926599999999999,1.49338,1.49256,1.49326
2024-12-26 07:00:00,1.49325,1.49379,1.49312,1.49364
2024-12-26 08:00:00,1.49364,1.4947300000000001,1.49356,1.4944600000000001
2024-12-26 09:00:00,1.49443,1.49529,1.49395,1.49508
2024-12-26 10:00:00,1.4950700000000001,1.49646,1.4948299999999999,1.49645
2024-12-26 11:00:00,1.4964,1.4969999999999999,1.4963,1.4966
2024-12-26 12:00:00,1.49662,1.49665,1.49555,1.4958
2024-12-26 13:00:00,1.49581,1.4959799999999999,1.49557,1.49569
2024-12-26 14:00:00,1.4957099999999999,1.4971,1.4956,1.49708
2024-12-26 15:00:00,1.49711,1.49733,1.4959,1.49719
2024-12-26 16:00:00,1.4971999999999999,1.4981,1.49649,1.4978799999999999
2024-12-26 17:00:00,1.49786,1.50071,1.49766,1.4998
2024-12-26 18:00:00,1.4998,1.5011700000000001,1.4996,1.50099
2024-12-26 19:00:00,1.50099,1.50102,1.49987,1.50082
2024-12-26 20:00:00,1.5008599999999999,1.5023499999999999,1.5008599999999999,1.50168
2024-12-26 21:00:00,1.5016699999999998,1.5021200000000001,1.50139,1.50139
2024-12-26 22:00:00,1.50143,1.5019900000000002,1.50126,1.50156
2024-12-26 23:00:00,1.5015399999999999,1.50159,1.50014,1.5001600000000002
2024-12-27 00:00:00,1.49997,1.5017,1.49885,1.50146
2024-12-27 01:00:00,1.50146,1.5020799999999999,1.5011999999999999,1.5015100000000001
2024-12-27 02:00:00,1.50156,1.5019,1.50087,1.50109
2024-12-27 03:00:00,1.50109,1.50132,1.50065,1.5006599999999999
2024-12-27 04:00:00,1.50065,1.50076,1.49978,1.49983
2024-12-27 05:00:00,1.49982,1.50013,1.4994399999999999,1.50007
2024-12-27 06:00:00,1.50007,1.50012,1.49948,1.49972
2024-12-27 07:00:00,1.49972,1.49999,1.49943,1.49969
2024-12-27 08:00:00,1.49973,1.49992,1.49911,1.49959
2024-12-27 09:00:00,1.49956,1.50152,1.49911,1.5010400000000002
2024-12-27 10:00:00,1.50103,1.50161,1.49877,1.49879
2024-12-27 11:00:00,1.4988000000000001,1.50027,1.49857,1.50017
2024-12-27 12:00:00,1.5001600000000002,1.50094,1.4999500000000001,1.5004499999999998
2024-12-27 13:00:00,1.5004300000000002,1.50236,1.5004300000000002,1.5020799999999999
2024-12-27 14:00:00,1.50207,1.50279,1.4996399999999999,1.50012
2024-12-27 15:00:00,1.50012,1.50232,1.4996,1.50232
2024-12-27 16:00:00,1.5023300000000002,1.5029400000000002,1.50134,1.5018500000000001
2024-12-27 17:00:00,1.5019,1.50308,1.50081,1.5015
2024-12-27 18:00:00,1.50146,1.50491,1.50146,1.5042499999999999
2024-12-27 19:00:00,1.50424,1.50498,1.5036399999999999,1.5044
2024-12-27 20:00:00,1.50439,1.50476,1.50356,1.5036
2024-12-27 21:00:00,1.50353,1.5037500000000001,1.5024899999999999,1.50265
2024-12-27 22:00:00,1.50263,1.50331,1.50256,1.50292
2024-12-27 23:00:00,1.50293,1.50301,1.5013100000000001,1.50157
2024-12-30 00:00:00,1.50236,1.50346,1.50223,1.5030999999999999
2024-12-30 01:00:00,1.50326,1.50343,1.5018,1.50189
2024-12-30 02:00:00,1.50193,1.5020799999999999,1.50132,1.50156
2024-12-30 03:00:00,1.5015800000000001,1.5020099999999998,1.50092,1.5009299999999999
2024-12-30 04:00:00,1.50092,1.50135,1.5009000000000001,1.50107
2024-12-30 05:00:00,1.50107,1.5011299999999999,1.5002499999999999,1.50058
2024-12-30 06:00:00,1.50057,1.501,1.50051,1.50092
2024-12-30 07:00:00,1.50092,1.50095,1.49988,1.50026
2024-12-30 08:00:00,1.5002499999999999,1.50078,1.49997,1.5004
2024-12-30 09:00:00,1.50039,1.50137,1.50006,1.50083
2024-12-30 10:00:00,1.50088,1.50142,1.49967,1.50013
2024-12-30 11:00:00,1.50014,1.50203,1.49882,1.50132
2024-12-30 12:00:00,1.50133,1.5022799999999998,1.50054,1.50134
2024-12-30 13:00:00,1.50133,1.50257,1.50105,1.50189
2024-12-30 14:00:00,1.5018799999999999,1.50326,1.50148,1.5030999999999999
2024-12-30 15:00:00,1.5030700000000001,1.5037500000000001,1.49593,1.49646
2024-12-30 16:00:00,1.49646,1.49977,1.4957799999999999,1.49935
2024-12-30 17:00:00,1.4994399999999999,1.49955,1.49308,1.49313
2024-12-30 18:00:00,1.49317,1.49425,1.49255,1.49278
2024-12-30 19:00:00,1.49281,1.49315,1.49104,1.4922
