time,open,high,low,close
2023-01-02 07:00:00,1.35521,1.35558,1.35452,1.35452
2023-01-02 08:00:00,1.35481,1.35522,1.35422,1.35496
2023-01-02 09:00:00,1.35348,1.35567,1.353,1.35474
2023-01-02 10:00:00,1.353,1.35528,1.353,1.35486
2023-01-02 11:00:00,1.35457,1.3566,1.35335,1.35598
2023-01-02 12:00:00,1.35609,1.35655,1.35554,1.35601
2023-01-02 13:00:00,1.35603,1.35739,1.3559700000000001,1.35709
2023-01-02 14:00:00,1.35707,1.35771,1.35648,1.35764
2023-01-02 15:00:00,1.35764,1.35796,1.35723,1.3575300000000001
2023-01-02 16:00:00,1.35752,1.35792,1.35732,1.3575599999999999
2023-01-02 17:00:00,1.3575599999999999,1.35769,1.35657,1.35663
2023-01-02 18:00:00,1.35662,1.3574899999999999,1.35647,1.3572600000000001
2023-01-02 19:00:00,1.35725,1.3578700000000001,1.35576,1.3566500000000001
2023-01-02 20:00:00,1.3566500000000001,1.35842,1.35646,1.35731
2023-01-02 21:00:00,1.3566500000000001,1.35746,1.3566500000000001,1.3568
2023-01-02 22:00:00,1.35741,1.35764,1.3563399999999999,1.3563399999999999
2023-01-02 23:00:00,1.35632,1.35846,1.35628,1.35742
2023-01-03 00:00:00,1.35742,1.35742,1.35561,1.35676
2023-01-03 01:00:00,1.35687,1.35709,1.3554300000000001,1.3563100000000001
2023-01-03 02:00:00,1.3562699999999999,1.35741,1.35569,1.35736
2023-01-03 03:00:00,1.35737,1.36191,1.35737,1.36101
2023-01-03 04:00:00,1.36096,1.36185,1.35751,1.35757
2023-01-03 05:00:00,1.35758,1.35758,1.35405,1.3541699999999999
2023-01-03 06:00:00,1.3541,1.35538,1.3541,1.3553
2023-01-03 07:00:00,1.35526,1.35707,1.35496,1.35617
2023-01-03 08:00:00,1.35615,1.35628,1.35515,1.35515
2023-01-03 09:00:00,1.35516,1.35522,1.35226,1.35365
2023-01-03 10:00:00,1.35365,1.3614600000000001,1.35316,1.36136
2023-01-03 11:00:00,1.36135,1.36379,1.3604,1.36139
2023-01-03 12:00:00,1.36139,1.36356,1.36129,1.36307
2023-01-03 13:00:00,1.3631,1.36414,1.36222,1.36288
2023-01-03 14:00:00,1.36287,1.36669,1.36263,1.36611
2023-01-03 15:00:00,1.3660999999999999,1.36782,1.36572,1.36679
2023-01-03 16:00:00,1.3667799999999999,1.3679700000000001,1.36036,1.36152
2023-01-03 17:00:00,1.36148,1.3638,1.36018,1.36368
2023-01-03 18:00:00,1.36368,1.36765,1.3626800000000001,1.3663699999999999
2023-01-03 19:00:00,1.3663699999999999,1.36742,1.36477,1.3666800000000001
2023-01-03 20:00:00,1.3666800000000001,1.36792,1.36562,1.36571
2023-01-03 21:00:00,1.36571,1.3685100000000001,1.36566,1.36635
2023-01-03 22:00:00,1.36638,1.36753,1.36578,1.36693
2023-01-03 23:00:00,1.36693,1.36772,1.36662,1.36689
2023-01-04 00:00:00,1.36659,1.36713,1.36587,1.36612
2023-01-04 01:00:00,1.36608,1.36798,1.36605,1.36733
2023-01-04 02:00:00,1.36726,1.36743,1.3654600000000001,1.36573
2023-01-04 03:00:00,1.36572,1.36573,1.3639700000000001,1.36415
2023-01-04 04:00:00,1.36417,1.3646,1.36376,1.36417
2023-01-04 05:00:00,1.36416,1.36417,1.3634,1.36361
2023-01-04 06:00:00,1.36361,1.36407,1.36267,1.36316
2023-01-04 07:00:00,1.36318,1.36498,1.3626800000000001,1.3646
2023-01-04 08:00:00,1.3645399999999999,1.36579,1.36429,1.3645100000000001
2023-01-04 09:00:00,1.3645800000000001,1.36465,1.36123,1.36189
2023-01-04 10:00:00,1.36189,1.36277,1.3542100000000001,1.35545
2023-01-04 11:00:00,1.3554599999999999,1.35694,1.35471,1.3556300000000001
2023-01-04 12:00:00,1.3556300000000001,1.35574,1.35449,1.35493
2023-01-04 13:00:00,1.35493,1.35574,1.35428,1.35523
2023-01-04 14:00:00,1.35523,1.35575,1.35392,1.3552
2023-01-04 15:00:00,1.35517,1.35553,1.35138,1.35138
2023-01-04 16:00:00,1.3514,1.35429,1.35117,1.35245
2023-01-04 17:00:00,1.35247,1.35579,1.35077,1.35253
2023-01-04 18:00:00,1.35253,1.35341,1.34913,1.3492
2023-01-04 19:00:00,1.3492,1.34979,1.34766,1.34869
2023-01-04 20:00:00,1.34871,1.35052,1.34869,1.34992
2023-01-04 21:00:00,1.34994,1.35141,1.34806,1.34827
2023-01-04 22:00:00,1.3483,1.34901,1.34789,1.34822
2023-01-04 23:00:00,1.34822,1.34826,1.34745,1.34765
2023-01-05 00:00:00,1.34753,1.3480400000000001,1.34737,1.34781
2023-01-05 01:00:00,1.34785,1.3485800000000001,1.34695,1.34855
2023-01-05 02:00:00,1.34856,1.3492,1.3479,1.34888
2023-01-05 03:00:00,1.34894,1.34938,1.34829,1.34867
2023-01-05 04:00:00,1.3487,1.35164,1.3487,1.35058
2023-01-05 05:00:00,1.3506,1.3511600000000001,1.34976,1.3510900000000001
2023-01-05 06:00:00,1.3510900000000001,1.35113,1.34998,1.35059
2023-01-05 07:00:00,1.35062,1.35102,1.3496000000000001,1.3496299999999999
2023-01-05 08:00:00,1.34964,1.35149,1.3489200000000001,1.35128
2023-01-05 09:00:00,1.35127,1.3523800000000001,1.35072,1.35175
2023-01-05 10:00:00,1.3517000000000001,1.3527,1.35077,1.35108
2023-01-05 11:00:00,1.35104,1.3516599999999999,1.34999,1.35052
2023-01-05 12:00:00,1.3505099999999999,1.3509,1.34957,1.35069
2023-01-05 13:00:00,1.35066,1.35091,1.3495599999999999,1.35052
2023-01-05 14:00:00,1.35052,1.35113,1.34936,1.35007
2023-01-05 15:00:00,1.35009,1.35382,1.34882,1.35348
2023-01-05 16:00:00,1.35348,1.35488,1.35315,1.35434
2023-01-05 17:00:00,1.35434,1.35898,1.3538299999999999,1.35891
2023-01-05 18:00:00,1.35889,1.35952,1.35659,1.35795
2023-01-05 19:00:00,1.35794,1.35852,1.3573,1.35793
2023-01-05 20:00:00,1.35794,1.35809,1.35511,1.35595
2023-01-05 21:00:00,1.35594,1.35771,1.35541,1.35679
2023-01-05 22:00:00,1.35677,1.3581699999999999,1.35676,1.35813
2023-01-05 23:00:00,1.35811,1.3583,1.35656,1.35717
2023-01-06 00:00:00,1.35666,1.35698,1.35606,1.35633
2023-01-06 01:00:00,1.35632,1.35678,1.35589,1.35619
2023-01-06 02:00:00,1.35619,1.3566799999999999,1.35493,1.3551
2023-01-06 03:00:00,1.3550900000000001,1.35593,1.35464,1.35532
2023-01-06 04:00:00,1.35532,1.35545,1.3547,1.35525
2023-01-06 05:00:00,1.35525,1.35541,1.35376,1.35488
2023-01-06 06:00:00,1.35487,1.35644,1.3546,1.35644
2023-01-06 07:00:00,1.35644,1.35776,1.3562400000000001,1.35721
2023-01-06 08:00:00,1.35721,1.35774,1.3563100000000001,1.35772
2023-01-06 09:00:00,1.35772,1.35924,1.35718,1.35831
2023-01-06 10:00:00,1.35829,1.35994,1.35713,1.35982
2023-01-06 11:00:00,1.35982,1.36284,1.35976,1.3615300000000001
2023-01-06 12:00:00,1.3615300000000001,1.3632,1.36127,1.3631
2023-01-06 13:00:00,1.3631,1.36493,1.3628,1.36493
2023-01-06 14:00:00,1.36493,1.36562,1.36412,1.36543
2023-01-06 15:00:00,1.36543,1.36645,1.35392,1.35403
2023-01-06 16:00:00,1.35404,1.3566799999999999,1.35213,1.35557
2023-01-06 17:00:00,1.35346,1.35459,1.3474300000000001,1.34808
2023-01-06 18:00:00,1.34808,1.34857,1.34469,1.3454
2023-01-06 19:00:00,1.34539,1.3455,1.34401,1.3443100000000001
2023-01-06 20:00:00,1.3443100000000001,1.34522,1.34391,1.34505
2023-01-06 21:00:00,1.34506,1.34506,1.34336,1.34351
2023-01-06 22:00:00,1.34351,1.34454,1.34334,1.34443
2023-01-06 23:00:00,1.34443,1.3448,1.34422,1.3443100000000001
2023-01-09 00:00:00,1.34308,1.3443,1.34308,1.34426
2023-01-09 01:00:00,1.34422,1.34429,1.34324,1.34355
2023-01-09 02:00:00,1.34353,1.34442,1.34291,1.34305
2023-01-09 03:00:00,1.34305,1.34403,1.34151,1.3416299999999999
2023-01-09 04:00:00,1.34166,1.34177,1.3404099999999999,1.34053
2023-01-09 05:00:00,1.34053,1.34158,1.34053,1.3413300000000001
2023-01-09 06:00:00,1.34134,1.34139,1.3402,1.34035
2023-01-09 07:00:00,1.3403399999999999,1.3406799999999999,1.33952,1.33993
2023-01-09 08:00:00,1.33993,1.34076,1.3397000000000001,1.34027
2023-01-09 09:00:00,1.34025,1.34189,1.33854,1.3414
2023-01-09 10:00:00,1.34142,1.34175,1.33863,1.34039
2023-01-09 11:00:00,1.3403800000000001,1.34043,1.3384,1.33917
2023-01-09 12:00:00,1.33918,1.33991,1.33867,1.33868
2023-01-09 13:00:00,1.33867,1.33888,1.33757,1.33762
2023-01-09 14:00:00,1.33762,1.33829,1.33653,1.33703
2023-01-09 15:00:00,1.33703,1.33761,1.33566,1.33759
2023-01-09 16:00:00,1.33759,1.34155,1.3372600000000001,1.33845
2023-01-09 17:00:00,1.33843,1.33844,1.33596,1.33678
2023-01-09 18:00:00,1.33679,1.3376299999999999,1.33585,1.33718
2023-01-09 19:00:00,1.33718,1.33854,1.3367499999999999,1.33684
2023-01-09 20:00:00,1.33683,1.3389199999999999,1.33644,1.3384
2023-01-09 21:00:00,1.33841,1.33866,1.3365,1.33664
2023-01-09 22:00:00,1.33666,1.3389,1.33659,1.33883
2023-01-09 23:00:00,1.3388499999999999,1.3394,1.3385500000000001,1.3389199999999999
2023-01-10 00:00:00,1.33829,1.33907,1.33807,1.33902
2023-01-10 01:00:00,1.33903,1.33954,1.33867,1.33942
2023-01-10 02:00:00,1.33941,1.34057,1.33847,1.3394300000000001
2023-01-10 03:00:00,1.33947,1.34006,1.3376299999999999,1.33786
2023-01-10 04:00:00,1.33786,1.34101,1.33761,1.33945
2023-01-10 05:00:00,1.33948,1.33985,1.33874,1.33898
2023-01-10 06:00:00,1.33897,1.33976,1.33864,1.3393
2023-01-10 07:00:00,1.33932,1.33939,1.33775,1.33806
2023-01-10 08:00:00,1.33806,1.3388,1.33799,1.33808
2023-01-10 09:00:00,1.33808,1.34056,1.33783,1.33982
2023-01-10 10:00:00,1.33982,1.33989,1.3378,1.33918
2023-01-10 11:00:00,1.3391600000000001,1.34001,1.33762,1.3383
2023-01-10 12:00:00,1.3383,1.33928,1.33792,1.33899
2023-01-10 13:00:00,1.33898,1.3397999999999999,1.33842,1.33963
2023-01-10 14:00:00,1.33964,1.34279,1.33963,1.3415
2023-01-10 15:00:00,1.3415,1.34212,1.34033,1.34044
2023-01-10 16:00:00,1.34043,1.3418,1.33819,1.34043
2023-01-10 17:00:00,1.34043,1.34452,1.33904,1.3433899999999999
2023-01-10 18:00:00,1.34338,1.34391,1.34147,1.34326
2023-01-10 19:00:00,1.34327,1.34393,1.34202,1.34356
2023-01-10 20:00:00,1.34356,1.34392,1.34216,1.3423
2023-01-10 21:00:00,1.34229,1.34257,1.34168,1.34176
2023-01-10 22:00:00,1.3418,1.34263,1.3418,1.34257
2023-01-10 23:00:00,1.34253,1.34284,1.34225,1.34267
2023-01-11 00:00:00,1.34233,1.34243,1.34141,1.34236
2023-01-11 01:00:00,1.34199,1.34348,1.34199,1.34348
2023-01-11 02:00:00,1.3435000000000001,1.3435000000000001,1.34213,1.34272
2023-01-11 03:00:00,1.34271,1.34419,1.34261,1.34348
2023-01-11 04:00:00,1.34348,1.34397,1.34281,1.34378
2023-01-11 05:00:00,1.34378,1.34381,1.34293,1.34335
2023-01-11 06:00:00,1.34334,1.34356,1.34301,1.34303
2023-01-11 07:00:00,1.34302,1.34329,1.34122,1.34227
2023-01-11 08:00:00,1.34229,1.34249,1.34158,1.34205
2023-01-11 09:00:00,1.34205,1.3429,1.34143,1.34273
2023-01-11 10:00:00,1.3427,1.34349,1.3421699999999999,1.34326
2023-01-11 11:00:00,1.34326,1.34351,1.34113,1.34219
2023-01-11 12:00:00,1.34216,1.34306,1.3418,1.3422
2023-01-11 13:00:00,1.3422,1.343,1.3416000000000001,1.34257
2023-01-11 14:00:00,1.34259,1.3445,1.34256,1.34333
2023-01-11 15:00:00,1.34333,1.34349,1.34122,1.3413
2023-01-11 16:00:00,1.3413,1.3428499999999999,1.34043,1.3424
2023-01-11 17:00:00,1.34238,1.34408,1.34223,1.34302
2023-01-11 18:00:00,1.34301,1.34371,1.34138,1.3423
2023-01-11 19:00:00,1.34228,1.34337,1.34151,1.34337
2023-01-11 20:00:00,1.34337,1.34355,1.34141,1.3426
2023-01-11 21:00:00,1.34259,1.34303,1.3416299999999999,1.34204
2023-01-11 22:00:00,1.34204,1.34275,1.34179,1.34273
2023-01-11 23:00:00,1.34271,1.34286,1.34207,1.34232
2023-01-12 00:00:00,1.3422100000000001,1.34249,1.3415599999999999,1.342
2023-01-12 01:00:00,1.34201,1.34378,1.34165,1.34303
2023-01-12 02:00:00,1.3431199999999999,1.34376,1.34204,1.34298
2023-01-12 03:00:00,1.34297,1.3433,1.34223,1.3426
2023-01-12 04:00:00,1.3426,1.34301,1.34212,1.34241
2023-01-12 05:00:00,1.3424,1.34301,1.34215,1.3426
2023-01-12 06:00:00,1.3426,1.34292,1.34229,1.3425
2023-01-12 07:00:00,1.3425,1.34318,1.34234,1.34296
2023-01-12 08:00:00,1.34296,1.34353,1.34275,1.34328
2023-01-12 09:00:00,1.34333,1.34443,1.34327,1.3434300000000001
2023-01-12 10:00:00,1.3434300000000001,1.34483,1.34331,1.34399
2023-01-12 11:00:00,1.34399,1.3444099999999999,1.34199,1.34238
2023-01-12 12:00:00,1.34238,1.34345,1.34234,1.34257
2023-01-12 13:00:00,1.3425799999999999,1.34272,1.34184,1.34245
2023-01-12 14:00:00,1.34245,1.34276,1.34082,1.34093
2023-01-12 15:00:00,1.34093,1.34598,1.33475,1.3354300000000001
2023-01-12 16:00:00,1.33542,1.3443100000000001,1.3351600000000001,1.34206
2023-01-12 17:00:00,1.34205,1.3436,1.33957,1.34032
2023-01-12 18:00:00,1.34032,1.34114,1.33774,1.338
2023-01-12 19:00:00,1.338,1.33807,1.33525,1.33541
2023-01-12 20:00:00,1.33538,1.33701,1.33454,1.33494
2023-01-12 21:00:00,1.33495,1.33649,1.33488,1.33558
2023-01-12 22:00:00,1.33558,1.33686,1.33558,1.3362
2023-01-12 23:00:00,1.33619,1.3370199999999999,1.33566,1.337
2023-01-13 00:00:00,1.33582,1.33697,1.33477,1.3365
2023-01-13 01:00:00,1.33657,1.33791,1.33647,1.33776
2023-01-13 02:00:00,1.33776,1.3382100000000001,1.33669,1.3382
2023-01-13 03:00:00,1.33819,1.33917,1.33774,1.33788
2023-01-13 04:00:00,1.33788,1.33955,1.33777,1.33811
2023-01-13 05:00:00,1.3381,1.33873,1.33796,1.33837
2023-01-13 06:00:00,1.33839,1.33897,1.3383,1.33868
2023-01-13 07:00:00,1.33872,1.33961,1.3385500000000001,1.33884
2023-01-13 08:00:00,1.33881,1.3390900000000001,1.33724,1.33735
2023-01-13 09:00:00,1.33735,1.33782,1.33556,1.33556
2023-01-13 10:00:00,1.33556,1.33647,1.33215,1.33355
2023-01-13 11:00:00,1.33355,1.33559,1.33253,1.33473
2023-01-13 12:00:00,1.33473,1.33476,1.33372,1.33411
2023-01-13 13:00:00,1.33417,1.3389,1.3341,1.3379699999999999
2023-01-13 14:00:00,1.33798,1.34035,1.33714,1.3401100000000001
2023-01-13 15:00:00,1.34009,1.3431199999999999,1.33967,1.3427
2023-01-13 16:00:00,1.3427,1.34394,1.34119,1.34202
2023-01-13 17:00:00,1.34202,1.34323,1.33928,1.3396
2023-01-13 18:00:00,1.33959,1.34257,1.33941,1.34135
2023-01-13 19:00:00,1.3413599999999999,1.34158,1.33937,1.33997
2023-01-13 20:00:00,1.33996,1.3409499999999999,1.33923,1.33948
2023-01-13 21:00:00,1.33949,1.33987,1.33881,1.33886
2023-01-13 22:00:00,1.3389,1.33924,1.33863,1.3391899999999999
2023-01-13 23:00:00,1.3392,1.33976,1.33891,1.33927
2023-01-16 00:00:00,1.33818,1.33958,1.3377,1.33942
2023-01-16 01:00:00,1.33938,1.33986,1.33887,1.33978
2023-01-16 02:00:00,1.33976,1.34002,1.3383,1.33845
2023-01-16 03:00:00,1.33845,1.33873,1.3360400000000001,1.33618
2023-01-16 04:00:00,1.33618,1.33633,1.33527,1.33555
2023-01-16 05:00:00,1.33548,1.3363800000000001,1.3354,1.33587
2023-01-16 06:00:00,1.33587,1.33717,1.33568,1.33685
2023-01-16 07:00:00,1.33683,1.33715,1.33597,1.33676
2023-01-16 08:00:00,1.3367499999999999,1.33845,1.33654,1.33757
2023-01-16 09:00:00,1.33756,1.3391199999999999,1.33755,1.3387
2023-01-16 10:00:00,1.33873,1.3418,1.33873,1.34176
2023-01-16 11:00:00,1.34177,1.3418,1.3389,1.33944
2023-01-16 12:00:00,1.3394300000000001,1.33961,1.33814,1.3385
2023-01-16 13:00:00,1.3385,1.33883,1.33771,1.33853
2023-01-16 14:00:00,1.3385799999999999,1.33905,1.33803,1.33905
2023-01-16 15:00:00,1.33905,1.34029,1.33883,1.33964
2023-01-16 16:00:00,1.33966,1.34008,1.33881,1.33951
2023-01-16 17:00:00,1.33951,1.33985,1.33864,1.33955
2023-01-16 18:00:00,1.33956,1.33982,1.33883,1.33896
2023-01-16 19:00:00,1.33897,1.33967,1.33867,1.33914
2023-01-16 20:00:00,1.33913,1.3403800000000001,1.33896,1.3403399999999999
2023-01-16 21:00:00,1.3403399999999999,1.34046,1.3399,1.34032
2023-01-16 22:00:00,1.34032,1.34155,1.34023,1.34151
2023-01-16 23:00:00,1.34151,1.34159,1.34064,1.34071
2023-01-17 00:00:00,1.34048,1.34096,1.33978,1.34051
2023-01-17 01:00:00,1.34045,1.34078,1.33986,1.33997
2023-01-17 02:00:00,1.33998,1.34045,1.33949,1.3401399999999999
2023-01-17 03:00:00,1.3401399999999999,1.34109,1.33978,1.34053
2023-01-17 04:00:00,1.34054,1.34218,1.33936,1.3409499999999999
2023-01-17 05:00:00,1.3409900000000001,1.34138,1.33996,1.3404
2023-01-17 06:00:00,1.3404,1.34067,1.33993,1.34012
2023-01-17 07:00:00,1.34012,1.3409200000000001,1.3397700000000001,1.34063
2023-01-17 08:00:00,1.34062,1.34185,1.33959,1.34168
2023-01-17 09:00:00,1.34164,1.34262,1.34088,1.34098
2023-01-17 10:00:00,1.34098,1.34185,1.3397000000000001,1.34145
2023-01-17 11:00:00,1.34143,1.34284,1.34046,1.34266
2023-01-17 12:00:00,1.34264,1.3437000000000001,1.34175,1.3425099999999999
2023-01-17 13:00:00,1.34249,1.34314,1.3409499999999999,1.34098
2023-01-17 14:00:00,1.34098,1.34174,1.33957,1.3406799999999999
2023-01-17 15:00:00,1.3407,1.34292,1.33955,1.34088
2023-01-17 16:00:00,1.34084,1.34084,1.3379400000000001,1.338
2023-01-17 17:00:00,1.338,1.33929,1.33688,1.3376000000000001
2023-01-17 18:00:00,1.3376000000000001,1.33951,1.33746,1.33809
2023-01-17 19:00:00,1.33806,1.34044,1.33771,1.3394599999999999
2023-01-17 20:00:00,1.33947,1.34025,1.33881,1.33974
2023-01-17 21:00:00,1.33974,1.33986,1.33708,1.33849
2023-01-17 22:00:00,1.3384800000000001,1.33891,1.33734,1.33875
2023-01-17 23:00:00,1.33874,1.33913,1.33847,1.339
2023-01-18 00:00:00,1.33837,1.339,1.33812,1.33871
2023-01-18 01:00:00,1.33866,1.33928,1.3382100000000001,1.33911
2023-01-18 02:00:00,1.33911,1.33962,1.3388,1.3394599999999999
2023-01-18 03:00:00,1.3394599999999999,1.33969,1.33876,1.33878
2023-01-18 04:00:00,1.33878,1.3409200000000001,1.33844,1.33913
2023-01-18 05:00:00,1.33913,1.33979,1.3381,1.33896
2023-01-18 06:00:00,1.33896,1.33972,1.33775,1.33777
2023-01-18 07:00:00,1.33772,1.33837,1.33753,1.33776
2023-01-18 08:00:00,1.33777,1.3379400000000001,1.33683,1.33713
2023-01-18 09:00:00,1.33711,1.33712,1.33511,1.33613
2023-01-18 10:00:00,1.33606,1.33714,1.33502,1.33697
2023-01-18 11:00:00,1.33696,1.3382399999999999,1.33565,1.33579
2023-01-18 12:00:00,1.3357700000000001,1.3372899999999999,1.33563,1.33571
2023-01-18 13:00:00,1.33571,1.33734,1.33555,1.33713
2023-01-18 14:00:00,1.33714,1.3383,1.337,1.33764
2023-01-18 15:00:00,1.33765,1.3394300000000001,1.33619,1.33899
2023-01-18 16:00:00,1.33902,1.33934,1.33649,1.33761
2023-01-18 17:00:00,1.33762,1.34147,1.3373599999999999,1.3403399999999999
2023-01-18 18:00:00,1.3403399999999999,1.34443,1.3397000000000001,1.34374
2023-01-18 19:00:00,1.3437299999999999,1.3482,1.34354,1.34767
2023-01-18 20:00:00,1.34768,1.34905,1.34723,1.34779
2023-01-18 21:00:00,1.3477700000000001,1.34928,1.3474599999999999,1.34896
2023-01-18 22:00:00,1.34894,1.35004,1.34889,1.34998
2023-01-18 23:00:00,1.34999,1.35,1.34884,1.34906
2023-01-19 00:00:00,1.34856,1.34943,1.34814,1.34875
2023-01-19 01:00:00,1.34875,1.3496299999999999,1.34875,1.3496299999999999
2023-01-19 02:00:00,1.3496299999999999,1.3518,1.34894,1.3518
2023-01-19 03:00:00,1.35175,1.35183,1.35033,1.35106
2023-01-19 04:00:00,1.35106,1.35131,1.35005,1.35031
2023-01-19 05:00:00,1.35031,1.35043,1.34907,1.35007
2023-01-19 06:00:00,1.35007,1.35062,1.34951,1.34975
2023-01-19 07:00:00,1.34974,1.35039,1.3496000000000001,1.35007
2023-01-19 08:00:00,1.35006,1.35047,1.34893,1.35022
2023-01-19 09:00:00,1.35022,1.35142,1.34907,1.3498
2023-01-19 10:00:00,1.3498,1.3513,1.3492899999999999,1.35108
2023-01-19 11:00:00,1.35113,1.35206,1.35074,1.35134
2023-01-19 12:00:00,1.35134,1.3519700000000001,1.3495,1.34965
2023-01-19 13:00:00,1.34966,1.3504800000000001,1.34925,1.34966
2023-01-19 14:00:00,1.34966,1.35083,1.3492899999999999,1.35064
2023-01-19 15:00:00,1.35064,1.3514300000000001,1.34761,1.34767
2023-01-19 16:00:00,1.34768,1.34813,1.34539,1.34758
2023-01-19 17:00:00,1.34757,1.34958,1.3463,1.34887
2023-01-19 18:00:00,1.34886,1.34966,1.3471899999999999,1.34933
2023-01-19 19:00:00,1.34933,1.34939,1.3465799999999999,1.34668
2023-01-19 20:00:00,1.34667,1.34769,1.34518,1.34596
2023-01-19 21:00:00,1.34596,1.34659,1.34466,1.3456000000000001
2023-01-19 22:00:00,1.3456000000000001,1.34662,1.34494,1.34661
2023-01-19 23:00:00,1.3465099999999999,1.34681,1.34589,1.3464800000000001
2023-01-20 00:00:00,1.34639,1.3467799999999999,1.34557,1.34649
2023-01-20 01:00:00,1.3465,1.34676,1.34583,1.34642
2023-01-20 02:00:00,1.34642,1.34671,1.34573,1.34606
2023-01-20 03:00:00,1.34606,1.34665,1.34486,1.3453300000000001
2023-01-20 04:00:00,1.34531,1.34583,1.34456,1.34548
2023-01-20 05:00:00,1.34548,1.34589,1.34522,1.3457
2023-01-20 06:00:00,1.34567,1.34661,1.34567,1.34661
2023-01-20 07:00:00,1.34661,1.34701,1.34596,1.346
2023-01-20 08:00:00,1.346,1.34634,1.34527,1.34631
2023-01-20 09:00:00,1.3463,1.34649,1.34488,1.34522
2023-01-20 10:00:00,1.34522,1.34673,1.34419,1.34666
2023-01-20 11:00:00,1.34666,1.34764,1.34604,1.3468499999999999
2023-01-20 12:00:00,1.34686,1.34767,1.34612,1.34654
2023-01-20 13:00:00,1.3465,1.34755,1.34627,1.34722
2023-01-20 14:00:00,1.34722,1.34798,1.3465099999999999,1.3467500000000001
2023-01-20 15:00:00,1.34676,1.34846,1.34633,1.3474599999999999
2023-01-20 16:00:00,1.34747,1.34973,1.3455300000000001,1.3461400000000001
2023-01-20 17:00:00,1.3461400000000001,1.3466,1.34113,1.34232
2023-01-20 18:00:00,1.34229,1.34249,1.34036,1.3417
2023-01-20 19:00:00,1.3417,1.3422399999999999,1.34055,1.3406500000000001
2023-01-20 20:00:00,1.34066,1.34195,1.33883,1.33906
2023-01-20 21:00:00,1.33906,1.33925,1.33811,1.33854
2023-01-20 22:00:00,1.3385500000000001,1.33877,1.33776,1.33814
2023-01-20 23:00:00,1.33814,1.3382100000000001,1.33731,1.33802
2023-01-23 00:00:00,1.33783,1.33834,1.33775,1.33798
2023-01-23 01:00:00,1.3382399999999999,1.33826,1.33666,1.33709
2023-01-23 02:00:00,1.33705,1.33786,1.33628,1.3363800000000001
2023-01-23 03:00:00,1.3363800000000001,1.3368,1.33552,1.3367499999999999
2023-01-23 04:00:00,1.33679,1.33798,1.33661,1.33774
2023-01-23 05:00:00,1.33773,1.33773,1.33664,1.3376299999999999
2023-01-23 06:00:00,1.3376299999999999,1.3379699999999999,1.3372600000000001,1.3373599999999999
2023-01-23 07:00:00,1.3373599999999999,1.33793,1.3372600000000001,1.33789
2023-01-23 08:00:00,1.33789,1.33842,1.33694,1.33717
2023-01-23 09:00:00,1.33718,1.33835,1.33624,1.33688
2023-01-23 10:00:00,1.33688,1.3372,1.33419,1.33448
2023-01-23 11:00:00,1.33448,1.33556,1.33446,1.33517
2023-01-23 12:00:00,1.33517,1.33654,1.335,1.33551
2023-01-23 13:00:00,1.33552,1.33812,1.33534,1.33735
2023-01-23 14:00:00,1.33735,1.33841,1.33652,1.33653
2023-01-23 15:00:00,1.33653,1.3400699999999999,1.33503,1.33961
2023-01-23 16:00:00,1.3396,1.34175,1.33814,1.33871
2023-01-23 17:00:00,1.33871,1.3403399999999999,1.33751,1.33789
2023-01-23 18:00:00,1.33789,1.33868,1.33697,1.33835
2023-01-23 19:00:00,1.33834,1.33902,1.33743,1.33764
2023-01-23 20:00:00,1.33764,1.33799,1.33691,1.33779
2023-01-23 21:00:00,1.33779,1.33947,1.33757,1.33877
2023-01-23 22:00:00,1.33877,1.33879,1.3373599999999999,1.33737
2023-01-23 23:00:00,1.33738,1.3376299999999999,1.33651,1.33671
2023-01-24 00:00:00,1.3368,1.33715,1.33587,1.33715
2023-01-24 01:00:00,1.33712,1.33732,1.3361,1.3371
2023-01-24 02:00:00,1.33709,1.33741,1.3363800000000001,1.33644
2023-01-24 03:00:00,1.33647,1.33647,1.33522,1.33545
2023-01-24 04:00:00,1.3354300000000001,1.3362,1.33508,1.33594
2023-01-24 05:00:00,1.33594,1.3363,1.3357,1.33612
2023-01-24 06:00:00,1.3361100000000001,1.33689,1.33605,1.33635
2023-01-24 07:00:00,1.33635,1.33644,1.3357,1.33602
2023-01-24 08:00:00,1.33602,1.3361,1.3348499999999999,1.3348499999999999
2023-01-24 09:00:00,1.3349,1.33606,1.33465,1.33578
2023-01-24 10:00:00,1.33578,1.33746,1.33538,1.33608
2023-01-24 11:00:00,1.3360699999999999,1.33798,1.33565,1.33682
2023-01-24 12:00:00,1.33682,1.33852,1.33636,1.33642
2023-01-24 13:00:00,1.3364099999999999,1.33764,1.3351899999999999,1.3357
2023-01-24 14:00:00,1.33571,1.33655,1.33535,1.33566
2023-01-24 15:00:00,1.33566,1.33917,1.3354300000000001,1.33818
2023-01-24 16:00:00,1.33818,1.34094,1.33737,1.34089
2023-01-24 17:00:00,1.34089,1.34137,1.3354599999999999,1.33624
2023-01-24 18:00:00,1.33624,1.33779,1.33555,1.33686
2023-01-24 19:00:00,1.33687,1.33743,1.33536,1.33608
2023-01-24 20:00:00,1.33608,1.33642,1.33537,1.3364099999999999
2023-01-24 21:00:00,1.3364,1.33705,1.33612,1.33624
2023-01-24 22:00:00,1.33624,1.33749,1.3360400000000001,1.33723
2023-01-24 23:00:00,1.33723,1.33724,1.33637,1.33683
2023-01-25 00:00:00,1.33681,1.33727,1.33601,1.33653
2023-01-25 01:00:00,1.33651,1.33801,1.33615,1.3372
2023-01-25 02:00:00,1.3372,1.33801,1.33619,1.33666
2023-01-25 03:00:00,1.33666,1.33719,1.3362,1.3363800000000001
2023-01-25 04:00:00,1.33637,1.33637,1.33494,1.3356
2023-01-25 05:00:00,1.33561,1.33585,1.33507,1.33513
2023-01-25 06:00:00,1.33513,1.3354599999999999,1.33475,1.33542
2023-01-25 07:00:00,1.33536,1.33621,1.33526,1.33574
2023-01-25 08:00:00,1.33575,1.33582,1.33461,1.33481
2023-01-25 09:00:00,1.3348,1.3371,1.33433,1.3366799999999999
2023-01-25 10:00:00,1.3366799999999999,1.33778,1.3358400000000001,1.33676
2023-01-25 11:00:00,1.33676,1.33766,1.33609,1.33762
2023-01-25 12:00:00,1.33765,1.33844,1.33704,1.33799
2023-01-25 13:00:00,1.33798,1.33819,1.33684,1.33707
2023-01-25 14:00:00,1.33708,1.33741,1.33637,1.3366500000000001
2023-01-25 15:00:00,1.3366500000000001,1.33745,1.33647,1.33674
2023-01-25 16:00:00,1.33674,1.33773,1.33401,1.33711
2023-01-25 17:00:00,1.33673,1.3427799999999999,1.33663,1.3411
2023-01-25 18:00:00,1.34109,1.3427799999999999,1.3404099999999999,1.34135
2023-01-25 19:00:00,1.3413300000000001,1.34227,1.34074,1.34103
2023-01-25 20:00:00,1.34103,1.34106,1.33841,1.33963
2023-01-25 21:00:00,1.33959,1.3397000000000001,1.3381,1.33835
2023-01-25 22:00:00,1.33835,1.339,1.3376299999999999,1.33846
2023-01-25 23:00:00,1.33847,1.33961,1.33836,1.3391
2023-01-26 00:00:00,1.33839,1.33887,1.3377,1.3385099999999999
2023-01-26 01:00:00,1.33854,1.33872,1.3379699999999999,1.33803
2023-01-26 02:00:00,1.33803,1.3394599999999999,1.3379699999999999,1.3394300000000001
2023-01-26 03:00:00,1.33942,1.34076,1.33941,1.33989
2023-01-26 04:00:00,1.33988,1.34006,1.33949,1.33969
2023-01-26 05:00:00,1.3397000000000001,1.34053,1.33939,1.34042
2023-01-26 06:00:00,1.34042,1.34043,1.33945,1.33974
2023-01-26 07:00:00,1.33974,1.34033,1.33934,1.33935
2023-01-26 08:00:00,1.33937,1.33999,1.3388499999999999,1.33989
2023-01-26 09:00:00,1.33989,1.34073,1.33886,1.33896
2023-01-26 10:00:00,1.33898,1.33979,1.3369900000000001,1.3397000000000001
2023-01-26 11:00:00,1.33969,1.34077,1.33905,1.34021
2023-01-26 12:00:00,1.34021,1.34035,1.33838,1.33853
2023-01-26 13:00:00,1.3385500000000001,1.33898,1.33795,1.33835
2023-01-26 14:00:00,1.33834,1.33852,1.3364,1.3367200000000001
2023-01-26 15:00:00,1.3367499999999999,1.33811,1.33487,1.33552
2023-01-26 16:00:00,1.33551,1.33578,1.3303,1.33505
2023-01-26 17:00:00,1.33506,1.33731,1.33438,1.3367200000000001
2023-01-26 18:00:00,1.3367200000000001,1.337,1.33442,1.33487
2023-01-26 19:00:00,1.33488,1.33617,1.33413,1.33583
2023-01-26 20:00:00,1.33583,1.3362,1.33449,1.33457
2023-01-26 21:00:00,1.33457,1.33462,1.33313,1.33346
2023-01-26 22:00:00,1.3335,1.3336299999999999,1.33232,1.33242
2023-01-26 23:00:00,1.33239,1.33256,1.33194,1.33213
2023-01-27 00:00:00,1.33169,1.33246,1.33152,1.33222
2023-01-27 01:00:00,1.3320699999999999,1.33259,1.33144,1.33164
2023-01-27 02:00:00,1.33162,1.33213,1.33128,1.33134
2023-01-27 03:00:00,1.33134,1.3324500000000001,1.33125,1.3321
2023-01-27 04:00:00,1.332,1.33318,1.332,1.33291
2023-01-27 05:00:00,1.33291,1.3339400000000001,1.3328,1.33392
2023-01-27 06:00:00,1.33393,1.3342800000000001,1.33368,1.3338700000000001
2023-01-27 07:00:00,1.33389,1.33403,1.3334,1.33347
2023-01-27 08:00:00,1.33346,1.3345099999999999,1.33345,1.33415
2023-01-27 09:00:00,1.33419,1.33446,1.33315,1.33355
2023-01-27 10:00:00,1.33355,1.33466,1.33285,1.33288
2023-01-27 11:00:00,1.33287,1.33301,1.33157,1.33175
2023-01-27 12:00:00,1.33176,1.3322,1.33132,1.33173
2023-01-27 13:00:00,1.33174,1.33263,1.3312,1.33166
2023-01-27 14:00:00,1.33166,1.3325,1.33156,1.33239
2023-01-27 15:00:00,1.3324,1.33289,1.33073,1.33285
2023-01-27 16:00:00,1.33282,1.3342,1.3312,1.33281
2023-01-27 17:00:00,1.33274,1.33385,1.33006,1.33304
2023-01-27 18:00:00,1.3330600000000001,1.33327,1.33048,1.33142
2023-01-27 19:00:00,1.33142,1.33198,1.33033,1.33038
2023-01-27 20:00:00,1.33038,1.33096,1.33003,1.3306
2023-01-27 21:00:00,1.3306,1.3315299999999999,1.3304,1.33045
2023-01-27 22:00:00,1.33045,1.33127,1.33004,1.3312
2023-01-27 23:00:00,1.3312,1.33148,1.33074,1.33084
2023-01-30 00:00:00,1.33108,1.33157,1.33063,1.33095
2023-01-30 01:00:00,1.33095,1.33128,1.33011,1.3305799999999999
2023-01-30 02:00:00,1.3305500000000001,1.33086,1.3299400000000001,1.3302
2023-01-30 03:00:00,1.33025,1.33166,1.33011,1.3308200000000001
2023-01-30 04:00:00,1.33086,1.33202,1.33081,1.33196
2023-01-30 05:00:00,1.33196,1.33261,1.33191,1.33259
2023-01-30 06:00:00,1.33258,1.33278,1.33155,1.33194
2023-01-30 07:00:00,1.33198,1.33307,1.33197,1.333
2023-01-30 08:00:00,1.333,1.33403,1.33285,1.3332899999999999
2023-01-30 09:00:00,1.33328,1.3344,1.33316,1.33416
2023-01-30 10:00:00,1.33416,1.33536,1.33332,1.3345500000000001
2023-01-30 11:00:00,1.33446,1.33471,1.33252,1.3329900000000001
2023-01-30 12:00:00,1.33298,1.33305,1.33158,1.3318699999999999
2023-01-30 13:00:00,1.33189,1.33354,1.33175,1.3329
2023-01-30 14:00:00,1.3329,1.33319,1.3321100000000001,1.33257
2023-01-30 15:00:00,1.33256,1.33486,1.33219,1.33447
2023-01-30 16:00:00,1.3345,1.33552,1.33313,1.33503
2023-01-30 17:00:00,1.33506,1.3358400000000001,1.33222,1.3342399999999999
2023-01-30 18:00:00,1.3342399999999999,1.33572,1.33361,1.33502
2023-01-30 19:00:00,1.33502,1.3365,1.33493,1.33583
2023-01-30 20:00:00,1.33582,1.33678,1.33568,1.33659
2023-01-30 21:00:00,1.33658,1.3388499999999999,1.33646,1.3382399999999999
2023-01-30 22:00:00,1.33829,1.3389199999999999,1.33771,1.33891
2023-01-30 23:00:00,1.33891,1.33891,1.33822,1.33857
2023-01-31 00:00:00,1.33842,1.33878,1.33748,1.33842
2023-01-31 01:00:00,1.3383,1.33927,1.33768,1.33837
2023-01-31 02:00:00,1.33837,1.33922,1.3382,1.33842
2023-01-31 03:00:00,1.33841,1.33907,1.33774,1.33839
2023-01-31 04:00:00,1.3384,1.33982,1.33836,1.33969
2023-01-31 05:00:00,1.33971,1.34105,1.33969,1.34103
2023-01-31 06:00:00,1.34103,1.3415,1.34082,1.34084
2023-01-31 07:00:00,1.34084,1.34206,1.34045,1.34195
2023-01-31 08:00:00,1.3419400000000001,1.3423,1.34105,1.34132
2023-01-31 09:00:00,1.3413300000000001,1.34249,1.34063,1.34113
2023-01-31 10:00:00,1.34113,1.34539,1.34093,1.34525
2023-01-31 11:00:00,1.34527,1.34568,1.34449,1.34463
2023-01-31 12:00:00,1.34463,1.34688,1.34461,1.34683
2023-01-31 13:00:00,1.34683,1.34715,1.34504,1.34551
2023-01-31 14:00:00,1.34552,1.34589,1.34414,1.34509
2023-01-31 15:00:00,1.3451,1.34514,1.34067,1.34096
2023-01-31 16:00:00,1.34094,1.34185,1.33898,1.3411
2023-01-31 17:00:00,1.3411,1.3418999999999999,1.33345,1.3345500000000001
2023-01-31 18:00:00,1.3345500000000001,1.33506,1.33221,1.33335
2023-01-31 19:00:00,1.33334,1.33392,1.33128,1.33221
2023-01-31 20:00:00,1.33221,1.33235,1.33003,1.33035
2023-01-31 21:00:00,1.33034,1.33069,1.32996,1.33059
2023-01-31 22:00:00,1.33057,1.33097,1.33018,1.33045
2023-01-31 23:00:00,1.33045,1.33094,1.32988,1.33045
2023-02-01 00:00:00,1.33037,1.33068,1.32998,1.33047
2023-02-01 01:00:00,1.33047,1.33078,1.33022,1.33076
2023-02-01 02:00:00,1.33076,1.33095,1.33022,1.33053
2023-02-01 03:00:00,1.3305500000000001,1.3313,1.32986,1.33088
2023-02-01 04:00:00,1.33088,1.33237,1.33074,1.33212
2023-02-01 05:00:00,1.33212,1.33229,1.33106,1.33106
2023-02-01 06:00:00,1.33109,1.33118,1.33045,1.3309199999999999
2023-02-01 07:00:00,1.33096,1.33247,1.33071,1.3324500000000001
2023-02-01 08:00:00,1.33247,1.33247,1.33107,1.33159
2023-02-01 09:00:00,1.33159,1.33227,1.33071,1.3311
2023-02-01 10:00:00,1.33109,1.33128,1.32888,1.3289900000000001
2023-02-01 11:00:00,1.3289900000000001,1.33094,1.32891,1.33081
2023-02-01 12:00:00,1.3308200000000001,1.33147,1.33034,1.33088
2023-02-01 13:00:00,1.33088,1.33156,1.3304,1.33045
2023-02-01 14:00:00,1.33043,1.33137,1.32988,1.33122
2023-02-01 15:00:00,1.3312,1.33182,1.32956,1.33109
2023-02-01 16:00:00,1.33109,1.33163,1.32917,1.3296299999999999
2023-02-01 17:00:00,1.32961,1.33313,1.32934,1.33231
2023-02-01 18:00:00,1.33232,1.3336000000000001,1.33152,1.33343
2023-02-01 19:00:00,1.33343,1.33477,1.3332,1.33453
2023-02-01 20:00:00,1.33454,1.33637,1.33341,1.33521
2023-02-01 21:00:00,1.33536,1.338,1.32941,1.33017
2023-02-01 22:00:00,1.33013,1.33056,1.32667,1.32878
2023-02-01 23:00:00,1.3287900000000001,1.3295,1.32855,1.32897
2023-02-02 00:00:00,1.32853,1.32883,1.3277,1.32855
2023-02-02 01:00:00,1.32855,1.3286,1.3262800000000001,1.3274
2023-02-02 02:00:00,1.3274,1.32802,1.32709,1.3278400000000001
2023-02-02 03:00:00,1.32785,1.32924,1.32741,1.32836
2023-02-02 04:00:00,1.32839,1.3289900000000001,1.32793,1.3284
2023-02-02 05:00:00,1.32844,1.32861,1.32812,1.32835
2023-02-02 06:00:00,1.32831,1.32836,1.32747,1.32766
2023-02-02 07:00:00,1.32764,1.32867,1.32751,1.32865
2023-02-02 08:00:00,1.32859,1.32917,1.3281399999999999,1.32911
2023-02-02 09:00:00,1.32905,1.32924,1.32817,1.32886
2023-02-02 10:00:00,1.32884,1.32887,1.32623,1.32754
2023-02-02 11:00:00,1.32755,1.3293599999999999,1.3274599999999999,1.32798
2023-02-02 12:00:00,1.32799,1.32961,1.32795,1.32947
2023-02-02 13:00:00,1.32947,1.32973,1.32698,1.32762
2023-02-02 14:00:00,1.32761,1.33056,1.32705,1.32919
2023-02-02 15:00:00,1.32918,1.32984,1.32759,1.3293
2023-02-02 16:00:00,1.3293,1.33314,1.32835,1.3327200000000001
2023-02-02 17:00:00,1.33273,1.33472,1.3299699999999999,1.3304
2023-02-02 18:00:00,1.33038,1.3327,1.32955,1.33175
2023-02-02 19:00:00,1.33174,1.33257,1.33072,1.33181
2023-02-02 20:00:00,1.33179,1.33231,1.33038,1.33052
2023-02-02 21:00:00,1.33052,1.33297,1.33033,1.33253
2023-02-02 22:00:00,1.33252,1.3330600000000001,1.33129,1.3313
2023-02-02 23:00:00,1.3313,1.33235,1.33074,1.3314300000000001
2023-02-03 00:00:00,1.33165,1.3318699999999999,1.33112,1.33148
2023-02-03 01:00:00,1.33148,1.33217,1.33099,1.3317700000000001
2023-02-03 02:00:00,1.33176,1.3326500000000001,1.33176,1.33254
2023-02-03 03:00:00,1.33254,1.33267,1.33195,1.33256
2023-02-03 04:00:00,1.33255,1.33396,1.33233,1.3336000000000001
2023-02-03 05:00:00,1.3336299999999999,1.33366,1.3327499999999999,1.33295
2023-02-03 06:00:00,1.33295,1.33341,1.33266,1.33273
2023-02-03 07:00:00,1.33274,1.33294,1.3321399999999999,1.33277
2023-02-03 08:00:00,1.33274,1.33289,1.33229,1.33282
2023-02-03 09:00:00,1.33283,1.33439,1.33232,1.33391
2023-02-03 10:00:00,1.33389,1.33689,1.33389,1.33663
2023-02-03 11:00:00,1.33666,1.33745,1.33449,1.3347
2023-02-03 12:00:00,1.3347,1.33566,1.3343099999999999,1.33463
2023-02-03 13:00:00,1.33462,1.3352,1.33423,1.33502
2023-02-03 14:00:00,1.33501,1.33663,1.33481,1.3357700000000001
2023-02-03 15:00:00,1.33582,1.3421699999999999,1.33503,1.3410199999999999
2023-02-03 16:00:00,1.34101,1.34201,1.33853,1.33994
2023-02-03 17:00:00,1.34022,1.3425799999999999,1.3351899999999999,1.33682
2023-02-03 18:00:00,1.33682,1.33965,1.33617,1.33949
2023-02-03 19:00:00,1.33949,1.33997,1.3372,1.33933
2023-02-03 20:00:00,1.33933,1.34078,1.33891,1.3391
2023-02-03 21:00:00,1.3391,1.34025,1.33837,1.33904
2023-02-03 22:00:00,1.33904,1.34093,1.33904,1.3401399999999999
2023-02-03 23:00:00,1.3401399999999999,1.34066,1.33996,1.34044
2023-02-06 00:00:00,1.34064,1.34212,1.34037,1.3412899999999999
2023-02-06 01:00:00,1.3412899999999999,1.34182,1.33993,1.34029
2023-02-06 02:00:00,1.34032,1.34096,1.33997,1.3400699999999999
2023-02-06 03:00:00,1.34006,1.34082,1.33981,1.34074
2023-02-06 04:00:00,1.3407499999999999,1.34108,1.34009,1.34037
2023-02-06 05:00:00,1.3403800000000001,1.34074,1.33992,1.34066
2023-02-06 06:00:00,1.34069,1.34077,1.33981,1.34022
2023-02-06 07:00:00,1.34022,1.34085,1.3397299999999999,1.33985
2023-02-06 08:00:00,1.33985,1.34112,1.3397700000000001,1.3409200000000001
2023-02-06 09:00:00,1.3409200000000001,1.34154,1.33963,1.34116
2023-02-06 10:00:00,1.34116,1.34292,1.34021,1.34077
2023-02-06 11:00:00,1.34077,1.3437299999999999,1.3407200000000001,1.34358
2023-02-06 12:00:00,1.34358,1.34456,1.3427799999999999,1.34402
2023-02-06 13:00:00,1.3440400000000001,1.34473,1.34321,1.34326
2023-02-06 14:00:00,1.34326,1.3433899999999999,1.34123,1.34201
2023-02-06 15:00:00,1.34201,1.34342,1.3413300000000001,1.34291
2023-02-06 16:00:00,1.34292,1.3459400000000001,1.34242,1.3452600000000001
2023-02-06 17:00:00,1.34527,1.34756,1.3443100000000001,1.3455
2023-02-06 18:00:00,1.34551,1.34567,1.34315,1.34412
2023-02-06 19:00:00,1.34412,1.34509,1.3437700000000001,1.34454
2023-02-06 20:00:00,1.34454,1.34518,1.34362,1.3437000000000001
2023-02-06 21:00:00,1.34369,1.34446,1.34247,1.34439
2023-02-06 22:00:00,1.3444,1.34507,1.3440400000000001,1.34427
2023-02-06 23:00:00,1.34428,1.34494,1.34413,1.3446
2023-02-07 00:00:00,1.34435,1.3449200000000001,1.34419,1.34458
2023-02-07 01:00:00,1.34458,1.3447,1.34396,1.3443
2023-02-07 02:00:00,1.34429,1.34439,1.3431899999999999,1.34357
2023-02-07 03:00:00,1.34356,1.34366,1.3422,1.34249
2023-02-07 04:00:00,1.34243,1.34271,1.34124,1.34134
2023-02-07 05:00:00,1.34134,1.34211,1.34009,1.34203
2023-02-07 06:00:00,1.34202,1.34314,1.34192,1.34286
2023-02-07 07:00:00,1.34286,1.34304,1.34198,1.34211
2023-02-07 08:00:00,1.34211,1.34254,1.34113,1.34176
2023-02-07 09:00:00,1.34174,1.34298,1.34168,1.34286
2023-02-07 10:00:00,1.34284,1.3443100000000001,1.34172,1.3422100000000001
2023-02-07 11:00:00,1.3422100000000001,1.3425,1.34051,1.34118
2023-02-07 12:00:00,1.34117,1.34218,1.34073,1.34206
2023-02-07 13:00:00,1.34205,1.34354,1.3418700000000001,1.3427
2023-02-07 14:00:00,1.34271,1.34292,1.34171,1.34242
2023-02-07 15:00:00,1.34242,1.34545,1.3421,1.34477
2023-02-07 16:00:00,1.34477,1.34639,1.34455,1.3453
2023-02-07 17:00:00,1.3452899999999999,1.34688,1.34454,1.34507
2023-02-07 18:00:00,1.34505,1.3451,1.34243,1.34395
2023-02-07 19:00:00,1.34395,1.34507,1.3384,1.33896
2023-02-07 20:00:00,1.33899,1.34588,1.3379699999999999,1.34453
2023-02-07 21:00:00,1.34453,1.3447,1.34097,1.34118
2023-02-07 22:00:00,1.34118,1.34218,1.33962,1.3403800000000001
2023-02-07 23:00:00,1.3403800000000001,1.3406799999999999,1.33944,1.33982
2023-02-08 00:00:00,1.33968,1.33999,1.33868,1.33903
2023-02-08 01:00:00,1.33903,1.33996,1.33893,1.3390900000000001
2023-02-08 02:00:00,1.3391,1.34,1.33895,1.33938
2023-02-08 03:00:00,1.3394,1.34037,1.33914,1.33999
2023-02-08 04:00:00,1.34,1.34076,1.33938,1.33942
2023-02-08 05:00:00,1.33942,1.33961,1.33898,1.33924
2023-02-08 06:00:00,1.33925,1.33963,1.33907,1.33926
2023-02-08 07:00:00,1.33928,1.33972,1.3391600000000001,1.33928
2023-02-08 08:00:00,1.33928,1.33938,1.3385500000000001,1.33899
2023-02-08 09:00:00,1.33899,1.33978,1.33715,1.3372600000000001
2023-02-08 10:00:00,1.33727,1.33833,1.33647,1.33667
2023-02-08 11:00:00,1.33667,1.33731,1.336,1.33693
2023-02-08 12:00:00,1.33693,1.3379400000000001,1.3365,1.33744
2023-02-08 13:00:00,1.33745,1.33859,1.33713,1.3376700000000001
2023-02-08 14:00:00,1.3376700000000001,1.3400400000000001,1.33722,1.34002
2023-02-08 15:00:00,1.34003,1.34164,1.33964,1.34091
2023-02-08 16:00:00,1.34091,1.3425500000000001,1.3405,1.34177
2023-02-08 17:00:00,1.34178,1.34433,1.34139,1.34271
2023-02-08 18:00:00,1.3427,1.34442,1.3425799999999999,1.34297
2023-02-08 19:00:00,1.34297,1.34376,1.34267,1.34305
2023-02-08 20:00:00,1.34304,1.34393,1.34213,1.3433899999999999
2023-02-08 21:00:00,1.3433899999999999,1.34445,1.34306,1.34382
2023-02-08 22:00:00,1.34383,1.34493,1.3436,1.3447
2023-02-08 23:00:00,1.3447,1.34504,1.34451,1.34455
2023-02-09 00:00:00,1.34418,1.34451,1.34349,1.34397
2023-02-09 01:00:00,1.34397,1.34483,1.34395,1.34455
2023-02-09 02:00:00,1.34458,1.34501,1.34439,1.34496
2023-02-09 03:00:00,1.3449499999999999,1.3459400000000001,1.34477,1.34496
2023-02-09 04:00:00,1.34496,1.34497,1.34402,1.3444
2023-02-09 05:00:00,1.3444,1.3445,1.34358,1.34372
2023-02-09 06:00:00,1.3437299999999999,1.34386,1.34348,1.34349
2023-02-09 07:00:00,1.34351,1.34374,1.34292,1.3433899999999999
2023-02-09 08:00:00,1.34338,1.34352,1.34287,1.3431899999999999
2023-02-09 09:00:00,1.34317,1.3432,1.34152,1.34167
2023-02-09 10:00:00,1.34167,1.3418,1.3400699999999999,1.34058
2023-02-09 11:00:00,1.34059,1.34155,1.34016,1.34044
2023-02-09 12:00:00,1.34044,1.34083,1.3397299999999999,1.33975
2023-02-09 13:00:00,1.33974,1.34108,1.33972,1.34074
2023-02-09 14:00:00,1.34073,1.3412600000000001,1.3392,1.33957
2023-02-09 15:00:00,1.33958,1.34012,1.33723,1.33783
2023-02-09 16:00:00,1.33782,1.34098,1.33728,1.34055
2023-02-09 17:00:00,1.34056,1.34173,1.33971,1.34145
2023-02-09 18:00:00,1.34145,1.34386,1.34145,1.34286
2023-02-09 19:00:00,1.34286,1.34558,1.34273,1.3446500000000001
2023-02-09 20:00:00,1.3446500000000001,1.34557,1.34414,1.34471
2023-02-09 21:00:00,1.3447200000000001,1.34585,1.34415,1.34516
2023-02-09 22:00:00,1.34515,1.34631,1.34507,1.34612
2023-02-09 23:00:00,1.34611,1.3461699999999999,1.34539,1.34557
2023-02-10 00:00:00,1.34491,1.34537,1.34426,1.34493
2023-02-10 01:00:00,1.34494,1.34555,1.34473,1.34485
2023-02-10 02:00:00,1.34485,1.34589,1.34481,1.34494
2023-02-10 03:00:00,1.34494,1.34603,1.34477,1.34538
2023-02-10 04:00:00,1.34539,1.34631,1.34524,1.34625
2023-02-10 05:00:00,1.34627,1.34708,1.34615,1.34699
2023-02-10 06:00:00,1.34698,1.34721,1.34661,1.34686
2023-02-10 07:00:00,1.34687,1.34694,1.34576,1.34581
2023-02-10 08:00:00,1.34581,1.34584,1.34507,1.3452600000000001
2023-02-10 09:00:00,1.3452600000000001,1.34574,1.34391,1.34451
2023-02-10 10:00:00,1.34451,1.34461,1.34172,1.34212
2023-02-10 11:00:00,1.34212,1.34371,1.34132,1.34369
2023-02-10 12:00:00,1.34369,1.34496,1.34341,1.34386
2023-02-10 13:00:00,1.34387,1.34541,1.34371,1.3449200000000001
2023-02-10 14:00:00,1.34494,1.34531,1.34364,1.34439
2023-02-10 15:00:00,1.34439,1.34467,1.3361399999999999,1.3376299999999999
2023-02-10 16:00:00,1.3376299999999999,1.33817,1.33503,1.33619
2023-02-10 17:00:00,1.33619,1.33734,1.33448,1.33535
2023-02-10 18:00:00,1.33534,1.33637,1.33449,1.33633
2023-02-10 19:00:00,1.3363399999999999,1.33749,1.33576,1.3360699999999999
2023-02-10 20:00:00,1.33608,1.3364099999999999,1.33517,1.33633
2023-02-10 21:00:00,1.33633,1.33653,1.33445,1.33449
2023-02-10 22:00:00,1.3345,1.33495,1.33378,1.33449
2023-02-10 23:00:00,1.3345,1.3348200000000001,1.33417,1.3342800000000001
2023-02-13 00:00:00,1.33433,1.33484,1.33416,1.3345
2023-02-13 01:00:00,1.33449,1.3357999999999999,1.33442,1.33572
2023-02-13 02:00:00,1.33578,1.33642,1.33525,1.33558
2023-02-13 03:00:00,1.33558,1.3379699999999999,1.33537,1.33621
2023-02-13 04:00:00,1.33621,1.33761,1.33591,1.33696
2023-02-13 05:00:00,1.33693,1.33753,1.33667,1.33751
2023-02-13 06:00:00,1.3375,1.3378999999999999,1.33732,1.33768
2023-02-13 07:00:00,1.33769,1.3378,1.33714,1.3372899999999999
2023-02-13 08:00:00,1.3372899999999999,1.33738,1.33632,1.33704
2023-02-13 09:00:00,1.33703,1.3371,1.33571,1.33632
2023-02-13 10:00:00,1.33631,1.33717,1.33535,1.33563
2023-02-13 11:00:00,1.33563,1.33688,1.33515,1.33648
2023-02-13 12:00:00,1.33648,1.33715,1.33598,1.33616
2023-02-13 13:00:00,1.3361399999999999,1.33617,1.3341,1.33418
2023-02-13 14:00:00,1.33418,1.33475,1.3324799999999999,1.33457
2023-02-13 15:00:00,1.33457,1.33606,1.3343,1.33574
2023-02-13 16:00:00,1.33575,1.33723,1.3343099999999999,1.33468
2023-02-13 17:00:00,1.33469,1.3349199999999999,1.33298,1.33435
2023-02-13 18:00:00,1.33433,1.3355299999999999,1.33416,1.3348499999999999
2023-02-13 19:00:00,1.3348499999999999,1.33523,1.33261,1.3333
2023-02-13 20:00:00,1.3333,1.3342,1.3326500000000001,1.33303
2023-02-13 21:00:00,1.3330199999999999,1.33395,1.3326,1.33369
2023-02-13 22:00:00,1.33369,1.33426,1.33346,1.33361
2023-02-13 23:00:00,1.33362,1.33399,1.33305,1.33311
2023-02-14 00:00:00,1.33307,1.33338,1.33285,1.33321
2023-02-14 01:00:00,1.33321,1.3336700000000001,1.33318,1.33351
2023-02-14 02:00:00,1.33352,1.33404,1.33332,1.33381
2023-02-14 03:00:00,1.3338,1.33535,1.33344,1.33472
2023-02-14 04:00:00,1.3347,1.33524,1.33408,1.33413
2023-02-14 05:00:00,1.33413,1.33426,1.3332,1.3333599999999999
2023-02-14 06:00:00,1.33332,1.33349,1.33301,1.33327
2023-02-14 07:00:00,1.33325,1.33411,1.33314,1.33365
2023-02-14 08:00:00,1.33365,1.33446,1.33364,1.33372
2023-02-14 09:00:00,1.33372,1.3346,1.33311,1.33444
2023-02-14 10:00:00,1.33444,1.33497,1.33355,1.33385
2023-02-14 11:00:00,1.33385,1.33417,1.33274,1.33352
2023-02-14 12:00:00,1.33353,1.33441,1.33332,1.33437
2023-02-14 13:00:00,1.33437,1.3348200000000001,1.33392,1.33448
2023-02-14 14:00:00,1.33449,1.33454,1.33185,1.3325
2023-02-14 15:00:00,1.33249,1.3374,1.32737,1.33246
2023-02-14 16:00:00,1.33244,1.33903,1.33091,1.33417
2023-02-14 17:00:00,1.33414,1.3367499999999999,1.33046,1.3355000000000001
2023-02-14 18:00:00,1.3355000000000001,1.33761,1.33372,1.33669
2023-02-14 19:00:00,1.33669,1.33692,1.33504,1.3351600000000001
2023-02-14 20:00:00,1.3351899999999999,1.33545,1.33339,1.33527
2023-02-14 21:00:00,1.33526,1.33623,1.33364,1.33386
2023-02-14 22:00:00,1.33385,1.3348499999999999,1.33356,1.33375
2023-02-14 23:00:00,1.33375,1.33416,1.33355,1.3336000000000001
2023-02-15 00:00:00,1.3334,1.33404,1.3333,1.33372
2023-02-15 01:00:00,1.33372,1.33418,1.3330199999999999,1.33409
2023-02-15 02:00:00,1.33409,1.33469,1.33402,1.3341
2023-02-15 03:00:00,1.3341,1.33472,1.3341,1.3345500000000001
2023-02-15 04:00:00,1.3345500000000001,1.33605,1.33449,1.33601
2023-02-15 05:00:00,1.33602,1.33656,1.33559,1.33648
2023-02-15 06:00:00,1.33647,1.33673,1.33585,1.33586
2023-02-15 07:00:00,1.33587,1.3366,1.33569,1.33635
2023-02-15 08:00:00,1.33633,1.33752,1.33602,1.33713
2023-02-15 09:00:00,1.33712,1.33844,1.33703,1.33829
2023-02-15 10:00:00,1.3383,1.33972,1.3382399999999999,1.33911
2023-02-15 11:00:00,1.33911,1.34018,1.33896,1.33955
2023-02-15 12:00:00,1.33955,1.34056,1.33949,1.34008
2023-02-15 13:00:00,1.3400699999999999,1.3407,1.33947,1.34054
2023-02-15 14:00:00,1.34054,1.34105,1.33906,1.34079
2023-02-15 15:00:00,1.3408,1.34332,1.33981,1.34222
2023-02-15 16:00:00,1.34222,1.34402,1.34134,1.34335
2023-02-15 17:00:00,1.34333,1.34369,1.34134,1.34178
2023-02-15 18:00:00,1.34178,1.3418999999999999,1.33933,1.3401399999999999
2023-02-15 19:00:00,1.34012,1.34286,1.3400400000000001,1.34227
2023-02-15 20:00:00,1.34227,1.343,1.33925,1.33938
2023-02-15 21:00:00,1.33937,1.34006,1.3387,1.34
2023-02-15 22:00:00,1.34,1.34023,1.33908,1.33908
2023-02-15 23:00:00,1.3390900000000001,1.3395299999999999,1.33891,1.33935
2023-02-16 00:00:00,1.33859,1.33925,1.33833,1.33901
2023-02-16 01:00:00,1.33903,1.33984,1.33899,1.3392
2023-02-16 02:00:00,1.3392,1.34077,1.33856,1.34032
2023-02-16 03:00:00,1.34032,1.34069,1.33771,1.33818
2023-02-16 04:00:00,1.33818,1.3383099999999999,1.33708,1.33738
2023-02-16 05:00:00,1.33738,1.33845,1.33732,1.33836
2023-02-16 06:00:00,1.33835,1.33843,1.3373599999999999,1.33774
2023-02-16 07:00:00,1.33774,1.33865,1.33756,1.33829
2023-02-16 08:00:00,1.33829,1.33952,1.33816,1.33888
2023-02-16 09:00:00,1.3388900000000001,1.33905,1.33746,1.33766
2023-02-16 10:00:00,1.33766,1.33783,1.3357299999999999,1.33772
2023-02-16 11:00:00,1.33772,1.33843,1.3367499999999999,1.33808
2023-02-16 12:00:00,1.33809,1.33846,1.33719,1.33838
2023-02-16 13:00:00,1.33838,1.33897,1.33809,1.33846
2023-02-16 14:00:00,1.33847,1.34045,1.33813,1.3404
2023-02-16 15:00:00,1.3404,1.34322,1.3394300000000001,1.3422
2023-02-16 16:00:00,1.3422,1.34588,1.34151,1.34569
2023-02-16 17:00:00,1.34571,1.34789,1.34436,1.3451
2023-02-16 18:00:00,1.3451,1.3468499999999999,1.34345,1.3451
2023-02-16 19:00:00,1.34513,1.34548,1.34301,1.3432
2023-02-16 20:00:00,1.34321,1.3445,1.34276,1.3431899999999999
2023-02-16 21:00:00,1.34317,1.34329,1.34229,1.34271
2023-02-16 22:00:00,1.34271,1.34596,1.34266,1.3456299999999999
2023-02-16 23:00:00,1.34562,1.3461,1.3455300000000001,1.34569
2023-02-17 00:00:00,1.34486,1.34604,1.34448,1.34596
2023-02-17 01:00:00,1.3459699999999999,1.34735,1.34593,1.34735
2023-02-17 02:00:00,1.34735,1.3474599999999999,1.3468499999999999,1.34692
2023-02-17 03:00:00,1.34692,1.34825,1.34646,1.34796
2023-02-17 04:00:00,1.34796,1.3484,1.3477299999999999,1.34811
2023-02-17 05:00:00,1.34814,1.34848,1.34791,1.3484099999999999
2023-02-17 06:00:00,1.34842,1.34893,1.3483,1.3484099999999999
2023-02-17 07:00:00,1.34842,1.34893,1.34829,1.3486500000000001
2023-02-17 08:00:00,1.34866,1.34938,1.3483800000000001,1.34923
2023-02-17 09:00:00,1.3492199999999999,1.3501,1.34875,1.34996
2023-02-17 10:00:00,1.34996,1.35221,1.34996,1.35128
2023-02-17 11:00:00,1.35128,1.35195,1.34965,1.3504
2023-02-17 12:00:00,1.3504,1.35175,1.35029,1.3517000000000001
2023-02-17 13:00:00,1.3517000000000001,1.35373,1.35147,1.3535300000000001
2023-02-17 14:00:00,1.35354,1.35373,1.35121,1.35195
2023-02-17 15:00:00,1.35196,1.35254,1.34894,1.34975
2023-02-17 16:00:00,1.34974,1.35226,1.34852,1.35155
2023-02-17 17:00:00,1.35156,1.35172,1.34696,1.34925
2023-02-17 18:00:00,1.34925,1.35046,1.3479,1.34875
2023-02-17 19:00:00,1.34875,1.3489,1.3468499999999999,1.34848
2023-02-17 20:00:00,1.34847,1.34913,1.34752,1.3480699999999999
2023-02-17 21:00:00,1.34806,1.34806,1.34668,1.34706
2023-02-17 22:00:00,1.34704,1.34771,1.34669,1.34767
2023-02-17 23:00:00,1.34767,1.34771,1.34692,1.34738
2023-02-20 00:00:00,1.34753,1.3481,1.34674,1.34747
2023-02-20 01:00:00,1.34748,1.34851,1.34748,1.34825
2023-02-20 02:00:00,1.34825,1.34945,1.34816,1.34914
2023-02-20 03:00:00,1.34914,1.34937,1.3479,1.34869
2023-02-20 04:00:00,1.34869,1.34891,1.34769,1.34791
2023-02-20 05:00:00,1.3479,1.34817,1.34775,1.34803
2023-02-20 06:00:00,1.34803,1.34805,1.34714,1.34785
2023-02-20 07:00:00,1.34782,1.34808,1.34677,1.34681
2023-02-20 08:00:00,1.34681,1.34737,1.34679,1.34715
2023-02-20 09:00:00,1.34714,1.3474,1.34623,1.34626
2023-02-20 10:00:00,1.34626,1.34715,1.34599,1.34612
2023-02-20 11:00:00,1.34612,1.3471600000000001,1.34559,1.34653
2023-02-20 12:00:00,1.34652,1.34691,1.34579,1.34592
2023-02-20 13:00:00,1.34589,1.34637,1.345,1.34623
2023-02-20 14:00:00,1.34622,1.3471,1.34602,1.34646
2023-02-20 15:00:00,1.34645,1.3464800000000001,1.34504,1.34541
2023-02-20 16:00:00,1.34539,1.3454,1.34413,1.34507
2023-02-20 17:00:00,1.34509,1.34565,1.34488,1.34554
2023-02-20 18:00:00,1.34554,1.34591,1.34488,1.34491
2023-02-20 19:00:00,1.34491,1.34532,1.34485,1.34514
2023-02-20 20:00:00,1.34514,1.34525,1.34487,1.34518
2023-02-20 21:00:00,1.34515,1.3453,1.34503,1.34509
2023-02-20 22:00:00,1.34509,1.34537,1.34507,1.3452899999999999
2023-02-20 23:00:00,1.34527,1.3455,1.34508,1.3452
2023-02-21 00:00:00,1.34481,1.34525,1.34428,1.3449
2023-02-21 01:00:00,1.34491,1.34548,1.34459,1.34536
2023-02-21 02:00:00,1.34536,1.34641,1.3453300000000001,1.34627
2023-02-21 03:00:00,1.34627,1.3480699999999999,1.34627,1.3471899999999999
2023-02-21 04:00:00,1.3471899999999999,1.3474599999999999,1.3463,1.34707
2023-02-21 05:00:00,1.34707,1.34783,1.34689,1.34742
2023-02-21 06:00:00,1.34742,1.3477299999999999,1.3471,1.34724
2023-02-21 07:00:00,1.34722,1.34769,1.3467799999999999,1.34679
2023-02-21 08:00:00,1.34679,1.34789,1.34679,1.3472
2023-02-21 09:00:00,1.3472,1.34916,1.3472,1.34844
2023-02-21 10:00:00,1.34845,1.34884,1.34706,1.34852
2023-02-21 11:00:00,1.34852,1.3492199999999999,1.34414,1.34541
2023-02-21 12:00:00,1.34541,1.34704,1.3452899999999999,1.34654
2023-02-21 13:00:00,1.3465500000000001,1.34665,1.34464,1.34544
2023-02-21 14:00:00,1.34546,1.34637,1.34514,1.34568
2023-02-21 15:00:00,1.34568,1.35009,1.34444,1.34966
2023-02-21 16:00:00,1.3497,1.35289,1.34913,1.35195
2023-02-21 17:00:00,1.35198,1.3523399999999999,1.34886,1.34967
2023-02-21 18:00:00,1.34966,1.35161,1.34879,1.35144
2023-02-21 19:00:00,1.35144,1.35308,1.35132,1.35194
2023-02-21 20:00:00,1.35196,1.35443,1.35156,1.35379
2023-02-21 21:00:00,1.35379,1.35491,1.3532899999999999,1.35355
2023-02-21 22:00:00,1.35355,1.3541400000000001,1.35297,1.3537
2023-02-21 23:00:00,1.35369,1.35433,1.35332,1.35337
2023-02-22 00:00:00,1.35336,1.35369,1.35294,1.35304
2023-02-22 01:00:00,1.35308,1.35371,1.35301,1.35332
2023-02-22 02:00:00,1.35331,1.35418,1.35297,1.35298
2023-02-22 03:00:00,1.3529900000000001,1.35442,1.35271,1.35403
2023-02-22 04:00:00,1.35404,1.35453,1.35304,1.35348
2023-02-22 05:00:00,1.35349,1.35434,1.35311,1.35395
2023-02-22 06:00:00,1.35389,1.35459,1.3538700000000001,1.35404
2023-02-22 07:00:00,1.35404,1.35468,1.35396,1.35433
2023-02-22 08:00:00,1.35433,1.35452,1.35368,1.35397
2023-02-22 09:00:00,1.35396,1.35442,1.35296,1.35399
2023-02-22 10:00:00,1.35397,1.35564,1.35386,1.35514
2023-02-22 11:00:00,1.35514,1.35602,1.3545,1.35527
2023-02-22 12:00:00,1.35527,1.35594,1.35501,1.35558
2023-02-22 13:00:00,1.35559,1.3556300000000001,1.35472,1.3551
2023-02-22 14:00:00,1.3550900000000001,1.35518,1.35142,1.35291
2023-02-22 15:00:00,1.35287,1.3542,1.35243,1.35318
2023-02-22 16:00:00,1.3532199999999999,1.3544,1.35281,1.35425
2023-02-22 17:00:00,1.3542399999999999,1.35589,1.35333,1.35431
2023-02-22 18:00:00,1.35431,1.3551,1.35364,1.35398
2023-02-22 19:00:00,1.35399,1.35446,1.35242,1.35301
2023-02-22 20:00:00,1.35302,1.3535599999999999,1.35232,1.3533
2023-02-22 21:00:00,1.35331,1.35683,1.35221,1.35676
2023-02-22 22:00:00,1.35674,1.35675,1.3554300000000001,1.35557
2023-02-22 23:00:00,1.35556,1.35575,1.35495,1.35499
2023-02-23 00:00:00,1.3549,1.35534,1.3541,1.35506
2023-02-23 01:00:00,1.35508,1.35518,1.35438,1.3546
2023-02-23 02:00:00,1.3546,1.35468,1.3538299999999999,1.3538700000000001
2023-02-23 03:00:00,1.3538700000000001,1.3538999999999999,1.3525,1.35269
2023-02-23 04:00:00,1.3526799999999999,1.35315,1.35213,1.35222
2023-02-23 05:00:00,1.35222,1.35243,1.3517700000000001,1.35223
2023-02-23 06:00:00,1.35223,1.3525,1.35209,1.35211
2023-02-23 07:00:00,1.35211,1.3529,1.3521,1.35266
2023-02-23 08:00:00,1.35266,1.35266,1.35196,1.35255
2023-02-23 09:00:00,1.3526,1.3532199999999999,1.3521,1.35252
2023-02-23 10:00:00,1.35251,1.35343,1.35221,1.35332
2023-02-23 11:00:00,1.35332,1.35442,1.35296,1.35405
2023-02-23 12:00:00,1.35405,1.35427,1.35293,1.35314
2023-02-23 13:00:00,1.35314,1.35389,1.3523100000000001,1.35264
2023-02-23 14:00:00,1.35263,1.35316,1.35225,1.35302
2023-02-23 15:00:00,1.353,1.35519,1.35283,1.35466
2023-02-23 16:00:00,1.35466,1.35488,1.35161,1.35222
2023-02-23 17:00:00,1.35218,1.35549,1.35192,1.3547500000000001
2023-02-23 18:00:00,1.3547500000000001,1.3572199999999999,1.3545099999999999,1.35666
2023-02-23 19:00:00,1.35666,1.35812,1.35587,1.35642
2023-02-23 20:00:00,1.35643,1.35682,1.35571,1.35647
2023-02-23 21:00:00,1.35647,1.35657,1.35346,1.3550499999999999
2023-02-23 22:00:00,1.3550499999999999,1.3550499999999999,1.35362,1.35426
2023-02-23 23:00:00,1.35427,1.35491,1.35406,1.35476
2023-02-24 00:00:00,1.3544,1.35457,1.3538299999999999,1.35436
2023-02-24 01:00:00,1.35436,1.35465,1.35413,1.35435
2023-02-24 02:00:00,1.35435,1.35471,1.35349,1.35349
2023-02-24 03:00:00,1.35348,1.35438,1.35274,1.35377
2023-02-24 04:00:00,1.35377,1.35395,1.35301,1.35358
2023-02-24 05:00:00,1.35358,1.35366,1.35273,1.35364
2023-02-24 06:00:00,1.3536299999999999,1.35436,1.35349,1.3542
2023-02-24 07:00:00,1.3542,1.3546,1.35386,1.35446
2023-02-24 08:00:00,1.35446,1.35521,1.3542,1.35497
2023-02-24 09:00:00,1.35497,1.35575,1.35486,1.35571
2023-02-24 10:00:00,1.35571,1.3572899999999999,1.35558,1.35704
2023-02-24 11:00:00,1.35704,1.35785,1.35669,1.3568500000000001
2023-02-24 12:00:00,1.3568500000000001,1.35754,1.3563399999999999,1.35747
2023-02-24 13:00:00,1.35747,1.35947,1.35747,1.35852
2023-02-24 14:00:00,1.35852,1.35985,1.3584399999999999,1.35968
2023-02-24 15:00:00,1.35968,1.36282,1.35917,1.36263
2023-02-24 16:00:00,1.36263,1.36649,1.36208,1.36413
2023-02-24 17:00:00,1.36413,1.36532,1.36258,1.36444
2023-02-24 18:00:00,1.36442,1.36452,1.3609499999999999,1.36196
2023-02-24 19:00:00,1.36195,1.3627500000000001,1.3607,1.36163
2023-02-24 20:00:00,1.36163,1.36289,1.36114,1.36223
2023-02-24 21:00:00,1.36219,1.36258,1.36001,1.36077
2023-02-24 22:00:00,1.36084,1.36136,1.35969,1.36056
2023-02-24 23:00:00,1.3605800000000001,1.36089,1.36032,1.3606500000000001
2023-02-27 00:00:00,1.36073,1.36086,1.36007,1.36049
2023-02-27 01:00:00,1.36048,1.36054,1.35953,1.35967
2023-02-27 02:00:00,1.35968,1.36069,1.35933,1.35968
2023-02-27 03:00:00,1.35968,1.36006,1.35924,1.35938
2023-02-27 04:00:00,1.35941,1.36045,1.35925,1.36029
2023-02-27 05:00:00,1.36029,1.36173,1.36009,1.36163
2023-02-27 06:00:00,1.36163,1.3618299999999999,1.36107,1.36154
2023-02-27 07:00:00,1.36154,1.36223,1.3611,1.36212
2023-02-27 08:00:00,1.36212,1.3624,1.36113,1.36189
2023-02-27 09:00:00,1.36188,1.36199,1.36006,1.36013
2023-02-27 10:00:00,1.36014,1.36019,1.3587,1.35951
2023-02-27 11:00:00,1.35951,1.35979,1.35884,1.3596599999999999
2023-02-27 12:00:00,1.3596599999999999,1.36081,1.3594,1.35954
2023-02-27 13:00:00,1.35953,1.35999,1.35897,1.35981
2023-02-27 14:00:00,1.3598,1.36068,1.35894,1.35929
2023-02-27 15:00:00,1.3593,1.35933,1.35577,1.35678
2023-02-27 16:00:00,1.35678,1.35849,1.35622,1.35771
2023-02-27 17:00:00,1.35777,1.35831,1.35341,1.35648
2023-02-27 18:00:00,1.35647,1.35885,1.35594,1.35752
2023-02-27 19:00:00,1.35751,1.3584100000000001,1.35682,1.35705
2023-02-27 20:00:00,1.35706,1.3578999999999999,1.35672,1.35723
2023-02-27 21:00:00,1.3572199999999999,1.35824,1.35656,1.35804
2023-02-27 22:00:00,1.35805,1.35829,1.35733,1.35755
2023-02-27 23:00:00,1.35754,1.35792,1.35735,1.35742
2023-02-28 00:00:00,1.35731,1.35761,1.3565800000000001,1.35691
2023-02-28 01:00:00,1.35697,1.35758,1.35691,1.35757
2023-02-28 02:00:00,1.35758,1.35786,1.35673,1.35754
2023-02-28 03:00:00,1.35754,1.35803,1.35707,1.35788
2023-02-28 04:00:00,1.3578700000000001,1.35823,1.35714,1.35748
2023-02-28 05:00:00,1.35746,1.35802,1.35743,1.35793
2023-02-28 06:00:00,1.35793,1.35853,1.35782,1.35837
2023-02-28 07:00:00,1.35838,1.35921,1.35836,1.35887
2023-02-28 08:00:00,1.35887,1.3590499999999999,1.35766,1.358
2023-02-28 09:00:00,1.358,1.3596599999999999,1.35782,1.35965
2023-02-28 10:00:00,1.35964,1.36059,1.35828,1.35869
2023-02-28 11:00:00,1.3587,1.35971,1.35782,1.35896
2023-02-28 12:00:00,1.35896,1.35898,1.35686,1.35694
2023-02-28 13:00:00,1.3569200000000001,1.35712,1.35609,1.35655
2023-02-28 14:00:00,1.35656,1.35769,1.35636,1.35705
2023-02-28 15:00:00,1.35707,1.35913,1.35652,1.35852
2023-02-28 16:00:00,1.3585099999999999,1.36091,1.35751,1.35952
2023-02-28 17:00:00,1.3593600000000001,1.3618999999999999,1.35865,1.3611900000000001
2023-02-28 18:00:00,1.3612,1.36165,1.35931,1.36159
2023-02-28 19:00:00,1.36159,1.3617,1.36081,1.36164
2023-02-28 20:00:00,1.36165,1.36199,1.36115,1.36147
2023-02-28 21:00:00,1.36147,1.36292,1.36111,1.36292
2023-02-28 22:00:00,1.36292,1.3646,1.36265,1.3646
2023-02-28 23:00:00,1.36459,1.36484,1.36433,1.36468
2023-03-01 00:00:00,1.36435,1.36435,1.36335,1.36402
2023-03-01 01:00:00,1.36402,1.36466,1.36383,1.36456
2023-03-01 02:00:00,1.36452,1.36589,1.3645,1.36565
2023-03-01 03:00:00,1.36565,1.36574,1.3630900000000001,1.36337
2023-03-01 04:00:00,1.36337,1.36377,1.36317,1.36342
2023-03-01 05:00:00,1.36342,1.36354,1.36198,1.36237
2023-03-01 06:00:00,1.36236,1.3626,1.36195,1.36211
2023-03-01 07:00:00,1.36211,1.36229,1.36145,1.36195
2023-03-01 08:00:00,1.36195,1.36208,1.36044,1.3608
2023-03-01 09:00:00,1.36079,1.36136,1.36015,1.36054
2023-03-01 10:00:00,1.36053,1.36176,1.3594300000000001,1.35979
2023-03-01 11:00:00,1.35976,1.3612600000000001,1.35903,1.36041
2023-03-01 12:00:00,1.36041,1.36097,1.35947,1.35971
2023-03-01 13:00:00,1.35971,1.3605800000000001,1.35935,1.35951
2023-03-01 14:00:00,1.35951,1.36006,1.35842,1.35898
2023-03-01 15:00:00,1.35898,1.36314,1.35885,1.3631199999999999
2023-03-01 16:00:00,1.3631199999999999,1.36354,1.36076,1.36121
2023-03-01 17:00:00,1.3609499999999999,1.36533,1.35993,1.36012
2023-03-01 18:00:00,1.36013,1.3627500000000001,1.35937,1.35976
2023-03-01 19:00:00,1.35976,1.36091,1.35952,1.35995
2023-03-01 20:00:00,1.35995,1.36129,1.35981,1.36108
2023-03-01 21:00:00,1.36109,1.36173,1.36053,1.361
2023-03-01 22:00:00,1.36099,1.36105,1.3596599999999999,1.35972
2023-03-01 23:00:00,1.35972,1.35987,1.35894,1.35908
2023-03-02 00:00:00,1.35891,1.35949,1.35872,1.3593899999999999
2023-03-02 01:00:00,1.3594,1.35955,1.35892,1.359
2023-03-02 02:00:00,1.35899,1.35992,1.35824,1.35986
2023-03-02 03:00:00,1.35986,1.36263,1.35977,1.36099
2023-03-02 04:00:00,1.36098,1.36117,1.35992,1.3605
2023-03-02 05:00:00,1.36048,1.36154,1.36028,1.36103
2023-03-02 06:00:00,1.36103,1.36129,1.36062,1.36097
2023-03-02 07:00:00,1.36097,1.36218,1.36087,1.3616
2023-03-02 08:00:00,1.36161,1.36196,1.36104,1.36115
2023-03-02 09:00:00,1.36115,1.36274,1.36033,1.36265
2023-03-02 10:00:00,1.36265,1.3633899999999999,1.36022,1.36056
2023-03-02 11:00:00,1.36056,1.3615,1.3597299999999999,1.36108
2023-03-02 12:00:00,1.36109,1.36255,1.36101,1.3618700000000001
2023-03-02 13:00:00,1.36186,1.36188,1.36081,1.36107
2023-03-02 14:00:00,1.36106,1.36235,1.36007,1.36222
2023-03-02 15:00:00,1.3622,1.36412,1.36142,1.3630499999999999
2023-03-02 16:00:00,1.36304,1.36318,1.3608799999999999,1.36099
2023-03-02 17:00:00,1.36099,1.3621400000000001,1.35984,1.36049
2023-03-02 18:00:00,1.3605,1.36201,1.3596599999999999,1.36172
2023-03-02 19:00:00,1.36167,1.36272,1.36145,1.36245
2023-03-02 20:00:00,1.36245,1.36318,1.36091,1.36124
2023-03-02 21:00:00,1.3612199999999999,1.36179,1.35996,1.36025
2023-03-02 22:00:00,1.36026,1.36074,1.35889,1.3593899999999999
2023-03-02 23:00:00,1.35938,1.35982,1.35938,1.35959
2023-03-03 00:00:00,1.35945,1.35974,1.35893,1.35924
2023-03-03 01:00:00,1.35924,1.35977,1.35914,1.35977
2023-03-03 02:00:00,1.35976,1.36013,1.35845,1.35854
2023-03-03 03:00:00,1.35854,1.3589,1.35764,1.35837
2023-03-03 04:00:00,1.35838,1.35911,1.35798,1.35892
2023-03-03 05:00:00,1.35892,1.3590499999999999,1.35833,1.35857
2023-03-03 06:00:00,1.35856,1.3590200000000001,1.35836,1.35883
2023-03-03 07:00:00,1.35884,1.35887,1.3581699999999999,1.35857
2023-03-03 08:00:00,1.35857,1.35861,1.35698,1.357
2023-03-03 09:00:00,1.35699,1.35819,1.35698,1.35778
2023-03-03 10:00:00,1.35778,1.35798,1.35574,1.35615
2023-03-03 11:00:00,1.35616,1.35652,1.35552,1.35629
2023-03-03 12:00:00,1.35629,1.3572,1.35613,1.35623
2023-03-03 13:00:00,1.35623,1.35744,1.35614,1.35734
2023-03-03 14:00:00,1.35734,1.36013,1.3569499999999999,1.3597299999999999
2023-03-03 15:00:00,1.35975,1.36186,1.35952,1.36155
2023-03-03 16:00:00,1.3615599999999999,1.36395,1.36129,1.36184
2023-03-03 17:00:00,1.3624,1.36442,1.3614,1.3625099999999999
2023-03-03 18:00:00,1.3625099999999999,1.36292,1.36071,1.3608500000000001
2023-03-03 19:00:00,1.3608500000000001,1.36151,1.35959,1.35976
2023-03-03 20:00:00,1.35975,1.3608799999999999,1.35956,1.36059
2023-03-03 21:00:00,1.3606,1.36107,1.35911,1.3591199999999999
2023-03-03 22:00:00,1.3591199999999999,1.35994,1.35832,1.3593
2023-03-03 23:00:00,1.3593,1.35994,1.35924,1.35948
2023-03-06 00:00:00,1.35993,1.36064,1.35893,1.36021
2023-03-06 01:00:00,1.36021,1.36063,1.35964,1.36051
2023-03-06 02:00:00,1.36054,1.36073,1.36018,1.36072
2023-03-06 03:00:00,1.36072,1.3614,1.3602699999999999,1.36039
2023-03-06 04:00:00,1.36039,1.36096,1.35839,1.35877
2023-03-06 05:00:00,1.35874,1.35929,1.35868,1.35929
2023-03-06 06:00:00,1.35929,1.36016,1.35923,1.3600400000000001
2023-03-06 07:00:00,1.3600400000000001,1.36033,1.35955,1.3596
2023-03-06 08:00:00,1.3596,1.36013,1.3593,1.35949
2023-03-06 09:00:00,1.35949,1.35982,1.35854,1.35862
2023-03-06 10:00:00,1.35863,1.35957,1.3582,1.35896
2023-03-06 11:00:00,1.35895,1.3603,1.35866,1.35999
2023-03-06 12:00:00,1.35999,1.36087,1.3597299999999999,1.36022
2023-03-06 13:00:00,1.36021,1.36279,1.36021,1.36261
2023-03-06 14:00:00,1.36261,1.36286,1.36189,1.36202
2023-03-06 15:00:00,1.36202,1.36235,1.36016,1.36169
2023-03-06 16:00:00,1.3617,1.3628,1.36144,1.36189
2023-03-06 17:00:00,1.36186,1.36246,1.36069,1.36133
2023-03-06 18:00:00,1.36134,1.3622,1.36051,1.3606
2023-03-06 19:00:00,1.3606099999999999,1.36139,1.35967,1.36086
2023-03-06 20:00:00,1.36087,1.36197,1.36078,1.36171
2023-03-06 21:00:00,1.36171,1.3621699999999999,1.36147,1.36197
2023-03-06 22:00:00,1.36197,1.3624100000000001,1.36162,1.36163
2023-03-06 23:00:00,1.36165,1.36182,1.36113,1.36116
2023-03-07 00:00:00,1.36118,1.36127,1.36064,1.36073
2023-03-07 01:00:00,1.36072,1.36163,1.36072,1.36162
2023-03-07 02:00:00,1.36162,1.3618000000000001,1.36109,1.36141
2023-03-07 03:00:00,1.3614,1.36181,1.36044,1.36055
2023-03-07 04:00:00,1.36055,1.36068,1.35996,1.36039
2023-03-07 05:00:00,1.36039,1.3618700000000001,1.36038,1.3605800000000001
2023-03-07 06:00:00,1.3605800000000001,1.3609499999999999,1.36039,1.36078
2023-03-07 07:00:00,1.36079,1.3613,1.36067,1.36114
2023-03-07 08:00:00,1.36114,1.36194,1.3608500000000001,1.36184
2023-03-07 09:00:00,1.3618299999999999,1.36224,1.36057,1.36197
2023-03-07 10:00:00,1.36197,1.36301,1.3614,1.3627500000000001
2023-03-07 11:00:00,1.36276,1.36337,1.36236,1.36315
2023-03-07 12:00:00,1.36315,1.3634,1.36237,1.36257
2023-03-07 13:00:00,1.36257,1.36399,1.36238,1.36398
2023-03-07 14:00:00,1.36398,1.36457,1.36361,1.36364
2023-03-07 15:00:00,1.36364,1.36528,1.36351,1.36493
2023-03-07 16:00:00,1.3648799999999999,1.36708,1.36453,1.36646
2023-03-07 17:00:00,1.36648,1.3731,1.36647,1.37231
2023-03-07 18:00:00,1.37231,1.37432,1.37118,1.37372
2023-03-07 19:00:00,1.37372,1.37412,1.37183,1.37355
2023-03-07 20:00:00,1.37355,1.37567,1.3731900000000001,1.37506
2023-03-07 21:00:00,1.37506,1.37612,1.37474,1.37607
2023-03-07 22:00:00,1.37605,1.37605,1.37423,1.37515
2023-03-07 23:00:00,1.37516,1.3755600000000001,1.37496,1.3753600000000001
2023-03-08 00:00:00,1.37524,1.37524,1.37426,1.3746
2023-03-08 01:00:00,1.37457,1.37544,1.37449,1.37501
2023-03-08 02:00:00,1.37501,1.37565,1.37489,1.37501
2023-03-08 03:00:00,1.37501,1.37548,1.3746,1.37547
2023-03-08 04:00:00,1.37548,1.37694,1.3752,1.37687
2023-03-08 05:00:00,1.3768799999999999,1.37734,1.37648,1.37714
2023-03-08 06:00:00,1.37713,1.37713,1.37592,1.37612
2023-03-08 07:00:00,1.37612,1.37697,1.37609,1.37626
2023-03-08 08:00:00,1.37626,1.37637,1.37541,1.37579
2023-03-08 09:00:00,1.37579,1.37668,1.3757,1.37646
2023-03-08 10:00:00,1.37647,1.3767,1.37533,1.37602
2023-03-08 11:00:00,1.37601,1.37647,1.37521,1.37588
2023-03-08 12:00:00,1.37588,1.37625,1.37521,1.37533
2023-03-08 13:00:00,1.3753199999999999,1.37591,1.37493,1.37575
2023-03-08 14:00:00,1.37575,1.37587,1.37463,1.37497
2023-03-08 15:00:00,1.37497,1.37702,1.3745,1.37641
2023-03-08 16:00:00,1.37641,1.37733,1.37452,1.37481
2023-03-08 17:00:00,1.37482,1.37943,1.37478,1.37903
2023-03-08 18:00:00,1.3790200000000001,1.3792499999999999,1.37707,1.3784399999999999
2023-03-08 19:00:00,1.37845,1.37957,1.37793,1.37952
2023-03-08 20:00:00,1.37952,1.38148,1.3790200000000001,1.38137
2023-03-08 21:00:00,1.38137,1.38143,1.3796300000000001,1.37996
2023-03-08 22:00:00,1.37995,1.38032,1.37903,1.37927
2023-03-08 23:00:00,1.37927,1.38025,1.37916,1.38023
2023-03-09 00:00:00,1.38013,1.38035,1.37904,1.37943
2023-03-09 01:00:00,1.37971,1.38007,1.37954,1.37996
2023-03-09 02:00:00,1.37996,1.38092,1.37987,1.38063
2023-03-09 03:00:00,1.38066,1.3817,1.38031,1.38122
2023-03-09 04:00:00,1.38122,1.3813900000000001,1.38069,1.3811
2023-03-09 05:00:00,1.3811200000000001,1.38131,1.3807,1.38101
2023-03-09 06:00:00,1.381,1.38128,1.38026,1.38026
2023-03-09 07:00:00,1.38026,1.3804400000000001,1.37948,1.37987
2023-03-09 08:00:00,1.37987,1.38022,1.3795899999999999,1.3801
2023-03-09 09:00:00,1.38012,1.38026,1.37933,1.37957
2023-03-09 10:00:00,1.37957,1.37994,1.37896,1.37951
2023-03-09 11:00:00,1.37951,1.3807,1.37924,1.38056
2023-03-09 12:00:00,1.38055,1.38084,1.37896,1.37907
2023-03-09 13:00:00,1.37908,1.3792900000000001,1.37854,1.37883
2023-03-09 14:00:00,1.37883,1.38037,1.37879,1.38023
2023-03-09 15:00:00,1.3802400000000001,1.38144,1.37809,1.37814
2023-03-09 16:00:00,1.37814,1.3786399999999999,1.3754,1.37643
2023-03-09 17:00:00,1.37643,1.3771200000000001,1.3752499999999999,1.37626
2023-03-09 18:00:00,1.37626,1.37781,1.37614,1.37772
2023-03-09 19:00:00,1.3777300000000001,1.37981,1.37752,1.37941
2023-03-09 20:00:00,1.37941,1.38049,1.37897,1.37991
2023-03-09 21:00:00,1.3799000000000001,1.38242,1.37964,1.38242
2023-03-09 22:00:00,1.3824100000000001,1.3837,1.38222,1.3833
2023-03-09 23:00:00,1.3833,1.3837,1.38273,1.38279
2023-03-10 00:00:00,1.38259,1.38283,1.38147,1.38274
2023-03-10 01:00:00,1.38274,1.38352,1.38252,1.38311
2023-03-10 02:00:00,1.38316,1.38345,1.38262,1.38285
2023-03-10 03:00:00,1.38289,1.38362,1.38256,1.38346
2023-03-10 04:00:00,1.38346,1.3848,1.38323,1.38397
2023-03-10 05:00:00,1.38399,1.38471,1.38391,1.38457
2023-03-10 06:00:00,1.38457,1.38472,1.38358,1.38371
2023-03-10 07:00:00,1.38373,1.38438,1.38314,1.38408
2023-03-10 08:00:00,1.38408,1.3848,1.38374,1.38457
2023-03-10 09:00:00,1.38456,1.38457,1.38273,1.38357
2023-03-10 10:00:00,1.38357,1.38595,1.38345,1.38582
2023-03-10 11:00:00,1.38582,1.38618,1.3827099999999999,1.3836
2023-03-10 12:00:00,1.3836,1.38406,1.38288,1.3838300000000001
2023-03-10 13:00:00,1.38384,1.3844400000000001,1.38215,1.38304
2023-03-10 14:00:00,1.38304,1.38392,1.3819,1.38299
2023-03-10 15:00:00,1.38299,1.38379,1.37666,1.37852
2023-03-10 16:00:00,1.37852,1.38121,1.37741,1.37887
2023-03-10 17:00:00,1.37888,1.38021,1.37613,1.37762
2023-03-10 18:00:00,1.3776,1.38067,1.3765,1.38035
2023-03-10 19:00:00,1.38035,1.38116,1.3789500000000001,1.37974
2023-03-10 20:00:00,1.37974,1.38473,1.37909,1.38436
2023-03-10 21:00:00,1.38433,1.38435,1.38243,1.38305
2023-03-10 22:00:00,1.38306,1.38354,1.38222,1.3833
2023-03-10 23:00:00,1.38327,1.38327,1.38229,1.38262
2023-03-13 00:00:00,1.38033,1.38138,1.3769,1.37829
2023-03-13 01:00:00,1.37827,1.3786,1.37632,1.37674
2023-03-13 02:00:00,1.37673,1.37761,1.37567,1.37618
2023-03-13 03:00:00,1.3761700000000001,1.37867,1.37542,1.37846
2023-03-13 04:00:00,1.37848,1.3786800000000001,1.37113,1.37152
2023-03-13 05:00:00,1.37153,1.37236,1.37109,1.37195
2023-03-13 06:00:00,1.3719299999999999,1.37292,1.37165,1.37274
2023-03-13 07:00:00,1.37273,1.37341,1.37235,1.37321
2023-03-13 08:00:00,1.37321,1.37484,1.37299,1.3742
2023-03-13 09:00:00,1.37422,1.37523,1.37213,1.37289
2023-03-13 10:00:00,1.37289,1.37484,1.37146,1.37389
2023-03-13 11:00:00,1.37389,1.37731,1.37366,1.37725
2023-03-13 12:00:00,1.37724,1.37977,1.37634,1.37858
2023-03-13 13:00:00,1.37856,1.38008,1.37691,1.37872
2023-03-13 14:00:00,1.37872,1.38019,1.3764,1.37686
2023-03-13 15:00:00,1.37686,1.37908,1.3739,1.37404
2023-03-13 16:00:00,1.37404,1.3753,1.36901,1.3694
2023-03-13 17:00:00,1.3694,1.37054,1.3679700000000001,1.36871
2023-03-13 18:00:00,1.3687,1.37257,1.36771,1.37246
2023-03-13 19:00:00,1.37245,1.37405,1.37086,1.37226
2023-03-13 20:00:00,1.37226,1.37333,1.37147,1.37209
2023-03-13 21:00:00,1.37209,1.37404,1.37178,1.37297
2023-03-13 22:00:00,1.37295,1.3732199999999999,1.37246,1.37273
2023-03-13 23:00:00,1.37289,1.37381,1.37182,1.37305
2023-03-14 00:00:00,1.37306,1.37416,1.3726,1.3737599999999999
2023-03-14 01:00:00,1.37368,1.37442,1.37353,1.37412
2023-03-14 02:00:00,1.37409,1.3748,1.37348,1.37423
2023-03-14 03:00:00,1.37417,1.37487,1.37358,1.37395
2023-03-14 04:00:00,1.37396,1.37435,1.37296,1.37417
2023-03-14 05:00:00,1.37416,1.37416,1.3725800000000001,1.37298
2023-03-14 06:00:00,1.37298,1.37356,1.37243,1.37304
2023-03-14 07:00:00,1.37306,1.3737,1.37275,1.37297
2023-03-14 08:00:00,1.37297,1.37345,1.37144,1.3725399999999999
2023-03-14 09:00:00,1.37252,1.37273,1.37021,1.37151
2023-03-14 10:00:00,1.37152,1.37353,1.37109,1.37241
2023-03-14 11:00:00,1.37241,1.37501,1.37241,1.37354
2023-03-14 12:00:00,1.37356,1.37416,1.37206,1.37236
2023-03-14 13:00:00,1.37236,1.37248,1.36865,1.3694
2023-03-14 14:00:00,1.3694,1.37284,1.3660999999999999,1.36625
2023-03-14 15:00:00,1.36627,1.36881,1.36571,1.36587
2023-03-14 16:00:00,1.36586,1.3679999999999999,1.36514,1.36796
2023-03-14 17:00:00,1.36795,1.36843,1.36566,1.36761
2023-03-14 18:00:00,1.36761,1.36847,1.36676,1.36839
2023-03-14 19:00:00,1.36838,1.36986,1.3677000000000001,1.36839
2023-03-14 20:00:00,1.36838,1.3691,1.36688,1.36808
2023-03-14 21:00:00,1.36806,1.36924,1.36699,1.36717
2023-03-14 22:00:00,1.36715,1.36891,1.3670499999999999,1.36866
2023-03-14 23:00:00,1.36825,1.36853,1.36761,1.36813
2023-03-15 00:00:00,1.36813,1.3689200000000001,1.36787,1.36882
2023-03-15 01:00:00,1.36882,1.36902,1.36839,1.36896
2023-03-15 02:00:00,1.36897,1.36959,1.3687,1.36928
2023-03-15 03:00:00,1.3693,1.36931,1.36801,1.36815
2023-03-15 04:00:00,1.36814,1.36823,1.36599,1.36647
2023-03-15 05:00:00,1.36645,1.3676300000000001,1.36634,1.36745
2023-03-15 06:00:00,1.36745,1.36817,1.36731,1.36779
2023-03-15 07:00:00,1.36778,1.36928,1.36769,1.3691900000000001
2023-03-15 08:00:00,1.3691900000000001,1.36926,1.36767,1.36847
2023-03-15 09:00:00,1.36845,1.36992,1.36796,1.36874
2023-03-15 10:00:00,1.36874,1.37047,1.36859,1.36936
2023-03-15 11:00:00,1.36936,1.37165,1.36872,1.37149
2023-03-15 12:00:00,1.37148,1.37487,1.37087,1.37425
2023-03-15 13:00:00,1.37426,1.37683,1.3738000000000001,1.37629
2023-03-15 14:00:00,1.37629,1.37825,1.37396,1.37578
2023-03-15 15:00:00,1.37579,1.3786100000000001,1.3747099999999999,1.37822
2023-03-15 16:00:00,1.37822,1.3814199999999999,1.37692,1.3794
2023-03-15 17:00:00,1.37939,1.38126,1.3790499999999999,1.3799000000000001
2023-03-15 18:00:00,1.37991,1.3813900000000001,1.37951,1.38031
2023-03-15 19:00:00,1.38029,1.38031,1.37684,1.37703
2023-03-15 20:00:00,1.37702,1.37784,1.37417,1.37476
2023-03-15 21:00:00,1.37476,1.37758,1.37402,1.37603
2023-03-15 22:00:00,1.37604,1.37698,1.3756,1.37659
2023-03-15 23:00:00,1.37655,1.3766,1.37455,1.37611
2023-03-16 00:00:00,1.37611,1.37701,1.37586,1.37661
2023-03-16 01:00:00,1.37661,1.3768099999999999,1.37564,1.37675
2023-03-16 02:00:00,1.37676,1.37677,1.37393,1.37442
2023-03-16 03:00:00,1.37443,1.3757,1.37404,1.37503
2023-03-16 04:00:00,1.3750200000000001,1.37562,1.37429,1.3756
2023-03-16 05:00:00,1.3755899999999999,1.37615,1.37499,1.37503
2023-03-16 06:00:00,1.37503,1.3759700000000001,1.3743699999999999,1.3752499999999999
2023-03-16 07:00:00,1.37524,1.37579,1.3743,1.3752900000000001
2023-03-16 08:00:00,1.37528,1.37583,1.37461,1.37503
2023-03-16 09:00:00,1.37503,1.37665,1.37324,1.37362
2023-03-16 10:00:00,1.37359,1.37417,1.37213,1.37415
2023-03-16 11:00:00,1.37415,1.37538,1.37358,1.3749
2023-03-16 12:00:00,1.3749,1.37649,1.37485,1.37501
2023-03-16 13:00:00,1.37501,1.37687,1.3731,1.37325
2023-03-16 14:00:00,1.37325,1.37552,1.37265,1.37423
2023-03-16 15:00:00,1.37423,1.3769,1.37368,1.37551
2023-03-16 16:00:00,1.3755,1.37877,1.37427,1.37466
2023-03-16 17:00:00,1.3746399999999999,1.3768099999999999,1.37427,1.37602
2023-03-16 18:00:00,1.37602,1.37709,1.37279,1.37347
2023-03-16 19:00:00,1.3734899999999999,1.37393,1.37236,1.37268
2023-03-16 20:00:00,1.37267,1.37427,1.37243,1.37272
2023-03-16 21:00:00,1.37272,1.37311,1.37181,1.37198
2023-03-16 22:00:00,1.3719700000000001,1.37207,1.37138,1.37179
2023-03-16 23:00:00,1.37179,1.3725,1.37117,1.37188
2023-03-17 00:00:00,1.37214,1.37247,1.37186,1.37208
2023-03-17 01:00:00,1.3721,1.37233,1.37141,1.37203
2023-03-17 02:00:00,1.37203,1.37365,1.37198,1.37304
2023-03-17 03:00:00,1.37305,1.37317,1.3704100000000001,1.37051
2023-03-17 04:00:00,1.37052,1.37057,1.36952,1.3700700000000001
2023-03-17 05:00:00,1.3700700000000001,1.37033,1.3685399999999999,1.36929
2023-03-17 06:00:00,1.36929,1.36947,1.36844,1.36849
2023-03-17 07:00:00,1.36849,1.36972,1.36837,1.36951
2023-03-17 08:00:00,1.36952,1.37112,1.36947,1.3696
2023-03-17 09:00:00,1.3696,1.37005,1.36776,1.36844
2023-03-17 10:00:00,1.36844,1.37005,1.36785,1.36982
2023-03-17 11:00:00,1.36984,1.37027,1.36904,1.3698299999999999
2023-03-17 12:00:00,1.3698299999999999,1.3719000000000001,1.36933,1.37108
2023-03-17 13:00:00,1.37109,1.3729,1.37052,1.37096
2023-03-17 14:00:00,1.37096,1.37292,1.3707099999999999,1.37246
2023-03-17 15:00:00,1.37247,1.37606,1.37207,1.37442
2023-03-17 16:00:00,1.37448,1.3759299999999999,1.37211,1.3750499999999999
2023-03-17 17:00:00,1.3750499999999999,1.37734,1.37447,1.3752900000000001
2023-03-17 18:00:00,1.37528,1.37567,1.37209,1.3737
2023-03-17 19:00:00,1.37371,1.37401,1.37181,1.37183
2023-03-17 20:00:00,1.37178,1.3732199999999999,1.37141,1.37161
2023-03-17 21:00:00,1.3716,1.37347,1.3715,1.37337
2023-03-17 22:00:00,1.37339,1.37391,1.37323,1.37352
2023-03-20 00:00:00,1.37,1.37241,1.36992,1.37206
2023-03-20 01:00:00,1.37206,1.37241,1.37088,1.37135
2023-03-20 02:00:00,1.37138,1.37141,1.3686099999999999,1.36911
2023-03-20 03:00:00,1.3691200000000001,1.37232,1.3689200000000001,1.37162
2023-03-20 04:00:00,1.37162,1.3717,1.37038,1.37108
2023-03-20 05:00:00,1.37108,1.37253,1.37108,1.37198
2023-03-20 06:00:00,1.37198,1.37257,1.3713899999999999,1.37212
2023-03-20 07:00:00,1.37212,1.37231,1.37141,1.37164
2023-03-20 08:00:00,1.37162,1.37423,1.37154,1.3740700000000001
2023-03-20 09:00:00,1.3740700000000001,1.3747099999999999,1.37225,1.37246
2023-03-20 10:00:00,1.37246,1.37426,1.3706,1.37168
2023-03-20 11:00:00,1.3716599999999999,1.37398,1.37099,1.37184
2023-03-20 12:00:00,1.37184,1.3725399999999999,1.3697,1.37003
2023-03-20 13:00:00,1.37004,1.37147,1.36993,1.37063
2023-03-20 14:00:00,1.37063,1.37106,1.36775,1.36841
2023-03-20 15:00:00,1.36841,1.3697,1.3662,1.36621
2023-03-20 16:00:00,1.3661400000000001,1.36725,1.3651499999999999,1.36597
2023-03-20 17:00:00,1.36598,1.36904,1.36574,1.3685800000000001
2023-03-20 18:00:00,1.3685800000000001,1.36921,1.36716,1.3675
2023-03-20 19:00:00,1.3675,1.36772,1.36589,1.36751
2023-03-20 20:00:00,1.36752,1.36773,1.36564,1.36616
2023-03-20 21:00:00,1.36616,1.36653,1.36551,1.36613
2023-03-20 22:00:00,1.36612,1.36665,1.36592,1.36647
2023-03-20 23:00:00,1.36623,1.36693,1.36544,1.36635
2023-03-21 00:00:00,1.36635,1.3666,1.36625,1.36653
2023-03-21 01:00:00,1.36652,1.3673899999999999,1.36629,1.36727
2023-03-21 02:00:00,1.36727,1.3677000000000001,1.36619,1.3677000000000001
2023-03-21 03:00:00,1.3677000000000001,1.36825,1.3675,1.36768
2023-03-21 04:00:00,1.36769,1.36825,1.36723,1.3676599999999999
2023-03-21 05:00:00,1.3676599999999999,1.36838,1.36757,1.36813
2023-03-21 06:00:00,1.36813,1.36906,1.36813,1.36887
2023-03-21 07:00:00,1.36886,1.36903,1.3683,1.36865
2023-03-21 08:00:00,1.36865,1.36988,1.36832,1.36866
2023-03-21 09:00:00,1.36866,1.36884,1.36749,1.36826
2023-03-21 10:00:00,1.3682699999999999,1.36875,1.3667500000000001,1.3677000000000001
2023-03-21 11:00:00,1.3677000000000001,1.3681,1.36654,1.36689
2023-03-21 12:00:00,1.36689,1.3673199999999999,1.3657,1.3664399999999999
2023-03-21 13:00:00,1.3664399999999999,1.36674,1.36531,1.36588
2023-03-21 14:00:00,1.36588,1.3679700000000001,1.36572,1.36686
2023-03-21 15:00:00,1.36685,1.3672,1.36441,1.36684
2023-03-21 16:00:00,1.36684,1.3719000000000001,1.3667500000000001,1.37154
2023-03-21 17:00:00,1.37148,1.3737300000000001,1.37088,1.3732
2023-03-21 18:00:00,1.3732,1.3737,1.37262,1.37306
2023-03-21 19:00:00,1.37307,1.37338,1.37208,1.3728099999999999
2023-03-21 20:00:00,1.3728099999999999,1.37308,1.37161,1.37178
2023-03-21 21:00:00,1.37178,1.37201,1.37114,1.37154
2023-03-21 22:00:00,1.37153,1.3716300000000001,1.3710499999999999,1.3712900000000001
2023-03-21 23:00:00,1.37109,1.37148,1.37022,1.37086
2023-03-22 00:00:00,1.37086,1.37135,1.37084,1.37121
2023-03-22 01:00:00,1.37121,1.37147,1.37092,1.37093
2023-03-22 02:00:00,1.37093,1.37183,1.37083,1.37103
2023-03-22 03:00:00,1.37103,1.37118,1.37013,1.37045
2023-03-22 04:00:00,1.37046,1.37089,1.37016,1.37077
2023-03-22 05:00:00,1.37076,1.37107,1.36994,1.3701699999999999
2023-03-22 06:00:00,1.37019,1.3704,1.36977,1.36989
2023-03-22 07:00:00,1.36989,1.37046,1.36981,1.3703
2023-03-22 08:00:00,1.37031,1.3707099999999999,1.36987,1.3702
2023-03-22 09:00:00,1.37019,1.3712900000000001,1.36979,1.3707799999999999
2023-03-22 10:00:00,1.3708,1.37189,1.37039,1.37092
2023-03-22 11:00:00,1.37091,1.37127,1.3695,1.37013
2023-03-22 12:00:00,1.37013,1.37051,1.36959,1.37
2023-03-22 13:00:00,1.37001,1.37148,1.36995,1.37042
2023-03-22 14:00:00,1.37042,1.37135,1.36937,1.3703699999999999
2023-03-22 15:00:00,1.3703699999999999,1.3716300000000001,1.37005,1.37084
2023-03-22 16:00:00,1.37084,1.37231,1.37018,1.3709500000000001
2023-03-22 17:00:00,1.37096,1.37247,1.37038,1.37222
2023-03-22 18:00:00,1.37221,1.37355,1.3716,1.37323
2023-03-22 19:00:00,1.37324,1.3744,1.3722699999999999,1.3737300000000001
2023-03-22 20:00:00,1.37369,1.37369,1.36569,1.36904
2023-03-22 21:00:00,1.36902,1.37253,1.36746,1.37249
2023-03-22 22:00:00,1.37249,1.37314,1.3719000000000001,1.3728
2023-03-22 23:00:00,1.3728500000000001,1.37358,1.37277,1.3732
2023-03-23 00:00:00,1.3719999999999999,1.37298,1.37196,1.37273
2023-03-23 01:00:00,1.37273,1.37298,1.37151,1.37204
2023-03-23 02:00:00,1.37204,1.37219,1.3704100000000001,1.37058
2023-03-23 03:00:00,1.37058,1.3715,1.3705,1.37097
2023-03-23 04:00:00,1.37097,1.37131,1.36629,1.36685
2023-03-23 05:00:00,1.36685,1.36786,1.36679,1.36777
2023-03-23 06:00:00,1.36777,1.36815,1.36663,1.36667
2023-03-23 07:00:00,1.3667,1.36703,1.36629,1.36703
2023-03-23 08:00:00,1.36703,1.36795,1.36649,1.36781
2023-03-23 09:00:00,1.36781,1.3679700000000001,1.36606,1.3669799999999999
2023-03-23 10:00:00,1.36697,1.36792,1.36648,1.36694
2023-03-23 11:00:00,1.36694,1.36826,1.36679,1.3675899999999999
2023-03-23 12:00:00,1.36758,1.3686099999999999,1.36743,1.36765
2023-03-23 13:00:00,1.36765,1.3679999999999999,1.3664399999999999,1.36662
2023-03-23 14:00:00,1.36663,1.36764,1.36395,1.3676300000000001
2023-03-23 15:00:00,1.3676300000000001,1.36826,1.36465,1.36511
2023-03-23 16:00:00,1.3651200000000001,1.36531,1.36314,1.36365
2023-03-23 17:00:00,1.36365,1.36587,1.36306,1.36578
2023-03-23 18:00:00,1.36579,1.36694,1.36531,1.36638
2023-03-23 19:00:00,1.3663699999999999,1.36913,1.3663699999999999,1.36863
2023-03-23 20:00:00,1.36862,1.3725,1.36844,1.37165
2023-03-23 21:00:00,1.3716300000000001,1.37336,1.36981,1.3719000000000001
2023-03-23 22:00:00,1.37192,1.37218,1.3711,1.37127
2023-03-23 23:00:00,1.37128,1.37178,1.3707799999999999,1.37094
2023-03-24 00:00:00,1.37069,1.37249,1.37069,1.37215
2023-03-24 01:00:00,1.37215,1.37272,1.37184,1.37184
2023-03-24 02:00:00,1.37183,1.37229,1.37135,1.37153
2023-03-24 03:00:00,1.37155,1.37365,1.37135,1.37325
2023-03-24 04:00:00,1.37325,1.3734600000000001,1.37243,1.37338
2023-03-24 05:00:00,1.37337,1.37359,1.37214,1.37222
2023-03-24 06:00:00,1.37223,1.3726099999999999,1.37184,1.37185
2023-03-24 07:00:00,1.37185,1.37225,1.37157,1.37214
2023-03-24 08:00:00,1.37214,1.3725,1.37174,1.37199
2023-03-24 09:00:00,1.37198,1.37223,1.3709500000000001,1.37218
2023-03-24 10:00:00,1.37218,1.37606,1.37208,1.37514
2023-03-24 11:00:00,1.37513,1.37766,1.37409,1.37738
2023-03-24 12:00:00,1.3773900000000001,1.37829,1.37602,1.37774
2023-03-24 13:00:00,1.37774,1.37908,1.3774600000000001,1.37877
2023-03-24 14:00:00,1.37876,1.38046,1.3786,1.37974
2023-03-24 15:00:00,1.37974,1.38003,1.37711,1.3774600000000001
2023-03-24 16:00:00,1.37743,1.37855,1.37535,1.37785
2023-03-24 17:00:00,1.37787,1.37951,1.37569,1.37631
2023-03-24 18:00:00,1.37628,1.37642,1.37399,1.37461
2023-03-24 19:00:00,1.37461,1.3753199999999999,1.37398,1.3740299999999999
2023-03-24 20:00:00,1.3740299999999999,1.37477,1.37306,1.3742
2023-03-24 21:00:00,1.37422,1.37446,1.37311,1.3734199999999999
2023-03-24 22:00:00,1.3734199999999999,1.3743,1.37332,1.37401
2023-03-27 00:00:00,1.3728799999999999,1.37382,1.3728,1.37356
2023-03-27 01:00:00,1.37355,1.3738000000000001,1.37267,1.37308
2023-03-27 02:00:00,1.37308,1.37336,1.37263,1.37296
2023-03-27 03:00:00,1.37296,1.3737599999999999,1.3728099999999999,1.37333
2023-03-27 04:00:00,1.37333,1.37439,1.37297,1.37381
2023-03-27 05:00:00,1.37381,1.3738299999999999,1.37323,1.37335
2023-03-27 06:00:00,1.37335,1.37353,1.37238,1.37249
2023-03-27 07:00:00,1.37249,1.37336,1.37237,1.3731200000000001
2023-03-27 08:00:00,1.37313,1.3734199999999999,1.3728,1.3733
2023-03-27 09:00:00,1.3733,1.37396,1.37229,1.37237
2023-03-27 10:00:00,1.37237,1.37453,1.37174,1.37338
2023-03-27 11:00:00,1.37337,1.37358,1.3718,1.37243
2023-03-27 12:00:00,1.37245,1.37323,1.37205,1.3731
2023-03-27 13:00:00,1.37311,1.3734600000000001,1.37211,1.3729
2023-03-27 14:00:00,1.3728799999999999,1.3729,1.36997,1.3710200000000001
2023-03-27 15:00:00,1.3710200000000001,1.3716300000000001,1.37033,1.37131
2023-03-27 16:00:00,1.37131,1.37162,1.36867,1.37006
2023-03-27 17:00:00,1.37006,1.37032,1.36856,1.36998
2023-03-27 18:00:00,1.36998,1.37067,1.3685800000000001,1.3686099999999999
2023-03-27 19:00:00,1.3686,1.36869,1.36652,1.3666800000000001
2023-03-27 20:00:00,1.3666800000000001,1.3669,1.36566,1.3658299999999999
2023-03-27 21:00:00,1.36582,1.3665,1.36503,1.3651499999999999
2023-03-27 22:00:00,1.36514,1.36621,1.3649499999999999,1.3657
2023-03-27 23:00:00,1.36573,1.366,1.36524,1.366
2023-03-28 00:00:00,1.3658000000000001,1.3663,1.3653,1.36599
2023-03-28 01:00:00,1.36596,1.36632,1.36585,1.36625
2023-03-28 02:00:00,1.36625,1.36648,1.36539,1.3655300000000001
2023-03-28 03:00:00,1.3655300000000001,1.36577,1.3641,1.36442
2023-03-28 04:00:00,1.36442,1.36491,1.36399,1.36433
2023-03-28 05:00:00,1.36432,1.36462,1.3637299999999999,1.36404
2023-03-28 06:00:00,1.36404,1.36404,1.36348,1.3636599999999999
2023-03-28 07:00:00,1.36365,1.36405,1.36345,1.36396
2023-03-28 08:00:00,1.36396,1.36411,1.36316,1.36352
2023-03-28 09:00:00,1.36353,1.36437,1.36316,1.36437
2023-03-28 10:00:00,1.36437,1.36443,1.36331,1.36435
2023-03-28 11:00:00,1.36435,1.3682699999999999,1.36412,1.36811
2023-03-28 12:00:00,1.36816,1.36952,1.36779,1.36855
2023-03-28 13:00:00,1.36855,1.36881,1.36663,1.36667
2023-03-28 14:00:00,1.36667,1.36719,1.3654899999999999,1.36632
2023-03-28 15:00:00,1.36632,1.36659,1.36456,1.36578
2023-03-28 16:00:00,1.36579,1.36674,1.36472,1.36605
2023-03-28 17:00:00,1.36603,1.36635,1.36213,1.36294
2023-03-28 18:00:00,1.36293,1.36308,1.36121,1.36159
2023-03-28 19:00:00,1.36158,1.36197,1.36037,1.36052
2023-03-28 20:00:00,1.36047,1.36173,1.36035,1.36172
2023-03-28 21:00:00,1.36173,1.36185,1.3603100000000001,1.3603399999999999
2023-03-28 22:00:00,1.36033,1.36051,1.35915,1.35987
2023-03-28 23:00:00,1.35988,1.35991,1.35959,1.35984
2023-03-29 00:00:00,1.35951,1.35995,1.35951,1.35954
2023-03-29 01:00:00,1.35948,1.36005,1.35937,1.36003
2023-03-29 02:00:00,1.36003,1.36017,1.35929,1.35941
2023-03-29 03:00:00,1.35937,1.35983,1.35892,1.35916
2023-03-29 04:00:00,1.35915,1.35992,1.35873,1.35928
2023-03-29 05:00:00,1.35928,1.36014,1.35916,1.36012
2023-03-29 06:00:00,1.36011,1.36054,1.3599,1.36033
2023-03-29 07:00:00,1.36032,1.36052,1.35974,1.36012
2023-03-29 08:00:00,1.36012,1.36099,1.35992,1.36098
2023-03-29 09:00:00,1.36098,1.36167,1.36074,1.36103
2023-03-29 10:00:00,1.36103,1.36152,1.36045,1.36102
2023-03-29 11:00:00,1.36101,1.36148,1.3602,1.36066
2023-03-29 12:00:00,1.36066,1.36073,1.3585,1.35867
2023-03-29 13:00:00,1.35865,1.35996,1.35852,1.35953
2023-03-29 14:00:00,1.35953,1.3596599999999999,1.35716,1.35813
2023-03-29 15:00:00,1.35813,1.35952,1.35786,1.35868
2023-03-29 16:00:00,1.35869,1.36049,1.35735,1.3574
2023-03-29 17:00:00,1.35741,1.35874,1.35594,1.3585
2023-03-29 18:00:00,1.3585,1.3586,1.3568,1.35757
2023-03-29 19:00:00,1.35757,1.35795,1.35706,1.35742
2023-03-29 20:00:00,1.35742,1.35774,1.35596,1.3566
2023-03-29 21:00:00,1.3566099999999999,1.35747,1.35654,1.35674
2023-03-29 22:00:00,1.35674,1.35725,1.35641,1.3566099999999999
2023-03-29 23:00:00,1.35662,1.35677,1.35562,1.35565
2023-03-30 00:00:00,1.35564,1.35623,1.35532,1.35606
2023-03-30 01:00:00,1.3560400000000001,1.35618,1.35562,1.35567
2023-03-30 02:00:00,1.35568,1.35672,1.3556300000000001,1.3566799999999999
2023-03-30 03:00:00,1.3566799999999999,1.35714,1.35632,1.35691
2023-03-30 04:00:00,1.3569,1.3580999999999999,1.3568500000000001,1.35767
2023-03-30 05:00:00,1.35767,1.3580999999999999,1.35682,1.35796
2023-03-30 06:00:00,1.35795,1.35808,1.35712,1.35748
2023-03-30 07:00:00,1.35748,1.35752,1.35667,1.35675
2023-03-30 08:00:00,1.35675,1.35687,1.35464,1.3550200000000001
2023-03-30 09:00:00,1.3550200000000001,1.35549,1.35429,1.35463
2023-03-30 10:00:00,1.35464,1.3553600000000001,1.35374,1.35374
2023-03-30 11:00:00,1.35373,1.35454,1.35333,1.35354
2023-03-30 12:00:00,1.3535300000000001,1.35499,1.35302,1.35469
2023-03-30 13:00:00,1.3547,1.35534,1.35426,1.35517
2023-03-30 14:00:00,1.35517,1.35564,1.3535300000000001,1.35368
2023-03-30 15:00:00,1.35369,1.3551199999999999,1.35302,1.35408
2023-03-30 16:00:00,1.35408,1.35431,1.35241,1.35282
2023-03-30 17:00:00,1.35286,1.35461,1.3525,1.35304
2023-03-30 18:00:00,1.35304,1.35395,1.35274,1.35361
2023-03-30 19:00:00,1.35362,1.35374,1.35273,1.35284
2023-03-30 20:00:00,1.35286,1.35413,1.35257,1.3538299999999999
2023-03-30 21:00:00,1.35382,1.354,1.35188,1.35198
2023-03-30 22:00:00,1.35198,1.35264,1.35159,1.35246
2023-03-30 23:00:00,1.35246,1.35246,1.35179,1.35217
2023-03-31 00:00:00,1.3520699999999999,1.35247,1.3515,1.35217
2023-03-31 01:00:00,1.35218,1.35235,1.35186,1.35225
2023-03-31 02:00:00,1.35225,1.35229,1.35191,1.35226
2023-03-31 03:00:00,1.35226,1.35253,1.35168,1.35193
2023-03-31 04:00:00,1.35194,1.35224,1.35074,1.3514300000000001
2023-03-31 05:00:00,1.3514599999999999,1.3517700000000001,1.35113,1.35158
2023-03-31 06:00:00,1.35158,1.35256,1.35158,1.3519999999999999
2023-03-31 07:00:00,1.35201,1.35272,1.35188,1.35259
2023-03-31 08:00:00,1.35259,1.35324,1.35255,1.35278
2023-03-31 09:00:00,1.35278,1.3538299999999999,1.35248,1.35359
2023-03-31 10:00:00,1.35358,1.35635,1.3532600000000001,1.35532
2023-03-31 11:00:00,1.35533,1.35645,1.3550200000000001,1.35557
2023-03-31 12:00:00,1.35557,1.35587,1.35433,1.3544800000000001
2023-03-31 13:00:00,1.35447,1.35494,1.35355,1.35486
2023-03-31 14:00:00,1.3548499999999999,1.35588,1.35457,1.35488
2023-03-31 15:00:00,1.35488,1.3556599999999999,1.3532600000000001,1.35459
2023-03-31 16:00:00,1.35459,1.35462,1.35209,1.35333
2023-03-31 17:00:00,1.35339,1.3544,1.35205,1.35345
2023-03-31 18:00:00,1.35343,1.35392,1.35215,1.3525
2023-03-31 19:00:00,1.3525,1.35346,1.35216,1.35223
2023-03-31 20:00:00,1.35224,1.3541699999999999,1.35196,1.35369
2023-03-31 21:00:00,1.35369,1.35403,1.35302,1.35321
2023-03-31 22:00:00,1.3532,1.3532600000000001,1.35124,1.35155
2023-03-31 23:00:00,1.35156,1.35233,1.35129,1.35134
2023-04-03 00:00:00,1.34889,1.34981,1.34846,1.3492199999999999
2023-04-03 01:00:00,1.3492199999999999,1.35156,1.3492,1.34933
2023-04-03 02:00:00,1.34932,1.3505099999999999,1.34882,1.35042
2023-04-03 03:00:00,1.35042,1.35245,1.3501400000000001,1.35042
2023-04-03 04:00:00,1.35043,1.3517700000000001,1.35022,1.35077
2023-04-03 05:00:00,1.35077,1.35182,1.35059,1.3518
2023-04-03 06:00:00,1.35176,1.35213,1.3514,1.35208
2023-04-03 07:00:00,1.3520699999999999,1.35255,1.3514300000000001,1.35246
2023-04-03 08:00:00,1.3525,1.35366,1.3521,1.35281
2023-04-03 09:00:00,1.35281,1.35296,1.35106,1.35107
2023-04-03 10:00:00,1.35107,1.35144,1.34967,1.34972
2023-04-03 11:00:00,1.34973,1.35001,1.34866,1.34911
2023-04-03 12:00:00,1.34911,1.34912,1.3475,1.34836
2023-04-03 13:00:00,1.34836,1.34862,1.34665,1.3467500000000001
2023-04-03 14:00:00,1.3467500000000001,1.34714,1.34469,1.34473
2023-04-03 15:00:00,1.3447200000000001,1.3474,1.34471,1.34711
2023-04-03 16:00:00,1.3470900000000001,1.34738,1.3441,1.34462
2023-04-03 17:00:00,1.34461,1.3455300000000001,1.3424800000000001,1.34523
2023-04-03 18:00:00,1.34524,1.3463,1.34307,1.34349
2023-04-03 19:00:00,1.34351,1.34397,1.34219,1.34241
2023-04-03 20:00:00,1.3424,1.34335,1.34212,1.34254
2023-04-03 21:00:00,1.34254,1.3427799999999999,1.34172,1.34173
2023-04-03 22:00:00,1.34173,1.3422100000000001,1.34116,1.34207
2023-04-03 23:00:00,1.34207,1.3439,1.34185,1.3437999999999999
2023-04-04 00:00:00,1.34331,1.34331,1.34137,1.34279
2023-04-04 01:00:00,1.34279,1.34348,1.34268,1.34325
2023-04-04 02:00:00,1.3431899999999999,1.34371,1.34286,1.34371
2023-04-04 03:00:00,1.34371,1.34378,1.34271,1.34324
2023-04-04 04:00:00,1.34322,1.34401,1.34302,1.34388
2023-04-04 05:00:00,1.34388,1.3444,1.34354,1.34354
2023-04-04 06:00:00,1.34355,1.34392,1.34354,1.34366
2023-04-04 07:00:00,1.34368,1.34382,1.3426,1.3434300000000001
2023-04-04 08:00:00,1.34345,1.34402,1.34306,1.3434599999999999
2023-04-04 09:00:00,1.34345,1.34425,1.3421699999999999,1.34226
2023-04-04 10:00:00,1.34226,1.34366,1.34182,1.34245
2023-04-04 11:00:00,1.34247,1.34291,1.34152,1.34242
2023-04-04 12:00:00,1.34241,1.3427,1.34106,1.34168
2023-04-04 13:00:00,1.34169,1.34237,1.34119,1.34128
2023-04-04 14:00:00,1.34128,1.3441100000000001,1.34127,1.3434300000000001
2023-04-04 15:00:00,1.3434300000000001,1.34561,1.34266,1.3451
2023-04-04 16:00:00,1.3451,1.3453300000000001,1.34264,1.34301
2023-04-04 17:00:00,1.34301,1.34474,1.34059,1.34333
2023-04-04 18:00:00,1.34334,1.346,1.34328,1.34535
2023-04-04 19:00:00,1.34535,1.3467500000000001,1.34532,1.34555
2023-04-04 20:00:00,1.34555,1.34583,1.34452,1.34528
2023-04-04 21:00:00,1.3453,1.34585,1.34477,1.34565
2023-04-04 22:00:00,1.34562,1.34599,1.34466,1.34486
2023-04-04 23:00:00,1.34485,1.34498,1.34439,1.34449
2023-04-05 00:00:00,1.34423,1.34456,1.34317,1.3441100000000001
2023-04-05 01:00:00,1.3441100000000001,1.34476,1.34368,1.34421
2023-04-05 02:00:00,1.34417,1.34426,1.34376,1.34395
2023-04-05 03:00:00,1.34398,1.34402,1.34261,1.3437000000000001
2023-04-05 04:00:00,1.34369,1.34395,1.34318,1.34389
2023-04-05 05:00:00,1.34388,1.34388,1.34259,1.34358
2023-04-05 06:00:00,1.34358,1.34453,1.34354,1.34437
2023-04-05 07:00:00,1.3443800000000001,1.34503,1.34437,1.3447200000000001
2023-04-05 08:00:00,1.3447200000000001,1.34494,1.34444,1.34462
2023-04-05 09:00:00,1.34462,1.34566,1.34456,1.34566
2023-04-05 10:00:00,1.34565,1.34684,1.34464,1.3462399999999999
2023-04-05 11:00:00,1.3462399999999999,1.34765,1.34605,1.34718
2023-04-05 12:00:00,1.34718,1.34828,1.34644,1.34764
2023-04-05 13:00:00,1.34767,1.34793,1.3467500000000001,1.34676
2023-04-05 14:00:00,1.34681,1.34776,1.34601,1.34604
2023-04-05 15:00:00,1.34604,1.34613,1.3445,1.3449
2023-04-05 16:00:00,1.34484,1.34487,1.34359,1.3441
2023-04-05 17:00:00,1.34376,1.34776,1.34275,1.34693
2023-04-05 18:00:00,1.34692,1.34717,1.34461,1.34531
2023-04-05 19:00:00,1.34531,1.34812,1.3451,1.34751
2023-04-05 20:00:00,1.34751,1.34798,1.34591,1.34609
2023-04-05 21:00:00,1.34602,1.34608,1.3452600000000001,1.34568
2023-04-05 22:00:00,1.34571,1.34636,1.34562,1.34636
2023-04-05 23:00:00,1.34636,1.34636,1.34552,1.34566
2023-04-06 00:00:00,1.3455599999999999,1.3461,1.34455,1.34558
2023-04-06 01:00:00,1.34558,1.34579,1.34482,1.34511
2023-04-06 02:00:00,1.3451,1.34548,1.34469,1.34546
2023-04-06 03:00:00,1.34546,1.34667,1.34527,1.34657
2023-04-06 04:00:00,1.34657,1.34812,1.34656,1.34765
2023-04-06 05:00:00,1.34765,1.34856,1.3474599999999999,1.34822
2023-04-06 06:00:00,1.34822,1.3486799999999999,1.34782,1.34857
2023-04-06 07:00:00,1.34856,1.34894,1.34835,1.34867
2023-04-06 08:00:00,1.34867,1.34889,1.34823,1.34828
2023-04-06 09:00:00,1.34828,1.34843,1.34676,1.34703
2023-04-06 10:00:00,1.34703,1.3472,1.34583,1.34666
2023-04-06 11:00:00,1.34666,1.34853,1.34649,1.34794
2023-04-06 12:00:00,1.34795,1.34862,1.34748,1.34754
2023-04-06 13:00:00,1.34754,1.34785,1.34699,1.34717
2023-04-06 14:00:00,1.34717,1.34741,1.34598,1.34628
2023-04-06 15:00:00,1.34629,1.3489200000000001,1.34585,1.34789
2023-04-06 16:00:00,1.3479,1.35059,1.3479,1.35006
2023-04-06 17:00:00,1.35005,1.3501,1.34663,1.34742
2023-04-06 18:00:00,1.34742,1.34871,1.34673,1.3473600000000001
2023-04-06 19:00:00,1.34733,1.3477000000000001,1.34631,1.34754
2023-04-06 20:00:00,1.34755,1.34782,1.3467,1.34691
2023-04-06 21:00:00,1.34689,1.34751,1.3467,1.3471
2023-04-06 22:00:00,1.34711,1.34878,1.34711,1.34845
2023-04-06 23:00:00,1.34845,1.34912,1.34844,1.34897
2023-04-07 00:00:00,1.34911,1.34911,1.34663,1.34857
2023-04-07 01:00:00,1.34851,1.34912,1.3483100000000001,1.3489900000000001
2023-04-07 02:00:00,1.34898,1.3498700000000001,1.34897,1.34955
2023-04-07 03:00:00,1.34955,1.3495599999999999,1.34912,1.34932
2023-04-07 04:00:00,1.34932,1.34945,1.34872,1.34896
2023-04-07 05:00:00,1.3489499999999999,1.349,1.3486,1.34876
2023-04-07 06:00:00,1.34875,1.34905,1.34874,1.34889
2023-04-07 07:00:00,1.34889,1.3489,1.3486,1.34885
2023-04-07 08:00:00,1.34884,1.34908,1.34854,1.34879
2023-04-07 09:00:00,1.34879,1.34968,1.34878,1.34954
2023-04-07 10:00:00,1.34954,1.34966,1.3490199999999999,1.34913
2023-04-07 11:00:00,1.34913,1.3513899999999999,1.34913,1.35097
2023-04-07 12:00:00,1.35097,1.35102,1.34991,1.35001
2023-04-07 13:00:00,1.35002,1.3507,1.34991,1.35062
2023-04-07 14:00:00,1.35062,1.35163,1.3504,1.3509
2023-04-07 15:00:00,1.3509,1.35305,1.35038,1.35074
2023-04-07 16:00:00,1.35072,1.35152,1.34978,1.35123
2023-04-07 17:00:00,1.35123,1.35159,1.3502399999999999,1.35062
2023-04-07 18:00:00,1.35062,1.35184,1.35036,1.35154
2023-04-07 19:00:00,1.35153,1.35181,1.35077,1.35102
2023-04-07 20:00:00,1.351,1.35179,1.3505099999999999,1.35149
2023-04-07 21:00:00,1.35148,1.35194,1.35131,1.35142
2023-04-07 22:00:00,1.35144,1.35179,1.3511600000000001,1.35163
2023-04-07 23:00:00,1.35163,1.35194,1.35032,1.3513600000000001
2023-04-10 00:00:00,1.35145,1.35157,1.35119,1.35157
2023-04-10 01:00:00,1.3517000000000001,1.3517000000000001,1.34992,1.35031
2023-04-10 02:00:00,1.3503,1.35073,1.35029,1.35052
2023-04-10 03:00:00,1.35052,1.35117,1.35019,1.3510499999999999
2023-04-10 04:00:00,1.3510499999999999,1.3513600000000001,1.35059,1.35097
2023-04-10 05:00:00,1.35097,1.35158,1.3509,1.35154
2023-04-10 06:00:00,1.35155,1.35162,1.35113,1.35124
2023-04-10 07:00:00,1.35125,1.35148,1.35113,1.35145
2023-04-10 08:00:00,1.3514599999999999,1.3519700000000001,1.35102,1.3510499999999999
2023-04-10 09:00:00,1.35104,1.3516,1.34938,1.34955
2023-04-10 10:00:00,1.34955,1.34994,1.34893,1.34974
2023-04-10 11:00:00,1.34971,1.35032,1.34944,1.34979
2023-04-10 12:00:00,1.34977,1.35007,1.34848,1.34946
2023-04-10 13:00:00,1.34946,1.34972,1.34897,1.34924
2023-04-10 14:00:00,1.34924,1.35039,1.34872,1.34972
2023-04-10 15:00:00,1.34973,1.35466,1.34964,1.35445
2023-04-10 16:00:00,1.35442,1.35537,1.35372,1.3550900000000001
2023-04-10 17:00:00,1.35511,1.35529,1.35373,1.35446
2023-04-10 18:00:00,1.3544399999999999,1.3544399999999999,1.35239,1.35342
2023-04-10 19:00:00,1.35342,1.35406,1.35257,1.3526500000000001
2023-04-10 20:00:00,1.3526500000000001,1.35288,1.35077,1.35122
2023-04-10 21:00:00,1.35122,1.35198,1.35088,1.35102
2023-04-10 22:00:00,1.35102,1.35158,1.35056,1.35057
2023-04-10 23:00:00,1.35057,1.35083,1.35022,1.35072
2023-04-11 00:00:00,1.3507799999999999,1.35087,1.35018,1.35068
2023-04-11 01:00:00,1.35065,1.3508499999999999,1.35034,1.3505099999999999
2023-04-11 02:00:00,1.3505099999999999,1.3507799999999999,1.35033,1.35037
2023-04-11 03:00:00,1.35037,1.35066,1.34976,1.3502
2023-04-11 04:00:00,1.35018,1.35127,1.35001,1.35007
2023-04-11 05:00:00,1.3501,1.3502100000000001,1.349,1.3495599999999999
2023-04-11 06:00:00,1.3495599999999999,1.34965,1.34891,1.34954
2023-04-11 07:00:00,1.3495300000000001,1.3496299999999999,1.34912,1.34952
2023-04-11 08:00:00,1.3495300000000001,1.3497,1.34891,1.34905
2023-04-11 09:00:00,1.34906,1.34992,1.3483100000000001,1.3498999999999999
2023-04-11 10:00:00,1.3498999999999999,1.34996,1.34812,1.34959
2023-04-11 11:00:00,1.34959,1.35058,1.3488,1.35
2023-04-11 12:00:00,1.35001,1.35069,1.34928,1.35013
2023-04-11 13:00:00,1.35013,1.35073,1.3492199999999999,1.34951
2023-04-11 14:00:00,1.34951,1.3514300000000001,1.34944,1.3509
2023-04-11 15:00:00,1.35093,1.35128,1.3502100000000001,1.35061
2023-04-11 16:00:00,1.35061,1.35162,1.34859,1.3489
2023-04-11 17:00:00,1.34891,1.34891,1.34692,1.34874
2023-04-11 18:00:00,1.34874,1.34875,1.34711,1.34805
2023-04-11 19:00:00,1.34806,1.3485800000000001,1.34771,1.34842
2023-04-11 20:00:00,1.34843,1.34874,1.34699,1.3471
2023-04-11 21:00:00,1.3471,1.34749,1.34666,1.34666
2023-04-11 22:00:00,1.34665,1.3471600000000001,1.3462100000000001,1.3468499999999999
2023-04-11 23:00:00,1.34684,1.34687,1.34635,1.34654
2023-04-12 00:00:00,1.34626,1.34661,1.34582,1.3464
2023-04-12 01:00:00,1.34641,1.3465799999999999,1.34613,1.34619
2023-04-12 02:00:00,1.34619,1.34647,1.34619,1.34637
2023-04-12 03:00:00,1.34636,1.34699,1.34589,1.3461
2023-04-12 04:00:00,1.3461,1.34654,1.3458700000000001,1.3458999999999999
2023-04-12 05:00:00,1.3458999999999999,1.34652,1.34583,1.34629
2023-04-12 06:00:00,1.34629,1.34661,1.34608,1.34612
2023-04-12 07:00:00,1.34612,1.34619,1.34524,1.34554
2023-04-12 08:00:00,1.34554,1.3457,1.3449200000000001,1.34496
2023-04-12 09:00:00,1.34497,1.3461400000000001,1.34491,1.34575
2023-04-12 10:00:00,1.34576,1.34681,1.34514,1.3465799999999999
2023-04-12 11:00:00,1.34656,1.34706,1.34605,1.34681
2023-04-12 12:00:00,1.34681,1.34696,1.34564,1.34565
2023-04-12 13:00:00,1.34565,1.34681,1.34522,1.34681
2023-04-12 14:00:00,1.34681,1.34809,1.34681,1.34794
2023-04-12 15:00:00,1.34794,1.34894,1.34326,1.3453
2023-04-12 16:00:00,1.34532,1.34789,1.34485,1.34669
2023-04-12 17:00:00,1.3467,1.34779,1.34357,1.34537
2023-04-12 18:00:00,1.34534,1.3475,1.34469,1.34508
2023-04-12 19:00:00,1.34507,1.34511,1.34332,1.34341
2023-04-12 20:00:00,1.34341,1.34369,1.34287,1.34353
2023-04-12 21:00:00,1.3434599999999999,1.34464,1.3428200000000001,1.3430900000000001
2023-04-12 22:00:00,1.3430900000000001,1.34447,1.34297,1.34426
2023-04-12 23:00:00,1.34421,1.3444,1.34389,1.34406
2023-04-13 00:00:00,1.34398,1.3444,1.34291,1.34402
2023-04-13 01:00:00,1.34405,1.34429,1.34392,1.34402
2023-04-13 02:00:00,1.3440400000000001,1.34423,1.34369,1.34401
2023-04-13 03:00:00,1.3439999999999999,1.34479,1.3437700000000001,1.34397
2023-04-13 04:00:00,1.34397,1.34466,1.34322,1.34345
2023-04-13 05:00:00,1.3434599999999999,1.34367,1.34276,1.34306
2023-04-13 06:00:00,1.34307,1.34369,1.34297,1.34362
2023-04-13 07:00:00,1.34362,1.34364,1.34284,1.34284
2023-04-13 08:00:00,1.34284,1.34388,1.34277,1.34362
2023-04-13 09:00:00,1.34363,1.34378,1.34149,1.34186
2023-04-13 10:00:00,1.34186,1.3421699999999999,1.3404099999999999,1.3406799999999999
2023-04-13 11:00:00,1.34067,1.34084,1.33986,1.34053
2023-04-13 12:00:00,1.34053,1.34069,1.33938,1.33969
2023-04-13 13:00:00,1.3397000000000001,1.33987,1.33897,1.33914
2023-04-13 14:00:00,1.33913,1.34015,1.3387,1.3401399999999999
2023-04-13 15:00:00,1.3401399999999999,1.34071,1.33867,1.3392
2023-04-13 16:00:00,1.3391899999999999,1.33937,1.33674,1.33745
2023-04-13 17:00:00,1.33745,1.33777,1.33655,1.33744
2023-04-13 18:00:00,1.33744,1.33754,1.3343,1.33448
2023-04-13 19:00:00,1.33448,1.33533,1.33439,1.33447
2023-04-13 20:00:00,1.33447,1.33475,1.33377,1.334
2023-04-13 21:00:00,1.334,1.33447,1.33342,1.33345
2023-04-13 22:00:00,1.33347,1.33399,1.33335,1.33368
2023-04-13 23:00:00,1.33366,1.3342100000000001,1.33342,1.3338999999999999
2023-04-14 00:00:00,1.33375,1.3341,1.333,1.33377
2023-04-14 01:00:00,1.33375,1.33418,1.3336999999999999,1.3341
2023-04-14 02:00:00,1.3341,1.33423,1.33396,1.33404
2023-04-14 03:00:00,1.33404,1.33435,1.33274,1.33338
2023-04-14 04:00:00,1.33338,1.33349,1.33218,1.3322
2023-04-14 05:00:00,1.3322,1.33262,1.33174,1.3323800000000001
2023-04-14 06:00:00,1.33239,1.33263,1.33185,1.33232
2023-04-14 07:00:00,1.33232,1.33259,1.33202,1.33228
2023-04-14 08:00:00,1.33229,1.33293,1.33219,1.3322
2023-04-14 09:00:00,1.3322,1.33267,1.33169,1.33236
2023-04-14 10:00:00,1.33236,1.33344,1.33209,1.33223
2023-04-14 11:00:00,1.33223,1.33323,1.33208,1.33278
2023-04-14 12:00:00,1.33278,1.3330899999999999,1.3315000000000001,1.33155
2023-04-14 13:00:00,1.33156,1.3321,1.33138,1.33171
2023-04-14 14:00:00,1.33171,1.33344,1.33169,1.3323800000000001
2023-04-14 15:00:00,1.3323800000000001,1.33497,1.33006,1.334
2023-04-14 16:00:00,1.334,1.3348499999999999,1.33247,1.33286
2023-04-14 17:00:00,1.33286,1.33713,1.33286,1.33639
2023-04-14 18:00:00,1.33639,1.33816,1.33612,1.3378999999999999
2023-04-14 19:00:00,1.3378999999999999,1.33956,1.33755,1.33869
2023-04-14 20:00:00,1.33869,1.33884,1.33739,1.3378700000000001
2023-04-14 21:00:00,1.3378700000000001,1.3378700000000001,1.33587,1.33598
2023-04-14 22:00:00,1.33598,1.33712,1.33597,1.3364500000000001
2023-04-14 23:00:00,1.3364500000000001,1.3367,1.3357299999999999,1.3357299999999999
2023-04-17 00:00:00,1.3354599999999999,1.3363399999999999,1.33538,1.33566
2023-04-17 01:00:00,1.33559,1.33689,1.33559,1.33624
2023-04-17 02:00:00,1.33625,1.3367499999999999,1.3361,1.33662
2023-04-17 03:00:00,1.33662,1.3372899999999999,1.33602,1.33728
2023-04-17 04:00:00,1.33728,1.33758,1.3361,1.3363
2023-04-17 05:00:00,1.3363,1.33662,1.33585,1.33589
2023-04-17 06:00:00,1.33589,1.33657,1.33581,1.33619
2023-04-17 07:00:00,1.3362,1.3362,1.33571,1.33574
2023-04-17 08:00:00,1.33574,1.33587,1.3349,1.33522
2023-04-17 09:00:00,1.33524,1.3354,1.33449,1.33464
2023-04-17 10:00:00,1.33465,1.33562,1.33426,1.33555
2023-04-17 11:00:00,1.33552,1.33688,1.33527,1.33642
2023-04-17 12:00:00,1.33642,1.33708,1.33579,1.33619
2023-04-17 13:00:00,1.33618,1.33656,1.3357999999999999,1.33621
2023-04-17 14:00:00,1.3362,1.3372,1.33569,1.3371
2023-04-17 15:00:00,1.3371,1.33881,1.3358400000000001,1.33868
2023-04-17 16:00:00,1.33868,1.34056,1.33842,1.34
2023-04-17 17:00:00,1.34,1.34199,1.3394,1.34033
2023-04-17 18:00:00,1.3403399999999999,1.34166,1.33948,1.34049
2023-04-17 19:00:00,1.34049,1.34113,1.33986,1.34044
2023-04-17 20:00:00,1.34044,1.34056,1.33954,1.34018
2023-04-17 21:00:00,1.34018,1.34082,1.33962,1.33985
2023-04-17 22:00:00,1.33985,1.3400400000000001,1.33907,1.33907
2023-04-17 23:00:00,1.33907,1.33959,1.33905,1.33914
2023-04-18 00:00:00,1.3391899999999999,1.33958,1.3382800000000001,1.33932
2023-04-18 01:00:00,1.33932,1.3395000000000001,1.3391,1.33914
2023-04-18 02:00:00,1.33913,1.33957,1.3391,1.33947
2023-04-18 03:00:00,1.33947,1.33962,1.33906,1.33928
2023-04-18 04:00:00,1.33927,1.33967,1.33837,1.33877
2023-04-18 05:00:00,1.33871,1.33898,1.33811,1.33846
2023-04-18 06:00:00,1.3384800000000001,1.33873,1.3379400000000001,1.33865
2023-04-18 07:00:00,1.33865,1.3389199999999999,1.33842,1.33877
2023-04-18 08:00:00,1.33877,1.33902,1.33711,1.33724
2023-04-18 09:00:00,1.3372899999999999,1.3378,1.3370600000000001,1.33768
2023-04-18 10:00:00,1.33768,1.33798,1.3369900000000001,1.33741
2023-04-18 11:00:00,1.33742,1.33759,1.33633,1.3366799999999999
2023-04-18 12:00:00,1.3366799999999999,1.33718,1.33596,1.33691
2023-04-18 13:00:00,1.3369,1.33728,1.3363,1.33714
2023-04-18 14:00:00,1.3371,1.3388499999999999,1.33698,1.33799
2023-04-18 15:00:00,1.33799,1.33847,1.3365,1.3379699999999999
2023-04-18 16:00:00,1.33798,1.33966,1.33753,1.33897
2023-04-18 17:00:00,1.33897,1.33914,1.33698,1.33865
2023-04-18 18:00:00,1.33865,1.33974,1.33822,1.33933
2023-04-18 19:00:00,1.33933,1.3395299999999999,1.33843,1.33853
2023-04-18 20:00:00,1.33853,1.33927,1.33832,1.33908
2023-04-18 21:00:00,1.3390900000000001,1.33994,1.33874,1.33932
2023-04-18 22:00:00,1.33932,1.33969,1.33907,1.33944
2023-04-18 23:00:00,1.33944,1.33957,1.33886,1.33886
2023-04-19 00:00:00,1.33864,1.33933,1.3379699999999999,1.33911
2023-04-19 01:00:00,1.33911,1.3391199999999999,1.33865,1.33886
2023-04-19 02:00:00,1.33886,1.3392,1.33886,1.3391600000000001
2023-04-19 03:00:00,1.3391600000000001,1.33934,1.33869,1.33869
2023-04-19 04:00:00,1.33869,1.33988,1.3384800000000001,1.3397700000000001
2023-04-19 05:00:00,1.3397700000000001,1.34047,1.33938,1.33964
2023-04-19 06:00:00,1.33964,1.33988,1.33941,1.3394300000000001
2023-04-19 07:00:00,1.3394300000000001,1.33983,1.3394,1.33969
2023-04-19 08:00:00,1.33969,1.3407,1.33962,1.34067
2023-04-19 09:00:00,1.34067,1.34182,1.34006,1.3409900000000001
2023-04-19 10:00:00,1.3409900000000001,1.3410199999999999,1.33949,1.34052
2023-04-19 11:00:00,1.34052,1.3425500000000001,1.34042,1.3422
2023-04-19 12:00:00,1.3422,1.34413,1.34174,1.34313
2023-04-19 13:00:00,1.34314,1.3441100000000001,1.34261,1.3437999999999999
2023-04-19 14:00:00,1.34381,1.34538,1.3437999999999999,1.34442
2023-04-19 15:00:00,1.34442,1.34501,1.34317,1.34376
2023-04-19 16:00:00,1.34375,1.34412,1.34222,1.34412
2023-04-19 17:00:00,1.34412,1.34455,1.3427,1.34365
2023-04-19 18:00:00,1.34365,1.34566,1.34291,1.34541
2023-04-19 19:00:00,1.3454,1.3455599999999999,1.34421,1.34451
2023-04-19 20:00:00,1.34451,1.34521,1.34426,1.34515
2023-04-19 21:00:00,1.34515,1.34661,1.34449,1.34623
2023-04-19 22:00:00,1.3462,1.34669,1.34549,1.34554
2023-04-19 23:00:00,1.34552,1.34596,1.34552,1.3458700000000001
2023-04-20 00:00:00,1.34573,1.34592,1.34507,1.34551
2023-04-20 01:00:00,1.34547,1.3464800000000001,1.34547,1.3464800000000001
2023-04-20 02:00:00,1.3464800000000001,1.34711,1.34638,1.34694
2023-04-20 03:00:00,1.34694,1.34706,1.346,1.3461699999999999
2023-04-20 04:00:00,1.3461699999999999,1.3468200000000001,1.3458999999999999,1.346
2023-04-20 05:00:00,1.346,1.34676,1.34581,1.34672
2023-04-20 06:00:00,1.34673,1.34733,1.34667,1.34701
2023-04-20 07:00:00,1.34701,1.34731,1.3468499999999999,1.34695
2023-04-20 08:00:00,1.34695,1.34735,1.34653,1.34669
2023-04-20 09:00:00,1.34671,1.34677,1.34512,1.34562
2023-04-20 10:00:00,1.34562,1.34744,1.34547,1.34708
2023-04-20 11:00:00,1.3471,1.34764,1.34626,1.34731
2023-04-20 12:00:00,1.34729,1.34803,1.34662,1.34663
2023-04-20 13:00:00,1.34663,1.34774,1.34632,1.3465500000000001
2023-04-20 14:00:00,1.34656,1.34824,1.34647,1.34818
2023-04-20 15:00:00,1.34817,1.34894,1.34683,1.347
2023-04-20 16:00:00,1.34702,1.34844,1.34667,1.347
2023-04-20 17:00:00,1.347,1.34714,1.34483,1.34521
2023-04-20 18:00:00,1.34519,1.3467799999999999,1.34504,1.3461
2023-04-20 19:00:00,1.34609,1.34689,1.34592,1.34625
2023-04-20 20:00:00,1.34625,1.34677,1.34602,1.3464
2023-04-20 21:00:00,1.3464,1.34783,1.3463,1.34752
2023-04-20 22:00:00,1.34752,1.34835,1.34722,1.34781
2023-04-20 23:00:00,1.34781,1.34796,1.34725,1.34766
2023-04-21 00:00:00,1.34754,1.3477299999999999,1.3465799999999999,1.34733
2023-04-21 01:00:00,1.34732,1.34796,1.34732,1.34792
2023-04-21 02:00:00,1.34792,1.3483100000000001,1.34771,1.34812
2023-04-21 03:00:00,1.34811,1.34844,1.34754,1.34754
2023-04-21 04:00:00,1.34753,1.35006,1.34749,1.34951
2023-04-21 05:00:00,1.3495,1.34991,1.34923,1.34951
2023-04-21 06:00:00,1.3495,1.34993,1.34914,1.34976
2023-04-21 07:00:00,1.34976,1.35034,1.34965,1.35022
2023-04-21 08:00:00,1.3502,1.351,1.34994,1.3508
2023-04-21 09:00:00,1.3508,1.35272,1.3505099999999999,1.3526799999999999
2023-04-21 10:00:00,1.3526799999999999,1.35337,1.35184,1.35297
2023-04-21 11:00:00,1.35297,1.35308,1.3517000000000001,1.35171
2023-04-21 12:00:00,1.35171,1.35262,1.3513600000000001,1.35242
2023-04-21 13:00:00,1.35241,1.35301,1.3517700000000001,1.3529200000000001
2023-04-21 14:00:00,1.3529200000000001,1.35351,1.3526099999999999,1.35332
2023-04-21 15:00:00,1.35331,1.35375,1.35249,1.35293
2023-04-21 16:00:00,1.35293,1.3557299999999999,1.35232,1.3550900000000001
2023-04-21 17:00:00,1.35508,1.3563,1.35276,1.35357
2023-04-21 18:00:00,1.3535599999999999,1.35388,1.35262,1.35354
2023-04-21 19:00:00,1.35355,1.3548499999999999,1.3534,1.3542
2023-04-21 20:00:00,1.3542100000000001,1.3546,1.3538999999999999,1.35402
2023-04-21 21:00:00,1.35402,1.3548499999999999,1.35365,1.35481
2023-04-21 22:00:00,1.35481,1.35498,1.35371,1.35382
2023-04-21 23:00:00,1.3538299999999999,1.35413,1.35354,1.35395
2023-04-24 00:00:00,1.3526799999999999,1.35416,1.3525800000000001,1.35413
2023-04-24 01:00:00,1.35413,1.3544,1.35339,1.35341
2023-04-24 02:00:00,1.35341,1.35406,1.35341,1.35406
2023-04-24 03:00:00,1.35407,1.3547,1.35401,1.35404
2023-04-24 04:00:00,1.35404,1.35507,1.35374,1.35503
2023-04-24 05:00:00,1.35503,1.3553899999999999,1.35452,1.35529
2023-04-24 06:00:00,1.3553,1.35554,1.35503,1.3553
2023-04-24 07:00:00,1.35532,1.35569,1.35515,1.35561
2023-04-24 08:00:00,1.3556,1.35606,1.35529,1.35531
2023-04-24 09:00:00,1.3553,1.35625,1.35507,1.3562
2023-04-24 10:00:00,1.3562,1.35674,1.35378,1.35436
2023-04-24 11:00:00,1.35435,1.35522,1.35306,1.35308
2023-04-24 12:00:00,1.35308,1.35401,1.35224,1.3538700000000001
2023-04-24 13:00:00,1.3538700000000001,1.35449,1.35332,1.35427
2023-04-24 14:00:00,1.35425,1.35473,1.35341,1.3544399999999999
2023-04-24 15:00:00,1.35443,1.35503,1.35324,1.35351
2023-04-24 16:00:00,1.35351,1.35562,1.35309,1.35461
2023-04-24 17:00:00,1.35461,1.3548499999999999,1.35249,1.35382
2023-04-24 18:00:00,1.35382,1.355,1.35367,1.35447
2023-04-24 19:00:00,1.35447,1.35463,1.35379,1.35412
2023-04-24 20:00:00,1.35411,1.35426,1.35339,1.35404
2023-04-24 21:00:00,1.35404,1.35483,1.35396,1.3542100000000001
2023-04-24 22:00:00,1.3542100000000001,1.35434,1.35374,1.35376
2023-04-24 23:00:00,1.35375,1.35431,1.35361,1.35423
2023-04-25 00:00:00,1.35392,1.35423,1.3529200000000001,1.35416
2023-04-25 01:00:00,1.35411,1.35419,1.35345,1.35359
2023-04-25 02:00:00,1.35358,1.35364,1.3531900000000001,1.35339
2023-04-25 03:00:00,1.35338,1.35385,1.3528,1.3532
2023-04-25 04:00:00,1.3531900000000001,1.3536299999999999,1.35246,1.35362
2023-04-25 05:00:00,1.35362,1.35469,1.35358,1.35446
2023-04-25 06:00:00,1.35446,1.35481,1.35408,1.35435
2023-04-25 07:00:00,1.35435,1.35507,1.35415,1.35479
2023-04-25 08:00:00,1.3547799999999999,1.35587,1.3547799999999999,1.35541
2023-04-25 09:00:00,1.35541,1.35583,1.35442,1.35569
2023-04-25 10:00:00,1.3557000000000001,1.35829,1.35541,1.35802
2023-04-25 11:00:00,1.35802,1.35891,1.35644,1.35671
2023-04-25 12:00:00,1.3567,1.3574899999999999,1.35652,1.35721
2023-04-25 13:00:00,1.35721,1.3587500000000001,1.35679,1.35862
2023-04-25 14:00:00,1.35862,1.36016,1.35849,1.35946
2023-04-25 15:00:00,1.35948,1.3596599999999999,1.35813,1.35867
2023-04-25 16:00:00,1.35865,1.36201,1.35845,1.36178
2023-04-25 17:00:00,1.36178,1.36262,1.36093,1.36154
2023-04-25 18:00:00,1.36154,1.3629,1.36096,1.36288
2023-04-25 19:00:00,1.36287,1.36371,1.3627099999999999,1.36335
2023-04-25 20:00:00,1.36335,1.36463,1.36306,1.36462
2023-04-25 21:00:00,1.36463,1.36478,1.3636599999999999,1.3643100000000001
2023-04-25 22:00:00,1.3643100000000001,1.36439,1.36276,1.36354
2023-04-25 23:00:00,1.36354,1.36354,1.36246,1.36261
2023-04-26 00:00:00,1.36246,1.36272,1.3620700000000001,1.3625
2023-04-26 01:00:00,1.3625,1.36272,1.36173,1.3618000000000001
2023-04-26 02:00:00,1.3618000000000001,1.36216,1.36175,1.3618999999999999
2023-04-26 03:00:00,1.36191,1.3626800000000001,1.36169,1.36233
2023-04-26 04:00:00,1.36233,1.3633600000000001,1.3622,1.36272
2023-04-26 05:00:00,1.36274,1.3637299999999999,1.36273,1.36328
2023-04-26 06:00:00,1.3632900000000001,1.3642400000000001,1.3630499999999999,1.3639000000000001
2023-04-26 07:00:00,1.36389,1.36403,1.36328,1.3633
2023-04-26 08:00:00,1.36331,1.36348,1.36243,1.36292
2023-04-26 09:00:00,1.36293,1.36362,1.36201,1.36224
2023-04-26 10:00:00,1.36225,1.36335,1.36158,1.3626800000000001
2023-04-26 11:00:00,1.36266,1.3634,1.36142,1.36236
2023-04-26 12:00:00,1.36235,1.3636599999999999,1.36184,1.36365
2023-04-26 13:00:00,1.36365,1.36365,1.36165,1.36272
2023-04-26 14:00:00,1.3627099999999999,1.36376,1.36082,1.36162
2023-04-26 15:00:00,1.36161,1.36304,1.36133,1.36262
2023-04-26 16:00:00,1.36262,1.36321,1.36099,1.3624
2023-04-26 17:00:00,1.3624100000000001,1.36358,1.36186,1.36237
2023-04-26 18:00:00,1.36238,1.3625,1.35994,1.3602699999999999
2023-04-26 19:00:00,1.3602699999999999,1.3623,1.35992,1.36136
2023-04-26 20:00:00,1.36136,1.36279,1.36096,1.36264
2023-04-26 21:00:00,1.36263,1.3651,1.36246,1.36469
2023-04-26 22:00:00,1.36469,1.36476,1.36385,1.36432
2023-04-26 23:00:00,1.3643100000000001,1.3645800000000001,1.36348,1.36365
2023-04-27 00:00:00,1.3633899999999999,1.36356,1.36235,1.36321
2023-04-27 01:00:00,1.36322,1.36365,1.36301,1.3630900000000001
2023-04-27 02:00:00,1.3630900000000001,1.36318,1.36272,1.3631
2023-04-27 03:00:00,1.3631199999999999,1.36395,1.36298,1.36367
2023-04-27 04:00:00,1.3636599999999999,1.36455,1.3636,1.36404
2023-04-27 05:00:00,1.36403,1.36426,1.3633899999999999,1.3636599999999999
2023-04-27 06:00:00,1.3636599999999999,1.36403,1.36343,1.3636599999999999
2023-04-27 07:00:00,1.3636599999999999,1.36372,1.36317,1.36317
2023-04-27 08:00:00,1.36318,1.36357,1.36162,1.36185
2023-04-27 09:00:00,1.36185,1.36272,1.3615599999999999,1.36233
2023-04-27 10:00:00,1.36232,1.3636599999999999,1.36231,1.36335
2023-04-27 11:00:00,1.36335,1.36385,1.36228,1.3628
2023-04-27 12:00:00,1.3628,1.36374,1.3627099999999999,1.36334
2023-04-27 13:00:00,1.36334,1.36352,1.36236,1.3624100000000001
2023-04-27 14:00:00,1.3624100000000001,1.3624100000000001,1.36142,1.36196
2023-04-27 15:00:00,1.36196,1.36401,1.36129,1.36235
2023-04-27 16:00:00,1.36234,1.3639999999999999,1.36109,1.36132
2023-04-27 17:00:00,1.36133,1.3615599999999999,1.35911,1.3609
2023-04-27 18:00:00,1.3609,1.36178,1.35985,1.36116
2023-04-27 19:00:00,1.36115,1.3624,1.36083,1.36155
2023-04-27 20:00:00,1.3615,1.3617,1.35983,1.36014
2023-04-27 21:00:00,1.36014,1.36063,1.35945,1.3603399999999999
2023-04-27 22:00:00,1.36035,1.36041,1.35925,1.3594
2023-04-27 23:00:00,1.3594300000000001,1.35951,1.35888,1.35928
2023-04-28 00:00:00,1.35889,1.35958,1.3578999999999999,1.35916
2023-04-28 01:00:00,1.35918,1.3597299999999999,1.35915,1.35945
2023-04-28 02:00:00,1.35945,1.36072,1.3594300000000001,1.36001
2023-04-28 03:00:00,1.36001,1.3606,1.35969,1.36021
2023-04-28 04:00:00,1.3602,1.36074,1.3594,1.35949
2023-04-28 05:00:00,1.35949,1.36046,1.35949,1.36016
2023-04-28 06:00:00,1.36016,1.36078,1.35998,1.3602699999999999
2023-04-28 07:00:00,1.36026,1.3609200000000001,1.35998,1.36084
2023-04-28 08:00:00,1.36084,1.362,1.36017,1.36157
2023-04-28 09:00:00,1.36157,1.3624800000000001,1.36109,1.36239
2023-04-28 10:00:00,1.36239,1.36523,1.36231,1.36444
2023-04-28 11:00:00,1.36444,1.36652,1.36413,1.36605
2023-04-28 12:00:00,1.36605,1.3667799999999999,1.36566,1.36592
2023-04-28 13:00:00,1.36592,1.36606,1.36471,1.36591
2023-04-28 14:00:00,1.36591,1.36601,1.3642699999999999,1.36501
2023-04-28 15:00:00,1.36501,1.36564,1.36334,1.3638
2023-04-28 16:00:00,1.3638,1.3645399999999999,1.36209,1.3624
2023-04-28 17:00:00,1.3624100000000001,1.3628,1.35598,1.35635
2023-04-28 18:00:00,1.3563399999999999,1.3575,1.35508,1.35537
2023-04-28 19:00:00,1.35537,1.35649,1.35513,1.35523
2023-04-28 20:00:00,1.35523,1.35572,1.35402,1.35403
2023-04-28 21:00:00,1.35404,1.3547500000000001,1.35362,1.35366
2023-04-28 22:00:00,1.35366,1.35495,1.35361,1.35462
2023-04-28 23:00:00,1.35463,1.3550200000000001,1.3542100000000001,1.35429
2023-05-01 00:00:00,1.35321,1.35454,1.35321,1.35422
2023-05-01 01:00:00,1.35409,1.3558,1.35405,1.35569
2023-05-01 02:00:00,1.35565,1.3561,1.35524,1.3561
2023-05-01 03:00:00,1.35609,1.3564,1.3552,1.35554
2023-05-01 04:00:00,1.35554,1.35613,1.35527,1.35575
2023-05-01 05:00:00,1.35576,1.3561,1.35534,1.35553
2023-05-01 06:00:00,1.35554,1.3557299999999999,1.35501,1.3550499999999999
2023-05-01 07:00:00,1.3550499999999999,1.35551,1.35483,1.35542
2023-05-01 08:00:00,1.35541,1.3558,1.35515,1.35533
2023-05-01 09:00:00,1.35533,1.35579,1.35501,1.35525
2023-05-01 10:00:00,1.35525,1.35578,1.35497,1.355
2023-05-01 11:00:00,1.35501,1.35699,1.35501,1.35698
2023-05-01 12:00:00,1.35699,1.3578700000000001,1.35671,1.35728
2023-05-01 13:00:00,1.35728,1.35802,1.35728,1.35739
2023-05-01 14:00:00,1.35738,1.35825,1.35713,1.35812
2023-05-01 15:00:00,1.3581400000000001,1.35832,1.35535,1.3554
2023-05-01 16:00:00,1.3554,1.35643,1.35338,1.35435
2023-05-01 17:00:00,1.3544,1.35551,1.35303,1.3535
2023-05-01 18:00:00,1.3535,1.35535,1.35324,1.35434
2023-05-01 19:00:00,1.35433,1.35496,1.35317,1.35324
2023-05-01 20:00:00,1.35324,1.35422,1.35306,1.35339
2023-05-01 21:00:00,1.35339,1.35473,1.35324,1.35436
2023-05-01 22:00:00,1.35435,1.3551199999999999,1.35431,1.35466
2023-05-01 23:00:00,1.35466,1.35483,1.35426,1.35439
2023-05-02 00:00:00,1.35416,1.35474,1.3529499999999999,1.35407
2023-05-02 01:00:00,1.35408,1.35481,1.35399,1.35473
2023-05-02 02:00:00,1.35472,1.35527,1.35462,1.35525
2023-05-02 03:00:00,1.35525,1.35561,1.35469,1.35533
2023-05-02 04:00:00,1.35533,1.35535,1.35375,1.35468
2023-05-02 05:00:00,1.35469,1.35523,1.35465,1.35471
2023-05-02 06:00:00,1.35472,1.35486,1.3544800000000001,1.3545099999999999
2023-05-02 07:00:00,1.3545,1.35457,1.35314,1.35364
2023-05-02 08:00:00,1.35364,1.35389,1.35283,1.35334
2023-05-02 09:00:00,1.35335,1.35487,1.35281,1.35388
2023-05-02 10:00:00,1.35388,1.35519,1.35311,1.35516
2023-05-02 11:00:00,1.35516,1.35761,1.35516,1.35683
2023-05-02 12:00:00,1.35683,1.35798,1.35648,1.35789
2023-05-02 13:00:00,1.35789,1.35847,1.35739,1.35781
2023-05-02 14:00:00,1.35781,1.35811,1.35687,1.35704
2023-05-02 15:00:00,1.35705,1.36012,1.35705,1.36012
2023-05-02 16:00:00,1.36012,1.36155,1.35884,1.3609
2023-05-02 17:00:00,1.36089,1.36307,1.35983,1.36259
2023-05-02 18:00:00,1.36259,1.36375,1.36206,1.36287
2023-05-02 19:00:00,1.36286,1.3632900000000001,1.36157,1.36303
2023-05-02 20:00:00,1.36303,1.36334,1.36221,1.36273
2023-05-02 21:00:00,1.36272,1.36323,1.36185,1.36221
2023-05-02 22:00:00,1.36221,1.36249,1.36175,1.36228
2023-05-02 23:00:00,1.36228,1.3627099999999999,1.3620999999999999,1.36249
2023-05-03 00:00:00,1.36242,1.3627099999999999,1.36138,1.3625099999999999
2023-05-03 01:00:00,1.36236,1.3627500000000001,1.36224,1.36233
2023-05-03 02:00:00,1.36235,1.36238,1.36178,1.3620700000000001
2023-05-03 03:00:00,1.36205,1.36314,1.36192,1.3621400000000001
2023-05-03 04:00:00,1.3621400000000001,1.36258,1.36186,1.36209
2023-05-03 05:00:00,1.36209,1.3625099999999999,1.36176,1.36182
2023-05-03 06:00:00,1.36182,1.36182,1.36113,1.36117
2023-05-03 07:00:00,1.36117,1.36162,1.36083,1.3615
2023-05-03 08:00:00,1.3614899999999999,1.36161,1.36096,1.36141
2023-05-03 09:00:00,1.36141,1.36198,1.36093,1.3611
2023-05-03 10:00:00,1.3611,1.36209,1.36025,1.36209
2023-05-03 11:00:00,1.36209,1.3626800000000001,1.36131,1.36199
2023-05-03 12:00:00,1.36199,1.36279,1.36171,1.36221
2023-05-03 13:00:00,1.36222,1.36311,1.3622,1.36284
2023-05-03 14:00:00,1.36284,1.3630200000000001,1.36125,1.36224
2023-05-03 15:00:00,1.36224,1.3639299999999999,1.36216,1.36361
2023-05-03 16:00:00,1.36361,1.36376,1.36261,1.3635
2023-05-03 17:00:00,1.36342,1.36357,1.36179,1.36291
2023-05-03 18:00:00,1.36291,1.36295,1.36113,1.36124
2023-05-03 19:00:00,1.36124,1.36151,1.3597299999999999,1.36013
2023-05-03 20:00:00,1.36011,1.36077,1.35908,1.36048
2023-05-03 21:00:00,1.36046,1.36139,1.35818,1.3593
2023-05-03 22:00:00,1.3593,1.3627099999999999,1.3590499999999999,1.3625
2023-05-03 23:00:00,1.3625,1.36257,1.36133,1.36159
2023-05-04 00:00:00,1.36124,1.36133,1.35984,1.36046
2023-05-04 01:00:00,1.36114,1.36316,1.36071,1.36243
2023-05-04 02:00:00,1.36243,1.36326,1.3624100000000001,1.36315
2023-05-04 03:00:00,1.36315,1.36325,1.36154,1.36246
2023-05-04 04:00:00,1.36245,1.36291,1.36017,1.36054
2023-05-04 05:00:00,1.36054,1.36059,1.35896,1.35923
2023-05-04 06:00:00,1.35923,1.3594300000000001,1.35895,1.35911
2023-05-04 07:00:00,1.35911,1.3594300000000001,1.35832,1.35865
2023-05-04 08:00:00,1.35865,1.35901,1.35822,1.35842
2023-05-04 09:00:00,1.35842,1.36074,1.35842,1.35984
2023-05-04 10:00:00,1.35984,1.36132,1.35925,1.36013
2023-05-04 11:00:00,1.36013,1.36185,1.36008,1.36175
2023-05-04 12:00:00,1.36175,1.36197,1.35996,1.36071
2023-05-04 13:00:00,1.36071,1.36229,1.36025,1.36177
2023-05-04 14:00:00,1.36176,1.36212,1.36062,1.3609
2023-05-04 15:00:00,1.3609,1.3616,1.3594300000000001,1.36047
2023-05-04 16:00:00,1.36047,1.36104,1.35761,1.35809
2023-05-04 17:00:00,1.35809,1.35947,1.35785,1.35879
2023-05-04 18:00:00,1.35879,1.35897,1.35698,1.3572199999999999
2023-05-04 19:00:00,1.35721,1.35724,1.35402,1.35402
2023-05-04 20:00:00,1.35402,1.35458,1.35191,1.35342
2023-05-04 21:00:00,1.35339,1.35455,1.35287,1.3538000000000001
2023-05-04 22:00:00,1.35379,1.35407,1.35303,1.35379
2023-05-04 23:00:00,1.35377,1.35415,1.35349,1.35374
2023-05-05 00:00:00,1.35361,1.35404,1.3532600000000001,1.3538999999999999
2023-05-05 01:00:00,1.3538999999999999,1.35393,1.3529499999999999,1.35296
2023-05-05 02:00:00,1.3529499999999999,1.35314,1.3519700000000001,1.35242
2023-05-05 03:00:00,1.35242,1.35296,1.35191,1.35222
2023-05-05 04:00:00,1.35221,1.3523100000000001,1.35134,1.3517299999999999
2023-05-05 05:00:00,1.3517299999999999,1.3526099999999999,1.35151,1.35176
2023-05-05 06:00:00,1.35176,1.35182,1.3505099999999999,1.35059
2023-05-05 07:00:00,1.35059,1.35098,1.35054,1.35066
2023-05-05 08:00:00,1.35066,1.35154,1.35039,1.3513
2023-05-05 09:00:00,1.35129,1.35153,1.3495,1.34959
2023-05-05 10:00:00,1.3496299999999999,1.35079,1.34903,1.35002
2023-05-05 11:00:00,1.35003,1.3511,1.34928,1.34993
2023-05-05 12:00:00,1.34993,1.3513600000000001,1.34993,1.35072
2023-05-05 13:00:00,1.35071,1.35074,1.34908,1.34915
2023-05-05 14:00:00,1.34915,1.3496299999999999,1.34786,1.34955
2023-05-05 15:00:00,1.34954,1.35165,1.34713,1.3473
2023-05-05 16:00:00,1.34729,1.34839,1.34496,1.34531
2023-05-05 17:00:00,1.34531,1.3457,1.34354,1.34384
2023-05-05 18:00:00,1.34385,1.34394,1.34182,1.3421
2023-05-05 19:00:00,1.34211,1.34265,1.3405,1.34052
2023-05-05 20:00:00,1.34052,1.34121,1.33969,1.3397299999999999
2023-05-05 21:00:00,1.3397299999999999,1.33974,1.33712,1.33731
2023-05-05 22:00:00,1.33732,1.339,1.3372899999999999,1.3385799999999999
2023-05-05 23:00:00,1.33856,1.33864,1.33734,1.33747
2023-05-08 00:00:00,1.33768,1.33845,1.3371,1.33744
2023-05-08 01:00:00,1.33749,1.33804,1.33705,1.33798
2023-05-08 02:00:00,1.3379699999999999,1.33808,1.33717,1.338
2023-05-08 03:00:00,1.33801,1.33875,1.3378,1.33823
2023-05-08 04:00:00,1.33823,1.3385799999999999,1.337,1.33749
2023-05-08 05:00:00,1.33748,1.33805,1.33722,1.33751
2023-05-08 06:00:00,1.3375,1.33761,1.33708,1.33741
2023-05-08 07:00:00,1.33741,1.33743,1.3368,1.337
2023-05-08 08:00:00,1.3369900000000001,1.33739,1.33681,1.33719
2023-05-08 09:00:00,1.33719,1.33723,1.33544,1.33563
2023-05-08 10:00:00,1.33561,1.33585,1.33484,1.33561
2023-05-08 11:00:00,1.33562,1.33619,1.33486,1.33513
2023-05-08 12:00:00,1.33513,1.3355000000000001,1.33372,1.3342
2023-05-08 13:00:00,1.3342,1.33462,1.3336299999999999,1.33372
2023-05-08 14:00:00,1.33372,1.33427,1.33301,1.33352
2023-05-08 15:00:00,1.33353,1.3339699999999999,1.33221,1.33249
2023-05-08 16:00:00,1.33249,1.3336000000000001,1.33148,1.33293
2023-05-08 17:00:00,1.33293,1.33618,1.33251,1.33569
2023-05-08 18:00:00,1.3357,1.33639,1.33505,1.33574
2023-05-08 19:00:00,1.3357299999999999,1.3363399999999999,1.33538,1.33585
2023-05-08 20:00:00,1.3358400000000001,1.33682,1.33578,1.33669
2023-05-08 21:00:00,1.33669,1.33833,1.33661,1.33693
2023-05-08 22:00:00,1.33693,1.33803,1.33693,1.33741
2023-05-08 23:00:00,1.33741,1.33744,1.33691,1.3372899999999999
2023-05-09 00:00:00,1.33704,1.33742,1.33586,1.33717
2023-05-09 01:00:00,1.33718,1.3373,1.33676,1.3372
2023-05-09 02:00:00,1.3372,1.33764,1.33701,1.33724
2023-05-09 03:00:00,1.33725,1.33757,1.3370600000000001,1.33738
2023-05-09 04:00:00,1.33738,1.33762,1.33667,1.33728
2023-05-09 05:00:00,1.33728,1.33735,1.33667,1.33695
2023-05-09 06:00:00,1.33694,1.33727,1.33679,1.33683
2023-05-09 07:00:00,1.33678,1.33686,1.3365,1.33684
2023-05-09 08:00:00,1.33684,1.33768,1.33662,1.3376000000000001
2023-05-09 09:00:00,1.3376000000000001,1.33813,1.3373,1.33774
2023-05-09 10:00:00,1.33774,1.33852,1.3375,1.33813
2023-05-09 11:00:00,1.33813,1.3382399999999999,1.33722,1.33753
2023-05-09 12:00:00,1.33753,1.3376700000000001,1.33674,1.33692
2023-05-09 13:00:00,1.33693,1.3384,1.33688,1.33826
2023-05-09 14:00:00,1.3382399999999999,1.33934,1.33744,1.33925
2023-05-09 15:00:00,1.33925,1.33976,1.3389199999999999,1.33968
2023-05-09 16:00:00,1.33967,1.3403399999999999,1.3388,1.33887
2023-05-09 17:00:00,1.33886,1.34064,1.3386,1.3395299999999999
2023-05-09 18:00:00,1.3395299999999999,1.34036,1.33939,1.34009
2023-05-09 19:00:00,1.34009,1.3404099999999999,1.3389,1.33925
2023-05-09 20:00:00,1.33925,1.33926,1.33804,1.33808
2023-05-09 21:00:00,1.33808,1.33819,1.33723,1.3377
2023-05-09 22:00:00,1.3377,1.3385099999999999,1.33768,1.33844
2023-05-09 23:00:00,1.33842,1.33863,1.33802,1.3385799999999999
2023-05-10 00:00:00,1.33818,1.33857,1.33731,1.33856
2023-05-10 01:00:00,1.3385500000000001,1.33884,1.338,1.33812
2023-05-10 02:00:00,1.33815,1.33827,1.3375,1.33754
2023-05-10 03:00:00,1.33754,1.33809,1.33742,1.33786
2023-05-10 04:00:00,1.33786,1.33803,1.33738,1.33792
2023-05-10 05:00:00,1.33792,1.3383099999999999,1.33773,1.33819
2023-05-10 06:00:00,1.3382,1.33833,1.33792,1.33815
2023-05-10 07:00:00,1.33815,1.3384800000000001,1.33809,1.33823
2023-05-10 08:00:00,1.33823,1.33956,1.3382100000000001,1.33893
2023-05-10 09:00:00,1.33893,1.33893,1.33777,1.3378700000000001
2023-05-10 10:00:00,1.3378999999999999,1.33914,1.33696,1.33896
2023-05-10 11:00:00,1.33896,1.33976,1.3388,1.33932
2023-05-10 12:00:00,1.33932,1.33969,1.33884,1.33911
2023-05-10 13:00:00,1.33911,1.33928,1.33861,1.33869
2023-05-10 14:00:00,1.33869,1.33938,1.3383,1.33853
2023-05-10 15:00:00,1.33854,1.33875,1.33347,1.33402
2023-05-10 16:00:00,1.33401,1.33795,1.33358,1.3361100000000001
2023-05-10 17:00:00,1.33608,1.33841,1.33531,1.3370199999999999
2023-05-10 18:00:00,1.3370199999999999,1.33766,1.33603,1.33744
2023-05-10 19:00:00,1.33744,1.33835,1.33678,1.3382399999999999
2023-05-10 20:00:00,1.3382399999999999,1.34148,1.3382100000000001,1.3397700000000001
2023-05-10 21:00:00,1.33975,1.33976,1.33785,1.33823
2023-05-10 22:00:00,1.3382100000000001,1.33838,1.33734,1.3376299999999999
2023-05-10 23:00:00,1.33762,1.3378,1.33705,1.33715
2023-05-11 00:00:00,1.33698,1.33724,1.33639,1.33691
2023-05-11 01:00:00,1.3369,1.3375,1.33682,1.3374
2023-05-11 02:00:00,1.33741,1.33745,1.33689,1.33724
2023-05-11 03:00:00,1.3372600000000001,1.3372600000000001,1.33655,1.33674
2023-05-11 04:00:00,1.3367499999999999,1.3379400000000001,1.3363,1.33786
2023-05-11 05:00:00,1.33786,1.3385799999999999,1.33768,1.33801
2023-05-11 06:00:00,1.338,1.33822,1.33761,1.33799
2023-05-11 07:00:00,1.33799,1.33822,1.33785,1.33806
2023-05-11 08:00:00,1.33806,1.33818,1.33753,1.33814
2023-05-11 09:00:00,1.33814,1.34086,1.33813,1.34085
2023-05-11 10:00:00,1.34085,1.34202,1.34022,1.34076
2023-05-11 11:00:00,1.34076,1.34196,1.34059,1.3409499999999999
2023-05-11 12:00:00,1.3409499999999999,1.3413300000000001,1.34024,1.34067
2023-05-11 13:00:00,1.34067,1.3409499999999999,1.33968,1.33991
2023-05-11 14:00:00,1.33991,1.34265,1.3396,1.34262
2023-05-11 15:00:00,1.3426,1.34397,1.34108,1.34378
2023-05-11 16:00:00,1.34378,1.34849,1.34378,1.34774
2023-05-11 17:00:00,1.34774,1.34946,1.34745,1.3474599999999999
2023-05-11 18:00:00,1.3474599999999999,1.34925,1.3471199999999999,1.34884
2023-05-11 19:00:00,1.34884,1.34932,1.34824,1.3483
2023-05-11 20:00:00,1.3483,1.34958,1.34823,1.34932
2023-05-11 21:00:00,1.34933,1.3495599999999999,1.34842,1.34867
2023-05-11 22:00:00,1.34867,1.34927,1.3486099999999999,1.34921
2023-05-11 23:00:00,1.3492199999999999,1.34943,1.34863,1.34884
2023-05-12 00:00:00,1.34873,1.3489200000000001,1.34761,1.34881
2023-05-12 01:00:00,1.34881,1.34924,1.34876,1.34887
2023-05-12 02:00:00,1.34888,1.34958,1.34882,1.34954
2023-05-12 03:00:00,1.34954,1.34959,1.34866,1.34867
2023-05-12 04:00:00,1.34866,1.34893,1.34827,1.34845
2023-05-12 05:00:00,1.34845,1.34913,1.3483399999999999,1.34891
2023-05-12 06:00:00,1.3489,1.34927,1.34876,1.34882
2023-05-12 07:00:00,1.34882,1.34896,1.34832,1.34842
2023-05-12 08:00:00,1.34842,1.349,1.34836,1.34894
2023-05-12 09:00:00,1.3489499999999999,1.34959,1.3483800000000001,1.34905
2023-05-12 10:00:00,1.34905,1.34947,1.34796,1.34937
2023-05-12 11:00:00,1.34939,1.35004,1.34837,1.3490199999999999
2023-05-12 12:00:00,1.34903,1.34944,1.3483,1.34932
2023-05-12 13:00:00,1.34932,1.34954,1.34852,1.34925
2023-05-12 14:00:00,1.34925,1.35035,1.34896,1.34941
2023-05-12 15:00:00,1.34941,1.35065,1.34921,1.34977
2023-05-12 16:00:00,1.34977,1.35007,1.34839,1.3493
2023-05-12 17:00:00,1.34934,1.35337,1.34934,1.35308
2023-05-12 18:00:00,1.35308,1.35443,1.35191,1.35404
2023-05-12 19:00:00,1.35405,1.35598,1.35394,1.3556599999999999
2023-05-12 20:00:00,1.35565,1.3562400000000001,1.3544,1.35606
2023-05-12 21:00:00,1.35606,1.35651,1.35584,1.35596
2023-05-12 22:00:00,1.35596,1.35625,1.35518,1.35519
2023-05-12 23:00:00,1.35518,1.35572,1.35517,1.35554
2023-05-15 00:00:00,1.35328,1.3550499999999999,1.35328,1.35495
2023-05-15 01:00:00,1.35496,1.35595,1.3548200000000001,1.35562
2023-05-15 02:00:00,1.35562,1.3559,1.35548,1.35557
2023-05-15 03:00:00,1.35557,1.35676,1.35544,1.35617
2023-05-15 04:00:00,1.35616,1.3563,1.35479,1.35494
2023-05-15 05:00:00,1.35493,1.35575,1.3549,1.35553
2023-05-15 06:00:00,1.35554,1.35558,1.35506,1.3551199999999999
2023-05-15 07:00:00,1.35513,1.3552,1.3544800000000001,1.3545
2023-05-15 08:00:00,1.3545,1.35468,1.35277,1.35285
2023-05-15 09:00:00,1.35285,1.35328,1.35134,1.35144
2023-05-15 10:00:00,1.35144,1.35225,1.35066,1.35087
2023-05-15 11:00:00,1.35087,1.35184,1.35052,1.3517000000000001
2023-05-15 12:00:00,1.35171,1.35214,1.35126,1.3515
2023-05-15 13:00:00,1.3515,1.35181,1.35053,1.35063
2023-05-15 14:00:00,1.35063,1.35076,1.34958,1.34989
2023-05-15 15:00:00,1.34989,1.35065,1.34974,1.35065
2023-05-15 16:00:00,1.35065,1.35183,1.3502399999999999,1.35128
2023-05-15 17:00:00,1.35127,1.35167,1.34894,1.34905
2023-05-15 18:00:00,1.34906,1.35011,1.34823,1.3483100000000001
2023-05-15 19:00:00,1.34833,1.34851,1.34592,1.34611
2023-05-15 20:00:00,1.34613,1.3474599999999999,1.3459400000000001,1.3473600000000001
2023-05-15 21:00:00,1.3473600000000001,1.34748,1.34681,1.3469
2023-05-15 22:00:00,1.34689,1.34749,1.3465500000000001,1.34661
2023-05-15 23:00:00,1.34661,1.34698,1.3465099999999999,1.34669
2023-05-16 00:00:00,1.3464800000000001,1.3467500000000001,1.34566,1.34653
2023-05-16 01:00:00,1.34654,1.34668,1.3461699999999999,1.3465799999999999
2023-05-16 02:00:00,1.34656,1.3467500000000001,1.34646,1.34663
2023-05-16 03:00:00,1.34663,1.34699,1.34615,1.34628
2023-05-16 04:00:00,1.34628,1.34717,1.3461699999999999,1.34641
2023-05-16 05:00:00,1.34642,1.3482,1.3464,1.34649
2023-05-16 06:00:00,1.3464800000000001,1.34702,1.34636,1.3468
2023-05-16 07:00:00,1.3468,1.3471600000000001,1.34659,1.34673
2023-05-16 08:00:00,1.34676,1.34826,1.3467,1.34825
2023-05-16 09:00:00,1.34823,1.34937,1.34782,1.34799
2023-05-16 10:00:00,1.34798,1.34833,1.34528,1.34603
2023-05-16 11:00:00,1.34603,1.3461699999999999,1.34496,1.34558
2023-05-16 12:00:00,1.34558,1.3466,1.34478,1.34584
2023-05-16 13:00:00,1.34584,1.34694,1.34578,1.34652
2023-05-16 14:00:00,1.34652,1.34688,1.34601,1.34635
2023-05-16 15:00:00,1.34634,1.34664,1.34145,1.34172
2023-05-16 16:00:00,1.34172,1.34327,1.3404,1.34299
2023-05-16 17:00:00,1.34298,1.34577,1.34291,1.34568
2023-05-16 18:00:00,1.34569,1.34714,1.34513,1.34558
2023-05-16 19:00:00,1.34558,1.34688,1.3454,1.3461400000000001
2023-05-16 20:00:00,1.3461400000000001,1.3472,1.346,1.34713
2023-05-16 21:00:00,1.34713,1.34748,1.34676,1.34693
2023-05-16 22:00:00,1.34693,1.34826,1.3467500000000001,1.3479999999999999
2023-05-16 23:00:00,1.3479700000000001,1.3481,1.34744,1.3479700000000001
2023-05-17 00:00:00,1.34768,1.34814,1.34462,1.34775
2023-05-17 01:00:00,1.34774,1.34782,1.34744,1.34764
2023-05-17 02:00:00,1.34764,1.34802,1.34762,1.34774
2023-05-17 03:00:00,1.34774,1.34781,1.3471600000000001,1.3473600000000001
2023-05-17 04:00:00,1.3473600000000001,1.34851,1.34711,1.34775
2023-05-17 05:00:00,1.34775,1.34776,1.34622,1.34641
2023-05-17 06:00:00,1.34641,1.34747,1.3464,1.34741
2023-05-17 07:00:00,1.34741,1.34778,1.34724,1.34774
2023-05-17 08:00:00,1.34775,1.34912,1.34774,1.34912
2023-05-17 09:00:00,1.34912,1.34973,1.3479999999999999,1.34896
2023-05-17 10:00:00,1.34896,1.35358,1.3483100000000001,1.35354
2023-05-17 11:00:00,1.35354,1.35355,1.34965,1.35074
2023-05-17 12:00:00,1.35074,1.35117,1.34915,1.3492
2023-05-17 13:00:00,1.3491900000000001,1.35013,1.34881,1.3498
2023-05-17 14:00:00,1.3498,1.34996,1.34755,1.34875
2023-05-17 15:00:00,1.34877,1.34923,1.34661,1.34706
2023-05-17 16:00:00,1.34706,1.34888,1.34424,1.3488
2023-05-17 17:00:00,1.3488,1.3501400000000001,1.3477999999999999,1.34869
2023-05-17 18:00:00,1.3486799999999999,1.34901,1.3458999999999999,1.34845
2023-05-17 19:00:00,1.34844,1.34845,1.34432,1.34477
2023-05-17 20:00:00,1.34477,1.34488,1.3437000000000001,1.34391
2023-05-17 21:00:00,1.34391,1.34523,1.34386,1.34514
2023-05-17 22:00:00,1.34514,1.34517,1.34428,1.34446
2023-05-17 23:00:00,1.34446,1.34569,1.3444,1.34552
2023-05-18 00:00:00,1.34531,1.3455599999999999,1.34417,1.34537
2023-05-18 01:00:00,1.34536,1.34612,1.34516,1.34605
2023-05-18 02:00:00,1.34605,1.34683,1.346,1.3467
2023-05-18 03:00:00,1.3467,1.3468,1.34562,1.34619
2023-05-18 04:00:00,1.34619,1.34727,1.34569,1.34631
2023-05-18 05:00:00,1.34631,1.34642,1.34545,1.34555
2023-05-18 06:00:00,1.34555,1.34644,1.34522,1.34636
2023-05-18 07:00:00,1.34636,1.34708,1.34628,1.34689
2023-05-18 08:00:00,1.34688,1.3479999999999999,1.34684,1.34762
2023-05-18 09:00:00,1.34762,1.34765,1.34628,1.34704
2023-05-18 10:00:00,1.34705,1.34759,1.3461699999999999,1.3468200000000001
2023-05-18 11:00:00,1.3468200000000001,1.3477000000000001,1.3463,1.34757
2023-05-18 12:00:00,1.34757,1.3482,1.34692,1.34715
2023-05-18 13:00:00,1.34715,1.34744,1.34644,1.34697
2023-05-18 14:00:00,1.34697,1.34754,1.34662,1.3473600000000001
2023-05-18 15:00:00,1.34735,1.34855,1.34634,1.34822
2023-05-18 16:00:00,1.34822,1.3495599999999999,1.34761,1.34938
2023-05-18 17:00:00,1.34938,1.34977,1.34772,1.34862
2023-05-18 18:00:00,1.3485800000000001,1.35099,1.3477999999999999,1.35033
2023-05-18 19:00:00,1.35033,1.35222,1.34992,1.35194
2023-05-18 20:00:00,1.35194,1.35245,1.3514,1.35208
2023-05-18 21:00:00,1.35209,1.35224,1.35087,1.35118
2023-05-18 22:00:00,1.35118,1.3512,1.34952,1.34972
2023-05-18 23:00:00,1.34972,1.35013,1.34968,1.35008
2023-05-19 00:00:00,1.35,1.35057,1.34959,1.35023
2023-05-19 01:00:00,1.35025,1.35026,1.34942,1.34954
2023-05-19 02:00:00,1.34954,1.35038,1.34954,1.3498
2023-05-19 03:00:00,1.3498,1.35006,1.3486500000000001,1.34965
2023-05-19 04:00:00,1.34965,1.35125,1.34945,1.35096
2023-05-19 05:00:00,1.35096,1.35121,1.34862,1.3488
2023-05-19 06:00:00,1.3488,1.34934,1.34851,1.3491900000000001
2023-05-19 07:00:00,1.3491900000000001,1.34965,1.34913,1.3495599999999999
2023-05-19 08:00:00,1.3495599999999999,1.34972,1.34882,1.34936
2023-05-19 09:00:00,1.34935,1.34978,1.34733,1.3485
2023-05-19 10:00:00,1.3485,1.34905,1.34779,1.3485
2023-05-19 11:00:00,1.34851,1.34885,1.34728,1.34761
2023-05-19 12:00:00,1.3476,1.34832,1.34697,1.34749
2023-05-19 13:00:00,1.3475,1.3486500000000001,1.34724,1.34806
2023-05-19 14:00:00,1.34806,1.34946,1.3479,1.34833
2023-05-19 15:00:00,1.34833,1.3486500000000001,1.347,1.3470900000000001
2023-05-19 16:00:00,1.3471,1.34962,1.34687,1.34955
2023-05-19 17:00:00,1.34955,1.35194,1.34941,1.35071
2023-05-19 18:00:00,1.35068,1.35236,1.34945,1.35076
2023-05-19 19:00:00,1.35076,1.35187,1.34945,1.34979
2023-05-19 20:00:00,1.34979,1.3511199999999999,1.34934,1.35101
2023-05-19 21:00:00,1.35101,1.3517299999999999,1.35055,1.3508
2023-05-19 22:00:00,1.3508,1.35185,1.35046,1.35053
2023-05-19 23:00:00,1.35053,1.35101,1.34973,1.34974
2023-05-22 00:00:00,1.34937,1.3503,1.34928,1.3496000000000001
2023-05-22 01:00:00,1.34959,1.35049,1.34907,1.34969
2023-05-22 02:00:00,1.34969,1.34974,1.34894,1.34897
2023-05-22 03:00:00,1.34897,1.3495300000000001,1.34878,1.34894
2023-05-22 04:00:00,1.3489499999999999,1.35012,1.34852,1.3496000000000001
2023-05-22 05:00:00,1.3496000000000001,1.34999,1.34904,1.34957
2023-05-22 06:00:00,1.34957,1.35026,1.34932,1.34982
2023-05-22 07:00:00,1.3498299999999999,1.34986,1.34944,1.34971
2023-05-22 08:00:00,1.34972,1.351,1.34962,1.35098
2023-05-22 09:00:00,1.35098,1.3517000000000001,1.35022,1.3512
2023-05-22 10:00:00,1.3512,1.35175,1.34944,1.34954
2023-05-22 11:00:00,1.3495300000000001,1.35097,1.34933,1.34936
2023-05-22 12:00:00,1.34936,1.3505099999999999,1.3490199999999999,1.35011
2023-05-22 13:00:00,1.3501,1.35138,1.3496299999999999,1.35084
2023-05-22 14:00:00,1.35084,1.35134,1.34989,1.3506
2023-05-22 15:00:00,1.35058,1.35093,1.34949,1.35047
2023-05-22 16:00:00,1.35047,1.3513,1.34971,1.35076
2023-05-22 17:00:00,1.35076,1.35189,1.35028,1.3513899999999999
2023-05-22 18:00:00,1.3513899999999999,1.35158,1.35056,1.35094
2023-05-22 19:00:00,1.35095,1.35129,1.35058,1.35084
2023-05-22 20:00:00,1.35084,1.3511199999999999,1.3502,1.35055
2023-05-22 21:00:00,1.35055,1.35097,1.3503,1.3508
2023-05-22 22:00:00,1.3508,1.35104,1.35057,1.35093
2023-05-22 23:00:00,1.35093,1.35099,1.35045,1.35057
2023-05-23 00:00:00,1.35035,1.3504800000000001,1.34939,1.35001
2023-05-23 01:00:00,1.35,1.3507799999999999,1.34993,1.35062
2023-05-23 02:00:00,1.35067,1.35072,1.3502399999999999,1.35033
2023-05-23 03:00:00,1.35034,1.35034,1.34923,1.34966
2023-05-23 04:00:00,1.34966,1.35003,1.3489200000000001,1.34955
2023-05-23 05:00:00,1.3495599999999999,1.35001,1.34855,1.34874
2023-05-23 06:00:00,1.34875,1.34971,1.34874,1.34917
2023-05-23 07:00:00,1.34917,1.34988,1.3491,1.34981
2023-05-23 08:00:00,1.34981,1.35055,1.34964,1.35015
2023-05-23 09:00:00,1.35015,1.35041,1.34879,1.34971
2023-05-23 10:00:00,1.34971,1.35312,1.34964,1.35283
2023-05-23 11:00:00,1.35282,1.35362,1.35192,1.353
2023-05-23 12:00:00,1.35303,1.35442,1.35278,1.35442
2023-05-23 13:00:00,1.3544100000000001,1.3548499999999999,1.3528,1.35418
2023-05-23 14:00:00,1.35418,1.35432,1.3523800000000001,1.35285
2023-05-23 15:00:00,1.35285,1.35285,1.34979,1.35057
2023-05-23 16:00:00,1.35056,1.35211,1.34975,1.35149
2023-05-23 17:00:00,1.35147,1.35162,1.34952,1.35009
2023-05-23 18:00:00,1.35009,1.35079,1.34843,1.3486099999999999
2023-05-23 19:00:00,1.34862,1.3514599999999999,1.34859,1.3505099999999999
2023-05-23 20:00:00,1.3505,1.35083,1.34928,1.3496000000000001
2023-05-23 21:00:00,1.34961,1.35122,1.3492199999999999,1.3502100000000001
2023-05-23 22:00:00,1.3502100000000001,1.35092,1.35012,1.35065
2023-05-23 23:00:00,1.35065,1.3509,1.3502,1.3502399999999999
2023-05-24 00:00:00,1.35006,1.35035,1.34943,1.35019
2023-05-24 01:00:00,1.3502,1.3502,1.3496000000000001,1.35005
2023-05-24 02:00:00,1.35003,1.35026,1.34968,1.35008
2023-05-24 03:00:00,1.35008,1.35053,1.3496299999999999,1.34995
2023-05-24 04:00:00,1.34994,1.3504399999999999,1.3495599999999999,1.34999
2023-05-24 05:00:00,1.35,1.35108,1.35,1.35086
2023-05-24 06:00:00,1.35086,1.35103,1.35,1.35054
2023-05-24 07:00:00,1.35053,1.35068,1.34993,1.3501699999999999
2023-05-24 08:00:00,1.35016,1.35036,1.34969,1.35009
2023-05-24 09:00:00,1.35008,1.3529,1.34975,1.3526099999999999
2023-05-24 10:00:00,1.3526099999999999,1.35469,1.3526099999999999,1.3546
2023-05-24 11:00:00,1.3546,1.35476,1.35345,1.35393
2023-05-24 12:00:00,1.35393,1.35456,1.35338,1.35456
2023-05-24 13:00:00,1.35456,1.35593,1.35447,1.35559
2023-05-24 14:00:00,1.35559,1.35561,1.35367,1.35367
2023-05-24 15:00:00,1.35367,1.35507,1.35318,1.35447
2023-05-24 16:00:00,1.35446,1.3569,1.35402,1.35682
2023-05-24 17:00:00,1.35682,1.35976,1.35654,1.35886
2023-05-24 18:00:00,1.35885,1.35986,1.3586,1.3590900000000001
2023-05-24 19:00:00,1.3590900000000001,1.36025,1.35894,1.35935
2023-05-24 20:00:00,1.35935,1.36057,1.35872,1.35946
2023-05-24 21:00:00,1.35948,1.36022,1.35835,1.35984
2023-05-24 22:00:00,1.35984,1.36032,1.35857,1.35977
2023-05-24 23:00:00,1.35977,1.35986,1.3588,1.35937
2023-05-25 00:00:00,1.35931,1.35967,1.35883,1.35917
2023-05-25 01:00:00,1.35916,1.36012,1.35904,1.3591
2023-05-25 02:00:00,1.3591,1.35942,1.35882,1.359
2023-05-25 03:00:00,1.359,1.36013,1.35899,1.35971
2023-05-25 04:00:00,1.35972,1.3609499999999999,1.35923,1.36072
2023-05-25 05:00:00,1.36073,1.36094,1.3602400000000001,1.36082
2023-05-25 06:00:00,1.36082,1.36127,1.36043,1.36068
2023-05-25 07:00:00,1.36068,1.36097,1.36055,1.36086
2023-05-25 08:00:00,1.36086,1.3613,1.3604,1.36075
2023-05-25 09:00:00,1.36075,1.36125,1.3590499999999999,1.3597299999999999
2023-05-25 10:00:00,1.35974,1.36097,1.35944,1.35961
2023-05-25 11:00:00,1.35961,1.36019,1.35897,1.35957
2023-05-25 12:00:00,1.35958,1.3601,1.35863,1.3592
2023-05-25 13:00:00,1.3592,1.36033,1.35876,1.36032
2023-05-25 14:00:00,1.36032,1.36106,1.35938,1.35948
2023-05-25 15:00:00,1.35948,1.36112,1.35917,1.36071
2023-05-25 16:00:00,1.36074,1.3637299999999999,1.36002,1.36315
2023-05-25 17:00:00,1.36315,1.3643399999999999,1.3618000000000001,1.36273
2023-05-25 18:00:00,1.36273,1.36447,1.3618999999999999,1.36378
2023-05-25 19:00:00,1.36377,1.36426,1.3633199999999999,1.36378
2023-05-25 20:00:00,1.36377,1.36403,1.36222,1.36264
2023-05-25 21:00:00,1.36265,1.36408,1.362,1.36396
2023-05-25 22:00:00,1.36395,1.36395,1.36316,1.36344
2023-05-25 23:00:00,1.36343,1.36444,1.3634,1.3642699999999999
2023-05-26 00:00:00,1.36414,1.36429,1.36324,1.36394
2023-05-26 01:00:00,1.36394,1.36418,1.36368,1.36407
2023-05-26 02:00:00,1.36406,1.36471,1.36394,1.36438
2023-05-26 03:00:00,1.36438,1.36545,1.36418,1.36502
2023-05-26 04:00:00,1.36501,1.36535,1.36404,1.36438
2023-05-26 05:00:00,1.36439,1.36443,1.3636300000000001,1.36428
2023-05-26 06:00:00,1.36429,1.36435,1.36375,1.36378
2023-05-26 07:00:00,1.36377,1.36395,1.3632,1.36345
2023-05-26 08:00:00,1.36344,1.3639000000000001,1.36304,1.36375
2023-05-26 09:00:00,1.36375,1.36417,1.36212,1.36247
2023-05-26 10:00:00,1.36247,1.3633199999999999,1.3621400000000001,1.3624399999999999
2023-05-26 11:00:00,1.3624399999999999,1.36295,1.36127,1.36285
2023-05-26 12:00:00,1.36286,1.3634,1.36242,1.36261
2023-05-26 13:00:00,1.36259,1.3627099999999999,1.36082,1.36101
2023-05-26 14:00:00,1.36102,1.36112,1.36006,1.36066
2023-05-26 15:00:00,1.36064,1.36314,1.36052,1.36277
2023-05-26 16:00:00,1.36277,1.36377,1.3612,1.36364
2023-05-26 17:00:00,1.3636599999999999,1.36463,1.3613,1.36453
2023-05-26 18:00:00,1.36452,1.3646099999999999,1.36257,1.3627099999999999
2023-05-26 19:00:00,1.36272,1.3627500000000001,1.36168,1.36186
2023-05-26 20:00:00,1.36186,1.36284,1.36174,1.36252
2023-05-26 21:00:00,1.36252,1.3627799999999999,1.36123,1.36159
2023-05-26 22:00:00,1.36158,1.3618299999999999,1.3612,1.36125
2023-05-26 23:00:00,1.36128,1.36168,1.36115,1.3615599999999999
2023-05-29 00:00:00,1.3606,1.36192,1.36033,1.36059
2023-05-29 01:00:00,1.36064,1.3609,1.35998,1.36087
2023-05-29 02:00:00,1.36084,1.36111,1.36053,1.36093
2023-05-29 03:00:00,1.36094,1.36132,1.36063,1.36078
2023-05-29 04:00:00,1.36078,1.36117,1.35961,1.36018
2023-05-29 05:00:00,1.36019,1.36028,1.35952,1.36026
2023-05-29 06:00:00,1.36025,1.36084,1.36008,1.36071
2023-05-29 07:00:00,1.36072,1.36076,1.35981,1.35985
2023-05-29 08:00:00,1.35985,1.36003,1.35948,1.3597000000000001
2023-05-29 09:00:00,1.35971,1.35981,1.35842,1.3584800000000001
2023-05-29 10:00:00,1.3584800000000001,1.35981,1.3584,1.35972
2023-05-29 11:00:00,1.35972,1.36019,1.35892,1.35903
2023-05-29 12:00:00,1.35903,1.35984,1.35896,1.35975
2023-05-29 13:00:00,1.35975,1.36012,1.35965,1.3597000000000001
2023-05-29 14:00:00,1.3597000000000001,1.35983,1.35861,1.35907
2023-05-29 15:00:00,1.35907,1.36103,1.35879,1.36075
2023-05-29 16:00:00,1.36074,1.36121,1.36011,1.36049
2023-05-29 17:00:00,1.36049,1.36049,1.3589,1.35926
2023-05-29 18:00:00,1.35923,1.3594,1.3584399999999999,1.35849
2023-05-29 19:00:00,1.3584800000000001,1.35876,1.35828,1.35845
2023-05-29 20:00:00,1.35846,1.35885,1.35839,1.35885
2023-05-29 21:00:00,1.35885,1.35949,1.35852,1.35931
2023-05-29 22:00:00,1.35931,1.3594300000000001,1.3590200000000001,1.3591199999999999
2023-05-29 23:00:00,1.3591199999999999,1.35935,1.35892,1.35901
2023-05-30 00:00:00,1.3587099999999999,1.35969,1.35807,1.35888
2023-05-30 01:00:00,1.35887,1.35925,1.3587,1.35925
2023-05-30 02:00:00,1.35925,1.36042,1.35924,1.36042
2023-05-30 03:00:00,1.36046,1.36048,1.35859,1.35872
2023-05-30 04:00:00,1.35872,1.35872,1.35675,1.35743
2023-05-30 05:00:00,1.35743,1.35853,1.35724,1.35843
2023-05-30 06:00:00,1.35843,1.36072,1.35838,1.36045
2023-05-30 07:00:00,1.36045,1.36063,1.35935,1.35959
2023-05-30 08:00:00,1.3596,1.36062,1.3594300000000001,1.36016
2023-05-30 09:00:00,1.36016,1.3607,1.3595,1.36044
2023-05-30 10:00:00,1.36044,1.36078,1.35864,1.35866
2023-05-30 11:00:00,1.35866,1.35904,1.35792,1.3584800000000001
2023-05-30 12:00:00,1.3584800000000001,1.35866,1.35671,1.3578000000000001
2023-05-30 13:00:00,1.35779,1.3584800000000001,1.3569499999999999,1.35825
2023-05-30 14:00:00,1.35826,1.35941,1.35781,1.35799
2023-05-30 15:00:00,1.35798,1.35906,1.3572199999999999,1.3590499999999999
2023-05-30 16:00:00,1.35906,1.3607,1.35846,1.36033
2023-05-30 17:00:00,1.3604,1.36133,1.3598,1.36067
2023-05-30 18:00:00,1.36066,1.36083,1.35946,1.35962
2023-05-30 19:00:00,1.35962,1.35978,1.35847,1.35931
2023-05-30 20:00:00,1.3593,1.36112,1.3593,1.36107
2023-05-30 21:00:00,1.36107,1.3613,1.3598,1.36021
2023-05-30 22:00:00,1.36021,1.36044,1.35935,1.35947
2023-05-30 23:00:00,1.35946,1.35988,1.35934,1.35986
2023-05-31 00:00:00,1.35978,1.36013,1.35898,1.36001
2023-05-31 01:00:00,1.3600400000000001,1.36018,1.35987,1.36005
2023-05-31 02:00:00,1.36005,1.36044,1.35988,1.35999
2023-05-31 03:00:00,1.35999,1.36086,1.35991,1.36054
2023-05-31 04:00:00,1.36054,1.36314,1.36045,1.36291
2023-05-31 05:00:00,1.36292,1.36407,1.36249,1.36348
2023-05-31 06:00:00,1.36347,1.36382,1.3633199999999999,1.36368
2023-05-31 07:00:00,1.36367,1.36414,1.36358,1.36396
2023-05-31 08:00:00,1.36396,1.36441,1.36291,1.36301
2023-05-31 09:00:00,1.36301,1.36414,1.36253,1.36359
2023-05-31 10:00:00,1.36359,1.3648,1.36356,1.3645800000000001
2023-05-31 11:00:00,1.3646,1.36496,1.36325,1.36435
2023-05-31 12:00:00,1.36437,1.36456,1.3633199999999999,1.36443
2023-05-31 13:00:00,1.36442,1.3651200000000001,1.3639299999999999,1.36491
2023-05-31 14:00:00,1.36491,1.3651,1.36418,1.36497
2023-05-31 15:00:00,1.36496,1.36511,1.36296,1.36385
2023-05-31 16:00:00,1.36384,1.36435,1.36062,1.36135
2023-05-31 17:00:00,1.36134,1.36361,1.35874,1.35924
2023-05-31 18:00:00,1.35923,1.35986,1.35728,1.35896
2023-05-31 19:00:00,1.35896,1.36082,1.35862,1.36041
2023-05-31 20:00:00,1.36041,1.36103,1.35786,1.35869
2023-05-31 21:00:00,1.35869,1.3587099999999999,1.35698,1.35747
2023-05-31 22:00:00,1.35747,1.35785,1.3569200000000001,1.35757
2023-05-31 23:00:00,1.3575599999999999,1.35786,1.35707,1.35708
2023-06-01 00:00:00,1.3572600000000001,1.35752,1.35662,1.35716
2023-06-01 01:00:00,1.35716,1.35741,1.3565,1.3566500000000001
2023-06-01 02:00:00,1.3566500000000001,1.35723,1.35638,1.3566799999999999
2023-06-01 03:00:00,1.35667,1.35784,1.3563,1.35774
2023-06-01 04:00:00,1.35774,1.3583,1.35636,1.35649
2023-06-01 05:00:00,1.35648,1.35781,1.3564,1.3567
2023-06-01 06:00:00,1.3567,1.3569200000000001,1.35632,1.3565
2023-06-01 07:00:00,1.3565,1.35676,1.35605,1.35666
2023-06-01 08:00:00,1.35666,1.35746,1.35645,1.35737
2023-06-01 09:00:00,1.35736,1.3575599999999999,1.35657,1.35732
2023-06-01 10:00:00,1.35732,1.3585,1.35732,1.3578700000000001
2023-06-01 11:00:00,1.3578700000000001,1.35847,1.35738,1.35764
2023-06-01 12:00:00,1.35764,1.35789,1.35655,1.35659
2023-06-01 13:00:00,1.35659,1.35717,1.3561,1.35677
2023-06-01 14:00:00,1.35677,1.35678,1.35549,1.35616
2023-06-01 15:00:00,1.35617,1.35715,1.35342,1.35374
2023-06-01 16:00:00,1.35375,1.35497,1.35252,1.3529499999999999
2023-06-01 17:00:00,1.3529200000000001,1.35379,1.35046,1.3508
2023-06-01 18:00:00,1.3508,1.35137,1.3441100000000001,1.34429
2023-06-01 19:00:00,1.34429,1.34547,1.34365,1.3440400000000001
2023-06-01 20:00:00,1.34403,1.34464,1.34382,1.34435
2023-06-01 21:00:00,1.34435,1.34506,1.34393,1.34471
2023-06-01 22:00:00,1.34471,1.34583,1.34437,1.34509
2023-06-01 23:00:00,1.34509,1.3455,1.34462,1.3449
2023-06-02 00:00:00,1.34459,1.34476,1.34383,1.34476
2023-06-02 01:00:00,1.34476,1.3449200000000001,1.34424,1.34447
2023-06-02 02:00:00,1.34445,1.34496,1.34439,1.34448
2023-06-02 03:00:00,1.34447,1.3450199999999999,1.34421,1.34486
2023-06-02 04:00:00,1.34486,1.3450199999999999,1.34378,1.3443100000000001
2023-06-02 05:00:00,1.3443100000000001,1.3445,1.34317,1.34318
2023-06-02 06:00:00,1.34315,1.34337,1.34277,1.34293
2023-06-02 07:00:00,1.34293,1.34362,1.3428499999999999,1.34354
2023-06-02 08:00:00,1.34354,1.34385,1.3427799999999999,1.343
2023-06-02 09:00:00,1.343,1.3431199999999999,1.34175,1.34223
2023-06-02 10:00:00,1.34223,1.34288,1.34159,1.3424800000000001
2023-06-02 11:00:00,1.3424800000000001,1.34253,1.34067,1.34111
2023-06-02 12:00:00,1.34112,1.34172,1.3407499999999999,1.34157
2023-06-02 13:00:00,1.34157,1.34206,1.34135,1.34162
2023-06-02 14:00:00,1.34161,1.3431899999999999,1.34139,1.34257
2023-06-02 15:00:00,1.34257,1.34452,1.34096,1.34292
2023-06-02 16:00:00,1.34289,1.3433899999999999,1.34122,1.34304
2023-06-02 17:00:00,1.34303,1.34476,1.3422399999999999,1.3443100000000001
2023-06-02 18:00:00,1.3443100000000001,1.34496,1.34368,1.34394
2023-06-02 19:00:00,1.34393,1.3451,1.34371,1.34413
2023-06-02 20:00:00,1.34412,1.34479,1.34363,1.34413
2023-06-02 21:00:00,1.34413,1.34443,1.3431199999999999,1.3431600000000001
2023-06-02 22:00:00,1.3431600000000001,1.3431600000000001,1.34238,1.34249
2023-06-02 23:00:00,1.3424800000000001,1.34324,1.34218,1.34292
2023-06-05 00:00:00,1.34178,1.34292,1.34127,1.34272
2023-06-05 01:00:00,1.3427,1.34308,1.3418,1.34188
2023-06-05 02:00:00,1.34188,1.34311,1.34183,1.34289
2023-06-05 03:00:00,1.34289,1.34337,1.34266,1.34301
2023-06-05 04:00:00,1.34301,1.34392,1.3425500000000001,1.3425500000000001
2023-06-05 05:00:00,1.3425500000000001,1.34356,1.34227,1.3434599999999999
2023-06-05 06:00:00,1.3434599999999999,1.3437999999999999,1.34335,1.34342
2023-06-05 07:00:00,1.34342,1.3441100000000001,1.34335,1.34386
2023-06-05 08:00:00,1.34386,1.34424,1.3433899999999999,1.3437700000000001
2023-06-05 09:00:00,1.34375,1.3443,1.34351,1.34368
2023-06-05 10:00:00,1.34368,1.34398,1.34225,1.3431
2023-06-05 11:00:00,1.3430900000000001,1.34369,1.34259,1.34362
2023-06-05 12:00:00,1.34363,1.3443399999999999,1.34341,1.34414
2023-06-05 13:00:00,1.34414,1.3451,1.34408,1.3449
2023-06-05 14:00:00,1.3449,1.34518,1.3442,1.3442
2023-06-05 15:00:00,1.34421,1.34443,1.34334,1.34371
2023-06-05 16:00:00,1.34372,1.34409,1.34287,1.34395
2023-06-05 17:00:00,1.34388,1.34618,1.3422399999999999,1.34354
2023-06-05 18:00:00,1.34354,1.3439,1.3419699999999999,1.34207
2023-06-05 19:00:00,1.34206,1.3425500000000001,1.34169,1.34192
2023-06-05 20:00:00,1.34192,1.3431899999999999,1.3418999999999999,1.34308
2023-06-05 21:00:00,1.34308,1.34418,1.34292,1.3437000000000001
2023-06-05 22:00:00,1.34371,1.34427,1.3433899999999999,1.34426
2023-06-05 23:00:00,1.34426,1.34464,1.3442,1.34442
2023-06-06 00:00:00,1.34416,1.34458,1.34276,1.34417
2023-06-06 01:00:00,1.34417,1.34473,1.34392,1.34432
2023-06-06 02:00:00,1.34435,1.3449499999999999,1.34422,1.34488
2023-06-06 03:00:00,1.34486,1.34504,1.34395,1.34416
2023-06-06 04:00:00,1.34416,1.34425,1.34375,1.34378
2023-06-06 05:00:00,1.34379,1.34379,1.34192,1.3427
2023-06-06 06:00:00,1.3427,1.34332,1.34265,1.34314
2023-06-06 07:00:00,1.34314,1.34326,1.3413,1.34137
2023-06-06 08:00:00,1.34137,1.34141,1.34036,1.34135
2023-06-06 09:00:00,1.3413599999999999,1.34159,1.33969,1.34027
2023-06-06 10:00:00,1.34026,1.34161,1.33899,1.34077
2023-06-06 11:00:00,1.3407499999999999,1.34268,1.34048,1.34252
2023-06-06 12:00:00,1.3425099999999999,1.34281,1.34146,1.34183
2023-06-06 13:00:00,1.34181,1.34299,1.34168,1.3422399999999999
2023-06-06 14:00:00,1.34225,1.34297,1.34214,1.34289
2023-06-06 15:00:00,1.34289,1.34403,1.34207,1.34368
2023-06-06 16:00:00,1.3437000000000001,1.34522,1.34356,1.34422
2023-06-06 17:00:00,1.34423,1.3443800000000001,1.34097,1.34109
2023-06-06 18:00:00,1.34108,1.34205,1.34009,1.34042
2023-06-06 19:00:00,1.34045,1.34178,1.34016,1.34094
2023-06-06 20:00:00,1.34094,1.34179,1.3407200000000001,1.34155
2023-06-06 21:00:00,1.34155,1.34179,1.33997,1.3401399999999999
2023-06-06 22:00:00,1.3401399999999999,1.341,1.34013,1.34053
2023-06-06 23:00:00,1.34053,1.34066,1.34005,1.34012
2023-06-07 00:00:00,1.34002,1.34043,1.3397299999999999,1.34
2023-06-07 01:00:00,1.34,1.3403,1.33989,1.34028
2023-06-07 02:00:00,1.34028,1.34032,1.3397999999999999,1.33982
2023-06-07 03:00:00,1.33982,1.33991,1.33878,1.3391899999999999
2023-06-07 04:00:00,1.3391899999999999,1.3397700000000001,1.3388,1.33942
2023-06-07 05:00:00,1.33942,1.34113,1.33939,1.3403100000000001
2023-06-07 06:00:00,1.3403,1.3408,1.34018,1.34032
2023-06-07 07:00:00,1.34032,1.34053,1.34,1.34043
2023-06-07 08:00:00,1.34043,1.34108,1.3403399999999999,1.34089
2023-06-07 09:00:00,1.34088,1.3424,1.34048,1.34202
2023-06-07 10:00:00,1.34202,1.34266,1.34137,1.34155
2023-06-07 11:00:00,1.34155,1.34162,1.33876,1.33884
2023-06-07 12:00:00,1.3388499999999999,1.33951,1.33826,1.33908
2023-06-07 13:00:00,1.33906,1.3390900000000001,1.33819,1.33836
2023-06-07 14:00:00,1.33836,1.33948,1.33752,1.33928
2023-06-07 15:00:00,1.33931,1.3412600000000001,1.3385500000000001,1.3401100000000001
2023-06-07 16:00:00,1.3401399999999999,1.3411,1.33839,1.33842
2023-06-07 17:00:00,1.33842,1.33842,1.3321100000000001,1.33565
2023-06-07 18:00:00,1.33565,1.33722,1.3347,1.33655
2023-06-07 19:00:00,1.33653,1.33747,1.33593,1.33676
2023-06-07 20:00:00,1.3367499999999999,1.33925,1.33673,1.33765
2023-06-07 21:00:00,1.33765,1.33809,1.33693,1.33709
2023-06-07 22:00:00,1.33708,1.33776,1.33693,1.33738
2023-06-07 23:00:00,1.33738,1.33752,1.33684,1.33712
2023-06-08 00:00:00,1.3369,1.33739,1.33657,1.33711
2023-06-08 01:00:00,1.33711,1.3374,1.33685,1.33735
2023-06-08 02:00:00,1.33734,1.33758,1.33711,1.33713
2023-06-08 03:00:00,1.33712,1.33712,1.33568,1.33601
2023-06-08 04:00:00,1.33601,1.33677,1.33567,1.33603
2023-06-08 05:00:00,1.33603,1.33635,1.33504,1.33528
2023-06-08 06:00:00,1.33528,1.33615,1.33522,1.33613
2023-06-08 07:00:00,1.33613,1.3368,1.33602,1.33623
2023-06-08 08:00:00,1.33623,1.33653,1.33507,1.33621
2023-06-08 09:00:00,1.3362,1.33651,1.33551,1.3357299999999999
2023-06-08 10:00:00,1.3357299999999999,1.33574,1.3342399999999999,1.33426
2023-06-08 11:00:00,1.33425,1.3348499999999999,1.33339,1.33349
2023-06-08 12:00:00,1.33348,1.33491,1.33348,1.3345
2023-06-08 13:00:00,1.33449,1.33497,1.3342399999999999,1.33493
2023-06-08 14:00:00,1.33494,1.33646,1.33446,1.33594
2023-06-08 15:00:00,1.33593,1.3360400000000001,1.33415,1.33532
2023-06-08 16:00:00,1.33533,1.33747,1.33452,1.33547
2023-06-08 17:00:00,1.33547,1.33687,1.33478,1.3360699999999999
2023-06-08 18:00:00,1.3360699999999999,1.33879,1.33503,1.33818
2023-06-08 19:00:00,1.33818,1.33827,1.3351600000000001,1.33533
2023-06-08 20:00:00,1.33533,1.33603,1.3349199999999999,1.33522
2023-06-08 21:00:00,1.33522,1.33639,1.33511,1.33583
2023-06-08 22:00:00,1.33582,1.33639,1.33518,1.33527
2023-06-08 23:00:00,1.33527,1.3358400000000001,1.33527,1.33557
2023-06-09 00:00:00,1.33554,1.336,1.33438,1.3357
2023-06-09 01:00:00,1.33571,1.33612,1.33549,1.33571
2023-06-09 02:00:00,1.33572,1.33626,1.3355000000000001,1.33623
2023-06-09 03:00:00,1.33624,1.33687,1.3361399999999999,1.33686
2023-06-09 04:00:00,1.33687,1.33688,1.3361100000000001,1.33648
2023-06-09 05:00:00,1.33648,1.33695,1.33644,1.33679
2023-06-09 06:00:00,1.33679,1.33698,1.33642,1.33692
2023-06-09 07:00:00,1.33692,1.33711,1.33677,1.3368
2023-06-09 08:00:00,1.3368,1.33695,1.33557,1.33601
2023-06-09 09:00:00,1.33601,1.3364099999999999,1.3345500000000001,1.33462
2023-06-09 10:00:00,1.33463,1.33488,1.33325,1.3333300000000001
2023-06-09 11:00:00,1.3333300000000001,1.3349,1.33327,1.33356
2023-06-09 12:00:00,1.33356,1.3342399999999999,1.33319,1.33384
2023-06-09 13:00:00,1.33384,1.33439,1.33323,1.33358
2023-06-09 14:00:00,1.33357,1.33385,1.33165,1.33235
2023-06-09 15:00:00,1.33235,1.33636,1.33169,1.33544
2023-06-09 16:00:00,1.33545,1.33694,1.33246,1.33257
2023-06-09 17:00:00,1.33257,1.33321,1.33131,1.33169
2023-06-09 18:00:00,1.33169,1.33477,1.3314599999999999,1.33434
2023-06-09 19:00:00,1.33435,1.3351199999999999,1.33408,1.33457
2023-06-09 20:00:00,1.3345799999999999,1.33537,1.33432,1.33474
2023-06-09 21:00:00,1.33468,1.33547,1.33419,1.3351199999999999
2023-06-09 22:00:00,1.3351199999999999,1.3351899999999999,1.33442,1.33464
2023-06-09 23:00:00,1.33463,1.33474,1.33391,1.33392
2023-06-12 00:00:00,1.33308,1.33433,1.33283,1.33354
2023-06-12 01:00:00,1.33355,1.33462,1.33351,1.3342399999999999
2023-06-12 02:00:00,1.33425,1.33426,1.33369,1.33375
2023-06-12 03:00:00,1.33376,1.33474,1.33374,1.3342100000000001
2023-06-12 04:00:00,1.33423,1.33534,1.33422,1.3351899999999999
2023-06-12 05:00:00,1.3351899999999999,1.33583,1.33479,1.33526
2023-06-12 06:00:00,1.33527,1.33539,1.33464,1.3348499999999999
2023-06-12 07:00:00,1.33486,1.33547,1.33468,1.33535
2023-06-12 08:00:00,1.33536,1.33538,1.33457,1.3348499999999999
2023-06-12 09:00:00,1.3348200000000001,1.335,1.3330199999999999,1.3332
2023-06-12 10:00:00,1.3332,1.33391,1.33199,1.33206
2023-06-12 11:00:00,1.33206,1.33285,1.33165,1.33169
2023-06-12 12:00:00,1.33168,1.33323,1.3315000000000001,1.3327499999999999
2023-06-12 13:00:00,1.33276,1.333,1.332,1.33282
2023-06-12 14:00:00,1.33283,1.33376,1.3314599999999999,1.3336299999999999
2023-06-12 15:00:00,1.33365,1.33432,1.33294,1.33391
2023-06-12 16:00:00,1.3338999999999999,1.33571,1.33382,1.33529
2023-06-12 17:00:00,1.33526,1.33836,1.33507,1.33697
2023-06-12 18:00:00,1.33695,1.33825,1.3363800000000001,1.33783
2023-06-12 19:00:00,1.33783,1.33812,1.33719,1.33802
2023-06-12 20:00:00,1.33802,1.33835,1.33739,1.33754
2023-06-12 21:00:00,1.33755,1.33773,1.33696,1.33721
2023-06-12 22:00:00,1.33721,1.33721,1.33632,1.33648
2023-06-12 23:00:00,1.33648,1.33693,1.3364,1.33644
2023-06-13 00:00:00,1.33658,1.3370600000000001,1.33622,1.33676
2023-06-13 01:00:00,1.33676,1.3368,1.33646,1.33655
2023-06-13 02:00:00,1.33656,1.3366500000000001,1.33637,1.33644
2023-06-13 03:00:00,1.33644,1.33676,1.33599,1.33663
2023-06-13 04:00:00,1.33663,1.33716,1.33626,1.33704
2023-06-13 05:00:00,1.33704,1.33785,1.33698,1.3371
2023-06-13 06:00:00,1.33709,1.33712,1.3354599999999999,1.33564
2023-06-13 07:00:00,1.33563,1.33635,1.33547,1.33632
2023-06-13 08:00:00,1.33632,1.3369,1.33622,1.33659
2023-06-13 09:00:00,1.33659,1.33662,1.3345099999999999,1.33548
2023-06-13 10:00:00,1.33548,1.33587,1.33414,1.33545
2023-06-13 11:00:00,1.33545,1.33616,1.33509,1.33514
2023-06-13 12:00:00,1.33513,1.33586,1.33497,1.33571
2023-06-13 13:00:00,1.33572,1.33589,1.33511,1.33551
2023-06-13 14:00:00,1.3355000000000001,1.33555,1.33459,1.3352
2023-06-13 15:00:00,1.3352,1.33522,1.33183,1.33255
2023-06-13 16:00:00,1.33253,1.3335,1.33107,1.3327499999999999
2023-06-13 17:00:00,1.3327499999999999,1.3334,1.32857,1.32929
2023-06-13 18:00:00,1.32929,1.33066,1.32863,1.32984
2023-06-13 19:00:00,1.32984,1.33007,1.32892,1.329
2023-06-13 20:00:00,1.329,1.33054,1.3288,1.33034
2023-06-13 21:00:00,1.33034,1.33171,1.33003,1.33104
2023-06-13 22:00:00,1.33109,1.33138,1.33041,1.33125
2023-06-13 23:00:00,1.33125,1.33142,1.3308499999999999,1.33132
2023-06-14 00:00:00,1.33122,1.3317700000000001,1.331,1.33129
2023-06-14 01:00:00,1.33133,1.33162,1.33107,1.3312300000000001
2023-06-14 02:00:00,1.3312300000000001,1.3317,1.33102,1.3314599999999999
2023-06-14 03:00:00,1.3314599999999999,1.33196,1.33106,1.33145
2023-06-14 04:00:00,1.33144,1.33162,1.33044,1.33061
2023-06-14 05:00:00,1.33061,1.33105,1.33041,1.3305500000000001
2023-06-14 06:00:00,1.3305500000000001,1.33096,1.33043,1.3308499999999999
2023-06-14 07:00:00,1.3308499999999999,1.33151,1.3308200000000001,1.33088
2023-06-14 08:00:00,1.33088,1.33155,1.3305,1.33145
2023-06-14 09:00:00,1.33145,1.33183,1.33074,1.3311899999999999
2023-06-14 10:00:00,1.3311899999999999,1.33134,1.3290600000000001,1.32924
2023-06-14 11:00:00,1.32923,1.33018,1.32849,1.32892
2023-06-14 12:00:00,1.32892,1.3294000000000001,1.32853,1.32887
2023-06-14 13:00:00,1.32887,1.32923,1.3287,1.32912
2023-06-14 14:00:00,1.32912,1.33079,1.32881,1.33003
2023-06-14 15:00:00,1.33003,1.3308900000000001,1.32946,1.33063
2023-06-14 16:00:00,1.33063,1.3307,1.32829,1.3287499999999999
2023-06-14 17:00:00,1.32874,1.32878,1.3275000000000001,1.32809
2023-06-14 18:00:00,1.32809,1.3294000000000001,1.3278699999999999,1.32849
2023-06-14 19:00:00,1.32849,1.32888,1.3271899999999999,1.32803
2023-06-14 20:00:00,1.32803,1.33043,1.32803,1.32962
2023-06-14 21:00:00,1.32962,1.33529,1.3296000000000001,1.33147
2023-06-14 22:00:00,1.33147,1.3336000000000001,1.33032,1.33354
2023-06-14 23:00:00,1.33354,1.33354,1.33208,1.3324500000000001
2023-06-15 00:00:00,1.3321100000000001,1.33233,1.3318400000000001,1.33233
2023-06-15 01:00:00,1.33234,1.33273,1.33208,1.33264
2023-06-15 02:00:00,1.33263,1.33304,1.33251,1.33274
2023-06-15 03:00:00,1.33274,1.33323,1.33235,1.33314
2023-06-15 04:00:00,1.33314,1.33487,1.33307,1.33478
2023-06-15 05:00:00,1.33477,1.3354599999999999,1.33433,1.33505
2023-06-15 06:00:00,1.33505,1.33508,1.33406,1.33417
2023-06-15 07:00:00,1.33417,1.3347,1.33386,1.3339699999999999
2023-06-15 08:00:00,1.3339699999999999,1.3345500000000001,1.3325,1.33292
2023-06-15 09:00:00,1.33292,1.33509,1.3323800000000001,1.33439
2023-06-15 10:00:00,1.33439,1.33493,1.33258,1.33273
2023-06-15 11:00:00,1.33273,1.33294,1.33198,1.3327499999999999
2023-06-15 12:00:00,1.33276,1.33304,1.33196,1.33222
2023-06-15 13:00:00,1.33222,1.33308,1.33218,1.33291
2023-06-15 14:00:00,1.33291,1.33362,1.332,1.33269
2023-06-15 15:00:00,1.3327,1.33381,1.33212,1.33263
2023-06-15 16:00:00,1.33262,1.33266,1.32701,1.32701
2023-06-15 17:00:00,1.32701,1.32764,1.32378,1.32425
2023-06-15 18:00:00,1.32425,1.3246,1.32281,1.32393
2023-06-15 19:00:00,1.32394,1.32407,1.3228,1.32336
2023-06-15 20:00:00,1.32336,1.32365,1.32184,1.3222
2023-06-15 21:00:00,1.32219,1.3226499999999999,1.32105,1.32117
2023-06-15 22:00:00,1.32117,1.32195,1.32098,1.32187
2023-06-15 23:00:00,1.32187,1.32219,1.32152,1.32205
2023-06-16 00:00:00,1.32183,1.32227,1.32117,1.32221
2023-06-16 01:00:00,1.3222,1.3222,1.32159,1.32159
2023-06-16 02:00:00,1.32159,1.32233,1.32152,1.32232
2023-06-16 03:00:00,1.32233,1.3228,1.3220100000000001,1.32271
2023-06-16 04:00:00,1.32271,1.32335,1.32218,1.32302
2023-06-16 05:00:00,1.32301,1.32394,1.32297,1.32382
2023-06-16 06:00:00,1.32382,1.32382,1.32293,1.32334
2023-06-16 07:00:00,1.32334,1.32354,1.32282,1.32348
2023-06-16 08:00:00,1.32348,1.3237999999999999,1.32243,1.3229199999999999
2023-06-16 09:00:00,1.3229199999999999,1.3229199999999999,1.3211300000000001,1.32227
2023-06-16 10:00:00,1.32226,1.3235999999999999,1.32205,1.32337
2023-06-16 11:00:00,1.32337,1.32376,1.32195,1.32212
2023-06-16 12:00:00,1.32212,1.32311,1.32161,1.32244
2023-06-16 13:00:00,1.32248,1.32287,1.32225,1.32277
2023-06-16 14:00:00,1.32276,1.32333,1.3220100000000001,1.32286
2023-06-16 15:00:00,1.32286,1.3231,1.32028,1.32156
2023-06-16 16:00:00,1.32156,1.32212,1.32055,1.32105
2023-06-16 17:00:00,1.32099,1.32149,1.31882,1.31917
2023-06-16 18:00:00,1.31917,1.32047,1.31886,1.31955
2023-06-16 19:00:00,1.31959,1.3201,1.3191899999999999,1.31932
2023-06-16 20:00:00,1.3193,1.31939,1.3184,1.31841
2023-06-16 21:00:00,1.31842,1.31878,1.31776,1.31795
2023-06-16 22:00:00,1.3179400000000001,1.32013,1.3179400000000001,1.31997
2023-06-16 23:00:00,1.31996,1.32019,1.31913,1.31964
2023-06-19 00:00:00,1.31808,1.32003,1.31788,1.31982
2023-06-19 01:00:00,1.31982,1.31982,1.31856,1.31903
2023-06-19 02:00:00,1.31906,1.32001,1.31885,1.3199
2023-06-19 03:00:00,1.3199100000000001,1.32126,1.31982,1.32108
2023-06-19 04:00:00,1.32108,1.3219400000000001,1.32071,1.32132
2023-06-19 05:00:00,1.32131,1.32195,1.32108,1.32189
2023-06-19 06:00:00,1.32189,1.32288,1.32183,1.32256
2023-06-19 07:00:00,1.32256,1.32275,1.32175,1.32177
2023-06-19 08:00:00,1.32177,1.32191,1.31986,1.32005
2023-06-19 09:00:00,1.32005,1.32098,1.31994,1.32023
2023-06-19 10:00:00,1.32024,1.32056,1.31791,1.31911
2023-06-19 11:00:00,1.31911,1.31956,1.31867,1.31949
2023-06-19 12:00:00,1.31949,1.32095,1.31902,1.3207900000000001
2023-06-19 13:00:00,1.3207900000000001,1.3207900000000001,1.31982,1.3204
2023-06-19 14:00:00,1.3204,1.32063,1.31943,1.31946
2023-06-19 15:00:00,1.31945,1.31975,1.31869,1.31915
2023-06-19 16:00:00,1.31915,1.31955,1.31851,1.31897
2023-06-19 17:00:00,1.31898,1.3207200000000001,1.31863,1.32055
2023-06-19 18:00:00,1.32055,1.32094,1.32005,1.32037
2023-06-19 19:00:00,1.32038,1.32172,1.32026,1.32154
2023-06-19 20:00:00,1.32153,1.32185,1.32134,1.32185
2023-06-19 21:00:00,1.32185,1.32185,1.32135,1.32137
2023-06-19 22:00:00,1.32137,1.32153,1.32091,1.32108
2023-06-19 23:00:00,1.32108,1.32126,1.32083,1.32087
2023-06-20 00:00:00,1.3207,1.32125,1.32055,1.32105
2023-06-20 01:00:00,1.3211,1.32116,1.32063,1.32099
2023-06-20 02:00:00,1.32098,1.32119,1.3208199999999999,1.32105
2023-06-20 03:00:00,1.32104,1.32124,1.32054,1.32087
2023-06-20 04:00:00,1.32089,1.32282,1.32067,1.32263
2023-06-20 05:00:00,1.32266,1.3232,1.32192,1.32217
2023-06-20 06:00:00,1.32217,1.32222,1.32171,1.32192
2023-06-20 07:00:00,1.32192,1.32302,1.32188,1.32301
2023-06-20 08:00:00,1.32301,1.32356,1.32214,1.32222
2023-06-20 09:00:00,1.32222,1.32356,1.32202,1.32339
2023-06-20 10:00:00,1.32339,1.32391,1.32093,1.3216999999999999
2023-06-20 11:00:00,1.32172,1.32207,1.32096,1.32179
2023-06-20 12:00:00,1.32178,1.3231,1.32154,1.3229199999999999
2023-06-20 13:00:00,1.3229199999999999,1.32301,1.3214299999999999,1.32165
2023-06-20 14:00:00,1.32166,1.32341,1.32104,1.32332
2023-06-20 15:00:00,1.32331,1.32468,1.32277,1.32356
2023-06-20 16:00:00,1.32355,1.32505,1.3225500000000001,1.32473
2023-06-20 17:00:00,1.32473,1.32697,1.3245,1.32498
2023-06-20 18:00:00,1.32498,1.326,1.32436,1.3247900000000001
2023-06-20 19:00:00,1.3247900000000001,1.32512,1.32372,1.32374
2023-06-20 20:00:00,1.32372,1.32393,1.32317,1.32345
2023-06-20 21:00:00,1.32345,1.32406,1.32282,1.32294
2023-06-20 22:00:00,1.32294,1.32362,1.32241,1.32287
2023-06-20 23:00:00,1.32287,1.32348,1.32263,1.3232300000000001
2023-06-21 00:00:00,1.3233,1.32349,1.32261,1.32348
2023-06-21 01:00:00,1.32346,1.32346,1.32267,1.32288
2023-06-21 02:00:00,1.32288,1.32291,1.32251,1.32252
2023-06-21 03:00:00,1.32252,1.32287,1.3220100000000001,1.32279
2023-06-21 04:00:00,1.32279,1.32305,1.3219699999999999,1.32223
2023-06-21 05:00:00,1.32222,1.32267,1.32169,1.32234
2023-06-21 06:00:00,1.32233,1.32239,1.32173,1.32178
2023-06-21 07:00:00,1.32178,1.32178,1.32092,1.32129
2023-06-21 08:00:00,1.32129,1.32241,1.32111,1.32234
2023-06-21 09:00:00,1.3223799999999999,1.32398,1.32205,1.32382
2023-06-21 10:00:00,1.32381,1.32459,1.32284,1.32339
2023-06-21 11:00:00,1.32337,1.32372,1.32253,1.32333
2023-06-21 12:00:00,1.32333,1.32373,1.32212,1.32247
2023-06-21 13:00:00,1.32247,1.32269,1.32162,1.3226200000000001
2023-06-21 14:00:00,1.3226200000000001,1.323,1.32137,1.32177
2023-06-21 15:00:00,1.32177,1.32264,1.32067,1.32127
2023-06-21 16:00:00,1.32127,1.32212,1.32033,1.3210899999999999
2023-06-21 17:00:00,1.3210899999999999,1.3210899999999999,1.31754,1.31812
2023-06-21 18:00:00,1.31813,1.31992,1.31772,1.31807
2023-06-21 19:00:00,1.31808,1.31847,1.31667,1.31687
2023-06-21 20:00:00,1.31686,1.31729,1.31613,1.3165
2023-06-21 21:00:00,1.3165,1.31688,1.31572,1.31599
2023-06-21 22:00:00,1.31599,1.31665,1.3159399999999999,1.31647
2023-06-21 23:00:00,1.31647,1.3165499999999999,1.3161800000000001,1.31626
2023-06-22 00:00:00,1.3162,1.31654,1.31536,1.31636
2023-06-22 01:00:00,1.3163,1.31641,1.31578,1.3158400000000001
2023-06-22 02:00:00,1.3158400000000001,1.3161800000000001,1.31578,1.31609
2023-06-22 03:00:00,1.31609,1.31624,1.3155299999999999,1.3155700000000001
2023-06-22 04:00:00,1.3155700000000001,1.31578,1.31511,1.31516
2023-06-22 05:00:00,1.31516,1.31573,1.31515,1.31545
2023-06-22 06:00:00,1.31545,1.31569,1.3153299999999999,1.31538
2023-06-22 07:00:00,1.31538,1.31651,1.31527,1.3165
2023-06-22 08:00:00,1.3165,1.31683,1.31619,1.3165499999999999
2023-06-22 09:00:00,1.31653,1.31685,1.316,1.31659
2023-06-22 10:00:00,1.31657,1.3167499999999999,1.31455,1.31514
2023-06-22 11:00:00,1.31508,1.31538,1.31389,1.31463
2023-06-22 12:00:00,1.31464,1.315,1.31422,1.31437
2023-06-22 13:00:00,1.31437,1.3155299999999999,1.31409,1.31542
2023-06-22 14:00:00,1.31543,1.31703,1.31494,1.31638
2023-06-22 15:00:00,1.31638,1.31669,1.3149199999999999,1.3164
2023-06-22 16:00:00,1.3164,1.31793,1.31612,1.31666
2023-06-22 17:00:00,1.31666,1.31735,1.31521,1.31683
2023-06-22 18:00:00,1.3168199999999999,1.31717,1.31498,1.3164799999999999
2023-06-22 19:00:00,1.31646,1.31694,1.31559,1.31564
2023-06-22 20:00:00,1.31563,1.31678,1.31498,1.315
2023-06-22 21:00:00,1.315,1.31551,1.31463,1.31463
2023-06-22 22:00:00,1.31463,1.31571,1.3145,1.31501
2023-06-22 23:00:00,1.31501,1.31524,1.31481,1.31509
2023-06-23 00:00:00,1.31481,1.3152,1.31458,1.31513
2023-06-23 01:00:00,1.31512,1.3154,1.31461,1.3146499999999999
2023-06-23 02:00:00,1.31466,1.3148,1.3144,1.3147199999999999
2023-06-23 03:00:00,1.31471,1.31493,1.31429,1.31445
2023-06-23 04:00:00,1.31445,1.31638,1.31442,1.3162099999999999
2023-06-23 05:00:00,1.31623,1.31825,1.3162099999999999,1.3181
2023-06-23 06:00:00,1.3181,1.31882,1.3179400000000001,1.31861
2023-06-23 07:00:00,1.3186200000000001,1.31951,1.31854,1.31912
2023-06-23 08:00:00,1.31911,1.31924,1.31824,1.31857
2023-06-23 09:00:00,1.31856,1.31966,1.31843,1.31878
2023-06-23 10:00:00,1.3188,1.32066,1.31759,1.31955
2023-06-23 11:00:00,1.31956,1.32061,1.31876,1.3205200000000001
2023-06-23 12:00:00,1.3205200000000001,1.32101,1.31981,1.31988
2023-06-23 13:00:00,1.31988,1.32116,1.3195700000000001,1.3209
2023-06-23 14:00:00,1.3209,1.3213599999999999,1.32051,1.32096
2023-06-23 15:00:00,1.32096,1.32257,1.32053,1.3216999999999999
2023-06-23 16:00:00,1.32168,1.3219699999999999,1.3195299999999999,1.32096
2023-06-23 17:00:00,1.32097,1.3214299999999999,1.31845,1.3188
2023-06-23 18:00:00,1.3188,1.32111,1.31857,1.31983
2023-06-23 19:00:00,1.31983,1.3201800000000001,1.3189199999999999,1.31981
2023-06-23 20:00:00,1.31982,1.3202099999999999,1.31785,1.31807
2023-06-23 21:00:00,1.31807,1.31986,1.31788,1.31895
2023-06-23 22:00:00,1.31894,1.3195299999999999,1.31856,1.31891
2023-06-23 23:00:00,1.3189199999999999,1.319,1.31779,1.31795
2023-06-26 00:00:00,1.31787,1.31813,1.31778,1.31791
2023-06-26 01:00:00,1.31792,1.31802,1.3162,1.31623
2023-06-26 02:00:00,1.31623,1.31663,1.3161100000000001,1.31654
2023-06-26 03:00:00,1.31654,1.31717,1.31613,1.31666
2023-06-26 04:00:00,1.31666,1.31731,1.31626,1.31673
2023-06-26 05:00:00,1.31673,1.3167900000000001,1.31565,1.31588
2023-06-26 06:00:00,1.31589,1.31617,1.3153299999999999,1.31586
2023-06-26 07:00:00,1.31586,1.31625,1.3157,1.31625
2023-06-26 08:00:00,1.31625,1.31643,1.3155999999999999,1.31595
2023-06-26 09:00:00,1.31595,1.31694,1.31567,1.31578
2023-06-26 10:00:00,1.31578,1.3164500000000001,1.31389,1.31473
2023-06-26 11:00:00,1.31473,1.31701,1.31473,1.31685
2023-06-26 12:00:00,1.31688,1.3170899999999999,1.31634,1.31663
2023-06-26 13:00:00,1.31662,1.31691,1.31595,1.31684
2023-06-26 14:00:00,1.31684,1.31704,1.31481,1.3149
2023-06-26 15:00:00,1.3149,1.31615,1.31361,1.31544
2023-06-26 16:00:00,1.31544,1.3176999999999999,1.3152,1.31676
2023-06-26 17:00:00,1.3167499999999999,1.31725,1.31539,1.31564
2023-06-26 18:00:00,1.31564,1.31585,1.31452,1.3146900000000001
2023-06-26 19:00:00,1.31468,1.31512,1.31392,1.31456
2023-06-26 20:00:00,1.31456,1.31487,1.31389,1.31443
2023-06-26 21:00:00,1.31443,1.31494,1.31425,1.31437
2023-06-26 22:00:00,1.31437,1.31534,1.31411,1.3152300000000001
2023-06-26 23:00:00,1.31521,1.3155999999999999,1.3149,1.31527
2023-06-27 00:00:00,1.3146900000000001,1.31548,1.31425,1.31508
2023-06-27 01:00:00,1.31508,1.31543,1.31466,1.3149600000000001
2023-06-27 02:00:00,1.31498,1.31528,1.31488,1.31518
2023-06-27 03:00:00,1.31518,1.31551,1.31455,1.3153000000000001
2023-06-27 04:00:00,1.3153000000000001,1.31547,1.31216,1.31261
2023-06-27 05:00:00,1.31261,1.31357,1.31254,1.31283
2023-06-27 06:00:00,1.31283,1.31292,1.31222,1.31256
2023-06-27 07:00:00,1.31256,1.31305,1.3124500000000001,1.31303
2023-06-27 08:00:00,1.31303,1.3131599999999999,1.31192,1.31287
2023-06-27 09:00:00,1.31288,1.3130600000000001,1.3118,1.31207
2023-06-27 10:00:00,1.31207,1.31288,1.31164,1.3123
2023-06-27 11:00:00,1.31231,1.31389,1.31231,1.31373
2023-06-27 12:00:00,1.31373,1.31514,1.31372,1.31417
2023-06-27 13:00:00,1.31417,1.31507,1.31381,1.31501
2023-06-27 14:00:00,1.31501,1.31689,1.31501,1.31608
2023-06-27 15:00:00,1.31608,1.31776,1.31491,1.31613
2023-06-27 16:00:00,1.31613,1.31879,1.31524,1.31749
2023-06-27 17:00:00,1.31749,1.31897,1.31634,1.31752
2023-06-27 18:00:00,1.31752,1.31808,1.31671,1.31761
2023-06-27 19:00:00,1.31761,1.31891,1.31742,1.31842
2023-06-27 20:00:00,1.31842,1.31866,1.31747,1.31776
2023-06-27 21:00:00,1.31775,1.31836,1.31753,1.31802
2023-06-27 22:00:00,1.31802,1.31856,1.31778,1.31793
2023-06-27 23:00:00,1.3179400000000001,1.31911,1.31789,1.31905
2023-06-28 00:00:00,1.3191,1.31947,1.3188,1.3192
2023-06-28 01:00:00,1.31918,1.31949,1.31898,1.31912
2023-06-28 02:00:00,1.31911,1.31983,1.31901,1.3197
2023-06-28 03:00:00,1.3197,1.32037,1.31891,1.32015
2023-06-28 04:00:00,1.32015,1.32157,1.31983,1.32139
2023-06-28 05:00:00,1.3214000000000001,1.32154,1.32035,1.32085
2023-06-28 06:00:00,1.32084,1.32096,1.3202099999999999,1.32078
2023-06-28 07:00:00,1.32078,1.3217400000000001,1.32067,1.32163
2023-06-28 08:00:00,1.32163,1.3219400000000001,1.32085,1.32091
2023-06-28 09:00:00,1.32091,1.32325,1.32064,1.32234
2023-06-28 10:00:00,1.32234,1.32251,1.32049,1.32153
2023-06-28 11:00:00,1.32172,1.32348,1.32166,1.32216
2023-06-28 12:00:00,1.32216,1.32294,1.32116,1.32275
2023-06-28 13:00:00,1.32275,1.3232599999999999,1.32155,1.32303
2023-06-28 14:00:00,1.32303,1.32372,1.32185,1.3237
2023-06-28 15:00:00,1.3237,1.32756,1.32367,1.32721
2023-06-28 16:00:00,1.32722,1.32765,1.32551,1.32552
2023-06-28 17:00:00,1.32553,1.32739,1.32483,1.32653
2023-06-28 18:00:00,1.32652,1.32652,1.32399,1.32501
2023-06-28 19:00:00,1.32501,1.32535,1.32447,1.32493
2023-06-28 20:00:00,1.32493,1.32589,1.3246,1.3253300000000001
2023-06-28 21:00:00,1.3253300000000001,1.3254299999999999,1.32464,1.32521
2023-06-28 22:00:00,1.32522,1.32568,1.32474,1.32531
2023-06-28 23:00:00,1.32532,1.32589,1.3251,1.32554
2023-06-29 00:00:00,1.32554,1.32574,1.32505,1.32523
2023-06-29 01:00:00,1.32524,1.32584,1.32515,1.32548
2023-06-29 02:00:00,1.32548,1.32559,1.32494,1.32531
2023-06-29 03:00:00,1.3253,1.32598,1.3252,1.32521
2023-06-29 04:00:00,1.32521,1.32564,1.32429,1.32555
2023-06-29 05:00:00,1.32555,1.32699,1.32554,1.3269199999999999
2023-06-29 06:00:00,1.3269199999999999,1.32722,1.32666,1.32682
2023-06-29 07:00:00,1.32681,1.32759,1.3268,1.32728
2023-06-29 08:00:00,1.32728,1.32766,1.32704,1.32717
2023-06-29 09:00:00,1.32717,1.32788,1.32667,1.32727
2023-06-29 10:00:00,1.32727,1.32743,1.32622,1.32669
2023-06-29 11:00:00,1.3267,1.32715,1.32595,1.32638
2023-06-29 12:00:00,1.32638,1.32705,1.32635,1.32667
2023-06-29 13:00:00,1.32667,1.32691,1.3256999999999999,1.32585
2023-06-29 14:00:00,1.32585,1.32611,1.32525,1.32562
2023-06-29 15:00:00,1.32562,1.32855,1.32539,1.32776
2023-06-29 16:00:00,1.32775,1.3284799999999999,1.3269,1.32757
2023-06-29 17:00:00,1.32756,1.32775,1.32451,1.3247900000000001
2023-06-29 18:00:00,1.3248,1.32529,1.32401,1.3247499999999999
2023-06-29 19:00:00,1.3247499999999999,1.3251,1.32439,1.325
2023-06-29 20:00:00,1.325,1.32548,1.32484,1.32534
2023-06-29 21:00:00,1.32534,1.32585,1.3239,1.32459
2023-06-29 22:00:00,1.3246,1.32526,1.3244099999999999,1.32465
2023-06-29 23:00:00,1.32466,1.32549,1.32462,1.32504
2023-06-30 00:00:00,1.32498,1.32535,1.32396,1.32523
2023-06-30 01:00:00,1.32524,1.32524,1.32487,1.32523
2023-06-30 02:00:00,1.32523,1.32529,1.32493,1.32512
2023-06-30 03:00:00,1.32513,1.32587,1.3249,1.32547
2023-06-30 04:00:00,1.32548,1.32608,1.3249,1.3253599999999999
2023-06-30 05:00:00,1.32535,1.3253599999999999,1.32406,1.32476
2023-06-30 06:00:00,1.32476,1.32487,1.3242,1.32469
2023-06-30 07:00:00,1.32469,1.32491,1.32426,1.3246
2023-06-30 08:00:00,1.3246,1.3253300000000001,1.32425,1.32525
2023-06-30 09:00:00,1.32526,1.3266499999999999,1.32522,1.32608
2023-06-30 10:00:00,1.32608,1.32684,1.32547,1.32621
2023-06-30 11:00:00,1.32621,1.32646,1.3255,1.32579
2023-06-30 12:00:00,1.32577,1.3260100000000001,1.32526,1.32542
2023-06-30 13:00:00,1.3254299999999999,1.3268,1.3250600000000001,1.32663
2023-06-30 14:00:00,1.32663,1.32738,1.3262399999999999,1.32702
2023-06-30 15:00:00,1.327,1.32852,1.32608,1.3268900000000001
2023-06-30 16:00:00,1.3269,1.32711,1.32306,1.32333
2023-06-30 17:00:00,1.32333,1.32449,1.32066,1.3233
2023-06-30 18:00:00,1.3233,1.3243800000000001,1.32266,1.32347
2023-06-30 19:00:00,1.32348,1.32406,1.32239,1.32291
2023-06-30 20:00:00,1.32291,1.32356,1.32203,1.32356
2023-06-30 21:00:00,1.32355,1.3241100000000001,1.3232599999999999,1.32386
2023-06-30 22:00:00,1.32386,1.3247499999999999,1.32367,1.32473
2023-06-30 23:00:00,1.32473,1.3250899999999999,1.3243800000000001,1.32444
2023-07-03 00:00:00,1.32369,1.32443,1.32348,1.32394
2023-07-03 01:00:00,1.32396,1.32511,1.32395,1.32504
2023-07-03 02:00:00,1.3250199999999999,1.3251,1.32466,1.325
2023-07-03 03:00:00,1.325,1.32577,1.32483,1.3256299999999999
2023-07-03 04:00:00,1.3256299999999999,1.32573,1.32401,1.32488
2023-07-03 05:00:00,1.32488,1.32542,1.32476,1.32492
2023-07-03 06:00:00,1.32492,1.32497,1.32398,1.32409
2023-07-03 07:00:00,1.32409,1.32431,1.32383,1.32398
2023-07-03 08:00:00,1.32398,1.32501,1.32398,1.32496
2023-07-03 09:00:00,1.32495,1.32708,1.32483,1.32517
2023-07-03 10:00:00,1.32515,1.327,1.32512,1.32682
2023-07-03 11:00:00,1.32682,1.32734,1.32602,1.32654
2023-07-03 12:00:00,1.32654,1.3268900000000001,1.32588,1.3259
2023-07-03 13:00:00,1.3259,1.32614,1.32518,1.32539
2023-07-03 14:00:00,1.32539,1.32575,1.32485,1.325
2023-07-03 15:00:00,1.325,1.32618,1.32444,1.32515
2023-07-03 16:00:00,1.32515,1.3262399999999999,1.32425,1.32443
2023-07-03 17:00:00,1.32442,1.32442,1.32301,1.32324
2023-07-03 18:00:00,1.32324,1.32449,1.32301,1.32447
2023-07-03 19:00:00,1.32447,1.32524,1.32407,1.32511
2023-07-03 20:00:00,1.32511,1.3256299999999999,1.32477,1.32535
2023-07-03 21:00:00,1.3253599999999999,1.3255,1.3249,1.32529
2023-07-03 22:00:00,1.32529,1.3253599999999999,1.32495,1.3253599999999999
2023-07-03 23:00:00,1.3253300000000001,1.3254000000000001,1.3242,1.3242
2023-07-04 00:00:00,1.3242,1.3248,1.32408,1.32459
2023-07-04 01:00:00,1.32458,1.32504,1.32436,1.32495
2023-07-04 02:00:00,1.32493,1.32497,1.32465,1.3248199999999999
2023-07-04 03:00:00,1.3248199999999999,1.3249900000000001,1.3244,1.32488
2023-07-04 04:00:00,1.32489,1.3256700000000001,1.32457,1.32477
2023-07-04 05:00:00,1.32477,1.3254000000000001,1.32459,1.32524
2023-07-04 06:00:00,1.32525,1.32541,1.3247200000000001,1.32478
2023-07-04 07:00:00,1.32477,1.32539,1.32435,1.32519
2023-07-04 08:00:00,1.32519,1.32555,1.32477,1.32539
2023-07-04 09:00:00,1.32539,1.32553,1.3233,1.3233
2023-07-04 10:00:00,1.32329,1.324,1.32291,1.32328
2023-07-04 11:00:00,1.32328,1.32436,1.32293,1.32374
2023-07-04 12:00:00,1.32374,1.324,1.3232599999999999,1.32341
2023-07-04 13:00:00,1.32341,1.32347,1.32251,1.32342
2023-07-04 14:00:00,1.32342,1.32347,1.32171,1.32227
2023-07-04 15:00:00,1.32227,1.32261,1.32064,1.32066
2023-07-04 16:00:00,1.32066,1.32242,1.3203,1.32226
2023-07-04 17:00:00,1.32226,1.32244,1.3213599999999999,1.3213599999999999
2023-07-04 18:00:00,1.3213599999999999,1.32159,1.32088,1.3211
2023-07-04 19:00:00,1.3211,1.3223099999999999,1.321,1.3219400000000001
2023-07-04 20:00:00,1.3219400000000001,1.32276,1.32172,1.3224
2023-07-04 21:00:00,1.3224,1.32259,1.32209,1.32234
2023-07-04 22:00:00,1.32234,1.32274,1.3220399999999999,1.3223500000000001
2023-07-04 23:00:00,1.32236,1.32249,1.32195,1.32222
2023-07-05 00:00:00,1.32198,1.32245,1.32158,1.32221
2023-07-05 01:00:00,1.32221,1.3223500000000001,1.32193,1.32215
2023-07-05 02:00:00,1.32214,1.32256,1.32214,1.32247
2023-07-05 03:00:00,1.32248,1.32248,1.3220100000000001,1.32223
2023-07-05 04:00:00,1.32223,1.32311,1.3221,1.32291
2023-07-05 05:00:00,1.32291,1.32343,1.32291,1.32301
2023-07-05 06:00:00,1.32301,1.32337,1.32293,1.3231
2023-07-05 07:00:00,1.32312,1.32364,1.3231,1.32363
2023-07-05 08:00:00,1.32363,1.32402,1.3226,1.32302
2023-07-05 09:00:00,1.32301,1.32454,1.32282,1.32422
2023-07-05 10:00:00,1.3241800000000001,1.32495,1.32365,1.32494
2023-07-05 11:00:00,1.32494,1.32735,1.32494,1.3272599999999999
2023-07-05 12:00:00,1.32725,1.32783,1.32635,1.32717
2023-07-05 13:00:00,1.32717,1.32928,1.32705,1.32928
2023-07-05 14:00:00,1.32928,1.3293,1.32705,1.32737
2023-07-05 15:00:00,1.32737,1.32855,1.32736,1.3278400000000001
2023-07-05 16:00:00,1.32785,1.3278699999999999,1.32429,1.32659
2023-07-05 17:00:00,1.32659,1.32804,1.32549,1.32677
2023-07-05 18:00:00,1.32677,1.32775,1.32603,1.3272300000000001
2023-07-05 19:00:00,1.3272300000000001,1.32795,1.3268,1.32741
2023-07-05 20:00:00,1.32741,1.32752,1.32677,1.32752
2023-07-05 21:00:00,1.32752,1.32865,1.32694,1.32825
2023-07-05 22:00:00,1.32822,1.32843,1.32771,1.32816
2023-07-05 23:00:00,1.32816,1.32864,1.3279,1.3279
2023-07-06 00:00:00,1.32788,1.32812,1.32759,1.32774
2023-07-06 01:00:00,1.32775,1.32878,1.32773,1.3287
2023-07-06 02:00:00,1.32869,1.32881,1.32844,1.32855
2023-07-06 03:00:00,1.32854,1.32896,1.32843,1.32881
2023-07-06 04:00:00,1.32881,1.3294000000000001,1.32843,1.32851
2023-07-06 05:00:00,1.32851,1.3290600000000001,1.32793,1.3287
2023-07-06 06:00:00,1.3287,1.32976,1.3287,1.3296700000000001
2023-07-06 07:00:00,1.32968,1.3306200000000001,1.32949,1.32953
2023-07-06 08:00:00,1.32952,1.32999,1.32922,1.32958
2023-07-06 09:00:00,1.32958,1.3296299999999999,1.3281800000000001,1.32874
2023-07-06 10:00:00,1.32874,1.33056,1.32846,1.32972
2023-07-06 11:00:00,1.32973,1.3302,1.32861,1.32966
2023-07-06 12:00:00,1.32966,1.33019,1.3290899999999999,1.32937
2023-07-06 13:00:00,1.32937,1.32941,1.3279,1.32823
2023-07-06 14:00:00,1.32824,1.32892,1.32749,1.32871
2023-07-06 15:00:00,1.32871,1.33292,1.32869,1.3320400000000001
2023-07-06 16:00:00,1.3320400000000001,1.33303,1.3303099999999999,1.33213
2023-07-06 17:00:00,1.3321399999999999,1.33697,1.3321399999999999,1.33449
2023-07-06 18:00:00,1.33449,1.33666,1.33403,1.33552
2023-07-06 19:00:00,1.3355299999999999,1.33669,1.33525,1.33598
2023-07-06 20:00:00,1.33598,1.33651,1.33542,1.33568
2023-07-06 21:00:00,1.33569,1.33612,1.33552,1.33576
2023-07-06 22:00:00,1.33576,1.33673,1.33552,1.33662
2023-07-06 23:00:00,1.33661,1.33724,1.33649,1.33651
2023-07-07 00:00:00,1.33629,1.33656,1.33565,1.3360400000000001
2023-07-07 01:00:00,1.33603,1.33664,1.3359,1.33661
2023-07-07 02:00:00,1.33661,1.33662,1.33619,1.33649
2023-07-07 03:00:00,1.33649,1.33732,1.33647,1.33691
2023-07-07 04:00:00,1.33691,1.33691,1.33629,1.33664
2023-07-07 05:00:00,1.3366500000000001,1.3367499999999999,1.33643,1.3366
2023-07-07 06:00:00,1.3366,1.33663,1.33595,1.3364
2023-07-07 07:00:00,1.3364,1.33664,1.33601,1.3364099999999999
2023-07-07 08:00:00,1.3364,1.3366799999999999,1.33581,1.33653
2023-07-07 09:00:00,1.33654,1.3375,1.3361,1.33742
2023-07-07 10:00:00,1.33742,1.33807,1.33712,1.33772
2023-07-07 11:00:00,1.33772,1.33869,1.33722,1.33746
2023-07-07 12:00:00,1.33746,1.33754,1.33649,1.33692
2023-07-07 13:00:00,1.33691,1.3372899999999999,1.33643,1.33682
2023-07-07 14:00:00,1.33681,1.33694,1.33578,1.33673
2023-07-07 15:00:00,1.3367200000000001,1.33704,1.3317,1.33331
2023-07-07 16:00:00,1.33332,1.33484,1.32953,1.33043
2023-07-07 17:00:00,1.33043,1.33136,1.3287,1.32957
2023-07-07 18:00:00,1.32957,1.33017,1.3285,1.32858
2023-07-07 19:00:00,1.32858,1.32889,1.32673,1.32683
2023-07-07 20:00:00,1.32683,1.3274599999999999,1.3265799999999999,1.32675
2023-07-07 21:00:00,1.32675,1.3275000000000001,1.32675,1.32725
2023-07-07 22:00:00,1.32725,1.32806,1.32715,1.32791
2023-07-07 23:00:00,1.32791,1.32791,1.32724,1.3275000000000001
2023-07-10 00:00:00,1.32708,1.32781,1.32677,1.32764
2023-07-10 01:00:00,1.32764,1.32791,1.32745,1.32772
2023-07-10 02:00:00,1.32773,1.32804,1.32759,1.32785
2023-07-10 03:00:00,1.32786,1.32864,1.32744,1.3283800000000001
2023-07-10 04:00:00,1.3283800000000001,1.3290199999999999,1.3272599999999999,1.32829
2023-07-10 05:00:00,1.32829,1.32877,1.32778,1.3284
2023-07-10 06:00:00,1.3283800000000001,1.32948,1.32812,1.32922
2023-07-10 07:00:00,1.32922,1.3295,1.32865,1.32926
2023-07-10 08:00:00,1.32926,1.33007,1.32891,1.32999
2023-07-10 09:00:00,1.32999,1.3303099999999999,1.3287200000000001,1.32896
2023-07-10 10:00:00,1.32896,1.32922,1.32771,1.32772
2023-07-10 11:00:00,1.32772,1.32876,1.32741,1.32794
2023-07-10 12:00:00,1.32793,1.32924,1.32781,1.32864
2023-07-10 13:00:00,1.32864,1.32978,1.32852,1.32862
2023-07-10 14:00:00,1.32859,1.32891,1.32802,1.32859
2023-07-10 15:00:00,1.32859,1.3302,1.32794,1.33003
2023-07-10 16:00:00,1.33003,1.33043,1.32721,1.32791
2023-07-10 17:00:00,1.3279,1.32827,1.32681,1.32751
2023-07-10 18:00:00,1.3275299999999999,1.3290899999999999,1.32732,1.3281
2023-07-10 19:00:00,1.3281,1.32894,1.3278400000000001,1.32863
2023-07-10 20:00:00,1.32863,1.32892,1.32794,1.32803
2023-07-10 21:00:00,1.32801,1.32867,1.32785,1.32791
2023-07-10 22:00:00,1.32791,1.32808,1.32734,1.3278699999999999
2023-07-10 23:00:00,1.3278699999999999,1.3281399999999999,1.32768,1.32799
2023-07-11 00:00:00,1.32771,1.32793,1.32728,1.32762
2023-07-11 01:00:00,1.32773,1.32791,1.32754,1.32762
2023-07-11 02:00:00,1.32768,1.32772,1.32739,1.32745
2023-07-11 03:00:00,1.32745,1.32797,1.32644,1.32656
2023-07-11 04:00:00,1.32656,1.32717,1.32618,1.32674
2023-07-11 05:00:00,1.32674,1.32718,1.32532,1.32538
2023-07-11 06:00:00,1.32538,1.3265500000000001,1.32537,1.3263099999999999
2023-07-11 07:00:00,1.3263099999999999,1.3266,1.32605,1.32636
2023-07-11 08:00:00,1.32636,1.32694,1.32595,1.3269
2023-07-11 09:00:00,1.3269,1.3269,1.32454,1.32458
2023-07-11 10:00:00,1.32458,1.3271899999999999,1.3245,1.32707
2023-07-11 11:00:00,1.32707,1.3280699999999999,1.32586,1.32768
2023-07-11 12:00:00,1.32769,1.32783,1.32627,1.32635
2023-07-11 13:00:00,1.32634,1.32754,1.3262399999999999,1.32751
2023-07-11 14:00:00,1.32751,1.32816,1.32669,1.32776
2023-07-11 15:00:00,1.3277700000000001,1.32859,1.32737,1.32825
2023-07-11 16:00:00,1.32825,1.32894,1.32622,1.32733
2023-07-11 17:00:00,1.32732,1.32804,1.32573,1.32659
2023-07-11 18:00:00,1.32659,1.3268,1.32471,1.32489
2023-07-11 19:00:00,1.3249,1.32566,1.32454,1.32487
2023-07-11 20:00:00,1.32487,1.32521,1.32453,1.32495
2023-07-11 21:00:00,1.32495,1.32564,1.3242,1.32437
2023-07-11 22:00:00,1.32437,1.3244,1.32351,1.3235299999999999
2023-07-11 23:00:00,1.32354,1.3235700000000001,1.32298,1.3229899999999999
2023-07-12 00:00:00,1.32284,1.32317,1.32277,1.32297
2023-07-12 01:00:00,1.3229600000000001,1.32331,1.32253,1.32264
2023-07-12 02:00:00,1.32264,1.32298,1.32239,1.3229
2023-07-12 03:00:00,1.3229,1.3231,1.32157,1.32188
2023-07-12 04:00:00,1.32188,1.32195,1.32078,1.321
2023-07-12 05:00:00,1.321,1.32147,1.31996,1.3203
2023-07-12 06:00:00,1.3203,1.32083,1.3203,1.32067
2023-07-12 07:00:00,1.32067,1.3208,1.32029,1.32049
2023-07-12 08:00:00,1.32049,1.32165,1.32039,1.32146
2023-07-12 09:00:00,1.32145,1.32158,1.32036,1.32152
2023-07-12 10:00:00,1.32153,1.32278,1.32135,1.32181
2023-07-12 11:00:00,1.3218,1.32223,1.3208199999999999,1.32117
2023-07-12 12:00:00,1.32117,1.32145,1.32065,1.32071
2023-07-12 13:00:00,1.3207200000000001,1.32196,1.32061,1.32148
2023-07-12 14:00:00,1.32149,1.32214,1.3211300000000001,1.3220399999999999
2023-07-12 15:00:00,1.32205,1.32327,1.31961,1.32223
2023-07-12 16:00:00,1.32223,1.32339,1.31821,1.3188900000000001
2023-07-12 17:00:00,1.3188900000000001,1.3188900000000001,1.3143500000000001,1.3158699999999999
2023-07-12 18:00:00,1.3158699999999999,1.31951,1.31565,1.31798
2023-07-12 19:00:00,1.3180100000000001,1.31911,1.31735,1.31888
2023-07-12 20:00:00,1.31887,1.31925,1.31818,1.31894
2023-07-12 21:00:00,1.31894,1.3193,1.31832,1.31871
2023-07-12 22:00:00,1.31871,1.31994,1.31836,1.31839
2023-07-12 23:00:00,1.31839,1.31875,1.3183500000000001,1.31866
2023-07-13 00:00:00,1.3182800000000001,1.31885,1.31699,1.3183099999999999
2023-07-13 01:00:00,1.3182800000000001,1.31876,1.3182800000000001,1.31873
2023-07-13 02:00:00,1.31873,1.31877,1.3183,1.31836
2023-07-13 03:00:00,1.31836,1.31871,1.31787,1.3186200000000001
2023-07-13 04:00:00,1.3186200000000001,1.31946,1.31815,1.31886
2023-07-13 05:00:00,1.31885,1.31935,1.31814,1.31821
2023-07-13 06:00:00,1.31823,1.31833,1.3174299999999999,1.31769
2023-07-13 07:00:00,1.3176999999999999,1.31783,1.31663,1.3176700000000001
2023-07-13 08:00:00,1.3176700000000001,1.31855,1.3170899999999999,1.31849
2023-07-13 09:00:00,1.31852,1.3185799999999999,1.31589,1.31595
2023-07-13 10:00:00,1.31595,1.31635,1.31524,1.31554
2023-07-13 11:00:00,1.3155299999999999,1.31634,1.31546,1.31603
2023-07-13 12:00:00,1.31602,1.31657,1.31554,1.31578
2023-07-13 13:00:00,1.31578,1.31692,1.3155000000000001,1.31552
2023-07-13 14:00:00,1.31551,1.31582,1.31501,1.31543
2023-07-13 15:00:00,1.31543,1.31751,1.3152599999999999,1.31588
2023-07-13 16:00:00,1.31589,1.31753,1.31246,1.31276
2023-07-13 17:00:00,1.31276,1.3144,1.31066,1.31111
2023-07-13 18:00:00,1.31111,1.31335,1.31101,1.3128199999999999
2023-07-13 19:00:00,1.3128199999999999,1.31303,1.31162,1.31192
2023-07-13 20:00:00,1.31192,1.31271,1.31104,1.31115
2023-07-13 21:00:00,1.31115,1.31159,1.31036,1.31073
2023-07-13 22:00:00,1.3107199999999999,1.31118,1.3105,1.31111
2023-07-13 23:00:00,1.31111,1.31125,1.31073,1.31073
2023-07-14 00:00:00,1.3106,1.31149,1.3105,1.31104
2023-07-14 01:00:00,1.31091,1.31115,1.31073,1.31103
2023-07-14 02:00:00,1.31103,1.3114,1.31087,1.31128
2023-07-14 03:00:00,1.31128,1.31152,1.31104,1.31131
2023-07-14 04:00:00,1.31131,1.31155,1.3103799999999999,1.31043
2023-07-14 05:00:00,1.31043,1.31052,1.3096999999999999,1.30981
2023-07-14 06:00:00,1.3098,1.30988,1.30924,1.30937
2023-07-14 07:00:00,1.30936,1.31009,1.30936,1.3099
2023-07-14 08:00:00,1.3099,1.311,1.30985,1.31022
2023-07-14 09:00:00,1.31022,1.31387,1.30998,1.31359
2023-07-14 10:00:00,1.31359,1.31359,1.31143,1.31144
2023-07-14 11:00:00,1.31144,1.31215,1.31101,1.31198
2023-07-14 12:00:00,1.31197,1.3121399999999999,1.3106200000000001,1.31171
2023-07-14 13:00:00,1.31172,1.31265,1.31138,1.31152
2023-07-14 14:00:00,1.31151,1.31243,1.31103,1.31213
2023-07-14 15:00:00,1.3121399999999999,1.3129,1.31134,1.31168
2023-07-14 16:00:00,1.31168,1.31451,1.3115,1.31357
2023-07-14 17:00:00,1.3135,1.31886,1.3135,1.31721
2023-07-14 18:00:00,1.31721,1.32056,1.31693,1.32047
2023-07-14 19:00:00,1.3204799999999999,1.32202,1.31998,1.32158
2023-07-14 20:00:00,1.32159,1.32199,1.32103,1.32124
2023-07-14 21:00:00,1.32124,1.32125,1.32036,1.32099
2023-07-14 22:00:00,1.32098,1.32162,1.32094,1.32159
2023-07-17 00:00:00,1.32081,1.32202,1.32049,1.32185
2023-07-17 01:00:00,1.3219400000000001,1.3229899999999999,1.3219400000000001,1.32291
2023-07-17 02:00:00,1.32291,1.3232,1.32252,1.32266
2023-07-17 03:00:00,1.32266,1.32295,1.32215,1.32243
2023-07-17 04:00:00,1.32242,1.32295,1.3219699999999999,1.32293
2023-07-17 05:00:00,1.3229600000000001,1.32321,1.32221,1.32251
2023-07-17 06:00:00,1.32251,1.32256,1.3222,1.32226
2023-07-17 07:00:00,1.32226,1.32237,1.32191,1.3219699999999999
2023-07-17 08:00:00,1.3219699999999999,1.32239,1.32179,1.32223
2023-07-17 09:00:00,1.32223,1.32251,1.32127,1.32129
2023-07-17 10:00:00,1.32129,1.3223799999999999,1.32116,1.3220399999999999
2023-07-17 11:00:00,1.32203,1.32242,1.3217400000000001,1.32202
2023-07-17 12:00:00,1.32203,1.32226,1.32044,1.3220399999999999
2023-07-17 13:00:00,1.32205,1.32241,1.32189,1.3223500000000001
2023-07-17 14:00:00,1.32232,1.32237,1.32141,1.32181
2023-07-17 15:00:00,1.32181,1.32221,1.3209,1.32102
2023-07-17 16:00:00,1.32101,1.32157,1.31885,1.31903
2023-07-17 17:00:00,1.31903,1.31963,1.31647,1.31673
2023-07-17 18:00:00,1.31674,1.31757,1.31607,1.31735
2023-07-17 19:00:00,1.31735,1.31785,1.31683,1.31762
2023-07-17 20:00:00,1.31762,1.31905,1.31757,1.31873
2023-07-17 21:00:00,1.31872,1.31908,1.31826,1.3182800000000001
2023-07-17 22:00:00,1.3182800000000001,1.31918,1.31807,1.31909
2023-07-17 23:00:00,1.31908,1.32028,1.31902,1.31971
2023-07-18 00:00:00,1.31922,1.31978,1.3186499999999999,1.31947
2023-07-18 01:00:00,1.31943,1.3199100000000001,1.31932,1.31966
2023-07-18 02:00:00,1.31966,1.32019,1.31955,1.32016
2023-07-18 03:00:00,1.32016,1.32043,1.31945,1.31976
2023-07-18 04:00:00,1.31976,1.32019,1.31875,1.31979
2023-07-18 05:00:00,1.31979,1.31996,1.31881,1.31883
2023-07-18 06:00:00,1.31883,1.31937,1.31861,1.3186200000000001
2023-07-18 07:00:00,1.3186200000000001,1.31909,1.31846,1.31903
2023-07-18 08:00:00,1.31903,1.31964,1.31843,1.31938
2023-07-18 09:00:00,1.31938,1.32093,1.31931,1.31966
2023-07-18 10:00:00,1.31966,1.32086,1.31918,1.32053
2023-07-18 11:00:00,1.32053,1.32132,1.31966,1.32127
2023-07-18 12:00:00,1.32126,1.32127,1.31942,1.31945
2023-07-18 13:00:00,1.31945,1.32062,1.31918,1.32028
2023-07-18 14:00:00,1.32028,1.32129,1.32005,1.32053
2023-07-18 15:00:00,1.32054,1.32261,1.31849,1.3220399999999999
2023-07-18 16:00:00,1.3220399999999999,1.32432,1.32115,1.32138
2023-07-18 17:00:00,1.32138,1.32154,1.3167200000000001,1.31761
2023-07-18 18:00:00,1.31761,1.31875,1.31671,1.31772
2023-07-18 19:00:00,1.31772,1.31887,1.31759,1.31876
2023-07-18 20:00:00,1.31876,1.31942,1.3179400000000001,1.3186200000000001
2023-07-18 21:00:00,1.3186200000000001,1.31876,1.31686,1.31747
2023-07-18 22:00:00,1.31748,1.31783,1.3169,1.31694
2023-07-18 23:00:00,1.31694,1.31732,1.31667,1.3167
2023-07-19 00:00:00,1.3167200000000001,1.31715,1.31647,1.31692
2023-07-19 01:00:00,1.317,1.31704,1.31646,1.31647
2023-07-19 02:00:00,1.31647,1.31676,1.31619,1.31665
2023-07-19 03:00:00,1.31665,1.31729,1.31649,1.31693
2023-07-19 04:00:00,1.31693,1.31725,1.31657,1.31667
2023-07-19 05:00:00,1.31667,1.31795,1.31665,1.3176
2023-07-19 06:00:00,1.31759,1.31773,1.3170899999999999,1.31717
2023-07-19 07:00:00,1.31717,1.31785,1.3170899999999999,1.3176999999999999
2023-07-19 08:00:00,1.3176999999999999,1.3176999999999999,1.31629,1.31639
2023-07-19 09:00:00,1.31634,1.31847,1.3163,1.317
2023-07-19 10:00:00,1.317,1.31761,1.31638,1.31666
2023-07-19 11:00:00,1.31666,1.31746,1.31633,1.31727
2023-07-19 12:00:00,1.31727,1.31791,1.31663,1.31763
2023-07-19 13:00:00,1.31763,1.31842,1.31752,1.3181
2023-07-19 14:00:00,1.31809,1.31932,1.3179,1.31856
2023-07-19 15:00:00,1.31855,1.3191,1.31752,1.31819
2023-07-19 16:00:00,1.3182,1.31826,1.31554,1.31637
2023-07-19 17:00:00,1.31637,1.31869,1.3155999999999999,1.31756
2023-07-19 18:00:00,1.31756,1.3179,1.31598,1.31602
2023-07-19 19:00:00,1.31603,1.3180399999999999,1.31581,1.31727
2023-07-19 20:00:00,1.31727,1.31739,1.31602,1.31676
2023-07-19 21:00:00,1.31676,1.31755,1.31597,1.31608
2023-07-19 22:00:00,1.31607,1.31698,1.31581,1.31673
2023-07-19 23:00:00,1.31673,1.3168,1.31625,1.3163
2023-07-20 00:00:00,1.31636,1.31644,1.31541,1.31606
2023-07-20 01:00:00,1.31608,1.31681,1.316,1.3161100000000001
2023-07-20 02:00:00,1.3161,1.3165499999999999,1.31606,1.31633
2023-07-20 03:00:00,1.31633,1.31635,1.31528,1.31564
2023-07-20 04:00:00,1.31565,1.31572,1.3133,1.31381
2023-07-20 05:00:00,1.31381,1.31466,1.31337,1.3139
2023-07-20 06:00:00,1.31391,1.31451,1.3136700000000001,1.31402
2023-07-20 07:00:00,1.31402,1.31456,1.31389,1.31451
2023-07-20 08:00:00,1.31451,1.31507,1.31415,1.3142800000000001
2023-07-20 09:00:00,1.3142800000000001,1.31564,1.31407,1.31443
2023-07-20 10:00:00,1.31443,1.3146,1.31337,1.31426
2023-07-20 11:00:00,1.31426,1.3143500000000001,1.31231,1.3124
2023-07-20 12:00:00,1.3124,1.3130600000000001,1.3123,1.3125
2023-07-20 13:00:00,1.3125,1.31293,1.31193,1.31268
2023-07-20 14:00:00,1.31269,1.3136700000000001,1.31241,1.31341
2023-07-20 15:00:00,1.31342,1.3153000000000001,1.31328,1.31487
2023-07-20 16:00:00,1.31486,1.31579,1.3145,1.3154
2023-07-20 17:00:00,1.3154,1.31943,1.31527,1.3175
2023-07-20 18:00:00,1.3175,1.31939,1.31718,1.31841
2023-07-20 19:00:00,1.31841,1.31849,1.31757,1.318
2023-07-20 20:00:00,1.318,1.31819,1.31649,1.31742
2023-07-20 21:00:00,1.31742,1.31795,1.31717,1.31762
2023-07-20 22:00:00,1.31762,1.31825,1.31719,1.31728
2023-07-20 23:00:00,1.31728,1.31755,1.31705,1.31705
2023-07-21 00:00:00,1.3171300000000001,1.31744,1.31628,1.31717
2023-07-21 01:00:00,1.3171300000000001,1.31742,1.31681,1.31734
2023-07-21 02:00:00,1.31738,1.31758,1.31722,1.31742
2023-07-21 03:00:00,1.31742,1.31781,1.31689,1.31699
2023-07-21 04:00:00,1.31699,1.3179400000000001,1.31658,1.31696
2023-07-21 05:00:00,1.31696,1.31701,1.3161800000000001,1.31636
2023-07-21 06:00:00,1.31636,1.31698,1.3162099999999999,1.31695
2023-07-21 07:00:00,1.31696,1.31718,1.31674,1.3168
2023-07-21 08:00:00,1.3168,1.31755,1.3164799999999999,1.3171
2023-07-21 09:00:00,1.31711,1.31776,1.3161100000000001,1.31642
2023-07-21 10:00:00,1.31642,1.31746,1.31532,1.31722
2023-07-21 11:00:00,1.31723,1.31823,1.31705,1.31775
2023-07-21 12:00:00,1.31776,1.31807,1.3165499999999999,1.31673
2023-07-21 13:00:00,1.3167200000000001,1.31762,1.31535,1.31552
2023-07-21 14:00:00,1.31551,1.3191,1.3155000000000001,1.31906
2023-07-21 15:00:00,1.31906,1.3211,1.3182,1.32103
2023-07-21 16:00:00,1.32104,1.32217,1.31969,1.32193
2023-07-21 17:00:00,1.3219400000000001,1.32243,1.32067,1.32069
2023-07-21 18:00:00,1.32069,1.32264,1.32039,1.32186
2023-07-21 19:00:00,1.32185,1.32205,1.32116,1.32117
2023-07-21 20:00:00,1.32117,1.32176,1.321,1.32103
2023-07-21 21:00:00,1.32103,1.32129,1.3204500000000001,1.3205200000000001
2023-07-21 22:00:00,1.3205200000000001,1.32181,1.32046,1.32169
2023-07-21 23:00:00,1.32169,1.32233,1.32129,1.32227
2023-07-24 00:00:00,1.3219,1.32211,1.3206,1.32157
2023-07-24 01:00:00,1.3214299999999999,1.3225,1.32125,1.32239
2023-07-24 02:00:00,1.32239,1.32257,1.32206,1.32256
2023-07-24 03:00:00,1.3225500000000001,1.3227,1.3216700000000001,1.32176
2023-07-24 04:00:00,1.32176,1.32275,1.3216700000000001,1.32266
2023-07-24 05:00:00,1.32266,1.32287,1.32148,1.32196
2023-07-24 06:00:00,1.32196,1.32212,1.32168,1.32187
2023-07-24 07:00:00,1.32189,1.32217,1.32169,1.32176
2023-07-24 08:00:00,1.32176,1.3220100000000001,1.3211,1.3211300000000001
2023-07-24 09:00:00,1.32114,1.32217,1.32089,1.32108
2023-07-24 10:00:00,1.32108,1.32124,1.32004,1.32053
2023-07-24 11:00:00,1.32053,1.32089,1.31956,1.32001
2023-07-24 12:00:00,1.32,1.32008,1.31819,1.31905
2023-07-24 13:00:00,1.31905,1.32027,1.31883,1.31973
2023-07-24 14:00:00,1.31973,1.31993,1.3182,1.31884
2023-07-24 15:00:00,1.31884,1.32049,1.3186499999999999,1.31945
2023-07-24 16:00:00,1.31946,1.3204099999999999,1.31721,1.3189600000000001
2023-07-24 17:00:00,1.31895,1.31895,1.31619,1.3174299999999999
2023-07-24 18:00:00,1.3174299999999999,1.3183,1.31551,1.3155299999999999
2023-07-24 19:00:00,1.3155299999999999,1.31616,1.31521,1.31539
2023-07-24 20:00:00,1.31539,1.31596,1.31502,1.3159399999999999
2023-07-24 21:00:00,1.31592,1.31715,1.31582,1.31678
2023-07-24 22:00:00,1.3167900000000001,1.31741,1.31653,1.31698
2023-07-24 23:00:00,1.31697,1.31718,1.3165,1.31651
2023-07-25 00:00:00,1.31625,1.31712,1.31586,1.31661
2023-07-25 01:00:00,1.31656,1.3170899999999999,1.31637,1.3170899999999999
2023-07-25 02:00:00,1.3170899999999999,1.31752,1.31707,1.31752
2023-07-25 03:00:00,1.31752,1.3177400000000001,1.31684,1.31712
2023-07-25 04:00:00,1.31712,1.3171599999999999,1.3161,1.31628
2023-07-25 05:00:00,1.31627,1.31661,1.3152599999999999,1.31546
2023-07-25 06:00:00,1.31544,1.3159100000000001,1.31541,1.3155000000000001
2023-07-25 07:00:00,1.3155000000000001,1.31632,1.31547,1.3163
2023-07-25 08:00:00,1.3163,1.31642,1.31548,1.31567
2023-07-25 09:00:00,1.31567,1.31597,1.31517,1.31519
2023-07-25 10:00:00,1.31519,1.31677,1.31468,1.3164500000000001
2023-07-25 11:00:00,1.3164500000000001,1.31694,1.31582,1.31623
2023-07-25 12:00:00,1.31624,1.31792,1.31617,1.31791
2023-07-25 13:00:00,1.3179,1.31795,1.31747,1.3176
2023-07-25 14:00:00,1.3176,1.31884,1.31754,1.31762
2023-07-25 15:00:00,1.31765,1.3194,1.3171599999999999,1.31867
2023-07-25 16:00:00,1.31868,1.32094,1.31795,1.31963
2023-07-25 17:00:00,1.31967,1.32051,1.31876,1.31928
2023-07-25 18:00:00,1.31927,1.3198699999999999,1.31798,1.31805
2023-07-25 19:00:00,1.31805,1.31883,1.31761,1.31872
2023-07-25 20:00:00,1.31873,1.31891,1.31741,1.31752
2023-07-25 21:00:00,1.31752,1.31776,1.31665,1.31729
2023-07-25 22:00:00,1.31728,1.31749,1.31685,1.31727
2023-07-25 23:00:00,1.31727,1.31742,1.31687,1.31704
2023-07-26 00:00:00,1.31628,1.31765,1.31619,1.3173
2023-07-26 01:00:00,1.31731,1.31842,1.31711,1.31842
2023-07-26 02:00:00,1.31841,1.31878,1.31826,1.31876
2023-07-26 03:00:00,1.31876,1.31901,1.31818,1.31893
2023-07-26 04:00:00,1.31893,1.32027,1.31874,1.3195000000000001
2023-07-26 05:00:00,1.31949,1.31975,1.31875,1.31875
2023-07-26 06:00:00,1.31875,1.31876,1.31826,1.31839
2023-07-26 07:00:00,1.31839,1.31918,1.31824,1.31908
2023-07-26 08:00:00,1.31909,1.31916,1.31798,1.3183500000000001
2023-07-26 09:00:00,1.3183500000000001,1.31868,1.31719,1.3182
2023-07-26 10:00:00,1.3182,1.3197999999999999,1.3179699999999999,1.31861
2023-07-26 11:00:00,1.3186200000000001,1.31998,1.31836,1.31972
2023-07-26 12:00:00,1.31975,1.3213,1.3195999999999999,1.32088
2023-07-26 13:00:00,1.32087,1.32122,1.32038,1.32101
2023-07-26 14:00:00,1.32101,1.32217,1.3209,1.32162
2023-07-26 15:00:00,1.32161,1.3235700000000001,1.32161,1.32318
2023-07-26 16:00:00,1.32318,1.32339,1.32066,1.32102
2023-07-26 17:00:00,1.32099,1.3224,1.31986,1.32192
2023-07-26 18:00:00,1.3219,1.32266,1.3204,1.32198
2023-07-26 19:00:00,1.32199,1.32348,1.32183,1.32224
2023-07-26 20:00:00,1.32225,1.32379,1.32225,1.32331
2023-07-26 21:00:00,1.32332,1.3235999999999999,1.3193,1.31954
2023-07-26 22:00:00,1.31954,1.32246,1.31937,1.32015
2023-07-26 23:00:00,1.32015,1.3207200000000001,1.32001,1.32059
2023-07-27 00:00:00,1.32051,1.32103,1.3199,1.3201
2023-07-27 01:00:00,1.32004,1.32099,1.32004,1.32086
2023-07-27 02:00:00,1.32086,1.32099,1.32042,1.32049
2023-07-27 03:00:00,1.32049,1.32058,1.3186499999999999,1.31869
2023-07-27 04:00:00,1.31869,1.3188,1.31799,1.31821
2023-07-27 05:00:00,1.3182,1.3182,1.31631,1.31793
2023-07-27 06:00:00,1.31793,1.31796,1.31731,1.31765
2023-07-27 07:00:00,1.31762,1.31762,1.31669,1.3171599999999999
2023-07-27 08:00:00,1.3171599999999999,1.31845,1.3170899999999999,1.31827
2023-07-27 09:00:00,1.31827,1.31869,1.31738,1.31752
2023-07-27 10:00:00,1.31752,1.31792,1.31661,1.3171300000000001
2023-07-27 11:00:00,1.3171300000000001,1.31741,1.3162099999999999,1.31636
2023-07-27 12:00:00,1.31636,1.31792,1.31592,1.31763
2023-07-27 13:00:00,1.31763,1.3187,1.31763,1.31795
2023-07-27 14:00:00,1.31795,1.31839,1.3169,1.31694
2023-07-27 15:00:00,1.31694,1.31821,1.31581,1.31745
2023-07-27 16:00:00,1.31744,1.31997,1.3174000000000001,1.31971
2023-07-27 17:00:00,1.31971,1.32002,1.31837,1.31968
2023-07-27 18:00:00,1.31965,1.32004,1.31856,1.3195299999999999
2023-07-27 19:00:00,1.3195299999999999,1.32006,1.319,1.31908
2023-07-27 20:00:00,1.31907,1.32101,1.31843,1.32085
2023-07-27 21:00:00,1.32086,1.32347,1.32084,1.32307
2023-07-27 22:00:00,1.32307,1.32432,1.32297,1.3235999999999999
2023-07-27 23:00:00,1.3235999999999999,1.32362,1.32227,1.32229
2023-07-28 00:00:00,1.32208,1.32269,1.32111,1.32206
2023-07-28 01:00:00,1.32206,1.32244,1.32195,1.32242
2023-07-28 02:00:00,1.32243,1.3228900000000001,1.32236,1.32283
2023-07-28 03:00:00,1.32282,1.32331,1.32244,1.32328
2023-07-28 04:00:00,1.32328,1.32331,1.32229,1.32275
2023-07-28 05:00:00,1.32275,1.32321,1.32251,1.32259
2023-07-28 06:00:00,1.32259,1.32406,1.32205,1.32322
2023-07-28 07:00:00,1.32322,1.32486,1.32305,1.32407
2023-07-28 08:00:00,1.32407,1.32425,1.32187,1.32187
2023-07-28 09:00:00,1.32186,1.32364,1.32182,1.32339
2023-07-28 10:00:00,1.32339,1.32476,1.32294,1.32452
2023-07-28 11:00:00,1.32451,1.3247499999999999,1.32327,1.32409
2023-07-28 12:00:00,1.32409,1.32428,1.32207,1.3223500000000001
2023-07-28 13:00:00,1.32232,1.32334,1.32229,1.32322
2023-07-28 14:00:00,1.32321,1.32341,1.32129,1.32149
2023-07-28 15:00:00,1.32148,1.3220399999999999,1.32003,1.32177
2023-07-28 16:00:00,1.32176,1.32427,1.32176,1.32325
2023-07-28 17:00:00,1.32325,1.3242099999999999,1.3219400000000001,1.32334
2023-07-28 18:00:00,1.32334,1.3235999999999999,1.3224,1.32271
2023-07-28 19:00:00,1.32271,1.32374,1.32252,1.32304
2023-07-28 20:00:00,1.32307,1.32489,1.32298,1.32405
2023-07-28 21:00:00,1.32405,1.32455,1.32336,1.324
2023-07-28 22:00:00,1.324,1.32442,1.32341,1.32351
2023-07-28 23:00:00,1.32352,1.32515,1.32332,1.32515
2023-07-31 00:00:00,1.32277,1.3246,1.32277,1.32444
2023-07-31 01:00:00,1.32435,1.32494,1.32416,1.3247
2023-07-31 02:00:00,1.3247,1.32519,1.32454,1.32519
2023-07-31 03:00:00,1.32518,1.32547,1.32455,1.32478
2023-07-31 04:00:00,1.32476,1.32614,1.32422,1.32527
2023-07-31 05:00:00,1.32527,1.32554,1.32402,1.32426
2023-07-31 06:00:00,1.32426,1.3252,1.32419,1.32511
2023-07-31 07:00:00,1.32511,1.32549,1.32498,1.32527
2023-07-31 08:00:00,1.32527,1.32575,1.32493,1.3250899999999999
2023-07-31 09:00:00,1.3250899999999999,1.3250899999999999,1.3229899999999999,1.32378
2023-07-31 10:00:00,1.32378,1.32467,1.32325,1.32433
2023-07-31 11:00:00,1.32433,1.32451,1.3232599999999999,1.32338
2023-07-31 12:00:00,1.32338,1.32371,1.32257,1.32263
2023-07-31 13:00:00,1.32263,1.3232,1.32175,1.32175
2023-07-31 14:00:00,1.32175,1.32184,1.32144,1.32153
2023-07-31 15:00:00,1.32152,1.32156,1.32049,1.32091
2023-07-31 16:00:00,1.32092,1.32117,1.31732,1.31745
2023-07-31 17:00:00,1.31745,1.31766,1.31609,1.31619
2023-07-31 18:00:00,1.31619,1.31657,1.3151,1.31599
2023-07-31 19:00:00,1.31599,1.31671,1.31578,1.3165
2023-07-31 20:00:00,1.31651,1.3174000000000001,1.31612,1.3173599999999999
2023-07-31 21:00:00,1.31737,1.31781,1.31691,1.31759
2023-07-31 22:00:00,1.31759,1.31869,1.3175,1.31855
2023-07-31 23:00:00,1.31856,1.3192,1.31851,1.31874
2023-08-01 00:00:00,1.3183099999999999,1.3188900000000001,1.3178,1.31847
2023-08-01 01:00:00,1.31847,1.31901,1.31839,1.31869
2023-08-01 02:00:00,1.31868,1.31942,1.3186499999999999,1.31942
2023-08-01 03:00:00,1.31942,1.3195299999999999,1.31859,1.31936
2023-08-01 04:00:00,1.31936,1.32096,1.31927,1.32077
2023-08-01 05:00:00,1.32077,1.32193,1.32077,1.32168
2023-08-01 06:00:00,1.3216700000000001,1.32222,1.32146,1.32211
2023-08-01 07:00:00,1.32211,1.32306,1.32186,1.32202
2023-08-01 08:00:00,1.32202,1.32245,1.32147,1.32149
2023-08-01 09:00:00,1.32149,1.3228,1.32149,1.32245
2023-08-01 10:00:00,1.32245,1.32451,1.32244,1.3244500000000001
2023-08-01 11:00:00,1.3244500000000001,1.326,1.32426,1.3253599999999999
2023-08-01 12:00:00,1.3253599999999999,1.32605,1.32512,1.32595
2023-08-01 13:00:00,1.32596,1.32734,1.32572,1.32617
2023-08-01 14:00:00,1.32617,1.32737,1.3261,1.32721
2023-08-01 15:00:00,1.32721,1.32985,1.3271600000000001,1.32943
2023-08-01 16:00:00,1.32943,1.32948,1.3266,1.32826
2023-08-01 17:00:00,1.32812,1.3299699999999999,1.32677,1.32826
2023-08-01 18:00:00,1.32822,1.3299,1.32743,1.32912
2023-08-01 19:00:00,1.32912,1.32989,1.32897,1.32959
2023-08-01 20:00:00,1.32961,1.32999,1.32934,1.32964
2023-08-01 21:00:00,1.32964,1.32965,1.3284,1.3291
2023-08-01 22:00:00,1.3290899999999999,1.32917,1.32846,1.32882
2023-08-01 23:00:00,1.32886,1.32889,1.3278400000000001,1.3279
2023-08-02 00:00:00,1.3272599999999999,1.3281100000000001,1.3262800000000001,1.32638
2023-08-02 01:00:00,1.32638,1.3276,1.32635,1.32696
2023-08-02 02:00:00,1.32696,1.32743,1.32676,1.32695
2023-08-02 03:00:00,1.32695,1.3281399999999999,1.32694,1.32775
2023-08-02 04:00:00,1.32775,1.3281100000000001,1.32712,1.32779
2023-08-02 05:00:00,1.32779,1.3291,1.32768,1.32897
2023-08-02 06:00:00,1.32897,1.3296299999999999,1.32889,1.3289
2023-08-02 07:00:00,1.3289,1.32985,1.32887,1.32952
2023-08-02 08:00:00,1.32951,1.32988,1.32886,1.3295
2023-08-02 09:00:00,1.3295,1.33077,1.3293300000000001,1.33044
2023-08-02 10:00:00,1.33043,1.33077,1.33008,1.33046
2023-08-02 11:00:00,1.33046,1.33162,1.33034,1.33121
2023-08-02 12:00:00,1.33121,1.33167,1.3305,1.33113
2023-08-02 13:00:00,1.33113,1.33157,1.33049,1.33068
2023-08-02 14:00:00,1.33068,1.3321100000000001,1.3302399999999999,1.33167
2023-08-02 15:00:00,1.33167,1.33222,1.33076,1.33156
2023-08-02 16:00:00,1.33155,1.33376,1.33102,1.3327200000000001
2023-08-02 17:00:00,1.3327200000000001,1.3348499999999999,1.33227,1.3344
2023-08-02 18:00:00,1.3344,1.3348,1.3328,1.3335
2023-08-02 19:00:00,1.3335,1.3347,1.33289,1.33293
2023-08-02 20:00:00,1.33295,1.33444,1.3327499999999999,1.33438
2023-08-02 21:00:00,1.33438,1.3347,1.33364,1.33447
2023-08-02 22:00:00,1.33447,1.33526,1.33429,1.3345
2023-08-02 23:00:00,1.3345,1.33523,1.3342800000000001,1.3349
2023-08-03 00:00:00,1.33467,1.3351,1.33337,1.33447
2023-08-03 01:00:00,1.33442,1.33498,1.33439,1.33446
2023-08-03 02:00:00,1.33446,1.33467,1.33429,1.33444
2023-08-03 03:00:00,1.33445,1.33499,1.33425,1.33481
2023-08-03 04:00:00,1.33481,1.33514,1.33346,1.33435
2023-08-03 05:00:00,1.33436,1.33528,1.3342399999999999,1.33524
2023-08-03 06:00:00,1.33525,1.33554,1.33515,1.33527
2023-08-03 07:00:00,1.33528,1.33587,1.33526,1.3357999999999999
2023-08-03 08:00:00,1.3357999999999999,1.33593,1.33461,1.33473
2023-08-03 09:00:00,1.33473,1.33608,1.33466,1.33606
2023-08-03 10:00:00,1.3360699999999999,1.3373,1.33602,1.33683
2023-08-03 11:00:00,1.33683,1.33777,1.33621,1.33766
2023-08-03 12:00:00,1.33766,1.3377,1.33667,1.3367499999999999
2023-08-03 13:00:00,1.3367499999999999,1.33717,1.33649,1.3368
2023-08-03 14:00:00,1.3368,1.33712,1.33557,1.33691
2023-08-03 15:00:00,1.33691,1.33762,1.33475,1.33531
2023-08-03 16:00:00,1.33531,1.33652,1.33476,1.33571
2023-08-03 17:00:00,1.33571,1.33727,1.3349199999999999,1.3366500000000001
2023-08-03 18:00:00,1.3366500000000001,1.3366500000000001,1.33342,1.33412
2023-08-03 19:00:00,1.33412,1.33415,1.33287,1.3333599999999999
2023-08-03 20:00:00,1.3333599999999999,1.33459,1.33319,1.3345500000000001
2023-08-03 21:00:00,1.3345500000000001,1.33544,1.33444,1.33541
2023-08-03 22:00:00,1.33541,1.33601,1.33532,1.33559
2023-08-03 23:00:00,1.33559,1.33571,1.3349199999999999,1.3352
2023-08-04 00:00:00,1.33497,1.33532,1.33473,1.33499
2023-08-04 01:00:00,1.33496,1.33539,1.33493,1.33502
2023-08-04 02:00:00,1.33502,1.33529,1.33498,1.3351
2023-08-04 03:00:00,1.3351,1.33556,1.3339400000000001,1.3339400000000001
2023-08-04 04:00:00,1.3339400000000001,1.33427,1.33347,1.334
2023-08-04 05:00:00,1.334,1.33561,1.33366,1.3352
2023-08-04 06:00:00,1.3352,1.33535,1.33419,1.33497
2023-08-04 07:00:00,1.33497,1.33552,1.33471,1.33538
2023-08-04 08:00:00,1.33538,1.33587,1.33448,1.3354599999999999
2023-08-04 09:00:00,1.3354599999999999,1.33644,1.335,1.3363
2023-08-04 10:00:00,1.3363,1.3369900000000001,1.33589,1.33619
2023-08-04 11:00:00,1.33619,1.33701,1.3357,1.33679
2023-08-04 12:00:00,1.33678,1.3369900000000001,1.33606,1.33659
2023-08-04 13:00:00,1.33659,1.3372600000000001,1.33631,1.33723
2023-08-04 14:00:00,1.33718,1.33773,1.33705,1.33759
2023-08-04 15:00:00,1.33759,1.3394,1.33563,1.3364099999999999
2023-08-04 16:00:00,1.33642,1.33671,1.33398,1.33525
2023-08-04 17:00:00,1.33518,1.33725,1.33403,1.3362
2023-08-04 18:00:00,1.3362,1.33657,1.33358,1.33382
2023-08-04 19:00:00,1.33382,1.33383,1.33191,1.33216
2023-08-04 20:00:00,1.33216,1.3342,1.33212,1.33416
2023-08-04 21:00:00,1.33418,1.33836,1.33418,1.33836
2023-08-04 22:00:00,1.33834,1.33904,1.33745,1.33841
2023-08-04 23:00:00,1.3384,1.3385799999999999,1.3376000000000001,1.3378700000000001
2023-08-07 00:00:00,1.33568,1.3378,1.33518,1.33748
2023-08-07 01:00:00,1.3374,1.33788,1.33711,1.33738
2023-08-07 02:00:00,1.33747,1.338,1.33747,1.33751
2023-08-07 03:00:00,1.33754,1.3382800000000001,1.33694,1.33694
2023-08-07 04:00:00,1.33696,1.33849,1.33696,1.33725
2023-08-07 05:00:00,1.33725,1.33755,1.33682,1.33688
2023-08-07 06:00:00,1.33689,1.33744,1.3368,1.33735
2023-08-07 07:00:00,1.33735,1.33785,1.33734,1.33771
2023-08-07 08:00:00,1.33771,1.33838,1.33753,1.33768
2023-08-07 09:00:00,1.33768,1.33878,1.3374,1.33817
2023-08-07 10:00:00,1.33817,1.33836,1.33704,1.33756
2023-08-07 11:00:00,1.33756,1.33925,1.3374,1.33844
2023-08-07 12:00:00,1.33845,1.33866,1.33795,1.3385
2023-08-07 13:00:00,1.3385,1.33993,1.338,1.3394
2023-08-07 14:00:00,1.3394,1.33941,1.33692,1.33697
2023-08-07 15:00:00,1.33697,1.33825,1.33586,1.33595
2023-08-07 16:00:00,1.33595,1.3385799999999999,1.33558,1.33837
2023-08-07 17:00:00,1.33837,1.33867,1.3368,1.33785
2023-08-07 18:00:00,1.33784,1.33825,1.33708,1.33734
2023-08-07 19:00:00,1.33734,1.3375,1.33686,1.3369900000000001
2023-08-07 20:00:00,1.3369900000000001,1.33717,1.3364,1.33647
2023-08-07 21:00:00,1.33647,1.33711,1.33612,1.33683
2023-08-07 22:00:00,1.33683,1.33714,1.33637,1.33694
2023-08-07 23:00:00,1.33695,1.33722,1.33666,1.33683
2023-08-08 00:00:00,1.33681,1.33707,1.33585,1.33679
2023-08-08 01:00:00,1.3367200000000001,1.33759,1.3367200000000001,1.3375
2023-08-08 02:00:00,1.33751,1.33758,1.33698,1.33719
2023-08-08 03:00:00,1.33717,1.33751,1.33676,1.3373599999999999
2023-08-08 04:00:00,1.3373599999999999,1.33959,1.33735,1.33947
2023-08-08 05:00:00,1.33948,1.33983,1.33838,1.3384800000000001
2023-08-08 06:00:00,1.3384800000000001,1.33951,1.33818,1.3394300000000001
2023-08-08 07:00:00,1.3394300000000001,1.33976,1.33908,1.33925
2023-08-08 08:00:00,1.33925,1.3401,1.33913,1.33992
2023-08-08 09:00:00,1.33991,1.34172,1.33985,1.34166
2023-08-08 10:00:00,1.34166,1.34268,1.3413599999999999,1.34234
2023-08-08 11:00:00,1.34234,1.34368,1.34207,1.34234
2023-08-08 12:00:00,1.34234,1.34455,1.34208,1.3442
2023-08-08 13:00:00,1.3442,1.34544,1.34388,1.34534
2023-08-08 14:00:00,1.34534,1.34782,1.345,1.34765
2023-08-08 15:00:00,1.34765,1.3502100000000001,1.34762,1.34852
2023-08-08 16:00:00,1.34853,1.3497,1.34717,1.3486799999999999
2023-08-08 17:00:00,1.34866,1.34952,1.34668,1.3468499999999999
2023-08-08 18:00:00,1.3468499999999999,1.34755,1.34534,1.34559
2023-08-08 19:00:00,1.3456000000000001,1.34574,1.34351,1.3443800000000001
2023-08-08 20:00:00,1.3443800000000001,1.34459,1.34268,1.34277
2023-08-08 21:00:00,1.34277,1.34334,1.34172,1.34191
2023-08-08 22:00:00,1.34192,1.34215,1.34105,1.34146
2023-08-08 23:00:00,1.34146,1.34242,1.3414,1.34174
2023-08-09 00:00:00,1.34159,1.3418,1.34089,1.34127
2023-08-09 01:00:00,1.34127,1.34246,1.34116,1.34233
2023-08-09 02:00:00,1.34233,1.34289,1.34219,1.34261
2023-08-09 03:00:00,1.34261,1.34291,1.3422399999999999,1.34289
2023-08-09 04:00:00,1.34289,1.34308,1.3418700000000001,1.34229
2023-08-09 05:00:00,1.34229,1.34259,1.34128,1.34135
2023-08-09 06:00:00,1.3413300000000001,1.34205,1.34111,1.3418700000000001
2023-08-09 07:00:00,1.3418700000000001,1.34206,1.34154,1.34161
2023-08-09 08:00:00,1.34161,1.34177,1.34107,1.3417
2023-08-09 09:00:00,1.3417,1.3418,1.34051,1.3407499999999999
2023-08-09 10:00:00,1.3407499999999999,1.34157,1.3404099999999999,1.34121
2023-08-09 11:00:00,1.34121,1.34241,1.34098,1.34173
2023-08-09 12:00:00,1.34174,1.34191,1.34076,1.34169
2023-08-09 13:00:00,1.34171,1.34227,1.3415300000000001,1.342
2023-08-09 14:00:00,1.34199,1.34295,1.34173,1.34286
2023-08-09 15:00:00,1.34286,1.3454,1.34286,1.34446
2023-08-09 16:00:00,1.34446,1.34458,1.34284,1.34296
2023-08-09 17:00:00,1.34295,1.34337,1.3416000000000001,1.34325
2023-08-09 18:00:00,1.34326,1.34491,1.34274,1.3443399999999999
2023-08-09 19:00:00,1.3443399999999999,1.34449,1.34311,1.34329
2023-08-09 20:00:00,1.34328,1.34332,1.34202,1.34228
2023-08-09 21:00:00,1.34228,1.3424800000000001,1.3408,1.3416000000000001
2023-08-09 22:00:00,1.3416000000000001,1.34246,1.34121,1.3424
2023-08-09 23:00:00,1.3424,1.34257,1.34161,1.34161
2023-08-10 00:00:00,1.34209,1.34227,1.34064,1.34191
2023-08-10 01:00:00,1.34191,1.34226,1.34179,1.34199
2023-08-10 02:00:00,1.34202,1.34207,1.34186,1.3419400000000001
2023-08-10 03:00:00,1.3419400000000001,1.34235,1.34174,1.34181
2023-08-10 04:00:00,1.34181,1.34241,1.34118,1.3417
2023-08-10 05:00:00,1.34171,1.34198,1.3408,1.34146
2023-08-10 06:00:00,1.34145,1.3417,1.3413,1.34151
2023-08-10 07:00:00,1.34152,1.3418999999999999,1.34101,1.34186
2023-08-10 08:00:00,1.34186,1.34199,1.34057,1.3407
2023-08-10 09:00:00,1.3407,1.34084,1.33983,1.34026
2023-08-10 10:00:00,1.34027,1.3407,1.33869,1.34059
2023-08-10 11:00:00,1.34059,1.341,1.34018,1.34073
2023-08-10 12:00:00,1.34076,1.34094,1.34029,1.3403399999999999
2023-08-10 13:00:00,1.3403399999999999,1.34058,1.33992,1.34009
2023-08-10 14:00:00,1.3401,1.34023,1.3395299999999999,1.33962
2023-08-10 15:00:00,1.33962,1.34122,1.3372,1.3390900000000001
2023-08-10 16:00:00,1.3391,1.34062,1.3378,1.33799
2023-08-10 17:00:00,1.33798,1.3411,1.33765,1.34018
2023-08-10 18:00:00,1.34017,1.34116,1.33945,1.34032
2023-08-10 19:00:00,1.34032,1.34202,1.34008,1.34181
2023-08-10 20:00:00,1.34181,1.3439999999999999,1.3417,1.34358
2023-08-10 21:00:00,1.34358,1.34388,1.3415300000000001,1.3417
2023-08-10 22:00:00,1.3417,1.34454,1.3416000000000001,1.3442
2023-08-10 23:00:00,1.34419,1.345,1.34409,1.34473
2023-08-11 00:00:00,1.34388,1.34461,1.3428200000000001,1.34418
2023-08-11 01:00:00,1.34412,1.3448,1.34408,1.34445
2023-08-11 02:00:00,1.34446,1.34462,1.34429,1.34445
2023-08-11 03:00:00,1.34445,1.34459,1.34364,1.34366
2023-08-11 04:00:00,1.34366,1.34366,1.34271,1.34335
2023-08-11 05:00:00,1.34336,1.34428,1.3433,1.34417
2023-08-11 06:00:00,1.34417,1.34435,1.34341,1.34391
2023-08-11 07:00:00,1.34391,1.34453,1.34388,1.34442
2023-08-11 08:00:00,1.34442,1.34464,1.3439,1.34399
2023-08-11 09:00:00,1.34399,1.34421,1.34302,1.3442
2023-08-11 10:00:00,1.3442,1.3443399999999999,1.34333,1.34416
2023-08-11 11:00:00,1.34415,1.3456299999999999,1.3437299999999999,1.34454
2023-08-11 12:00:00,1.34454,1.34583,1.34406,1.34577
2023-08-11 13:00:00,1.34578,1.34589,1.3443100000000001,1.34497
2023-08-11 14:00:00,1.34498,1.34517,1.34315,1.3440699999999999
2023-08-11 15:00:00,1.34408,1.3465799999999999,1.34364,1.3459400000000001
2023-08-11 16:00:00,1.34596,1.34644,1.34462,1.34505
2023-08-11 17:00:00,1.34504,1.34504,1.34123,1.34199
2023-08-11 18:00:00,1.34199,1.34454,1.34143,1.3442
2023-08-11 19:00:00,1.34384,1.34448,1.34299,1.34435
2023-08-11 20:00:00,1.34435,1.34517,1.34372,1.34467
2023-08-11 21:00:00,1.34467,1.34479,1.34417,1.34469
2023-08-11 22:00:00,1.34469,1.34515,1.34449,1.3447200000000001
2023-08-11 23:00:00,1.3447200000000001,1.3449200000000001,1.3440400000000001,1.34439
2023-08-14 00:00:00,1.3437999999999999,1.34418,1.34304,1.34401
2023-08-14 01:00:00,1.34395,1.34457,1.34378,1.34395
2023-08-14 02:00:00,1.34395,1.3443,1.34382,1.34402
2023-08-14 03:00:00,1.34402,1.34512,1.34399,1.34493
2023-08-14 04:00:00,1.34493,1.3456299999999999,1.34458,1.34477
2023-08-14 05:00:00,1.34477,1.34611,1.34457,1.34603
2023-08-14 06:00:00,1.34605,1.34699,1.34601,1.3464800000000001
2023-08-14 07:00:00,1.3464800000000001,1.3465500000000001,1.34602,1.34631
2023-08-14 08:00:00,1.34631,1.34642,1.34559,1.34577
2023-08-14 09:00:00,1.34576,1.34641,1.34528,1.34612
2023-08-14 10:00:00,1.34612,1.3467,1.34443,1.34459
2023-08-14 11:00:00,1.34459,1.34535,1.34421,1.34501
2023-08-14 12:00:00,1.34501,1.34527,1.34396,1.34464
2023-08-14 13:00:00,1.34463,1.34485,1.34396,1.34447
2023-08-14 14:00:00,1.34447,1.34527,1.34379,1.34409
2023-08-14 15:00:00,1.3441100000000001,1.34657,1.3441,1.34574
2023-08-14 16:00:00,1.34575,1.3479700000000001,1.34548,1.3474
2023-08-14 17:00:00,1.3474,1.3476,1.345,1.34661
2023-08-14 18:00:00,1.34661,1.34704,1.345,1.3453300000000001
2023-08-14 19:00:00,1.3453300000000001,1.34649,1.3444,1.34562
2023-08-14 20:00:00,1.34562,1.3459400000000001,1.34504,1.34544
2023-08-14 21:00:00,1.34544,1.34724,1.34522,1.34711
2023-08-14 22:00:00,1.3471,1.34726,1.34622,1.34639
2023-08-14 23:00:00,1.34638,1.34643,1.3458700000000001,1.34598
2023-08-15 00:00:00,1.34593,1.34623,1.345,1.34619
2023-08-15 01:00:00,1.3462100000000001,1.34628,1.34554,1.34568
2023-08-15 02:00:00,1.34567,1.34599,1.34567,1.34591
2023-08-15 03:00:00,1.34591,1.34667,1.34583,1.34607
2023-08-15 04:00:00,1.34607,1.34701,1.34461,1.34527
2023-08-15 05:00:00,1.34527,1.34611,1.34473,1.34518
2023-08-15 06:00:00,1.34518,1.34519,1.34426,1.34432
2023-08-15 07:00:00,1.34432,1.34485,1.34429,1.34461
2023-08-15 08:00:00,1.3446,1.34538,1.34443,1.34516
2023-08-15 09:00:00,1.34517,1.346,1.34394,1.34595
2023-08-15 10:00:00,1.34596,1.34924,1.34574,1.3491900000000001
2023-08-15 11:00:00,1.34918,1.34948,1.34787,1.34839
2023-08-15 12:00:00,1.34839,1.34911,1.3479999999999999,1.34839
2023-08-15 13:00:00,1.34837,1.34954,1.34823,1.34905
2023-08-15 14:00:00,1.34906,1.34986,1.34903,1.3498
2023-08-15 15:00:00,1.3498,1.35005,1.34479,1.34662
2023-08-15 16:00:00,1.34662,1.34747,1.34457,1.34606
2023-08-15 17:00:00,1.34606,1.34918,1.34593,1.34798
2023-08-15 18:00:00,1.3479700000000001,1.34844,1.3471600000000001,1.34742
2023-08-15 19:00:00,1.34741,1.34935,1.347,1.34853
2023-08-15 20:00:00,1.34853,1.34915,1.34832,1.34887
2023-08-15 21:00:00,1.34887,1.34932,1.34839,1.34925
2023-08-15 22:00:00,1.34925,1.3501400000000001,1.3489499999999999,1.34973
2023-08-15 23:00:00,1.34973,1.35013,1.34957,1.34968
2023-08-16 00:00:00,1.34945,1.34986,1.34921,1.3495599999999999
2023-08-16 01:00:00,1.3495599999999999,1.3501699999999999,1.34918,1.34949
2023-08-16 02:00:00,1.3495,1.3496000000000001,1.3489499999999999,1.34905
2023-08-16 03:00:00,1.34905,1.3503,1.34898,1.34968
2023-08-16 04:00:00,1.34969,1.35098,1.34917,1.34984
2023-08-16 05:00:00,1.34985,1.35033,1.3495300000000001,1.35029
2023-08-16 06:00:00,1.35029,1.35033,1.34938,1.35007
2023-08-16 07:00:00,1.35007,1.35025,1.34975,1.34978
2023-08-16 08:00:00,1.34978,1.35056,1.34948,1.35013
2023-08-16 09:00:00,1.35011,1.35099,1.3491900000000001,1.35028
2023-08-16 10:00:00,1.35028,1.35045,1.34817,1.3488
2023-08-16 11:00:00,1.3488,1.3489900000000001,1.34754,1.34805
2023-08-16 12:00:00,1.34805,1.34934,1.34752,1.34888
2023-08-16 13:00:00,1.34888,1.34993,1.34863,1.34954
2023-08-16 14:00:00,1.34954,1.3498999999999999,1.34885,1.34897
2023-08-16 15:00:00,1.34897,1.35064,1.34866,1.35059
2023-08-16 16:00:00,1.35059,1.35073,1.34814,1.34986
2023-08-16 17:00:00,1.3498700000000001,1.3526799999999999,1.34984,1.35158
2023-08-16 18:00:00,1.35156,1.35203,1.35052,1.35175
2023-08-16 19:00:00,1.35175,1.3529900000000001,1.35162,1.3529
2023-08-16 20:00:00,1.3529,1.3536000000000001,1.35205,1.35213
2023-08-16 21:00:00,1.35214,1.35396,1.35181,1.35352
2023-08-16 22:00:00,1.35352,1.3545099999999999,1.35308,1.35334
2023-08-16 23:00:00,1.35332,1.35364,1.35278,1.35316
2023-08-17 00:00:00,1.35314,1.35331,1.35208,1.35301
2023-08-17 01:00:00,1.35302,1.3532899999999999,1.35278,1.3532600000000001
2023-08-17 02:00:00,1.3532600000000001,1.3538999999999999,1.35323,1.3537
2023-08-17 03:00:00,1.3537,1.35494,1.35369,1.35453
2023-08-17 04:00:00,1.35453,1.35526,1.35362,1.35372
2023-08-17 05:00:00,1.35372,1.35416,1.3532199999999999,1.35365
2023-08-17 06:00:00,1.35365,1.35374,1.35318,1.35358
2023-08-17 07:00:00,1.35358,1.35366,1.35279,1.35293
2023-08-17 08:00:00,1.35293,1.35463,1.35287,1.3538700000000001
2023-08-17 09:00:00,1.3538700000000001,1.35398,1.35211,1.3526
2023-08-17 10:00:00,1.3526,1.35338,1.35187,1.35272
2023-08-17 11:00:00,1.35272,1.35307,1.3518,1.3528
2023-08-17 12:00:00,1.3528,1.35346,1.35198,1.3519999999999999
2023-08-17 13:00:00,1.3519999999999999,1.35208,1.35052,1.35107
2023-08-17 14:00:00,1.35108,1.3511199999999999,1.35008,1.35038
2023-08-17 15:00:00,1.35038,1.35156,1.34971,1.35064
2023-08-17 16:00:00,1.35064,1.35195,1.34962,1.35169
2023-08-17 17:00:00,1.35169,1.35199,1.3504800000000001,1.35125
2023-08-17 18:00:00,1.35124,1.3529900000000001,1.3511,1.3523399999999999
2023-08-17 19:00:00,1.35233,1.35291,1.3514,1.35205
2023-08-17 20:00:00,1.35205,1.35393,1.35191,1.35393
2023-08-17 21:00:00,1.35393,1.3552,1.3538000000000001,1.35519
2023-08-17 22:00:00,1.35519,1.35521,1.35406,1.35436
2023-08-17 23:00:00,1.35436,1.3549,1.35405,1.35443
2023-08-18 00:00:00,1.35436,1.35463,1.35214,1.35418
2023-08-18 01:00:00,1.35418,1.35487,1.35418,1.35466
2023-08-18 02:00:00,1.35465,1.35466,1.3544399999999999,1.35457
2023-08-18 03:00:00,1.35457,1.3547500000000001,1.35352,1.35385
2023-08-18 04:00:00,1.35385,1.35406,1.35263,1.35296
2023-08-18 05:00:00,1.3529499999999999,1.35334,1.35243,1.35303
2023-08-18 06:00:00,1.35302,1.35452,1.35302,1.35429
2023-08-18 07:00:00,1.35429,1.35496,1.35403,1.3547500000000001
2023-08-18 08:00:00,1.35474,1.35557,1.3541,1.35412
2023-08-18 09:00:00,1.35409,1.3546,1.35342,1.35428
2023-08-18 10:00:00,1.35428,1.35555,1.35354,1.35516
2023-08-18 11:00:00,1.35517,1.35528,1.35406,1.35426
2023-08-18 12:00:00,1.35426,1.35559,1.35404,1.35418
2023-08-18 13:00:00,1.35419,1.35452,1.3532,1.35434
2023-08-18 14:00:00,1.35434,1.35646,1.35425,1.35622
2023-08-18 15:00:00,1.35622,1.3574899999999999,1.35567,1.35698
2023-08-18 16:00:00,1.35698,1.35713,1.3544800000000001,1.35593
2023-08-18 17:00:00,1.35596,1.3568,1.3554,1.35628
2023-08-18 18:00:00,1.35628,1.35642,1.35472,1.35591
2023-08-18 19:00:00,1.3559,1.35601,1.35357,1.35367
2023-08-18 20:00:00,1.35367,1.35533,1.35336,1.35392
2023-08-18 21:00:00,1.35392,1.35513,1.35373,1.35457
2023-08-18 22:00:00,1.35457,1.35529,1.35393,1.35476
2023-08-18 23:00:00,1.3548,1.35551,1.35462,1.3550200000000001
2023-08-21 00:00:00,1.3546,1.35501,1.35423,1.35483
2023-08-21 01:00:00,1.35453,1.3549,1.35437,1.35454
2023-08-21 02:00:00,1.35457,1.35492,1.35418,1.35419
2023-08-21 03:00:00,1.35419,1.35438,1.3537,1.35428
2023-08-21 04:00:00,1.35428,1.35548,1.3541,1.3545099999999999
2023-08-21 05:00:00,1.3545099999999999,1.3548499999999999,1.35347,1.35377
2023-08-21 06:00:00,1.35377,1.35457,1.35376,1.35454
2023-08-21 07:00:00,1.35454,1.35461,1.35401,1.35429
2023-08-21 08:00:00,1.35429,1.3547799999999999,1.35369,1.35456
2023-08-21 09:00:00,1.35457,1.35492,1.3541,1.35474
2023-08-21 10:00:00,1.35474,1.35486,1.35309,1.35318
2023-08-21 11:00:00,1.35318,1.35377,1.35289,1.3531
2023-08-21 12:00:00,1.35311,1.35314,1.35196,1.35209
2023-08-21 13:00:00,1.35209,1.3529499999999999,1.35172,1.35253
2023-08-21 14:00:00,1.35254,1.3526,1.35,1.35046
2023-08-21 15:00:00,1.35045,1.35102,1.3496000000000001,1.35084
2023-08-21 16:00:00,1.35084,1.35364,1.35084,1.35286
2023-08-21 17:00:00,1.35286,1.35591,1.35259,1.35495
2023-08-21 18:00:00,1.35495,1.3572600000000001,1.35469,1.35649
2023-08-21 19:00:00,1.35649,1.35724,1.35527,1.3557000000000001
2023-08-21 20:00:00,1.35568,1.35588,1.3550200000000001,1.35548
2023-08-21 21:00:00,1.35548,1.35548,1.35463,1.35466
2023-08-21 22:00:00,1.35466,1.35477,1.3541,1.35466
2023-08-21 23:00:00,1.35466,1.35491,1.35427,1.35438
2023-08-22 00:00:00,1.35442,1.35453,1.35368,1.35406
2023-08-22 01:00:00,1.35406,1.35464,1.35406,1.3545099999999999
2023-08-22 02:00:00,1.3545099999999999,1.35462,1.35405,1.35462
2023-08-22 03:00:00,1.35462,1.3554,1.35454,1.35473
2023-08-22 04:00:00,1.35473,1.3551,1.35347,1.3546
2023-08-22 05:00:00,1.3546,1.35467,1.35365,1.35455
2023-08-22 06:00:00,1.35455,1.35466,1.3535300000000001,1.354
2023-08-22 07:00:00,1.354,1.3544800000000001,1.35395,1.3544800000000001
2023-08-22 08:00:00,1.3544800000000001,1.3550200000000001,1.35391,1.35501
2023-08-22 09:00:00,1.3550200000000001,1.35503,1.35248,1.35328
2023-08-22 10:00:00,1.35328,1.35366,1.35246,1.3529900000000001
2023-08-22 11:00:00,1.3529900000000001,1.35358,1.3525,1.35306
2023-08-22 12:00:00,1.35305,1.3534,1.35245,1.35252
2023-08-22 13:00:00,1.35253,1.35351,1.35205,1.35339
2023-08-22 14:00:00,1.3534,1.35375,1.35181,1.35192
2023-08-22 15:00:00,1.35192,1.35361,1.35129,1.35357
2023-08-22 16:00:00,1.35357,1.35564,1.3525,1.3554
2023-08-22 17:00:00,1.3554,1.35649,1.35425,1.35526
2023-08-22 18:00:00,1.35526,1.35581,1.3544100000000001,1.35484
2023-08-22 19:00:00,1.35484,1.35565,1.3545099999999999,1.3553
2023-08-22 20:00:00,1.3553,1.35641,1.35526,1.3556
2023-08-22 21:00:00,1.3556,1.35614,1.35525,1.35571
2023-08-22 22:00:00,1.35571,1.3560699999999999,1.35515,1.35583
2023-08-22 23:00:00,1.35584,1.3559700000000001,1.3548499999999999,1.3549
2023-08-23 00:00:00,1.35405,1.35524,1.3529,1.35507
2023-08-23 01:00:00,1.35507,1.3552,1.35491,1.35499
2023-08-23 02:00:00,1.35499,1.3551,1.35473,1.355
2023-08-23 03:00:00,1.355,1.35523,1.35426,1.35474
2023-08-23 04:00:00,1.35474,1.355,1.35343,1.35358
2023-08-23 05:00:00,1.35355,1.35418,1.3532600000000001,1.354
2023-08-23 06:00:00,1.354,1.3543,1.35365,1.3538999999999999
2023-08-23 07:00:00,1.3538999999999999,1.35422,1.35366,1.35384
2023-08-23 08:00:00,1.35384,1.3542,1.35354,1.35392
2023-08-23 09:00:00,1.35391,1.3554,1.3538700000000001,1.35501
2023-08-23 10:00:00,1.35501,1.35608,1.35399,1.35533
2023-08-23 11:00:00,1.35532,1.3556300000000001,1.35474,1.3550200000000001
2023-08-23 12:00:00,1.35503,1.35723,1.35491,1.35659
2023-08-23 13:00:00,1.3566500000000001,1.3578999999999999,1.35625,1.35767
2023-08-23 14:00:00,1.35767,1.35776,1.35701,1.35704
2023-08-23 15:00:00,1.35702,1.3597299999999999,1.35684,1.35933
2023-08-23 16:00:00,1.35933,1.36038,1.35705,1.35743
2023-08-23 17:00:00,1.35742,1.35773,1.35558,1.35587
2023-08-23 18:00:00,1.35587,1.35595,1.35405,1.35419
2023-08-23 19:00:00,1.35419,1.3545099999999999,1.35229,1.35272
2023-08-23 20:00:00,1.35272,1.35318,1.35203,1.35286
2023-08-23 21:00:00,1.35286,1.3543,1.35278,1.35419
2023-08-23 22:00:00,1.35419,1.35429,1.35267,1.35352
2023-08-23 23:00:00,1.35354,1.35376,1.3523399999999999,1.35235
2023-08-24 00:00:00,1.3523,1.3526099999999999,1.35199,1.35256
2023-08-24 01:00:00,1.35251,1.35278,1.35229,1.35255
2023-08-24 02:00:00,1.35255,1.35287,1.3523800000000001,1.35239
2023-08-24 03:00:00,1.3524,1.35266,1.3514599999999999,1.35215
2023-08-24 04:00:00,1.35215,1.35331,1.35196,1.35316
2023-08-24 05:00:00,1.35316,1.35317,1.35189,1.3520699999999999
2023-08-24 06:00:00,1.3520699999999999,1.3523399999999999,1.35135,1.35195
2023-08-24 07:00:00,1.35195,1.35218,1.3513,1.35131
2023-08-24 08:00:00,1.35131,1.35211,1.35099,1.35179
2023-08-24 09:00:00,1.35178,1.35279,1.35151,1.3527
2023-08-24 10:00:00,1.3527,1.354,1.3525,1.35379
2023-08-24 11:00:00,1.35379,1.3541,1.3528,1.35316
2023-08-24 12:00:00,1.35316,1.35492,1.35288,1.35447
2023-08-24 13:00:00,1.35447,1.35462,1.3538000000000001,1.35405
2023-08-24 14:00:00,1.35405,1.3548,1.35359,1.3547500000000001
2023-08-24 15:00:00,1.3547500000000001,1.35602,1.35458,1.35567
2023-08-24 16:00:00,1.35567,1.3587500000000001,1.3552,1.35542
2023-08-24 17:00:00,1.35542,1.3572199999999999,1.35493,1.35561
2023-08-24 18:00:00,1.35561,1.35698,1.35552,1.35643
2023-08-24 19:00:00,1.35643,1.3568,1.3560400000000001,1.35646
2023-08-24 20:00:00,1.35648,1.35728,1.35605,1.3569200000000001
2023-08-24 21:00:00,1.3569,1.3576,1.35645,1.35748
2023-08-24 22:00:00,1.3574899999999999,1.35828,1.35709,1.35805
2023-08-24 23:00:00,1.35805,1.35891,1.35795,1.35808
2023-08-25 00:00:00,1.35772,1.3581699999999999,1.35686,1.3578000000000001
2023-08-25 01:00:00,1.35778,1.35845,1.35767,1.35843
2023-08-25 02:00:00,1.35843,1.3587799999999999,1.3584,1.35868
2023-08-25 03:00:00,1.35868,1.35874,1.3581400000000001,1.35822
2023-08-25 04:00:00,1.35822,1.35882,1.35798,1.35824
2023-08-25 05:00:00,1.35824,1.3594300000000001,1.3582,1.3594
2023-08-25 06:00:00,1.3594,1.36009,1.3593,1.36002
2023-08-25 07:00:00,1.36002,1.3601,1.35972,1.36003
2023-08-25 08:00:00,1.36003,1.36026,1.3587,1.35876
2023-08-25 09:00:00,1.35876,1.36011,1.35852,1.35969
2023-08-25 10:00:00,1.35969,1.35985,1.35799,1.35852
2023-08-25 11:00:00,1.35852,1.35891,1.35793,1.358
2023-08-25 12:00:00,1.358,1.35913,1.35795,1.35883
2023-08-25 13:00:00,1.35881,1.35885,1.3573,1.35747
2023-08-25 14:00:00,1.35746,1.35828,1.35691,1.3578999999999999
2023-08-25 15:00:00,1.35791,1.3593199999999999,1.35747,1.35906
2023-08-25 16:00:00,1.3590499999999999,1.36042,1.35854,1.3599999999999999
2023-08-25 17:00:00,1.3599999999999999,1.3636599999999999,1.3572899999999999,1.36361
2023-08-25 18:00:00,1.36361,1.36398,1.36159,1.3627799999999999
2023-08-25 19:00:00,1.36277,1.36277,1.36082,1.36155
2023-08-25 20:00:00,1.36152,1.36296,1.36087,1.3612199999999999
2023-08-25 21:00:00,1.3612199999999999,1.36124,1.35908,1.35944
2023-08-25 22:00:00,1.3594300000000001,1.36067,1.35886,1.36032
2023-08-25 23:00:00,1.36033,1.36071,1.36014,1.36043
2023-08-28 00:00:00,1.35865,1.35964,1.35797,1.35941
2023-08-28 01:00:00,1.3594,1.36006,1.35893,1.36005
2023-08-28 02:00:00,1.35998,1.3599999999999999,1.3593199999999999,1.35949
2023-08-28 03:00:00,1.35949,1.35977,1.35915,1.3596599999999999
2023-08-28 04:00:00,1.3596599999999999,1.3596599999999999,1.35834,1.35922
2023-08-28 05:00:00,1.35923,1.35959,1.35873,1.35894
2023-08-28 06:00:00,1.35893,1.3593899999999999,1.35879,1.35925
2023-08-28 07:00:00,1.35925,1.35946,1.35915,1.35922
2023-08-28 08:00:00,1.35922,1.35947,1.35859,1.3591
2023-08-28 09:00:00,1.35911,1.35911,1.35837,1.35884
2023-08-28 10:00:00,1.35884,1.3603,1.35873,1.36017
2023-08-28 11:00:00,1.36017,1.36046,1.3596300000000001,1.36008
2023-08-28 12:00:00,1.36007,1.36047,1.35968,1.35987
2023-08-28 13:00:00,1.35987,1.3606500000000001,1.35985,1.36014
2023-08-28 14:00:00,1.36013,1.36026,1.35955,1.3597000000000001
2023-08-28 15:00:00,1.3597000000000001,1.36015,1.35887,1.35988
2023-08-28 16:00:00,1.35988,1.36118,1.35752,1.35759
2023-08-28 17:00:00,1.35759,1.3591,1.35701,1.35873
2023-08-28 18:00:00,1.35873,1.36021,1.35869,1.3597299999999999
2023-08-28 19:00:00,1.3597299999999999,1.36011,1.35886,1.35921
2023-08-28 20:00:00,1.35921,1.36098,1.35898,1.36059
2023-08-28 21:00:00,1.3606,1.36094,1.36007,1.36036
2023-08-28 22:00:00,1.36036,1.36049,1.3598,1.3602699999999999
2023-08-28 23:00:00,1.3602699999999999,1.3602699999999999,1.35964,1.35978
2023-08-29 00:00:00,1.35872,1.35986,1.35823,1.35942
2023-08-29 01:00:00,1.3594,1.35978,1.3594,1.35964
2023-08-29 02:00:00,1.35964,1.36016,1.3596300000000001,1.36009
2023-08-29 03:00:00,1.36009,1.3605,1.3596300000000001,1.36038
2023-08-29 04:00:00,1.36037,1.36057,1.3593600000000001,1.3599999999999999
2023-08-29 05:00:00,1.3599999999999999,1.36005,1.3593899999999999,1.3594300000000001
2023-08-29 06:00:00,1.35944,1.35959,1.35867,1.35883
2023-08-29 07:00:00,1.35883,1.35944,1.3588,1.35938
2023-08-29 08:00:00,1.35938,1.35979,1.35889,1.3593899999999999
2023-08-29 09:00:00,1.3593899999999999,1.36012,1.35882,1.36007
2023-08-29 10:00:00,1.36007,1.3605,1.3590200000000001,1.36032
2023-08-29 11:00:00,1.3603100000000001,1.36131,1.35986,1.36123
2023-08-29 12:00:00,1.36123,1.36129,1.35998,1.3603
2023-08-29 13:00:00,1.36029,1.36158,1.35989,1.36144
2023-08-29 14:00:00,1.36142,1.3627,1.3612600000000001,1.36265
2023-08-29 15:00:00,1.36265,1.3637299999999999,1.36255,1.36327
2023-08-29 16:00:00,1.36328,1.3637000000000001,1.3617,1.3628
2023-08-29 17:00:00,1.36285,1.36291,1.35952,1.35994
2023-08-29 18:00:00,1.35993,1.36011,1.35779,1.35901
2023-08-29 19:00:00,1.3590200000000001,1.35924,1.3584,1.3585099999999999
2023-08-29 20:00:00,1.3585099999999999,1.35852,1.35677,1.35733
2023-08-29 21:00:00,1.35732,1.35779,1.3560699999999999,1.35639
2023-08-29 22:00:00,1.35639,1.35652,1.35545,1.35601
2023-08-29 23:00:00,1.35601,1.35605,1.35491,1.35514
2023-08-30 00:00:00,1.3551,1.35611,1.3548200000000001,1.35522
2023-08-30 01:00:00,1.35514,1.35556,1.3551199999999999,1.35552
2023-08-30 02:00:00,1.35553,1.35593,1.3554,1.35589
2023-08-30 03:00:00,1.35589,1.35707,1.35571,1.35637
2023-08-30 04:00:00,1.35637,1.3574,1.35609,1.3567
2023-08-30 05:00:00,1.3567,1.3573,1.35652,1.35703
2023-08-30 06:00:00,1.35703,1.35711,1.35632,1.35664
2023-08-30 07:00:00,1.35664,1.35766,1.3566099999999999,1.3574
2023-08-30 08:00:00,1.3574,1.35766,1.35699,1.35754
2023-08-30 09:00:00,1.35754,1.3576,1.35585,1.35677
2023-08-30 10:00:00,1.35677,1.35746,1.35577,1.35579
2023-08-30 11:00:00,1.35579,1.35712,1.35576,1.35643
2023-08-30 12:00:00,1.35641,1.35674,1.35587,1.35655
2023-08-30 13:00:00,1.35655,1.35672,1.35583,1.35603
2023-08-30 14:00:00,1.35603,1.35633,1.35556,1.35626
2023-08-30 15:00:00,1.35626,1.35671,1.35323,1.3538700000000001
2023-08-30 16:00:00,1.3538999999999999,1.3546,1.35246,1.35309
2023-08-30 17:00:00,1.35309,1.355,1.35254,1.35291
2023-08-30 18:00:00,1.35291,1.35361,1.35128,1.3516599999999999
2023-08-30 19:00:00,1.3516599999999999,1.3532600000000001,1.3516599999999999,1.3532199999999999
2023-08-30 20:00:00,1.35321,1.35464,1.35241,1.35422
2023-08-30 21:00:00,1.35422,1.35479,1.35305,1.35305
2023-08-30 22:00:00,1.35305,1.35373,1.35272,1.35331
2023-08-30 23:00:00,1.3532899999999999,1.35339,1.35294,1.35306
2023-08-31 00:00:00,1.35304,1.35355,1.35182,1.35336
2023-08-31 01:00:00,1.3532899999999999,1.3537,1.35302,1.35368
2023-08-31 02:00:00,1.35368,1.3537,1.3532600000000001,1.35349
2023-08-31 03:00:00,1.35349,1.35355,1.35304,1.3534
2023-08-31 04:00:00,1.3534,1.3534,1.35208,1.35278
2023-08-31 05:00:00,1.35278,1.35358,1.3525,1.35348
2023-08-31 06:00:00,1.35348,1.35407,1.35339,1.35406
2023-08-31 07:00:00,1.35406,1.35407,1.35359,1.35374
2023-08-31 08:00:00,1.35375,1.3542,1.35355,1.35359
2023-08-31 09:00:00,1.35359,1.35438,1.35311,1.35422
2023-08-31 10:00:00,1.35426,1.3548499999999999,1.35373,1.35386
2023-08-31 11:00:00,1.35386,1.35447,1.35378,1.3542
2023-08-31 12:00:00,1.3542,1.35513,1.35404,1.3548499999999999
2023-08-31 13:00:00,1.3548499999999999,1.35517,1.35454,1.35493
2023-08-31 14:00:00,1.35493,1.35578,1.35453,1.35454
2023-08-31 15:00:00,1.35454,1.35456,1.35229,1.35274
2023-08-31 16:00:00,1.35276,1.35399,1.35149,1.35278
2023-08-31 17:00:00,1.35278,1.35459,1.3525800000000001,1.35289
2023-08-31 18:00:00,1.35288,1.3551199999999999,1.3526799999999999,1.35403
2023-08-31 19:00:00,1.35403,1.35553,1.35365,1.35452
2023-08-31 20:00:00,1.35452,1.3546,1.35252,1.35253
2023-08-31 21:00:00,1.35253,1.35253,1.35039,1.35174
2023-08-31 22:00:00,1.35174,1.3519,1.35087,1.3514599999999999
2023-08-31 23:00:00,1.35144,1.35163,1.35064,1.3508
2023-09-01 00:00:00,1.3508,1.35107,1.35035,1.35081
2023-09-01 01:00:00,1.35083,1.35114,1.35057,1.3511
2023-09-01 02:00:00,1.3511,1.35123,1.35084,1.35103
2023-09-01 03:00:00,1.35104,1.35159,1.35076,1.35106
2023-09-01 04:00:00,1.35104,1.35108,1.3489,1.34957
2023-09-01 05:00:00,1.34957,1.35095,1.3492199999999999,1.35052
2023-09-01 06:00:00,1.35057,1.3515,1.35056,1.35128
2023-09-01 07:00:00,1.35129,1.35152,1.35081,1.35087
2023-09-01 08:00:00,1.35089,1.3513,1.35081,1.35095
2023-09-01 09:00:00,1.35095,1.35212,1.3507500000000001,1.35135
2023-09-01 10:00:00,1.35135,1.35178,1.3494,1.34997
2023-09-01 11:00:00,1.34997,1.35137,1.34981,1.35101
2023-09-01 12:00:00,1.35101,1.35119,1.34996,1.35026
2023-09-01 13:00:00,1.35025,1.35053,1.34959,1.3496000000000001
2023-09-01 14:00:00,1.3496000000000001,1.35153,1.34951,1.35132
2023-09-01 15:00:00,1.35132,1.35557,1.34972,1.35436
2023-09-01 16:00:00,1.35436,1.35673,1.35336,1.35554
2023-09-01 17:00:00,1.35556,1.35887,1.35556,1.35784
2023-09-01 18:00:00,1.35784,1.35922,1.35758,1.35837
2023-09-01 19:00:00,1.35837,1.3612600000000001,1.35836,1.3603100000000001
2023-09-01 20:00:00,1.3603100000000001,1.36037,1.35906,1.36003
2023-09-01 21:00:00,1.36003,1.36041,1.35935,1.35999
2023-09-01 22:00:00,1.35999,1.3603100000000001,1.35947,1.3602400000000001
2023-09-01 23:00:00,1.3602400000000001,1.3602400000000001,1.35883,1.35919
2023-09-04 00:00:00,1.35859,1.35965,1.35834,1.35927
2023-09-04 01:00:00,1.35927,1.35987,1.3590200000000001,1.35971
2023-09-04 02:00:00,1.35971,1.35979,1.35942,1.35948
2023-09-04 03:00:00,1.35948,1.3596300000000001,1.3590200000000001,1.35935
2023-09-04 04:00:00,1.35934,1.35979,1.35896,1.3596
2023-09-04 05:00:00,1.3596,1.35961,1.3585,1.35876
2023-09-04 06:00:00,1.35876,1.35891,1.35838,1.3585
2023-09-04 07:00:00,1.3585,1.3587,1.35834,1.35842
2023-09-04 08:00:00,1.35842,1.35846,1.35794,1.3582
2023-09-04 09:00:00,1.35819,1.35882,1.35754,1.35877
2023-09-04 10:00:00,1.35877,1.3593199999999999,1.35852,1.3591199999999999
2023-09-04 11:00:00,1.3591199999999999,1.36017,1.35887,1.3596300000000001
2023-09-04 12:00:00,1.3596300000000001,1.3604,1.3596300000000001,1.35989
2023-09-04 13:00:00,1.35991,1.3599700000000001,1.3593199999999999,1.35949
2023-09-04 14:00:00,1.35948,1.35979,1.35913,1.3596
2023-09-04 15:00:00,1.3596,1.3601,1.35946,1.35993
2023-09-04 16:00:00,1.35992,1.35992,1.35886,1.35903
2023-09-04 17:00:00,1.35903,1.36044,1.35903,1.35996
2023-09-04 18:00:00,1.35996,1.36007,1.3593899999999999,1.3594
2023-09-04 19:00:00,1.3594,1.35968,1.35923,1.3595
2023-09-04 20:00:00,1.35951,1.35957,1.35927,1.35942
2023-09-04 21:00:00,1.35938,1.35955,1.35928,1.35934
2023-09-04 22:00:00,1.3593199999999999,1.35955,1.35931,1.3594
2023-09-04 23:00:00,1.3594,1.3594,1.35908,1.35908
2023-09-05 00:00:00,1.35898,1.35923,1.3584800000000001,1.35894
2023-09-05 01:00:00,1.35891,1.3593899999999999,1.35879,1.35938
2023-09-05 02:00:00,1.35938,1.35995,1.35937,1.35995
2023-09-05 03:00:00,1.35995,1.36045,1.3596599999999999,1.3601
2023-09-05 04:00:00,1.3601,1.3611,1.35976,1.36068
2023-09-05 05:00:00,1.36067,1.36161,1.36056,1.36129
2023-09-05 06:00:00,1.36129,1.36179,1.36129,1.3616
2023-09-05 07:00:00,1.3616,1.3618700000000001,1.36127,1.36144
2023-09-05 08:00:00,1.36143,1.3628,1.36121,1.36279
2023-09-05 09:00:00,1.36279,1.3641,1.36259,1.3637000000000001
2023-09-05 10:00:00,1.36369,1.36598,1.36361,1.36569
2023-09-05 11:00:00,1.3657,1.36695,1.3655,1.36616
2023-09-05 12:00:00,1.36615,1.3663,1.36497,1.36535
2023-09-05 13:00:00,1.36537,1.3659,1.36438,1.3654
2023-09-05 14:00:00,1.3654,1.36616,1.36403,1.365
2023-09-05 15:00:00,1.36502,1.36603,1.36311,1.36359
2023-09-05 16:00:00,1.36358,1.36358,1.36013,1.36236
2023-09-05 17:00:00,1.36232,1.36432,1.3615599999999999,1.36357
2023-09-05 18:00:00,1.36357,1.36367,1.36066,1.36087
2023-09-05 19:00:00,1.36086,1.36133,1.35993,1.36123
2023-09-05 20:00:00,1.36123,1.36304,1.36123,1.3627
2023-09-05 21:00:00,1.3627,1.36404,1.36239,1.36403
2023-09-05 22:00:00,1.36403,1.36413,1.36345,1.36411
2023-09-05 23:00:00,1.3641,1.36448,1.36392,1.36404
2023-09-06 00:00:00,1.36399,1.36422,1.3620999999999999,1.36346
2023-09-06 01:00:00,1.3633899999999999,1.36403,1.3633600000000001,1.3639299999999999
2023-09-06 02:00:00,1.3639299999999999,1.36399,1.36362,1.36399
2023-09-06 03:00:00,1.36399,1.36491,1.36382,1.36465
2023-09-06 04:00:00,1.36465,1.36561,1.36426,1.36555
2023-09-06 05:00:00,1.36555,1.36568,1.36419,1.3643100000000001
2023-09-06 06:00:00,1.3643100000000001,1.36489,1.36426,1.36445
2023-09-06 07:00:00,1.36445,1.36452,1.36405,1.36405
2023-09-06 08:00:00,1.36405,1.36433,1.3626800000000001,1.3626800000000001
2023-09-06 09:00:00,1.3626800000000001,1.3645399999999999,1.36265,1.3645399999999999
2023-09-06 10:00:00,1.3645399999999999,1.36634,1.3645399999999999,1.36625
2023-09-06 11:00:00,1.36625,1.36717,1.3651499999999999,1.36528
2023-09-06 12:00:00,1.36528,1.3661699999999999,1.36525,1.3655
2023-09-06 13:00:00,1.3654899999999999,1.3654899999999999,1.36404,1.3642400000000001
2023-09-06 14:00:00,1.3642400000000001,1.3651900000000001,1.36406,1.36486
2023-09-06 15:00:00,1.36486,1.36621,1.36429,1.36513
2023-09-06 16:00:00,1.3651200000000001,1.366,1.36224,1.36286
2023-09-06 17:00:00,1.36287,1.36762,1.3626800000000001,1.3665
2023-09-06 18:00:00,1.36649,1.36682,1.3652,1.36567
2023-09-06 19:00:00,1.36566,1.36652,1.36513,1.36613
2023-09-06 20:00:00,1.36613,1.36663,1.36569,1.3659
2023-09-06 21:00:00,1.36593,1.36616,1.36481,1.36524
2023-09-06 22:00:00,1.36524,1.3655,1.3636599999999999,1.3639299999999999
2023-09-06 23:00:00,1.3639299999999999,1.36415,1.36334,1.36334
2023-09-07 00:00:00,1.3633600000000001,1.3639000000000001,1.36318,1.36357
2023-09-07 01:00:00,1.36357,1.36379,1.3634,1.36376
2023-09-07 02:00:00,1.36376,1.36406,1.3636300000000001,1.36396
2023-09-07 03:00:00,1.3639700000000001,1.36481,1.3639299999999999,1.36442
2023-09-07 04:00:00,1.36442,1.36466,1.36356,1.36435
2023-09-07 05:00:00,1.36435,1.36498,1.36426,1.36484
2023-09-07 06:00:00,1.36483,1.36503,1.3642699999999999,1.36444
2023-09-07 07:00:00,1.36444,1.36531,1.36433,1.36514
2023-09-07 08:00:00,1.3651499999999999,1.3655,1.3649,1.36491
2023-09-07 09:00:00,1.36491,1.36502,1.36321,1.36382
2023-09-07 10:00:00,1.3638,1.36491,1.36377,1.36391
2023-09-07 11:00:00,1.36391,1.36497,1.36384,1.36449
2023-09-07 12:00:00,1.36449,1.36517,1.36408,1.36477
2023-09-07 13:00:00,1.36477,1.3651,1.36383,1.36509
2023-09-07 14:00:00,1.36509,1.366,1.36469,1.36579
2023-09-07 15:00:00,1.36584,1.36655,1.36503,1.36525
2023-09-07 16:00:00,1.36526,1.36755,1.3645399999999999,1.36735
2023-09-07 17:00:00,1.36735,1.36792,1.36545,1.36679
2023-09-07 18:00:00,1.3667799999999999,1.36826,1.36648,1.36801
2023-09-07 19:00:00,1.36801,1.36944,1.36798,1.36896
2023-09-07 20:00:00,1.36896,1.36902,1.3673600000000001,1.36782
2023-09-07 21:00:00,1.36782,1.36886,1.36776,1.3685
2023-09-07 22:00:00,1.3685,1.36866,1.3676300000000001,1.36859
2023-09-07 23:00:00,1.3686,1.36864,1.36787,1.36847
2023-09-08 00:00:00,1.36792,1.3685100000000001,1.36715,1.36802
2023-09-08 01:00:00,1.36803,1.36866,1.36801,1.36841
2023-09-08 02:00:00,1.36845,1.36867,1.36826,1.3683
2023-09-08 03:00:00,1.3683,1.3685800000000001,1.3678,1.3679999999999999
2023-09-08 04:00:00,1.3679999999999999,1.36895,1.36744,1.36769
2023-09-08 05:00:00,1.36769,1.36782,1.36661,1.36717
2023-09-08 06:00:00,1.36716,1.36734,1.36684,1.36694
2023-09-08 07:00:00,1.36692,1.36718,1.3667500000000001,1.36686
2023-09-08 08:00:00,1.36686,1.36689,1.36582,1.36592
2023-09-08 09:00:00,1.36592,1.36658,1.36526,1.36638
2023-09-08 10:00:00,1.36638,1.3669,1.36615,1.3665
2023-09-08 11:00:00,1.3665,1.3673,1.36616,1.36686
2023-09-08 12:00:00,1.36686,1.36761,1.36635,1.36667
2023-09-08 13:00:00,1.36667,1.36691,1.36618,1.36631
2023-09-08 14:00:00,1.3663,1.36707,1.3658299999999999,1.36621
2023-09-08 15:00:00,1.36621,1.36667,1.36077,1.36232
2023-09-08 16:00:00,1.36232,1.36437,1.36189,1.36243
2023-09-08 17:00:00,1.36242,1.36354,1.36093,1.36352
2023-09-08 18:00:00,1.36352,1.36374,1.36201,1.36229
2023-09-08 19:00:00,1.36229,1.36351,1.36179,1.36286
2023-09-08 20:00:00,1.36288,1.36369,1.36288,1.36291
2023-09-08 21:00:00,1.36291,1.36444,1.36252,1.36433
2023-09-08 22:00:00,1.36433,1.36467,1.36398,1.3643399999999999
2023-09-08 23:00:00,1.36433,1.36447,1.36378,1.36386
2023-09-11 00:00:00,1.36318,1.3637299999999999,1.36265,1.3630900000000001
2023-09-11 01:00:00,1.36306,1.36351,1.36304,1.36328
2023-09-11 02:00:00,1.3633,1.36364,1.36259,1.36289
2023-09-11 03:00:00,1.36289,1.36357,1.3624100000000001,1.36299
2023-09-11 04:00:00,1.36299,1.36331,1.36231,1.36259
2023-09-11 05:00:00,1.36258,1.36272,1.36182,1.36209
2023-09-11 06:00:00,1.36208,1.36228,1.36185,1.36204
2023-09-11 07:00:00,1.36204,1.3621699999999999,1.36014,1.36016
2023-09-11 08:00:00,1.36016,1.36048,1.35941,1.36019
2023-09-11 09:00:00,1.36019,1.36051,1.35949,1.3597000000000001
2023-09-11 10:00:00,1.3597000000000001,1.35991,1.35874,1.35987
2023-09-11 11:00:00,1.35987,1.36073,1.3598,1.36014
2023-09-11 12:00:00,1.36014,1.36019,1.3593,1.35949
2023-09-11 13:00:00,1.35949,1.36012,1.35927,1.35933
2023-09-11 14:00:00,1.35933,1.35974,1.3585099999999999,1.35874
2023-09-11 15:00:00,1.35874,1.35889,1.35717,1.35724
2023-09-11 16:00:00,1.35723,1.35996,1.35609,1.35967
2023-09-11 17:00:00,1.35972,1.36014,1.35773,1.35892
2023-09-11 18:00:00,1.35893,1.36001,1.35831,1.35831
2023-09-11 19:00:00,1.35831,1.35842,1.3569499999999999,1.35728
2023-09-11 20:00:00,1.35728,1.35758,1.3566500000000001,1.35741
2023-09-11 21:00:00,1.3574,1.35837,1.35735,1.3581699999999999
2023-09-11 22:00:00,1.3581699999999999,1.35863,1.35763,1.35805
2023-09-11 23:00:00,1.35805,1.35805,1.3571900000000001,1.35721
2023-09-12 00:00:00,1.35676,1.35759,1.35652,1.35731
2023-09-12 01:00:00,1.35731,1.35797,1.35701,1.35789
2023-09-12 02:00:00,1.35789,1.35808,1.3578000000000001,1.35798
2023-09-12 03:00:00,1.35798,1.3587500000000001,1.3578999999999999,1.35845
2023-09-12 04:00:00,1.3585,1.3593,1.35767,1.3587099999999999
2023-09-12 05:00:00,1.35872,1.35899,1.35743,1.3576
2023-09-12 06:00:00,1.3576,1.35784,1.35716,1.35746
2023-09-12 07:00:00,1.35746,1.35846,1.35742,1.35829
2023-09-12 08:00:00,1.3583,1.35887,1.35804,1.35873
2023-09-12 09:00:00,1.3587099999999999,1.35895,1.35731,1.35754
2023-09-12 10:00:00,1.35754,1.35892,1.35731,1.35834
2023-09-12 11:00:00,1.35833,1.35873,1.35735,1.35823
2023-09-12 12:00:00,1.35823,1.35843,1.3575599999999999,1.35758
2023-09-12 13:00:00,1.35759,1.35862,1.35739,1.35813
2023-09-12 14:00:00,1.35813,1.35893,1.35798,1.35831
2023-09-12 15:00:00,1.35831,1.35845,1.3559,1.3578000000000001
2023-09-12 16:00:00,1.35782,1.35859,1.3546,1.35555
2023-09-12 17:00:00,1.35554,1.35617,1.35458,1.35613
2023-09-12 18:00:00,1.35612,1.35618,1.35434,1.35535
2023-09-12 19:00:00,1.3553600000000001,1.3559700000000001,1.35481,1.35575
2023-09-12 20:00:00,1.35575,1.35596,1.35499,1.35596
2023-09-12 21:00:00,1.35595,1.3561,1.35506,1.3556
2023-09-12 22:00:00,1.3556,1.35633,1.35557,1.35596
2023-09-12 23:00:00,1.3559700000000001,1.35599,1.35486,1.35504
2023-09-13 00:00:00,1.35484,1.35557,1.35407,1.35537
2023-09-13 01:00:00,1.35528,1.35554,1.3550499999999999,1.35528
2023-09-13 02:00:00,1.35528,1.35551,1.35501,1.35528
2023-09-13 03:00:00,1.35528,1.35547,1.3548499999999999,1.35526
2023-09-13 04:00:00,1.35525,1.3559700000000001,1.35474,1.35569
2023-09-13 05:00:00,1.35568,1.35667,1.35545,1.35645
2023-09-13 06:00:00,1.35644,1.35669,1.35592,1.3562699999999999
2023-09-13 07:00:00,1.3562699999999999,1.35646,1.35538,1.3554300000000001
2023-09-13 08:00:00,1.3554300000000001,1.35647,1.3550200000000001,1.35592
2023-09-13 09:00:00,1.35592,1.35745,1.35592,1.35644
2023-09-13 10:00:00,1.35644,1.35684,1.35571,1.35623
2023-09-13 11:00:00,1.35622,1.35652,1.35558,1.35594
2023-09-13 12:00:00,1.35594,1.35657,1.35558,1.35591
2023-09-13 13:00:00,1.35591,1.35709,1.35584,1.35641
2023-09-13 14:00:00,1.35641,1.35736,1.35586,1.35614
2023-09-13 15:00:00,1.35614,1.35864,1.35459,1.35529
2023-09-13 16:00:00,1.3553,1.35648,1.35355,1.35515
2023-09-13 17:00:00,1.35514,1.35647,1.35274,1.35293
2023-09-13 18:00:00,1.35293,1.3538299999999999,1.35208,1.35345
2023-09-13 19:00:00,1.35346,1.3550499999999999,1.35339,1.35464
2023-09-13 20:00:00,1.35465,1.35527,1.3543,1.35503
2023-09-13 21:00:00,1.35503,1.35682,1.3550200000000001,1.35653
2023-09-13 22:00:00,1.35653,1.35696,1.35527,1.35538
2023-09-13 23:00:00,1.3553899999999999,1.35567,1.35467,1.35467
2023-09-14 00:00:00,1.35488,1.3551199999999999,1.3534,1.35472
2023-09-14 01:00:00,1.35472,1.35522,1.35465,1.35508
2023-09-14 02:00:00,1.35508,1.3553,1.3547500000000001,1.35527
2023-09-14 03:00:00,1.35527,1.35542,1.35317,1.3532899999999999
2023-09-14 04:00:00,1.3532899999999999,1.35437,1.35305,1.35392
2023-09-14 05:00:00,1.35394,1.355,1.3538999999999999,1.35409
2023-09-14 06:00:00,1.35409,1.35409,1.35347,1.35347
2023-09-14 07:00:00,1.35347,1.35364,1.3532,1.35337
2023-09-14 08:00:00,1.35337,1.35338,1.35262,1.3532
2023-09-14 09:00:00,1.3532,1.35427,1.3531900000000001,1.35351
2023-09-14 10:00:00,1.3535,1.35411,1.3532199999999999,1.3538000000000001
2023-09-14 11:00:00,1.3538000000000001,1.35405,1.35283,1.35303
2023-09-14 12:00:00,1.35303,1.35369,1.3525,1.35312
2023-09-14 13:00:00,1.35312,1.3532600000000001,1.35181,1.35193
2023-09-14 14:00:00,1.35193,1.35223,1.35156,1.35202
2023-09-14 15:00:00,1.35203,1.35428,1.35141,1.35237
2023-09-14 16:00:00,1.35236,1.3531,1.35134,1.35219
2023-09-14 17:00:00,1.35219,1.35355,1.3501400000000001,1.3517700000000001
2023-09-14 18:00:00,1.35176,1.35236,1.3508,1.35128
2023-09-14 19:00:00,1.35129,1.35133,1.34933,1.34951
2023-09-14 20:00:00,1.34951,1.35089,1.3495,1.35055
2023-09-14 21:00:00,1.35055,1.35184,1.35055,1.35102
2023-09-14 22:00:00,1.35101,1.35188,1.35073,1.35167
2023-09-14 23:00:00,1.35167,1.3517000000000001,1.3504,1.35046
2023-09-15 00:00:00,1.35039,1.3508,1.34962,1.35054
2023-09-15 01:00:00,1.3505,1.35133,1.3505,1.35133
2023-09-15 02:00:00,1.35133,1.35178,1.35128,1.3516
2023-09-15 03:00:00,1.3516,1.3517299999999999,1.35052,1.35132
2023-09-15 04:00:00,1.35132,1.35164,1.35072,1.35081
2023-09-15 05:00:00,1.35079,1.35079,1.34968,1.3504
2023-09-15 06:00:00,1.35039,1.35055,1.34981,1.3498999999999999
2023-09-15 07:00:00,1.3498999999999999,1.3501699999999999,1.3494,1.34959
2023-09-15 08:00:00,1.34959,1.3504,1.34951,1.35006
2023-09-15 09:00:00,1.35007,1.3508200000000001,1.34999,1.3502100000000001
2023-09-15 10:00:00,1.3502100000000001,1.35144,1.35015,1.35035
2023-09-15 11:00:00,1.35035,1.3512,1.35031,1.3508200000000001
2023-09-15 12:00:00,1.3508200000000001,1.35165,1.35019,1.35079
2023-09-15 13:00:00,1.35079,1.35178,1.35064,1.3516599999999999
2023-09-15 14:00:00,1.3516599999999999,1.35227,1.35132,1.3519
2023-09-15 15:00:00,1.3519,1.3541699999999999,1.35175,1.35397
2023-09-15 16:00:00,1.35397,1.35496,1.35336,1.3535599999999999
2023-09-15 17:00:00,1.35354,1.3538999999999999,1.35232,1.35254
2023-09-15 18:00:00,1.35254,1.35325,1.35055,1.35061
2023-09-15 19:00:00,1.35062,1.35201,1.35025,1.35183
2023-09-15 20:00:00,1.35183,1.3534,1.35168,1.3517299999999999
2023-09-15 21:00:00,1.3517299999999999,1.35263,1.35172,1.3517700000000001
2023-09-15 22:00:00,1.3517700000000001,1.3526,1.35153,1.35259
2023-09-15 23:00:00,1.3526,1.35286,1.35202,1.35248
2023-09-18 00:00:00,1.3521,1.35248,1.3514599999999999,1.35205
2023-09-18 01:00:00,1.35202,1.3526500000000001,1.35202,1.35252
2023-09-18 02:00:00,1.35252,1.35256,1.3522,1.35226
2023-09-18 03:00:00,1.35225,1.35236,1.3517700000000001,1.35188
2023-09-18 04:00:00,1.35188,1.35282,1.35133,1.3523
2023-09-18 05:00:00,1.3523,1.3524,1.3514599999999999,1.35205
2023-09-18 06:00:00,1.35205,1.35222,1.3517299999999999,1.35179
2023-09-18 07:00:00,1.35179,1.35193,1.3510499999999999,1.35114
2023-09-18 08:00:00,1.35114,1.35131,1.35061,1.35089
2023-09-18 09:00:00,1.35089,1.35126,1.35006,1.35073
2023-09-18 10:00:00,1.35073,1.3509,1.34958,1.3509
2023-09-18 11:00:00,1.3509,1.35188,1.3508499999999999,1.3511
2023-09-18 12:00:00,1.3510900000000001,1.3511600000000001,1.35023,1.35074
2023-09-18 13:00:00,1.35074,1.35083,1.35012,1.35046
2023-09-18 14:00:00,1.35046,1.35164,1.35036,1.35086
2023-09-18 15:00:00,1.35086,1.35089,1.34975,1.35006
2023-09-18 16:00:00,1.35005,1.35135,1.3471600000000001,1.35098
2023-09-18 17:00:00,1.35099,1.35151,1.34744,1.34917
2023-09-18 18:00:00,1.34917,1.34981,1.34803,1.3483399999999999
2023-09-18 19:00:00,1.3483399999999999,1.34885,1.3477999999999999,1.3479999999999999
2023-09-18 20:00:00,1.34799,1.3492600000000001,1.34758,1.3492600000000001
2023-09-18 21:00:00,1.3492600000000001,1.34964,1.34889,1.34943
2023-09-18 22:00:00,1.34943,1.34971,1.3491,1.34912
2023-09-18 23:00:00,1.34912,1.34912,1.3483399999999999,1.34842
2023-09-19 00:00:00,1.34775,1.34878,1.34753,1.34863
2023-09-19 01:00:00,1.34854,1.34891,1.34803,1.34887
2023-09-19 02:00:00,1.34881,1.34889,1.34844,1.34871
2023-09-19 03:00:00,1.34871,1.34871,1.3477700000000001,1.34824
2023-09-19 04:00:00,1.34824,1.34882,1.34765,1.3488
2023-09-19 05:00:00,1.34881,1.34884,1.34788,1.34793
2023-09-19 06:00:00,1.34793,1.34798,1.34764,1.34778
2023-09-19 07:00:00,1.34778,1.34798,1.34765,1.34772
2023-09-19 08:00:00,1.34772,1.3483800000000001,1.34772,1.34781
2023-09-19 09:00:00,1.34781,1.34808,1.34735,1.34763
2023-09-19 10:00:00,1.34763,1.34772,1.34562,1.34583
2023-09-19 11:00:00,1.34583,1.3458999999999999,1.34422,1.34517
2023-09-19 12:00:00,1.34519,1.34586,1.34458,1.34464
2023-09-19 13:00:00,1.34463,1.3447,1.34367,1.34418
2023-09-19 14:00:00,1.34418,1.34433,1.34225,1.34241
2023-09-19 15:00:00,1.3424,1.34242,1.33796,1.33991
2023-09-19 16:00:00,1.33992,1.34063,1.33842,1.34019
2023-09-19 17:00:00,1.34023,1.34137,1.33934,1.34137
2023-09-19 18:00:00,1.34137,1.3434300000000001,1.3412600000000001,1.34324
2023-09-19 19:00:00,1.34325,1.34474,1.34325,1.34446
2023-09-19 20:00:00,1.34446,1.3447,1.34363,1.34454
2023-09-19 21:00:00,1.34454,1.34477,1.34394,1.3444
2023-09-19 22:00:00,1.3444,1.34466,1.3440699999999999,1.34423
2023-09-19 23:00:00,1.34423,1.34482,1.34417,1.34473
2023-09-20 00:00:00,1.34469,1.34476,1.3433,1.34448
2023-09-20 01:00:00,1.34447,1.34481,1.34422,1.34476
2023-09-20 02:00:00,1.34476,1.34493,1.34427,1.3443
2023-09-20 03:00:00,1.3443,1.34487,1.34427,1.34462
2023-09-20 04:00:00,1.34461,1.34498,1.34447,1.3448
2023-09-20 05:00:00,1.3448,1.3462100000000001,1.34467,1.34601
2023-09-20 06:00:00,1.34602,1.34647,1.34583,1.34623
2023-09-20 07:00:00,1.34623,1.34626,1.34576,1.3458999999999999
2023-09-20 08:00:00,1.3458999999999999,1.34626,1.3451,1.34582
2023-09-20 09:00:00,1.34582,1.3462,1.34497,1.34544
2023-09-20 10:00:00,1.34544,1.34571,1.3444099999999999,1.34501
2023-09-20 11:00:00,1.34501,1.34521,1.34396,1.3446500000000001
2023-09-20 12:00:00,1.34464,1.34473,1.34325,1.34327
2023-09-20 13:00:00,1.34327,1.34335,1.3427799999999999,1.34296
2023-09-20 14:00:00,1.34296,1.34315,1.34234,1.34303
2023-09-20 15:00:00,1.34302,1.34385,1.34237,1.3437999999999999
2023-09-20 16:00:00,1.3437999999999999,1.34385,1.34074,1.34108
2023-09-20 17:00:00,1.34107,1.3422100000000001,1.3408,1.3410199999999999
2023-09-20 18:00:00,1.3410199999999999,1.34274,1.33955,1.34263
2023-09-20 19:00:00,1.34262,1.34266,1.34032,1.3404
2023-09-20 20:00:00,1.3404,1.34157,1.3403800000000001,1.34076
2023-09-20 21:00:00,1.34076,1.34421,1.34076,1.3437299999999999
2023-09-20 22:00:00,1.3437299999999999,1.34727,1.34356,1.3471600000000001
2023-09-20 23:00:00,1.34713,1.34772,1.34605,1.34611
2023-09-21 00:00:00,1.3461,1.34616,1.34394,1.3453300000000001
2023-09-21 01:00:00,1.3452899999999999,1.3473899999999999,1.3452899999999999,1.34738
2023-09-21 02:00:00,1.34738,1.34784,1.34727,1.34775
2023-09-21 03:00:00,1.34775,1.34852,1.34715,1.34833
2023-09-21 04:00:00,1.34833,1.34874,1.34751,1.34795
2023-09-21 05:00:00,1.34798,1.35008,1.34778,1.34982
2023-09-21 06:00:00,1.34982,1.34986,1.3489,1.34893
2023-09-21 07:00:00,1.34893,1.34941,1.34888,1.34897
2023-09-21 08:00:00,1.34897,1.34935,1.3485800000000001,1.34914
2023-09-21 09:00:00,1.34914,1.3498999999999999,1.34854,1.34888
2023-09-21 10:00:00,1.34888,1.3501,1.3483800000000001,1.34891
2023-09-21 11:00:00,1.34891,1.3501400000000001,1.34851,1.3495
2023-09-21 12:00:00,1.3495,1.35007,1.34914,1.34988
2023-09-21 13:00:00,1.34988,1.35069,1.34969,1.35041
2023-09-21 14:00:00,1.35041,1.35147,1.35036,1.35113
2023-09-21 15:00:00,1.35113,1.35202,1.3504800000000001,1.3505
2023-09-21 16:00:00,1.3505,1.35179,1.34925,1.35138
2023-09-21 17:00:00,1.35137,1.35236,1.34811,1.34943
2023-09-21 18:00:00,1.34946,1.3498999999999999,1.3475,1.3486099999999999
2023-09-21 19:00:00,1.3486099999999999,1.34885,1.34688,1.34765
2023-09-21 20:00:00,1.34765,1.34789,1.34608,1.3467
2023-09-21 21:00:00,1.34669,1.34738,1.34641,1.34697
2023-09-21 22:00:00,1.34697,1.34851,1.34679,1.34848
2023-09-21 23:00:00,1.34848,1.34887,1.34811,1.34815
2023-09-22 00:00:00,1.34686,1.34825,1.34657,1.34756
2023-09-22 01:00:00,1.34758,1.3479700000000001,1.34738,1.34775
2023-09-22 02:00:00,1.34775,1.3479700000000001,1.3474,1.3477700000000001
2023-09-22 03:00:00,1.3477700000000001,1.34811,1.34738,1.34762
2023-09-22 04:00:00,1.34762,1.34811,1.34707,1.34754
2023-09-22 05:00:00,1.34754,1.34783,1.34647,1.34694
2023-09-22 06:00:00,1.34694,1.3471600000000001,1.34601,1.34626
2023-09-22 07:00:00,1.34626,1.34666,1.34601,1.34636
2023-09-22 08:00:00,1.34636,1.34695,1.34608,1.34688
2023-09-22 09:00:00,1.34688,1.34722,1.34638,1.34692
2023-09-22 10:00:00,1.34692,1.3484099999999999,1.34641,1.34704
2023-09-22 11:00:00,1.34705,1.3475,1.3458999999999999,1.34629
2023-09-22 12:00:00,1.34629,1.34642,1.34543,1.34606
2023-09-22 13:00:00,1.34606,1.34606,1.34494,1.34531
2023-09-22 14:00:00,1.34531,1.34531,1.34321,1.34352
2023-09-22 15:00:00,1.34353,1.34504,1.34236,1.34458
2023-09-22 16:00:00,1.34457,1.34577,1.3440400000000001,1.3449499999999999
2023-09-22 17:00:00,1.3449200000000001,1.34583,1.34352,1.34581
2023-09-22 18:00:00,1.34579,1.3473,1.34574,1.34684
2023-09-22 19:00:00,1.34684,1.34776,1.3467500000000001,1.34711
2023-09-22 20:00:00,1.3471,1.34888,1.347,1.3486
2023-09-22 21:00:00,1.3486099999999999,1.34915,1.34763,1.34766
2023-09-22 22:00:00,1.34766,1.34851,1.34666,1.3482
2023-09-22 23:00:00,1.3482,1.3483,1.3475,1.3480400000000001
2023-09-25 00:00:00,1.3461699999999999,1.34808,1.3461699999999999,1.3467
2023-09-25 01:00:00,1.34747,1.34772,1.3467799999999999,1.34771
2023-09-25 02:00:00,1.3477000000000001,1.34811,1.34755,1.34774
2023-09-25 03:00:00,1.34775,1.34817,1.34741,1.34745
2023-09-25 04:00:00,1.34745,1.34862,1.3471600000000001,1.34862
2023-09-25 05:00:00,1.34864,1.3489499999999999,1.34822,1.34822
2023-09-25 06:00:00,1.34822,1.3487,1.34803,1.34867
2023-09-25 07:00:00,1.34866,1.34876,1.34805,1.34813
2023-09-25 08:00:00,1.34814,1.3489,1.34792,1.34888
2023-09-25 09:00:00,1.34888,1.34894,1.34776,1.34796
2023-09-25 10:00:00,1.34796,1.34815,1.34724,1.34751
2023-09-25 11:00:00,1.34751,1.34877,1.34734,1.34839
2023-09-25 12:00:00,1.3483800000000001,1.3484,1.34686,1.34686
2023-09-25 13:00:00,1.34686,1.34687,1.3458,1.3458700000000001
2023-09-25 14:00:00,1.34586,1.34642,1.34538,1.3464
2023-09-25 15:00:00,1.34641,1.34706,1.34575,1.3465799999999999
2023-09-25 16:00:00,1.3465799999999999,1.3489,1.3464,1.34727
2023-09-25 17:00:00,1.34727,1.34916,1.3464800000000001,1.3486500000000001
2023-09-25 18:00:00,1.3486500000000001,1.34873,1.34664,1.34749
2023-09-25 19:00:00,1.3475,1.34779,1.34613,1.3468200000000001
2023-09-25 20:00:00,1.3468,1.34758,1.34603,1.34702
2023-09-25 21:00:00,1.34702,1.34728,1.34665,1.34704
2023-09-25 22:00:00,1.34704,1.34751,1.34582,1.34583
2023-09-25 23:00:00,1.34581,1.34585,1.34519,1.34519
2023-09-26 00:00:00,1.34519,1.34541,1.34475,1.34525
2023-09-26 01:00:00,1.34525,1.34549,1.3451,1.34527
2023-09-26 02:00:00,1.34527,1.34528,1.34487,1.34508
2023-09-26 03:00:00,1.34507,1.34611,1.34496,1.3459400000000001
2023-09-26 04:00:00,1.3459400000000001,1.34604,1.34534,1.34593
2023-09-26 05:00:00,1.3458999999999999,1.34723,1.34548,1.34723
2023-09-26 06:00:00,1.34724,1.3480400000000001,1.34722,1.34753
2023-09-26 07:00:00,1.34753,1.34784,1.34735,1.34752
2023-09-26 08:00:00,1.34753,1.34803,1.3473600000000001,1.34754
2023-09-26 09:00:00,1.34754,1.3489499999999999,1.3474300000000001,1.34885
2023-09-26 10:00:00,1.34885,1.34995,1.34874,1.3496299999999999
2023-09-26 11:00:00,1.34959,1.3498,1.34775,1.34904
2023-09-26 12:00:00,1.34904,1.34931,1.34823,1.34909
2023-09-26 13:00:00,1.3491,1.34966,1.34883,1.34934
2023-09-26 14:00:00,1.34934,1.35106,1.34866,1.35086
2023-09-26 15:00:00,1.35086,1.3511600000000001,1.34909,1.35002
2023-09-26 16:00:00,1.35002,1.35115,1.34885,1.34981
2023-09-26 17:00:00,1.3498,1.35137,1.3486500000000001,1.34908
2023-09-26 18:00:00,1.34893,1.35155,1.34893,1.35095
2023-09-26 19:00:00,1.35096,1.35131,1.3504800000000001,1.35104
2023-09-26 20:00:00,1.3510499999999999,1.35196,1.35087,1.3513
2023-09-26 21:00:00,1.3513,1.3528,1.3513,1.35214
2023-09-26 22:00:00,1.35214,1.35235,1.35137,1.3517700000000001
2023-09-26 23:00:00,1.35178,1.35187,1.35147,1.35149
2023-09-27 00:00:00,1.35117,1.35188,1.34928,1.3516
2023-09-27 01:00:00,1.35161,1.35223,1.3512,1.3520699999999999
2023-09-27 02:00:00,1.35208,1.35226,1.35168,1.35196
2023-09-27 03:00:00,1.3519700000000001,1.35252,1.35132,1.35215
2023-09-27 04:00:00,1.35215,1.35243,1.35015,1.35027
2023-09-27 05:00:00,1.35027,1.35209,1.3502100000000001,1.35176
2023-09-27 06:00:00,1.35176,1.35243,1.35131,1.35195
2023-09-27 07:00:00,1.35195,1.35244,1.35175,1.35187
2023-09-27 08:00:00,1.35187,1.35245,1.35176,1.35205
2023-09-27 09:00:00,1.35205,1.35256,1.35162,1.35214
2023-09-27 10:00:00,1.35214,1.35247,1.35171,1.35216
2023-09-27 11:00:00,1.35216,1.35221,1.3511600000000001,1.35194
2023-09-27 12:00:00,1.35194,1.35377,1.35191,1.3535599999999999
2023-09-27 13:00:00,1.3535599999999999,1.3536299999999999,1.35256,1.35346
2023-09-27 14:00:00,1.3535,1.3536000000000001,1.35276,1.35338
2023-09-27 15:00:00,1.35339,1.35357,1.351,1.35126
2023-09-27 16:00:00,1.35126,1.3519999999999999,1.35061,1.35108
2023-09-27 17:00:00,1.35108,1.35215,1.35064,1.35188
2023-09-27 18:00:00,1.35188,1.35192,1.3501699999999999,1.35134
2023-09-27 19:00:00,1.35134,1.35182,1.3505099999999999,1.35171
2023-09-27 20:00:00,1.3517299999999999,1.3543,1.35142,1.3520400000000001
2023-09-27 21:00:00,1.3520400000000001,1.35269,1.34998,1.35101
2023-09-27 22:00:00,1.35101,1.35132,1.3495300000000001,1.3507500000000001
2023-09-27 23:00:00,1.3507500000000001,1.3510499999999999,1.34947,1.34947
2023-09-28 00:00:00,1.34949,1.34998,1.34917,1.34923
2023-09-28 01:00:00,1.3493,1.3501699999999999,1.3492600000000001,1.35013
2023-09-28 02:00:00,1.35013,1.3504800000000001,1.3498999999999999,1.35004
2023-09-28 03:00:00,1.35002,1.3502100000000001,1.34908,1.34909
2023-09-28 04:00:00,1.34909,1.34923,1.34826,1.34871
2023-09-28 05:00:00,1.3487,1.34972,1.3487,1.34959
2023-09-28 06:00:00,1.3496000000000001,1.34986,1.3490199999999999,1.34933
2023-09-28 07:00:00,1.34933,1.35003,1.3489900000000001,1.3490199999999999
2023-09-28 08:00:00,1.3490199999999999,1.34923,1.3486799999999999,1.34888
2023-09-28 09:00:00,1.34886,1.34992,1.34885,1.3496000000000001
2023-09-28 10:00:00,1.3496000000000001,1.35077,1.34938,1.35068
2023-09-28 11:00:00,1.35067,1.35137,1.3494,1.34971
2023-09-28 12:00:00,1.34971,1.35064,1.34845,1.34876
2023-09-28 13:00:00,1.34877,1.35002,1.34842,1.34954
2023-09-28 14:00:00,1.34954,1.34954,1.34814,1.34816
2023-09-28 15:00:00,1.34814,1.35033,1.34758,1.3495599999999999
2023-09-28 16:00:00,1.3495599999999999,1.35028,1.3483,1.35011
2023-09-28 17:00:00,1.3502100000000001,1.35046,1.34844,1.34965
2023-09-28 18:00:00,1.34966,1.35009,1.3475,1.34759
2023-09-28 19:00:00,1.34759,1.34889,1.34702,1.34847
2023-09-28 20:00:00,1.34848,1.35125,1.34836,1.35102
2023-09-28 21:00:00,1.35102,1.35162,1.35004,1.35016
2023-09-28 22:00:00,1.35015,1.35053,1.3491,1.34911
2023-09-28 23:00:00,1.3491,1.34951,1.34844,1.34844
2023-09-29 00:00:00,1.34845,1.34877,1.34784,1.3487
2023-09-29 01:00:00,1.34869,1.34881,1.34801,1.34878
2023-09-29 02:00:00,1.34874,1.3492,1.3483100000000001,1.34911
2023-09-29 03:00:00,1.34911,1.35068,1.34909,1.35033
2023-09-29 04:00:00,1.35038,1.35054,1.34908,1.34928
2023-09-29 05:00:00,1.34931,1.34931,1.34754,1.34774
2023-09-29 06:00:00,1.3477299999999999,1.3484099999999999,1.34762,1.34828
2023-09-29 07:00:00,1.34827,1.34837,1.34762,1.34806
2023-09-29 08:00:00,1.34806,1.3483399999999999,1.34757,1.34802
2023-09-29 09:00:00,1.34802,1.3480400000000001,1.3455300000000001,1.34574
2023-09-29 10:00:00,1.34574,1.3458999999999999,1.34421,1.34449
2023-09-29 11:00:00,1.34449,1.34519,1.34427,1.34505
2023-09-29 12:00:00,1.34505,1.34521,1.3422399999999999,1.34232
2023-09-29 13:00:00,1.34232,1.34283,1.34168,1.34261
2023-09-29 14:00:00,1.34261,1.34358,1.34198,1.343
2023-09-29 15:00:00,1.343,1.3443399999999999,1.34168,1.34288
2023-09-29 16:00:00,1.3428200000000001,1.34765,1.3428200000000001,1.34694
2023-09-29 17:00:00,1.34691,1.35251,1.3467,1.3519700000000001
2023-09-29 18:00:00,1.3519700000000001,1.35402,1.35159,1.35375
2023-09-29 19:00:00,1.35375,1.3548499999999999,1.3526,1.3544399999999999
2023-09-29 20:00:00,1.3544399999999999,1.3568,1.35443,1.3567
2023-09-29 21:00:00,1.3567,1.35768,1.35552,1.35572
2023-09-29 22:00:00,1.35572,1.35838,1.35533,1.35827
2023-09-29 23:00:00,1.35825,1.35846,1.35657,1.35767
2023-10-02 00:00:00,1.35676,1.35702,1.35508,1.35676
2023-10-02 01:00:00,1.35681,1.35816,1.35618,1.35799
2023-10-02 02:00:00,1.35796,1.35815,1.3572600000000001,1.35736
2023-10-02 03:00:00,1.35736,1.35762,1.3566799999999999,1.35752
2023-10-02 04:00:00,1.35752,1.35779,1.35699,1.3577
2023-10-02 05:00:00,1.3577,1.3581699999999999,1.35727,1.35773
2023-10-02 06:00:00,1.35774,1.35822,1.35761,1.35816
2023-10-02 07:00:00,1.35816,1.35884,1.35801,1.35883
2023-10-02 08:00:00,1.35883,1.36006,1.3587,1.35967
2023-10-02 09:00:00,1.35967,1.35971,1.35616,1.3562699999999999
2023-10-02 10:00:00,1.35628,1.35865,1.35628,1.35826
2023-10-02 11:00:00,1.35827,1.35953,1.35769,1.35944
2023-10-02 12:00:00,1.35946,1.36124,1.35937,1.3608799999999999
2023-10-02 13:00:00,1.3608799999999999,1.36128,1.36025,1.36094
2023-10-02 14:00:00,1.36094,1.36127,1.36022,1.36089
2023-10-02 15:00:00,1.36089,1.36274,1.36074,1.36255
2023-10-02 16:00:00,1.36257,1.3667799999999999,1.36226,1.36539
2023-10-02 17:00:00,1.36538,1.36754,1.3642,1.36643
2023-10-02 18:00:00,1.36643,1.36718,1.36533,1.36669
2023-10-02 19:00:00,1.36672,1.36798,1.36597,1.36777
2023-10-02 20:00:00,1.36777,1.36778,1.3664,1.36667
2023-10-02 21:00:00,1.3666800000000001,1.3672900000000001,1.3655599999999999,1.3672
2023-10-02 22:00:00,1.3672,1.36781,1.36677,1.36715
2023-10-02 23:00:00,1.36716,1.36772,1.3669,1.36743
2023-10-03 00:00:00,1.36611,1.36746,1.36466,1.36691
2023-10-03 01:00:00,1.36687,1.3679700000000001,1.36685,1.3679299999999999
2023-10-03 02:00:00,1.36791,1.36847,1.3673899999999999,1.36762
2023-10-03 03:00:00,1.36762,1.36866,1.3676,1.36806
2023-10-03 04:00:00,1.36806,1.36957,1.36781,1.36921
2023-10-03 05:00:00,1.36921,1.36992,1.3691200000000001,1.36978
2023-10-03 06:00:00,1.36978,1.36985,1.369,1.36936
2023-10-03 07:00:00,1.36935,1.37122,1.36929,1.37101
2023-10-03 08:00:00,1.3710200000000001,1.3716,1.3709,1.37127
2023-10-03 09:00:00,1.37127,1.37135,1.369,1.36929
2023-10-03 10:00:00,1.36928,1.37082,1.36908,1.37064
2023-10-03 11:00:00,1.37065,1.37072,1.3685800000000001,1.36974
2023-10-03 12:00:00,1.36974,1.37262,1.36958,1.37175
2023-10-03 13:00:00,1.37175,1.37222,1.37117,1.37212
2023-10-03 14:00:00,1.37213,1.3728,1.37083,1.37176
2023-10-03 15:00:00,1.37176,1.37241,1.36952,1.3706800000000001
2023-10-03 16:00:00,1.37067,1.37079,1.36825,1.36908
2023-10-03 17:00:00,1.36908,1.3725399999999999,1.36908,1.37194
2023-10-03 18:00:00,1.37195,1.37359,1.37165,1.3722400000000001
2023-10-03 19:00:00,1.3722400000000001,1.3722699999999999,1.37001,1.3715600000000001
2023-10-03 20:00:00,1.37155,1.37181,1.36979,1.37115
2023-10-03 21:00:00,1.37114,1.37236,1.37049,1.37087
2023-10-03 22:00:00,1.3709,1.37138,1.37057,1.37087
2023-10-03 23:00:00,1.37087,1.3713899999999999,1.3706800000000001,1.37077
2023-10-04 00:00:00,1.37023,1.37093,1.37003,1.37056
2023-10-04 01:00:00,1.37056,1.37099,1.37033,1.37093
2023-10-04 02:00:00,1.37091,1.37117,1.37072,1.37093
2023-10-04 03:00:00,1.37094,1.3713600000000001,1.36988,1.37028
2023-10-04 04:00:00,1.37028,1.37198,1.3701699999999999,1.37074
2023-10-04 05:00:00,1.37074,1.37155,1.3706,1.3709500000000001
2023-10-04 06:00:00,1.3709500000000001,1.37174,1.37067,1.37146
2023-10-04 07:00:00,1.37146,1.37155,1.3695599999999999,1.36979
2023-10-04 08:00:00,1.3697599999999999,1.37104,1.36952,1.37065
2023-10-04 09:00:00,1.37066,1.37189,1.37048,1.37151
2023-10-04 10:00:00,1.37151,1.37239,1.36991,1.37058
2023-10-04 11:00:00,1.37059,1.3710200000000001,1.36945,1.3695599999999999
2023-10-04 12:00:00,1.3695599999999999,1.3703,1.36903,1.36957
2023-10-04 13:00:00,1.36957,1.37144,1.36934,1.3712
2023-10-04 14:00:00,1.3712,1.37154,1.36989,1.3706800000000001
2023-10-04 15:00:00,1.37067,1.37213,1.3693,1.37188
2023-10-04 16:00:00,1.37188,1.375,1.3713199999999999,1.3738299999999999
2023-10-04 17:00:00,1.3738299999999999,1.37795,1.37357,1.37736
2023-10-04 18:00:00,1.37735,1.3777,1.37412,1.37415
2023-10-04 19:00:00,1.37415,1.37479,1.37243,1.37362
2023-10-04 20:00:00,1.37362,1.37579,1.37348,1.37565
2023-10-04 21:00:00,1.37567,1.37612,1.37436,1.3749
2023-10-04 22:00:00,1.3749,1.3749,1.3734199999999999,1.37421
2023-10-04 23:00:00,1.37421,1.37501,1.37402,1.37433
2023-10-05 00:00:00,1.37394,1.37445,1.37271,1.37388
2023-10-05 01:00:00,1.37388,1.37478,1.37384,1.37477
2023-10-05 02:00:00,1.3747500000000001,1.37492,1.37417,1.37446
2023-10-05 03:00:00,1.37446,1.37554,1.37385,1.374
2023-10-05 04:00:00,1.374,1.3740299999999999,1.37189,1.37201
2023-10-05 05:00:00,1.37199,1.37238,1.37167,1.3719700000000001
2023-10-05 06:00:00,1.3719700000000001,1.37209,1.37107,1.37134
2023-10-05 07:00:00,1.37134,1.37181,1.37112,1.3716
2023-10-05 08:00:00,1.3716,1.3724,1.37154,1.37235
2023-10-05 09:00:00,1.37235,1.37385,1.37206,1.37377
2023-10-05 10:00:00,1.37377,1.3759000000000001,1.37377,1.37576
2023-10-05 11:00:00,1.37575,1.37839,1.37492,1.37839
2023-10-05 12:00:00,1.37839,1.37853,1.37728,1.37765
2023-10-05 13:00:00,1.37765,1.37827,1.3761,1.37667
2023-10-05 14:00:00,1.37668,1.37769,1.37521,1.37544
2023-10-05 15:00:00,1.37545,1.37631,1.3749799999999999,1.37558
2023-10-05 16:00:00,1.37557,1.37638,1.37365,1.37448
2023-10-05 17:00:00,1.37447,1.37501,1.37223,1.37305
2023-10-05 18:00:00,1.37304,1.3747,1.37264,1.37377
2023-10-05 19:00:00,1.37377,1.3744100000000001,1.3723,1.3725399999999999
2023-10-05 20:00:00,1.37252,1.37298,1.3713600000000001,1.37151
2023-10-05 21:00:00,1.37151,1.37273,1.37112,1.37153
2023-10-05 22:00:00,1.37152,1.37185,1.37057,1.37097
2023-10-05 23:00:00,1.3709799999999999,1.37112,1.37026,1.37028
2023-10-06 00:00:00,1.37026,1.37082,1.37003,1.37061
2023-10-06 01:00:00,1.37061,1.3709799999999999,1.37033,1.3705
2023-10-06 02:00:00,1.37051,1.37082,1.37033,1.3707
2023-10-06 03:00:00,1.3707,1.37137,1.3706,1.37089
2023-10-06 04:00:00,1.37089,1.37143,1.37028,1.3708
2023-10-06 05:00:00,1.3708,1.3712900000000001,1.37036,1.37056
2023-10-06 06:00:00,1.37055,1.3712,1.37048,1.37094
2023-10-06 07:00:00,1.37094,1.37144,1.37091,1.3713899999999999
2023-10-06 08:00:00,1.3713899999999999,1.37266,1.37125,1.37253
2023-10-06 09:00:00,1.3725399999999999,1.37265,1.37168,1.37214
2023-10-06 10:00:00,1.37215,1.37274,1.36957,1.3696
2023-10-06 11:00:00,1.3696,1.37119,1.36957,1.37103
2023-10-06 12:00:00,1.37103,1.37194,1.3709,1.37133
2023-10-06 13:00:00,1.37133,1.37133,1.3700700000000001,1.37097
2023-10-06 14:00:00,1.3709799999999999,1.37223,1.37087,1.37173
2023-10-06 15:00:00,1.37173,1.37452,1.36977,1.37143
2023-10-06 16:00:00,1.37143,1.37259,1.3682699999999999,1.37142
2023-10-06 17:00:00,1.37142,1.37297,1.37006,1.37133
2023-10-06 18:00:00,1.37133,1.37152,1.36518,1.3657599999999999
2023-10-06 19:00:00,1.3657599999999999,1.36774,1.36552,1.36707
2023-10-06 20:00:00,1.36707,1.36745,1.3656,1.36619
2023-10-06 21:00:00,1.36618,1.36631,1.36439,1.36558
2023-10-06 22:00:00,1.36558,1.36657,1.3654600000000001,1.3663699999999999
2023-10-06 23:00:00,1.3663699999999999,1.3667500000000001,1.36574,1.36574
2023-10-09 00:00:00,1.36664,1.36742,1.3654899999999999,1.36742
2023-10-09 01:00:00,1.36738,1.3679299999999999,1.36613,1.3673
2023-10-09 02:00:00,1.36726,1.36746,1.3660700000000001,1.36624
2023-10-09 03:00:00,1.36624,1.3664,1.36406,1.36408
2023-10-09 04:00:00,1.36409,1.36532,1.36399,1.36448
2023-10-09 05:00:00,1.36448,1.36511,1.36414,1.36509
2023-10-09 06:00:00,1.3651,1.3661699999999999,1.36502,1.36608
2023-10-09 07:00:00,1.3660700000000001,1.36628,1.36554,1.36616
2023-10-09 08:00:00,1.36616,1.36636,1.3652,1.36537
2023-10-09 09:00:00,1.36537,1.36691,1.36437,1.3667799999999999
2023-10-09 10:00:00,1.36676,1.3676300000000001,1.36649,1.36713
2023-10-09 11:00:00,1.36712,1.36723,1.36585,1.3660999999999999
2023-10-09 12:00:00,1.36609,1.36611,1.36538,1.36596
2023-10-09 13:00:00,1.36596,1.36703,1.36572,1.36689
2023-10-09 14:00:00,1.36689,1.36694,1.3657599999999999,1.36593
2023-10-09 15:00:00,1.36592,1.36624,1.36456,1.36474
2023-10-09 16:00:00,1.36472,1.36475,1.36245,1.36335
2023-10-09 17:00:00,1.36334,1.36338,1.3612600000000001,1.36304
2023-10-09 18:00:00,1.36304,1.36328,1.36152,1.36182
2023-10-09 19:00:00,1.36182,1.3626,1.36158,1.36212
2023-10-09 20:00:00,1.36212,1.36222,1.35978,1.36003
2023-10-09 21:00:00,1.36003,1.36014,1.3583,1.35874
2023-10-09 22:00:00,1.35874,1.35896,1.35811,1.35821
2023-10-09 23:00:00,1.35821,1.35895,1.35811,1.35858
2023-10-10 00:00:00,1.35829,1.3591199999999999,1.35782,1.35906
2023-10-10 01:00:00,1.35896,1.3594300000000001,1.35868,1.35935
2023-10-10 02:00:00,1.35934,1.35942,1.3578700000000001,1.35804
2023-10-10 03:00:00,1.35804,1.35842,1.35748,1.35785
2023-10-10 04:00:00,1.35784,1.35792,1.35705,1.35761
2023-10-10 05:00:00,1.35761,1.35826,1.35693,1.35825
2023-10-10 06:00:00,1.35825,1.35836,1.35774,1.35793
2023-10-10 07:00:00,1.35793,1.35866,1.3578999999999999,1.3585
2023-10-10 08:00:00,1.3585,1.35899,1.35789,1.35847
2023-10-10 09:00:00,1.35847,1.36097,1.35845,1.36051
2023-10-10 10:00:00,1.36051,1.36171,1.35986,1.36084
2023-10-10 11:00:00,1.36083,1.36131,1.35776,1.35852
2023-10-10 12:00:00,1.35853,1.36015,1.35853,1.3590499999999999
2023-10-10 13:00:00,1.35906,1.36005,1.35891,1.35948
2023-10-10 14:00:00,1.35948,1.36068,1.35948,1.35988
2023-10-10 15:00:00,1.35988,1.36037,1.3590499999999999,1.35957
2023-10-10 16:00:00,1.35957,1.36075,1.35897,1.36013
2023-10-10 17:00:00,1.36011,1.36051,1.35775,1.3596300000000001
2023-10-10 18:00:00,1.3596300000000001,1.36002,1.35792,1.35794
2023-10-10 19:00:00,1.35794,1.35846,1.35759,1.35802
2023-10-10 20:00:00,1.35802,1.35994,1.35801,1.35971
2023-10-10 21:00:00,1.35971,1.35998,1.35828,1.35893
2023-10-10 22:00:00,1.35891,1.35921,1.35763,1.35793
2023-10-10 23:00:00,1.35793,1.35826,1.35758,1.35804
2023-10-11 00:00:00,1.35779,1.3585,1.35728,1.3583
2023-10-11 01:00:00,1.35829,1.35857,1.35808,1.35834
2023-10-11 02:00:00,1.35833,1.3584800000000001,1.35804,1.3584
2023-10-11 03:00:00,1.3584,1.3584399999999999,1.35712,1.35807
2023-10-11 04:00:00,1.35808,1.35917,1.3578700000000001,1.35869
2023-10-11 05:00:00,1.35869,1.35949,1.35849,1.35881
2023-10-11 06:00:00,1.35881,1.3592,1.35872,1.35888
2023-10-11 07:00:00,1.35888,1.35924,1.3586,1.35908
2023-10-11 08:00:00,1.35907,1.36008,1.35888,1.35983
2023-10-11 09:00:00,1.35983,1.35984,1.35828,1.3590499999999999
2023-10-11 10:00:00,1.3590499999999999,1.35996,1.35818,1.35961
2023-10-11 11:00:00,1.35962,1.3599700000000001,1.35906,1.3595
2023-10-11 12:00:00,1.3595,1.36039,1.35931,1.36032
2023-10-11 13:00:00,1.36032,1.36044,1.35961,1.35998
2023-10-11 14:00:00,1.35998,1.36064,1.35934,1.36055
2023-10-11 15:00:00,1.36055,1.3614,1.3585099999999999,1.3587799999999999
2023-10-11 16:00:00,1.3587799999999999,1.36044,1.35794,1.35836
2023-10-11 17:00:00,1.35837,1.36042,1.35811,1.35892
2023-10-11 18:00:00,1.35892,1.36193,1.35882,1.36184
2023-10-11 19:00:00,1.36184,1.36184,1.3599999999999999,1.36062
2023-10-11 20:00:00,1.36062,1.36236,1.36025,1.36173
2023-10-11 21:00:00,1.36173,1.36179,1.36012,1.36023
2023-10-11 22:00:00,1.3602400000000001,1.36035,1.35935,1.3596599999999999
2023-10-11 23:00:00,1.35967,1.35979,1.359,1.35903
2023-10-12 00:00:00,1.35896,1.35959,1.35882,1.35916
2023-10-12 01:00:00,1.35916,1.35974,1.35899,1.35901
2023-10-12 02:00:00,1.35901,1.35962,1.35877,1.35961
2023-10-12 03:00:00,1.35962,1.35962,1.3586,1.35876
2023-10-12 04:00:00,1.35876,1.35916,1.35826,1.35864
2023-10-12 05:00:00,1.35864,1.35969,1.35849,1.35952
2023-10-12 06:00:00,1.35952,1.35958,1.3589,1.35895
2023-10-12 07:00:00,1.35895,1.3590499999999999,1.3585,1.35865
2023-10-12 08:00:00,1.35865,1.35911,1.35847,1.3588
2023-10-12 09:00:00,1.35881,1.35895,1.3578299999999999,1.35792
2023-10-12 10:00:00,1.35792,1.3594300000000001,1.35786,1.35906
2023-10-12 11:00:00,1.35906,1.35953,1.35852,1.35926
2023-10-12 12:00:00,1.35926,1.35947,1.35877,1.35887
2023-10-12 13:00:00,1.35886,1.35981,1.35861,1.35976
2023-10-12 14:00:00,1.35976,1.3599999999999999,1.3583,1.3585099999999999
2023-10-12 15:00:00,1.3585099999999999,1.36099,1.35821,1.36006
2023-10-12 16:00:00,1.36006,1.36433,1.35959,1.36406
2023-10-12 17:00:00,1.36405,1.36636,1.36337,1.36561
2023-10-12 18:00:00,1.36561,1.36685,1.36539,1.36579
2023-10-12 19:00:00,1.36579,1.36764,1.36555,1.36688
2023-10-12 20:00:00,1.36687,1.36907,1.3666800000000001,1.36905
2023-10-12 21:00:00,1.36905,1.37004,1.36838,1.36918
2023-10-12 22:00:00,1.36918,1.36941,1.36852,1.36917
2023-10-12 23:00:00,1.36916,1.3694,1.3688500000000001,1.36901
2023-10-13 00:00:00,1.36842,1.36944,1.36734,1.36897
2023-10-13 01:00:00,1.36897,1.36917,1.36849,1.36853
2023-10-13 02:00:00,1.36852,1.36882,1.36832,1.36848
2023-10-13 03:00:00,1.36848,1.36849,1.36796,1.36815
2023-10-13 04:00:00,1.36815,1.36871,1.36806,1.3682400000000001
2023-10-13 05:00:00,1.3682400000000001,1.36856,1.36781,1.36814
2023-10-13 06:00:00,1.36814,1.36847,1.36778,1.36829
2023-10-13 07:00:00,1.36829,1.3688500000000001,1.36805,1.3687
2023-10-13 08:00:00,1.3687,1.36873,1.36796,1.36802
2023-10-13 09:00:00,1.36802,1.3688799999999999,1.36802,1.36833
2023-10-13 10:00:00,1.36833,1.36834,1.3666,1.36683
2023-10-13 11:00:00,1.36684,1.36711,1.366,1.36689
2023-10-13 12:00:00,1.36687,1.36822,1.36687,1.36745
2023-10-13 13:00:00,1.36744,1.36883,1.36681,1.3682699999999999
2023-10-13 14:00:00,1.36826,1.3688,1.36741,1.36788
2023-10-13 15:00:00,1.36787,1.36826,1.36588,1.3661400000000001
2023-10-13 16:00:00,1.3661400000000001,1.3681,1.36612,1.3672
2023-10-13 17:00:00,1.36722,1.3679999999999999,1.36364,1.36592
2023-10-13 18:00:00,1.36592,1.36685,1.3651200000000001,1.36521
2023-10-13 19:00:00,1.3651900000000001,1.36574,1.36465,1.36543
2023-10-13 20:00:00,1.36542,1.3670900000000001,1.36507,1.36582
2023-10-13 21:00:00,1.36582,1.36627,1.36535,1.36587
2023-10-13 22:00:00,1.36582,1.36624,1.36551,1.36577
2023-10-13 23:00:00,1.36577,1.36646,1.36524,1.3653
2023-10-16 00:00:00,1.36435,1.36606,1.3639700000000001,1.3649
2023-10-16 01:00:00,1.3649200000000001,1.36568,1.3645,1.36453
2023-10-16 02:00:00,1.36453,1.36473,1.36417,1.3643100000000001
2023-10-16 03:00:00,1.3643100000000001,1.36534,1.3641,1.3651200000000001
2023-10-16 04:00:00,1.3651,1.3651499999999999,1.36444,1.3645399999999999
2023-10-16 05:00:00,1.36455,1.3648799999999999,1.36376,1.36432
2023-10-16 06:00:00,1.36429,1.36482,1.36408,1.36409
2023-10-16 07:00:00,1.3641,1.36429,1.36394,1.36418
2023-10-16 08:00:00,1.36418,1.36529,1.3639299999999999,1.36491
2023-10-16 09:00:00,1.3649200000000001,1.3649499999999999,1.36324,1.3642699999999999
2023-10-16 10:00:00,1.3642699999999999,1.36477,1.36364,1.36455
2023-10-16 11:00:00,1.36455,1.36551,1.36416,1.36452
2023-10-16 12:00:00,1.36452,1.36484,1.36395,1.36405
2023-10-16 13:00:00,1.36405,1.36444,1.36345,1.36379
2023-10-16 14:00:00,1.36385,1.36402,1.36243,1.36261
2023-10-16 15:00:00,1.3626,1.363,1.3612199999999999,1.36138
2023-10-16 16:00:00,1.36138,1.36377,1.36115,1.36215
2023-10-16 17:00:00,1.36215,1.3633199999999999,1.36142,1.36323
2023-10-16 18:00:00,1.36323,1.3632900000000001,1.36142,1.36167
2023-10-16 19:00:00,1.36167,1.36168,1.36074,1.36076
2023-10-16 20:00:00,1.36077,1.36209,1.3606099999999999,1.36114
2023-10-16 21:00:00,1.36115,1.3618999999999999,1.36112,1.3615
2023-10-16 22:00:00,1.3615,1.36173,1.36102,1.36132
2023-10-16 23:00:00,1.36131,1.36151,1.36073,1.36074
2023-10-17 00:00:00,1.36069,1.36104,1.36043,1.36051
2023-10-17 01:00:00,1.36052,1.3615,1.36052,1.36145
2023-10-17 02:00:00,1.36145,1.36168,1.3612,1.3615
2023-10-17 03:00:00,1.3614899999999999,1.36169,1.36082,1.36139
2023-10-17 04:00:00,1.36139,1.36259,1.36139,1.3624399999999999
2023-10-17 05:00:00,1.3624399999999999,1.36318,1.3624100000000001,1.36263
2023-10-17 06:00:00,1.36263,1.36287,1.3616,1.36269
2023-10-17 07:00:00,1.3627,1.36321,1.36269,1.36314
2023-10-17 08:00:00,1.36314,1.36345,1.36254,1.3626
2023-10-17 09:00:00,1.36261,1.36279,1.36173,1.36224
2023-10-17 10:00:00,1.36223,1.36262,1.3618299999999999,1.36254
2023-10-17 11:00:00,1.36254,1.36439,1.36216,1.3642
2023-10-17 12:00:00,1.3642,1.3643399999999999,1.3630900000000001,1.3631
2023-10-17 13:00:00,1.3631,1.36437,1.36284,1.36378
2023-10-17 14:00:00,1.36379,1.36401,1.36252,1.36353
2023-10-17 15:00:00,1.36354,1.37024,1.36243,1.36842
2023-10-17 16:00:00,1.36843,1.36906,1.36592,1.36635
2023-10-17 17:00:00,1.36635,1.3666800000000001,1.36266,1.3639999999999999
2023-10-17 18:00:00,1.3639999999999999,1.36405,1.3620999999999999,1.36219
2023-10-17 19:00:00,1.36218,1.36423,1.36204,1.36401
2023-10-17 20:00:00,1.36401,1.36578,1.36368,1.3654
2023-10-17 21:00:00,1.3654,1.36559,1.36409,1.36472
2023-10-17 22:00:00,1.3647,1.36473,1.36334,1.36425
2023-10-17 23:00:00,1.36426,1.36493,1.36423,1.36463
2023-10-18 00:00:00,1.36457,1.36466,1.36342,1.36447
2023-10-18 01:00:00,1.3645,1.36504,1.36446,1.36482
2023-10-18 02:00:00,1.36484,1.36539,1.36474,1.36524
2023-10-18 03:00:00,1.36525,1.36577,1.36474,1.36574
2023-10-18 04:00:00,1.36572,1.36573,1.36469,1.3648
2023-10-18 05:00:00,1.36475,1.36475,1.3633199999999999,1.36371
2023-10-18 06:00:00,1.36371,1.36407,1.36315,1.36352
2023-10-18 07:00:00,1.3635,1.3636300000000001,1.363,1.36361
2023-10-18 08:00:00,1.36362,1.36374,1.3630200000000001,1.36324
2023-10-18 09:00:00,1.36326,1.36341,1.36243,1.36296
2023-10-18 10:00:00,1.36296,1.3639700000000001,1.36277,1.36297
2023-10-18 11:00:00,1.36297,1.36381,1.3629,1.36318
2023-10-18 12:00:00,1.36318,1.36338,1.36167,1.3624100000000001
2023-10-18 13:00:00,1.36242,1.3643100000000001,1.36238,1.36343
2023-10-18 14:00:00,1.36342,1.36524,1.36334,1.36506
2023-10-18 15:00:00,1.36505,1.36664,1.36491,1.36623
2023-10-18 16:00:00,1.36622,1.36717,1.36457,1.3670499999999999
2023-10-18 17:00:00,1.36706,1.3697,1.36592,1.36921
2023-10-18 18:00:00,1.3692199999999999,1.36987,1.36833,1.36972
2023-10-18 19:00:00,1.36972,1.37112,1.36887,1.3700999999999999
2023-10-18 20:00:00,1.37011,1.37031,1.36772,1.36862
2023-10-18 21:00:00,1.3686099999999999,1.37088,1.3683100000000001,1.3708
2023-10-18 22:00:00,1.3708,1.37144,1.3706,1.37109
2023-10-18 23:00:00,1.3711,1.37158,1.3707,1.37144
2023-10-19 00:00:00,1.3713199999999999,1.37142,1.37085,1.37111
2023-10-19 01:00:00,1.37112,1.37142,1.37112,1.37128
2023-10-19 02:00:00,1.3713,1.3715,1.37106,1.3713199999999999
2023-10-19 03:00:00,1.37134,1.37216,1.37089,1.37165
2023-10-19 04:00:00,1.3716599999999999,1.37259,1.37089,1.37232
2023-10-19 05:00:00,1.37232,1.3731,1.37199,1.37291
2023-10-19 06:00:00,1.3729,1.3734899999999999,1.3726099999999999,1.37337
2023-10-19 07:00:00,1.37337,1.37337,1.37287,1.3728799999999999
2023-10-19 08:00:00,1.3728799999999999,1.37363,1.37269,1.37343
2023-10-19 09:00:00,1.37343,1.37365,1.3719999999999999,1.37219
2023-10-19 10:00:00,1.3721999999999999,1.37331,1.37165,1.37326
2023-10-19 11:00:00,1.37326,1.37363,1.37218,1.37362
2023-10-19 12:00:00,1.37362,1.3740299999999999,1.37297,1.37309
2023-10-19 13:00:00,1.37309,1.37317,1.3713600000000001,1.37171
2023-10-19 14:00:00,1.37171,1.37241,1.37149,1.37209
2023-10-19 15:00:00,1.37208,1.37351,1.37147,1.37309
2023-10-19 16:00:00,1.37309,1.3734899999999999,1.37131,1.37172
2023-10-19 17:00:00,1.37169,1.37333,1.37158,1.37307
2023-10-19 18:00:00,1.37308,1.37329,1.3703400000000001,1.37168
2023-10-19 19:00:00,1.37168,1.3731900000000001,1.36845,1.36907
2023-10-19 20:00:00,1.36908,1.37099,1.36787,1.37024
2023-10-19 21:00:00,1.37024,1.3721999999999999,1.36964,1.37194
2023-10-19 22:00:00,1.37194,1.37213,1.3709500000000001,1.3715600000000001
2023-10-19 23:00:00,1.3715600000000001,1.37212,1.37147,1.37178
2023-10-20 00:00:00,1.37167,1.37213,1.37104,1.3714
2023-10-20 01:00:00,1.3713899999999999,1.37199,1.3713899999999999,1.37199
2023-10-20 02:00:00,1.37198,1.37238,1.37154,1.37154
2023-10-20 03:00:00,1.3715600000000001,1.37257,1.37144,1.37236
2023-10-20 04:00:00,1.37238,1.37336,1.37209,1.3723
2023-10-20 05:00:00,1.37229,1.37253,1.37043,1.37065
2023-10-20 06:00:00,1.37067,1.3712,1.3705,1.37101
2023-10-20 07:00:00,1.3710200000000001,1.3713899999999999,1.37092,1.37128
2023-10-20 08:00:00,1.37128,1.37154,1.3708,1.37123
2023-10-20 09:00:00,1.37124,1.37283,1.37122,1.37141
2023-10-20 10:00:00,1.3714,1.37256,1.3713600000000001,1.37181
2023-10-20 11:00:00,1.3718,1.37198,1.36869,1.36923
2023-10-20 12:00:00,1.36924,1.37025,1.36823,1.3694600000000001
2023-10-20 13:00:00,1.36945,1.37023,1.36926,1.36985
2023-10-20 14:00:00,1.36986,1.36988,1.36839,1.3692199999999999
2023-10-20 15:00:00,1.3692199999999999,1.37088,1.36817,1.36857
2023-10-20 16:00:00,1.36856,1.369,1.36692,1.36744
2023-10-20 17:00:00,1.36745,1.36997,1.3673600000000001,1.36916
2023-10-20 18:00:00,1.3691499999999999,1.37039,1.36856,1.36926
2023-10-20 19:00:00,1.36927,1.37043,1.3685800000000001,1.36926
2023-10-20 20:00:00,1.36926,1.37022,1.36879,1.36995
2023-10-20 21:00:00,1.36995,1.37114,1.36974,1.37022
2023-10-20 22:00:00,1.37022,1.37113,1.36991,1.37112
2023-10-20 23:00:00,1.37111,1.37151,1.37079,1.37151
2023-10-23 00:00:00,1.3700700000000001,1.37088,1.36909,1.37048
2023-10-23 01:00:00,1.37048,1.3715600000000001,1.37047,1.37058
2023-10-23 02:00:00,1.37062,1.37064,1.37027,1.37052
2023-10-23 03:00:00,1.37054,1.3713,1.37018,1.37099
2023-10-23 04:00:00,1.371,1.37153,1.37064,1.3707500000000001
2023-10-23 05:00:00,1.37076,1.3719000000000001,1.37057,1.37187
2023-10-23 06:00:00,1.37188,1.37188,1.3713600000000001,1.37181
2023-10-23 07:00:00,1.37182,1.37206,1.3715,1.3716
2023-10-23 08:00:00,1.37164,1.37164,1.3711,1.3713899999999999
2023-10-23 09:00:00,1.37138,1.37182,1.37082,1.37182
2023-10-23 10:00:00,1.37182,1.37329,1.3718,1.37318
2023-10-23 11:00:00,1.37317,1.3734899999999999,1.37101,1.37109
2023-10-23 12:00:00,1.37109,1.37233,1.37062,1.37221
2023-10-23 13:00:00,1.37223,1.37363,1.37201,1.37333
2023-10-23 14:00:00,1.37334,1.37356,1.37131,1.3717
2023-10-23 15:00:00,1.37169,1.37234,1.3701400000000001,1.37091
2023-10-23 16:00:00,1.37091,1.37345,1.37001,1.3709799999999999
2023-10-23 17:00:00,1.3709799999999999,1.37148,1.36835,1.36917
2023-10-23 18:00:00,1.36918,1.36934,1.36753,1.36775
2023-10-23 19:00:00,1.36776,1.3695599999999999,1.36715,1.36718
2023-10-23 20:00:00,1.36716,1.36828,1.36669,1.36804
2023-10-23 21:00:00,1.36805,1.36871,1.36746,1.36795
2023-10-23 22:00:00,1.36795,1.3697599999999999,1.36788,1.36941
2023-10-23 23:00:00,1.3694,1.3694600000000001,1.3687,1.36879
2023-10-24 00:00:00,1.36843,1.36917,1.36756,1.3689200000000001
2023-10-24 01:00:00,1.36893,1.36917,1.36855,1.36908
2023-10-24 02:00:00,1.3691,1.36925,1.36864,1.3688500000000001
2023-10-24 03:00:00,1.3688500000000001,1.36917,1.36829,1.36857
2023-10-24 04:00:00,1.36857,1.36911,1.36774,1.3685800000000001
2023-10-24 05:00:00,1.3685800000000001,1.36886,1.3667099999999999,1.36707
2023-10-24 06:00:00,1.36708,1.36756,1.36695,1.36716
2023-10-24 07:00:00,1.36717,1.36744,1.36693,1.36728
2023-10-24 08:00:00,1.36728,1.36814,1.36704,1.36771
2023-10-24 09:00:00,1.36771,1.3679000000000001,1.36606,1.36615
2023-10-24 10:00:00,1.3661400000000001,1.36811,1.36613,1.3678
2023-10-24 11:00:00,1.3678,1.36989,1.36753,1.36889
2023-10-24 12:00:00,1.3688799999999999,1.36914,1.36811,1.3689
2023-10-24 13:00:00,1.36891,1.3695300000000001,1.36837,1.36948
2023-10-24 14:00:00,1.3694899999999999,1.3700999999999999,1.36897,1.36936
2023-10-24 15:00:00,1.36936,1.37093,1.36918,1.37046
2023-10-24 16:00:00,1.37046,1.37347,1.37031,1.37245
2023-10-24 17:00:00,1.37246,1.37408,1.3719299999999999,1.3728799999999999
2023-10-24 18:00:00,1.3728799999999999,1.3754,1.37287,1.37453
2023-10-24 19:00:00,1.37454,1.37519,1.3739,1.37506
2023-10-24 20:00:00,1.3750200000000001,1.37509,1.3731200000000001,1.3736
2023-10-24 21:00:00,1.3736,1.3738299999999999,1.37256,1.37295
2023-10-24 22:00:00,1.37295,1.37367,1.3728500000000001,1.37307
2023-10-24 23:00:00,1.37309,1.37415,1.3728500000000001,1.37372
2023-10-25 00:00:00,1.37296,1.3740999999999999,1.37289,1.37398
2023-10-25 01:00:00,1.37398,1.3743,1.37393,1.37422
2023-10-25 02:00:00,1.37421,1.3744,1.37404,1.37416
2023-10-25 03:00:00,1.37416,1.37458,1.37345,1.37374
2023-10-25 04:00:00,1.3737300000000001,1.37432,1.37299,1.37393
2023-10-25 05:00:00,1.37393,1.37411,1.37351,1.37385
2023-10-25 06:00:00,1.3738299999999999,1.37442,1.37361,1.37422
2023-10-25 07:00:00,1.37422,1.37443,1.37404,1.37411
2023-10-25 08:00:00,1.3740999999999999,1.3749799999999999,1.37398,1.37472
2023-10-25 09:00:00,1.3747099999999999,1.37531,1.37416,1.37528
2023-10-25 10:00:00,1.3752900000000001,1.3765800000000001,1.37526,1.37554
2023-10-25 11:00:00,1.3755899999999999,1.37611,1.37497,1.37604
2023-10-25 12:00:00,1.37604,1.3777,1.37604,1.37763
2023-10-25 13:00:00,1.37763,1.37832,1.37747,1.3777
2023-10-25 14:00:00,1.37771,1.37815,1.37591,1.37628
2023-10-25 15:00:00,1.37628,1.37709,1.37515,1.37706
2023-10-25 16:00:00,1.37705,1.37852,1.3764,1.3771
2023-10-25 17:00:00,1.3771499999999999,1.38096,1.3771499999999999,1.3782
2023-10-25 18:00:00,1.3782,1.37904,1.37605,1.37734
2023-10-25 19:00:00,1.37734,1.3792,1.37732,1.37854
2023-10-25 20:00:00,1.37857,1.37974,1.37798,1.3790499999999999
2023-10-25 21:00:00,1.37908,1.3799000000000001,1.37836,1.37976
2023-10-25 22:00:00,1.37975,1.37976,1.3787,1.37933
2023-10-25 23:00:00,1.3793199999999999,1.38006,1.37908,1.37941
2023-10-26 00:00:00,1.3792,1.37973,1.37877,1.37957
2023-10-26 01:00:00,1.37957,1.38037,1.37953,1.38015
2023-10-26 02:00:00,1.38016,1.38066,1.38006,1.38025
2023-10-26 03:00:00,1.38026,1.38126,1.3798599999999999,1.38094
2023-10-26 04:00:00,1.38093,1.38136,1.3801700000000001,1.38067
2023-10-26 05:00:00,1.38068,1.3817599999999999,1.3805399999999999,1.38121
2023-10-26 06:00:00,1.38121,1.38155,1.38093,1.38123
2023-10-26 07:00:00,1.38123,1.3816899999999999,1.3811499999999999,1.38155
2023-10-26 08:00:00,1.38156,1.38163,1.38092,1.38133
2023-10-26 09:00:00,1.38134,1.38193,1.38059,1.38172
2023-10-26 10:00:00,1.38171,1.38194,1.38016,1.38026
2023-10-26 11:00:00,1.38025,1.38036,1.37931,1.37957
2023-10-26 12:00:00,1.37954,1.37999,1.37891,1.37938
2023-10-26 13:00:00,1.37938,1.38107,1.3793199999999999,1.3808799999999999
2023-10-26 14:00:00,1.3808799999999999,1.3817,1.38072,1.38161
2023-10-26 15:00:00,1.38161,1.38254,1.38063,1.38134
2023-10-26 16:00:00,1.38133,1.38251,1.3805,1.38247
2023-10-26 17:00:00,1.38248,1.3838,1.38125,1.3813900000000001
2023-10-26 18:00:00,1.38137,1.38323,1.3811200000000001,1.38315
2023-10-26 19:00:00,1.38315,1.38435,1.38315,1.38402
2023-10-26 20:00:00,1.38404,1.38415,1.38216,1.38239
2023-10-26 21:00:00,1.38238,1.38252,1.38126,1.38147
2023-10-26 22:00:00,1.3814600000000001,1.3833199999999999,1.3812,1.38299
2023-10-26 23:00:00,1.38299,1.38324,1.3825,1.38289
2023-10-27 00:00:00,1.38276,1.38294,1.3820000000000001,1.38258
2023-10-27 01:00:00,1.38258,1.38305,1.38204,1.38204
2023-10-27 02:00:00,1.38204,1.38221,1.38154,1.38163
2023-10-27 03:00:00,1.38164,1.38251,1.38147,1.38242
2023-10-27 04:00:00,1.38242,1.3830200000000001,1.38154,1.38183
2023-10-27 05:00:00,1.38183,1.38183,1.38039,1.38091
2023-10-27 06:00:00,1.3809,1.38136,1.38077,1.3809
2023-10-27 07:00:00,1.38089,1.38111,1.3804,1.38052
2023-10-27 08:00:00,1.38052,1.3811200000000001,1.38031,1.38087
2023-10-27 09:00:00,1.3808799999999999,1.38185,1.38038,1.38184
2023-10-27 10:00:00,1.38184,1.3825,1.3811200000000001,1.38118
2023-10-27 11:00:00,1.38118,1.38151,1.37999,1.38012
2023-10-27 12:00:00,1.38012,1.38016,1.3795600000000001,1.3798300000000001
2023-10-27 13:00:00,1.3798300000000001,1.381,1.37976,1.38082
2023-10-27 14:00:00,1.38083,1.38286,1.38083,1.38285
2023-10-27 15:00:00,1.38285,1.38364,1.3818,1.38223
2023-10-27 16:00:00,1.38223,1.38553,1.38156,1.38501
2023-10-27 17:00:00,1.385,1.38649,1.3835899999999999,1.38544
2023-10-27 18:00:00,1.38545,1.38685,1.38477,1.38669
2023-10-27 19:00:00,1.38669,1.3873,1.38616,1.38646
2023-10-27 20:00:00,1.38645,1.3874900000000001,1.38629,1.38693
2023-10-27 21:00:00,1.3869500000000001,1.3879299999999999,1.38614,1.38774
2023-10-27 22:00:00,1.38772,1.38803,1.38693,1.38705
2023-10-27 23:00:00,1.38704,1.38758,1.38686,1.3872900000000001
2023-10-30 00:00:00,1.38659,1.3872,1.38654,1.38692
2023-10-30 01:00:00,1.38692,1.3872499999999999,1.38632,1.38633
2023-10-30 02:00:00,1.38632,1.38662,1.3857599999999999,1.38584
2023-10-30 03:00:00,1.38585,1.38626,1.38509,1.38509
2023-10-30 04:00:00,1.3851200000000001,1.38559,1.38496,1.38533
2023-10-30 05:00:00,1.38535,1.38597,1.3852,1.38596
2023-10-30 06:00:00,1.38597,1.38656,1.38596,1.38626
2023-10-30 07:00:00,1.38626,1.38646,1.38589,1.38591
2023-10-30 08:00:00,1.38592,1.38612,1.38538,1.38583
2023-10-30 09:00:00,1.38583,1.38584,1.38518,1.38559
2023-10-30 10:00:00,1.38557,1.3864,1.38536,1.38614
2023-10-30 11:00:00,1.38614,1.38614,1.3844400000000001,1.38446
2023-10-30 12:00:00,1.3844699999999999,1.38514,1.38402,1.38453
2023-10-30 13:00:00,1.38453,1.38471,1.38257,1.3832499999999999
2023-10-30 14:00:00,1.38326,1.3839299999999999,1.38282,1.38353
2023-10-30 15:00:00,1.38353,1.38366,1.38134,1.38218
2023-10-30 16:00:00,1.38216,1.3857,1.38129,1.38445
2023-10-30 17:00:00,1.38446,1.3847,1.3827,1.3827099999999999
2023-10-30 18:00:00,1.38273,1.38442,1.3826100000000001,1.3843
2023-10-30 19:00:00,1.38428,1.38507,1.38269,1.38276
2023-10-30 20:00:00,1.38275,1.38317,1.38208,1.38217
2023-10-30 21:00:00,1.38216,1.38232,1.38162,1.3822999999999999
2023-10-30 22:00:00,1.3822999999999999,1.38285,1.38209,1.38236
2023-10-30 23:00:00,1.3820299999999999,1.38301,1.3818,1.3822999999999999
2023-10-31 00:00:00,1.38253,1.38267,1.38223,1.38259
2023-10-31 01:00:00,1.3826,1.38297,1.3823699999999999,1.38296
2023-10-31 02:00:00,1.38297,1.38361,1.38267,1.38346
2023-10-31 03:00:00,1.38345,1.38421,1.38326,1.38357
2023-10-31 04:00:00,1.3835600000000001,1.38414,1.38326,1.38405
2023-10-31 05:00:00,1.38406,1.3848500000000001,1.38405,1.38457
2023-10-31 06:00:00,1.38458,1.38516,1.38415,1.38482
2023-10-31 07:00:00,1.38482,1.38489,1.38414,1.38431
2023-10-31 08:00:00,1.38431,1.38445,1.38297,1.38336
2023-10-31 09:00:00,1.38335,1.38378,1.38269,1.3835899999999999
2023-10-31 10:00:00,1.3835899999999999,1.38394,1.38197,1.38202
2023-10-31 11:00:00,1.3820299999999999,1.3826100000000001,1.38131,1.38154
2023-10-31 12:00:00,1.38155,1.38249,1.38141,1.38231
2023-10-31 13:00:00,1.38233,1.38308,1.38227,1.38289
2023-10-31 14:00:00,1.3829,1.38495,1.38239,1.38489
2023-10-31 15:00:00,1.3849,1.38769,1.3848500000000001,1.38655
2023-10-31 16:00:00,1.38658,1.38776,1.38586,1.38642
2023-10-31 17:00:00,1.38642,1.38848,1.38589,1.38798
2023-10-31 18:00:00,1.38799,1.38917,1.3879299999999999,1.3888099999999999
2023-10-31 19:00:00,1.38882,1.38897,1.38769,1.3878599999999999
2023-10-31 20:00:00,1.38787,1.38826,1.38655,1.38662
2023-10-31 21:00:00,1.38662,1.38696,1.38609,1.38672
2023-10-31 22:00:00,1.38672,1.38765,1.38642,1.38745
2023-10-31 23:00:00,1.38713,1.38762,1.38597,1.38713
2023-11-01 00:00:00,1.38707,1.38736,1.38684,1.38694
2023-11-01 01:00:00,1.38693,1.38781,1.38686,1.3878
2023-11-01 02:00:00,1.38777,1.38862,1.38733,1.3881700000000001
2023-11-01 03:00:00,1.3881700000000001,1.38887,1.3875600000000001,1.3886
2023-11-01 04:00:00,1.38861,1.38887,1.38791,1.3879299999999999
2023-11-01 05:00:00,1.38794,1.38802,1.38747,1.38785
2023-11-01 06:00:00,1.38785,1.3881999999999999,1.3878,1.38796
2023-11-01 07:00:00,1.38798,1.38833,1.3878,1.38823
2023-11-01 08:00:00,1.38824,1.38833,1.38694,1.3869500000000001
2023-11-01 09:00:00,1.3869500000000001,1.38801,1.38631,1.38768
2023-11-01 10:00:00,1.38767,1.38883,1.38736,1.3884699999999999
2023-11-01 11:00:00,1.3884699999999999,1.38889,1.3874900000000001,1.38877
2023-11-01 12:00:00,1.38879,1.3891499999999999,1.3878,1.3879000000000001
2023-11-01 13:00:00,1.3879000000000001,1.38849,1.38753,1.3879000000000001
2023-11-01 14:00:00,1.38789,1.3884,1.38633,1.38708
2023-11-01 15:00:00,1.38709,1.38914,1.38635,1.3872499999999999
2023-11-01 16:00:00,1.38721,1.38764,1.38407,1.38557
2023-11-01 17:00:00,1.38556,1.38825,1.38537,1.38816
2023-11-01 18:00:00,1.3881700000000001,1.38913,1.38738,1.38869
2023-11-01 19:00:00,1.38869,1.38972,1.38857,1.38885
2023-11-01 20:00:00,1.38885,1.38987,1.38718,1.38828
2023-11-01 21:00:00,1.38828,1.3883,1.3859,1.38623
2023-11-01 22:00:00,1.38623,1.3871,1.3853,1.38558
2023-11-01 23:00:00,1.38533,1.38565,1.38499,1.3850500000000001
2023-11-02 00:00:00,1.38511,1.3853,1.38457,1.38465
2023-11-02 01:00:00,1.38465,1.38474,1.38344,1.38344
2023-11-02 02:00:00,1.38342,1.3835600000000001,1.38287,1.3829
2023-11-02 03:00:00,1.38292,1.38354,1.38266,1.38323
2023-11-02 04:00:00,1.38323,1.38353,1.38257,1.38258
2023-11-02 05:00:00,1.38263,1.3832200000000001,1.38238,1.3829799999999999
2023-11-02 06:00:00,1.3829799999999999,1.38353,1.38296,1.38346
2023-11-02 07:00:00,1.38346,1.3838599999999999,1.38311,1.38334
2023-11-02 08:00:00,1.38336,1.38423,1.38324,1.38336
2023-11-02 09:00:00,1.38335,1.3844699999999999,1.38335,1.38391
2023-11-02 10:00:00,1.38391,1.38516,1.38311,1.38326
2023-11-02 11:00:00,1.3832499999999999,1.3833,1.3806,1.38072
2023-11-02 12:00:00,1.38072,1.38239,1.38062,1.38073
2023-11-02 13:00:00,1.38074,1.38105,1.38013,1.38053
2023-11-02 14:00:00,1.38052,1.3817,1.37897,1.3789799999999999
2023-11-02 15:00:00,1.37897,1.37975,1.37687,1.37704
2023-11-02 16:00:00,1.37703,1.37987,1.37697,1.3791
2023-11-02 17:00:00,1.3791,1.3805,1.37825,1.37888
2023-11-02 18:00:00,1.37888,1.37952,1.37758,1.37811
2023-11-02 19:00:00,1.37811,1.3782,1.37509,1.37522
2023-11-02 20:00:00,1.37521,1.37569,1.3747,1.37527
2023-11-02 21:00:00,1.37526,1.37537,1.37354,1.37384
2023-11-02 22:00:00,1.37385,1.37473,1.3735,1.3738000000000001
2023-11-02 23:00:00,1.37377,1.37414,1.3734899999999999,1.37374
2023-11-03 00:00:00,1.37404,1.3742,1.37388,1.37418
2023-11-03 01:00:00,1.37419,1.37484,1.37417,1.37469
2023-11-03 02:00:00,1.37469,1.37598,1.37435,1.37568
2023-11-03 03:00:00,1.37569,1.3759299999999999,1.37506,1.37527
2023-11-03 04:00:00,1.37527,1.37545,1.37386,1.37409
2023-11-03 05:00:00,1.37408,1.3743,1.3737,1.37418
2023-11-03 06:00:00,1.37419,1.37421,1.37368,1.37391
2023-11-03 07:00:00,1.37389,1.37408,1.37343,1.37345
2023-11-03 08:00:00,1.37345,1.3737599999999999,1.37332,1.37365
2023-11-03 09:00:00,1.37364,1.3740700000000001,1.37274,1.37306
2023-11-03 10:00:00,1.37305,1.37449,1.37277,1.3744
2023-11-03 11:00:00,1.3744,1.37548,1.37393,1.37425
2023-11-03 12:00:00,1.37427,1.37459,1.37405,1.37409
2023-11-03 13:00:00,1.37408,1.3745,1.37348,1.37396
2023-11-03 14:00:00,1.37396,1.37438,1.36917,1.36939
2023-11-03 15:00:00,1.36938,1.37001,1.36648,1.36783
2023-11-03 16:00:00,1.36783,1.3707099999999999,1.36663,1.36997
2023-11-03 17:00:00,1.36997,1.37032,1.36685,1.36722
2023-11-03 18:00:00,1.36721,1.36857,1.36555,1.36557
2023-11-03 19:00:00,1.36557,1.3683100000000001,1.36541,1.36771
2023-11-03 20:00:00,1.36771,1.36788,1.3659,1.36594
2023-11-03 21:00:00,1.36593,1.36704,1.36574,1.36689
2023-11-03 22:00:00,1.3669,1.36708,1.36518,1.36523
2023-11-06 00:00:00,1.36539,1.3665,1.36535,1.36619
2023-11-06 01:00:00,1.36618,1.36621,1.36565,1.36605
2023-11-06 02:00:00,1.36601,1.36655,1.3657599999999999,1.36616
2023-11-06 03:00:00,1.36615,1.36664,1.36541,1.36563
2023-11-06 04:00:00,1.36563,1.36563,1.36474,1.36497
2023-11-06 05:00:00,1.36498,1.3656,1.36493,1.3651499999999999
2023-11-06 06:00:00,1.3651499999999999,1.36532,1.36459,1.36514
2023-11-06 07:00:00,1.3651499999999999,1.3654600000000001,1.36491,1.3649200000000001
2023-11-06 08:00:00,1.36493,1.36506,1.3643399999999999,1.36478
2023-11-06 09:00:00,1.36477,1.36555,1.3643100000000001,1.36533
2023-11-06 10:00:00,1.36534,1.3654899999999999,1.3633,1.36362
2023-11-06 11:00:00,1.3636300000000001,1.3642,1.36288,1.36418
2023-11-06 12:00:00,1.36418,1.36468,1.36348,1.36429
2023-11-06 13:00:00,1.3643100000000001,1.3646,1.36351,1.36433
2023-11-06 14:00:00,1.3643399999999999,1.36554,1.36405,1.36528
2023-11-06 15:00:00,1.36528,1.36642,1.36487,1.36618
2023-11-06 16:00:00,1.3661699999999999,1.36789,1.3655599999999999,1.36707
2023-11-06 17:00:00,1.36707,1.3684,1.36658,1.3675
2023-11-06 18:00:00,1.36751,1.36796,1.36619,1.36625
2023-11-06 19:00:00,1.36624,1.36757,1.36605,1.36727
2023-11-06 20:00:00,1.36726,1.36841,1.36696,1.36814
2023-11-06 21:00:00,1.36813,1.3693,1.36802,1.36887
2023-11-06 22:00:00,1.3688799999999999,1.3698000000000001,1.36887,1.36964
2023-11-06 23:00:00,1.36965,1.37022,1.3673199999999999,1.3673199999999999
2023-11-07 00:00:00,1.3688500000000001,1.3697599999999999,1.36715,1.36879
2023-11-07 01:00:00,1.36891,1.36981,1.36887,1.36972
2023-11-07 02:00:00,1.36971,1.36993,1.36938,1.3698000000000001
2023-11-07 03:00:00,1.36979,1.3706800000000001,1.36979,1.3704399999999999
2023-11-07 04:00:00,1.3704399999999999,1.37087,1.37013,1.37022
2023-11-07 05:00:00,1.37022,1.37117,1.37003,1.3709
2023-11-07 06:00:00,1.37092,1.37233,1.37092,1.3721
2023-11-07 07:00:00,1.37211,1.37252,1.3718,1.3719999999999999
2023-11-07 08:00:00,1.37201,1.37326,1.37183,1.37307
2023-11-07 09:00:00,1.37307,1.37404,1.373,1.37374
2023-11-07 10:00:00,1.3737300000000001,1.3737300000000001,1.37246,1.37299
2023-11-07 11:00:00,1.37301,1.37494,1.37298,1.37486
2023-11-07 12:00:00,1.37486,1.37549,1.37423,1.37483
2023-11-07 13:00:00,1.37484,1.376,1.37467,1.3752499999999999
2023-11-07 14:00:00,1.3752,1.37545,1.37426,1.37443
2023-11-07 15:00:00,1.3744399999999999,1.37575,1.37353,1.3752499999999999
2023-11-07 16:00:00,1.37524,1.3768099999999999,1.37493,1.37557
2023-11-07 17:00:00,1.37557,1.37609,1.37476,1.37492
2023-11-07 18:00:00,1.37491,1.37731,1.37454,1.37708
2023-11-07 19:00:00,1.37706,1.3782,1.37693,1.37767
2023-11-07 20:00:00,1.37765,1.37781,1.37506,1.37521
2023-11-07 21:00:00,1.37521,1.37616,1.3747,1.37604
2023-11-07 22:00:00,1.37604,1.37652,1.37533,1.3765
2023-11-07 23:00:00,1.3765,1.37671,1.37606,1.37647
2023-11-08 00:00:00,1.37622,1.37661,1.37582,1.3761999999999999
2023-11-08 01:00:00,1.37604,1.37686,1.37604,1.3768
2023-11-08 02:00:00,1.37682,1.37725,1.37675,1.3771900000000001
2023-11-08 03:00:00,1.37717,1.37741,1.37661,1.3768500000000001
2023-11-08 04:00:00,1.37684,1.37707,1.37542,1.37616
2023-11-08 05:00:00,1.37615,1.37718,1.37591,1.37703
2023-11-08 06:00:00,1.37704,1.37733,1.37671,1.37682
2023-11-08 07:00:00,1.3768,1.3779,1.3767,1.37778
2023-11-08 08:00:00,1.37778,1.37825,1.37717,1.37771
2023-11-08 09:00:00,1.37771,1.37813,1.3767,1.37704
2023-11-08 10:00:00,1.37703,1.37769,1.37674,1.37729
2023-11-08 11:00:00,1.37727,1.37882,1.37724,1.37874
2023-11-08 12:00:00,1.37874,1.37921,1.37793,1.3780299999999999
2023-11-08 13:00:00,1.3780299999999999,1.37806,1.3768,1.37727
2023-11-08 14:00:00,1.37727,1.37875,1.37726,1.3786399999999999
2023-11-08 15:00:00,1.37867,1.37989,1.37842,1.3792900000000001
2023-11-08 16:00:00,1.3793,1.37942,1.37758,1.37832
2023-11-08 17:00:00,1.3783400000000001,1.38046,1.37828,1.37987
2023-11-08 18:00:00,1.37987,1.38046,1.37924,1.3799000000000001
2023-11-08 19:00:00,1.37989,1.38141,1.37987,1.38052
2023-11-08 20:00:00,1.3805100000000001,1.38123,1.37943,1.37971
2023-11-08 21:00:00,1.37971,1.3802699999999999,1.37937,1.38021
2023-11-08 22:00:00,1.3801999999999999,1.3804400000000001,1.37923,1.3795600000000001
2023-11-08 23:00:00,1.3795899999999999,1.37961,1.37896,1.37923
2023-11-09 00:00:00,1.37918,1.3792499999999999,1.3787,1.37891
2023-11-09 01:00:00,1.37891,1.37943,1.37891,1.3790200000000001
2023-11-09 02:00:00,1.3790200000000001,1.3796599999999999,1.37888,1.37955
2023-11-09 03:00:00,1.37955,1.37967,1.37825,1.37876
2023-11-09 04:00:00,1.37877,1.37907,1.37831,1.37894
2023-11-09 05:00:00,1.37894,1.37935,1.37875,1.37919
2023-11-09 06:00:00,1.37919,1.3792,1.37875,1.3790499999999999
2023-11-09 07:00:00,1.3790499999999999,1.37953,1.37883,1.37941
2023-11-09 08:00:00,1.37941,1.37955,1.37817,1.37835
2023-11-09 09:00:00,1.3783400000000001,1.37916,1.3783400000000001,1.3790200000000001
2023-11-09 10:00:00,1.37904,1.38065,1.37879,1.37924
2023-11-09 11:00:00,1.37923,1.37962,1.37872,1.37891
2023-11-09 12:00:00,1.3789500000000001,1.3789500000000001,1.37818,1.37876
2023-11-09 13:00:00,1.37879,1.37981,1.3786399999999999,1.3787099999999999
2023-11-09 14:00:00,1.3787099999999999,1.3789500000000001,1.3783699999999999,1.37875
2023-11-09 15:00:00,1.3787,1.37912,1.37711,1.37812
2023-11-09 16:00:00,1.37811,1.3786399999999999,1.37603,1.37621
2023-11-09 17:00:00,1.37621,1.37761,1.37461,1.37493
2023-11-09 18:00:00,1.37493,1.37725,1.37488,1.37674
2023-11-09 19:00:00,1.37674,1.37723,1.3765800000000001,1.37693
2023-11-09 20:00:00,1.37692,1.38021,1.37667,1.3782
2023-11-09 21:00:00,1.37827,1.38158,1.37827,1.38113
2023-11-09 22:00:00,1.3811200000000001,1.3814899999999999,1.3804,1.38077
2023-11-09 23:00:00,1.38076,1.3813,1.38038,1.38048
2023-11-10 00:00:00,1.38053,1.38082,1.37974,1.38021
2023-11-10 01:00:00,1.38019,1.3814,1.38004,1.38082
2023-11-10 02:00:00,1.38083,1.38141,1.38062,1.38079
2023-11-10 03:00:00,1.3808,1.38096,1.3802400000000001,1.38028
2023-11-10 04:00:00,1.38032,1.38073,1.37982,1.37999
2023-11-10 05:00:00,1.37996,1.38034,1.37972,1.38018
2023-11-10 06:00:00,1.38021,1.38032,1.37944,1.37962
2023-11-10 07:00:00,1.3796300000000001,1.38026,1.37961,1.3798599999999999
2023-11-10 08:00:00,1.37987,1.3801,1.37907,1.37992
2023-11-10 09:00:00,1.3799299999999999,1.38032,1.3792,1.37984
2023-11-10 10:00:00,1.3798300000000001,1.38048,1.37945,1.38042
2023-11-10 11:00:00,1.38041,1.38141,1.38036,1.38063
2023-11-10 12:00:00,1.38062,1.38164,1.38062,1.3808500000000001
2023-11-10 13:00:00,1.3808799999999999,1.38177,1.3808,1.38154
2023-11-10 14:00:00,1.38155,1.38193,1.38072,1.3811200000000001
2023-11-10 15:00:00,1.38113,1.38232,1.38072,1.38215
2023-11-10 16:00:00,1.38214,1.38372,1.38171,1.38345
2023-11-10 17:00:00,1.38357,1.38545,1.3831,1.38365
2023-11-10 18:00:00,1.38366,1.3839299999999999,1.38239,1.38266
2023-11-10 19:00:00,1.38266,1.38312,1.38077,1.38096
2023-11-10 20:00:00,1.38097,1.38171,1.38011,1.3804
2023-11-10 21:00:00,1.3804,1.38097,1.37964,1.38095
2023-11-10 22:00:00,1.38095,1.3811,1.37968,1.37971
2023-11-10 23:00:00,1.37971,1.38005,1.37892,1.37933
2023-11-13 00:00:00,1.37935,1.37976,1.37831,1.37955
2023-11-13 01:00:00,1.37962,1.38013,1.37903,1.37969
2023-11-13 02:00:00,1.37969,1.3807800000000001,1.37967,1.38075
2023-11-13 03:00:00,1.38075,1.3814,1.38057,1.3808
2023-11-13 04:00:00,1.3808099999999999,1.38156,1.3805399999999999,1.38144
2023-11-13 05:00:00,1.38144,1.3819,1.3813,1.3814600000000001
2023-11-13 06:00:00,1.3814600000000001,1.38192,1.38122,1.38183
2023-11-13 07:00:00,1.38183,1.38188,1.38114,1.38126
2023-11-13 08:00:00,1.38127,1.38148,1.38066,1.38075
2023-11-13 09:00:00,1.38075,1.38089,1.37982,1.38002
2023-11-13 10:00:00,1.38002,1.38127,1.38,1.3804699999999999
2023-11-13 11:00:00,1.38046,1.38076,1.37947,1.38075
2023-11-13 12:00:00,1.38076,1.38109,1.38007,1.38019
2023-11-13 13:00:00,1.38019,1.38092,1.38003,1.38077
2023-11-13 14:00:00,1.38077,1.38259,1.38067,1.38222
2023-11-13 15:00:00,1.38221,1.38314,1.38198,1.38233
2023-11-13 16:00:00,1.38232,1.38285,1.38145,1.38185
2023-11-13 17:00:00,1.38187,1.38219,1.37981,1.37989
2023-11-13 18:00:00,1.37988,1.38,1.37767,1.37822
2023-11-13 19:00:00,1.37821,1.37937,1.37817,1.37907
2023-11-13 20:00:00,1.37907,1.37992,1.37889,1.37912
2023-11-13 21:00:00,1.37913,1.38006,1.3789799999999999,1.37974
2023-11-13 22:00:00,1.37975,1.3801700000000001,1.3795899999999999,1.38015
2023-11-13 23:00:00,1.38018,1.3807800000000001,1.3801,1.3804
2023-11-14 00:00:00,1.38011,1.3804699999999999,1.3791,1.37931
2023-11-14 01:00:00,1.37974,1.38053,1.37942,1.38007
2023-11-14 02:00:00,1.38006,1.38037,1.37987,1.3801999999999999
2023-11-14 03:00:00,1.38018,1.38053,1.3799000000000001,1.3803
2023-11-14 04:00:00,1.3803,1.38073,1.38014,1.38068
2023-11-14 05:00:00,1.38069,1.3814199999999999,1.38067,1.38111
2023-11-14 06:00:00,1.38113,1.38144,1.3809,1.38133
2023-11-14 07:00:00,1.38134,1.38216,1.38129,1.38185
2023-11-14 08:00:00,1.38185,1.3820299999999999,1.38129,1.3815
2023-11-14 09:00:00,1.3815,1.3817,1.3808799999999999,1.38137
2023-11-14 10:00:00,1.38138,1.38273,1.38076,1.38254
2023-11-14 11:00:00,1.38256,1.38273,1.38143,1.38193
2023-11-14 12:00:00,1.38194,1.38279,1.38183,1.38238
2023-11-14 13:00:00,1.3823699999999999,1.38429,1.38231,1.38354
2023-11-14 14:00:00,1.38354,1.3836300000000001,1.38293,1.38314
2023-11-14 15:00:00,1.38314,1.38333,1.37558,1.37618
2023-11-14 16:00:00,1.37618,1.37629,1.37337,1.3738000000000001
2023-11-14 17:00:00,1.3738000000000001,1.37446,1.3721700000000001,1.37255
2023-11-14 18:00:00,1.37255,1.3728500000000001,1.37082,1.3712
2023-11-14 19:00:00,1.3712,1.37173,1.37064,1.37131
2023-11-14 20:00:00,1.3713199999999999,1.37165,1.37023,1.37038
2023-11-14 21:00:00,1.37038,1.37142,1.36959,1.36962
2023-11-14 22:00:00,1.36963,1.36975,1.36842,1.3691900000000001
2023-11-14 23:00:00,1.3692,1.36935,1.36896,1.36902
2023-11-15 00:00:00,1.36833,1.36933,1.36801,1.36924
2023-11-15 01:00:00,1.36925,1.36993,1.369,1.36993
2023-11-15 02:00:00,1.36996,1.37079,1.36971,1.3704399999999999
2023-11-15 03:00:00,1.37045,1.37094,1.37002,1.37026
2023-11-15 04:00:00,1.37025,1.37025,1.3686,1.36871
2023-11-15 05:00:00,1.36873,1.36905,1.36838,1.36845
2023-11-15 06:00:00,1.36845,1.3686099999999999,1.36805,1.3686
2023-11-15 07:00:00,1.3686,1.3689,1.3683100000000001,1.36878
2023-11-15 08:00:00,1.36878,1.3689,1.36801,1.36838
2023-11-15 09:00:00,1.36837,1.36947,1.36774,1.36846
2023-11-15 10:00:00,1.36846,1.3691,1.3676300000000001,1.3685800000000001
2023-11-15 11:00:00,1.3685800000000001,1.37038,1.3685800000000001,1.36969
2023-11-15 12:00:00,1.3697,1.37005,1.3688799999999999,1.36902
2023-11-15 13:00:00,1.36902,1.3697599999999999,1.36784,1.36784
2023-11-15 14:00:00,1.36783,1.36902,1.3670499999999999,1.36733
2023-11-15 15:00:00,1.3673199999999999,1.36929,1.3659,1.36814
2023-11-15 16:00:00,1.36815,1.3694899999999999,1.36691,1.3688
2023-11-15 17:00:00,1.3688,1.36901,1.36543,1.36597
2023-11-15 18:00:00,1.36596,1.36764,1.36547,1.36662
2023-11-15 19:00:00,1.36662,1.36691,1.36578,1.36658
2023-11-15 20:00:00,1.36661,1.3685,1.36649,1.36803
2023-11-15 21:00:00,1.36803,1.3685800000000001,1.36767,1.36822
2023-11-15 22:00:00,1.36823,1.36871,1.36796,1.36821
2023-11-15 23:00:00,1.3682,1.36845,1.36803,1.36803
2023-11-16 00:00:00,1.36773,1.36865,1.36746,1.36795
2023-11-16 01:00:00,1.36789,1.3683100000000001,1.36789,1.3683
2023-11-16 02:00:00,1.3683,1.3688,1.3677000000000001,1.36849
2023-11-16 03:00:00,1.36849,1.3700999999999999,1.36843,1.3698299999999999
2023-11-16 04:00:00,1.36982,1.37124,1.3698000000000001,1.3707099999999999
2023-11-16 05:00:00,1.37072,1.37086,1.37026,1.3707799999999999
2023-11-16 06:00:00,1.37077,1.37093,1.3701699999999999,1.37026
2023-11-16 07:00:00,1.37027,1.37048,1.36981,1.36988
2023-11-16 08:00:00,1.36987,1.36987,1.36908,1.3691200000000001
2023-11-16 09:00:00,1.36913,1.37054,1.36894,1.37029
2023-11-16 10:00:00,1.37029,1.3705,1.36877,1.36881
2023-11-16 11:00:00,1.36881,1.36994,1.36859,1.36969
2023-11-16 12:00:00,1.36969,1.37055,1.36959,1.37018
2023-11-16 13:00:00,1.37018,1.3710200000000001,1.36988,1.37052
2023-11-16 14:00:00,1.37054,1.37354,1.37051,1.37282
2023-11-16 15:00:00,1.37282,1.37302,1.37058,1.37116
2023-11-16 16:00:00,1.37116,1.37465,1.371,1.37412
2023-11-16 17:00:00,1.37411,1.37572,1.37339,1.37414
2023-11-16 18:00:00,1.37412,1.37758,1.3738000000000001,1.37754
2023-11-16 19:00:00,1.37753,1.37764,1.37553,1.37594
2023-11-16 20:00:00,1.37592,1.37683,1.37527,1.37583
2023-11-16 21:00:00,1.37583,1.37638,1.37523,1.37608
2023-11-16 22:00:00,1.37608,1.37689,1.37607,1.3762699999999999
2023-11-16 23:00:00,1.3762699999999999,1.37636,1.37522,1.37522
2023-11-17 00:00:00,1.37504,1.3758,1.3747,1.3749799999999999
2023-11-17 01:00:00,1.37506,1.37555,1.3749,1.3752
2023-11-17 02:00:00,1.37519,1.37574,1.37493,1.37496
2023-11-17 03:00:00,1.3749500000000001,1.3754,1.3747099999999999,1.37504
2023-11-17 04:00:00,1.37503,1.37548,1.3746800000000001,1.37477
2023-11-17 05:00:00,1.37476,1.37511,1.3747099999999999,1.37491
2023-11-17 06:00:00,1.3749,1.37524,1.37479,1.3750499999999999
2023-11-17 07:00:00,1.37504,1.37569,1.37504,1.37506
2023-11-17 08:00:00,1.37504,1.3753,1.37486,1.3752
2023-11-17 09:00:00,1.3752,1.37673,1.37519,1.3762400000000001
2023-11-17 10:00:00,1.37625,1.37705,1.37432,1.3744100000000001
2023-11-17 11:00:00,1.37442,1.37477,1.3733,1.37425
2023-11-17 12:00:00,1.37425,1.3743699999999999,1.3719000000000001,1.3723
2023-11-17 13:00:00,1.37233,1.37343,1.37233,1.37266
2023-11-17 14:00:00,1.37267,1.37341,1.37145,1.37182
2023-11-17 15:00:00,1.37182,1.37283,1.37112,1.3721700000000001
2023-11-17 16:00:00,1.37216,1.37327,1.37085,1.37264
2023-11-17 17:00:00,1.37263,1.37304,1.3707799999999999,1.37276
2023-11-17 18:00:00,1.37277,1.37461,1.37201,1.37414
2023-11-17 19:00:00,1.37414,1.37417,1.37236,1.37249
2023-11-17 20:00:00,1.37248,1.37274,1.37096,1.37133
2023-11-17 21:00:00,1.37133,1.37203,1.37133,1.3718
2023-11-17 22:00:00,1.3718,1.37181,1.37093,1.37144
2023-11-17 23:00:00,1.37143,1.37179,1.3711,1.3714
2023-11-20 00:00:00,1.37067,1.3716,1.37052,1.37112
2023-11-20 01:00:00,1.37113,1.37204,1.37107,1.37203
2023-11-20 02:00:00,1.37203,1.37268,1.37203,1.3723
2023-11-20 03:00:00,1.37229,1.37245,1.37113,1.37175
2023-11-20 04:00:00,1.37175,1.37191,1.36996,1.37
2023-11-20 05:00:00,1.37,1.37033,1.36968,1.36984
2023-11-20 06:00:00,1.36984,1.36984,1.3689200000000001,1.3698000000000001
2023-11-20 07:00:00,1.3698000000000001,1.37069,1.36943,1.37053
2023-11-20 08:00:00,1.37053,1.37067,1.37003,1.37062
2023-11-20 09:00:00,1.37063,1.37085,1.36962,1.37061
2023-11-20 10:00:00,1.37061,1.3717,1.36988,1.37168
2023-11-20 11:00:00,1.37169,1.37175,1.3699,1.36998
2023-11-20 12:00:00,1.36996,1.37115,1.36993,1.3709
2023-11-20 13:00:00,1.37091,1.3721,1.37066,1.37179
2023-11-20 14:00:00,1.37176,1.3726099999999999,1.37157,1.3721999999999999
2023-11-20 15:00:00,1.37218,1.37257,1.37113,1.37135
2023-11-20 16:00:00,1.37134,1.37461,1.37083,1.37395
2023-11-20 17:00:00,1.37395,1.37489,1.3728,1.37294
2023-11-20 18:00:00,1.37294,1.37364,1.3719299999999999,1.3719299999999999
2023-11-20 19:00:00,1.37196,1.37326,1.3716599999999999,1.37259
2023-11-20 20:00:00,1.37259,1.37279,1.37117,1.37226
2023-11-20 21:00:00,1.3722699999999999,1.37314,1.37202,1.37226
2023-11-20 22:00:00,1.37226,1.3727,1.3719700000000001,1.37245
2023-11-20 23:00:00,1.37245,1.37282,1.37222,1.37222
2023-11-21 00:00:00,1.37178,1.3727,1.37113,1.37203
2023-11-21 01:00:00,1.37201,1.37264,1.37196,1.37262
2023-11-21 02:00:00,1.37268,1.37293,1.37147,1.37188
2023-11-21 03:00:00,1.37188,1.37223,1.37109,1.3715
2023-11-21 04:00:00,1.37151,1.3719000000000001,1.37069,1.37091
2023-11-21 05:00:00,1.3709,1.37113,1.37047,1.37085
2023-11-21 06:00:00,1.37086,1.37137,1.37046,1.37131
2023-11-21 07:00:00,1.3713199999999999,1.37242,1.37087,1.37234
2023-11-21 08:00:00,1.37234,1.3727,1.37211,1.3725100000000001
2023-11-21 09:00:00,1.37252,1.37266,1.3716599999999999,1.37235
2023-11-21 10:00:00,1.37234,1.37307,1.37175,1.37231
2023-11-21 11:00:00,1.3723,1.37303,1.37115,1.37283
2023-11-21 12:00:00,1.37283,1.373,1.36989,1.37048
2023-11-21 13:00:00,1.37049,1.3715600000000001,1.37021,1.37123
2023-11-21 14:00:00,1.37124,1.37242,1.37027,1.3723
2023-11-21 15:00:00,1.37229,1.3724,1.36952,1.37073
2023-11-21 16:00:00,1.37072,1.37112,1.36905,1.3695
2023-11-21 17:00:00,1.3695,1.37036,1.3682,1.36893
2023-11-21 18:00:00,1.36891,1.36943,1.36806,1.3691200000000001
2023-11-21 19:00:00,1.36911,1.3697,1.36882,1.36928
2023-11-21 20:00:00,1.36927,1.3703400000000001,1.36924,1.36959
2023-11-21 21:00:00,1.3696,1.37049,1.36925,1.36997
2023-11-21 22:00:00,1.36992,1.37038,1.36966,1.36979
2023-11-21 23:00:00,1.36979,1.3703,1.36957,1.36996
2023-11-22 00:00:00,1.3697599999999999,1.37009,1.36929,1.36977
2023-11-22 01:00:00,1.36975,1.3701699999999999,1.3697,1.37001
2023-11-22 02:00:00,1.37002,1.3701699999999999,1.36978,1.36996
2023-11-22 03:00:00,1.36996,1.37027,1.36901,1.37027
2023-11-22 04:00:00,1.37027,1.37054,1.36979,1.37015
2023-11-22 05:00:00,1.37015,1.37053,1.3697300000000001,1.3704
2023-11-22 06:00:00,1.3704100000000001,1.37047,1.37001,1.37016
2023-11-22 07:00:00,1.37016,1.37112,1.37001,1.3710200000000001
2023-11-22 08:00:00,1.3710200000000001,1.3725100000000001,1.3709799999999999,1.37228
2023-11-22 09:00:00,1.37226,1.3723,1.3710200000000001,1.37142
2023-11-22 10:00:00,1.37142,1.3727800000000001,1.37054,1.37231
2023-11-22 11:00:00,1.37231,1.37231,1.37066,1.37113
2023-11-22 12:00:00,1.37113,1.37137,1.3704399999999999,1.3705
2023-11-22 13:00:00,1.3705,1.37101,1.36984,1.37072
2023-11-22 14:00:00,1.37072,1.3724,1.37023,1.37117
2023-11-22 15:00:00,1.37117,1.37438,1.37077,1.37311
2023-11-22 16:00:00,1.37304,1.37533,1.37291,1.37472
2023-11-22 17:00:00,1.37474,1.3765100000000001,1.37397,1.37439
2023-11-22 18:00:00,1.37438,1.37458,1.37329,1.37339
2023-11-22 19:00:00,1.37338,1.37345,1.37079,1.3708
2023-11-22 20:00:00,1.3708,1.37081,1.36931,1.37026
2023-11-22 21:00:00,1.37024,1.37121,1.36963,1.37021
2023-11-22 22:00:00,1.37022,1.3703699999999999,1.3692199999999999,1.36937
2023-11-22 23:00:00,1.36935,1.36936,1.3685,1.3685
2023-11-23 00:00:00,1.3685,1.3692,1.36815,1.36857
2023-11-23 01:00:00,1.3686099999999999,1.36923,1.36847,1.3692
2023-11-23 02:00:00,1.36923,1.36923,1.3684,1.36856
2023-11-23 03:00:00,1.36857,1.36926,1.3685399999999999,1.36864
2023-11-23 04:00:00,1.36864,1.36866,1.36808,1.36821
2023-11-23 05:00:00,1.3682,1.36873,1.36812,1.36814
2023-11-23 06:00:00,1.3681,1.36838,1.3679700000000001,1.36813
2023-11-23 07:00:00,1.36814,1.36829,1.3664,1.36652
2023-11-23 08:00:00,1.3665,1.36653,1.36578,1.36621
2023-11-23 09:00:00,1.36621,1.3667,1.36504,1.3658000000000001
2023-11-23 10:00:00,1.3658299999999999,1.3673,1.36545,1.3665
2023-11-23 11:00:00,1.36651,1.36886,1.36618,1.36838
2023-11-23 12:00:00,1.36839,1.3689,1.3681,1.36835
2023-11-23 13:00:00,1.36835,1.36866,1.36758,1.3683
2023-11-23 14:00:00,1.3683100000000001,1.37011,1.3682699999999999,1.37004
2023-11-23 15:00:00,1.37006,1.3710499999999999,1.36993,1.3704
2023-11-23 16:00:00,1.3704,1.3709500000000001,1.37,1.37047
2023-11-23 17:00:00,1.37046,1.37067,1.36907,1.36987
2023-11-23 18:00:00,1.36987,1.37021,1.36935,1.36941
2023-11-23 19:00:00,1.3694,1.37013,1.3691,1.3697
2023-11-23 20:00:00,1.36971,1.3701699999999999,1.3697,1.36972
2023-11-23 21:00:00,1.36972,1.36981,1.36899,1.3695
2023-11-23 22:00:00,1.36954,1.36962,1.3694,1.3695300000000001
2023-11-23 23:00:00,1.36952,1.36993,1.36939,1.36939
2023-11-24 00:00:00,1.36832,1.36961,1.36832,1.3692199999999999
2023-11-24 01:00:00,1.3692199999999999,1.36964,1.3692199999999999,1.3695599999999999
2023-11-24 02:00:00,1.36957,1.36961,1.36917,1.36925
2023-11-24 03:00:00,1.36927,1.36999,1.36921,1.36961
2023-11-24 04:00:00,1.36962,1.3708,1.36957,1.3707
2023-11-24 05:00:00,1.3707,1.37112,1.37052,1.37056
2023-11-24 06:00:00,1.37057,1.3707799999999999,1.37023,1.37023
2023-11-24 07:00:00,1.37024,1.37029,1.36961,1.36969
2023-11-24 08:00:00,1.3697,1.37038,1.3697,1.37003
2023-11-24 09:00:00,1.37002,1.37065,1.36928,1.36943
2023-11-24 10:00:00,1.36945,1.3698299999999999,1.36857,1.36864
2023-11-24 11:00:00,1.36864,1.36924,1.36807,1.3692199999999999
2023-11-24 12:00:00,1.3692199999999999,1.36937,1.3685,1.36875
2023-11-24 13:00:00,1.36873,1.3691,1.36822,1.36839
2023-11-24 14:00:00,1.36839,1.36845,1.36751,1.3679999999999999
2023-11-24 15:00:00,1.36799,1.36876,1.36537,1.36587
2023-11-24 16:00:00,1.36588,1.3660700000000001,1.36064,1.36079
2023-11-24 17:00:00,1.36077,1.36134,1.3593199999999999,1.3601
2023-11-24 18:00:00,1.3601,1.36116,1.35971,1.36098
2023-11-24 19:00:00,1.36097,1.36185,1.3608799999999999,1.36091
2023-11-24 20:00:00,1.3609499999999999,1.36378,1.36064,1.36198
2023-11-24 21:00:00,1.36199,1.3624100000000001,1.36129,1.36222
2023-11-24 22:00:00,1.3622,1.36346,1.36191,1.36326
2023-11-24 23:00:00,1.36327,1.36385,1.3620999999999999,1.36274
2023-11-27 00:00:00,1.36282,1.36361,1.36252,1.36338
2023-11-27 01:00:00,1.36341,1.36341,1.36235,1.36304
2023-11-27 02:00:00,1.36306,1.36383,1.36291,1.36378
2023-11-27 03:00:00,1.36379,1.36399,1.3624100000000001,1.36306
2023-11-27 04:00:00,1.36306,1.3651,1.36304,1.36483
2023-11-27 05:00:00,1.36481,1.36595,1.36465,1.3654899999999999
2023-11-27 06:00:00,1.3654899999999999,1.36606,1.36518,1.36537
2023-11-27 07:00:00,1.36541,1.3655,1.36478,1.3651499999999999
2023-11-27 08:00:00,1.36516,1.36539,1.36422,1.3645100000000001
2023-11-27 09:00:00,1.3645,1.3645,1.36297,1.36331
2023-11-27 10:00:00,1.36331,1.36441,1.3622,1.3639299999999999
2023-11-27 11:00:00,1.36394,1.36506,1.3638,1.36506
2023-11-27 12:00:00,1.36505,1.36584,1.36375,1.36381
2023-11-27 13:00:00,1.36378,1.36453,1.36304,1.36308
2023-11-27 14:00:00,1.3630900000000001,1.36372,1.36219,1.36326
2023-11-27 15:00:00,1.36325,1.3645100000000001,1.36261,1.36421
2023-11-27 16:00:00,1.3642,1.36497,1.36357,1.36469
2023-11-27 17:00:00,1.36467,1.36529,1.3635,1.36365
2023-11-27 18:00:00,1.3636300000000001,1.3642699999999999,1.36294,1.36345
2023-11-27 19:00:00,1.36345,1.3645100000000001,1.36331,1.36403
2023-11-27 20:00:00,1.36402,1.36436,1.3624399999999999,1.36273
2023-11-27 21:00:00,1.36274,1.3627799999999999,1.36193,1.36229
2023-11-27 22:00:00,1.36228,1.3627500000000001,1.36147,1.36151
2023-11-27 23:00:00,1.36154,1.36173,1.36129,1.36129
2023-11-28 00:00:00,1.36141,1.36194,1.3612199999999999,1.3614899999999999
2023-11-28 01:00:00,1.3614899999999999,1.3614899999999999,1.36048,1.3605800000000001
2023-11-28 02:00:00,1.36052,1.3608799999999999,1.3602400000000001,1.36075
2023-11-28 03:00:00,1.36073,1.36107,1.36012,1.36071
2023-11-28 04:00:00,1.36073,1.36082,1.35986,1.3603399999999999
2023-11-28 05:00:00,1.36035,1.36063,1.36025,1.36042
2023-11-28 06:00:00,1.36041,1.36054,1.36016,1.3604
2023-11-28 07:00:00,1.36042,1.36076,1.36028,1.36059
2023-11-28 08:00:00,1.3606,1.36071,1.35928,1.35946
2023-11-28 09:00:00,1.35947,1.36025,1.35946,1.35981
2023-11-28 10:00:00,1.35981,1.36068,1.35907,1.36028
2023-11-28 11:00:00,1.36025,1.36071,1.35856,1.35856
2023-11-28 12:00:00,1.35855,1.35879,1.35745,1.35837
2023-11-28 13:00:00,1.35835,1.3593199999999999,1.35773,1.35847
2023-11-28 14:00:00,1.3584800000000001,1.35962,1.35736,1.35942
2023-11-28 15:00:00,1.35941,1.36129,1.3591,1.35955
2023-11-28 16:00:00,1.35954,1.36008,1.35765,1.35897
2023-11-28 17:00:00,1.35888,1.3606099999999999,1.35752,1.3582
2023-11-28 18:00:00,1.35821,1.35906,1.35616,1.35638
2023-11-28 19:00:00,1.35636,1.35788,1.3559700000000001,1.35765
2023-11-28 20:00:00,1.3576,1.35872,1.35737,1.35768
2023-11-28 21:00:00,1.35769,1.35773,1.35611,1.3565800000000001
2023-11-28 22:00:00,1.35659,1.35808,1.35659,1.35744
2023-11-28 23:00:00,1.35744,1.35773,1.3569499999999999,1.35701
2023-11-29 00:00:00,1.3561,1.35744,1.3561,1.35697
2023-11-29 01:00:00,1.35697,1.35708,1.3562699999999999,1.35654
2023-11-29 02:00:00,1.35653,1.35675,1.35531,1.35547
2023-11-29 03:00:00,1.35547,1.35547,1.35413,1.35456
2023-11-29 04:00:00,1.3545099999999999,1.35495,1.35407,1.35429
2023-11-29 05:00:00,1.35427,1.35481,1.35423,1.35471
2023-11-29 06:00:00,1.35472,1.35494,1.35469,1.35476
2023-11-29 07:00:00,1.35476,1.35514,1.35442,1.35477
2023-11-29 08:00:00,1.3547799999999999,1.3555,1.35429,1.35459
2023-11-29 09:00:00,1.35461,1.35662,1.35461,1.35652
2023-11-29 10:00:00,1.35654,1.35739,1.35583,1.35672
2023-11-29 11:00:00,1.35673,1.35825,1.35639,1.35768
2023-11-29 12:00:00,1.35767,1.35938,1.3574,1.35862
2023-11-29 13:00:00,1.35865,1.35893,1.35672,1.35679
2023-11-29 14:00:00,1.3568,1.35793,1.35654,1.35762
2023-11-29 15:00:00,1.35762,1.35933,1.35758,1.3593199999999999
2023-11-29 16:00:00,1.35933,1.3603,1.35735,1.35861
2023-11-29 17:00:00,1.35861,1.36121,1.35663,1.35889
2023-11-29 18:00:00,1.35893,1.36148,1.35845,1.3596
2023-11-29 19:00:00,1.3596,1.3599999999999999,1.35827,1.35838
2023-11-29 20:00:00,1.35838,1.35887,1.35765,1.35789
2023-11-29 21:00:00,1.35789,1.35899,1.35711,1.35839
2023-11-29 22:00:00,1.3584,1.35989,1.35834,1.35938
2023-11-29 23:00:00,1.35942,1.35942,1.35847,1.35862
2023-11-30 00:00:00,1.3575,1.3592,1.3575,1.3585
2023-11-30 01:00:00,1.3585,1.3592,1.3585,1.35916
2023-11-30 02:00:00,1.35921,1.35924,1.35834,1.35842
2023-11-30 03:00:00,1.3584100000000001,1.35938,1.35829,1.35923
2023-11-30 04:00:00,1.35923,1.35934,1.35774,1.3578299999999999
2023-11-30 05:00:00,1.35782,1.35825,1.35771,1.35784
2023-11-30 06:00:00,1.35784,1.3578999999999999,1.35743,1.3575300000000001
2023-11-30 07:00:00,1.35752,1.35819,1.35732,1.35791
2023-11-30 08:00:00,1.3578999999999999,1.35791,1.3567,1.35746
2023-11-30 09:00:00,1.35745,1.36003,1.35734,1.35857
2023-11-30 10:00:00,1.35855,1.3607,1.35763,1.36056
2023-11-30 11:00:00,1.36056,1.36074,1.35982,1.36059
2023-11-30 12:00:00,1.3605800000000001,1.36159,1.3600400000000001,1.36066
2023-11-30 13:00:00,1.36066,1.36198,1.3602400000000001,1.361
2023-11-30 14:00:00,1.36099,1.36145,1.3602699999999999,1.36091
2023-11-30 15:00:00,1.36086,1.36253,1.35882,1.36206
2023-11-30 16:00:00,1.36206,1.36264,1.35884,1.35884
2023-11-30 17:00:00,1.35885,1.35885,1.35521,1.35639
2023-11-30 18:00:00,1.35638,1.35896,1.3554,1.35869
2023-11-30 19:00:00,1.3587,1.3587799999999999,1.35777,1.35845
2023-11-30 20:00:00,1.35847,1.3584800000000001,1.35698,1.35748
2023-11-30 21:00:00,1.35747,1.35751,1.35639,1.3567
2023-11-30 22:00:00,1.35671,1.35759,1.35645,1.3568500000000001
2023-11-30 23:00:00,1.35683,1.357,1.35577,1.35583
2023-12-01 00:00:00,1.35577,1.35641,1.35527,1.35608
2023-12-01 01:00:00,1.35609,1.35617,1.35558,1.35565
2023-12-01 02:00:00,1.35565,1.3557299999999999,1.35403,1.35408
2023-12-01 03:00:00,1.35406,1.35413,1.3535599999999999,1.3537
2023-12-01 04:00:00,1.35372,1.35427,1.35344,1.35419
2023-12-01 05:00:00,1.35418,1.3550200000000001,1.35409,1.3544399999999999
2023-12-01 06:00:00,1.3544399999999999,1.35494,1.35416,1.3542100000000001
2023-12-01 07:00:00,1.3542100000000001,1.35463,1.35373,1.35379
2023-12-01 08:00:00,1.35381,1.35452,1.35379,1.35447
2023-12-01 09:00:00,1.3545,1.35501,1.35402,1.35409
2023-12-01 10:00:00,1.35409,1.35409,1.35247,1.3526099999999999
2023-12-01 11:00:00,1.3526500000000001,1.35272,1.35178,1.35187
2023-12-01 12:00:00,1.35186,1.35338,1.35185,1.3528
2023-12-01 13:00:00,1.35281,1.3529,1.35214,1.35223
2023-12-01 14:00:00,1.35223,1.35493,1.35172,1.3548499999999999
2023-12-01 15:00:00,1.3548499999999999,1.3551,1.35249,1.35275
2023-12-01 16:00:00,1.35283,1.35302,1.35066,1.35087
2023-12-01 17:00:00,1.35073,1.35216,1.34952,1.35153
2023-12-01 18:00:00,1.35152,1.35211,1.3494,1.34958
2023-12-01 19:00:00,1.3496000000000001,1.34988,1.34871,1.34957
2023-12-01 20:00:00,1.3496000000000001,1.35138,1.34947,1.35008
2023-12-01 21:00:00,1.35007,1.35022,1.34927,1.34934
2023-12-01 22:00:00,1.34932,1.34985,1.3491900000000001,1.34964
2023-12-01 23:00:00,1.34961,1.34988,1.34928,1.34933
2023-12-04 00:00:00,1.34996,1.35009,1.34914,1.3496000000000001
2023-12-04 01:00:00,1.3496000000000001,1.3496000000000001,1.3479700000000001,1.34891
2023-12-04 02:00:00,1.34887,1.35009,1.34864,1.35004
2023-12-04 03:00:00,1.35003,1.35121,1.34982,1.35091
2023-12-04 04:00:00,1.35091,1.3513899999999999,1.35074,1.35086
2023-12-04 05:00:00,1.35091,1.35174,1.35073,1.35174
2023-12-04 06:00:00,1.35174,1.35226,1.35171,1.35184
2023-12-04 07:00:00,1.35184,1.3524,1.35167,1.35215
2023-12-04 08:00:00,1.35216,1.3527,1.35153,1.35252
2023-12-04 09:00:00,1.35251,1.35379,1.3519,1.35368
2023-12-04 10:00:00,1.35367,1.35442,1.3532899999999999,1.35393
2023-12-04 11:00:00,1.35392,1.35481,1.3536000000000001,1.35393
2023-12-04 12:00:00,1.35393,1.3548499999999999,1.3538299999999999,1.35446
2023-12-04 13:00:00,1.35446,1.35515,1.3533,1.35397
2023-12-04 14:00:00,1.35397,1.35408,1.35283,1.35325
2023-12-04 15:00:00,1.35328,1.35435,1.35255,1.35402
2023-12-04 16:00:00,1.354,1.3562,1.35249,1.35325
2023-12-04 17:00:00,1.35327,1.35436,1.35176,1.35382
2023-12-04 18:00:00,1.3538299999999999,1.35531,1.35331,1.3538999999999999
2023-12-04 19:00:00,1.35389,1.3538999999999999,1.35286,1.35314
2023-12-04 20:00:00,1.3531,1.3554599999999999,1.3531,1.35504
2023-12-04 21:00:00,1.3550499999999999,1.35511,1.35404,1.3542100000000001
2023-12-04 22:00:00,1.3542100000000001,1.35522,1.35375,1.354
2023-12-04 23:00:00,1.35397,1.35412,1.35342,1.3535
2023-12-05 00:00:00,1.3531,1.35368,1.3529499999999999,1.35351
2023-12-05 01:00:00,1.35332,1.35419,1.35321,1.35393
2023-12-05 02:00:00,1.35393,1.35433,1.35364,1.35411
2023-12-05 03:00:00,1.35412,1.35554,1.35378,1.35488
2023-12-05 04:00:00,1.35487,1.3560699999999999,1.35467,1.3559999999999999
2023-12-05 05:00:00,1.35601,1.3565800000000001,1.35517,1.35589
2023-12-05 06:00:00,1.3559,1.3559700000000001,1.35552,1.35577
2023-12-05 07:00:00,1.35577,1.3562,1.35547,1.35556
2023-12-05 08:00:00,1.35555,1.3565,1.35547,1.35581
2023-12-05 09:00:00,1.35582,1.3568,1.35582,1.35666
2023-12-05 10:00:00,1.35666,1.35666,1.3550200000000001,1.3555
2023-12-05 11:00:00,1.35553,1.35608,1.35498,1.3553600000000001
2023-12-05 12:00:00,1.35535,1.35657,1.35532,1.3563
2023-12-05 13:00:00,1.3563,1.3572,1.35545,1.35713
2023-12-05 14:00:00,1.35712,1.35863,1.35704,1.35853
2023-12-05 15:00:00,1.35854,1.35919,1.35821,1.35868
2023-12-05 16:00:00,1.35865,1.35891,1.35693,1.35838
2023-12-05 17:00:00,1.35811,1.35845,1.3559999999999999,1.35601
2023-12-05 18:00:00,1.35601,1.35854,1.3556300000000001,1.35792
2023-12-05 19:00:00,1.35793,1.3581699999999999,1.35689,1.35717
2023-12-05 20:00:00,1.35717,1.35815,1.35693,1.35775
2023-12-05 21:00:00,1.35774,1.3587799999999999,1.3575300000000001,1.35869
2023-12-05 22:00:00,1.35869,1.3593,1.35849,1.3592
2023-12-05 23:00:00,1.35921,1.3594,1.35892,1.35892
2023-12-06 00:00:00,1.35797,1.35903,1.3575599999999999,1.35887
2023-12-06 01:00:00,1.35893,1.35944,1.35872,1.35917
2023-12-06 02:00:00,1.3592,1.3592,1.35784,1.35784
2023-12-06 03:00:00,1.35785,1.35798,1.35697,1.3573
2023-12-06 04:00:00,1.3573,1.35765,1.35679,1.35739
2023-12-06 05:00:00,1.35739,1.35739,1.3569499999999999,1.35703
2023-12-06 06:00:00,1.35702,1.35758,1.35698,1.35747
2023-12-06 07:00:00,1.35748,1.35775,1.35703,1.35742
2023-12-06 08:00:00,1.35743,1.35794,1.35742,1.35772
2023-12-06 09:00:00,1.35771,1.35789,1.3559,1.35655
2023-12-06 10:00:00,1.35654,1.35789,1.35592,1.35785
2023-12-06 11:00:00,1.35785,1.3587099999999999,1.3572,1.35842
2023-12-06 12:00:00,1.3584100000000001,1.35889,1.35774,1.35801
2023-12-06 13:00:00,1.35805,1.35843,1.35707,1.35747
2023-12-06 14:00:00,1.35747,1.35747,1.35614,1.35643
2023-12-06 15:00:00,1.35646,1.35693,1.35523,1.3562699999999999
2023-12-06 16:00:00,1.35626,1.3572600000000001,1.35487,1.3569200000000001
2023-12-06 17:00:00,1.35689,1.3576,1.35515,1.35638
2023-12-06 18:00:00,1.35639,1.35861,1.35606,1.3582
2023-12-06 19:00:00,1.3582,1.35897,1.35765,1.35825
2023-12-06 20:00:00,1.35826,1.3589,1.35706,1.35723
2023-12-06 21:00:00,1.35723,1.35881,1.35656,1.35873
2023-12-06 22:00:00,1.3587,1.35962,1.35853,1.35918
2023-12-06 23:00:00,1.35919,1.35959,1.35889,1.35906
2023-12-07 00:00:00,1.35914,1.35954,1.35836,1.3591
2023-12-07 01:00:00,1.35916,1.3594,1.35901,1.35915
2023-12-07 02:00:00,1.35914,1.3593899999999999,1.35891,1.35933
2023-12-07 03:00:00,1.3593600000000001,1.3596,1.35891,1.35928
2023-12-07 04:00:00,1.35929,1.36007,1.35895,1.35984
2023-12-07 05:00:00,1.35983,1.36077,1.35955,1.36054
2023-12-07 06:00:00,1.36056,1.36064,1.36017,1.36032
2023-12-07 07:00:00,1.36032,1.36077,1.36013,1.3607
2023-12-07 08:00:00,1.36068,1.36079,1.35998,1.36002
2023-12-07 09:00:00,1.35993,1.36016,1.35847,1.35864
2023-12-07 10:00:00,1.3586,1.35994,1.35837,1.35969
2023-12-07 11:00:00,1.3597000000000001,1.35998,1.35856,1.3587500000000001
2023-12-07 12:00:00,1.35866,1.35946,1.35865,1.35885
2023-12-07 13:00:00,1.35886,1.35956,1.35857,1.35942
2023-12-07 14:00:00,1.3594,1.36077,1.35933,1.36077
2023-12-07 15:00:00,1.36073,1.36128,1.35865,1.3591
2023-12-07 16:00:00,1.3591,1.3611,1.35867,1.3611
2023-12-07 17:00:00,1.36113,1.36193,1.35988,1.36014
2023-12-07 18:00:00,1.36012,1.36018,1.3587500000000001,1.3596300000000001
2023-12-07 19:00:00,1.35964,1.36108,1.35881,1.3591
2023-12-07 20:00:00,1.35917,1.35987,1.3585,1.3590499999999999
2023-12-07 21:00:00,1.35907,1.3593899999999999,1.35837,1.35927
2023-12-07 22:00:00,1.3593,1.35967,1.35873,1.35961
2023-12-07 23:00:00,1.3596,1.36038,1.35951,1.3597000000000001
2023-12-08 00:00:00,1.35922,1.36009,1.3584,1.35984
2023-12-08 01:00:00,1.35989,1.36008,1.35948,1.35962
2023-12-08 02:00:00,1.3596300000000001,1.35979,1.35852,1.35858
2023-12-08 03:00:00,1.35857,1.35949,1.35723,1.35806
2023-12-08 04:00:00,1.3580999999999999,1.35832,1.35738,1.35772
2023-12-08 05:00:00,1.35771,1.35788,1.35711,1.35737
2023-12-08 06:00:00,1.35738,1.35771,1.35713,1.35751
2023-12-08 07:00:00,1.35752,1.35808,1.35751,1.35796
2023-12-08 08:00:00,1.35796,1.35822,1.35757,1.35781
2023-12-08 09:00:00,1.35779,1.35918,1.35778,1.35881
2023-12-08 10:00:00,1.3588,1.35931,1.35816,1.35823
2023-12-08 11:00:00,1.35822,1.35854,1.35778,1.35799
2023-12-08 12:00:00,1.35798,1.3580999999999999,1.35718,1.35742
2023-12-08 13:00:00,1.35742,1.35845,1.35647,1.35819
2023-12-08 14:00:00,1.35821,1.35862,1.35736,1.35797
2023-12-08 15:00:00,1.35798,1.36006,1.35648,1.3587099999999999
2023-12-08 16:00:00,1.35874,1.36078,1.3580999999999999,1.35866
2023-12-08 17:00:00,1.3582,1.35921,1.3550499999999999,1.35822
2023-12-08 18:00:00,1.35827,1.35988,1.35755,1.35969
2023-12-08 19:00:00,1.35969,1.36097,1.35955,1.35986
2023-12-08 20:00:00,1.35981,1.3604,1.35877,1.3590200000000001
2023-12-08 21:00:00,1.359,1.3590499999999999,1.35818,1.35839
2023-12-08 22:00:00,1.35839,1.35877,1.35818,1.35873
2023-12-08 23:00:00,1.35872,1.35908,1.35793,1.35802
2023-12-11 00:00:00,1.35782,1.35879,1.35778,1.35818
2023-12-11 01:00:00,1.35807,1.35865,1.3578999999999999,1.35808
2023-12-11 02:00:00,1.35809,1.35877,1.35791,1.35846
2023-12-11 03:00:00,1.35845,1.3598,1.3583,1.3596599999999999
2023-12-11 04:00:00,1.3596300000000001,1.3599999999999999,1.35948,1.35976
2023-12-11 05:00:00,1.35975,1.36002,1.35974,1.3599700000000001
2023-12-11 06:00:00,1.3599700000000001,1.36036,1.35996,1.36018
2023-12-11 07:00:00,1.36017,1.36048,1.35961,1.35964
2023-12-11 08:00:00,1.35964,1.3597000000000001,1.35903,1.35908
2023-12-11 09:00:00,1.3590900000000001,1.3595,1.35825,1.3592
2023-12-11 10:00:00,1.35919,1.35977,1.35807,1.35957
2023-12-11 11:00:00,1.35956,1.35984,1.35861,1.35929
2023-12-11 12:00:00,1.35928,1.3596599999999999,1.35872,1.35944
2023-12-11 13:00:00,1.3595,1.35992,1.35904,1.35919
2023-12-11 14:00:00,1.35917,1.35917,1.35712,1.35727
2023-12-11 15:00:00,1.35727,1.35818,1.3568500000000001,1.35754
2023-12-11 16:00:00,1.35752,1.35788,1.35602,1.35642
2023-12-11 17:00:00,1.35643,1.35679,1.3550200000000001,1.35644
2023-12-11 18:00:00,1.35645,1.35777,1.3563399999999999,1.35707
2023-12-11 19:00:00,1.35706,1.3589,1.35679,1.35766
2023-12-11 20:00:00,1.35766,1.35793,1.3562699999999999,1.35649
2023-12-11 21:00:00,1.35647,1.35718,1.35629,1.357
2023-12-11 22:00:00,1.35699,1.3574899999999999,1.3568,1.35713
2023-12-11 23:00:00,1.35713,1.3574899999999999,1.35709,1.35733
2023-12-12 00:00:00,1.35731,1.35764,1.3560400000000001,1.35757
2023-12-12 01:00:00,1.35766,1.35789,1.35743,1.3578000000000001
2023-12-12 02:00:00,1.35782,1.35786,1.35684,1.35698
2023-12-12 03:00:00,1.35694,1.35694,1.35641,1.35671
2023-12-12 04:00:00,1.35672,1.35677,1.35622,1.3566099999999999
2023-12-12 05:00:00,1.3566,1.35662,1.35551,1.35562
2023-12-12 06:00:00,1.35562,1.35599,1.35555,1.35571
2023-12-12 07:00:00,1.35571,1.35575,1.35522,1.35541
2023-12-12 08:00:00,1.35542,1.3556300000000001,1.35489,1.35493
2023-12-12 09:00:00,1.35492,1.35571,1.35491,1.35554
2023-12-12 10:00:00,1.35556,1.35676,1.35554,1.35673
2023-12-12 11:00:00,1.35675,1.35731,1.35641,1.35666
2023-12-12 12:00:00,1.35667,1.35717,1.35622,1.35683
2023-12-12 13:00:00,1.35687,1.35736,1.35648,1.3566
2023-12-12 14:00:00,1.35659,1.35734,1.35645,1.35678
2023-12-12 15:00:00,1.35676,1.35897,1.3545,1.35877
2023-12-12 16:00:00,1.35881,1.36147,1.35836,1.36106
2023-12-12 17:00:00,1.36104,1.36172,1.35958,1.36014
2023-12-12 18:00:00,1.36013,1.36161,1.35999,1.36125
2023-12-12 19:00:00,1.36123,1.36185,1.36032,1.36097
2023-12-12 20:00:00,1.36097,1.36107,1.35961,1.36018
2023-12-12 21:00:00,1.36019,1.36053,1.35945,1.35955
2023-12-12 22:00:00,1.35957,1.3596,1.35891,1.35922
2023-12-12 23:00:00,1.35921,1.35934,1.35882,1.35883
2023-12-13 00:00:00,1.35863,1.35913,1.35853,1.35901
2023-12-13 01:00:00,1.35903,1.35906,1.35845,1.3585099999999999
2023-12-13 02:00:00,1.3585099999999999,1.35903,1.35849,1.35897
2023-12-13 03:00:00,1.35895,1.35951,1.35873,1.35891
2023-12-13 04:00:00,1.35888,1.35969,1.35887,1.35964
2023-12-13 05:00:00,1.35961,1.3599700000000001,1.35937,1.35957
2023-12-13 06:00:00,1.35958,1.35984,1.35931,1.35946
2023-12-13 07:00:00,1.35947,1.35948,1.35911,1.3591199999999999
2023-12-13 08:00:00,1.35914,1.3602699999999999,1.35906,1.35962
2023-12-13 09:00:00,1.35961,1.36057,1.3591,1.35995
2023-12-13 10:00:00,1.35996,1.36083,1.35978,1.36026
2023-12-13 11:00:00,1.3602699999999999,1.36044,1.35886,1.35929
2023-12-13 12:00:00,1.35933,1.35949,1.35873,1.3593
2023-12-13 13:00:00,1.35931,1.35935,1.35853,1.35885
2023-12-13 14:00:00,1.35884,1.35888,1.35742,1.35845
2023-12-13 15:00:00,1.3584399999999999,1.3584399999999999,1.35583,1.35587
2023-12-13 16:00:00,1.35583,1.3574,1.35504,1.35705
2023-12-13 17:00:00,1.35707,1.35895,1.3569499999999999,1.35738
2023-12-13 18:00:00,1.35738,1.35818,1.35648,1.35702
2023-12-13 19:00:00,1.35701,1.35853,1.35677,1.35835
2023-12-13 20:00:00,1.35833,1.35915,1.35802,1.35857
2023-12-13 21:00:00,1.35866,1.35866,1.34991,1.35022
2023-12-13 22:00:00,1.3502100000000001,1.35176,1.3495,1.34984
2023-12-13 23:00:00,1.34985,1.35178,1.34943,1.35153
2023-12-14 00:00:00,1.35063,1.35172,1.35003,1.35123
2023-12-14 01:00:00,1.35096,1.3514300000000001,1.35023,1.35097
2023-12-14 02:00:00,1.35098,1.35099,1.34945,1.3495300000000001
2023-12-14 03:00:00,1.34952,1.34958,1.34832,1.3484
2023-12-14 04:00:00,1.34839,1.34849,1.34631,1.34637
2023-12-14 05:00:00,1.34637,1.3467799999999999,1.3456299999999999,1.34627
2023-12-14 06:00:00,1.3462100000000001,1.34699,1.34591,1.34691
2023-12-14 07:00:00,1.34692,1.34762,1.3468200000000001,1.34696
2023-12-14 08:00:00,1.34694,1.34762,1.34687,1.34734
2023-12-14 09:00:00,1.34734,1.34816,1.3471899999999999,1.34753
2023-12-14 10:00:00,1.34754,1.34778,1.34534,1.34647
2023-12-14 11:00:00,1.34646,1.34684,1.34503,1.3453
2023-12-14 12:00:00,1.34534,1.34647,1.34504,1.3452899999999999
2023-12-14 13:00:00,1.3452899999999999,1.34579,1.34443,1.34456
2023-12-14 14:00:00,1.34453,1.34514,1.34261,1.34364
2023-12-14 15:00:00,1.34364,1.34464,1.34287,1.34299
2023-12-14 16:00:00,1.34297,1.34435,1.34201,1.3424800000000001
2023-12-14 17:00:00,1.34249,1.34355,1.34152,1.34212
2023-12-14 18:00:00,1.34214,1.34228,1.34055,1.3406
2023-12-14 19:00:00,1.34058,1.34122,1.33941,1.34091
2023-12-14 20:00:00,1.3409,1.34254,1.34088,1.34183
2023-12-14 21:00:00,1.34181,1.34185,1.3403,1.34086
2023-12-14 22:00:00,1.34093,1.34103,1.34027,1.34049
2023-12-14 23:00:00,1.34047,1.341,1.3403800000000001,1.34043
2023-12-15 00:00:00,1.34016,1.3411,1.3397999999999999,1.34062
2023-12-15 01:00:00,1.3406,1.3413599999999999,1.34042,1.34044
2023-12-15 02:00:00,1.34043,1.34149,1.34039,1.34112
2023-12-15 03:00:00,1.34111,1.34128,1.3403100000000001,1.34043
2023-12-15 04:00:00,1.3404,1.34044,1.339,1.33905
2023-12-15 05:00:00,1.33903,1.33952,1.3388200000000001,1.33893
2023-12-15 06:00:00,1.33893,1.33922,1.33872,1.3389
2023-12-15 07:00:00,1.33891,1.34002,1.33891,1.3396
2023-12-15 08:00:00,1.33961,1.33976,1.33897,1.33907
2023-12-15 09:00:00,1.33906,1.33936,1.33842,1.33881
2023-12-15 10:00:00,1.3388200000000001,1.33891,1.3376299999999999,1.3376700000000001
2023-12-15 11:00:00,1.33768,1.33795,1.33734,1.33755
2023-12-15 12:00:00,1.33754,1.33818,1.33737,1.33796
2023-12-15 13:00:00,1.3379699999999999,1.33853,1.33749,1.33801
2023-12-15 14:00:00,1.33803,1.33857,1.33748,1.33837
2023-12-15 15:00:00,1.33837,1.3403,1.33773,1.34022
2023-12-15 16:00:00,1.3402,1.3403399999999999,1.33732,1.33846
2023-12-15 17:00:00,1.33844,1.33924,1.33678,1.33711
2023-12-15 18:00:00,1.3371,1.33791,1.33501,1.33747
2023-12-15 19:00:00,1.33746,1.33784,1.33625,1.3366500000000001
2023-12-15 20:00:00,1.33667,1.33832,1.33646,1.33783
2023-12-15 21:00:00,1.33784,1.33834,1.33682,1.3370199999999999
2023-12-15 22:00:00,1.33704,1.33778,1.33642,1.33772
2023-12-15 23:00:00,1.3377,1.33801,1.33696,1.3378999999999999
2023-12-18 00:00:00,1.33662,1.33749,1.33648,1.3373300000000001
2023-12-18 01:00:00,1.33739,1.33819,1.33704,1.33819
2023-12-18 02:00:00,1.33818,1.33825,1.3376000000000001,1.33784
2023-12-18 03:00:00,1.33784,1.33883,1.33778,1.33859
2023-12-18 04:00:00,1.33859,1.33862,1.33801,1.3382399999999999
2023-12-18 05:00:00,1.33825,1.33834,1.33734,1.33782
2023-12-18 06:00:00,1.33782,1.33796,1.33724,1.33765
2023-12-18 07:00:00,1.33765,1.33776,1.3370600000000001,1.3374
2023-12-18 08:00:00,1.33739,1.33757,1.33687,1.33737
2023-12-18 09:00:00,1.33737,1.33819,1.33727,1.3381
2023-12-18 10:00:00,1.3381,1.33829,1.3367499999999999,1.33685
2023-12-18 11:00:00,1.33686,1.33753,1.33657,1.33748
2023-12-18 12:00:00,1.33748,1.3382800000000001,1.3374,1.33814
2023-12-18 13:00:00,1.33813,1.33839,1.33622,1.33629
2023-12-18 14:00:00,1.33629,1.33734,1.33578,1.33596
2023-12-18 15:00:00,1.33596,1.3366799999999999,1.33495,1.3363800000000001
2023-12-18 16:00:00,1.3363800000000001,1.338,1.33618,1.33743
2023-12-18 17:00:00,1.33742,1.3403399999999999,1.33693,1.33962
2023-12-18 18:00:00,1.33962,1.34089,1.33929,1.33942
2023-12-18 19:00:00,1.3391,1.33966,1.33853,1.33907
2023-12-18 20:00:00,1.33906,1.33976,1.33895,1.33942
2023-12-18 21:00:00,1.33942,1.34008,1.33917,1.3391899999999999
2023-12-18 22:00:00,1.3392,1.33986,1.33913,1.3394300000000001
2023-12-18 23:00:00,1.33937,1.34006,1.33934,1.33965
2023-12-19 00:00:00,1.33935,1.33994,1.33856,1.33969
2023-12-19 01:00:00,1.33975,1.34,1.33966,1.3397999999999999
2023-12-19 02:00:00,1.33979,1.33994,1.33894,1.33928
2023-12-19 03:00:00,1.33929,1.33955,1.3389199999999999,1.33927
2023-12-19 04:00:00,1.33927,1.34,1.33886,1.33933
2023-12-19 05:00:00,1.33934,1.33951,1.33881,1.33925
2023-12-19 06:00:00,1.33925,1.33967,1.33902,1.33949
2023-12-19 07:00:00,1.33949,1.33976,1.33914,1.3396
2023-12-19 08:00:00,1.3396,1.33991,1.33927,1.33965
2023-12-19 09:00:00,1.33965,1.34001,1.33886,1.33964
2023-12-19 10:00:00,1.33964,1.33964,1.33834,1.33902
2023-12-19 11:00:00,1.33902,1.33922,1.33844,1.33868
2023-12-19 12:00:00,1.33868,1.33876,1.33807,1.33872
2023-12-19 13:00:00,1.33871,1.33913,1.33827,1.33891
2023-12-19 14:00:00,1.3389199999999999,1.33894,1.33718,1.33829
2023-12-19 15:00:00,1.3383,1.33864,1.3336000000000001,1.33476
2023-12-19 16:00:00,1.33476,1.33626,1.33338,1.33351
2023-12-19 17:00:00,1.33351,1.335,1.33346,1.3339699999999999
2023-12-19 18:00:00,1.33398,1.33427,1.3333,1.33409
2023-12-19 19:00:00,1.3341,1.33475,1.33383,1.33409
2023-12-19 20:00:00,1.3341,1.33502,1.33334,1.33344
2023-12-19 21:00:00,1.33345,1.33406,1.3333300000000001,1.33356
2023-12-19 22:00:00,1.33354,1.33432,1.33346,1.33346
2023-12-19 23:00:00,1.33347,1.3338,1.33307,1.33307
2023-12-20 00:00:00,1.33312,1.33371,1.33294,1.33341
2023-12-20 01:00:00,1.33341,1.33391,1.33337,1.33386
2023-12-20 02:00:00,1.33385,1.33454,1.33376,1.33422
2023-12-20 03:00:00,1.3342100000000001,1.3348499999999999,1.33396,1.33445
2023-12-20 04:00:00,1.33445,1.33474,1.33434,1.33442
2023-12-20 05:00:00,1.33442,1.33464,1.33412,1.33462
2023-12-20 06:00:00,1.33462,1.3351,1.33459,1.3349
2023-12-20 07:00:00,1.3349,1.33503,1.33478,1.33487
2023-12-20 08:00:00,1.33488,1.33531,1.33454,1.33473
2023-12-20 09:00:00,1.33472,1.33525,1.33422,1.33448
2023-12-20 10:00:00,1.33446,1.3345500000000001,1.33291,1.33332
2023-12-20 11:00:00,1.3333300000000001,1.33381,1.33287,1.33296
2023-12-20 12:00:00,1.33295,1.33365,1.33253,1.33364
2023-12-20 13:00:00,1.33364,1.33415,1.33284,1.33389
2023-12-20 14:00:00,1.33389,1.33486,1.33345,1.33468
2023-12-20 15:00:00,1.33468,1.33505,1.33398,1.33405
2023-12-20 16:00:00,1.33405,1.3345,1.33283,1.33293
2023-12-20 17:00:00,1.33292,1.33347,1.33193,1.33198
2023-12-20 18:00:00,1.33198,1.33262,1.3315299999999999,1.3323800000000001
2023-12-20 19:00:00,1.33237,1.33291,1.33178,1.33194
2023-12-20 20:00:00,1.33194,1.33247,1.33114,1.3318699999999999
2023-12-20 21:00:00,1.3318699999999999,1.33452,1.33131,1.33415
2023-12-20 22:00:00,1.33415,1.33701,1.33415,1.33682
2023-12-20 23:00:00,1.33677,1.33697,1.3361399999999999,1.33667
2023-12-21 00:00:00,1.3367200000000001,1.33708,1.3362,1.3363800000000001
2023-12-21 01:00:00,1.33646,1.33651,1.33581,1.33596
2023-12-21 02:00:00,1.33596,1.336,1.33506,1.33524
2023-12-21 03:00:00,1.33523,1.3356,1.33503,1.33521
2023-12-21 04:00:00,1.33522,1.33587,1.33503,1.33544
2023-12-21 05:00:00,1.3354300000000001,1.33579,1.33524,1.33562
2023-12-21 06:00:00,1.33562,1.33598,1.33532,1.3357
2023-12-21 07:00:00,1.3357,1.33583,1.3348499999999999,1.33505
2023-12-21 08:00:00,1.33505,1.33588,1.33503,1.33581
2023-12-21 09:00:00,1.33581,1.33595,1.33476,1.33531
2023-12-21 10:00:00,1.33531,1.33531,1.33399,1.3342399999999999
2023-12-21 11:00:00,1.3342399999999999,1.33518,1.33388,1.3348200000000001
2023-12-21 12:00:00,1.33483,1.33581,1.33438,1.33528
2023-12-21 13:00:00,1.33529,1.33529,1.33392,1.33405
2023-12-21 14:00:00,1.33405,1.33532,1.33378,1.33531
2023-12-21 15:00:00,1.3353,1.33551,1.33278,1.3331
2023-12-21 16:00:00,1.3331,1.33383,1.33157,1.33197
2023-12-21 17:00:00,1.33196,1.33325,1.33038,1.33073
2023-12-21 18:00:00,1.33071,1.33105,1.32913,1.32942
2023-12-21 19:00:00,1.3294000000000001,1.33159,1.32926,1.33114
2023-12-21 20:00:00,1.33114,1.33229,1.33012,1.3303
2023-12-21 21:00:00,1.33029,1.33029,1.3286,1.32904
2023-12-21 22:00:00,1.32904,1.32958,1.32794,1.32794
2023-12-21 23:00:00,1.32796,1.32843,1.32748,1.32782
2023-12-22 00:00:00,1.3277999999999999,1.3281800000000001,1.32761,1.32815
2023-12-22 01:00:00,1.32819,1.32849,1.32793,1.3284099999999999
2023-12-22 02:00:00,1.32842,1.32844,1.32776,1.32824
2023-12-22 03:00:00,1.32824,1.32839,1.32766,1.32835
2023-12-22 04:00:00,1.32836,1.32847,1.328,1.3282
2023-12-22 05:00:00,1.3282,1.3289,1.32791,1.32882
2023-12-22 06:00:00,1.32882,1.32883,1.32831,1.32858
2023-12-22 07:00:00,1.32858,1.32925,1.32858,1.32922
2023-12-22 08:00:00,1.32922,1.32926,1.3284099999999999,1.32867
2023-12-22 09:00:00,1.32868,1.32871,1.3277999999999999,1.3278400000000001
2023-12-22 10:00:00,1.32782,1.3278400000000001,1.32702,1.32766
2023-12-22 11:00:00,1.32766,1.32801,1.32717,1.3278400000000001
2023-12-22 12:00:00,1.3278400000000001,1.32795,1.32695,1.32741
2023-12-22 13:00:00,1.32741,1.32804,1.32709,1.32713
2023-12-22 14:00:00,1.32713,1.32797,1.32671,1.32794
2023-12-22 15:00:00,1.32794,1.32916,1.3264,1.32642
2023-12-22 16:00:00,1.32642,1.32667,1.3227,1.3231600000000001
2023-12-22 17:00:00,1.32307,1.32683,1.32189,1.32674
2023-12-22 18:00:00,1.32673,1.3274,1.32589,1.3260399999999999
2023-12-22 19:00:00,1.32603,1.32643,1.32531,1.32606
2023-12-22 20:00:00,1.32608,1.32674,1.32602,1.3265799999999999
2023-12-22 21:00:00,1.32656,1.3285,1.32595,1.32595
2023-12-22 22:00:00,1.32595,1.32676,1.32557,1.32578
2023-12-22 23:00:00,1.32578,1.32671,1.32565,1.32613
2023-12-25 00:00:00,1.3247200000000001,1.32587,1.3247200000000001,1.32525
2023-12-25 01:00:00,1.32525,1.32557,1.3252,1.32557
2023-12-25 02:00:00,1.3256700000000001,1.32572,1.3256700000000001,1.32568
2023-12-26 00:00:00,1.32443,1.32578,1.32443,1.32576
2023-12-26 01:00:00,1.32569,1.32579,1.32508,1.32522
2023-12-26 02:00:00,1.32522,1.326,1.32522,1.32596
2023-12-26 03:00:00,1.32596,1.32617,1.32547,1.32549
2023-12-26 04:00:00,1.3255,1.3256999999999999,1.32531,1.3254299999999999
2023-12-26 05:00:00,1.32544,1.32548,1.32513,1.32516
2023-12-26 06:00:00,1.32516,1.32549,1.3251,1.32514
2023-12-26 07:00:00,1.32514,1.32525,1.32488,1.32507
2023-12-26 08:00:00,1.32507,1.32513,1.3244799999999999,1.32473
2023-12-26 09:00:00,1.32473,1.32516,1.32453,1.32507
2023-12-26 10:00:00,1.32507,1.32619,1.3250600000000001,1.32564
2023-12-26 11:00:00,1.32564,1.32575,1.3250600000000001,1.32538
2023-12-26 12:00:00,1.32538,1.32564,1.32467,1.32478
2023-12-26 13:00:00,1.3247900000000001,1.32539,1.32471,1.3248199999999999
2023-12-26 14:00:00,1.3248199999999999,1.32496,1.3244,1.3244099999999999
2023-12-26 15:00:00,1.3244,1.3244,1.321,1.32142
2023-12-26 16:00:00,1.32142,1.32142,1.32013,1.32081
2023-12-26 17:00:00,1.3207900000000001,1.32115,1.32016,1.32076
2023-12-26 18:00:00,1.32076,1.32152,1.32061,1.3208199999999999
2023-12-26 19:00:00,1.32081,1.3213599999999999,1.3204799999999999,1.32116
2023-12-26 20:00:00,1.32115,1.32138,1.3207200000000001,1.32114
2023-12-26 21:00:00,1.3211300000000001,1.32119,1.3201,1.32012
2023-12-26 22:00:00,1.32012,1.32044,1.31995,1.31998
2023-12-26 23:00:00,1.31992,1.32001,1.31931,1.31931
2023-12-27 00:00:00,1.31963,1.32019,1.31931,1.31971
2023-12-27 01:00:00,1.31994,1.31994,1.31925,1.31969
2023-12-27 02:00:00,1.31968,1.32099,1.31963,1.32078
2023-12-27 03:00:00,1.32077,1.3208,1.31969,1.31989
2023-12-27 04:00:00,1.31989,1.31999,1.31941,1.31952
2023-12-27 05:00:00,1.31952,1.31988,1.31932,1.31951
2023-12-27 06:00:00,1.31951,1.3195999999999999,1.31875,1.31881
2023-12-27 07:00:00,1.31881,1.31911,1.3186200000000001,1.3189199999999999
2023-12-27 08:00:00,1.3189,1.31901,1.31846,1.31863
2023-12-27 09:00:00,1.31863,1.31959,1.31857,1.31959
2023-12-27 10:00:00,1.31958,1.3207,1.3189899999999999,1.32069
2023-12-27 11:00:00,1.32069,1.3209,1.3202099999999999,1.32029
2023-12-27 12:00:00,1.32029,1.32049,1.3195999999999999,1.3197
2023-12-27 13:00:00,1.31969,1.32039,1.31947,1.3198400000000001
2023-12-27 14:00:00,1.3198400000000001,1.3207,1.3198400000000001,1.32047
2023-12-27 15:00:00,1.32047,1.3207900000000001,1.31928,1.31975
2023-12-27 16:00:00,1.31975,1.31975,1.3176999999999999,1.31962
2023-12-27 17:00:00,1.31962,1.32099,1.31901,1.3204500000000001
2023-12-27 18:00:00,1.32046,1.32126,1.31909,1.3202099999999999
2023-12-27 19:00:00,1.3202099999999999,1.32123,1.32019,1.321
2023-12-27 20:00:00,1.32098,1.3214299999999999,1.32056,1.32122
2023-12-27 21:00:00,1.32123,1.32192,1.32123,1.32126
2023-12-27 22:00:00,1.32126,1.3216,1.32066,1.32069
2023-12-27 23:00:00,1.32063,1.32101,1.3204099999999999,1.32057
2023-12-28 00:00:00,1.31992,1.32115,1.31938,1.32007
2023-12-28 01:00:00,1.32013,1.32065,1.32013,1.32055
2023-12-28 02:00:00,1.32055,1.32056,1.31973,1.32009
2023-12-28 03:00:00,1.32009,1.3201800000000001,1.3195000000000001,1.31951
2023-12-28 04:00:00,1.31951,1.32034,1.3192300000000001,1.3199100000000001
2023-12-28 05:00:00,1.3199100000000001,1.32007,1.31955,1.31966
2023-12-28 06:00:00,1.31966,1.32059,1.31965,1.3204500000000001
2023-12-28 07:00:00,1.3204500000000001,1.32049,1.31982,1.32007
2023-12-28 08:00:00,1.32007,1.3201800000000001,1.31941,1.31954
2023-12-28 09:00:00,1.31954,1.31964,1.31907,1.3191
2023-12-28 10:00:00,1.31909,1.32035,1.31884,1.32007
2023-12-28 11:00:00,1.32008,1.32171,1.3199100000000001,1.32122
2023-12-28 12:00:00,1.32122,1.32226,1.32098,1.32118
2023-12-28 13:00:00,1.32116,1.32251,1.3208,1.32179
2023-12-28 14:00:00,1.3218,1.3232300000000001,1.32164,1.32257
2023-12-28 15:00:00,1.32256,1.32286,1.3204,1.32117
2023-12-28 16:00:00,1.32116,1.32152,1.31884,1.31909
2023-12-28 17:00:00,1.31909,1.31986,1.3185,1.3186200000000001
2023-12-28 18:00:00,1.31861,1.32044,1.31822,1.32043
2023-12-28 19:00:00,1.32042,1.32162,1.32007,1.32154
2023-12-28 20:00:00,1.32153,1.32285,1.32141,1.32263
2023-12-28 21:00:00,1.32263,1.3235299999999999,1.3226200000000001,1.32303
2023-12-28 22:00:00,1.32302,1.32315,1.32226,1.32279
2023-12-28 23:00:00,1.32273,1.323,1.32246,1.3226
2023-12-29 00:00:00,1.3227,1.3233,1.32208,1.32295
2023-12-29 01:00:00,1.323,1.32327,1.32272,1.32305
2023-12-29 02:00:00,1.32305,1.32305,1.32239,1.32279
2023-12-29 03:00:00,1.32279,1.32317,1.3223,1.32253
2023-12-29 04:00:00,1.32253,1.32274,1.32227,1.32241
2023-12-29 05:00:00,1.32241,1.32283,1.32224,1.32266
2023-12-29 06:00:00,1.32266,1.32322,1.32236,1.32277
2023-12-29 07:00:00,1.32277,1.32285,1.32243,1.32246
2023-12-29 08:00:00,1.32246,1.32313,1.32245,1.32312
2023-12-29 09:00:00,1.32312,1.32417,1.32298,1.32391
2023-12-29 10:00:00,1.3239,1.3245,1.3235299999999999,1.3237700000000001
2023-12-29 11:00:00,1.3237700000000001,1.3253599999999999,1.32356,1.32507
2023-12-29 12:00:00,1.32508,1.32641,1.32507,1.32541
2023-12-29 13:00:00,1.32541,1.3256999999999999,1.32486,1.32541
2023-12-29 14:00:00,1.32539,1.3263,1.32522,1.32576
2023-12-29 15:00:00,1.32576,1.32652,1.3249900000000001,1.32562
2023-12-29 16:00:00,1.32561,1.32612,1.32223,1.3224
2023-12-29 17:00:00,1.3224,1.3224,1.31795,1.31857
2023-12-29 18:00:00,1.31857,1.32087,1.3177699999999999,1.32044
2023-12-29 19:00:00,1.3204500000000001,1.32164,1.32016,1.32067
2023-12-29 20:00:00,1.32067,1.32344,1.32067,1.32332
2023-12-29 21:00:00,1.32332,1.3251,1.32332,1.3238400000000001
2023-12-29 22:00:00,1.3238400000000001,1.32504,1.3228,1.32492
2023-12-29 23:00:00,1.32486,1.32553,1.3241,1.3247200000000001
2024-01-02 00:00:00,1.3249,1.32491,1.32222,1.32419
2024-01-02 01:00:00,1.32436,1.32481,1.32403,1.32444
2024-01-02 02:00:00,1.32444,1.3247499999999999,1.32425,1.3244799999999999
2024-01-02 03:00:00,1.32449,1.32453,1.32286,1.32415
2024-01-02 04:00:00,1.32415,1.32549,1.3239,1.32537
2024-01-02 05:00:00,1.32537,1.32564,1.3249900000000001,1.32556
2024-01-02 06:00:00,1.32555,1.32574,1.32542,1.32544
2024-01-02 07:00:00,1.32544,1.32562,1.32359,1.32363
2024-01-02 08:00:00,1.32362,1.32556,1.32361,1.3254299999999999
2024-01-02 09:00:00,1.3254299999999999,1.32549,1.32383,1.32508
2024-01-02 10:00:00,1.32508,1.32513,1.32284,1.3241800000000001
2024-01-02 11:00:00,1.3241800000000001,1.32534,1.32415,1.32531
2024-01-02 12:00:00,1.32531,1.3263,1.3248199999999999,1.32496
2024-01-02 13:00:00,1.32496,1.32709,1.32484,1.32677
2024-01-02 14:00:00,1.32677,1.3291,1.32668,1.3291
2024-01-02 15:00:00,1.3291,1.33088,1.32892,1.3299400000000001
2024-01-02 16:00:00,1.32993,1.33288,1.32991,1.33162
2024-01-02 17:00:00,1.33164,1.33276,1.33103,1.33124
2024-01-02 18:00:00,1.33125,1.33197,1.33,1.33106
2024-01-02 19:00:00,1.33106,1.33149,1.3302399999999999,1.33047
2024-01-02 20:00:00,1.33048,1.3327200000000001,1.33047,1.33263
2024-01-02 21:00:00,1.33263,1.33328,1.33219,1.33266
2024-01-02 22:00:00,1.33266,1.33337,1.33244,1.33297
2024-01-02 23:00:00,1.33296,1.33308,1.33186,1.33186
2024-01-03 00:00:00,1.33194,1.3324799999999999,1.33131,1.33215
2024-01-03 01:00:00,1.3322,1.33232,1.33206,1.33219
2024-01-03 02:00:00,1.33219,1.33233,1.33176,1.33219
2024-01-03 03:00:00,1.33218,1.33294,1.33198,1.33262
2024-01-03 04:00:00,1.33262,1.33317,1.33247,1.33274
2024-01-03 05:00:00,1.33274,1.33303,1.3324799999999999,1.33254
2024-01-03 06:00:00,1.33255,1.33293,1.33246,1.3327
2024-01-03 07:00:00,1.3327,1.33297,1.33249,1.3327
2024-01-03 08:00:00,1.3327,1.33276,1.33213,1.33249
2024-01-03 09:00:00,1.33249,1.33338,1.33228,1.3324500000000001
2024-01-03 10:00:00,1.33244,1.3334,1.33227,1.33251
2024-01-03 11:00:00,1.33253,1.33335,1.33234,1.33254
2024-01-03 12:00:00,1.33254,1.33352,1.33233,1.33344
2024-01-03 13:00:00,1.33343,1.33462,1.33307,1.33433
2024-01-03 14:00:00,1.33432,1.3348499999999999,1.33371,1.3345099999999999
2024-01-03 15:00:00,1.33452,1.33642,1.33449,1.33622
2024-01-03 16:00:00,1.33621,1.33644,1.33474,1.33529
2024-01-03 17:00:00,1.33545,1.3367499999999999,1.33371,1.33509
2024-01-03 18:00:00,1.33508,1.33616,1.3343099999999999,1.3357999999999999
2024-01-03 19:00:00,1.3357999999999999,1.33631,1.33551,1.33608
2024-01-03 20:00:00,1.33609,1.33626,1.33498,1.33594
2024-01-03 21:00:00,1.33597,1.33718,1.33476,1.33555
2024-01-03 22:00:00,1.33554,1.33586,1.33509,1.33576
2024-01-03 23:00:00,1.3357,1.33582,1.3351199999999999,1.33513
2024-01-04 00:00:00,1.3351,1.33541,1.33445,1.3351899999999999
2024-01-04 01:00:00,1.33524,1.33533,1.33475,1.33483
2024-01-04 02:00:00,1.33483,1.33525,1.3348200000000001,1.33501
2024-01-04 03:00:00,1.335,1.33513,1.33441,1.33466
2024-01-04 04:00:00,1.33466,1.33548,1.33449,1.33513
2024-01-04 05:00:00,1.33513,1.33513,1.3336999999999999,1.33384
2024-01-04 06:00:00,1.33384,1.3341,1.33355,1.33388
2024-01-04 07:00:00,1.3338999999999999,1.33433,1.33385,1.334
2024-01-04 08:00:00,1.33402,1.33406,1.33227,1.33251
2024-01-04 09:00:00,1.33251,1.3328,1.33176,1.33197
2024-01-04 10:00:00,1.33197,1.3326500000000001,1.33172,1.3324
2024-01-04 11:00:00,1.33239,1.33304,1.33194,1.3323800000000001
2024-01-04 12:00:00,1.3323800000000001,1.3329900000000001,1.33169,1.3323
2024-01-04 13:00:00,1.3323,1.33388,1.33206,1.33375
2024-01-04 14:00:00,1.33375,1.33419,1.33288,1.33342
2024-01-04 15:00:00,1.33344,1.33615,1.3330199999999999,1.33566
2024-01-04 16:00:00,1.33568,1.3366,1.3349199999999999,1.33566
2024-01-04 17:00:00,1.33568,1.33615,1.33414,1.33536
2024-01-04 18:00:00,1.33536,1.33631,1.33494,1.33568
2024-01-04 19:00:00,1.33567,1.33606,1.33504,1.3354599999999999
2024-01-04 20:00:00,1.3354599999999999,1.3359,1.33475,1.33576
2024-01-04 21:00:00,1.33576,1.33615,1.33526,1.33563
2024-01-04 22:00:00,1.33562,1.33568,1.33494,1.33524
2024-01-04 23:00:00,1.33517,1.33525,1.3345,1.33473
2024-01-05 00:00:00,1.3339400000000001,1.33574,1.33353,1.33514
2024-01-05 01:00:00,1.3351899999999999,1.33565,1.3349,1.33563
2024-01-05 02:00:00,1.33561,1.3359,1.33498,1.33524
2024-01-05 03:00:00,1.33525,1.33556,1.33475,1.33499
2024-01-05 04:00:00,1.335,1.33557,1.33462,1.33552
2024-01-05 05:00:00,1.33552,1.33619,1.3353,1.33608
2024-01-05 06:00:00,1.3360699999999999,1.3364500000000001,1.33572,1.3364099999999999
2024-01-05 07:00:00,1.33642,1.3367499999999999,1.33609,1.33621
2024-01-05 08:00:00,1.33621,1.3372,1.33591,1.3366500000000001
2024-01-05 09:00:00,1.3366500000000001,1.33673,1.33549,1.3361100000000001
2024-01-05 10:00:00,1.3361100000000001,1.33674,1.33552,1.3363
2024-01-05 11:00:00,1.33629,1.3372899999999999,1.33571,1.3372600000000001
2024-01-05 12:00:00,1.33725,1.33795,1.33708,1.33722
2024-01-05 13:00:00,1.33722,1.33745,1.33691,1.3372600000000001
2024-01-05 14:00:00,1.3372600000000001,1.33751,1.33678,1.33737
2024-01-05 15:00:00,1.3373599999999999,1.33989,1.3357,1.33591
2024-01-05 16:00:00,1.33587,1.33684,1.33249,1.3331
2024-01-05 17:00:00,1.3330899999999999,1.33361,1.3287200000000001,1.33231
2024-01-05 18:00:00,1.33231,1.33382,1.3315000000000001,1.33325
2024-01-05 19:00:00,1.33325,1.33521,1.33316,1.33414
2024-01-05 20:00:00,1.33414,1.3358400000000001,1.33378,1.33473
2024-01-05 21:00:00,1.33473,1.3366799999999999,1.33453,1.33615
2024-01-05 22:00:00,1.33616,1.33684,1.33591,1.3364099999999999
2024-01-05 23:00:00,1.33635,1.33666,1.33545,1.33545
2024-01-08 00:00:00,1.33398,1.33615,1.33366,1.33612
2024-01-08 01:00:00,1.33623,1.33655,1.33589,1.33599
2024-01-08 02:00:00,1.33599,1.33618,1.33547,1.3355000000000001
2024-01-08 03:00:00,1.3355000000000001,1.33574,1.33447,1.33545
2024-01-08 04:00:00,1.33545,1.33647,1.33542,1.33629
2024-01-08 05:00:00,1.33629,1.33721,1.3360699999999999,1.33701
2024-01-08 06:00:00,1.337,1.33739,1.33687,1.3373300000000001
2024-01-08 07:00:00,1.3373300000000001,1.33788,1.33715,1.33737
2024-01-08 08:00:00,1.3373599999999999,1.33738,1.33644,1.3366
2024-01-08 09:00:00,1.3366,1.33761,1.33589,1.33755
2024-01-08 10:00:00,1.33756,1.33928,1.33756,1.33819
2024-01-08 11:00:00,1.33819,1.3394300000000001,1.33779,1.33791
2024-01-08 12:00:00,1.33789,1.3385500000000001,1.33769,1.33839
2024-01-08 13:00:00,1.33839,1.339,1.3379699999999999,1.3388499999999999
2024-01-08 14:00:00,1.3388499999999999,1.33901,1.33788,1.33806
2024-01-08 15:00:00,1.33805,1.33986,1.33762,1.33955
2024-01-08 16:00:00,1.33955,1.34048,1.33866,1.33883
2024-01-08 17:00:00,1.33883,1.33937,1.33715,1.3373300000000001
2024-01-08 18:00:00,1.3373300000000001,1.3376299999999999,1.33631,1.33633
2024-01-08 19:00:00,1.33632,1.33705,1.3359,1.33663
2024-01-08 20:00:00,1.33663,1.3373,1.33586,1.33648
2024-01-08 21:00:00,1.33648,1.33664,1.3349,1.33509
2024-01-08 22:00:00,1.3351,1.33576,1.33496,1.33536
2024-01-08 23:00:00,1.3353,1.33538,1.33449,1.33452
2024-01-09 00:00:00,1.33454,1.33505,1.3342100000000001,1.335
2024-01-09 01:00:00,1.33505,1.33525,1.33481,1.33509
2024-01-09 02:00:00,1.3351,1.3352,1.33446,1.33474
2024-01-09 03:00:00,1.33474,1.33535,1.33473,1.33484
2024-01-09 04:00:00,1.33484,1.33484,1.33402,1.33464
2024-01-09 05:00:00,1.33464,1.335,1.33433,1.33484
2024-01-09 06:00:00,1.33484,1.33562,1.33479,1.3355000000000001
2024-01-09 07:00:00,1.3355000000000001,1.33636,1.33536,1.33625
2024-01-09 08:00:00,1.33626,1.33643,1.33586,1.33622
2024-01-09 09:00:00,1.33623,1.33649,1.33533,1.3355000000000001
2024-01-09 10:00:00,1.33549,1.3369,1.33547,1.3362
2024-01-09 11:00:00,1.3362,1.3367200000000001,1.33494,1.33533
2024-01-09 12:00:00,1.33533,1.33691,1.33515,1.33669
2024-01-09 13:00:00,1.33669,1.33782,1.33658,1.33744
2024-01-09 14:00:00,1.33744,1.33776,1.3360400000000001,1.33624
2024-01-09 15:00:00,1.33623,1.33759,1.33524,1.33713
2024-01-09 16:00:00,1.33712,1.34019,1.33671,1.33948
2024-01-09 17:00:00,1.33948,1.34146,1.33911,1.34022
2024-01-09 18:00:00,1.34022,1.34056,1.33859,1.3386
2024-01-09 19:00:00,1.33856,1.34001,1.33838,1.3391
2024-01-09 20:00:00,1.3391,1.34006,1.33842,1.33935
2024-01-09 21:00:00,1.33935,1.3403399999999999,1.33922,1.3395000000000001
2024-01-09 22:00:00,1.3395000000000001,1.34015,1.33906,1.3397999999999999
2024-01-09 23:00:00,1.3397700000000001,1.33982,1.33873,1.33876
2024-01-10 00:00:00,1.33876,1.3390900000000001,1.3370199999999999,1.33899
2024-01-10 01:00:00,1.33905,1.33936,1.3388900000000001,1.33895
2024-01-10 02:00:00,1.33895,1.33895,1.3384,1.33874
2024-01-10 03:00:00,1.33873,1.33879,1.33811,1.3382
2024-01-10 04:00:00,1.33819,1.3383,1.3377,1.3381
2024-01-10 05:00:00,1.3381,1.33843,1.33772,1.3382399999999999
2024-01-10 06:00:00,1.33825,1.33846,1.33803,1.33819
2024-01-10 07:00:00,1.33819,1.33838,1.33804,1.33814
2024-01-10 08:00:00,1.33814,1.33945,1.33814,1.33928
2024-01-10 09:00:00,1.33928,1.33934,1.33823,1.3385
2024-01-10 10:00:00,1.33849,1.33905,1.33752,1.3376000000000001
2024-01-10 11:00:00,1.33759,1.33781,1.3366,1.33709
2024-01-10 12:00:00,1.33708,1.33728,1.3365,1.3371
2024-01-10 13:00:00,1.3371,1.33782,1.3367,1.33748
2024-01-10 14:00:00,1.33748,1.33822,1.3366799999999999,1.3381
2024-01-10 15:00:00,1.3381,1.33896,1.33785,1.33844
2024-01-10 16:00:00,1.33843,1.3385500000000001,1.3373300000000001,1.33823
2024-01-10 17:00:00,1.3382399999999999,1.3387,1.33724,1.33799
2024-01-10 18:00:00,1.338,1.3388200000000001,1.3378999999999999,1.33807
2024-01-10 19:00:00,1.33807,1.33856,1.33776,1.33796
2024-01-10 20:00:00,1.3379699999999999,1.33907,1.33783,1.33799
2024-01-10 21:00:00,1.33799,1.33846,1.33764,1.33772
2024-01-10 22:00:00,1.33772,1.33849,1.33759,1.33801
2024-01-10 23:00:00,1.3379400000000001,1.33806,1.33764,1.33791
2024-01-11 00:00:00,1.33793,1.33819,1.33687,1.33816
2024-01-11 01:00:00,1.33816,1.33818,1.33776,1.33798
2024-01-11 02:00:00,1.33798,1.33801,1.33723,1.33728
2024-01-11 03:00:00,1.33727,1.3373300000000001,1.33643,1.33652
2024-01-11 04:00:00,1.33652,1.33669,1.33566,1.33651
2024-01-11 05:00:00,1.3365,1.33654,1.33598,1.33603
2024-01-11 06:00:00,1.33603,1.33646,1.33579,1.33644
2024-01-11 07:00:00,1.3364099999999999,1.33652,1.33571,1.3359
2024-01-11 08:00:00,1.33591,1.33624,1.33555,1.3359
2024-01-11 09:00:00,1.3359,1.33662,1.33569,1.33652
2024-01-11 10:00:00,1.33651,1.3370199999999999,1.33623,1.33686
2024-01-11 11:00:00,1.33686,1.33761,1.33679,1.33708
2024-01-11 12:00:00,1.33708,1.33768,1.33695,1.3373599999999999
2024-01-11 13:00:00,1.33735,1.33741,1.33642,1.33646
2024-01-11 14:00:00,1.3364500000000001,1.33683,1.33503,1.33591
2024-01-11 15:00:00,1.3359,1.34107,1.33533,1.34027
2024-01-11 16:00:00,1.34025,1.3412899999999999,1.33691,1.33959
2024-01-11 17:00:00,1.33961,1.34302,1.33961,1.34292
2024-01-11 18:00:00,1.34292,1.34428,1.34232,1.34394
2024-01-11 19:00:00,1.34393,1.34396,1.34235,1.3425799999999999
2024-01-11 20:00:00,1.34257,1.34279,1.3407,1.34079
2024-01-11 21:00:00,1.34078,1.3412899999999999,1.33938,1.33958
2024-01-11 22:00:00,1.33957,1.34088,1.33949,1.3397299999999999
2024-01-11 23:00:00,1.33972,1.33974,1.33906,1.33923
2024-01-12 00:00:00,1.3391,1.33962,1.33842,1.33939
2024-01-12 01:00:00,1.33939,1.33958,1.33782,1.33785
2024-01-12 02:00:00,1.33785,1.33836,1.33758,1.3382
2024-01-12 03:00:00,1.3382,1.33843,1.33707,1.33718
2024-01-12 04:00:00,1.33718,1.33765,1.33704,1.33734
2024-01-12 05:00:00,1.33734,1.3377,1.33717,1.33761
2024-01-12 06:00:00,1.33761,1.33859,1.33761,1.33796
2024-01-12 07:00:00,1.33796,1.33808,1.33761,1.33788
2024-01-12 08:00:00,1.33789,1.33796,1.33732,1.33744
2024-01-12 09:00:00,1.33742,1.33837,1.33734,1.3376299999999999
2024-01-12 10:00:00,1.3376299999999999,1.3376299999999999,1.33476,1.33541
2024-01-12 11:00:00,1.3354300000000001,1.33593,1.33496,1.33564
2024-01-12 12:00:00,1.33564,1.33608,1.33536,1.33586
2024-01-12 13:00:00,1.33586,1.33844,1.33571,1.33769
2024-01-12 14:00:00,1.33768,1.33835,1.33708,1.33739
2024-01-12 15:00:00,1.33739,1.33861,1.33533,1.33549
2024-01-12 16:00:00,1.3355000000000001,1.33628,1.33429,1.3351600000000001
2024-01-12 17:00:00,1.3351600000000001,1.33869,1.33472,1.3385799999999999
2024-01-12 18:00:00,1.3385799999999999,1.34043,1.33771,1.34003
2024-01-12 19:00:00,1.3400400000000001,1.34107,1.33979,1.34024
2024-01-12 20:00:00,1.34024,1.34046,1.3396,1.33997
2024-01-12 21:00:00,1.33998,1.34115,1.33955,1.34043
2024-01-12 22:00:00,1.34042,1.3409,1.3400699999999999,1.34063
2024-01-12 23:00:00,1.3406500000000001,1.34077,1.34019,1.34054
2024-01-15 00:00:00,1.33995,1.34036,1.33827,1.3401100000000001
2024-01-15 01:00:00,1.34021,1.34122,1.3401100000000001,1.34067
2024-01-15 02:00:00,1.34066,1.34142,1.34003,1.34018
2024-01-15 03:00:00,1.34018,1.34062,1.33933,1.33944
2024-01-15 04:00:00,1.3394300000000001,1.33944,1.33817,1.33838
2024-01-15 05:00:00,1.33838,1.33884,1.3383,1.33881
2024-01-15 06:00:00,1.3388200000000001,1.33942,1.3388200000000001,1.3391199999999999
2024-01-15 07:00:00,1.3391199999999999,1.33998,1.33905,1.33988
2024-01-15 08:00:00,1.33988,1.34001,1.33928,1.3394300000000001
2024-01-15 09:00:00,1.3394300000000001,1.34123,1.33895,1.3409900000000001
2024-01-15 10:00:00,1.3409900000000001,1.34111,1.34023,1.34073
2024-01-15 11:00:00,1.3407499999999999,1.34154,1.34023,1.34149
2024-01-15 12:00:00,1.34149,1.3425099999999999,1.34142,1.34179
2024-01-15 13:00:00,1.34179,1.34192,1.34124,1.34159
2024-01-15 14:00:00,1.3416000000000001,1.34263,1.34096,1.34242
2024-01-15 15:00:00,1.34242,1.34306,1.3421699999999999,1.34296
2024-01-15 16:00:00,1.34296,1.34401,1.34276,1.34344
2024-01-15 17:00:00,1.3434300000000001,1.34429,1.34302,1.34357
2024-01-15 18:00:00,1.34357,1.3448,1.34332,1.34357
2024-01-15 19:00:00,1.34357,1.34412,1.34328,1.34384
2024-01-15 20:00:00,1.34384,1.34388,1.3433899999999999,1.34349
2024-01-15 21:00:00,1.34348,1.34386,1.34329,1.34354
2024-01-15 22:00:00,1.34354,1.34358,1.3430900000000001,1.3431
2024-01-15 23:00:00,1.34303,1.34304,1.34241,1.34271
2024-01-16 00:00:00,1.34257,1.34261,1.34207,1.34244
2024-01-16 01:00:00,1.34244,1.3436,1.34238,1.34358
2024-01-16 02:00:00,1.34358,1.34517,1.34356,1.34515
2024-01-16 03:00:00,1.34515,1.34571,1.34454,1.34541
2024-01-16 04:00:00,1.34542,1.3469,1.3454,1.3468200000000001
2024-01-16 05:00:00,1.3468200000000001,1.34741,1.34666,1.3473
2024-01-16 06:00:00,1.3473,1.34734,1.3468499999999999,1.34691
2024-01-16 07:00:00,1.34691,1.34775,1.34679,1.34767
2024-01-16 08:00:00,1.34768,1.34794,1.34714,1.34726
2024-01-16 09:00:00,1.34726,1.34843,1.34726,1.34815
2024-01-16 10:00:00,1.34816,1.34938,1.3480699999999999,1.3486099999999999
2024-01-16 11:00:00,1.3486099999999999,1.34992,1.34822,1.34967
2024-01-16 12:00:00,1.34967,1.35,1.34901,1.3496000000000001
2024-01-16 13:00:00,1.3496000000000001,1.35002,1.3485,1.3486500000000001
2024-01-16 14:00:00,1.34864,1.34912,1.3474599999999999,1.34754
2024-01-16 15:00:00,1.34754,1.34814,1.34448,1.34631
2024-01-16 16:00:00,1.34632,1.3494,1.34574,1.34888
2024-01-16 17:00:00,1.34888,1.3492899999999999,1.3469,1.3474300000000001
2024-01-16 18:00:00,1.34744,1.34932,1.34567,1.34734
2024-01-16 19:00:00,1.34734,1.3494,1.34715,1.3489499999999999
2024-01-16 20:00:00,1.34897,1.34997,1.3483399999999999,1.34982
2024-01-16 21:00:00,1.34982,1.35016,1.34925,1.34934
2024-01-16 22:00:00,1.34933,1.35016,1.3491900000000001,1.3497
2024-01-16 23:00:00,1.34965,1.34971,1.34912,1.34931
2024-01-17 00:00:00,1.34931,1.34945,1.34809,1.3492
2024-01-17 01:00:00,1.34925,1.34944,1.34893,1.34894
2024-01-17 02:00:00,1.34894,1.34955,1.34874,1.34878
2024-01-17 03:00:00,1.34878,1.34925,1.3486500000000001,1.34885
2024-01-17 04:00:00,1.34884,1.34891,1.3479999999999999,1.34871
2024-01-17 05:00:00,1.34872,1.35002,1.34863,1.34996
2024-01-17 06:00:00,1.34996,1.35003,1.34942,1.3496299999999999
2024-01-17 07:00:00,1.34962,1.3510499999999999,1.34958,1.35086
2024-01-17 08:00:00,1.35086,1.35193,1.35083,1.35127
2024-01-17 09:00:00,1.35128,1.35222,1.35059,1.35175
2024-01-17 10:00:00,1.35175,1.35266,1.35119,1.35262
2024-01-17 11:00:00,1.3526099999999999,1.35303,1.35175,1.35182
2024-01-17 12:00:00,1.3518,1.35212,1.3512,1.3518
2024-01-17 13:00:00,1.3518,1.35269,1.35164,1.35253
2024-01-17 14:00:00,1.35253,1.3527,1.35133,1.35163
2024-01-17 15:00:00,1.35163,1.35272,1.35103,1.35202
2024-01-17 16:00:00,1.3519999999999999,1.35416,1.35191,1.3531900000000001
2024-01-17 17:00:00,1.3531900000000001,1.35337,1.35043,1.35185
2024-01-17 18:00:00,1.35185,1.3526500000000001,1.35114,1.35244
2024-01-17 19:00:00,1.35243,1.3533,1.35209,1.35269
2024-01-17 20:00:00,1.3527,1.35354,1.35218,1.35246
2024-01-17 21:00:00,1.35246,1.35246,1.3511199999999999,1.3518
2024-01-17 22:00:00,1.35182,1.35264,1.35103,1.35118
2024-01-17 23:00:00,1.35111,1.35122,1.35033,1.35034
2024-01-18 00:00:00,1.3501400000000001,1.3506,1.34921,1.35058
2024-01-18 01:00:00,1.35064,1.3508499999999999,1.35018,1.35019
2024-01-18 02:00:00,1.35019,1.35077,1.34939,1.3494
2024-01-18 03:00:00,1.3494,1.34988,1.34888,1.34905
2024-01-18 04:00:00,1.34905,1.3498700000000001,1.34833,1.34984
2024-01-18 05:00:00,1.34984,1.34986,1.34883,1.3493
2024-01-18 06:00:00,1.3493,1.34962,1.34921,1.34938
2024-01-18 07:00:00,1.34938,1.34972,1.34903,1.3492600000000001
2024-01-18 08:00:00,1.3492600000000001,1.34932,1.3480400000000001,1.34835
2024-01-18 09:00:00,1.34836,1.34946,1.34824,1.3491900000000001
2024-01-18 10:00:00,1.34921,1.35018,1.34918,1.34996
2024-01-18 11:00:00,1.34997,1.35036,1.34891,1.34934
2024-01-18 12:00:00,1.34934,1.34964,1.3489200000000001,1.34906
2024-01-18 13:00:00,1.34906,1.34939,1.34824,1.3489
2024-01-18 14:00:00,1.34886,1.34979,1.34825,1.3496299999999999
2024-01-18 15:00:00,1.3496299999999999,1.35285,1.3496299999999999,1.35189
2024-01-18 16:00:00,1.35189,1.35194,1.34965,1.34985
2024-01-18 17:00:00,1.34984,1.35171,1.34912,1.35138
2024-01-18 18:00:00,1.3513899999999999,1.35176,1.3489,1.35047
2024-01-18 19:00:00,1.35047,1.35111,1.35008,1.35076
2024-01-18 20:00:00,1.35077,1.3517299999999999,1.35009,1.35033
2024-01-18 21:00:00,1.3503,1.3507,1.34962,1.35038
2024-01-18 22:00:00,1.35037,1.35037,1.3492199999999999,1.34935
2024-01-18 23:00:00,1.34937,1.34942,1.3485,1.34851
2024-01-19 00:00:00,1.3483800000000001,1.34875,1.34798,1.34875
2024-01-19 01:00:00,1.34873,1.34888,1.34846,1.34851
2024-01-19 02:00:00,1.34851,1.34882,1.34833,1.34847
2024-01-19 03:00:00,1.34848,1.34917,1.3484099999999999,1.34857
2024-01-19 04:00:00,1.3485800000000001,1.34925,1.3482,1.34842
2024-01-19 05:00:00,1.34842,1.34883,1.34813,1.3485800000000001
2024-01-19 06:00:00,1.3485800000000001,1.34886,1.34847,1.34884
2024-01-19 07:00:00,1.34883,1.34975,1.34869,1.34965
2024-01-19 08:00:00,1.34965,1.3502,1.34928,1.34951
2024-01-19 09:00:00,1.3495,1.34966,1.34827,1.3486799999999999
2024-01-19 10:00:00,1.34869,1.3491900000000001,1.34782,1.34787
2024-01-19 11:00:00,1.34786,1.34801,1.34656,1.3466
2024-01-19 12:00:00,1.3466,1.34728,1.3463,1.34725
2024-01-19 13:00:00,1.34725,1.34745,1.34679,1.34704
2024-01-19 14:00:00,1.34706,1.34794,1.34679,1.34745
2024-01-19 15:00:00,1.34744,1.34791,1.34543,1.34763
2024-01-19 16:00:00,1.34761,1.34939,1.3467799999999999,1.34681
2024-01-19 17:00:00,1.3468200000000001,1.34864,1.34623,1.34637
2024-01-19 18:00:00,1.34638,1.34769,1.34596,1.34691
2024-01-19 19:00:00,1.34691,1.34784,1.34584,1.34608
2024-01-19 20:00:00,1.34607,1.34656,1.3453,1.34534
2024-01-19 21:00:00,1.3453300000000001,1.3453300000000001,1.34344,1.34345
2024-01-19 22:00:00,1.34345,1.3437000000000001,1.34297,1.34298
2024-01-19 23:00:00,1.34296,1.34326,1.3426,1.34275
2024-01-22 00:00:00,1.3430900000000001,1.34388,1.34192,1.34358
2024-01-22 01:00:00,1.34349,1.34382,1.34288,1.34318
2024-01-22 02:00:00,1.34318,1.3437000000000001,1.34256,1.34266
2024-01-22 03:00:00,1.34266,1.34293,1.34207,1.34283
2024-01-22 04:00:00,1.34283,1.3432,1.34245,1.34284
2024-01-22 05:00:00,1.34283,1.34356,1.34283,1.34347
2024-01-22 06:00:00,1.34347,1.3439999999999999,1.34335,1.34365
2024-01-22 07:00:00,1.34366,1.3441100000000001,1.34363,1.34384
2024-01-22 08:00:00,1.34384,1.34429,1.3434,1.3437700000000001
2024-01-22 09:00:00,1.34376,1.34445,1.34308,1.34335
2024-01-22 10:00:00,1.34336,1.34382,1.34262,1.34311
2024-01-22 11:00:00,1.3431,1.34365,1.34236,1.34259
2024-01-22 12:00:00,1.3426,1.34294,1.3421,1.34228
2024-01-22 13:00:00,1.3423,1.3426,1.34171,1.34182
2024-01-22 14:00:00,1.34182,1.3425,1.34145,1.34233
2024-01-22 15:00:00,1.34234,1.3443,1.34232,1.34369
2024-01-22 16:00:00,1.34369,1.34474,1.34259,1.34305
2024-01-22 17:00:00,1.34306,1.34484,1.34259,1.34457
2024-01-22 18:00:00,1.34457,1.34585,1.3445,1.34552
2024-01-22 19:00:00,1.34548,1.34611,1.3446,1.34512
2024-01-22 20:00:00,1.34511,1.34681,1.34511,1.3465
2024-01-22 21:00:00,1.3465,1.3475,1.34637,1.34741
2024-01-22 22:00:00,1.3474,1.34824,1.3473899999999999,1.34809
2024-01-22 23:00:00,1.34803,1.34811,1.34759,1.34762
2024-01-23 00:00:00,1.34728,1.3479,1.3470900000000001,1.34756
2024-01-23 01:00:00,1.34759,1.34832,1.34759,1.34781
2024-01-23 02:00:00,1.34781,1.34793,1.34721,1.34751
2024-01-23 03:00:00,1.34751,1.3486,1.34735,1.3479999999999999
2024-01-23 04:00:00,1.3479999999999999,1.34852,1.34694,1.34755
2024-01-23 05:00:00,1.34755,1.34776,1.34641,1.34669
2024-01-23 06:00:00,1.34669,1.34693,1.34636,1.34645
2024-01-23 07:00:00,1.34645,1.34666,1.34579,1.34599
2024-01-23 08:00:00,1.34599,1.34638,1.34548,1.34555
2024-01-23 09:00:00,1.3455599999999999,1.347,1.3452899999999999,1.34679
2024-01-23 10:00:00,1.34679,1.34768,1.34641,1.34764
2024-01-23 11:00:00,1.34764,1.34828,1.34717,1.34762
2024-01-23 12:00:00,1.34763,1.34791,1.3471,1.34761
2024-01-23 13:00:00,1.34761,1.34821,1.3474,1.34778
2024-01-23 14:00:00,1.3477700000000001,1.34809,1.34742,1.34756
2024-01-23 15:00:00,1.34754,1.34775,1.34643,1.34759
2024-01-23 16:00:00,1.34759,1.34881,1.34737,1.34819
2024-01-23 17:00:00,1.34818,1.34909,1.34668,1.34813
2024-01-23 18:00:00,1.34814,1.34917,1.3477700000000001,1.34863
2024-01-23 19:00:00,1.34862,1.34912,1.34813,1.3483
2024-01-23 20:00:00,1.3483,1.34864,1.34767,1.34816
2024-01-23 21:00:00,1.34817,1.34822,1.3464800000000001,1.3467799999999999
2024-01-23 22:00:00,1.34676,1.34697,1.34629,1.34679
2024-01-23 23:00:00,1.34672,1.34684,1.34579,1.34589
2024-01-24 00:00:00,1.34589,1.34623,1.3455,1.34599
2024-01-24 01:00:00,1.3461,1.34612,1.34558,1.34565
2024-01-24 02:00:00,1.34565,1.34633,1.34562,1.3461
2024-01-24 03:00:00,1.3461,1.34661,1.34589,1.34654
2024-01-24 04:00:00,1.34654,1.34759,1.34653,1.34744
2024-01-24 05:00:00,1.3474300000000001,1.34772,1.34693,1.34748
2024-01-24 06:00:00,1.34749,1.34772,1.34692,1.34706
2024-01-24 07:00:00,1.34706,1.34772,1.3467500000000001,1.34688
2024-01-24 08:00:00,1.34687,1.3471199999999999,1.34601,1.3461400000000001
2024-01-24 09:00:00,1.34616,1.34637,1.34509,1.34539
2024-01-24 10:00:00,1.34538,1.34568,1.3444,1.34507
2024-01-24 11:00:00,1.34506,1.34509,1.3437999999999999,1.34423
2024-01-24 12:00:00,1.34424,1.34542,1.34403,1.34473
2024-01-24 13:00:00,1.34474,1.34549,1.3446500000000001,1.34496
2024-01-24 14:00:00,1.34496,1.3459699999999999,1.3447,1.3459699999999999
2024-01-24 15:00:00,1.3459699999999999,1.34598,1.34307,1.3432
2024-01-24 16:00:00,1.34321,1.34758,1.34298,1.34749
2024-01-24 17:00:00,1.34749,1.34923,1.34711,1.34862
2024-01-24 18:00:00,1.34862,1.34944,1.34758,1.34796
2024-01-24 19:00:00,1.34789,1.34822,1.34733,1.34802
2024-01-24 20:00:00,1.34802,1.35093,1.34794,1.3507799999999999
2024-01-24 21:00:00,1.3507799999999999,1.35233,1.3507799999999999,1.35144
2024-01-24 22:00:00,1.35144,1.35275,1.35142,1.3526500000000001
2024-01-24 23:00:00,1.35263,1.35275,1.3522,1.3522
2024-01-25 00:00:00,1.3522,1.35245,1.3507,1.35216
2024-01-25 01:00:00,1.35223,1.35272,1.35219,1.35255
2024-01-25 02:00:00,1.35256,1.35332,1.35248,1.35273
2024-01-25 03:00:00,1.35273,1.35343,1.35223,1.35243
2024-01-25 04:00:00,1.35242,1.35256,1.35181,1.35205
2024-01-25 05:00:00,1.35205,1.35205,1.3514599999999999,1.35187
2024-01-25 06:00:00,1.35188,1.35192,1.35144,1.3517299999999999
2024-01-25 07:00:00,1.35174,1.35248,1.35164,1.35227
2024-01-25 08:00:00,1.35227,1.3524,1.35152,1.35156
2024-01-25 09:00:00,1.35158,1.3523,1.35158,1.35209
2024-01-25 10:00:00,1.35209,1.35298,1.35158,1.35191
2024-01-25 11:00:00,1.3519,1.35211,1.35046,1.35065
2024-01-25 12:00:00,1.35065,1.35079,1.35009,1.3504800000000001
2024-01-25 13:00:00,1.35049,1.35096,1.35029,1.35067
2024-01-25 14:00:00,1.35066,1.3517700000000001,1.35061,1.35172
2024-01-25 15:00:00,1.35172,1.3519,1.34881,1.34906
2024-01-25 16:00:00,1.34906,1.3519700000000001,1.34855,1.3496000000000001
2024-01-25 17:00:00,1.34959,1.35087,1.3491900000000001,1.3501
2024-01-25 18:00:00,1.35011,1.35064,1.34903,1.34912
2024-01-25 19:00:00,1.34911,1.35063,1.34879,1.34965
2024-01-25 20:00:00,1.3496299999999999,1.35016,1.34864,1.34989
2024-01-25 21:00:00,1.3498999999999999,1.3504399999999999,1.3477299999999999,1.34793
2024-01-25 22:00:00,1.34794,1.34843,1.34722,1.34722
2024-01-25 23:00:00,1.34723,1.34758,1.34673,1.34733
2024-01-26 00:00:00,1.34733,1.3476,1.34634,1.34741
2024-01-26 01:00:00,1.34756,1.34801,1.3475,1.3479999999999999
2024-01-26 02:00:00,1.3479999999999999,1.34823,1.34734,1.34764
2024-01-26 03:00:00,1.34764,1.34778,1.34708,1.34718
2024-01-26 04:00:00,1.3471899999999999,1.34726,1.34656,1.3468499999999999
2024-01-26 05:00:00,1.3468499999999999,1.3469,1.34663,1.34672
2024-01-26 06:00:00,1.34672,1.34724,1.34668,1.34713
2024-01-26 07:00:00,1.34713,1.34717,1.34629,1.34649
2024-01-26 08:00:00,1.34649,1.34744,1.34649,1.34734
2024-01-26 09:00:00,1.34734,1.34829,1.3472,1.34735
2024-01-26 10:00:00,1.34734,1.34767,1.34639,1.34644
2024-01-26 11:00:00,1.34644,1.34695,1.34549,1.3456000000000001
2024-01-26 12:00:00,1.3456000000000001,1.34566,1.3448,1.34483
2024-01-26 13:00:00,1.34482,1.34488,1.34424,1.34447
2024-01-26 14:00:00,1.34446,1.34447,1.34331,1.3437299999999999
2024-01-26 15:00:00,1.34372,1.34408,1.34139,1.34275
2024-01-26 16:00:00,1.34274,1.34493,1.34191,1.3446799999999999
2024-01-26 17:00:00,1.3446799999999999,1.34588,1.34361,1.34461
2024-01-26 18:00:00,1.34462,1.34593,1.34454,1.34573
2024-01-26 19:00:00,1.34573,1.34674,1.3457,1.34628
2024-01-26 20:00:00,1.34628,1.34653,1.34504,1.34578
2024-01-26 21:00:00,1.34578,1.34578,1.34436,1.34473
2024-01-26 22:00:00,1.34473,1.34506,1.34442,1.34449
2024-01-26 23:00:00,1.34443,1.34527,1.34425,1.3446799999999999
2024-01-29 00:00:00,1.34584,1.34605,1.34418,1.34525
2024-01-29 01:00:00,1.34537,1.3456000000000001,1.34449,1.3455599999999999
2024-01-29 02:00:00,1.34558,1.34588,1.3454,1.34559
2024-01-29 03:00:00,1.34559,1.34571,1.34459,1.34477
2024-01-29 04:00:00,1.34476,1.3454,1.3447200000000001,1.34517
2024-01-29 05:00:00,1.34517,1.34561,1.34483,1.34485
2024-01-29 06:00:00,1.34484,1.3449499999999999,1.34449,1.34488
2024-01-29 07:00:00,1.34488,1.34522,1.34461,1.34479
2024-01-29 08:00:00,1.34479,1.34486,1.34419,1.34461
2024-01-29 09:00:00,1.3446,1.3446799999999999,1.34313,1.34353
2024-01-29 10:00:00,1.34352,1.34398,1.34293,1.34382
2024-01-29 11:00:00,1.34382,1.3439999999999999,1.34329,1.34355
2024-01-29 12:00:00,1.34354,1.3442,1.34352,1.34375
2024-01-29 13:00:00,1.34374,1.34374,1.34304,1.34328
2024-01-29 14:00:00,1.34327,1.34372,1.34254,1.34364
2024-01-29 15:00:00,1.34364,1.34461,1.3434300000000001,1.34381
2024-01-29 16:00:00,1.34381,1.3462,1.34325,1.3448
2024-01-29 17:00:00,1.34479,1.3465,1.3446500000000001,1.3452
2024-01-29 18:00:00,1.3452,1.34561,1.34392,1.34395
2024-01-29 19:00:00,1.34395,1.34473,1.3435000000000001,1.34464
2024-01-29 20:00:00,1.34464,1.34537,1.34403,1.3441100000000001
2024-01-29 21:00:00,1.3441100000000001,1.34429,1.343,1.34315
2024-01-29 22:00:00,1.34314,1.34315,1.34096,1.3409900000000001
2024-01-29 23:00:00,1.34093,1.34155,1.3409,1.34119
2024-01-30 00:00:00,1.34104,1.34164,1.3402,1.34119
2024-01-30 01:00:00,1.34125,1.34127,1.34083,1.34116
2024-01-30 02:00:00,1.34116,1.34116,1.34015,1.34032
2024-01-30 03:00:00,1.3403100000000001,1.341,1.34017,1.3407200000000001
2024-01-30 04:00:00,1.3407200000000001,1.34101,1.3403399999999999,1.34051
2024-01-30 05:00:00,1.3405,1.3409900000000001,1.3404099999999999,1.34097
2024-01-30 06:00:00,1.34097,1.34111,1.34054,1.3409
2024-01-30 07:00:00,1.34089,1.34091,1.34013,1.34078
2024-01-30 08:00:00,1.34077,1.3411,1.3403,1.3409499999999999
2024-01-30 09:00:00,1.34097,1.34152,1.34062,1.3406799999999999
2024-01-30 10:00:00,1.34067,1.3412899999999999,1.34017,1.34057
2024-01-30 11:00:00,1.34057,1.34121,1.34006,1.34043
2024-01-30 12:00:00,1.34042,1.34073,1.33987,1.3403100000000001
2024-01-30 13:00:00,1.3403,1.34116,1.34026,1.34108
2024-01-30 14:00:00,1.34109,1.34256,1.34109,1.34237
2024-01-30 15:00:00,1.34237,1.34385,1.34225,1.34372
2024-01-30 16:00:00,1.34372,1.3437999999999999,1.34096,1.34123
2024-01-30 17:00:00,1.34118,1.34463,1.34076,1.34305
2024-01-30 18:00:00,1.34303,1.34349,1.34098,1.3410199999999999
2024-01-30 19:00:00,1.3410199999999999,1.34189,1.34056,1.34131
2024-01-30 20:00:00,1.34132,1.34162,1.34037,1.3403800000000001
2024-01-30 21:00:00,1.34037,1.3406500000000001,1.33986,1.33988
2024-01-30 22:00:00,1.33988,1.3400699999999999,1.33954,1.33989
2024-01-30 23:00:00,1.33988,1.33994,1.33956,1.33967
2024-01-31 00:00:00,1.33966,1.34018,1.33933,1.34013
2024-01-31 01:00:00,1.34018,1.34022,1.33981,1.34016
2024-01-31 02:00:00,1.3401399999999999,1.3403800000000001,1.33971,1.3401399999999999
2024-01-31 03:00:00,1.3401399999999999,1.34111,1.34003,1.34111
2024-01-31 04:00:00,1.34111,1.34235,1.34111,1.34182
2024-01-31 05:00:00,1.34182,1.34227,1.34161,1.34207
2024-01-31 06:00:00,1.34208,1.34209,1.3415300000000001,1.34169
2024-01-31 07:00:00,1.3417,1.34196,1.34151,1.34178
2024-01-31 08:00:00,1.34179,1.34207,1.34162,1.34186
2024-01-31 09:00:00,1.3418700000000001,1.3422,1.3413599999999999,1.34167
2024-01-31 10:00:00,1.34167,1.3425,1.3409900000000001,1.34115
2024-01-31 11:00:00,1.34116,1.34225,1.34114,1.3422399999999999
2024-01-31 12:00:00,1.3422399999999999,1.34315,1.34219,1.34296
2024-01-31 13:00:00,1.34297,1.34314,1.34223,1.34294
2024-01-31 14:00:00,1.34295,1.34371,1.34283,1.34324
2024-01-31 15:00:00,1.34325,1.34354,1.3392,1.33964
2024-01-31 16:00:00,1.33964,1.33995,1.33781,1.33834
2024-01-31 17:00:00,1.33836,1.33849,1.3358400000000001,1.33595
2024-01-31 18:00:00,1.33597,1.33903,1.33582,1.33857
2024-01-31 19:00:00,1.33856,1.3397000000000001,1.33842,1.33926
2024-01-31 20:00:00,1.33926,1.33984,1.33823,1.33827
2024-01-31 21:00:00,1.33826,1.3415599999999999,1.33708,1.34015
2024-01-31 22:00:00,1.34012,1.3445,1.34002,1.34423
2024-01-31 23:00:00,1.34416,1.34452,1.34314,1.34328
2024-02-01 00:00:00,1.34332,1.34365,1.34225,1.34363
2024-02-01 01:00:00,1.3437299999999999,1.34399,1.34315,1.3431899999999999
2024-02-01 02:00:00,1.3431899999999999,1.34357,1.3422100000000001,1.34281
2024-02-01 03:00:00,1.34281,1.34383,1.34266,1.34332
2024-02-01 04:00:00,1.34332,1.34335,1.3419699999999999,1.34243
2024-02-01 05:00:00,1.34244,1.34313,1.34218,1.34297
2024-02-01 06:00:00,1.34297,1.3437299999999999,1.34292,1.34351
2024-02-01 07:00:00,1.34351,1.34476,1.34351,1.34475
2024-02-01 08:00:00,1.34476,1.34544,1.34424,1.3452899999999999
2024-02-01 09:00:00,1.3452899999999999,1.34643,1.345,1.34589
2024-02-01 10:00:00,1.3458999999999999,1.3462,1.34494,1.34497
2024-02-01 11:00:00,1.34497,1.34531,1.34444,1.3446
2024-02-01 12:00:00,1.3446,1.34593,1.34448,1.34572
2024-02-01 13:00:00,1.34573,1.34627,1.34439,1.34464
2024-02-01 14:00:00,1.3446500000000001,1.34539,1.34439,1.34501
2024-02-01 15:00:00,1.3450199999999999,1.34567,1.34359,1.3441
2024-02-01 16:00:00,1.3441,1.3453300000000001,1.3418,1.34193
2024-02-01 17:00:00,1.34208,1.34387,1.34119,1.34134
2024-02-01 18:00:00,1.34135,1.34138,1.3379699999999999,1.33819
2024-02-01 19:00:00,1.33819,1.33842,1.3367499999999999,1.33817
2024-02-01 20:00:00,1.33818,1.3391,1.33732,1.33768
2024-02-01 21:00:00,1.33768,1.33896,1.3370199999999999,1.3385500000000001
2024-02-01 22:00:00,1.33856,1.33924,1.33827,1.33884
2024-02-01 23:00:00,1.33884,1.33896,1.33811,1.33847
2024-02-02 00:00:00,1.33842,1.33857,1.33728,1.3382
2024-02-02 01:00:00,1.3382,1.3385,1.33803,1.33844
2024-02-02 02:00:00,1.33845,1.33845,1.33721,1.33774
2024-02-02 03:00:00,1.33773,1.3378999999999999,1.33734,1.33742
2024-02-02 04:00:00,1.3374,1.33782,1.33707,1.33709
2024-02-02 05:00:00,1.3371,1.33768,1.33692,1.3375
2024-02-02 06:00:00,1.3375,1.33773,1.3372600000000001,1.33752
2024-02-02 07:00:00,1.33752,1.33772,1.33735,1.33755
2024-02-02 08:00:00,1.33755,1.3379699999999999,1.33719,1.33768
2024-02-02 09:00:00,1.33768,1.33816,1.33727,1.33804
2024-02-02 10:00:00,1.33805,1.33816,1.33685,1.33801
2024-02-02 11:00:00,1.33802,1.33807,1.33674,1.3369
2024-02-02 12:00:00,1.3369,1.3372899999999999,1.33656,1.33723
2024-02-02 13:00:00,1.33723,1.33775,1.33722,1.33758
2024-02-02 14:00:00,1.33758,1.33816,1.3373300000000001,1.33744
2024-02-02 15:00:00,1.33743,1.34352,1.33684,1.34349
2024-02-02 16:00:00,1.34349,1.34672,1.34341,1.34612
2024-02-02 17:00:00,1.34613,1.34755,1.3449900000000001,1.34518
2024-02-02 18:00:00,1.34519,1.34632,1.34505,1.3459699999999999
2024-02-02 19:00:00,1.3459699999999999,1.3474599999999999,1.3455599999999999,1.34669
2024-02-02 20:00:00,1.34668,1.34696,1.34611,1.3467500000000001
2024-02-02 21:00:00,1.34676,1.34676,1.34567,1.34612
2024-02-02 22:00:00,1.34612,1.34622,1.34542,1.34576
2024-02-02 23:00:00,1.34576,1.3465500000000001,1.34566,1.34653
2024-02-05 00:00:00,1.34585,1.3465,1.3456000000000001,1.34643
2024-02-05 01:00:00,1.34649,1.34752,1.34647,1.347
2024-02-05 02:00:00,1.347,1.34876,1.34664,1.34798
2024-02-05 03:00:00,1.34798,1.3489,1.34722,1.34728
2024-02-05 04:00:00,1.34728,1.34792,1.34703,1.3477000000000001
2024-02-05 05:00:00,1.3477000000000001,1.34796,1.3474,1.34754
2024-02-05 06:00:00,1.34754,1.34776,1.34737,1.3474599999999999
2024-02-05 07:00:00,1.3474599999999999,1.34783,1.34693,1.34703
2024-02-05 08:00:00,1.34704,1.34724,1.34665,1.3472
2024-02-05 09:00:00,1.34723,1.34787,1.3468200000000001,1.34784
2024-02-05 10:00:00,1.34784,1.3483,1.3471600000000001,1.34787
2024-02-05 11:00:00,1.34789,1.34891,1.3471899999999999,1.34866
2024-02-05 12:00:00,1.34866,1.34923,1.34843,1.34884
2024-02-05 13:00:00,1.34884,1.34898,1.34816,1.34885
2024-02-05 14:00:00,1.34886,1.34976,1.3486799999999999,1.34976
2024-02-05 15:00:00,1.34976,1.3514599999999999,1.34971,1.35121
2024-02-05 16:00:00,1.3512,1.35168,1.35019,1.35118
2024-02-05 17:00:00,1.35118,1.35437,1.35107,1.35376
2024-02-05 18:00:00,1.35376,1.35437,1.3531,1.3535
2024-02-05 19:00:00,1.35349,1.35367,1.3522,1.35274
2024-02-05 20:00:00,1.35274,1.35314,1.3522,1.35294
2024-02-05 21:00:00,1.35294,1.35351,1.3526799999999999,1.3535
2024-02-05 22:00:00,1.3535,1.35434,1.35344,1.35399
2024-02-05 23:00:00,1.35393,1.35423,1.35368,1.35392
2024-02-06 00:00:00,1.3536000000000001,1.35402,1.35259,1.3535
2024-02-06 01:00:00,1.35365,1.35437,1.35365,1.35432
2024-02-06 02:00:00,1.35432,1.35434,1.3536000000000001,1.35366
2024-02-06 03:00:00,1.35366,1.35373,1.35203,1.35221
2024-02-06 04:00:00,1.35221,1.35249,1.35194,1.35242
2024-02-06 05:00:00,1.35242,1.35243,1.35171,1.35212
2024-02-06 06:00:00,1.35212,1.35232,1.3513,1.35148
2024-02-06 07:00:00,1.35148,1.35148,1.35087,1.35127
2024-02-06 08:00:00,1.35127,1.35157,1.35068,1.35083
2024-02-06 09:00:00,1.35083,1.35149,1.35052,1.35148
2024-02-06 10:00:00,1.35148,1.3531900000000001,1.35127,1.35314
2024-02-06 11:00:00,1.35314,1.35345,1.35221,1.35337
2024-02-06 12:00:00,1.35338,1.3541699999999999,1.35297,1.35392
2024-02-06 13:00:00,1.35392,1.35415,1.35247,1.35257
2024-02-06 14:00:00,1.3525800000000001,1.35426,1.35252,1.35281
2024-02-06 15:00:00,1.35281,1.35379,1.35211,1.35343
2024-02-06 16:00:00,1.35343,1.35397,1.35159,1.35247
2024-02-06 17:00:00,1.35247,1.35303,1.35142,1.3523100000000001
2024-02-06 18:00:00,1.35232,1.35243,1.3498299999999999,1.35004
2024-02-06 19:00:00,1.35003,1.35019,1.34826,1.34872
2024-02-06 20:00:00,1.34872,1.34949,1.34761,1.34781
2024-02-06 21:00:00,1.34781,1.3492600000000001,1.3477000000000001,1.34836
2024-02-06 22:00:00,1.34837,1.3489200000000001,1.3479700000000001,1.3485800000000001
2024-02-06 23:00:00,1.34851,1.3493,1.3484099999999999,1.34898
2024-02-07 00:00:00,1.34897,1.34924,1.34752,1.34879
2024-02-07 01:00:00,1.34894,1.34907,1.3485800000000001,1.34896
2024-02-07 02:00:00,1.34896,1.3492199999999999,1.34866,1.3488
2024-02-07 03:00:00,1.34881,1.34881,1.34768,1.34778
2024-02-07 04:00:00,1.3477700000000001,1.3480400000000001,1.34749,1.34785
2024-02-07 05:00:00,1.34785,1.34832,1.3474,1.34832
2024-02-07 06:00:00,1.34832,1.34873,1.34832,1.34859
2024-02-07 07:00:00,1.34859,1.34882,1.34832,1.34846
2024-02-07 08:00:00,1.34845,1.34896,1.34844,1.34864
2024-02-07 09:00:00,1.34863,1.34871,1.34763,1.3481
2024-02-07 10:00:00,1.34811,1.34889,1.34744,1.34756
2024-02-07 11:00:00,1.34757,1.3484099999999999,1.34697,1.3471199999999999
2024-02-07 12:00:00,1.34713,1.34855,1.34708,1.3483399999999999
2024-02-07 13:00:00,1.34835,1.34845,1.34708,1.34762
2024-02-07 14:00:00,1.34762,1.34803,1.34645,1.3465799999999999
2024-02-07 15:00:00,1.3465799999999999,1.34732,1.34548,1.3465799999999999
2024-02-07 16:00:00,1.3465799999999999,1.34748,1.34599,1.34728
2024-02-07 17:00:00,1.34728,1.34811,1.3463,1.34679
2024-02-07 18:00:00,1.34679,1.3477700000000001,1.34613,1.3471199999999999
2024-02-07 19:00:00,1.34711,1.3477299999999999,1.34704,1.34733
2024-02-07 20:00:00,1.34733,1.34791,1.34652,1.34751
2024-02-07 21:00:00,1.34751,1.34769,1.3459400000000001,1.3465799999999999
2024-02-07 22:00:00,1.34659,1.34683,1.34613,1.3463
2024-02-07 23:00:00,1.34623,1.34641,1.34603,1.34619
2024-02-08 00:00:00,1.34622,1.34654,1.34493,1.34618
2024-02-08 01:00:00,1.34623,1.3465099999999999,1.34584,1.34626
2024-02-08 02:00:00,1.34626,1.34628,1.34586,1.34608
2024-02-08 03:00:00,1.34609,1.34609,1.3453,1.34544
2024-02-08 04:00:00,1.34544,1.34545,1.34482,1.34506
2024-02-08 05:00:00,1.34505,1.34551,1.34493,1.34531
2024-02-08 06:00:00,1.3453,1.34552,1.3449200000000001,1.34549
2024-02-08 07:00:00,1.34549,1.34583,1.34537,1.34544
2024-02-08 08:00:00,1.34543,1.34593,1.34521,1.34531
2024-02-08 09:00:00,1.34531,1.34581,1.34477,1.34562
2024-02-08 10:00:00,1.34562,1.34697,1.34551,1.34642
2024-02-08 11:00:00,1.34642,1.34688,1.3461400000000001,1.34632
2024-02-08 12:00:00,1.34632,1.34718,1.34608,1.34698
2024-02-08 13:00:00,1.34698,1.34817,1.3468499999999999,1.34764
2024-02-08 14:00:00,1.34764,1.34872,1.34738,1.34855
2024-02-08 15:00:00,1.34855,1.3492899999999999,1.3477000000000001,1.34866
2024-02-08 16:00:00,1.3486500000000001,1.34874,1.3468,1.3471600000000001
2024-02-08 17:00:00,1.3471600000000001,1.34734,1.34636,1.34637
2024-02-08 18:00:00,1.34636,1.34744,1.34592,1.34647
2024-02-08 19:00:00,1.34647,1.34688,1.34605,1.34652
2024-02-08 20:00:00,1.34652,1.34664,1.34537,1.34579
2024-02-08 21:00:00,1.34577,1.34623,1.34521,1.34565
2024-02-08 22:00:00,1.34567,1.3458999999999999,1.3452,1.34572
2024-02-08 23:00:00,1.34565,1.3458,1.34549,1.34566
2024-02-09 00:00:00,1.34539,1.34628,1.34508,1.34598
2024-02-09 01:00:00,1.34605,1.34629,1.34588,1.34601
2024-02-09 02:00:00,1.346,1.3463,1.34581,1.34623
2024-02-09 03:00:00,1.3462399999999999,1.34629,1.34582,1.34619
2024-02-09 04:00:00,1.34619,1.34629,1.34583,1.346
2024-02-09 05:00:00,1.346,1.3464,1.346,1.34629
2024-02-09 06:00:00,1.34628,1.34657,1.34618,1.34645
2024-02-09 07:00:00,1.34645,1.3465500000000001,1.34608,1.34645
2024-02-09 08:00:00,1.34645,1.3464800000000001,1.34574,1.34601
2024-02-09 09:00:00,1.34601,1.34603,1.34545,1.3459400000000001
2024-02-09 10:00:00,1.34593,1.34642,1.3457,1.34611
2024-02-09 11:00:00,1.34611,1.34638,1.34496,1.34571
2024-02-09 12:00:00,1.34572,1.34604,1.34542,1.34592
2024-02-09 13:00:00,1.34591,1.3459400000000001,1.34515,1.34527
2024-02-09 14:00:00,1.34527,1.34547,1.34498,1.34542
2024-02-09 15:00:00,1.34542,1.34544,1.3412600000000001,1.34378
2024-02-09 16:00:00,1.34379,1.3449900000000001,1.34308,1.3441100000000001
2024-02-09 17:00:00,1.3441100000000001,1.34618,1.34354,1.34612
2024-02-09 18:00:00,1.34612,1.34815,1.34571,1.34796
2024-02-09 19:00:00,1.34794,1.34799,1.3467500000000001,1.34695
2024-02-09 20:00:00,1.34695,1.34702,1.34592,1.34592
2024-02-09 21:00:00,1.34591,1.34626,1.34521,1.34625
2024-02-09 22:00:00,1.34625,1.34653,1.34578,1.34578
2024-02-09 23:00:00,1.34565,1.3461400000000001,1.3452899999999999,1.3453300000000001
2024-02-12 00:00:00,1.3464,1.3464,1.3447200000000001,1.34574
2024-02-12 01:00:00,1.34582,1.34656,1.34566,1.34578
2024-02-12 02:00:00,1.34578,1.34579,1.34524,1.34538
2024-02-12 03:00:00,1.34537,1.3459400000000001,1.34537,1.34583
2024-02-12 04:00:00,1.34583,1.34615,1.34579,1.34603
2024-02-12 05:00:00,1.34603,1.34641,1.34586,1.3461
2024-02-12 06:00:00,1.3461,1.34623,1.3458700000000001,1.3461699999999999
2024-02-12 07:00:00,1.3461699999999999,1.34631,1.34585,1.34611
2024-02-12 08:00:00,1.34611,1.34619,1.34586,1.34601
2024-02-12 09:00:00,1.34601,1.34609,1.3450199999999999,1.3452899999999999
2024-02-12 10:00:00,1.3453,1.34667,1.34527,1.34664
2024-02-12 11:00:00,1.34663,1.34683,1.34604,1.34653
2024-02-12 12:00:00,1.34653,1.34696,1.34623,1.34641
2024-02-12 13:00:00,1.34641,1.34687,1.3461699999999999,1.3466
2024-02-12 14:00:00,1.34661,1.3471899999999999,1.34629,1.34653
2024-02-12 15:00:00,1.34653,1.3475,1.34625,1.34726
2024-02-12 16:00:00,1.34725,1.34729,1.34478,1.34506
2024-02-12 17:00:00,1.34506,1.34654,1.34446,1.34477
2024-02-12 18:00:00,1.34478,1.34494,1.34362,1.34381
2024-02-12 19:00:00,1.34381,1.3440699999999999,1.34336,1.3436
2024-02-12 20:00:00,1.34359,1.34389,1.34299,1.34371
2024-02-12 21:00:00,1.3437299999999999,1.34588,1.34357,1.34554
2024-02-12 22:00:00,1.3455300000000001,1.3456299999999999,1.3449200000000001,1.34493
2024-02-12 23:00:00,1.34481,1.3452899999999999,1.34469,1.34484
2024-02-13 00:00:00,1.34484,1.34527,1.34466,1.34519
2024-02-13 01:00:00,1.34527,1.34557,1.34496,1.3455599999999999
2024-02-13 02:00:00,1.3455599999999999,1.34566,1.34507,1.34507
2024-02-13 03:00:00,1.34507,1.34543,1.3450199999999999,1.34524
2024-02-13 04:00:00,1.34523,1.3458999999999999,1.34523,1.34561
2024-02-13 05:00:00,1.34561,1.3459699999999999,1.3455300000000001,1.34593
2024-02-13 06:00:00,1.34593,1.34608,1.34579,1.34602
2024-02-13 07:00:00,1.34602,1.34602,1.3456000000000001,1.34575
2024-02-13 08:00:00,1.34575,1.34588,1.34481,1.34483
2024-02-13 09:00:00,1.34484,1.3456000000000001,1.34471,1.34537
2024-02-13 10:00:00,1.34537,1.34603,1.3449499999999999,1.34566
2024-02-13 11:00:00,1.34566,1.3463,1.3449499999999999,1.34508
2024-02-13 12:00:00,1.34508,1.34511,1.34444,1.34491
2024-02-13 13:00:00,1.34491,1.34515,1.34415,1.34488
2024-02-13 14:00:00,1.34488,1.34528,1.34419,1.34451
2024-02-13 15:00:00,1.34452,1.35286,1.34379,1.35236
2024-02-13 16:00:00,1.35236,1.35628,1.35199,1.35621
2024-02-13 17:00:00,1.35621,1.35782,1.35462,1.35526
2024-02-13 18:00:00,1.35525,1.35683,1.35443,1.35646
2024-02-13 19:00:00,1.35645,1.35761,1.3561,1.3568799999999999
2024-02-13 20:00:00,1.35689,1.35842,1.35654,1.35799
2024-02-13 21:00:00,1.358,1.35857,1.3577,1.35846
2024-02-13 22:00:00,1.35846,1.35857,1.35687,1.35698
2024-02-13 23:00:00,1.35684,1.35701,1.3561,1.3563
2024-02-14 00:00:00,1.35615,1.35657,1.35518,1.35621
2024-02-14 01:00:00,1.35629,1.35681,1.35629,1.3565800000000001
2024-02-14 02:00:00,1.3565800000000001,1.35708,1.3565,1.3566799999999999
2024-02-14 03:00:00,1.35667,1.3572,1.3563,1.35643
2024-02-14 04:00:00,1.35643,1.35684,1.3563,1.35656
2024-02-14 05:00:00,1.35656,1.35671,1.35585,1.35609
2024-02-14 06:00:00,1.35609,1.35621,1.35578,1.3558
2024-02-14 07:00:00,1.3558,1.35594,1.35559,1.35575
2024-02-14 08:00:00,1.35575,1.35575,1.35511,1.35541
2024-02-14 09:00:00,1.35541,1.3561,1.35465,1.3552
2024-02-14 10:00:00,1.3552,1.35612,1.3550499999999999,1.35528
2024-02-14 11:00:00,1.35528,1.35555,1.35412,1.35431
2024-02-14 12:00:00,1.35431,1.35466,1.35331,1.35343
2024-02-14 13:00:00,1.35342,1.35412,1.35308,1.35345
2024-02-14 14:00:00,1.35346,1.35412,1.35307,1.35406
2024-02-14 15:00:00,1.35405,1.35538,1.35392,1.35508
2024-02-14 16:00:00,1.35508,1.35614,1.35433,1.35497
2024-02-14 17:00:00,1.35497,1.35629,1.35493,1.35542
2024-02-14 18:00:00,1.35542,1.35585,1.3548200000000001,1.35515
2024-02-14 19:00:00,1.35515,1.35606,1.35462,1.3547500000000001
2024-02-14 20:00:00,1.3547500000000001,1.3553,1.35402,1.35488
2024-02-14 21:00:00,1.35488,1.35521,1.35431,1.35452
2024-02-14 22:00:00,1.3545099999999999,1.35469,1.35418,1.35434
2024-02-14 23:00:00,1.35419,1.35443,1.35395,1.35409
2024-02-15 00:00:00,1.35388,1.35439,1.35351,1.35399
2024-02-15 01:00:00,1.35407,1.3541699999999999,1.3538299999999999,1.35384
2024-02-15 02:00:00,1.35384,1.35434,1.35373,1.35394
2024-02-15 03:00:00,1.35395,1.35468,1.3538000000000001,1.3545
2024-02-15 04:00:00,1.3545,1.35514,1.35403,1.35415
2024-02-15 05:00:00,1.35415,1.35453,1.35396,1.35449
2024-02-15 06:00:00,1.35449,1.35463,1.35435,1.35443
2024-02-15 07:00:00,1.35443,1.35454,1.3541,1.35443
2024-02-15 08:00:00,1.35443,1.35457,1.35407,1.35422
2024-02-15 09:00:00,1.35423,1.35456,1.35379,1.3544
2024-02-15 10:00:00,1.3544100000000001,1.35442,1.35289,1.35328
2024-02-15 11:00:00,1.35328,1.35426,1.35327,1.35368
2024-02-15 12:00:00,1.35367,1.35389,1.35339,1.35376
2024-02-15 13:00:00,1.35376,1.3542399999999999,1.35348,1.35405
2024-02-15 14:00:00,1.35405,1.35423,1.35318,1.35394
2024-02-15 15:00:00,1.35394,1.35398,1.3511,1.35171
2024-02-15 16:00:00,1.35171,1.3524,1.3491900000000001,1.34937
2024-02-15 17:00:00,1.34937,1.34999,1.34752,1.34997
2024-02-15 18:00:00,1.34997,1.35111,1.34951,1.34952
2024-02-15 19:00:00,1.34951,1.34957,1.3487,1.34881
2024-02-15 20:00:00,1.3488,1.34885,1.34789,1.3479999999999999
2024-02-15 21:00:00,1.34801,1.34808,1.34686,1.34701
2024-02-15 22:00:00,1.34701,1.34748,1.34671,1.34679
2024-02-15 23:00:00,1.34665,1.3469,1.34616,1.34623
2024-02-16 00:00:00,1.3461699999999999,1.34668,1.34479,1.34649
2024-02-16 01:00:00,1.34657,1.34673,1.34606,1.3465500000000001
2024-02-16 02:00:00,1.34654,1.3479,1.34652,1.34784
2024-02-16 03:00:00,1.34784,1.34827,1.34767,1.34778
2024-02-16 04:00:00,1.34778,1.3483800000000001,1.34776,1.34836
2024-02-16 05:00:00,1.34836,1.34857,1.34819,1.34835
2024-02-16 06:00:00,1.34835,1.34856,1.34814,1.34842
2024-02-16 07:00:00,1.34842,1.34848,1.34808,1.34825
2024-02-16 08:00:00,1.34825,1.34854,1.3479700000000001,1.3483100000000001
2024-02-16 09:00:00,1.3483100000000001,1.3483399999999999,1.34759,1.3477700000000001
2024-02-16 10:00:00,1.34776,1.34849,1.34756,1.34837
2024-02-16 11:00:00,1.34837,1.34844,1.34762,1.3480400000000001
2024-02-16 12:00:00,1.3479999999999999,1.34845,1.34779,1.34812
2024-02-16 13:00:00,1.34812,1.34821,1.34744,1.34756
2024-02-16 14:00:00,1.34756,1.34822,1.3472,1.34806
2024-02-16 15:00:00,1.34806,1.35074,1.34774,1.3495300000000001
2024-02-16 16:00:00,1.34954,1.35058,1.34896,1.34993
2024-02-16 17:00:00,1.34993,1.35002,1.34731,1.3482
2024-02-16 18:00:00,1.3482,1.34854,1.34689,1.3485
2024-02-16 19:00:00,1.34846,1.34878,1.34745,1.34748
2024-02-16 20:00:00,1.34745,1.34829,1.34715,1.34768
2024-02-16 21:00:00,1.34766,1.34921,1.34693,1.34903
2024-02-16 22:00:00,1.3490199999999999,1.3490199999999999,1.34824,1.34854
2024-02-16 23:00:00,1.34854,1.34885,1.34827,1.34832
2024-02-19 00:00:00,1.34733,1.3485800000000001,1.3470900000000001,1.3483399999999999
2024-02-19 01:00:00,1.34845,1.34848,1.3477700000000001,1.34779
2024-02-19 02:00:00,1.34778,1.34778,1.3468,1.34688
2024-02-19 03:00:00,1.34687,1.34788,1.34677,1.34779
2024-02-19 04:00:00,1.34779,1.3480699999999999,1.3477299999999999,1.3480400000000001
2024-02-19 05:00:00,1.3480400000000001,1.34816,1.34763,1.34814
2024-02-19 06:00:00,1.34815,1.34833,1.34792,1.34803
2024-02-19 07:00:00,1.34803,1.3480400000000001,1.34753,1.34772
2024-02-19 08:00:00,1.34772,1.3479,1.34718,1.34731
2024-02-19 09:00:00,1.3473,1.3477299999999999,1.3470900000000001,1.3476
2024-02-19 10:00:00,1.34761,1.34785,1.3471600000000001,1.34771
2024-02-19 11:00:00,1.34771,1.34779,1.3471,1.34738
2024-02-19 12:00:00,1.34738,1.34798,1.3473,1.34782
2024-02-19 13:00:00,1.34783,1.34809,1.34721,1.34738
2024-02-19 14:00:00,1.34738,1.34779,1.34711,1.34771
2024-02-19 15:00:00,1.34772,1.34806,1.34748,1.34799
2024-02-19 16:00:00,1.34798,1.3486799999999999,1.34766,1.34866
2024-02-19 17:00:00,1.34866,1.3496299999999999,1.3486500000000001,1.34928
2024-02-19 18:00:00,1.3492899999999999,1.34951,1.34905,1.34906
2024-02-19 19:00:00,1.34906,1.34914,1.34885,1.34903
2024-02-19 20:00:00,1.34903,1.34908,1.34884,1.34904
2024-02-19 21:00:00,1.34904,1.34907,1.34885,1.3489499999999999
2024-02-19 22:00:00,1.3489499999999999,1.34912,1.34887,1.34893
2024-02-19 23:00:00,1.34896,1.34909,1.34869,1.34901
2024-02-20 00:00:00,1.34887,1.34897,1.34816,1.34885
2024-02-20 01:00:00,1.34893,1.35009,1.3489200000000001,1.34994
2024-02-20 02:00:00,1.34994,1.35019,1.3496299999999999,1.34991
2024-02-20 03:00:00,1.34991,1.3505099999999999,1.34954,1.3504800000000001
2024-02-20 04:00:00,1.3504800000000001,1.35103,1.35046,1.35095
2024-02-20 05:00:00,1.35095,1.35102,1.3504,1.35064
2024-02-20 06:00:00,1.35064,1.3507500000000001,1.35036,1.35065
2024-02-20 07:00:00,1.35065,1.35113,1.35064,1.3507500000000001
2024-02-20 08:00:00,1.3507500000000001,1.35086,1.3502100000000001,1.35037
2024-02-20 09:00:00,1.35036,1.35104,1.35013,1.35099
2024-02-20 10:00:00,1.35098,1.35101,1.3495599999999999,1.34969
2024-02-20 11:00:00,1.34967,1.34978,1.3489900000000001,1.34927
2024-02-20 12:00:00,1.34927,1.34945,1.34759,1.34793
2024-02-20 13:00:00,1.34794,1.34889,1.3479,1.34869
2024-02-20 14:00:00,1.3486799999999999,1.34872,1.34721,1.34842
2024-02-20 15:00:00,1.3484099999999999,1.3525,1.34729,1.35141
2024-02-20 16:00:00,1.35141,1.3519700000000001,1.34977,1.35126
2024-02-20 17:00:00,1.35126,1.3529499999999999,1.35091,1.35093
2024-02-20 18:00:00,1.35093,1.35211,1.35081,1.35183
2024-02-20 19:00:00,1.35182,1.35293,1.35182,1.3519700000000001
2024-02-20 20:00:00,1.35198,1.3525800000000001,1.3516599999999999,1.35168
2024-02-20 21:00:00,1.35168,1.35279,1.35163,1.3523
2024-02-20 22:00:00,1.35229,1.35272,1.3519999999999999,1.35218
2024-02-20 23:00:00,1.35205,1.3526799999999999,1.3519700000000001,1.35216
2024-02-21 00:00:00,1.35209,1.35229,1.35183,1.35216
2024-02-21 01:00:00,1.35227,1.35257,1.3519700000000001,1.3523399999999999
2024-02-21 02:00:00,1.3523399999999999,1.35246,1.35198,1.35223
2024-02-21 03:00:00,1.35223,1.35284,1.35182,1.35184
2024-02-21 04:00:00,1.35184,1.35188,1.3511,1.35132
2024-02-21 05:00:00,1.35132,1.35132,1.3507,1.3507799999999999
2024-02-21 06:00:00,1.35079,1.35121,1.3507500000000001,1.35104
2024-02-21 07:00:00,1.35104,1.35132,1.35047,1.35087
2024-02-21 08:00:00,1.35086,1.3517700000000001,1.35072,1.3511600000000001
2024-02-21 09:00:00,1.35117,1.35178,1.35098,1.35178
2024-02-21 10:00:00,1.35178,1.35313,1.3513600000000001,1.35309
2024-02-21 11:00:00,1.35309,1.35361,1.3525800000000001,1.35264
2024-02-21 12:00:00,1.35264,1.35276,1.35201,1.35212
2024-02-21 13:00:00,1.35213,1.35332,1.35196,1.35271
2024-02-21 14:00:00,1.3527,1.3531900000000001,1.35239,1.35286
2024-02-21 15:00:00,1.35287,1.35288,1.35193,1.35232
2024-02-21 16:00:00,1.35232,1.3528,1.35118,1.35118
2024-02-21 17:00:00,1.35119,1.3517700000000001,1.35047,1.35125
2024-02-21 18:00:00,1.35123,1.3517700000000001,1.35016,1.35056
2024-02-21 19:00:00,1.35055,1.35145,1.3505099999999999,1.3508200000000001
2024-02-21 20:00:00,1.3508200000000001,1.3520699999999999,1.3502100000000001,1.3505099999999999
2024-02-21 21:00:00,1.35053,1.35125,1.3494,1.3501699999999999
2024-02-21 22:00:00,1.35018,1.35144,1.35002,1.35053
2024-02-21 23:00:00,1.35039,1.35133,1.35022,1.35045
2024-02-22 00:00:00,1.35045,1.35049,1.34913,1.35019
2024-02-22 01:00:00,1.35032,1.35039,1.34945,1.34949
2024-02-22 02:00:00,1.34949,1.34969,1.3483100000000001,1.3483800000000001
2024-02-22 03:00:00,1.3483800000000001,1.34884,1.3483,1.34874
2024-02-22 04:00:00,1.34874,1.3495599999999999,1.3483800000000001,1.3484099999999999
2024-02-22 05:00:00,1.3484099999999999,1.34873,1.3483800000000001,1.34867
2024-02-22 06:00:00,1.3486799999999999,1.34885,1.34828,1.34837
2024-02-22 07:00:00,1.34837,1.34845,1.34752,1.34784
2024-02-22 08:00:00,1.34783,1.34808,1.34694,1.34703
2024-02-22 09:00:00,1.34703,1.3472,1.34525,1.34538
2024-02-22 10:00:00,1.34538,1.34549,1.34405,1.34487
2024-02-22 11:00:00,1.34488,1.3454,1.3446,1.34516
2024-02-22 12:00:00,1.34516,1.34576,1.34508,1.3454
2024-02-22 13:00:00,1.3454,1.34649,1.34525,1.34531
2024-02-22 14:00:00,1.34531,1.34764,1.3452600000000001,1.34747
2024-02-22 15:00:00,1.3474599999999999,1.35071,1.3474599999999999,1.3505099999999999
2024-02-22 16:00:00,1.3505,1.3507500000000001,1.34827,1.3486500000000001
2024-02-22 17:00:00,1.34864,1.3506,1.3486,1.34998
2024-02-22 18:00:00,1.34998,1.3504399999999999,1.34924,1.34972
2024-02-22 19:00:00,1.34972,1.34991,1.34875,1.34917
2024-02-22 20:00:00,1.34917,1.34986,1.34889,1.34893
2024-02-22 21:00:00,1.34894,1.34901,1.34811,1.34884
2024-02-22 22:00:00,1.34883,1.34891,1.34812,1.34837
2024-02-22 23:00:00,1.34823,1.34853,1.34779,1.34803
2024-02-23 00:00:00,1.34801,1.34826,1.3473600000000001,1.34793
2024-02-23 01:00:00,1.34801,1.34825,1.34785,1.34825
2024-02-23 02:00:00,1.34825,1.34948,1.34789,1.34918
2024-02-23 03:00:00,1.34918,1.34925,1.34787,1.34821
2024-02-23 04:00:00,1.34821,1.34837,1.34783,1.34818
2024-02-23 05:00:00,1.34818,1.3485800000000001,1.3479999999999999,1.34821
2024-02-23 06:00:00,1.34821,1.34825,1.34774,1.34783
2024-02-23 07:00:00,1.34783,1.34823,1.34782,1.34803
2024-02-23 08:00:00,1.34803,1.34824,1.34774,1.34786
2024-02-23 09:00:00,1.34785,1.34825,1.34753,1.34768
2024-02-23 10:00:00,1.34768,1.34937,1.34721,1.34921
2024-02-23 11:00:00,1.3492199999999999,1.35018,1.34921,1.34967
2024-02-23 12:00:00,1.34968,1.3498700000000001,1.34862,1.34878
2024-02-23 13:00:00,1.34877,1.34896,1.34767,1.34792
2024-02-23 14:00:00,1.34794,1.34815,1.34642,1.3466
2024-02-23 15:00:00,1.3466,1.34695,1.3461400000000001,1.34637
2024-02-23 16:00:00,1.34637,1.3480699999999999,1.34637,1.34765
2024-02-23 17:00:00,1.34767,1.35039,1.34764,1.35016
2024-02-23 18:00:00,1.35016,1.3517299999999999,1.35011,1.35033
2024-02-23 19:00:00,1.35033,1.35042,1.3496299999999999,1.34965
2024-02-23 20:00:00,1.34966,1.35012,1.34903,1.3495300000000001
2024-02-23 21:00:00,1.3495300000000001,1.35053,1.34948,1.35004
2024-02-23 22:00:00,1.35003,1.35073,1.34988,1.35023
2024-02-23 23:00:00,1.35009,1.35068,1.35001,1.35062
2024-02-26 00:00:00,1.34933,1.35056,1.34897,1.34988
2024-02-26 01:00:00,1.34996,1.35107,1.34996,1.3510499999999999
2024-02-26 02:00:00,1.3510499999999999,1.35167,1.35074,1.35165
2024-02-26 03:00:00,1.35165,1.35191,1.35093,1.35133
2024-02-26 04:00:00,1.35134,1.35176,1.35124,1.3513899999999999
2024-02-26 05:00:00,1.3513899999999999,1.3516599999999999,1.35138,1.35149
2024-02-26 06:00:00,1.35149,1.35156,1.35074,1.35096
2024-02-26 07:00:00,1.35096,1.35104,1.35066,1.35098
2024-02-26 08:00:00,1.35097,1.35133,1.35087,1.3511600000000001
2024-02-26 09:00:00,1.3511600000000001,1.35183,1.35081,1.3517299999999999
2024-02-26 10:00:00,1.3517299999999999,1.35279,1.3517299999999999,1.35262
2024-02-26 11:00:00,1.35262,1.35284,1.35221,1.35223
2024-02-26 12:00:00,1.35222,1.35226,1.35155,1.35185
2024-02-26 13:00:00,1.35184,1.35205,1.35128,1.35159
2024-02-26 14:00:00,1.35159,1.35209,1.35126,1.3520699999999999
2024-02-26 15:00:00,1.3520699999999999,1.3525,1.35008,1.35019
2024-02-26 16:00:00,1.3502,1.35209,1.34998,1.3511600000000001
2024-02-26 17:00:00,1.35113,1.35254,1.35102,1.3514599999999999
2024-02-26 18:00:00,1.3514599999999999,1.35198,1.35124,1.35144
2024-02-26 19:00:00,1.35144,1.35206,1.3514,1.35171
2024-02-26 20:00:00,1.35171,1.35209,1.35145,1.3516
2024-02-26 21:00:00,1.3516,1.35161,1.35114,1.35131
2024-02-26 22:00:00,1.35131,1.35132,1.34999,1.35061
2024-02-26 23:00:00,1.35046,1.35064,1.35006,1.35029
2024-02-27 00:00:00,1.35031,1.35059,1.34969,1.3505099999999999
2024-02-27 01:00:00,1.35059,1.35092,1.35011,1.3501400000000001
2024-02-27 02:00:00,1.35015,1.35097,1.34998,1.35087
2024-02-27 03:00:00,1.35087,1.35099,1.35056,1.35069
2024-02-27 04:00:00,1.35069,1.3513,1.35018,1.3511199999999999
2024-02-27 05:00:00,1.3511199999999999,1.35135,1.35042,1.3506
2024-02-27 06:00:00,1.35061,1.35061,1.35015,1.35023
2024-02-27 07:00:00,1.3502399999999999,1.35057,1.34998,1.35019
2024-02-27 08:00:00,1.35018,1.3503,1.34981,1.34999
2024-02-27 09:00:00,1.34999,1.35011,1.3492899999999999,1.34992
2024-02-27 10:00:00,1.34993,1.35013,1.3489900000000001,1.34978
2024-02-27 11:00:00,1.34977,1.3498299999999999,1.34907,1.34924
2024-02-27 12:00:00,1.34924,1.35004,1.34917,1.34933
2024-02-27 13:00:00,1.34933,1.34981,1.34896,1.34932
2024-02-27 14:00:00,1.34932,1.34932,1.34842,1.34911
2024-02-27 15:00:00,1.34911,1.3505099999999999,1.34911,1.34988
2024-02-27 16:00:00,1.3498700000000001,1.3520699999999999,1.34944,1.3513600000000001
2024-02-27 17:00:00,1.35158,1.3537,1.35096,1.35193
2024-02-27 18:00:00,1.35194,1.35281,1.35156,1.35241
2024-02-27 19:00:00,1.3524,1.3538999999999999,1.35227,1.35227
2024-02-27 20:00:00,1.35227,1.3526,1.35159,1.35229
2024-02-27 21:00:00,1.35229,1.3536000000000001,1.35224,1.35283
2024-02-27 22:00:00,1.35282,1.3532199999999999,1.35233,1.35303
2024-02-27 23:00:00,1.35303,1.35303,1.35232,1.35271
2024-02-28 00:00:00,1.35272,1.35281,1.3517299999999999,1.35249
2024-02-28 01:00:00,1.35257,1.35333,1.35257,1.35313
2024-02-28 02:00:00,1.35313,1.35342,1.3527,1.3528
2024-02-28 03:00:00,1.3528,1.35379,1.3528,1.35336
2024-02-28 04:00:00,1.35337,1.35393,1.3532600000000001,1.35379
2024-02-28 05:00:00,1.35379,1.35446,1.35368,1.35402
2024-02-28 06:00:00,1.35402,1.3546,1.35392,1.35443
2024-02-28 07:00:00,1.3544399999999999,1.35498,1.35432,1.3547799999999999
2024-02-28 08:00:00,1.35479,1.35552,1.35449,1.35549
2024-02-28 09:00:00,1.35549,1.35583,1.35516,1.35532
2024-02-28 10:00:00,1.35531,1.35754,1.35527,1.35735
2024-02-28 11:00:00,1.35736,1.3587500000000001,1.3572899999999999,1.35874
2024-02-28 12:00:00,1.3587500000000001,1.35877,1.35742,1.3578700000000001
2024-02-28 13:00:00,1.35788,1.3587,1.35758,1.35778
2024-02-28 14:00:00,1.35778,1.3605800000000001,1.35738,1.36044
2024-02-28 15:00:00,1.36044,1.36044,1.35693,1.35792
2024-02-28 16:00:00,1.35791,1.35803,1.3563100000000001,1.35649
2024-02-28 17:00:00,1.3565,1.35733,1.35589,1.35647
2024-02-28 18:00:00,1.35647,1.35794,1.35628,1.3572
2024-02-28 19:00:00,1.3571900000000001,1.35786,1.3568,1.35702
2024-02-28 20:00:00,1.35701,1.35754,1.35662,1.35732
2024-02-28 21:00:00,1.35732,1.35829,1.35706,1.35788
2024-02-28 22:00:00,1.3578700000000001,1.3578700000000001,1.3571,1.3573
2024-02-28 23:00:00,1.35716,1.358,1.35713,1.35754
2024-02-29 00:00:00,1.35759,1.35786,1.35734,1.35766
2024-02-29 01:00:00,1.35778,1.35794,1.35747,1.35775
2024-02-29 02:00:00,1.35775,1.35852,1.35767,1.3583
2024-02-29 03:00:00,1.35829,1.35829,1.3575,1.35804
2024-02-29 04:00:00,1.35802,1.35804,1.3571,1.35716
2024-02-29 05:00:00,1.35716,1.3575,1.357,1.3571
2024-02-29 06:00:00,1.3571,1.35732,1.35693,1.35709
2024-02-29 07:00:00,1.3571,1.35758,1.35691,1.35739
2024-02-29 08:00:00,1.35739,1.35748,1.35711,1.35743
2024-02-29 09:00:00,1.35742,1.35804,1.35708,1.3577
2024-02-29 10:00:00,1.3577,1.3586,1.35724,1.358
2024-02-29 11:00:00,1.35799,1.35857,1.35793,1.3585
2024-02-29 12:00:00,1.3585,1.35918,1.35845,1.35914
2024-02-29 13:00:00,1.35913,1.35916,1.35832,1.35842
2024-02-29 14:00:00,1.35835,1.35957,1.35834,1.35928
2024-02-29 15:00:00,1.35929,1.3597299999999999,1.35579,1.35653
2024-02-29 16:00:00,1.35653,1.35687,1.35483,1.35483
2024-02-29 17:00:00,1.3547799999999999,1.3564,1.35409,1.35635
2024-02-29 18:00:00,1.35635,1.35727,1.35615,1.35679
2024-02-29 19:00:00,1.35678,1.35847,1.35651,1.3578000000000001
2024-02-29 20:00:00,1.3578000000000001,1.35801,1.3568799999999999,1.35705
2024-02-29 21:00:00,1.35706,1.35808,1.35679,1.35767
2024-02-29 22:00:00,1.35767,1.35779,1.35677,1.35715
2024-02-29 23:00:00,1.35715,1.358,1.35684,1.35755
2024-03-01 00:00:00,1.35778,1.35784,1.35594,1.3575300000000001
2024-03-01 01:00:00,1.35766,1.35818,1.35678,1.35682
2024-03-01 02:00:00,1.35682,1.35744,1.3565800000000001,1.35736
2024-03-01 03:00:00,1.35736,1.3575300000000001,1.35637,1.3565800000000001
2024-03-01 04:00:00,1.3565800000000001,1.35679,1.35616,1.35633
2024-03-01 05:00:00,1.35633,1.35642,1.3561,1.35632
2024-03-01 06:00:00,1.35632,1.35699,1.35632,1.35699
2024-03-01 07:00:00,1.35699,1.3572199999999999,1.35689,1.35702
2024-03-01 08:00:00,1.35701,1.35725,1.35671,1.35706
2024-03-01 09:00:00,1.35706,1.35799,1.35652,1.35797
2024-03-01 10:00:00,1.35796,1.35919,1.35792,1.35897
2024-03-01 11:00:00,1.35897,1.35904,1.35724,1.35768
2024-03-01 12:00:00,1.35769,1.3581400000000001,1.3571,1.35772
2024-03-01 13:00:00,1.35771,1.35774,1.35689,1.35744
2024-03-01 14:00:00,1.35744,1.35792,1.35714,1.35789
2024-03-01 15:00:00,1.35788,1.35858,1.35737,1.35853
2024-03-01 16:00:00,1.35852,1.36014,1.35847,1.35948
2024-03-01 17:00:00,1.35937,1.35964,1.35463,1.35518
2024-03-01 18:00:00,1.35518,1.35614,1.35449,1.3555
2024-03-01 19:00:00,1.35549,1.35554,1.35449,1.3553600000000001
2024-03-01 20:00:00,1.3553600000000001,1.35615,1.35534,1.35565
2024-03-01 21:00:00,1.35565,1.35599,1.35519,1.35589
2024-03-01 22:00:00,1.35589,1.3562,1.35576,1.3558
2024-03-01 23:00:00,1.3556599999999999,1.35611,1.35558,1.35582
2024-03-04 00:00:00,1.35473,1.35549,1.35449,1.35518
2024-03-04 01:00:00,1.35526,1.3556599999999999,1.35515,1.35515
2024-03-04 02:00:00,1.35515,1.35537,1.35453,1.35489
2024-03-04 03:00:00,1.35488,1.35633,1.35484,1.35613
2024-03-04 04:00:00,1.35613,1.3566,1.35562,1.35592
2024-03-04 05:00:00,1.35591,1.35614,1.3557000000000001,1.35591
2024-03-04 06:00:00,1.35591,1.35623,1.35582,1.35614
2024-03-04 07:00:00,1.35615,1.35651,1.35612,1.3564
2024-03-04 08:00:00,1.3564,1.35656,1.35618,1.35621
2024-03-04 09:00:00,1.35621,1.35663,1.35561,1.35572
2024-03-04 10:00:00,1.35572,1.35724,1.35569,1.35711
2024-03-04 11:00:00,1.35711,1.35715,1.35592,1.35621
2024-03-04 12:00:00,1.35621,1.3566500000000001,1.3558,1.3559
2024-03-04 13:00:00,1.3559,1.35654,1.35582,1.35642
2024-03-04 14:00:00,1.35642,1.35709,1.35629,1.35707
2024-03-04 15:00:00,1.35707,1.35837,1.35651,1.35667
2024-03-04 16:00:00,1.35667,1.35718,1.35593,1.35649
2024-03-04 17:00:00,1.35651,1.35767,1.35612,1.35615
2024-03-04 18:00:00,1.35613,1.3567,1.3556300000000001,1.35652
2024-03-04 19:00:00,1.35652,1.35721,1.35642,1.35709
2024-03-04 20:00:00,1.3571,1.35781,1.3568,1.35773
2024-03-04 21:00:00,1.35773,1.35815,1.3575,1.35796
2024-03-04 22:00:00,1.35797,1.35803,1.3574899999999999,1.3575599999999999
2024-03-04 23:00:00,1.3575599999999999,1.35779,1.3571,1.3571
2024-03-05 00:00:00,1.3571900000000001,1.3576,1.35637,1.35732
2024-03-05 01:00:00,1.3574,1.35764,1.3571,1.35757
2024-03-05 02:00:00,1.35758,1.3578299999999999,1.3572899999999999,1.35769
2024-03-05 03:00:00,1.3577,1.35793,1.35725,1.3572600000000001
2024-03-05 04:00:00,1.35727,1.35849,1.35709,1.35802
2024-03-05 05:00:00,1.35802,1.3583,1.35767,1.35793
2024-03-05 06:00:00,1.35792,1.35832,1.3578299999999999,1.35827
2024-03-05 07:00:00,1.35827,1.35859,1.3578999999999999,1.3585099999999999
2024-03-05 08:00:00,1.3585099999999999,1.35953,1.35821,1.35935
2024-03-05 09:00:00,1.35934,1.35989,1.35914,1.35968
2024-03-05 10:00:00,1.35968,1.3605,1.35937,1.36002
2024-03-05 11:00:00,1.36002,1.36029,1.35822,1.35883
2024-03-05 12:00:00,1.35882,1.3589,1.35793,1.35819
2024-03-05 13:00:00,1.35819,1.3587,1.35793,1.3586
2024-03-05 14:00:00,1.3586,1.35979,1.35859,1.3596
2024-03-05 15:00:00,1.3596,1.35977,1.35793,1.35886
2024-03-05 16:00:00,1.35885,1.35904,1.35723,1.35802
2024-03-05 17:00:00,1.35799,1.35799,1.35554,1.3568799999999999
2024-03-05 18:00:00,1.3568799999999999,1.35836,1.35671,1.35789
2024-03-05 19:00:00,1.35789,1.3580999999999999,1.35724,1.35763
2024-03-05 20:00:00,1.35762,1.35899,1.35744,1.35883
2024-03-05 21:00:00,1.35883,1.3593899999999999,1.35819,1.35938
2024-03-05 22:00:00,1.35938,1.35996,1.3590900000000001,1.35944
2024-03-05 23:00:00,1.3593,1.3594,1.35887,1.35894
2024-03-06 00:00:00,1.35908,1.3593600000000001,1.35824,1.35897
2024-03-06 01:00:00,1.3590499999999999,1.35953,1.35893,1.359
2024-03-06 02:00:00,1.359,1.35991,1.35898,1.35984
2024-03-06 03:00:00,1.35983,1.3599700000000001,1.35856,1.35863
2024-03-06 04:00:00,1.35862,1.35892,1.35812,1.35829
2024-03-06 05:00:00,1.3583,1.35887,1.3581699999999999,1.35854
2024-03-06 06:00:00,1.35853,1.3587099999999999,1.35837,1.35849
2024-03-06 07:00:00,1.3585,1.35856,1.35799,1.35828
2024-03-06 08:00:00,1.35827,1.35854,1.35801,1.35854
2024-03-06 09:00:00,1.35855,1.35885,1.35798,1.3587500000000001
2024-03-06 10:00:00,1.3587500000000001,1.35942,1.35811,1.3584
2024-03-06 11:00:00,1.3584100000000001,1.35893,1.35808,1.3580999999999999
2024-03-06 12:00:00,1.35809,1.35874,1.35791,1.35866
2024-03-06 13:00:00,1.35866,1.35872,1.3575300000000001,1.35765
2024-03-06 14:00:00,1.35765,1.35894,1.35699,1.35892
2024-03-06 15:00:00,1.35889,1.35889,1.35648,1.3565800000000001
2024-03-06 16:00:00,1.3565800000000001,1.35683,1.35301,1.35346
2024-03-06 17:00:00,1.35347,1.3541699999999999,1.35093,1.35134
2024-03-06 18:00:00,1.35134,1.3517700000000001,1.35055,1.35104
2024-03-06 19:00:00,1.35103,1.35163,1.35036,1.3505099999999999
2024-03-06 20:00:00,1.3505099999999999,1.35153,1.34985,1.35132
2024-03-06 21:00:00,1.35132,1.3523100000000001,1.35101,1.35164
2024-03-06 22:00:00,1.35164,1.3523,1.35156,1.35168
2024-03-06 23:00:00,1.35155,1.3517000000000001,1.35093,1.35093
2024-03-07 00:00:00,1.35129,1.35162,1.34965,1.35127
2024-03-07 01:00:00,1.35135,1.35163,1.3511600000000001,1.3512
2024-03-07 02:00:00,1.3512,1.35186,1.35083,1.35159
2024-03-07 03:00:00,1.35159,1.35225,1.3513,1.35155
2024-03-07 04:00:00,1.35155,1.35253,1.35149,1.35158
2024-03-07 05:00:00,1.35159,1.3518,1.3508499999999999,1.35098
2024-03-07 06:00:00,1.35099,1.3511,1.35029,1.35069
2024-03-07 07:00:00,1.35069,1.35115,1.35041,1.35111
2024-03-07 08:00:00,1.3511199999999999,1.3514300000000001,1.3507500000000001,1.35099
2024-03-07 09:00:00,1.351,1.3516,1.35064,1.35081
2024-03-07 10:00:00,1.3508,1.35145,1.35036,1.35093
2024-03-07 11:00:00,1.35094,1.3516,1.35049,1.35068
2024-03-07 12:00:00,1.35068,1.35088,1.34995,1.35005
2024-03-07 13:00:00,1.35006,1.35045,1.34965,1.34994
2024-03-07 14:00:00,1.34997,1.3501400000000001,1.34901,1.3494
2024-03-07 15:00:00,1.3494,1.35055,1.34817,1.34859
2024-03-07 16:00:00,1.34859,1.3496299999999999,1.34828,1.34857
2024-03-07 17:00:00,1.34856,1.3492199999999999,1.34761,1.34786
2024-03-07 18:00:00,1.34787,1.34794,1.34608,1.34673
2024-03-07 19:00:00,1.34673,1.34779,1.34663,1.34704
2024-03-07 20:00:00,1.34703,1.34704,1.34576,1.34591
2024-03-07 21:00:00,1.34589,1.3465099999999999,1.34539,1.3456299999999999
2024-03-07 22:00:00,1.3456299999999999,1.34642,1.3455,1.34585
2024-03-07 23:00:00,1.34572,1.34628,1.34548,1.34565
2024-03-08 00:00:00,1.34567,1.3459400000000001,1.34497,1.34552
2024-03-08 01:00:00,1.3456000000000001,1.34588,1.34527,1.3453
2024-03-08 02:00:00,1.3453,1.34547,1.3446500000000001,1.34503
2024-03-08 03:00:00,1.34503,1.34596,1.34486,1.34506
2024-03-08 04:00:00,1.34505,1.34565,1.34485,1.34543
2024-03-08 05:00:00,1.34543,1.34561,1.34482,1.34488
2024-03-08 06:00:00,1.34488,1.34494,1.34448,1.34493
2024-03-08 07:00:00,1.34493,1.34493,1.34447,1.34452
2024-03-08 08:00:00,1.34452,1.34481,1.34439,1.34448
2024-03-08 09:00:00,1.34448,1.34494,1.34417,1.34427
2024-03-08 10:00:00,1.34427,1.3443100000000001,1.34334,1.34358
2024-03-08 11:00:00,1.34358,1.3439999999999999,1.3431899999999999,1.34369
2024-03-08 12:00:00,1.3437000000000001,1.34442,1.34323,1.34442
2024-03-08 13:00:00,1.3444,1.34546,1.3441100000000001,1.34514
2024-03-08 14:00:00,1.34514,1.34574,1.34497,1.345
2024-03-08 15:00:00,1.34501,1.34705,1.3419699999999999,1.3447200000000001
2024-03-08 16:00:00,1.34473,1.34554,1.34356,1.34519
2024-03-08 17:00:00,1.34518,1.34674,1.34496,1.34512
2024-03-08 18:00:00,1.34512,1.34767,1.34507,1.34699
2024-03-08 19:00:00,1.34699,1.3485,1.3465500000000001,1.3482
2024-03-08 20:00:00,1.34821,1.34948,1.34816,1.34938
2024-03-08 21:00:00,1.34938,1.34976,1.34811,1.34839
2024-03-08 22:00:00,1.34839,1.34966,1.34825,1.34943
2024-03-08 23:00:00,1.3492899999999999,1.3492899999999999,1.34815,1.34833
2024-03-11 00:00:00,1.3477999999999999,1.34911,1.3477299999999999,1.3489
2024-03-11 01:00:00,1.34893,1.3491,1.34796,1.3480699999999999
2024-03-11 02:00:00,1.34808,1.34853,1.34769,1.3479
2024-03-11 03:00:00,1.3479,1.34827,1.34738,1.34757
2024-03-11 04:00:00,1.34757,1.34871,1.34757,1.34864
2024-03-11 05:00:00,1.34864,1.34873,1.34802,1.34827
2024-03-11 06:00:00,1.34827,1.3488,1.34818,1.34862
2024-03-11 07:00:00,1.34862,1.34862,1.34785,1.34803
2024-03-11 08:00:00,1.34803,1.34872,1.3479700000000001,1.34824
2024-03-11 09:00:00,1.34824,1.34925,1.34796,1.34823
2024-03-11 10:00:00,1.34823,1.3483399999999999,1.3471600000000001,1.34801
2024-03-11 11:00:00,1.34801,1.34811,1.3469,1.34718
2024-03-11 12:00:00,1.3471899999999999,1.34795,1.3471199999999999,1.34745
2024-03-11 13:00:00,1.34745,1.34809,1.34725,1.34763
2024-03-11 14:00:00,1.34763,1.3508499999999999,1.34759,1.35081
2024-03-11 15:00:00,1.35083,1.35083,1.3489200000000001,1.3504800000000001
2024-03-11 16:00:00,1.35049,1.35095,1.3491,1.3492
2024-03-11 17:00:00,1.3491900000000001,1.3498700000000001,1.3485800000000001,1.3486799999999999
2024-03-11 18:00:00,1.34867,1.34909,1.34787,1.34802
2024-03-11 19:00:00,1.34803,1.34879,1.34774,1.3484099999999999
2024-03-11 20:00:00,1.3484,1.34914,1.34832,1.3485800000000001
2024-03-11 21:00:00,1.34859,1.3488,1.3481,1.34817
2024-03-11 22:00:00,1.3480400000000001,1.34822,1.34776,1.34812
2024-03-11 23:00:00,1.34817,1.34844,1.34779,1.34806
2024-03-12 00:00:00,1.34806,1.3482,1.3479,1.3480699999999999
2024-03-12 01:00:00,1.3481,1.34822,1.34772,1.3477299999999999
2024-03-12 02:00:00,1.3477299999999999,1.34803,1.34759,1.34801
2024-03-12 03:00:00,1.34801,1.34819,1.34745,1.34753
2024-03-12 04:00:00,1.34753,1.34812,1.34748,1.34757
2024-03-12 05:00:00,1.34756,1.34763,1.3471600000000001,1.3475
2024-03-12 06:00:00,1.3475,1.3477000000000001,1.3474,1.34747
2024-03-12 07:00:00,1.34747,1.34756,1.34714,1.34749
2024-03-12 08:00:00,1.34749,1.34793,1.3471899999999999,1.3472
2024-03-12 09:00:00,1.3472,1.34755,1.34713,1.34729
2024-03-12 10:00:00,1.34729,1.34789,1.34699,1.34737
2024-03-12 11:00:00,1.34738,1.34766,1.34698,1.34734
2024-03-12 12:00:00,1.34733,1.3476,1.34666,1.34701
2024-03-12 13:00:00,1.34701,1.34843,1.34701,1.3480400000000001
2024-03-12 14:00:00,1.34803,1.3511600000000001,1.3468499999999999,1.34939
2024-03-12 15:00:00,1.34938,1.35255,1.34935,1.35079
2024-03-12 16:00:00,1.3507500000000001,1.35145,1.34909,1.34964
2024-03-12 17:00:00,1.34965,1.35064,1.34925,1.3497
2024-03-12 18:00:00,1.3497,1.3505099999999999,1.3497,1.35011
2024-03-12 19:00:00,1.35009,1.35101,1.34968,1.35003
2024-03-12 20:00:00,1.35002,1.35019,1.3495599999999999,1.34961
2024-03-12 21:00:00,1.34961,1.34985,1.34908,1.34917
2024-03-12 22:00:00,1.34918,1.3492899999999999,1.3489,1.3490199999999999
2024-03-12 23:00:00,1.34906,1.34916,1.34872,1.34901
2024-03-13 00:00:00,1.34901,1.34925,1.34896,1.34904
2024-03-13 01:00:00,1.34905,1.34928,1.3489499999999999,1.34928
2024-03-13 02:00:00,1.34928,1.34941,1.3489900000000001,1.34924
2024-03-13 03:00:00,1.3492600000000001,1.3497,1.3490199999999999,1.3495599999999999
2024-03-13 04:00:00,1.3495599999999999,1.34968,1.3492,1.34944
2024-03-13 05:00:00,1.34944,1.3496299999999999,1.3489900000000001,1.34933
2024-03-13 06:00:00,1.34933,1.34958,1.34912,1.34945
2024-03-13 07:00:00,1.34945,1.34975,1.34915,1.3491900000000001
2024-03-13 08:00:00,1.3491900000000001,1.34964,1.34889,1.34946
2024-03-13 09:00:00,1.34946,1.3498299999999999,1.34873,1.34879
2024-03-13 10:00:00,1.34876,1.34905,1.34855,1.34878
2024-03-13 11:00:00,1.34878,1.34931,1.3486099999999999,1.34913
2024-03-13 12:00:00,1.34912,1.3497,1.34901,1.34914
2024-03-13 13:00:00,1.34914,1.34932,1.34855,1.34864
2024-03-13 14:00:00,1.34863,1.34943,1.34814,1.34914
2024-03-13 15:00:00,1.34914,1.3492899999999999,1.3474599999999999,1.34752
2024-03-13 16:00:00,1.34752,1.34772,1.3458999999999999,1.3464800000000001
2024-03-13 17:00:00,1.34649,1.3473,1.3462100000000001,1.34713
2024-03-13 18:00:00,1.34713,1.34733,1.3467,1.34683
2024-03-13 19:00:00,1.34683,1.34688,1.34604,1.34623
2024-03-13 20:00:00,1.34623,1.34664,1.34606,1.34662
2024-03-13 21:00:00,1.34662,1.34729,1.34646,1.34708
2024-03-13 22:00:00,1.34708,1.34729,1.34681,1.34694
2024-03-13 23:00:00,1.34697,1.34704,1.34589,1.34668
2024-03-14 00:00:00,1.34668,1.34722,1.34639,1.34721
2024-03-14 01:00:00,1.34721,1.34723,1.34646,1.34649
2024-03-14 02:00:00,1.34653,1.34703,1.34622,1.34676
2024-03-14 03:00:00,1.34676,1.34692,1.34641,1.34644
2024-03-14 04:00:00,1.34643,1.34728,1.34638,1.34718
2024-03-14 05:00:00,1.34718,1.34768,1.34688,1.34758
2024-03-14 06:00:00,1.34759,1.34783,1.3473899999999999,1.34752
2024-03-14 07:00:00,1.34752,1.34798,1.34752,1.34782
2024-03-14 08:00:00,1.34783,1.3481,1.34725,1.3473
2024-03-14 09:00:00,1.34731,1.34811,1.3471600000000001,1.34717
2024-03-14 10:00:00,1.34717,1.3475,1.34672,1.34715
2024-03-14 11:00:00,1.34715,1.34726,1.34637,1.34645
2024-03-14 12:00:00,1.34645,1.34699,1.3461699999999999,1.34676
2024-03-14 13:00:00,1.34676,1.34697,1.34618,1.34623
2024-03-14 14:00:00,1.34622,1.34799,1.34595,1.34782
2024-03-14 15:00:00,1.34782,1.3495,1.34715,1.34936
2024-03-14 16:00:00,1.34943,1.35094,1.34932,1.35071
2024-03-14 17:00:00,1.35071,1.35343,1.35071,1.35179
2024-03-14 18:00:00,1.3518,1.35264,1.35125,1.35233
2024-03-14 19:00:00,1.35233,1.35351,1.35233,1.3525800000000001
2024-03-14 20:00:00,1.3525800000000001,1.35341,1.35244,1.35328
2024-03-14 21:00:00,1.35328,1.35406,1.35293,1.35293
2024-03-14 22:00:00,1.35294,1.35346,1.3529,1.35316
2024-03-14 23:00:00,1.35314,1.3536299999999999,1.35235,1.35278
2024-03-15 00:00:00,1.35273,1.3537,1.35273,1.35366
2024-03-15 01:00:00,1.35366,1.35408,1.35357,1.35368
2024-03-15 02:00:00,1.35365,1.35419,1.35357,1.35404
2024-03-15 03:00:00,1.35408,1.3542,1.3536000000000001,1.35407
2024-03-15 04:00:00,1.35407,1.35428,1.35391,1.35407
2024-03-15 05:00:00,1.35407,1.35428,1.35344,1.35351
2024-03-15 06:00:00,1.35351,1.35392,1.35336,1.35374
2024-03-15 07:00:00,1.35374,1.35408,1.35345,1.3536000000000001
2024-03-15 08:00:00,1.35359,1.35391,1.3532600000000001,1.35376
2024-03-15 09:00:00,1.35376,1.35456,1.35317,1.35453
2024-03-15 10:00:00,1.3545,1.35499,1.35416,1.35484
2024-03-15 11:00:00,1.35484,1.3548499999999999,1.35286,1.35297
2024-03-15 12:00:00,1.35297,1.3536299999999999,1.35289,1.3532
2024-03-15 13:00:00,1.3532,1.35354,1.35248,1.35283
2024-03-15 14:00:00,1.35282,1.35357,1.35279,1.3529900000000001
2024-03-15 15:00:00,1.353,1.3532,1.3517000000000001,1.3526
2024-03-15 16:00:00,1.3526500000000001,1.35287,1.351,1.35165
2024-03-15 17:00:00,1.35164,1.3531900000000001,1.35127,1.3531900000000001
2024-03-15 18:00:00,1.3531900000000001,1.35453,1.3529200000000001,1.3544800000000001
2024-03-15 19:00:00,1.3544800000000001,1.35518,1.3542,1.35464
2024-03-15 20:00:00,1.35463,1.3549,1.35365,1.35399
2024-03-15 21:00:00,1.35399,1.35464,1.3536000000000001,1.3544800000000001
2024-03-15 22:00:00,1.35449,1.35464,1.35369,1.35401
2024-03-18 00:00:00,1.35316,1.35447,1.35316,1.35447
2024-03-18 01:00:00,1.35447,1.35479,1.35439,1.35456
2024-03-18 02:00:00,1.35456,1.3550499999999999,1.3541699999999999,1.3544100000000001
2024-03-18 03:00:00,1.3544100000000001,1.35501,1.35377,1.3538700000000001
2024-03-18 04:00:00,1.35386,1.35392,1.35337,1.35358
2024-03-18 05:00:00,1.35358,1.35391,1.35341,1.35389
2024-03-18 06:00:00,1.35389,1.3538999999999999,1.35351,1.35365
2024-03-18 07:00:00,1.35365,1.35404,1.35344,1.35372
2024-03-18 08:00:00,1.35371,1.35372,1.35338,1.35349
2024-03-18 09:00:00,1.35349,1.3538000000000001,1.35206,1.35236
2024-03-18 10:00:00,1.35236,1.35287,1.35226,1.35279
2024-03-18 11:00:00,1.3528,1.3536299999999999,1.35235,1.35361
2024-03-18 12:00:00,1.35362,1.35457,1.35362,1.35437
2024-03-18 13:00:00,1.35437,1.3545,1.35369,1.35422
2024-03-18 14:00:00,1.35422,1.35432,1.35324,1.35332
2024-03-18 15:00:00,1.35336,1.35486,1.35307,1.35476
2024-03-18 16:00:00,1.35473,1.35514,1.35376,1.3544800000000001
2024-03-18 17:00:00,1.35452,1.35483,1.35407,1.35416
2024-03-18 18:00:00,1.35416,1.35479,1.35416,1.35453
2024-03-18 19:00:00,1.35453,1.35459,1.35386,1.35392
2024-03-18 20:00:00,1.35392,1.35412,1.35328,1.35334
2024-03-18 21:00:00,1.35331,1.35386,1.35285,1.35372
2024-03-18 22:00:00,1.3537,1.35385,1.3531900000000001,1.35324
2024-03-18 23:00:00,1.35332,1.35355,1.3523100000000001,1.35312
2024-03-19 00:00:00,1.35311,1.35357,1.35305,1.3535
2024-03-19 01:00:00,1.35349,1.35366,1.35345,1.35347
2024-03-19 02:00:00,1.35346,1.35434,1.35346,1.35429
2024-03-19 03:00:00,1.3543,1.35515,1.35415,1.35477
2024-03-19 04:00:00,1.35477,1.35477,1.3537,1.35415
2024-03-19 05:00:00,1.35415,1.35504,1.35347,1.35442
2024-03-19 06:00:00,1.3544100000000001,1.35521,1.35411,1.35499
2024-03-19 07:00:00,1.35499,1.35641,1.35492,1.35619
2024-03-19 08:00:00,1.35617,1.3572199999999999,1.3560699999999999,1.35678
2024-03-19 09:00:00,1.35678,1.35689,1.35593,1.35645
2024-03-19 10:00:00,1.35646,1.35762,1.35618,1.3571
2024-03-19 11:00:00,1.3571,1.35805,1.35701,1.35772
2024-03-19 12:00:00,1.35771,1.35777,1.357,1.35703
2024-03-19 13:00:00,1.35703,1.35745,1.35654,1.35686
2024-03-19 14:00:00,1.35686,1.3609499999999999,1.35659,1.3606500000000001
2024-03-19 15:00:00,1.36063,1.36118,1.36007,1.36112
2024-03-19 16:00:00,1.36112,1.36133,1.35835,1.35869
2024-03-19 17:00:00,1.35869,1.35961,1.35781,1.35794
2024-03-19 18:00:00,1.35794,1.35836,1.35614,1.35618
2024-03-19 19:00:00,1.35615,1.35699,1.35523,1.35618
2024-03-19 20:00:00,1.35618,1.35708,1.35592,1.35672
2024-03-19 21:00:00,1.35672,1.35702,1.35628,1.35669
2024-03-19 22:00:00,1.3566799999999999,1.35686,1.35647,1.35651
2024-03-19 23:00:00,1.3562,1.35674,1.35522,1.35614
2024-03-20 00:00:00,1.35614,1.35676,1.35614,1.35663
2024-03-20 01:00:00,1.3565800000000001,1.35746,1.35654,1.35744
2024-03-20 02:00:00,1.35743,1.35816,1.3574,1.35747
2024-03-20 03:00:00,1.35747,1.35761,1.35708,1.35728
2024-03-20 04:00:00,1.35728,1.35748,1.35708,1.35717
2024-03-20 05:00:00,1.35723,1.35728,1.35682,1.3569
2024-03-20 06:00:00,1.3569,1.35788,1.3568799999999999,1.35777
2024-03-20 07:00:00,1.35777,1.35826,1.35752,1.35822
2024-03-20 08:00:00,1.35822,1.35843,1.3578000000000001,1.35798
2024-03-20 09:00:00,1.35798,1.35876,1.35728,1.3587
2024-03-20 10:00:00,1.3587,1.35984,1.3587,1.35922
2024-03-20 11:00:00,1.35923,1.36048,1.35918,1.36037
2024-03-20 12:00:00,1.36038,1.36045,1.35942,1.36021
2024-03-20 13:00:00,1.36021,1.3602400000000001,1.35933,1.35942
2024-03-20 14:00:00,1.35942,1.35964,1.35834,1.35845
2024-03-20 15:00:00,1.3584399999999999,1.35933,1.35843,1.35879
2024-03-20 16:00:00,1.35879,1.35889,1.35752,1.35808
2024-03-20 17:00:00,1.35808,1.35809,1.3562699999999999,1.35636
2024-03-20 18:00:00,1.35638,1.35654,1.3550499999999999,1.35508
2024-03-20 19:00:00,1.35508,1.35578,1.35489,1.35501
2024-03-20 20:00:00,1.35462,1.35462,1.3489900000000001,1.34942
2024-03-20 21:00:00,1.34939,1.3502100000000001,1.34821,1.34854
2024-03-20 22:00:00,1.34854,1.34933,1.34817,1.34913
2024-03-20 23:00:00,1.34891,1.34949,1.34854,1.34927
2024-03-21 00:00:00,1.3493,1.34939,1.34795,1.34795
2024-03-21 01:00:00,1.34795,1.34814,1.34715,1.34728
2024-03-21 02:00:00,1.34728,1.3477000000000001,1.34702,1.3471600000000001
2024-03-21 03:00:00,1.3471600000000001,1.34722,1.34638,1.34677
2024-03-21 04:00:00,1.34677,1.3471,1.34656,1.34693
2024-03-21 05:00:00,1.34693,1.34708,1.34628,1.34652
2024-03-21 06:00:00,1.34652,1.34673,1.34642,1.34657
2024-03-21 07:00:00,1.34657,1.34681,1.3462,1.34662
2024-03-21 08:00:00,1.34662,1.34662,1.34612,1.34633
2024-03-21 09:00:00,1.34633,1.34689,1.34558,1.34679
2024-03-21 10:00:00,1.3468,1.34977,1.3468,1.34971
2024-03-21 11:00:00,1.34967,1.35036,1.34867,1.34876
2024-03-21 12:00:00,1.34877,1.34937,1.3482,1.34928
2024-03-21 13:00:00,1.34928,1.35129,1.34921,1.35122
2024-03-21 14:00:00,1.35121,1.35142,1.35039,1.35079
2024-03-21 15:00:00,1.3508,1.3522,1.34971,1.35009
2024-03-21 16:00:00,1.35023,1.35254,1.35009,1.35226
2024-03-21 17:00:00,1.35226,1.35415,1.35218,1.35384
2024-03-21 18:00:00,1.35384,1.35384,1.35286,1.35293
2024-03-21 19:00:00,1.35294,1.35394,1.35253,1.35381
2024-03-21 20:00:00,1.35379,1.3538000000000001,1.3529499999999999,1.3533
2024-03-21 21:00:00,1.35332,1.3536000000000001,1.35308,1.35338
2024-03-21 22:00:00,1.35332,1.35334,1.35254,1.35276
2024-03-21 23:00:00,1.35277,1.35308,1.35249,1.35262
2024-03-22 00:00:00,1.35262,1.35309,1.3525800000000001,1.3529
2024-03-22 01:00:00,1.3529,1.353,1.3526,1.35273
2024-03-22 02:00:00,1.35273,1.35286,1.35191,1.35227
2024-03-22 03:00:00,1.35227,1.35457,1.35214,1.35454
2024-03-22 04:00:00,1.35454,1.35602,1.35425,1.3559
2024-03-22 05:00:00,1.3559,1.3563100000000001,1.3556300000000001,1.35613
2024-03-22 06:00:00,1.35613,1.35635,1.35595,1.3560400000000001
2024-03-22 07:00:00,1.3560400000000001,1.3561,1.35544,1.3557299999999999
2024-03-22 08:00:00,1.35578,1.35678,1.35552,1.35633
2024-03-22 09:00:00,1.35638,1.35743,1.35591,1.3565800000000001
2024-03-22 10:00:00,1.3565800000000001,1.3572600000000001,1.35629,1.35689
2024-03-22 11:00:00,1.35689,1.35757,1.3563,1.35744
2024-03-22 12:00:00,1.35743,1.35808,1.35718,1.3576
2024-03-22 13:00:00,1.3576,1.35887,1.3573,1.358
2024-03-22 14:00:00,1.35793,1.35801,1.35618,1.35655
2024-03-22 15:00:00,1.35655,1.35765,1.3562699999999999,1.35739
2024-03-22 16:00:00,1.35739,1.3586,1.35696,1.35855
2024-03-22 17:00:00,1.35856,1.36073,1.35855,1.3596
2024-03-22 18:00:00,1.3596,1.36062,1.35942,1.36021
2024-03-22 19:00:00,1.36021,1.3612,1.36006,1.36066
2024-03-22 20:00:00,1.36066,1.36116,1.36053,1.36096
2024-03-22 21:00:00,1.36096,1.36137,1.36074,1.36106
2024-03-22 22:00:00,1.36105,1.36107,1.36026,1.36062
2024-03-25 00:00:00,1.36038,1.3609200000000001,1.35972,1.36064
2024-03-25 01:00:00,1.3606500000000001,1.36114,1.36043,1.36114
2024-03-25 02:00:00,1.36113,1.36138,1.36049,1.36118
2024-03-25 03:00:00,1.36118,1.36124,1.35928,1.35965
2024-03-25 04:00:00,1.35965,1.35978,1.35853,1.3587099999999999
2024-03-25 05:00:00,1.35867,1.35996,1.35866,1.35979
2024-03-25 06:00:00,1.35978,1.36009,1.3596,1.35991
2024-03-25 07:00:00,1.35991,1.36025,1.35976,1.35981
2024-03-25 08:00:00,1.35981,1.36055,1.35981,1.36026
2024-03-25 09:00:00,1.36026,1.3606500000000001,1.35921,1.36006
2024-03-25 10:00:00,1.36006,1.36022,1.3587799999999999,1.35915
2024-03-25 11:00:00,1.35915,1.3596599999999999,1.3587,1.3593899999999999
2024-03-25 12:00:00,1.3593899999999999,1.35951,1.3588,1.35918
2024-03-25 13:00:00,1.35921,1.35927,1.35825,1.3586
2024-03-25 14:00:00,1.3586,1.35935,1.35831,1.35915
2024-03-25 15:00:00,1.35919,1.35925,1.3575300000000001,1.35769
2024-03-25 16:00:00,1.35769,1.35816,1.35703,1.35781
2024-03-25 17:00:00,1.3578299999999999,1.35873,1.35781,1.35809
2024-03-25 18:00:00,1.3580999999999999,1.35874,1.35791,1.3580999999999999
2024-03-25 19:00:00,1.3580999999999999,1.3588,1.35798,1.35811
2024-03-25 20:00:00,1.35811,1.3584,1.35789,1.35823
2024-03-25 21:00:00,1.35823,1.35863,1.35813,1.35846
2024-03-25 22:00:00,1.35845,1.35885,1.35839,1.3585099999999999
2024-03-25 23:00:00,1.35827,1.3585099999999999,1.35808,1.35838
2024-03-26 00:00:00,1.35831,1.35846,1.35815,1.3584399999999999
2024-03-26 01:00:00,1.3584399999999999,1.3585099999999999,1.35828,1.35849
2024-03-26 02:00:00,1.35849,1.35868,1.35777,1.35789
2024-03-26 03:00:00,1.35789,1.35805,1.3572600000000001,1.35771
2024-03-26 04:00:00,1.35771,1.35792,1.35725,1.35776
2024-03-26 05:00:00,1.35775,1.35864,1.35761,1.3584800000000001
2024-03-26 06:00:00,1.35847,1.35853,1.35818,1.35826
2024-03-26 07:00:00,1.35826,1.35857,1.3578999999999999,1.35826
2024-03-26 08:00:00,1.35826,1.35828,1.35737,1.35757
2024-03-26 09:00:00,1.35758,1.35881,1.35741,1.35868
2024-03-26 10:00:00,1.35869,1.35903,1.35765,1.35785
2024-03-26 11:00:00,1.35786,1.35798,1.35657,1.35707
2024-03-26 12:00:00,1.35707,1.35708,1.35625,1.3565
2024-03-26 13:00:00,1.3565,1.35664,1.35595,1.35643
2024-03-26 14:00:00,1.35644,1.3569499999999999,1.35549,1.35552
2024-03-26 15:00:00,1.35553,1.35677,1.35526,1.35639
2024-03-26 16:00:00,1.3564,1.35771,1.3559700000000001,1.3569499999999999
2024-03-26 17:00:00,1.3569499999999999,1.35803,1.3566799999999999,1.35703
2024-03-26 18:00:00,1.35703,1.35769,1.35693,1.35768
2024-03-26 19:00:00,1.35768,1.35786,1.3571,1.35768
2024-03-26 20:00:00,1.35768,1.35788,1.35717,1.3578000000000001
2024-03-26 21:00:00,1.3578000000000001,1.3587,1.35767,1.35865
2024-03-26 22:00:00,1.35865,1.35882,1.35824,1.35827
2024-03-26 23:00:00,1.35826,1.3584399999999999,1.35775,1.35799
2024-03-27 00:00:00,1.35799,1.35858,1.35799,1.3584399999999999
2024-03-27 01:00:00,1.3584399999999999,1.35853,1.35806,1.35815
2024-03-27 02:00:00,1.35815,1.35908,1.35815,1.35882
2024-03-27 03:00:00,1.35882,1.35987,1.35868,1.35947
2024-03-27 04:00:00,1.35946,1.35989,1.35929,1.3596599999999999
2024-03-27 05:00:00,1.3596599999999999,1.35987,1.35938,1.35951
2024-03-27 06:00:00,1.35951,1.35954,1.35896,1.35901
2024-03-27 07:00:00,1.35901,1.35938,1.35899,1.35922
2024-03-27 08:00:00,1.35925,1.3596,1.35884,1.35926
2024-03-27 09:00:00,1.35925,1.35969,1.35894,1.3595
2024-03-27 10:00:00,1.3595,1.36081,1.35941,1.36052
2024-03-27 11:00:00,1.36052,1.3606099999999999,1.35917,1.35949
2024-03-27 12:00:00,1.35949,1.35981,1.3589,1.35934
2024-03-27 13:00:00,1.35938,1.35986,1.35855,1.3597000000000001
2024-03-27 14:00:00,1.35975,1.3605800000000001,1.3597000000000001,1.36032
2024-03-27 15:00:00,1.36032,1.3605800000000001,1.35846,1.35846
2024-03-27 16:00:00,1.35847,1.35891,1.35709,1.3587799999999999
2024-03-27 17:00:00,1.35883,1.35925,1.35813,1.35881
2024-03-27 18:00:00,1.3588,1.35937,1.35806,1.3584
2024-03-27 19:00:00,1.35842,1.3590900000000001,1.3580999999999999,1.35857
2024-03-27 20:00:00,1.35857,1.35874,1.3574,1.35755
2024-03-27 21:00:00,1.3575300000000001,1.3575300000000001,1.35704,1.35705
2024-03-27 22:00:00,1.35704,1.35715,1.35649,1.3566099999999999
2024-03-27 23:00:00,1.35645,1.35671,1.3563100000000001,1.35663
2024-03-28 00:00:00,1.35676,1.35889,1.35659,1.35832
2024-03-28 01:00:00,1.35831,1.35873,1.35826,1.3585
2024-03-28 02:00:00,1.3585,1.3590900000000001,1.35828,1.35832
2024-03-28 03:00:00,1.35832,1.35874,1.35824,1.3584800000000001
2024-03-28 04:00:00,1.35847,1.3584800000000001,1.35703,1.35758
2024-03-28 05:00:00,1.35758,1.35784,1.35725,1.35776
2024-03-28 06:00:00,1.35775,1.35791,1.35743,1.35752
2024-03-28 07:00:00,1.35752,1.35793,1.35743,1.35788
2024-03-28 08:00:00,1.35788,1.35856,1.35781,1.3582
2024-03-28 09:00:00,1.3582,1.35947,1.35816,1.35934
2024-03-28 10:00:00,1.35934,1.3605,1.35928,1.36037
2024-03-28 11:00:00,1.36037,1.3614,1.36036,1.36123
2024-03-28 12:00:00,1.36123,1.36132,1.35941,1.3597299999999999
2024-03-28 13:00:00,1.3597299999999999,1.35976,1.35839,1.35967
2024-03-28 14:00:00,1.35967,1.35993,1.3569499999999999,1.35707
2024-03-28 15:00:00,1.35707,1.35738,1.3552,1.35531
2024-03-28 16:00:00,1.35523,1.35601,1.3544399999999999,1.35515
2024-03-28 17:00:00,1.35519,1.35553,1.3531,1.35315
2024-03-28 18:00:00,1.35315,1.35416,1.35248,1.35366
2024-03-28 19:00:00,1.35366,1.35398,1.35317,1.35369
2024-03-28 20:00:00,1.35369,1.35427,1.35325,1.35393
2024-03-28 21:00:00,1.35395,1.35465,1.35393,1.3544
2024-03-28 22:00:00,1.35437,1.355,1.3538299999999999,1.3538299999999999
2024-03-28 23:00:00,1.35388,1.35392,1.35254,1.35379
2024-03-29 00:00:00,1.3535300000000001,1.35384,1.35289,1.35325
2024-03-29 01:00:00,1.35325,1.35367,1.3526799999999999,1.35355
2024-03-29 02:00:00,1.35362,1.35394,1.35349,1.35376
2024-03-29 03:00:00,1.35376,1.354,1.35333,1.35388
2024-03-29 04:00:00,1.35388,1.35419,1.35354,1.35372
2024-03-29 05:00:00,1.35372,1.35399,1.35364,1.35398
2024-03-29 06:00:00,1.35398,1.35531,1.35397,1.35516
2024-03-29 07:00:00,1.35516,1.35528,1.35508,1.35519
2024-03-29 08:00:00,1.3552,1.3560699999999999,1.3550900000000001,1.35564
2024-03-29 09:00:00,1.35564,1.3556599999999999,1.35487,1.35555
2024-03-29 10:00:00,1.35555,1.35557,1.35498,1.3550200000000001
2024-03-29 11:00:00,1.3550200000000001,1.35507,1.35496,1.35504
2024-03-29 12:00:00,1.35504,1.35558,1.35487,1.35519
2024-03-29 13:00:00,1.35519,1.35521,1.35487,1.35513
2024-03-29 14:00:00,1.35513,1.35516,1.3536299999999999,1.35425
2024-03-29 15:00:00,1.35425,1.35455,1.35369,1.3544100000000001
2024-03-29 16:00:00,1.3544100000000001,1.35469,1.35416,1.35419
2024-03-29 17:00:00,1.35419,1.35427,1.35334,1.35411
2024-03-29 18:00:00,1.35412,1.35429,1.35402,1.35406
2024-03-29 19:00:00,1.35406,1.3542,1.354,1.35416
2024-03-29 20:00:00,1.35416,1.35473,1.35411,1.35449
2024-03-29 21:00:00,1.3545,1.3547,1.35428,1.35452
2024-03-29 22:00:00,1.35452,1.35453,1.3531900000000001,1.35364
2024-04-01 00:00:00,1.35296,1.35455,1.3524,1.35371
2024-04-01 01:00:00,1.35385,1.35391,1.3519700000000001,1.35308
2024-04-01 02:00:00,1.35308,1.35328,1.35198,1.35217
2024-04-01 03:00:00,1.35217,1.35241,1.35148,1.3523100000000001
2024-04-01 04:00:00,1.3523100000000001,1.35298,1.3521,1.3529
2024-04-01 05:00:00,1.3529,1.35318,1.35253,1.35271
2024-04-01 06:00:00,1.35271,1.35317,1.35239,1.35244
2024-04-01 07:00:00,1.35244,1.35328,1.35243,1.35288
2024-04-01 08:00:00,1.35288,1.3535,1.35288,1.3531900000000001
2024-04-01 09:00:00,1.35323,1.35343,1.35245,1.35264
2024-04-01 10:00:00,1.35264,1.35306,1.35252,1.3529200000000001
2024-04-01 11:00:00,1.35293,1.3532600000000001,1.35252,1.35287
2024-04-01 12:00:00,1.35287,1.35303,1.35253,1.35301
2024-04-01 13:00:00,1.35301,1.35406,1.3529,1.35397
2024-04-01 14:00:00,1.35397,1.35515,1.35378,1.35507
2024-04-01 15:00:00,1.35507,1.35699,1.35495,1.35591
2024-04-01 16:00:00,1.35594,1.3565,1.35447,1.3550900000000001
2024-04-01 17:00:00,1.35569,1.3585,1.35569,1.3572199999999999
2024-04-01 18:00:00,1.3572199999999999,1.35849,1.35713,1.35813
2024-04-01 19:00:00,1.35809,1.35831,1.3571900000000001,1.35766
2024-04-01 20:00:00,1.35767,1.35839,1.35763,1.35782
2024-04-01 21:00:00,1.35782,1.35861,1.35781,1.35825
2024-04-01 22:00:00,1.35825,1.35835,1.35738,1.3574
2024-04-01 23:00:00,1.35741,1.35757,1.35684,1.3569
2024-04-02 00:00:00,1.35686,1.35715,1.3562400000000001,1.35701
2024-04-02 01:00:00,1.357,1.35743,1.35696,1.3574
2024-04-02 02:00:00,1.3574,1.35775,1.35708,1.35736
2024-04-02 03:00:00,1.35742,1.35772,1.35714,1.35743
2024-04-02 04:00:00,1.35743,1.35785,1.35694,1.3571
2024-04-02 05:00:00,1.3571,1.35784,1.35703,1.35734
2024-04-02 06:00:00,1.35734,1.35797,1.35716,1.35796
2024-04-02 07:00:00,1.35796,1.35825,1.35794,1.35796
2024-04-02 08:00:00,1.35796,1.3583,1.35785,1.35823
2024-04-02 09:00:00,1.35824,1.35842,1.3574,1.3574
2024-04-02 10:00:00,1.3574,1.35763,1.35666,1.3568799999999999
2024-04-02 11:00:00,1.35693,1.35696,1.35584,1.35641
2024-04-02 12:00:00,1.35645,1.35649,1.3556300000000001,1.35614
2024-04-02 13:00:00,1.35614,1.3566799999999999,1.3560400000000001,1.35626
2024-04-02 14:00:00,1.35626,1.35683,1.35605,1.35619
2024-04-02 15:00:00,1.35619,1.35734,1.35602,1.35711
2024-04-02 16:00:00,1.35711,1.35835,1.35642,1.35737
2024-04-02 17:00:00,1.35738,1.35835,1.3562,1.35771
2024-04-02 18:00:00,1.35771,1.35831,1.35706,1.3571900000000001
2024-04-02 19:00:00,1.35721,1.35784,1.35681,1.35713
2024-04-02 20:00:00,1.35713,1.35768,1.35696,1.3572899999999999
2024-04-02 21:00:00,1.3572899999999999,1.35758,1.35703,1.35735
2024-04-02 22:00:00,1.35735,1.35741,1.35677,1.3572
2024-04-02 23:00:00,1.3572,1.35736,1.35638,1.35656
2024-04-03 00:00:00,1.35655,1.35708,1.35592,1.35616
2024-04-03 01:00:00,1.35616,1.3565,1.35611,1.35628
2024-04-03 02:00:00,1.35628,1.35664,1.35628,1.35645
2024-04-03 03:00:00,1.35646,1.35705,1.3564,1.35705
2024-04-03 04:00:00,1.35704,1.35743,1.35681,1.35718
2024-04-03 05:00:00,1.35718,1.3573,1.35675,1.35709
2024-04-03 06:00:00,1.35705,1.35706,1.35619,1.3563100000000001
2024-04-03 07:00:00,1.3563100000000001,1.35679,1.3560400000000001,1.35678
2024-04-03 08:00:00,1.35678,1.35714,1.3566799999999999,1.35704
2024-04-03 09:00:00,1.35704,1.35795,1.35702,1.35733
2024-04-03 10:00:00,1.35732,1.35798,1.35713,1.3578700000000001
2024-04-03 11:00:00,1.3578700000000001,1.35888,1.35769,1.35802
2024-04-03 12:00:00,1.35802,1.35811,1.35696,1.35748
2024-04-03 13:00:00,1.35748,1.35802,1.3573,1.35744
2024-04-03 14:00:00,1.35745,1.35759,1.35629,1.3564
2024-04-03 15:00:00,1.3564,1.35718,1.3562400000000001,1.35679
2024-04-03 16:00:00,1.35677,1.3572600000000001,1.35486,1.35494
2024-04-03 17:00:00,1.3548,1.3548,1.35138,1.35179
2024-04-03 18:00:00,1.35178,1.3526,1.35118,1.35229
2024-04-03 19:00:00,1.35227,1.35372,1.35216,1.35303
2024-04-03 20:00:00,1.35303,1.35338,1.35232,1.3526099999999999
2024-04-03 21:00:00,1.35262,1.35316,1.35232,1.353
2024-04-03 22:00:00,1.3529900000000001,1.3538000000000001,1.3529499999999999,1.35324
2024-04-03 23:00:00,1.35324,1.35327,1.35253,1.35254
2024-04-04 00:00:00,1.35257,1.35273,1.3519700000000001,1.35269
2024-04-04 01:00:00,1.35267,1.35281,1.35245,1.35263
2024-04-04 02:00:00,1.35263,1.35271,1.3520400000000001,1.35239
2024-04-04 03:00:00,1.3523800000000001,1.35274,1.3516599999999999,1.3517299999999999
2024-04-04 04:00:00,1.35174,1.35193,1.35148,1.35178
2024-04-04 05:00:00,1.3517700000000001,1.35216,1.35151,1.3516599999999999
2024-04-04 06:00:00,1.3516599999999999,1.35181,1.35129,1.35149
2024-04-04 07:00:00,1.35149,1.35159,1.3511600000000001,1.35153
2024-04-04 08:00:00,1.35153,1.35153,1.3510499999999999,1.35141
2024-04-04 09:00:00,1.3514,1.3514,1.35086,1.35114
2024-04-04 10:00:00,1.35114,1.35121,1.35033,1.35117
2024-04-04 11:00:00,1.35117,1.3512,1.35034,1.35043
2024-04-04 12:00:00,1.3504399999999999,1.35055,1.35,1.35015
2024-04-04 13:00:00,1.35015,1.35034,1.3498,1.34985
2024-04-04 14:00:00,1.34984,1.35038,1.34982,1.3502100000000001
2024-04-04 15:00:00,1.3502100000000001,1.35039,1.34814,1.3486
2024-04-04 16:00:00,1.34856,1.34934,1.34781,1.34871
2024-04-04 17:00:00,1.34871,1.34903,1.34779,1.34872
2024-04-04 18:00:00,1.34873,1.34977,1.34869,1.3495300000000001
2024-04-04 19:00:00,1.3495300000000001,1.35018,1.34936,1.35007
2024-04-04 20:00:00,1.35008,1.35092,1.34997,1.35092
2024-04-04 21:00:00,1.35092,1.3542399999999999,1.35091,1.3538299999999999
2024-04-04 22:00:00,1.35384,1.35588,1.3538299999999999,1.35528
2024-04-04 23:00:00,1.35527,1.35527,1.3538999999999999,1.3541
2024-04-05 00:00:00,1.3541400000000001,1.3543,1.35327,1.354
2024-04-05 01:00:00,1.35403,1.3548499999999999,1.3538299999999999,1.35462
2024-04-05 02:00:00,1.35462,1.35499,1.35431,1.35434
2024-04-05 03:00:00,1.35435,1.35514,1.35402,1.35471
2024-04-05 04:00:00,1.35471,1.35708,1.35462,1.35701
2024-04-05 05:00:00,1.35701,1.35779,1.35682,1.35744
2024-04-05 06:00:00,1.35745,1.35765,1.35701,1.35706
2024-04-05 07:00:00,1.35706,1.35737,1.35698,1.35713
2024-04-05 08:00:00,1.35714,1.3572199999999999,1.3564,1.35656
2024-04-05 09:00:00,1.35659,1.35725,1.35633,1.35674
2024-04-05 10:00:00,1.35676,1.35676,1.35581,1.3560699999999999
2024-04-05 11:00:00,1.3560699999999999,1.35666,1.35576,1.35616
2024-04-05 12:00:00,1.35618,1.35639,1.355,1.3556300000000001
2024-04-05 13:00:00,1.3556300000000001,1.35589,1.35535,1.3557000000000001
2024-04-05 14:00:00,1.3557000000000001,1.35629,1.3557000000000001,1.35592
2024-04-05 15:00:00,1.35592,1.36326,1.35542,1.36284
2024-04-05 16:00:00,1.36282,1.36474,1.3621400000000001,1.36368
2024-04-05 17:00:00,1.36367,1.36448,1.36006,1.36016
2024-04-05 18:00:00,1.36018,1.36067,1.3581400000000001,1.35819
2024-04-05 19:00:00,1.35819,1.3589,1.3574899999999999,1.3585
2024-04-05 20:00:00,1.35846,1.35915,1.35807,1.3585099999999999
2024-04-05 21:00:00,1.3585099999999999,1.35924,1.3581400000000001,1.35899
2024-04-05 22:00:00,1.35897,1.35937,1.35873,1.35898
2024-04-05 23:00:00,1.3590200000000001,1.3591199999999999,1.35864,1.35885
2024-04-08 00:00:00,1.3591,1.35929,1.35867,1.3592
2024-04-08 01:00:00,1.35921,1.3604,1.35915,1.3601
2024-04-08 02:00:00,1.36012,1.36055,1.3596599999999999,1.36042
2024-04-08 03:00:00,1.36042,1.36165,1.36042,1.36112
2024-04-08 04:00:00,1.36114,1.3612199999999999,1.35965,1.35975
2024-04-08 05:00:00,1.35974,1.35983,1.35837,1.35866
2024-04-08 06:00:00,1.35866,1.3603399999999999,1.35863,1.36016
2024-04-08 07:00:00,1.36016,1.36043,1.36003,1.36014
2024-04-08 08:00:00,1.36013,1.36043,1.35955,1.3602699999999999
2024-04-08 09:00:00,1.36025,1.36051,1.35952,1.36003
2024-04-08 10:00:00,1.36001,1.36056,1.35911,1.35947
2024-04-08 11:00:00,1.35948,1.36023,1.3588,1.35983
2024-04-08 12:00:00,1.35983,1.3601,1.35925,1.3597000000000001
2024-04-08 13:00:00,1.3597000000000001,1.36008,1.35874,1.3587799999999999
2024-04-08 14:00:00,1.35877,1.35972,1.35866,1.35962
2024-04-08 15:00:00,1.3596300000000001,1.35984,1.35797,1.35825
2024-04-08 16:00:00,1.35816,1.35856,1.35693,1.35842
2024-04-08 17:00:00,1.35842,1.35999,1.3582,1.35834
2024-04-08 18:00:00,1.35832,1.35888,1.35748,1.3584800000000001
2024-04-08 19:00:00,1.3584800000000001,1.35942,1.35807,1.3583
2024-04-08 20:00:00,1.3583,1.35846,1.3572600000000001,1.35765
2024-04-08 21:00:00,1.35764,1.35781,1.3572199999999999,1.3576
2024-04-08 22:00:00,1.3576,1.3578999999999999,1.35725,1.35771
2024-04-08 23:00:00,1.35772,1.35772,1.35697,1.35712
2024-04-09 00:00:00,1.3571,1.35765,1.35643,1.35739
2024-04-09 01:00:00,1.35741,1.35741,1.3569,1.357
2024-04-09 02:00:00,1.357,1.3571,1.35684,1.35704
2024-04-09 03:00:00,1.35704,1.3573,1.35682,1.35723
2024-04-09 04:00:00,1.35723,1.35775,1.35694,1.35774
2024-04-09 05:00:00,1.35775,1.3581699999999999,1.3571900000000001,1.35807
2024-04-09 06:00:00,1.35807,1.3584800000000001,1.35795,1.35828
2024-04-09 07:00:00,1.35828,1.3583,1.35754,1.35778
2024-04-09 08:00:00,1.35778,1.35806,1.3575300000000001,1.35767
2024-04-09 09:00:00,1.35767,1.35812,1.35706,1.35794
2024-04-09 10:00:00,1.35793,1.35818,1.35763,1.35794
2024-04-09 11:00:00,1.35794,1.35834,1.35716,1.35734
2024-04-09 12:00:00,1.35734,1.35751,1.3564,1.35674
2024-04-09 13:00:00,1.35673,1.357,1.35603,1.35667
2024-04-09 14:00:00,1.35667,1.35794,1.35662,1.35762
2024-04-09 15:00:00,1.35762,1.3578999999999999,1.35614,1.35651
2024-04-09 16:00:00,1.35653,1.35683,1.3547,1.35651
2024-04-09 17:00:00,1.35651,1.35985,1.35544,1.35923
2024-04-09 18:00:00,1.35923,1.35986,1.35791,1.35835
2024-04-09 19:00:00,1.35835,1.35855,1.35763,1.35847
2024-04-09 20:00:00,1.35847,1.35873,1.35792,1.35873
2024-04-09 21:00:00,1.35873,1.35903,1.35791,1.35826
2024-04-09 22:00:00,1.35826,1.35889,1.35712,1.35716
2024-04-09 23:00:00,1.35717,1.35724,1.35679,1.35691
2024-04-10 00:00:00,1.35694,1.35717,1.35615,1.35707
2024-04-10 01:00:00,1.35705,1.35725,1.35694,1.35718
2024-04-10 02:00:00,1.35718,1.35742,1.35716,1.3573
2024-04-10 03:00:00,1.35728,1.35728,1.35666,1.3566799999999999
2024-04-10 04:00:00,1.3566799999999999,1.35723,1.35641,1.35642
2024-04-10 05:00:00,1.35642,1.35691,1.35615,1.3566
2024-04-10 06:00:00,1.3566,1.35698,1.35638,1.3569200000000001
2024-04-10 07:00:00,1.3569200000000001,1.35706,1.35675,1.3569499999999999
2024-04-10 08:00:00,1.35697,1.35713,1.35644,1.35697
2024-04-10 09:00:00,1.35697,1.3571,1.35595,1.35605
2024-04-10 10:00:00,1.35606,1.3566500000000001,1.35587,1.35625
2024-04-10 11:00:00,1.3562400000000001,1.35682,1.35618,1.35636
2024-04-10 12:00:00,1.35635,1.35704,1.35625,1.35656
2024-04-10 13:00:00,1.35659,1.35669,1.35558,1.35562
2024-04-10 14:00:00,1.35562,1.35652,1.35562,1.3564
2024-04-10 15:00:00,1.3564,1.36517,1.35592,1.3648500000000001
2024-04-10 16:00:00,1.36479,1.36779,1.36381,1.36542
2024-04-10 17:00:00,1.36532,1.36823,1.3642400000000001,1.36733
2024-04-10 18:00:00,1.36733,1.3696,1.36719,1.3691200000000001
2024-04-10 19:00:00,1.3691200000000001,1.37009,1.36867,1.3689200000000001
2024-04-10 20:00:00,1.36893,1.37024,1.36726,1.36777
2024-04-10 21:00:00,1.36777,1.3694899999999999,1.36701,1.36923
2024-04-10 22:00:00,1.3692199999999999,1.36929,1.36743,1.36775
2024-04-10 23:00:00,1.36775,1.36835,1.36767,1.36799
2024-04-11 00:00:00,1.36804,1.36811,1.3667099999999999,1.36804
2024-04-11 01:00:00,1.36805,1.3685100000000001,1.36805,1.36844
2024-04-11 02:00:00,1.36844,1.3689200000000001,1.36844,1.36882
2024-04-11 03:00:00,1.36882,1.36932,1.3685800000000001,1.36877
2024-04-11 04:00:00,1.36877,1.36901,1.36817,1.3684
2024-04-11 05:00:00,1.3684,1.36865,1.3679700000000001,1.36816
2024-04-11 06:00:00,1.36816,1.36836,1.36764,1.36798
2024-04-11 07:00:00,1.36799,1.36813,1.36769,1.36772
2024-04-11 08:00:00,1.36772,1.36787,1.36748,1.36785
2024-04-11 09:00:00,1.36786,1.36951,1.36786,1.36916
2024-04-11 10:00:00,1.36914,1.36914,1.36781,1.36805
2024-04-11 11:00:00,1.36802,1.3687,1.36734,1.3685800000000001
2024-04-11 12:00:00,1.36859,1.36916,1.3683100000000001,1.36884
2024-04-11 13:00:00,1.36884,1.36928,1.36863,1.36864
2024-04-11 14:00:00,1.36864,1.3692,1.36829,1.36913
2024-04-11 15:00:00,1.36913,1.36965,1.3660999999999999,1.367
2024-04-11 16:00:00,1.367,1.36939,1.36634,1.3693
2024-04-11 17:00:00,1.3693,1.37245,1.36928,1.37172
2024-04-11 18:00:00,1.37173,1.37256,1.37064,1.3706800000000001
2024-04-11 19:00:00,1.37067,1.37087,1.36989,1.37031
2024-04-11 20:00:00,1.37031,1.3707099999999999,1.3679999999999999,1.36818
2024-04-11 21:00:00,1.36817,1.3685,1.36737,1.36848
2024-04-11 22:00:00,1.36848,1.36849,1.36765,1.36823
2024-04-11 23:00:00,1.36823,1.36891,1.36804,1.36876
2024-04-12 00:00:00,1.3686,1.36901,1.36853,1.36898
2024-04-12 01:00:00,1.3688799999999999,1.36889,1.36822,1.36862
2024-04-12 02:00:00,1.36862,1.36876,1.36832,1.36867
2024-04-12 03:00:00,1.36867,1.3692,1.36833,1.36857
2024-04-12 04:00:00,1.36857,1.36895,1.36818,1.3685
2024-04-12 05:00:00,1.3685,1.36896,1.36842,1.36894
2024-04-12 06:00:00,1.36894,1.37024,1.3689200000000001,1.37009
2024-04-12 07:00:00,1.37009,1.37085,1.37002,1.37082
2024-04-12 08:00:00,1.37081,1.37093,1.37043,1.3709
2024-04-12 09:00:00,1.37088,1.37237,1.37064,1.37221
2024-04-12 10:00:00,1.37216,1.37287,1.3721,1.37235
2024-04-12 11:00:00,1.37235,1.37368,1.37213,1.37364
2024-04-12 12:00:00,1.37364,1.37423,1.37326,1.37329
2024-04-12 13:00:00,1.37332,1.37504,1.37323,1.37484
2024-04-12 14:00:00,1.37485,1.37521,1.37379,1.37466
2024-04-12 15:00:00,1.37466,1.3771,1.37439,1.37642
2024-04-12 16:00:00,1.37639,1.37656,1.37414,1.37508
2024-04-12 17:00:00,1.37509,1.37714,1.37479,1.37571
2024-04-12 18:00:00,1.37572,1.37647,1.37474,1.37576
2024-04-12 19:00:00,1.37577,1.37755,1.3755,1.37732
2024-04-12 20:00:00,1.37733,1.3779,1.37647,1.37693
2024-04-12 21:00:00,1.37695,1.3784,1.37643,1.37827
2024-04-12 22:00:00,1.37828,1.3787099999999999,1.37735,1.37763
2024-04-12 23:00:00,1.37759,1.37782,1.3768,1.37713
2024-04-15 00:00:00,1.3777,1.3779,1.37631,1.3764
2024-04-15 01:00:00,1.3765,1.37781,1.37603,1.37608
2024-04-15 02:00:00,1.37608,1.37649,1.37545,1.37592
2024-04-15 03:00:00,1.37592,1.37686,1.37539,1.37671
2024-04-15 04:00:00,1.37671,1.37811,1.3761999999999999,1.3764
2024-04-15 05:00:00,1.3764,1.37644,1.37575,1.37601
2024-04-15 06:00:00,1.37601,1.37622,1.37548,1.37577
2024-04-15 07:00:00,1.37577,1.3763,1.37541,1.37544
2024-04-15 08:00:00,1.37542,1.3758,1.37453,1.37486
2024-04-15 09:00:00,1.37486,1.3754,1.37426,1.37513
2024-04-15 10:00:00,1.37513,1.37596,1.37461,1.3747500000000001
2024-04-15 11:00:00,1.37473,1.3748,1.37338,1.37381
2024-04-15 12:00:00,1.37381,1.37432,1.37357,1.37406
2024-04-15 13:00:00,1.3740700000000001,1.37423,1.37343,1.37387
2024-04-15 14:00:00,1.37386,1.37451,1.37374,1.37418
2024-04-15 15:00:00,1.37418,1.37602,1.3734199999999999,1.37371
2024-04-15 16:00:00,1.3737,1.37507,1.37252,1.37396
2024-04-15 17:00:00,1.37401,1.37723,1.37391,1.37683
2024-04-15 18:00:00,1.37682,1.37728,1.37501,1.37524
2024-04-15 19:00:00,1.37524,1.3768,1.3750200000000001,1.37616
2024-04-15 20:00:00,1.37619,1.37836,1.37572,1.37733
2024-04-15 21:00:00,1.37731,1.37914,1.37723,1.37904
2024-04-15 22:00:00,1.37904,1.3793,1.37822,1.37845
2024-04-15 23:00:00,1.37845,1.37928,1.37812,1.37872
2024-04-16 00:00:00,1.37873,1.37888,1.37785,1.37878
2024-04-16 01:00:00,1.37875,1.37878,1.37835,1.37842
2024-04-16 02:00:00,1.37842,1.3787099999999999,1.37836,1.3786800000000001
2024-04-16 03:00:00,1.3786399999999999,1.37947,1.37845,1.37946
2024-04-16 04:00:00,1.37946,1.3808099999999999,1.37918,1.38001
2024-04-16 05:00:00,1.38,1.38137,1.37981,1.38061
2024-04-16 06:00:00,1.38061,1.38093,1.38023,1.38029
2024-04-16 07:00:00,1.3802699999999999,1.38053,1.37973,1.37977
2024-04-16 08:00:00,1.37977,1.3798599999999999,1.379,1.37933
2024-04-16 09:00:00,1.3793199999999999,1.3810799999999999,1.37915,1.38062
2024-04-16 10:00:00,1.38062,1.38068,1.379,1.3795600000000001
2024-04-16 11:00:00,1.37955,1.38035,1.37939,1.37977
2024-04-16 12:00:00,1.37977,1.37998,1.37879,1.3792200000000001
2024-04-16 13:00:00,1.3792200000000001,1.38012,1.3792,1.3797
2024-04-16 14:00:00,1.37968,1.37988,1.37741,1.37763
2024-04-16 15:00:00,1.37763,1.38228,1.37763,1.3817599999999999
2024-04-16 16:00:00,1.38174,1.38421,1.38171,1.38421
2024-04-16 17:00:00,1.38423,1.38457,1.38253,1.38278
2024-04-16 18:00:00,1.38279,1.38285,1.38122,1.38259
2024-04-16 19:00:00,1.38259,1.38274,1.38166,1.38225
2024-04-16 20:00:00,1.38224,1.38457,1.38171,1.3820299999999999
2024-04-16 21:00:00,1.3820000000000001,1.3829099999999999,1.38016,1.38094
2024-04-16 22:00:00,1.38094,1.38266,1.3808099999999999,1.3817599999999999
2024-04-16 23:00:00,1.38177,1.38315,1.38158,1.3827
2024-04-17 00:00:00,1.3827099999999999,1.38279,1.38163,1.38272
2024-04-17 01:00:00,1.38272,1.38286,1.38182,1.3822
2024-04-17 02:00:00,1.3822,1.38232,1.38181,1.38191
2024-04-17 03:00:00,1.38191,1.38245,1.38148,1.38221
2024-04-17 04:00:00,1.38221,1.38252,1.38137,1.38157
2024-04-17 05:00:00,1.38156,1.38196,1.38095,1.38133
2024-04-17 06:00:00,1.38132,1.38201,1.3810799999999999,1.38194
2024-04-17 07:00:00,1.38191,1.38225,1.38159,1.38202
2024-04-17 08:00:00,1.38202,1.38339,1.38201,1.38313
2024-04-17 09:00:00,1.38314,1.38376,1.38066,1.3807
2024-04-17 10:00:00,1.38069,1.38204,1.38067,1.38145
2024-04-17 11:00:00,1.3814600000000001,1.38166,1.38011,1.3807
2024-04-17 12:00:00,1.3807,1.38145,1.38022,1.38068
2024-04-17 13:00:00,1.38068,1.38099,1.3802400000000001,1.38096
2024-04-17 14:00:00,1.38096,1.3811200000000001,1.38011,1.38098
2024-04-17 15:00:00,1.38098,1.38157,1.38032,1.38083
2024-04-17 16:00:00,1.38091,1.38097,1.37831,1.37866
2024-04-17 17:00:00,1.37866,1.381,1.3786,1.38058
2024-04-17 18:00:00,1.38058,1.38087,1.37918,1.38058
2024-04-17 19:00:00,1.38056,1.38184,1.3802699999999999,1.3805399999999999
2024-04-17 20:00:00,1.3805100000000001,1.38069,1.37766,1.37778
2024-04-17 21:00:00,1.37778,1.37787,1.3759299999999999,1.37707
2024-04-17 22:00:00,1.37709,1.37825,1.37695,1.37718
2024-04-17 23:00:00,1.37718,1.37744,1.37696,1.3771200000000001
2024-04-18 00:00:00,1.37709,1.37727,1.37613,1.37689
2024-04-18 01:00:00,1.37691,1.37709,1.37669,1.37708
2024-04-18 02:00:00,1.37708,1.3773,1.37686,1.3771499999999999
2024-04-18 03:00:00,1.3771,1.37752,1.3768500000000001,1.37692
2024-04-18 04:00:00,1.37692,1.37714,1.37608,1.37656
2024-04-18 05:00:00,1.37657,1.37662,1.37517,1.37555
2024-04-18 06:00:00,1.37555,1.37588,1.3749799999999999,1.37499
2024-04-18 07:00:00,1.37499,1.37546,1.37499,1.37534
2024-04-18 08:00:00,1.37534,1.37598,1.3749799999999999,1.37522
2024-04-18 09:00:00,1.37521,1.37538,1.37417,1.37466
2024-04-18 10:00:00,1.37466,1.37585,1.37466,1.37576
2024-04-18 11:00:00,1.37577,1.37598,1.37482,1.37542
2024-04-18 12:00:00,1.3754,1.37611,1.37526,1.37577
2024-04-18 13:00:00,1.37578,1.37608,1.37548,1.3758
2024-04-18 14:00:00,1.3758,1.37609,1.3749799999999999,1.37517
2024-04-18 15:00:00,1.37517,1.37672,1.37496,1.3755
2024-04-18 16:00:00,1.37548,1.37713,1.37484,1.37629
2024-04-18 17:00:00,1.3763,1.37705,1.3750200000000001,1.3756
2024-04-18 18:00:00,1.3756,1.3767,1.37459,1.37572
2024-04-18 19:00:00,1.37572,1.37669,1.3752499999999999,1.37646
2024-04-18 20:00:00,1.37646,1.37813,1.37642,1.37756
2024-04-18 21:00:00,1.37756,1.37812,1.3768,1.3774
2024-04-18 22:00:00,1.37741,1.37744,1.37641,1.37676
2024-04-18 23:00:00,1.37677,1.37698,1.37649,1.37656
2024-04-19 00:00:00,1.37653,1.3768799999999999,1.37594,1.37676
2024-04-19 01:00:00,1.37669,1.37714,1.3765,1.37713
2024-04-19 02:00:00,1.37713,1.37734,1.3767800000000001,1.37704
2024-04-19 03:00:00,1.37706,1.37815,1.37693,1.3779
2024-04-19 04:00:00,1.3779,1.37968,1.37672,1.37911
2024-04-19 05:00:00,1.37911,1.3804,1.37899,1.3795
2024-04-19 06:00:00,1.3795,1.3796599999999999,1.37748,1.37779
2024-04-19 07:00:00,1.37779,1.37801,1.37725,1.37782
2024-04-19 08:00:00,1.37782,1.37816,1.37728,1.3780000000000001
2024-04-19 09:00:00,1.37798,1.37896,1.37622,1.37637
2024-04-19 10:00:00,1.37635,1.37635,1.3746,1.3747500000000001
2024-04-19 11:00:00,1.37476,1.37648,1.37476,1.37616
2024-04-19 12:00:00,1.37616,1.3762400000000001,1.37526,1.37576
2024-04-19 13:00:00,1.37578,1.37756,1.37577,1.37699
2024-04-19 14:00:00,1.377,1.37743,1.37629,1.37636
2024-04-19 15:00:00,1.37636,1.37677,1.3744,1.37572
2024-04-19 16:00:00,1.37572,1.3767800000000001,1.37426,1.375
2024-04-19 17:00:00,1.37501,1.3751,1.37235,1.37301
2024-04-19 18:00:00,1.37302,1.3746800000000001,1.37252,1.37439
2024-04-19 19:00:00,1.37442,1.37635,1.37401,1.37415
2024-04-19 20:00:00,1.37415,1.3747099999999999,1.37371,1.37413
2024-04-19 21:00:00,1.37414,1.37572,1.37413,1.3752
2024-04-19 22:00:00,1.3752,1.37549,1.37461,1.37494
2024-04-19 23:00:00,1.37497,1.37514,1.37472,1.37482
2024-04-22 00:00:00,1.37394,1.3747,1.37333,1.37453
2024-04-22 01:00:00,1.37439,1.37524,1.37412,1.3744399999999999
2024-04-22 02:00:00,1.3744399999999999,1.37447,1.3738299999999999,1.37391
2024-04-22 03:00:00,1.37391,1.3740999999999999,1.37266,1.37409
2024-04-22 04:00:00,1.37409,1.37414,1.37178,1.3719000000000001
2024-04-22 05:00:00,1.3719000000000001,1.37233,1.3715,1.37233
2024-04-22 06:00:00,1.37232,1.37299,1.37218,1.37268
2024-04-22 07:00:00,1.37269,1.37279,1.3724,1.37277
2024-04-22 08:00:00,1.37274,1.37348,1.37264,1.3727800000000001
2024-04-22 09:00:00,1.37277,1.37283,1.37188,1.37243
2024-04-22 10:00:00,1.37245,1.3739,1.37215,1.37356
2024-04-22 11:00:00,1.37355,1.37372,1.3725,1.37291
2024-04-22 12:00:00,1.37293,1.37294,1.37171,1.37229
2024-04-22 13:00:00,1.37228,1.3724,1.37162,1.37196
2024-04-22 14:00:00,1.37196,1.3724,1.37153,1.37168
2024-04-22 15:00:00,1.37168,1.37303,1.37162,1.37273
2024-04-22 16:00:00,1.37273,1.3749500000000001,1.37256,1.37317
2024-04-22 17:00:00,1.37317,1.37325,1.371,1.37246
2024-04-22 18:00:00,1.37246,1.37348,1.37203,1.37223
2024-04-22 19:00:00,1.37223,1.37223,1.3710499999999999,1.3710499999999999
2024-04-22 20:00:00,1.3710499999999999,1.3710499999999999,1.36957,1.36985
2024-04-22 21:00:00,1.36984,1.37001,1.36865,1.36936
2024-04-22 22:00:00,1.36937,1.37047,1.36937,1.37018
2024-04-22 23:00:00,1.37019,1.3704100000000001,1.36969,1.36982
2024-04-23 00:00:00,1.36974,1.36984,1.36857,1.36965
2024-04-23 01:00:00,1.36963,1.36999,1.36957,1.3698299999999999
2024-04-23 02:00:00,1.3698299999999999,1.37026,1.3698299999999999,1.36998
2024-04-23 03:00:00,1.36998,1.36998,1.36925,1.36929
2024-04-23 04:00:00,1.3693,1.37045,1.36898,1.37032
2024-04-23 05:00:00,1.37032,1.37036,1.36916,1.36943
2024-04-23 06:00:00,1.36943,1.37015,1.36928,1.36998
2024-04-23 07:00:00,1.36998,1.37001,1.36952,1.36984
2024-04-23 08:00:00,1.36984,1.3704100000000001,1.3698299999999999,1.36997
2024-04-23 09:00:00,1.36997,1.37066,1.36997,1.37043
2024-04-23 10:00:00,1.37047,1.37073,1.36886,1.36991
2024-04-23 11:00:00,1.36993,1.37083,1.36943,1.37081
2024-04-23 12:00:00,1.37081,1.3714,1.37073,1.371
2024-04-23 13:00:00,1.371,1.3710200000000001,1.3703699999999999,1.37053
2024-04-23 14:00:00,1.37053,1.37117,1.3703,1.37043
2024-04-23 15:00:00,1.37042,1.3706800000000001,1.36932,1.36937
2024-04-23 16:00:00,1.36938,1.37047,1.36584,1.36645
2024-04-23 17:00:00,1.36648,1.36724,1.36561,1.36677
2024-04-23 18:00:00,1.36669,1.36789,1.3666800000000001,1.36765
2024-04-23 19:00:00,1.36765,1.36774,1.36656,1.3668
2024-04-23 20:00:00,1.36684,1.36686,1.36582,1.366
2024-04-23 21:00:00,1.36601,1.36632,1.36582,1.3660999999999999
2024-04-23 22:00:00,1.36609,1.3663699999999999,1.36588,1.36608
2024-04-23 23:00:00,1.3660700000000001,1.36633,1.36598,1.36618
2024-04-24 00:00:00,1.36574,1.3663,1.36513,1.36606
2024-04-24 01:00:00,1.36595,1.36639,1.3658299999999999,1.36624
2024-04-24 02:00:00,1.36623,1.36627,1.36587,1.36616
2024-04-24 03:00:00,1.36616,1.36636,1.36571,1.3658299999999999
2024-04-24 04:00:00,1.36584,1.3661400000000001,1.36552,1.36581
2024-04-24 05:00:00,1.36582,1.36606,1.36543,1.36584
2024-04-24 06:00:00,1.36584,1.3665,1.3658299999999999,1.36628
2024-04-24 07:00:00,1.36628,1.36661,1.3661699999999999,1.3665
2024-04-24 08:00:00,1.3665,1.3667,1.36602,1.36633
2024-04-24 09:00:00,1.36633,1.36748,1.36605,1.36733
2024-04-24 10:00:00,1.36733,1.36818,1.36706,1.36783
2024-04-24 11:00:00,1.36783,1.36825,1.36756,1.36802
2024-04-24 12:00:00,1.36802,1.3683100000000001,1.36761,1.36825
2024-04-24 13:00:00,1.36826,1.36876,1.36755,1.36865
2024-04-24 14:00:00,1.36868,1.36901,1.3683,1.36871
2024-04-24 15:00:00,1.36869,1.3715,1.36812,1.37118
2024-04-24 16:00:00,1.37118,1.3722400000000001,1.3697300000000001,1.37053
2024-04-24 17:00:00,1.37048,1.37201,1.3701699999999999,1.37141
2024-04-24 18:00:00,1.3714,1.3728799999999999,1.3710200000000001,1.37222
2024-04-24 19:00:00,1.37225,1.37236,1.37164,1.37169
2024-04-24 20:00:00,1.37169,1.37183,1.3699,1.37003
2024-04-24 21:00:00,1.37003,1.37106,1.37003,1.37052
2024-04-24 22:00:00,1.37053,1.37072,1.36941,1.37005
2024-04-24 23:00:00,1.37005,1.37058,1.36997,1.3701699999999999
2024-04-25 00:00:00,1.37009,1.37029,1.36907,1.37025
2024-04-25 01:00:00,1.37015,1.37065,1.36999,1.37053
2024-04-25 02:00:00,1.37052,1.3707,1.37035,1.3704
2024-04-25 03:00:00,1.3704,1.3704100000000001,1.36958,1.36974
2024-04-25 04:00:00,1.36974,1.37043,1.36958,1.36993
2024-04-25 05:00:00,1.36992,1.37002,1.36921,1.36934
2024-04-25 06:00:00,1.36934,1.36981,1.36921,1.36936
2024-04-25 07:00:00,1.36936,1.3695,1.36895,1.3691
2024-04-25 08:00:00,1.3691,1.36931,1.36887,1.36896
2024-04-25 09:00:00,1.36896,1.36928,1.36794,1.36802
2024-04-25 10:00:00,1.36803,1.36895,1.3676599999999999,1.36799
2024-04-25 11:00:00,1.36798,1.36817,1.36708,1.36723
2024-04-25 12:00:00,1.36723,1.3678,1.36714,1.3676300000000001
2024-04-25 13:00:00,1.3676300000000001,1.36816,1.3675,1.36808
2024-04-25 14:00:00,1.36807,1.36834,1.36653,1.36738
2024-04-25 15:00:00,1.3673899999999999,1.37128,1.36657,1.37079
2024-04-25 16:00:00,1.3707,1.37299,1.37033,1.37236
2024-04-25 17:00:00,1.37235,1.37309,1.36978,1.37062
2024-04-25 18:00:00,1.37066,1.37107,1.36921,1.36924
2024-04-25 19:00:00,1.36924,1.36959,1.36767,1.36798
2024-04-25 20:00:00,1.36794,1.36815,1.36626,1.36639
2024-04-25 21:00:00,1.3664399999999999,1.36725,1.36605,1.36622
2024-04-25 22:00:00,1.36622,1.36645,1.36499,1.36625
2024-04-25 23:00:00,1.36625,1.36636,1.36526,1.36557
2024-04-26 00:00:00,1.3654600000000001,1.36582,1.3646,1.3656
2024-04-26 01:00:00,1.36555,1.36574,1.36532,1.36558
2024-04-26 02:00:00,1.36558,1.36593,1.36545,1.36592
2024-04-26 03:00:00,1.36593,1.36613,1.36564,1.3658299999999999
2024-04-26 04:00:00,1.36584,1.36599,1.36508,1.36527
2024-04-26 05:00:00,1.36531,1.3663,1.3652199999999999,1.36594
2024-04-26 06:00:00,1.36594,1.36602,1.36532,1.36564
2024-04-26 07:00:00,1.36563,1.36573,1.36527,1.3653
2024-04-26 08:00:00,1.3653,1.36538,1.36452,1.36459
2024-04-26 09:00:00,1.3646099999999999,1.36465,1.36371,1.3643100000000001
2024-04-26 10:00:00,1.3643100000000001,1.3652199999999999,1.36414,1.36481
2024-04-26 11:00:00,1.36482,1.36491,1.36379,1.36452
2024-04-26 12:00:00,1.36453,1.36537,1.36449,1.36507
2024-04-26 13:00:00,1.36504,1.36603,1.36498,1.36573
2024-04-26 14:00:00,1.36575,1.36584,1.36521,1.36563
2024-04-26 15:00:00,1.36563,1.36645,1.36327,1.36517
2024-04-26 16:00:00,1.36516,1.36741,1.36489,1.36623
2024-04-26 17:00:00,1.36621,1.3685399999999999,1.36564,1.3683100000000001
2024-04-26 18:00:00,1.3683100000000001,1.3695599999999999,1.36781,1.36798
2024-04-26 19:00:00,1.36792,1.36823,1.36723,1.3672900000000001
2024-04-26 20:00:00,1.3672900000000001,1.3673600000000001,1.3668,1.36686
2024-04-26 21:00:00,1.36686,1.36686,1.36552,1.36552
2024-04-26 22:00:00,1.36552,1.36683,1.36533,1.36665
2024-04-26 23:00:00,1.36665,1.367,1.36616,1.36676
2024-04-29 00:00:00,1.36652,1.36669,1.36584,1.36649
2024-04-29 01:00:00,1.36642,1.36676,1.36621,1.36624
2024-04-29 02:00:00,1.36625,1.36636,1.36557,1.36558
2024-04-29 03:00:00,1.36558,1.36595,1.36509,1.36527
2024-04-29 04:00:00,1.36527,1.36578,1.36479,1.3649200000000001
2024-04-29 05:00:00,1.36491,1.36511,1.36423,1.36449
2024-04-29 06:00:00,1.3645,1.36503,1.3645,1.36491
2024-04-29 07:00:00,1.36491,1.36503,1.3632,1.36383
2024-04-29 08:00:00,1.36383,1.36479,1.36368,1.36436
2024-04-29 09:00:00,1.36437,1.3657599999999999,1.36421,1.36574
2024-04-29 10:00:00,1.36574,1.36602,1.36516,1.36568
2024-04-29 11:00:00,1.36569,1.3663,1.36506,1.36577
2024-04-29 12:00:00,1.3657599999999999,1.36618,1.3651200000000001,1.36544
2024-04-29 13:00:00,1.36545,1.36554,1.36509,1.3653
2024-04-29 14:00:00,1.36529,1.36536,1.3646099999999999,1.3651900000000001
2024-04-29 15:00:00,1.36518,1.36681,1.3649499999999999,1.36601
2024-04-29 16:00:00,1.36601,1.36747,1.36558,1.36704
2024-04-29 17:00:00,1.36704,1.36768,1.36489,1.36499
2024-04-29 18:00:00,1.36499,1.36567,1.36469,1.36514
2024-04-29 19:00:00,1.36513,1.36521,1.36435,1.36508
2024-04-29 20:00:00,1.3651,1.36562,1.36473,1.36559
2024-04-29 21:00:00,1.36559,1.36627,1.36544,1.36597
2024-04-29 22:00:00,1.36597,1.36725,1.36597,1.36621
2024-04-29 23:00:00,1.3662,1.36621,1.36578,1.36596
2024-04-30 00:00:00,1.36599,1.36643,1.36548,1.36599
2024-04-30 01:00:00,1.36598,1.3665,1.36573,1.36634
2024-04-30 02:00:00,1.36633,1.36677,1.36627,1.36673
2024-04-30 03:00:00,1.36673,1.36718,1.36627,1.3667799999999999
2024-04-30 04:00:00,1.3667799999999999,1.36737,1.36625,1.3672900000000001
2024-04-30 05:00:00,1.3672900000000001,1.36786,1.3672,1.36747
2024-04-30 06:00:00,1.36747,1.36818,1.3673899999999999,1.36798
2024-04-30 07:00:00,1.3679700000000001,1.36835,1.36787,1.36811
2024-04-30 08:00:00,1.3681,1.36952,1.36809,1.36942
2024-04-30 09:00:00,1.36942,1.37009,1.36903,1.36937
2024-04-30 10:00:00,1.36937,1.36952,1.36876,1.36924
2024-04-30 11:00:00,1.3692,1.36995,1.3691900000000001,1.36964
2024-04-30 12:00:00,1.36958,1.36962,1.36814,1.36855
2024-04-30 13:00:00,1.3686,1.36887,1.36823,1.3685100000000001
2024-04-30 14:00:00,1.3685100000000001,1.36934,1.3685100000000001,1.3691499999999999
2024-04-30 15:00:00,1.36911,1.37364,1.36738,1.37329
2024-04-30 16:00:00,1.37321,1.37549,1.37194,1.37517
2024-04-30 17:00:00,1.3748,1.37544,1.37257,1.37392
2024-04-30 18:00:00,1.3739,1.37534,1.3734,1.37481
2024-04-30 19:00:00,1.37481,1.37608,1.37451,1.37552
2024-04-30 20:00:00,1.37552,1.3759700000000001,1.3751,1.37531
2024-04-30 21:00:00,1.3753,1.37653,1.37506,1.37612
2024-04-30 22:00:00,1.37611,1.37673,1.37562,1.37672
2024-04-30 23:00:00,1.37671,1.3783400000000001,1.37649,1.37769
2024-05-01 00:00:00,1.37755,1.37763,1.37488,1.37721
2024-05-01 01:00:00,1.37711,1.37792,1.37711,1.3777300000000001
2024-05-01 02:00:00,1.3777300000000001,1.37818,1.37752,1.37775
2024-05-01 03:00:00,1.37775,1.3783,1.3773900000000001,1.37792
2024-05-01 04:00:00,1.37793,1.37802,1.37733,1.37762
2024-05-01 05:00:00,1.37763,1.3780299999999999,1.37753,1.37757
2024-05-01 06:00:00,1.37758,1.3782,1.37753,1.37797
2024-05-01 07:00:00,1.37797,1.37816,1.37777,1.37789
2024-05-01 08:00:00,1.37791,1.37815,1.37753,1.37799
2024-05-01 09:00:00,1.37801,1.37823,1.37748,1.37805
2024-05-01 10:00:00,1.37805,1.37808,1.37714,1.37725
2024-05-01 11:00:00,1.37725,1.37757,1.37687,1.3772
2024-05-01 12:00:00,1.3771900000000001,1.37758,1.37691,1.37729
2024-05-01 13:00:00,1.37729,1.37756,1.37705,1.37714
2024-05-01 14:00:00,1.37714,1.37733,1.37661,1.37713
2024-05-01 15:00:00,1.3771200000000001,1.37713,1.37584,1.37619
2024-05-01 16:00:00,1.37619,1.37672,1.37551,1.37577
2024-05-01 17:00:00,1.37584,1.37738,1.37478,1.37669
2024-05-01 18:00:00,1.3767,1.37706,1.37543,1.37604
2024-05-01 19:00:00,1.37604,1.37679,1.37601,1.37668
2024-05-01 20:00:00,1.37666,1.37734,1.3762400000000001,1.37667
2024-05-01 21:00:00,1.37675,1.3774600000000001,1.37031,1.37099
2024-05-01 22:00:00,1.37094,1.37592,1.3703699999999999,1.37587
2024-05-01 23:00:00,1.37586,1.37606,1.3731499999999999,1.37377
2024-05-02 00:00:00,1.37378,1.37402,1.37147,1.37358
2024-05-02 01:00:00,1.37366,1.37366,1.37266,1.37282
2024-05-02 02:00:00,1.37282,1.3731499999999999,1.37223,1.37247
2024-05-02 03:00:00,1.37247,1.37323,1.37212,1.3732
2024-05-02 04:00:00,1.3732199999999999,1.37363,1.3725100000000001,1.37274
2024-05-02 05:00:00,1.37275,1.37275,1.37164,1.3718
2024-05-02 06:00:00,1.37181,1.37283,1.37181,1.37259
2024-05-02 07:00:00,1.37259,1.3726099999999999,1.37202,1.37228
2024-05-02 08:00:00,1.37228,1.37246,1.3718,1.37208
2024-05-02 09:00:00,1.37207,1.37239,1.37099,1.37203
2024-05-02 10:00:00,1.37203,1.37249,1.37051,1.37119
2024-05-02 11:00:00,1.37119,1.37206,1.37049,1.37171
2024-05-02 12:00:00,1.37171,1.37216,1.37099,1.37174
2024-05-02 13:00:00,1.37174,1.37263,1.37174,1.37239
2024-05-02 14:00:00,1.37237,1.37286,1.37201,1.37211
2024-05-02 15:00:00,1.37211,1.37222,1.37045,1.37195
2024-05-02 16:00:00,1.37191,1.3725800000000001,1.37074,1.37173
2024-05-02 17:00:00,1.37172,1.37293,1.37031,1.37087
2024-05-02 18:00:00,1.37087,1.37118,1.36952,1.3697599999999999
2024-05-02 19:00:00,1.3697599999999999,1.37028,1.3686,1.369
2024-05-02 20:00:00,1.36899,1.36914,1.36802,1.3685
2024-05-02 21:00:00,1.3685,1.3686099999999999,1.36693,1.3669799999999999
2024-05-02 22:00:00,1.3669799999999999,1.3683,1.3669799999999999,1.36762
2024-05-02 23:00:00,1.3676599999999999,1.36784,1.36713,1.36728
2024-05-03 00:00:00,1.36723,1.36752,1.36683,1.367
2024-05-03 01:00:00,1.367,1.36712,1.3667500000000001,1.36679
2024-05-03 02:00:00,1.36679,1.36704,1.36654,1.36662
2024-05-03 03:00:00,1.36662,1.3673199999999999,1.36619,1.3663
2024-05-03 04:00:00,1.3663,1.36653,1.36551,1.36612
2024-05-03 05:00:00,1.36612,1.36657,1.36589,1.36633
2024-05-03 06:00:00,1.36633,1.36651,1.36605,1.36632
2024-05-03 07:00:00,1.36632,1.3667099999999999,1.36624,1.3666
2024-05-03 08:00:00,1.3666,1.3667099999999999,1.36579,1.3662
2024-05-03 09:00:00,1.3662,1.36712,1.3662,1.3669799999999999
2024-05-03 10:00:00,1.3669799999999999,1.36753,1.36663,1.36696
2024-05-03 11:00:00,1.36701,1.36718,1.36618,1.3663
2024-05-03 12:00:00,1.36628,1.36673,1.36611,1.36643
2024-05-03 13:00:00,1.36643,1.3668,1.3660999999999999,1.36615
2024-05-03 14:00:00,1.36615,1.36684,1.36608,1.36649
2024-05-03 15:00:00,1.36647,1.36681,1.36097,1.36274
2024-05-03 16:00:00,1.36282,1.3648799999999999,1.36263,1.36455
2024-05-03 17:00:00,1.36274,1.3691499999999999,1.36226,1.36788
2024-05-03 18:00:00,1.36788,1.36905,1.36743,1.36835
2024-05-03 19:00:00,1.36828,1.36876,1.3675899999999999,1.36852
2024-05-03 20:00:00,1.36853,1.3689,1.36796,1.3682400000000001
2024-05-03 21:00:00,1.3682400000000001,1.3684,1.36796,1.36811
2024-05-03 22:00:00,1.36811,1.36834,1.36792,1.36794
2024-05-03 23:00:00,1.36795,1.3685800000000001,1.36792,1.36846
2024-05-06 00:00:00,1.3678,1.36844,1.36717,1.36809
2024-05-06 01:00:00,1.36774,1.36849,1.36769,1.36814
2024-05-06 02:00:00,1.36815,1.3692,1.36792,1.3691499999999999
2024-05-06 03:00:00,1.3691499999999999,1.36967,1.36841,1.3687
2024-05-06 04:00:00,1.3687,1.3687,1.36778,1.36784
2024-05-06 05:00:00,1.36781,1.3682699999999999,1.36742,1.3682
2024-05-06 06:00:00,1.36821,1.36868,1.36798,1.36839
2024-05-06 07:00:00,1.3684,1.3688,1.3684,1.3686099999999999
2024-05-06 08:00:00,1.36862,1.3688799999999999,1.36815,1.36835
2024-05-06 09:00:00,1.36833,1.36841,1.36738,1.36764
2024-05-06 10:00:00,1.36765,1.36828,1.36725,1.36809
2024-05-06 11:00:00,1.36809,1.36847,1.36755,1.36783
2024-05-06 12:00:00,1.36784,1.36801,1.36755,1.36758
2024-05-06 13:00:00,1.3675899999999999,1.36765,1.36714,1.36745
2024-05-06 14:00:00,1.36745,1.36761,1.36687,1.3670900000000001
2024-05-06 15:00:00,1.3670900000000001,1.36733,1.36596,1.3660999999999999
2024-05-06 16:00:00,1.3660999999999999,1.36627,1.36513,1.36528
2024-05-06 17:00:00,1.36528,1.3654899999999999,1.36479,1.3652199999999999
2024-05-06 18:00:00,1.36527,1.3660999999999999,1.36526,1.36569
2024-05-06 19:00:00,1.36569,1.36691,1.36566,1.36634
2024-05-06 20:00:00,1.36631,1.36651,1.36592,1.3661699999999999
2024-05-06 21:00:00,1.3661699999999999,1.36618,1.3657,1.36598
2024-05-06 22:00:00,1.36598,1.36715,1.36585,1.36663
2024-05-06 23:00:00,1.36653,1.36691,1.36631,1.36643
2024-05-07 00:00:00,1.36633,1.36645,1.36526,1.36639
2024-05-07 01:00:00,1.36634,1.36688,1.36626,1.36688
2024-05-07 02:00:00,1.36688,1.36726,1.36681,1.3670200000000001
2024-05-07 03:00:00,1.36703,1.36703,1.36616,1.36631
2024-05-07 04:00:00,1.36632,1.36781,1.36606,1.36737
2024-05-07 05:00:00,1.3673899999999999,1.36803,1.36733,1.36773
2024-05-07 06:00:00,1.36773,1.36776,1.36696,1.36708
2024-05-07 07:00:00,1.36708,1.36829,1.36708,1.36783
2024-05-07 08:00:00,1.36783,1.36829,1.36742,1.36813
2024-05-07 09:00:00,1.36814,1.36909,1.36807,1.36841
2024-05-07 10:00:00,1.3684,1.3686099999999999,1.3679999999999999,1.3683
2024-05-07 11:00:00,1.3683100000000001,1.36873,1.36772,1.36783
2024-05-07 12:00:00,1.36783,1.3688799999999999,1.36783,1.36843
2024-05-07 13:00:00,1.36846,1.36853,1.36789,1.36801
2024-05-07 14:00:00,1.36801,1.36828,1.36771,1.36803
2024-05-07 15:00:00,1.36803,1.36836,1.36721,1.3673600000000001
2024-05-07 16:00:00,1.36735,1.36875,1.36696,1.36875
2024-05-07 17:00:00,1.36875,1.36928,1.36798,1.36803
2024-05-07 18:00:00,1.36803,1.37172,1.36782,1.3712900000000001
2024-05-07 19:00:00,1.37128,1.37168,1.37052,1.37126
2024-05-07 20:00:00,1.37126,1.37295,1.37117,1.37292
2024-05-07 21:00:00,1.37294,1.3740999999999999,1.37277,1.37329
2024-05-07 22:00:00,1.3733,1.37341,1.37236,1.3725
2024-05-07 23:00:00,1.3725,1.37269,1.3723,1.37253
2024-05-08 00:00:00,1.37256,1.37309,1.36996,1.37228
2024-05-08 01:00:00,1.37221,1.37321,1.37221,1.37309
2024-05-08 02:00:00,1.37309,1.37352,1.37309,1.37331
2024-05-08 03:00:00,1.37331,1.37384,1.37306,1.37375
2024-05-08 04:00:00,1.37375,1.3748,1.37371,1.37477
2024-05-08 05:00:00,1.37477,1.37521,1.37458,1.37512
2024-05-08 06:00:00,1.37512,1.3753,1.37465,1.37528
2024-05-08 07:00:00,1.37528,1.37544,1.37514,1.3753199999999999
2024-05-08 08:00:00,1.3753199999999999,1.37554,1.3750499999999999,1.37538
2024-05-08 09:00:00,1.37537,1.37577,1.375,1.3756599999999999
2024-05-08 10:00:00,1.37564,1.37594,1.37508,1.37558
2024-05-08 11:00:00,1.3756,1.37605,1.37541,1.3756
2024-05-08 12:00:00,1.3756,1.37578,1.37462,1.37476
2024-05-08 13:00:00,1.37473,1.37504,1.37451,1.37465
2024-05-08 14:00:00,1.37466,1.376,1.37461,1.37578
2024-05-08 15:00:00,1.37578,1.3762400000000001,1.3751,1.37511
2024-05-08 16:00:00,1.3751,1.37514,1.37337,1.37398
2024-05-08 17:00:00,1.37394,1.37413,1.37192,1.37208
2024-05-08 18:00:00,1.37207,1.37299,1.37174,1.37188
2024-05-08 19:00:00,1.37188,1.3735,1.37183,1.37269
2024-05-08 20:00:00,1.37269,1.37307,1.37255,1.37289
2024-05-08 21:00:00,1.37289,1.37321,1.3725100000000001,1.37311
2024-05-08 22:00:00,1.37311,1.37347,1.37297,1.3731900000000001
2024-05-08 23:00:00,1.3731900000000001,1.37339,1.37189,1.37198
2024-05-09 00:00:00,1.37181,1.37238,1.37074,1.37211
2024-05-09 01:00:00,1.3721,1.37248,1.37194,1.37215
2024-05-09 02:00:00,1.37211,1.3727800000000001,1.37211,1.37277
2024-05-09 03:00:00,1.37277,1.37337,1.37268,1.37314
2024-05-09 04:00:00,1.37314,1.37341,1.37215,1.37242
2024-05-09 05:00:00,1.37242,1.37293,1.37238,1.37282
2024-05-09 06:00:00,1.3728,1.3728500000000001,1.3719999999999999,1.37232
2024-05-09 07:00:00,1.37232,1.37269,1.37215,1.37264
2024-05-09 08:00:00,1.37264,1.37286,1.3724,1.37272
2024-05-09 09:00:00,1.37271,1.37377,1.3727,1.37364
2024-05-09 10:00:00,1.37363,1.37371,1.3731,1.37328
2024-05-09 11:00:00,1.37328,1.37352,1.37292,1.3731900000000001
2024-05-09 12:00:00,1.37318,1.37353,1.37283,1.37293
2024-05-09 13:00:00,1.37293,1.37294,1.37214,1.37253
2024-05-09 14:00:00,1.37255,1.37289,1.3721999999999999,1.3725399999999999
2024-05-09 15:00:00,1.37257,1.37257,1.37055,1.37069
2024-05-09 16:00:00,1.37069,1.37214,1.36963,1.36975
2024-05-09 17:00:00,1.36975,1.36975,1.3685100000000001,1.36924
2024-05-09 18:00:00,1.36921,1.3694,1.36804,1.36918
2024-05-09 19:00:00,1.36918,1.36924,1.36844,1.36864
2024-05-09 20:00:00,1.36864,1.3688500000000001,1.36808,1.3685100000000001
2024-05-09 21:00:00,1.3685100000000001,1.3688,1.36765,1.36768
2024-05-09 22:00:00,1.36768,1.3679000000000001,1.36747,1.36755
2024-05-09 23:00:00,1.36755,1.36776,1.36738,1.36755
2024-05-10 00:00:00,1.36754,1.36781,1.3670900000000001,1.3676599999999999
2024-05-10 01:00:00,1.3676599999999999,1.3676599999999999,1.36714,1.3673899999999999
2024-05-10 02:00:00,1.36738,1.36778,1.36728,1.36776
2024-05-10 03:00:00,1.36776,1.36822,1.36762,1.36803
2024-05-10 04:00:00,1.36803,1.36818,1.36742,1.36817
2024-05-10 05:00:00,1.3682,1.36899,1.3682,1.36869
2024-05-10 06:00:00,1.36869,1.36894,1.36859,1.36875
2024-05-10 07:00:00,1.36875,1.36882,1.36853,1.3687
2024-05-10 08:00:00,1.3687,1.36871,1.3682,1.3685399999999999
2024-05-10 09:00:00,1.3685399999999999,1.3685800000000001,1.3679999999999999,1.3679999999999999
2024-05-10 10:00:00,1.3679999999999999,1.36847,1.36772,1.36815
2024-05-10 11:00:00,1.36815,1.36845,1.3678,1.3682699999999999
2024-05-10 12:00:00,1.3682699999999999,1.3686,1.36807,1.36835
2024-05-10 13:00:00,1.36836,1.3688799999999999,1.3681,1.36817
2024-05-10 14:00:00,1.36819,1.36841,1.3679000000000001,1.36818
2024-05-10 15:00:00,1.36825,1.36826,1.3633199999999999,1.36489
2024-05-10 16:00:00,1.36489,1.3652,1.36351,1.36376
2024-05-10 17:00:00,1.3641,1.3673600000000001,1.36371,1.36658
2024-05-10 18:00:00,1.36658,1.36728,1.36611,1.36645
2024-05-10 19:00:00,1.3664399999999999,1.36701,1.36613,1.36696
2024-05-10 20:00:00,1.36696,1.3673,1.3668,1.3669799999999999
2024-05-10 21:00:00,1.3669799999999999,1.36764,1.36697,1.3672
2024-05-10 22:00:00,1.3672,1.36746,1.36663,1.36707
2024-05-10 23:00:00,1.36707,1.3673600000000001,1.36693,1.36712
2024-05-13 00:00:00,1.36708,1.36708,1.36618,1.36684
2024-05-13 01:00:00,1.36685,1.36775,1.36663,1.36773
2024-05-13 02:00:00,1.36765,1.3678,1.36727,1.36775
2024-05-13 03:00:00,1.36777,1.36821,1.3676599999999999,1.3679999999999999
2024-05-13 04:00:00,1.3679999999999999,1.3689200000000001,1.3679999999999999,1.36881
2024-05-13 05:00:00,1.36881,1.36883,1.36801,1.36808
2024-05-13 06:00:00,1.36808,1.3685100000000001,1.36808,1.36816
2024-05-13 07:00:00,1.36816,1.36841,1.36795,1.3683
2024-05-13 08:00:00,1.3683,1.36842,1.36792,1.3684
2024-05-13 09:00:00,1.3684,1.36847,1.3679000000000001,1.36818
2024-05-13 10:00:00,1.36819,1.3684,1.36751,1.36756
2024-05-13 11:00:00,1.36756,1.36774,1.36718,1.36722
2024-05-13 12:00:00,1.36721,1.3679999999999999,1.3669,1.3679700000000001
2024-05-13 13:00:00,1.36798,1.36813,1.36768,1.36778
2024-05-13 14:00:00,1.36777,1.36786,1.36715,1.36731
2024-05-13 15:00:00,1.36731,1.3673600000000001,1.36646,1.36727
2024-05-13 16:00:00,1.36727,1.3673600000000001,1.3660700000000001,1.36635
2024-05-13 17:00:00,1.36636,1.36773,1.36633,1.36692
2024-05-13 18:00:00,1.36692,1.36845,1.3669,1.36764
2024-05-13 19:00:00,1.36765,1.3677000000000001,1.36711,1.36734
2024-05-13 20:00:00,1.36734,1.3679299999999999,1.36719,1.36747
2024-05-13 21:00:00,1.36747,1.36756,1.36693,1.36696
2024-05-13 22:00:00,1.36696,1.36714,1.36674,1.36687
2024-05-13 23:00:00,1.3669,1.36711,1.3664399999999999,1.3665
2024-05-14 00:00:00,1.36659,1.36682,1.36609,1.36667
2024-05-14 01:00:00,1.36664,1.36692,1.3665,1.36691
2024-05-14 02:00:00,1.36691,1.36694,1.36651,1.36661
2024-05-14 03:00:00,1.36661,1.36738,1.36659,1.36713
2024-05-14 04:00:00,1.36712,1.3679000000000001,1.36687,1.36768
2024-05-14 05:00:00,1.36767,1.36846,1.36765,1.3683
2024-05-14 06:00:00,1.3683,1.36846,1.3677000000000001,1.36794
2024-05-14 07:00:00,1.36794,1.36805,1.36785,1.36791
2024-05-14 08:00:00,1.36791,1.36798,1.36764,1.36781
2024-05-14 09:00:00,1.36782,1.36792,1.36744,1.36768
2024-05-14 10:00:00,1.36769,1.3679299999999999,1.36752,1.36757
2024-05-14 11:00:00,1.36757,1.36821,1.36755,1.36771
2024-05-14 12:00:00,1.36773,1.36775,1.3669,1.36707
2024-05-14 13:00:00,1.36707,1.36719,1.36679,1.36691
2024-05-14 14:00:00,1.3669,1.36691,1.3663699999999999,1.36666
2024-05-14 15:00:00,1.36666,1.36904,1.3642400000000001,1.3647
2024-05-14 16:00:00,1.36473,1.36511,1.36327,1.36343
2024-05-14 17:00:00,1.36343,1.36552,1.36335,1.36443
2024-05-14 18:00:00,1.36443,1.36547,1.36443,1.36518
2024-05-14 19:00:00,1.36525,1.3662,1.36514,1.36603
2024-05-14 20:00:00,1.36603,1.3664399999999999,1.36594,1.3661400000000001
2024-05-14 21:00:00,1.3661400000000001,1.3661699999999999,1.36499,1.36516
2024-05-14 22:00:00,1.36516,1.36528,1.3646099999999999,1.36491
2024-05-14 23:00:00,1.3649200000000001,1.3651900000000001,1.36484,1.3649499999999999
2024-05-15 00:00:00,1.3649200000000001,1.36509,1.36414,1.36499
2024-05-15 01:00:00,1.36494,1.36525,1.36494,1.36514
2024-05-15 02:00:00,1.36514,1.3654600000000001,1.36514,1.36535
2024-05-15 03:00:00,1.36536,1.36537,1.3647,1.36499
2024-05-15 04:00:00,1.36498,1.36518,1.3645399999999999,1.3645800000000001
2024-05-15 05:00:00,1.3645399999999999,1.36477,1.36412,1.3643399999999999
2024-05-15 06:00:00,1.3643399999999999,1.36438,1.3637299999999999,1.36383
2024-05-15 07:00:00,1.36383,1.3645100000000001,1.36383,1.36443
2024-05-15 08:00:00,1.36443,1.3645100000000001,1.3638,1.3639000000000001
2024-05-15 09:00:00,1.36386,1.36425,1.36378,1.36379
2024-05-15 10:00:00,1.36379,1.36388,1.36333,1.36347
2024-05-15 11:00:00,1.36347,1.3635,1.36247,1.36258
2024-05-15 12:00:00,1.36257,1.36314,1.36255,1.363
2024-05-15 13:00:00,1.363,1.3635,1.36286,1.36331
2024-05-15 14:00:00,1.36333,1.3636300000000001,1.36311,1.36333
2024-05-15 15:00:00,1.3633199999999999,1.36361,1.35901,1.36211
2024-05-15 16:00:00,1.36211,1.3654899999999999,1.36137,1.36521
2024-05-15 17:00:00,1.36516,1.36608,1.36298,1.36308
2024-05-15 18:00:00,1.3630900000000001,1.3632,1.35948,1.36139
2024-05-15 19:00:00,1.36138,1.3618299999999999,1.35996,1.3600400000000001
2024-05-15 20:00:00,1.36003,1.36028,1.35952,1.35985
2024-05-15 21:00:00,1.35985,1.3605800000000001,1.35981,1.36022
2024-05-15 22:00:00,1.36022,1.3607,1.36009,1.36057
2024-05-15 23:00:00,1.36057,1.36074,1.3600400000000001,1.36008
2024-05-16 00:00:00,1.36001,1.36045,1.35934,1.36006
2024-05-16 01:00:00,1.3601,1.36039,1.35974,1.36003
2024-05-16 02:00:00,1.36002,1.36015,1.3594300000000001,1.35976
2024-05-16 03:00:00,1.35977,1.36005,1.35901,1.35906
2024-05-16 04:00:00,1.35906,1.36108,1.35904,1.36073
2024-05-16 05:00:00,1.36075,1.36117,1.36003,1.36011
2024-05-16 06:00:00,1.36012,1.36046,1.3596300000000001,1.36021
2024-05-16 07:00:00,1.36021,1.3608,1.36021,1.3608
2024-05-16 08:00:00,1.36074,1.36127,1.3606,1.3612600000000001
2024-05-16 09:00:00,1.36128,1.36234,1.36127,1.36233
2024-05-16 10:00:00,1.36232,1.3624100000000001,1.36165,1.36184
2024-05-16 11:00:00,1.36184,1.36256,1.36162,1.3623
2024-05-16 12:00:00,1.36229,1.36286,1.36216,1.3624800000000001
2024-05-16 13:00:00,1.3624800000000001,1.36308,1.36234,1.36307
2024-05-16 14:00:00,1.36307,1.36347,1.36284,1.36325
2024-05-16 15:00:00,1.36326,1.3633600000000001,1.36179,1.36308
2024-05-16 16:00:00,1.36307,1.36405,1.3624,1.36394
2024-05-16 17:00:00,1.36394,1.36412,1.3615300000000001,1.36154
2024-05-16 18:00:00,1.3615300000000001,1.36227,1.36074,1.36076
2024-05-16 19:00:00,1.36076,1.36195,1.36076,1.36163
2024-05-16 20:00:00,1.36164,1.36206,1.36139,1.3614899999999999
2024-05-16 21:00:00,1.3614899999999999,1.3620999999999999,1.36123,1.3612600000000001
2024-05-16 22:00:00,1.3612600000000001,1.36178,1.36112,1.36167
2024-05-16 23:00:00,1.36166,1.3618999999999999,1.3615,1.36164
2024-05-17 00:00:00,1.36151,1.36157,1.36043,1.36144
2024-05-17 01:00:00,1.36123,1.36178,1.36107,1.36172
2024-05-17 02:00:00,1.36171,1.36192,1.3613,1.36148
2024-05-17 03:00:00,1.36147,1.36228,1.36128,1.3621400000000001
2024-05-17 04:00:00,1.36213,1.36292,1.36192,1.36231
2024-05-17 05:00:00,1.36229,1.36313,1.36218,1.36279
2024-05-17 06:00:00,1.36279,1.3628,1.36243,1.36259
2024-05-17 07:00:00,1.36259,1.36274,1.36238,1.36253
2024-05-17 08:00:00,1.36252,1.36258,1.36194,1.36206
2024-05-17 09:00:00,1.36209,1.36257,1.36164,1.36242
2024-05-17 10:00:00,1.36242,1.36323,1.3618700000000001,1.3631
2024-05-17 11:00:00,1.3630900000000001,1.36416,1.363,1.36369
2024-05-17 12:00:00,1.3637000000000001,1.36418,1.36359,1.36389
2024-05-17 13:00:00,1.3639000000000001,1.3642699999999999,1.36367,1.3642400000000001
2024-05-17 14:00:00,1.3642400000000001,1.36439,1.36347,1.36356
2024-05-17 15:00:00,1.36358,1.3638,1.36269,1.3627099999999999
2024-05-17 16:00:00,1.3627099999999999,1.36296,1.36141,1.36237
2024-05-17 17:00:00,1.36234,1.36234,1.36019,1.36045
2024-05-17 18:00:00,1.36045,1.36181,1.36013,1.36168
2024-05-17 19:00:00,1.36168,1.3620700000000001,1.36078,1.36142
2024-05-17 20:00:00,1.36144,1.36144,1.36064,1.36112
2024-05-17 21:00:00,1.36112,1.36212,1.36063,1.3608
2024-05-17 22:00:00,1.36081,1.3611900000000001,1.36079,1.3608
2024-05-17 23:00:00,1.36081,1.36117,1.36081,1.36094
2024-05-20 00:00:00,1.3616,1.3616,1.36097,1.36139
2024-05-20 01:00:00,1.36138,1.36138,1.36063,1.361
2024-05-20 02:00:00,1.36099,1.36106,1.3605,1.36087
2024-05-20 03:00:00,1.36087,1.3614600000000001,1.36043,1.36082
2024-05-20 04:00:00,1.36083,1.361,1.36026,1.36038
2024-05-20 05:00:00,1.36039,1.36097,1.36039,1.36089
2024-05-20 06:00:00,1.3609,1.36124,1.3606500000000001,1.36074
2024-05-20 07:00:00,1.36072,1.3608,1.36002,1.3602699999999999
2024-05-20 08:00:00,1.36026,1.3605800000000001,1.36016,1.36057
2024-05-20 09:00:00,1.36057,1.36147,1.36033,1.36142
2024-05-20 10:00:00,1.36141,1.36188,1.3609200000000001,1.36134
2024-05-20 11:00:00,1.36135,1.36168,1.361,1.36114
2024-05-20 12:00:00,1.36113,1.36154,1.36108,1.36132
2024-05-20 13:00:00,1.36133,1.36181,1.36099,1.36179
2024-05-20 14:00:00,1.36179,1.36216,1.36166,1.36215
2024-05-20 15:00:00,1.3621400000000001,1.36352,1.36206,1.36323
2024-05-20 16:00:00,1.36323,1.36326,1.36089,1.36101
2024-05-20 17:00:00,1.36101,1.36112,1.35958,1.3604
2024-05-20 18:00:00,1.3604,1.36176,1.36039,1.36135
2024-05-20 19:00:00,1.36136,1.36201,1.36118,1.36169
2024-05-20 20:00:00,1.36166,1.3622,1.3611900000000001,1.36203
2024-05-20 21:00:00,1.36202,1.36264,1.36177,1.36209
2024-05-20 22:00:00,1.3620999999999999,1.36242,1.3620700000000001,1.36227
2024-05-20 23:00:00,1.36226,1.36254,1.36223,1.3624
2024-05-21 00:00:00,1.36233,1.36239,1.36193,1.36234
2024-05-21 01:00:00,1.36236,1.36252,1.36226,1.36232
2024-05-21 02:00:00,1.36232,1.36256,1.36225,1.36236
2024-05-21 03:00:00,1.3623,1.36292,1.3623,1.3627799999999999
2024-05-21 04:00:00,1.3627799999999999,1.36382,1.36265,1.36375
2024-05-21 05:00:00,1.36376,1.36438,1.36362,1.36377
2024-05-21 06:00:00,1.36378,1.36413,1.36352,1.3639000000000001
2024-05-21 07:00:00,1.3639000000000001,1.36394,1.36346,1.36357
2024-05-21 08:00:00,1.36357,1.36377,1.36337,1.36348
2024-05-21 09:00:00,1.36347,1.36374,1.36287,1.36343
2024-05-21 10:00:00,1.36342,1.36364,1.3625099999999999,1.36358
2024-05-21 11:00:00,1.36357,1.36387,1.36294,1.3630499999999999
2024-05-21 12:00:00,1.3630499999999999,1.36318,1.36261,1.36297
2024-05-21 13:00:00,1.36298,1.36316,1.36272,1.36299
2024-05-21 14:00:00,1.36299,1.3630900000000001,1.36158,1.36164
2024-05-21 15:00:00,1.36162,1.36648,1.3615,1.36586
2024-05-21 16:00:00,1.36587,1.36754,1.36471,1.36629
2024-05-21 17:00:00,1.3663,1.36635,1.36381,1.36398
2024-05-21 18:00:00,1.3639999999999999,1.36484,1.36372,1.36459
2024-05-21 19:00:00,1.36457,1.36525,1.36452,1.36486
2024-05-21 20:00:00,1.36486,1.36562,1.36471,1.36477
2024-05-21 21:00:00,1.36475,1.36552,1.36474,1.36532
2024-05-21 22:00:00,1.36532,1.3655300000000001,1.36474,1.3648799999999999
2024-05-21 23:00:00,1.3648799999999999,1.36548,1.3648799999999999,1.3653
2024-05-22 00:00:00,1.3651,1.36531,1.36279,1.3637000000000001
2024-05-22 01:00:00,1.36392,1.36445,1.3636599999999999,1.36391
2024-05-22 02:00:00,1.36394,1.36409,1.36364,1.36408
2024-05-22 03:00:00,1.36408,1.36408,1.3635,1.36376
2024-05-22 04:00:00,1.36376,1.36396,1.3630499999999999,1.3632
2024-05-22 05:00:00,1.3632,1.36361,1.36237,1.36335
2024-05-22 06:00:00,1.36337,1.36418,1.36331,1.36411
2024-05-22 07:00:00,1.36413,1.36449,1.3639999999999999,1.36439
2024-05-22 08:00:00,1.36439,1.36452,1.36381,1.3639700000000001
2024-05-22 09:00:00,1.36396,1.36527,1.3637000000000001,1.36499
2024-05-22 10:00:00,1.36497,1.36618,1.3649499999999999,1.36564
2024-05-22 11:00:00,1.36565,1.36634,1.3655,1.366
2024-05-22 12:00:00,1.36601,1.36683,1.36563,1.36568
2024-05-22 13:00:00,1.36568,1.36568,1.3649,1.36548
2024-05-22 14:00:00,1.36547,1.36779,1.36527,1.36751
2024-05-22 15:00:00,1.36751,1.36784,1.3670499999999999,1.36757
2024-05-22 16:00:00,1.36756,1.36757,1.3660700000000001,1.36672
2024-05-22 17:00:00,1.3667,1.36773,1.3667,1.36719
2024-05-22 18:00:00,1.36718,1.36738,1.36647,1.36693
2024-05-22 19:00:00,1.36693,1.36716,1.36577,1.36624
2024-05-22 20:00:00,1.36624,1.36728,1.36564,1.36703
2024-05-22 21:00:00,1.36703,1.36958,1.36703,1.36943
2024-05-22 22:00:00,1.36947,1.3698000000000001,1.36886,1.36896
2024-05-22 23:00:00,1.36896,1.36958,1.36883,1.36925
2024-05-23 00:00:00,1.36936,1.36938,1.36774,1.36907
2024-05-23 01:00:00,1.36905,1.36935,1.3688500000000001,1.36895
2024-05-23 02:00:00,1.36893,1.36905,1.36869,1.36904
2024-05-23 03:00:00,1.36903,1.36913,1.36846,1.3689200000000001
2024-05-23 04:00:00,1.3689200000000001,1.36945,1.36875,1.36897
2024-05-23 05:00:00,1.36898,1.36961,1.36865,1.36871
2024-05-23 06:00:00,1.36869,1.36886,1.36794,1.36795
2024-05-23 07:00:00,1.36796,1.36825,1.36786,1.36822
2024-05-23 08:00:00,1.36821,1.36862,1.36794,1.36848
2024-05-23 09:00:00,1.36847,1.36864,1.36776,1.36806
2024-05-23 10:00:00,1.36806,1.36864,1.36769,1.36848
2024-05-23 11:00:00,1.36844,1.36844,1.36754,1.36771
2024-05-23 12:00:00,1.36771,1.3679299999999999,1.36674,1.36687
2024-05-23 13:00:00,1.36688,1.36717,1.36658,1.36706
2024-05-23 14:00:00,1.36707,1.36741,1.36647,1.3667500000000001
2024-05-23 15:00:00,1.3667500000000001,1.36731,1.36646,1.36672
2024-05-23 16:00:00,1.36672,1.36924,1.36566,1.36838
2024-05-23 17:00:00,1.36841,1.36988,1.3675899999999999,1.36966
2024-05-23 18:00:00,1.36968,1.37047,1.36893,1.36977
2024-05-23 19:00:00,1.36977,1.37096,1.36933,1.37092
2024-05-23 20:00:00,1.37093,1.37302,1.37086,1.37293
2024-05-23 21:00:00,1.37293,1.3743,1.3728,1.37423
2024-05-23 22:00:00,1.37424,1.37432,1.3734600000000001,1.37357
2024-05-23 23:00:00,1.37356,1.37369,1.3727800000000001,1.37282
2024-05-24 00:00:00,1.37265,1.3731,1.37236,1.37284
2024-05-24 01:00:00,1.37286,1.37314,1.3727800000000001,1.3727800000000001
2024-05-24 02:00:00,1.37282,1.3733,1.37267,1.37326
2024-05-24 03:00:00,1.37326,1.37372,1.37309,1.37331
2024-05-24 04:00:00,1.37332,1.37384,1.3726099999999999,1.37298
2024-05-24 05:00:00,1.37299,1.37361,1.37298,1.37345
2024-05-24 06:00:00,1.37344,1.37382,1.37326,1.37375
2024-05-24 07:00:00,1.37375,1.37385,1.37334,1.3734199999999999
2024-05-24 08:00:00,1.37343,1.37385,1.37338,1.37344
2024-05-24 09:00:00,1.37344,1.3737300000000001,1.37284,1.37353
2024-05-24 10:00:00,1.3734600000000001,1.37348,1.37221,1.37222
2024-05-24 11:00:00,1.3722400000000001,1.37287,1.37194,1.3721999999999999
2024-05-24 12:00:00,1.3721999999999999,1.37271,1.37189,1.37243
2024-05-24 13:00:00,1.37243,1.3725,1.37121,1.37164
2024-05-24 14:00:00,1.37164,1.37187,1.37114,1.37124
2024-05-24 15:00:00,1.37124,1.37246,1.37079,1.37131
2024-05-24 16:00:00,1.3713,1.37143,1.3691,1.36941
2024-05-24 17:00:00,1.36924,1.36941,1.36679,1.36701
2024-05-24 18:00:00,1.36701,1.36717,1.3658299999999999,1.3666800000000001
2024-05-24 19:00:00,1.3666800000000001,1.36685,1.36532,1.36567
2024-05-24 20:00:00,1.36568,1.36587,1.3648799999999999,1.36494
2024-05-24 21:00:00,1.36497,1.36627,1.36478,1.36627
2024-05-24 22:00:00,1.36628,1.36683,1.36625,1.36653
2024-05-24 23:00:00,1.36655,1.36659,1.36618,1.3663
2024-05-27 00:00:00,1.3668,1.3668,1.36586,1.3666800000000001
2024-05-27 01:00:00,1.36674,1.36674,1.36589,1.3665
2024-05-27 02:00:00,1.3665,1.36707,1.36649,1.36699
2024-05-27 03:00:00,1.36699,1.36706,1.36662,1.3666800000000001
2024-05-27 04:00:00,1.3666800000000001,1.36685,1.36629,1.36638
2024-05-27 05:00:00,1.36639,1.36676,1.36622,1.36646
2024-05-27 06:00:00,1.36647,1.36667,1.36632,1.36659
2024-05-27 07:00:00,1.36658,1.36676,1.3664100000000001,1.36653
2024-05-27 08:00:00,1.36653,1.36672,1.36622,1.36627
2024-05-27 09:00:00,1.36627,1.3666,1.36592,1.36611
2024-05-27 10:00:00,1.36611,1.36652,1.36593,1.36611
2024-05-27 11:00:00,1.3660999999999999,1.3665,1.36579,1.36603
2024-05-27 12:00:00,1.36603,1.36605,1.36534,1.36536
2024-05-27 13:00:00,1.36535,1.36585,1.3653,1.36532
2024-05-27 14:00:00,1.36532,1.3658000000000001,1.36528,1.36562
2024-05-27 15:00:00,1.36561,1.3664,1.36511,1.36521
2024-05-27 16:00:00,1.36514,1.36514,1.3632,1.36356
2024-05-27 17:00:00,1.36356,1.36425,1.3632900000000001,1.36356
2024-05-27 18:00:00,1.36355,1.36383,1.36328,1.36333
2024-05-27 19:00:00,1.36333,1.36338,1.36301,1.36331
2024-05-27 20:00:00,1.36328,1.36345,1.36301,1.36301
2024-05-27 21:00:00,1.36301,1.36334,1.36301,1.36315
2024-05-27 22:00:00,1.36315,1.36328,1.36292,1.36319
2024-05-27 23:00:00,1.36321,1.36335,1.36315,1.36315
2024-05-28 00:00:00,1.3630900000000001,1.3638,1.3621400000000001,1.36331
2024-05-28 01:00:00,1.3633,1.3633199999999999,1.36289,1.36304
2024-05-28 02:00:00,1.36301,1.36308,1.36279,1.36287
2024-05-28 03:00:00,1.36286,1.36294,1.36237,1.3627500000000001
2024-05-28 04:00:00,1.3627500000000001,1.3628,1.36204,1.3622
2024-05-28 05:00:00,1.3622,1.36222,1.3616,1.36176
2024-05-28 06:00:00,1.36177,1.36195,1.36145,1.36157
2024-05-28 07:00:00,1.36158,1.36212,1.3615300000000001,1.3620999999999999
2024-05-28 08:00:00,1.3620999999999999,1.3627799999999999,1.36191,1.36266
2024-05-28 09:00:00,1.36266,1.36292,1.36233,1.36282
2024-05-28 10:00:00,1.36282,1.3630900000000001,1.36215,1.36232
2024-05-28 11:00:00,1.36232,1.3631,1.3622,1.36277
2024-05-28 12:00:00,1.36277,1.36291,1.36234,1.36257
2024-05-28 13:00:00,1.36257,1.3632,1.36233,1.3628
2024-05-28 14:00:00,1.3628,1.36282,1.36175,1.3621699999999999
2024-05-28 15:00:00,1.3621699999999999,1.36311,1.36151,1.362
2024-05-28 16:00:00,1.36197,1.36436,1.3618299999999999,1.3641
2024-05-28 17:00:00,1.36371,1.36503,1.3633199999999999,1.36355
2024-05-28 18:00:00,1.36355,1.3645,1.36314,1.36318
2024-05-28 19:00:00,1.36319,1.36407,1.36313,1.36346
2024-05-28 20:00:00,1.36346,1.3651499999999999,1.36328,1.36489
2024-05-28 21:00:00,1.36489,1.36534,1.36449,1.3648
2024-05-28 22:00:00,1.36479,1.3651499999999999,1.36429,1.3643399999999999
2024-05-28 23:00:00,1.3643399999999999,1.36462,1.36419,1.36445
2024-05-29 00:00:00,1.3643100000000001,1.36455,1.36358,1.36419
2024-05-29 01:00:00,1.36405,1.36466,1.36405,1.36453
2024-05-29 02:00:00,1.36453,1.36482,1.36448,1.3647
2024-05-29 03:00:00,1.36473,1.36586,1.3646099999999999,1.3655599999999999
2024-05-29 04:00:00,1.3655599999999999,1.36574,1.3648500000000001,1.36514
2024-05-29 05:00:00,1.36516,1.36622,1.3649,1.3662
2024-05-29 06:00:00,1.36621,1.36645,1.36603,1.36627
2024-05-29 07:00:00,1.36626,1.36649,1.3662,1.36627
2024-05-29 08:00:00,1.36627,1.3673,1.3660999999999999,1.36723
2024-05-29 09:00:00,1.36722,1.36726,1.36534,1.36561
2024-05-29 10:00:00,1.36559,1.36594,1.36504,1.36569
2024-05-29 11:00:00,1.36562,1.3661400000000001,1.36555,1.366
2024-05-29 12:00:00,1.366,1.36634,1.36581,1.36609
2024-05-29 13:00:00,1.36609,1.36719,1.36609,1.36646
2024-05-29 14:00:00,1.36648,1.36784,1.36646,1.36714
2024-05-29 15:00:00,1.36714,1.36799,1.36657,1.36798
2024-05-29 16:00:00,1.36796,1.36969,1.36771,1.36895
2024-05-29 17:00:00,1.36896,1.3709799999999999,1.36863,1.3707
2024-05-29 18:00:00,1.37072,1.37143,1.36997,1.37042
2024-05-29 19:00:00,1.37042,1.37173,1.37042,1.3706
2024-05-29 20:00:00,1.3706,1.37161,1.37024,1.37053
2024-05-29 21:00:00,1.37053,1.3713899999999999,1.37025,1.3711
2024-05-29 22:00:00,1.3711,1.37162,1.3708,1.37141
2024-05-29 23:00:00,1.3714,1.37188,1.37135,1.3716300000000001
2024-05-30 00:00:00,1.37147,1.37162,1.37097,1.3715600000000001
2024-05-30 01:00:00,1.37154,1.37213,1.37154,1.3719700000000001
2024-05-30 02:00:00,1.37196,1.37216,1.37168,1.37171
2024-05-30 03:00:00,1.37174,1.37241,1.37168,1.37203
2024-05-30 04:00:00,1.37202,1.37216,1.37125,1.37198
2024-05-30 05:00:00,1.37198,1.37276,1.37172,1.37247
2024-05-30 06:00:00,1.37247,1.37268,1.37229,1.3723
2024-05-30 07:00:00,1.37229,1.37272,1.37215,1.37241
2024-05-30 08:00:00,1.37244,1.37343,1.37244,1.37313
2024-05-30 09:00:00,1.3731200000000001,1.3734600000000001,1.3725,1.37304
2024-05-30 10:00:00,1.37305,1.37321,1.37185,1.37199
2024-05-30 11:00:00,1.37199,1.3725399999999999,1.37121,1.3715
2024-05-30 12:00:00,1.37151,1.37253,1.37091,1.37202
2024-05-30 13:00:00,1.37202,1.37252,1.3713899999999999,1.37143
2024-05-30 14:00:00,1.37142,1.37179,1.37036,1.37065
2024-05-30 15:00:00,1.37065,1.3712900000000001,1.36927,1.3697
2024-05-30 16:00:00,1.3697,1.37026,1.36812,1.36857
2024-05-30 17:00:00,1.36846,1.36846,1.36636,1.36681
2024-05-30 18:00:00,1.36683,1.36744,1.36602,1.3669799999999999
2024-05-30 19:00:00,1.36697,1.36699,1.3662,1.36646
2024-05-30 20:00:00,1.36645,1.36761,1.36622,1.36716
2024-05-30 21:00:00,1.36717,1.36772,1.36697,1.36747
2024-05-30 22:00:00,1.36747,1.36887,1.36742,1.36816
2024-05-30 23:00:00,1.36817,1.36835,1.3678,1.36785
2024-05-31 00:00:00,1.3679000000000001,1.3681,1.36748,1.36772
2024-05-31 01:00:00,1.36772,1.36812,1.36768,1.36808
2024-05-31 02:00:00,1.36808,1.36844,1.36806,1.36836
2024-05-31 03:00:00,1.36836,1.36857,1.36789,1.36817
2024-05-31 04:00:00,1.36818,1.36894,1.36787,1.3685800000000001
2024-05-31 05:00:00,1.36859,1.36887,1.36806,1.3687
2024-05-31 06:00:00,1.36871,1.36879,1.36744,1.36744
2024-05-31 07:00:00,1.36746,1.3678,1.36706,1.3671
2024-05-31 08:00:00,1.3671,1.36715,1.36643,1.36663
2024-05-31 09:00:00,1.36663,1.36726,1.36616,1.36647
2024-05-31 10:00:00,1.36648,1.36772,1.36642,1.36683
2024-05-31 11:00:00,1.36684,1.3669,1.36533,1.3659
2024-05-31 12:00:00,1.36589,1.36612,1.3647,1.36474
2024-05-31 13:00:00,1.36472,1.36481,1.36315,1.36322
2024-05-31 14:00:00,1.36325,1.36428,1.36284,1.3639700000000001
2024-05-31 15:00:00,1.36398,1.3651,1.36264,1.36353
2024-05-31 16:00:00,1.36355,1.36449,1.3630499999999999,1.36323
2024-05-31 17:00:00,1.36322,1.36527,1.36191,1.36297
2024-05-31 18:00:00,1.36299,1.3649,1.36299,1.36484
2024-05-31 19:00:00,1.36487,1.36538,1.36402,1.3642699999999999
2024-05-31 20:00:00,1.3642699999999999,1.3643,1.36298,1.36323
2024-05-31 21:00:00,1.36323,1.36342,1.3625,1.36299
2024-05-31 22:00:00,1.36298,1.3633600000000001,1.36221,1.36252
2024-05-31 23:00:00,1.36253,1.3630499999999999,1.36221,1.3626
2024-06-03 00:00:00,1.3631,1.3631,1.36225,1.36282
2024-06-03 01:00:00,1.36277,1.36327,1.3624,1.36261
2024-06-03 02:00:00,1.36258,1.36265,1.3618700000000001,1.3618999999999999
2024-06-03 03:00:00,1.36191,1.36216,1.36055,1.3608
2024-06-03 04:00:00,1.3608,1.3614,1.36072,1.36134
2024-06-03 05:00:00,1.36136,1.36238,1.36131,1.36231
2024-06-03 06:00:00,1.36231,1.36317,1.36219,1.36287
2024-06-03 07:00:00,1.36287,1.36291,1.3624800000000001,1.36276
2024-06-03 08:00:00,1.36277,1.36372,1.36259,1.36367
2024-06-03 09:00:00,1.36369,1.3645399999999999,1.36352,1.36447
2024-06-03 10:00:00,1.36446,1.36584,1.36432,1.36563
2024-06-03 11:00:00,1.36562,1.3658000000000001,1.36504,1.3654899999999999
2024-06-03 12:00:00,1.3654899999999999,1.36686,1.36548,1.36635
2024-06-03 13:00:00,1.36635,1.36646,1.3654600000000001,1.36568
2024-06-03 14:00:00,1.36568,1.36574,1.3636300000000001,1.3638
2024-06-03 15:00:00,1.36377,1.3639700000000001,1.36197,1.36239
2024-06-03 16:00:00,1.3624,1.36404,1.36188,1.36296
2024-06-03 17:00:00,1.36287,1.36355,1.3602699999999999,1.363
2024-06-03 18:00:00,1.36301,1.36321,1.36196,1.3627500000000001
2024-06-03 19:00:00,1.3627500000000001,1.3646099999999999,1.36249,1.36429
2024-06-03 20:00:00,1.36429,1.3654,1.36422,1.36506
2024-06-03 21:00:00,1.36503,1.36528,1.3642,1.36464
2024-06-03 22:00:00,1.3646099999999999,1.36464,1.36357,1.3637000000000001
2024-06-03 23:00:00,1.36368,1.36368,1.36262,1.36263
2024-06-04 00:00:00,1.36258,1.36334,1.36189,1.3627500000000001
2024-06-04 01:00:00,1.36273,1.36283,1.36239,1.36277
2024-06-04 02:00:00,1.3628,1.36294,1.36262,1.36288
2024-06-04 03:00:00,1.36287,1.36287,1.36206,1.3626
2024-06-04 04:00:00,1.36258,1.36405,1.36255,1.36362
2024-06-04 05:00:00,1.36362,1.36417,1.36349,1.36353
2024-06-04 06:00:00,1.36354,1.36391,1.36353,1.36376
2024-06-04 07:00:00,1.36377,1.36389,1.3635,1.36388
2024-06-04 08:00:00,1.36389,1.36509,1.3638,1.36489
2024-06-04 09:00:00,1.36487,1.36545,1.3647,1.36494
2024-06-04 10:00:00,1.3649499999999999,1.3671,1.3649499999999999,1.3669799999999999
2024-06-04 11:00:00,1.3669799999999999,1.36829,1.36697,1.36799
2024-06-04 12:00:00,1.36798,1.36929,1.36781,1.36928
2024-06-04 13:00:00,1.36927,1.3699,1.36895,1.3692199999999999
2024-06-04 14:00:00,1.36925,1.3695599999999999,1.36794,1.36794
2024-06-04 15:00:00,1.3679299999999999,1.36804,1.36724,1.36782
2024-06-04 16:00:00,1.36783,1.36875,1.36701,1.3682
2024-06-04 17:00:00,1.36783,1.3694899999999999,1.36686,1.36809
2024-06-04 18:00:00,1.3681,1.3688799999999999,1.3678,1.36864
2024-06-04 19:00:00,1.3686099999999999,1.3691499999999999,1.36819,1.36841
2024-06-04 20:00:00,1.36843,1.36891,1.36699,1.36769
2024-06-04 21:00:00,1.3677000000000001,1.36811,1.36699,1.36792
2024-06-04 22:00:00,1.36792,1.36875,1.3673199999999999,1.3676
2024-06-04 23:00:00,1.36761,1.36786,1.3673600000000001,1.3674
2024-06-05 00:00:00,1.36743,1.36795,1.3670499999999999,1.36784
2024-06-05 01:00:00,1.36782,1.36783,1.36756,1.3676
2024-06-05 02:00:00,1.36764,1.36774,1.36749,1.36769
2024-06-05 03:00:00,1.36769,1.36787,1.36713,1.36754
2024-06-05 04:00:00,1.36755,1.36801,1.36687,1.36689
2024-06-05 05:00:00,1.36687,1.36716,1.36664,1.36689
2024-06-05 06:00:00,1.36688,1.36744,1.36688,1.36728
2024-06-05 07:00:00,1.3672900000000001,1.36757,1.36723,1.3673
2024-06-05 08:00:00,1.36728,1.36774,1.36716,1.36744
2024-06-05 09:00:00,1.36746,1.36808,1.36721,1.3679000000000001
2024-06-05 10:00:00,1.3679000000000001,1.36837,1.36726,1.36728
2024-06-05 11:00:00,1.3672900000000001,1.36811,1.36692,1.36795
2024-06-05 12:00:00,1.3679299999999999,1.36875,1.36791,1.36852
2024-06-05 13:00:00,1.36853,1.36904,1.3679700000000001,1.36802
2024-06-05 14:00:00,1.36802,1.36841,1.36745,1.36781
2024-06-05 15:00:00,1.36783,1.36857,1.36673,1.36691
2024-06-05 16:00:00,1.36692,1.3712900000000001,1.36655,1.3701699999999999
2024-06-05 17:00:00,1.37074,1.37415,1.37016,1.37179
2024-06-05 18:00:00,1.37177,1.37183,1.37002,1.37051
2024-06-05 19:00:00,1.37053,1.37144,1.36975,1.37001
2024-06-05 20:00:00,1.37,1.3703699999999999,1.36928,1.3694600000000001
2024-06-05 21:00:00,1.36945,1.36963,1.3685,1.36887
2024-06-05 22:00:00,1.36887,1.36914,1.36856,1.36895
2024-06-05 23:00:00,1.36895,1.36971,1.36884,1.3693
2024-06-06 00:00:00,1.36911,1.36939,1.36898,1.36923
2024-06-06 01:00:00,1.3692199999999999,1.36947,1.36898,1.36944
2024-06-06 02:00:00,1.36944,1.36948,1.3689200000000001,1.369
2024-06-06 03:00:00,1.36897,1.369,1.3679700000000001,1.36803
2024-06-06 04:00:00,1.36803,1.36804,1.36659,1.36672
2024-06-06 05:00:00,1.3667099999999999,1.36735,1.3667,1.36734
2024-06-06 06:00:00,1.36735,1.3679299999999999,1.36708,1.36777
2024-06-06 07:00:00,1.36778,1.3679999999999999,1.36764,1.36787
2024-06-06 08:00:00,1.36786,1.36816,1.36782,1.3679700000000001
2024-06-06 09:00:00,1.3679700000000001,1.36833,1.3677000000000001,1.3678
2024-06-06 10:00:00,1.36779,1.36899,1.3676599999999999,1.36866
2024-06-06 11:00:00,1.36866,1.3695,1.36866,1.36933
2024-06-06 12:00:00,1.36933,1.36964,1.36868,1.36872
2024-06-06 13:00:00,1.3687,1.36928,1.3686099999999999,1.36876
2024-06-06 14:00:00,1.36877,1.36977,1.36869,1.36938
2024-06-06 15:00:00,1.36938,1.37053,1.36886,1.37009
2024-06-06 16:00:00,1.3700999999999999,1.37099,1.36832,1.36852
2024-06-06 17:00:00,1.36852,1.37087,1.36835,1.37076
2024-06-06 18:00:00,1.37079,1.37082,1.36846,1.36857
2024-06-06 19:00:00,1.36857,1.36936,1.36816,1.36839
2024-06-06 20:00:00,1.36838,1.3686,1.36691,1.36696
2024-06-06 21:00:00,1.36696,1.36792,1.36658,1.3667
2024-06-06 22:00:00,1.3667,1.36723,1.36643,1.36701
2024-06-06 23:00:00,1.367,1.36746,1.36653,1.36662
2024-06-07 00:00:00,1.36681,1.36697,1.36587,1.36676
2024-06-07 01:00:00,1.36677,1.36682,1.36654,1.3668
2024-06-07 02:00:00,1.36679,1.36699,1.36665,1.36684
2024-06-07 03:00:00,1.36684,1.36704,1.36649,1.36677
2024-06-07 04:00:00,1.36673,1.3671,1.36652,1.3668
2024-06-07 05:00:00,1.3668,1.36716,1.36669,1.36688
2024-06-07 06:00:00,1.36688,1.36712,1.36658,1.36679
2024-06-07 07:00:00,1.3667799999999999,1.36692,1.36634,1.36655
2024-06-07 08:00:00,1.36654,1.36714,1.36652,1.3669799999999999
2024-06-07 09:00:00,1.36694,1.36728,1.36663,1.36692
2024-06-07 10:00:00,1.36692,1.3675899999999999,1.36659,1.36735
2024-06-07 11:00:00,1.3673600000000001,1.36879,1.36731,1.36835
2024-06-07 12:00:00,1.36834,1.36877,1.36806,1.3682699999999999
2024-06-07 13:00:00,1.3682699999999999,1.36869,1.36808,1.36868
2024-06-07 14:00:00,1.36866,1.36879,1.3669,1.3672900000000001
2024-06-07 15:00:00,1.3672900000000001,1.37374,1.36728,1.37213
2024-06-07 16:00:00,1.37214,1.37332,1.3709,1.37279
2024-06-07 17:00:00,1.37279,1.37414,1.37213,1.37393
2024-06-07 18:00:00,1.37395,1.37588,1.37394,1.37494
2024-06-07 19:00:00,1.37494,1.37564,1.37453,1.37453
2024-06-07 20:00:00,1.37454,1.37546,1.37453,1.37501
2024-06-07 21:00:00,1.3750200000000001,1.37574,1.3743400000000001,1.37446
2024-06-07 22:00:00,1.37448,1.37585,1.37429,1.37579
2024-06-07 23:00:00,1.37577,1.37673,1.3756599999999999,1.3765100000000001
2024-06-10 00:00:00,1.37577,1.37628,1.37534,1.37628
2024-06-10 01:00:00,1.37625,1.3768099999999999,1.37616,1.37618
2024-06-10 02:00:00,1.37614,1.37631,1.37584,1.37585
2024-06-10 03:00:00,1.37591,1.37664,1.3755600000000001,1.37635
2024-06-10 04:00:00,1.37636,1.37695,1.37604,1.37616
2024-06-10 05:00:00,1.37616,1.37676,1.37616,1.37644
2024-06-10 06:00:00,1.37644,1.37709,1.37629,1.37708
2024-06-10 07:00:00,1.37708,1.37734,1.3766,1.37665
2024-06-10 08:00:00,1.37663,1.37706,1.37587,1.37621
2024-06-10 09:00:00,1.3761999999999999,1.3768500000000001,1.37576,1.37672
2024-06-10 10:00:00,1.37673,1.37718,1.37621,1.37645
2024-06-10 11:00:00,1.37647,1.3779,1.37641,1.3777599999999999
2024-06-10 12:00:00,1.3777599999999999,1.3780999999999999,1.3773,1.37784
2024-06-10 13:00:00,1.37785,1.37795,1.3774,1.37768
2024-06-10 14:00:00,1.37767,1.3777300000000001,1.3765399999999999,1.37675
2024-06-10 15:00:00,1.37672,1.37695,1.37595,1.37692
2024-06-10 16:00:00,1.37692,1.37817,1.37674,1.37748
2024-06-10 17:00:00,1.3774600000000001,1.37814,1.37663,1.3776
2024-06-10 18:00:00,1.37757,1.3776,1.37552,1.3755600000000001
2024-06-10 19:00:00,1.37555,1.37679,1.3754,1.3764
2024-06-10 20:00:00,1.3764,1.37691,1.37546,1.3759299999999999
2024-06-10 21:00:00,1.3759299999999999,1.3764,1.3755600000000001,1.37606
2024-06-10 22:00:00,1.37606,1.37645,1.37576,1.3761
2024-06-10 23:00:00,1.37612,1.3763,1.37557,1.37572
2024-06-11 00:00:00,1.3755600000000001,1.37596,1.37538,1.37562
2024-06-11 01:00:00,1.37553,1.37601,1.37545,1.37601
2024-06-11 02:00:00,1.37601,1.37631,1.37591,1.37602
2024-06-11 03:00:00,1.37602,1.37649,1.37599,1.37633
2024-06-11 04:00:00,1.37634,1.37676,1.37612,1.37641
2024-06-11 05:00:00,1.37642,1.37689,1.37642,1.37677
2024-06-11 06:00:00,1.37677,1.3768799999999999,1.37652,1.37664
2024-06-11 07:00:00,1.37664,1.3768,1.37636,1.37655
2024-06-11 08:00:00,1.37657,1.3765800000000001,1.37591,1.37602
2024-06-11 09:00:00,1.37602,1.37623,1.37551,1.37615
2024-06-11 10:00:00,1.37616,1.37702,1.37612,1.37626
2024-06-11 11:00:00,1.37626,1.37706,1.37615,1.37677
2024-06-11 12:00:00,1.37677,1.37768,1.37646,1.37745
2024-06-11 13:00:00,1.37752,1.3776,1.37698,1.37706
2024-06-11 14:00:00,1.37707,1.37843,1.37704,1.37804
2024-06-11 15:00:00,1.3780299999999999,1.37816,1.37696,1.37728
2024-06-11 16:00:00,1.37729,1.37918,1.37687,1.37835
2024-06-11 17:00:00,1.37835,1.37884,1.37673,1.37733
2024-06-11 18:00:00,1.37733,1.3777300000000001,1.37656,1.37667
2024-06-11 19:00:00,1.37663,1.37745,1.376,1.37612
2024-06-11 20:00:00,1.37611,1.3765399999999999,1.37571,1.37589
2024-06-11 21:00:00,1.3759000000000001,1.3759700000000001,1.3750200000000001,1.37527
2024-06-11 22:00:00,1.37527,1.37564,1.37478,1.37541
2024-06-11 23:00:00,1.37541,1.37579,1.37531,1.37572
2024-06-12 00:00:00,1.37558,1.37581,1.37528,1.37553
2024-06-12 01:00:00,1.37545,1.3756599999999999,1.3753,1.37553
2024-06-12 02:00:00,1.37555,1.3756300000000001,1.37534,1.37547
2024-06-12 03:00:00,1.37548,1.376,1.37526,1.37592
2024-06-12 04:00:00,1.37592,1.37601,1.37484,1.3750499999999999
2024-06-12 05:00:00,1.3750499999999999,1.3752499999999999,1.37478,1.37483
2024-06-12 06:00:00,1.37484,1.37503,1.3746800000000001,1.37496
2024-06-12 07:00:00,1.37497,1.37531,1.37496,1.37517
2024-06-12 08:00:00,1.37517,1.37534,1.37458,1.37463
2024-06-12 09:00:00,1.3746399999999999,1.37534,1.37426,1.3752499999999999
2024-06-12 10:00:00,1.3752499999999999,1.37547,1.37445,1.37455
2024-06-12 11:00:00,1.37454,1.3750200000000001,1.37411,1.37501
2024-06-12 12:00:00,1.37503,1.37513,1.37461,1.3747099999999999
2024-06-12 13:00:00,1.3747,1.37512,1.37447,1.37473
2024-06-12 14:00:00,1.3747099999999999,1.37483,1.37424,1.37427
2024-06-12 15:00:00,1.37427,1.3745,1.36842,1.36909
2024-06-12 16:00:00,1.3691,1.36997,1.36806,1.36863
2024-06-12 17:00:00,1.36862,1.36986,1.36802,1.36899
2024-06-12 18:00:00,1.369,1.36974,1.36853,1.36923
2024-06-12 19:00:00,1.36923,1.36938,1.36832,1.36845
2024-06-12 20:00:00,1.36844,1.36996,1.36834,1.36967
2024-06-12 21:00:00,1.37234,1.3731,1.36954,1.3716300000000001
2024-06-12 22:00:00,1.37164,1.37343,1.37114,1.3726
2024-06-12 23:00:00,1.37259,1.37283,1.37186,1.37222
2024-06-13 00:00:00,1.37202,1.3721999999999999,1.37101,1.37173
2024-06-13 01:00:00,1.37162,1.37241,1.37151,1.37207
2024-06-13 02:00:00,1.37206,1.37232,1.37195,1.37215
2024-06-13 03:00:00,1.37215,1.37306,1.37209,1.37282
2024-06-13 04:00:00,1.37283,1.37412,1.3726099999999999,1.374
2024-06-13 05:00:00,1.374,1.37418,1.3737,1.37386
2024-06-13 06:00:00,1.37385,1.37418,1.37374,1.37397
2024-06-13 07:00:00,1.37397,1.37429,1.37392,1.37425
2024-06-13 08:00:00,1.37429,1.37461,1.37418,1.37453
2024-06-13 09:00:00,1.37457,1.37489,1.37422,1.37465
2024-06-13 10:00:00,1.37466,1.37488,1.37363,1.37413
2024-06-13 11:00:00,1.37412,1.3743400000000001,1.37354,1.37355
2024-06-13 12:00:00,1.37354,1.37438,1.37318,1.37421
2024-06-13 13:00:00,1.37421,1.37492,1.37392,1.37478
2024-06-13 14:00:00,1.37477,1.37523,1.37433,1.37517
2024-06-13 15:00:00,1.37516,1.3752,1.37148,1.37338
2024-06-13 16:00:00,1.37335,1.37447,1.37223,1.3743699999999999
2024-06-13 17:00:00,1.3743699999999999,1.37634,1.3740700000000001,1.37551
2024-06-13 18:00:00,1.37552,1.37631,1.3740999999999999,1.37485
2024-06-13 19:00:00,1.37485,1.37603,1.3748,1.37514
2024-06-13 20:00:00,1.37515,1.37526,1.37422,1.37479
2024-06-13 21:00:00,1.37479,1.37506,1.374,1.37416
2024-06-13 22:00:00,1.37423,1.3743699999999999,1.37359,1.37384
2024-06-13 23:00:00,1.37387,1.37424,1.37343,1.37418
2024-06-14 00:00:00,1.37419,1.37463,1.3731900000000001,1.37375
2024-06-14 01:00:00,1.37374,1.37442,1.37367,1.37435
2024-06-14 02:00:00,1.37433,1.37445,1.3740999999999999,1.3744100000000001
2024-06-14 03:00:00,1.37442,1.37493,1.37431,1.37489
2024-06-14 04:00:00,1.37489,1.37491,1.37371,1.37372
2024-06-14 05:00:00,1.37369,1.37409,1.37355,1.37364
2024-06-14 06:00:00,1.37364,1.37436,1.3734,1.37419
2024-06-14 07:00:00,1.37419,1.37438,1.3740299999999999,1.37431
2024-06-14 08:00:00,1.37432,1.37456,1.37371,1.37456
2024-06-14 09:00:00,1.37459,1.37499,1.37426,1.37453
2024-06-14 10:00:00,1.37456,1.37581,1.37439,1.37509
2024-06-14 11:00:00,1.3751,1.37581,1.37476,1.37579
2024-06-14 12:00:00,1.37578,1.37673,1.3756300000000001,1.37598
2024-06-14 13:00:00,1.37599,1.37671,1.37543,1.37595
2024-06-14 14:00:00,1.37595,1.37626,1.37491,1.37564
2024-06-14 15:00:00,1.37564,1.37718,1.37543,1.37656
2024-06-14 16:00:00,1.37655,1.37794,1.37636,1.3768799999999999
2024-06-14 17:00:00,1.37743,1.37772,1.37555,1.37561
2024-06-14 18:00:00,1.37564,1.37577,1.37384,1.37384
2024-06-14 19:00:00,1.3738299999999999,1.37449,1.3728099999999999,1.3731
2024-06-14 20:00:00,1.37311,1.37425,1.37274,1.37408
2024-06-14 21:00:00,1.37408,1.37459,1.37378,1.37397
2024-06-14 22:00:00,1.37396,1.37415,1.37326,1.37326
2024-06-14 23:00:00,1.37328,1.37362,1.3727800000000001,1.37297
2024-06-17 00:00:00,1.37282,1.37371,1.37233,1.37301
2024-06-17 01:00:00,1.37304,1.37334,1.37293,1.3732199999999999
2024-06-17 02:00:00,1.37321,1.37363,1.37316,1.37352
2024-06-17 03:00:00,1.37351,1.37377,1.37302,1.37359
2024-06-17 04:00:00,1.37359,1.37424,1.37359,1.37389
2024-06-17 05:00:00,1.3739,1.37426,1.3736,1.37426
2024-06-17 06:00:00,1.37423,1.37452,1.37414,1.37428
2024-06-17 07:00:00,1.37429,1.37438,1.374,1.3742
2024-06-17 08:00:00,1.37421,1.37452,1.37415,1.37445
2024-06-17 09:00:00,1.37445,1.3752499999999999,1.37394,1.37423
2024-06-17 10:00:00,1.3742,1.37458,1.37356,1.37439
2024-06-17 11:00:00,1.3744,1.37457,1.37353,1.37417
2024-06-17 12:00:00,1.37417,1.3744,1.3738000000000001,1.3740999999999999
2024-06-17 13:00:00,1.3740999999999999,1.37479,1.37397,1.37409
2024-06-17 14:00:00,1.37409,1.37488,1.37377,1.37472
2024-06-17 15:00:00,1.37472,1.37547,1.37455,1.37486
2024-06-17 16:00:00,1.37486,1.37514,1.3740299999999999,1.37445
2024-06-17 17:00:00,1.3744100000000001,1.37641,1.3742,1.37623
2024-06-17 18:00:00,1.37623,1.37644,1.37499,1.37522
2024-06-17 19:00:00,1.37523,1.37523,1.37401,1.3740700000000001
2024-06-17 20:00:00,1.37406,1.37406,1.373,1.37308
2024-06-17 21:00:00,1.37308,1.3731200000000001,1.37211,1.37222
2024-06-17 22:00:00,1.37221,1.37306,1.37221,1.37225
2024-06-17 23:00:00,1.3722699999999999,1.37247,1.37203,1.37215
2024-06-18 00:00:00,1.37222,1.3723,1.37194,1.37218
2024-06-18 01:00:00,1.37218,1.3721999999999999,1.37189,1.37198
2024-06-18 02:00:00,1.37198,1.37218,1.37135,1.3714
2024-06-18 03:00:00,1.3714,1.37192,1.3710200000000001,1.37187
2024-06-18 04:00:00,1.37188,1.37311,1.37182,1.37301
2024-06-18 05:00:00,1.37302,1.37366,1.37291,1.37363
2024-06-18 06:00:00,1.37364,1.37405,1.37358,1.37377
2024-06-18 07:00:00,1.37377,1.37418,1.3737,1.3740299999999999
2024-06-18 08:00:00,1.37406,1.37413,1.3733,1.37341
2024-06-18 09:00:00,1.3734,1.37352,1.37286,1.37343
2024-06-18 10:00:00,1.3734199999999999,1.3746399999999999,1.37341,1.37455
2024-06-18 11:00:00,1.37455,1.37565,1.37455,1.37518
2024-06-18 12:00:00,1.37519,1.37537,1.3744399999999999,1.3747
2024-06-18 13:00:00,1.3747099999999999,1.37491,1.37448,1.3747500000000001
2024-06-18 14:00:00,1.3747500000000001,1.3755899999999999,1.37465,1.37539
2024-06-18 15:00:00,1.3753600000000001,1.37553,1.3728,1.37337
2024-06-18 16:00:00,1.37332,1.3737,1.37152,1.37181
2024-06-18 17:00:00,1.3718,1.37304,1.37092,1.37268
2024-06-18 18:00:00,1.37267,1.37277,1.3713899999999999,1.37232
2024-06-18 19:00:00,1.37231,1.37234,1.37143,1.37198
2024-06-18 20:00:00,1.37198,1.37234,1.3715899999999999,1.37207
2024-06-18 21:00:00,1.37206,1.37262,1.3713600000000001,1.37157
2024-06-18 22:00:00,1.37158,1.37212,1.37155,1.37175
2024-06-18 23:00:00,1.37173,1.37187,1.37145,1.37162
2024-06-19 00:00:00,1.37146,1.37175,1.37128,1.3715899999999999
2024-06-19 01:00:00,1.3715600000000001,1.37164,1.37141,1.3715600000000001
2024-06-19 02:00:00,1.3715899999999999,1.37169,1.3715,1.37164
2024-06-19 03:00:00,1.37165,1.37209,1.37153,1.3719700000000001
2024-06-19 04:00:00,1.3719700000000001,1.37209,1.37147,1.37157
2024-06-19 05:00:00,1.3715600000000001,1.3717,1.37117,1.3714
2024-06-19 06:00:00,1.3714,1.37202,1.37121,1.37196
2024-06-19 07:00:00,1.37196,1.3722699999999999,1.37196,1.3722400000000001
2024-06-19 08:00:00,1.3722400000000001,1.3722699999999999,1.37155,1.37182
2024-06-19 09:00:00,1.37182,1.3725800000000001,1.3714,1.37255
2024-06-19 10:00:00,1.37252,1.37252,1.37158,1.3716
2024-06-19 11:00:00,1.3716,1.37183,1.37138,1.37168
2024-06-19 12:00:00,1.37168,1.37187,1.37137,1.37174
2024-06-19 13:00:00,1.37174,1.37176,1.37088,1.371
2024-06-19 14:00:00,1.37099,1.37125,1.37072,1.37079
2024-06-19 15:00:00,1.3707799999999999,1.37133,1.37055,1.37056
2024-06-19 16:00:00,1.37056,1.37115,1.3703699999999999,1.3704
2024-06-19 17:00:00,1.3704100000000001,1.37052,1.3698299999999999,1.3702
2024-06-19 18:00:00,1.37022,1.3709,1.36991,1.3708
2024-06-19 19:00:00,1.3708,1.37145,1.37079,1.37131
2024-06-19 20:00:00,1.37131,1.3713899999999999,1.37111,1.37128
2024-06-19 21:00:00,1.37128,1.37143,1.37121,1.37122
2024-06-19 22:00:00,1.37124,1.3713,1.37083,1.37088
2024-06-19 23:00:00,1.37088,1.37088,1.37039,1.37054
2024-06-20 00:00:00,1.37025,1.37074,1.36961,1.37065
2024-06-20 01:00:00,1.37063,1.37081,1.3704100000000001,1.3706
2024-06-20 02:00:00,1.37059,1.37065,1.37045,1.37065
2024-06-20 03:00:00,1.37065,1.3713600000000001,1.37063,1.3713
2024-06-20 04:00:00,1.37133,1.37173,1.3709,1.37133
2024-06-20 05:00:00,1.37135,1.37157,1.37115,1.37149
2024-06-20 06:00:00,1.37151,1.37158,1.37111,1.37111
2024-06-20 07:00:00,1.37111,1.37141,1.3709799999999999,1.37133
2024-06-20 08:00:00,1.37133,1.37157,1.3711,1.37142
2024-06-20 09:00:00,1.37141,1.37169,1.371,1.37147
2024-06-20 10:00:00,1.37147,1.37149,1.37055,1.37126
2024-06-20 11:00:00,1.37127,1.37207,1.37112,1.37196
2024-06-20 12:00:00,1.37196,1.37206,1.37137,1.3715600000000001
2024-06-20 13:00:00,1.3715600000000001,1.37188,1.37112,1.3712
2024-06-20 14:00:00,1.37118,1.3716599999999999,1.3706800000000001,1.37145
2024-06-20 15:00:00,1.37145,1.37149,1.36995,1.37002
2024-06-20 16:00:00,1.37005,1.37076,1.36899,1.36962
2024-06-20 17:00:00,1.36941,1.36994,1.3689200000000001,1.36926
2024-06-20 18:00:00,1.36925,1.3707500000000001,1.3687,1.3705
2024-06-20 19:00:00,1.3705,1.37088,1.3695599999999999,1.36996
2024-06-20 20:00:00,1.36997,1.37088,1.3699,1.36998
2024-06-20 21:00:00,1.36996,1.36996,1.3684,1.36887
2024-06-20 22:00:00,1.3688799999999999,1.36927,1.3682,1.3682400000000001
2024-06-20 23:00:00,1.36823,1.36916,1.36823,1.36875
2024-06-21 00:00:00,1.3687,1.36907,1.3682,1.36889
2024-06-21 01:00:00,1.36889,1.369,1.36867,1.3689
2024-06-21 02:00:00,1.3689,1.3689,1.36838,1.36846
2024-06-21 03:00:00,1.36846,1.36907,1.36838,1.36886
2024-06-21 04:00:00,1.36886,1.36904,1.36837,1.36843
2024-06-21 05:00:00,1.36843,1.3685100000000001,1.3679999999999999,1.36821
2024-06-21 06:00:00,1.36821,1.3683100000000001,1.36787,1.36811
2024-06-21 07:00:00,1.36811,1.36823,1.36778,1.36781
2024-06-21 08:00:00,1.3678,1.36783,1.36745,1.36755
2024-06-21 09:00:00,1.36756,1.36822,1.36741,1.36817
2024-06-21 10:00:00,1.36817,1.36974,1.36817,1.36941
2024-06-21 11:00:00,1.36942,1.36962,1.36865,1.36897
2024-06-21 12:00:00,1.36896,1.36981,1.36864,1.36905
2024-06-21 13:00:00,1.36904,1.37001,1.36902,1.36958
2024-06-21 14:00:00,1.36958,1.36958,1.36879,1.3691499999999999
2024-06-21 15:00:00,1.3691499999999999,1.37046,1.36879,1.36993
2024-06-21 16:00:00,1.36993,1.37179,1.36958,1.37022
2024-06-21 17:00:00,1.37024,1.3707,1.36918,1.37022
2024-06-21 18:00:00,1.37022,1.37164,1.36997,1.37011
2024-06-21 19:00:00,1.3700999999999999,1.37084,1.36991,1.37053
2024-06-21 20:00:00,1.37055,1.37076,1.37,1.37029
2024-06-21 21:00:00,1.3703,1.3707099999999999,1.3698000000000001,1.3698299999999999
2024-06-21 22:00:00,1.3698299999999999,1.37005,1.36948,1.36972
2024-06-21 23:00:00,1.36975,1.3698000000000001,1.3691,1.36911
2024-06-24 00:00:00,1.36898,1.3695300000000001,1.36867,1.36939
2024-06-24 01:00:00,1.36927,1.3696,1.36902,1.36925
2024-06-24 02:00:00,1.36925,1.37025,1.36913,1.3700700000000001
2024-06-24 03:00:00,1.37006,1.37035,1.36962,1.36975
2024-06-24 04:00:00,1.3697599999999999,1.37082,1.36974,1.37025
2024-06-24 05:00:00,1.37026,1.3704,1.36962,1.36984
2024-06-24 06:00:00,1.36984,1.36985,1.36945,1.36969
2024-06-24 07:00:00,1.36969,1.36971,1.3694,1.3694600000000001
2024-06-24 08:00:00,1.36944,1.36944,1.36907,1.36911
2024-06-24 09:00:00,1.36911,1.3691900000000001,1.36864,1.36872
2024-06-24 10:00:00,1.3687,1.36884,1.36815,1.3682400000000001
2024-06-24 11:00:00,1.36825,1.36826,1.36746,1.36771
2024-06-24 12:00:00,1.36772,1.36773,1.36701,1.36748
2024-06-24 13:00:00,1.36749,1.36807,1.36745,1.36753
2024-06-24 14:00:00,1.36753,1.36809,1.36727,1.36775
2024-06-24 15:00:00,1.36775,1.3688500000000001,1.36775,1.3684
2024-06-24 16:00:00,1.36839,1.36839,1.36594,1.36631
2024-06-24 17:00:00,1.36632,1.3669799999999999,1.36575,1.3662
2024-06-24 18:00:00,1.3662,1.36633,1.36514,1.36598
2024-06-24 19:00:00,1.36597,1.36604,1.3651900000000001,1.36551
2024-06-24 20:00:00,1.3655300000000001,1.36665,1.3654899999999999,1.36616
2024-06-24 21:00:00,1.36616,1.36623,1.36497,1.3651900000000001
2024-06-24 22:00:00,1.3652,1.36557,1.36502,1.36547
2024-06-24 23:00:00,1.3654600000000001,1.366,1.36534,1.36574
2024-06-25 00:00:00,1.36542,1.36586,1.36463,1.36565
2024-06-25 01:00:00,1.36562,1.36574,1.36538,1.36573
2024-06-25 02:00:00,1.36572,1.36591,1.36571,1.36581
2024-06-25 03:00:00,1.3658000000000001,1.3658000000000001,1.36541,1.3655
2024-06-25 04:00:00,1.3655,1.36574,1.3653,1.36534
2024-06-25 05:00:00,1.36533,1.3654,1.36479,1.365
2024-06-25 06:00:00,1.36499,1.36506,1.3641,1.36411
2024-06-25 07:00:00,1.36412,1.36469,1.36408,1.3645100000000001
2024-06-25 08:00:00,1.3645100000000001,1.3647,1.36409,1.3647
2024-06-25 09:00:00,1.36468,1.36559,1.36467,1.3651900000000001
2024-06-25 10:00:00,1.3652,1.36527,1.36465,1.3648500000000001
2024-06-25 11:00:00,1.3648500000000001,1.3651200000000001,1.36433,1.36494
2024-06-25 12:00:00,1.36493,1.366,1.36493,1.36598
2024-06-25 13:00:00,1.36597,1.36618,1.36564,1.36606
2024-06-25 14:00:00,1.36605,1.36805,1.366,1.36781
2024-06-25 15:00:00,1.36781,1.36781,1.36223,1.36545
2024-06-25 16:00:00,1.36542,1.36599,1.3639700000000001,1.36579
2024-06-25 17:00:00,1.36578,1.36712,1.36575,1.36621
2024-06-25 18:00:00,1.36622,1.3664399999999999,1.36493,1.36597
2024-06-25 19:00:00,1.36596,1.3669,1.3658299999999999,1.36645
2024-06-25 20:00:00,1.36645,1.36684,1.36518,1.3654600000000001
2024-06-25 21:00:00,1.36545,1.36575,1.3649499999999999,1.36552
2024-06-25 22:00:00,1.3655300000000001,1.36574,1.3651900000000001,1.36545
2024-06-25 23:00:00,1.36545,1.36609,1.36545,1.36566
2024-06-26 00:00:00,1.3654,1.36599,1.36473,1.36563
2024-06-26 01:00:00,1.36555,1.36598,1.36544,1.36598
2024-06-26 02:00:00,1.36597,1.3661699999999999,1.36597,1.3661699999999999
2024-06-26 03:00:00,1.36616,1.3666800000000001,1.36615,1.36636
2024-06-26 04:00:00,1.3663699999999999,1.36638,1.36504,1.36534
2024-06-26 05:00:00,1.36534,1.36569,1.36502,1.36557
2024-06-26 06:00:00,1.36558,1.3658000000000001,1.36539,1.36572
2024-06-26 07:00:00,1.36571,1.36588,1.36548,1.3657
2024-06-26 08:00:00,1.36569,1.3661699999999999,1.36558,1.36598
2024-06-26 09:00:00,1.36598,1.3661699999999999,1.3654899999999999,1.3660999999999999
2024-06-26 10:00:00,1.36609,1.36685,1.36594,1.36657
2024-06-26 11:00:00,1.36657,1.36744,1.36654,1.36727
2024-06-26 12:00:00,1.36727,1.36727,1.36627,1.36714
2024-06-26 13:00:00,1.36711,1.3686099999999999,1.3671,1.3686
2024-06-26 14:00:00,1.3686099999999999,1.36952,1.36859,1.36868
2024-06-26 15:00:00,1.36868,1.3692199999999999,1.36816,1.3687
2024-06-26 16:00:00,1.3687,1.37039,1.36825,1.36908
2024-06-26 17:00:00,1.36911,1.36963,1.36795,1.36944
2024-06-26 18:00:00,1.36942,1.37012,1.36905,1.36982
2024-06-26 19:00:00,1.36982,1.37021,1.36943,1.37001
2024-06-26 20:00:00,1.37002,1.3704,1.3692,1.36924
2024-06-26 21:00:00,1.36924,1.37047,1.36923,1.37031
2024-06-26 22:00:00,1.37031,1.37076,1.36993,1.37003
2024-06-26 23:00:00,1.37004,1.37051,1.36991,1.37005
2024-06-27 00:00:00,1.36978,1.37012,1.36895,1.36997
2024-06-27 01:00:00,1.3697599999999999,1.37049,1.3697599999999999,1.37048
2024-06-27 02:00:00,1.3705,1.37066,1.3703400000000001,1.37046
2024-06-27 03:00:00,1.37046,1.37121,1.37046,1.37089
2024-06-27 04:00:00,1.37089,1.37094,1.36994,1.37004
2024-06-27 05:00:00,1.37005,1.3701400000000001,1.36971,1.37002
2024-06-27 06:00:00,1.37002,1.37008,1.36957,1.36993
2024-06-27 07:00:00,1.36993,1.36994,1.36918,1.36927
2024-06-27 08:00:00,1.36927,1.36964,1.3692,1.36935
2024-06-27 09:00:00,1.36936,1.36955,1.36863,1.36916
2024-06-27 10:00:00,1.36918,1.36923,1.36856,1.36878
2024-06-27 11:00:00,1.36878,1.3689,1.36823,1.36841
2024-06-27 12:00:00,1.36841,1.36847,1.36788,1.36819
2024-06-27 13:00:00,1.36818,1.36877,1.36816,1.3684
2024-06-27 14:00:00,1.36837,1.36951,1.36835,1.3694899999999999
2024-06-27 15:00:00,1.3694899999999999,1.36966,1.36757,1.36841
2024-06-27 16:00:00,1.36842,1.36935,1.36816,1.3685100000000001
2024-06-27 17:00:00,1.36852,1.3695300000000001,1.36811,1.3688
2024-06-27 18:00:00,1.36881,1.36978,1.36881,1.36941
2024-06-27 19:00:00,1.36947,1.37,1.36881,1.36893
2024-06-27 20:00:00,1.36893,1.36894,1.36807,1.36886
2024-06-27 21:00:00,1.3688500000000001,1.36962,1.3688,1.36924
2024-06-27 22:00:00,1.36923,1.36952,1.36903,1.36934
2024-06-27 23:00:00,1.36935,1.37001,1.36921,1.36996
2024-06-28 00:00:00,1.36988,1.36992,1.36917,1.36964
2024-06-28 01:00:00,1.36964,1.37045,1.36962,1.37045
2024-06-28 02:00:00,1.37045,1.37049,1.3699,1.36994
2024-06-28 03:00:00,1.36996,1.3719299999999999,1.36964,1.37189
2024-06-28 04:00:00,1.37189,1.37341,1.37188,1.3727
2024-06-28 05:00:00,1.3727,1.37292,1.3713,1.37168
2024-06-28 06:00:00,1.37168,1.37231,1.37162,1.3723
2024-06-28 07:00:00,1.3723,1.37332,1.3723,1.37303
2024-06-28 08:00:00,1.37303,1.37309,1.37277,1.37282
2024-06-28 09:00:00,1.37283,1.37283,1.3713600000000001,1.37143
2024-06-28 10:00:00,1.37143,1.37195,1.3707099999999999,1.3709500000000001
2024-06-28 11:00:00,1.37096,1.3712,1.37065,1.37081
2024-06-28 12:00:00,1.37081,1.37108,1.36937,1.3695300000000001
2024-06-28 13:00:00,1.3695300000000001,1.36979,1.3688500000000001,1.36887
2024-06-28 14:00:00,1.3688799999999999,1.37047,1.36866,1.3704
2024-06-28 15:00:00,1.3704,1.37099,1.36853,1.37001
2024-06-28 16:00:00,1.37001,1.37021,1.36762,1.36968
2024-06-28 17:00:00,1.36962,1.37171,1.36815,1.3683
2024-06-28 18:00:00,1.3683,1.36907,1.36754,1.3686
2024-06-28 19:00:00,1.3685800000000001,1.36903,1.36733,1.36751
2024-06-28 20:00:00,1.36752,1.36762,1.3655300000000001,1.36761
2024-06-28 21:00:00,1.3675899999999999,1.36876,1.36718,1.36862
2024-06-28 22:00:00,1.36864,1.3695300000000001,1.36787,1.36813
2024-06-28 23:00:00,1.36817,1.36863,1.3676,1.36769
2024-07-01 00:00:00,1.3671,1.36749,1.36613,1.36688
2024-07-01 01:00:00,1.36691,1.36747,1.36663,1.36735
2024-07-01 02:00:00,1.36733,1.36746,1.36677,1.36742
2024-07-01 03:00:00,1.36743,1.36772,1.3671,1.36741
2024-07-01 04:00:00,1.36742,1.36782,1.36652,1.3672
2024-07-01 05:00:00,1.36721,1.36747,1.367,1.36722
2024-07-01 06:00:00,1.36722,1.36768,1.36721,1.36748
2024-07-01 07:00:00,1.36749,1.36752,1.36725,1.36727
2024-07-01 08:00:00,1.3673,1.36755,1.36679,1.36716
2024-07-01 09:00:00,1.36717,1.36726,1.36631,1.36684
2024-07-01 10:00:00,1.36683,1.36794,1.36657,1.36773
2024-07-01 11:00:00,1.36773,1.36816,1.36697,1.36725
2024-07-01 12:00:00,1.36725,1.36842,1.36725,1.36821
2024-07-01 13:00:00,1.36823,1.36887,1.36821,1.3688
2024-07-01 14:00:00,1.3688500000000001,1.36911,1.36846,1.36872
2024-07-01 15:00:00,1.3687,1.37086,1.3687,1.37036
2024-07-01 16:00:00,1.37035,1.37051,1.3685100000000001,1.36975
2024-07-01 17:00:00,1.36814,1.37351,1.36814,1.3732
2024-07-01 18:00:00,1.3732,1.37488,1.37311,1.3744100000000001
2024-07-01 19:00:00,1.3744100000000001,1.37477,1.37329,1.37371
2024-07-01 20:00:00,1.37371,1.3740999999999999,1.37334,1.37401
2024-07-01 21:00:00,1.37401,1.37472,1.37401,1.37448
2024-07-01 22:00:00,1.37447,1.3745,1.3737,1.37392
2024-07-01 23:00:00,1.37391,1.37402,1.37338,1.3734199999999999
2024-07-02 00:00:00,1.37352,1.37385,1.3725,1.37334
2024-07-02 01:00:00,1.37334,1.3739,1.37331,1.37364
2024-07-02 02:00:00,1.37368,1.37399,1.37357,1.37381
2024-07-02 03:00:00,1.37381,1.37413,1.37325,1.37404
2024-07-02 04:00:00,1.37404,1.3747099999999999,1.3737,1.37405
2024-07-02 05:00:00,1.37406,1.37509,1.37402,1.37485
2024-07-02 06:00:00,1.37487,1.37551,1.37486,1.3752900000000001
2024-07-02 07:00:00,1.37526,1.37544,1.3749500000000001,1.37517
2024-07-02 08:00:00,1.37518,1.37547,1.37493,1.37503
2024-07-02 09:00:00,1.3750200000000001,1.3750200000000001,1.37392,1.37419
2024-07-02 10:00:00,1.3742,1.37452,1.37343,1.37358
2024-07-02 11:00:00,1.3736,1.37397,1.37295,1.37309
2024-07-02 12:00:00,1.37309,1.3731900000000001,1.37295,1.373
2024-07-03 00:00:00,1.3675899999999999,1.36783,1.36722,1.36774
2024-07-03 01:00:00,1.36778,1.36779,1.36713,1.36715
2024-07-03 02:00:00,1.36715,1.36774,1.36711,1.36772
2024-07-03 03:00:00,1.36772,1.36777,1.36716,1.36764
2024-07-03 04:00:00,1.36765,1.36839,1.3676300000000001,1.36819
2024-07-03 05:00:00,1.36819,1.36833,1.36772,1.3682
2024-07-03 06:00:00,1.3682,1.3682400000000001,1.36762,1.36772
2024-07-03 07:00:00,1.36772,1.36799,1.36754,1.3679700000000001
2024-07-03 08:00:00,1.3679700000000001,1.36848,1.3679299999999999,1.36835
2024-07-03 09:00:00,1.36835,1.36869,1.36758,1.36773
2024-07-03 10:00:00,1.36773,1.36787,1.3667799999999999,1.36693
2024-07-03 11:00:00,1.36689,1.36775,1.36688,1.36768
2024-07-03 12:00:00,1.36768,1.36806,1.3676599999999999,1.36777
2024-07-03 13:00:00,1.36779,1.36805,1.3675,1.36792
2024-07-03 14:00:00,1.36792,1.36807,1.3670499999999999,1.36712
2024-07-03 15:00:00,1.36713,1.36719,1.3651499999999999,1.36577
2024-07-03 16:00:00,1.36578,1.36578,1.36438,1.36479
2024-07-03 17:00:00,1.36428,1.36428,1.36171,1.36316
2024-07-03 18:00:00,1.36316,1.36348,1.36228,1.36252
2024-07-03 19:00:00,1.36252,1.36344,1.36249,1.36306
2024-07-03 20:00:00,1.36306,1.3636300000000001,1.36299,1.3633899999999999
2024-07-03 21:00:00,1.36337,1.36416,1.36327,1.36368
2024-07-03 22:00:00,1.3636599999999999,1.36371,1.36314,1.36351
2024-07-03 23:00:00,1.36351,1.36408,1.36331,1.36343
2024-07-04 00:00:00,1.36342,1.36412,1.36231,1.36384
2024-07-04 01:00:00,1.36378,1.36389,1.3636300000000001,1.3637299999999999
2024-07-04 02:00:00,1.3637299999999999,1.3637299999999999,1.3633,1.36338
2024-07-04 03:00:00,1.36338,1.3635,1.36292,1.36299
2024-07-04 04:00:00,1.36299,1.36371,1.3626,1.36341
2024-07-04 05:00:00,1.36341,1.36376,1.3633199999999999,1.36361
2024-07-04 06:00:00,1.3636,1.36389,1.36351,1.36379
2024-07-04 07:00:00,1.3638,1.3638,1.36345,1.36357
2024-07-04 08:00:00,1.36358,1.36369,1.36297,1.36298
2024-07-04 09:00:00,1.36297,1.36328,1.36258,1.36261
2024-07-04 10:00:00,1.36261,1.36299,1.36236,1.36256
2024-07-04 11:00:00,1.36254,1.3626,1.36195,1.36233
2024-07-04 12:00:00,1.36232,1.36282,1.36222,1.36265
2024-07-04 13:00:00,1.36264,1.3626800000000001,1.36218,1.36218
2024-07-04 14:00:00,1.3621699999999999,1.36234,1.36166,1.36192
2024-07-04 15:00:00,1.36191,1.36196,1.36118,1.36127
2024-07-04 16:00:00,1.3612600000000001,1.36195,1.3611900000000001,1.36123
2024-07-04 17:00:00,1.36121,1.3620700000000001,1.36101,1.3618299999999999
2024-07-04 18:00:00,1.36181,1.36195,1.3609,1.36091
2024-07-04 19:00:00,1.36091,1.36115,1.3608500000000001,1.3608500000000001
2024-07-04 20:00:00,1.3608500000000001,1.36129,1.36081,1.36109
2024-07-04 21:00:00,1.36109,1.36117,1.36101,1.36104
2024-07-04 22:00:00,1.36104,1.36135,1.36104,1.36125
2024-07-04 23:00:00,1.36125,1.36129,1.36098,1.3612600000000001
2024-07-05 00:00:00,1.36098,1.36127,1.36074,1.36127
2024-07-05 01:00:00,1.36127,1.3615,1.36102,1.36142
2024-07-05 02:00:00,1.36142,1.3616,1.3612600000000001,1.3615
2024-07-05 03:00:00,1.3615,1.3615,1.3605,1.3608500000000001
2024-07-05 04:00:00,1.3608500000000001,1.36127,1.36072,1.36075
2024-07-05 05:00:00,1.36074,1.36111,1.36074,1.36101
2024-07-05 06:00:00,1.36101,1.36133,1.3606500000000001,1.36072
2024-07-05 07:00:00,1.36072,1.36087,1.36055,1.3606500000000001
2024-07-05 08:00:00,1.3606500000000001,1.36105,1.3605,1.36057
2024-07-05 09:00:00,1.36056,1.36105,1.36025,1.36096
2024-07-05 10:00:00,1.36096,1.36103,1.36032,1.36041
2024-07-05 11:00:00,1.36042,1.36116,1.36035,1.36044
2024-07-05 12:00:00,1.36045,1.3608799999999999,1.36035,1.36075
2024-07-05 13:00:00,1.36079,1.36109,1.36044,1.3609200000000001
2024-07-05 14:00:00,1.36091,1.36136,1.36083,1.36131
2024-07-05 15:00:00,1.36132,1.36315,1.36068,1.3621699999999999
2024-07-05 16:00:00,1.3621699999999999,1.36504,1.36176,1.36423
2024-07-05 17:00:00,1.36425,1.3653,1.36314,1.36317
2024-07-05 18:00:00,1.36317,1.3639299999999999,1.36287,1.36333
2024-07-05 19:00:00,1.36331,1.36399,1.36301,1.36369
2024-07-05 20:00:00,1.36369,1.36436,1.36348,1.3638
2024-07-05 21:00:00,1.36377,1.36383,1.36269,1.3627500000000001
2024-07-05 22:00:00,1.36276,1.36351,1.36267,1.3631199999999999
2024-07-05 23:00:00,1.3631199999999999,1.36423,1.3631,1.3639999999999999
2024-07-08 00:00:00,1.3646,1.3646,1.36391,1.36433
2024-07-08 01:00:00,1.36414,1.36456,1.3639700000000001,1.36452
2024-07-08 02:00:00,1.36444,1.36459,1.36391,1.36404
2024-07-08 03:00:00,1.36405,1.36459,1.3639999999999999,1.36439
2024-07-08 04:00:00,1.3644,1.36471,1.36353,1.36372
2024-07-08 05:00:00,1.36372,1.36404,1.36348,1.36386
2024-07-08 06:00:00,1.36385,1.36391,1.36279,1.36346
2024-07-08 07:00:00,1.36345,1.36378,1.3633899999999999,1.36372
2024-07-08 08:00:00,1.36372,1.36432,1.3636300000000001,1.36428
2024-07-08 09:00:00,1.36422,1.36457,1.36386,1.3645100000000001
2024-07-08 10:00:00,1.3645100000000001,1.36457,1.36308,1.36317
2024-07-08 11:00:00,1.36317,1.36368,1.36288,1.3636300000000001
2024-07-08 12:00:00,1.36364,1.36396,1.36316,1.36331
2024-07-08 13:00:00,1.3633,1.36421,1.363,1.36419
2024-07-08 14:00:00,1.3642,1.36425,1.3631,1.36327
2024-07-08 15:00:00,1.36323,1.36345,1.36249,1.36257
2024-07-08 16:00:00,1.36255,1.36347,1.3624,1.36295
2024-07-08 17:00:00,1.36292,1.3641,1.3628,1.36301
2024-07-08 18:00:00,1.36301,1.36399,1.36282,1.36388
2024-07-08 19:00:00,1.36388,1.36396,1.3627099999999999,1.36293
2024-07-08 20:00:00,1.36292,1.36352,1.3629,1.36331
2024-07-08 21:00:00,1.36331,1.3642699999999999,1.36331,1.36399
2024-07-08 22:00:00,1.36399,1.36428,1.36365,1.36392
2024-07-08 23:00:00,1.3639299999999999,1.3639999999999999,1.36324,1.36326
2024-07-09 00:00:00,1.36314,1.36351,1.36274,1.3634
2024-07-09 01:00:00,1.36347,1.3638,1.36343,1.36345
2024-07-09 02:00:00,1.36345,1.36345,1.36299,1.36299
2024-07-09 03:00:00,1.36299,1.3639299999999999,1.3628,1.36372
2024-07-09 04:00:00,1.36371,1.3641,1.36326,1.36399
2024-07-09 05:00:00,1.3639999999999999,1.36467,1.36371,1.3641
2024-07-09 06:00:00,1.36409,1.36413,1.36352,1.36369
2024-07-09 07:00:00,1.36368,1.36369,1.36304,1.36321
2024-07-09 08:00:00,1.3632,1.36333,1.36298,1.3631199999999999
2024-07-09 09:00:00,1.36308,1.36349,1.36283,1.36328
2024-07-09 10:00:00,1.3632900000000001,1.36405,1.3630499999999999,1.36395
2024-07-09 11:00:00,1.36395,1.36449,1.36376,1.36402
2024-07-09 12:00:00,1.36402,1.36418,1.3636300000000001,1.36407
2024-07-09 13:00:00,1.36408,1.3642400000000001,1.36355,1.36382
2024-07-09 14:00:00,1.36382,1.3645399999999999,1.36382,1.3641
2024-07-09 15:00:00,1.36412,1.36443,1.36387,1.36389
2024-07-09 16:00:00,1.36388,1.36428,1.36342,1.36382
2024-07-09 17:00:00,1.36383,1.36481,1.36338,1.36382
2024-07-09 18:00:00,1.36383,1.36475,1.36357,1.3638
2024-07-09 19:00:00,1.36379,1.3639999999999999,1.36346,1.3635
2024-07-09 20:00:00,1.3635,1.36364,1.3628,1.36326
2024-07-09 21:00:00,1.3633199999999999,1.36379,1.36299,1.36303
2024-07-09 22:00:00,1.36301,1.3633600000000001,1.36287,1.36314
2024-07-09 23:00:00,1.36315,1.36351,1.36299,1.36341
2024-07-10 00:00:00,1.36337,1.36355,1.36274,1.36327
2024-07-10 01:00:00,1.36333,1.36346,1.36321,1.36335
2024-07-10 02:00:00,1.36335,1.3633899999999999,1.36316,1.36321
2024-07-10 03:00:00,1.36319,1.36351,1.3627500000000001,1.36345
2024-07-10 04:00:00,1.36345,1.36367,1.36324,1.36342
2024-07-10 05:00:00,1.36342,1.36377,1.36299,1.3631199999999999
2024-07-10 06:00:00,1.36313,1.36328,1.36296,1.36306
2024-07-10 07:00:00,1.36306,1.3633,1.3630200000000001,1.3632
2024-07-10 08:00:00,1.36319,1.36353,1.3630499999999999,1.3635
2024-07-10 09:00:00,1.36349,1.3637299999999999,1.36321,1.36348
2024-07-10 10:00:00,1.36348,1.36418,1.36324,1.36399
2024-07-10 11:00:00,1.36398,1.36428,1.36372,1.3637299999999999
2024-07-10 12:00:00,1.36374,1.36383,1.36304,1.36349
2024-07-10 13:00:00,1.36347,1.3636599999999999,1.3631199999999999,1.36325
2024-07-10 14:00:00,1.36325,1.36395,1.36315,1.36354
2024-07-10 15:00:00,1.36358,1.3636,1.36204,1.36223
2024-07-10 16:00:00,1.36222,1.36319,1.3618299999999999,1.36238
2024-07-10 17:00:00,1.36238,1.3624800000000001,1.36132,1.36195
2024-07-10 18:00:00,1.36196,1.3622,1.3608,1.3609499999999999
2024-07-10 19:00:00,1.3609499999999999,1.36157,1.36089,1.36148
2024-07-10 20:00:00,1.36147,1.36215,1.36115,1.36177
2024-07-10 21:00:00,1.36176,1.36239,1.36175,1.36215
2024-07-10 22:00:00,1.3621699999999999,1.36256,1.36184,1.36194
2024-07-10 23:00:00,1.36194,1.36225,1.36177,1.36188
2024-07-11 00:00:00,1.3616,1.36189,1.36129,1.36182
2024-07-11 01:00:00,1.36181,1.36191,1.36161,1.36185
2024-07-11 02:00:00,1.36185,1.3618999999999999,1.36161,1.36186
2024-07-11 03:00:00,1.3618700000000001,1.36213,1.36169,1.36208
2024-07-11 04:00:00,1.36208,1.36236,1.36154,1.36158
2024-07-11 05:00:00,1.36157,1.3618700000000001,1.36137,1.3618700000000001
2024-07-11 06:00:00,1.3618700000000001,1.36204,1.3616,1.36166
2024-07-11 07:00:00,1.36166,1.3621400000000001,1.3615,1.36212
2024-07-11 08:00:00,1.36212,1.3621400000000001,1.36178,1.3621400000000001
2024-07-11 09:00:00,1.3621400000000001,1.3627500000000001,1.36184,1.36255
2024-07-11 10:00:00,1.36249,1.3633600000000001,1.36246,1.3632
2024-07-11 11:00:00,1.3632,1.36349,1.3629,1.36304
2024-07-11 12:00:00,1.36304,1.36333,1.3627500000000001,1.36307
2024-07-11 13:00:00,1.3630900000000001,1.36388,1.3630900000000001,1.36352
2024-07-11 14:00:00,1.36351,1.36367,1.36289,1.36304
2024-07-11 15:00:00,1.36303,1.3631,1.35886,1.3606
2024-07-11 16:00:00,1.36055,1.36171,1.35954,1.35967
2024-07-11 17:00:00,1.35968,1.3630499999999999,1.35956,1.36103
2024-07-11 18:00:00,1.36103,1.36255,1.3608799999999999,1.36189
2024-07-11 19:00:00,1.36192,1.36351,1.36188,1.36313
2024-07-11 20:00:00,1.36313,1.36477,1.36303,1.3643
2024-07-11 21:00:00,1.3643,1.36446,1.36286,1.36319
2024-07-11 22:00:00,1.36318,1.36364,1.36304,1.36346
2024-07-11 23:00:00,1.3635,1.36353,1.36303,1.36316
2024-07-12 00:00:00,1.36301,1.36331,1.36273,1.36321
2024-07-12 01:00:00,1.36306,1.36344,1.36306,1.36344
2024-07-12 02:00:00,1.36343,1.36344,1.36225,1.36242
2024-07-12 03:00:00,1.3624399999999999,1.36324,1.36235,1.36319
2024-07-12 04:00:00,1.36319,1.3634,1.36289,1.36318
2024-07-12 05:00:00,1.36318,1.36342,1.36266,1.36272
2024-07-12 06:00:00,1.36273,1.36283,1.362,1.36201
2024-07-12 07:00:00,1.36201,1.3624,1.36185,1.36203
2024-07-12 08:00:00,1.36198,1.36257,1.36185,1.36212
2024-07-12 09:00:00,1.36215,1.36284,1.36191,1.36259
2024-07-12 10:00:00,1.36259,1.36299,1.36231,1.36243
2024-07-12 11:00:00,1.36242,1.36245,1.36124,1.36132
2024-07-12 12:00:00,1.36131,1.36198,1.36109,1.36168
2024-07-12 13:00:00,1.36168,1.36211,1.36138,1.36167
2024-07-12 14:00:00,1.36166,1.36225,1.3616,1.36215
2024-07-12 15:00:00,1.36216,1.36384,1.36186,1.36328
2024-07-12 16:00:00,1.36327,1.36392,1.36252,1.36338
2024-07-12 17:00:00,1.36325,1.36384,1.36215,1.36219
2024-07-12 18:00:00,1.36219,1.36274,1.3612199999999999,1.3626800000000001
2024-07-12 19:00:00,1.36267,1.36289,1.36186,1.36224
2024-07-12 20:00:00,1.36224,1.36333,1.36218,1.36282
2024-07-12 21:00:00,1.36283,1.36337,1.3627099999999999,1.36299
2024-07-12 22:00:00,1.36299,1.36348,1.36272,1.36327
2024-07-12 23:00:00,1.36327,1.36368,1.36322,1.36338
2024-07-15 00:00:00,1.3643,1.3644,1.36203,1.36327
2024-07-15 01:00:00,1.36327,1.36527,1.36327,1.36504
2024-07-15 02:00:00,1.36504,1.36529,1.36468,1.36476
2024-07-15 03:00:00,1.36476,1.3657599999999999,1.36473,1.36554
2024-07-15 04:00:00,1.36554,1.36586,1.3651499999999999,1.3651499999999999
2024-07-15 05:00:00,1.3651499999999999,1.36543,1.36497,1.36516
2024-07-15 06:00:00,1.36516,1.36521,1.36501,1.36504
2024-07-15 07:00:00,1.36504,1.36566,1.36498,1.36561
2024-07-15 08:00:00,1.36562,1.3658000000000001,1.36541,1.36563
2024-07-15 09:00:00,1.36563,1.36622,1.36533,1.36577
2024-07-15 10:00:00,1.3657599999999999,1.36639,1.36521,1.36526
2024-07-15 11:00:00,1.36524,1.36524,1.36328,1.36335
2024-07-15 12:00:00,1.36334,1.36452,1.36311,1.36449
2024-07-15 13:00:00,1.36449,1.36486,1.36387,1.36473
2024-07-15 14:00:00,1.36473,1.36473,1.3631199999999999,1.36421
2024-07-15 15:00:00,1.36419,1.36532,1.36402,1.3646
2024-07-15 16:00:00,1.3646,1.36557,1.36433,1.3648799999999999
2024-07-15 17:00:00,1.36487,1.36662,1.36447,1.36575
2024-07-15 18:00:00,1.36575,1.3667,1.36529,1.36619
2024-07-15 19:00:00,1.3662,1.36741,1.36593,1.36669
2024-07-15 20:00:00,1.36664,1.3688799999999999,1.36664,1.36829
2024-07-15 21:00:00,1.36829,1.3685800000000001,1.3669799999999999,1.3670200000000001
2024-07-15 22:00:00,1.36704,1.36778,1.36695,1.36738
2024-07-15 23:00:00,1.36738,1.36836,1.36723,1.36816
2024-07-16 00:00:00,1.3681,1.3682400000000001,1.36735,1.36823
2024-07-16 01:00:00,1.36819,1.3682400000000001,1.36774,1.36777
2024-07-16 02:00:00,1.36777,1.3678,1.36749,1.36778
2024-07-16 03:00:00,1.36778,1.36816,1.36743,1.36803
2024-07-16 04:00:00,1.36803,1.36842,1.36773,1.3679700000000001
2024-07-16 05:00:00,1.36798,1.36845,1.3679000000000001,1.3683
2024-07-16 06:00:00,1.36834,1.36841,1.36803,1.36818
2024-07-16 07:00:00,1.3682,1.3685,1.36807,1.36841
2024-07-16 08:00:00,1.36841,1.36887,1.36841,1.3686
2024-07-16 09:00:00,1.3685800000000001,1.36945,1.3685800000000001,1.36926
2024-07-16 10:00:00,1.36926,1.36934,1.36852,1.36883
2024-07-16 11:00:00,1.36883,1.3691900000000001,1.36839,1.36844
2024-07-16 12:00:00,1.36845,1.36845,1.36756,1.36782
2024-07-16 13:00:00,1.36781,1.3682,1.3675899999999999,1.36812
2024-07-16 14:00:00,1.36811,1.36868,1.36767,1.36771
2024-07-16 15:00:00,1.36773,1.37073,1.3664,1.36995
2024-07-16 16:00:00,1.36992,1.37076,1.3683100000000001,1.3685100000000001
2024-07-16 17:00:00,1.3685100000000001,1.36994,1.36817,1.3697599999999999
2024-07-16 18:00:00,1.3697599999999999,1.36996,1.36846,1.36882
2024-07-16 19:00:00,1.36882,1.36899,1.36822,1.36826
2024-07-16 20:00:00,1.36826,1.36837,1.3675899999999999,1.36775
2024-07-16 21:00:00,1.36775,1.36812,1.36745,1.36784
2024-07-16 22:00:00,1.36785,1.36791,1.36692,1.36706
2024-07-16 23:00:00,1.36706,1.3675,1.36697,1.36725
2024-07-17 00:00:00,1.36701,1.36724,1.36676,1.36714
2024-07-17 01:00:00,1.36711,1.36746,1.36695,1.36695
2024-07-17 02:00:00,1.36695,1.36724,1.36683,1.36703
2024-07-17 03:00:00,1.36703,1.36807,1.36697,1.36783
2024-07-17 04:00:00,1.36783,1.36819,1.36744,1.36749
2024-07-17 05:00:00,1.36748,1.3675,1.3669,1.36708
2024-07-17 06:00:00,1.36707,1.36754,1.36687,1.36722
2024-07-17 07:00:00,1.36722,1.36756,1.3670900000000001,1.36743
2024-07-17 08:00:00,1.36744,1.36773,1.36723,1.36769
2024-07-17 09:00:00,1.36769,1.36835,1.36756,1.36805
2024-07-17 10:00:00,1.36801,1.3686099999999999,1.36708,1.3675899999999999
2024-07-17 11:00:00,1.3675899999999999,1.36783,1.36627,1.3663699999999999
2024-07-17 12:00:00,1.36636,1.36667,1.36595,1.3660999999999999
2024-07-17 13:00:00,1.3660999999999999,1.36677,1.36564,1.36667
2024-07-17 14:00:00,1.36667,1.36737,1.3666,1.36711
2024-07-17 15:00:00,1.36712,1.36785,1.36682,1.36715
2024-07-17 16:00:00,1.36716,1.36786,1.3661400000000001,1.36642
2024-07-17 17:00:00,1.3664399999999999,1.3688799999999999,1.36639,1.36877
2024-07-17 18:00:00,1.36875,1.36918,1.36839,1.36847
2024-07-17 19:00:00,1.36847,1.37015,1.36832,1.36932
2024-07-17 20:00:00,1.36933,1.36964,1.36898,1.36938
2024-07-17 21:00:00,1.36938,1.36958,1.36864,1.36894
2024-07-17 22:00:00,1.36894,1.369,1.36836,1.36873
2024-07-17 23:00:00,1.36873,1.36897,1.36816,1.36819
2024-07-18 00:00:00,1.36814,1.36837,1.36774,1.36837
2024-07-18 01:00:00,1.36837,1.3685100000000001,1.36776,1.3678
2024-07-18 02:00:00,1.36777,1.36809,1.36765,1.36789
2024-07-18 03:00:00,1.36789,1.36823,1.36765,1.36821
2024-07-18 04:00:00,1.3682,1.36883,1.36786,1.36833
2024-07-18 05:00:00,1.36832,1.36872,1.3679999999999999,1.36805
2024-07-18 06:00:00,1.36805,1.36821,1.36769,1.3682
2024-07-18 07:00:00,1.3682,1.36821,1.36785,1.36803
2024-07-18 08:00:00,1.36801,1.36807,1.36767,1.3679700000000001
2024-07-18 09:00:00,1.36796,1.36808,1.36712,1.3672
2024-07-18 10:00:00,1.3672,1.36786,1.36717,1.36748
2024-07-18 11:00:00,1.36746,1.36768,1.36704,1.36747
2024-07-18 12:00:00,1.3675,1.3677000000000001,1.3673199999999999,1.36749
2024-07-18 13:00:00,1.36749,1.36796,1.36749,1.36773
2024-07-18 14:00:00,1.36774,1.3682400000000001,1.36773,1.3679700000000001
2024-07-18 15:00:00,1.36795,1.36836,1.36753,1.3681
2024-07-18 16:00:00,1.36808,1.36909,1.36775,1.3686099999999999
2024-07-18 17:00:00,1.36864,1.36986,1.36833,1.36887
2024-07-18 18:00:00,1.36886,1.3698000000000001,1.36886,1.36965
2024-07-18 19:00:00,1.36965,1.37011,1.36929,1.36933
2024-07-18 20:00:00,1.36933,1.36994,1.36914,1.36981
2024-07-18 21:00:00,1.36981,1.37151,1.36975,1.37104
2024-07-18 22:00:00,1.3710499999999999,1.37182,1.37065,1.37138
2024-07-18 23:00:00,1.3713600000000001,1.37137,1.37042,1.37051
2024-07-19 00:00:00,1.37026,1.3707,1.36977,1.37025
2024-07-19 01:00:00,1.3702,1.37061,1.3700999999999999,1.37061
2024-07-19 02:00:00,1.37054,1.37073,1.37016,1.37038
2024-07-19 03:00:00,1.3703699999999999,1.37146,1.3703699999999999,1.37072
2024-07-19 04:00:00,1.37073,1.37097,1.3703699999999999,1.37087
2024-07-19 05:00:00,1.37087,1.3709,1.37023,1.3703400000000001
2024-07-19 06:00:00,1.37035,1.37065,1.37027,1.37062
2024-07-19 07:00:00,1.37063,1.37072,1.37042,1.37067
2024-07-19 08:00:00,1.37066,1.3707500000000001,1.3703,1.37035
2024-07-19 09:00:00,1.37032,1.3709799999999999,1.37032,1.3708
2024-07-19 10:00:00,1.37079,1.37173,1.37061,1.3712
2024-07-19 11:00:00,1.3712,1.37179,1.37109,1.37165
2024-07-19 12:00:00,1.37165,1.37201,1.37144,1.37191
2024-07-19 13:00:00,1.37192,1.37198,1.37097,1.3716599999999999
2024-07-19 14:00:00,1.3716599999999999,1.37175,1.37073,1.37119
2024-07-19 15:00:00,1.37117,1.37248,1.37114,1.37234
2024-07-19 16:00:00,1.37233,1.3747500000000001,1.3722400000000001,1.37244
2024-07-19 17:00:00,1.37246,1.37301,1.37165,1.37245
2024-07-19 18:00:00,1.37245,1.37351,1.37203,1.37253
2024-07-19 19:00:00,1.37255,1.37332,1.37181,1.37314
2024-07-19 20:00:00,1.37313,1.3734199999999999,1.3722699999999999,1.37238
2024-07-19 21:00:00,1.37239,1.3735,1.37237,1.37309
2024-07-19 22:00:00,1.37306,1.3734899999999999,1.37266,1.37313
2024-07-19 23:00:00,1.37311,1.37338,1.37272,1.37272
2024-07-22 00:00:00,1.3717,1.3727,1.37128,1.37218
2024-07-22 01:00:00,1.3721700000000001,1.37218,1.3707799999999999,1.3709500000000001
2024-07-22 02:00:00,1.37093,1.37094,1.37052,1.37081
2024-07-22 03:00:00,1.37081,1.37148,1.3707099999999999,1.3713199999999999
2024-07-22 04:00:00,1.3713199999999999,1.37286,1.37127,1.3728
2024-07-22 05:00:00,1.3728099999999999,1.37337,1.3725100000000001,1.37276
2024-07-22 06:00:00,1.37274,1.37313,1.37235,1.37296
2024-07-22 07:00:00,1.37298,1.37336,1.37295,1.37324
2024-07-22 08:00:00,1.37324,1.37363,1.37324,1.37353
2024-07-22 09:00:00,1.37356,1.3740700000000001,1.37298,1.37397
2024-07-22 10:00:00,1.37397,1.37458,1.37395,1.37449
2024-07-22 11:00:00,1.3745,1.3746,1.37343,1.37415
2024-07-22 12:00:00,1.37415,1.37452,1.37366,1.37432
2024-07-22 13:00:00,1.37432,1.37452,1.37423,1.37452
2024-07-22 14:00:00,1.37453,1.37509,1.37424,1.37499
2024-07-22 15:00:00,1.37497,1.37544,1.37472,1.3750499999999999
2024-07-22 16:00:00,1.37503,1.3767800000000001,1.37477,1.37672
2024-07-22 17:00:00,1.37676,1.3774600000000001,1.37608,1.37608
2024-07-22 18:00:00,1.3761,1.37632,1.37516,1.37591
2024-07-22 19:00:00,1.3759000000000001,1.3759299999999999,1.3747,1.37484
2024-07-22 20:00:00,1.3747500000000001,1.37542,1.3744,1.37508
2024-07-22 21:00:00,1.3750499999999999,1.37538,1.3749,1.37522
2024-07-22 22:00:00,1.3752,1.37547,1.37507,1.37534
2024-07-22 23:00:00,1.37533,1.37588,1.3752900000000001,1.37562
2024-07-23 00:00:00,1.37511,1.3756599999999999,1.37488,1.37553
2024-07-23 01:00:00,1.37557,1.37583,1.3753199999999999,1.37583
2024-07-23 02:00:00,1.37583,1.37613,1.3757,1.37613
2024-07-23 03:00:00,1.37612,1.37674,1.37576,1.37652
2024-07-23 04:00:00,1.37652,1.37655,1.3756300000000001,1.37618
2024-07-23 05:00:00,1.37619,1.37639,1.37595,1.37635
2024-07-23 06:00:00,1.37635,1.37655,1.37606,1.37611
2024-07-23 07:00:00,1.3761,1.3765,1.376,1.37645
2024-07-23 08:00:00,1.37646,1.37661,1.37632,1.3765100000000001
2024-07-23 09:00:00,1.3765,1.37707,1.37635,1.37665
2024-07-23 10:00:00,1.37665,1.37738,1.3765,1.37703
2024-07-23 11:00:00,1.37702,1.3771200000000001,1.37626,1.37665
2024-07-23 12:00:00,1.37665,1.37683,1.37628,1.37649
2024-07-23 13:00:00,1.3765,1.37672,1.37598,1.37599
2024-07-23 14:00:00,1.37599,1.3761,1.37527,1.37598
2024-07-23 15:00:00,1.37598,1.37638,1.37579,1.37586
2024-07-23 16:00:00,1.37586,1.37709,1.37575,1.37673
2024-07-23 17:00:00,1.37676,1.37748,1.37641,1.3771499999999999
2024-07-23 18:00:00,1.37714,1.3771499999999999,1.37636,1.37655
2024-07-23 19:00:00,1.37653,1.37684,1.37585,1.37669
2024-07-23 20:00:00,1.37669,1.37733,1.37644,1.37716
2024-07-23 21:00:00,1.37718,1.37753,1.37694,1.3774899999999999
2024-07-23 22:00:00,1.3774899999999999,1.37796,1.37713,1.3779
2024-07-23 23:00:00,1.37789,1.37856,1.37751,1.37836
2024-07-24 00:00:00,1.37828,1.37831,1.37781,1.3780700000000001
2024-07-24 01:00:00,1.3780700000000001,1.3786,1.3780299999999999,1.37856
2024-07-24 02:00:00,1.37856,1.3787099999999999,1.3784,1.3786
2024-07-24 03:00:00,1.3786,1.37878,1.37818,1.37825
2024-07-24 04:00:00,1.37824,1.37851,1.37808,1.37821
2024-07-24 05:00:00,1.37821,1.37909,1.37821,1.37889
2024-07-24 06:00:00,1.37889,1.37972,1.37881,1.37965
2024-07-24 07:00:00,1.37965,1.37997,1.37944,1.37965
2024-07-24 08:00:00,1.37965,1.37967,1.37903,1.37918
2024-07-24 09:00:00,1.37917,1.37972,1.37891,1.37954
2024-07-24 10:00:00,1.37955,1.37968,1.37886,1.37951
2024-07-24 11:00:00,1.37949,1.3796,1.3789,1.37931
2024-07-24 12:00:00,1.3793,1.37973,1.37894,1.3790499999999999
2024-07-24 13:00:00,1.3790499999999999,1.37918,1.3786,1.37889
2024-07-24 14:00:00,1.3789,1.37894,1.37831,1.3783400000000001
2024-07-24 15:00:00,1.37831,1.37888,1.3780299999999999,1.37813
2024-07-24 16:00:00,1.37812,1.38014,1.37772,1.37969
2024-07-24 17:00:00,1.37964,1.38075,1.37825,1.37893
2024-07-24 18:00:00,1.37891,1.37951,1.37829,1.37853
2024-07-24 19:00:00,1.37852,1.3792499999999999,1.37821,1.37917
2024-07-24 20:00:00,1.37917,1.37958,1.37872,1.3795600000000001
2024-07-24 21:00:00,1.3795600000000001,1.3813900000000001,1.3795600000000001,1.38135
2024-07-24 22:00:00,1.38136,1.38163,1.38059,1.38116
2024-07-24 23:00:00,1.38116,1.38116,1.3806,1.38069
2024-07-25 00:00:00,1.38056,1.38069,1.38012,1.3804400000000001
2024-07-25 01:00:00,1.38037,1.38104,1.38037,1.38101
2024-07-25 02:00:00,1.38102,1.38124,1.38067,1.38117
2024-07-25 03:00:00,1.38121,1.38183,1.38118,1.38133
2024-07-25 04:00:00,1.38133,1.3820700000000001,1.38104,1.38202
2024-07-25 05:00:00,1.38201,1.38211,1.38162,1.38199
2024-07-25 06:00:00,1.3820000000000001,1.38216,1.38131,1.38135
2024-07-25 07:00:00,1.38137,1.3820000000000001,1.38135,1.38193
2024-07-25 08:00:00,1.38192,1.38209,1.38167,1.38198
2024-07-25 09:00:00,1.38195,1.38282,1.38189,1.38272
2024-07-25 10:00:00,1.38272,1.38377,1.38211,1.38221
2024-07-25 11:00:00,1.38221,1.38292,1.38182,1.3827
2024-07-25 12:00:00,1.38269,1.38378,1.38262,1.38368
2024-07-25 13:00:00,1.38367,1.38436,1.38343,1.38361
2024-07-25 14:00:00,1.38354,1.38412,1.38319,1.38409
2024-07-25 15:00:00,1.38412,1.38487,1.3832,1.38354
2024-07-25 16:00:00,1.38355,1.38401,1.38067,1.38132
2024-07-25 17:00:00,1.38134,1.38275,1.38134,1.3817599999999999
2024-07-25 18:00:00,1.38177,1.38245,1.38103,1.38104
2024-07-25 19:00:00,1.38106,1.38156,1.38007,1.38039
2024-07-25 20:00:00,1.38037,1.38137,1.37964,1.3808799999999999
2024-07-25 21:00:00,1.38089,1.3823699999999999,1.3808099999999999,1.38233
2024-07-25 22:00:00,1.38231,1.38257,1.3807,1.3825
2024-07-25 23:00:00,1.3825,1.38276,1.3822999999999999,1.38232
2024-07-26 00:00:00,1.38238,1.38243,1.38158,1.38227
2024-07-26 01:00:00,1.38224,1.38259,1.3822,1.38232
2024-07-26 02:00:00,1.38231,1.3823400000000001,1.38187,1.3819
2024-07-26 03:00:00,1.3819,1.38209,1.38138,1.3818
2024-07-26 04:00:00,1.3818,1.38208,1.38103,1.38105
2024-07-26 05:00:00,1.38106,1.38188,1.38104,1.38186
2024-07-26 06:00:00,1.38185,1.38196,1.38141,1.38171
2024-07-26 07:00:00,1.38171,1.38171,1.38107,1.38128
2024-07-26 08:00:00,1.38127,1.38133,1.38113,1.38127
2024-07-26 09:00:00,1.3813,1.38163,1.3812,1.38163
2024-07-26 10:00:00,1.38162,1.38188,1.38119,1.38119
2024-07-26 11:00:00,1.38119,1.38163,1.3808099999999999,1.3808799999999999
2024-07-26 12:00:00,1.38091,1.38164,1.3809,1.3814899999999999
2024-07-26 13:00:00,1.3814899999999999,1.38185,1.38125,1.38134
2024-07-26 14:00:00,1.38135,1.38192,1.38134,1.38148
2024-07-26 15:00:00,1.3814899999999999,1.38312,1.38144,1.38221
2024-07-26 16:00:00,1.3822,1.38226,1.3807,1.3814199999999999
2024-07-26 17:00:00,1.38145,1.38448,1.38102,1.3838300000000001
2024-07-26 18:00:00,1.38384,1.38487,1.38335,1.38337
2024-07-26 19:00:00,1.38337,1.38366,1.38214,1.3822
2024-07-26 20:00:00,1.38219,1.38365,1.38196,1.3833199999999999
2024-07-26 21:00:00,1.3833199999999999,1.38395,1.38292,1.38376
2024-07-26 22:00:00,1.38376,1.38398,1.38306,1.38308
2024-07-26 23:00:00,1.3831,1.38373,1.38286,1.38368
2024-07-29 00:00:00,1.38306,1.3836300000000001,1.38285,1.3833
2024-07-29 01:00:00,1.3832200000000001,1.38336,1.3825,1.38311
2024-07-29 02:00:00,1.38311,1.38323,1.38245,1.38304
2024-07-29 03:00:00,1.38304,1.38316,1.38161,1.38188
2024-07-29 04:00:00,1.38188,1.38244,1.3817599999999999,1.38191
2024-07-29 05:00:00,1.38192,1.38216,1.38177,1.38205
2024-07-29 06:00:00,1.38206,1.38223,1.38192,1.38195
2024-07-29 07:00:00,1.38194,1.38267,1.38186,1.38259
2024-07-29 08:00:00,1.38258,1.38262,1.38219,1.38257
2024-07-29 09:00:00,1.38257,1.38265,1.38201,1.38249
2024-07-29 10:00:00,1.38249,1.38385,1.3822999999999999,1.38375
2024-07-29 11:00:00,1.38375,1.3845,1.38373,1.3842400000000001
2024-07-29 12:00:00,1.3842400000000001,1.38427,1.38286,1.38303
2024-07-29 13:00:00,1.38303,1.38369,1.38303,1.38351
2024-07-29 14:00:00,1.38352,1.38459,1.38343,1.38452
2024-07-29 15:00:00,1.38452,1.38482,1.38355,1.38409
2024-07-29 16:00:00,1.38412,1.38486,1.38361,1.3844699999999999
2024-07-29 17:00:00,1.38448,1.38649,1.38426,1.38524
2024-07-29 18:00:00,1.38525,1.38622,1.3850799999999999,1.38544
2024-07-29 19:00:00,1.38545,1.38633,1.3854199999999999,1.38587
2024-07-29 20:00:00,1.38586,1.38618,1.3852,1.38532
2024-07-29 21:00:00,1.38533,1.3856899999999999,1.3850500000000001,1.38518
2024-07-29 22:00:00,1.38519,1.3855,1.38471,1.38532
2024-07-29 23:00:00,1.38531,1.3853900000000001,1.3850799999999999,1.38509
2024-07-30 00:00:00,1.38495,1.38536,1.38473,1.3851200000000001
2024-07-30 01:00:00,1.3851200000000001,1.38525,1.38476,1.38493
2024-07-30 02:00:00,1.38493,1.38563,1.38492,1.38559
2024-07-30 03:00:00,1.38559,1.38583,1.38517,1.38534
2024-07-30 04:00:00,1.38538,1.38635,1.3851499999999999,1.38598
2024-07-30 05:00:00,1.38596,1.38608,1.38533,1.38541
2024-07-30 06:00:00,1.3854,1.3854899999999999,1.38471,1.38472
2024-07-30 07:00:00,1.38472,1.38472,1.3841700000000001,1.38437
2024-07-30 08:00:00,1.38436,1.3846,1.38408,1.38436
2024-07-30 09:00:00,1.38436,1.38493,1.38431,1.38449
2024-07-30 10:00:00,1.3845,1.38492,1.38419,1.38479
2024-07-30 11:00:00,1.3848099999999999,1.38484,1.38378,1.38429
2024-07-30 12:00:00,1.38428,1.3844,1.38407,1.38425
2024-07-30 13:00:00,1.38425,1.38471,1.3841700000000001,1.38469
2024-07-30 14:00:00,1.38468,1.3855,1.38455,1.38541
2024-07-30 15:00:00,1.3854,1.38644,1.38533,1.38628
2024-07-30 16:00:00,1.38629,1.38636,1.38494,1.38501
2024-07-30 17:00:00,1.38492,1.38619,1.38432,1.38466
2024-07-30 18:00:00,1.38469,1.38559,1.38461,1.38487
2024-07-30 19:00:00,1.38487,1.38517,1.38395,1.3845100000000001
2024-07-30 20:00:00,1.3845,1.38507,1.38395,1.3846
2024-07-30 21:00:00,1.38461,1.38524,1.38443,1.38504
2024-07-30 22:00:00,1.3850500000000001,1.38541,1.38466,1.38537
2024-07-30 23:00:00,1.38537,1.38567,1.38467,1.38483
2024-07-31 00:00:00,1.38461,1.38493,1.38425,1.3848
2024-07-31 01:00:00,1.38455,1.38502,1.3845399999999999,1.38495
2024-07-31 02:00:00,1.38495,1.38503,1.38457,1.3848099999999999
2024-07-31 03:00:00,1.38482,1.38529,1.38449,1.3851499999999999
2024-07-31 04:00:00,1.3851499999999999,1.38583,1.3844400000000001,1.3847800000000001
2024-07-31 05:00:00,1.3847800000000001,1.38494,1.38419,1.3845100000000001
2024-07-31 06:00:00,1.38453,1.38469,1.38389,1.38452
2024-07-31 07:00:00,1.3845100000000001,1.38472,1.38419,1.38439
2024-07-31 08:00:00,1.38438,1.38496,1.38402,1.38423
2024-07-31 09:00:00,1.3842400000000001,1.38445,1.38339,1.38343
2024-07-31 10:00:00,1.38346,1.38428,1.38339,1.38387
2024-07-31 11:00:00,1.38389,1.38499,1.38374,1.38446
2024-07-31 12:00:00,1.38445,1.3847800000000001,1.3841700000000001,1.38431
2024-07-31 13:00:00,1.38432,1.38453,1.38373,1.38373
2024-07-31 14:00:00,1.38373,1.38384,1.38238,1.38309
2024-07-31 15:00:00,1.38309,1.3832200000000001,1.38069,1.38106
2024-07-31 16:00:00,1.38102,1.38174,1.38048,1.38116
2024-07-31 17:00:00,1.3811499999999999,1.3820700000000001,1.37873,1.38138
2024-07-31 18:00:00,1.38137,1.38159,1.38041,1.38059
2024-07-31 19:00:00,1.3806,1.38122,1.38043,1.38082
2024-07-31 20:00:00,1.38083,1.38205,1.38056,1.38073
2024-07-31 21:00:00,1.3808500000000001,1.3822,1.37912,1.37952
2024-07-31 22:00:00,1.3795,1.38101,1.37901,1.38074
2024-07-31 23:00:00,1.38076,1.38118,1.38026,1.3807
2024-08-01 00:00:00,1.38066,1.38066,1.37995,1.38041
2024-08-01 01:00:00,1.38037,1.38079,1.38003,1.38037
2024-08-01 02:00:00,1.38037,1.38093,1.3801999999999999,1.38082
2024-08-01 03:00:00,1.3808,1.38123,1.38055,1.38098
2024-08-01 04:00:00,1.38098,1.38165,1.3805399999999999,1.38143
2024-08-01 05:00:00,1.3814600000000001,1.38197,1.38002,1.38018
2024-08-01 06:00:00,1.38018,1.3809,1.3801700000000001,1.38071
2024-08-01 07:00:00,1.38072,1.3809,1.3804699999999999,1.38079
2024-08-01 08:00:00,1.3807800000000001,1.38117,1.38029,1.38109
2024-08-01 09:00:00,1.3811,1.38204,1.3809,1.38168
2024-08-01 10:00:00,1.38166,1.38246,1.38154,1.3823699999999999
2024-08-01 11:00:00,1.38231,1.3836,1.38226,1.38327
2024-08-01 12:00:00,1.38327,1.38335,1.38275,1.3832499999999999
2024-08-01 13:00:00,1.38326,1.3833,1.38239,1.3826
2024-08-01 14:00:00,1.3826100000000001,1.38272,1.38165,1.38221
2024-08-01 15:00:00,1.38219,1.38254,1.3811499999999999,1.38135
2024-08-01 16:00:00,1.38136,1.38177,1.37973,1.3801999999999999
2024-08-01 17:00:00,1.38002,1.38381,1.3792200000000001,1.38351
2024-08-01 18:00:00,1.38345,1.38492,1.38345,1.38468
2024-08-01 19:00:00,1.38467,1.38614,1.38404,1.38544
2024-08-01 20:00:00,1.38541,1.38703,1.38537,1.38651
2024-08-01 21:00:00,1.38651,1.38889,1.38636,1.38857
2024-08-01 22:00:00,1.38857,1.38884,1.3866399999999999,1.3872900000000001
2024-08-01 23:00:00,1.38727,1.38837,1.38718,1.38741
2024-08-02 00:00:00,1.3872200000000001,1.3881299999999999,1.38677,1.38696
2024-08-02 01:00:00,1.3869799999999999,1.3883,1.3869500000000001,1.38827
2024-08-02 02:00:00,1.38827,1.3884400000000001,1.3875,1.38808
2024-08-02 03:00:00,1.38809,1.3888099999999999,1.3878599999999999,1.388
2024-08-02 04:00:00,1.388,1.38833,1.38623,1.38684
2024-08-02 05:00:00,1.38684,1.38804,1.3860299999999999,1.3862
2024-08-02 06:00:00,1.3862,1.38654,1.38585,1.38633
2024-08-02 07:00:00,1.38633,1.3863400000000001,1.38553,1.38593
2024-08-02 08:00:00,1.38592,1.38642,1.38555,1.38557
2024-08-02 09:00:00,1.38554,1.3862,1.38527,1.38609
2024-08-02 10:00:00,1.38609,1.38726,1.38609,1.38714
2024-08-02 11:00:00,1.38714,1.38812,1.3869,1.3875
2024-08-02 12:00:00,1.3875199999999999,1.38807,1.38744,1.38761
2024-08-02 13:00:00,1.3876,1.3878599999999999,1.3869500000000001,1.38733
2024-08-02 14:00:00,1.3873199999999999,1.38861,1.38713,1.3879299999999999
2024-08-02 15:00:00,1.38794,1.38855,1.3845100000000001,1.38568
2024-08-02 16:00:00,1.3856899999999999,1.3860700000000001,1.38369,1.38499
2024-08-02 17:00:00,1.38501,1.38564,1.3834,1.38558
2024-08-02 18:00:00,1.38555,1.38622,1.38441,1.38461
2024-08-02 19:00:00,1.3846,1.38621,1.3845100000000001,1.38614
2024-08-02 20:00:00,1.38612,1.38734,1.38579,1.3872200000000001
2024-08-02 21:00:00,1.38721,1.38747,1.38568,1.38686
2024-08-02 22:00:00,1.38686,1.3872900000000001,1.38578,1.38628
2024-08-02 23:00:00,1.38628,1.38743,1.38628,1.38717
2024-08-05 00:00:00,1.3856600000000001,1.3868,1.3854,1.38658
2024-08-05 01:00:00,1.38643,1.38772,1.38643,1.38703
2024-08-05 02:00:00,1.38703,1.38848,1.38673,1.38832
2024-08-05 03:00:00,1.38826,1.38866,1.38743,1.38782
2024-08-05 04:00:00,1.3878300000000001,1.38848,1.38605,1.38735
2024-08-05 05:00:00,1.38734,1.38787,1.38597,1.3866800000000001
2024-08-05 06:00:00,1.38669,1.38715,1.38651,1.3869500000000001
2024-08-05 07:00:00,1.38694,1.38787,1.38673,1.38763
2024-08-05 08:00:00,1.38764,1.39172,1.38702,1.39172
2024-08-05 09:00:00,1.39172,1.39465,1.38744,1.39005
2024-08-05 10:00:00,1.39007,1.39007,1.38648,1.38774
2024-08-05 11:00:00,1.38771,1.38843,1.38638,1.38796
2024-08-05 12:00:00,1.38796,1.38846,1.38662,1.38711
2024-08-05 13:00:00,1.3871,1.38782,1.38538,1.38544
2024-08-05 14:00:00,1.38543,1.38673,1.38486,1.38487
2024-08-05 15:00:00,1.38487,1.3852,1.38192,1.38343
2024-08-05 16:00:00,1.38347,1.38458,1.38092,1.38212
2024-08-05 17:00:00,1.38282,1.38486,1.3811,1.38389
2024-08-05 18:00:00,1.38384,1.38411,1.38174,1.38198
2024-08-05 19:00:00,1.38198,1.38453,1.38181,1.38419
2024-08-05 20:00:00,1.38419,1.38475,1.38316,1.38324
2024-08-05 21:00:00,1.38324,1.3836300000000001,1.3820299999999999,1.3832
2024-08-05 22:00:00,1.38318,1.3835600000000001,1.38233,1.38233
2024-08-05 23:00:00,1.38231,1.38324,1.38192,1.3822999999999999
2024-08-06 00:00:00,1.38201,1.38266,1.38152,1.3820299999999999
2024-08-06 01:00:00,1.3820299999999999,1.38253,1.3808799999999999,1.3808799999999999
2024-08-06 02:00:00,1.3808500000000001,1.38094,1.38016,1.38049
2024-08-06 03:00:00,1.38053,1.3813900000000001,1.37927,1.37943
2024-08-06 04:00:00,1.37941,1.38171,1.37933,1.38077
2024-08-06 05:00:00,1.38079,1.3816,1.3804699999999999,1.38127
2024-08-06 06:00:00,1.38126,1.38157,1.38073,1.38137
2024-08-06 07:00:00,1.38137,1.38214,1.38119,1.38202
2024-08-06 08:00:00,1.38205,1.38265,1.3814199999999999,1.38221
2024-08-06 09:00:00,1.38227,1.3829,1.3814,1.38275
2024-08-06 10:00:00,1.38283,1.38437,1.38283,1.38343
2024-08-06 11:00:00,1.38343,1.38398,1.3829799999999999,1.38343
2024-08-06 12:00:00,1.38347,1.38518,1.38347,1.38453
2024-08-06 13:00:00,1.3845399999999999,1.38556,1.38361,1.38396
2024-08-06 14:00:00,1.38394,1.38441,1.38339,1.38438
2024-08-06 15:00:00,1.38438,1.3845100000000001,1.38299,1.38407
2024-08-06 16:00:00,1.38409,1.38423,1.38062,1.38111
2024-08-06 17:00:00,1.3811499999999999,1.38148,1.37891,1.38073
2024-08-06 18:00:00,1.38069,1.38077,1.3789,1.37911
2024-08-06 19:00:00,1.37906,1.37953,1.37761,1.37787
2024-08-06 20:00:00,1.37786,1.37854,1.37622,1.37644
2024-08-06 21:00:00,1.37644,1.37709,1.37567,1.37684
2024-08-06 22:00:00,1.37686,1.37788,1.37668,1.37757
2024-08-06 23:00:00,1.37756,1.37869,1.3774,1.37832
2024-08-07 00:00:00,1.37839,1.3784100000000001,1.3771200000000001,1.37821
2024-08-07 01:00:00,1.37823,1.37845,1.37768,1.37839
2024-08-07 02:00:00,1.37839,1.37892,1.37825,1.37873
2024-08-07 03:00:00,1.37872,1.37904,1.37748,1.37772
2024-08-07 04:00:00,1.37772,1.37838,1.37759,1.37801
2024-08-07 05:00:00,1.37802,1.3783699999999999,1.37728,1.37778
2024-08-07 06:00:00,1.3777599999999999,1.37791,1.37674,1.3768500000000001
2024-08-07 07:00:00,1.37683,1.37756,1.37656,1.37725
2024-08-07 08:00:00,1.37727,1.37795,1.37695,1.37766
2024-08-07 09:00:00,1.37768,1.37799,1.3771200000000001,1.37721
2024-08-07 10:00:00,1.3771900000000001,1.37781,1.37633,1.37647
2024-08-07 11:00:00,1.37645,1.3768500000000001,1.3750200000000001,1.3753199999999999
2024-08-07 12:00:00,1.3753199999999999,1.37582,1.37494,1.37497
2024-08-07 13:00:00,1.37497,1.37518,1.37431,1.37439
2024-08-07 14:00:00,1.3744,1.37461,1.37371,1.37412
2024-08-07 15:00:00,1.374,1.37478,1.37381,1.37414
2024-08-07 16:00:00,1.37414,1.3747099999999999,1.37351,1.3740299999999999
2024-08-07 17:00:00,1.3740299999999999,1.37469,1.37268,1.37268
2024-08-07 18:00:00,1.37266,1.37375,1.37209,1.37294
2024-08-07 19:00:00,1.37294,1.3738299999999999,1.37255,1.37323
2024-08-07 20:00:00,1.37323,1.3743,1.3727,1.3739
2024-08-07 21:00:00,1.37391,1.37535,1.37391,1.37462
2024-08-07 22:00:00,1.3746,1.37501,1.37399,1.37473
2024-08-07 23:00:00,1.37473,1.37592,1.37458,1.37575
2024-08-08 00:00:00,1.37567,1.37602,1.3753600000000001,1.37584
2024-08-08 01:00:00,1.37585,1.37608,1.3753600000000001,1.3753600000000001
2024-08-08 02:00:00,1.3753600000000001,1.37581,1.37515,1.37518
2024-08-08 03:00:00,1.37518,1.3752499999999999,1.3743,1.3744100000000001
2024-08-08 04:00:00,1.37443,1.3746800000000001,1.3735,1.37395
2024-08-08 05:00:00,1.37396,1.37396,1.37297,1.3731900000000001
2024-08-08 06:00:00,1.37317,1.37337,1.37262,1.37272
2024-08-08 07:00:00,1.37271,1.37343,1.37264,1.3733
2024-08-08 08:00:00,1.37331,1.37398,1.37309,1.37379
2024-08-08 09:00:00,1.37379,1.37395,1.37272,1.37299
2024-08-08 10:00:00,1.37299,1.37443,1.37292,1.3737599999999999
2024-08-08 11:00:00,1.37374,1.37392,1.3731200000000001,1.37324
2024-08-08 12:00:00,1.37324,1.3749799999999999,1.37302,1.37463
2024-08-08 13:00:00,1.37463,1.37508,1.37431,1.37492
2024-08-08 14:00:00,1.37492,1.37509,1.37421,1.37426
2024-08-08 15:00:00,1.37424,1.37583,1.37368,1.37546
2024-08-08 16:00:00,1.37542,1.37652,1.37513,1.37513
2024-08-08 17:00:00,1.37511,1.37545,1.37402,1.37488
2024-08-08 18:00:00,1.37485,1.37508,1.3740999999999999,1.37426
2024-08-08 19:00:00,1.37426,1.37467,1.37364,1.37406
2024-08-08 20:00:00,1.3740700000000001,1.37494,1.37332,1.37341
2024-08-08 21:00:00,1.3734199999999999,1.37359,1.373,1.37316
2024-08-08 22:00:00,1.37318,1.37353,1.37289,1.37327
2024-08-08 23:00:00,1.37327,1.37353,1.3728799999999999,1.37313
2024-08-09 00:00:00,1.37317,1.37333,1.37269,1.37323
2024-08-09 01:00:00,1.3732199999999999,1.37384,1.37314,1.37379
2024-08-09 02:00:00,1.37378,1.37388,1.37343,1.37357
2024-08-09 03:00:00,1.37359,1.37436,1.37353,1.37417
2024-08-09 04:00:00,1.37414,1.37422,1.37299,1.3731900000000001
2024-08-09 05:00:00,1.3731900000000001,1.3734600000000001,1.37255,1.37289
2024-08-09 06:00:00,1.37289,1.37295,1.37229,1.37232
2024-08-09 07:00:00,1.37232,1.37391,1.37221,1.37377
2024-08-09 08:00:00,1.3737599999999999,1.37408,1.37271,1.37321
2024-08-09 09:00:00,1.3731900000000001,1.3737,1.37178,1.37196
2024-08-09 10:00:00,1.37196,1.37385,1.37196,1.37338
2024-08-09 11:00:00,1.37338,1.3739,1.37309,1.3732199999999999
2024-08-09 12:00:00,1.37323,1.37379,1.3731200000000001,1.3735
2024-08-09 13:00:00,1.37351,1.3740700000000001,1.3735,1.37396
2024-08-09 14:00:00,1.37397,1.37458,1.37363,1.37447
2024-08-09 15:00:00,1.37448,1.37517,1.3733,1.37365
2024-08-09 16:00:00,1.37365,1.3742,1.37265,1.37378
2024-08-09 17:00:00,1.37378,1.3739,1.37215,1.3726
2024-08-09 18:00:00,1.3726099999999999,1.37345,1.37208,1.37273
2024-08-09 19:00:00,1.37273,1.37339,1.3723,1.37264
2024-08-09 20:00:00,1.37264,1.3731499999999999,1.3724,1.37309
2024-08-09 21:00:00,1.37306,1.37363,1.37294,1.37325
2024-08-09 22:00:00,1.37326,1.37348,1.37291,1.37302
2024-08-09 23:00:00,1.37303,1.37326,1.37273,1.37284
2024-08-12 00:00:00,1.3735,1.3736,1.37177,1.37329
2024-08-12 01:00:00,1.37329,1.37406,1.37286,1.37393
2024-08-12 02:00:00,1.37392,1.37409,1.37352,1.37353
2024-08-12 03:00:00,1.37355,1.3739,1.37317,1.37359
2024-08-12 04:00:00,1.37358,1.3737599999999999,1.3728,1.37324
2024-08-12 05:00:00,1.37324,1.37352,1.37306,1.37339
2024-08-12 06:00:00,1.37338,1.37384,1.37332,1.37358
2024-08-12 07:00:00,1.37358,1.37359,1.37306,1.37317
2024-08-12 08:00:00,1.37317,1.3733,1.37297,1.37313
2024-08-12 09:00:00,1.37313,1.37344,1.37262,1.37306
2024-08-12 10:00:00,1.37307,1.37333,1.37201,1.37206
2024-08-12 11:00:00,1.37203,1.3728099999999999,1.37186,1.37229
2024-08-12 12:00:00,1.3723,1.37302,1.37198,1.37202
2024-08-12 13:00:00,1.37202,1.37233,1.37183,1.37198
2024-08-12 14:00:00,1.37199,1.37284,1.37189,1.37284
2024-08-12 15:00:00,1.37284,1.37399,1.37265,1.37365
2024-08-12 16:00:00,1.37365,1.37404,1.3725,1.3738299999999999
2024-08-12 17:00:00,1.37382,1.37443,1.37316,1.3734600000000001
2024-08-12 18:00:00,1.3734600000000001,1.37477,1.37316,1.37404
2024-08-12 19:00:00,1.37411,1.3746,1.37399,1.3744
2024-08-12 20:00:00,1.3744,1.37463,1.37358,1.37371
2024-08-12 21:00:00,1.37372,1.37401,1.37344,1.37351
2024-08-12 22:00:00,1.37354,1.37446,1.37351,1.3743699999999999
2024-08-12 23:00:00,1.3743699999999999,1.37458,1.37393,1.37397
2024-08-13 00:00:00,1.37396,1.37419,1.37374,1.37415
2024-08-13 01:00:00,1.37415,1.37425,1.37392,1.37398
2024-08-13 02:00:00,1.3740299999999999,1.37431,1.37391,1.37417
2024-08-13 03:00:00,1.37416,1.3747099999999999,1.3740700000000001,1.37453
2024-08-13 04:00:00,1.37454,1.37461,1.37406,1.3742
2024-08-13 05:00:00,1.37422,1.3743699999999999,1.3739,1.37412
2024-08-13 06:00:00,1.37414,1.37422,1.37359,1.37395
2024-08-13 07:00:00,1.37395,1.37396,1.37353,1.3737599999999999
2024-08-13 08:00:00,1.37374,1.37394,1.37369,1.3737599999999999
2024-08-13 09:00:00,1.37374,1.37454,1.37345,1.37353
2024-08-13 10:00:00,1.3736,1.3736,1.37264,1.37277
2024-08-13 11:00:00,1.37277,1.3734199999999999,1.37267,1.37334
2024-08-13 12:00:00,1.37334,1.3739,1.37291,1.3731200000000001
2024-08-13 13:00:00,1.37313,1.37396,1.3731200000000001,1.37386
2024-08-13 14:00:00,1.37387,1.37398,1.37329,1.37368
2024-08-13 15:00:00,1.37368,1.37416,1.37243,1.3728099999999999
2024-08-13 16:00:00,1.37279,1.37364,1.37257,1.37293
2024-08-13 17:00:00,1.37293,1.374,1.37196,1.37238
2024-08-13 18:00:00,1.37236,1.37307,1.37202,1.37234
2024-08-13 19:00:00,1.37235,1.37253,1.37187,1.37191
2024-08-13 20:00:00,1.37192,1.37219,1.37149,1.37194
2024-08-13 21:00:00,1.3719299999999999,1.3719299999999999,1.37086,1.37119
2024-08-13 22:00:00,1.37119,1.37122,1.3707,1.37085
2024-08-13 23:00:00,1.37082,1.3709799999999999,1.37024,1.37038
2024-08-14 00:00:00,1.3702,1.37056,1.37005,1.37051
2024-08-14 01:00:00,1.3705,1.37076,1.37043,1.37066
2024-08-14 02:00:00,1.37064,1.37104,1.37054,1.37097
2024-08-14 03:00:00,1.37097,1.37104,1.37048,1.37086
2024-08-14 04:00:00,1.37088,1.37109,1.37042,1.37079
2024-08-14 05:00:00,1.37079,1.37188,1.37079,1.37152
2024-08-14 06:00:00,1.37149,1.3719999999999999,1.37148,1.37174
2024-08-14 07:00:00,1.37175,1.37177,1.37148,1.37173
2024-08-14 08:00:00,1.37174,1.37191,1.37148,1.37175
2024-08-14 09:00:00,1.37175,1.3721,1.3712900000000001,1.37135
2024-08-14 10:00:00,1.37134,1.37143,1.37063,1.3709500000000001
2024-08-14 11:00:00,1.37093,1.37127,1.37086,1.37087
2024-08-14 12:00:00,1.37087,1.37093,1.36996,1.37009
2024-08-14 13:00:00,1.37008,1.37085,1.37008,1.3703
2024-08-14 14:00:00,1.37029,1.3713899999999999,1.37028,1.37134
2024-08-14 15:00:00,1.37134,1.37215,1.36995,1.37185
2024-08-14 16:00:00,1.37188,1.37206,1.3704100000000001,1.37055
2024-08-14 17:00:00,1.37055,1.3707,1.36886,1.36937
2024-08-14 18:00:00,1.36937,1.37027,1.36934,1.36962
2024-08-14 19:00:00,1.36962,1.37148,1.3695599999999999,1.3712
2024-08-14 20:00:00,1.37122,1.37234,1.37121,1.37177
2024-08-14 21:00:00,1.37177,1.37244,1.37111,1.37119
2024-08-14 22:00:00,1.3712,1.37195,1.3712,1.37161
2024-08-14 23:00:00,1.3716,1.37203,1.37113,1.37119
2024-08-15 00:00:00,1.37122,1.3716599999999999,1.37079,1.37141
2024-08-15 01:00:00,1.3714,1.3716300000000001,1.37127,1.37133
2024-08-15 02:00:00,1.37134,1.37186,1.37131,1.37169
2024-08-15 03:00:00,1.37169,1.37192,1.37137,1.37168
2024-08-15 04:00:00,1.37168,1.3726099999999999,1.37164,1.37175
2024-08-15 05:00:00,1.37175,1.37211,1.3712,1.37149
2024-08-15 06:00:00,1.37148,1.3715600000000001,1.37123,1.37145
2024-08-15 07:00:00,1.37145,1.37145,1.37089,1.3710200000000001
2024-08-15 08:00:00,1.3710200000000001,1.3713199999999999,1.37083,1.3712
2024-08-15 09:00:00,1.3712,1.3712900000000001,1.37042,1.37047
2024-08-15 10:00:00,1.37047,1.37093,1.37027,1.37038
2024-08-15 11:00:00,1.37038,1.37104,1.37025,1.37092
2024-08-15 12:00:00,1.37091,1.37096,1.3704100000000001,1.37045
2024-08-15 13:00:00,1.37045,1.3709,1.37015,1.3709
2024-08-15 14:00:00,1.37088,1.37093,1.3701400000000001,1.3701699999999999
2024-08-15 15:00:00,1.3701699999999999,1.37277,1.36978,1.3725800000000001
2024-08-15 16:00:00,1.37262,1.37379,1.37093,1.37121
2024-08-15 17:00:00,1.37119,1.37202,1.37015,1.37016
2024-08-15 18:00:00,1.37015,1.37049,1.36952,1.37009
2024-08-15 19:00:00,1.37011,1.37123,1.36978,1.3710499999999999
2024-08-15 20:00:00,1.37104,1.37249,1.37089,1.37239
2024-08-15 21:00:00,1.37239,1.37271,1.37209,1.37243
2024-08-15 22:00:00,1.37244,1.37351,1.37241,1.37348
2024-08-15 23:00:00,1.37347,1.3738299999999999,1.37255,1.3726
2024-08-16 00:00:00,1.37262,1.3732,1.37253,1.37283
2024-08-16 01:00:00,1.37279,1.37343,1.37276,1.37331
2024-08-16 02:00:00,1.3733,1.3734600000000001,1.37302,1.3734
2024-08-16 03:00:00,1.37341,1.3735,1.37303,1.37304
2024-08-16 04:00:00,1.37305,1.37345,1.3721700000000001,1.3722699999999999
2024-08-16 05:00:00,1.37228,1.37268,1.3721999999999999,1.37221
2024-08-16 06:00:00,1.37223,1.37274,1.37213,1.3727
2024-08-16 07:00:00,1.3727,1.3728799999999999,1.37241,1.37248
2024-08-16 08:00:00,1.37248,1.3725800000000001,1.37207,1.37208
2024-08-16 09:00:00,1.3721,1.37219,1.37168,1.37216
2024-08-16 10:00:00,1.37216,1.3728500000000001,1.37195,1.37263
2024-08-16 11:00:00,1.37262,1.37263,1.37221,1.37221
2024-08-16 12:00:00,1.37222,1.37229,1.37162,1.37188
2024-08-16 13:00:00,1.37189,1.37306,1.37189,1.37248
2024-08-16 14:00:00,1.37248,1.37368,1.37243,1.37303
2024-08-16 15:00:00,1.37298,1.37364,1.37259,1.3726099999999999
2024-08-16 16:00:00,1.3726,1.3728099999999999,1.37103,1.37123
2024-08-16 17:00:00,1.3714,1.37252,1.37121,1.37164
2024-08-16 18:00:00,1.37162,1.37165,1.37048,1.37054
2024-08-16 19:00:00,1.37054,1.37057,1.36948,1.36955
2024-08-16 20:00:00,1.36955,1.37002,1.36916,1.36918
2024-08-16 21:00:00,1.36918,1.3695599999999999,1.36877,1.36891
2024-08-16 22:00:00,1.3689,1.36916,1.36829,1.36832
2024-08-16 23:00:00,1.36833,1.36866,1.36768,1.3677000000000001
2024-08-19 00:00:00,1.36764,1.36846,1.36756,1.36821
2024-08-19 01:00:00,1.36821,1.3683100000000001,1.36747,1.36822
2024-08-19 02:00:00,1.36817,1.36833,1.36784,1.36789
2024-08-19 03:00:00,1.36787,1.36794,1.3668,1.3672
2024-08-19 04:00:00,1.36721,1.36724,1.36638,1.3664399999999999
2024-08-19 05:00:00,1.36642,1.36665,1.36638,1.36665
2024-08-19 06:00:00,1.36664,1.36665,1.36622,1.3665
2024-08-19 07:00:00,1.3665,1.36667,1.3661699999999999,1.36654
2024-08-19 08:00:00,1.36652,1.36696,1.36628,1.3666800000000001
2024-08-19 09:00:00,1.36669,1.36723,1.36664,1.36703
2024-08-19 10:00:00,1.36704,1.36727,1.3667099999999999,1.36714
2024-08-19 11:00:00,1.36714,1.3676,1.36639,1.36742
2024-08-19 12:00:00,1.36743,1.36817,1.3673899999999999,1.36816
2024-08-19 13:00:00,1.36818,1.36848,1.3679999999999999,1.36832
2024-08-19 14:00:00,1.36834,1.36839,1.36749,1.36749
2024-08-19 15:00:00,1.36749,1.36779,1.3672,1.36723
2024-08-19 16:00:00,1.3672,1.3677000000000001,1.36621,1.36622
2024-08-19 17:00:00,1.36622,1.36622,1.36358,1.36446
2024-08-19 18:00:00,1.36447,1.36596,1.36358,1.36592
2024-08-19 19:00:00,1.36593,1.36594,1.3649,1.36493
2024-08-19 20:00:00,1.36494,1.36533,1.36398,1.36413
2024-08-19 21:00:00,1.36412,1.3645800000000001,1.36296,1.36338
2024-08-19 22:00:00,1.3633899999999999,1.3641,1.3633600000000001,1.36362
2024-08-19 23:00:00,1.36362,1.36379,1.36314,1.36328
2024-08-20 00:00:00,1.36316,1.36353,1.36293,1.36349
2024-08-20 01:00:00,1.36334,1.3633600000000001,1.36293,1.3632900000000001
2024-08-20 02:00:00,1.36328,1.3633899999999999,1.36306,1.36315
2024-08-20 03:00:00,1.36315,1.36371,1.36294,1.36359
2024-08-20 04:00:00,1.3636,1.36361,1.36279,1.36304
2024-08-20 05:00:00,1.36304,1.36379,1.363,1.36375
2024-08-20 06:00:00,1.36375,1.36403,1.36354,1.36401
2024-08-20 07:00:00,1.36403,1.36413,1.36352,1.36365
2024-08-20 08:00:00,1.3636599999999999,1.36408,1.36328,1.3637000000000001
2024-08-20 09:00:00,1.3637000000000001,1.36375,1.36253,1.36266
2024-08-20 10:00:00,1.36267,1.36293,1.36192,1.36195
2024-08-20 11:00:00,1.36191,1.36216,1.3615,1.36166
2024-08-20 12:00:00,1.36166,1.36182,1.36132,1.3615
2024-08-20 13:00:00,1.36148,1.36168,1.36103,1.36103
2024-08-20 14:00:00,1.36104,1.36204,1.3609499999999999,1.36141
2024-08-20 15:00:00,1.36141,1.36334,1.36049,1.36205
2024-08-20 16:00:00,1.36203,1.3637000000000001,1.36203,1.36313
2024-08-20 17:00:00,1.36313,1.3636300000000001,1.36218,1.36293
2024-08-20 18:00:00,1.36295,1.36404,1.36291,1.3631199999999999
2024-08-20 19:00:00,1.36307,1.3633899999999999,1.3627099999999999,1.36307
2024-08-20 20:00:00,1.3630900000000001,1.36338,1.36266,1.36301
2024-08-20 21:00:00,1.36301,1.3630200000000001,1.36212,1.36215
2024-08-20 22:00:00,1.36216,1.36232,1.3618999999999999,1.36223
2024-08-20 23:00:00,1.36223,1.36227,1.36162,1.3618299999999999
2024-08-21 00:00:00,1.36188,1.36238,1.36155,1.3623
2024-08-21 01:00:00,1.36232,1.36232,1.36173,1.36182
2024-08-21 02:00:00,1.36181,1.3618700000000001,1.36143,1.36173
2024-08-21 03:00:00,1.36173,1.36182,1.36135,1.36167
2024-08-21 04:00:00,1.36167,1.36233,1.36135,1.36195
2024-08-21 05:00:00,1.36196,1.36206,1.3615,1.36184
2024-08-21 06:00:00,1.36182,1.36185,1.36152,1.3616
2024-08-21 07:00:00,1.36159,1.36176,1.36145,1.3614600000000001
2024-08-21 08:00:00,1.3614600000000001,1.36165,1.36111,1.36154
2024-08-21 09:00:00,1.36154,1.36213,1.36145,1.36196
2024-08-21 10:00:00,1.36195,1.36233,1.36144,1.36175
2024-08-21 11:00:00,1.36175,1.36184,1.3605800000000001,1.36117
2024-08-21 12:00:00,1.36118,1.36118,1.36055,1.3608500000000001
2024-08-21 13:00:00,1.3608500000000001,1.36091,1.3599700000000001,1.3599999999999999
2024-08-21 14:00:00,1.3599999999999999,1.3603,1.3599,1.35999
2024-08-21 15:00:00,1.35998,1.36007,1.35911,1.35984
2024-08-21 16:00:00,1.35983,1.3603100000000001,1.35929,1.35977
2024-08-21 17:00:00,1.3598,1.36111,1.35911,1.35992
2024-08-21 18:00:00,1.35992,1.36013,1.3575599999999999,1.3583
2024-08-21 19:00:00,1.3583,1.3591199999999999,1.35815,1.35898
2024-08-21 20:00:00,1.35898,1.3594300000000001,1.35869,1.35898
2024-08-21 21:00:00,1.35887,1.35907,1.35766,1.35837
2024-08-21 22:00:00,1.35837,1.36007,1.35837,1.3596599999999999
2024-08-21 23:00:00,1.35964,1.36013,1.35924,1.35928
2024-08-22 00:00:00,1.35935,1.35935,1.35858,1.3593
2024-08-22 01:00:00,1.35928,1.3593600000000001,1.35859,1.3586
2024-08-22 02:00:00,1.35858,1.35859,1.35825,1.3584
2024-08-22 03:00:00,1.3584,1.3587099999999999,1.35831,1.35866
2024-08-22 04:00:00,1.35867,1.3591,1.35858,1.35901
2024-08-22 05:00:00,1.35901,1.35923,1.3587,1.3587500000000001
2024-08-22 06:00:00,1.3587500000000001,1.35888,1.35855,1.35874
2024-08-22 07:00:00,1.35874,1.35896,1.35868,1.3587500000000001
2024-08-22 08:00:00,1.35874,1.35894,1.35845,1.3585099999999999
2024-08-22 09:00:00,1.3585099999999999,1.35863,1.35791,1.35821
2024-08-22 10:00:00,1.35822,1.35828,1.35745,1.35761
2024-08-22 11:00:00,1.35762,1.35778,1.35711,1.35777
2024-08-22 12:00:00,1.35776,1.35821,1.3576,1.35785
2024-08-22 13:00:00,1.35785,1.3584,1.35781,1.35828
2024-08-22 14:00:00,1.35828,1.35947,1.3582,1.35845
2024-08-22 15:00:00,1.35845,1.3594,1.3575300000000001,1.35778
2024-08-22 16:00:00,1.35776,1.3607,1.35776,1.36012
2024-08-22 17:00:00,1.36009,1.36185,1.3597000000000001,1.3599
2024-08-22 18:00:00,1.3599,1.36098,1.3599,1.3605
2024-08-22 19:00:00,1.36051,1.36054,1.35965,1.36025
2024-08-22 20:00:00,1.36025,1.36111,1.36021,1.361
2024-08-22 21:00:00,1.36101,1.36109,1.36035,1.36044
2024-08-22 22:00:00,1.36043,1.36145,1.36016,1.36101
2024-08-22 23:00:00,1.36102,1.36145,1.36089,1.36137
2024-08-23 00:00:00,1.3614600000000001,1.3615599999999999,1.36064,1.36155
2024-08-23 01:00:00,1.3615300000000001,1.3615300000000001,1.36052,1.36087
2024-08-23 02:00:00,1.3608500000000001,1.3609,1.36029,1.36039
2024-08-23 03:00:00,1.36039,1.36051,1.35991,1.36015
2024-08-23 04:00:00,1.36018,1.36022,1.35953,1.3596599999999999
2024-08-23 05:00:00,1.3596599999999999,1.36015,1.35952,1.35981
2024-08-23 06:00:00,1.35981,1.35991,1.35949,1.35955
2024-08-23 07:00:00,1.35957,1.35959,1.35926,1.3593899999999999
2024-08-23 08:00:00,1.3593899999999999,1.35961,1.35926,1.35949
2024-08-23 09:00:00,1.35949,1.35959,1.3587,1.35908
2024-08-23 10:00:00,1.35907,1.3596,1.35854,1.359
2024-08-23 11:00:00,1.359,1.35919,1.35881,1.35886
2024-08-23 12:00:00,1.35886,1.35895,1.35826,1.3587099999999999
2024-08-23 13:00:00,1.35872,1.3590499999999999,1.3585,1.35864
2024-08-23 14:00:00,1.35865,1.35906,1.35829,1.35837
2024-08-23 15:00:00,1.35837,1.35923,1.35796,1.3580999999999999
2024-08-23 16:00:00,1.35811,1.35859,1.35739,1.35741
2024-08-23 17:00:00,1.3574,1.3574,1.35073,1.35214
2024-08-23 18:00:00,1.35213,1.35218,1.35008,1.3513600000000001
2024-08-23 19:00:00,1.3513600000000001,1.35227,1.35098,1.35121
2024-08-23 20:00:00,1.35122,1.3513899999999999,1.35007,1.35022
2024-08-23 21:00:00,1.3502100000000001,1.35144,1.34985,1.3513
2024-08-23 22:00:00,1.3513,1.35153,1.35084,1.35111
2024-08-23 23:00:00,1.3511199999999999,1.35124,1.35062,1.3508
2024-08-26 00:00:00,1.35016,1.35125,1.34954,1.35071
2024-08-26 01:00:00,1.35041,1.35144,1.35029,1.35126
2024-08-26 02:00:00,1.35126,1.35154,1.35088,1.35088
2024-08-26 03:00:00,1.35087,1.3514,1.35012,1.35054
2024-08-26 04:00:00,1.35055,1.35097,1.34989,1.35083
2024-08-26 05:00:00,1.35084,1.35095,1.35035,1.3509
2024-08-26 06:00:00,1.3509,1.35135,1.35069,1.3512
2024-08-26 07:00:00,1.3512,1.35124,1.35096,1.35119
2024-08-26 08:00:00,1.35119,1.3513,1.35088,1.35108
2024-08-26 09:00:00,1.35107,1.35107,1.35034,1.35052
2024-08-26 10:00:00,1.35053,1.35126,1.35046,1.3511199999999999
2024-08-26 11:00:00,1.3511199999999999,1.35129,1.3502100000000001,1.35041
2024-08-26 12:00:00,1.35041,1.35101,1.35031,1.35095
2024-08-26 13:00:00,1.35095,1.351,1.34992,1.34996
2024-08-26 14:00:00,1.34996,1.35129,1.34993,1.35063
2024-08-26 15:00:00,1.35064,1.35068,1.349,1.3492
2024-08-26 16:00:00,1.34921,1.34958,1.34817,1.34842
2024-08-26 17:00:00,1.34843,1.34889,1.3463,1.34686
2024-08-26 18:00:00,1.34687,1.34888,1.34686,1.34851
2024-08-26 19:00:00,1.3485,1.34862,1.34701,1.34705
2024-08-26 20:00:00,1.34705,1.34786,1.34662,1.34737
2024-08-26 21:00:00,1.34737,1.3480400000000001,1.34724,1.34747
2024-08-26 22:00:00,1.34748,1.34885,1.34744,1.34869
2024-08-26 23:00:00,1.3487,1.34896,1.34847,1.3486500000000001
2024-08-27 00:00:00,1.34867,1.34867,1.3473899999999999,1.34852
2024-08-27 01:00:00,1.34852,1.34852,1.34822,1.34839
2024-08-27 02:00:00,1.34839,1.34839,1.34786,1.3482
2024-08-27 03:00:00,1.3482,1.34881,1.3480400000000001,1.3486500000000001
2024-08-27 04:00:00,1.3486500000000001,1.34878,1.3477999999999999,1.34802
2024-08-27 05:00:00,1.34801,1.3483800000000001,1.34795,1.3481
2024-08-27 06:00:00,1.3481,1.3482,1.34781,1.34784
2024-08-27 07:00:00,1.34784,1.34842,1.34784,1.3480400000000001
2024-08-27 08:00:00,1.34803,1.34844,1.34762,1.34837
2024-08-27 09:00:00,1.3483800000000001,1.34852,1.34768,1.34852
2024-08-27 10:00:00,1.34852,1.34852,1.3473899999999999,1.34769
2024-08-27 11:00:00,1.3477000000000001,1.3477999999999999,1.34693,1.3473
2024-08-27 12:00:00,1.34731,1.34735,1.3465,1.3467500000000001
2024-08-27 13:00:00,1.34676,1.3471199999999999,1.34638,1.34639
2024-08-27 14:00:00,1.34639,1.3477999999999999,1.34627,1.3477999999999999
2024-08-27 15:00:00,1.3477999999999999,1.34809,1.34715,1.34741
2024-08-27 16:00:00,1.3474,1.34755,1.34635,1.34635
2024-08-27 17:00:00,1.34635,1.34679,1.34538,1.34539
2024-08-27 18:00:00,1.34539,1.3465500000000001,1.34509,1.34576
2024-08-27 19:00:00,1.34576,1.34642,1.34549,1.34634
2024-08-27 20:00:00,1.34633,1.34639,1.3451,1.3453300000000001
2024-08-27 21:00:00,1.34536,1.34537,1.34449,1.34469
2024-08-27 22:00:00,1.34469,1.3453300000000001,1.34442,1.34442
2024-08-27 23:00:00,1.34443,1.34473,1.34415,1.34429
2024-08-28 00:00:00,1.34403,1.34443,1.34362,1.34418
2024-08-28 01:00:00,1.34418,1.34479,1.34401,1.34474
2024-08-28 02:00:00,1.3447200000000001,1.34489,1.34449,1.34474
2024-08-28 03:00:00,1.34474,1.34476,1.34409,1.34455
2024-08-28 04:00:00,1.34455,1.3450199999999999,1.34432,1.34487
2024-08-28 05:00:00,1.34488,1.34506,1.34435,1.34506
2024-08-28 06:00:00,1.34505,1.3452899999999999,1.34486,1.34491
2024-08-28 07:00:00,1.34491,1.34544,1.34486,1.34541
2024-08-28 08:00:00,1.3454,1.34649,1.34522,1.34636
2024-08-28 09:00:00,1.34636,1.3468,1.3459400000000001,1.34606
2024-08-28 10:00:00,1.34605,1.3461400000000001,1.34511,1.34528
2024-08-28 11:00:00,1.3453,1.3463,1.3449900000000001,1.34598
2024-08-28 12:00:00,1.34598,1.34636,1.34573,1.3459699999999999
2024-08-28 13:00:00,1.3459699999999999,1.3465500000000001,1.34593,1.34622
2024-08-28 14:00:00,1.3462100000000001,1.3473600000000001,1.34575,1.34718
2024-08-28 15:00:00,1.34717,1.34785,1.34704,1.34706
2024-08-28 16:00:00,1.34706,1.34718,1.3463,1.3471600000000001
2024-08-28 17:00:00,1.34715,1.34717,1.34494,1.34544
2024-08-28 18:00:00,1.34543,1.3462399999999999,1.3453,1.34616
2024-08-28 19:00:00,1.34619,1.34774,1.34619,1.34697
2024-08-28 20:00:00,1.34698,1.34843,1.34662,1.34825
2024-08-28 21:00:00,1.34826,1.3488,1.3474599999999999,1.34751
2024-08-28 22:00:00,1.34751,1.34801,1.34731,1.34798
2024-08-28 23:00:00,1.34794,1.34803,1.34738,1.34798
2024-08-29 00:00:00,1.34787,1.3480699999999999,1.34697,1.34784
2024-08-29 01:00:00,1.34783,1.3479700000000001,1.34752,1.34794
2024-08-29 02:00:00,1.34792,1.34792,1.3474599999999999,1.34767
2024-08-29 03:00:00,1.34768,1.3477000000000001,1.34661,1.3468200000000001
2024-08-29 04:00:00,1.34683,1.34683,1.34625,1.3468
2024-08-29 05:00:00,1.34681,1.34734,1.34671,1.34703
2024-08-29 06:00:00,1.34703,1.3471899999999999,1.34647,1.34653
2024-08-29 07:00:00,1.34652,1.34654,1.34602,1.34613
2024-08-29 08:00:00,1.34612,1.34625,1.3456000000000001,1.3457
2024-08-29 09:00:00,1.34574,1.34605,1.34545,1.34605
2024-08-29 10:00:00,1.34605,1.34611,1.34534,1.34546
2024-08-29 11:00:00,1.34546,1.3474599999999999,1.34546,1.34672
2024-08-29 12:00:00,1.34671,1.34671,1.34542,1.34557
2024-08-29 13:00:00,1.34557,1.34566,1.345,1.3453
2024-08-29 14:00:00,1.34532,1.3462100000000001,1.34511,1.34595
2024-08-29 15:00:00,1.34595,1.34776,1.34546,1.34733
2024-08-29 16:00:00,1.3473,1.3491,1.3470900000000001,1.34816
2024-08-29 17:00:00,1.34815,1.34855,1.34747,1.34754
2024-08-29 18:00:00,1.34754,1.3480400000000001,1.34631,1.34633
2024-08-29 19:00:00,1.34627,1.34704,1.3458999999999999,1.34703
2024-08-29 20:00:00,1.34702,1.34723,1.34615,1.34671
2024-08-29 21:00:00,1.34671,1.34836,1.34667,1.34762
2024-08-29 22:00:00,1.34762,1.3485800000000001,1.34738,1.34849
2024-08-29 23:00:00,1.34848,1.34864,1.34817,1.3483
2024-08-30 00:00:00,1.34817,1.34857,1.34798,1.34857
2024-08-30 01:00:00,1.34857,1.34869,1.34825,1.3486799999999999
2024-08-30 02:00:00,1.3486500000000001,1.34891,1.34853,1.34887
2024-08-30 03:00:00,1.34887,1.3489200000000001,1.34829,1.3484
2024-08-30 04:00:00,1.3484099999999999,1.3486500000000001,1.34802,1.34862
2024-08-30 05:00:00,1.34862,1.34875,1.34825,1.3485800000000001
2024-08-30 06:00:00,1.3485800000000001,1.34876,1.34837,1.34867
2024-08-30 07:00:00,1.34867,1.34904,1.34853,1.34891
2024-08-30 08:00:00,1.34891,1.34904,1.34837,1.34867
2024-08-30 09:00:00,1.34867,1.34886,1.34835,1.34839
2024-08-30 10:00:00,1.3484,1.34842,1.34723,1.34738
2024-08-30 11:00:00,1.34738,1.34772,1.34691,1.34767
2024-08-30 12:00:00,1.34767,1.34784,1.34735,1.34752
2024-08-30 13:00:00,1.34748,1.34794,1.34733,1.34755
2024-08-30 14:00:00,1.34758,1.34789,1.34728,1.34775
2024-08-30 15:00:00,1.34775,1.34888,1.34654,1.34832
2024-08-30 16:00:00,1.34824,1.35093,1.34824,1.34842
2024-08-30 17:00:00,1.34852,1.34911,1.3467,1.3477999999999999
2024-08-30 18:00:00,1.3477999999999999,1.35038,1.34758,1.34935
2024-08-30 19:00:00,1.34935,1.35076,1.34935,1.35022
2024-08-30 20:00:00,1.35018,1.3504399999999999,1.34932,1.34965
2024-08-30 21:00:00,1.3496299999999999,1.3497,1.34859,1.3486
2024-08-30 22:00:00,1.3486099999999999,1.3489900000000001,1.34729,1.34765
2024-08-30 23:00:00,1.34766,1.34938,1.34752,1.3492199999999999
2024-09-02 00:00:00,1.3483800000000001,1.34917,1.34829,1.3486099999999999
2024-09-02 01:00:00,1.3486,1.34924,1.34855,1.34881
2024-09-02 02:00:00,1.34881,1.3491900000000001,1.34872,1.3491
2024-09-02 03:00:00,1.34912,1.34925,1.34854,1.3489
2024-09-02 04:00:00,1.34887,1.34939,1.34859,1.34936
2024-09-02 05:00:00,1.34935,1.3504,1.34935,1.34969
2024-09-02 06:00:00,1.3497,1.34991,1.34944,1.34966
2024-09-02 07:00:00,1.34966,1.35012,1.34966,1.34984
2024-09-02 08:00:00,1.34985,1.34994,1.34901,1.34954
2024-09-02 09:00:00,1.34954,1.34967,1.3490199999999999,1.34938
2024-09-02 10:00:00,1.34939,1.34988,1.34916,1.34934
2024-09-02 11:00:00,1.34937,1.34937,1.34855,1.3489
2024-09-02 12:00:00,1.34889,1.3495599999999999,1.34883,1.34932
2024-09-02 13:00:00,1.34931,1.34985,1.3493,1.34969
2024-09-02 14:00:00,1.34969,1.35002,1.34941,1.35001
2024-09-02 15:00:00,1.35001,1.3501,1.34887,1.34907
2024-09-02 16:00:00,1.34906,1.35009,1.34881,1.35007
2024-09-02 17:00:00,1.35005,1.35053,1.34924,1.34945
2024-09-02 18:00:00,1.34944,1.3498700000000001,1.34916,1.34947
2024-09-02 19:00:00,1.34947,1.34984,1.34938,1.34942
2024-09-02 20:00:00,1.34942,1.34942,1.34904,1.34911
2024-09-02 21:00:00,1.34912,1.3492,1.3489,1.34916
2024-09-02 22:00:00,1.34916,1.3493,1.34905,1.34928
2024-09-02 23:00:00,1.34925,1.3495,1.34896,1.3489900000000001
2024-09-03 00:00:00,1.34918,1.34937,1.34857,1.3492600000000001
2024-09-03 01:00:00,1.34924,1.34998,1.3492199999999999,1.34998
2024-09-03 02:00:00,1.34998,1.35013,1.34976,1.3498
2024-09-03 03:00:00,1.3498,1.35026,1.3492,1.34986
2024-09-03 04:00:00,1.34985,1.35057,1.34966,1.35012
2024-09-03 05:00:00,1.35011,1.35145,1.34993,1.3513899999999999
2024-09-03 06:00:00,1.3514,1.3524,1.35137,1.35223
2024-09-03 07:00:00,1.35227,1.35297,1.35221,1.35266
2024-09-03 08:00:00,1.35267,1.35297,1.35241,1.35267
2024-09-03 09:00:00,1.35264,1.35306,1.35145,1.35149
2024-09-03 10:00:00,1.3514599999999999,1.35167,1.35046,1.35114
2024-09-03 11:00:00,1.3511600000000001,1.3517299999999999,1.35089,1.3511600000000001
2024-09-03 12:00:00,1.35115,1.35328,1.35101,1.35328
2024-09-03 13:00:00,1.35327,1.35463,1.35327,1.35459
2024-09-03 14:00:00,1.3546,1.35487,1.35384,1.35476
2024-09-03 15:00:00,1.35477,1.35497,1.35304,1.3544399999999999
2024-09-03 16:00:00,1.35443,1.35525,1.3536000000000001,1.3541400000000001
2024-09-03 17:00:00,1.3536000000000001,1.35623,1.35327,1.35515
2024-09-03 18:00:00,1.35517,1.35535,1.3541400000000001,1.35431
2024-09-03 19:00:00,1.35431,1.35504,1.3536000000000001,1.35497
2024-09-03 20:00:00,1.35497,1.35542,1.35465,1.3553899999999999
2024-09-03 21:00:00,1.3553899999999999,1.3556300000000001,1.35462,1.3547500000000001
2024-09-03 22:00:00,1.35476,1.35544,1.35423,1.35507
2024-09-03 23:00:00,1.35508,1.3553899999999999,1.3548499999999999,1.3548499999999999
2024-09-04 00:00:00,1.35486,1.3553899999999999,1.3542399999999999,1.35481
2024-09-04 01:00:00,1.3548,1.35534,1.35429,1.35452
2024-09-04 02:00:00,1.35452,1.35459,1.3541,1.35438
2024-09-04 03:00:00,1.35439,1.35561,1.35423,1.35544
2024-09-04 04:00:00,1.3554300000000001,1.3554300000000001,1.35422,1.3545
2024-09-04 05:00:00,1.3545,1.35489,1.35328,1.3538299999999999
2024-09-04 06:00:00,1.3538299999999999,1.3542,1.35352,1.35378
2024-09-04 07:00:00,1.35379,1.35379,1.35334,1.35348
2024-09-04 08:00:00,1.35347,1.3538999999999999,1.35332,1.35365
2024-09-04 09:00:00,1.35365,1.35452,1.35365,1.35372
2024-09-04 10:00:00,1.35373,1.35508,1.35365,1.35506
2024-09-04 11:00:00,1.35507,1.35628,1.35464,1.3562400000000001
2024-09-04 12:00:00,1.3562400000000001,1.3562400000000001,1.35511,1.35554
2024-09-04 13:00:00,1.35554,1.35608,1.35484,1.35496
2024-09-04 14:00:00,1.35496,1.35556,1.35492,1.3552
2024-09-04 15:00:00,1.35522,1.35653,1.3550200000000001,1.35524
2024-09-04 16:00:00,1.35523,1.35533,1.35199,1.35229
2024-09-04 17:00:00,1.35225,1.35271,1.35,1.35114
2024-09-04 18:00:00,1.35114,1.35239,1.35091,1.35191
2024-09-04 19:00:00,1.35193,1.3523100000000001,1.35098,1.35113
2024-09-04 20:00:00,1.35121,1.35248,1.3510499999999999,1.35235
2024-09-04 21:00:00,1.3524,1.3526,1.35126,1.35186
2024-09-04 22:00:00,1.35186,1.3519700000000001,1.35121,1.35138
2024-09-04 23:00:00,1.3513899999999999,1.35142,1.35028,1.3505
2024-09-05 00:00:00,1.35034,1.35086,1.35002,1.35069
2024-09-05 01:00:00,1.3507,1.35077,1.35042,1.35045
2024-09-05 02:00:00,1.35045,1.35099,1.35043,1.35086
2024-09-05 03:00:00,1.35087,1.35131,1.3507799999999999,1.35084
2024-09-05 04:00:00,1.35083,1.35099,1.35037,1.35086
2024-09-05 05:00:00,1.35087,1.35099,1.35046,1.35089
2024-09-05 06:00:00,1.3509,1.3511600000000001,1.3507799999999999,1.35101
2024-09-05 07:00:00,1.35101,1.35117,1.35092,1.351
2024-09-05 08:00:00,1.351,1.35108,1.3507500000000001,1.35093
2024-09-05 09:00:00,1.35092,1.35125,1.35038,1.35111
2024-09-05 10:00:00,1.3511199999999999,1.35167,1.35097,1.35102
2024-09-05 11:00:00,1.35102,1.35128,1.35036,1.35055
2024-09-05 12:00:00,1.35056,1.35127,1.35034,1.35119
2024-09-05 13:00:00,1.35119,1.35174,1.35097,1.35107
2024-09-05 14:00:00,1.35106,1.3517000000000001,1.35042,1.35125
2024-09-05 15:00:00,1.35122,1.35235,1.35071,1.35152
2024-09-05 16:00:00,1.3515,1.3515,1.35019,1.35047
2024-09-05 17:00:00,1.35046,1.35186,1.35046,1.3518
2024-09-05 18:00:00,1.3518,1.3525,1.35131,1.35154
2024-09-05 19:00:00,1.35155,1.35214,1.35122,1.35152
2024-09-05 20:00:00,1.35153,1.35181,1.35103,1.35106
2024-09-05 21:00:00,1.35098,1.35132,1.35061,1.35076
2024-09-05 22:00:00,1.35077,1.35134,1.35058,1.35099
2024-09-05 23:00:00,1.35093,1.35093,1.35011,1.35012
2024-09-06 00:00:00,1.35005,1.35058,1.34977,1.35029
2024-09-06 01:00:00,1.3503,1.35039,1.35007,1.3501400000000001
2024-09-06 02:00:00,1.3501400000000001,1.35019,1.34986,1.34988
2024-09-06 03:00:00,1.34988,1.3502399999999999,1.34967,1.34988
2024-09-06 04:00:00,1.34988,1.35046,1.34988,1.35007
2024-09-06 05:00:00,1.35006,1.35023,1.34976,1.34985
2024-09-06 06:00:00,1.34985,1.34989,1.34964,1.34975
2024-09-06 07:00:00,1.34974,1.34993,1.3492199999999999,1.34933
2024-09-06 08:00:00,1.34934,1.35016,1.3491,1.34993
2024-09-06 09:00:00,1.34995,1.35013,1.3486,1.3486
2024-09-06 10:00:00,1.3486,1.35002,1.34859,1.34958
2024-09-06 11:00:00,1.34957,1.35055,1.34936,1.3502399999999999
2024-09-06 12:00:00,1.3502399999999999,1.35047,1.3492199999999999,1.3492600000000001
2024-09-06 13:00:00,1.34925,1.34949,1.34905,1.34935
2024-09-06 14:00:00,1.34934,1.34991,1.34915,1.34934
2024-09-06 15:00:00,1.34934,1.35015,1.34653,1.35011
2024-09-06 16:00:00,1.35013,1.35245,1.34972,1.35144
2024-09-06 17:00:00,1.3514599999999999,1.35455,1.35121,1.3541
2024-09-06 18:00:00,1.35404,1.35716,1.35176,1.35617
2024-09-06 19:00:00,1.35619,1.35823,1.3560400000000001,1.35691
2024-09-06 20:00:00,1.35691,1.35769,1.35583,1.35605
2024-09-06 21:00:00,1.35603,1.35694,1.35582,1.3563100000000001
2024-09-06 22:00:00,1.3563,1.35671,1.35568,1.3562699999999999
2024-09-06 23:00:00,1.3562699999999999,1.35735,1.35621,1.35714
2024-09-09 00:00:00,1.3566,1.35684,1.35487,1.35669
2024-09-09 01:00:00,1.35637,1.35699,1.3563100000000001,1.3566500000000001
2024-09-09 02:00:00,1.35662,1.35672,1.35587,1.35632
2024-09-09 03:00:00,1.35632,1.35659,1.35574,1.35652
2024-09-09 04:00:00,1.35652,1.35656,1.3552,1.35541
2024-09-09 05:00:00,1.3554,1.35582,1.35525,1.35561
2024-09-09 06:00:00,1.35561,1.35579,1.35541,1.35564
2024-09-09 07:00:00,1.35564,1.35619,1.35549,1.35616
2024-09-09 08:00:00,1.35616,1.35684,1.35614,1.35678
2024-09-09 09:00:00,1.35678,1.35693,1.35623,1.3566
2024-09-09 10:00:00,1.35659,1.3573,1.3563,1.35639
2024-09-09 11:00:00,1.35641,1.3571900000000001,1.35622,1.35697
2024-09-09 12:00:00,1.35698,1.35704,1.3559700000000001,1.35638
2024-09-09 13:00:00,1.35639,1.35704,1.35622,1.35663
2024-09-09 14:00:00,1.35663,1.35663,1.35593,1.35609
2024-09-09 15:00:00,1.35609,1.3569200000000001,1.35599,1.35684
2024-09-09 16:00:00,1.3568500000000001,1.35768,1.3563100000000001,1.35712
2024-09-09 17:00:00,1.35709,1.35737,1.35614,1.3563399999999999
2024-09-09 18:00:00,1.35633,1.3571900000000001,1.35589,1.35606
2024-09-09 19:00:00,1.35606,1.35611,1.35463,1.35491
2024-09-09 20:00:00,1.35489,1.35585,1.35474,1.35585
2024-09-09 21:00:00,1.35581,1.35612,1.3553899999999999,1.35596
2024-09-09 22:00:00,1.35595,1.35645,1.35587,1.3563100000000001
2024-09-09 23:00:00,1.35632,1.35641,1.35567,1.3557000000000001
2024-09-10 00:00:00,1.35562,1.35576,1.3553,1.35551
2024-09-10 01:00:00,1.35548,1.35593,1.35548,1.3559
2024-09-10 02:00:00,1.3559,1.35648,1.35588,1.35639
2024-09-10 03:00:00,1.3564,1.3572600000000001,1.3563,1.3569200000000001
2024-09-10 04:00:00,1.35693,1.35698,1.35622,1.3566500000000001
2024-09-10 05:00:00,1.35664,1.35725,1.3565,1.35686
2024-09-10 06:00:00,1.35686,1.3569,1.35645,1.3565
2024-09-10 07:00:00,1.35649,1.35681,1.35638,1.35647
2024-09-10 08:00:00,1.35649,1.3567,1.35626,1.35656
2024-09-10 09:00:00,1.35656,1.35672,1.35615,1.35635
2024-09-10 10:00:00,1.35639,1.35703,1.3563399999999999,1.35699
2024-09-10 11:00:00,1.35699,1.35759,1.3569,1.3573
2024-09-10 12:00:00,1.35732,1.35788,1.35643,1.35683
2024-09-10 13:00:00,1.3568,1.35715,1.3565,1.35674
2024-09-10 14:00:00,1.3567,1.3576,1.35647,1.35735
2024-09-10 15:00:00,1.35735,1.35765,1.357,1.35724
2024-09-10 16:00:00,1.35725,1.35946,1.3569200000000001,1.35914
2024-09-10 17:00:00,1.35925,1.36154,1.35925,1.3604
2024-09-10 18:00:00,1.36039,1.36077,1.35951,1.3607
2024-09-10 19:00:00,1.36069,1.36116,1.36025,1.36073
2024-09-10 20:00:00,1.36074,1.36091,1.36041,1.36077
2024-09-10 21:00:00,1.36078,1.3613,1.36039,1.36045
2024-09-10 22:00:00,1.36045,1.36064,1.36003,1.36012
2024-09-10 23:00:00,1.36016,1.36102,1.36012,1.36081
2024-09-11 00:00:00,1.36077,1.36099,1.36066,1.36089
2024-09-11 01:00:00,1.36089,1.36107,1.36087,1.36105
2024-09-11 02:00:00,1.36105,1.36116,1.36073,1.36102
2024-09-11 03:00:00,1.36103,1.36164,1.36096,1.36141
2024-09-11 04:00:00,1.36142,1.36164,1.36018,1.3604
2024-09-11 05:00:00,1.36038,1.36072,1.35998,1.36059
2024-09-11 06:00:00,1.36059,1.36093,1.36023,1.36054
2024-09-11 07:00:00,1.36055,1.36083,1.35998,1.36003
2024-09-11 08:00:00,1.36003,1.36011,1.35951,1.35967
2024-09-11 09:00:00,1.35967,1.35993,1.3592,1.3593
2024-09-11 10:00:00,1.35931,1.35953,1.3588,1.35931
2024-09-11 11:00:00,1.35929,1.35949,1.35849,1.35855
2024-09-11 12:00:00,1.35855,1.3590200000000001,1.35852,1.35874
2024-09-11 13:00:00,1.35874,1.35876,1.35791,1.35795
2024-09-11 14:00:00,1.35794,1.35825,1.35735,1.35761
2024-09-11 15:00:00,1.3576,1.36037,1.3575300000000001,1.35961
2024-09-11 16:00:00,1.35962,1.36104,1.35846,1.361
2024-09-11 17:00:00,1.36101,1.36227,1.36062,1.36103
2024-09-11 18:00:00,1.36101,1.36118,1.3592,1.35951
2024-09-11 19:00:00,1.35951,1.35976,1.35793,1.35842
2024-09-11 20:00:00,1.35842,1.35849,1.3567,1.35759
2024-09-11 21:00:00,1.3576,1.35791,1.35682,1.35765
2024-09-11 22:00:00,1.35766,1.35767,1.35674,1.35689
2024-09-11 23:00:00,1.35689,1.3574899999999999,1.35666,1.3574
2024-09-12 00:00:00,1.35742,1.35748,1.35683,1.35727
2024-09-12 01:00:00,1.35728,1.35752,1.35707,1.35751
2024-09-12 02:00:00,1.35751,1.3578299999999999,1.35735,1.35782
2024-09-12 03:00:00,1.35782,1.35807,1.35751,1.35796
2024-09-12 04:00:00,1.35796,1.35852,1.35763,1.35801
2024-09-12 05:00:00,1.35802,1.35846,1.35785,1.35824
2024-09-12 06:00:00,1.35825,1.35826,1.3573,1.35731
2024-09-12 07:00:00,1.35731,1.35739,1.3571,1.35713
2024-09-12 08:00:00,1.35714,1.35724,1.35679,1.35681
2024-09-12 09:00:00,1.35681,1.35713,1.3565,1.35712
2024-09-12 10:00:00,1.35715,1.35751,1.3566099999999999,1.3575
2024-09-12 11:00:00,1.3575,1.35802,1.35735,1.35774
2024-09-12 12:00:00,1.35773,1.35777,1.3568799999999999,1.35709
2024-09-12 13:00:00,1.35709,1.35751,1.35691,1.35732
2024-09-12 14:00:00,1.35736,1.3584399999999999,1.3572,1.35843
2024-09-12 15:00:00,1.35842,1.35898,1.35769,1.3586
2024-09-12 16:00:00,1.35859,1.36002,1.35793,1.35979
2024-09-12 17:00:00,1.3598,1.36044,1.3591199999999999,1.35958
2024-09-12 18:00:00,1.35959,1.35987,1.35884,1.35952
2024-09-12 19:00:00,1.35952,1.35996,1.35904,1.35915
2024-09-12 20:00:00,1.35914,1.35944,1.35846,1.35865
2024-09-12 21:00:00,1.35865,1.3596599999999999,1.35846,1.35895
2024-09-12 22:00:00,1.35889,1.35898,1.35774,1.35776
2024-09-12 23:00:00,1.35773,1.35806,1.35759,1.35776
2024-09-13 00:00:00,1.35778,1.35811,1.35755,1.35798
2024-09-13 01:00:00,1.35799,1.35819,1.35792,1.35796
2024-09-13 02:00:00,1.35795,1.35799,1.35745,1.3575
2024-09-13 03:00:00,1.3574899999999999,1.35767,1.3566500000000001,1.3566500000000001
2024-09-13 04:00:00,1.35664,1.35734,1.35652,1.3573
2024-09-13 05:00:00,1.3573,1.35759,1.35677,1.35745
2024-09-13 06:00:00,1.35745,1.35768,1.35697,1.3571
2024-09-13 07:00:00,1.3571,1.35762,1.357,1.35758
2024-09-13 08:00:00,1.35759,1.35807,1.35747,1.35806
2024-09-13 09:00:00,1.35806,1.35829,1.35765,1.35782
2024-09-13 10:00:00,1.35782,1.35838,1.35713,1.35724
2024-09-13 11:00:00,1.35724,1.35805,1.3572,1.35763
2024-09-13 12:00:00,1.35762,1.35762,1.3566,1.35738
2024-09-13 13:00:00,1.35738,1.35838,1.35732,1.3581400000000001
2024-09-13 14:00:00,1.3580999999999999,1.35945,1.3580999999999999,1.35895
2024-09-13 15:00:00,1.35895,1.3594300000000001,1.3575599999999999,1.35766
2024-09-13 16:00:00,1.35766,1.35794,1.3569499999999999,1.35704
2024-09-13 17:00:00,1.35703,1.35831,1.35696,1.35785
2024-09-13 18:00:00,1.35786,1.35854,1.35784,1.35807
2024-09-13 19:00:00,1.3580999999999999,1.35941,1.35807,1.35926
2024-09-13 20:00:00,1.35924,1.35975,1.35897,1.35952
2024-09-13 21:00:00,1.35949,1.3599999999999999,1.35913,1.35951
2024-09-13 22:00:00,1.35954,1.35978,1.359,1.3590499999999999
2024-09-13 23:00:00,1.35907,1.3590900000000001,1.35842,1.35854
2024-09-16 00:00:00,1.35938,1.35949,1.35877,1.35897
2024-09-16 01:00:00,1.35906,1.35906,1.35796,1.35806
2024-09-16 02:00:00,1.35806,1.35825,1.35773,1.3578299999999999
2024-09-16 03:00:00,1.3578299999999999,1.35806,1.35757,1.3576
2024-09-16 04:00:00,1.35759,1.3581699999999999,1.3575599999999999,1.35782
2024-09-16 05:00:00,1.35781,1.35808,1.35757,1.35758
2024-09-16 06:00:00,1.35759,1.35785,1.35671,1.35678
2024-09-16 07:00:00,1.35679,1.35714,1.3566500000000001,1.35709
2024-09-16 08:00:00,1.35712,1.35757,1.35686,1.35734
2024-09-16 09:00:00,1.35732,1.35801,1.35727,1.3575300000000001
2024-09-16 10:00:00,1.3575,1.35807,1.35748,1.3578299999999999
2024-09-16 11:00:00,1.35784,1.35794,1.35725,1.35747
2024-09-16 12:00:00,1.35748,1.35805,1.35727,1.35795
2024-09-16 13:00:00,1.35793,1.35808,1.35738,1.35759
2024-09-16 14:00:00,1.35759,1.3582,1.35733,1.35777
2024-09-16 15:00:00,1.35776,1.35873,1.35765,1.3587
2024-09-16 16:00:00,1.35869,1.3595,1.35807,1.35886
2024-09-16 17:00:00,1.3588,1.35957,1.3587500000000001,1.3593199999999999
2024-09-16 18:00:00,1.35933,1.36074,1.35933,1.35989
2024-09-16 19:00:00,1.35988,1.36036,1.3595,1.35961
2024-09-16 20:00:00,1.35961,1.35983,1.3590499999999999,1.35916
2024-09-16 21:00:00,1.35915,1.35938,1.35881,1.35927
2024-09-16 22:00:00,1.35926,1.35942,1.35842,1.3586
2024-09-16 23:00:00,1.35859,1.35884,1.3584800000000001,1.35856
2024-09-17 00:00:00,1.35833,1.35857,1.35797,1.35842
2024-09-17 01:00:00,1.35835,1.35876,1.35835,1.35847
2024-09-17 02:00:00,1.35846,1.35889,1.35833,1.35867
2024-09-17 03:00:00,1.35868,1.3593600000000001,1.35843,1.35933
2024-09-17 04:00:00,1.3593199999999999,1.35946,1.35887,1.35891
2024-09-17 05:00:00,1.35889,1.3592,1.35872,1.35916
2024-09-17 06:00:00,1.35917,1.35944,1.35913,1.35937
2024-09-17 07:00:00,1.35938,1.3598,1.35937,1.35957
2024-09-17 08:00:00,1.35957,1.35965,1.35911,1.3594300000000001
2024-09-17 09:00:00,1.35942,1.3594300000000001,1.3580999999999999,1.3584100000000001
2024-09-17 10:00:00,1.3584,1.35891,1.35821,1.35847
2024-09-17 11:00:00,1.3584800000000001,1.35877,1.35819,1.35836
2024-09-17 12:00:00,1.35836,1.35872,1.35801,1.35839
2024-09-17 13:00:00,1.3584,1.35952,1.35815,1.35938
2024-09-17 14:00:00,1.35937,1.35957,1.35804,1.35836
2024-09-17 15:00:00,1.35836,1.36166,1.35813,1.36055
2024-09-17 16:00:00,1.36055,1.3607,1.35934,1.3603
2024-09-17 17:00:00,1.3602699999999999,1.36044,1.3584,1.35885
2024-09-17 18:00:00,1.35883,1.36014,1.35867,1.35984
2024-09-17 19:00:00,1.35986,1.36033,1.35934,1.35979
2024-09-17 20:00:00,1.3598,1.36048,1.35929,1.3596599999999999
2024-09-17 21:00:00,1.35965,1.35996,1.35921,1.3593199999999999
2024-09-17 22:00:00,1.35931,1.35985,1.3590499999999999,1.35976
2024-09-17 23:00:00,1.35972,1.35995,1.35938,1.35961
2024-09-18 00:00:00,1.35954,1.35959,1.35865,1.35949
2024-09-18 01:00:00,1.35941,1.35969,1.35911,1.35964
2024-09-18 02:00:00,1.3596300000000001,1.35967,1.3590900000000001,1.3593600000000001
2024-09-18 03:00:00,1.35935,1.35945,1.35866,1.35869
2024-09-18 04:00:00,1.35868,1.3589,1.35845,1.3588
2024-09-18 05:00:00,1.35879,1.35915,1.35864,1.35881
2024-09-18 06:00:00,1.35879,1.359,1.35868,1.35893
2024-09-18 07:00:00,1.35893,1.35944,1.35883,1.3593199999999999
2024-09-18 08:00:00,1.35934,1.35935,1.35884,1.3589
2024-09-18 09:00:00,1.35887,1.35919,1.3584100000000001,1.35897
2024-09-18 10:00:00,1.35896,1.35922,1.35853,1.35887
2024-09-18 11:00:00,1.35886,1.3592,1.35869,1.35887
2024-09-18 12:00:00,1.35887,1.35913,1.35838,1.35855
2024-09-18 13:00:00,1.35856,1.3588,1.35816,1.3587500000000001
2024-09-18 14:00:00,1.35876,1.35895,1.35839,1.35867
2024-09-18 15:00:00,1.35866,1.35931,1.35863,1.35897
2024-09-18 16:00:00,1.35896,1.35918,1.35768,1.35891
2024-09-18 17:00:00,1.3589,1.36013,1.3584,1.3593899999999999
2024-09-18 18:00:00,1.35941,1.36075,1.35906,1.3607
2024-09-18 19:00:00,1.36073,1.36074,1.3595,1.35955
2024-09-18 20:00:00,1.35954,1.3598,1.35821,1.35822
2024-09-18 21:00:00,1.3554,1.35791,1.354,1.35731
2024-09-18 22:00:00,1.35736,1.36226,1.35736,1.36184
2024-09-18 23:00:00,1.36185,1.36192,1.3602,1.36023
2024-09-19 00:00:00,1.3604,1.36048,1.35984,1.3603
2024-09-19 01:00:00,1.3603100000000001,1.36071,1.35979,1.3603
2024-09-19 02:00:00,1.36025,1.3615599999999999,1.36014,1.3608500000000001
2024-09-19 03:00:00,1.36081,1.36358,1.36021,1.36352
2024-09-19 04:00:00,1.36353,1.36475,1.3630200000000001,1.36304
2024-09-19 05:00:00,1.36301,1.36301,1.36075,1.36115
2024-09-19 06:00:00,1.36114,1.36141,1.35981,1.35998
2024-09-19 07:00:00,1.3599700000000001,1.36039,1.35965,1.35983
2024-09-19 08:00:00,1.35983,1.35991,1.3590900000000001,1.3593199999999999
2024-09-19 09:00:00,1.35931,1.35933,1.3572,1.3572199999999999
2024-09-19 10:00:00,1.35721,1.35742,1.35541,1.35582
2024-09-19 11:00:00,1.35583,1.35589,1.35437,1.35454
2024-09-19 12:00:00,1.35452,1.35455,1.35328,1.35384
2024-09-19 13:00:00,1.35384,1.35513,1.35372,1.35403
2024-09-19 14:00:00,1.35404,1.3560400000000001,1.35367,1.35562
2024-09-19 15:00:00,1.3556300000000001,1.35697,1.35418,1.35691
2024-09-19 16:00:00,1.3569499999999999,1.3600400000000001,1.35591,1.35864
2024-09-19 17:00:00,1.35856,1.35961,1.35773,1.35786
2024-09-19 18:00:00,1.35784,1.3582,1.35588,1.3560699999999999
2024-09-19 19:00:00,1.35606,1.35608,1.35495,1.35523
2024-09-19 20:00:00,1.35523,1.35572,1.35468,1.35492
2024-09-19 21:00:00,1.35491,1.35586,1.3548499999999999,1.35557
2024-09-19 22:00:00,1.35556,1.35651,1.35534,1.35567
2024-09-19 23:00:00,1.35568,1.35626,1.35558,1.3556300000000001
2024-09-20 00:00:00,1.35556,1.35599,1.35461,1.3557000000000001
2024-09-20 01:00:00,1.35569,1.3561,1.3556599999999999,1.35602
2024-09-20 02:00:00,1.35601,1.35638,1.3559999999999999,1.3563
2024-09-20 03:00:00,1.3563,1.35655,1.35595,1.35637
2024-09-20 04:00:00,1.35637,1.35683,1.3562699999999999,1.35651
2024-09-20 05:00:00,1.35652,1.35666,1.35617,1.35632
2024-09-20 06:00:00,1.35635,1.35635,1.3553899999999999,1.35587
2024-09-20 07:00:00,1.35586,1.35612,1.35556,1.35603
2024-09-20 08:00:00,1.35602,1.35671,1.35598,1.35616
2024-09-20 09:00:00,1.35613,1.35614,1.35548,1.35606
2024-09-20 10:00:00,1.35601,1.35744,1.3559,1.35704
2024-09-20 11:00:00,1.35705,1.35757,1.3564,1.3568500000000001
2024-09-20 12:00:00,1.3568500000000001,1.35731,1.35648,1.35727
2024-09-20 13:00:00,1.35727,1.35762,1.35662,1.35689
2024-09-20 14:00:00,1.35689,1.35765,1.35676,1.35699
2024-09-20 15:00:00,1.35698,1.35698,1.35419,1.35453
2024-09-20 16:00:00,1.35455,1.35773,1.35453,1.35715
2024-09-20 17:00:00,1.35714,1.3584399999999999,1.35662,1.35751
2024-09-20 18:00:00,1.3575300000000001,1.35895,1.35648,1.35651
2024-09-20 19:00:00,1.3565,1.35698,1.35503,1.35537
2024-09-20 20:00:00,1.35542,1.35644,1.35529,1.3562400000000001
2024-09-20 21:00:00,1.35623,1.35698,1.3556599999999999,1.35588
2024-09-20 22:00:00,1.35587,1.35647,1.3556,1.3563399999999999
2024-09-20 23:00:00,1.35633,1.35744,1.35632,1.35687
2024-09-23 00:00:00,1.3568,1.3568,1.35508,1.35626
2024-09-23 01:00:00,1.35606,1.35671,1.3559700000000001,1.35671
2024-09-23 02:00:00,1.3566799999999999,1.35689,1.35629,1.35657
2024-09-23 03:00:00,1.3565800000000001,1.3569,1.35629,1.35635
2024-09-23 04:00:00,1.35636,1.3566799999999999,1.35585,1.3560699999999999
2024-09-23 05:00:00,1.35606,1.35655,1.35592,1.35599
2024-09-23 06:00:00,1.35598,1.35642,1.35564,1.3563399999999999
2024-09-23 07:00:00,1.3563399999999999,1.35645,1.3557000000000001,1.35583
2024-09-23 08:00:00,1.35585,1.3559999999999999,1.35548,1.35592
2024-09-23 09:00:00,1.35591,1.35653,1.35577,1.35647
2024-09-23 10:00:00,1.35649,1.3582,1.35643,1.35802
2024-09-23 11:00:00,1.35805,1.35819,1.3569200000000001,1.35714
2024-09-23 12:00:00,1.35715,1.35715,1.35601,1.35614
2024-09-23 13:00:00,1.35613,1.35618,1.35491,1.3552
2024-09-23 14:00:00,1.3552,1.35522,1.3545099999999999,1.3548200000000001
2024-09-23 15:00:00,1.35481,1.35542,1.35374,1.35379
2024-09-23 16:00:00,1.35375,1.35384,1.35181,1.35188
2024-09-23 17:00:00,1.35191,1.35241,1.34932,1.3495599999999999
2024-09-23 18:00:00,1.34951,1.35035,1.3489499999999999,1.35019
2024-09-23 19:00:00,1.35016,1.35104,1.34998,1.35016
2024-09-23 20:00:00,1.3501699999999999,1.35068,1.3486799999999999,1.3496299999999999
2024-09-23 21:00:00,1.34964,1.3502100000000001,1.34921,1.35013
2024-09-23 22:00:00,1.3501400000000001,1.35076,1.3501,1.35066
2024-09-23 23:00:00,1.35067,1.35427,1.35066,1.35394
2024-09-24 00:00:00,1.3538299999999999,1.35413,1.35221,1.35357
2024-09-24 01:00:00,1.35354,1.35372,1.35283,1.35293
2024-09-24 02:00:00,1.3529200000000001,1.35325,1.3529,1.353
2024-09-24 03:00:00,1.35298,1.35317,1.35216,1.35302
2024-09-24 04:00:00,1.35301,1.35301,1.3519999999999999,1.3524
2024-09-24 05:00:00,1.35241,1.35289,1.35232,1.35249
2024-09-24 06:00:00,1.3525,1.3525,1.3515,1.35184
2024-09-24 07:00:00,1.35184,1.35233,1.35122,1.35144
2024-09-24 08:00:00,1.3514,1.35188,1.35097,1.35183
2024-09-24 09:00:00,1.35185,1.35291,1.3517000000000001,1.35194
2024-09-24 10:00:00,1.35195,1.35221,1.3513,1.35194
2024-09-24 11:00:00,1.35194,1.35202,1.3507500000000001,1.35118
2024-09-24 12:00:00,1.35118,1.35144,1.35072,1.35097
2024-09-24 13:00:00,1.35097,1.35123,1.3508200000000001,1.35102
2024-09-24 14:00:00,1.35102,1.3514599999999999,1.35064,1.3507799999999999
2024-09-24 15:00:00,1.3507500000000001,1.3508200000000001,1.34975,1.34996
2024-09-24 16:00:00,1.34995,1.35016,1.34823,1.34945
2024-09-24 17:00:00,1.3492899999999999,1.34973,1.3475,1.34763
2024-09-24 18:00:00,1.34764,1.34772,1.34645,1.34705
2024-09-24 19:00:00,1.34702,1.34707,1.34527,1.3457
2024-09-24 20:00:00,1.3457,1.3458,1.34455,1.3446
2024-09-24 21:00:00,1.34459,1.3449499999999999,1.3442,1.34425
2024-09-24 22:00:00,1.34425,1.3443399999999999,1.3435000000000001,1.34357
2024-09-24 23:00:00,1.34356,1.34368,1.3429,1.34293
2024-09-25 00:00:00,1.34295,1.3434300000000001,1.34244,1.3431600000000001
2024-09-25 01:00:00,1.3431199999999999,1.34327,1.3425,1.34253
2024-09-25 02:00:00,1.34252,1.34295,1.34204,1.34206
2024-09-25 03:00:00,1.34205,1.34301,1.3419400000000001,1.34229
2024-09-25 04:00:00,1.34229,1.3431600000000001,1.34206,1.34279
2024-09-25 05:00:00,1.3428,1.34299,1.34226,1.34291
2024-09-25 06:00:00,1.34295,1.34321,1.3423,1.3427799999999999
2024-09-25 07:00:00,1.34276,1.34313,1.34272,1.34287
2024-09-25 08:00:00,1.34287,1.34344,1.34268,1.3433899999999999
2024-09-25 09:00:00,1.3433899999999999,1.34385,1.3431,1.3432
2024-09-25 10:00:00,1.34314,1.34338,1.3428200000000001,1.34283
2024-09-25 11:00:00,1.34283,1.3431899999999999,1.34244,1.34286
2024-09-25 12:00:00,1.34288,1.34405,1.34287,1.34365
2024-09-25 13:00:00,1.34369,1.34403,1.34327,1.34335
2024-09-25 14:00:00,1.34335,1.34426,1.3430900000000001,1.34395
2024-09-25 15:00:00,1.34394,1.3455,1.34367,1.34491
2024-09-25 16:00:00,1.34488,1.34494,1.34324,1.34394
2024-09-25 17:00:00,1.34402,1.3461,1.34395,1.34566
2024-09-25 18:00:00,1.34566,1.3469,1.34519,1.34662
2024-09-25 19:00:00,1.3466,1.34754,1.3461699999999999,1.34747
2024-09-25 20:00:00,1.34748,1.3482,1.34714,1.3472
2024-09-25 21:00:00,1.3471899999999999,1.34819,1.347,1.34794
2024-09-25 22:00:00,1.34796,1.3485,1.34758,1.34844
2024-09-25 23:00:00,1.34843,1.34867,1.34819,1.34821
2024-09-26 00:00:00,1.34787,1.34833,1.34755,1.34817
2024-09-26 01:00:00,1.34802,1.34854,1.34799,1.34849
2024-09-26 02:00:00,1.34849,1.34866,1.3480699999999999,1.34836
2024-09-26 03:00:00,1.34835,1.34842,1.34722,1.34732
2024-09-26 04:00:00,1.34732,1.34761,1.34646,1.34684
2024-09-26 05:00:00,1.34684,1.34734,1.34657,1.347
2024-09-26 06:00:00,1.34699,1.3473600000000001,1.34687,1.34704
2024-09-26 07:00:00,1.34704,1.3473600000000001,1.34694,1.3471199999999999
2024-09-26 08:00:00,1.34714,1.34734,1.34637,1.34672
2024-09-26 09:00:00,1.34672,1.34742,1.3465099999999999,1.3467500000000001
2024-09-26 10:00:00,1.34676,1.34772,1.3463,1.3473899999999999
2024-09-26 11:00:00,1.3474599999999999,1.3477299999999999,1.34647,1.34669
2024-09-26 12:00:00,1.3467,1.34717,1.34642,1.34703
2024-09-26 13:00:00,1.34704,1.34725,1.34628,1.3465500000000001
2024-09-26 14:00:00,1.3465500000000001,1.34734,1.34575,1.34701
2024-09-26 15:00:00,1.34701,1.34786,1.34619,1.34632
2024-09-26 16:00:00,1.34631,1.3483800000000001,1.34601,1.34781
2024-09-26 17:00:00,1.34774,1.34894,1.34656,1.34684
2024-09-26 18:00:00,1.34686,1.3479999999999999,1.34641,1.34662
2024-09-26 19:00:00,1.34665,1.34828,1.34656,1.3481
2024-09-26 20:00:00,1.34812,1.34821,1.34715,1.3477299999999999
2024-09-26 21:00:00,1.34767,1.34771,1.34673,1.34692
2024-09-26 22:00:00,1.34691,1.34763,1.34672,1.3472
2024-09-26 23:00:00,1.34717,1.34766,1.34612,1.34625
2024-09-27 00:00:00,1.3463,1.34759,1.34606,1.34673
2024-09-27 01:00:00,1.34668,1.3471899999999999,1.34638,1.3467
2024-09-27 02:00:00,1.3467,1.34789,1.34664,1.34762
2024-09-27 03:00:00,1.34761,1.34857,1.34751,1.34845
2024-09-27 04:00:00,1.34846,1.34925,1.3480400000000001,1.34882
2024-09-27 05:00:00,1.34882,1.34914,1.34845,1.34866
2024-09-27 06:00:00,1.34866,1.34881,1.3483399999999999,1.3486799999999999
2024-09-27 07:00:00,1.3486799999999999,1.34928,1.3486099999999999,1.349
2024-09-27 08:00:00,1.34898,1.3495,1.34866,1.34925
2024-09-27 09:00:00,1.34925,1.34935,1.34823,1.34851
2024-09-27 10:00:00,1.34851,1.34923,1.34832,1.34915
2024-09-27 11:00:00,1.34917,1.34932,1.34823,1.34824
2024-09-27 12:00:00,1.34824,1.34864,1.34765,1.34785
2024-09-27 13:00:00,1.34785,1.3479999999999999,1.34727,1.34782
2024-09-27 14:00:00,1.34781,1.34783,1.34708,1.34751
2024-09-27 15:00:00,1.34753,1.34856,1.34635,1.34727
2024-09-27 16:00:00,1.34726,1.34864,1.34671,1.34824
2024-09-27 17:00:00,1.34815,1.34869,1.3473,1.3483
2024-09-27 18:00:00,1.34829,1.35058,1.3482,1.35038
2024-09-27 19:00:00,1.35039,1.35157,1.35029,1.3511
2024-09-27 20:00:00,1.3510900000000001,1.35263,1.35099,1.35226
2024-09-27 21:00:00,1.35226,1.3525,1.35094,1.3510499999999999
2024-09-27 22:00:00,1.35106,1.35193,1.3510499999999999,1.3516599999999999
2024-09-27 23:00:00,1.3516599999999999,1.35192,1.35115,1.35141
2024-09-30 00:00:00,1.35065,1.35133,1.35027,1.35123
2024-09-30 01:00:00,1.3511,1.35123,1.35089,1.35113
2024-09-30 02:00:00,1.3511199999999999,1.35128,1.35086,1.35097
2024-09-30 03:00:00,1.35097,1.35172,1.35088,1.3514599999999999
2024-09-30 04:00:00,1.35147,1.3518,1.35029,1.3513899999999999
2024-09-30 05:00:00,1.3514,1.35191,1.35134,1.35159
2024-09-30 06:00:00,1.35159,1.35169,1.35111,1.35117
2024-09-30 07:00:00,1.3511600000000001,1.35119,1.3508,1.3508200000000001
2024-09-30 08:00:00,1.3508200000000001,1.3508200000000001,1.35008,1.35049
2024-09-30 09:00:00,1.35049,1.3513,1.35028,1.35129
2024-09-30 10:00:00,1.35129,1.35155,1.35084,1.35152
2024-09-30 11:00:00,1.35141,1.35222,1.35126,1.3516
2024-09-30 12:00:00,1.35161,1.35229,1.35134,1.35215
2024-09-30 13:00:00,1.35214,1.35271,1.35209,1.35255
2024-09-30 14:00:00,1.35254,1.3526500000000001,1.35156,1.35184
2024-09-30 15:00:00,1.35184,1.3520699999999999,1.35068,1.35072
2024-09-30 16:00:00,1.3507,1.35093,1.3489499999999999,1.3504399999999999
2024-09-30 17:00:00,1.35047,1.35187,1.35042,1.35099
2024-09-30 18:00:00,1.35099,1.35195,1.3501400000000001,1.35145
2024-09-30 19:00:00,1.35145,1.3517700000000001,1.35064,1.3507
2024-09-30 20:00:00,1.3507,1.35104,1.3503,1.3509
2024-09-30 21:00:00,1.35093,1.35375,1.35093,1.3523
2024-09-30 22:00:00,1.35232,1.35327,1.35199,1.35226
2024-09-30 23:00:00,1.35227,1.35288,1.35227,1.35243
2024-10-01 00:00:00,1.35223,1.35266,1.35163,1.35245
2024-10-01 01:00:00,1.35241,1.35248,1.35219,1.35245
2024-10-01 02:00:00,1.35239,1.35273,1.3523,1.35259
2024-10-01 03:00:00,1.35259,1.35337,1.35257,1.35297
2024-10-01 04:00:00,1.35298,1.35313,1.35199,1.35206
2024-10-01 05:00:00,1.35206,1.35278,1.3520400000000001,1.35243
2024-10-01 06:00:00,1.35242,1.3532199999999999,1.35233,1.35287
2024-10-01 07:00:00,1.35287,1.35304,1.35225,1.35229
2024-10-01 08:00:00,1.35228,1.35287,1.35216,1.35274
2024-10-01 09:00:00,1.35272,1.35281,1.35159,1.35183
2024-10-01 10:00:00,1.35182,1.35357,1.35165,1.35297
2024-10-01 11:00:00,1.35294,1.35384,1.35278,1.35357
2024-10-01 12:00:00,1.35357,1.35393,1.35315,1.35328
2024-10-01 13:00:00,1.35327,1.35355,1.35264,1.3528
2024-10-01 14:00:00,1.3528,1.35285,1.35206,1.35226
2024-10-01 15:00:00,1.35227,1.35282,1.35164,1.35233
2024-10-01 16:00:00,1.3523399999999999,1.35248,1.35039,1.35039
2024-10-01 17:00:00,1.35013,1.35125,1.34881,1.35023
2024-10-01 18:00:00,1.35023,1.35122,1.34903,1.3492
2024-10-01 19:00:00,1.34923,1.35062,1.3491,1.35022
2024-10-01 20:00:00,1.35025,1.3520699999999999,1.3502399999999999,1.35049
2024-10-01 21:00:00,1.35045,1.35045,1.34828,1.34839
2024-10-01 22:00:00,1.3484,1.34917,1.34808,1.34913
2024-10-01 23:00:00,1.34913,1.34951,1.34876,1.34898
2024-10-02 00:00:00,1.34891,1.34923,1.34757,1.34886
2024-10-02 01:00:00,1.34886,1.34961,1.3488,1.3495599999999999
2024-10-02 02:00:00,1.3495599999999999,1.3497,1.34923,1.3495
2024-10-02 03:00:00,1.3495,1.3496000000000001,1.34835,1.3488
2024-10-02 04:00:00,1.34881,1.34881,1.34771,1.34791
2024-10-02 05:00:00,1.34791,1.3483,1.34767,1.34784
2024-10-02 06:00:00,1.34782,1.34816,1.34759,1.34802
2024-10-02 07:00:00,1.3479999999999999,1.34872,1.34769,1.34839
2024-10-02 08:00:00,1.34839,1.34912,1.34806,1.34875
2024-10-02 09:00:00,1.34875,1.3491,1.3483800000000001,1.3485800000000001
2024-10-02 10:00:00,1.34855,1.34867,1.34774,1.34817
2024-10-02 11:00:00,1.3482,1.34894,1.34798,1.34877
2024-10-02 12:00:00,1.34877,1.34914,1.3483399999999999,1.34876
2024-10-02 13:00:00,1.34876,1.34901,1.34799,1.34817
2024-10-02 14:00:00,1.34813,1.34851,1.34757,1.34849
2024-10-02 15:00:00,1.3485,1.34928,1.34822,1.3492
2024-10-02 16:00:00,1.3491900000000001,1.3495599999999999,1.34756,1.34813
2024-10-02 17:00:00,1.34812,1.34882,1.34723,1.34832
2024-10-02 18:00:00,1.34835,1.34908,1.34798,1.34851
2024-10-02 19:00:00,1.34849,1.34905,1.34821,1.34904
2024-10-02 20:00:00,1.34903,1.34965,1.34891,1.34951
2024-10-02 21:00:00,1.34952,1.35071,1.34931,1.35067
2024-10-02 22:00:00,1.35068,1.35098,1.34943,1.3497
2024-10-02 23:00:00,1.34973,1.3503,1.3495599999999999,1.35007
2024-10-03 00:00:00,1.34981,1.35038,1.3489,1.3502
2024-10-03 01:00:00,1.3498999999999999,1.35058,1.34966,1.35056
2024-10-03 02:00:00,1.35055,1.35073,1.35033,1.35069
2024-10-03 03:00:00,1.35069,1.35149,1.35056,1.35099
2024-10-03 04:00:00,1.351,1.35162,1.35079,1.35119
2024-10-03 05:00:00,1.35119,1.35193,1.3511600000000001,1.3519
2024-10-03 06:00:00,1.3519,1.35232,1.35169,1.3521
2024-10-03 07:00:00,1.35211,1.35247,1.35206,1.35246
2024-10-03 08:00:00,1.35246,1.35306,1.35219,1.3523399999999999
2024-10-03 09:00:00,1.35236,1.35245,1.35068,1.35103
2024-10-03 10:00:00,1.35103,1.35247,1.3508,1.3523100000000001
2024-10-03 11:00:00,1.35229,1.3529200000000001,1.35205,1.35253
2024-10-03 12:00:00,1.35254,1.35304,1.35186,1.35247
2024-10-03 13:00:00,1.35247,1.35331,1.35229,1.3532199999999999
2024-10-03 14:00:00,1.35321,1.35398,1.3526,1.35311
2024-10-03 15:00:00,1.35313,1.35447,1.35214,1.3534
2024-10-03 16:00:00,1.35339,1.35457,1.35272,1.35407
2024-10-03 17:00:00,1.35409,1.3553,1.35172,1.35398
2024-10-03 18:00:00,1.35397,1.35429,1.3531,1.35333
2024-10-03 19:00:00,1.35331,1.3536000000000001,1.35256,1.35318
2024-10-03 20:00:00,1.3531900000000001,1.3547,1.35314,1.35456
2024-10-03 21:00:00,1.35453,1.35498,1.35439,1.35477
2024-10-03 22:00:00,1.3548,1.35576,1.3546,1.3557000000000001
2024-10-03 23:00:00,1.35568,1.35595,1.35516,1.35533
2024-10-04 00:00:00,1.35515,1.3553899999999999,1.3528,1.35535
2024-10-04 01:00:00,1.35527,1.3556,1.35506,1.35533
2024-10-04 02:00:00,1.35532,1.35533,1.35481,1.3548499999999999
2024-10-04 03:00:00,1.3548499999999999,1.35501,1.35446,1.3546
2024-10-04 04:00:00,1.3546,1.35534,1.3544800000000001,1.35514
2024-10-04 05:00:00,1.35516,1.35533,1.35471,1.3553
2024-10-04 06:00:00,1.3553,1.35584,1.35516,1.35559
2024-10-04 07:00:00,1.35559,1.35567,1.35523,1.35548
2024-10-04 08:00:00,1.35548,1.35548,1.35503,1.35526
2024-10-04 09:00:00,1.35527,1.35671,1.35515,1.35662
2024-10-04 10:00:00,1.3566099999999999,1.35669,1.35556,1.35587
2024-10-04 11:00:00,1.35588,1.35644,1.35576,1.35587
2024-10-04 12:00:00,1.35589,1.35648,1.35571,1.3557299999999999
2024-10-04 13:00:00,1.35572,1.35614,1.3550900000000001,1.35537
2024-10-04 14:00:00,1.35534,1.35569,1.35506,1.35541
2024-10-04 15:00:00,1.35542,1.35886,1.35523,1.3580999999999999
2024-10-04 16:00:00,1.35809,1.35911,1.35721,1.35834
2024-10-04 17:00:00,1.35833,1.35864,1.3565,1.35758
2024-10-04 18:00:00,1.35757,1.35896,1.3572899999999999,1.3578299999999999
2024-10-04 19:00:00,1.35782,1.3584100000000001,1.3574899999999999,1.35778
2024-10-04 20:00:00,1.35779,1.35815,1.35728,1.35764
2024-10-04 21:00:00,1.35763,1.3581400000000001,1.3574,1.3575
2024-10-04 22:00:00,1.3574899999999999,1.35779,1.35714,1.35725
2024-10-04 23:00:00,1.3572600000000001,1.3578000000000001,1.35715,1.35752
2024-10-07 00:00:00,1.35552,1.35747,1.3554599999999999,1.35747
2024-10-07 01:00:00,1.35718,1.35811,1.35706,1.3578000000000001
2024-10-07 02:00:00,1.35778,1.35826,1.35771,1.3580999999999999
2024-10-07 03:00:00,1.35812,1.35842,1.35779,1.35811
2024-10-07 04:00:00,1.35811,1.35821,1.3572199999999999,1.35791
2024-10-07 05:00:00,1.35791,1.35809,1.3575,1.35806
2024-10-07 06:00:00,1.35806,1.35828,1.35782,1.35788
2024-10-07 07:00:00,1.3578700000000001,1.35835,1.35779,1.35823
2024-10-07 08:00:00,1.35824,1.35895,1.3582,1.35869
2024-10-07 09:00:00,1.35872,1.35894,1.3578299999999999,1.35828
2024-10-07 10:00:00,1.35827,1.35906,1.35792,1.35894
2024-10-07 11:00:00,1.35894,1.35956,1.35842,1.35925
2024-10-07 12:00:00,1.35925,1.35984,1.3587799999999999,1.35913
2024-10-07 13:00:00,1.3591199999999999,1.35927,1.35856,1.35892
2024-10-07 14:00:00,1.35893,1.35911,1.35785,1.35821
2024-10-07 15:00:00,1.3582,1.35935,1.35797,1.35925
2024-10-07 16:00:00,1.35926,1.36056,1.35901,1.36017
2024-10-07 17:00:00,1.36015,1.36193,1.35971,1.36118
2024-10-07 18:00:00,1.3611900000000001,1.36147,1.36026,1.36079
2024-10-07 19:00:00,1.36078,1.36101,1.36032,1.3607
2024-10-07 20:00:00,1.3607,1.36129,1.3602699999999999,1.3612600000000001
2024-10-07 21:00:00,1.36124,1.36382,1.36108,1.3638
2024-10-07 22:00:00,1.3638,1.36392,1.36233,1.36238
2024-10-07 23:00:00,1.36239,1.36249,1.36168,1.36178
2024-10-08 00:00:00,1.3617,1.362,1.36108,1.36184
2024-10-08 01:00:00,1.36184,1.3624800000000001,1.36139,1.36236
2024-10-08 02:00:00,1.36238,1.36249,1.36181,1.36204
2024-10-08 03:00:00,1.36205,1.36227,1.3611,1.36141
2024-10-08 04:00:00,1.36141,1.36193,1.36121,1.3615599999999999
2024-10-08 05:00:00,1.3615599999999999,1.3633899999999999,1.36145,1.36236
2024-10-08 06:00:00,1.36231,1.3625,1.36165,1.36234
2024-10-08 07:00:00,1.36233,1.36246,1.36189,1.36204
2024-10-08 08:00:00,1.36206,1.36297,1.36173,1.36285
2024-10-08 09:00:00,1.36284,1.36391,1.36262,1.36389
2024-10-08 10:00:00,1.36388,1.36475,1.36379,1.36387
2024-10-08 11:00:00,1.36385,1.36475,1.3635,1.36407
2024-10-08 12:00:00,1.36406,1.36445,1.3638,1.36436
2024-10-08 13:00:00,1.36436,1.36466,1.36382,1.36395
2024-10-08 14:00:00,1.36392,1.36418,1.3636,1.36383
2024-10-08 15:00:00,1.36383,1.36482,1.36359,1.36455
2024-10-08 16:00:00,1.36455,1.3658299999999999,1.3638,1.36533
2024-10-08 17:00:00,1.36531,1.36748,1.36484,1.36684
2024-10-08 18:00:00,1.36682,1.3675,1.36619,1.36626
2024-10-08 19:00:00,1.36626,1.36649,1.3655300000000001,1.36638
2024-10-08 20:00:00,1.36636,1.36683,1.3653,1.36532
2024-10-08 21:00:00,1.36533,1.36579,1.36511,1.36558
2024-10-08 22:00:00,1.3656,1.36594,1.3646099999999999,1.36478
2024-10-08 23:00:00,1.36478,1.36526,1.36421,1.36447
2024-10-09 00:00:00,1.36423,1.36471,1.36423,1.36455
2024-10-09 01:00:00,1.36453,1.3648799999999999,1.3642699999999999,1.3642699999999999
2024-10-09 02:00:00,1.3643,1.36547,1.36426,1.3654600000000001
2024-10-09 03:00:00,1.3654600000000001,1.36566,1.36509,1.36531
2024-10-09 04:00:00,1.36531,1.36585,1.365,1.3657
2024-10-09 05:00:00,1.3657,1.36603,1.36531,1.36586
2024-10-09 06:00:00,1.36587,1.36635,1.36575,1.36621
2024-10-09 07:00:00,1.36621,1.36638,1.36594,1.36611
2024-10-09 08:00:00,1.3660700000000001,1.3660700000000001,1.36468,1.36532
2024-10-09 09:00:00,1.36532,1.36613,1.3651900000000001,1.36604
2024-10-09 10:00:00,1.36604,1.36697,1.36604,1.36691
2024-10-09 11:00:00,1.3669,1.3673899999999999,1.36677,1.3670200000000001
2024-10-09 12:00:00,1.3670200000000001,1.36716,1.36643,1.36651
2024-10-09 13:00:00,1.36652,1.36731,1.36642,1.3672
2024-10-09 14:00:00,1.36719,1.36788,1.36718,1.36782
2024-10-09 15:00:00,1.36782,1.3686099999999999,1.36727,1.36834
2024-10-09 16:00:00,1.36833,1.36857,1.36753,1.3677000000000001
2024-10-09 17:00:00,1.3677000000000001,1.36945,1.36733,1.36891
2024-10-09 18:00:00,1.36887,1.36889,1.36783,1.3685399999999999
2024-10-09 19:00:00,1.36857,1.36928,1.36835,1.36927
2024-10-09 20:00:00,1.36927,1.36978,1.36916,1.36934
2024-10-09 21:00:00,1.3691200000000001,1.371,1.3691200000000001,1.3709799999999999
2024-10-09 22:00:00,1.37096,1.37186,1.37011,1.37119
2024-10-09 23:00:00,1.37116,1.37177,1.37082,1.37086
2024-10-10 00:00:00,1.37086,1.37103,1.36826,1.37079
2024-10-10 01:00:00,1.37058,1.37137,1.37022,1.37119
2024-10-10 02:00:00,1.37119,1.37125,1.3708,1.37097
2024-10-10 03:00:00,1.37097,1.37121,1.37081,1.37112
2024-10-10 04:00:00,1.37117,1.37126,1.37062,1.37115
2024-10-10 05:00:00,1.37114,1.37145,1.37046,1.37073
2024-10-10 06:00:00,1.37074,1.37079,1.37045,1.37061
2024-10-10 07:00:00,1.37061,1.3709,1.37045,1.37055
2024-10-10 08:00:00,1.37055,1.3712,1.3704399999999999,1.37115
2024-10-10 09:00:00,1.37117,1.3719000000000001,1.37081,1.3719000000000001
2024-10-10 10:00:00,1.3719299999999999,1.37287,1.37184,1.3728500000000001
2024-10-10 11:00:00,1.3728500000000001,1.37345,1.3728500000000001,1.3734
2024-10-10 12:00:00,1.3734,1.3734600000000001,1.37313,1.37335
2024-10-10 13:00:00,1.37335,1.37382,1.37323,1.3737
2024-10-10 14:00:00,1.37371,1.37534,1.3737,1.37524
2024-10-10 15:00:00,1.37526,1.37545,1.37297,1.3740999999999999
2024-10-10 16:00:00,1.37408,1.37682,1.37357,1.37584
2024-10-10 17:00:00,1.37573,1.37634,1.37478,1.3756
2024-10-10 18:00:00,1.3756,1.37596,1.37509,1.3752900000000001
2024-10-10 19:00:00,1.37526,1.37653,1.3749,1.37643
2024-10-10 20:00:00,1.3764,1.3775,1.37515,1.3754
2024-10-10 21:00:00,1.37539,1.37607,1.37501,1.37584
2024-10-10 22:00:00,1.37581,1.37595,1.37413,1.37423
2024-10-10 23:00:00,1.37424,1.37449,1.37368,1.37397
2024-10-11 00:00:00,1.37379,1.37412,1.3735,1.374
2024-10-11 01:00:00,1.37388,1.3744399999999999,1.37387,1.37435
2024-10-11 02:00:00,1.37435,1.3746399999999999,1.37423,1.3746
2024-10-11 03:00:00,1.37459,1.37511,1.3743699999999999,1.37479
2024-10-11 04:00:00,1.37478,1.37549,1.37459,1.3754
2024-10-11 05:00:00,1.37538,1.37591,1.37535,1.37541
2024-10-11 06:00:00,1.3754,1.37569,1.37526,1.3753600000000001
2024-10-11 07:00:00,1.3753600000000001,1.3755,1.37507,1.37535
2024-10-11 08:00:00,1.3753600000000001,1.37552,1.37513,1.37548
2024-10-11 09:00:00,1.37551,1.3768099999999999,1.37551,1.37643
2024-10-11 10:00:00,1.37642,1.37664,1.37553,1.37567
2024-10-11 11:00:00,1.37567,1.37661,1.37524,1.37641
2024-10-11 12:00:00,1.37638,1.37676,1.37574,1.37659
2024-10-11 13:00:00,1.3766,1.37694,1.37628,1.37666
2024-10-11 14:00:00,1.37664,1.37792,1.37644,1.3773900000000001
2024-10-11 15:00:00,1.37736,1.37835,1.3725,1.37493
2024-10-11 16:00:00,1.3749,1.37621,1.37458,1.37533
2024-10-11 17:00:00,1.37534,1.37772,1.37423,1.37731
2024-10-11 18:00:00,1.37732,1.37735,1.3763,1.3768
2024-10-11 19:00:00,1.37679,1.3771,1.37571,1.37585
2024-10-11 20:00:00,1.37583,1.37608,1.3755600000000001,1.37573
2024-10-11 21:00:00,1.37575,1.37615,1.3755,1.37605
2024-10-11 22:00:00,1.37606,1.3762699999999999,1.37586,1.37614
2024-10-11 23:00:00,1.3761700000000001,1.37642,1.37586,1.37618
2024-10-14 00:00:00,1.37622,1.3763,1.37512,1.3761700000000001
2024-10-14 01:00:00,1.37616,1.37793,1.37604,1.37785
2024-10-14 02:00:00,1.37784,1.37848,1.37759,1.37822
2024-10-14 03:00:00,1.37823,1.37865,1.3776,1.37797
2024-10-14 04:00:00,1.37796,1.3787,1.37775,1.37846
2024-10-14 05:00:00,1.37846,1.37891,1.37775,1.37789
2024-10-14 06:00:00,1.37789,1.37815,1.3772199999999999,1.37755
2024-10-14 07:00:00,1.37755,1.3777599999999999,1.3774600000000001,1.37767
2024-10-14 08:00:00,1.37767,1.37777,1.37737,1.37743
2024-10-14 09:00:00,1.3774199999999999,1.37786,1.37705,1.3778000000000001
2024-10-14 10:00:00,1.37779,1.37825,1.3773,1.37811
2024-10-14 11:00:00,1.37811,1.37884,1.37792,1.37866
2024-10-14 12:00:00,1.3786399999999999,1.37949,1.37836,1.37944
2024-10-14 13:00:00,1.37944,1.37978,1.3792499999999999,1.3796
2024-10-14 14:00:00,1.3796300000000001,1.37977,1.37879,1.37886
2024-10-14 15:00:00,1.37886,1.37968,1.3784399999999999,1.3795899999999999
2024-10-14 16:00:00,1.37964,1.38006,1.3780299999999999,1.37848
2024-10-14 17:00:00,1.37848,1.38002,1.37836,1.37876
2024-10-14 18:00:00,1.37874,1.37972,1.37863,1.37957
2024-10-14 19:00:00,1.37957,1.37999,1.37941,1.37949
2024-10-14 20:00:00,1.37948,1.3798300000000001,1.37948,1.3795899999999999
2024-10-14 21:00:00,1.3796,1.38021,1.37939,1.3801700000000001
2024-10-14 22:00:00,1.38009,1.38052,1.3792200000000001,1.37957
2024-10-14 23:00:00,1.3795600000000001,1.37968,1.37907,1.37921
2024-10-15 00:00:00,1.37934,1.37957,1.37728,1.3786100000000001
2024-10-15 01:00:00,1.37885,1.38009,1.37867,1.38004
2024-10-15 02:00:00,1.37998,1.38032,1.3799000000000001,1.38022
2024-10-15 03:00:00,1.38021,1.38022,1.37957,1.37961
2024-10-15 04:00:00,1.3796300000000001,1.38002,1.37954,1.37962
2024-10-15 05:00:00,1.3796300000000001,1.38046,1.37953,1.3803
2024-10-15 06:00:00,1.3803,1.38049,1.37984,1.38042
2024-10-15 07:00:00,1.38042,1.38074,1.38039,1.3805
2024-10-15 08:00:00,1.3805,1.38151,1.3805,1.381
2024-10-15 09:00:00,1.38099,1.38124,1.38042,1.38072
2024-10-15 10:00:00,1.38073,1.38137,1.38067,1.38095
2024-10-15 11:00:00,1.38093,1.38121,1.38035,1.38061
2024-10-15 12:00:00,1.38058,1.38119,1.38045,1.3808
2024-10-15 13:00:00,1.3808,1.38125,1.38056,1.38124
2024-10-15 14:00:00,1.38124,1.38172,1.38109,1.38167
2024-10-15 15:00:00,1.38168,1.3838300000000001,1.3814199999999999,1.3825
2024-10-15 16:00:00,1.3825,1.38255,1.37999,1.38145
2024-10-15 17:00:00,1.38145,1.38195,1.37968,1.37991
2024-10-15 18:00:00,1.37991,1.38065,1.37975,1.38031
2024-10-15 19:00:00,1.38031,1.3804,1.3790499999999999,1.37996
2024-10-15 20:00:00,1.37994,1.38114,1.37991,1.38052
2024-10-15 21:00:00,1.38043,1.3805,1.37913,1.37924
2024-10-15 22:00:00,1.37924,1.37955,1.37843,1.37847
2024-10-15 23:00:00,1.37846,1.37851,1.37698,1.37723
2024-10-16 00:00:00,1.3772,1.3774199999999999,1.37695,1.37733
2024-10-16 01:00:00,1.37738,1.37833,1.37736,1.37747
2024-10-16 02:00:00,1.37745,1.37829,1.3772,1.37806
2024-10-16 03:00:00,1.37806,1.379,1.37806,1.37865
2024-10-16 04:00:00,1.37866,1.3787099999999999,1.37784,1.37792
2024-10-16 05:00:00,1.37791,1.37835,1.3774899999999999,1.37762
2024-10-16 06:00:00,1.37762,1.3778299999999999,1.37723,1.3776
2024-10-16 07:00:00,1.37759,1.37785,1.3774,1.3777
2024-10-16 08:00:00,1.3777,1.37806,1.3773900000000001,1.37758
2024-10-16 09:00:00,1.37758,1.37845,1.37756,1.37775
2024-10-16 10:00:00,1.37775,1.37862,1.37754,1.37815
2024-10-16 11:00:00,1.37815,1.3792900000000001,1.37813,1.37901
2024-10-16 12:00:00,1.379,1.37911,1.3783,1.37859
2024-10-16 13:00:00,1.3786,1.37901,1.3784100000000001,1.37894
2024-10-16 14:00:00,1.37893,1.37903,1.37802,1.37817
2024-10-16 15:00:00,1.37815,1.37842,1.3773900000000001,1.37798
2024-10-16 16:00:00,1.37799,1.37847,1.37671,1.37723
2024-10-16 17:00:00,1.37721,1.3783400000000001,1.37709,1.37765
2024-10-16 18:00:00,1.37765,1.37818,1.37692,1.37723
2024-10-16 19:00:00,1.37725,1.37744,1.37655,1.37657
2024-10-16 20:00:00,1.37657,1.3768,1.37632,1.37637
2024-10-16 21:00:00,1.37637,1.3764,1.3755899999999999,1.37598
2024-10-16 22:00:00,1.37599,1.3761999999999999,1.37496,1.37501
2024-10-16 23:00:00,1.3750200000000001,1.3753199999999999,1.37485,1.37492
2024-10-17 00:00:00,1.3754,1.3754,1.37457,1.37514
2024-10-17 01:00:00,1.37523,1.37568,1.37489,1.37565
2024-10-17 02:00:00,1.37565,1.37586,1.37557,1.37561
2024-10-17 03:00:00,1.37561,1.37564,1.37509,1.37539
2024-10-17 04:00:00,1.37538,1.37546,1.37499,1.375
2024-10-17 05:00:00,1.375,1.37602,1.37469,1.3755
2024-10-17 06:00:00,1.37551,1.37655,1.37542,1.37626
2024-10-17 07:00:00,1.37625,1.37648,1.37614,1.37645
2024-10-17 08:00:00,1.37646,1.3765100000000001,1.37601,1.37637
2024-10-17 09:00:00,1.3764,1.37764,1.37635,1.37758
2024-10-17 10:00:00,1.37759,1.37849,1.37759,1.37828
2024-10-17 11:00:00,1.37828,1.37851,1.3780299999999999,1.37812
2024-10-17 12:00:00,1.3780999999999999,1.37832,1.37778,1.37826
2024-10-17 13:00:00,1.37825,1.37832,1.37777,1.37801
2024-10-17 14:00:00,1.37801,1.3780299999999999,1.3774199999999999,1.37762
2024-10-17 15:00:00,1.37761,1.37933,1.37757,1.37806
2024-10-17 16:00:00,1.37809,1.37927,1.3771200000000001,1.37765
2024-10-17 17:00:00,1.37764,1.3789,1.37745,1.3787099999999999
2024-10-17 18:00:00,1.37873,1.37919,1.37788,1.37913
2024-10-17 19:00:00,1.37914,1.37967,1.3787099999999999,1.37889
2024-10-17 20:00:00,1.37885,1.37976,1.37879,1.37924
2024-10-17 21:00:00,1.37923,1.38,1.37884,1.3799000000000001
2024-10-17 22:00:00,1.37991,1.3801,1.3796300000000001,1.37994
2024-10-17 23:00:00,1.3799299999999999,1.38,1.37924,1.3794
2024-10-18 00:00:00,1.37948,1.37948,1.37867,1.3792900000000001
2024-10-18 01:00:00,1.3792200000000001,1.37981,1.37921,1.3798
2024-10-18 02:00:00,1.37975,1.37991,1.37944,1.37961
2024-10-18 03:00:00,1.37961,1.38,1.37947,1.37973
2024-10-18 04:00:00,1.37974,1.37974,1.37901,1.37923
2024-10-18 05:00:00,1.3792200000000001,1.37987,1.37857,1.3793199999999999
2024-10-18 06:00:00,1.37934,1.37969,1.37913,1.37939
2024-10-18 07:00:00,1.37937,1.37961,1.37923,1.37945
2024-10-18 08:00:00,1.3794,1.37971,1.3792,1.37936
2024-10-18 09:00:00,1.37936,1.37981,1.37879,1.3797
2024-10-18 10:00:00,1.37972,1.37998,1.37904,1.37917
2024-10-18 11:00:00,1.37917,1.37946,1.37904,1.37943
2024-10-18 12:00:00,1.37943,1.3795600000000001,1.37892,1.37928
2024-10-18 13:00:00,1.37926,1.37969,1.37911,1.37912
2024-10-18 14:00:00,1.37913,1.37942,1.37854,1.37883
2024-10-18 15:00:00,1.37882,1.3796599999999999,1.37872,1.37953
2024-10-18 16:00:00,1.37954,1.38002,1.37883,1.37985
2024-10-18 17:00:00,1.37985,1.38075,1.3796,1.3805100000000001
2024-10-18 18:00:00,1.3805100000000001,1.381,1.38008,1.38045
2024-10-18 19:00:00,1.38045,1.38067,1.37951,1.37961
2024-10-18 20:00:00,1.37961,1.38099,1.37958,1.3804
2024-10-18 21:00:00,1.3804,1.38147,1.38038,1.38094
2024-10-18 22:00:00,1.38093,1.3811200000000001,1.38052,1.38073
2024-10-18 23:00:00,1.38073,1.38092,1.37968,1.3798
2024-10-21 00:00:00,1.37975,1.3804,1.37949,1.38034
2024-10-21 01:00:00,1.38014,1.38056,1.37995,1.38003
2024-10-21 02:00:00,1.38003,1.38025,1.3799000000000001,1.38001
2024-10-21 03:00:00,1.37996,1.38095,1.37991,1.3807
2024-10-21 04:00:00,1.38069,1.38076,1.3801,1.38061
2024-10-21 05:00:00,1.38061,1.38066,1.38023,1.38057
2024-10-21 06:00:00,1.38058,1.38077,1.3804400000000001,1.3806
2024-10-21 07:00:00,1.3806,1.38116,1.38059,1.38096
2024-10-21 08:00:00,1.38096,1.3811499999999999,1.38071,1.38102
2024-10-21 09:00:00,1.38104,1.38212,1.38104,1.38202
2024-10-21 10:00:00,1.38202,1.38208,1.38136,1.38166
2024-10-21 11:00:00,1.38165,1.38194,1.38124,1.38144
2024-10-21 12:00:00,1.38144,1.38216,1.3811499999999999,1.3820999999999999
2024-10-21 13:00:00,1.38212,1.3826100000000001,1.38209,1.38235
2024-10-21 14:00:00,1.38232,1.3823400000000001,1.3816899999999999,1.38178
2024-10-21 15:00:00,1.38178,1.38225,1.38124,1.38194
2024-10-21 16:00:00,1.38194,1.38275,1.38186,1.38243
2024-10-21 17:00:00,1.3824,1.38366,1.38226,1.38323
2024-10-21 18:00:00,1.38323,1.38487,1.3832200000000001,1.38469
2024-10-21 19:00:00,1.38472,1.38494,1.38423,1.38433
2024-10-21 20:00:00,1.38433,1.3844,1.38331,1.38347
2024-10-21 21:00:00,1.38347,1.38416,1.38338,1.38409
2024-10-21 22:00:00,1.38409,1.38433,1.38319,1.38352
2024-10-21 23:00:00,1.38357,1.38369,1.38289,1.38303
2024-10-22 00:00:00,1.3829500000000001,1.3833,1.38211,1.38321
2024-10-22 01:00:00,1.38321,1.3836,1.38309,1.3836
2024-10-22 02:00:00,1.38358,1.38364,1.38328,1.3834
2024-10-22 03:00:00,1.3834,1.38377,1.3832,1.38348
2024-10-22 04:00:00,1.38347,1.38353,1.38287,1.38315
2024-10-22 05:00:00,1.38315,1.3835600000000001,1.38289,1.38348
2024-10-22 06:00:00,1.3835,1.38352,1.38283,1.38288
2024-10-22 07:00:00,1.38288,1.38305,1.3827,1.38289
2024-10-22 08:00:00,1.3829,1.38306,1.38255,1.38303
2024-10-22 09:00:00,1.38308,1.38318,1.38213,1.38284
2024-10-22 10:00:00,1.38285,1.38304,1.3822999999999999,1.38277
2024-10-22 11:00:00,1.38277,1.38344,1.38253,1.38342
2024-10-22 12:00:00,1.38341,1.3836300000000001,1.38281,1.38345
2024-10-22 13:00:00,1.38346,1.38357,1.38277,1.3832
2024-10-22 14:00:00,1.38319,1.3832200000000001,1.38269,1.38309
2024-10-22 15:00:00,1.3831,1.38316,1.3826,1.38281
2024-10-22 16:00:00,1.38281,1.38297,1.38137,1.38231
2024-10-22 17:00:00,1.38231,1.38303,1.38181,1.3820700000000001
2024-10-22 18:00:00,1.38206,1.3832,1.38191,1.38304
2024-10-22 19:00:00,1.38306,1.38326,1.38253,1.3829099999999999
2024-10-22 20:00:00,1.38288,1.38312,1.38198,1.38206
2024-10-22 21:00:00,1.38206,1.38223,1.38174,1.38216
2024-10-22 22:00:00,1.38217,1.38232,1.3814600000000001,1.38205
2024-10-22 23:00:00,1.38206,1.38236,1.3814,1.38158
2024-10-23 00:00:00,1.3815,1.38269,1.38048,1.38164
2024-10-23 01:00:00,1.38165,1.38214,1.3814899999999999,1.38177
2024-10-23 02:00:00,1.38177,1.3820000000000001,1.38168,1.38177
2024-10-23 03:00:00,1.38178,1.38255,1.3817599999999999,1.38254
2024-10-23 04:00:00,1.38253,1.38288,1.38236,1.38238
2024-10-23 05:00:00,1.3823699999999999,1.38239,1.38163,1.3818
2024-10-23 06:00:00,1.38179,1.38217,1.38159,1.38185
2024-10-23 07:00:00,1.38184,1.38214,1.38182,1.38198
2024-10-23 08:00:00,1.38198,1.38216,1.38187,1.38189
2024-10-23 09:00:00,1.38189,1.38265,1.38171,1.38236
2024-10-23 10:00:00,1.38235,1.38269,1.38189,1.3824
2024-10-23 11:00:00,1.38242,1.3826,1.38223,1.3825
2024-10-23 12:00:00,1.3825,1.38265,1.38242,1.38254
2024-10-23 13:00:00,1.38253,1.3831,1.38222,1.3831
2024-10-23 14:00:00,1.38311,1.38374,1.38274,1.38364
2024-10-23 15:00:00,1.38364,1.38475,1.3835600000000001,1.3845399999999999
2024-10-23 16:00:00,1.38455,1.38463,1.38294,1.38404
2024-10-23 17:00:00,1.38405,1.38625,1.3838,1.3846
2024-10-23 18:00:00,1.38459,1.38528,1.3838300000000001,1.38387
2024-10-23 19:00:00,1.3838599999999999,1.3845100000000001,1.38379,1.38405
2024-10-23 20:00:00,1.38406,1.38428,1.38361,1.38406
2024-10-23 21:00:00,1.38407,1.38496,1.38354,1.384
2024-10-23 22:00:00,1.384,1.38428,1.3835,1.3836
2024-10-23 23:00:00,1.38358,1.38403,1.38338,1.38339
2024-10-24 00:00:00,1.38338,1.38365,1.3833,1.38357
2024-10-24 01:00:00,1.38357,1.38412,1.38339,1.38411
2024-10-24 02:00:00,1.3841,1.38419,1.38368,1.38375
2024-10-24 03:00:00,1.38373,1.38385,1.38238,1.3824
2024-10-24 04:00:00,1.3824,1.38301,1.38238,1.38281
2024-10-24 05:00:00,1.38282,1.38299,1.38232,1.38253
2024-10-24 06:00:00,1.38253,1.3827099999999999,1.3824,1.38262
2024-10-24 07:00:00,1.3826100000000001,1.38272,1.38222,1.38232
2024-10-24 08:00:00,1.38232,1.38246,1.38213,1.38229
2024-10-24 09:00:00,1.38229,1.38287,1.38216,1.38251
2024-10-24 10:00:00,1.38255,1.3826399999999999,1.38181,1.38183
2024-10-24 11:00:00,1.38183,1.38224,1.38134,1.38151
2024-10-24 12:00:00,1.38152,1.38189,1.38131,1.38183
2024-10-24 13:00:00,1.38183,1.38186,1.38125,1.3817300000000001
2024-10-24 14:00:00,1.38172,1.38224,1.38141,1.3817599999999999
2024-10-24 15:00:00,1.38171,1.38262,1.38128,1.3825
2024-10-24 16:00:00,1.38252,1.38351,1.38174,1.38306
2024-10-24 17:00:00,1.38297,1.3853,1.38279,1.3848799999999999
2024-10-24 18:00:00,1.3848500000000001,1.3857599999999999,1.38429,1.38575
2024-10-24 19:00:00,1.3857599999999999,1.38684,1.38575,1.3862999999999999
2024-10-24 20:00:00,1.3862999999999999,1.38636,1.38457,1.38552
2024-10-24 21:00:00,1.38552,1.3856899999999999,1.385,1.38556
2024-10-24 22:00:00,1.38556,1.38577,1.38503,1.3853
2024-10-24 23:00:00,1.3853,1.38553,1.38483,1.38537
2024-10-25 00:00:00,1.38492,1.3854199999999999,1.38468,1.38509
2024-10-25 01:00:00,1.38503,1.38548,1.38492,1.3854
2024-10-25 02:00:00,1.3853900000000001,1.38555,1.38526,1.38536
2024-10-25 03:00:00,1.38536,1.38543,1.38498,1.38507
2024-10-25 04:00:00,1.38511,1.38523,1.38479,1.3851200000000001
2024-10-25 05:00:00,1.3851200000000001,1.3854,1.38473,1.3848
2024-10-25 06:00:00,1.3848,1.3856,1.3848,1.38548
2024-10-25 07:00:00,1.38548,1.38557,1.38529,1.38541
2024-10-25 08:00:00,1.38541,1.38545,1.3849,1.38504
2024-10-25 09:00:00,1.38502,1.38559,1.3849,1.38524
2024-10-25 10:00:00,1.38518,1.38526,1.3844699999999999,1.38455
2024-10-25 11:00:00,1.38455,1.38504,1.38442,1.3849
2024-10-25 12:00:00,1.3849,1.38499,1.38446,1.3847
2024-10-25 13:00:00,1.38469,1.3848799999999999,1.38456,1.3848
2024-10-25 14:00:00,1.3848099999999999,1.38507,1.3844400000000001,1.38483
2024-10-25 15:00:00,1.38484,1.38525,1.3839299999999999,1.38404
2024-10-25 16:00:00,1.38404,1.38606,1.38381,1.38581
2024-10-25 17:00:00,1.38582,1.3872900000000001,1.38537,1.38644
2024-10-25 18:00:00,1.38645,1.38826,1.38633,1.38825
2024-10-25 19:00:00,1.38826,1.38877,1.3878599999999999,1.38812
2024-10-25 20:00:00,1.38811,1.38916,1.38806,1.38907
2024-10-25 21:00:00,1.38906,1.38931,1.38785,1.3885399999999999
2024-10-25 22:00:00,1.38852,1.3896899999999999,1.38838,1.38965
2024-10-25 23:00:00,1.38967,1.38972,1.3891,1.38913
2024-10-28 00:00:00,1.38877,1.38977,1.38861,1.38967
2024-10-28 01:00:00,1.38967,1.3896899999999999,1.38926,1.38958
2024-10-28 02:00:00,1.38959,1.38968,1.38918,1.38964
2024-10-28 03:00:00,1.38964,1.3899,1.38944,1.3896600000000001
2024-10-28 04:00:00,1.38967,1.3900299999999999,1.38936,1.38992
2024-10-28 05:00:00,1.38992,1.39047,1.3898,1.39046
2024-10-28 06:00:00,1.39046,1.39062,1.38981,1.38986
2024-10-28 07:00:00,1.38986,1.39011,1.3896899999999999,1.38984
2024-10-28 08:00:00,1.38986,1.38986,1.3887800000000001,1.38892
2024-10-28 09:00:00,1.38887,1.38897,1.3885399999999999,1.38897
2024-10-28 10:00:00,1.38897,1.38937,1.38866,1.38873
2024-10-28 11:00:00,1.38871,1.38992,1.38863,1.3896
2024-10-28 12:00:00,1.38962,1.38963,1.38885,1.38913
2024-10-28 13:00:00,1.38913,1.38937,1.38909,1.38925
2024-10-28 14:00:00,1.38928,1.38986,1.38919,1.38928
2024-10-28 15:00:00,1.38928,1.38974,1.38821,1.38868
2024-10-28 16:00:00,1.38867,1.39005,1.38856,1.38924
2024-10-28 17:00:00,1.38924,1.39082,1.3891200000000001,1.39036
2024-10-28 18:00:00,1.39035,1.39041,1.38946,1.38992
2024-10-28 19:00:00,1.38992,1.39002,1.38895,1.38921
2024-10-28 20:00:00,1.38921,1.38967,1.38895,1.38955
2024-10-28 21:00:00,1.38955,1.38965,1.38884,1.38896
2024-10-28 22:00:00,1.38896,1.38904,1.38865,1.3887399999999999
2024-10-28 23:00:00,1.3888099999999999,1.38902,1.38703,1.38891
2024-10-29 00:00:00,1.38891,1.38952,1.38891,1.38936
2024-10-29 01:00:00,1.3893,1.38941,1.38877,1.38883
2024-10-29 02:00:00,1.38883,1.38927,1.38869,1.38904
2024-10-29 03:00:00,1.38904,1.38932,1.38866,1.38887
2024-10-29 04:00:00,1.38886,1.38923,1.38866,1.38907
2024-10-29 05:00:00,1.3890799999999999,1.38983,1.38898,1.38975
2024-10-29 06:00:00,1.3897300000000001,1.38994,1.38959,1.38985
2024-10-29 07:00:00,1.38983,1.3900000000000001,1.38948,1.38952
2024-10-29 08:00:00,1.38951,1.38958,1.38893,1.38903
2024-10-29 09:00:00,1.3890500000000001,1.3890500000000001,1.38858,1.38873
2024-10-29 10:00:00,1.38873,1.38903,1.38772,1.38802
2024-10-29 11:00:00,1.38801,1.38819,1.38763,1.38797
2024-10-29 12:00:00,1.38797,1.38819,1.38774,1.38816
2024-10-29 13:00:00,1.3881700000000001,1.3890799999999999,1.38812,1.3889
2024-10-29 14:00:00,1.38891,1.39033,1.38891,1.39022
2024-10-29 15:00:00,1.39022,1.39118,1.38961,1.38961
2024-10-29 16:00:00,1.38946,1.3902,1.3883,1.38994
2024-10-29 17:00:00,1.38994,1.39199,1.38983,1.39086
2024-10-29 18:00:00,1.39085,1.39293,1.3903400000000001,1.39221
2024-10-29 19:00:00,1.39222,1.3926,1.39134,1.39216
2024-10-29 20:00:00,1.39212,1.39256,1.3915899999999999,1.3921700000000001
2024-10-29 21:00:00,1.3921700000000001,1.39238,1.39163,1.39174
2024-10-29 22:00:00,1.39171,1.39206,1.3912499999999999,1.39126
2024-10-29 23:00:00,1.39119,1.39178,1.39031,1.3912499999999999
2024-10-30 00:00:00,1.39109,1.3918,1.39086,1.39119
2024-10-30 01:00:00,1.39119,1.3915199999999999,1.39109,1.3915199999999999
2024-10-30 02:00:00,1.39153,1.39153,1.39074,1.39123
2024-10-30 03:00:00,1.39127,1.39148,1.39085,1.39128
2024-10-30 04:00:00,1.3913,1.39196,1.3912499999999999,1.3918300000000001
2024-10-30 05:00:00,1.39181,1.3924699999999999,1.3918,1.39214
2024-10-30 06:00:00,1.39214,1.39229,1.39179,1.39202
2024-10-30 07:00:00,1.39204,1.39225,1.3919000000000001,1.392
2024-10-30 08:00:00,1.392,1.39201,1.39124,1.39141
2024-10-30 09:00:00,1.39141,1.39215,1.39132,1.39182
2024-10-30 10:00:00,1.3918300000000001,1.3918300000000001,1.3902700000000001,1.39067
2024-10-30 11:00:00,1.3906399999999999,1.39166,1.39046,1.39141
2024-10-30 12:00:00,1.39141,1.39233,1.39096,1.39211
2024-10-30 13:00:00,1.39209,1.39275,1.39208,1.39265
2024-10-30 14:00:00,1.39263,1.39365,1.39182,1.39341
2024-10-30 15:00:00,1.3934,1.39402,1.39079,1.39145
2024-10-30 16:00:00,1.39145,1.39253,1.39093,1.39245
2024-10-30 17:00:00,1.39245,1.39319,1.39102,1.39111
2024-10-30 18:00:00,1.3911,1.39208,1.39054,1.39166
2024-10-30 19:00:00,1.39175,1.39185,1.38997,1.39014
2024-10-30 20:00:00,1.39011,1.39052,1.38968,1.3899
2024-10-30 21:00:00,1.38988,1.39043,1.38949,1.3900299999999999
2024-10-30 22:00:00,1.39004,1.39032,1.38959,1.39029
2024-10-30 23:00:00,1.39043,1.3907,1.38986,1.38989
2024-10-31 00:00:00,1.38989,1.39094,1.38977,1.3909099999999999
2024-10-31 01:00:00,1.3909099999999999,1.39102,1.39055,1.3909
2024-10-31 02:00:00,1.3908800000000001,1.3918300000000001,1.3907,1.39153
2024-10-31 03:00:00,1.39154,1.39171,1.3908800000000001,1.39161
2024-10-31 04:00:00,1.39162,1.3919000000000001,1.3914,1.39174
2024-10-31 05:00:00,1.39173,1.39189,1.39153,1.39181
2024-10-31 06:00:00,1.39181,1.39208,1.39163,1.39197
2024-10-31 07:00:00,1.39202,1.3921299999999999,1.39154,1.39166
2024-10-31 08:00:00,1.39164,1.3918300000000001,1.3914,1.3915600000000001
2024-10-31 09:00:00,1.39154,1.39203,1.3912,1.39166
2024-10-31 10:00:00,1.39165,1.39195,1.39101,1.39194
2024-10-31 11:00:00,1.39194,1.3921999999999999,1.39173,1.39184
2024-10-31 12:00:00,1.39189,1.39252,1.39166,1.39229
2024-10-31 13:00:00,1.3923,1.39272,1.39138,1.39139
2024-10-31 14:00:00,1.39139,1.3918300000000001,1.39026,1.39051
2024-10-31 15:00:00,1.39049,1.39087,1.3890799999999999,1.39041
2024-10-31 16:00:00,1.39042,1.39134,1.3897300000000001,1.39102
2024-10-31 17:00:00,1.39101,1.39452,1.3909,1.39397
2024-10-31 18:00:00,1.39395,1.39406,1.39296,1.39299
2024-10-31 19:00:00,1.39297,1.39297,1.39166,1.39226
2024-10-31 20:00:00,1.39225,1.3924,1.3907,1.3908
2024-10-31 21:00:00,1.39079,1.39238,1.39071,1.39232
2024-10-31 22:00:00,1.39232,1.3936899999999999,1.39177,1.39317
2024-10-31 23:00:00,1.39319,1.39353,1.39257,1.39294
2024-11-01 00:00:00,1.39288,1.39309,1.39263,1.39296
2024-11-01 01:00:00,1.39293,1.39351,1.39268,1.39351
2024-11-01 02:00:00,1.39351,1.3937599999999999,1.39292,1.3931
2024-11-01 03:00:00,1.3931,1.39334,1.39261,1.39282
2024-11-01 04:00:00,1.39283,1.3934199999999999,1.3927100000000001,1.39272
2024-11-01 05:00:00,1.3927100000000001,1.393,1.3925100000000001,1.39284
2024-11-01 06:00:00,1.39284,1.39287,1.3926,1.39279
2024-11-01 07:00:00,1.39279,1.39398,1.39269,1.39372
2024-11-01 08:00:00,1.39371,1.39402,1.39348,1.3937599999999999
2024-11-01 09:00:00,1.3937599999999999,1.39414,1.39327,1.39413
2024-11-01 10:00:00,1.39413,1.39421,1.3929,1.39309
2024-11-01 11:00:00,1.39307,1.39317,1.39246,1.39291
2024-11-01 12:00:00,1.39291,1.39371,1.39288,1.39338
2024-11-01 13:00:00,1.39337,1.39347,1.39239,1.3925
2024-11-01 14:00:00,1.39252,1.39324,1.39025,1.3911
2024-11-01 15:00:00,1.39108,1.3921999999999999,1.39081,1.39116
2024-11-01 16:00:00,1.39083,1.39225,1.39063,1.39165
2024-11-01 17:00:00,1.39165,1.39291,1.3914,1.39254
2024-11-01 18:00:00,1.39254,1.39446,1.39232,1.39431
2024-11-01 19:00:00,1.39431,1.39529,1.3940299999999999,1.39507
2024-11-01 20:00:00,1.39508,1.39544,1.39452,1.3951799999999999
2024-11-01 21:00:00,1.3951799999999999,1.39565,1.3948,1.39561
2024-11-01 22:00:00,1.39562,1.39588,1.3948800000000001,1.3949
2024-11-04 00:00:00,1.39204,1.39259,1.39181,1.39212
2024-11-04 01:00:00,1.39249,1.39291,1.39162,1.39208
2024-11-04 02:00:00,1.39209,1.39214,1.39128,1.3914900000000001
2024-11-04 03:00:00,1.3915,1.39168,1.39047,1.39056
2024-11-04 04:00:00,1.39056,1.39087,1.39025,1.39069
2024-11-04 05:00:00,1.39067,1.39067,1.38917,1.38949
2024-11-04 06:00:00,1.38949,1.3901,1.38945,1.39004
2024-11-04 07:00:00,1.39004,1.3906399999999999,1.3900000000000001,1.39007
2024-11-04 08:00:00,1.39007,1.39038,1.38984,1.39024
2024-11-04 09:00:00,1.39026,1.39205,1.39025,1.39201
2024-11-04 10:00:00,1.39201,1.39222,1.3909,1.39177
2024-11-04 11:00:00,1.39178,1.39194,1.3912200000000001,1.39124
2024-11-04 12:00:00,1.39123,1.39175,1.39101,1.39101
2024-11-04 13:00:00,1.39101,1.39124,1.38947,1.38956
2024-11-04 14:00:00,1.38952,1.3907,1.38931,1.39044
2024-11-04 15:00:00,1.39043,1.3912499999999999,1.38926,1.39044
2024-11-04 16:00:00,1.39045,1.39065,1.38827,1.38883
2024-11-04 17:00:00,1.38885,1.3890799999999999,1.3874900000000001,1.38895
2024-11-04 18:00:00,1.38895,1.39017,1.38836,1.3898
2024-11-04 19:00:00,1.3898,1.39022,1.38883,1.38903
2024-11-04 20:00:00,1.38903,1.3902,1.38898,1.38924
2024-11-04 21:00:00,1.38923,1.38993,1.38904,1.38971
2024-11-04 22:00:00,1.38972,1.39028,1.38936,1.39024
2024-11-04 23:00:00,1.39024,1.39032,1.3899,1.3899
2024-11-05 00:00:00,1.39002,1.3902,1.3895,1.39009
2024-11-05 01:00:00,1.3901,1.39028,1.3898,1.39012
2024-11-05 02:00:00,1.39008,1.39046,1.38981,1.38984
2024-11-05 03:00:00,1.38984,1.39065,1.38981,1.39004
2024-11-05 04:00:00,1.39005,1.39028,1.38974,1.39004
2024-11-05 05:00:00,1.39004,1.39025,1.38963,1.39024
2024-11-05 06:00:00,1.39024,1.39033,1.38972,1.39013
2024-11-05 07:00:00,1.39016,1.39017,1.38949,1.3896600000000001
2024-11-05 08:00:00,1.38965,1.3897599999999999,1.3890799999999999,1.38922
2024-11-05 09:00:00,1.38922,1.38923,1.38875,1.38886
2024-11-05 10:00:00,1.3888099999999999,1.38888,1.38822,1.38835
2024-11-05 11:00:00,1.38835,1.38868,1.38802,1.38838
2024-11-05 12:00:00,1.38838,1.38864,1.38811,1.3885399999999999
2024-11-05 13:00:00,1.3885399999999999,1.3885399999999999,1.388,1.38811
2024-11-05 14:00:00,1.38812,1.38837,1.388,1.38819
2024-11-05 15:00:00,1.38818,1.38848,1.38748,1.38816
2024-11-05 16:00:00,1.38816,1.38827,1.3850799999999999,1.38584
2024-11-05 17:00:00,1.38609,1.3873199999999999,1.3845399999999999,1.3851499999999999
2024-11-05 18:00:00,1.38517,1.38584,1.38462,1.3853
2024-11-05 19:00:00,1.38529,1.38535,1.38413,1.38464
2024-11-05 20:00:00,1.38461,1.38486,1.3842400000000001,1.3847
2024-11-05 21:00:00,1.3847,1.38472,1.38384,1.38415
2024-11-05 22:00:00,1.38415,1.38441,1.3836300000000001,1.38364
2024-11-05 23:00:00,1.38365,1.38395,1.38208,1.38224
2024-11-06 00:00:00,1.38227,1.383,1.38151,1.38287
2024-11-06 01:00:00,1.38284,1.38421,1.38235,1.38343
2024-11-06 02:00:00,1.38343,1.3889,1.3832,1.38857
2024-11-06 03:00:00,1.3885399999999999,1.38998,1.3875,1.38856
2024-11-06 04:00:00,1.3886,1.39193,1.3884,1.3918599999999999
2024-11-06 05:00:00,1.39184,1.3936,1.39108,1.39291
2024-11-06 06:00:00,1.39291,1.39295,1.39039,1.3904
2024-11-06 07:00:00,1.3904,1.39174,1.38927,1.39168
2024-11-06 08:00:00,1.39168,1.39384,1.39157,1.3927800000000001
2024-11-06 09:00:00,1.39273,1.39289,1.39112,1.39266
2024-11-06 10:00:00,1.3927,1.39314,1.38871,1.38926
2024-11-06 11:00:00,1.38928,1.39063,1.38918,1.3902999999999999
2024-11-06 12:00:00,1.39033,1.39076,1.38848,1.38925
2024-11-06 13:00:00,1.38924,1.39226,1.38886,1.39167
2024-11-06 14:00:00,1.39167,1.39208,1.39031,1.39174
2024-11-06 15:00:00,1.39179,1.3946399999999999,1.3917,1.39382
2024-11-06 16:00:00,1.39388,1.3958300000000001,1.3936,1.39422
2024-11-06 17:00:00,1.3942,1.39478,1.39203,1.39215
2024-11-06 18:00:00,1.39214,1.39375,1.39153,1.3931499999999999
2024-11-06 19:00:00,1.39316,1.39442,1.39227,1.39406
2024-11-06 20:00:00,1.3941,1.39414,1.39246,1.3934
2024-11-06 21:00:00,1.39334,1.39391,1.39298,1.39322
2024-11-06 22:00:00,1.39322,1.39392,1.3930799999999999,1.39381
2024-11-06 23:00:00,1.39382,1.39428,1.3935,1.39362
2024-11-07 00:00:00,1.39359,1.39414,1.3931200000000001,1.39406
2024-11-07 01:00:00,1.39402,1.39477,1.39379,1.39475
2024-11-07 02:00:00,1.39479,1.3948,1.39382,1.3939599999999999
2024-11-07 03:00:00,1.3939599999999999,1.3942700000000001,1.39313,1.39313
2024-11-07 04:00:00,1.39313,1.39313,1.3899599999999999,1.39006
2024-11-07 05:00:00,1.39005,1.39025,1.38902,1.38907
2024-11-07 06:00:00,1.3890500000000001,1.38985,1.38899,1.38944
2024-11-07 07:00:00,1.38945,1.38959,1.3887800000000001,1.38909
2024-11-07 08:00:00,1.3891,1.3893900000000001,1.38848,1.38849
2024-11-07 09:00:00,1.38853,1.38883,1.38777,1.3887399999999999
2024-11-07 10:00:00,1.3887399999999999,1.3887399999999999,1.38701,1.38777
2024-11-07 11:00:00,1.38779,1.3892,1.38762,1.38914
2024-11-07 12:00:00,1.3891200000000001,1.3891499999999999,1.38835,1.38846
2024-11-07 13:00:00,1.38846,1.3894,1.38846,1.38927
2024-11-07 14:00:00,1.3893,1.3897300000000001,1.3887800000000001,1.38894
2024-11-07 15:00:00,1.38894,1.3893499999999999,1.38703,1.38799
2024-11-07 16:00:00,1.38798,1.38842,1.3856899999999999,1.38599
2024-11-07 17:00:00,1.38599,1.38708,1.3856899999999999,1.3865
2024-11-07 18:00:00,1.38649,1.38758,1.3862999999999999,1.3866
2024-11-07 19:00:00,1.3866,1.38696,1.38496,1.38501
2024-11-07 20:00:00,1.38501,1.3863699999999999,1.385,1.38605
2024-11-07 21:00:00,1.38596,1.38776,1.38558,1.38612
2024-11-07 22:00:00,1.38617,1.38643,1.38421,1.38608
2024-11-07 23:00:00,1.38609,1.38643,1.38568,1.38582
2024-11-08 00:00:00,1.3857599999999999,1.38653,1.38502,1.38646
2024-11-08 01:00:00,1.38642,1.38684,1.38592,1.38681
2024-11-08 02:00:00,1.38682,1.38769,1.38666,1.38734
2024-11-08 03:00:00,1.38733,1.38781,1.38704,1.38737
2024-11-08 04:00:00,1.38736,1.38834,1.38712,1.38823
2024-11-08 05:00:00,1.38824,1.3884699999999999,1.38784,1.38836
2024-11-08 06:00:00,1.38837,1.38855,1.38785,1.38829
2024-11-08 07:00:00,1.38827,1.3885399999999999,1.38796,1.38805
2024-11-08 08:00:00,1.38805,1.38883,1.38794,1.38826
2024-11-08 09:00:00,1.38828,1.38898,1.3881299999999999,1.38865
2024-11-08 10:00:00,1.38864,1.38999,1.3884,1.38888
2024-11-08 11:00:00,1.38888,1.38898,1.38815,1.38869
2024-11-08 12:00:00,1.38869,1.3896899999999999,1.38869,1.3891200000000001
2024-11-08 13:00:00,1.38911,1.3899,1.3883,1.38974
2024-11-08 14:00:00,1.3897300000000001,1.3909500000000001,1.38965,1.3909099999999999
2024-11-08 15:00:00,1.3909099999999999,1.39196,1.39005,1.3915600000000001
2024-11-08 16:00:00,1.3915600000000001,1.39157,1.38965,1.38993
2024-11-08 17:00:00,1.38999,1.39053,1.38928,1.38968
2024-11-08 18:00:00,1.3896899999999999,1.39228,1.38968,1.39228
2024-11-08 19:00:00,1.39226,1.39277,1.39158,1.39179
2024-11-08 20:00:00,1.39178,1.39254,1.39124,1.39205
2024-11-08 21:00:00,1.39205,1.39236,1.3912900000000001,1.39134
2024-11-08 22:00:00,1.39135,1.39187,1.39119,1.39145
2024-11-08 23:00:00,1.39145,1.39147,1.39047,1.39082
2024-11-11 00:00:00,1.39079,1.39139,1.3902700000000001,1.39084
2024-11-11 01:00:00,1.39078,1.39117,1.3905699999999999,1.39105
2024-11-11 02:00:00,1.39106,1.39131,1.3905,1.39116
2024-11-11 03:00:00,1.39118,1.3915199999999999,1.3909099999999999,1.3914
2024-11-11 04:00:00,1.39141,1.39197,1.39117,1.3917
2024-11-11 05:00:00,1.39169,1.39204,1.39147,1.392
2024-11-11 06:00:00,1.39201,1.39265,1.3918599999999999,1.39221
2024-11-11 07:00:00,1.39221,1.39234,1.3916,1.39178
2024-11-11 08:00:00,1.39178,1.3918599999999999,1.39117,1.39127
2024-11-11 09:00:00,1.39127,1.3924400000000001,1.39108,1.39226
2024-11-11 10:00:00,1.39227,1.39313,1.39192,1.39243
2024-11-11 11:00:00,1.39242,1.39343,1.39238,1.39265
2024-11-11 12:00:00,1.39265,1.39311,1.39219,1.39311
2024-11-11 13:00:00,1.3931200000000001,1.3937300000000001,1.3925,1.3927
2024-11-11 14:00:00,1.3927,1.39375,1.39261,1.39364
2024-11-11 15:00:00,1.39362,1.39505,1.39358,1.39452
2024-11-11 16:00:00,1.3945400000000001,1.39481,1.3933900000000001,1.39353
2024-11-11 17:00:00,1.39352,1.3936600000000001,1.39283,1.39298
2024-11-11 18:00:00,1.39297,1.39304,1.3914900000000001,1.39175
2024-11-11 19:00:00,1.39175,1.39255,1.39142,1.39239
2024-11-11 20:00:00,1.39243,1.3930500000000001,1.39242,1.39264
2024-11-11 21:00:00,1.39264,1.39298,1.39226,1.39256
2024-11-11 22:00:00,1.39256,1.3931,1.39236,1.39242
2024-11-11 23:00:00,1.39242,1.39285,1.39223,1.39234
2024-11-12 00:00:00,1.39182,1.39252,1.39141,1.39233
2024-11-12 01:00:00,1.39226,1.39275,1.392,1.39201
2024-11-12 02:00:00,1.39202,1.39256,1.39169,1.3921999999999999
2024-11-12 03:00:00,1.39218,1.3932,1.39199,1.39319
2024-11-12 04:00:00,1.39319,1.39446,1.39319,1.39426
2024-11-12 05:00:00,1.3942700000000001,1.39467,1.3937300000000001,1.3946
2024-11-12 06:00:00,1.3946,1.39483,1.39431,1.39433
2024-11-12 07:00:00,1.39433,1.39487,1.39417,1.39478
2024-11-12 08:00:00,1.39481,1.3951799999999999,1.3946,1.39473
2024-11-12 09:00:00,1.3947,1.39582,1.3946100000000001,1.39536
2024-11-12 10:00:00,1.39537,1.39616,1.39501,1.3952
2024-11-12 11:00:00,1.3952,1.39611,1.39506,1.39606
2024-11-12 12:00:00,1.39607,1.3967100000000001,1.3958599999999999,1.39622
2024-11-12 13:00:00,1.39621,1.39625,1.39541,1.39577
2024-11-12 14:00:00,1.3957899999999999,1.39585,1.39381,1.39397
2024-11-12 15:00:00,1.39395,1.3942,1.39256,1.39256
2024-11-12 16:00:00,1.39255,1.3948800000000001,1.39249,1.39397
2024-11-12 17:00:00,1.39398,1.39477,1.393,1.39401
2024-11-12 18:00:00,1.39401,1.39568,1.39392,1.3956
2024-11-12 19:00:00,1.39561,1.39595,1.3944,1.39531
2024-11-12 20:00:00,1.3953,1.39573,1.39477,1.39484
2024-11-12 21:00:00,1.39485,1.3948800000000001,1.39418,1.3946
2024-11-12 22:00:00,1.3946100000000001,1.3946100000000001,1.39389,1.39395
2024-11-12 23:00:00,1.39395,1.39473,1.39384,1.39417
2024-11-13 00:00:00,1.3937300000000001,1.39462,1.39336,1.39458
2024-11-13 01:00:00,1.3945400000000001,1.39514,1.39442,1.39451
2024-11-13 02:00:00,1.39452,1.3952499999999999,1.39449,1.39477
2024-11-13 03:00:00,1.3948,1.3949099999999999,1.3940299999999999,1.39447
2024-11-13 04:00:00,1.39447,1.39528,1.39442,1.39467
2024-11-13 05:00:00,1.39467,1.39541,1.39458,1.39529
2024-11-13 06:00:00,1.39529,1.39542,1.39505,1.3953
2024-11-13 07:00:00,1.3953,1.39565,1.3952499999999999,1.39557
2024-11-13 08:00:00,1.39557,1.39591,1.39538,1.39568
2024-11-13 09:00:00,1.39569,1.39604,1.39531,1.39582
2024-11-13 10:00:00,1.39589,1.3961700000000001,1.39516,1.39561
2024-11-13 11:00:00,1.39562,1.3959,1.39451,1.39477
2024-11-13 12:00:00,1.39478,1.39601,1.39478,1.39574
2024-11-13 13:00:00,1.39574,1.39618,1.39493,1.395
2024-11-13 14:00:00,1.39499,1.39591,1.39476,1.39564
2024-11-13 15:00:00,1.39565,1.39623,1.39306,1.39473
2024-11-13 16:00:00,1.39475,1.3988800000000001,1.39471,1.39858
2024-11-13 17:00:00,1.39856,1.3998599999999999,1.39697,1.39699
2024-11-13 18:00:00,1.39698,1.39863,1.39688,1.39852
2024-11-13 19:00:00,1.39851,1.39893,1.3976199999999999,1.39826
2024-11-13 20:00:00,1.39825,1.39898,1.39804,1.39842
2024-11-13 21:00:00,1.39842,1.39987,1.39809,1.3998599999999999
2024-11-13 22:00:00,1.3998599999999999,1.39996,1.39962,1.39993
2024-11-13 23:00:00,1.39993,1.40025,1.39931,1.39931
2024-11-14 00:00:00,1.3992,1.3998300000000001,1.39879,1.39961
2024-11-14 01:00:00,1.39958,1.3997,1.39917,1.3991799999999999
2024-11-14 02:00:00,1.39921,1.3997600000000001,1.39878,1.39897
2024-11-14 03:00:00,1.39899,1.40019,1.39892,1.40019
2024-11-14 04:00:00,1.40018,1.40087,1.39998,1.40076
2024-11-14 05:00:00,1.4007800000000001,1.40106,1.40018,1.4010500000000001
2024-11-14 06:00:00,1.4010500000000001,1.40146,1.40102,1.40133
2024-11-14 07:00:00,1.40133,1.4019599999999999,1.40131,1.40136
2024-11-14 08:00:00,1.40138,1.40161,1.40073,1.40136
2024-11-14 09:00:00,1.40137,1.4015,1.3995199999999999,1.39981
2024-11-14 10:00:00,1.39981,1.40011,1.39937,1.3998599999999999
2024-11-14 11:00:00,1.39987,1.40076,1.39938,1.40034
2024-11-14 12:00:00,1.40035,1.40173,1.40035,1.40124
2024-11-14 13:00:00,1.40125,1.4018,1.40028,1.40038
2024-11-14 14:00:00,1.40039,1.40154,1.4003,1.40143
2024-11-14 15:00:00,1.4014199999999999,1.4020000000000001,1.39974,1.40141
2024-11-14 16:00:00,1.40138,1.4026399999999999,1.40033,1.4026100000000001
2024-11-14 17:00:00,1.40262,1.40355,1.401,1.40118
2024-11-14 18:00:00,1.40116,1.40279,1.40068,1.40256
2024-11-14 19:00:00,1.40255,1.40344,1.40245,1.40282
2024-11-14 20:00:00,1.4028100000000001,1.40396,1.4026399999999999,1.40374
2024-11-14 21:00:00,1.40375,1.4038599999999999,1.40329,1.40358
2024-11-14 22:00:00,1.40357,1.40643,1.40356,1.40588
2024-11-14 23:00:00,1.40587,1.4062299999999999,1.40537,1.40578
2024-11-15 00:00:00,1.40515,1.40586,1.40469,1.40581
2024-11-15 01:00:00,1.40577,1.40712,1.40577,1.40613
2024-11-15 02:00:00,1.40613,1.40696,1.40612,1.40643
2024-11-15 03:00:00,1.40641,1.40666,1.40577,1.4065699999999999
2024-11-15 04:00:00,1.40658,1.40669,1.40546,1.4056199999999999
2024-11-15 05:00:00,1.4056199999999999,1.40603,1.40538,1.40585
2024-11-15 06:00:00,1.40586,1.4062000000000001,1.40554,1.40618
2024-11-15 07:00:00,1.40618,1.40644,1.40603,1.40631
2024-11-15 08:00:00,1.40632,1.40682,1.4052,1.40539
2024-11-15 09:00:00,1.4054,1.40617,1.4052799999999999,1.40611
2024-11-15 10:00:00,1.40611,1.40636,1.4047100000000001,1.40477
2024-11-15 11:00:00,1.4047399999999999,1.4050500000000001,1.40392,1.40492
2024-11-15 12:00:00,1.40491,1.4051,1.40381,1.40412
2024-11-15 13:00:00,1.40414,1.40466,1.40331,1.40385
2024-11-15 14:00:00,1.40385,1.40453,1.4037600000000001,1.40435
2024-11-15 15:00:00,1.40434,1.4065400000000001,1.40334,1.40621
2024-11-15 16:00:00,1.4062000000000001,1.40853,1.40577,1.40853
2024-11-15 17:00:00,1.40851,1.41052,1.40784,1.40785
2024-11-15 18:00:00,1.40784,1.40842,1.40643,1.40762
2024-11-15 19:00:00,1.40762,1.4084400000000001,1.40703,1.4081000000000001
2024-11-15 20:00:00,1.4081000000000001,1.40878,1.40751,1.40861
2024-11-15 21:00:00,1.40858,1.40927,1.40808,1.40919
2024-11-15 22:00:00,1.40921,1.41007,1.40888,1.4089
2024-11-15 23:00:00,1.4089,1.40948,1.4084699999999999,1.40863
2024-11-18 00:00:00,1.409,1.40918,1.40826,1.40877
2024-11-18 01:00:00,1.40873,1.40939,1.4081000000000001,1.40861
2024-11-18 02:00:00,1.40861,1.40896,1.40768,1.40768
2024-11-18 03:00:00,1.40768,1.40788,1.40697,1.40743
2024-11-18 04:00:00,1.40744,1.40781,1.40698,1.40755
2024-11-18 05:00:00,1.40755,1.40886,1.40735,1.40851
2024-11-18 06:00:00,1.4085,1.40858,1.40759,1.4077899999999999
2024-11-18 07:00:00,1.40781,1.40886,1.40781,1.40859
2024-11-18 08:00:00,1.40861,1.40885,1.40829,1.4084699999999999
2024-11-18 09:00:00,1.40849,1.41005,1.40849,1.40953
2024-11-18 10:00:00,1.40954,1.41024,1.4086400000000001,1.40999
2024-11-18 11:00:00,1.41002,1.4102299999999999,1.40838,1.40876
2024-11-18 12:00:00,1.40878,1.40915,1.40865,1.40893
2024-11-18 13:00:00,1.40894,1.41015,1.40893,1.40979
2024-11-18 14:00:00,1.40978,1.40987,1.4087,1.4093200000000001
2024-11-18 15:00:00,1.40931,1.40987,1.4078300000000001,1.40831
2024-11-18 16:00:00,1.40831,1.4083999999999999,1.40673,1.4075
2024-11-18 17:00:00,1.40747,1.40747,1.40435,1.4049
2024-11-18 18:00:00,1.4049,1.40512,1.40289,1.40295
2024-11-18 19:00:00,1.40293,1.40332,1.40102,1.40133
2024-11-18 20:00:00,1.40133,1.40172,1.40064,1.40073
2024-11-18 21:00:00,1.40067,1.40234,1.40039,1.40186
2024-11-18 22:00:00,1.40184,1.4021,1.4013200000000001,1.4013200000000001
2024-11-18 23:00:00,1.40133,1.40198,1.40109,1.40122
2024-11-19 00:00:00,1.40097,1.40186,1.40041,1.40183
2024-11-19 01:00:00,1.40182,1.40225,1.4015900000000001,1.40225
2024-11-19 02:00:00,1.40224,1.4029099999999999,1.4020299999999999,1.4026399999999999
2024-11-19 03:00:00,1.4026100000000001,1.40271,1.40187,1.40199
2024-11-19 04:00:00,1.4020000000000001,1.40244,1.4016,1.40215
2024-11-19 05:00:00,1.40215,1.40215,1.4010799999999999,1.40129
2024-11-19 06:00:00,1.40128,1.40212,1.40092,1.40209
2024-11-19 07:00:00,1.40211,1.40233,1.4020000000000001,1.40216
2024-11-19 08:00:00,1.40218,1.40219,1.40138,1.40158
2024-11-19 09:00:00,1.40158,1.4026,1.40145,1.4021
2024-11-19 10:00:00,1.4021,1.40233,1.40033,1.40208
2024-11-19 11:00:00,1.40209,1.40364,1.40165,1.4028399999999999
2024-11-19 12:00:00,1.40283,1.40309,1.40167,1.4020299999999999
2024-11-19 13:00:00,1.4020299999999999,1.4026399999999999,1.4014199999999999,1.40239
2024-11-19 14:00:00,1.40237,1.40253,1.40155,1.40185
2024-11-19 15:00:00,1.40184,1.40266,1.39752,1.40057
2024-11-19 16:00:00,1.4007100000000001,1.40117,1.39839,1.39987
2024-11-19 17:00:00,1.39989,1.4001700000000001,1.39737,1.39764
2024-11-19 18:00:00,1.39763,1.39814,1.3968,1.39808
2024-11-19 19:00:00,1.39809,1.3981,1.39694,1.39784
2024-11-19 20:00:00,1.39784,1.39849,1.39692,1.39692
2024-11-19 21:00:00,1.39692,1.39715,1.39643,1.39656
2024-11-19 22:00:00,1.39657,1.39706,1.3961700000000001,1.3964400000000001
2024-11-19 23:00:00,1.39635,1.3964400000000001,1.39536,1.39537
2024-11-20 00:00:00,1.39537,1.39595,1.39527,1.3958
2024-11-20 01:00:00,1.3958,1.3958,1.39512,1.39554
2024-11-20 02:00:00,1.39555,1.39591,1.39507,1.39563
2024-11-20 03:00:00,1.39562,1.39628,1.39541,1.39596
2024-11-20 04:00:00,1.39595,1.3961700000000001,1.39568,1.39591
2024-11-20 05:00:00,1.3959,1.3967,1.3955899999999999,1.39652
2024-11-20 06:00:00,1.39651,1.3966,1.3956,1.3957
2024-11-20 07:00:00,1.3957,1.39598,1.3956,1.39594
2024-11-20 08:00:00,1.39595,1.39614,1.39504,1.3955199999999999
2024-11-20 09:00:00,1.3955899999999999,1.39648,1.39516,1.39645
2024-11-20 10:00:00,1.39648,1.39716,1.39615,1.3970799999999999
2024-11-20 11:00:00,1.39712,1.39801,1.39665,1.39784
2024-11-20 12:00:00,1.39784,1.39963,1.3976899999999999,1.39905
2024-11-20 13:00:00,1.39906,1.39995,1.39906,1.39927
2024-11-20 14:00:00,1.39928,1.39951,1.3976199999999999,1.39776
2024-11-20 15:00:00,1.39774,1.39919,1.39751,1.39876
2024-11-20 16:00:00,1.39874,1.40062,1.39814,1.40051
2024-11-20 17:00:00,1.40051,1.4014199999999999,1.39987,1.4004699999999999
2024-11-20 18:00:00,1.40051,1.40123,1.39939,1.39967
2024-11-20 19:00:00,1.39969,1.40019,1.39828,1.39893
2024-11-20 20:00:00,1.39892,1.39964,1.39859,1.3988
2024-11-20 21:00:00,1.39878,1.39909,1.39801,1.3983400000000001
2024-11-20 22:00:00,1.39842,1.3988399999999999,1.39801,1.3980299999999999
2024-11-20 23:00:00,1.39809,1.39825,1.39729,1.3973200000000001
2024-11-21 00:00:00,1.39717,1.39751,1.39638,1.39751
2024-11-21 01:00:00,1.3975,1.39754,1.39677,1.39687
2024-11-21 02:00:00,1.39686,1.39722,1.39655,1.39686
2024-11-21 03:00:00,1.39688,1.39725,1.39669,1.39714
2024-11-21 04:00:00,1.39714,1.39722,1.3967800000000001,1.39713
2024-11-21 05:00:00,1.39712,1.39734,1.39673,1.3968099999999999
2024-11-21 06:00:00,1.3968099999999999,1.39683,1.39641,1.39651
2024-11-21 07:00:00,1.3965,1.3971,1.39639,1.39709
2024-11-21 08:00:00,1.39706,1.39715,1.39629,1.3968099999999999
2024-11-21 09:00:00,1.39685,1.39724,1.39611,1.39624
2024-11-21 10:00:00,1.39627,1.39649,1.39551,1.39574
2024-11-21 11:00:00,1.39577,1.3978,1.39577,1.39756
2024-11-21 12:00:00,1.39755,1.3977,1.39664,1.39692
2024-11-21 13:00:00,1.39691,1.3970500000000001,1.3957899999999999,1.39642
2024-11-21 14:00:00,1.39641,1.39661,1.39545,1.3961000000000001
2024-11-21 15:00:00,1.3961299999999999,1.39743,1.39578,1.39627
2024-11-21 16:00:00,1.39628,1.39683,1.3947,1.39485
2024-11-21 17:00:00,1.39482,1.3948800000000001,1.39311,1.39467
2024-11-21 18:00:00,1.39467,1.39659,1.3946,1.39615
2024-11-21 19:00:00,1.39614,1.39691,1.39532,1.39564
2024-11-21 20:00:00,1.39564,1.39619,1.3953,1.39603
2024-11-21 21:00:00,1.39602,1.39695,1.3959,1.39638
2024-11-21 22:00:00,1.3963700000000001,1.39718,1.39625,1.39679
2024-11-21 23:00:00,1.39679,1.3976600000000001,1.3967800000000001,1.39717
2024-11-22 00:00:00,1.39719,1.3974199999999999,1.3963700000000001,1.39731
2024-11-22 01:00:00,1.39731,1.39843,1.39725,1.39842
2024-11-22 02:00:00,1.39842,1.39842,1.397,1.39706
2024-11-22 03:00:00,1.39704,1.39704,1.39628,1.3968
2024-11-22 04:00:00,1.3968,1.39773,1.39672,1.39703
2024-11-22 05:00:00,1.39702,1.39719,1.39648,1.397
2024-11-22 06:00:00,1.39702,1.39758,1.39685,1.39746
2024-11-22 07:00:00,1.39746,1.3985699999999999,1.39746,1.3984
2024-11-22 08:00:00,1.39844,1.3985,1.39808,1.39832
2024-11-22 09:00:00,1.3982999999999999,1.3986100000000001,1.39687,1.39703
2024-11-22 10:00:00,1.39699,1.39774,1.39577,1.39755
2024-11-22 11:00:00,1.39754,1.40209,1.39754,1.4003999999999999
2024-11-22 12:00:00,1.4003999999999999,1.40122,1.39838,1.3987
2024-11-22 13:00:00,1.3987,1.40015,1.39866,1.39948
2024-11-22 14:00:00,1.39942,1.39998,1.39844,1.39847
2024-11-22 15:00:00,1.39846,1.39893,1.3967,1.39727
2024-11-22 16:00:00,1.39726,1.3986100000000001,1.39624,1.39819
2024-11-22 17:00:00,1.39813,1.3986,1.39677,1.39774
2024-11-22 18:00:00,1.39771,1.39931,1.39765,1.39863
2024-11-22 19:00:00,1.39862,1.39862,1.39759,1.39764
2024-11-22 20:00:00,1.3976600000000001,1.39799,1.39709,1.39776
2024-11-22 21:00:00,1.39777,1.39814,1.3976600000000001,1.39806
2024-11-22 22:00:00,1.39806,1.39878,1.39761,1.39773
2024-11-22 23:00:00,1.39774,1.39828,1.3974199999999999,1.39746
2024-11-25 00:00:00,1.39505,1.3951500000000001,1.39439,1.39453
2024-11-25 01:00:00,1.39452,1.3948800000000001,1.39325,1.3933200000000001
2024-11-25 02:00:00,1.3933200000000001,1.3939300000000001,1.3927399999999999,1.39354
2024-11-25 03:00:00,1.39355,1.39388,1.39276,1.39378
2024-11-25 04:00:00,1.39377,1.39442,1.39327,1.3937599999999999
2024-11-25 05:00:00,1.39377,1.39455,1.39341,1.3943400000000001
2024-11-25 06:00:00,1.39433,1.39494,1.39414,1.39468
2024-11-25 07:00:00,1.39468,1.39494,1.39441,1.3945400000000001
2024-11-25 08:00:00,1.39458,1.39481,1.39372,1.3941
2024-11-25 09:00:00,1.39411,1.39682,1.39408,1.3967800000000001
2024-11-25 10:00:00,1.39676,1.3976,1.3963999999999999,1.39668
2024-11-25 11:00:00,1.39668,1.39675,1.3951,1.3955899999999999
2024-11-25 12:00:00,1.3955899999999999,1.39604,1.39531,1.39598
2024-11-25 13:00:00,1.39599,1.39727,1.39581,1.39726
2024-11-25 14:00:00,1.39725,1.3984,1.39626,1.39627
2024-11-25 15:00:00,1.39627,1.39641,1.3951,1.3956
2024-11-25 16:00:00,1.39561,1.3976899999999999,1.39539,1.39741
2024-11-25 17:00:00,1.3974,1.39914,1.3967399999999999,1.39879
2024-11-25 18:00:00,1.39877,1.4007100000000001,1.39842,1.40026
2024-11-25 19:00:00,1.40028,1.4006,1.3992499999999999,1.3994
2024-11-25 20:00:00,1.39941,1.39951,1.39761,1.3976899999999999
2024-11-25 21:00:00,1.39767,1.39786,1.39698,1.39774
2024-11-25 22:00:00,1.39774,1.39844,1.3973499999999999,1.39813
2024-11-25 23:00:00,1.39811,1.3992499999999999,1.39782,1.39839
2024-11-26 00:00:00,1.39826,1.39896,1.39763,1.39889
2024-11-26 01:00:00,1.39896,1.41202,1.39818,1.40985
2024-11-26 02:00:00,1.4098600000000001,1.41666,1.40893,1.4162
2024-11-26 03:00:00,1.41621,1.41777,1.41258,1.41368
2024-11-26 04:00:00,1.4137,1.41446,1.41079,1.41127
2024-11-26 05:00:00,1.41126,1.41151,1.4095,1.40999
2024-11-26 06:00:00,1.40999,1.41077,1.40853,1.41018
2024-11-26 07:00:00,1.41018,1.4117,1.4099300000000001,1.41077
2024-11-26 08:00:00,1.41071,1.41083,1.40973,1.41049
2024-11-26 09:00:00,1.41041,1.41314,1.4104,1.41232
2024-11-26 10:00:00,1.41235,1.41449,1.41197,1.4126699999999999
2024-11-26 11:00:00,1.41266,1.4126699999999999,1.40954,1.40957
2024-11-26 12:00:00,1.40958,1.40995,1.40877,1.40896
2024-11-26 13:00:00,1.40897,1.40981,1.40763,1.4087399999999999
2024-11-26 14:00:00,1.40875,1.40977,1.40754,1.40933
2024-11-26 15:00:00,1.4093200000000001,1.41209,1.40914,1.4116900000000001
2024-11-26 16:00:00,1.41164,1.4128,1.4084699999999999,1.40856
2024-11-26 17:00:00,1.40855,1.40954,1.40536,1.4059
2024-11-26 18:00:00,1.4058899999999999,1.40805,1.4056600000000001,1.40605
2024-11-26 19:00:00,1.40603,1.40868,1.40602,1.40807
2024-11-26 20:00:00,1.4080599999999999,1.40919,1.40697,1.40697
2024-11-26 21:00:00,1.40697,1.40794,1.40579,1.40617
2024-11-26 22:00:00,1.40616,1.4071500000000001,1.40582,1.40664
2024-11-26 23:00:00,1.40665,1.40676,1.405,1.40503
2024-11-27 00:00:00,1.40514,1.40564,1.40469,1.4055900000000001
2024-11-27 01:00:00,1.4055900000000001,1.40568,1.4049800000000001,1.40526
2024-11-27 02:00:00,1.40526,1.40555,1.40488,1.4049800000000001
2024-11-27 03:00:00,1.40496,1.40615,1.40439,1.40607
2024-11-27 04:00:00,1.40608,1.4072,1.40563,1.40603
2024-11-27 05:00:00,1.40599,1.40667,1.40597,1.40633
2024-11-27 06:00:00,1.40635,1.40723,1.40634,1.40721
2024-11-27 07:00:00,1.4072200000000001,1.40778,1.40713,1.40753
2024-11-27 08:00:00,1.40753,1.40762,1.40676,1.40696
2024-11-27 09:00:00,1.4068800000000001,1.4068800000000001,1.40519,1.40567
2024-11-27 10:00:00,1.40568,1.40625,1.4034,1.40574
2024-11-27 11:00:00,1.4057,1.40612,1.4047,1.40491
2024-11-27 12:00:00,1.40493,1.40558,1.40463,1.40489
2024-11-27 13:00:00,1.4049,1.4062700000000001,1.40481,1.40525
2024-11-27 14:00:00,1.40525,1.40609,1.40517,1.40567
2024-11-27 15:00:00,1.40567,1.4065400000000001,1.40412,1.40427
2024-11-27 16:00:00,1.40424,1.4064999999999999,1.40402,1.40404
2024-11-27 17:00:00,1.40377,1.40523,1.40214,1.40273
2024-11-27 18:00:00,1.40274,1.4034,1.40093,1.40287
2024-11-27 19:00:00,1.40289,1.40378,1.40238,1.4028
2024-11-27 20:00:00,1.4028,1.40312,1.4022299999999999,1.4029
2024-11-27 21:00:00,1.40292,1.40327,1.40265,1.40308
2024-11-27 22:00:00,1.40307,1.40356,1.40229,1.40238
2024-11-27 23:00:00,1.40242,1.40302,1.40212,1.40241
2024-11-28 00:00:00,1.40234,1.40275,1.40205,1.40256
2024-11-28 01:00:00,1.4026,1.4028100000000001,1.40219,1.4026
2024-11-28 02:00:00,1.4026,1.40289,1.40095,1.40133
2024-11-28 03:00:00,1.40133,1.40199,1.40061,1.40121
2024-11-28 04:00:00,1.4012,1.4016199999999999,1.40079,1.4013
2024-11-28 05:00:00,1.40131,1.40237,1.40128,1.4022700000000001
2024-11-28 06:00:00,1.40225,1.4026,1.40205,1.40237
2024-11-28 07:00:00,1.40238,1.4026,1.4020000000000001,1.40216
2024-11-28 08:00:00,1.40216,1.40273,1.40183,1.40219
2024-11-28 09:00:00,1.40219,1.4028,1.4017,1.4025400000000001
2024-11-28 10:00:00,1.40259,1.40313,1.40093,1.40102
2024-11-28 11:00:00,1.40102,1.40151,1.40069,1.4007399999999999
2024-11-28 12:00:00,1.40075,1.40093,1.4001000000000001,1.40042
2024-11-28 13:00:00,1.40041,1.40103,1.39984,1.40079
2024-11-28 14:00:00,1.4008,1.40124,1.40079,1.4011
2024-11-28 15:00:00,1.40111,1.4014,1.39999,1.40095
2024-11-28 16:00:00,1.40094,1.40153,1.40031,1.40099
2024-11-28 17:00:00,1.4009800000000001,1.40197,1.4009,1.40097
2024-11-28 18:00:00,1.4009800000000001,1.40114,1.4007,1.40075
2024-11-28 19:00:00,1.40076,1.40109,1.40053,1.40075
2024-11-28 20:00:00,1.40072,1.40118,1.40042,1.40087
2024-11-28 21:00:00,1.40085,1.40109,1.40055,1.40096
2024-11-28 22:00:00,1.40096,1.40157,1.4009,1.40148
2024-11-28 23:00:00,1.40148,1.40155,1.40084,1.4010099999999999
2024-11-29 00:00:00,1.40022,1.40127,1.39996,1.40119
2024-11-29 01:00:00,1.40122,1.4014199999999999,1.40076,1.4008
2024-11-29 02:00:00,1.4008099999999999,1.40126,1.39987,1.40058
2024-11-29 03:00:00,1.40059,1.4007399999999999,1.39935,1.39999
2024-11-29 04:00:00,1.39999,1.4001299999999999,1.39933,1.39935
2024-11-29 05:00:00,1.39935,1.39944,1.3983400000000001,1.39855
2024-11-29 06:00:00,1.39853,1.39896,1.39806,1.39877
2024-11-29 07:00:00,1.39877,1.39969,1.3985400000000001,1.39946
2024-11-29 08:00:00,1.39946,1.39958,1.39806,1.39839
2024-11-29 09:00:00,1.39838,1.40032,1.39838,1.39995
2024-11-29 10:00:00,1.39995,1.40124,1.3994900000000001,1.40111
2024-11-29 11:00:00,1.40111,1.40122,1.3997,1.39992
2024-11-29 12:00:00,1.39994,1.40077,1.39962,1.40053
2024-11-29 13:00:00,1.40053,1.40075,1.3996,1.40015
2024-11-29 14:00:00,1.40016,1.40207,1.39998,1.40124
2024-11-29 15:00:00,1.40123,1.40424,1.4004699999999999,1.40277
2024-11-29 16:00:00,1.40276,1.40454,1.40157,1.40211
2024-11-29 17:00:00,1.40225,1.40302,1.39998,1.40051
2024-11-29 18:00:00,1.40053,1.40201,1.39994,1.4015900000000001
2024-11-29 19:00:00,1.4016199999999999,1.40163,1.3998599999999999,1.3998599999999999
2024-11-29 20:00:00,1.39985,1.40104,1.39934,1.40023
2024-11-29 21:00:00,1.40021,1.40045,1.3991799999999999,1.3994
2024-11-29 22:00:00,1.3994,1.4002,1.39831,1.4002
2024-11-29 23:00:00,1.40021,1.40067,1.39945,1.39958
2024-12-02 00:00:00,1.3991,1.39942,1.39866,1.39919
2024-12-02 01:00:00,1.39917,1.40181,1.39908,1.40133
2024-12-02 02:00:00,1.4013900000000001,1.40314,1.40131,1.40279
2024-12-02 03:00:00,1.40283,1.4035199999999999,1.4026399999999999,1.4033
2024-12-02 04:00:00,1.40332,1.4041299999999999,1.40326,1.40374
2024-12-02 05:00:00,1.40371,1.40397,1.40313,1.40339
2024-12-02 06:00:00,1.40339,1.40366,1.40307,1.4033
2024-12-02 07:00:00,1.4033,1.40394,1.4025400000000001,1.40311
2024-12-02 08:00:00,1.40314,1.4032200000000001,1.40179,1.40207
2024-12-02 09:00:00,1.40204,1.4041000000000001,1.4016899999999999,1.40408
2024-12-02 10:00:00,1.40412,1.40493,1.40361,1.40384
2024-12-02 11:00:00,1.4038,1.40382,1.40283,1.40297
2024-12-02 12:00:00,1.40297,1.40384,1.40181,1.4038300000000001
2024-12-02 13:00:00,1.4038300000000001,1.40388,1.40238,1.40333
2024-12-02 14:00:00,1.40334,1.40473,1.40283,1.4043
2024-12-02 15:00:00,1.40432,1.40451,1.40313,1.40346
2024-12-02 16:00:00,1.4034499999999999,1.40743,1.40276,1.40668
2024-12-02 17:00:00,1.40737,1.40895,1.4066100000000001,1.40805
2024-12-02 18:00:00,1.4080300000000001,1.40848,1.40663,1.40709
2024-12-02 19:00:00,1.40708,1.4074,1.40534,1.40558
2024-12-02 20:00:00,1.40556,1.40588,1.40461,1.40464
2024-12-02 21:00:00,1.40465,1.40493,1.40433,1.40457
2024-12-02 22:00:00,1.40456,1.40519,1.40378,1.40456
2024-12-02 23:00:00,1.40456,1.40476,1.40382,1.40394
2024-12-03 00:00:00,1.40395,1.40516,1.40331,1.40442
2024-12-03 01:00:00,1.4043,1.40472,1.4040300000000001,1.40463
2024-12-03 02:00:00,1.40465,1.4053,1.40441,1.40478
2024-12-03 03:00:00,1.40475,1.40584,1.40395,1.40536
2024-12-03 04:00:00,1.40536,1.40639,1.40533,1.40558
2024-12-03 05:00:00,1.4055900000000001,1.40585,1.4046699999999999,1.40495
2024-12-03 06:00:00,1.40495,1.40531,1.40475,1.40525
2024-12-03 07:00:00,1.40524,1.40578,1.4043999999999999,1.40446
2024-12-03 08:00:00,1.40446,1.40494,1.404,1.40446
2024-12-03 09:00:00,1.40445,1.40462,1.40348,1.4037899999999999
2024-12-03 10:00:00,1.4038,1.40394,1.4010099999999999,1.40143
2024-12-03 11:00:00,1.40143,1.40255,1.40091,1.40201
2024-12-03 12:00:00,1.40192,1.4037600000000001,1.4018,1.40375
2024-12-03 13:00:00,1.40374,1.4040599999999999,1.40346,1.40388
2024-12-03 14:00:00,1.40388,1.40485,1.40328,1.4041000000000001
2024-12-03 15:00:00,1.4041000000000001,1.40453,1.4031,1.40392
2024-12-03 16:00:00,1.40392,1.40445,1.40262,1.40394
2024-12-03 17:00:00,1.40391,1.40717,1.40391,1.4065400000000001
2024-12-03 18:00:00,1.40653,1.40757,1.40626,1.40665
2024-12-03 19:00:00,1.40666,1.40696,1.40504,1.40525
2024-12-03 20:00:00,1.40525,1.40549,1.4047399999999999,1.40506
2024-12-03 21:00:00,1.40504,1.40696,1.40504,1.40693
2024-12-03 22:00:00,1.40696,1.40721,1.40606,1.40676
2024-12-03 23:00:00,1.40675,1.4071500000000001,1.40601,1.40601
2024-12-04 00:00:00,1.40607,1.4068,1.4054,1.4067
2024-12-04 01:00:00,1.40665,1.40697,1.40643,1.40652
2024-12-04 02:00:00,1.40653,1.40778,1.40612,1.40737
2024-12-04 03:00:00,1.40735,1.40796,1.40667,1.40714
2024-12-04 04:00:00,1.40712,1.4078,1.40675,1.40769
2024-12-04 05:00:00,1.40767,1.4083,1.40759,1.40793
2024-12-04 06:00:00,1.40792,1.40805,1.40634,1.40641
2024-12-04 07:00:00,1.4064,1.40663,1.40606,1.4062999999999999
2024-12-04 08:00:00,1.40629,1.40674,1.40553,1.40581
2024-12-04 09:00:00,1.40581,1.4066,1.40581,1.40608
2024-12-04 10:00:00,1.40611,1.40784,1.4058899999999999,1.4077600000000001
2024-12-04 11:00:00,1.4077899999999999,1.40819,1.4068,1.40686
2024-12-04 12:00:00,1.4068399999999999,1.40695,1.40625,1.40658
2024-12-04 13:00:00,1.40659,1.40689,1.40519,1.40549
2024-12-04 14:00:00,1.40549,1.4066100000000001,1.40549,1.40651
2024-12-04 15:00:00,1.40651,1.40685,1.40561,1.40662
2024-12-04 16:00:00,1.40662,1.40738,1.40519,1.40672
2024-12-04 17:00:00,1.4065400000000001,1.40797,1.40537,1.40643
2024-12-04 18:00:00,1.40638,1.40781,1.40635,1.40692
2024-12-04 19:00:00,1.40692,1.40733,1.40642,1.4065699999999999
2024-12-04 20:00:00,1.4065699999999999,1.40698,1.40588,1.4068800000000001
2024-12-04 21:00:00,1.40692,1.40721,1.40574,1.40638
2024-12-04 22:00:00,1.40637,1.4065400000000001,1.40588,1.40636
2024-12-04 23:00:00,1.40633,1.40748,1.40594,1.40594
2024-12-05 00:00:00,1.40624,1.40725,1.40624,1.40712
2024-12-05 01:00:00,1.40712,1.40751,1.4068,1.40723
2024-12-05 02:00:00,1.40723,1.40792,1.40712,1.40747
2024-12-05 03:00:00,1.40743,1.40748,1.40693,1.40717
2024-12-05 04:00:00,1.40716,1.40735,1.40656,1.40694
2024-12-05 05:00:00,1.40695,1.4073,1.40678,1.40695
2024-12-05 06:00:00,1.40694,1.40737,1.40686,1.40732
2024-12-05 07:00:00,1.40733,1.40738,1.40672,1.40682
2024-12-05 08:00:00,1.40682,1.40736,1.40665,1.40697
2024-12-05 09:00:00,1.40697,1.40723,1.40594,1.4061
2024-12-05 10:00:00,1.40609,1.40645,1.40572,1.40601
2024-12-05 11:00:00,1.4060000000000001,1.40618,1.40549,1.40602
2024-12-05 12:00:00,1.40604,1.40607,1.40549,1.40579
2024-12-05 13:00:00,1.40583,1.40605,1.40534,1.40543
2024-12-05 14:00:00,1.40543,1.40633,1.40507,1.40551
2024-12-05 15:00:00,1.40551,1.40556,1.4035,1.4035199999999999
2024-12-05 16:00:00,1.40353,1.4037,1.40103,1.4026399999999999
2024-12-05 17:00:00,1.40263,1.4047399999999999,1.40202,1.4034
2024-12-05 18:00:00,1.4034200000000001,1.40396,1.40282,1.40367
2024-12-05 19:00:00,1.40365,1.40599,1.40344,1.40526
2024-12-05 20:00:00,1.40529,1.40665,1.40431,1.40454
2024-12-05 21:00:00,1.40455,1.40458,1.40252,1.4028100000000001
2024-12-05 22:00:00,1.40282,1.40324,1.4022000000000001,1.40274
2024-12-05 23:00:00,1.40275,1.4028100000000001,1.40133,1.4014199999999999
2024-12-06 00:00:00,1.40149,1.40245,1.40131,1.40207
2024-12-06 01:00:00,1.40209,1.40246,1.40186,1.40191
2024-12-06 02:00:00,1.4019,1.40321,1.40189,1.40309
2024-12-06 03:00:00,1.40311,1.40428,1.40274,1.40408
2024-12-06 04:00:00,1.40408,1.40431,1.40313,1.40338
2024-12-06 05:00:00,1.40337,1.40338,1.40265,1.40303
2024-12-06 06:00:00,1.40303,1.40367,1.40299,1.40337
2024-12-06 07:00:00,1.40337,1.40357,1.40311,1.40332
2024-12-06 08:00:00,1.40332,1.4037,1.40299,1.40348
2024-12-06 09:00:00,1.40348,1.40414,1.4032,1.40324
2024-12-06 10:00:00,1.40324,1.4040300000000001,1.40266,1.40368
2024-12-06 11:00:00,1.40368,1.40439,1.40361,1.40387
2024-12-06 12:00:00,1.40387,1.4044699999999999,1.40366,1.40407
2024-12-06 13:00:00,1.4040599999999999,1.40464,1.4038599999999999,1.40445
2024-12-06 14:00:00,1.40445,1.40577,1.40427,1.40574
2024-12-06 15:00:00,1.40574,1.40943,1.40469,1.40911
2024-12-06 16:00:00,1.40911,1.41312,1.40862,1.41285
2024-12-06 17:00:00,1.41286,1.41564,1.41286,1.4138
2024-12-06 18:00:00,1.41381,1.415,1.4133499999999999,1.41453
2024-12-06 19:00:00,1.41458,1.41571,1.41449,1.41541
2024-12-06 20:00:00,1.41543,1.4157199999999999,1.41473,1.41564
2024-12-06 21:00:00,1.41564,1.41645,1.41555,1.41591
2024-12-06 22:00:00,1.41591,1.41624,1.4148399999999999,1.41504
2024-12-06 23:00:00,1.415,1.41591,1.41499,1.41552
2024-12-09 00:00:00,1.41526,1.41631,1.4149,1.41631
2024-12-09 01:00:00,1.41631,1.41662,1.41478,1.4148
2024-12-09 02:00:00,1.4148,1.41548,1.4148,1.41543
2024-12-09 03:00:00,1.41544,1.41544,1.41478,1.41526
2024-12-09 04:00:00,1.41527,1.41574,1.41476,1.41526
2024-12-09 05:00:00,1.41527,1.41657,1.41514,1.4165
2024-12-09 06:00:00,1.41651,1.4169,1.41632,1.4166400000000001
2024-12-09 07:00:00,1.41666,1.4173200000000001,1.41646,1.4169100000000001
2024-12-09 08:00:00,1.41689,1.4171,1.41663,1.41686
2024-12-09 09:00:00,1.41687,1.41748,1.41546,1.41566
2024-12-09 10:00:00,1.41568,1.41619,1.41462,1.41478
2024-12-09 11:00:00,1.41477,1.41477,1.41368,1.41425
2024-12-09 12:00:00,1.41425,1.41425,1.4132799999999999,1.41353
2024-12-09 13:00:00,1.41352,1.41369,1.4129399999999999,1.41336
2024-12-09 14:00:00,1.4133499999999999,1.41352,1.41215,1.41225
2024-12-09 15:00:00,1.41225,1.41232,1.4093200000000001,1.41013
2024-12-09 16:00:00,1.41013,1.41184,1.40991,1.41077
2024-12-09 17:00:00,1.41077,1.41253,1.41041,1.41137
2024-12-09 18:00:00,1.41136,1.41279,1.41134,1.4122
2024-12-09 19:00:00,1.41221,1.4136199999999999,1.41189,1.41356
2024-12-09 20:00:00,1.4135900000000001,1.4148,1.4135900000000001,1.41429
2024-12-09 21:00:00,1.41429,1.41639,1.41429,1.41584
2024-12-09 22:00:00,1.41582,1.4172500000000001,1.41562,1.41722
2024-12-09 23:00:00,1.41717,1.4173200000000001,1.41636,1.41636
2024-12-10 00:00:00,1.41612,1.4171,1.41599,1.41705
2024-12-10 01:00:00,1.41704,1.41749,1.41704,1.41747
2024-12-10 02:00:00,1.41747,1.4175499999999999,1.41726,1.4173
2024-12-10 03:00:00,1.41729,1.41853,1.41727,1.41746
2024-12-10 04:00:00,1.41746,1.41818,1.41689,1.41807
2024-12-10 05:00:00,1.41809,1.41895,1.41797,1.4182000000000001
2024-12-10 06:00:00,1.4182000000000001,1.41837,1.4175499999999999,1.41827
2024-12-10 07:00:00,1.41827,1.41835,1.41746,1.4176199999999999
2024-12-10 08:00:00,1.4176,1.41766,1.41672,1.41675
2024-12-10 09:00:00,1.41676,1.4185400000000001,1.4167399999999999,1.4184999999999999
2024-12-10 10:00:00,1.41843,1.41947,1.41794,1.41827
2024-12-10 11:00:00,1.4183,1.41852,1.41753,1.41766
2024-12-10 12:00:00,1.41766,1.41767,1.4165,1.4166400000000001
2024-12-10 13:00:00,1.41665,1.41715,1.41635,1.41644
2024-12-10 14:00:00,1.41643,1.41754,1.41585,1.416
2024-12-10 15:00:00,1.416,1.4169,1.41577,1.41629
2024-12-10 16:00:00,1.41618,1.4185400000000001,1.4156900000000001,1.41803
2024-12-10 17:00:00,1.41804,1.41939,1.4169100000000001,1.4169100000000001
2024-12-10 18:00:00,1.4169,1.41708,1.416,1.41615
2024-12-10 19:00:00,1.4161299999999999,1.41696,1.4159,1.4167100000000001
2024-12-10 20:00:00,1.41673,1.4169800000000001,1.41563,1.4158
2024-12-10 21:00:00,1.4157899999999999,1.4168,1.41556,1.41645
2024-12-10 22:00:00,1.41646,1.41729,1.41628,1.41729
2024-12-10 23:00:00,1.4173,1.41804,1.41705,1.41745
2024-12-11 00:00:00,1.41756,1.41808,1.41704,1.41768
2024-12-11 01:00:00,1.41773,1.41783,1.41743,1.41748
2024-12-11 02:00:00,1.41749,1.4178,1.41699,1.41727
2024-12-11 03:00:00,1.41731,1.41734,1.41648,1.41653
2024-12-11 04:00:00,1.41654,1.41665,1.4159,1.41619
2024-12-11 05:00:00,1.41619,1.4163700000000001,1.41592,1.4163299999999999
2024-12-11 06:00:00,1.4163299999999999,1.41684,1.41614,1.41653
2024-12-11 07:00:00,1.41652,1.41692,1.4163700000000001,1.41665
2024-12-11 08:00:00,1.4166400000000001,1.4168,1.41631,1.41657
2024-12-11 09:00:00,1.41658,1.4190800000000001,1.4163299999999999,1.41898
2024-12-11 10:00:00,1.41895,1.41914,1.41778,1.41809
2024-12-11 11:00:00,1.41809,1.41903,1.4177,1.4184700000000001
2024-12-11 12:00:00,1.41848,1.41934,1.41848,1.41893
2024-12-11 13:00:00,1.4189,1.41903,1.41803,1.41819
2024-12-11 14:00:00,1.41818,1.41864,1.41717,1.41845
2024-12-11 15:00:00,1.41842,1.4191,1.41586,1.41689
2024-12-11 16:00:00,1.4169,1.41944,1.41245,1.41252
2024-12-11 17:00:00,1.41247,1.41534,1.41198,1.41409
2024-12-11 18:00:00,1.41409,1.4144700000000001,1.4123,1.41258
2024-12-11 19:00:00,1.41258,1.41605,1.41234,1.41595
2024-12-11 20:00:00,1.41593,1.41684,1.4147,1.41682
2024-12-11 21:00:00,1.41682,1.4170099999999999,1.41529,1.41612
2024-12-11 22:00:00,1.41612,1.41673,1.41568,1.41628
2024-12-11 23:00:00,1.41628,1.41632,1.41506,1.41517
2024-12-12 00:00:00,1.41458,1.4159,1.41449,1.4157
2024-12-12 01:00:00,1.41553,1.41601,1.41485,1.4149
2024-12-12 02:00:00,1.41489,1.41493,1.4135900000000001,1.4143
2024-12-12 03:00:00,1.41429,1.4148800000000001,1.4142000000000001,1.41482
2024-12-12 04:00:00,1.41482,1.4155,1.41465,1.41501
2024-12-12 05:00:00,1.41501,1.4151799999999999,1.41451,1.41487
2024-12-12 06:00:00,1.41487,1.41505,1.41462,1.41467
2024-12-12 07:00:00,1.41464,1.41517,1.41443,1.4145400000000001
2024-12-12 08:00:00,1.41455,1.41477,1.41421,1.41433
2024-12-12 09:00:00,1.41433,1.4148,1.41349,1.41475
2024-12-12 10:00:00,1.41478,1.41514,1.41311,1.41392
2024-12-12 11:00:00,1.4139300000000001,1.41439,1.4132799999999999,1.41367
2024-12-12 12:00:00,1.41369,1.41445,1.4133499999999999,1.4144
2024-12-12 13:00:00,1.4144,1.41543,1.4138899999999999,1.41538
2024-12-12 14:00:00,1.41538,1.41675,1.41538,1.41658
2024-12-12 15:00:00,1.41661,1.41748,1.41615,1.4169399999999999
2024-12-12 16:00:00,1.41688,1.4195,1.41622,1.41647
2024-12-12 17:00:00,1.4163999999999999,1.41996,1.41622,1.41842
2024-12-12 18:00:00,1.41842,1.41927,1.41773,1.4179300000000001
2024-12-12 19:00:00,1.41792,1.4193500000000001,1.41688,1.41913
2024-12-12 20:00:00,1.41919,1.41992,1.41856,1.41963
2024-12-12 21:00:00,1.41965,1.4212,1.4188100000000001,1.42076
2024-12-12 22:00:00,1.42075,1.42268,1.4203700000000001,1.4225400000000001
2024-12-12 23:00:00,1.42255,1.42276,1.42114,1.42144
2024-12-13 00:00:00,1.42141,1.42205,1.42093,1.42108
2024-12-13 01:00:00,1.42095,1.42258,1.42095,1.42157
2024-12-13 02:00:00,1.42157,1.4224,1.42157,1.42218
2024-12-13 03:00:00,1.42218,1.4239,1.422,1.4234200000000001
2024-12-13 04:00:00,1.4234200000000001,1.4239600000000001,1.42336,1.42384
2024-12-13 05:00:00,1.42385,1.42404,1.42359,1.42401
2024-12-13 06:00:00,1.42401,1.4243299999999999,1.42359,1.42362
2024-12-13 07:00:00,1.4236,1.42435,1.42352,1.42359
2024-12-13 08:00:00,1.42358,1.42393,1.42295,1.42299
2024-12-13 09:00:00,1.42309,1.42382,1.42271,1.42324
2024-12-13 10:00:00,1.42326,1.42366,1.42233,1.42263
2024-12-13 11:00:00,1.42263,1.42302,1.42219,1.42227
2024-12-13 12:00:00,1.42225,1.42272,1.422,1.4221
2024-12-13 13:00:00,1.4221,1.42215,1.4216199999999999,1.42187
2024-12-13 14:00:00,1.42187,1.4222000000000001,1.42095,1.42137
2024-12-13 15:00:00,1.42133,1.42279,1.42116,1.42119
2024-12-13 16:00:00,1.4212099999999999,1.4232,1.42095,1.42319
2024-12-13 17:00:00,1.4232,1.42448,1.4232,1.42377
2024-12-13 18:00:00,1.42378,1.4243299999999999,1.42271,1.4239899999999999
2024-12-13 19:00:00,1.42398,1.42431,1.4231,1.42314
2024-12-13 20:00:00,1.4231099999999999,1.42339,1.4223,1.42294
2024-12-13 21:00:00,1.42294,1.42344,1.42244,1.42322
2024-12-13 22:00:00,1.4231500000000001,1.42382,1.4228100000000001,1.42355
2024-12-13 23:00:00,1.42354,1.4240300000000001,1.42286,1.42294
2024-12-16 00:00:00,1.4224700000000001,1.4237,1.4224700000000001,1.42301
2024-12-16 01:00:00,1.423,1.42348,1.42248,1.42261
2024-12-16 02:00:00,1.42263,1.42267,1.42179,1.42256
2024-12-16 03:00:00,1.4225400000000001,1.4225400000000001,1.42178,1.4218899999999999
2024-12-16 04:00:00,1.42188,1.42296,1.42168,1.42279
2024-12-16 05:00:00,1.42279,1.42291,1.42244,1.42263
2024-12-16 06:00:00,1.42262,1.42264,1.42195,1.42235
2024-12-16 07:00:00,1.42236,1.42267,1.4221300000000001,1.42255
2024-12-16 08:00:00,1.42255,1.42304,1.4223,1.42264
2024-12-16 09:00:00,1.42264,1.42285,1.42205,1.42234
2024-12-16 10:00:00,1.42233,1.423,1.42195,1.42296
2024-12-16 11:00:00,1.4229,1.42323,1.42236,1.42312
2024-12-16 12:00:00,1.42313,1.42418,1.4229,1.42417
2024-12-16 13:00:00,1.42421,1.4243700000000001,1.42397,1.42411
2024-12-16 14:00:00,1.42409,1.4253,1.42407,1.4253
2024-12-16 15:00:00,1.42531,1.42539,1.42417,1.4249800000000001
2024-12-16 16:00:00,1.42497,1.4270399999999999,1.4243999999999999,1.42484
2024-12-16 17:00:00,1.42485,1.42493,1.42225,1.42285
2024-12-16 18:00:00,1.42283,1.42373,1.4226,1.4230800000000001
2024-12-16 19:00:00,1.4231,1.42363,1.4224999999999999,1.42282
2024-12-16 20:00:00,1.4228100000000001,1.42382,1.42252,1.4228
2024-12-16 21:00:00,1.4228,1.4242,1.42246,1.42371
2024-12-16 22:00:00,1.42371,1.42504,1.4237,1.42502
2024-12-16 23:00:00,1.4249800000000001,1.425,1.42328,1.4234200000000001
2024-12-17 00:00:00,1.42354,1.4241,1.42287,1.42389
2024-12-17 01:00:00,1.42384,1.4241,1.4234200000000001,1.42346
2024-12-17 02:00:00,1.42346,1.42358,1.42318,1.4233
2024-12-17 03:00:00,1.42333,1.42425,1.42331,1.4241
2024-12-17 04:00:00,1.4241,1.42488,1.42408,1.42486
2024-12-17 05:00:00,1.42483,1.42544,1.42465,1.42538
2024-12-17 06:00:00,1.42538,1.42598,1.4253,1.42596
2024-12-17 07:00:00,1.42595,1.42654,1.42577,1.42632
2024-12-17 08:00:00,1.42635,1.42716,1.42618,1.4264999999999999
2024-12-17 09:00:00,1.42651,1.42697,1.42574,1.42683
2024-12-17 10:00:00,1.4268399999999999,1.42905,1.42679,1.4280300000000001
2024-12-17 11:00:00,1.42802,1.4283299999999999,1.42766,1.42778
2024-12-17 12:00:00,1.42777,1.42934,1.42768,1.42832
2024-12-17 13:00:00,1.42832,1.42853,1.42757,1.42804
2024-12-17 14:00:00,1.4280599999999999,1.4297,1.4276499999999999,1.4294
2024-12-17 15:00:00,1.42945,1.42958,1.42716,1.42746
2024-12-17 16:00:00,1.42746,1.42987,1.42705,1.42972
2024-12-17 17:00:00,1.42969,1.43204,1.42943,1.4312
2024-12-17 18:00:00,1.43119,1.4323299999999999,1.43085,1.43137
2024-12-17 19:00:00,1.43137,1.43155,1.43053,1.4311
2024-12-17 20:00:00,1.4311099999999999,1.43141,1.4304000000000001,1.43086
2024-12-17 21:00:00,1.43085,1.43129,1.43054,1.43095
2024-12-17 22:00:00,1.43095,1.43158,1.43094,1.43117
2024-12-17 23:00:00,1.43116,1.43132,1.43017,1.43031
2024-12-18 00:00:00,1.43019,1.43103,1.42935,1.43098
2024-12-18 01:00:00,1.4309,1.43131,1.4307699999999999,1.43099
2024-12-18 02:00:00,1.431,1.43132,1.43085,1.4310800000000001
2024-12-18 03:00:00,1.43109,1.43156,1.43099,1.4313799999999999
2024-12-18 04:00:00,1.43137,1.43219,1.43116,1.43183
2024-12-18 05:00:00,1.43182,1.43236,1.43171,1.43234
2024-12-18 06:00:00,1.43234,1.43293,1.43217,1.43261
2024-12-18 07:00:00,1.43261,1.4329,1.4324,1.43253
2024-12-18 08:00:00,1.43256,1.43276,1.43234,1.43239
2024-12-18 09:00:00,1.43234,1.43313,1.4323299999999999,1.43293
2024-12-18 10:00:00,1.43293,1.43306,1.43171,1.43219
2024-12-18 11:00:00,1.43219,1.43317,1.43194,1.43295
2024-12-18 12:00:00,1.4329399999999999,1.43306,1.43208,1.43217
2024-12-18 13:00:00,1.43216,1.4326400000000001,1.43195,1.43263
2024-12-18 14:00:00,1.43263,1.43271,1.4315,1.43159
2024-12-18 15:00:00,1.43159,1.43174,1.43079,1.43124
2024-12-18 16:00:00,1.43125,1.43189,1.4304700000000001,1.43109
2024-12-18 17:00:00,1.4311,1.43279,1.43082,1.43241
2024-12-18 18:00:00,1.4324,1.43368,1.432,1.43364
2024-12-18 19:00:00,1.43364,1.43391,1.43251,1.43329
2024-12-18 20:00:00,1.43327,1.4336,1.43237,1.43237
2024-12-18 21:00:00,1.43224,1.44248,1.43216,1.4417
2024-12-18 22:00:00,1.4417,1.44438,1.441,1.4433500000000001
2024-12-18 23:00:00,1.44337,1.4448400000000001,1.4427400000000001,1.4441
2024-12-19 00:00:00,1.44384,1.44475,1.44384,1.44448
2024-12-19 01:00:00,1.44447,1.44668,1.44377,1.44618
2024-12-19 02:00:00,1.44615,1.44615,1.4445700000000001,1.44494
2024-12-19 03:00:00,1.44481,1.44512,1.44302,1.44305
2024-12-19 04:00:00,1.44305,1.44432,1.4427699999999999,1.44333
2024-12-19 05:00:00,1.44332,1.44366,1.44291,1.4433500000000001
2024-12-19 06:00:00,1.4433500000000001,1.4439600000000001,1.44329,1.4436
2024-12-19 07:00:00,1.4436,1.44428,1.44347,1.44393
2024-12-19 08:00:00,1.44394,1.44415,1.44275,1.44317
2024-12-19 09:00:00,1.44316,1.4432800000000001,1.44192,1.44218
2024-12-19 10:00:00,1.44219,1.44224,1.43943,1.43963
2024-12-19 11:00:00,1.43964,1.43995,1.43892,1.4393500000000001
2024-12-19 12:00:00,1.43932,1.43973,1.43807,1.43915
2024-12-19 13:00:00,1.43915,1.43916,1.4381599999999999,1.43827
2024-12-19 14:00:00,1.43824,1.43858,1.43637,1.43743
2024-12-19 15:00:00,1.43746,1.43828,1.43578,1.4377
2024-12-19 16:00:00,1.4377,1.43778,1.4344299999999999,1.43552
2024-12-19 17:00:00,1.43545,1.43765,1.43506,1.4368699999999999
2024-12-19 18:00:00,1.43688,1.43706,1.43471,1.43678
2024-12-19 19:00:00,1.43676,1.43803,1.43646,1.43792
2024-12-19 20:00:00,1.43792,1.4387400000000001,1.43659,1.43677
2024-12-19 21:00:00,1.43679,1.43895,1.43648,1.4388
2024-12-19 22:00:00,1.4387699999999999,1.43922,1.43785,1.43922
2024-12-19 23:00:00,1.43914,1.44002,1.43895,1.4390800000000001
2024-12-20 00:00:00,1.43929,1.4398,1.4385,1.43952
2024-12-20 01:00:00,1.43948,1.44042,1.43948,1.44029
2024-12-20 02:00:00,1.44027,1.44195,1.43971,1.44185
2024-12-20 03:00:00,1.44186,1.44211,1.44107,1.44195
2024-12-20 04:00:00,1.44195,1.44303,1.44189,1.44252
2024-12-20 05:00:00,1.44251,1.44352,1.4423599999999999,1.4431
2024-12-20 06:00:00,1.44307,1.44309,1.44224,1.44229
2024-12-20 07:00:00,1.44229,1.44255,1.4415200000000001,1.44153
2024-12-20 08:00:00,1.44156,1.44199,1.43936,1.4395
2024-12-20 09:00:00,1.43949,1.43966,1.43827,1.4384700000000001
2024-12-20 10:00:00,1.43846,1.43876,1.43706,1.43873
2024-12-20 11:00:00,1.43873,1.43898,1.4384000000000001,1.4386700000000001
2024-12-20 12:00:00,1.4386700000000001,1.4387400000000001,1.4380899999999999,1.43811
2024-12-20 13:00:00,1.43812,1.4392,1.43811,1.43894
2024-12-20 14:00:00,1.43893,1.43923,1.4369399999999999,1.43804
2024-12-20 15:00:00,1.43803,1.43946,1.43759,1.4393
2024-12-20 16:00:00,1.4393,1.43967,1.43695,1.43728
2024-12-20 17:00:00,1.43715,1.4378199999999999,1.43559,1.43683
2024-12-20 18:00:00,1.43681,1.43791,1.43519,1.4353
2024-12-20 19:00:00,1.43526,1.43529,1.4335200000000001,1.43493
2024-12-20 20:00:00,1.43493,1.43661,1.43493,1.43652
2024-12-20 21:00:00,1.43656,1.43681,1.435,1.43529
2024-12-20 22:00:00,1.43529,1.4372,1.43526,1.43703
2024-12-20 23:00:00,1.43705,1.43758,1.43655,1.43698
2024-12-23 00:00:00,1.4365,1.43697,1.43575,1.43678
2024-12-23 01:00:00,1.43676,1.4369100000000001,1.43581,1.43601
2024-12-23 02:00:00,1.43601,1.43642,1.43593,1.43607
2024-12-23 03:00:00,1.43606,1.43643,1.43527,1.43543
2024-12-23 04:00:00,1.43544,1.43559,1.4349,1.4351099999999999
2024-12-23 05:00:00,1.4351,1.43588,1.43503,1.43581
2024-12-23 06:00:00,1.43582,1.43607,1.43529,1.43541
2024-12-23 07:00:00,1.4354,1.43613,1.43524,1.43601
2024-12-23 08:00:00,1.43601,1.43665,1.43591,1.43649
2024-12-23 09:00:00,1.43649,1.4389,1.43648,1.43882
2024-12-23 10:00:00,1.43883,1.43894,1.43759,1.43768
2024-12-23 11:00:00,1.43769,1.43832,1.43654,1.43831
2024-12-23 12:00:00,1.4383,1.44015,1.43819,1.43995
2024-12-23 13:00:00,1.43995,1.44066,1.43922,1.44012
2024-12-23 14:00:00,1.44012,1.4415,1.44002,1.44041
2024-12-23 15:00:00,1.4405000000000001,1.44326,1.4404,1.44316
2024-12-23 16:00:00,1.44314,1.4433099999999999,1.4411100000000001,1.4417200000000001
2024-12-23 17:00:00,1.44149,1.44306,1.44082,1.44119
2024-12-23 18:00:00,1.4412,1.4417900000000001,1.4387699999999999,1.4388
2024-12-23 19:00:00,1.4388,1.43893,1.43715,1.4377499999999999
2024-12-23 20:00:00,1.43776,1.43798,1.43688,1.4375499999999999
2024-12-23 21:00:00,1.43754,1.43803,1.43708,1.43723
2024-12-23 22:00:00,1.43724,1.43773,1.43669,1.43706
2024-12-23 23:00:00,1.43707,1.43728,1.43621,1.43622
2024-12-24 00:00:00,1.43606,1.43738,1.43547,1.43736
2024-12-24 01:00:00,1.43741,1.4375200000000001,1.43688,1.4374
2024-12-24 02:00:00,1.43739,1.43835,1.43727,1.43822
2024-12-24 03:00:00,1.43821,1.43834,1.43774,1.43789
2024-12-24 04:00:00,1.43789,1.43845,1.43731,1.43821
2024-12-24 05:00:00,1.4382,1.43865,1.43805,1.43829
2024-12-24 06:00:00,1.43828,1.43854,1.43787,1.43808
2024-12-24 07:00:00,1.43808,1.43864,1.43802,1.43836
2024-12-24 08:00:00,1.43834,1.43859,1.43783,1.43791
2024-12-24 09:00:00,1.43791,1.43841,1.43729,1.4383
2024-12-24 10:00:00,1.43831,1.4394,1.43812,1.4392
2024-12-24 11:00:00,1.43921,1.43988,1.43909,1.4396200000000001
2024-12-24 12:00:00,1.43961,1.43997,1.43949,1.43961
2024-12-24 13:00:00,1.43961,1.44044,1.43942,1.44032
2024-12-24 14:00:00,1.44032,1.44181,1.44029,1.44168
2024-12-24 15:00:00,1.44168,1.442,1.43873,1.43878
2024-12-24 16:00:00,1.4387699999999999,1.43884,1.43635,1.43808
2024-12-24 17:00:00,1.43811,1.43878,1.43766,1.43814
2024-12-24 18:00:00,1.43815,1.43921,1.43724,1.43846
2024-12-24 19:00:00,1.43846,1.43897,1.43746,1.43757
2024-12-24 20:00:00,1.43756,1.43756,1.4363299999999999,1.43636
2024-12-24 21:00:00,1.43637,1.43668,1.43554,1.43654
2024-12-24 22:00:00,1.4365700000000001,1.43664,1.43469,1.43469
2024-12-24 23:00:00,1.43472,1.4359199999999999,1.43444,1.43444
2024-12-25 00:00:00,1.4346,1.43493,1.43454,1.43461
2024-12-26 00:00:00,1.4362,1.43643,1.43337,1.43557
2024-12-26 01:00:00,1.43557,1.43645,1.4350800000000001,1.43533
2024-12-26 02:00:00,1.43533,1.43628,1.43509,1.4356
2024-12-26 03:00:00,1.4356499999999999,1.4359199999999999,1.43532,1.4356900000000001
2024-12-26 04:00:00,1.4356900000000001,1.43586,1.43539,1.43555
2024-12-26 05:00:00,1.43555,1.43564,1.43497,1.4353799999999999
2024-12-26 06:00:00,1.4353799999999999,1.43644,1.4353799999999999,1.4364
2024-12-26 07:00:00,1.4364,1.43677,1.43607,1.43675
2024-12-26 08:00:00,1.43676,1.43767,1.4365700000000001,1.4375
2024-12-26 09:00:00,1.4375,1.4384000000000001,1.4373,1.43817
2024-12-26 10:00:00,1.43815,1.43985,1.4381,1.43983
2024-12-26 11:00:00,1.43985,1.44044,1.43924,1.43944
2024-12-26 12:00:00,1.43944,1.43945,1.43808,1.43831
2024-12-26 13:00:00,1.4383,1.43864,1.4380600000000001,1.43826
2024-12-26 14:00:00,1.43826,1.44029,1.43824,1.43981
2024-12-26 15:00:00,1.4398,1.4398,1.43871,1.43951
2024-12-26 16:00:00,1.43952,1.4405999999999999,1.43917,1.4402
2024-12-26 17:00:00,1.44019,1.44156,1.44019,1.44116
2024-12-26 18:00:00,1.44115,1.44129,1.44049,1.44051
2024-12-26 19:00:00,1.44051,1.44196,1.44013,1.4417200000000001
2024-12-26 20:00:00,1.4417900000000001,1.4418199999999999,1.44038,1.4413
2024-12-26 21:00:00,1.44131,1.44204,1.44119,1.44146
2024-12-26 22:00:00,1.44154,1.4418,1.4412,1.44126
2024-12-26 23:00:00,1.44126,1.44126,1.43995,1.43998
2024-12-27 00:00:00,1.43968,1.4408699999999999,1.43906,1.4405999999999999
2024-12-27 01:00:00,1.44056,1.4412,1.44056,1.44095
2024-12-27 02:00:00,1.44095,1.4412099999999999,1.44054,1.44101
2024-12-27 03:00:00,1.441,1.4415499999999999,1.44082,1.44125
2024-12-27 04:00:00,1.44126,1.44151,1.44082,1.44096
2024-12-27 05:00:00,1.44097,1.44108,1.44068,1.4408
2024-12-27 06:00:00,1.4408,1.44104,1.44068,1.44092
2024-12-27 07:00:00,1.44093,1.44104,1.44068,1.4409100000000001
2024-12-27 08:00:00,1.4409100000000001,1.44096,1.44028,1.44035
2024-12-27 09:00:00,1.44034,1.44101,1.44029,1.44045
2024-12-27 10:00:00,1.44046,1.44075,1.43956,1.43956
2024-12-27 11:00:00,1.43956,1.44039,1.43956,1.4403000000000001
2024-12-27 12:00:00,1.4403000000000001,1.4411100000000001,1.44011,1.44027
2024-12-27 13:00:00,1.44025,1.44074,1.43898,1.43909
2024-12-27 14:00:00,1.4390800000000001,1.43922,1.43801,1.43807
2024-12-27 15:00:00,1.4380600000000001,1.43966,1.43747,1.43936
2024-12-27 16:00:00,1.4394,1.44069,1.43916,1.44058
2024-12-27 17:00:00,1.44056,1.44214,1.44001,1.44085
2024-12-27 18:00:00,1.44083,1.44344,1.44076,1.44344
2024-12-27 19:00:00,1.44346,1.44492,1.4433799999999999,1.44372
2024-12-27 20:00:00,1.44371,1.44373,1.44221,1.44225
2024-12-27 21:00:00,1.44225,1.44251,1.44081,1.44104
2024-12-27 22:00:00,1.44104,1.4421,1.44104,1.44164
2024-12-27 23:00:00,1.44165,1.44194,1.44078,1.44126
2024-12-30 00:00:00,1.44086,1.4417,1.44072,1.44142
2024-12-30 01:00:00,1.4414500000000001,1.4414500000000001,1.44018,1.44025
2024-12-30 02:00:00,1.44027,1.44067,1.44008,1.44024
2024-12-30 03:00:00,1.44025,1.4405000000000001,1.43983,1.43995
2024-12-30 04:00:00,1.4399600000000001,1.44019,1.43985,1.44001
2024-12-30 05:00:00,1.44001,1.4402,1.4396900000000001,1.4397
2024-12-30 06:00:00,1.4397199999999999,1.44002,1.43967,1.43995
2024-12-30 07:00:00,1.43995,1.44005,1.43915,1.4393
2024-12-30 08:00:00,1.4393099999999999,1.4393099999999999,1.43853,1.43896
2024-12-30 09:00:00,1.43905,1.44,1.43902,1.43978
2024-12-30 10:00:00,1.43982,1.44095,1.43968,1.44093
2024-12-30 11:00:00,1.4409399999999999,1.44104,1.439,1.43915
2024-12-30 12:00:00,1.43915,1.43923,1.43792,1.4386
2024-12-30 13:00:00,1.4386,1.43863,1.43735,1.43781
2024-12-30 14:00:00,1.4378,1.43891,1.43726,1.43864
2024-12-30 15:00:00,1.43865,1.44079,1.43852,1.44078
2024-12-30 16:00:00,1.4408,1.4432800000000001,1.43967,1.4412
2024-12-30 17:00:00,1.44123,1.4423,1.43859,1.43868
2024-12-30 18:00:00,1.4386700000000001,1.43934,1.43742,1.4375499999999999
2024-12-30 19:00:00,1.43757,1.43762,1.43555,1.43589
