time,open,high,low,close
2026-04-06 06:39:00,1.15204,1.15204,1.15187,1.15189
2026-04-06 06:42:00,1.15189,1.15205,1.15186,1.152
2026-04-06 06:45:00,1.152,1.15201,1.15188,1.15195
2026-04-06 06:48:00,1.15195,1.15195,1.15171,1.1518
2026-04-06 06:51:00,1.1518,1.1519,1.15171,1.1518
2026-04-06 06:54:00,1.1518,1.15187,1.15167,1.15185
2026-04-06 06:57:00,1.15185,1.15195,1.15179,1.15189
2026-04-06 07:00:00,1.1519,1.152,1.15186,1.15189
2026-04-06 07:03:00,1.15189,1.15205,1.15183,1.15201
2026-04-06 07:06:00,1.15201,1.15202,1.15186,1.15192
2026-04-06 07:09:00,1.15192,1.15199,1.15183,1.15194
2026-04-06 07:12:00,1.15194,1.15206,1.1519,1.15202
2026-04-06 07:15:00,1.15202,1.15204,1.15182,1.15195
2026-04-06 07:18:00,1.15195,1.15202,1.15187,1.15189
2026-04-06 07:21:00,1.15189,1.152,1.15189,1.15197
2026-04-06 07:24:00,1.15197,1.15211,1.15192,1.15209
2026-04-06 07:27:00,1.15209,1.1521,1.1519300000000001,1.15195
2026-04-06 07:30:00,1.15195,1.15208,1.15188,1.15195
2026-04-06 07:33:00,1.15199,1.15226,1.15199,1.15226
2026-04-06 07:36:00,1.15226,1.15236,1.1522000000000001,1.15224
2026-04-06 07:39:00,1.15224,1.15227,1.15208,1.15221
2026-04-06 07:42:00,1.15221,1.15227,1.15208,1.15224
2026-04-06 07:45:00,1.15224,1.15225,1.15212,1.15223
2026-04-06 07:48:00,1.15223,1.15246,1.1522000000000001,1.15246
2026-04-06 07:51:00,1.15246,1.15249,1.15244,1.15246
2026-04-06 07:54:00,1.15246,1.15249,1.1522999999999999,1.15238
2026-04-06 07:57:00,1.15238,1.15243,1.15232,1.1524
2026-04-06 08:00:00,1.1524,1.15246,1.15222,1.15235
2026-04-06 08:03:00,1.15235,1.15246,1.15224,1.15243
2026-04-06 08:06:00,1.15243,1.15249,1.15231,1.15249
2026-04-06 08:09:00,1.15249,1.1526,1.15245,1.1525400000000001
2026-04-06 08:12:00,1.1525400000000001,1.15261,1.15252,1.15257
2026-04-06 08:15:00,1.15257,1.15286,1.15249,1.1528
2026-04-06 08:18:00,1.1528,1.1528100000000001,1.15265,1.1528
2026-04-06 08:21:00,1.1528,1.15295,1.15261,1.1529099999999999
2026-04-06 08:24:00,1.1529099999999999,1.15295,1.15273,1.1528
2026-04-06 08:27:00,1.15282,1.1529,1.1526399999999999,1.15271
2026-04-06 08:30:00,1.15271,1.15272,1.15242,1.15255
2026-04-06 08:33:00,1.15255,1.15272,1.15239,1.1527
2026-04-06 08:36:00,1.1527,1.15275,1.15258,1.15269
2026-04-06 08:39:00,1.15269,1.15271,1.15247,1.15253
2026-04-06 08:42:00,1.15253,1.15255,1.15235,1.1525
2026-04-06 08:45:00,1.1525,1.15259,1.1524,1.1525400000000001
2026-04-06 08:48:00,1.1525400000000001,1.15259,1.15231,1.15255
2026-04-06 08:51:00,1.15255,1.15267,1.15251,1.15263
2026-04-06 08:54:00,1.15263,1.15271,1.15255,1.15259
2026-04-06 08:57:00,1.15259,1.15261,1.15237,1.15252
2026-04-06 09:00:00,1.15252,1.15259,1.15238,1.15256
2026-04-06 09:03:00,1.15256,1.15256,1.15245,1.15252
2026-04-06 09:06:00,1.15252,1.15275,1.15252,1.15273
2026-04-06 09:09:00,1.15273,1.15276,1.15262,1.15262
2026-04-06 09:12:00,1.15262,1.15273,1.15258,1.15266
2026-04-06 09:15:00,1.15266,1.15269,1.15249,1.1526399999999999
2026-04-06 09:18:00,1.1526399999999999,1.15267,1.15243,1.1525
2026-04-06 09:21:00,1.1525,1.15256,1.15241,1.15245
2026-04-06 09:24:00,1.15245,1.1525,1.15225,1.15237
2026-04-06 09:27:00,1.15237,1.15243,1.15222,1.15235
2026-04-06 09:30:00,1.15235,1.15236,1.15216,1.15233
2026-04-06 09:33:00,1.15233,1.15237,1.1522000000000001,1.15228
2026-04-06 09:36:00,1.15228,1.15231,1.15215,1.1522999999999999
2026-04-06 09:39:00,1.1522999999999999,1.15236,1.15224,1.15234
2026-04-06 09:42:00,1.15234,1.15267,1.15225,1.1526399999999999
2026-04-06 09:45:00,1.1526399999999999,1.1526399999999999,1.15233,1.15259
2026-04-06 09:48:00,1.15259,1.15319,1.15246,1.15308
2026-04-06 09:51:00,1.15308,1.1537600000000001,1.15297,1.15314
2026-04-06 09:54:00,1.15314,1.1533,1.15293,1.15312
2026-04-06 09:57:00,1.15312,1.15331,1.15307,1.1533
2026-04-06 10:00:00,1.1533,1.15345,1.15289,1.15303
2026-04-06 10:03:00,1.15303,1.15311,1.15275,1.15277
2026-04-06 10:06:00,1.15277,1.15283,1.15261,1.1526399999999999
2026-04-06 10:09:00,1.1526399999999999,1.15279,1.15255,1.15265
2026-04-06 10:12:00,1.15265,1.15301,1.15263,1.15301
2026-04-06 10:15:00,1.15301,1.15335,1.15298,1.15327
2026-04-06 10:18:00,1.15327,1.15338,1.15312,1.15332
2026-04-06 10:21:00,1.15332,1.15337,1.15309,1.1531500000000001
2026-04-06 10:24:00,1.1531500000000001,1.1532499999999999,1.15298,1.15322
2026-04-06 10:27:00,1.15322,1.15346,1.15303,1.15343
2026-04-06 10:30:00,1.15343,1.15391,1.15343,1.15388
2026-04-06 10:33:00,1.15388,1.15406,1.15384,1.15402
2026-04-06 10:36:00,1.15402,1.15453,1.15399,1.15453
2026-04-06 10:39:00,1.15452,1.15457,1.1543,1.1545
2026-04-06 10:42:00,1.1545,1.15534,1.1545,1.15521
2026-04-06 10:45:00,1.15521,1.15587,1.15517,1.15581
2026-04-06 10:48:00,1.15581,1.15635,1.15571,1.15611
2026-04-06 10:51:00,1.15611,1.15664,1.1559599999999999,1.15637
2026-04-06 10:54:00,1.15637,1.15686,1.15622,1.15685
2026-04-06 10:57:00,1.15685,1.15687,1.15629,1.15643
2026-04-06 11:00:00,1.15642,1.15685,1.15642,1.1565400000000001
2026-04-06 11:03:00,1.1565400000000001,1.15663,1.1561,1.15614
2026-04-06 11:06:00,1.15614,1.15628,1.15565,1.15574
2026-04-06 11:09:00,1.15574,1.15582,1.15553,1.15581
2026-04-06 11:12:00,1.15581,1.15604,1.15578,1.15589
2026-04-06 11:15:00,1.15588,1.15591,1.15562,1.15577
2026-04-06 11:18:00,1.15577,1.15592,1.15566,1.15587
2026-04-06 11:21:00,1.15587,1.1559,1.15572,1.15585
2026-04-06 11:24:00,1.15585,1.1562999999999999,1.1558,1.1561
2026-04-06 11:27:00,1.1561,1.15617,1.15577,1.15589
2026-04-06 11:30:00,1.15589,1.15609,1.15586,1.15592
2026-04-06 11:33:00,1.15592,1.15613,1.15586,1.15611
2026-04-06 11:36:00,1.15611,1.15621,1.15598,1.15601
2026-04-06 11:39:00,1.15601,1.15603,1.15579,1.15588
2026-04-06 11:42:00,1.15588,1.15588,1.15564,1.15574
2026-04-06 11:45:00,1.15574,1.15578,1.15545,1.15565
2026-04-06 11:48:00,1.15565,1.15568,1.1555,1.15554
2026-04-06 11:51:00,1.15554,1.15558,1.15534,1.15546
2026-04-06 11:54:00,1.15546,1.15563,1.15539,1.1556
2026-04-06 11:57:00,1.1556,1.15587,1.1555,1.1555
2026-04-06 12:00:00,1.1555,1.15568,1.15549,1.15553
2026-04-06 12:03:00,1.15553,1.15563,1.15548,1.15555
2026-04-06 12:06:00,1.15555,1.15573,1.15554,1.15572
2026-04-06 12:09:00,1.15573,1.15583,1.1556,1.15567
2026-04-06 12:12:00,1.15567,1.1556899999999999,1.15549,1.15555
2026-04-06 12:15:00,1.15555,1.15558,1.1553499999999999,1.15548
2026-04-06 12:18:00,1.15548,1.15558,1.15546,1.15557
2026-04-06 12:21:00,1.15557,1.15566,1.15549,1.1556
2026-04-06 12:24:00,1.1556,1.15578,1.15555,1.15568
2026-04-06 12:27:00,1.15568,1.15574,1.15555,1.15558
2026-04-06 12:30:00,1.15558,1.15567,1.15547,1.15562
2026-04-06 12:33:00,1.15562,1.15563,1.15534,1.15551
2026-04-06 12:36:00,1.15551,1.15576,1.15549,1.15572
2026-04-06 12:39:00,1.15572,1.15572,1.15554,1.1555900000000001
2026-04-06 12:42:00,1.1555900000000001,1.15564,1.15542,1.15554
2026-04-06 12:45:00,1.15554,1.15585,1.1555,1.15573
2026-04-06 12:48:00,1.15573,1.15588,1.15553,1.15566
2026-04-06 12:51:00,1.15566,1.15603,1.15552,1.15568
2026-04-06 12:54:00,1.15568,1.15568,1.15479,1.15486
2026-04-06 12:57:00,1.15486,1.1551,1.15469,1.15503
2026-04-06 13:00:00,1.15503,1.15517,1.1549,1.15507
2026-04-06 13:03:00,1.15507,1.15524,1.15501,1.15513
2026-04-06 13:06:00,1.15513,1.1553200000000001,1.15502,1.15524
2026-04-06 13:09:00,1.15524,1.15542,1.15513,1.15514
2026-04-06 13:12:00,1.15514,1.15529,1.15491,1.15512
2026-04-06 13:15:00,1.15512,1.15515,1.15483,1.15488
2026-04-06 13:18:00,1.15488,1.15503,1.15478,1.15496
2026-04-06 13:21:00,1.15496,1.15512,1.15491,1.15509
2026-04-06 13:24:00,1.15509,1.15509,1.1547399999999999,1.15478
2026-04-06 13:27:00,1.15478,1.15483,1.1546,1.15479
2026-04-06 13:30:00,1.15479,1.15481,1.15458,1.15472
2026-04-06 13:33:00,1.15472,1.15489,1.1547,1.15487
2026-04-06 13:36:00,1.15487,1.15502,1.1547399999999999,1.15493
2026-04-06 13:39:00,1.15493,1.15514,1.15477,1.15505
2026-04-06 13:42:00,1.15504,1.15513,1.15495,1.1551
2026-04-06 13:45:00,1.15509,1.15511,1.1537600000000001,1.15465
2026-04-06 13:48:00,1.15465,1.15503,1.15465,1.15496
2026-04-06 13:51:00,1.15496,1.15506,1.15477,1.15503
2026-04-06 13:54:00,1.15503,1.15504,1.15475,1.15493
2026-04-06 13:57:00,1.15493,1.15502,1.15478,1.1548
2026-04-06 14:00:00,1.1548,1.15499,1.15475,1.15496
2026-04-06 14:03:00,1.15496,1.1549800000000001,1.15468,1.15491
2026-04-06 14:06:00,1.15491,1.15491,1.1547,1.15484
2026-04-06 14:09:00,1.15484,1.15487,1.15446,1.15449
2026-04-06 14:12:00,1.15449,1.15453,1.1541299999999999,1.15429
2026-04-06 14:15:00,1.15429,1.1544699999999999,1.15414,1.15445
2026-04-06 14:18:00,1.15445,1.15449,1.15418,1.15418
2026-04-06 14:21:00,1.15418,1.15435,1.15415,1.15415
2026-04-06 14:24:00,1.15415,1.1542,1.15397,1.15408
2026-04-06 14:27:00,1.15408,1.15431,1.15394,1.1543
2026-04-06 14:30:00,1.1543,1.1544,1.15423,1.15434
2026-04-06 14:33:00,1.15434,1.15438,1.15414,1.15435
2026-04-06 14:36:00,1.15435,1.15445,1.15429,1.15444
2026-04-06 14:39:00,1.15444,1.15458,1.15428,1.1545
2026-04-06 14:42:00,1.1545,1.15454,1.1543,1.15435
2026-04-06 14:45:00,1.15435,1.15469,1.15435,1.15464
2026-04-06 14:48:00,1.15464,1.15475,1.15453,1.15468
2026-04-06 14:51:00,1.15468,1.15478,1.15449,1.15458
2026-04-06 14:54:00,1.15458,1.15466,1.15449,1.15454
2026-04-06 14:57:00,1.15454,1.15466,1.15449,1.15456
2026-04-06 15:00:00,1.15456,1.15473,1.15444,1.15471
2026-04-06 15:03:00,1.15471,1.1548,1.15452,1.15465
2026-04-06 15:06:00,1.15465,1.15483,1.15455,1.15464
2026-04-06 15:09:00,1.15464,1.1547399999999999,1.15448,1.15452
2026-04-06 15:12:00,1.15452,1.15461,1.1544,1.15454
2026-04-06 15:15:00,1.15454,1.15462,1.1544,1.15461
2026-04-06 15:18:00,1.15461,1.15463,1.1543,1.15434
2026-04-06 15:21:00,1.15434,1.15449,1.15421,1.15445
2026-04-06 15:24:00,1.15445,1.1545,1.15432,1.15445
2026-04-06 15:27:00,1.15445,1.15465,1.15433,1.1546
2026-04-06 15:30:00,1.1546,1.15483,1.15452,1.1547
2026-04-06 15:33:00,1.1547,1.15491,1.15459,1.15486
2026-04-06 15:36:00,1.15486,1.15527,1.15484,1.15519
2026-04-06 15:39:00,1.15519,1.15526,1.15499,1.15506
2026-04-06 15:42:00,1.15507,1.15515,1.15496,1.15514
2026-04-06 15:45:00,1.15514,1.1554,1.15513,1.15529
2026-04-06 15:48:00,1.15529,1.1554,1.15516,1.1554
2026-04-06 15:51:00,1.1554,1.15545,1.15512,1.15525
2026-04-06 15:54:00,1.15525,1.15545,1.15523,1.1553499999999999
2026-04-06 15:57:00,1.1553499999999999,1.15544,1.15526,1.1553200000000001
2026-04-06 16:00:00,1.1553200000000001,1.1554,1.15511,1.1553499999999999
2026-04-06 16:03:00,1.15534,1.15539,1.15505,1.15513
2026-04-06 16:06:00,1.15513,1.15537,1.1549,1.1552
2026-04-06 16:09:00,1.1552,1.1556,1.15509,1.15558
2026-04-06 16:12:00,1.15558,1.1556,1.1554,1.15554
2026-04-06 16:15:00,1.15554,1.15556,1.1553499999999999,1.15541
2026-04-06 16:18:00,1.15541,1.15551,1.15538,1.15546
2026-04-06 16:21:00,1.15543,1.15555,1.1553200000000001,1.1555
2026-04-06 16:24:00,1.1555,1.15563,1.1554,1.15551
2026-04-06 16:27:00,1.15551,1.15571,1.1553499999999999,1.15571
2026-04-06 16:30:00,1.15571,1.15601,1.1555900000000001,1.15568
2026-04-06 16:33:00,1.15568,1.15591,1.1556,1.15585
2026-04-06 16:36:00,1.15583,1.15585,1.15547,1.1556899999999999
2026-04-06 16:39:00,1.1556899999999999,1.15577,1.15546,1.15575
2026-04-06 16:42:00,1.15575,1.15578,1.15551,1.1555900000000001
2026-04-06 16:45:00,1.1555900000000001,1.15585,1.15548,1.15566
2026-04-06 16:48:00,1.15566,1.15572,1.15546,1.1556899999999999
2026-04-06 16:51:00,1.1556899999999999,1.15585,1.15558,1.15582
2026-04-06 16:54:00,1.15582,1.15602,1.15567,1.1559
2026-04-06 16:57:00,1.1559,1.15611,1.15578,1.15599
2026-04-06 17:00:00,1.15599,1.15661,1.1558,1.1558
2026-04-06 17:03:00,1.1558,1.15582,1.15545,1.15553
2026-04-06 17:06:00,1.15553,1.15566,1.15539,1.15555
2026-04-06 17:09:00,1.15555,1.15564,1.15534,1.15552
2026-04-06 17:12:00,1.15553,1.15588,1.15553,1.15584
2026-04-06 17:15:00,1.15584,1.15616,1.15575,1.1561
2026-04-06 17:18:00,1.1561,1.1562999999999999,1.15598,1.15607
2026-04-06 17:21:00,1.15607,1.15658,1.15599,1.15643
2026-04-06 17:24:00,1.15643,1.15667,1.15628,1.15665
2026-04-06 17:27:00,1.15665,1.15671,1.15645,1.15656
2026-04-06 17:30:00,1.15656,1.15692,1.15644,1.1569099999999999
2026-04-06 17:33:00,1.1569099999999999,1.15714,1.15662,1.15671
2026-04-06 17:36:00,1.15671,1.15695,1.15531,1.15578
2026-04-06 17:39:00,1.15578,1.15672,1.15575,1.15655
2026-04-06 17:42:00,1.15655,1.15658,1.15621,1.15621
2026-04-06 17:45:00,1.15621,1.15626,1.15543,1.15562
2026-04-06 17:48:00,1.15562,1.15581,1.15551,1.15564
2026-04-06 17:51:00,1.15564,1.15574,1.15512,1.15514
2026-04-06 17:54:00,1.15514,1.15521,1.15436,1.15459
2026-04-06 17:57:00,1.15459,1.15499,1.15424,1.1543
2026-04-06 18:00:00,1.1543,1.15435,1.15379,1.15409
2026-04-06 18:03:00,1.15409,1.1542,1.15381,1.1540300000000001
2026-04-06 18:06:00,1.15404,1.15424,1.15399,1.15411
2026-04-06 18:09:00,1.15412,1.15426,1.15391,1.15396
2026-04-06 18:12:00,1.15396,1.15411,1.15364,1.15377
2026-04-06 18:15:00,1.1537600000000001,1.1539,1.15348,1.15378
2026-04-06 18:18:00,1.15378,1.15402,1.15372,1.15396
2026-04-06 18:21:00,1.15396,1.15421,1.15387,1.15411
2026-04-06 18:24:00,1.15411,1.15416,1.15393,1.15401
2026-04-06 18:27:00,1.15401,1.15411,1.15394,1.154
2026-04-06 18:30:00,1.154,1.1540300000000001,1.15363,1.15369
2026-04-06 18:33:00,1.15369,1.15412,1.1536,1.15411
2026-04-06 18:36:00,1.15411,1.15412,1.15381,1.15395
2026-04-06 18:39:00,1.15393,1.15416,1.15391,1.15399
2026-04-06 18:42:00,1.15399,1.15417,1.15391,1.15404
2026-04-06 18:45:00,1.15404,1.15409,1.1538599999999999,1.15407
2026-04-06 18:48:00,1.15407,1.15422,1.15389,1.15405
2026-04-06 18:51:00,1.15405,1.1541,1.15393,1.15408
2026-04-06 18:54:00,1.15408,1.15429,1.15405,1.15422
2026-04-06 18:57:00,1.15424,1.15443,1.15421,1.15434
2026-04-06 19:00:00,1.15434,1.15457,1.15431,1.15445
2026-04-06 19:03:00,1.15444,1.15468,1.15441,1.15455
2026-04-06 19:06:00,1.15455,1.15462,1.15449,1.15455
2026-04-06 19:09:00,1.15455,1.15476,1.1544699999999999,1.15472
2026-04-06 19:12:00,1.15472,1.15477,1.15458,1.15466
2026-04-06 19:15:00,1.15469,1.1547,1.1544699999999999,1.15462
2026-04-06 19:18:00,1.15462,1.15465,1.15441,1.1544699999999999
2026-04-06 19:21:00,1.1544699999999999,1.15456,1.15418,1.15435
2026-04-06 19:24:00,1.15435,1.15452,1.15419,1.15445
2026-04-06 19:27:00,1.1544,1.15463,1.15431,1.15463
2026-04-06 19:30:00,1.15462,1.15464,1.15431,1.15445
2026-04-06 19:33:00,1.15445,1.15457,1.1543,1.15451
2026-04-06 19:36:00,1.15451,1.15476,1.15439,1.15468
2026-04-06 19:39:00,1.15468,1.1547,1.15448,1.15465
2026-04-06 19:42:00,1.15465,1.15481,1.15455,1.15466
2026-04-06 19:45:00,1.15465,1.15467,1.15439,1.15452
2026-04-06 19:48:00,1.15452,1.15464,1.15438,1.15462
2026-04-06 19:51:00,1.15462,1.15477,1.15453,1.15467
2026-04-06 19:54:00,1.15467,1.15468,1.15416,1.15432
2026-04-06 19:57:00,1.15433,1.15454,1.15423,1.15449
2026-04-06 20:00:00,1.15449,1.15449,1.1539,1.15393
2026-04-06 20:03:00,1.15394,1.15404,1.15381,1.15392
2026-04-06 20:06:00,1.1539,1.15402,1.15383,1.1538599999999999
2026-04-06 20:09:00,1.1538599999999999,1.15389,1.15354,1.15381
2026-04-06 20:12:00,1.15381,1.15388,1.1535,1.15365
2026-04-06 20:15:00,1.15365,1.15371,1.15331,1.15362
2026-04-06 20:18:00,1.15362,1.15389,1.15353,1.15373
2026-04-06 20:21:00,1.15373,1.15433,1.1537,1.15422
2026-04-06 20:24:00,1.15422,1.15442,1.15416,1.15423
2026-04-06 20:27:00,1.15423,1.15442,1.15414,1.15433
2026-04-06 20:30:00,1.1543700000000001,1.15457,1.15428,1.15445
2026-04-06 20:33:00,1.15445,1.15489,1.15428,1.15443
2026-04-06 20:36:00,1.15443,1.15456,1.15436,1.15439
2026-04-06 20:39:00,1.15439,1.15448,1.15416,1.15419
2026-04-06 20:42:00,1.15419,1.15429,1.15395,1.15425
2026-04-06 20:45:00,1.15425,1.15431,1.15404,1.15412
2026-04-06 20:48:00,1.15411,1.15419,1.15396,1.15412
2026-04-06 20:51:00,1.15412,1.15419,1.1540300000000001,1.15418
2026-04-06 20:54:00,1.15418,1.15441,1.15414,1.15425
2026-04-06 20:57:00,1.15429,1.15436,1.15408,1.15414
2026-04-06 21:00:00,1.15414,1.15414,1.1538599999999999,1.15405
2026-04-06 21:03:00,1.15404,1.15439,1.15396,1.15424
2026-04-06 21:06:00,1.15424,1.15431,1.15414,1.15425
2026-04-06 21:09:00,1.15425,1.15511,1.15424,1.15489
2026-04-06 21:12:00,1.15489,1.15496,1.15468,1.15481
2026-04-06 21:15:00,1.15483,1.15496,1.1547,1.15483
2026-04-06 21:18:00,1.15483,1.15517,1.15483,1.15512
2026-04-06 21:21:00,1.15512,1.15526,1.15499,1.15511
2026-04-06 21:24:00,1.15511,1.15512,1.15479,1.15493
2026-04-06 21:27:00,1.15493,1.15519,1.15488,1.15497
2026-04-06 21:30:00,1.155,1.15519,1.15465,1.15482
2026-04-06 21:33:00,1.15482,1.15499,1.15473,1.15493
2026-04-06 21:36:00,1.15489,1.15494,1.1546,1.15466
2026-04-06 21:39:00,1.15464,1.15464,1.15441,1.15456
2026-04-06 21:42:00,1.15456,1.15466,1.15438,1.15445
2026-04-06 21:45:00,1.15445,1.15461,1.15434,1.15446
2026-04-06 21:48:00,1.15446,1.1546,1.1544,1.15453
2026-04-06 21:51:00,1.15454,1.15466,1.15448,1.15463
2026-04-06 21:54:00,1.15463,1.15467,1.15436,1.15462
2026-04-06 21:57:00,1.15462,1.15466,1.15448,1.15456
2026-04-06 22:00:00,1.15456,1.15461,1.15424,1.15438
2026-04-06 22:03:00,1.15438,1.15467,1.15427,1.1546
2026-04-06 22:06:00,1.1546,1.15462,1.15435,1.15446
2026-04-06 22:09:00,1.15446,1.15451,1.15432,1.15445
2026-04-06 22:12:00,1.15445,1.15449,1.15432,1.15448
2026-04-06 22:15:00,1.15448,1.15456,1.15438,1.15442
2026-04-06 22:18:00,1.15442,1.15444,1.15428,1.15431
2026-04-06 22:21:00,1.15431,1.15436,1.15416,1.15428
2026-04-06 22:24:00,1.15428,1.15428,1.1541,1.15418
2026-04-06 22:27:00,1.15418,1.15427,1.15415,1.15422
2026-04-06 22:30:00,1.15422,1.15433,1.15411,1.15412
2026-04-06 22:33:00,1.15412,1.15426,1.15399,1.15417
2026-04-06 22:36:00,1.15417,1.1543,1.15408,1.15428
2026-04-06 22:39:00,1.15428,1.15435,1.15426,1.1543
2026-04-06 22:42:00,1.1543,1.15438,1.15427,1.15438
2026-04-06 22:45:00,1.15438,1.15443,1.15429,1.15438
2026-04-06 22:48:00,1.15438,1.15467,1.15438,1.15466
2026-04-06 22:51:00,1.15466,1.15466,1.15444,1.15446
2026-04-06 22:54:00,1.15445,1.15454,1.15433,1.15443
2026-04-06 22:57:00,1.15443,1.15445,1.15423,1.15428
2026-04-06 23:00:00,1.15428,1.15435,1.15419,1.15424
2026-04-06 23:03:00,1.15424,1.15427,1.15412,1.15418
2026-04-06 23:06:00,1.15418,1.15425,1.1541,1.15419
2026-04-06 23:09:00,1.15419,1.15422,1.15401,1.15412
2026-04-06 23:12:00,1.15412,1.15418,1.15404,1.15416
2026-04-06 23:15:00,1.15416,1.15426,1.1541299999999999,1.15422
2026-04-06 23:18:00,1.15422,1.15435,1.15415,1.15432
2026-04-06 23:21:00,1.15432,1.15443,1.15421,1.15438
2026-04-06 23:24:00,1.15438,1.15442,1.15431,1.1544
2026-04-06 23:27:00,1.15442,1.15444,1.15415,1.15432
2026-04-06 23:30:00,1.15431,1.15438,1.15428,1.15434
2026-04-06 23:33:00,1.15434,1.15436,1.15429,1.15431
2026-04-06 23:36:00,1.15431,1.15434,1.15424,1.1543
2026-04-06 23:39:00,1.1543,1.1543,1.1542,1.15427
2026-04-06 23:42:00,1.15427,1.15434,1.15426,1.15432
2026-04-06 23:45:00,1.15432,1.15439,1.15429,1.15436
2026-04-06 23:48:00,1.15436,1.1543700000000001,1.15428,1.15435
2026-04-06 23:51:00,1.15435,1.1543700000000001,1.15428,1.15431
2026-04-06 23:54:00,1.1543,1.15432,1.15418,1.1542
2026-04-06 23:57:00,1.1542,1.1543,1.15411,1.15418
2026-04-07 00:00:00,1.1540300000000001,1.1540300000000001,1.15355,1.15378
2026-04-07 00:03:00,1.15378,1.15407,1.1536,1.15407
2026-04-07 00:06:00,1.15407,1.15408,1.15395,1.15398
2026-04-07 00:09:00,1.15398,1.15407,1.15388,1.15393
2026-04-07 00:12:00,1.15394,1.15423,1.15379,1.15421
2026-04-07 00:15:00,1.15421,1.15424,1.15411,1.15415
2026-04-07 00:18:00,1.15415,1.15423,1.15398,1.15422
2026-04-07 00:21:00,1.15422,1.15425,1.15402,1.1542
2026-04-07 00:24:00,1.1542,1.15422,1.1540300000000001,1.15408
2026-04-07 00:27:00,1.15408,1.15412,1.15401,1.1540300000000001
2026-04-07 00:30:00,1.1540300000000001,1.15428,1.1540300000000001,1.15427
2026-04-07 00:33:00,1.15427,1.15431,1.15425,1.15431
2026-04-07 00:36:00,1.15431,1.15432,1.15415,1.1543
2026-04-07 00:39:00,1.1543,1.15438,1.15426,1.15435
2026-04-07 00:42:00,1.15435,1.15439,1.15425,1.1543700000000001
2026-04-07 00:45:00,1.1543700000000001,1.15439,1.15428,1.15435
2026-04-07 00:48:00,1.15435,1.15435,1.1540300000000001,1.15405
2026-04-07 00:51:00,1.15405,1.1541,1.15405,1.15408
2026-04-07 00:54:00,1.15408,1.1543,1.15388,1.1543
2026-04-07 00:57:00,1.1543,1.15432,1.15392,1.15429
2026-04-07 01:00:00,1.15428,1.15462,1.15425,1.15458
2026-04-07 01:03:00,1.15458,1.15473,1.15456,1.15471
2026-04-07 01:06:00,1.15471,1.15477,1.15457,1.15457
2026-04-07 01:09:00,1.15457,1.15464,1.15452,1.15452
2026-04-07 01:12:00,1.15452,1.1546,1.15439,1.15449
2026-04-07 01:15:00,1.15449,1.15457,1.15444,1.15455
2026-04-07 01:18:00,1.15455,1.15464,1.1545,1.1545
2026-04-07 01:21:00,1.15451,1.15452,1.15431,1.15435
2026-04-07 01:24:00,1.15435,1.15443,1.1543,1.15443
2026-04-07 01:27:00,1.15443,1.15443,1.15433,1.1544
2026-04-07 01:30:00,1.1544,1.1545,1.15432,1.15436
2026-04-07 01:33:00,1.15436,1.15443,1.15431,1.1544
2026-04-07 01:36:00,1.1544,1.15442,1.15436,1.15442
2026-04-07 01:39:00,1.15442,1.15446,1.15439,1.15441
2026-04-07 01:42:00,1.15441,1.15442,1.15426,1.15432
2026-04-07 01:45:00,1.15432,1.15438,1.15428,1.1543700000000001
2026-04-07 01:48:00,1.15436,1.15441,1.15434,1.15436
2026-04-07 01:51:00,1.15436,1.15438,1.1543,1.15432
2026-04-07 01:54:00,1.15432,1.15433,1.15421,1.15422
2026-04-07 01:57:00,1.15422,1.15428,1.15422,1.15425
2026-04-07 02:00:00,1.15425,1.15431,1.15421,1.15426
2026-04-07 02:03:00,1.15426,1.15432,1.15424,1.15429
2026-04-07 02:06:00,1.15428,1.15429,1.15419,1.15425
2026-04-07 02:09:00,1.15425,1.15431,1.15425,1.15428
2026-04-07 02:12:00,1.15428,1.15429,1.15422,1.15428
2026-04-07 02:15:00,1.15428,1.15429,1.15424,1.15426
2026-04-07 02:18:00,1.15426,1.15427,1.15421,1.15423
2026-04-07 02:21:00,1.15423,1.15424,1.1541299999999999,1.15416
2026-04-07 02:24:00,1.15416,1.15418,1.15411,1.15414
2026-04-07 02:27:00,1.15414,1.15415,1.15402,1.1540300000000001
2026-04-07 02:30:00,1.1540300000000001,1.15407,1.15398,1.15404
2026-04-07 02:33:00,1.15404,1.15404,1.15396,1.15396
2026-04-07 02:36:00,1.15396,1.15402,1.15395,1.15402
2026-04-07 02:39:00,1.15402,1.15406,1.15392,1.15399
2026-04-07 02:42:00,1.15399,1.15404,1.1538599999999999,1.15402
2026-04-07 02:45:00,1.15402,1.1541299999999999,1.15402,1.15406
2026-04-07 02:48:00,1.15406,1.15418,1.15402,1.1541
2026-04-07 02:51:00,1.1541,1.15422,1.1541,1.15412
2026-04-07 02:54:00,1.15412,1.1541299999999999,1.15404,1.15406
2026-04-07 02:57:00,1.15406,1.1541,1.1540300000000001,1.15406
2026-04-07 03:00:00,1.15407,1.15409,1.1537,1.15375
2026-04-07 03:03:00,1.15377,1.15394,1.15371,1.15389
2026-04-07 03:06:00,1.15389,1.15401,1.15378,1.15398
2026-04-07 03:09:00,1.15396,1.1541,1.1538599999999999,1.15399
2026-04-07 03:12:00,1.15399,1.15419,1.15391,1.15417
2026-04-07 03:15:00,1.15417,1.15438,1.15417,1.15423
2026-04-07 03:18:00,1.15423,1.15429,1.15412,1.15417
2026-04-07 03:21:00,1.15418,1.15425,1.1540300000000001,1.15404
2026-04-07 03:24:00,1.15404,1.15412,1.15398,1.15407
2026-04-07 03:27:00,1.15407,1.1541299999999999,1.15395,1.15402
2026-04-07 03:30:00,1.15402,1.15409,1.1538599999999999,1.15395
2026-04-07 03:33:00,1.15395,1.1540300000000001,1.1539,1.15394
2026-04-07 03:36:00,1.15394,1.15395,1.15363,1.15373
2026-04-07 03:39:00,1.15373,1.15389,1.15363,1.15387
2026-04-07 03:42:00,1.15387,1.15391,1.15374,1.15379
2026-04-07 03:45:00,1.15379,1.15389,1.1537,1.15383
2026-04-07 03:48:00,1.15383,1.15391,1.15378,1.15389
2026-04-07 03:51:00,1.15389,1.15397,1.15384,1.15397
2026-04-07 03:54:00,1.15397,1.15398,1.15378,1.15381
2026-04-07 03:57:00,1.15381,1.15383,1.15365,1.15375
2026-04-07 04:00:00,1.15375,1.15394,1.15357,1.15389
2026-04-07 04:03:00,1.15389,1.15401,1.15379,1.15379
2026-04-07 04:06:00,1.15379,1.15394,1.15379,1.15379
2026-04-07 04:09:00,1.15379,1.15384,1.1535,1.15359
2026-04-07 04:12:00,1.15359,1.15369,1.1534200000000001,1.15357
2026-04-07 04:15:00,1.15357,1.15371,1.15354,1.15371
2026-04-07 04:18:00,1.1537,1.15375,1.15355,1.15366
2026-04-07 04:21:00,1.15366,1.15371,1.1535199999999999,1.15354
2026-04-07 04:24:00,1.15354,1.15365,1.1534200000000001,1.15356
2026-04-07 04:27:00,1.15357,1.15363,1.15354,1.15362
2026-04-07 04:30:00,1.15362,1.15364,1.1535,1.15359
2026-04-07 04:33:00,1.15359,1.15368,1.15349,1.15349
2026-04-07 04:36:00,1.15349,1.15354,1.15319,1.15319
2026-04-07 04:39:00,1.15319,1.15322,1.15299,1.153
2026-04-07 04:42:00,1.153,1.15307,1.15293,1.15305
2026-04-07 04:45:00,1.15305,1.15313,1.15295,1.15307
2026-04-07 04:48:00,1.15307,1.15309,1.1528100000000001,1.15293
2026-04-07 04:51:00,1.15294,1.15295,1.1526399999999999,1.15279
2026-04-07 04:54:00,1.15279,1.15292,1.15268,1.15276
2026-04-07 04:57:00,1.15276,1.153,1.1527,1.153
2026-04-07 05:00:00,1.153,1.15303,1.15289,1.15293
2026-04-07 05:03:00,1.15293,1.15298,1.15283,1.1529099999999999
2026-04-07 05:06:00,1.1529099999999999,1.15297,1.15242,1.15262
2026-04-07 05:09:00,1.15262,1.15285,1.15259,1.1528100000000001
2026-04-07 05:12:00,1.1528100000000001,1.1528100000000001,1.15258,1.15269
2026-04-07 05:15:00,1.15269,1.15273,1.1525,1.15263
2026-04-07 05:18:00,1.15263,1.1529099999999999,1.15255,1.1529
2026-04-07 05:21:00,1.1529,1.15294,1.15267,1.15278
2026-04-07 05:24:00,1.15277,1.15285,1.1527,1.15283
2026-04-07 05:27:00,1.15284,1.15296,1.1528,1.1529
2026-04-07 05:30:00,1.1529,1.15296,1.15276,1.15292
2026-04-07 05:33:00,1.15292,1.15296,1.15282,1.15292
2026-04-07 05:36:00,1.15292,1.15303,1.15284,1.15294
2026-04-07 05:39:00,1.15294,1.15307,1.1529,1.15303
2026-04-07 05:42:00,1.15303,1.15307,1.15294,1.15302
2026-04-07 05:45:00,1.15302,1.15305,1.15294,1.15304
2026-04-07 05:48:00,1.15304,1.15318,1.15303,1.15313
2026-04-07 05:51:00,1.15313,1.1531500000000001,1.15295,1.15297
2026-04-07 05:54:00,1.15297,1.15303,1.15288,1.1529
2026-04-07 05:57:00,1.1529,1.15303,1.15289,1.15295
2026-04-07 06:00:00,1.15295,1.15318,1.15294,1.15318
2026-04-07 06:03:00,1.15318,1.15318,1.15302,1.15302
2026-04-07 06:06:00,1.15302,1.15308,1.15294,1.15308
2026-04-07 06:09:00,1.15308,1.15322,1.15307,1.15316
2026-04-07 06:12:00,1.15316,1.15317,1.15304,1.15305
2026-04-07 06:15:00,1.15305,1.15309,1.15296,1.15306
2026-04-07 06:18:00,1.15306,1.15306,1.15285,1.15299
2026-04-07 06:21:00,1.15299,1.15307,1.15294,1.15305
2026-04-07 06:24:00,1.153,1.15305,1.1529099999999999,1.15299
2026-04-07 06:27:00,1.15299,1.1531,1.15292,1.15308
2026-04-07 06:30:00,1.15308,1.15312,1.15298,1.15309
2026-04-07 06:33:00,1.15309,1.15313,1.153,1.15311
2026-04-07 06:36:00,1.15311,1.15311,1.15303,1.15309
2026-04-07 06:39:00,1.15309,1.15337,1.15309,1.15331
2026-04-07 06:42:00,1.15331,1.15339,1.1533,1.15339
2026-04-07 06:45:00,1.15339,1.15344,1.15336,1.15343
2026-04-07 06:48:00,1.15343,1.15346,1.15341,1.15345
2026-04-07 06:51:00,1.15345,1.15345,1.15323,1.15324
2026-04-07 06:54:00,1.15333,1.15344,1.15329,1.15344
2026-04-07 06:57:00,1.15344,1.15347,1.15334,1.15334
2026-04-07 07:00:00,1.15334,1.15359,1.15334,1.15356
2026-04-07 07:03:00,1.15356,1.15359,1.15329,1.15337
2026-04-07 07:06:00,1.15337,1.1534,1.15324,1.15333
2026-04-07 07:09:00,1.15334,1.15349,1.1532499999999999,1.15344
2026-04-07 07:12:00,1.15344,1.15344,1.15328,1.15334
2026-04-07 07:15:00,1.15334,1.1534200000000001,1.15332,1.15339
2026-04-07 07:18:00,1.15339,1.1534,1.1533,1.15333
2026-04-07 07:21:00,1.15333,1.15346,1.1532499999999999,1.15346
2026-04-07 07:24:00,1.15346,1.15349,1.15324,1.15341
2026-04-07 07:27:00,1.15341,1.15349,1.15338,1.15345
2026-04-07 07:30:00,1.15345,1.15362,1.1534200000000001,1.15353
2026-04-07 07:33:00,1.15353,1.15362,1.15343,1.15349
2026-04-07 07:36:00,1.15349,1.1535199999999999,1.15339,1.15347
2026-04-07 07:39:00,1.15347,1.1535,1.15338,1.15349
2026-04-07 07:42:00,1.15349,1.15358,1.15346,1.15356
2026-04-07 07:45:00,1.15356,1.15368,1.15349,1.15368
2026-04-07 07:48:00,1.15367,1.15387,1.15363,1.15383
2026-04-07 07:51:00,1.15378,1.15382,1.15371,1.1537600000000001
2026-04-07 07:54:00,1.1537600000000001,1.15384,1.15362,1.15378
2026-04-07 07:57:00,1.15378,1.15388,1.15373,1.15382
2026-04-07 08:00:00,1.15382,1.15396,1.15359,1.15385
2026-04-07 08:03:00,1.15385,1.15387,1.15374,1.15381
2026-04-07 08:06:00,1.15381,1.15393,1.15369,1.15385
2026-04-07 08:09:00,1.15385,1.15385,1.15367,1.15375
2026-04-07 08:12:00,1.15375,1.15382,1.15365,1.15369
2026-04-07 08:15:00,1.15369,1.15383,1.15365,1.15375
2026-04-07 08:18:00,1.15375,1.15388,1.15367,1.1538599999999999
2026-04-07 08:21:00,1.1538599999999999,1.15393,1.15375,1.15379
2026-04-07 08:24:00,1.15379,1.15379,1.15353,1.15373
2026-04-07 08:27:00,1.15373,1.15373,1.15347,1.15361
2026-04-07 08:30:00,1.15361,1.15367,1.15337,1.15355
2026-04-07 08:33:00,1.15355,1.15366,1.15351,1.15362
2026-04-07 08:36:00,1.15362,1.15375,1.15353,1.15375
2026-04-07 08:39:00,1.15375,1.15377,1.15345,1.15348
2026-04-07 08:42:00,1.15348,1.15348,1.15299,1.15304
2026-04-07 08:45:00,1.15302,1.15321,1.15293,1.15316
2026-04-07 08:48:00,1.15316,1.15333,1.15306,1.15331
2026-04-07 08:51:00,1.15331,1.15333,1.15318,1.15322
2026-04-07 08:54:00,1.15322,1.1535199999999999,1.15309,1.15351
2026-04-07 08:57:00,1.15351,1.15356,1.15339,1.15353
2026-04-07 09:00:00,1.15354,1.15365,1.15339,1.15354
2026-04-07 09:03:00,1.15354,1.15368,1.1535199999999999,1.15361
2026-04-07 09:06:00,1.15361,1.1538,1.15361,1.15372
2026-04-07 09:09:00,1.15372,1.15373,1.1534200000000001,1.15359
2026-04-07 09:12:00,1.15359,1.15364,1.15346,1.15349
2026-04-07 09:15:00,1.15349,1.15349,1.15338,1.15341
2026-04-07 09:18:00,1.15341,1.15346,1.15328,1.15332
2026-04-07 09:21:00,1.15332,1.15335,1.15323,1.1533
2026-04-07 09:24:00,1.1533,1.15366,1.15326,1.15357
2026-04-07 09:27:00,1.15357,1.15392,1.15343,1.15374
2026-04-07 09:30:00,1.15372,1.15388,1.15365,1.15383
2026-04-07 09:33:00,1.15383,1.15395,1.1538,1.15389
2026-04-07 09:36:00,1.15389,1.15422,1.15389,1.15418
2026-04-07 09:39:00,1.15418,1.15426,1.15408,1.15417
2026-04-07 09:42:00,1.15417,1.15455,1.15417,1.15443
2026-04-07 09:45:00,1.15443,1.15444,1.1541299999999999,1.15418
2026-04-07 09:48:00,1.15418,1.15433,1.15408,1.15424
2026-04-07 09:51:00,1.15424,1.15443,1.15415,1.15433
2026-04-07 09:54:00,1.15433,1.15441,1.15406,1.15424
2026-04-07 09:57:00,1.15424,1.15446,1.15414,1.15446
2026-04-07 10:00:00,1.15446,1.15454,1.15431,1.15435
2026-04-07 10:03:00,1.15435,1.15438,1.15389,1.15391
2026-04-07 10:06:00,1.15392,1.15395,1.15366,1.15384
2026-04-07 10:09:00,1.15384,1.15408,1.15368,1.1537600000000001
2026-04-07 10:12:00,1.1537600000000001,1.1541299999999999,1.1537600000000001,1.1541
2026-04-07 10:15:00,1.1541,1.1543,1.15394,1.15428
2026-04-07 10:18:00,1.15432,1.1543700000000001,1.15409,1.15428
2026-04-07 10:21:00,1.15428,1.15435,1.15404,1.15426
2026-04-07 10:24:00,1.15426,1.15444,1.1541299999999999,1.15425
2026-04-07 10:27:00,1.15425,1.15426,1.15375,1.15385
2026-04-07 10:30:00,1.15385,1.15405,1.15382,1.15404
2026-04-07 10:33:00,1.15404,1.1543,1.15401,1.15424
2026-04-07 10:36:00,1.15424,1.15434,1.15406,1.15433
2026-04-07 10:39:00,1.15432,1.1544699999999999,1.15414,1.15423
2026-04-07 10:42:00,1.15423,1.1544699999999999,1.1542,1.15445
2026-04-07 10:45:00,1.15445,1.15455,1.15426,1.15454
2026-04-07 10:48:00,1.15454,1.1546,1.15433,1.15439
2026-04-07 10:51:00,1.15438,1.1544699999999999,1.1541,1.15424
2026-04-07 10:54:00,1.15424,1.15425,1.15397,1.15416
2026-04-07 10:57:00,1.15416,1.15434,1.15415,1.15428
2026-04-07 11:00:00,1.15427,1.15669,1.15411,1.15563
2026-04-07 11:03:00,1.15563,1.15567,1.15472,1.15512
2026-04-07 11:06:00,1.15512,1.15545,1.1549800000000001,1.15536
2026-04-07 11:09:00,1.15537,1.15612,1.1553200000000001,1.15607
2026-04-07 11:12:00,1.15603,1.1568,1.15583,1.15659
2026-04-07 11:15:00,1.15659,1.15659,1.15601,1.15602
2026-04-07 11:18:00,1.15602,1.15643,1.15586,1.15643
2026-04-07 11:21:00,1.15647,1.15658,1.15605,1.15617
2026-04-07 11:24:00,1.15617,1.15639,1.15588,1.15591
2026-04-07 11:27:00,1.15591,1.15611,1.15567,1.15611
2026-04-07 11:30:00,1.15611,1.15647,1.15588,1.15641
2026-04-07 11:33:00,1.15641,1.15658,1.15617,1.1564
2026-04-07 11:36:00,1.1564,1.15659,1.15632,1.15644
2026-04-07 11:39:00,1.15644,1.1565400000000001,1.1561,1.1562000000000001
2026-04-07 11:42:00,1.1562000000000001,1.15684,1.15618,1.15673
2026-04-07 11:45:00,1.15674,1.15704,1.1565,1.15658
2026-04-07 11:48:00,1.15659,1.15668,1.15637,1.15658
2026-04-07 11:51:00,1.15658,1.15692,1.15652,1.15684
2026-04-07 11:54:00,1.15684,1.15704,1.1568,1.15697
2026-04-07 11:57:00,1.15697,1.15755,1.15695,1.15735
2026-04-07 12:00:00,1.15735,1.15753,1.15721,1.15733
2026-04-07 12:03:00,1.15732,1.15749,1.15702,1.15704
2026-04-07 12:06:00,1.15704,1.15714,1.1569,1.15707
2026-04-07 12:09:00,1.15707,1.15723,1.1569099999999999,1.15708
2026-04-07 12:12:00,1.15708,1.15719,1.15693,1.15694
2026-04-07 12:15:00,1.15694,1.15704,1.15674,1.157
2026-04-07 12:18:00,1.157,1.15734,1.15685,1.15729
2026-04-07 12:21:00,1.1573,1.1573,1.15694,1.15713
2026-04-07 12:24:00,1.15712,1.1571799999999999,1.15687,1.15699
2026-04-07 12:27:00,1.15699,1.15709,1.15655,1.15684
2026-04-07 12:30:00,1.15688,1.15709,1.1567,1.15692
2026-04-07 12:33:00,1.15692,1.15728,1.15683,1.15714
2026-04-07 12:36:00,1.15714,1.15721,1.15694,1.15712
2026-04-07 12:39:00,1.15712,1.15712,1.15674,1.15686
2026-04-07 12:42:00,1.15686,1.15692,1.15656,1.15659
2026-04-07 12:45:00,1.15659,1.1566,1.15629,1.15636
2026-04-07 12:48:00,1.15636,1.15651,1.15634,1.15647
2026-04-07 12:51:00,1.15647,1.15652,1.15635,1.15637
2026-04-07 12:54:00,1.15637,1.15643,1.15626,1.15635
2026-04-07 12:57:00,1.15634,1.15642,1.15618,1.15625
2026-04-07 13:00:00,1.1562999999999999,1.15636,1.15616,1.15627
2026-04-07 13:03:00,1.15627,1.15632,1.15601,1.1562999999999999
2026-04-07 13:06:00,1.15633,1.15633,1.15611,1.15633
2026-04-07 13:09:00,1.15633,1.15633,1.15514,1.15579
2026-04-07 13:12:00,1.15579,1.15614,1.15579,1.15607
2026-04-07 13:15:00,1.15607,1.15629,1.15583,1.15586
2026-04-07 13:18:00,1.15587,1.15597,1.15575,1.15577
2026-04-07 13:21:00,1.15577,1.15577,1.15534,1.15551
2026-04-07 13:24:00,1.15551,1.15552,1.15457,1.15514
2026-04-07 13:27:00,1.15514,1.15564,1.1549800000000001,1.15551
2026-04-07 13:30:00,1.15551,1.15564,1.15541,1.15555
2026-04-07 13:33:00,1.15555,1.15575,1.1555,1.15573
2026-04-07 13:36:00,1.15573,1.15586,1.15541,1.15543
2026-04-07 13:39:00,1.15543,1.1557,1.15513,1.15522
2026-04-07 13:42:00,1.15522,1.15553,1.15464,1.15529
2026-04-07 13:45:00,1.15529,1.1553200000000001,1.155,1.15504
2026-04-07 13:48:00,1.15504,1.15513,1.1547399999999999,1.15503
2026-04-07 13:51:00,1.15503,1.15515,1.15482,1.15488
2026-04-07 13:54:00,1.15488,1.1553200000000001,1.15481,1.15519
2026-04-07 13:57:00,1.15521,1.15545,1.15515,1.15541
2026-04-07 14:00:00,1.15541,1.15542,1.15504,1.15512
2026-04-07 14:03:00,1.15512,1.15523,1.15502,1.15513
2026-04-07 14:06:00,1.15513,1.15519,1.15483,1.15497
2026-04-07 14:09:00,1.15497,1.15503,1.15479,1.15496
2026-04-07 14:12:00,1.15496,1.15499,1.15468,1.15488
2026-04-07 14:15:00,1.15488,1.15518,1.15478,1.1551
2026-04-07 14:18:00,1.1551,1.15524,1.15504,1.15512
2026-04-07 14:21:00,1.15512,1.15546,1.15509,1.15531
2026-04-07 14:24:00,1.15533,1.15565,1.15514,1.15562
2026-04-07 14:27:00,1.15562,1.15566,1.15521,1.15528
2026-04-07 14:30:00,1.15531,1.15539,1.1550799999999999,1.15511
2026-04-07 14:33:00,1.15511,1.15542,1.15499,1.15542
2026-04-07 14:36:00,1.15542,1.15595,1.15521,1.15564
2026-04-07 14:39:00,1.15564,1.15572,1.15547,1.15548
2026-04-07 14:42:00,1.15548,1.15619,1.15538,1.15619
2026-04-07 14:45:00,1.15619,1.15619,1.1559599999999999,1.15609
2026-04-07 14:48:00,1.15609,1.15609,1.15573,1.15574
2026-04-07 14:51:00,1.15574,1.15583,1.15563,1.15575
2026-04-07 14:54:00,1.15575,1.15579,1.1555900000000001,1.15576
2026-04-07 14:57:00,1.15576,1.15599,1.15574,1.15599
2026-04-07 15:00:00,1.15599,1.15609,1.1558,1.15608
2026-04-07 15:03:00,1.15608,1.15619,1.15595,1.15618
2026-04-07 15:06:00,1.15619,1.15656,1.1553200000000001,1.15583
2026-04-07 15:09:00,1.15583,1.15597,1.15543,1.15563
2026-04-07 15:12:00,1.15563,1.15571,1.15533,1.15557
2026-04-07 15:15:00,1.15557,1.15577,1.15538,1.15558
2026-04-07 15:18:00,1.15558,1.15616,1.15547,1.15599
2026-04-07 15:21:00,1.15599,1.15636,1.15597,1.15609
2026-04-07 15:24:00,1.15609,1.15643,1.15594,1.15608
2026-04-07 15:27:00,1.15608,1.15623,1.15604,1.1561
2026-04-07 15:30:00,1.1561,1.1564,1.15592,1.15619
2026-04-07 15:33:00,1.15619,1.1564,1.15604,1.15639
2026-04-07 15:36:00,1.15639,1.15656,1.15632,1.15649
2026-04-07 15:39:00,1.15649,1.1567,1.15632,1.1567
2026-04-07 15:42:00,1.1567,1.15671,1.15635,1.15645
2026-04-07 15:45:00,1.15645,1.15649,1.15627,1.15645
2026-04-07 15:48:00,1.15645,1.15645,1.1556899999999999,1.15587
2026-04-07 15:51:00,1.15587,1.15649,1.15587,1.15634
2026-04-07 15:54:00,1.15634,1.15697,1.15611,1.15614
2026-04-07 15:57:00,1.15615,1.1562000000000001,1.1559300000000001,1.15604
2026-04-07 16:00:00,1.15604,1.15633,1.1559300000000001,1.1562999999999999
2026-04-07 16:03:00,1.1562999999999999,1.15643,1.15616,1.15618
2026-04-07 16:06:00,1.15618,1.15647,1.15614,1.15629
2026-04-07 16:09:00,1.15629,1.15629,1.15594,1.15613
2026-04-07 16:12:00,1.15613,1.15635,1.15587,1.15629
2026-04-07 16:15:00,1.15629,1.15643,1.15603,1.15623
2026-04-07 16:18:00,1.15623,1.15639,1.15604,1.15638
2026-04-07 16:21:00,1.15638,1.15645,1.15625,1.15633
2026-04-07 16:24:00,1.15633,1.15649,1.15627,1.15634
2026-04-07 16:27:00,1.15634,1.15637,1.15589,1.15597
2026-04-07 16:30:00,1.15597,1.15619,1.1555,1.15591
2026-04-07 16:33:00,1.1559,1.15604,1.15564,1.15604
2026-04-07 16:36:00,1.15604,1.1564,1.15599,1.15599
2026-04-07 16:39:00,1.15601,1.15604,1.15566,1.15584
2026-04-07 16:42:00,1.15584,1.15612,1.15572,1.15598
2026-04-07 16:45:00,1.15598,1.15619,1.15583,1.15615
2026-04-07 16:48:00,1.15615,1.15647,1.15615,1.15634
2026-04-07 16:51:00,1.15634,1.15644,1.15608,1.15631
2026-04-07 16:54:00,1.15631,1.15648,1.15622,1.15635
2026-04-07 16:57:00,1.15636,1.15648,1.15626,1.15635
2026-04-07 17:00:00,1.15635,1.15648,1.15587,1.15598
2026-04-07 17:03:00,1.15599,1.15632,1.15585,1.15624
2026-04-07 17:06:00,1.15624,1.15666,1.15609,1.1561
2026-04-07 17:09:00,1.1561,1.15642,1.1561,1.15625
2026-04-07 17:12:00,1.15625,1.1562999999999999,1.15594,1.15619
2026-04-07 17:15:00,1.15619,1.15623,1.15603,1.15603
2026-04-07 17:18:00,1.15603,1.15652,1.15571,1.15648
2026-04-07 17:21:00,1.15648,1.15705,1.15632,1.15683
2026-04-07 17:24:00,1.15682,1.1573,1.15667,1.15729
2026-04-07 17:27:00,1.15729,1.15729,1.15699,1.15723
2026-04-07 17:30:00,1.15724,1.15735,1.15705,1.15723
2026-04-07 17:33:00,1.15723,1.15785,1.15722,1.15755
2026-04-07 17:36:00,1.15755,1.15812,1.15755,1.15804
2026-04-07 17:39:00,1.15804,1.15807,1.15761,1.15779
2026-04-07 17:42:00,1.15779,1.15799,1.15773,1.15778
2026-04-07 17:45:00,1.15782,1.15835,1.15751,1.15761
2026-04-07 17:48:00,1.15758,1.15797,1.15735,1.15773
2026-04-07 17:51:00,1.15773,1.15782,1.1574200000000001,1.15754
2026-04-07 17:54:00,1.15754,1.15755,1.15717,1.15719
2026-04-07 17:57:00,1.15719,1.15762,1.15708,1.15719
2026-04-07 18:00:00,1.15719,1.15735,1.15696,1.15703
2026-04-07 18:03:00,1.15703,1.15727,1.15667,1.1568
2026-04-07 18:06:00,1.1568,1.15699,1.1566,1.15664
2026-04-07 18:09:00,1.15664,1.15693,1.15652,1.1568
2026-04-07 18:12:00,1.1568,1.15709,1.15671,1.15704
2026-04-07 18:15:00,1.15704,1.15785,1.1568100000000001,1.15739
2026-04-07 18:18:00,1.15739,1.15748,1.15719,1.15732
2026-04-07 18:21:00,1.15731,1.15732,1.15697,1.15713
2026-04-07 18:24:00,1.15716,1.15757,1.15706,1.15757
2026-04-07 18:27:00,1.15756,1.15756,1.15725,1.15743
2026-04-07 18:30:00,1.15743,1.15748,1.15709,1.15736
2026-04-07 18:33:00,1.15736,1.15743,1.1571,1.15738
2026-04-07 18:36:00,1.15738,1.1575,1.15719,1.15736
2026-04-07 18:39:00,1.15736,1.15737,1.157,1.15709
2026-04-07 18:42:00,1.15707,1.1572,1.15677,1.1568100000000001
2026-04-07 18:45:00,1.1568100000000001,1.15708,1.15666,1.15701
2026-04-07 18:48:00,1.15701,1.15708,1.15684,1.15698
2026-04-07 18:51:00,1.15698,1.15749,1.15697,1.15743
2026-04-07 18:54:00,1.15748,1.15781,1.15709,1.1571799999999999
2026-04-07 18:57:00,1.1571799999999999,1.15736,1.15708,1.1571
2026-04-07 19:00:00,1.1571,1.15753,1.15704,1.15743
2026-04-07 19:03:00,1.15743,1.15794,1.15735,1.15764
2026-04-07 19:06:00,1.15764,1.15783,1.15741,1.15757
2026-04-07 19:09:00,1.15757,1.15767,1.15732,1.15733
2026-04-07 19:12:00,1.15733,1.15757,1.15721,1.1575
2026-04-07 19:15:00,1.1575,1.15754,1.15729,1.15729
2026-04-07 19:18:00,1.15729,1.15734,1.15709,1.15728
2026-04-07 19:21:00,1.15727,1.15786,1.15711,1.15734
2026-04-07 19:24:00,1.15734,1.1574200000000001,1.15713,1.15727
2026-04-07 19:27:00,1.15725,1.15765,1.15723,1.15754
2026-04-07 19:30:00,1.15754,1.15775,1.15746,1.15753
2026-04-07 19:33:00,1.15754,1.15773,1.15746,1.15768
2026-04-07 19:36:00,1.15768,1.15768,1.15738,1.15751
2026-04-07 19:39:00,1.15751,1.15758,1.15729,1.15753
2026-04-07 19:42:00,1.15747,1.15757,1.15726,1.15751
2026-04-07 19:45:00,1.1575,1.15768,1.15749,1.15762
2026-04-07 19:48:00,1.15762,1.15768,1.15729,1.15743
2026-04-07 19:51:00,1.15743,1.15749,1.15711,1.15712
2026-04-07 19:54:00,1.15713,1.15726,1.15693,1.15701
2026-04-07 19:57:00,1.15701,1.1571500000000001,1.1569,1.15714
2026-04-07 20:00:00,1.15714,1.1575,1.15708,1.15738
2026-04-07 20:03:00,1.15738,1.15753,1.15722,1.15733
2026-04-07 20:06:00,1.15733,1.15746,1.15703,1.15711
2026-04-07 20:09:00,1.15712,1.15712,1.15676,1.15685
2026-04-07 20:12:00,1.15685,1.15706,1.1568100000000001,1.15701
2026-04-07 20:15:00,1.15701,1.15702,1.15666,1.1568
2026-04-07 20:18:00,1.1568100000000001,1.15688,1.15666,1.15672
2026-04-07 20:21:00,1.15672,1.15682,1.15663,1.15673
2026-04-07 20:24:00,1.15673,1.15685,1.15665,1.15676
2026-04-07 20:27:00,1.15675,1.15687,1.15665,1.15672
2026-04-07 20:30:00,1.15679,1.15712,1.15674,1.15708
2026-04-07 20:33:00,1.15708,1.15766,1.15699,1.15762
2026-04-07 20:36:00,1.15762,1.15795,1.1575,1.15769
2026-04-07 20:39:00,1.15769,1.15779,1.15757,1.15772
2026-04-07 20:42:00,1.15772,1.15774,1.15753,1.15756
2026-04-07 20:45:00,1.15756,1.15762,1.15721,1.15755
2026-04-07 20:48:00,1.15755,1.15763,1.15748,1.15756
2026-04-07 20:51:00,1.15756,1.15794,1.15754,1.15785
2026-04-07 20:54:00,1.15785,1.15786,1.15754,1.15772
2026-04-07 20:57:00,1.1577,1.15778,1.15754,1.15774
2026-04-07 21:00:00,1.15774,1.15796,1.15771,1.15786
2026-04-07 21:03:00,1.15786,1.15788,1.15765,1.1577600000000001
2026-04-07 21:06:00,1.1577600000000001,1.15784,1.15763,1.15779
2026-04-07 21:09:00,1.15779,1.15783,1.15764,1.15777
2026-04-07 21:12:00,1.15771,1.15795,1.15771,1.15794
2026-04-07 21:15:00,1.15794,1.15795,1.1577,1.15788
2026-04-07 21:18:00,1.15788,1.1581,1.15782,1.15805
2026-04-07 21:21:00,1.15805,1.1583,1.15792,1.15819
2026-04-07 21:24:00,1.15819,1.15824,1.15797,1.15815
2026-04-07 21:27:00,1.15815,1.1582,1.15798,1.1582
2026-04-07 21:30:00,1.1582,1.15829,1.15808,1.15822
2026-04-07 21:33:00,1.15822,1.15826,1.15809,1.15819
2026-04-07 21:36:00,1.15819,1.15826,1.15793,1.15796
2026-04-07 21:39:00,1.15796,1.15804,1.15764,1.15773
2026-04-07 21:42:00,1.15773,1.15779,1.15762,1.1577600000000001
2026-04-07 21:45:00,1.1577600000000001,1.15777,1.1575199999999999,1.15767
2026-04-07 21:48:00,1.15767,1.1577,1.15748,1.15755
2026-04-07 21:51:00,1.15755,1.15768,1.15748,1.1575199999999999
2026-04-07 21:54:00,1.1575199999999999,1.15757,1.15714,1.15723
2026-04-07 21:57:00,1.15723,1.15759,1.15722,1.15746
2026-04-07 22:00:00,1.15746,1.1576,1.15733,1.15757
2026-04-07 22:03:00,1.15757,1.15763,1.15735,1.15738
2026-04-07 22:06:00,1.15737,1.15794,1.15724,1.15747
2026-04-07 22:09:00,1.15746,1.15775,1.1574200000000001,1.15768
2026-04-07 22:12:00,1.15768,1.15778,1.1575199999999999,1.15767
2026-04-07 22:15:00,1.15767,1.15797,1.15762,1.15787
2026-04-07 22:18:00,1.15787,1.15906,1.15784,1.15877
2026-04-07 22:21:00,1.15877,1.15884,1.15842,1.15842
2026-04-07 22:24:00,1.15842,1.15856,1.15825,1.1583700000000001
2026-04-07 22:27:00,1.1583700000000001,1.15852,1.15828,1.15845
2026-04-07 22:30:00,1.15844,1.15849,1.15823,1.1584699999999999
2026-04-07 22:33:00,1.1584699999999999,1.15849,1.15832,1.15838
2026-04-07 22:36:00,1.15838,1.15854,1.15829,1.15844
2026-04-07 22:39:00,1.1584699999999999,1.1586400000000001,1.15825,1.15861
2026-04-07 22:42:00,1.15861,1.15899,1.15843,1.15863
2026-04-07 22:45:00,1.15863,1.16009,1.15852,1.15998
2026-04-07 22:48:00,1.15998,1.16016,1.15934,1.1595900000000001
2026-04-07 22:51:00,1.1595900000000001,1.1599599999999999,1.15954,1.15968
2026-04-07 22:54:00,1.15968,1.16002,1.15964,1.1599599999999999
2026-04-07 22:57:00,1.15995,1.1599599999999999,1.15943,1.1595
2026-04-07 23:00:00,1.15949,1.15957,1.15916,1.15956
2026-04-07 23:03:00,1.15956,1.15977,1.15952,1.15961
2026-04-07 23:06:00,1.15961,1.15974,1.15945,1.15972
2026-04-07 23:09:00,1.15973,1.16001,1.15972,1.15995
2026-04-07 23:12:00,1.15995,1.16017,1.15988,1.16016
2026-04-07 23:15:00,1.16016,1.16048,1.15998,1.16044
2026-04-07 23:18:00,1.16044,1.16044,1.16017,1.16033
2026-04-07 23:21:00,1.16033,1.16035,1.16012,1.16022
2026-04-07 23:24:00,1.16022,1.16025,1.1599,1.16
2026-04-07 23:27:00,1.16,1.16017,1.15991,1.15991
2026-04-07 23:30:00,1.15993,1.16005,1.1598600000000001,1.1598600000000001
2026-04-07 23:33:00,1.1598600000000001,1.16007,1.15984,1.15989
2026-04-07 23:36:00,1.15991,1.15991,1.15966,1.15976
2026-04-07 23:39:00,1.15976,1.16027,1.1596899999999999,1.16011
2026-04-07 23:42:00,1.1601,1.1602000000000001,1.15976,1.15978
2026-04-07 23:45:00,1.15978,1.15983,1.15948,1.15951
2026-04-07 23:48:00,1.1595,1.1595900000000001,1.15943,1.1595
2026-04-07 23:51:00,1.1595,1.15958,1.15939,1.15957
2026-04-07 23:54:00,1.15957,1.1598600000000001,1.15957,1.15984
2026-04-07 23:57:00,1.15982,1.15988,1.1596,1.15965
2026-04-08 00:00:00,1.15937,1.15939,1.15909,1.15929
2026-04-08 00:03:00,1.15929,1.15985,1.15913,1.15943
2026-04-08 00:06:00,1.15943,1.16,1.15922,1.15965
2026-04-08 00:09:00,1.15965,1.15992,1.15945,1.15953
2026-04-08 00:12:00,1.15953,1.1599599999999999,1.15931,1.15979
2026-04-08 00:15:00,1.15979,1.15988,1.15946,1.15974
2026-04-08 00:18:00,1.15975,1.15978,1.15948,1.15967
2026-04-08 00:21:00,1.15967,1.1599599999999999,1.15939,1.15979
2026-04-08 00:24:00,1.15979,1.15983,1.15965,1.15982
2026-04-08 00:27:00,1.15982,1.15985,1.15947,1.15981
2026-04-08 00:30:00,1.15981,1.15989,1.1595900000000001,1.15983
2026-04-08 00:33:00,1.15983,1.15992,1.15968,1.15989
2026-04-08 00:36:00,1.15989,1.1599,1.1596,1.15985
2026-04-08 00:39:00,1.15985,1.15987,1.1596,1.1598
2026-04-08 00:42:00,1.1598,1.1599,1.15945,1.15976
2026-04-08 00:45:00,1.15976,1.15991,1.15955,1.15991
2026-04-08 00:48:00,1.15991,1.15991,1.15958,1.15985
2026-04-08 00:51:00,1.15985,1.15992,1.15952,1.15989
2026-04-08 00:54:00,1.1598600000000001,1.1599,1.15953,1.15988
2026-04-08 00:57:00,1.15988,1.15991,1.15948,1.15977
2026-04-08 01:00:00,1.15975,1.16098,1.15975,1.16098
2026-04-08 01:03:00,1.16097,1.16192,1.16095,1.16168
2026-04-08 01:06:00,1.16168,1.16194,1.1616,1.1616900000000001
2026-04-08 01:09:00,1.1616900000000001,1.16181,1.16124,1.1613
2026-04-08 01:12:00,1.1613,1.16153,1.16117,1.1612
2026-04-08 01:15:00,1.1612,1.16123,1.16096,1.16113
2026-04-08 01:18:00,1.16113,1.16116,1.1609099999999999,1.161
2026-04-08 01:21:00,1.161,1.16131,1.16092,1.16129
2026-04-08 01:24:00,1.16128,1.16128,1.16103,1.16115
2026-04-08 01:27:00,1.16115,1.1613,1.16103,1.16127
2026-04-08 01:30:00,1.16126,1.16302,1.15883,1.16052
2026-04-08 01:33:00,1.16052,1.1635900000000001,1.16033,1.1635
2026-04-08 01:36:00,1.1635,1.16449,1.1634,1.16409
2026-04-08 01:39:00,1.16409,1.16528,1.1639599999999999,1.16413
2026-04-08 01:42:00,1.16413,1.16486,1.16368,1.1643
2026-04-08 01:45:00,1.16431,1.1648,1.16393,1.16394
2026-04-08 01:48:00,1.16394,1.16472,1.1638,1.16441
2026-04-08 01:51:00,1.16441,1.16524,1.16432,1.16523
2026-04-08 01:54:00,1.16523,1.16606,1.16521,1.16596
2026-04-08 01:57:00,1.16596,1.16695,1.16594,1.16675
2026-04-08 02:00:00,1.16678,1.16698,1.16622,1.16694
2026-04-08 02:03:00,1.16694,1.16748,1.16662,1.16685
2026-04-08 02:06:00,1.16685,1.16698,1.1663000000000001,1.16678
2026-04-08 02:09:00,1.16678,1.16684,1.1661,1.16641
2026-04-08 02:12:00,1.16641,1.16718,1.16632,1.16692
2026-04-08 02:15:00,1.16692,1.16775,1.1666400000000001,1.1673499999999999
2026-04-08 02:18:00,1.1673499999999999,1.16837,1.16716,1.16826
2026-04-08 02:21:00,1.16826,1.16851,1.16787,1.16816
2026-04-08 02:24:00,1.16816,1.16875,1.16788,1.16875
2026-04-08 02:27:00,1.16875,1.16877,1.16743,1.1676199999999999
2026-04-08 02:30:00,1.1676199999999999,1.16825,1.1676,1.16816
2026-04-08 02:33:00,1.16816,1.16816,1.16723,1.16754
2026-04-08 02:36:00,1.16754,1.1676199999999999,1.16714,1.16753
2026-04-08 02:39:00,1.16754,1.16819,1.16747,1.16806
2026-04-08 02:42:00,1.16806,1.16866,1.16798,1.1685699999999999
2026-04-08 02:45:00,1.1685699999999999,1.16901,1.16849,1.16878
2026-04-08 02:48:00,1.16882,1.16889,1.16836,1.16876
2026-04-08 02:51:00,1.16876,1.16896,1.16854,1.16888
2026-04-08 02:54:00,1.16887,1.1689,1.16816,1.16832
2026-04-08 02:57:00,1.16832,1.1687,1.1682299999999999,1.16861
2026-04-08 03:00:00,1.16862,1.16968,1.1685699999999999,1.16938
2026-04-08 03:03:00,1.16938,1.16951,1.16821,1.16838
2026-04-08 03:06:00,1.16827,1.1686,1.16764,1.16777
2026-04-08 03:09:00,1.16778,1.16877,1.1675200000000001,1.1685699999999999
2026-04-08 03:12:00,1.16858,1.1686,1.16764,1.16788
2026-04-08 03:15:00,1.16788,1.16793,1.16728,1.16745
2026-04-08 03:18:00,1.16745,1.16754,1.167,1.16747
2026-04-08 03:21:00,1.16747,1.16779,1.16743,1.16772
2026-04-08 03:24:00,1.16773,1.16777,1.16729,1.16769
2026-04-08 03:27:00,1.16769,1.16769,1.16726,1.16746
2026-04-08 03:30:00,1.16745,1.16769,1.16718,1.16726
2026-04-08 03:33:00,1.16726,1.16742,1.16686,1.1670099999999999
2026-04-08 03:36:00,1.1670099999999999,1.16731,1.16658,1.16712
2026-04-08 03:39:00,1.16712,1.16724,1.16669,1.16685
2026-04-08 03:42:00,1.16685,1.16702,1.1666400000000001,1.16666
2026-04-08 03:45:00,1.16666,1.16697,1.16659,1.1666400000000001
2026-04-08 03:48:00,1.1666400000000001,1.16761,1.1666400000000001,1.16739
2026-04-08 03:51:00,1.16739,1.16764,1.16724,1.1673
2026-04-08 03:54:00,1.1673,1.16734,1.16695,1.16711
2026-04-08 03:57:00,1.16711,1.16732,1.16682,1.16717
2026-04-08 04:00:00,1.16717,1.16773,1.16709,1.16765
2026-04-08 04:03:00,1.16765,1.16766,1.1673,1.16761
2026-04-08 04:06:00,1.16761,1.1679599999999999,1.16734,1.16772
2026-04-08 04:09:00,1.16772,1.16794,1.16753,1.16793
2026-04-08 04:12:00,1.16793,1.16837,1.1678,1.16783
2026-04-08 04:15:00,1.16783,1.16792,1.16753,1.16773
2026-04-08 04:18:00,1.16773,1.16819,1.16773,1.16793
2026-04-08 04:21:00,1.16793,1.16819,1.16781,1.16819
2026-04-08 04:24:00,1.16819,1.1688,1.16814,1.16871
2026-04-08 04:27:00,1.1687,1.16882,1.16852,1.16866
2026-04-08 04:30:00,1.16866,1.16866,1.16789,1.1679599999999999
2026-04-08 04:33:00,1.1679599999999999,1.16799,1.16763,1.16763
2026-04-08 04:36:00,1.16763,1.16804,1.16749,1.16792
2026-04-08 04:39:00,1.16792,1.16797,1.16757,1.16794
2026-04-08 04:42:00,1.16794,1.16809,1.16789,1.16803
2026-04-08 04:45:00,1.16804,1.16828,1.16792,1.16801
2026-04-08 04:48:00,1.16801,1.1684,1.16792,1.16839
2026-04-08 04:51:00,1.16839,1.16846,1.16809,1.16809
2026-04-08 04:54:00,1.16809,1.16809,1.16756,1.1677
2026-04-08 04:57:00,1.1677,1.1677,1.1674,1.16754
2026-04-08 05:00:00,1.16754,1.16822,1.16753,1.16773
2026-04-08 05:03:00,1.16773,1.1682,1.16768,1.16811
2026-04-08 05:06:00,1.1681,1.16811,1.16775,1.16788
2026-04-08 05:09:00,1.16788,1.16788,1.16755,1.16757
2026-04-08 05:12:00,1.16757,1.1678600000000001,1.16748,1.16761
2026-04-08 05:15:00,1.16761,1.16768,1.1673,1.16742
2026-04-08 05:18:00,1.16742,1.16749,1.16731,1.16737
2026-04-08 05:21:00,1.16736,1.16737,1.16705,1.16707
2026-04-08 05:24:00,1.16707,1.16713,1.16687,1.16702
2026-04-08 05:27:00,1.16702,1.1674,1.16693,1.16737
2026-04-08 05:30:00,1.16737,1.16753,1.16708,1.1672
2026-04-08 05:33:00,1.16722,1.16748,1.16703,1.16713
2026-04-08 05:36:00,1.16713,1.16727,1.16697,1.16714
2026-04-08 05:39:00,1.16714,1.16723,1.16703,1.16721
2026-04-08 05:42:00,1.16721,1.16726,1.16706,1.16711
2026-04-08 05:45:00,1.16711,1.16718,1.167,1.16709
2026-04-08 05:48:00,1.16709,1.16718,1.16698,1.16709
2026-04-08 05:51:00,1.1671,1.16728,1.16696,1.16719
2026-04-08 05:54:00,1.16719,1.1672,1.1669100000000001,1.16713
2026-04-08 05:57:00,1.16712,1.16738,1.16708,1.16736
2026-04-08 06:00:00,1.16736,1.16745,1.1671,1.16716
2026-04-08 06:03:00,1.16716,1.16728,1.16703,1.16716
2026-04-08 06:06:00,1.16716,1.16729,1.1670099999999999,1.16716
2026-04-08 06:09:00,1.16716,1.16748,1.16716,1.16741
2026-04-08 06:12:00,1.16741,1.16745,1.16723,1.16742
2026-04-08 06:15:00,1.16742,1.16749,1.16717,1.16744
2026-04-08 06:18:00,1.16744,1.16758,1.16699,1.16714
2026-04-08 06:21:00,1.16713,1.16714,1.16672,1.16673
2026-04-08 06:24:00,1.16673,1.16695,1.16662,1.16677
2026-04-08 06:27:00,1.16677,1.16694,1.16667,1.1669
2026-04-08 06:30:00,1.1669,1.16705,1.1667399999999999,1.1667399999999999
2026-04-08 06:33:00,1.1667399999999999,1.16687,1.1666400000000001,1.16684
2026-04-08 06:36:00,1.16684,1.16709,1.16681,1.1669
2026-04-08 06:39:00,1.16693,1.1671,1.16657,1.16703
2026-04-08 06:42:00,1.16703,1.16721,1.16692,1.1670099999999999
2026-04-08 06:45:00,1.1670099999999999,1.16703,1.16687,1.16688
2026-04-08 06:48:00,1.16688,1.16711,1.16688,1.16708
2026-04-08 06:51:00,1.16708,1.16722,1.16696,1.16705
2026-04-08 06:54:00,1.16705,1.16712,1.16686,1.16692
2026-04-08 06:57:00,1.16692,1.16715,1.16687,1.16705
2026-04-08 07:00:00,1.16705,1.16759,1.16705,1.16756
2026-04-08 07:03:00,1.16756,1.16761,1.16742,1.16756
2026-04-08 07:06:00,1.16756,1.16766,1.16745,1.16765
2026-04-08 07:09:00,1.16765,1.16787,1.16755,1.16774
2026-04-08 07:12:00,1.16774,1.16785,1.16769,1.16784
2026-04-08 07:15:00,1.16784,1.16811,1.16775,1.16803
2026-04-08 07:18:00,1.16803,1.16808,1.16782,1.16794
2026-04-08 07:21:00,1.16794,1.16794,1.16747,1.16755
2026-04-08 07:24:00,1.16755,1.16773,1.16746,1.1677
2026-04-08 07:27:00,1.1677,1.16784,1.1676,1.16775
2026-04-08 07:30:00,1.16775,1.16804,1.16775,1.16797
2026-04-08 07:33:00,1.16797,1.16804,1.16785,1.16802
2026-04-08 07:36:00,1.16803,1.16806,1.16784,1.16803
2026-04-08 07:39:00,1.16803,1.16803,1.16745,1.16764
2026-04-08 07:42:00,1.16764,1.16795,1.16764,1.16771
2026-04-08 07:45:00,1.16771,1.16784,1.16763,1.16784
2026-04-08 07:48:00,1.16782,1.16791,1.1675200000000001,1.16758
2026-04-08 07:51:00,1.16758,1.16773,1.16747,1.1676199999999999
2026-04-08 07:54:00,1.1676199999999999,1.16774,1.1675200000000001,1.16758
2026-04-08 07:57:00,1.16757,1.16764,1.16736,1.1676199999999999
2026-04-08 08:00:00,1.16765,1.16781,1.1675200000000001,1.16754
2026-04-08 08:03:00,1.1675200000000001,1.16766,1.16734,1.16763
2026-04-08 08:06:00,1.16763,1.16793,1.16763,1.16783
2026-04-08 08:09:00,1.16783,1.16784,1.1675,1.16756
2026-04-08 08:12:00,1.16756,1.16785,1.16721,1.16775
2026-04-08 08:15:00,1.16775,1.1678,1.16758,1.16775
2026-04-08 08:18:00,1.16775,1.16825,1.16774,1.16825
2026-04-08 08:21:00,1.16825,1.16859,1.16817,1.16858
2026-04-08 08:24:00,1.16858,1.16876,1.16848,1.16852
2026-04-08 08:27:00,1.16852,1.16866,1.16842,1.1685699999999999
2026-04-08 08:30:00,1.1685699999999999,1.16881,1.1684,1.16858
2026-04-08 08:33:00,1.16858,1.16876,1.16851,1.1687400000000001
2026-04-08 08:36:00,1.1687400000000001,1.16882,1.16861,1.16879
2026-04-08 08:39:00,1.16879,1.16894,1.16875,1.16889
2026-04-08 08:42:00,1.16889,1.16915,1.16886,1.16891
2026-04-08 08:45:00,1.16891,1.16932,1.16873,1.16932
2026-04-08 08:48:00,1.16932,1.16982,1.16916,1.16982
2026-04-08 08:51:00,1.16982,1.17086,1.16972,1.17039
2026-04-08 08:54:00,1.17039,1.17041,1.16938,1.16944
2026-04-08 08:57:00,1.16944,1.16956,1.1690800000000001,1.16914
2026-04-08 09:00:00,1.16914,1.16916,1.16846,1.16852
2026-04-08 09:03:00,1.16852,1.16887,1.16842,1.16887
2026-04-08 09:06:00,1.16887,1.16896,1.1685,1.16861
2026-04-08 09:09:00,1.16861,1.16891,1.16844,1.1688399999999999
2026-04-08 09:12:00,1.1688399999999999,1.16895,1.16858,1.16894
2026-04-08 09:15:00,1.16894,1.1691799999999999,1.16886,1.16906
2026-04-08 09:18:00,1.16906,1.1691799999999999,1.16894,1.16909
2026-04-08 09:21:00,1.16909,1.16921,1.1685699999999999,1.16921
2026-04-08 09:24:00,1.16921,1.16964,1.16917,1.1696
2026-04-08 09:27:00,1.1696,1.17047,1.16957,1.17029
2026-04-08 09:30:00,1.17029,1.17031,1.16971,1.16982
2026-04-08 09:33:00,1.16982,1.17014,1.16963,1.17004
2026-04-08 09:36:00,1.17004,1.17055,1.17004,1.17055
2026-04-08 09:39:00,1.17057,1.17084,1.17017,1.1703000000000001
2026-04-08 09:42:00,1.1703000000000001,1.17063,1.17009,1.17044
2026-04-08 09:45:00,1.17045,1.17078,1.17034,1.17048
2026-04-08 09:48:00,1.17048,1.17053,1.1694,1.16953
2026-04-08 09:51:00,1.16953,1.16971,1.16919,1.16926
2026-04-08 09:54:00,1.16926,1.16948,1.16904,1.16936
2026-04-08 09:57:00,1.16936,1.16989,1.16926,1.16962
2026-04-08 10:00:00,1.16962,1.16971,1.16902,1.16903
2026-04-08 10:03:00,1.16903,1.16916,1.1688,1.16897
2026-04-08 10:06:00,1.16897,1.16915,1.16833,1.16861
2026-04-08 10:09:00,1.16861,1.16862,1.16803,1.16816
2026-04-08 10:12:00,1.16816,1.1682299999999999,1.16789,1.16816
2026-04-08 10:15:00,1.16816,1.16864,1.16793,1.1686
2026-04-08 10:18:00,1.16861,1.16922,1.16844,1.1691
2026-04-08 10:21:00,1.1691,1.16933,1.16894,1.16921
2026-04-08 10:24:00,1.16921,1.16957,1.16913,1.16951
2026-04-08 10:27:00,1.16955,1.16968,1.16934,1.16951
2026-04-08 10:30:00,1.16951,1.16952,1.16917,1.16931
2026-04-08 10:33:00,1.16931,1.16946,1.16896,1.16934
2026-04-08 10:36:00,1.16934,1.16936,1.16885,1.16906
2026-04-08 10:39:00,1.16906,1.16926,1.16887,1.16919
2026-04-08 10:42:00,1.16919,1.16947,1.16919,1.1694499999999999
2026-04-08 10:45:00,1.1694499999999999,1.16997,1.16944,1.16963
2026-04-08 10:48:00,1.16963,1.1697,1.16933,1.16959
2026-04-08 10:51:00,1.16959,1.16998,1.16959,1.16988
2026-04-08 10:54:00,1.16988,1.17001,1.1696900000000001,1.16977
2026-04-08 10:57:00,1.16977,1.16977,1.16943,1.16955
2026-04-08 11:00:00,1.16955,1.16957,1.16913,1.16938
2026-04-08 11:03:00,1.16938,1.16972,1.16938,1.16971
2026-04-08 11:06:00,1.16971,1.16991,1.16907,1.16914
2026-04-08 11:09:00,1.16914,1.16919,1.16851,1.16854
2026-04-08 11:12:00,1.16854,1.16894,1.16848,1.16867
2026-04-08 11:15:00,1.16868,1.16894,1.16856,1.1687
2026-04-08 11:18:00,1.1687,1.16889,1.16858,1.1687400000000001
2026-04-08 11:21:00,1.1687400000000001,1.16886,1.1684700000000001,1.16858
2026-04-08 11:24:00,1.16858,1.1691,1.16817,1.16828
2026-04-08 11:27:00,1.16829,1.1685,1.16814,1.16848
2026-04-08 11:30:00,1.16848,1.16864,1.16827,1.16843
2026-04-08 11:33:00,1.16844,1.16855,1.16811,1.16853
2026-04-08 11:36:00,1.16853,1.16863,1.16811,1.1684700000000001
2026-04-08 11:39:00,1.1684700000000001,1.1686,1.16782,1.1679
2026-04-08 11:42:00,1.1678600000000001,1.1678600000000001,1.1669,1.16776
2026-04-08 11:45:00,1.16776,1.1679599999999999,1.16764,1.16787
2026-04-08 11:48:00,1.16787,1.16829,1.16781,1.16825
2026-04-08 11:51:00,1.16825,1.16843,1.1681,1.16814
2026-04-08 11:54:00,1.16814,1.16817,1.16795,1.16816
2026-04-08 11:57:00,1.16816,1.16833,1.1679599999999999,1.16811
2026-04-08 12:00:00,1.16811,1.16833,1.16795,1.16802
2026-04-08 12:03:00,1.16802,1.16852,1.16797,1.16825
2026-04-08 12:06:00,1.16825,1.16861,1.1681300000000001,1.1686
2026-04-08 12:09:00,1.1686,1.16873,1.16829,1.16835
2026-04-08 12:12:00,1.16835,1.1685699999999999,1.16828,1.16844
2026-04-08 12:15:00,1.16844,1.1685699999999999,1.16831,1.16832
2026-04-08 12:18:00,1.16832,1.16893,1.16827,1.1686
2026-04-08 12:21:00,1.1686,1.16865,1.16799,1.16818
2026-04-08 12:24:00,1.16818,1.16822,1.16789,1.16808
2026-04-08 12:27:00,1.16808,1.16827,1.16799,1.1682
2026-04-08 12:30:00,1.16821,1.16846,1.16809,1.16832
2026-04-08 12:33:00,1.16833,1.16838,1.16801,1.16831
2026-04-08 12:36:00,1.16831,1.16846,1.168,1.16822
2026-04-08 12:39:00,1.16822,1.16856,1.16819,1.16837
2026-04-08 12:42:00,1.16837,1.16841,1.16778,1.16785
2026-04-08 12:45:00,1.16785,1.16821,1.16773,1.1682
2026-04-08 12:48:00,1.1682,1.16841,1.16814,1.16839
2026-04-08 12:51:00,1.16839,1.16865,1.16803,1.16861
2026-04-08 12:54:00,1.16861,1.16861,1.16805,1.16805
2026-04-08 12:57:00,1.16806,1.16814,1.16783,1.16795
2026-04-08 13:00:00,1.16795,1.16808,1.16779,1.16792
2026-04-08 13:03:00,1.16793,1.16807,1.16774,1.16783
2026-04-08 13:06:00,1.16783,1.16809,1.16779,1.1679599999999999
2026-04-08 13:09:00,1.1679599999999999,1.16835,1.16792,1.16832
2026-04-08 13:12:00,1.16832,1.16863,1.16825,1.16862
2026-04-08 13:15:00,1.16862,1.16867,1.16825,1.16844
2026-04-08 13:18:00,1.16844,1.16852,1.16833,1.16846
2026-04-08 13:21:00,1.16846,1.16867,1.16829,1.16851
2026-04-08 13:24:00,1.16851,1.1686,1.16842,1.16855
2026-04-08 13:27:00,1.1685699999999999,1.16863,1.1684700000000001,1.16856
2026-04-08 13:30:00,1.16856,1.1688,1.1685,1.16873
2026-04-08 13:33:00,1.16873,1.1689,1.16859,1.16873
2026-04-08 13:36:00,1.16873,1.1687400000000001,1.1684,1.16854
2026-04-08 13:39:00,1.16854,1.16869,1.16839,1.16867
2026-04-08 13:42:00,1.16868,1.16879,1.16839,1.16879
2026-04-08 13:45:00,1.16879,1.16895,1.16869,1.16885
2026-04-08 13:48:00,1.16885,1.16885,1.16843,1.1685699999999999
2026-04-08 13:51:00,1.1685699999999999,1.16873,1.16844,1.1686
2026-04-08 13:54:00,1.16859,1.16923,1.16855,1.16922
2026-04-08 13:57:00,1.16922,1.16925,1.16892,1.16902
2026-04-08 14:00:00,1.16902,1.16902,1.16848,1.16875
2026-04-08 14:03:00,1.16875,1.16913,1.1687400000000001,1.16886
2026-04-08 14:06:00,1.1688,1.16913,1.16877,1.16911
2026-04-08 14:09:00,1.16912,1.16941,1.16901,1.16938
2026-04-08 14:12:00,1.16938,1.16967,1.16922,1.16958
2026-04-08 14:15:00,1.16958,1.1697,1.16946,1.16962
2026-04-08 14:18:00,1.1696,1.17,1.16953,1.16991
2026-04-08 14:21:00,1.16991,1.17015,1.16982,1.17004
2026-04-08 14:24:00,1.17004,1.17066,1.17002,1.17055
2026-04-08 14:27:00,1.17059,1.1710099999999999,1.17054,1.17072
2026-04-08 14:30:00,1.17068,1.17076,1.17042,1.17056
2026-04-08 14:33:00,1.17056,1.1707,1.17014,1.17014
2026-04-08 14:36:00,1.17014,1.17014,1.16955,1.16958
2026-04-08 14:39:00,1.16958,1.16992,1.16942,1.16991
2026-04-08 14:42:00,1.16992,1.17,1.16971,1.16995
2026-04-08 14:45:00,1.16994,1.17032,1.16986,1.17027
2026-04-08 14:48:00,1.17027,1.17047,1.17018,1.1702
2026-04-08 14:51:00,1.1702,1.17044,1.1702,1.17029
2026-04-08 14:54:00,1.17029,1.1703999999999999,1.16994,1.17001
2026-04-08 14:57:00,1.17001,1.17016,1.1697899999999999,1.17
2026-04-08 15:00:00,1.17,1.17024,1.16996,1.17011
2026-04-08 15:03:00,1.17011,1.17058,1.16999,1.17056
2026-04-08 15:06:00,1.17056,1.17104,1.17053,1.17095
2026-04-08 15:09:00,1.17095,1.17098,1.17042,1.1707
2026-04-08 15:12:00,1.1707,1.17076,1.17046,1.17066
2026-04-08 15:15:00,1.17071,1.17075,1.1703999999999999,1.17071
2026-04-08 15:18:00,1.17071,1.17077,1.16947,1.16972
2026-04-08 15:21:00,1.16973,1.1699,1.16881,1.16956
2026-04-08 15:24:00,1.16957,1.16995,1.16917,1.1696900000000001
2026-04-08 15:27:00,1.1696900000000001,1.17011,1.16928,1.17005
2026-04-08 15:30:00,1.17005,1.17036,1.17001,1.17035
2026-04-08 15:33:00,1.17035,1.17064,1.17033,1.17056
2026-04-08 15:36:00,1.17056,1.17099,1.17048,1.17095
2026-04-08 15:39:00,1.17095,1.17121,1.17065,1.17119
2026-04-08 15:42:00,1.17119,1.17148,1.17111,1.17143
2026-04-08 15:45:00,1.17143,1.17166,1.1713,1.1716199999999999
2026-04-08 15:48:00,1.1716199999999999,1.17166,1.1712500000000001,1.17145
2026-04-08 15:51:00,1.17146,1.1716,1.17131,1.17153
2026-04-08 15:54:00,1.17153,1.1718,1.17137,1.1714
2026-04-08 15:57:00,1.1714,1.17156,1.17122,1.1714
2026-04-08 16:00:00,1.17139,1.17208,1.17122,1.17201
2026-04-08 16:03:00,1.17201,1.17216,1.17164,1.1718899999999999
2026-04-08 16:06:00,1.1718899999999999,1.17206,1.17134,1.17165
2026-04-08 16:09:00,1.17165,1.1718,1.17109,1.17124
2026-04-08 16:12:00,1.17124,1.17147,1.17092,1.17113
2026-04-08 16:15:00,1.17119,1.1715200000000001,1.17106,1.17139
2026-04-08 16:18:00,1.17139,1.17144,1.1709100000000001,1.17098
2026-04-08 16:21:00,1.17098,1.17119,1.17069,1.17118
2026-04-08 16:24:00,1.17118,1.17148,1.1709100000000001,1.17093
2026-04-08 16:27:00,1.17093,1.17094,1.17024,1.17036
2026-04-08 16:30:00,1.17036,1.1705,1.16985,1.16999
2026-04-08 16:33:00,1.16999,1.17009,1.1693500000000001,1.16938
2026-04-08 16:36:00,1.16938,1.1696900000000001,1.1687,1.16899
2026-04-08 16:39:00,1.169,1.1691799999999999,1.16877,1.16911
2026-04-08 16:42:00,1.16911,1.16942,1.16891,1.1693
2026-04-08 16:45:00,1.1693,1.16977,1.16919,1.16968
2026-04-08 16:48:00,1.16968,1.16988,1.16956,1.16956
2026-04-08 16:51:00,1.16956,1.1696,1.1688,1.16891
2026-04-08 16:54:00,1.16891,1.16925,1.16886,1.1692
2026-04-08 16:57:00,1.1692,1.16957,1.16899,1.16942
2026-04-08 17:00:00,1.16941,1.16985,1.16941,1.16984
2026-04-08 17:03:00,1.16984,1.16997,1.16973,1.16986
2026-04-08 17:06:00,1.16986,1.17008,1.16902,1.16946
2026-04-08 17:09:00,1.16946,1.16992,1.1693500000000001,1.1699
2026-04-08 17:12:00,1.1699,1.17012,1.16957,1.1696
2026-04-08 17:15:00,1.1696,1.16972,1.16944,1.16964
2026-04-08 17:18:00,1.16964,1.16987,1.16932,1.16959
2026-04-08 17:21:00,1.16958,1.16982,1.16948,1.1697
2026-04-08 17:24:00,1.1697,1.17019,1.1697,1.17001
2026-04-08 17:27:00,1.17002,1.17034,1.16966,1.1696900000000001
2026-04-08 17:30:00,1.1696900000000001,1.16974,1.16899,1.1690800000000001
2026-04-08 17:33:00,1.1690800000000001,1.16968,1.1690800000000001,1.16929
2026-04-08 17:36:00,1.16929,1.16965,1.16907,1.16953
2026-04-08 17:39:00,1.16953,1.16978,1.16942,1.16964
2026-04-08 17:42:00,1.16964,1.16977,1.16949,1.16973
2026-04-08 17:45:00,1.16973,1.16984,1.1694,1.16964
2026-04-08 17:48:00,1.16964,1.17022,1.16964,1.17008
2026-04-08 17:51:00,1.17008,1.17016,1.16957,1.16961
2026-04-08 17:54:00,1.16961,1.16993,1.16896,1.16896
2026-04-08 17:57:00,1.16894,1.16972,1.16894,1.1694
2026-04-08 18:00:00,1.16942,1.16952,1.16921,1.16923
2026-04-08 18:03:00,1.16923,1.16963,1.16917,1.16925
2026-04-08 18:06:00,1.16925,1.16932,1.16878,1.16885
2026-04-08 18:09:00,1.1688399999999999,1.16891,1.16851,1.16869
2026-04-08 18:12:00,1.16869,1.1688,1.16834,1.16867
2026-04-08 18:15:00,1.16865,1.16883,1.16848,1.16877
2026-04-08 18:18:00,1.16877,1.16938,1.16861,1.1691799999999999
2026-04-08 18:21:00,1.1691799999999999,1.1694,1.16909,1.1691799999999999
2026-04-08 18:24:00,1.1691799999999999,1.16937,1.16913,1.1692
2026-04-08 18:27:00,1.16921,1.16925,1.16879,1.16882
2026-04-08 18:30:00,1.16881,1.16916,1.16865,1.16904
2026-04-08 18:33:00,1.16905,1.1693,1.16898,1.16909
2026-04-08 18:36:00,1.16909,1.16949,1.1688399999999999,1.16942
2026-04-08 18:39:00,1.16943,1.16964,1.16941,1.16943
2026-04-08 18:42:00,1.16943,1.16943,1.16899,1.16906
2026-04-08 18:45:00,1.16906,1.16923,1.16899,1.16909
2026-04-08 18:48:00,1.16909,1.16928,1.16894,1.16919
2026-04-08 18:51:00,1.16919,1.16925,1.16904,1.16915
2026-04-08 18:54:00,1.16916,1.16926,1.16886,1.16894
2026-04-08 18:57:00,1.16894,1.16906,1.16846,1.16861
2026-04-08 19:00:00,1.16861,1.16885,1.16836,1.16871
2026-04-08 19:03:00,1.16871,1.16872,1.16808,1.1683
2026-04-08 19:06:00,1.1683,1.16832,1.168,1.1681
2026-04-08 19:09:00,1.1681,1.16845,1.16807,1.16838
2026-04-08 19:12:00,1.16838,1.16854,1.16819,1.16833
2026-04-08 19:15:00,1.16833,1.1684,1.16788,1.16797
2026-04-08 19:18:00,1.1679599999999999,1.16818,1.16787,1.1679
2026-04-08 19:21:00,1.1679,1.16807,1.16781,1.16789
2026-04-08 19:24:00,1.16789,1.1682,1.16782,1.1679599999999999
2026-04-08 19:27:00,1.1679599999999999,1.16809,1.16782,1.16799
2026-04-08 19:30:00,1.168,1.16812,1.16781,1.16812
2026-04-08 19:33:00,1.16812,1.16819,1.16791,1.16806
2026-04-08 19:36:00,1.16806,1.16817,1.16788,1.16795
2026-04-08 19:39:00,1.16795,1.16822,1.16794,1.16806
2026-04-08 19:42:00,1.16805,1.16815,1.1676199999999999,1.1679
2026-04-08 19:45:00,1.1679,1.16799,1.16776,1.16793
2026-04-08 19:48:00,1.16793,1.16807,1.16779,1.16805
2026-04-08 19:51:00,1.16805,1.16816,1.16789,1.16812
2026-04-08 19:54:00,1.16812,1.16824,1.16799,1.16824
2026-04-08 19:57:00,1.16824,1.16828,1.16804,1.16817
2026-04-08 20:00:00,1.16817,1.16845,1.1681,1.1684
2026-04-08 20:03:00,1.1684,1.16841,1.1679,1.16795
2026-04-08 20:06:00,1.16795,1.16816,1.16778,1.168
2026-04-08 20:09:00,1.16801,1.16846,1.168,1.16843
2026-04-08 20:12:00,1.16843,1.16851,1.16826,1.1685
2026-04-08 20:15:00,1.16851,1.16852,1.16794,1.16802
2026-04-08 20:18:00,1.16802,1.16802,1.16764,1.16769
2026-04-08 20:21:00,1.16769,1.16776,1.16707,1.16732
2026-04-08 20:24:00,1.16732,1.16738,1.16712,1.16721
2026-04-08 20:27:00,1.16721,1.16757,1.16705,1.16755
2026-04-08 20:30:00,1.16755,1.16765,1.16744,1.16751
2026-04-08 20:33:00,1.16751,1.16751,1.16709,1.16709
2026-04-08 20:36:00,1.16709,1.16724,1.16687,1.1670099999999999
2026-04-08 20:39:00,1.1670099999999999,1.16731,1.16686,1.1671
2026-04-08 20:42:00,1.16711,1.16742,1.16707,1.16741
2026-04-08 20:45:00,1.16741,1.16745,1.1672,1.1674
2026-04-08 20:48:00,1.1674,1.16744,1.16717,1.16737
2026-04-08 20:51:00,1.16736,1.16742,1.16709,1.16724
2026-04-08 20:54:00,1.16724,1.1672500000000001,1.16707,1.16711
2026-04-08 20:57:00,1.16711,1.16747,1.167,1.16747
2026-04-08 21:00:00,1.16747,1.16759,1.16714,1.16754
2026-04-08 21:03:00,1.16754,1.16767,1.16731,1.16767
2026-04-08 21:06:00,1.16767,1.16782,1.16749,1.16766
2026-04-08 21:09:00,1.16766,1.16781,1.16755,1.1677
2026-04-08 21:12:00,1.1677,1.16787,1.16765,1.16784
2026-04-08 21:15:00,1.16785,1.16801,1.1677,1.16776
2026-04-08 21:18:00,1.16776,1.16778,1.16642,1.16654
2026-04-08 21:21:00,1.16654,1.16692,1.16649,1.1667
2026-04-08 21:24:00,1.1667,1.16677,1.16646,1.1667399999999999
2026-04-08 21:27:00,1.1667399999999999,1.1668,1.16643,1.16654
2026-04-08 21:30:00,1.16659,1.16684,1.16644,1.16662
2026-04-08 21:33:00,1.16662,1.16681,1.16654,1.16673
2026-04-08 21:36:00,1.16673,1.1667399999999999,1.16635,1.16637
2026-04-08 21:39:00,1.16637,1.16639,1.16574,1.1658
2026-04-08 21:42:00,1.1658,1.16602,1.16565,1.1657899999999999
2026-04-08 21:45:00,1.1657899999999999,1.1657899999999999,1.16555,1.16561
2026-04-08 21:48:00,1.16561,1.16567,1.16514,1.16535
2026-04-08 21:51:00,1.16535,1.16536,1.1650800000000001,1.16529
2026-04-08 21:54:00,1.16529,1.16537,1.165,1.16511
2026-04-08 21:57:00,1.16511,1.16525,1.16496,1.16502
2026-04-08 22:00:00,1.165,1.165,1.16434,1.16473
2026-04-08 22:03:00,1.16475,1.16492,1.16458,1.16474
2026-04-08 22:06:00,1.16474,1.16514,1.16473,1.16485
2026-04-08 22:09:00,1.16485,1.16522,1.1648399999999999,1.16514
2026-04-08 22:12:00,1.16514,1.16528,1.16493,1.16527
2026-04-08 22:15:00,1.16527,1.16538,1.1647,1.16488
2026-04-08 22:18:00,1.16488,1.16519,1.16464,1.16519
2026-04-08 22:21:00,1.16519,1.16519,1.1648,1.1650800000000001
2026-04-08 22:24:00,1.1650800000000001,1.16538,1.16507,1.16525
2026-04-08 22:27:00,1.16525,1.16531,1.16505,1.16523
2026-04-08 22:30:00,1.16522,1.1657,1.16521,1.16563
2026-04-08 22:33:00,1.16563,1.16582,1.16551,1.16568
2026-04-08 22:36:00,1.16568,1.16644,1.16561,1.16619
2026-04-08 22:39:00,1.16619,1.16637,1.16587,1.16592
2026-04-08 22:42:00,1.16592,1.16608,1.16588,1.16601
2026-04-08 22:45:00,1.16601,1.16628,1.16596,1.16615
2026-04-08 22:48:00,1.16617,1.16635,1.16606,1.16634
2026-04-08 22:51:00,1.16633,1.16662,1.16633,1.16658
2026-04-08 22:54:00,1.16658,1.16677,1.16644,1.16675
2026-04-08 22:57:00,1.16675,1.16703,1.16663,1.16677
2026-04-08 23:00:00,1.16676,1.16692,1.1667399999999999,1.16687
2026-04-08 23:03:00,1.16687,1.16687,1.16623,1.16646
2026-04-08 23:06:00,1.16647,1.1666400000000001,1.16639,1.16662
2026-04-08 23:09:00,1.16662,1.16681,1.16655,1.16662
2026-04-08 23:12:00,1.16662,1.16662,1.16631,1.16637
2026-04-08 23:15:00,1.16637,1.16642,1.16615,1.16618
2026-04-08 23:18:00,1.16618,1.16624,1.16605,1.16616
2026-04-08 23:21:00,1.16616,1.16622,1.16607,1.16607
2026-04-08 23:24:00,1.16607,1.16612,1.16598,1.16608
2026-04-08 23:27:00,1.16608,1.16622,1.16602,1.16622
2026-04-08 23:30:00,1.16622,1.1663000000000001,1.16615,1.16627
2026-04-08 23:33:00,1.16627,1.16641,1.16626,1.16636
2026-04-08 23:36:00,1.16636,1.16638,1.16618,1.16618
2026-04-08 23:39:00,1.16618,1.16633,1.16617,1.1663000000000001
2026-04-08 23:42:00,1.1663000000000001,1.16637,1.16628,1.16628
2026-04-08 23:45:00,1.16628,1.16632,1.16619,1.16626
2026-04-08 23:48:00,1.16626,1.16646,1.16624,1.16641
2026-04-08 23:51:00,1.16642,1.16643,1.16611,1.16614
2026-04-08 23:54:00,1.16614,1.16639,1.16608,1.16632
2026-04-08 23:57:00,1.16632,1.16634,1.1661,1.16619
2026-04-09 00:00:00,1.1662,1.1662,1.16544,1.16553
2026-04-09 00:03:00,1.16553,1.16626,1.1655,1.16611
2026-04-09 00:06:00,1.16612,1.16642,1.16612,1.1661299999999999
2026-04-09 00:09:00,1.16636,1.16639,1.16607,1.16609
2026-04-09 00:12:00,1.16609,1.16633,1.16605,1.16623
2026-04-09 00:15:00,1.16623,1.16638,1.16612,1.16637
2026-04-09 00:18:00,1.16637,1.16641,1.16633,1.1663999999999999
2026-04-09 00:21:00,1.1663999999999999,1.16649,1.16611,1.16626
2026-04-09 00:24:00,1.16628,1.16638,1.16611,1.16611
2026-04-09 00:27:00,1.16618,1.16621,1.16604,1.16609
2026-04-09 00:30:00,1.16617,1.1663000000000001,1.16615,1.16623
2026-04-09 00:33:00,1.16623,1.16631,1.16611,1.16624
2026-04-09 00:36:00,1.16625,1.16626,1.16617,1.16623
2026-04-09 00:39:00,1.16623,1.16627,1.16616,1.16616
2026-04-09 00:42:00,1.16616,1.16624,1.16607,1.16615
2026-04-09 00:45:00,1.1662,1.1662,1.16606,1.16616
2026-04-09 00:48:00,1.16616,1.1663000000000001,1.16616,1.16624
2026-04-09 00:51:00,1.16624,1.16652,1.16623,1.1665
2026-04-09 00:54:00,1.1665,1.16665,1.16644,1.1666
2026-04-09 00:57:00,1.1666,1.1666400000000001,1.16643,1.16651
2026-04-09 01:00:00,1.16654,1.16672,1.16635,1.16667
2026-04-09 01:03:00,1.16667,1.1667399999999999,1.16662,1.1666400000000001
2026-04-09 01:06:00,1.1666400000000001,1.16665,1.16648,1.16657
2026-04-09 01:09:00,1.16657,1.16661,1.16651,1.16653
2026-04-09 01:12:00,1.16653,1.16653,1.16639,1.16642
2026-04-09 01:15:00,1.16641,1.16643,1.16626,1.1663000000000001
2026-04-09 01:18:00,1.1663000000000001,1.1663000000000001,1.16597,1.16599
2026-04-09 01:21:00,1.16599,1.16608,1.16599,1.16607
2026-04-09 01:24:00,1.16606,1.16617,1.16599,1.16615
2026-04-09 01:27:00,1.16614,1.16629,1.16611,1.16628
2026-04-09 01:30:00,1.16628,1.16628,1.16606,1.16612
2026-04-09 01:33:00,1.16612,1.16643,1.16612,1.16643
2026-04-09 01:36:00,1.16643,1.16643,1.16627,1.16633
2026-04-09 01:39:00,1.16633,1.16654,1.16618,1.16633
2026-04-09 01:42:00,1.16633,1.16641,1.16627,1.16627
2026-04-09 01:45:00,1.16627,1.16627,1.16618,1.16623
2026-04-09 01:48:00,1.16623,1.16625,1.16617,1.16622
2026-04-09 01:51:00,1.16622,1.1663000000000001,1.16622,1.16624
2026-04-09 01:54:00,1.16624,1.1663000000000001,1.16622,1.16623
2026-04-09 01:57:00,1.16623,1.16623,1.16608,1.1662
2026-04-09 02:00:00,1.1662,1.16627,1.16612,1.16622
2026-04-09 02:03:00,1.16622,1.16632,1.16614,1.16623
2026-04-09 02:06:00,1.16623,1.16628,1.1662,1.16622
2026-04-09 02:09:00,1.16622,1.16628,1.16601,1.16609
2026-04-09 02:12:00,1.1661,1.1661299999999999,1.16606,1.16612
2026-04-09 02:15:00,1.16612,1.16614,1.16601,1.16607
2026-04-09 02:18:00,1.16607,1.16619,1.16607,1.16611
2026-04-09 02:21:00,1.16611,1.16611,1.16595,1.16602
2026-04-09 02:24:00,1.16602,1.1660300000000001,1.16589,1.16596
2026-04-09 02:27:00,1.16596,1.16598,1.16584,1.16596
2026-04-09 02:30:00,1.16596,1.16598,1.16582,1.16586
2026-04-09 02:33:00,1.16586,1.16588,1.1657899999999999,1.16588
2026-04-09 02:36:00,1.16588,1.16602,1.16588,1.16592
2026-04-09 02:39:00,1.16592,1.16594,1.16582,1.16592
2026-04-09 02:42:00,1.16592,1.16601,1.16588,1.16593
2026-04-09 02:45:00,1.16593,1.16598,1.16586,1.16589
2026-04-09 02:48:00,1.16589,1.16605,1.16589,1.16604
2026-04-09 02:51:00,1.16604,1.16607,1.16592,1.16605
2026-04-09 02:54:00,1.16605,1.16605,1.16567,1.16585
2026-04-09 02:57:00,1.16585,1.1659,1.16577,1.16587
2026-04-09 03:00:00,1.16587,1.16592,1.16554,1.1657
2026-04-09 03:03:00,1.16571,1.16571,1.1654200000000001,1.16555
2026-04-09 03:06:00,1.16555,1.16563,1.16522,1.16548
2026-04-09 03:09:00,1.16548,1.16549,1.16521,1.16534
2026-04-09 03:12:00,1.16534,1.16559,1.1651799999999999,1.16555
2026-04-09 03:15:00,1.16555,1.16573,1.16536,1.1656900000000001
2026-04-09 03:18:00,1.1657,1.16581,1.1655,1.16581
2026-04-09 03:21:00,1.16581,1.16593,1.16573,1.16585
2026-04-09 03:24:00,1.16585,1.16588,1.16575,1.16586
2026-04-09 03:27:00,1.16586,1.16586,1.16558,1.1656900000000001
2026-04-09 03:30:00,1.1656900000000001,1.16609,1.16562,1.1658
2026-04-09 03:33:00,1.1658,1.16586,1.16568,1.1657
2026-04-09 03:36:00,1.1657,1.1658,1.16562,1.1657899999999999
2026-04-09 03:39:00,1.1657899999999999,1.1657899999999999,1.16556,1.1657
2026-04-09 03:42:00,1.1656900000000001,1.16575,1.16565,1.16568
2026-04-09 03:45:00,1.16568,1.16574,1.16559,1.1656
2026-04-09 03:48:00,1.1656,1.16577,1.16559,1.16572
2026-04-09 03:51:00,1.16572,1.16586,1.16566,1.1657
2026-04-09 03:54:00,1.1657,1.16578,1.16555,1.1657
2026-04-09 03:57:00,1.16571,1.16585,1.16567,1.16571
2026-04-09 04:00:00,1.16571,1.16587,1.16555,1.16559
2026-04-09 04:03:00,1.16559,1.16585,1.16545,1.16574
2026-04-09 04:06:00,1.16574,1.16576,1.16544,1.16555
2026-04-09 04:09:00,1.16555,1.16571,1.16555,1.16565
2026-04-09 04:12:00,1.16565,1.16566,1.16534,1.16536
2026-04-09 04:15:00,1.16535,1.1655,1.16523,1.16529
2026-04-09 04:18:00,1.16529,1.16532,1.16506,1.1651
2026-04-09 04:21:00,1.1651,1.16521,1.16498,1.16509
2026-04-09 04:24:00,1.16509,1.16523,1.16501,1.16514
2026-04-09 04:27:00,1.16514,1.1653,1.16513,1.16523
2026-04-09 04:30:00,1.16523,1.16546,1.1652,1.16546
2026-04-09 04:33:00,1.16546,1.16586,1.16545,1.16581
2026-04-09 04:36:00,1.16581,1.16587,1.16571,1.16576
2026-04-09 04:39:00,1.16576,1.16584,1.1656,1.16562
2026-04-09 04:42:00,1.16562,1.16587,1.1656,1.16578
2026-04-09 04:45:00,1.16578,1.16582,1.16554,1.16563
2026-04-09 04:48:00,1.16563,1.16596,1.16557,1.16596
2026-04-09 04:51:00,1.16596,1.16607,1.16589,1.16594
2026-04-09 04:54:00,1.16594,1.16618,1.16592,1.16615
2026-04-09 04:57:00,1.16615,1.16635,1.16615,1.16617
2026-04-09 05:00:00,1.16617,1.16644,1.16594,1.166
2026-04-09 05:03:00,1.166,1.16606,1.16584,1.16604
2026-04-09 05:06:00,1.16604,1.16624,1.16602,1.1661299999999999
2026-04-09 05:09:00,1.1661299999999999,1.16614,1.16604,1.16606
2026-04-09 05:12:00,1.16606,1.16608,1.1659,1.16605
2026-04-09 05:15:00,1.16605,1.16635,1.16605,1.16635
2026-04-09 05:18:00,1.16635,1.16645,1.16629,1.1663999999999999
2026-04-09 05:21:00,1.1663999999999999,1.16644,1.16621,1.16633
2026-04-09 05:24:00,1.16633,1.16635,1.16614,1.1663000000000001
2026-04-09 05:27:00,1.1663000000000001,1.16644,1.16628,1.16635
2026-04-09 05:30:00,1.16635,1.16666,1.16634,1.16662
2026-04-09 05:33:00,1.16662,1.16667,1.16654,1.16661
2026-04-09 05:36:00,1.16661,1.16673,1.16656,1.16656
2026-04-09 05:39:00,1.16658,1.16662,1.16644,1.16653
2026-04-09 05:42:00,1.16653,1.16665,1.16641,1.16662
2026-04-09 05:45:00,1.16661,1.1666400000000001,1.16646,1.1665
2026-04-09 05:48:00,1.1665,1.16663,1.16645,1.16662
2026-04-09 05:51:00,1.16662,1.16665,1.16648,1.16656
2026-04-09 05:54:00,1.16656,1.16665,1.16647,1.16653
2026-04-09 05:57:00,1.16653,1.16658,1.16645,1.16652
2026-04-09 06:00:00,1.16652,1.16654,1.16636,1.1665
2026-04-09 06:03:00,1.1665,1.16656,1.16641,1.16647
2026-04-09 06:06:00,1.16647,1.1666400000000001,1.16627,1.1666400000000001
2026-04-09 06:09:00,1.1666400000000001,1.1666400000000001,1.16641,1.16649
2026-04-09 06:12:00,1.16649,1.16652,1.16638,1.16643
2026-04-09 06:15:00,1.16643,1.16648,1.1663999999999999,1.1663999999999999
2026-04-09 06:18:00,1.1663999999999999,1.16651,1.16626,1.16627
2026-04-09 06:21:00,1.16627,1.16641,1.16624,1.16638
2026-04-09 06:24:00,1.16638,1.16639,1.16625,1.16635
2026-04-09 06:27:00,1.16634,1.16645,1.1663000000000001,1.16634
2026-04-09 06:30:00,1.16634,1.16648,1.16622,1.16644
2026-04-09 06:33:00,1.16644,1.16658,1.16638,1.16657
2026-04-09 06:36:00,1.16657,1.16661,1.16649,1.16659
2026-04-09 06:39:00,1.16659,1.16667,1.16644,1.16654
2026-04-09 06:42:00,1.16654,1.16663,1.16648,1.16663
2026-04-09 06:45:00,1.16663,1.16663,1.16604,1.16617
2026-04-09 06:48:00,1.16617,1.16624,1.16608,1.16619
2026-04-09 06:51:00,1.16623,1.16635,1.16617,1.16635
2026-04-09 06:54:00,1.16635,1.16637,1.16621,1.16634
2026-04-09 06:57:00,1.16634,1.16635,1.16609,1.16617
2026-04-09 07:00:00,1.16618,1.16644,1.16614,1.16643
2026-04-09 07:03:00,1.16643,1.1666,1.16634,1.1666
2026-04-09 07:06:00,1.1666,1.1669,1.16653,1.1669
2026-04-09 07:09:00,1.1669,1.16693,1.16678,1.16683
2026-04-09 07:12:00,1.16683,1.16698,1.16673,1.16698
2026-04-09 07:15:00,1.16698,1.16698,1.16676,1.16676
2026-04-09 07:18:00,1.16676,1.16689,1.16673,1.16687
2026-04-09 07:21:00,1.16687,1.16697,1.1668,1.16695
2026-04-09 07:24:00,1.16695,1.16695,1.1667399999999999,1.16676
2026-04-09 07:27:00,1.16676,1.16684,1.16662,1.16681
2026-04-09 07:30:00,1.16681,1.16696,1.16673,1.16673
2026-04-09 07:33:00,1.16683,1.16705,1.1667399999999999,1.16705
2026-04-09 07:36:00,1.16705,1.1671,1.16689,1.16708
2026-04-09 07:39:00,1.16709,1.16709,1.16685,1.1670099999999999
2026-04-09 07:42:00,1.1670099999999999,1.1670099999999999,1.16687,1.16694
2026-04-09 07:45:00,1.16693,1.16693,1.1667399999999999,1.16683
2026-04-09 07:48:00,1.16683,1.16695,1.16673,1.16688
2026-04-09 07:51:00,1.16687,1.16688,1.16668,1.16671
2026-04-09 07:54:00,1.16671,1.16679,1.1666400000000001,1.16668
2026-04-09 07:57:00,1.16669,1.16673,1.16661,1.16663
2026-04-09 08:00:00,1.16663,1.16676,1.16647,1.16665
2026-04-09 08:03:00,1.16665,1.16669,1.1663999999999999,1.16643
2026-04-09 08:06:00,1.16643,1.16654,1.1663999999999999,1.16641
2026-04-09 08:09:00,1.16641,1.16649,1.16623,1.16636
2026-04-09 08:12:00,1.16636,1.16638,1.16618,1.16623
2026-04-09 08:15:00,1.16623,1.16637,1.16615,1.1663000000000001
2026-04-09 08:18:00,1.1663000000000001,1.1666,1.16619,1.16657
2026-04-09 08:21:00,1.16657,1.16658,1.16639,1.1663999999999999
2026-04-09 08:24:00,1.1663999999999999,1.16644,1.16627,1.16637
2026-04-09 08:27:00,1.16637,1.16642,1.16626,1.16632
2026-04-09 08:30:00,1.16632,1.16639,1.1663000000000001,1.16631
2026-04-09 08:33:00,1.16631,1.16633,1.1661299999999999,1.1662
2026-04-09 08:36:00,1.1662,1.16634,1.16609,1.16627
2026-04-09 08:39:00,1.16627,1.16634,1.16612,1.16632
2026-04-09 08:42:00,1.16632,1.16632,1.16622,1.16627
2026-04-09 08:45:00,1.16628,1.16628,1.16611,1.16611
2026-04-09 08:48:00,1.16611,1.16619,1.16588,1.16601
2026-04-09 08:51:00,1.16601,1.1661,1.16589,1.1661
2026-04-09 08:54:00,1.1661,1.16621,1.16598,1.16615
2026-04-09 08:57:00,1.16615,1.16617,1.16591,1.16608
2026-04-09 09:00:00,1.16608,1.16625,1.16597,1.1662
2026-04-09 09:03:00,1.1662,1.16631,1.16608,1.16625
2026-04-09 09:06:00,1.16625,1.16631,1.1661,1.16615
2026-04-09 09:09:00,1.16615,1.16615,1.16588,1.16601
2026-04-09 09:12:00,1.16601,1.1661,1.16591,1.16594
2026-04-09 09:15:00,1.16594,1.166,1.16572,1.16577
2026-04-09 09:18:00,1.16577,1.16593,1.16576,1.16592
2026-04-09 09:21:00,1.16592,1.16593,1.16567,1.1657899999999999
2026-04-09 09:24:00,1.1657899999999999,1.1657899999999999,1.1654,1.16558
2026-04-09 09:27:00,1.16558,1.16578,1.16551,1.16578
2026-04-09 09:30:00,1.16577,1.16587,1.16564,1.16581
2026-04-09 09:33:00,1.16581,1.16592,1.16572,1.16574
2026-04-09 09:36:00,1.16574,1.16585,1.16563,1.1658
2026-04-09 09:39:00,1.1658,1.16585,1.16566,1.16577
2026-04-09 09:42:00,1.16577,1.16597,1.16574,1.16594
2026-04-09 09:45:00,1.16594,1.16595,1.16576,1.16592
2026-04-09 09:48:00,1.16592,1.16641,1.16582,1.16621
2026-04-09 09:51:00,1.16621,1.16626,1.16582,1.16582
2026-04-09 09:54:00,1.16585,1.16619,1.16585,1.16618
2026-04-09 09:57:00,1.16618,1.16642,1.16615,1.1663999999999999
2026-04-09 10:00:00,1.16644,1.16686,1.16631,1.16677
2026-04-09 10:03:00,1.16677,1.16679,1.16661,1.1666400000000001
2026-04-09 10:06:00,1.1666400000000001,1.16692,1.16655,1.16685
2026-04-09 10:09:00,1.16685,1.16685,1.16656,1.1666400000000001
2026-04-09 10:12:00,1.1666400000000001,1.16668,1.16639,1.1665
2026-04-09 10:15:00,1.1665,1.16652,1.16598,1.1661
2026-04-09 10:18:00,1.1661,1.1661,1.1657,1.16575
2026-04-09 10:21:00,1.16575,1.16602,1.16563,1.16595
2026-04-09 10:24:00,1.16595,1.16636,1.16591,1.1661299999999999
2026-04-09 10:27:00,1.1661299999999999,1.16626,1.166,1.16605
2026-04-09 10:30:00,1.16605,1.16608,1.16549,1.1656
2026-04-09 10:33:00,1.1656,1.16598,1.1656,1.1659
2026-04-09 10:36:00,1.1659,1.16612,1.1659,1.16606
2026-04-09 10:39:00,1.16606,1.1661,1.16576,1.16582
2026-04-09 10:42:00,1.16582,1.16611,1.1657899999999999,1.16609
2026-04-09 10:45:00,1.16609,1.16609,1.16591,1.166
2026-04-09 10:48:00,1.166,1.16623,1.16593,1.16615
2026-04-09 10:51:00,1.16615,1.16641,1.16615,1.16625
2026-04-09 10:54:00,1.16624,1.16645,1.1662,1.16631
2026-04-09 10:57:00,1.16631,1.16638,1.16617,1.16629
2026-04-09 11:00:00,1.16629,1.16632,1.16605,1.16632
2026-04-09 11:03:00,1.16632,1.16666,1.16617,1.16633
2026-04-09 11:06:00,1.16622,1.16645,1.16615,1.1663999999999999
2026-04-09 11:09:00,1.1663999999999999,1.1663999999999999,1.1660300000000001,1.1660300000000001
2026-04-09 11:12:00,1.1660300000000001,1.1661299999999999,1.16586,1.16607
2026-04-09 11:15:00,1.16607,1.16612,1.16589,1.16605
2026-04-09 11:18:00,1.16605,1.16639,1.16598,1.16628
2026-04-09 11:21:00,1.16628,1.16644,1.16615,1.16639
2026-04-09 11:24:00,1.1663999999999999,1.16649,1.16619,1.16646
2026-04-09 11:27:00,1.16646,1.16646,1.16614,1.16628
2026-04-09 11:30:00,1.16628,1.16671,1.16624,1.16671
2026-04-09 11:33:00,1.16669,1.16681,1.16641,1.16646
2026-04-09 11:36:00,1.16646,1.16658,1.16637,1.16656
2026-04-09 11:39:00,1.16656,1.16667,1.16628,1.16656
2026-04-09 11:42:00,1.16656,1.16681,1.16647,1.16677
2026-04-09 11:45:00,1.16677,1.16681,1.16662,1.16681
2026-04-09 11:48:00,1.16681,1.16683,1.1666,1.16667
2026-04-09 11:51:00,1.16667,1.16715,1.16663,1.16714
2026-04-09 11:54:00,1.16714,1.16748,1.1671,1.1672500000000001
2026-04-09 11:57:00,1.1672500000000001,1.1673499999999999,1.1671,1.16721
2026-04-09 12:00:00,1.16721,1.16726,1.16681,1.16686
2026-04-09 12:03:00,1.16686,1.16731,1.16686,1.16727
2026-04-09 12:06:00,1.16727,1.16745,1.16719,1.1674
2026-04-09 12:09:00,1.1674,1.16759,1.16739,1.1675
2026-04-09 12:12:00,1.16751,1.16764,1.16741,1.1676
2026-04-09 12:15:00,1.1676,1.1677,1.1673499999999999,1.16766
2026-04-09 12:18:00,1.16766,1.16767,1.16746,1.16751
2026-04-09 12:21:00,1.16757,1.16791,1.16748,1.16777
2026-04-09 12:24:00,1.16777,1.16782,1.16761,1.16773
2026-04-09 12:27:00,1.16773,1.16784,1.1676,1.16764
2026-04-09 12:30:00,1.16764,1.16777,1.16753,1.16773
2026-04-09 12:33:00,1.16773,1.16773,1.16745,1.16763
2026-04-09 12:36:00,1.16764,1.16782,1.16761,1.16781
2026-04-09 12:39:00,1.16781,1.16783,1.16746,1.16757
2026-04-09 12:42:00,1.16761,1.16775,1.16757,1.16765
2026-04-09 12:45:00,1.16765,1.16767,1.16732,1.16746
2026-04-09 12:48:00,1.16746,1.16756,1.1673499999999999,1.16749
2026-04-09 12:51:00,1.16749,1.16753,1.16729,1.16748
2026-04-09 12:54:00,1.16748,1.1675200000000001,1.1672,1.16739
2026-04-09 12:57:00,1.16739,1.16748,1.16719,1.16745
2026-04-09 13:00:00,1.16745,1.16771,1.16742,1.16768
2026-04-09 13:03:00,1.16768,1.16794,1.1676,1.16766
2026-04-09 13:06:00,1.16766,1.16792,1.16759,1.16784
2026-04-09 13:09:00,1.16784,1.16784,1.1675,1.16758
2026-04-09 13:12:00,1.16758,1.16776,1.16753,1.16767
2026-04-09 13:15:00,1.16767,1.16768,1.16742,1.16758
2026-04-09 13:18:00,1.16758,1.16766,1.16742,1.16764
2026-04-09 13:21:00,1.16764,1.16782,1.16759,1.16776
2026-04-09 13:24:00,1.16776,1.16792,1.16764,1.1678600000000001
2026-04-09 13:27:00,1.1678600000000001,1.16789,1.16771,1.16774
2026-04-09 13:30:00,1.16774,1.16775,1.16756,1.16761
2026-04-09 13:33:00,1.16761,1.16771,1.16748,1.16758
2026-04-09 13:36:00,1.16758,1.16765,1.16749,1.16757
2026-04-09 13:39:00,1.16757,1.1676,1.1675,1.16753
2026-04-09 13:42:00,1.16751,1.16756,1.16739,1.16751
2026-04-09 13:45:00,1.16751,1.16767,1.16737,1.1676
2026-04-09 13:48:00,1.1676,1.16764,1.16748,1.16761
2026-04-09 13:51:00,1.16761,1.1676199999999999,1.1673499999999999,1.16742
2026-04-09 13:54:00,1.16742,1.16751,1.16729,1.16745
2026-04-09 13:57:00,1.16745,1.16746,1.16704,1.16711
2026-04-09 14:00:00,1.16709,1.1672500000000001,1.16682,1.1672
2026-04-09 14:03:00,1.1672,1.16748,1.16714,1.16733
2026-04-09 14:06:00,1.16733,1.16742,1.16721,1.1674
2026-04-09 14:09:00,1.1674,1.16766,1.1674,1.16763
2026-04-09 14:12:00,1.16763,1.16766,1.16749,1.16751
2026-04-09 14:15:00,1.1675,1.16783,1.16749,1.16782
2026-04-09 14:18:00,1.16782,1.16811,1.16782,1.16799
2026-04-09 14:21:00,1.168,1.16811,1.1678600000000001,1.16803
2026-04-09 14:24:00,1.16803,1.16812,1.16791,1.16802
2026-04-09 14:27:00,1.16802,1.16811,1.16781,1.16811
2026-04-09 14:30:00,1.16811,1.1682299999999999,1.16806,1.1681
2026-04-09 14:33:00,1.1681,1.16826,1.16779,1.16822
2026-04-09 14:36:00,1.16822,1.16841,1.16809,1.16833
2026-04-09 14:39:00,1.16833,1.16848,1.16824,1.16836
2026-04-09 14:42:00,1.16837,1.1688399999999999,1.16829,1.16881
2026-04-09 14:45:00,1.16881,1.16883,1.16862,1.16867
2026-04-09 14:48:00,1.16872,1.16894,1.16868,1.16887
2026-04-09 14:51:00,1.16887,1.16889,1.16853,1.16853
2026-04-09 14:54:00,1.16853,1.16866,1.16848,1.16852
2026-04-09 14:57:00,1.16852,1.16888,1.16839,1.16879
2026-04-09 15:00:00,1.16879,1.16891,1.16867,1.16868
2026-04-09 15:03:00,1.16868,1.16876,1.16841,1.16841
2026-04-09 15:06:00,1.16841,1.16861,1.16824,1.16858
2026-04-09 15:09:00,1.16858,1.16865,1.16835,1.16844
2026-04-09 15:12:00,1.16844,1.16867,1.16833,1.16846
2026-04-09 15:15:00,1.16846,1.16851,1.16822,1.16839
2026-04-09 15:18:00,1.1684,1.16856,1.16817,1.16822
2026-04-09 15:21:00,1.1682,1.16827,1.16798,1.16825
2026-04-09 15:24:00,1.16822,1.16836,1.16811,1.1683
2026-04-09 15:27:00,1.1683,1.16846,1.16827,1.16844
2026-04-09 15:30:00,1.16844,1.16875,1.16803,1.16803
2026-04-09 15:33:00,1.16803,1.16818,1.16789,1.16799
2026-04-09 15:36:00,1.16799,1.16842,1.16795,1.16801
2026-04-09 15:39:00,1.16801,1.169,1.16801,1.16852
2026-04-09 15:42:00,1.16848,1.16848,1.16806,1.1682
2026-04-09 15:45:00,1.1682,1.16831,1.1678600000000001,1.16815
2026-04-09 15:48:00,1.16815,1.16845,1.16814,1.16841
2026-04-09 15:51:00,1.16841,1.16846,1.16812,1.16838
2026-04-09 15:54:00,1.16838,1.16843,1.16818,1.16833
2026-04-09 15:57:00,1.16833,1.16862,1.16831,1.1686
2026-04-09 16:00:00,1.1686,1.16872,1.16833,1.16859
2026-04-09 16:03:00,1.16859,1.16868,1.16826,1.16855
2026-04-09 16:06:00,1.16855,1.16858,1.16836,1.16854
2026-04-09 16:09:00,1.16854,1.16854,1.16829,1.16852
2026-04-09 16:12:00,1.16852,1.16873,1.16849,1.16862
2026-04-09 16:15:00,1.16862,1.16877,1.16854,1.16872
2026-04-09 16:18:00,1.16872,1.16924,1.16872,1.169
2026-04-09 16:21:00,1.169,1.1690800000000001,1.1688399999999999,1.16892
2026-04-09 16:24:00,1.16892,1.1690800000000001,1.16882,1.16894
2026-04-09 16:27:00,1.16894,1.16904,1.16872,1.16879
2026-04-09 16:30:00,1.1688,1.16902,1.16875,1.16888
2026-04-09 16:33:00,1.16888,1.16928,1.16882,1.16928
2026-04-09 16:36:00,1.16927,1.16952,1.1691799999999999,1.16933
2026-04-09 16:39:00,1.16933,1.16939,1.16901,1.16931
2026-04-09 16:42:00,1.16931,1.16931,1.16907,1.1691799999999999
2026-04-09 16:45:00,1.1691799999999999,1.16932,1.16891,1.16914
2026-04-09 16:48:00,1.16914,1.1691799999999999,1.16887,1.16903
2026-04-09 16:51:00,1.16903,1.16903,1.16833,1.16863
2026-04-09 16:54:00,1.16862,1.16872,1.16828,1.16859
2026-04-09 16:57:00,1.16859,1.16864,1.16793,1.16817
2026-04-09 17:00:00,1.16817,1.16856,1.16798,1.16848
2026-04-09 17:03:00,1.16848,1.16864,1.16831,1.16845
2026-04-09 17:06:00,1.16845,1.16871,1.16839,1.16869
2026-04-09 17:09:00,1.16869,1.16876,1.1682,1.16834
2026-04-09 17:12:00,1.16834,1.16859,1.1682299999999999,1.16844
2026-04-09 17:15:00,1.16844,1.16845,1.16818,1.1683
2026-04-09 17:18:00,1.1683,1.16835,1.16803,1.16829
2026-04-09 17:21:00,1.16829,1.16863,1.1682,1.1685699999999999
2026-04-09 17:24:00,1.16858,1.16881,1.16848,1.16864
2026-04-09 17:27:00,1.16864,1.16868,1.1684,1.16863
2026-04-09 17:30:00,1.16863,1.16863,1.1679,1.168
2026-04-09 17:33:00,1.168,1.16817,1.16768,1.16787
2026-04-09 17:36:00,1.16787,1.16788,1.1674,1.16763
2026-04-09 17:39:00,1.16763,1.16804,1.16761,1.16785
2026-04-09 17:42:00,1.16782,1.16789,1.16748,1.16757
2026-04-09 17:45:00,1.16757,1.1679,1.16751,1.16757
2026-04-09 17:48:00,1.16757,1.16776,1.16744,1.16754
2026-04-09 17:51:00,1.16754,1.16767,1.16728,1.16755
2026-04-09 17:54:00,1.16758,1.16825,1.16754,1.1682
2026-04-09 17:57:00,1.1682,1.16851,1.16807,1.16844
2026-04-09 18:00:00,1.16844,1.16865,1.16818,1.16828
2026-04-09 18:03:00,1.16828,1.16839,1.1679,1.16818
2026-04-09 18:06:00,1.16818,1.16838,1.16788,1.1679599999999999
2026-04-09 18:09:00,1.1679599999999999,1.16802,1.16775,1.16783
2026-04-09 18:12:00,1.16783,1.16844,1.16767,1.1684
2026-04-09 18:15:00,1.1684,1.16916,1.1684,1.16913
2026-04-09 18:18:00,1.16913,1.16961,1.16902,1.16955
2026-04-09 18:21:00,1.16955,1.16997,1.16936,1.16989
2026-04-09 18:24:00,1.16989,1.16998,1.16966,1.16976
2026-04-09 18:27:00,1.16976,1.16986,1.16937,1.16943
2026-04-09 18:30:00,1.16943,1.17051,1.16932,1.17017
2026-04-09 18:33:00,1.17017,1.17063,1.16991,1.17053
2026-04-09 18:36:00,1.17053,1.17068,1.17002,1.17012
2026-04-09 18:39:00,1.17012,1.17029,1.17002,1.17021
2026-04-09 18:42:00,1.17021,1.17021,1.1697,1.16997
2026-04-09 18:45:00,1.16997,1.17021,1.16972,1.1701
2026-04-09 18:48:00,1.1701,1.17047,1.16997,1.17011
2026-04-09 18:51:00,1.17011,1.1706,1.17005,1.1705
2026-04-09 18:54:00,1.1705,1.17063,1.17032,1.17063
2026-04-09 18:57:00,1.17062,1.17071,1.17027,1.17053
2026-04-09 19:00:00,1.17053,1.17069,1.1702,1.17055
2026-04-09 19:03:00,1.17055,1.17081,1.17053,1.1707
2026-04-09 19:06:00,1.17071,1.17103,1.17056,1.17096
2026-04-09 19:09:00,1.17096,1.17098,1.1707,1.17077
2026-04-09 19:12:00,1.17077,1.17111,1.17071,1.17078
2026-04-09 19:15:00,1.17078,1.17132,1.17077,1.17126
2026-04-09 19:18:00,1.17126,1.17138,1.17115,1.17132
2026-04-09 19:21:00,1.17132,1.17137,1.17104,1.17115
2026-04-09 19:24:00,1.17115,1.17129,1.17098,1.17098
2026-04-09 19:27:00,1.17109,1.17139,1.17102,1.17136
2026-04-09 19:30:00,1.17136,1.17138,1.1709100000000001,1.17096
2026-04-09 19:33:00,1.17096,1.17115,1.17072,1.1711
2026-04-09 19:36:00,1.1711,1.17121,1.17102,1.17116
2026-04-09 19:39:00,1.17115,1.17118,1.1708,1.17092
2026-04-09 19:42:00,1.17092,1.1712,1.17087,1.17113
2026-04-09 19:45:00,1.17113,1.17115,1.17088,1.17107
2026-04-09 19:48:00,1.17107,1.1711,1.17081,1.17102
2026-04-09 19:51:00,1.17102,1.1712799999999999,1.17092,1.17121
2026-04-09 19:54:00,1.17121,1.17121,1.17081,1.17098
2026-04-09 19:57:00,1.17098,1.17112,1.17081,1.17105
2026-04-09 20:00:00,1.17104,1.17121,1.17097,1.17121
2026-04-09 20:03:00,1.17121,1.17143,1.17119,1.17138
2026-04-09 20:06:00,1.17138,1.17185,1.17136,1.1716
2026-04-09 20:09:00,1.1716,1.17175,1.17147,1.1717
2026-04-09 20:12:00,1.1717,1.17175,1.17147,1.17164
2026-04-09 20:15:00,1.17164,1.17182,1.17156,1.17176
2026-04-09 20:18:00,1.17176,1.17185,1.17164,1.17166
2026-04-09 20:21:00,1.17166,1.1718600000000001,1.17166,1.17184
2026-04-09 20:24:00,1.17185,1.17202,1.17178,1.17192
2026-04-09 20:27:00,1.17192,1.17217,1.17184,1.17196
2026-04-09 20:30:00,1.17196,1.17204,1.17156,1.1718600000000001
2026-04-09 20:33:00,1.1718600000000001,1.17221,1.17178,1.17215
2026-04-09 20:36:00,1.17215,1.17234,1.17198,1.17228
2026-04-09 20:39:00,1.17229,1.17229,1.17206,1.17227
2026-04-09 20:42:00,1.17227,1.17227,1.17173,1.17176
2026-04-09 20:45:00,1.17176,1.17198,1.17176,1.1718600000000001
2026-04-09 20:48:00,1.1718600000000001,1.17188,1.17158,1.17164
2026-04-09 20:51:00,1.17164,1.17164,1.17117,1.17129
2026-04-09 20:54:00,1.17129,1.17143,1.17113,1.17129
2026-04-09 20:57:00,1.17118,1.17145,1.17118,1.1714
2026-04-09 21:00:00,1.1714,1.17148,1.17074,1.1710099999999999
2026-04-09 21:03:00,1.1710099999999999,1.17113,1.17061,1.17112
2026-04-09 21:06:00,1.17111,1.17119,1.17075,1.17084
2026-04-09 21:09:00,1.17084,1.17088,1.17058,1.1706699999999999
2026-04-09 21:12:00,1.1706699999999999,1.17069,1.17023,1.17038
2026-04-09 21:15:00,1.17038,1.1705,1.17013,1.17047
2026-04-09 21:18:00,1.17047,1.17049,1.17018,1.17038
2026-04-09 21:21:00,1.17038,1.17045,1.1700599999999999,1.17017
2026-04-09 21:24:00,1.17017,1.17019,1.16984,1.17007
2026-04-09 21:27:00,1.17007,1.1702,1.17003,1.17009
2026-04-09 21:30:00,1.17009,1.17017,1.16973,1.1699
2026-04-09 21:33:00,1.1699,1.17005,1.16962,1.17004
2026-04-09 21:36:00,1.17004,1.1700599999999999,1.1698,1.16988
2026-04-09 21:39:00,1.16988,1.17005,1.16983,1.16999
2026-04-09 21:42:00,1.16999,1.17005,1.1698,1.16989
2026-04-09 21:45:00,1.16989,1.16996,1.16981,1.16991
2026-04-09 21:48:00,1.16991,1.17,1.16986,1.16996
2026-04-09 21:51:00,1.16996,1.1702,1.16992,1.1700599999999999
2026-04-09 21:54:00,1.1700599999999999,1.17022,1.17005,1.17016
2026-04-09 21:57:00,1.17016,1.17016,1.16973,1.16988
2026-04-09 22:00:00,1.16987,1.17007,1.16973,1.16997
2026-04-09 22:03:00,1.16997,1.17016,1.16993,1.17015
2026-04-09 22:06:00,1.17014,1.1703000000000001,1.17005,1.17029
2026-04-09 22:09:00,1.17029,1.17051,1.17018,1.17046
2026-04-09 22:12:00,1.17046,1.17056,1.17035,1.17056
2026-04-09 22:15:00,1.17056,1.17061,1.17028,1.17035
2026-04-09 22:18:00,1.17036,1.17037,1.16993,1.17002
2026-04-09 22:21:00,1.17002,1.17007,1.16983,1.17001
2026-04-09 22:24:00,1.17001,1.17026,1.17001,1.17019
2026-04-09 22:27:00,1.17019,1.17038,1.17011,1.1703000000000001
2026-04-09 22:30:00,1.1703000000000001,1.17077,1.1703000000000001,1.17075
2026-04-09 22:33:00,1.17075,1.17085,1.17057,1.17065
2026-04-09 22:36:00,1.17064,1.17069,1.17053,1.1706
2026-04-09 22:39:00,1.1706,1.1708,1.17058,1.17073
2026-04-09 22:42:00,1.17073,1.17082,1.17068,1.17071
2026-04-09 22:45:00,1.17071,1.17076,1.17054,1.17069
2026-04-09 22:48:00,1.17069,1.17082,1.17068,1.17072
2026-04-09 22:51:00,1.17072,1.17076,1.17048,1.17059
2026-04-09 22:54:00,1.17059,1.17059,1.17008,1.17019
2026-04-09 22:57:00,1.17019,1.17025,1.1699,1.17005
2026-04-09 23:00:00,1.17004,1.17007,1.16973,1.16995
2026-04-09 23:03:00,1.16995,1.16997,1.16966,1.16978
2026-04-09 23:06:00,1.16978,1.16989,1.16967,1.16989
2026-04-09 23:09:00,1.16989,1.17002,1.16987,1.16996
2026-04-09 23:12:00,1.16996,1.17001,1.16972,1.16984
2026-04-09 23:15:00,1.16984,1.16985,1.16972,1.1698
2026-04-09 23:18:00,1.1698,1.16981,1.16965,1.16971
2026-04-09 23:21:00,1.16971,1.16984,1.16967,1.1697899999999999
2026-04-09 23:24:00,1.1697899999999999,1.16985,1.16972,1.1698
2026-04-09 23:27:00,1.1698,1.1698,1.16966,1.16977
2026-04-09 23:30:00,1.1697899999999999,1.16983,1.16975,1.1697899999999999
2026-04-09 23:33:00,1.1697899999999999,1.16985,1.16961,1.16961
2026-04-09 23:36:00,1.16961,1.1696900000000001,1.16961,1.16967
2026-04-09 23:39:00,1.16966,1.16968,1.16957,1.16961
2026-04-09 23:42:00,1.16961,1.16963,1.16953,1.16959
2026-04-09 23:45:00,1.16959,1.16961,1.16953,1.16954
2026-04-09 23:48:00,1.16954,1.16963,1.16951,1.16962
2026-04-09 23:51:00,1.16962,1.16973,1.16962,1.16972
2026-04-09 23:54:00,1.16972,1.16984,1.16971,1.1698
2026-04-09 23:57:00,1.1698,1.16996,1.16972,1.16988
2026-04-10 00:00:00,1.17009,1.17014,1.16966,1.17008
2026-04-10 00:03:00,1.17008,1.17008,1.16976,1.16998
2026-04-10 00:06:00,1.16998,1.17003,1.16968,1.17001
2026-04-10 00:09:00,1.17002,1.17002,1.16963,1.1697899999999999
2026-04-10 00:12:00,1.1697899999999999,1.16981,1.16965,1.16981
2026-04-10 00:15:00,1.16981,1.16982,1.16959,1.16959
2026-04-10 00:18:00,1.16959,1.1696,1.16958,1.16959
2026-04-10 00:21:00,1.16959,1.1696900000000001,1.16957,1.1696900000000001
2026-04-10 00:24:00,1.1696900000000001,1.1697,1.16964,1.16968
2026-04-10 00:27:00,1.16968,1.16982,1.16962,1.16966
2026-04-10 00:30:00,1.16966,1.16985,1.16959,1.16965
2026-04-10 00:33:00,1.16966,1.16981,1.16961,1.1697899999999999
2026-04-10 00:36:00,1.1697899999999999,1.1697899999999999,1.1697,1.16972
2026-04-10 00:39:00,1.16972,1.16972,1.16962,1.16964
2026-04-10 00:42:00,1.16964,1.1696900000000001,1.16959,1.16968
2026-04-10 00:45:00,1.1696900000000001,1.1697899999999999,1.16949,1.16973
2026-04-10 00:48:00,1.16973,1.16974,1.16957,1.1697
2026-04-10 00:51:00,1.1697,1.17005,1.16964,1.17005
2026-04-10 00:54:00,1.17005,1.1701,1.17003,1.17009
2026-04-10 00:57:00,1.17009,1.17012,1.17008,1.1701
2026-04-10 01:00:00,1.17016,1.17024,1.17005,1.17007
2026-04-10 01:03:00,1.17007,1.17018,1.17007,1.17015
2026-04-10 01:06:00,1.17015,1.17016,1.17004,1.17007
2026-04-10 01:09:00,1.17007,1.17014,1.17002,1.17012
2026-04-10 01:12:00,1.17012,1.17012,1.17004,1.1701
2026-04-10 01:15:00,1.1701,1.1701,1.17,1.17009
2026-04-10 01:18:00,1.17009,1.17009,1.16998,1.17001
2026-04-10 01:21:00,1.17001,1.17023,1.17001,1.17016
2026-04-10 01:24:00,1.17016,1.17016,1.17,1.17001
2026-04-10 01:27:00,1.17,1.17014,1.16962,1.16962
2026-04-10 01:30:00,1.16962,1.16987,1.1696,1.16976
2026-04-10 01:33:00,1.1698,1.16984,1.1695,1.16953
2026-04-10 01:36:00,1.16953,1.16955,1.1694,1.16954
2026-04-10 01:39:00,1.16955,1.16955,1.16933,1.16939
2026-04-10 01:42:00,1.16939,1.16941,1.16926,1.16937
2026-04-10 01:45:00,1.16937,1.1694,1.16917,1.16925
2026-04-10 01:48:00,1.16925,1.16933,1.16912,1.16922
2026-04-10 01:51:00,1.16922,1.16933,1.16912,1.16929
2026-04-10 01:54:00,1.16929,1.16939,1.16923,1.16925
2026-04-10 01:57:00,1.16925,1.1694,1.1692,1.16938
2026-04-10 02:00:00,1.16939,1.1695,1.16933,1.16948
2026-04-10 02:03:00,1.16948,1.16952,1.16946,1.16948
2026-04-10 02:06:00,1.16948,1.16959,1.16934,1.16952
2026-04-10 02:09:00,1.16952,1.16953,1.16938,1.16939
2026-04-10 02:12:00,1.16939,1.16941,1.16936,1.16936
2026-04-10 02:15:00,1.16937,1.1694,1.16929,1.1693
2026-04-10 02:18:00,1.1693,1.16937,1.16923,1.16929
2026-04-10 02:21:00,1.16929,1.16937,1.16929,1.16933
2026-04-10 02:24:00,1.16933,1.16943,1.16926,1.16929
2026-04-10 02:27:00,1.16928,1.16948,1.16928,1.1694
2026-04-10 02:30:00,1.16939,1.16947,1.1693500000000001,1.16944
2026-04-10 02:33:00,1.16944,1.16954,1.1693500000000001,1.16953
2026-04-10 02:36:00,1.16953,1.16953,1.16933,1.16933
2026-04-10 02:39:00,1.16933,1.16936,1.16924,1.16927
2026-04-10 02:42:00,1.16927,1.16929,1.16924,1.16925
2026-04-10 02:45:00,1.16925,1.16925,1.1692,1.16924
2026-04-10 02:48:00,1.16924,1.1693,1.16922,1.16929
2026-04-10 02:51:00,1.16929,1.16933,1.16907,1.1691
2026-04-10 02:54:00,1.1691,1.16913,1.16894,1.16904
2026-04-10 02:57:00,1.16904,1.16914,1.16902,1.16914
2026-04-10 03:00:00,1.16914,1.16915,1.16879,1.16892
2026-04-10 03:03:00,1.16892,1.16898,1.16879,1.16894
2026-04-10 03:06:00,1.16894,1.16896,1.16869,1.16872
2026-04-10 03:09:00,1.16872,1.16888,1.16872,1.16879
2026-04-10 03:12:00,1.16879,1.16881,1.16868,1.16881
2026-04-10 03:15:00,1.16881,1.16889,1.16877,1.16879
2026-04-10 03:18:00,1.16879,1.16886,1.16875,1.1688399999999999
2026-04-10 03:21:00,1.1688399999999999,1.1689,1.16878,1.1689
2026-04-10 03:24:00,1.1689,1.1689,1.1687400000000001,1.16879
2026-04-10 03:27:00,1.16879,1.16879,1.16852,1.16864
2026-04-10 03:30:00,1.16864,1.16877,1.16861,1.16873
2026-04-10 03:33:00,1.16873,1.1688399999999999,1.16862,1.16877
2026-04-10 03:36:00,1.16877,1.16889,1.1687400000000001,1.16885
2026-04-10 03:39:00,1.16885,1.16891,1.1687400000000001,1.16883
2026-04-10 03:42:00,1.16883,1.16889,1.16875,1.16875
2026-04-10 03:45:00,1.16875,1.16875,1.16859,1.16869
2026-04-10 03:48:00,1.16869,1.16876,1.16862,1.16866
2026-04-10 03:51:00,1.16866,1.16866,1.16851,1.16861
2026-04-10 03:54:00,1.16861,1.1688399999999999,1.16848,1.1685699999999999
2026-04-10 03:57:00,1.1685699999999999,1.1688,1.16843,1.16878
2026-04-10 04:00:00,1.16878,1.1688399999999999,1.1685699999999999,1.1687
2026-04-10 04:03:00,1.1687,1.1688399999999999,1.1687,1.16877
2026-04-10 04:06:00,1.16876,1.16881,1.16866,1.16881
2026-04-10 04:09:00,1.16881,1.16886,1.16878,1.16885
2026-04-10 04:12:00,1.16885,1.16886,1.16877,1.16883
2026-04-10 04:15:00,1.16883,1.1689,1.16871,1.16877
2026-04-10 04:18:00,1.16877,1.16883,1.1685699999999999,1.16867
2026-04-10 04:21:00,1.16867,1.16882,1.16859,1.16882
2026-04-10 04:24:00,1.16882,1.16882,1.16863,1.16875
2026-04-10 04:27:00,1.16873,1.16886,1.1687,1.16882
2026-04-10 04:30:00,1.16882,1.16917,1.16876,1.16907
2026-04-10 04:33:00,1.16907,1.16929,1.16905,1.16929
2026-04-10 04:36:00,1.16929,1.1693500000000001,1.16911,1.16919
2026-04-10 04:39:00,1.16921,1.16922,1.16903,1.16905
2026-04-10 04:42:00,1.16905,1.16914,1.16898,1.16913
2026-04-10 04:45:00,1.16913,1.1692,1.16895,1.16917
2026-04-10 04:48:00,1.16917,1.16929,1.16912,1.16925
2026-04-10 04:51:00,1.16925,1.16937,1.16923,1.16936
2026-04-10 04:54:00,1.16936,1.16946,1.16924,1.16938
2026-04-10 04:57:00,1.16938,1.16938,1.1691,1.16919
2026-04-10 05:00:00,1.16923,1.16932,1.1690800000000001,1.16929
2026-04-10 05:03:00,1.16929,1.16932,1.16902,1.16932
2026-04-10 05:06:00,1.16932,1.16941,1.16914,1.16917
2026-04-10 05:09:00,1.1692,1.16928,1.16911,1.1692
2026-04-10 05:12:00,1.1692,1.1692,1.16888,1.16891
2026-04-10 05:15:00,1.16891,1.16903,1.16886,1.16902
2026-04-10 05:18:00,1.16902,1.16902,1.16888,1.16892
2026-04-10 05:21:00,1.16892,1.16892,1.16871,1.16877
2026-04-10 05:24:00,1.16877,1.16892,1.16876,1.16883
2026-04-10 05:27:00,1.16883,1.16883,1.16853,1.16864
2026-04-10 05:30:00,1.16864,1.16893,1.16863,1.16893
2026-04-10 05:33:00,1.16893,1.16907,1.16886,1.16887
2026-04-10 05:36:00,1.16887,1.16892,1.1688,1.16891
2026-04-10 05:39:00,1.1689,1.16903,1.1688399999999999,1.16898
2026-04-10 05:42:00,1.16899,1.16913,1.16895,1.16911
2026-04-10 05:45:00,1.16911,1.16923,1.16903,1.16921
2026-04-10 05:48:00,1.16921,1.16928,1.16913,1.16921
2026-04-10 05:51:00,1.16921,1.16923,1.16895,1.16913
2026-04-10 05:54:00,1.16913,1.16913,1.16906,1.16909
2026-04-10 05:57:00,1.16909,1.16913,1.16895,1.1690800000000001
2026-04-10 06:00:00,1.1690800000000001,1.16913,1.16896,1.16897
2026-04-10 06:03:00,1.16897,1.16914,1.16897,1.16912
2026-04-10 06:06:00,1.16912,1.16917,1.16899,1.1690800000000001
2026-04-10 06:09:00,1.1690800000000001,1.16913,1.16888,1.16892
2026-04-10 06:12:00,1.16894,1.16914,1.16888,1.16911
2026-04-10 06:15:00,1.16911,1.16916,1.16901,1.16916
2026-04-10 06:18:00,1.16916,1.16933,1.16915,1.16931
2026-04-10 06:21:00,1.16931,1.16943,1.16924,1.16926
2026-04-10 06:24:00,1.16926,1.16948,1.16926,1.1693
2026-04-10 06:27:00,1.16939,1.16947,1.1693500000000001,1.16943
2026-04-10 06:30:00,1.16943,1.16963,1.1693500000000001,1.1695
2026-04-10 06:33:00,1.16955,1.16956,1.16941,1.16951
2026-04-10 06:36:00,1.16951,1.16953,1.16934,1.16948
2026-04-10 06:39:00,1.16948,1.16953,1.16938,1.16944
2026-04-10 06:42:00,1.16944,1.16944,1.1692,1.16934
2026-04-10 06:45:00,1.16934,1.16948,1.16927,1.16947
2026-04-10 06:48:00,1.16947,1.16947,1.16931,1.16946
2026-04-10 06:51:00,1.16946,1.16947,1.1693500000000001,1.16938
2026-04-10 06:54:00,1.16938,1.16958,1.16936,1.16954
2026-04-10 06:57:00,1.16954,1.16967,1.1694499999999999,1.16956
2026-04-10 07:00:00,1.16956,1.16964,1.16952,1.16958
2026-04-10 07:03:00,1.16958,1.16965,1.16952,1.16953
2026-04-10 07:06:00,1.16953,1.16959,1.16942,1.16954
2026-04-10 07:09:00,1.16954,1.16959,1.16938,1.16947
2026-04-10 07:12:00,1.16947,1.16958,1.1693,1.16944
2026-04-10 07:15:00,1.16944,1.16952,1.16936,1.16948
2026-04-10 07:18:00,1.16948,1.16954,1.16946,1.16952
2026-04-10 07:21:00,1.16952,1.16955,1.16949,1.16954
2026-04-10 07:24:00,1.16954,1.16959,1.16949,1.16958
2026-04-10 07:27:00,1.16958,1.16959,1.1694,1.16943
2026-04-10 07:30:00,1.16943,1.16948,1.16925,1.1693500000000001
2026-04-10 07:33:00,1.1693500000000001,1.1694,1.16925,1.1694
2026-04-10 07:36:00,1.1694,1.16951,1.16936,1.16938
2026-04-10 07:39:00,1.16938,1.16943,1.1693,1.16931
2026-04-10 07:42:00,1.16931,1.1693500000000001,1.16915,1.16927
2026-04-10 07:45:00,1.16927,1.1693500000000001,1.16924,1.16934
2026-04-10 07:48:00,1.16934,1.16938,1.16925,1.16933
2026-04-10 07:51:00,1.16933,1.1693500000000001,1.16925,1.16931
2026-04-10 07:54:00,1.16931,1.16931,1.16898,1.1691799999999999
2026-04-10 07:57:00,1.1691799999999999,1.1692,1.16911,1.16919
2026-04-10 08:00:00,1.16919,1.16926,1.16906,1.16915
2026-04-10 08:03:00,1.16915,1.16922,1.169,1.16913
2026-04-10 08:06:00,1.16913,1.16922,1.16899,1.16911
2026-04-10 08:09:00,1.16911,1.16916,1.16888,1.169
2026-04-10 08:12:00,1.169,1.16901,1.16883,1.16896
2026-04-10 08:15:00,1.16896,1.16906,1.16882,1.16905
2026-04-10 08:18:00,1.16905,1.16907,1.16899,1.16905
2026-04-10 08:21:00,1.16905,1.16909,1.16887,1.16892
2026-04-10 08:24:00,1.16892,1.16893,1.1688399999999999,1.1689
2026-04-10 08:27:00,1.1689,1.16892,1.16868,1.16877
2026-04-10 08:30:00,1.16876,1.16901,1.16873,1.169
2026-04-10 08:33:00,1.169,1.169,1.16892,1.16892
2026-04-10 08:36:00,1.16892,1.16901,1.16883,1.16899
2026-04-10 08:39:00,1.16899,1.1691799999999999,1.16891,1.16916
2026-04-10 08:42:00,1.16916,1.16917,1.16883,1.16898
2026-04-10 08:45:00,1.16898,1.1690800000000001,1.16896,1.16896
2026-04-10 08:48:00,1.16896,1.16904,1.1689,1.16895
2026-04-10 08:51:00,1.16895,1.16906,1.16895,1.16904
2026-04-10 08:54:00,1.16904,1.16909,1.16893,1.16898
2026-04-10 08:57:00,1.16898,1.16909,1.1689,1.16902
2026-04-10 09:00:00,1.16902,1.1693500000000001,1.16893,1.16916
2026-04-10 09:03:00,1.16917,1.1691799999999999,1.1687,1.16881
2026-04-10 09:06:00,1.16881,1.16897,1.16871,1.16885
2026-04-10 09:09:00,1.16885,1.16891,1.1687,1.16888
2026-04-10 09:12:00,1.16887,1.16892,1.16872,1.16883
2026-04-10 09:15:00,1.16883,1.16883,1.16846,1.1687
2026-04-10 09:18:00,1.1687,1.1687,1.16841,1.16861
2026-04-10 09:21:00,1.16859,1.16862,1.16842,1.16854
2026-04-10 09:24:00,1.16852,1.16864,1.16844,1.16852
2026-04-10 09:27:00,1.16852,1.1686,1.1684,1.16842
2026-04-10 09:30:00,1.16842,1.16846,1.16824,1.16838
2026-04-10 09:33:00,1.16838,1.16902,1.16838,1.16893
2026-04-10 09:36:00,1.16891,1.16899,1.1687,1.16878
2026-04-10 09:39:00,1.16878,1.16882,1.16864,1.16867
2026-04-10 09:42:00,1.16868,1.16872,1.1685,1.16862
2026-04-10 09:45:00,1.16862,1.16864,1.16842,1.16849
2026-04-10 09:48:00,1.1685,1.16862,1.1685,1.16856
2026-04-10 09:51:00,1.16856,1.16869,1.16848,1.16866
2026-04-10 09:54:00,1.16866,1.16896,1.1685,1.16861
2026-04-10 09:57:00,1.16861,1.16867,1.1684,1.16845
2026-04-10 10:00:00,1.16841,1.1685699999999999,1.16818,1.16837
2026-04-10 10:03:00,1.16837,1.1688399999999999,1.16837,1.16882
2026-04-10 10:06:00,1.16882,1.16887,1.16846,1.16867
2026-04-10 10:09:00,1.16867,1.16888,1.16867,1.16883
2026-04-10 10:12:00,1.16883,1.1688399999999999,1.16851,1.16858
2026-04-10 10:15:00,1.16858,1.16868,1.16834,1.16868
2026-04-10 10:18:00,1.16868,1.16877,1.16848,1.16848
2026-04-10 10:21:00,1.16848,1.16895,1.16845,1.16892
2026-04-10 10:24:00,1.16892,1.16896,1.1685699999999999,1.16862
2026-04-10 10:27:00,1.16862,1.16871,1.16848,1.16868
2026-04-10 10:30:00,1.16868,1.16868,1.16837,1.16845
2026-04-10 10:33:00,1.16845,1.16854,1.16832,1.16852
2026-04-10 10:36:00,1.16852,1.16867,1.16845,1.16864
2026-04-10 10:39:00,1.16864,1.16864,1.16845,1.16845
2026-04-10 10:42:00,1.16845,1.16846,1.16808,1.16841
2026-04-10 10:45:00,1.16841,1.16849,1.1682299999999999,1.1683
2026-04-10 10:48:00,1.1683,1.16858,1.16829,1.16851
2026-04-10 10:51:00,1.16851,1.16853,1.16826,1.16838
2026-04-10 10:54:00,1.16837,1.16848,1.16831,1.16835
2026-04-10 10:57:00,1.16835,1.16835,1.16785,1.16797
2026-04-10 11:00:00,1.1679599999999999,1.16797,1.16772,1.16784
2026-04-10 11:03:00,1.16784,1.1679599999999999,1.16765,1.16794
2026-04-10 11:06:00,1.16794,1.16825,1.16782,1.1681300000000001
2026-04-10 11:09:00,1.16814,1.16854,1.16814,1.16853
2026-04-10 11:12:00,1.16853,1.16856,1.16844,1.16851
2026-04-10 11:15:00,1.16851,1.1685699999999999,1.16836,1.16836
2026-04-10 11:18:00,1.16836,1.16867,1.16833,1.16863
2026-04-10 11:21:00,1.16863,1.16868,1.1685,1.16859
2026-04-10 11:24:00,1.16859,1.16883,1.16856,1.16866
2026-04-10 11:27:00,1.16866,1.16866,1.1685,1.1685699999999999
2026-04-10 11:30:00,1.1685699999999999,1.1688399999999999,1.16856,1.1688399999999999
2026-04-10 11:33:00,1.16885,1.16895,1.1687400000000001,1.16875
2026-04-10 11:36:00,1.16875,1.16888,1.16864,1.16885
2026-04-10 11:39:00,1.16885,1.16888,1.16877,1.16885
2026-04-10 11:42:00,1.16885,1.16897,1.16867,1.16877
2026-04-10 11:45:00,1.16877,1.16879,1.16852,1.1685699999999999
2026-04-10 11:48:00,1.1685699999999999,1.16868,1.16846,1.16862
2026-04-10 11:51:00,1.16862,1.16862,1.16841,1.16848
2026-04-10 11:54:00,1.16848,1.16853,1.16836,1.16846
2026-04-10 11:57:00,1.16846,1.16864,1.16841,1.16856
2026-04-10 12:00:00,1.16856,1.16879,1.16852,1.16873
2026-04-10 12:03:00,1.16873,1.16887,1.1687,1.16886
2026-04-10 12:06:00,1.16886,1.16886,1.16846,1.16853
2026-04-10 12:09:00,1.16853,1.1686,1.16848,1.16853
2026-04-10 12:12:00,1.16853,1.16861,1.16845,1.16852
2026-04-10 12:15:00,1.16852,1.1686,1.16845,1.1685699999999999
2026-04-10 12:18:00,1.1685699999999999,1.17105,1.16851,1.17
2026-04-10 12:21:00,1.16994,1.17086,1.16982,1.17057
2026-04-10 12:24:00,1.17057,1.17064,1.16978,1.16984
2026-04-10 12:27:00,1.16984,1.16986,1.1695,1.16971
2026-04-10 12:30:00,1.16971,1.16995,1.16955,1.16963
2026-04-10 12:33:00,1.16963,1.17019,1.1696,1.17011
2026-04-10 12:36:00,1.17012,1.17018,1.16985,1.17009
2026-04-10 12:39:00,1.17009,1.17009,1.16983,1.16998
2026-04-10 12:42:00,1.16998,1.17024,1.16991,1.17022
2026-04-10 12:45:00,1.17022,1.17026,1.16997,1.17014
2026-04-10 12:48:00,1.17014,1.17045,1.1700599999999999,1.17038
2026-04-10 12:51:00,1.17039,1.17087,1.17037,1.17084
2026-04-10 12:54:00,1.17084,1.17102,1.17062,1.17093
2026-04-10 12:57:00,1.17096,1.17109,1.17087,1.17099
2026-04-10 13:00:00,1.17099,1.1712799999999999,1.17088,1.17103
2026-04-10 13:03:00,1.17103,1.17113,1.1708,1.1709100000000001
2026-04-10 13:06:00,1.171,1.1710099999999999,1.17078,1.17092
2026-04-10 13:09:00,1.17092,1.17102,1.17086,1.17094
2026-04-10 13:12:00,1.17094,1.17098,1.17069,1.17073
2026-04-10 13:15:00,1.17073,1.17073,1.1705,1.17073
2026-04-10 13:18:00,1.17073,1.17103,1.17061,1.17087
2026-04-10 13:21:00,1.17087,1.17109,1.17078,1.17107
2026-04-10 13:24:00,1.17108,1.17133,1.17099,1.17133
2026-04-10 13:27:00,1.17133,1.17133,1.17105,1.17121
2026-04-10 13:30:00,1.17121,1.17123,1.17092,1.17117
2026-04-10 13:33:00,1.17117,1.17119,1.17095,1.17113
2026-04-10 13:36:00,1.17113,1.1713,1.17113,1.17126
2026-04-10 13:39:00,1.17126,1.17153,1.17118,1.17136
2026-04-10 13:42:00,1.17136,1.17147,1.17127,1.17136
2026-04-10 13:45:00,1.17131,1.17155,1.17127,1.1715200000000001
2026-04-10 13:48:00,1.1715200000000001,1.17157,1.17136,1.17141
2026-04-10 13:51:00,1.17141,1.17142,1.17119,1.17141
2026-04-10 13:54:00,1.17141,1.17144,1.17117,1.17126
2026-04-10 13:57:00,1.17126,1.17141,1.17114,1.17127
2026-04-10 14:00:00,1.17127,1.17153,1.17115,1.17138
2026-04-10 14:03:00,1.17138,1.17163,1.17138,1.1716199999999999
2026-04-10 14:06:00,1.1716199999999999,1.17177,1.17155,1.17171
2026-04-10 14:09:00,1.17171,1.17178,1.17154,1.17165
2026-04-10 14:12:00,1.17165,1.17187,1.17145,1.1716
2026-04-10 14:15:00,1.1716,1.17175,1.1715200000000001,1.17175
2026-04-10 14:18:00,1.17174,1.17177,1.17158,1.1716
2026-04-10 14:21:00,1.17161,1.1717,1.17136,1.17147
2026-04-10 14:24:00,1.17147,1.17155,1.17133,1.1715200000000001
2026-04-10 14:27:00,1.1715200000000001,1.17153,1.1711,1.17129
2026-04-10 14:30:00,1.17129,1.17143,1.17114,1.1712500000000001
2026-04-10 14:33:00,1.1712500000000001,1.17126,1.171,1.17118
2026-04-10 14:36:00,1.17118,1.1712500000000001,1.17107,1.17116
2026-04-10 14:39:00,1.17117,1.1712500000000001,1.17104,1.17121
2026-04-10 14:42:00,1.17121,1.17167,1.1712,1.17165
2026-04-10 14:45:00,1.17165,1.17167,1.17148,1.17158
2026-04-10 14:48:00,1.17158,1.17171,1.17156,1.17166
2026-04-10 14:51:00,1.17166,1.17166,1.1714,1.1715
2026-04-10 14:54:00,1.17149,1.17156,1.17119,1.17141
2026-04-10 14:57:00,1.17133,1.17155,1.1713,1.17139
2026-04-10 15:00:00,1.17139,1.17156,1.17129,1.17148
2026-04-10 15:03:00,1.17146,1.17155,1.17132,1.17135
2026-04-10 15:06:00,1.17135,1.17149,1.1712,1.1713
2026-04-10 15:09:00,1.1713,1.17135,1.17097,1.1712500000000001
2026-04-10 15:12:00,1.1712500000000001,1.17153,1.17123,1.17144
2026-04-10 15:15:00,1.17141,1.17148,1.17117,1.1713
2026-04-10 15:18:00,1.1713,1.17136,1.17109,1.17122
2026-04-10 15:21:00,1.17122,1.17129,1.17099,1.17103
2026-04-10 15:24:00,1.17103,1.17127,1.17094,1.17127
2026-04-10 15:27:00,1.17127,1.17139,1.17107,1.17133
2026-04-10 15:30:00,1.17133,1.17234,1.1712799999999999,1.17184
2026-04-10 15:33:00,1.17184,1.17237,1.17176,1.17227
2026-04-10 15:36:00,1.17227,1.17256,1.17203,1.17226
2026-04-10 15:39:00,1.17226,1.17226,1.17156,1.17164
2026-04-10 15:42:00,1.17163,1.17191,1.17151,1.17166
2026-04-10 15:45:00,1.17173,1.17175,1.17122,1.17159
2026-04-10 15:48:00,1.17159,1.17161,1.17136,1.17145
2026-04-10 15:51:00,1.17145,1.17173,1.17131,1.17169
2026-04-10 15:54:00,1.17169,1.17207,1.17161,1.17198
2026-04-10 15:57:00,1.17198,1.17212,1.17181,1.17207
2026-04-10 16:00:00,1.17207,1.17233,1.17179,1.17228
2026-04-10 16:03:00,1.17228,1.17233,1.1719,1.17199
2026-04-10 16:06:00,1.17199,1.17251,1.17195,1.17232
2026-04-10 16:09:00,1.17232,1.17241,1.17209,1.17229
2026-04-10 16:12:00,1.17229,1.17255,1.17221,1.17232
2026-04-10 16:15:00,1.17232,1.17236,1.17211,1.17228
2026-04-10 16:18:00,1.17228,1.17242,1.17221,1.17237
2026-04-10 16:21:00,1.17237,1.17287,1.17237,1.17285
2026-04-10 16:24:00,1.17285,1.17299,1.1727400000000001,1.17293
2026-04-10 16:27:00,1.17293,1.17346,1.17292,1.17333
2026-04-10 16:30:00,1.17333,1.17346,1.17295,1.17307
2026-04-10 16:33:00,1.17307,1.17313,1.17244,1.17257
2026-04-10 16:36:00,1.17257,1.17296,1.1724700000000001,1.17289
2026-04-10 16:39:00,1.17289,1.17291,1.1726,1.17267
2026-04-10 16:42:00,1.17267,1.17295,1.1726,1.1728399999999999
2026-04-10 16:45:00,1.1728399999999999,1.17314,1.17273,1.1728399999999999
2026-04-10 16:48:00,1.1728399999999999,1.17302,1.17266,1.17295
2026-04-10 16:51:00,1.17295,1.17298,1.17249,1.1724999999999999
2026-04-10 16:54:00,1.1724999999999999,1.17292,1.1724700000000001,1.17287
2026-04-10 16:57:00,1.17287,1.17299,1.17245,1.17276
2026-04-10 17:00:00,1.17276,1.17347,1.1726,1.17347
2026-04-10 17:03:00,1.17346,1.17357,1.17298,1.17327
2026-04-10 17:06:00,1.17327,1.17328,1.173,1.17318
2026-04-10 17:09:00,1.17318,1.1732,1.17271,1.17286
2026-04-10 17:12:00,1.17286,1.1734,1.17282,1.17337
2026-04-10 17:15:00,1.17337,1.17359,1.17315,1.17349
2026-04-10 17:18:00,1.17349,1.1736900000000001,1.1734499999999999,1.17353
2026-04-10 17:21:00,1.17353,1.17366,1.17336,1.17361
2026-04-10 17:24:00,1.17361,1.17381,1.17348,1.17358
2026-04-10 17:27:00,1.17358,1.17375,1.17339,1.1735
2026-04-10 17:30:00,1.1735,1.1737,1.17333,1.17346
2026-04-10 17:33:00,1.17346,1.17348,1.17306,1.1732
2026-04-10 17:36:00,1.1732,1.17337,1.17301,1.17333
2026-04-10 17:39:00,1.17333,1.1734499999999999,1.17319,1.17331
2026-04-10 17:42:00,1.17325,1.17331,1.17257,1.1728
2026-04-10 17:45:00,1.1728,1.17293,1.17241,1.17286
2026-04-10 17:48:00,1.17285,1.17285,1.17233,1.17249
2026-04-10 17:51:00,1.17249,1.17298,1.17249,1.17264
2026-04-10 17:54:00,1.17264,1.17266,1.17198,1.17232
2026-04-10 17:57:00,1.17232,1.17289,1.17232,1.17277
2026-04-10 18:00:00,1.17276,1.17313,1.17271,1.17303
2026-04-10 18:03:00,1.17303,1.17312,1.17269,1.17271
2026-04-10 18:06:00,1.17271,1.17323,1.17265,1.17318
2026-04-10 18:09:00,1.17318,1.17337,1.17304,1.17336
2026-04-10 18:12:00,1.17332,1.17354,1.17326,1.17348
2026-04-10 18:15:00,1.17347,1.17363,1.17337,1.17341
2026-04-10 18:18:00,1.17341,1.17368,1.17333,1.17364
2026-04-10 18:21:00,1.17365,1.17383,1.17344,1.17382
2026-04-10 18:24:00,1.17382,1.17394,1.17349,1.17368
2026-04-10 18:27:00,1.17368,1.1736900000000001,1.17317,1.1732
2026-04-10 18:30:00,1.1732,1.17347,1.17292,1.17329
2026-04-10 18:33:00,1.1733,1.1733500000000001,1.17298,1.17299
2026-04-10 18:36:00,1.17299,1.17311,1.17295,1.17309
2026-04-10 18:39:00,1.17309,1.17309,1.17271,1.1727400000000001
2026-04-10 18:42:00,1.1727400000000001,1.17281,1.17261,1.17272
2026-04-10 18:45:00,1.17272,1.17277,1.17231,1.17243
2026-04-10 18:48:00,1.17243,1.17249,1.17221,1.17241
2026-04-10 18:51:00,1.17241,1.17252,1.17227,1.17229
2026-04-10 18:54:00,1.17229,1.17235,1.1722,1.17229
2026-04-10 18:57:00,1.17229,1.1724,1.1721300000000001,1.1722299999999999
2026-04-10 19:00:00,1.1722299999999999,1.17242,1.17197,1.1724
2026-04-10 19:03:00,1.1724,1.17243,1.1722,1.1722
2026-04-10 19:06:00,1.1722,1.17228,1.17207,1.17216
2026-04-10 19:09:00,1.17216,1.17237,1.1721300000000001,1.17234
2026-04-10 19:12:00,1.17234,1.17253,1.17228,1.1724700000000001
2026-04-10 19:15:00,1.1724700000000001,1.1724700000000001,1.17219,1.17234
2026-04-10 19:18:00,1.17234,1.17242,1.1721,1.17221
2026-04-10 19:21:00,1.17222,1.1723,1.17209,1.17222
2026-04-10 19:24:00,1.17221,1.17238,1.17203,1.17212
2026-04-10 19:27:00,1.17212,1.17225,1.17206,1.17209
2026-04-10 19:30:00,1.17209,1.17211,1.17168,1.17168
2026-04-10 19:33:00,1.17169,1.17181,1.17163,1.17168
2026-04-10 19:36:00,1.17168,1.17191,1.17167,1.17179
2026-04-10 19:39:00,1.17179,1.17182,1.17142,1.1716199999999999
2026-04-10 19:42:00,1.1716199999999999,1.1716199999999999,1.17129,1.17138
2026-04-10 19:45:00,1.17138,1.17157,1.17134,1.17154
2026-04-10 19:48:00,1.17154,1.17174,1.17137,1.17149
2026-04-10 19:51:00,1.17149,1.17193,1.17145,1.17178
2026-04-10 19:54:00,1.17176,1.17195,1.17174,1.1719
2026-04-10 19:57:00,1.17179,1.17215,1.17179,1.17201
2026-04-10 20:00:00,1.17201,1.17205,1.17185,1.17188
2026-04-10 20:03:00,1.17188,1.17225,1.17188,1.17218
2026-04-10 20:06:00,1.17218,1.1722299999999999,1.172,1.1721300000000001
2026-04-10 20:09:00,1.1721300000000001,1.17228,1.17204,1.17226
2026-04-10 20:12:00,1.17225,1.17244,1.17221,1.1723
2026-04-10 20:15:00,1.1723,1.17242,1.17224,1.17233
2026-04-10 20:18:00,1.17233,1.17233,1.17203,1.17209
2026-04-10 20:21:00,1.17209,1.1722299999999999,1.172,1.17215
2026-04-10 20:24:00,1.17215,1.17222,1.17197,1.17219
2026-04-10 20:27:00,1.17219,1.17229,1.17211,1.17228
2026-04-10 20:30:00,1.17228,1.17233,1.17209,1.17229
2026-04-10 20:33:00,1.17229,1.17229,1.17214,1.17222
2026-04-10 20:36:00,1.17222,1.17228,1.17208,1.1722299999999999
2026-04-10 20:39:00,1.1722299999999999,1.17238,1.17222,1.17233
2026-04-10 20:42:00,1.17233,1.17251,1.17232,1.17243
2026-04-10 20:45:00,1.17243,1.17255,1.17231,1.17255
2026-04-10 20:48:00,1.17251,1.1726,1.17232,1.1724700000000001
2026-04-10 20:51:00,1.1724700000000001,1.1724700000000001,1.1722,1.1723
2026-04-10 20:54:00,1.1723,1.17232,1.1721,1.17222
2026-04-10 20:57:00,1.1722299999999999,1.17238,1.17221,1.17232
2026-04-10 21:00:00,1.17232,1.17233,1.17214,1.17219
2026-04-10 21:03:00,1.17219,1.1722299999999999,1.17187,1.17198
2026-04-10 21:06:00,1.17198,1.1721300000000001,1.17177,1.1721
2026-04-10 21:09:00,1.1721,1.17239,1.17195,1.17233
2026-04-10 21:12:00,1.17233,1.17238,1.17221,1.17232
2026-04-10 21:15:00,1.17232,1.17243,1.17217,1.17236
2026-04-10 21:18:00,1.17235,1.17271,1.17235,1.17268
2026-04-10 21:21:00,1.17268,1.17283,1.17259,1.1727400000000001
2026-04-10 21:24:00,1.1727400000000001,1.17278,1.17258,1.17277
2026-04-10 21:27:00,1.17277,1.17296,1.17273,1.17289
2026-04-10 21:30:00,1.17289,1.17325,1.17289,1.17323
2026-04-10 21:33:00,1.17323,1.17336,1.17304,1.17327
2026-04-10 21:36:00,1.17326,1.17353,1.1732,1.1735
2026-04-10 21:39:00,1.1735,1.17353,1.1732,1.17325
2026-04-10 21:42:00,1.17325,1.1733500000000001,1.17314,1.17322
2026-04-10 21:45:00,1.17322,1.17325,1.17291,1.17291
2026-04-10 21:48:00,1.17294,1.17303,1.17285,1.173
2026-04-10 21:51:00,1.173,1.1730800000000001,1.17289,1.17304
2026-04-10 21:54:00,1.17304,1.17316,1.17296,1.17304
2026-04-10 21:57:00,1.17304,1.17316,1.17299,1.17314
2026-04-10 22:00:00,1.17314,1.17325,1.17296,1.17303
2026-04-10 22:03:00,1.17303,1.17305,1.1729,1.17302
2026-04-10 22:06:00,1.17302,1.17302,1.17281,1.17288
2026-04-10 22:09:00,1.17288,1.1729,1.1727400000000001,1.17289
2026-04-10 22:12:00,1.17289,1.17296,1.17266,1.17282
2026-04-10 22:15:00,1.17282,1.173,1.17277,1.17297
2026-04-10 22:18:00,1.17297,1.17298,1.17278,1.17289
2026-04-10 22:21:00,1.17289,1.1730800000000001,1.1728,1.17305
2026-04-10 22:24:00,1.17305,1.17311,1.17296,1.17298
2026-04-10 22:27:00,1.17298,1.17306,1.17265,1.17282
2026-04-10 22:30:00,1.17282,1.17287,1.17272,1.17278
2026-04-10 22:33:00,1.17276,1.17295,1.1727,1.17292
2026-04-10 22:36:00,1.17292,1.173,1.17289,1.17291
2026-04-10 22:39:00,1.17291,1.17293,1.1727400000000001,1.17283
2026-04-10 22:42:00,1.17283,1.17293,1.1728,1.17292
2026-04-10 22:45:00,1.17292,1.17296,1.17281,1.1729
2026-04-10 22:48:00,1.1729,1.17297,1.17277,1.17295
2026-04-10 22:51:00,1.17295,1.17295,1.17271,1.17278
2026-04-10 22:54:00,1.17278,1.17287,1.17271,1.17283
2026-04-10 22:57:00,1.17283,1.17285,1.17264,1.17273
2026-04-10 23:00:00,1.17272,1.17287,1.17262,1.17286
2026-04-10 23:03:00,1.17286,1.17289,1.1727400000000001,1.1727400000000001
2026-04-10 23:06:00,1.1727400000000001,1.17282,1.17264,1.17282
2026-04-10 23:09:00,1.17282,1.17296,1.1728,1.17288
2026-04-10 23:12:00,1.17288,1.17295,1.1728399999999999,1.17286
2026-04-10 23:15:00,1.17286,1.17294,1.17282,1.17293
2026-04-10 23:18:00,1.17293,1.17294,1.17272,1.17286
2026-04-10 23:21:00,1.17286,1.17288,1.17278,1.17287
2026-04-10 23:24:00,1.17287,1.17287,1.17275,1.17287
2026-04-10 23:27:00,1.17287,1.17289,1.17277,1.17285
2026-04-10 23:30:00,1.17285,1.17292,1.1728399999999999,1.17292
2026-04-10 23:33:00,1.17292,1.17297,1.17288,1.17291
2026-04-10 23:36:00,1.17291,1.17299,1.17281,1.17291
2026-04-10 23:39:00,1.17291,1.17298,1.17285,1.17296
2026-04-10 23:42:00,1.17296,1.17299,1.17285,1.17291
2026-04-10 23:45:00,1.17291,1.17302,1.1729,1.17302
2026-04-10 23:48:00,1.17302,1.17307,1.17288,1.17292
2026-04-10 23:51:00,1.17292,1.17304,1.1728399999999999,1.17298
2026-04-10 23:54:00,1.17298,1.173,1.17257,1.17263
2026-04-10 23:57:00,1.17263,1.17264,1.17215,1.17259
2026-04-13 00:00:00,1.1670099999999999,1.16721,1.16686,1.1669100000000001
2026-04-13 00:03:00,1.1669100000000001,1.1669100000000001,1.16635,1.16661
2026-04-13 00:06:00,1.16661,1.16667,1.16654,1.16663
2026-04-13 00:09:00,1.16663,1.16668,1.16651,1.16662
2026-04-13 00:12:00,1.16662,1.1670099999999999,1.16659,1.16692
2026-04-13 00:15:00,1.16689,1.16734,1.16685,1.16723
2026-04-13 00:18:00,1.16723,1.1673,1.16722,1.16727
2026-04-13 00:21:00,1.16726,1.16741,1.1672,1.16728
2026-04-13 00:24:00,1.16728,1.16799,1.16724,1.16795
2026-04-13 00:27:00,1.16795,1.16798,1.16789,1.16798
2026-04-13 00:30:00,1.16798,1.16804,1.16784,1.16793
2026-04-13 00:33:00,1.16791,1.16799,1.16777,1.1679
2026-04-13 00:36:00,1.1679,1.168,1.16785,1.1678600000000001
2026-04-13 00:39:00,1.16787,1.16803,1.16776,1.16783
2026-04-13 00:42:00,1.16782,1.168,1.16757,1.16776
2026-04-13 00:45:00,1.16776,1.16783,1.16776,1.16783
2026-04-13 00:48:00,1.16783,1.1678600000000001,1.16781,1.16781
2026-04-13 00:51:00,1.16783,1.16789,1.16782,1.16783
2026-04-13 00:54:00,1.16783,1.16783,1.16743,1.1676
2026-04-13 00:57:00,1.1676,1.16781,1.16706,1.16707
2026-04-13 01:00:00,1.16702,1.16782,1.16694,1.16758
2026-04-13 01:03:00,1.16759,1.16782,1.16704,1.16716
2026-04-13 01:06:00,1.16716,1.16723,1.16693,1.16707
2026-04-13 01:09:00,1.16707,1.16781,1.16706,1.16767
2026-04-13 01:12:00,1.16767,1.16775,1.16746,1.16748
2026-04-13 01:15:00,1.16749,1.16768,1.16712,1.1676
2026-04-13 01:18:00,1.1676,1.16766,1.16699,1.16699
2026-04-13 01:21:00,1.16699,1.16712,1.1668,1.16699
2026-04-13 01:24:00,1.16699,1.167,1.16669,1.16686
2026-04-13 01:27:00,1.16686,1.1669,1.1666,1.16678
2026-04-13 01:30:00,1.1668,1.16681,1.16655,1.16669
2026-04-13 01:33:00,1.16669,1.16695,1.16658,1.1669
2026-04-13 01:36:00,1.1669,1.16704,1.16687,1.16696
2026-04-13 01:39:00,1.16696,1.16714,1.16688,1.16708
2026-04-13 01:42:00,1.16708,1.16717,1.16689,1.16715
2026-04-13 01:45:00,1.16715,1.16731,1.1671,1.1672
2026-04-13 01:48:00,1.1672,1.1673,1.16703,1.16703
2026-04-13 01:51:00,1.16703,1.16722,1.16697,1.1670099999999999
2026-04-13 01:54:00,1.1670099999999999,1.16708,1.16693,1.16703
2026-04-13 01:57:00,1.16703,1.16732,1.16703,1.16721
2026-04-13 02:00:00,1.16721,1.16738,1.16713,1.1673
2026-04-13 02:03:00,1.1673,1.16737,1.16709,1.16713
2026-04-13 02:06:00,1.16713,1.16723,1.16692,1.16702
2026-04-13 02:09:00,1.16702,1.16724,1.16693,1.16713
2026-04-13 02:12:00,1.16713,1.16716,1.1670099999999999,1.16705
2026-04-13 02:15:00,1.16705,1.16706,1.1667,1.16671
2026-04-13 02:18:00,1.16671,1.16682,1.16659,1.1666
2026-04-13 02:21:00,1.1666,1.16667,1.16645,1.16655
2026-04-13 02:24:00,1.16655,1.16661,1.16639,1.1666
2026-04-13 02:27:00,1.1666,1.16682,1.1666,1.16681
2026-04-13 02:30:00,1.16681,1.16684,1.16668,1.16678
2026-04-13 02:33:00,1.16678,1.16709,1.16672,1.16704
2026-04-13 02:36:00,1.16704,1.16712,1.16699,1.1671
2026-04-13 02:39:00,1.1671,1.16721,1.1669100000000001,1.16707
2026-04-13 02:42:00,1.16707,1.16711,1.16693,1.16704
2026-04-13 02:45:00,1.16704,1.16726,1.16702,1.16719
2026-04-13 02:48:00,1.16719,1.16736,1.16718,1.16731
2026-04-13 02:51:00,1.16731,1.16753,1.16729,1.16737
2026-04-13 02:54:00,1.16736,1.16745,1.16728,1.16737
2026-04-13 02:57:00,1.16737,1.16747,1.16717,1.16747
2026-04-13 03:00:00,1.16747,1.16757,1.1671,1.16712
2026-04-13 03:03:00,1.16712,1.16758,1.16708,1.16754
2026-04-13 03:06:00,1.16753,1.1676,1.1674,1.16742
2026-04-13 03:09:00,1.16742,1.16795,1.16742,1.1677
2026-04-13 03:12:00,1.1677,1.16785,1.1676,1.16784
2026-04-13 03:15:00,1.16784,1.168,1.16776,1.16793
2026-04-13 03:18:00,1.16793,1.1679599999999999,1.16776,1.16781
2026-04-13 03:21:00,1.16781,1.16811,1.16779,1.16805
2026-04-13 03:24:00,1.16805,1.16824,1.16794,1.16818
2026-04-13 03:27:00,1.1682,1.16836,1.16804,1.16804
2026-04-13 03:30:00,1.16804,1.16834,1.16803,1.16829
2026-04-13 03:33:00,1.16829,1.16852,1.16829,1.16842
2026-04-13 03:36:00,1.16842,1.16853,1.16831,1.16842
2026-04-13 03:39:00,1.16842,1.16861,1.16837,1.16852
2026-04-13 03:42:00,1.16852,1.1686,1.16843,1.16846
2026-04-13 03:45:00,1.16846,1.1685699999999999,1.16839,1.16855
2026-04-13 03:48:00,1.16855,1.16858,1.16842,1.16844
2026-04-13 03:51:00,1.16844,1.16851,1.16837,1.16844
2026-04-13 03:54:00,1.16844,1.1686,1.16834,1.16843
2026-04-13 03:57:00,1.16843,1.16875,1.16843,1.16875
2026-04-13 04:00:00,1.16876,1.16889,1.16848,1.16854
2026-04-13 04:03:00,1.16855,1.16864,1.16836,1.16846
2026-04-13 04:06:00,1.16846,1.16861,1.16845,1.16848
2026-04-13 04:09:00,1.1684700000000001,1.1689,1.1684700000000001,1.16878
2026-04-13 04:12:00,1.16878,1.16895,1.16873,1.16881
2026-04-13 04:15:00,1.16882,1.16886,1.1687,1.16878
2026-04-13 04:18:00,1.16878,1.16886,1.16875,1.1688399999999999
2026-04-13 04:21:00,1.1688399999999999,1.16885,1.16852,1.16856
2026-04-13 04:24:00,1.16856,1.16865,1.16842,1.16846
2026-04-13 04:27:00,1.1684700000000001,1.16849,1.16834,1.1684
2026-04-13 04:30:00,1.1684,1.1684,1.16815,1.1682299999999999
2026-04-13 04:33:00,1.1682299999999999,1.16841,1.1682299999999999,1.16831
2026-04-13 04:36:00,1.16831,1.16834,1.1682,1.16825
2026-04-13 04:39:00,1.1682299999999999,1.16827,1.16807,1.16808
2026-04-13 04:42:00,1.16808,1.16821,1.16804,1.16818
2026-04-13 04:45:00,1.16816,1.16826,1.16807,1.16826
2026-04-13 04:48:00,1.16826,1.16844,1.16824,1.16838
2026-04-13 04:51:00,1.16838,1.16862,1.16837,1.16859
2026-04-13 04:54:00,1.16859,1.16864,1.16842,1.16862
2026-04-13 04:57:00,1.16862,1.16871,1.16861,1.16862
2026-04-13 05:00:00,1.16862,1.16871,1.1684700000000001,1.1685699999999999
2026-04-13 05:03:00,1.1685699999999999,1.1687400000000001,1.1685,1.16867
2026-04-13 05:06:00,1.16866,1.16875,1.16846,1.1687400000000001
2026-04-13 05:09:00,1.1687400000000001,1.16879,1.16862,1.16879
2026-04-13 05:12:00,1.1688,1.1688,1.16859,1.16873
2026-04-13 05:15:00,1.16864,1.16875,1.16861,1.16871
2026-04-13 05:18:00,1.1687,1.16872,1.1686,1.16872
2026-04-13 05:21:00,1.16872,1.16886,1.16866,1.1688
2026-04-13 05:24:00,1.1688,1.16882,1.16875,1.16878
2026-04-13 05:27:00,1.16878,1.16881,1.16871,1.1687400000000001
2026-04-13 05:30:00,1.1687400000000001,1.16897,1.16873,1.16889
2026-04-13 05:33:00,1.16889,1.16889,1.16862,1.16875
2026-04-13 05:36:00,1.16875,1.16875,1.16852,1.16864
2026-04-13 05:39:00,1.16864,1.16871,1.16851,1.16871
2026-04-13 05:42:00,1.16871,1.16875,1.16855,1.16861
2026-04-13 05:45:00,1.16861,1.16876,1.16849,1.16853
2026-04-13 05:48:00,1.16853,1.1686,1.16846,1.16852
2026-04-13 05:51:00,1.16856,1.16877,1.16855,1.16876
2026-04-13 05:54:00,1.16876,1.16883,1.16871,1.16877
2026-04-13 05:57:00,1.16877,1.16889,1.1687,1.16882
2026-04-13 06:00:00,1.16883,1.16891,1.16876,1.16882
2026-04-13 06:03:00,1.16882,1.16892,1.16862,1.1687
2026-04-13 06:06:00,1.1687,1.16875,1.16858,1.16864
2026-04-13 06:09:00,1.16866,1.16871,1.1685699999999999,1.16864
2026-04-13 06:12:00,1.16864,1.1687,1.16862,1.16864
2026-04-13 06:15:00,1.16864,1.1687,1.16858,1.16863
2026-04-13 06:18:00,1.16863,1.16875,1.16863,1.16865
2026-04-13 06:21:00,1.16865,1.1687,1.16862,1.16866
2026-04-13 06:24:00,1.16866,1.16876,1.16859,1.1687
2026-04-13 06:27:00,1.16872,1.16877,1.16864,1.16864
2026-04-13 06:30:00,1.16864,1.16873,1.16862,1.16865
2026-04-13 06:33:00,1.16865,1.16869,1.16858,1.16865
2026-04-13 06:36:00,1.16865,1.16868,1.16848,1.16862
2026-04-13 06:39:00,1.16862,1.16881,1.16854,1.16881
2026-04-13 06:42:00,1.16881,1.16887,1.16877,1.16883
2026-04-13 06:45:00,1.16883,1.16883,1.16865,1.16868
2026-04-13 06:48:00,1.16868,1.1688399999999999,1.16868,1.16878
2026-04-13 06:51:00,1.16877,1.16882,1.16868,1.1688
2026-04-13 06:54:00,1.1688,1.16882,1.16867,1.16882
2026-04-13 06:57:00,1.16882,1.16883,1.16872,1.1688
2026-04-13 07:00:00,1.1688,1.16882,1.16865,1.16872
2026-04-13 07:03:00,1.16873,1.16879,1.1687,1.16873
2026-04-13 07:06:00,1.16873,1.16896,1.16873,1.16896
2026-04-13 07:09:00,1.16896,1.169,1.1688399999999999,1.16896
2026-04-13 07:12:00,1.16896,1.16898,1.16885,1.16896
2026-04-13 07:15:00,1.16896,1.169,1.16891,1.16895
2026-04-13 07:18:00,1.16895,1.16895,1.16881,1.16888
2026-04-13 07:21:00,1.16886,1.16886,1.16876,1.16878
2026-04-13 07:24:00,1.16878,1.16893,1.16876,1.16892
2026-04-13 07:27:00,1.16892,1.16894,1.1688,1.16886
2026-04-13 07:30:00,1.16886,1.16896,1.1688,1.16888
2026-04-13 07:33:00,1.16888,1.16888,1.16865,1.16873
2026-04-13 07:36:00,1.16872,1.16873,1.16856,1.16862
2026-04-13 07:39:00,1.16862,1.16872,1.16862,1.16869
2026-04-13 07:42:00,1.16869,1.16876,1.16862,1.16871
2026-04-13 07:45:00,1.16871,1.16878,1.16871,1.16872
2026-04-13 07:48:00,1.16871,1.1687400000000001,1.16861,1.16872
2026-04-13 07:51:00,1.1687,1.16875,1.16867,1.16871
2026-04-13 07:54:00,1.16871,1.16887,1.16867,1.1687400000000001
2026-04-13 07:57:00,1.16869,1.16875,1.16851,1.16861
2026-04-13 08:00:00,1.16861,1.16867,1.1684700000000001,1.1686
2026-04-13 08:03:00,1.1686,1.16863,1.16842,1.16861
2026-04-13 08:06:00,1.16861,1.16863,1.16845,1.16845
2026-04-13 08:09:00,1.16843,1.16846,1.16822,1.16831
2026-04-13 08:12:00,1.16831,1.16845,1.16831,1.16845
2026-04-13 08:15:00,1.16845,1.16864,1.16842,1.16842
2026-04-13 08:18:00,1.16842,1.1685,1.16839,1.1684700000000001
2026-04-13 08:21:00,1.1684700000000001,1.1686,1.16845,1.16856
2026-04-13 08:24:00,1.16856,1.16859,1.16849,1.16852
2026-04-13 08:27:00,1.16853,1.1687,1.16848,1.16867
2026-04-13 08:30:00,1.16867,1.1687,1.16855,1.16862
2026-04-13 08:33:00,1.16862,1.16885,1.16856,1.16882
2026-04-13 08:36:00,1.16882,1.16885,1.16875,1.16883
2026-04-13 08:39:00,1.16883,1.16886,1.16871,1.1687400000000001
2026-04-13 08:42:00,1.1687400000000001,1.16881,1.16867,1.16877
2026-04-13 08:45:00,1.16876,1.1688399999999999,1.1687,1.16879
2026-04-13 08:48:00,1.16879,1.1689,1.16869,1.1688
2026-04-13 08:51:00,1.1688,1.1688399999999999,1.16869,1.1687
2026-04-13 08:54:00,1.1687,1.16876,1.16853,1.16868
2026-04-13 08:57:00,1.16868,1.1688399999999999,1.16865,1.16877
2026-04-13 09:00:00,1.16877,1.16909,1.16877,1.1688
2026-04-13 09:03:00,1.16879,1.16909,1.16875,1.16885
2026-04-13 09:06:00,1.16885,1.16938,1.1688,1.16931
2026-04-13 09:09:00,1.16931,1.16947,1.16901,1.16901
2026-04-13 09:12:00,1.16902,1.1691,1.16886,1.16889
2026-04-13 09:15:00,1.16889,1.16915,1.16887,1.16906
2026-04-13 09:18:00,1.16906,1.16906,1.16872,1.16888
2026-04-13 09:21:00,1.16888,1.1691,1.16869,1.1691
2026-04-13 09:24:00,1.1691,1.1692,1.16895,1.16903
2026-04-13 09:27:00,1.16903,1.16909,1.1687400000000001,1.16886
2026-04-13 09:30:00,1.16886,1.16905,1.16875,1.16904
2026-04-13 09:33:00,1.16904,1.16905,1.16859,1.16878
2026-04-13 09:36:00,1.16878,1.1688,1.16822,1.16834
2026-04-13 09:39:00,1.16834,1.16842,1.16803,1.1681
2026-04-13 09:42:00,1.1681,1.16824,1.16772,1.1679
2026-04-13 09:45:00,1.1679,1.16801,1.16766,1.16799
2026-04-13 09:48:00,1.16799,1.16814,1.16775,1.16806
2026-04-13 09:51:00,1.16806,1.16821,1.16787,1.16811
2026-04-13 09:54:00,1.1681,1.16834,1.16797,1.16834
2026-04-13 09:57:00,1.16833,1.16861,1.16819,1.16854
2026-04-13 10:00:00,1.16855,1.1691799999999999,1.16855,1.16916
2026-04-13 10:03:00,1.16917,1.1691799999999999,1.16872,1.16879
2026-04-13 10:06:00,1.16879,1.16896,1.16871,1.16883
2026-04-13 10:09:00,1.16883,1.16901,1.1685699999999999,1.16901
2026-04-13 10:12:00,1.16901,1.16901,1.16876,1.16881
2026-04-13 10:15:00,1.16881,1.16892,1.16871,1.1689
2026-04-13 10:18:00,1.16891,1.16897,1.1688,1.16896
2026-04-13 10:21:00,1.16896,1.16931,1.1689,1.16916
2026-04-13 10:24:00,1.16916,1.16925,1.16899,1.16917
2026-04-13 10:27:00,1.16917,1.16967,1.16912,1.16964
2026-04-13 10:30:00,1.16964,1.16995,1.1696,1.16991
2026-04-13 10:33:00,1.16991,1.17001,1.16974,1.16991
2026-04-13 10:36:00,1.16991,1.16993,1.16963,1.16975
2026-04-13 10:39:00,1.16975,1.16982,1.16948,1.16967
2026-04-13 10:42:00,1.16967,1.16982,1.16946,1.16956
2026-04-13 10:45:00,1.16956,1.16971,1.16933,1.16944
2026-04-13 10:48:00,1.16944,1.16951,1.16926,1.16951
2026-04-13 10:51:00,1.16951,1.16957,1.16932,1.16947
2026-04-13 10:54:00,1.16947,1.16977,1.16943,1.16977
2026-04-13 10:57:00,1.16977,1.16983,1.16955,1.16968
2026-04-13 11:00:00,1.16968,1.1697,1.16943,1.16966
2026-04-13 11:03:00,1.16967,1.16971,1.1692,1.16923
2026-04-13 11:06:00,1.16921,1.1694499999999999,1.16898,1.16944
2026-04-13 11:09:00,1.1694499999999999,1.16946,1.1692,1.16936
2026-04-13 11:12:00,1.16936,1.16938,1.16916,1.16916
2026-04-13 11:15:00,1.16916,1.16927,1.16896,1.16921
2026-04-13 11:18:00,1.16919,1.1693,1.16911,1.1692
2026-04-13 11:21:00,1.1692,1.16939,1.16911,1.16927
2026-04-13 11:24:00,1.16928,1.16936,1.16905,1.1691799999999999
2026-04-13 11:27:00,1.1691799999999999,1.16922,1.16898,1.16912
2026-04-13 11:30:00,1.16915,1.1693,1.1691,1.16914
2026-04-13 11:33:00,1.16914,1.16921,1.16898,1.1692
2026-04-13 11:36:00,1.1692,1.16923,1.16897,1.16901
2026-04-13 11:39:00,1.16902,1.16902,1.16862,1.16873
2026-04-13 11:42:00,1.16873,1.16878,1.1685,1.16868
2026-04-13 11:45:00,1.16868,1.16878,1.16855,1.1687
2026-04-13 11:48:00,1.1687,1.16872,1.16833,1.16846
2026-04-13 11:51:00,1.16846,1.16858,1.16826,1.1685
2026-04-13 11:54:00,1.16851,1.16856,1.1683,1.16846
2026-04-13 11:57:00,1.16846,1.16863,1.16833,1.1686
2026-04-13 12:00:00,1.1686,1.16899,1.16853,1.16881
2026-04-13 12:03:00,1.16881,1.16885,1.16864,1.1687400000000001
2026-04-13 12:06:00,1.16875,1.16876,1.1685699999999999,1.16859
2026-04-13 12:09:00,1.16859,1.16861,1.16835,1.16837
2026-04-13 12:12:00,1.16837,1.1684700000000001,1.16834,1.16843
2026-04-13 12:15:00,1.16843,1.16872,1.16831,1.16868
2026-04-13 12:18:00,1.16868,1.1688399999999999,1.16867,1.1688
2026-04-13 12:21:00,1.1688,1.16885,1.16855,1.16867
2026-04-13 12:24:00,1.16867,1.16867,1.16837,1.16841
2026-04-13 12:27:00,1.16841,1.16879,1.16833,1.16876
2026-04-13 12:30:00,1.16877,1.16903,1.16872,1.16895
2026-04-13 12:33:00,1.16895,1.16923,1.16885,1.16912
2026-04-13 12:36:00,1.16912,1.16923,1.16887,1.16904
2026-04-13 12:39:00,1.16904,1.16905,1.1688,1.16891
2026-04-13 12:42:00,1.16891,1.16891,1.16871,1.16881
2026-04-13 12:45:00,1.1688,1.16885,1.16867,1.16876
2026-04-13 12:48:00,1.16876,1.16882,1.16856,1.16866
2026-04-13 12:51:00,1.16865,1.16871,1.16859,1.16866
2026-04-13 12:54:00,1.16866,1.1689,1.16861,1.16876
2026-04-13 12:57:00,1.16876,1.1688,1.16851,1.16862
2026-04-13 13:00:00,1.16862,1.16878,1.16841,1.16867
2026-04-13 13:03:00,1.16867,1.16871,1.16828,1.16845
2026-04-13 13:06:00,1.16846,1.16861,1.16843,1.16855
2026-04-13 13:09:00,1.16855,1.16866,1.16846,1.16865
2026-04-13 13:12:00,1.16865,1.16865,1.16839,1.16856
2026-04-13 13:15:00,1.16856,1.16858,1.16829,1.16844
2026-04-13 13:18:00,1.16844,1.16852,1.1683,1.16852
2026-04-13 13:21:00,1.16852,1.16856,1.16819,1.16826
2026-04-13 13:24:00,1.16826,1.1685699999999999,1.16825,1.16856
2026-04-13 13:27:00,1.16856,1.1686,1.16838,1.16856
2026-04-13 13:30:00,1.16856,1.16861,1.16844,1.16844
2026-04-13 13:33:00,1.16844,1.16871,1.16835,1.1686
2026-04-13 13:36:00,1.1686,1.1688399999999999,1.16858,1.16881
2026-04-13 13:39:00,1.16881,1.16887,1.16868,1.16879
2026-04-13 13:42:00,1.16879,1.16888,1.1687,1.1688
2026-04-13 13:45:00,1.1688,1.16922,1.1688,1.1691
2026-04-13 13:48:00,1.1691,1.16922,1.16903,1.16921
2026-04-13 13:51:00,1.16921,1.16947,1.1691799999999999,1.16942
2026-04-13 13:54:00,1.16942,1.1695,1.16929,1.16929
2026-04-13 13:57:00,1.16929,1.16938,1.16917,1.1693500000000001
2026-04-13 14:00:00,1.1693500000000001,1.16986,1.1693500000000001,1.16958
2026-04-13 14:03:00,1.16958,1.16991,1.16947,1.16989
2026-04-13 14:06:00,1.1699,1.16992,1.16974,1.16987
2026-04-13 14:09:00,1.16987,1.16996,1.16973,1.16973
2026-04-13 14:12:00,1.16973,1.16986,1.16964,1.16981
2026-04-13 14:15:00,1.16978,1.16988,1.16976,1.16981
2026-04-13 14:18:00,1.16981,1.16989,1.16971,1.16984
2026-04-13 14:21:00,1.16984,1.16988,1.16967,1.16983
2026-04-13 14:24:00,1.16983,1.16985,1.16956,1.16974
2026-04-13 14:27:00,1.16974,1.16976,1.16951,1.16974
2026-04-13 14:30:00,1.16974,1.16983,1.16962,1.16972
2026-04-13 14:33:00,1.16971,1.1697899999999999,1.16964,1.16967
2026-04-13 14:36:00,1.16967,1.16967,1.16898,1.16919
2026-04-13 14:39:00,1.16919,1.16927,1.16896,1.16913
2026-04-13 14:42:00,1.16913,1.16934,1.16907,1.16925
2026-04-13 14:45:00,1.16925,1.16932,1.16895,1.16905
2026-04-13 14:48:00,1.16905,1.1692,1.16888,1.16888
2026-04-13 14:51:00,1.16888,1.16905,1.16875,1.16885
2026-04-13 14:54:00,1.16885,1.16886,1.16835,1.1685
2026-04-13 14:57:00,1.16849,1.16855,1.16803,1.16814
2026-04-13 15:00:00,1.16814,1.1688,1.16806,1.1685
2026-04-13 15:03:00,1.1685,1.16856,1.1681300000000001,1.16819
2026-04-13 15:06:00,1.16819,1.16846,1.16801,1.1684
2026-04-13 15:09:00,1.1684,1.16868,1.16821,1.16868
2026-04-13 15:12:00,1.16868,1.16873,1.16854,1.16867
2026-04-13 15:15:00,1.16868,1.16875,1.16846,1.1686
2026-04-13 15:18:00,1.1686,1.16876,1.16844,1.16844
2026-04-13 15:21:00,1.16855,1.16867,1.16846,1.16852
2026-04-13 15:24:00,1.16852,1.16873,1.16833,1.16867
2026-04-13 15:27:00,1.16866,1.16873,1.16848,1.16855
2026-04-13 15:30:00,1.16855,1.16862,1.16843,1.16856
2026-04-13 15:33:00,1.16856,1.16898,1.16849,1.16883
2026-04-13 15:36:00,1.16883,1.1688399999999999,1.16841,1.16861
2026-04-13 15:39:00,1.16861,1.16873,1.1685,1.16871
2026-04-13 15:42:00,1.1687,1.16901,1.16867,1.16898
2026-04-13 15:45:00,1.16898,1.1695,1.16893,1.16937
2026-04-13 15:48:00,1.16936,1.16951,1.1692,1.16941
2026-04-13 15:51:00,1.16941,1.16987,1.1694,1.16983
2026-04-13 15:54:00,1.16982,1.1699,1.16965,1.16971
2026-04-13 15:57:00,1.16971,1.16987,1.16966,1.16984
2026-04-13 16:00:00,1.16985,1.16994,1.16953,1.16975
2026-04-13 16:03:00,1.16975,1.16991,1.16962,1.16983
2026-04-13 16:06:00,1.16983,1.1699,1.16967,1.1696900000000001
2026-04-13 16:09:00,1.1696900000000001,1.16992,1.16956,1.16982
2026-04-13 16:12:00,1.16982,1.16992,1.16964,1.16984
2026-04-13 16:15:00,1.16984,1.16998,1.16959,1.16981
2026-04-13 16:18:00,1.16981,1.1700599999999999,1.16973,1.1700599999999999
2026-04-13 16:21:00,1.1700599999999999,1.17013,1.16971,1.16977
2026-04-13 16:24:00,1.16981,1.16997,1.16961,1.1696900000000001
2026-04-13 16:27:00,1.1696900000000001,1.16991,1.16958,1.16985
2026-04-13 16:30:00,1.16985,1.17005,1.16974,1.16986
2026-04-13 16:33:00,1.16986,1.16999,1.16967,1.16985
2026-04-13 16:36:00,1.16985,1.17,1.16971,1.16989
2026-04-13 16:39:00,1.16989,1.16996,1.1698,1.16991
2026-04-13 16:42:00,1.16991,1.17043,1.16981,1.17004
2026-04-13 16:45:00,1.17004,1.17014,1.16989,1.16992
2026-04-13 16:48:00,1.16992,1.17122,1.16987,1.17106
2026-04-13 16:51:00,1.17104,1.1712,1.17033,1.17052
2026-04-13 16:54:00,1.17052,1.17078,1.17049,1.17049
2026-04-13 16:57:00,1.17049,1.17059,1.17016,1.17049
2026-04-13 17:00:00,1.17049,1.17074,1.17029,1.17038
2026-04-13 17:03:00,1.17037,1.1705,1.17002,1.17018
2026-04-13 17:06:00,1.17017,1.17031,1.16994,1.17023
2026-04-13 17:09:00,1.17023,1.17068,1.17012,1.17064
2026-04-13 17:12:00,1.17064,1.17085,1.17052,1.17074
2026-04-13 17:15:00,1.17074,1.17086,1.17048,1.17058
2026-04-13 17:18:00,1.17058,1.17089,1.17041,1.17079
2026-04-13 17:21:00,1.17075,1.1710099999999999,1.17004,1.17062
2026-04-13 17:24:00,1.17062,1.17103,1.17055,1.17096
2026-04-13 17:27:00,1.17096,1.17133,1.17093,1.1713
2026-04-13 17:30:00,1.1713,1.17138,1.17103,1.17115
2026-04-13 17:33:00,1.17115,1.17155,1.17115,1.1714
2026-04-13 17:36:00,1.1714,1.17153,1.17126,1.17144
2026-04-13 17:39:00,1.17144,1.1717,1.17126,1.17158
2026-04-13 17:42:00,1.17158,1.17184,1.1715,1.17179
2026-04-13 17:45:00,1.17179,1.17206,1.17163,1.17183
2026-04-13 17:48:00,1.17183,1.17187,1.17109,1.17113
2026-04-13 17:51:00,1.17114,1.17142,1.17105,1.17132
2026-04-13 17:54:00,1.17134,1.17149,1.17124,1.17132
2026-04-13 17:57:00,1.17132,1.17144,1.17088,1.1710099999999999
2026-04-13 18:00:00,1.1710099999999999,1.17117,1.17062,1.17088
2026-04-13 18:03:00,1.17088,1.17094,1.17055,1.17058
2026-04-13 18:06:00,1.17058,1.1710099999999999,1.17045,1.17058
2026-04-13 18:09:00,1.17058,1.1706,1.17039,1.17058
2026-04-13 18:12:00,1.17057,1.17078,1.17046,1.17077
2026-04-13 18:15:00,1.17082,1.1709100000000001,1.1706,1.17078
2026-04-13 18:18:00,1.17078,1.17078,1.17036,1.17054
2026-04-13 18:21:00,1.17054,1.17064,1.1703999999999999,1.17062
2026-04-13 18:24:00,1.17062,1.17074,1.1703999999999999,1.17054
2026-04-13 18:27:00,1.17054,1.1706699999999999,1.1703999999999999,1.17055
2026-04-13 18:30:00,1.17052,1.17053,1.17014,1.17032
2026-04-13 18:33:00,1.17032,1.17066,1.17032,1.17065
2026-04-13 18:36:00,1.17065,1.17124,1.17054,1.17094
2026-04-13 18:39:00,1.17094,1.17105,1.17085,1.171
2026-04-13 18:42:00,1.1710099999999999,1.17111,1.17081,1.17094
2026-04-13 18:45:00,1.17089,1.17113,1.17083,1.17111
2026-04-13 18:48:00,1.17111,1.17119,1.17099,1.1711
2026-04-13 18:51:00,1.1711,1.17115,1.17085,1.17089
2026-04-13 18:54:00,1.17089,1.17097,1.17077,1.17092
2026-04-13 18:57:00,1.17092,1.17096,1.17076,1.17095
2026-04-13 19:00:00,1.17095,1.17108,1.17068,1.17069
2026-04-13 19:03:00,1.17069,1.17086,1.17064,1.17079
2026-04-13 19:06:00,1.17079,1.17163,1.17073,1.17086
2026-04-13 19:09:00,1.17086,1.17122,1.17084,1.17114
2026-04-13 19:12:00,1.17114,1.1712,1.17078,1.17103
2026-04-13 19:15:00,1.17103,1.17114,1.17088,1.17108
2026-04-13 19:18:00,1.17108,1.17141,1.17082,1.17095
2026-04-13 19:21:00,1.17095,1.17097,1.17081,1.17087
2026-04-13 19:24:00,1.17087,1.17108,1.17082,1.17095
2026-04-13 19:27:00,1.17095,1.17143,1.17092,1.17132
2026-04-13 19:30:00,1.17132,1.17169,1.17121,1.17141
2026-04-13 19:33:00,1.17138,1.17227,1.17138,1.17203
2026-04-13 19:36:00,1.17203,1.17203,1.17167,1.17167
2026-04-13 19:39:00,1.17168,1.17249,1.1716199999999999,1.17205
2026-04-13 19:42:00,1.17205,1.17263,1.17176,1.1726
2026-04-13 19:45:00,1.1726,1.17315,1.17252,1.1728
2026-04-13 19:48:00,1.17281,1.17288,1.17248,1.1728399999999999
2026-04-13 19:51:00,1.1728399999999999,1.17302,1.17246,1.17249
2026-04-13 19:54:00,1.17249,1.17262,1.17235,1.17254
2026-04-13 19:57:00,1.17254,1.17258,1.17239,1.1724999999999999
2026-04-13 20:00:00,1.1724999999999999,1.17269,1.17244,1.17266
2026-04-13 20:03:00,1.17268,1.17281,1.17259,1.17271
2026-04-13 20:06:00,1.17271,1.17273,1.17248,1.1727
2026-04-13 20:09:00,1.1727,1.1730800000000001,1.17259,1.17303
2026-04-13 20:12:00,1.17303,1.1732,1.17293,1.17318
2026-04-13 20:15:00,1.17319,1.17333,1.17314,1.17332
2026-04-13 20:18:00,1.17332,1.17377,1.17317,1.17339
2026-04-13 20:21:00,1.17339,1.17363,1.17333,1.17361
2026-04-13 20:24:00,1.17361,1.1736900000000001,1.17343,1.17363
2026-04-13 20:27:00,1.17363,1.17373,1.17356,1.1737
2026-04-13 20:30:00,1.1737,1.17377,1.17355,1.1737
2026-04-13 20:33:00,1.1737,1.17373,1.17337,1.17343
2026-04-13 20:36:00,1.17343,1.17366,1.17334,1.17357
2026-04-13 20:39:00,1.17357,1.17376,1.17344,1.17353
2026-04-13 20:42:00,1.17353,1.17366,1.17342,1.17352
2026-04-13 20:45:00,1.17352,1.17357,1.17328,1.17342
2026-04-13 20:48:00,1.17342,1.17354,1.17332,1.17338
2026-04-13 20:51:00,1.17338,1.17354,1.17325,1.17338
2026-04-13 20:54:00,1.17338,1.17348,1.17323,1.17336
2026-04-13 20:57:00,1.17336,1.17344,1.17319,1.17334
2026-04-13 21:00:00,1.17334,1.17363,1.17334,1.17363
2026-04-13 21:03:00,1.17363,1.17373,1.17353,1.17366
2026-04-13 21:06:00,1.17366,1.17372,1.17352,1.17366
2026-04-13 21:09:00,1.17366,1.17379,1.17343,1.17374
2026-04-13 21:12:00,1.17374,1.17384,1.17357,1.17368
2026-04-13 21:15:00,1.1736900000000001,1.17378,1.17358,1.17366
2026-04-13 21:18:00,1.17366,1.17374,1.17354,1.17366
2026-04-13 21:21:00,1.17366,1.17368,1.17353,1.17358
2026-04-13 21:24:00,1.17358,1.17372,1.17354,1.17356
2026-04-13 21:27:00,1.17356,1.17373,1.17346,1.1737
2026-04-13 21:30:00,1.1737,1.17477,1.17365,1.17468
2026-04-13 21:33:00,1.1746699999999999,1.17494,1.1746,1.1747
2026-04-13 21:36:00,1.1747,1.17504,1.17463,1.17502
2026-04-13 21:39:00,1.17504,1.17504,1.17481,1.17489
2026-04-13 21:42:00,1.17489,1.17505,1.17476,1.175
2026-04-13 21:45:00,1.175,1.17527,1.17488,1.17524
2026-04-13 21:48:00,1.17524,1.17558,1.17521,1.17549
2026-04-13 21:51:00,1.17549,1.1758,1.17533,1.17574
2026-04-13 21:54:00,1.17574,1.17599,1.1756199999999999,1.17583
2026-04-13 21:57:00,1.17583,1.17654,1.17574,1.17643
2026-04-13 22:00:00,1.17643,1.17649,1.17588,1.1758899999999999
2026-04-13 22:03:00,1.1758899999999999,1.17592,1.17557,1.1757900000000001
2026-04-13 22:06:00,1.1757900000000001,1.1758,1.17537,1.17548
2026-04-13 22:09:00,1.17548,1.17574,1.17536,1.17574
2026-04-13 22:12:00,1.17574,1.17586,1.17559,1.17571
2026-04-13 22:15:00,1.17571,1.17583,1.17566,1.17578
2026-04-13 22:18:00,1.17578,1.17584,1.17559,1.17565
2026-04-13 22:21:00,1.17564,1.17585,1.17564,1.17582
2026-04-13 22:24:00,1.17582,1.17601,1.17571,1.17598
2026-04-13 22:27:00,1.17601,1.17612,1.17592,1.17605
2026-04-13 22:30:00,1.17605,1.17615,1.17596,1.17607
2026-04-13 22:33:00,1.17607,1.17607,1.17586,1.176
2026-04-13 22:36:00,1.176,1.17611,1.1759,1.17593
2026-04-13 22:39:00,1.17593,1.17609,1.17584,1.17588
2026-04-13 22:42:00,1.17588,1.17598,1.17572,1.17596
2026-04-13 22:45:00,1.17595,1.17595,1.17569,1.1758899999999999
2026-04-13 22:48:00,1.1758899999999999,1.17618,1.17584,1.17614
2026-04-13 22:51:00,1.17614,1.17625,1.17603,1.17615
2026-04-13 22:54:00,1.17615,1.17615,1.176,1.17605
2026-04-13 22:57:00,1.17605,1.17615,1.17595,1.17601
2026-04-13 23:00:00,1.176,1.17615,1.17598,1.17612
2026-04-13 23:03:00,1.17612,1.17626,1.17607,1.17608
2026-04-13 23:06:00,1.17608,1.17626,1.17608,1.17618
2026-04-13 23:09:00,1.17618,1.17629,1.1761300000000001,1.17622
2026-04-13 23:12:00,1.17622,1.1762299999999999,1.17604,1.17611
2026-04-13 23:15:00,1.17611,1.1762,1.17604,1.17618
2026-04-13 23:18:00,1.17618,1.17625,1.17604,1.17619
2026-04-13 23:21:00,1.17619,1.1762,1.17583,1.17594
2026-04-13 23:24:00,1.17603,1.17607,1.17583,1.17588
2026-04-13 23:27:00,1.1759,1.17597,1.17571,1.17593
2026-04-13 23:30:00,1.17594,1.17595,1.17583,1.1758899999999999
2026-04-13 23:33:00,1.1758899999999999,1.17595,1.17587,1.1759
2026-04-13 23:36:00,1.1759,1.17596,1.17588,1.17596
2026-04-13 23:39:00,1.17597,1.17599,1.17592,1.17593
2026-04-13 23:42:00,1.17593,1.17603,1.17591,1.17594
2026-04-13 23:45:00,1.17594,1.17594,1.17578,1.17593
2026-04-13 23:48:00,1.17592,1.17595,1.17572,1.17573
2026-04-13 23:51:00,1.17573,1.17585,1.17564,1.17585
2026-04-13 23:54:00,1.17585,1.1759,1.1758,1.17586
2026-04-13 23:57:00,1.17586,1.17596,1.1757900000000001,1.17585
2026-04-14 00:00:00,1.17572,1.17572,1.17531,1.17555
2026-04-14 00:03:00,1.17555,1.17571,1.17548,1.17565
2026-04-14 00:06:00,1.17564,1.17568,1.17539,1.17561
2026-04-14 00:09:00,1.17561,1.17566,1.17544,1.17548
2026-04-14 00:12:00,1.17548,1.1756199999999999,1.17532,1.17545
2026-04-14 00:15:00,1.17545,1.17557,1.17536,1.17546
2026-04-14 00:18:00,1.17546,1.17567,1.17539,1.17567
2026-04-14 00:21:00,1.17567,1.1758899999999999,1.17565,1.17577
2026-04-14 00:24:00,1.17577,1.1758899999999999,1.17573,1.17582
2026-04-14 00:27:00,1.17582,1.17584,1.17563,1.17567
2026-04-14 00:30:00,1.17591,1.17591,1.1757,1.17576
2026-04-14 00:33:00,1.17576,1.17586,1.17569,1.17583
2026-04-14 00:36:00,1.17583,1.17585,1.17555,1.17574
2026-04-14 00:39:00,1.17574,1.17576,1.17553,1.17566
2026-04-14 00:42:00,1.17566,1.17571,1.17555,1.17566
2026-04-14 00:45:00,1.17554,1.1757900000000001,1.17554,1.17576
2026-04-14 00:48:00,1.17575,1.17577,1.17567,1.1757
2026-04-14 00:51:00,1.1757,1.17577,1.17534,1.17568
2026-04-14 00:54:00,1.17568,1.17575,1.17545,1.17545
2026-04-14 00:57:00,1.17545,1.17572,1.17541,1.17565
2026-04-14 01:00:00,1.17565,1.17649,1.1756,1.17638
2026-04-14 01:03:00,1.17638,1.17638,1.17614,1.17622
2026-04-14 01:06:00,1.17622,1.17636,1.1761300000000001,1.17621
2026-04-14 01:09:00,1.17621,1.17633,1.17615,1.17622
2026-04-14 01:12:00,1.17622,1.17626,1.1761300000000001,1.17616
2026-04-14 01:15:00,1.17616,1.17617,1.17593,1.17599
2026-04-14 01:18:00,1.17599,1.176,1.17585,1.17599
2026-04-14 01:21:00,1.17599,1.17605,1.17595,1.17604
2026-04-14 01:24:00,1.17603,1.17615,1.17585,1.17605
2026-04-14 01:27:00,1.17605,1.17605,1.17595,1.17603
2026-04-14 01:30:00,1.17603,1.1761300000000001,1.17599,1.17603
2026-04-14 01:33:00,1.17603,1.17606,1.17599,1.176
2026-04-14 01:36:00,1.176,1.17604,1.1759,1.17592
2026-04-14 01:39:00,1.17592,1.17598,1.17585,1.17593
2026-04-14 01:42:00,1.17593,1.17601,1.17593,1.17601
2026-04-14 01:45:00,1.17602,1.17605,1.17584,1.17602
2026-04-14 01:48:00,1.17602,1.17609,1.17594,1.17603
2026-04-14 01:51:00,1.17598,1.1761,1.17592,1.17608
2026-04-14 01:54:00,1.17608,1.17611,1.17601,1.17607
2026-04-14 01:57:00,1.17607,1.17616,1.17599,1.17614
2026-04-14 02:00:00,1.17614,1.17615,1.17607,1.17609
2026-04-14 02:03:00,1.17609,1.17637,1.17597,1.1763
2026-04-14 02:06:00,1.1763,1.17633,1.17627,1.1763
2026-04-14 02:09:00,1.1763,1.17646,1.17628,1.17645
2026-04-14 02:12:00,1.17645,1.17645,1.1763,1.1763
2026-04-14 02:15:00,1.1763,1.1764000000000001,1.17622,1.17636
2026-04-14 02:18:00,1.17636,1.17655,1.17631,1.17653
2026-04-14 02:21:00,1.17653,1.17654,1.17641,1.17651
2026-04-14 02:24:00,1.17651,1.17652,1.17644,1.17647
2026-04-14 02:27:00,1.17647,1.1764999999999999,1.1764000000000001,1.17647
2026-04-14 02:30:00,1.17647,1.17652,1.17644,1.17649
2026-04-14 02:33:00,1.17652,1.17652,1.17642,1.17647
2026-04-14 02:36:00,1.17647,1.17653,1.17643,1.17647
2026-04-14 02:39:00,1.17647,1.17653,1.17645,1.17649
2026-04-14 02:42:00,1.1764999999999999,1.17656,1.17644,1.17646
2026-04-14 02:45:00,1.17646,1.17661,1.17641,1.17656
2026-04-14 02:48:00,1.17656,1.17656,1.17634,1.17644
2026-04-14 02:51:00,1.17642,1.17661,1.17642,1.17656
2026-04-14 02:54:00,1.17656,1.17667,1.1764999999999999,1.17663
2026-04-14 02:57:00,1.17663,1.17666,1.17658,1.17664
2026-04-14 03:00:00,1.17667,1.1767,1.17629,1.17633
2026-04-14 03:03:00,1.17633,1.17637,1.17611,1.1762
2026-04-14 03:06:00,1.17621,1.17634,1.17605,1.17612
2026-04-14 03:09:00,1.17612,1.17633,1.1761,1.17628
2026-04-14 03:12:00,1.17628,1.1764000000000001,1.17619,1.17636
2026-04-14 03:15:00,1.17636,1.17668,1.17636,1.1766
2026-04-14 03:18:00,1.1766,1.17667,1.17652,1.17667
2026-04-14 03:21:00,1.17667,1.17679,1.1766,1.17663
2026-04-14 03:24:00,1.17663,1.17666,1.17644,1.17647
2026-04-14 03:27:00,1.17647,1.17656,1.17639,1.17651
2026-04-14 03:30:00,1.17652,1.17671,1.17648,1.17648
2026-04-14 03:33:00,1.17648,1.17654,1.17638,1.17643
2026-04-14 03:36:00,1.17643,1.17645,1.17634,1.17641
2026-04-14 03:39:00,1.17641,1.17648,1.17627,1.17644
2026-04-14 03:42:00,1.17644,1.17654,1.17638,1.17645
2026-04-14 03:45:00,1.17648,1.17653,1.17626,1.17629
2026-04-14 03:48:00,1.17629,1.17647,1.17628,1.17645
2026-04-14 03:51:00,1.17645,1.17649,1.17633,1.17646
2026-04-14 03:54:00,1.17646,1.17659,1.17634,1.17644
2026-04-14 03:57:00,1.17644,1.17664,1.17644,1.17663
2026-04-14 04:00:00,1.17663,1.17663,1.17636,1.17651
2026-04-14 04:03:00,1.17651,1.17678,1.17634,1.1767400000000001
2026-04-14 04:06:00,1.1767400000000001,1.17677,1.17663,1.17667
2026-04-14 04:09:00,1.17667,1.17669,1.17654,1.17658
2026-04-14 04:12:00,1.17658,1.1766,1.17646,1.17654
2026-04-14 04:15:00,1.17654,1.17655,1.17632,1.17636
2026-04-14 04:18:00,1.17636,1.17643,1.17622,1.17629
2026-04-14 04:21:00,1.17629,1.17638,1.17622,1.17636
2026-04-14 04:24:00,1.17636,1.17647,1.17615,1.17643
2026-04-14 04:27:00,1.17643,1.17648,1.17632,1.17644
2026-04-14 04:30:00,1.17644,1.17645,1.1763,1.17639
2026-04-14 04:33:00,1.17639,1.17639,1.1763,1.17637
2026-04-14 04:36:00,1.17637,1.17638,1.17619,1.17626
2026-04-14 04:39:00,1.17626,1.17655,1.17626,1.17639
2026-04-14 04:42:00,1.17639,1.17641,1.1762299999999999,1.17638
2026-04-14 04:45:00,1.17638,1.17638,1.1762299999999999,1.17626
2026-04-14 04:48:00,1.17626,1.17628,1.17618,1.17626
2026-04-14 04:51:00,1.17626,1.17633,1.17612,1.17615
2026-04-14 04:54:00,1.17615,1.17618,1.17611,1.17612
2026-04-14 04:57:00,1.17612,1.17616,1.1759,1.17599
2026-04-14 05:00:00,1.17599,1.17612,1.1759,1.17611
2026-04-14 05:03:00,1.17611,1.17615,1.17602,1.17612
2026-04-14 05:06:00,1.17611,1.17619,1.17606,1.1761300000000001
2026-04-14 05:09:00,1.1761300000000001,1.17622,1.17603,1.17615
2026-04-14 05:12:00,1.17615,1.17615,1.17582,1.17594
2026-04-14 05:15:00,1.17595,1.17598,1.17591,1.17593
2026-04-14 05:18:00,1.17593,1.17595,1.1758,1.17587
2026-04-14 05:21:00,1.17587,1.17587,1.17569,1.17577
2026-04-14 05:24:00,1.1757900000000001,1.17585,1.1757,1.17583
2026-04-14 05:27:00,1.17583,1.17586,1.17573,1.17581
2026-04-14 05:30:00,1.17581,1.17581,1.17561,1.17563
2026-04-14 05:33:00,1.17563,1.17572,1.17559,1.17566
2026-04-14 05:36:00,1.17566,1.17583,1.17566,1.17578
2026-04-14 05:39:00,1.17578,1.17603,1.17577,1.176
2026-04-14 05:42:00,1.176,1.176,1.17592,1.17597
2026-04-14 05:45:00,1.17597,1.17604,1.17593,1.17595
2026-04-14 05:48:00,1.17596,1.176,1.17587,1.1758899999999999
2026-04-14 05:51:00,1.1758899999999999,1.17599,1.17587,1.17591
2026-04-14 05:54:00,1.17591,1.17592,1.17577,1.17586
2026-04-14 05:57:00,1.17586,1.17608,1.17586,1.17607
2026-04-14 06:00:00,1.17607,1.17611,1.17593,1.17606
2026-04-14 06:03:00,1.17606,1.17606,1.17598,1.17602
2026-04-14 06:06:00,1.17602,1.17603,1.17588,1.17593
2026-04-14 06:09:00,1.17593,1.17597,1.17578,1.17596
2026-04-14 06:12:00,1.17596,1.17597,1.17584,1.1759
2026-04-14 06:15:00,1.1759,1.17611,1.1758899999999999,1.17599
2026-04-14 06:18:00,1.17599,1.17606,1.17597,1.17597
2026-04-14 06:21:00,1.17597,1.17615,1.17596,1.17602
2026-04-14 06:24:00,1.17602,1.17606,1.17601,1.17601
2026-04-14 06:27:00,1.17601,1.17604,1.17591,1.176
2026-04-14 06:30:00,1.176,1.17616,1.176,1.17611
2026-04-14 06:33:00,1.17611,1.17624,1.17603,1.1761300000000001
2026-04-14 06:36:00,1.1761300000000001,1.17628,1.17609,1.17624
2026-04-14 06:39:00,1.17624,1.17653,1.17618,1.17652
2026-04-14 06:42:00,1.17652,1.17653,1.17636,1.17636
2026-04-14 06:45:00,1.17636,1.17655,1.17636,1.17651
2026-04-14 06:48:00,1.17651,1.17658,1.17641,1.17657
2026-04-14 06:51:00,1.17657,1.17675,1.17657,1.1767
2026-04-14 06:54:00,1.1767,1.17681,1.17663,1.17677
2026-04-14 06:57:00,1.17677,1.17678,1.17667,1.17668
2026-04-14 07:00:00,1.17668,1.1767,1.17653,1.17656
2026-04-14 07:03:00,1.17656,1.17668,1.17651,1.17661
2026-04-14 07:06:00,1.17663,1.17668,1.17656,1.17657
2026-04-14 07:09:00,1.17657,1.17665,1.17647,1.17658
2026-04-14 07:12:00,1.17658,1.1766,1.17646,1.17649
2026-04-14 07:15:00,1.17649,1.17668,1.17642,1.17665
2026-04-14 07:18:00,1.17665,1.17676,1.17662,1.17675
2026-04-14 07:21:00,1.17675,1.1768,1.17667,1.17672
2026-04-14 07:24:00,1.17673,1.1768,1.17668,1.17673
2026-04-14 07:27:00,1.17673,1.17691,1.1767,1.17678
2026-04-14 07:30:00,1.17678,1.17682,1.17667,1.17675
2026-04-14 07:33:00,1.17675,1.17682,1.17668,1.17677
2026-04-14 07:36:00,1.17677,1.17677,1.17662,1.17668
2026-04-14 07:39:00,1.17668,1.17671,1.17662,1.17671
2026-04-14 07:42:00,1.17671,1.17673,1.17661,1.17672
2026-04-14 07:45:00,1.17672,1.17687,1.17671,1.17686
2026-04-14 07:48:00,1.17681,1.1768399999999999,1.17672,1.17675
2026-04-14 07:51:00,1.17675,1.17698,1.17673,1.17694
2026-04-14 07:54:00,1.17694,1.17697,1.17681,1.17688
2026-04-14 07:57:00,1.17683,1.17689,1.17658,1.17663
2026-04-14 08:00:00,1.17663,1.17694,1.17661,1.17692
2026-04-14 08:03:00,1.17692,1.17696,1.1767400000000001,1.17689
2026-04-14 08:06:00,1.17689,1.17694,1.17675,1.17689
2026-04-14 08:09:00,1.17689,1.17689,1.17646,1.17646
2026-04-14 08:12:00,1.17646,1.17662,1.17636,1.17652
2026-04-14 08:15:00,1.17652,1.17658,1.17637,1.17638
2026-04-14 08:18:00,1.17638,1.17645,1.17628,1.17644
2026-04-14 08:21:00,1.17644,1.17646,1.17628,1.17641
2026-04-14 08:24:00,1.17641,1.17641,1.17601,1.17611
2026-04-14 08:27:00,1.17612,1.17616,1.17599,1.1761300000000001
2026-04-14 08:30:00,1.1761300000000001,1.17616,1.17594,1.17606
2026-04-14 08:33:00,1.17606,1.17612,1.17596,1.176
2026-04-14 08:36:00,1.176,1.17621,1.17595,1.17621
2026-04-14 08:39:00,1.17621,1.17646,1.17621,1.17641
2026-04-14 08:42:00,1.17641,1.17657,1.17626,1.17657
2026-04-14 08:45:00,1.17657,1.17657,1.17642,1.17656
2026-04-14 08:48:00,1.17656,1.17662,1.17633,1.17646
2026-04-14 08:51:00,1.17646,1.17647,1.17626,1.1763
2026-04-14 08:54:00,1.1763,1.17637,1.17619,1.17631
2026-04-14 08:57:00,1.17631,1.17645,1.17627,1.17641
2026-04-14 09:00:00,1.17641,1.17709,1.17641,1.17668
2026-04-14 09:03:00,1.17667,1.17668,1.17634,1.17646
2026-04-14 09:06:00,1.17646,1.17647,1.17627,1.1764000000000001
2026-04-14 09:09:00,1.1764000000000001,1.17642,1.17605,1.17626
2026-04-14 09:12:00,1.17627,1.17638,1.17609,1.17611
2026-04-14 09:15:00,1.17611,1.1762,1.17596,1.17603
2026-04-14 09:18:00,1.17603,1.17606,1.17581,1.17587
2026-04-14 09:21:00,1.17587,1.17598,1.1758,1.1759
2026-04-14 09:24:00,1.17591,1.17614,1.1757900000000001,1.17606
2026-04-14 09:27:00,1.17606,1.17638,1.17597,1.17626
2026-04-14 09:30:00,1.17626,1.17642,1.17622,1.17639
2026-04-14 09:33:00,1.17639,1.1766,1.1763,1.17658
2026-04-14 09:36:00,1.17658,1.17661,1.17627,1.17637
2026-04-14 09:39:00,1.17637,1.1766,1.17618,1.17658
2026-04-14 09:42:00,1.17658,1.17676,1.17645,1.17675
2026-04-14 09:45:00,1.17675,1.17727,1.1767,1.17715
2026-04-14 09:48:00,1.17715,1.17718,1.17685,1.17707
2026-04-14 09:51:00,1.17707,1.17748,1.17702,1.17748
2026-04-14 09:54:00,1.17748,1.17765,1.17722,1.17764
2026-04-14 09:57:00,1.17764,1.17782,1.17756,1.1778
2026-04-14 10:00:00,1.1778,1.17912,1.17774,1.17869
2026-04-14 10:03:00,1.17869,1.17937,1.1785,1.17935
2026-04-14 10:06:00,1.17935,1.17966,1.17905,1.1794
2026-04-14 10:09:00,1.1794,1.17943,1.17859,1.17862
2026-04-14 10:12:00,1.17862,1.17865,1.17829,1.17856
2026-04-14 10:15:00,1.17856,1.1786699999999999,1.1782,1.17822
2026-04-14 10:18:00,1.17822,1.17829,1.17791,1.17816
2026-04-14 10:21:00,1.17816,1.17834,1.17791,1.17809
2026-04-14 10:24:00,1.17809,1.17819,1.17793,1.1781
2026-04-14 10:27:00,1.1781,1.17835,1.17807,1.17831
2026-04-14 10:30:00,1.17831,1.17852,1.17814,1.17849
2026-04-14 10:33:00,1.17849,1.17892,1.17848,1.17866
2026-04-14 10:36:00,1.17866,1.17906,1.17861,1.17902
2026-04-14 10:39:00,1.17903,1.17922,1.1788,1.1789
2026-04-14 10:42:00,1.1789,1.1789,1.17851,1.17876
2026-04-14 10:45:00,1.17876,1.17913,1.17873,1.17884
2026-04-14 10:48:00,1.17884,1.17889,1.17849,1.1786
2026-04-14 10:51:00,1.1786,1.17873,1.17805,1.1781
2026-04-14 10:54:00,1.1781,1.17825,1.17791,1.17815
2026-04-14 10:57:00,1.17815,1.17823,1.1779600000000001,1.17799
2026-04-14 11:00:00,1.1779600000000001,1.17813,1.17788,1.17792
2026-04-14 11:03:00,1.17792,1.17803,1.17778,1.1778
2026-04-14 11:06:00,1.1778,1.17803,1.17778,1.17783
2026-04-14 11:09:00,1.17783,1.17794,1.17753,1.17775
2026-04-14 11:12:00,1.17775,1.17789,1.17761,1.17769
2026-04-14 11:15:00,1.1777,1.17781,1.17755,1.1776
2026-04-14 11:18:00,1.1776,1.17767,1.17749,1.17764
2026-04-14 11:21:00,1.17764,1.17775,1.17757,1.1776
2026-04-14 11:24:00,1.1776,1.17781,1.17753,1.17774
2026-04-14 11:27:00,1.17765,1.1779600000000001,1.17763,1.17791
2026-04-14 11:30:00,1.17791,1.17816,1.1777199999999999,1.17778
2026-04-14 11:33:00,1.17778,1.17788,1.17765,1.17785
2026-04-14 11:36:00,1.17785,1.1782,1.17774,1.1781
2026-04-14 11:39:00,1.1781,1.17827,1.1781,1.1782
2026-04-14 11:42:00,1.1782,1.17843,1.17802,1.17837
2026-04-14 11:45:00,1.17837,1.17838,1.17813,1.17829
2026-04-14 11:48:00,1.17829,1.1783,1.17816,1.1783
2026-04-14 11:51:00,1.1783,1.17838,1.17823,1.1783299999999999
2026-04-14 11:54:00,1.1783299999999999,1.17835,1.17807,1.17809
2026-04-14 11:57:00,1.17809,1.17829,1.17797,1.1782
2026-04-14 12:00:00,1.1782,1.17869,1.1782,1.17861
2026-04-14 12:03:00,1.17861,1.17889,1.17842,1.17876
2026-04-14 12:06:00,1.17876,1.17882,1.1785700000000001,1.17875
2026-04-14 12:09:00,1.17875,1.17898,1.17871,1.17896
2026-04-14 12:12:00,1.17895,1.17905,1.1787,1.17878
2026-04-14 12:15:00,1.17878,1.17888,1.17865,1.17888
2026-04-14 12:18:00,1.17888,1.1789,1.17875,1.17888
2026-04-14 12:21:00,1.17888,1.1789,1.17858,1.17871
2026-04-14 12:24:00,1.17872,1.17875,1.17863,1.17864
2026-04-14 12:27:00,1.17864,1.1786699999999999,1.17843,1.17843
2026-04-14 12:30:00,1.17844,1.17845,1.17815,1.17832
2026-04-14 12:33:00,1.17832,1.17854,1.17816,1.1785
2026-04-14 12:36:00,1.1785,1.17896,1.1785,1.17895
2026-04-14 12:39:00,1.17895,1.17924,1.17892,1.17914
2026-04-14 12:42:00,1.17914,1.17924,1.17886,1.17897
2026-04-14 12:45:00,1.17897,1.17897,1.17881,1.17887
2026-04-14 12:48:00,1.17887,1.17889,1.17855,1.17871
2026-04-14 12:51:00,1.17871,1.17887,1.17864,1.17878
2026-04-14 12:54:00,1.17878,1.17884,1.17871,1.17874
2026-04-14 12:57:00,1.17874,1.17887,1.17853,1.17886
2026-04-14 13:00:00,1.17886,1.17898,1.1787,1.17885
2026-04-14 13:03:00,1.17885,1.17908,1.17882,1.17908
2026-04-14 13:06:00,1.17908,1.17966,1.17904,1.17961
2026-04-14 13:09:00,1.17961,1.17976,1.17954,1.17973
2026-04-14 13:12:00,1.17973,1.17987,1.1797,1.1798
2026-04-14 13:15:00,1.1798,1.17981,1.17944,1.17949
2026-04-14 13:18:00,1.17949,1.17967,1.17939,1.1796
2026-04-14 13:21:00,1.1796,1.17965,1.17923,1.17932
2026-04-14 13:24:00,1.17933,1.17959,1.17923,1.1792799999999999
2026-04-14 13:27:00,1.1792799999999999,1.17943,1.17916,1.17926
2026-04-14 13:30:00,1.17926,1.17962,1.17907,1.17956
2026-04-14 13:33:00,1.17956,1.17962,1.17943,1.1795200000000001
2026-04-14 13:36:00,1.1795200000000001,1.17954,1.17925,1.17925
2026-04-14 13:39:00,1.17925,1.17942,1.17912,1.17919
2026-04-14 13:42:00,1.17925,1.17936,1.17915,1.17935
2026-04-14 13:45:00,1.17935,1.1796,1.1793,1.17956
2026-04-14 13:48:00,1.1795499999999999,1.17964,1.17947,1.17958
2026-04-14 13:51:00,1.17958,1.17965,1.17945,1.17962
2026-04-14 13:54:00,1.17961,1.17981,1.17951,1.17975
2026-04-14 13:57:00,1.17975,1.17976,1.17961,1.17965
2026-04-14 14:00:00,1.17965,1.17978,1.17946,1.17974
2026-04-14 14:03:00,1.17975,1.1797900000000001,1.1796,1.17971
2026-04-14 14:06:00,1.17971,1.18003,1.17966,1.17985
2026-04-14 14:09:00,1.17985,1.17994,1.17965,1.17987
2026-04-14 14:12:00,1.17987,1.18004,1.17982,1.17995
2026-04-14 14:15:00,1.17995,1.18005,1.1798,1.18004
2026-04-14 14:18:00,1.18004,1.1801599999999999,1.17986,1.18004
2026-04-14 14:21:00,1.18004,1.18005,1.17987,1.17994
2026-04-14 14:24:00,1.17994,1.18015,1.17986,1.17995
2026-04-14 14:27:00,1.17995,1.18018,1.17985,1.1801300000000001
2026-04-14 14:30:00,1.1801300000000001,1.18019,1.17949,1.1796
2026-04-14 14:33:00,1.1796,1.1797900000000001,1.17948,1.17973
2026-04-14 14:36:00,1.17973,1.17975,1.17954,1.1797
2026-04-14 14:39:00,1.1797,1.1801,1.17963,1.18006
2026-04-14 14:42:00,1.18006,1.1801,1.17977,1.1798899999999999
2026-04-14 14:45:00,1.1798899999999999,1.18011,1.1797900000000001,1.18004
2026-04-14 14:48:00,1.18004,1.18024,1.17998,1.18003
2026-04-14 14:51:00,1.18004,1.18009,1.17983,1.17993
2026-04-14 14:54:00,1.17993,1.18,1.17957,1.17967
2026-04-14 14:57:00,1.17966,1.18061,1.17953,1.17994
2026-04-14 15:00:00,1.17994,1.18004,1.17919,1.17933
2026-04-14 15:03:00,1.17933,1.17942,1.1792,1.17936
2026-04-14 15:06:00,1.17935,1.17953,1.17926,1.1795
2026-04-14 15:09:00,1.1795,1.17954,1.17922,1.17949
2026-04-14 15:12:00,1.17949,1.17972,1.1794,1.17964
2026-04-14 15:15:00,1.17964,1.17967,1.17938,1.1795200000000001
2026-04-14 15:18:00,1.1795200000000001,1.17978,1.17934,1.17967
2026-04-14 15:21:00,1.17966,1.17972,1.17947,1.17972
2026-04-14 15:24:00,1.17972,1.18028,1.1795,1.18004
2026-04-14 15:27:00,1.18005,1.18014,1.17981,1.18002
2026-04-14 15:30:00,1.18002,1.18056,1.1798,1.17994
2026-04-14 15:33:00,1.17994,1.18014,1.17975,1.17997
2026-04-14 15:36:00,1.17997,1.1801599999999999,1.17983,1.1799
2026-04-14 15:39:00,1.1799,1.18004,1.17981,1.17988
2026-04-14 15:42:00,1.17988,1.17993,1.17944,1.17962
2026-04-14 15:45:00,1.17963,1.17986,1.17957,1.17976
2026-04-14 15:48:00,1.17976,1.18031,1.17974,1.18022
2026-04-14 15:51:00,1.18022,1.1803,1.17984,1.18003
2026-04-14 15:54:00,1.18003,1.1804000000000001,1.1799,1.18022
2026-04-14 15:57:00,1.18022,1.18047,1.18014,1.18045
2026-04-14 16:00:00,1.18045,1.18064,1.18024,1.18061
2026-04-14 16:03:00,1.18061,1.1807,1.18012,1.18034
2026-04-14 16:06:00,1.18031,1.18055,1.18021,1.18047
2026-04-14 16:09:00,1.18047,1.18076,1.18043,1.18056
2026-04-14 16:12:00,1.18056,1.18056,1.18029,1.18053
2026-04-14 16:15:00,1.18053,1.18053,1.17976,1.18017
2026-04-14 16:18:00,1.18017,1.18021,1.17998,1.1801
2026-04-14 16:21:00,1.18009,1.18011,1.17972,1.17992
2026-04-14 16:24:00,1.17995,1.18012,1.17974,1.17981
2026-04-14 16:27:00,1.17981,1.17981,1.1795200000000001,1.17961
2026-04-14 16:30:00,1.17961,1.17982,1.17929,1.1795499999999999
2026-04-14 16:33:00,1.1795499999999999,1.17998,1.17949,1.17997
2026-04-14 16:36:00,1.17997,1.18036,1.1799,1.18025
2026-04-14 16:39:00,1.18025,1.18027,1.18001,1.1801
2026-04-14 16:42:00,1.1801,1.18051,1.18003,1.18034
2026-04-14 16:45:00,1.18034,1.18036,1.18005,1.18021
2026-04-14 16:48:00,1.18021,1.18034,1.18002,1.1801599999999999
2026-04-14 16:51:00,1.1801599999999999,1.18036,1.18005,1.18035
2026-04-14 16:54:00,1.18035,1.18035,1.17973,1.17994
2026-04-14 16:57:00,1.17994,1.17995,1.17967,1.1798899999999999
2026-04-14 17:00:00,1.17991,1.18012,1.1798,1.18009
2026-04-14 17:03:00,1.18009,1.18025,1.17965,1.17965
2026-04-14 17:06:00,1.17965,1.1799,1.17933,1.17953
2026-04-14 17:09:00,1.17953,1.17986,1.17951,1.17973
2026-04-14 17:12:00,1.17973,1.18014,1.17963,1.18009
2026-04-14 17:15:00,1.18009,1.18034,1.18003,1.18034
2026-04-14 17:18:00,1.18034,1.18058,1.18026,1.18058
2026-04-14 17:21:00,1.18058,1.18067,1.18021,1.18038
2026-04-14 17:24:00,1.18038,1.18042,1.17999,1.18037
2026-04-14 17:27:00,1.18037,1.18041,1.1801,1.18028
2026-04-14 17:30:00,1.18027,1.18041,1.18004,1.18025
2026-04-14 17:33:00,1.18025,1.18062,1.18025,1.18058
2026-04-14 17:36:00,1.18058,1.18082,1.18048,1.18078
2026-04-14 17:39:00,1.18079,1.18081,1.18035,1.18055
2026-04-14 17:42:00,1.18055,1.1807400000000001,1.18041,1.18066
2026-04-14 17:45:00,1.18066,1.1807699999999999,1.18045,1.18076
2026-04-14 17:48:00,1.1807699999999999,1.18081,1.18055,1.18058
2026-04-14 17:51:00,1.18058,1.18069,1.18017,1.18063
2026-04-14 17:54:00,1.18063,1.1811,1.18057,1.18097
2026-04-14 17:57:00,1.18097,1.1810100000000001,1.1807,1.18087
2026-04-14 18:00:00,1.18087,1.18087,1.18014,1.18027
2026-04-14 18:03:00,1.18027,1.18052,1.17994,1.1801599999999999
2026-04-14 18:06:00,1.18014,1.18045,1.1798899999999999,1.18033
2026-04-14 18:09:00,1.18033,1.18033,1.18004,1.18014
2026-04-14 18:12:00,1.18014,1.18022,1.1799,1.17992
2026-04-14 18:15:00,1.1799,1.1799,1.17953,1.17961
2026-04-14 18:18:00,1.17961,1.17994,1.17932,1.17975
2026-04-14 18:21:00,1.17975,1.18017,1.17975,1.18008
2026-04-14 18:24:00,1.18008,1.18009,1.17961,1.1797900000000001
2026-04-14 18:27:00,1.1797900000000001,1.17993,1.17956,1.17974
2026-04-14 18:30:00,1.17976,1.18015,1.17976,1.18004
2026-04-14 18:33:00,1.18004,1.18027,1.1797,1.17981
2026-04-14 18:36:00,1.17982,1.18006,1.17969,1.17976
2026-04-14 18:39:00,1.17977,1.1797900000000001,1.1791800000000001,1.17927
2026-04-14 18:42:00,1.17927,1.17957,1.1792,1.17922
2026-04-14 18:45:00,1.17923,1.1792799999999999,1.17878,1.17883
2026-04-14 18:48:00,1.17883,1.17893,1.17866,1.1789
2026-04-14 18:51:00,1.1789,1.17902,1.1787,1.17879
2026-04-14 18:54:00,1.17879,1.17921,1.17879,1.17919
2026-04-14 18:57:00,1.17919,1.17921,1.17897,1.17903
2026-04-14 19:00:00,1.17903,1.1791800000000001,1.17881,1.17916
2026-04-14 19:03:00,1.17913,1.17922,1.1789100000000001,1.1789100000000001
2026-04-14 19:06:00,1.1789100000000001,1.1789399999999999,1.17872,1.17886
2026-04-14 19:09:00,1.17886,1.179,1.17879,1.17895
2026-04-14 19:12:00,1.17896,1.17923,1.1789100000000001,1.17921
2026-04-14 19:15:00,1.17921,1.17944,1.17917,1.17938
2026-04-14 19:18:00,1.17938,1.17942,1.17926,1.17936
2026-04-14 19:21:00,1.17935,1.17935,1.17912,1.17919
2026-04-14 19:24:00,1.17919,1.17939,1.17919,1.17934
2026-04-14 19:27:00,1.17934,1.17958,1.17934,1.17953
2026-04-14 19:30:00,1.17953,1.1795499999999999,1.17929,1.17931
2026-04-14 19:33:00,1.17941,1.17954,1.17935,1.17938
2026-04-14 19:36:00,1.17938,1.17948,1.17921,1.17943
2026-04-14 19:39:00,1.17944,1.1797,1.17937,1.17958
2026-04-14 19:42:00,1.17957,1.17966,1.17943,1.17954
2026-04-14 19:45:00,1.1795499999999999,1.1795499999999999,1.1792799999999999,1.17935
2026-04-14 19:48:00,1.17935,1.17951,1.17926,1.17938
2026-04-14 19:51:00,1.17938,1.17949,1.17919,1.17944
2026-04-14 19:54:00,1.17944,1.17951,1.1793,1.17944
2026-04-14 19:57:00,1.17944,1.17951,1.17924,1.1794
2026-04-14 20:00:00,1.1794,1.17949,1.17916,1.17932
2026-04-14 20:03:00,1.17932,1.17948,1.17906,1.17923
2026-04-14 20:06:00,1.17923,1.17948,1.17914,1.17943
2026-04-14 20:09:00,1.17944,1.1795499999999999,1.17936,1.17944
2026-04-14 20:12:00,1.17944,1.1795200000000001,1.17933,1.17948
2026-04-14 20:15:00,1.17949,1.17971,1.17942,1.17971
2026-04-14 20:18:00,1.17971,1.1797900000000001,1.17958,1.1797
2026-04-14 20:21:00,1.1797,1.17984,1.17968,1.1798
2026-04-14 20:24:00,1.1798,1.17991,1.17972,1.17986
2026-04-14 20:27:00,1.17986,1.17994,1.17973,1.17973
2026-04-14 20:30:00,1.17973,1.17983,1.17959,1.17962
2026-04-14 20:33:00,1.17963,1.17964,1.17946,1.1796
2026-04-14 20:36:00,1.1796,1.17974,1.17954,1.17969
2026-04-14 20:39:00,1.17969,1.17983,1.17967,1.1798
2026-04-14 20:42:00,1.1798,1.17993,1.17974,1.17987
2026-04-14 20:45:00,1.17987,1.17991,1.17974,1.17975
2026-04-14 20:48:00,1.17975,1.17982,1.17968,1.1797
2026-04-14 20:51:00,1.1797,1.17977,1.17963,1.17963
2026-04-14 20:54:00,1.17963,1.17974,1.17946,1.1795499999999999
2026-04-14 20:57:00,1.1795499999999999,1.17964,1.17944,1.17956
2026-04-14 21:00:00,1.17956,1.17968,1.17943,1.17944
2026-04-14 21:03:00,1.17943,1.17959,1.17935,1.17944
2026-04-14 21:06:00,1.17944,1.17963,1.17935,1.17959
2026-04-14 21:09:00,1.17959,1.17967,1.17949,1.1795
2026-04-14 21:12:00,1.1795,1.17963,1.17947,1.17959
2026-04-14 21:15:00,1.17959,1.17959,1.17939,1.17947
2026-04-14 21:18:00,1.17945,1.1795200000000001,1.17939,1.17943
2026-04-14 21:21:00,1.17943,1.17945,1.17919,1.17933
2026-04-14 21:24:00,1.17934,1.17951,1.17926,1.17945
2026-04-14 21:27:00,1.17945,1.17948,1.17922,1.1792799999999999
2026-04-14 21:30:00,1.17927,1.17937,1.17911,1.17929
2026-04-14 21:33:00,1.17929,1.17933,1.1791800000000001,1.17933
2026-04-14 21:36:00,1.17933,1.17947,1.17927,1.17939
2026-04-14 21:39:00,1.17939,1.17947,1.17931,1.17939
2026-04-14 21:42:00,1.17939,1.17941,1.17917,1.17922
2026-04-14 21:45:00,1.17922,1.17922,1.179,1.17917
2026-04-14 21:48:00,1.17917,1.1791800000000001,1.17896,1.17907
2026-04-14 21:51:00,1.17907,1.1792799999999999,1.17906,1.17927
2026-04-14 21:54:00,1.17927,1.17938,1.17915,1.17932
2026-04-14 21:57:00,1.17932,1.17946,1.17916,1.1792799999999999
2026-04-14 22:00:00,1.1792799999999999,1.17935,1.17911,1.17933
2026-04-14 22:03:00,1.17933,1.17944,1.17926,1.17938
2026-04-14 22:06:00,1.17938,1.17953,1.17935,1.17949
2026-04-14 22:09:00,1.17949,1.17949,1.17933,1.17943
2026-04-14 22:12:00,1.17943,1.17947,1.17921,1.17929
2026-04-14 22:15:00,1.17929,1.17934,1.1791,1.1792
2026-04-14 22:18:00,1.1792,1.17932,1.17917,1.17931
2026-04-14 22:21:00,1.17931,1.1794,1.17927,1.17932
2026-04-14 22:24:00,1.17932,1.17932,1.17919,1.17922
2026-04-14 22:27:00,1.17922,1.17929,1.17911,1.17927
2026-04-14 22:30:00,1.17927,1.17937,1.1791,1.17932
2026-04-14 22:33:00,1.17932,1.17932,1.17904,1.17907
2026-04-14 22:36:00,1.17907,1.1792,1.179,1.1791800000000001
2026-04-14 22:39:00,1.1791800000000001,1.17923,1.17909,1.17913
2026-04-14 22:42:00,1.17913,1.1792,1.17901,1.1791800000000001
2026-04-14 22:45:00,1.1791800000000001,1.17925,1.17896,1.17923
2026-04-14 22:48:00,1.17923,1.17932,1.17905,1.17921
2026-04-14 22:51:00,1.17921,1.17929,1.17915,1.1792799999999999
2026-04-14 22:54:00,1.1792799999999999,1.1793,1.17909,1.1792799999999999
2026-04-14 22:57:00,1.17929,1.17929,1.17909,1.1791800000000001
2026-04-14 23:00:00,1.17917,1.17929,1.17907,1.17929
2026-04-14 23:03:00,1.17929,1.17938,1.17916,1.17935
2026-04-14 23:06:00,1.17935,1.17948,1.17931,1.17944
2026-04-14 23:09:00,1.17944,1.17944,1.17921,1.17933
2026-04-14 23:12:00,1.17933,1.17944,1.17931,1.17944
2026-04-14 23:15:00,1.17944,1.17947,1.17924,1.1792799999999999
2026-04-14 23:18:00,1.1792799999999999,1.17939,1.1792799999999999,1.17939
2026-04-14 23:21:00,1.17939,1.17948,1.17933,1.17942
2026-04-14 23:24:00,1.17942,1.1795,1.17933,1.17948
2026-04-14 23:27:00,1.17948,1.17951,1.1794,1.17951
2026-04-14 23:30:00,1.1795200000000001,1.1795200000000001,1.1794,1.17948
2026-04-14 23:33:00,1.17948,1.17948,1.17939,1.17944
2026-04-14 23:36:00,1.17944,1.17944,1.17938,1.17943
2026-04-14 23:39:00,1.17943,1.17948,1.1794,1.17947
2026-04-14 23:42:00,1.17947,1.17949,1.17936,1.17937
2026-04-14 23:45:00,1.17937,1.17941,1.17932,1.17936
2026-04-14 23:48:00,1.17936,1.17949,1.17935,1.17942
2026-04-14 23:51:00,1.17942,1.1795499999999999,1.17941,1.17951
2026-04-14 23:54:00,1.17951,1.1795200000000001,1.17935,1.17935
2026-04-14 23:57:00,1.17935,1.17959,1.17932,1.17949
2026-04-15 00:00:00,1.17946,1.17962,1.17934,1.17944
2026-04-15 00:03:00,1.17944,1.1795499999999999,1.17925,1.17933
2026-04-15 00:06:00,1.17933,1.17945,1.17931,1.17941
2026-04-15 00:09:00,1.17941,1.17945,1.17923,1.17938
2026-04-15 00:12:00,1.17938,1.17944,1.17933,1.17937
2026-04-15 00:15:00,1.17937,1.17948,1.17927,1.17929
2026-04-15 00:18:00,1.17927,1.17938,1.1789399999999999,1.17905
2026-04-15 00:21:00,1.17905,1.17906,1.17895,1.17905
2026-04-15 00:24:00,1.17905,1.17908,1.17883,1.17905
2026-04-15 00:27:00,1.17905,1.17905,1.17893,1.17895
2026-04-15 00:30:00,1.17895,1.1791,1.17895,1.17902
2026-04-15 00:33:00,1.17902,1.17903,1.1789100000000001,1.17897
2026-04-15 00:36:00,1.17897,1.17901,1.17893,1.17893
2026-04-15 00:39:00,1.17893,1.17906,1.17893,1.17901
2026-04-15 00:42:00,1.17901,1.17906,1.1789399999999999,1.17902
2026-04-15 00:45:00,1.17902,1.17919,1.17902,1.17915
2026-04-15 00:48:00,1.17915,1.1791800000000001,1.17906,1.17913
2026-04-15 00:51:00,1.17913,1.17917,1.17909,1.17916
2026-04-15 00:54:00,1.17916,1.1791800000000001,1.17907,1.17913
2026-04-15 00:57:00,1.17913,1.1791800000000001,1.17903,1.1791
2026-04-15 01:00:00,1.1791,1.17949,1.1791,1.17934
2026-04-15 01:03:00,1.17934,1.17949,1.17929,1.17943
2026-04-15 01:06:00,1.17943,1.17946,1.17935,1.17936
2026-04-15 01:09:00,1.17936,1.17948,1.1793,1.1794
2026-04-15 01:12:00,1.1794,1.17951,1.17926,1.17951
2026-04-15 01:15:00,1.17951,1.17993,1.17951,1.17976
2026-04-15 01:18:00,1.17976,1.17976,1.1796,1.17961
2026-04-15 01:21:00,1.17961,1.17969,1.1795499999999999,1.17967
2026-04-15 01:24:00,1.17967,1.17967,1.17953,1.17961
2026-04-15 01:27:00,1.17961,1.17964,1.17945,1.17956
2026-04-15 01:30:00,1.17956,1.17956,1.17944,1.17949
2026-04-15 01:33:00,1.17949,1.17949,1.17933,1.17942
2026-04-15 01:36:00,1.17942,1.17947,1.17941,1.17941
2026-04-15 01:39:00,1.17941,1.17953,1.17936,1.17942
2026-04-15 01:42:00,1.17942,1.17946,1.17932,1.17944
2026-04-15 01:45:00,1.17944,1.17947,1.17931,1.17945
2026-04-15 01:48:00,1.17945,1.17951,1.17937,1.17948
2026-04-15 01:51:00,1.17948,1.1795,1.17942,1.17944
2026-04-15 01:54:00,1.17944,1.17951,1.17943,1.17946
2026-04-15 01:57:00,1.17946,1.1795200000000001,1.17944,1.1795
2026-04-15 02:00:00,1.1795,1.17958,1.17948,1.1795200000000001
2026-04-15 02:03:00,1.1795200000000001,1.1795200000000001,1.17938,1.1795200000000001
2026-04-15 02:06:00,1.1795200000000001,1.17953,1.1794,1.17951
2026-04-15 02:09:00,1.17951,1.17956,1.17939,1.17954
2026-04-15 02:12:00,1.17954,1.17954,1.17945,1.17945
2026-04-15 02:15:00,1.17945,1.17956,1.1794,1.17954
2026-04-15 02:18:00,1.17954,1.17962,1.17954,1.17962
2026-04-15 02:21:00,1.17962,1.17967,1.17961,1.17967
2026-04-15 02:24:00,1.17967,1.17967,1.17962,1.17962
2026-04-15 02:27:00,1.17962,1.17974,1.17959,1.17972
2026-04-15 02:30:00,1.17972,1.17974,1.17961,1.17962
2026-04-15 02:33:00,1.17962,1.1801599999999999,1.17962,1.18004
2026-04-15 02:36:00,1.18004,1.18004,1.17968,1.17977
2026-04-15 02:39:00,1.17977,1.1799,1.17968,1.17974
2026-04-15 02:42:00,1.17973,1.17997,1.17973,1.17997
2026-04-15 02:45:00,1.17997,1.18017,1.17994,1.17998
2026-04-15 02:48:00,1.17998,1.18001,1.1798899999999999,1.17993
2026-04-15 02:51:00,1.17993,1.17993,1.17974,1.17985
2026-04-15 02:54:00,1.17985,1.17987,1.17977,1.17982
2026-04-15 02:57:00,1.17982,1.1798899999999999,1.1797900000000001,1.17982
2026-04-15 03:00:00,1.17983,1.17986,1.1795200000000001,1.17956
2026-04-15 03:03:00,1.17956,1.17963,1.17916,1.17929
2026-04-15 03:06:00,1.17929,1.17951,1.17929,1.17938
2026-04-15 03:09:00,1.17938,1.17946,1.17923,1.17934
2026-04-15 03:12:00,1.17934,1.17936,1.17916,1.17922
2026-04-15 03:15:00,1.17922,1.17938,1.17917,1.17926
2026-04-15 03:18:00,1.17927,1.17943,1.17927,1.17934
2026-04-15 03:21:00,1.17934,1.17946,1.17931,1.17944
2026-04-15 03:24:00,1.17944,1.17951,1.1793,1.17934
2026-04-15 03:27:00,1.17934,1.17948,1.1792799999999999,1.17943
2026-04-15 03:30:00,1.17943,1.1795200000000001,1.17926,1.17934
2026-04-15 03:33:00,1.17934,1.17937,1.17925,1.17927
2026-04-15 03:36:00,1.17927,1.17931,1.1791,1.17912
2026-04-15 03:39:00,1.17912,1.17916,1.1789399999999999,1.17903
2026-04-15 03:42:00,1.17902,1.17908,1.17886,1.17907
2026-04-15 03:45:00,1.17907,1.17914,1.17903,1.17905
2026-04-15 03:48:00,1.17905,1.17914,1.1789100000000001,1.17907
2026-04-15 03:51:00,1.17907,1.1791,1.1789399999999999,1.17899
2026-04-15 03:54:00,1.17899,1.17923,1.17895,1.17922
2026-04-15 03:57:00,1.17922,1.17947,1.17914,1.17937
2026-04-15 04:00:00,1.17937,1.17944,1.17899,1.17903
2026-04-15 04:03:00,1.17903,1.17914,1.17898,1.17903
2026-04-15 04:06:00,1.17903,1.17939,1.17901,1.17929
2026-04-15 04:09:00,1.17929,1.17968,1.17927,1.17965
2026-04-15 04:12:00,1.17965,1.17965,1.17941,1.17945
2026-04-15 04:15:00,1.17946,1.17949,1.17925,1.1793
2026-04-15 04:18:00,1.1793,1.1795,1.1793,1.17936
2026-04-15 04:21:00,1.17936,1.17939,1.17913,1.1792
2026-04-15 04:24:00,1.1792,1.17932,1.17911,1.17922
2026-04-15 04:27:00,1.17922,1.17936,1.1791800000000001,1.17929
2026-04-15 04:30:00,1.17929,1.17934,1.17919,1.17924
2026-04-15 04:33:00,1.17924,1.17929,1.1791,1.17925
2026-04-15 04:36:00,1.17925,1.17925,1.17903,1.17906
2026-04-15 04:39:00,1.17906,1.1792,1.17898,1.17908
2026-04-15 04:42:00,1.17908,1.17909,1.17895,1.17902
2026-04-15 04:45:00,1.17902,1.17907,1.17895,1.179
2026-04-15 04:48:00,1.179,1.17923,1.17896,1.17915
2026-04-15 04:51:00,1.17915,1.17924,1.179,1.17915
2026-04-15 04:54:00,1.17915,1.17927,1.17915,1.17919
2026-04-15 04:57:00,1.17919,1.17924,1.17893,1.17907
2026-04-15 05:00:00,1.17907,1.17908,1.1789,1.17892
2026-04-15 05:03:00,1.17892,1.17908,1.1789100000000001,1.17907
2026-04-15 05:06:00,1.17907,1.17908,1.17884,1.17895
2026-04-15 05:09:00,1.17895,1.17897,1.17873,1.17873
2026-04-15 05:12:00,1.17873,1.17879,1.17853,1.17863
2026-04-15 05:15:00,1.17863,1.1787,1.1784,1.17856
2026-04-15 05:18:00,1.17856,1.17858,1.17834,1.17846
2026-04-15 05:21:00,1.17846,1.17849,1.17832,1.17842
2026-04-15 05:24:00,1.17842,1.17845,1.17827,1.17834
2026-04-15 05:27:00,1.17834,1.17838,1.17812,1.17824
2026-04-15 05:30:00,1.17824,1.17827,1.178,1.17805
2026-04-15 05:33:00,1.17804,1.1781,1.17787,1.1779
2026-04-15 05:36:00,1.1779,1.17815,1.17782,1.17813
2026-04-15 05:39:00,1.17813,1.17823,1.1780599999999999,1.1782
2026-04-15 05:42:00,1.1782,1.17837,1.17812,1.17836
2026-04-15 05:45:00,1.17836,1.17842,1.17819,1.17828
2026-04-15 05:48:00,1.17828,1.17839,1.17819,1.1783299999999999
2026-04-15 05:51:00,1.1783299999999999,1.17837,1.17821,1.17835
2026-04-15 05:54:00,1.17835,1.17836,1.17819,1.17835
2026-04-15 05:57:00,1.17835,1.17835,1.17816,1.1783299999999999
2026-04-15 06:00:00,1.1783299999999999,1.1783299999999999,1.17805,1.17813
2026-04-15 06:03:00,1.17813,1.17816,1.17799,1.17802
2026-04-15 06:06:00,1.17802,1.17813,1.17792,1.1781
2026-04-15 06:09:00,1.17812,1.17837,1.17809,1.17834
2026-04-15 06:12:00,1.17834,1.17838,1.17827,1.17834
2026-04-15 06:15:00,1.17834,1.17847,1.1783,1.17846
2026-04-15 06:18:00,1.17846,1.17848,1.17837,1.17844
2026-04-15 06:21:00,1.17844,1.17854,1.17839,1.17851
2026-04-15 06:24:00,1.1785,1.1786,1.17849,1.17856
2026-04-15 06:27:00,1.17856,1.17875,1.17855,1.17875
2026-04-15 06:30:00,1.17874,1.1788,1.17856,1.1787
2026-04-15 06:33:00,1.1787,1.17871,1.17853,1.17858
2026-04-15 06:36:00,1.17858,1.17868,1.17855,1.17864
2026-04-15 06:39:00,1.17864,1.1787,1.17861,1.1786699999999999
2026-04-15 06:42:00,1.1786699999999999,1.17869,1.1785,1.17869
2026-04-15 06:45:00,1.17868,1.17886,1.1786,1.17881
2026-04-15 06:48:00,1.1788,1.17892,1.17873,1.1788
2026-04-15 06:51:00,1.1788,1.17888,1.17874,1.1788
2026-04-15 06:54:00,1.1788,1.1789,1.17869,1.17881
2026-04-15 06:57:00,1.17881,1.17883,1.17862,1.1786699999999999
2026-04-15 07:00:00,1.1786699999999999,1.17881,1.17856,1.17881
2026-04-15 07:03:00,1.17881,1.17887,1.17876,1.17885
2026-04-15 07:06:00,1.17885,1.17885,1.17869,1.17879
2026-04-15 07:09:00,1.17879,1.17893,1.17871,1.1789100000000001
2026-04-15 07:12:00,1.17886,1.1789100000000001,1.17874,1.17881
2026-04-15 07:15:00,1.17881,1.17883,1.17866,1.17876
2026-04-15 07:18:00,1.17876,1.17885,1.17866,1.1787
2026-04-15 07:21:00,1.1787,1.17875,1.1786,1.17873
2026-04-15 07:24:00,1.17873,1.17883,1.17866,1.17878
2026-04-15 07:27:00,1.17878,1.17882,1.17866,1.17879
2026-04-15 07:30:00,1.1788,1.17884,1.17866,1.17883
2026-04-15 07:33:00,1.17883,1.17895,1.1788,1.1789399999999999
2026-04-15 07:36:00,1.1789399999999999,1.17895,1.17873,1.17876
2026-04-15 07:39:00,1.17876,1.17878,1.1785700000000001,1.17871
2026-04-15 07:42:00,1.17871,1.1788,1.1786699999999999,1.1788
2026-04-15 07:45:00,1.17879,1.17884,1.17866,1.17879
2026-04-15 07:48:00,1.17879,1.17887,1.17878,1.17885
2026-04-15 07:51:00,1.17885,1.17889,1.17876,1.17885
2026-04-15 07:54:00,1.17885,1.1789,1.17871,1.1788
2026-04-15 07:57:00,1.1788,1.17887,1.17876,1.17885
2026-04-15 08:00:00,1.17885,1.17923,1.17881,1.179
2026-04-15 08:03:00,1.17901,1.17908,1.17889,1.17905
2026-04-15 08:06:00,1.17905,1.17925,1.179,1.17924
2026-04-15 08:09:00,1.17924,1.17926,1.17907,1.17924
2026-04-15 08:12:00,1.17924,1.17935,1.17915,1.17929
2026-04-15 08:15:00,1.17929,1.17954,1.17926,1.17954
2026-04-15 08:18:00,1.17954,1.17983,1.17941,1.17964
2026-04-15 08:21:00,1.17964,1.17966,1.1793,1.1794
2026-04-15 08:24:00,1.1794,1.17945,1.17926,1.17939
2026-04-15 08:27:00,1.1794,1.1795,1.1791,1.17925
2026-04-15 08:30:00,1.17925,1.17926,1.17903,1.17919
2026-04-15 08:33:00,1.17919,1.17925,1.17892,1.17898
2026-04-15 08:36:00,1.17898,1.17908,1.1789,1.17906
2026-04-15 08:39:00,1.17906,1.17919,1.17893,1.17901
2026-04-15 08:42:00,1.17901,1.17915,1.17899,1.17914
2026-04-15 08:45:00,1.17914,1.17925,1.17908,1.17923
2026-04-15 08:48:00,1.17924,1.17924,1.17902,1.17902
2026-04-15 08:51:00,1.17902,1.17905,1.17892,1.179
2026-04-15 08:54:00,1.179,1.17933,1.179,1.1793
2026-04-15 08:57:00,1.1793,1.1793,1.17913,1.17919
2026-04-15 09:00:00,1.17919,1.17951,1.17914,1.17947
2026-04-15 09:03:00,1.17947,1.17953,1.17934,1.1795200000000001
2026-04-15 09:06:00,1.1795200000000001,1.1798899999999999,1.17944,1.17985
2026-04-15 09:09:00,1.17985,1.17992,1.17943,1.17948
2026-04-15 09:12:00,1.17947,1.17958,1.17925,1.17933
2026-04-15 09:15:00,1.17933,1.17933,1.17906,1.1791
2026-04-15 09:18:00,1.1791,1.17912,1.17883,1.17899
2026-04-15 09:21:00,1.17899,1.17915,1.17881,1.17913
2026-04-15 09:24:00,1.17913,1.17936,1.1791,1.17924
2026-04-15 09:27:00,1.17924,1.17927,1.17905,1.17914
2026-04-15 09:30:00,1.17914,1.17922,1.17871,1.17885
2026-04-15 09:33:00,1.17885,1.17909,1.17872,1.1789399999999999
2026-04-15 09:36:00,1.1789399999999999,1.17909,1.17873,1.1789399999999999
2026-04-15 09:39:00,1.17893,1.17898,1.17861,1.1787
2026-04-15 09:42:00,1.1787,1.17873,1.17849,1.17863
2026-04-15 09:45:00,1.17863,1.17872,1.17847,1.17862
2026-04-15 09:48:00,1.17862,1.17863,1.17838,1.17848
2026-04-15 09:51:00,1.17847,1.17869,1.17838,1.17849
2026-04-15 09:54:00,1.17849,1.1787,1.17832,1.17862
2026-04-15 09:57:00,1.17862,1.17869,1.17837,1.17841
2026-04-15 10:00:00,1.1784,1.17878,1.17836,1.17878
2026-04-15 10:03:00,1.17878,1.17882,1.1785700000000001,1.1786699999999999
2026-04-15 10:06:00,1.1786699999999999,1.17873,1.17845,1.17859
2026-04-15 10:09:00,1.1786,1.17868,1.17843,1.17852
2026-04-15 10:12:00,1.17852,1.17874,1.17844,1.1786
2026-04-15 10:15:00,1.1786,1.17866,1.1783299999999999,1.17844
2026-04-15 10:18:00,1.17844,1.1786699999999999,1.17823,1.1785700000000001
2026-04-15 10:21:00,1.1785700000000001,1.17868,1.17844,1.1785700000000001
2026-04-15 10:24:00,1.17858,1.17875,1.17848,1.17864
2026-04-15 10:27:00,1.17864,1.17877,1.1786,1.17875
2026-04-15 10:30:00,1.17875,1.17885,1.17853,1.17885
2026-04-15 10:33:00,1.17885,1.17904,1.17882,1.17898
2026-04-15 10:36:00,1.17897,1.17897,1.17877,1.17893
2026-04-15 10:39:00,1.17893,1.17896,1.17859,1.17873
2026-04-15 10:42:00,1.17873,1.17892,1.1786699999999999,1.17889
2026-04-15 10:45:00,1.17889,1.1789399999999999,1.17863,1.17888
2026-04-15 10:48:00,1.17888,1.17897,1.17863,1.17895
2026-04-15 10:51:00,1.17895,1.17895,1.17855,1.17866
2026-04-15 10:54:00,1.17866,1.17868,1.1785,1.17856
2026-04-15 10:57:00,1.17856,1.17861,1.17835,1.17856
2026-04-15 11:00:00,1.17856,1.17871,1.17845,1.1785
2026-04-15 11:03:00,1.17851,1.17903,1.17851,1.17893
2026-04-15 11:06:00,1.17893,1.17905,1.17881,1.17904
2026-04-15 11:09:00,1.17904,1.17904,1.17875,1.17886
2026-04-15 11:12:00,1.17888,1.17904,1.17886,1.179
2026-04-15 11:15:00,1.17899,1.1791800000000001,1.17886,1.17915
2026-04-15 11:18:00,1.17915,1.17953,1.17914,1.17941
2026-04-15 11:21:00,1.17941,1.17942,1.17926,1.17933
2026-04-15 11:24:00,1.17933,1.17944,1.17907,1.17916
2026-04-15 11:27:00,1.17916,1.1792799999999999,1.17904,1.17919
2026-04-15 11:30:00,1.1791800000000001,1.1791800000000001,1.17879,1.17904
2026-04-15 11:33:00,1.17904,1.17908,1.17871,1.17872
2026-04-15 11:36:00,1.17872,1.1789100000000001,1.17866,1.17885
2026-04-15 11:39:00,1.17885,1.17896,1.1786699999999999,1.17893
2026-04-15 11:42:00,1.17892,1.17903,1.17886,1.1789399999999999
2026-04-15 11:45:00,1.1789399999999999,1.1789399999999999,1.17856,1.17861
2026-04-15 11:48:00,1.17861,1.17877,1.1785,1.17866
2026-04-15 11:51:00,1.17865,1.17884,1.17856,1.17881
2026-04-15 11:54:00,1.17882,1.17898,1.17868,1.1789399999999999
2026-04-15 11:57:00,1.1789399999999999,1.17904,1.17888,1.17893
2026-04-15 12:00:00,1.17893,1.17913,1.1780599999999999,1.17869
2026-04-15 12:03:00,1.1787,1.17876,1.17801,1.17872
2026-04-15 12:06:00,1.17872,1.17896,1.17841,1.17843
2026-04-15 12:09:00,1.17843,1.17845,1.17742,1.17758
2026-04-15 12:12:00,1.17758,1.1783,1.17753,1.17816
2026-04-15 12:15:00,1.17816,1.17844,1.17814,1.1784
2026-04-15 12:18:00,1.1784,1.17858,1.17818,1.17855
2026-04-15 12:21:00,1.17855,1.17866,1.17845,1.1786
2026-04-15 12:24:00,1.1786,1.17864,1.17834,1.17854
2026-04-15 12:27:00,1.17854,1.17855,1.17832,1.17844
2026-04-15 12:30:00,1.17844,1.17849,1.17832,1.17834
2026-04-15 12:33:00,1.17834,1.17838,1.17813,1.17815
2026-04-15 12:36:00,1.17815,1.17816,1.17785,1.17801
2026-04-15 12:39:00,1.17801,1.17809,1.17787,1.17805
2026-04-15 12:42:00,1.17805,1.17821,1.17804,1.17819
2026-04-15 12:45:00,1.17819,1.17835,1.17791,1.178
2026-04-15 12:48:00,1.178,1.17812,1.17788,1.17795
2026-04-15 12:51:00,1.17795,1.17803,1.1777199999999999,1.17784
2026-04-15 12:54:00,1.17785,1.17807,1.17785,1.1779
2026-04-15 12:57:00,1.17792,1.17818,1.17787,1.17814
2026-04-15 13:00:00,1.17815,1.1782,1.17794,1.17799
2026-04-15 13:03:00,1.17801,1.1780599999999999,1.17785,1.17793
2026-04-15 13:06:00,1.17793,1.17853,1.17793,1.17836
2026-04-15 13:09:00,1.17836,1.1786,1.1783299999999999,1.1785
2026-04-15 13:12:00,1.1785,1.17865,1.17836,1.17849
2026-04-15 13:15:00,1.17849,1.17849,1.17779,1.17804
2026-04-15 13:18:00,1.17804,1.1783,1.17788,1.1783
2026-04-15 13:21:00,1.1783,1.1783299999999999,1.17763,1.17777
2026-04-15 13:24:00,1.17777,1.17788,1.1776200000000001,1.17763
2026-04-15 13:27:00,1.17763,1.17769,1.17726,1.17755
2026-04-15 13:30:00,1.17755,1.17768,1.17748,1.17758
2026-04-15 13:33:00,1.17758,1.17758,1.17729,1.17742
2026-04-15 13:36:00,1.17742,1.17744,1.17715,1.17733
2026-04-15 13:39:00,1.17733,1.17751,1.17725,1.1774
2026-04-15 13:42:00,1.1774,1.17811,1.17732,1.17789
2026-04-15 13:45:00,1.1779,1.17835,1.17786,1.17804
2026-04-15 13:48:00,1.17805,1.17815,1.17783,1.17791
2026-04-15 13:51:00,1.17791,1.17795,1.17763,1.17788
2026-04-15 13:54:00,1.17788,1.1779600000000001,1.17771,1.17788
2026-04-15 13:57:00,1.17788,1.17788,1.17766,1.17768
2026-04-15 14:00:00,1.17768,1.17783,1.17741,1.17779
2026-04-15 14:03:00,1.17779,1.17794,1.17769,1.1779
2026-04-15 14:06:00,1.1779,1.17794,1.17783,1.17784
2026-04-15 14:09:00,1.17785,1.1779,1.17763,1.17783
2026-04-15 14:12:00,1.17783,1.17789,1.17764,1.17775
2026-04-15 14:15:00,1.17775,1.17785,1.17746,1.17756
2026-04-15 14:18:00,1.17756,1.17785,1.17744,1.17779
2026-04-15 14:21:00,1.17779,1.17786,1.17759,1.17777
2026-04-15 14:24:00,1.17777,1.17793,1.17771,1.17774
2026-04-15 14:27:00,1.17774,1.17779,1.17759,1.17765
2026-04-15 14:30:00,1.17765,1.17799,1.17764,1.17784
2026-04-15 14:33:00,1.17784,1.17785,1.17753,1.17764
2026-04-15 14:36:00,1.17764,1.17774,1.1775,1.17763
2026-04-15 14:39:00,1.17763,1.1778,1.17759,1.17764
2026-04-15 14:42:00,1.17764,1.17776,1.1775,1.17771
2026-04-15 14:45:00,1.17771,1.17844,1.17729,1.17756
2026-04-15 14:48:00,1.17756,1.17803,1.1775,1.1779600000000001
2026-04-15 14:51:00,1.17795,1.17836,1.17785,1.17823
2026-04-15 14:54:00,1.17823,1.17839,1.17809,1.17809
2026-04-15 14:57:00,1.17809,1.17841,1.178,1.17829
2026-04-15 15:00:00,1.17828,1.17844,1.17813,1.17839
2026-04-15 15:03:00,1.17839,1.17842,1.17778,1.17798
2026-04-15 15:06:00,1.17798,1.1782,1.1779600000000001,1.17819
2026-04-15 15:09:00,1.17819,1.17819,1.1777199999999999,1.1777199999999999
2026-04-15 15:12:00,1.1777199999999999,1.1779,1.17765,1.17783
2026-04-15 15:15:00,1.17783,1.17803,1.17768,1.17799
2026-04-15 15:18:00,1.17799,1.17842,1.17794,1.17808
2026-04-15 15:21:00,1.17808,1.17829,1.17798,1.17816
2026-04-15 15:24:00,1.17816,1.17845,1.17816,1.17829
2026-04-15 15:27:00,1.17829,1.17845,1.17814,1.1784
2026-04-15 15:30:00,1.1784,1.17876,1.17836,1.17869
2026-04-15 15:33:00,1.17869,1.17881,1.17859,1.1786
2026-04-15 15:36:00,1.1786,1.17863,1.17828,1.17836
2026-04-15 15:39:00,1.17838,1.17844,1.17813,1.1783
2026-04-15 15:42:00,1.1783,1.17832,1.17791,1.17808
2026-04-15 15:45:00,1.17808,1.17813,1.17782,1.178
2026-04-15 15:48:00,1.17799,1.17863,1.1779600000000001,1.1784
2026-04-15 15:51:00,1.1784,1.17876,1.1783299999999999,1.17851
2026-04-15 15:54:00,1.17851,1.17927,1.17851,1.17898
2026-04-15 15:57:00,1.179,1.17915,1.17874,1.17874
2026-04-15 16:00:00,1.17879,1.17892,1.17868,1.1789
2026-04-15 16:03:00,1.1789,1.17909,1.17883,1.17895
2026-04-15 16:06:00,1.17895,1.17907,1.17869,1.17885
2026-04-15 16:09:00,1.17889,1.1789399999999999,1.17854,1.1786699999999999
2026-04-15 16:12:00,1.1786699999999999,1.17879,1.17846,1.17875
2026-04-15 16:15:00,1.17875,1.17884,1.17861,1.17865
2026-04-15 16:18:00,1.17865,1.179,1.17861,1.17897
2026-04-15 16:21:00,1.17897,1.17929,1.17897,1.1792799999999999
2026-04-15 16:24:00,1.1792799999999999,1.17942,1.17914,1.17924
2026-04-15 16:27:00,1.17924,1.17967,1.17915,1.17961
2026-04-15 16:30:00,1.17961,1.17974,1.17943,1.17956
2026-04-15 16:33:00,1.17956,1.1796,1.17907,1.17914
2026-04-15 16:36:00,1.17922,1.17926,1.17899,1.17921
2026-04-15 16:39:00,1.17921,1.17925,1.17881,1.17886
2026-04-15 16:42:00,1.17886,1.17886,1.1784,1.17848
2026-04-15 16:45:00,1.17847,1.17862,1.17835,1.17853
2026-04-15 16:48:00,1.17853,1.1789,1.17849,1.17884
2026-04-15 16:51:00,1.17884,1.17884,1.17842,1.17848
2026-04-15 16:54:00,1.17848,1.1787,1.17839,1.17864
2026-04-15 16:57:00,1.17865,1.17885,1.17862,1.17879
2026-04-15 17:00:00,1.1788,1.17893,1.17843,1.17864
2026-04-15 17:03:00,1.17864,1.17916,1.17852,1.17914
2026-04-15 17:06:00,1.17914,1.17923,1.17893,1.17911
2026-04-15 17:09:00,1.17911,1.17921,1.17883,1.17899
2026-04-15 17:12:00,1.17899,1.1792,1.1789399999999999,1.17912
2026-04-15 17:15:00,1.17912,1.1794,1.17904,1.1792799999999999
2026-04-15 17:18:00,1.1792799999999999,1.17953,1.1792,1.17951
2026-04-15 17:21:00,1.17951,1.1795200000000001,1.17929,1.17943
2026-04-15 17:24:00,1.17944,1.17971,1.17933,1.17969
2026-04-15 17:27:00,1.17969,1.17993,1.17957,1.1799
2026-04-15 17:30:00,1.17991,1.18001,1.17958,1.17981
2026-04-15 17:33:00,1.17981,1.17981,1.1792799999999999,1.17942
2026-04-15 17:36:00,1.17942,1.1795200000000001,1.17917,1.17935
2026-04-15 17:39:00,1.17935,1.1796,1.17911,1.17945
2026-04-15 17:42:00,1.17946,1.17961,1.17923,1.17959
2026-04-15 17:45:00,1.17959,1.17963,1.17935,1.17944
2026-04-15 17:48:00,1.17944,1.17982,1.17944,1.17977
2026-04-15 17:51:00,1.17977,1.17978,1.17934,1.1794
2026-04-15 17:54:00,1.1794,1.17975,1.17929,1.17975
2026-04-15 17:57:00,1.17975,1.17987,1.17962,1.17965
2026-04-15 18:00:00,1.17965,1.17977,1.17954,1.17965
2026-04-15 18:03:00,1.17965,1.17975,1.17939,1.17973
2026-04-15 18:06:00,1.17973,1.18002,1.1795,1.17999
2026-04-15 18:09:00,1.17999,1.18006,1.17971,1.17981
2026-04-15 18:12:00,1.17981,1.18025,1.17973,1.18014
2026-04-15 18:15:00,1.1801300000000001,1.18019,1.17985,1.18009
2026-04-15 18:18:00,1.18009,1.18045,1.17985,1.18044
2026-04-15 18:21:00,1.18044,1.18061,1.18027,1.18044
2026-04-15 18:24:00,1.18044,1.18079,1.18039,1.18073
2026-04-15 18:27:00,1.18073,1.18078,1.18032,1.1804000000000001
2026-04-15 18:30:00,1.1804000000000001,1.1804000000000001,1.17976,1.18018
2026-04-15 18:33:00,1.18018,1.18021,1.17969,1.1799
2026-04-15 18:36:00,1.17991,1.18006,1.17975,1.17993
2026-04-15 18:39:00,1.17993,1.18018,1.1798899999999999,1.18017
2026-04-15 18:42:00,1.18017,1.18022,1.17993,1.18004
2026-04-15 18:45:00,1.18004,1.18026,1.18002,1.18011
2026-04-15 18:48:00,1.18011,1.1802,1.17996,1.1802
2026-04-15 18:51:00,1.18019,1.1802,1.1799,1.18003
2026-04-15 18:54:00,1.18003,1.18006,1.17981,1.17987
2026-04-15 18:57:00,1.17987,1.17999,1.1797900000000001,1.1798
2026-04-15 19:00:00,1.1797900000000001,1.18012,1.17966,1.1801
2026-04-15 19:03:00,1.1801,1.18018,1.1797900000000001,1.17996
2026-04-15 19:06:00,1.17996,1.18002,1.17982,1.17997
2026-04-15 19:09:00,1.17997,1.18008,1.1798,1.18003
2026-04-15 19:12:00,1.18007,1.1802,1.18,1.18019
2026-04-15 19:15:00,1.18019,1.18025,1.17996,1.18
2026-04-15 19:18:00,1.18,1.18,1.17984,1.1799
2026-04-15 19:21:00,1.1799,1.18019,1.17985,1.18001
2026-04-15 19:24:00,1.18,1.1801300000000001,1.17992,1.18005
2026-04-15 19:27:00,1.18005,1.18011,1.1798899999999999,1.18002
2026-04-15 19:30:00,1.18002,1.1801599999999999,1.17991,1.18012
2026-04-15 19:33:00,1.18012,1.18024,1.17999,1.18012
2026-04-15 19:36:00,1.18012,1.18015,1.17991,1.18006
2026-04-15 19:39:00,1.18006,1.18007,1.17962,1.17974
2026-04-15 19:42:00,1.17975,1.1801300000000001,1.1797,1.1801
2026-04-15 19:45:00,1.18011,1.1801599999999999,1.17992,1.18001
2026-04-15 19:48:00,1.18001,1.18021,1.1799,1.18015
2026-04-15 19:51:00,1.18015,1.18019,1.17991,1.18009
2026-04-15 19:54:00,1.18008,1.1801300000000001,1.17987,1.1798899999999999
2026-04-15 19:57:00,1.17991,1.1802,1.17991,1.18008
2026-04-15 20:00:00,1.18005,1.18011,1.17995,1.17997
2026-04-15 20:03:00,1.17998,1.1801,1.1798899999999999,1.18007
2026-04-15 20:06:00,1.18007,1.18018,1.18004,1.18017
2026-04-15 20:09:00,1.18017,1.18019,1.18,1.18012
2026-04-15 20:12:00,1.18012,1.18014,1.17998,1.18
2026-04-15 20:15:00,1.18,1.18014,1.1799,1.18007
2026-04-15 20:18:00,1.18007,1.18014,1.17984,1.17985
2026-04-15 20:21:00,1.17985,1.18,1.17978,1.17994
2026-04-15 20:24:00,1.17994,1.1801,1.17988,1.18007
2026-04-15 20:27:00,1.18007,1.18011,1.17983,1.1799
2026-04-15 20:30:00,1.1799,1.17994,1.17943,1.17958
2026-04-15 20:33:00,1.17958,1.17974,1.17949,1.1797
2026-04-15 20:36:00,1.1797,1.17978,1.17958,1.17963
2026-04-15 20:39:00,1.17963,1.17968,1.17948,1.17948
2026-04-15 20:42:00,1.17948,1.17953,1.17933,1.17949
2026-04-15 20:45:00,1.17949,1.17954,1.17923,1.17927
2026-04-15 20:48:00,1.17927,1.17942,1.17919,1.17939
2026-04-15 20:51:00,1.17939,1.17942,1.17921,1.17937
2026-04-15 20:54:00,1.17937,1.17944,1.17929,1.17941
2026-04-15 20:57:00,1.17945,1.17953,1.17937,1.17948
2026-04-15 21:00:00,1.17948,1.18011,1.17931,1.17965
2026-04-15 21:03:00,1.17965,1.18002,1.17954,1.17998
2026-04-15 21:06:00,1.17998,1.1801300000000001,1.17995,1.18001
2026-04-15 21:09:00,1.18001,1.18003,1.17984,1.18001
2026-04-15 21:12:00,1.18,1.18012,1.17995,1.18002
2026-04-15 21:15:00,1.18002,1.18012,1.1798899999999999,1.18007
2026-04-15 21:18:00,1.18007,1.18014,1.17991,1.17998
2026-04-15 21:21:00,1.17998,1.1801599999999999,1.17998,1.1801
2026-04-15 21:24:00,1.18009,1.18018,1.17993,1.18003
2026-04-15 21:27:00,1.18004,1.18006,1.17992,1.17994
2026-04-15 21:30:00,1.17994,1.17999,1.17983,1.17995
2026-04-15 21:33:00,1.17995,1.17999,1.17982,1.17995
2026-04-15 21:36:00,1.17995,1.17998,1.1797,1.17986
2026-04-15 21:39:00,1.17986,1.1799,1.17971,1.1797900000000001
2026-04-15 21:42:00,1.1797900000000001,1.1798,1.1796,1.17974
2026-04-15 21:45:00,1.17974,1.17991,1.1796,1.17991
2026-04-15 21:48:00,1.17991,1.18011,1.17987,1.18004
2026-04-15 21:51:00,1.18004,1.1801599999999999,1.17992,1.18011
2026-04-15 21:54:00,1.18011,1.18014,1.17992,1.18007
2026-04-15 21:57:00,1.18007,1.1801,1.17995,1.18003
2026-04-15 22:00:00,1.18003,1.18015,1.17986,1.18012
2026-04-15 22:03:00,1.18012,1.18047,1.18003,1.18036
2026-04-15 22:06:00,1.18037,1.1804000000000001,1.18014,1.18023
2026-04-15 22:09:00,1.18023,1.1803,1.18007,1.18012
2026-04-15 22:12:00,1.18012,1.18015,1.1798899999999999,1.17995
2026-04-15 22:15:00,1.17995,1.18,1.17982,1.17999
2026-04-15 22:18:00,1.17999,1.18009,1.17988,1.18004
2026-04-15 22:21:00,1.18004,1.1801300000000001,1.17999,1.1801300000000001
2026-04-15 22:24:00,1.1801300000000001,1.1801300000000001,1.17993,1.18002
2026-04-15 22:27:00,1.18002,1.1801300000000001,1.17988,1.18009
2026-04-15 22:30:00,1.18009,1.1802,1.18004,1.18017
2026-04-15 22:33:00,1.18017,1.18032,1.18015,1.18028
2026-04-15 22:36:00,1.18028,1.1803,1.18019,1.18026
2026-04-15 22:39:00,1.18026,1.18028,1.18012,1.1801599999999999
2026-04-15 22:42:00,1.1801599999999999,1.18019,1.18004,1.18015
2026-04-15 22:45:00,1.18015,1.18019,1.18007,1.18015
2026-04-15 22:48:00,1.18014,1.18027,1.18011,1.18023
2026-04-15 22:51:00,1.18023,1.18023,1.18012,1.18018
2026-04-15 22:54:00,1.18018,1.18021,1.18003,1.18003
2026-04-15 22:57:00,1.18004,1.1801,1.17991,1.17997
2026-04-15 23:00:00,1.17996,1.17999,1.17974,1.17975
2026-04-15 23:03:00,1.17975,1.17978,1.17963,1.17963
2026-04-15 23:06:00,1.17963,1.17972,1.17947,1.17961
2026-04-15 23:09:00,1.1796,1.17978,1.17956,1.17976
2026-04-15 23:12:00,1.17976,1.17985,1.17974,1.17984
2026-04-15 23:15:00,1.17984,1.17984,1.17965,1.17974
2026-04-15 23:18:00,1.17974,1.17978,1.17964,1.17975
2026-04-15 23:21:00,1.17975,1.17977,1.1796,1.17966
2026-04-15 23:24:00,1.17966,1.17984,1.17966,1.17981
2026-04-15 23:27:00,1.17981,1.17981,1.17958,1.17976
2026-04-15 23:30:00,1.17976,1.17978,1.17957,1.17964
2026-04-15 23:33:00,1.17964,1.1797,1.17951,1.1797
2026-04-15 23:36:00,1.1797,1.17971,1.17963,1.17964
2026-04-15 23:39:00,1.17964,1.17974,1.17963,1.17968
2026-04-15 23:42:00,1.17969,1.17974,1.17966,1.17973
2026-04-15 23:45:00,1.17973,1.17982,1.1797,1.1797900000000001
2026-04-15 23:48:00,1.1797900000000001,1.1797900000000001,1.17971,1.17974
2026-04-15 23:51:00,1.17974,1.17994,1.17973,1.17994
2026-04-15 23:54:00,1.17994,1.18007,1.1799,1.17998
2026-04-15 23:57:00,1.17998,1.18004,1.17986,1.17986
2026-04-16 00:00:00,1.17986,1.18002,1.17986,1.17998
2026-04-16 00:03:00,1.18001,1.18004,1.17963,1.17983
2026-04-16 00:06:00,1.17983,1.17997,1.17983,1.17992
2026-04-16 00:09:00,1.17992,1.17992,1.17968,1.17978
2026-04-16 00:12:00,1.17978,1.1798899999999999,1.17967,1.17968
2026-04-16 00:15:00,1.17968,1.17991,1.17967,1.17986
2026-04-16 00:18:00,1.17986,1.17992,1.17971,1.17987
2026-04-16 00:21:00,1.17987,1.17987,1.17975,1.17982
2026-04-16 00:24:00,1.17982,1.17983,1.17977,1.17981
2026-04-16 00:27:00,1.17981,1.17983,1.17978,1.17981
2026-04-16 00:30:00,1.17981,1.17986,1.17975,1.17982
2026-04-16 00:33:00,1.1798,1.17985,1.17972,1.17985
2026-04-16 00:36:00,1.17985,1.18015,1.1797900000000001,1.1801300000000001
2026-04-16 00:39:00,1.1801300000000001,1.18024,1.18006,1.1802
2026-04-16 00:42:00,1.1802,1.18023,1.18009,1.18011
2026-04-16 00:45:00,1.18011,1.18012,1.17991,1.17995
2026-04-16 00:48:00,1.17995,1.18015,1.17995,1.17996
2026-04-16 00:51:00,1.17996,1.17996,1.17978,1.17984
2026-04-16 00:54:00,1.17984,1.17984,1.17981,1.17981
2026-04-16 00:57:00,1.17981,1.17984,1.17973,1.17976
2026-04-16 01:00:00,1.17976,1.18025,1.17975,1.1802
2026-04-16 01:03:00,1.18019,1.18028,1.18006,1.1802
2026-04-16 01:06:00,1.1802,1.18021,1.18015,1.18019
2026-04-16 01:09:00,1.18019,1.18031,1.18015,1.18031
2026-04-16 01:12:00,1.1803,1.1803,1.18021,1.18021
2026-04-16 01:15:00,1.18021,1.18021,1.18004,1.18011
2026-04-16 01:18:00,1.18011,1.1801599999999999,1.17996,1.1801
2026-04-16 01:21:00,1.1801,1.18017,1.18006,1.18012
2026-04-16 01:24:00,1.18011,1.18015,1.18004,1.18012
2026-04-16 01:27:00,1.18012,1.1801300000000001,1.18003,1.18011
2026-04-16 01:30:00,1.18011,1.18018,1.18007,1.1801300000000001
2026-04-16 01:33:00,1.18014,1.1801599999999999,1.18012,1.1801300000000001
2026-04-16 01:36:00,1.18012,1.1801300000000001,1.18007,1.1801
2026-04-16 01:39:00,1.1801,1.18014,1.18005,1.18012
2026-04-16 01:42:00,1.18011,1.1801599999999999,1.18002,1.1801300000000001
2026-04-16 01:45:00,1.1801300000000001,1.1802,1.1801,1.1801
2026-04-16 01:48:00,1.1801,1.18026,1.18009,1.18017
2026-04-16 01:51:00,1.18017,1.18029,1.18015,1.18023
2026-04-16 01:54:00,1.18022,1.18029,1.18018,1.18023
2026-04-16 01:57:00,1.18024,1.18024,1.1801,1.1802
2026-04-16 02:00:00,1.1802,1.1803,1.18012,1.1802
2026-04-16 02:03:00,1.1802,1.18041,1.18017,1.18041
2026-04-16 02:06:00,1.1804000000000001,1.18045,1.1803,1.18044
2026-04-16 02:09:00,1.18044,1.18044,1.18031,1.18038
2026-04-16 02:12:00,1.18038,1.18042,1.18032,1.18038
2026-04-16 02:15:00,1.18038,1.18046,1.18033,1.18045
2026-04-16 02:18:00,1.18045,1.18046,1.18036,1.1804000000000001
2026-04-16 02:21:00,1.1804000000000001,1.18045,1.18028,1.18045
2026-04-16 02:24:00,1.18045,1.18046,1.1803,1.18035
2026-04-16 02:27:00,1.18035,1.18041,1.18028,1.18036
2026-04-16 02:30:00,1.18036,1.18036,1.18029,1.18035
2026-04-16 02:33:00,1.18035,1.18046,1.1803,1.18043
2026-04-16 02:36:00,1.18043,1.18051,1.18038,1.18051
2026-04-16 02:39:00,1.18051,1.18057,1.18049,1.18057
2026-04-16 02:42:00,1.18057,1.18068,1.18052,1.18059
2026-04-16 02:45:00,1.18059,1.18075,1.18054,1.18067
2026-04-16 02:48:00,1.18067,1.18073,1.18062,1.18071
2026-04-16 02:51:00,1.18071,1.1807699999999999,1.18057,1.18076
2026-04-16 02:54:00,1.1807699999999999,1.1807699999999999,1.18055,1.18065
2026-04-16 02:57:00,1.18065,1.18067,1.18057,1.18057
2026-04-16 03:00:00,1.18066,1.18084,1.18051,1.18062
2026-04-16 03:03:00,1.18062,1.18063,1.18025,1.18032
2026-04-16 03:06:00,1.18031,1.18037,1.18027,1.1803
2026-04-16 03:09:00,1.1803,1.18038,1.18026,1.18035
2026-04-16 03:12:00,1.18035,1.18046,1.18035,1.18036
2026-04-16 03:15:00,1.18036,1.18065,1.1803,1.18045
2026-04-16 03:18:00,1.18045,1.18049,1.18036,1.18045
2026-04-16 03:21:00,1.18045,1.18045,1.18031,1.18038
2026-04-16 03:24:00,1.18038,1.1804000000000001,1.18031,1.18037
2026-04-16 03:27:00,1.18037,1.1804999999999999,1.18035,1.18048
2026-04-16 03:30:00,1.18048,1.18055,1.18042,1.18048
2026-04-16 03:33:00,1.18048,1.18048,1.18039,1.1804000000000001
2026-04-16 03:36:00,1.1804000000000001,1.18043,1.18031,1.1804000000000001
2026-04-16 03:39:00,1.1804000000000001,1.18044,1.18035,1.18039
2026-04-16 03:42:00,1.18039,1.18041,1.18035,1.18038
2026-04-16 03:45:00,1.18038,1.18038,1.18025,1.18035
2026-04-16 03:48:00,1.18035,1.1807400000000001,1.18034,1.18073
2026-04-16 03:51:00,1.18073,1.18073,1.18055,1.18062
2026-04-16 03:54:00,1.1806,1.18067,1.18053,1.18059
2026-04-16 03:57:00,1.18059,1.1807400000000001,1.18051,1.18073
2026-04-16 04:00:00,1.18073,1.18093,1.18065,1.18084
2026-04-16 04:03:00,1.18084,1.18086,1.18058,1.18076
2026-04-16 04:06:00,1.18076,1.18082,1.18066,1.18078
2026-04-16 04:09:00,1.18078,1.18081,1.18062,1.18075
2026-04-16 04:12:00,1.18076,1.1807699999999999,1.1806,1.18071
2026-04-16 04:15:00,1.18071,1.18071,1.18036,1.18036
2026-04-16 04:18:00,1.18036,1.18061,1.18036,1.1806
2026-04-16 04:21:00,1.1806,1.18068,1.18051,1.18062
2026-04-16 04:24:00,1.18062,1.18067,1.18036,1.18048
2026-04-16 04:27:00,1.18048,1.18052,1.1804000000000001,1.1804000000000001
2026-04-16 04:30:00,1.1804000000000001,1.18059,1.1804000000000001,1.18041
2026-04-16 04:33:00,1.1804000000000001,1.18041,1.17984,1.17999
2026-04-16 04:36:00,1.17999,1.18,1.17963,1.17986
2026-04-16 04:39:00,1.17987,1.18004,1.17985,1.18001
2026-04-16 04:42:00,1.18001,1.18023,1.18001,1.18007
2026-04-16 04:45:00,1.18007,1.18028,1.18003,1.1802
2026-04-16 04:48:00,1.1802,1.18035,1.1801,1.18034
2026-04-16 04:51:00,1.18035,1.18035,1.18014,1.18035
2026-04-16 04:54:00,1.18035,1.18037,1.18008,1.1802
2026-04-16 04:57:00,1.1802,1.18029,1.18011,1.18024
2026-04-16 05:00:00,1.18024,1.18058,1.18024,1.1804000000000001
2026-04-16 05:03:00,1.1804000000000001,1.1804000000000001,1.18011,1.18024
2026-04-16 05:06:00,1.18012,1.18031,1.18012,1.18019
2026-04-16 05:09:00,1.18019,1.18034,1.18015,1.18034
2026-04-16 05:12:00,1.18034,1.18034,1.1802,1.18023
2026-04-16 05:15:00,1.18023,1.18044,1.18023,1.18034
2026-04-16 05:18:00,1.18034,1.18044,1.1802,1.18031
2026-04-16 05:21:00,1.18031,1.18038,1.18021,1.18033
2026-04-16 05:24:00,1.18034,1.18041,1.18029,1.18032
2026-04-16 05:27:00,1.18032,1.18043,1.18026,1.18038
2026-04-16 05:30:00,1.18038,1.18073,1.18038,1.18064
2026-04-16 05:33:00,1.18064,1.18073,1.18054,1.18067
2026-04-16 05:36:00,1.18067,1.18086,1.18058,1.18064
2026-04-16 05:39:00,1.18064,1.1811099999999999,1.18061,1.1811
2026-04-16 05:42:00,1.1811,1.18174,1.18103,1.18164
2026-04-16 05:45:00,1.18168,1.18176,1.1812,1.18121
2026-04-16 05:48:00,1.18121,1.18166,1.18121,1.18163
2026-04-16 05:51:00,1.18163,1.18163,1.18122,1.18126
2026-04-16 05:54:00,1.18126,1.18157,1.18123,1.18151
2026-04-16 05:57:00,1.18151,1.18173,1.18141,1.1817
2026-04-16 06:00:00,1.1817,1.18191,1.18164,1.18188
2026-04-16 06:03:00,1.18188,1.18225,1.18183,1.1822
2026-04-16 06:06:00,1.1822,1.18238,1.18214,1.18224
2026-04-16 06:09:00,1.18224,1.18225,1.18189,1.1819
2026-04-16 06:12:00,1.1819,1.18198,1.18175,1.18184
2026-04-16 06:15:00,1.18184,1.18195,1.18168,1.18178
2026-04-16 06:18:00,1.18178,1.18178,1.18158,1.1817
2026-04-16 06:21:00,1.1817,1.1817,1.18152,1.18166
2026-04-16 06:24:00,1.18166,1.18168,1.18146,1.18165
2026-04-16 06:27:00,1.18165,1.18173,1.18149,1.18154
2026-04-16 06:30:00,1.18154,1.18161,1.18145,1.18146
2026-04-16 06:33:00,1.18146,1.18153,1.18129,1.18143
2026-04-16 06:36:00,1.18143,1.18144,1.18125,1.18133
2026-04-16 06:39:00,1.18133,1.1814,1.18119,1.18125
2026-04-16 06:42:00,1.18129,1.18146,1.18117,1.18142
2026-04-16 06:45:00,1.18142,1.18159,1.18139,1.18145
2026-04-16 06:48:00,1.18145,1.18154,1.18131,1.18149
2026-04-16 06:51:00,1.18149,1.18149,1.18129,1.18139
2026-04-16 06:54:00,1.18139,1.18146,1.18123,1.18128
2026-04-16 06:57:00,1.18127,1.1814,1.18123,1.18125
2026-04-16 07:00:00,1.18125,1.18129,1.1811,1.18116
2026-04-16 07:03:00,1.18116,1.18121,1.1810100000000001,1.18107
2026-04-16 07:06:00,1.18107,1.18117,1.18095,1.18104
2026-04-16 07:09:00,1.18104,1.18114,1.18104,1.18108
2026-04-16 07:12:00,1.18109,1.18115,1.18107,1.18113
2026-04-16 07:15:00,1.18113,1.18123,1.18104,1.18123
2026-04-16 07:18:00,1.18123,1.18123,1.1811,1.18122
2026-04-16 07:21:00,1.18122,1.1813,1.18114,1.18114
2026-04-16 07:24:00,1.18114,1.18118,1.1810100000000001,1.18108
2026-04-16 07:27:00,1.18108,1.18113,1.18103,1.18109
2026-04-16 07:30:00,1.18109,1.18114,1.18104,1.18112
2026-04-16 07:33:00,1.18112,1.18118,1.18099,1.18109
2026-04-16 07:36:00,1.18109,1.1811099999999999,1.18096,1.1811
2026-04-16 07:39:00,1.1811,1.18113,1.18092,1.18103
2026-04-16 07:42:00,1.18103,1.18108,1.18084,1.18099
2026-04-16 07:45:00,1.18099,1.18099,1.1807400000000001,1.1809
2026-04-16 07:48:00,1.1809,1.18094,1.1807699999999999,1.18084
2026-04-16 07:51:00,1.18084,1.18088,1.1807,1.18082
2026-04-16 07:54:00,1.18082,1.1809,1.18079,1.18089
2026-04-16 07:57:00,1.18089,1.18104,1.18084,1.18093
2026-04-16 08:00:00,1.18093,1.18094,1.18078,1.18089
2026-04-16 08:03:00,1.1809,1.18095,1.18087,1.18093
2026-04-16 08:06:00,1.18094,1.181,1.18085,1.18086
2026-04-16 08:09:00,1.18086,1.18094,1.1807699999999999,1.18078
2026-04-16 08:12:00,1.18078,1.18085,1.1807,1.18078
2026-04-16 08:15:00,1.18078,1.18083,1.1807,1.1807400000000001
2026-04-16 08:18:00,1.1807400000000001,1.18076,1.18063,1.18065
2026-04-16 08:21:00,1.18065,1.18069,1.18051,1.18051
2026-04-16 08:24:00,1.18051,1.18053,1.1802,1.18032
2026-04-16 08:27:00,1.18032,1.18052,1.18022,1.18039
2026-04-16 08:30:00,1.18039,1.18057,1.18039,1.18054
2026-04-16 08:33:00,1.18054,1.1807400000000001,1.18049,1.18064
2026-04-16 08:36:00,1.18064,1.18076,1.18056,1.18071
2026-04-16 08:39:00,1.18071,1.18087,1.18063,1.18066
2026-04-16 08:42:00,1.18066,1.18066,1.18017,1.18037
2026-04-16 08:45:00,1.18037,1.18059,1.18037,1.18054
2026-04-16 08:48:00,1.18054,1.18064,1.18049,1.18062
2026-04-16 08:51:00,1.18062,1.1807699999999999,1.18054,1.18075
2026-04-16 08:54:00,1.18075,1.1807699999999999,1.18048,1.1806
2026-04-16 08:57:00,1.1806,1.1806,1.18034,1.18037
2026-04-16 09:00:00,1.18034,1.18069,1.18034,1.18046
2026-04-16 09:03:00,1.18046,1.18046,1.18005,1.18015
2026-04-16 09:06:00,1.18015,1.18033,1.18006,1.18015
2026-04-16 09:09:00,1.18015,1.18027,1.18003,1.18026
2026-04-16 09:12:00,1.18026,1.18035,1.18012,1.18014
2026-04-16 09:15:00,1.1801300000000001,1.18019,1.17993,1.17997
2026-04-16 09:18:00,1.17997,1.18004,1.17982,1.17999
2026-04-16 09:21:00,1.17999,1.18006,1.17975,1.1799
2026-04-16 09:24:00,1.1798899999999999,1.17991,1.17964,1.1798
2026-04-16 09:27:00,1.1798,1.17984,1.17942,1.17972
2026-04-16 09:30:00,1.17972,1.17976,1.17932,1.17957
2026-04-16 09:33:00,1.17957,1.17969,1.17949,1.1795499999999999
2026-04-16 09:36:00,1.1795499999999999,1.1796,1.17941,1.1796
2026-04-16 09:39:00,1.1796,1.17978,1.1795200000000001,1.17965
2026-04-16 09:42:00,1.17965,1.17985,1.17965,1.17981
2026-04-16 09:45:00,1.17982,1.17994,1.17968,1.17982
2026-04-16 09:48:00,1.17982,1.18026,1.17976,1.18023
2026-04-16 09:51:00,1.18023,1.18031,1.1801300000000001,1.18023
2026-04-16 09:54:00,1.18023,1.18034,1.18001,1.18018
2026-04-16 09:57:00,1.18018,1.18054,1.18015,1.18031
2026-04-16 10:00:00,1.18032,1.18048,1.17996,1.18002
2026-04-16 10:03:00,1.17998,1.1803,1.1797900000000001,1.18015
2026-04-16 10:06:00,1.1801599999999999,1.18029,1.17995,1.18017
2026-04-16 10:09:00,1.18018,1.18031,1.18003,1.18017
2026-04-16 10:12:00,1.18017,1.18023,1.17999,1.18006
2026-04-16 10:15:00,1.18011,1.18012,1.17974,1.17977
2026-04-16 10:18:00,1.17977,1.17982,1.17962,1.17968
2026-04-16 10:21:00,1.17968,1.17983,1.17935,1.17968
2026-04-16 10:24:00,1.17968,1.17998,1.17959,1.17984
2026-04-16 10:27:00,1.17984,1.17993,1.17959,1.17983
2026-04-16 10:30:00,1.17983,1.17983,1.17926,1.17937
2026-04-16 10:33:00,1.17937,1.17957,1.17937,1.17948
2026-04-16 10:36:00,1.17948,1.17959,1.17941,1.17946
2026-04-16 10:39:00,1.17946,1.1795499999999999,1.17933,1.17949
2026-04-16 10:42:00,1.17949,1.17972,1.17948,1.17963
2026-04-16 10:45:00,1.17963,1.17963,1.17926,1.17933
2026-04-16 10:48:00,1.17932,1.17948,1.17927,1.17941
2026-04-16 10:51:00,1.17941,1.17944,1.17902,1.17913
2026-04-16 10:54:00,1.17913,1.1792799999999999,1.17902,1.17917
2026-04-16 10:57:00,1.17917,1.17941,1.1791,1.17914
2026-04-16 11:00:00,1.17914,1.17938,1.17906,1.1792
2026-04-16 11:03:00,1.17919,1.17933,1.17877,1.17889
2026-04-16 11:06:00,1.17889,1.17892,1.17844,1.17869
2026-04-16 11:09:00,1.17869,1.17895,1.17863,1.17887
2026-04-16 11:12:00,1.17887,1.17887,1.1783,1.17842
2026-04-16 11:15:00,1.17842,1.17865,1.17824,1.17841
2026-04-16 11:18:00,1.17841,1.17845,1.17811,1.17822
2026-04-16 11:21:00,1.17822,1.17838,1.17822,1.1783
2026-04-16 11:24:00,1.17829,1.17834,1.17751,1.1777
2026-04-16 11:27:00,1.1777,1.17797,1.17769,1.17797
2026-04-16 11:30:00,1.17797,1.17815,1.17788,1.17808
2026-04-16 11:33:00,1.17808,1.1782,1.17792,1.1781
2026-04-16 11:36:00,1.17809,1.17809,1.17783,1.17805
2026-04-16 11:39:00,1.17805,1.17844,1.17801,1.1784
2026-04-16 11:42:00,1.1784,1.17842,1.17818,1.17835
2026-04-16 11:45:00,1.17835,1.17856,1.17828,1.17853
2026-04-16 11:48:00,1.17854,1.17864,1.17844,1.17858
2026-04-16 11:51:00,1.17858,1.17868,1.17845,1.17863
2026-04-16 11:54:00,1.17863,1.17876,1.1785,1.17873
2026-04-16 11:57:00,1.17873,1.17883,1.17854,1.17862
2026-04-16 12:00:00,1.17862,1.17875,1.17843,1.1786699999999999
2026-04-16 12:03:00,1.17866,1.17876,1.17861,1.1786699999999999
2026-04-16 12:06:00,1.1786699999999999,1.1786699999999999,1.17827,1.17834
2026-04-16 12:09:00,1.17839,1.1785700000000001,1.17828,1.17829
2026-04-16 12:12:00,1.17829,1.1783,1.17808,1.17816
2026-04-16 12:15:00,1.17816,1.17838,1.1781,1.17824
2026-04-16 12:18:00,1.17824,1.17824,1.17784,1.17801
2026-04-16 12:21:00,1.17801,1.17805,1.17779,1.17788
2026-04-16 12:24:00,1.17788,1.1779600000000001,1.17777,1.17786
2026-04-16 12:27:00,1.17786,1.17797,1.17783,1.17789
2026-04-16 12:30:00,1.17789,1.17798,1.17763,1.17798
2026-04-16 12:33:00,1.17798,1.17843,1.17786,1.17834
2026-04-16 12:36:00,1.17834,1.17853,1.17824,1.17828
2026-04-16 12:39:00,1.17828,1.17838,1.17807,1.17819
2026-04-16 12:42:00,1.17823,1.17825,1.17782,1.17798
2026-04-16 12:45:00,1.17797,1.17803,1.17774,1.17782
2026-04-16 12:48:00,1.17782,1.17792,1.17768,1.17779
2026-04-16 12:51:00,1.17777,1.17823,1.1777199999999999,1.17804
2026-04-16 12:54:00,1.17804,1.17817,1.17779,1.17785
2026-04-16 12:57:00,1.17785,1.17801,1.17776,1.17795
2026-04-16 13:00:00,1.17794,1.17797,1.1777,1.17788
2026-04-16 13:03:00,1.17788,1.17788,1.17744,1.17768
2026-04-16 13:06:00,1.17768,1.17777,1.17749,1.1777199999999999
2026-04-16 13:09:00,1.1777199999999999,1.17797,1.17761,1.17768
2026-04-16 13:12:00,1.17768,1.17803,1.17764,1.17798
2026-04-16 13:15:00,1.17797,1.17801,1.1777199999999999,1.17775
2026-04-16 13:18:00,1.17777,1.17784,1.17763,1.17765
2026-04-16 13:21:00,1.17765,1.17768,1.17737,1.17753
2026-04-16 13:24:00,1.17753,1.17763,1.17732,1.17754
2026-04-16 13:27:00,1.17754,1.17754,1.1772,1.17727
2026-04-16 13:30:00,1.17727,1.1776,1.17716,1.17754
2026-04-16 13:33:00,1.17753,1.17763,1.17744,1.17746
2026-04-16 13:36:00,1.17746,1.17751,1.17734,1.17744
2026-04-16 13:39:00,1.17744,1.1776,1.17741,1.1776
2026-04-16 13:42:00,1.17759,1.17781,1.17756,1.17776
2026-04-16 13:45:00,1.17776,1.17781,1.17759,1.17769
2026-04-16 13:48:00,1.17769,1.17782,1.17765,1.17765
2026-04-16 13:51:00,1.17769,1.17781,1.17749,1.17775
2026-04-16 13:54:00,1.17775,1.1779,1.1776,1.1779
2026-04-16 13:57:00,1.1779,1.17801,1.17782,1.17797
2026-04-16 14:00:00,1.17797,1.1783,1.1779600000000001,1.17819
2026-04-16 14:03:00,1.17819,1.17879,1.17819,1.17866
2026-04-16 14:06:00,1.17866,1.17883,1.17851,1.17866
2026-04-16 14:09:00,1.17868,1.17882,1.17853,1.1786
2026-04-16 14:12:00,1.1786,1.17865,1.17847,1.1786
2026-04-16 14:15:00,1.1786,1.17884,1.1785,1.17882
2026-04-16 14:18:00,1.17882,1.17886,1.17835,1.17854
2026-04-16 14:21:00,1.17854,1.17856,1.17834,1.17851
2026-04-16 14:24:00,1.1785700000000001,1.1786,1.1783,1.17843
2026-04-16 14:27:00,1.17843,1.17861,1.17839,1.17858
2026-04-16 14:30:00,1.17858,1.17871,1.17836,1.17839
2026-04-16 14:33:00,1.17839,1.17846,1.1783299999999999,1.17843
2026-04-16 14:36:00,1.17843,1.17855,1.17832,1.17852
2026-04-16 14:39:00,1.17852,1.17855,1.17824,1.17831
2026-04-16 14:42:00,1.17832,1.17842,1.17817,1.17839
2026-04-16 14:45:00,1.17839,1.17852,1.17817,1.17832
2026-04-16 14:48:00,1.17832,1.17845,1.17797,1.17832
2026-04-16 14:51:00,1.17832,1.17841,1.17818,1.17836
2026-04-16 14:54:00,1.17836,1.17844,1.17816,1.17844
2026-04-16 14:57:00,1.17844,1.17855,1.17829,1.17839
2026-04-16 15:00:00,1.17839,1.17846,1.17817,1.17828
2026-04-16 15:03:00,1.17828,1.1783299999999999,1.17797,1.17815
2026-04-16 15:06:00,1.17815,1.1783299999999999,1.17777,1.17814
2026-04-16 15:09:00,1.17805,1.17821,1.1778,1.17799
2026-04-16 15:12:00,1.17799,1.17804,1.17769,1.17799
2026-04-16 15:15:00,1.17799,1.17805,1.17766,1.17766
2026-04-16 15:18:00,1.17766,1.17793,1.17757,1.17783
2026-04-16 15:21:00,1.17783,1.1779600000000001,1.17769,1.17779
2026-04-16 15:24:00,1.17779,1.17811,1.17775,1.17805
2026-04-16 15:27:00,1.17805,1.17826,1.17789,1.17816
2026-04-16 15:30:00,1.17816,1.17821,1.17764,1.1777199999999999
2026-04-16 15:33:00,1.1777199999999999,1.17827,1.17759,1.17826
2026-04-16 15:36:00,1.17823,1.17829,1.17798,1.17798
2026-04-16 15:39:00,1.17798,1.17817,1.17781,1.17781
2026-04-16 15:42:00,1.17782,1.17836,1.17779,1.17836
2026-04-16 15:45:00,1.17836,1.17845,1.17803,1.1781
2026-04-16 15:48:00,1.17816,1.17839,1.17808,1.17827
2026-04-16 15:51:00,1.17827,1.17837,1.17817,1.17823
2026-04-16 15:54:00,1.17823,1.1784,1.17816,1.17823
2026-04-16 15:57:00,1.17823,1.17831,1.17813,1.17815
2026-04-16 16:00:00,1.17815,1.17832,1.17803,1.17825
2026-04-16 16:03:00,1.17825,1.17825,1.17802,1.17809
2026-04-16 16:06:00,1.17809,1.17817,1.17795,1.178
2026-04-16 16:09:00,1.178,1.17809,1.17773,1.17781
2026-04-16 16:12:00,1.17781,1.17811,1.17781,1.1781
2026-04-16 16:15:00,1.1781,1.17834,1.17808,1.17819
2026-04-16 16:18:00,1.17819,1.1783299999999999,1.17815,1.17825
2026-04-16 16:21:00,1.17825,1.17831,1.17812,1.17812
2026-04-16 16:24:00,1.17812,1.1782,1.1779600000000001,1.17814
2026-04-16 16:27:00,1.17815,1.17829,1.17797,1.17809
2026-04-16 16:30:00,1.17809,1.17811,1.17777,1.17788
2026-04-16 16:33:00,1.17788,1.17813,1.17779,1.178
2026-04-16 16:36:00,1.17801,1.17801,1.17761,1.17778
2026-04-16 16:39:00,1.17778,1.17788,1.1774499999999999,1.17761
2026-04-16 16:42:00,1.17756,1.1778,1.17749,1.17778
2026-04-16 16:45:00,1.17778,1.17798,1.17756,1.1776200000000001
2026-04-16 16:48:00,1.1776200000000001,1.1778,1.17755,1.17769
2026-04-16 16:51:00,1.17769,1.17774,1.17698,1.17724
2026-04-16 16:54:00,1.17724,1.17739,1.17693,1.17704
2026-04-16 16:57:00,1.17703,1.17724,1.17666,1.17719
2026-04-16 17:00:00,1.17725,1.1773,1.17683,1.17708
2026-04-16 17:03:00,1.17709,1.17758,1.17705,1.17756
2026-04-16 17:06:00,1.17756,1.17771,1.17744,1.17757
2026-04-16 17:09:00,1.1776,1.17778,1.17754,1.17775
2026-04-16 17:12:00,1.17775,1.1778,1.17752,1.17769
2026-04-16 17:15:00,1.17769,1.17785,1.17721,1.17744
2026-04-16 17:18:00,1.17744,1.17769,1.17742,1.17755
2026-04-16 17:21:00,1.17755,1.17771,1.17728,1.17749
2026-04-16 17:24:00,1.17749,1.17774,1.17734,1.17767
2026-04-16 17:27:00,1.17768,1.17785,1.17761,1.17783
2026-04-16 17:30:00,1.17783,1.17788,1.1776200000000001,1.17767
2026-04-16 17:33:00,1.17771,1.1780599999999999,1.17764,1.17787
2026-04-16 17:36:00,1.17787,1.17804,1.17759,1.1777199999999999
2026-04-16 17:39:00,1.1777199999999999,1.17783,1.17747,1.17756
2026-04-16 17:42:00,1.17754,1.17799,1.17752,1.1779600000000001
2026-04-16 17:45:00,1.1779600000000001,1.1780599999999999,1.17784,1.17799
2026-04-16 17:48:00,1.1779600000000001,1.1782,1.17765,1.17775
2026-04-16 17:51:00,1.17774,1.17775,1.17718,1.1773500000000001
2026-04-16 17:54:00,1.1773500000000001,1.17736,1.17685,1.17708
2026-04-16 17:57:00,1.17708,1.17723,1.17683,1.17712
2026-04-16 18:00:00,1.17712,1.17734,1.17694,1.17733
2026-04-16 18:03:00,1.17733,1.17769,1.17725,1.17768
2026-04-16 18:06:00,1.17768,1.17776,1.17738,1.17766
2026-04-16 18:09:00,1.17766,1.1779600000000001,1.17764,1.17787
2026-04-16 18:12:00,1.17787,1.17795,1.17774,1.17783
2026-04-16 18:15:00,1.17783,1.17804,1.17774,1.17785
2026-04-16 18:18:00,1.17785,1.17786,1.17761,1.17775
2026-04-16 18:21:00,1.17775,1.17779,1.17749,1.17756
2026-04-16 18:24:00,1.17756,1.17771,1.17749,1.17756
2026-04-16 18:27:00,1.17756,1.17767,1.17742,1.17747
2026-04-16 18:30:00,1.17747,1.1778,1.17741,1.17768
2026-04-16 18:33:00,1.17767,1.1778,1.17747,1.17748
2026-04-16 18:36:00,1.17748,1.17814,1.1773500000000001,1.17791
2026-04-16 18:39:00,1.17791,1.17795,1.17768,1.17781
2026-04-16 18:42:00,1.1778,1.17788,1.17749,1.1777199999999999
2026-04-16 18:45:00,1.1777199999999999,1.17801,1.17771,1.17795
2026-04-16 18:48:00,1.17795,1.17802,1.17784,1.17788
2026-04-16 18:51:00,1.17788,1.178,1.17774,1.17775
2026-04-16 18:54:00,1.17775,1.17802,1.17759,1.17801
2026-04-16 18:57:00,1.17802,1.17821,1.17779,1.1782
2026-04-16 19:00:00,1.1782,1.17826,1.1779,1.17804
2026-04-16 19:03:00,1.17804,1.17823,1.17801,1.17818
2026-04-16 19:06:00,1.17818,1.17837,1.1781,1.17825
2026-04-16 19:09:00,1.17828,1.17853,1.17819,1.17851
2026-04-16 19:12:00,1.17851,1.17854,1.17842,1.17854
2026-04-16 19:15:00,1.17854,1.17863,1.17832,1.17842
2026-04-16 19:18:00,1.17842,1.17871,1.1784,1.17864
2026-04-16 19:21:00,1.17863,1.17863,1.17813,1.17824
2026-04-16 19:24:00,1.17824,1.17828,1.1781,1.17818
2026-04-16 19:27:00,1.17819,1.17823,1.17802,1.17808
2026-04-16 19:30:00,1.17807,1.17811,1.17777,1.17804
2026-04-16 19:33:00,1.17803,1.17803,1.17681,1.17731
2026-04-16 19:36:00,1.17732,1.17768,1.17732,1.17763
2026-04-16 19:39:00,1.17763,1.17765,1.17742,1.1775
2026-04-16 19:42:00,1.1775,1.17756,1.17732,1.1774499999999999
2026-04-16 19:45:00,1.1774499999999999,1.17748,1.17731,1.1773500000000001
2026-04-16 19:48:00,1.1773500000000001,1.17744,1.17729,1.17739
2026-04-16 19:51:00,1.17739,1.17759,1.17709,1.17726
2026-04-16 19:54:00,1.17726,1.17731,1.17702,1.1773
2026-04-16 19:57:00,1.1773,1.17756,1.17718,1.17748
2026-04-16 20:00:00,1.17748,1.17754,1.17722,1.17736
2026-04-16 20:03:00,1.17736,1.1774,1.17714,1.17722
2026-04-16 20:06:00,1.17722,1.17738,1.1771,1.17727
2026-04-16 20:09:00,1.17727,1.1774,1.17703,1.17714
2026-04-16 20:12:00,1.17714,1.17717,1.17675,1.17683
2026-04-16 20:15:00,1.17683,1.17704,1.17676,1.17699
2026-04-16 20:18:00,1.17699,1.1772,1.17682,1.17719
2026-04-16 20:21:00,1.17719,1.17721,1.17698,1.17706
2026-04-16 20:24:00,1.17706,1.17731,1.17705,1.17718
2026-04-16 20:27:00,1.17718,1.17722,1.17709,1.17713
2026-04-16 20:30:00,1.17713,1.17753,1.17713,1.1774499999999999
2026-04-16 20:33:00,1.1774499999999999,1.17747,1.17731,1.1773500000000001
2026-04-16 20:36:00,1.1773500000000001,1.1774,1.17715,1.17733
2026-04-16 20:39:00,1.17733,1.17746,1.17723,1.17741
2026-04-16 20:42:00,1.17736,1.1774499999999999,1.17725,1.17738
2026-04-16 20:45:00,1.17737,1.1774,1.17722,1.1773500000000001
2026-04-16 20:48:00,1.1773500000000001,1.17739,1.17724,1.17733
2026-04-16 20:51:00,1.17733,1.17738,1.17715,1.17732
2026-04-16 20:54:00,1.17732,1.17734,1.17722,1.17725
2026-04-16 20:57:00,1.17725,1.17739,1.17705,1.17734
2026-04-16 21:00:00,1.17734,1.17787,1.17727,1.17775
2026-04-16 21:03:00,1.17775,1.1779600000000001,1.17763,1.1779600000000001
2026-04-16 21:06:00,1.1779600000000001,1.17809,1.17767,1.17774
2026-04-16 21:09:00,1.17774,1.17776,1.17744,1.1775
2026-04-16 21:12:00,1.1775,1.17769,1.17744,1.17766
2026-04-16 21:15:00,1.17766,1.17779,1.1776,1.17775
2026-04-16 21:18:00,1.17775,1.17782,1.17771,1.17777
2026-04-16 21:21:00,1.17777,1.17784,1.17764,1.17768
2026-04-16 21:24:00,1.17769,1.17775,1.17759,1.17773
2026-04-16 21:27:00,1.17773,1.17782,1.17754,1.17781
2026-04-16 21:30:00,1.17781,1.17795,1.17766,1.17783
2026-04-16 21:33:00,1.17783,1.17802,1.17782,1.17794
2026-04-16 21:36:00,1.17794,1.17804,1.17787,1.17801
2026-04-16 21:39:00,1.17801,1.17807,1.17782,1.17785
2026-04-16 21:42:00,1.17785,1.17795,1.17764,1.17771
2026-04-16 21:45:00,1.1778,1.17791,1.17764,1.17778
2026-04-16 21:48:00,1.17778,1.1779600000000001,1.17775,1.17792
2026-04-16 21:51:00,1.17792,1.17807,1.17777,1.1780599999999999
2026-04-16 21:54:00,1.1780599999999999,1.17807,1.17785,1.17791
2026-04-16 21:57:00,1.17791,1.17804,1.17788,1.1779600000000001
2026-04-16 22:00:00,1.17795,1.17823,1.17795,1.17815
2026-04-16 22:03:00,1.17815,1.17819,1.17798,1.17812
2026-04-16 22:06:00,1.17812,1.17818,1.17793,1.17803
2026-04-16 22:09:00,1.17803,1.17829,1.17802,1.17824
2026-04-16 22:12:00,1.17824,1.17825,1.17809,1.1781
2026-04-16 22:15:00,1.1781,1.1782,1.17804,1.17819
2026-04-16 22:18:00,1.17819,1.17826,1.17818,1.17823
2026-04-16 22:21:00,1.17823,1.1783299999999999,1.17819,1.17825
2026-04-16 22:24:00,1.17825,1.1783299999999999,1.17813,1.17828
2026-04-16 22:27:00,1.17828,1.17845,1.17826,1.17834
2026-04-16 22:30:00,1.17834,1.1785700000000001,1.17828,1.17853
2026-04-16 22:33:00,1.17853,1.17853,1.17837,1.17837
2026-04-16 22:36:00,1.17842,1.17851,1.17838,1.17838
2026-04-16 22:39:00,1.17838,1.17846,1.17835,1.17843
2026-04-16 22:42:00,1.17843,1.17846,1.17821,1.17824
2026-04-16 22:45:00,1.17824,1.17829,1.17817,1.17822
2026-04-16 22:48:00,1.17823,1.17832,1.1782,1.17824
2026-04-16 22:51:00,1.17824,1.17824,1.1780599999999999,1.1780599999999999
2026-04-16 22:54:00,1.1780599999999999,1.17819,1.178,1.17811
2026-04-16 22:57:00,1.17811,1.17819,1.17805,1.1781
2026-04-16 23:00:00,1.17809,1.17824,1.17804,1.17818
2026-04-16 23:03:00,1.17818,1.17818,1.1779,1.17803
2026-04-16 23:06:00,1.17802,1.17812,1.17792,1.17793
2026-04-16 23:09:00,1.17793,1.17812,1.17792,1.1780599999999999
2026-04-16 23:12:00,1.1780599999999999,1.17816,1.17797,1.17815
2026-04-16 23:15:00,1.17815,1.17818,1.178,1.1780599999999999
2026-04-16 23:18:00,1.1780599999999999,1.1780599999999999,1.17795,1.178
2026-04-16 23:21:00,1.178,1.17801,1.1778,1.17792
2026-04-16 23:24:00,1.17792,1.17797,1.17782,1.17794
2026-04-16 23:27:00,1.17794,1.17809,1.17788,1.17805
2026-04-16 23:30:00,1.17804,1.17831,1.17804,1.1781
2026-04-16 23:33:00,1.1781,1.17815,1.1781,1.17814
2026-04-16 23:36:00,1.17814,1.17814,1.17812,1.17812
2026-04-16 23:39:00,1.17812,1.17823,1.1781,1.17823
2026-04-16 23:42:00,1.17823,1.17828,1.1782,1.17823
2026-04-16 23:45:00,1.17823,1.17831,1.17823,1.17826
2026-04-16 23:48:00,1.17826,1.17829,1.17821,1.17822
2026-04-16 23:51:00,1.17822,1.1783,1.17819,1.17824
2026-04-16 23:54:00,1.17824,1.17825,1.17821,1.17824
2026-04-16 23:57:00,1.17824,1.17825,1.1781,1.17819
2026-04-17 00:00:00,1.17791,1.17792,1.17697,1.1773500000000001
2026-04-17 00:03:00,1.1773500000000001,1.17797,1.1773500000000001,1.17792
2026-04-17 00:06:00,1.17792,1.17799,1.17779,1.17797
2026-04-17 00:09:00,1.17797,1.17799,1.17791,1.1779600000000001
2026-04-17 00:12:00,1.1779600000000001,1.17797,1.17794,1.17794
2026-04-17 00:15:00,1.17798,1.1781,1.17797,1.1781
2026-04-17 00:18:00,1.1781,1.17815,1.17794,1.17794
2026-04-17 00:21:00,1.17794,1.17804,1.17793,1.17794
2026-04-17 00:24:00,1.17794,1.17804,1.17791,1.17795
2026-04-17 00:27:00,1.17795,1.1780599999999999,1.17791,1.17803
2026-04-17 00:30:00,1.17803,1.17805,1.1779600000000001,1.17804
2026-04-17 00:33:00,1.17804,1.17807,1.178,1.17801
2026-04-17 00:36:00,1.17801,1.17803,1.1779600000000001,1.1779600000000001
2026-04-17 00:39:00,1.1779600000000001,1.17805,1.17794,1.17801
2026-04-17 00:42:00,1.17801,1.17804,1.17799,1.17801
2026-04-17 00:45:00,1.17802,1.17805,1.17801,1.17803
2026-04-17 00:48:00,1.17803,1.17805,1.17799,1.17799
2026-04-17 00:51:00,1.17799,1.17799,1.17775,1.1779600000000001
2026-04-17 00:54:00,1.1779600000000001,1.17804,1.17795,1.17802
2026-04-17 00:57:00,1.17802,1.17802,1.17799,1.17799
2026-04-17 01:00:00,1.17799,1.17828,1.17799,1.17825
2026-04-17 01:03:00,1.17825,1.1787,1.17819,1.17868
2026-04-17 01:06:00,1.17868,1.1787,1.17854,1.1786699999999999
2026-04-17 01:09:00,1.1786699999999999,1.1786699999999999,1.17852,1.17862
2026-04-17 01:12:00,1.17862,1.17871,1.17852,1.17859
2026-04-17 01:15:00,1.17859,1.1786,1.17842,1.17844
2026-04-17 01:18:00,1.17844,1.17845,1.17839,1.17845
2026-04-17 01:21:00,1.17845,1.17851,1.17845,1.17851
2026-04-17 01:24:00,1.17851,1.17855,1.17846,1.17852
2026-04-17 01:27:00,1.17852,1.17859,1.17848,1.17858
2026-04-17 01:30:00,1.17858,1.17858,1.17836,1.17849
2026-04-17 01:33:00,1.17849,1.17854,1.17839,1.17853
2026-04-17 01:36:00,1.17853,1.17856,1.17844,1.17846
2026-04-17 01:39:00,1.17846,1.17851,1.17837,1.1785
2026-04-17 01:42:00,1.1785,1.17855,1.17841,1.17853
2026-04-17 01:45:00,1.17853,1.17853,1.17839,1.17853
2026-04-17 01:48:00,1.17853,1.17854,1.17847,1.17849
2026-04-17 01:51:00,1.17849,1.17854,1.17839,1.17853
2026-04-17 01:54:00,1.17853,1.17853,1.17839,1.17852
2026-04-17 01:57:00,1.17852,1.17854,1.1785,1.1785
2026-04-17 02:00:00,1.1785,1.17854,1.17844,1.1785
2026-04-17 02:03:00,1.17849,1.1785,1.17834,1.17838
2026-04-17 02:06:00,1.17839,1.17843,1.17827,1.1784
2026-04-17 02:09:00,1.17841,1.17843,1.17834,1.17842
2026-04-17 02:12:00,1.17842,1.17849,1.17839,1.17844
2026-04-17 02:15:00,1.17844,1.17851,1.17843,1.17851
2026-04-17 02:18:00,1.1785,1.17862,1.1785,1.17854
2026-04-17 02:21:00,1.17855,1.1785700000000001,1.17842,1.1785700000000001
2026-04-17 02:24:00,1.1785700000000001,1.1786,1.17843,1.1786
2026-04-17 02:27:00,1.1786,1.1786,1.17851,1.17853
2026-04-17 02:30:00,1.17853,1.17855,1.17846,1.17849
2026-04-17 02:33:00,1.17849,1.1785,1.17831,1.17838
2026-04-17 02:36:00,1.17838,1.17849,1.17834,1.17841
2026-04-17 02:39:00,1.17841,1.17844,1.17836,1.17842
2026-04-17 02:42:00,1.17842,1.17842,1.17828,1.17832
2026-04-17 02:45:00,1.17832,1.17835,1.17825,1.17829
2026-04-17 02:48:00,1.17829,1.17831,1.17822,1.17822
2026-04-17 02:51:00,1.17822,1.17826,1.17811,1.17815
2026-04-17 02:54:00,1.17815,1.1782,1.17799,1.17809
2026-04-17 02:57:00,1.17809,1.17813,1.17794,1.17808
2026-04-17 03:00:00,1.17809,1.17809,1.17763,1.17779
2026-04-17 03:03:00,1.17779,1.17791,1.1777,1.17775
2026-04-17 03:06:00,1.17775,1.17786,1.17767,1.17778
2026-04-17 03:09:00,1.17777,1.17803,1.17774,1.17791
2026-04-17 03:12:00,1.17791,1.17792,1.1777,1.17782
2026-04-17 03:15:00,1.17782,1.17786,1.17769,1.17785
2026-04-17 03:18:00,1.17785,1.17819,1.17782,1.17817
2026-04-17 03:21:00,1.17817,1.1782,1.17797,1.1781
2026-04-17 03:24:00,1.1781,1.17815,1.17799,1.17814
2026-04-17 03:27:00,1.17814,1.17816,1.17801,1.1781
2026-04-17 03:30:00,1.1781,1.1783,1.178,1.17824
2026-04-17 03:33:00,1.17824,1.17827,1.178,1.17817
2026-04-17 03:36:00,1.17817,1.17819,1.17797,1.17815
2026-04-17 03:39:00,1.17815,1.17816,1.17809,1.17816
2026-04-17 03:42:00,1.17816,1.17822,1.17814,1.1782
2026-04-17 03:45:00,1.1782,1.17827,1.17811,1.17821
2026-04-17 03:48:00,1.17819,1.17819,1.1780599999999999,1.17812
2026-04-17 03:51:00,1.17812,1.17812,1.17793,1.17802
2026-04-17 03:54:00,1.17802,1.17803,1.17787,1.17794
2026-04-17 03:57:00,1.17794,1.178,1.17781,1.17789
2026-04-17 04:00:00,1.17789,1.17797,1.17783,1.17792
2026-04-17 04:03:00,1.17792,1.17792,1.17753,1.17765
2026-04-17 04:06:00,1.17765,1.17773,1.17754,1.17758
2026-04-17 04:09:00,1.17759,1.17769,1.17741,1.17769
2026-04-17 04:12:00,1.17769,1.17775,1.17756,1.1777
2026-04-17 04:15:00,1.17769,1.17784,1.17768,1.17779
2026-04-17 04:18:00,1.17779,1.17782,1.17767,1.17773
2026-04-17 04:21:00,1.17773,1.17774,1.17753,1.17754
2026-04-17 04:24:00,1.17754,1.17767,1.17746,1.17749
2026-04-17 04:27:00,1.17749,1.17757,1.17743,1.17754
2026-04-17 04:30:00,1.17754,1.17773,1.17747,1.17757
2026-04-17 04:33:00,1.17757,1.17766,1.17742,1.17765
2026-04-17 04:36:00,1.17765,1.17769,1.17756,1.17765
2026-04-17 04:39:00,1.17765,1.17769,1.1775,1.17755
2026-04-17 04:42:00,1.17755,1.17767,1.17746,1.17767
2026-04-17 04:45:00,1.17767,1.1778,1.17761,1.1777199999999999
2026-04-17 04:48:00,1.17773,1.17774,1.17757,1.17765
2026-04-17 04:51:00,1.17765,1.1777199999999999,1.17759,1.17761
2026-04-17 04:54:00,1.17761,1.17768,1.17753,1.17756
2026-04-17 04:57:00,1.17756,1.17764,1.17748,1.1776
2026-04-17 05:00:00,1.1776,1.17764,1.17744,1.17758
2026-04-17 05:03:00,1.17758,1.17764,1.17751,1.17759
2026-04-17 05:06:00,1.17759,1.17761,1.1775,1.17756
2026-04-17 05:09:00,1.17756,1.17756,1.17729,1.17738
2026-04-17 05:12:00,1.17738,1.17742,1.17724,1.17736
2026-04-17 05:15:00,1.17737,1.17758,1.17737,1.17746
2026-04-17 05:18:00,1.17746,1.17751,1.17731,1.17749
2026-04-17 05:21:00,1.17749,1.17753,1.17739,1.1775
2026-04-17 05:24:00,1.1775,1.17761,1.17743,1.17758
2026-04-17 05:27:00,1.17758,1.17761,1.17747,1.17755
2026-04-17 05:30:00,1.17755,1.17757,1.17749,1.17755
2026-04-17 05:33:00,1.17755,1.1776,1.1774499999999999,1.17755
2026-04-17 05:36:00,1.17755,1.17771,1.1775,1.17768
2026-04-17 05:39:00,1.17768,1.17773,1.17765,1.17765
2026-04-17 05:42:00,1.17765,1.17765,1.17753,1.17758
2026-04-17 05:45:00,1.17758,1.17766,1.17743,1.1776
2026-04-17 05:48:00,1.1776,1.17765,1.17754,1.17765
2026-04-17 05:51:00,1.17766,1.17766,1.17749,1.17765
2026-04-17 05:54:00,1.17765,1.17776,1.17757,1.17773
2026-04-17 05:57:00,1.17773,1.17777,1.17759,1.1777
2026-04-17 06:00:00,1.17769,1.17782,1.17763,1.17771
2026-04-17 06:03:00,1.17771,1.1778,1.1776200000000001,1.17777
2026-04-17 06:06:00,1.17777,1.1779,1.17768,1.17779
2026-04-17 06:09:00,1.1778,1.17786,1.17769,1.17775
2026-04-17 06:12:00,1.17775,1.1778,1.17767,1.17775
2026-04-17 06:15:00,1.17775,1.17776,1.17754,1.17767
2026-04-17 06:18:00,1.17766,1.1777,1.17749,1.17755
2026-04-17 06:21:00,1.17755,1.17769,1.17746,1.17769
2026-04-17 06:24:00,1.17769,1.1777,1.1775,1.17751
2026-04-17 06:27:00,1.17751,1.1776200000000001,1.17749,1.17759
2026-04-17 06:30:00,1.17759,1.1776200000000001,1.1775,1.17761
2026-04-17 06:33:00,1.17761,1.17767,1.1775,1.17767
2026-04-17 06:36:00,1.17767,1.17778,1.17756,1.17778
2026-04-17 06:39:00,1.17778,1.1779,1.17777,1.17787
2026-04-17 06:42:00,1.17787,1.1781,1.17787,1.17802
2026-04-17 06:45:00,1.17802,1.17817,1.17802,1.17814
2026-04-17 06:48:00,1.17814,1.1783299999999999,1.17809,1.17829
2026-04-17 06:51:00,1.17829,1.17836,1.17821,1.17836
2026-04-17 06:54:00,1.1783299999999999,1.17841,1.17824,1.17841
2026-04-17 06:57:00,1.17841,1.17852,1.1783299999999999,1.1783299999999999
2026-04-17 07:00:00,1.1783299999999999,1.17841,1.17823,1.17837
2026-04-17 07:03:00,1.17837,1.17841,1.17818,1.17831
2026-04-17 07:06:00,1.17831,1.17832,1.17818,1.17825
2026-04-17 07:09:00,1.17825,1.1783299999999999,1.17821,1.17829
2026-04-17 07:12:00,1.17831,1.17836,1.17821,1.17835
2026-04-17 07:15:00,1.17835,1.17836,1.17807,1.17817
2026-04-17 07:18:00,1.17817,1.17832,1.17803,1.17825
2026-04-17 07:21:00,1.17825,1.1783,1.17811,1.17829
2026-04-17 07:24:00,1.17829,1.1783,1.17813,1.17825
2026-04-17 07:27:00,1.17825,1.17836,1.17817,1.17825
2026-04-17 07:30:00,1.17825,1.17825,1.17808,1.17818
2026-04-17 07:33:00,1.17818,1.17823,1.1780599999999999,1.17816
2026-04-17 07:36:00,1.17816,1.17825,1.1781,1.17819
2026-04-17 07:39:00,1.17819,1.17835,1.1781,1.17834
2026-04-17 07:42:00,1.17834,1.17837,1.17817,1.1783
2026-04-17 07:45:00,1.1783,1.17832,1.17814,1.17827
2026-04-17 07:48:00,1.17827,1.17841,1.17819,1.17841
2026-04-17 07:51:00,1.17841,1.17842,1.17823,1.17823
2026-04-17 07:54:00,1.17828,1.17837,1.17819,1.17819
2026-04-17 07:57:00,1.17819,1.17829,1.17811,1.17825
2026-04-17 08:00:00,1.17825,1.17831,1.17798,1.17804
2026-04-17 08:03:00,1.17804,1.17823,1.17798,1.17819
2026-04-17 08:06:00,1.17819,1.17831,1.17803,1.17818
2026-04-17 08:09:00,1.17818,1.17825,1.17813,1.17817
2026-04-17 08:12:00,1.17817,1.17825,1.1781,1.1782
2026-04-17 08:15:00,1.1782,1.17826,1.1780599999999999,1.17825
2026-04-17 08:18:00,1.17822,1.17826,1.17811,1.17825
2026-04-17 08:21:00,1.17825,1.17826,1.17804,1.1782
2026-04-17 08:24:00,1.1782,1.17836,1.17818,1.17835
2026-04-17 08:27:00,1.17835,1.17844,1.17825,1.17838
2026-04-17 08:30:00,1.17838,1.17843,1.17805,1.17808
2026-04-17 08:33:00,1.17808,1.17822,1.17808,1.17819
2026-04-17 08:36:00,1.17819,1.17836,1.17817,1.17834
2026-04-17 08:39:00,1.17834,1.17836,1.17817,1.1783
2026-04-17 08:42:00,1.1783,1.1783,1.17807,1.1782
2026-04-17 08:45:00,1.1782,1.17826,1.17814,1.17816
2026-04-17 08:48:00,1.17808,1.17828,1.17804,1.17827
2026-04-17 08:51:00,1.17827,1.17827,1.17812,1.17827
2026-04-17 08:54:00,1.17827,1.17835,1.17821,1.17826
2026-04-17 08:57:00,1.17826,1.17826,1.17805,1.17805
2026-04-17 09:00:00,1.1780599999999999,1.17821,1.1778,1.1781
2026-04-17 09:03:00,1.1781,1.17829,1.17801,1.17829
2026-04-17 09:06:00,1.17831,1.17831,1.178,1.178
2026-04-17 09:09:00,1.178,1.17802,1.17768,1.17776
2026-04-17 09:12:00,1.17776,1.17801,1.17771,1.17781
2026-04-17 09:15:00,1.17781,1.17785,1.17766,1.17767
2026-04-17 09:18:00,1.17767,1.17775,1.17749,1.17774
2026-04-17 09:21:00,1.17774,1.17784,1.17758,1.17777
2026-04-17 09:24:00,1.17777,1.17781,1.17769,1.1777199999999999
2026-04-17 09:27:00,1.1777199999999999,1.17779,1.1774499999999999,1.17752
2026-04-17 09:30:00,1.17752,1.17757,1.1773,1.17755
2026-04-17 09:33:00,1.17755,1.17758,1.1773500000000001,1.17739
2026-04-17 09:36:00,1.17739,1.1774,1.17716,1.17734
2026-04-17 09:39:00,1.17734,1.17742,1.17721,1.17732
2026-04-17 09:42:00,1.17731,1.17738,1.1772,1.17731
2026-04-17 09:45:00,1.17731,1.17761,1.17721,1.17755
2026-04-17 09:48:00,1.17755,1.1778,1.17747,1.1778
2026-04-17 09:51:00,1.1778,1.17781,1.17764,1.17765
2026-04-17 09:54:00,1.17765,1.17766,1.17742,1.17761
2026-04-17 09:57:00,1.17761,1.17766,1.17743,1.17748
2026-04-17 10:00:00,1.17748,1.17791,1.17748,1.17773
2026-04-17 10:03:00,1.17774,1.17787,1.17764,1.17787
2026-04-17 10:06:00,1.17787,1.17805,1.17774,1.17794
2026-04-17 10:09:00,1.17795,1.17801,1.17765,1.17773
2026-04-17 10:12:00,1.17773,1.17788,1.17755,1.17778
2026-04-17 10:15:00,1.17778,1.17784,1.17746,1.17752
2026-04-17 10:18:00,1.17752,1.17785,1.17741,1.17767
2026-04-17 10:21:00,1.17766,1.17787,1.17747,1.17786
2026-04-17 10:24:00,1.17786,1.17819,1.1778,1.1781
2026-04-17 10:27:00,1.17811,1.17811,1.17797,1.17801
2026-04-17 10:30:00,1.17801,1.17812,1.17792,1.17803
2026-04-17 10:33:00,1.17802,1.17803,1.17786,1.1779
2026-04-17 10:36:00,1.1779,1.17795,1.17766,1.17783
2026-04-17 10:39:00,1.17787,1.17794,1.17775,1.17792
2026-04-17 10:42:00,1.17791,1.17801,1.1776200000000001,1.178
2026-04-17 10:45:00,1.178,1.17817,1.17791,1.1780599999999999
2026-04-17 10:48:00,1.1780599999999999,1.17811,1.1779,1.17811
2026-04-17 10:51:00,1.17811,1.17811,1.17799,1.178
2026-04-17 10:54:00,1.17799,1.17826,1.1779,1.17818
2026-04-17 10:57:00,1.17818,1.1783,1.17812,1.17822
2026-04-17 11:00:00,1.17822,1.17842,1.17813,1.17817
2026-04-17 11:03:00,1.17818,1.17835,1.17802,1.17827
2026-04-17 11:06:00,1.17826,1.17835,1.17816,1.17832
2026-04-17 11:09:00,1.17832,1.1783299999999999,1.17801,1.17829
2026-04-17 11:12:00,1.17829,1.17841,1.17823,1.17825
2026-04-17 11:15:00,1.17825,1.17836,1.17815,1.17816
2026-04-17 11:18:00,1.17816,1.17836,1.17816,1.1783
2026-04-17 11:21:00,1.1783,1.1783,1.17803,1.17812
2026-04-17 11:24:00,1.17812,1.17831,1.17803,1.17819
2026-04-17 11:27:00,1.17819,1.17839,1.17818,1.17834
2026-04-17 11:30:00,1.17834,1.17844,1.17828,1.17841
2026-04-17 11:33:00,1.17842,1.17849,1.1783,1.17839
2026-04-17 11:36:00,1.17841,1.17845,1.17816,1.17828
2026-04-17 11:39:00,1.17828,1.17877,1.1782,1.17873
2026-04-17 11:42:00,1.17873,1.17913,1.17865,1.17909
2026-04-17 11:45:00,1.17909,1.17912,1.17892,1.17905
2026-04-17 11:48:00,1.17905,1.17927,1.17903,1.17917
2026-04-17 11:51:00,1.17917,1.17932,1.17912,1.17926
2026-04-17 11:54:00,1.17925,1.17946,1.17914,1.17946
2026-04-17 11:57:00,1.17946,1.1795499999999999,1.17931,1.17938
2026-04-17 12:00:00,1.17938,1.17957,1.17933,1.17957
2026-04-17 12:03:00,1.17957,1.17964,1.17927,1.17935
2026-04-17 12:06:00,1.17935,1.1796,1.17924,1.17943
2026-04-17 12:09:00,1.17943,1.17943,1.17916,1.17931
2026-04-17 12:12:00,1.17931,1.17934,1.17902,1.17915
2026-04-17 12:15:00,1.17915,1.17929,1.17905,1.17921
2026-04-17 12:18:00,1.17921,1.17943,1.17905,1.17936
2026-04-17 12:21:00,1.17935,1.17963,1.17925,1.1796
2026-04-17 12:24:00,1.1796,1.17976,1.17957,1.17972
2026-04-17 12:27:00,1.17972,1.17993,1.17969,1.1797900000000001
2026-04-17 12:30:00,1.1798,1.17985,1.17951,1.17964
2026-04-17 12:33:00,1.17964,1.17973,1.17951,1.17965
2026-04-17 12:36:00,1.17965,1.17965,1.17935,1.17942
2026-04-17 12:39:00,1.17946,1.17953,1.17935,1.17951
2026-04-17 12:42:00,1.17951,1.17963,1.17929,1.17939
2026-04-17 12:45:00,1.17938,1.17938,1.17902,1.17919
2026-04-17 12:48:00,1.17919,1.17939,1.17914,1.17935
2026-04-17 12:51:00,1.17935,1.17939,1.17926,1.17935
2026-04-17 12:54:00,1.17935,1.17946,1.17924,1.17929
2026-04-17 12:57:00,1.17929,1.17941,1.17919,1.17929
2026-04-17 13:00:00,1.17929,1.17933,1.17903,1.1792
2026-04-17 13:03:00,1.1792,1.1793,1.17911,1.17924
2026-04-17 13:06:00,1.17924,1.17935,1.17911,1.17926
2026-04-17 13:09:00,1.17926,1.1794,1.17923,1.1793
2026-04-17 13:12:00,1.1793,1.17944,1.1792,1.17939
2026-04-17 13:15:00,1.17939,1.17958,1.17935,1.1795499999999999
2026-04-17 13:18:00,1.1795499999999999,1.17958,1.17937,1.17941
2026-04-17 13:21:00,1.17941,1.1795499999999999,1.17929,1.1795
2026-04-17 13:24:00,1.1795,1.17951,1.17937,1.17943
2026-04-17 13:27:00,1.1794,1.1795,1.17934,1.17939
2026-04-17 13:30:00,1.17939,1.17943,1.17906,1.17925
2026-04-17 13:33:00,1.17925,1.1793,1.17912,1.1793
2026-04-17 13:36:00,1.1793,1.17957,1.17922,1.17954
2026-04-17 13:39:00,1.17954,1.17959,1.1791800000000001,1.17934
2026-04-17 13:42:00,1.17934,1.17942,1.1793,1.17935
2026-04-17 13:45:00,1.17935,1.17951,1.17926,1.17942
2026-04-17 13:48:00,1.17943,1.17943,1.1793,1.17939
2026-04-17 13:51:00,1.1794,1.17957,1.17921,1.1795499999999999
2026-04-17 13:54:00,1.1795499999999999,1.17958,1.17936,1.17943
2026-04-17 13:57:00,1.17943,1.17946,1.17929,1.17944
2026-04-17 14:00:00,1.17944,1.1795200000000001,1.17937,1.17944
2026-04-17 14:03:00,1.17944,1.17949,1.1792,1.17921
2026-04-17 14:06:00,1.17921,1.1795200000000001,1.17916,1.17946
2026-04-17 14:09:00,1.17946,1.17962,1.17939,1.17957
2026-04-17 14:12:00,1.17957,1.17967,1.17951,1.17959
2026-04-17 14:15:00,1.17959,1.17983,1.17949,1.17971
2026-04-17 14:18:00,1.17971,1.17976,1.1796,1.17962
2026-04-17 14:21:00,1.17963,1.17981,1.17958,1.17981
2026-04-17 14:24:00,1.17978,1.17986,1.1797,1.17975
2026-04-17 14:27:00,1.17977,1.17982,1.17962,1.17966
2026-04-17 14:30:00,1.17967,1.17976,1.17953,1.17967
2026-04-17 14:33:00,1.17967,1.17977,1.17962,1.17975
2026-04-17 14:36:00,1.17974,1.1798,1.17957,1.17964
2026-04-17 14:39:00,1.17964,1.17966,1.17947,1.17947
2026-04-17 14:42:00,1.17947,1.17978,1.17945,1.17976
2026-04-17 14:45:00,1.17976,1.17985,1.17964,1.17983
2026-04-17 14:48:00,1.17984,1.17993,1.17965,1.17971
2026-04-17 14:51:00,1.17971,1.17972,1.17954,1.17957
2026-04-17 14:54:00,1.17957,1.1796,1.17917,1.17937
2026-04-17 14:57:00,1.17937,1.17947,1.17924,1.17935
2026-04-17 15:00:00,1.17936,1.1797,1.17933,1.17969
2026-04-17 15:03:00,1.17969,1.17999,1.17964,1.17995
2026-04-17 15:06:00,1.17995,1.18005,1.17971,1.17975
2026-04-17 15:09:00,1.17975,1.17977,1.1794,1.17959
2026-04-17 15:12:00,1.17959,1.17986,1.17959,1.17984
2026-04-17 15:15:00,1.17984,1.17987,1.17969,1.17976
2026-04-17 15:18:00,1.17976,1.18004,1.17975,1.17991
2026-04-17 15:21:00,1.17991,1.18,1.17966,1.17987
2026-04-17 15:24:00,1.17986,1.1809,1.17976,1.18037
2026-04-17 15:27:00,1.18037,1.18061,1.18031,1.18047
2026-04-17 15:30:00,1.1804999999999999,1.18088,1.18039,1.18072
2026-04-17 15:33:00,1.1808,1.18116,1.18071,1.18116
2026-04-17 15:36:00,1.18116,1.1813,1.18092,1.181
2026-04-17 15:39:00,1.181,1.18113,1.18063,1.18073
2026-04-17 15:42:00,1.18071,1.18075,1.18056,1.18066
2026-04-17 15:45:00,1.18066,1.18236,1.18055,1.18236
2026-04-17 15:48:00,1.18236,1.18375,1.18218,1.18319
2026-04-17 15:51:00,1.1832,1.1832,1.1824,1.18253
2026-04-17 15:54:00,1.18253,1.18335,1.18246,1.18333
2026-04-17 15:57:00,1.18333,1.18358,1.18306,1.18348
2026-04-17 16:00:00,1.18348,1.18374,1.18295,1.18373
2026-04-17 16:03:00,1.18373,1.18444,1.18361,1.18397
2026-04-17 16:06:00,1.1838899999999999,1.1848,1.1838899999999999,1.18475
2026-04-17 16:09:00,1.18475,1.18489,1.18465,1.18487
2026-04-17 16:12:00,1.18487,1.1849,1.18428,1.18471
2026-04-17 16:15:00,1.18471,1.18471,1.18392,1.18425
2026-04-17 16:18:00,1.18424,1.18468,1.18398,1.184
2026-04-17 16:21:00,1.184,1.18412,1.18369,1.18393
2026-04-17 16:24:00,1.18393,1.1842,1.18326,1.18354
2026-04-17 16:27:00,1.18362,1.18374,1.18291,1.18343
2026-04-17 16:30:00,1.1834,1.18366,1.18308,1.18348
2026-04-17 16:33:00,1.18348,1.1837900000000001,1.18332,1.18376
2026-04-17 16:36:00,1.18375,1.18419,1.18358,1.18417
2026-04-17 16:39:00,1.18417,1.18433,1.18385,1.18403
2026-04-17 16:42:00,1.18403,1.18413,1.18344,1.1835499999999999
2026-04-17 16:45:00,1.1835499999999999,1.18366,1.18242,1.1826
2026-04-17 16:48:00,1.1826,1.18297,1.18241,1.18279
2026-04-17 16:51:00,1.18279,1.18338,1.18278,1.18334
2026-04-17 16:54:00,1.18334,1.18346,1.18319,1.18335
2026-04-17 16:57:00,1.18336,1.18373,1.18321,1.18335
2026-04-17 17:00:00,1.18335,1.18338,1.18296,1.1831800000000001
2026-04-17 17:03:00,1.1831800000000001,1.18359,1.18304,1.18317
2026-04-17 17:06:00,1.18317,1.1832,1.18263,1.18268
2026-04-17 17:09:00,1.18268,1.18268,1.18237,1.1824
2026-04-17 17:12:00,1.18239,1.18239,1.18194,1.18207
2026-04-17 17:15:00,1.18207,1.18252,1.1819600000000001,1.18239
2026-04-17 17:18:00,1.18238,1.18272,1.18212,1.18251
2026-04-17 17:21:00,1.18251,1.1828400000000001,1.18239,1.18283
2026-04-17 17:24:00,1.18283,1.18323,1.1828,1.18302
2026-04-17 17:27:00,1.18302,1.18317,1.1825,1.18262
2026-04-17 17:30:00,1.18266,1.18287,1.18249,1.18277
2026-04-17 17:33:00,1.18277,1.18319,1.18192,1.1820599999999999
2026-04-17 17:36:00,1.1820599999999999,1.18231,1.18171,1.18183
2026-04-17 17:39:00,1.18183,1.18258,1.18177,1.18256
2026-04-17 17:42:00,1.18256,1.18286,1.18245,1.18255
2026-04-17 17:45:00,1.18255,1.18268,1.18208,1.18231
2026-04-17 17:48:00,1.18232,1.18263,1.18146,1.18165
2026-04-17 17:51:00,1.18165,1.18194,1.1814,1.18166
2026-04-17 17:54:00,1.18166,1.18181,1.18127,1.18165
2026-04-17 17:57:00,1.18165,1.18168,1.18127,1.1813
2026-04-17 18:00:00,1.1813500000000001,1.18163,1.18108,1.1815
2026-04-17 18:03:00,1.18148,1.18164,1.18069,1.18133
2026-04-17 18:06:00,1.18134,1.18139,1.18097,1.18123
2026-04-17 18:09:00,1.18123,1.18153,1.18108,1.18134
2026-04-17 18:12:00,1.18134,1.18144,1.18102,1.18114
2026-04-17 18:15:00,1.18114,1.18134,1.18084,1.18126
2026-04-17 18:18:00,1.18126,1.18141,1.18055,1.18068
2026-04-17 18:21:00,1.18068,1.18078,1.18035,1.1806
2026-04-17 18:24:00,1.1806,1.1806,1.18012,1.18028
2026-04-17 18:27:00,1.18028,1.18053,1.18,1.1804000000000001
2026-04-17 18:30:00,1.1804000000000001,1.18088,1.18023,1.1807400000000001
2026-04-17 18:33:00,1.1807699999999999,1.18102,1.18066,1.18072
2026-04-17 18:36:00,1.18071,1.18079,1.1804000000000001,1.18059
2026-04-17 18:39:00,1.18059,1.18079,1.18049,1.18053
2026-04-17 18:42:00,1.18054,1.18057,1.17987,1.18011
2026-04-17 18:45:00,1.18011,1.18043,1.18007,1.1801300000000001
2026-04-17 18:48:00,1.1801300000000001,1.18048,1.17997,1.18044
2026-04-17 18:51:00,1.18044,1.1806,1.18021,1.18058
2026-04-17 18:54:00,1.18058,1.18067,1.18023,1.18028
2026-04-17 18:57:00,1.18028,1.18029,1.17999,1.18006
2026-04-17 19:00:00,1.18006,1.18006,1.17951,1.17977
2026-04-17 19:03:00,1.17977,1.17993,1.17947,1.17971
2026-04-17 19:06:00,1.17971,1.1797900000000001,1.17936,1.1796
2026-04-17 19:09:00,1.17959,1.17962,1.17909,1.17934
2026-04-17 19:12:00,1.17934,1.17998,1.1793,1.17994
2026-04-17 19:15:00,1.17994,1.1801,1.17983,1.17998
2026-04-17 19:18:00,1.17999,1.18045,1.17992,1.18044
2026-04-17 19:21:00,1.18044,1.18046,1.1801300000000001,1.18036
2026-04-17 19:24:00,1.18036,1.18036,1.17994,1.18012
2026-04-17 19:27:00,1.18012,1.18023,1.17983,1.17985
2026-04-17 19:30:00,1.17985,1.18004,1.17973,1.17982
2026-04-17 19:33:00,1.17982,1.18005,1.17982,1.18004
2026-04-17 19:36:00,1.18004,1.1801,1.1798899999999999,1.17999
2026-04-17 19:39:00,1.17999,1.18008,1.17984,1.18004
2026-04-17 19:42:00,1.18003,1.1801300000000001,1.17994,1.18009
2026-04-17 19:45:00,1.18009,1.18012,1.17991,1.18
2026-04-17 19:48:00,1.18,1.18018,1.17994,1.18004
2026-04-17 19:51:00,1.18004,1.18018,1.1799,1.17998
2026-04-17 19:54:00,1.17998,1.18009,1.17975,1.17981
2026-04-17 19:57:00,1.17981,1.18006,1.17981,1.17986
2026-04-17 20:00:00,1.17986,1.17987,1.17919,1.17937
2026-04-17 20:03:00,1.17937,1.17957,1.17929,1.17949
2026-04-17 20:06:00,1.17949,1.17963,1.17847,1.17862
2026-04-17 20:09:00,1.17862,1.17908,1.17849,1.1786699999999999
2026-04-17 20:12:00,1.1786699999999999,1.17903,1.17862,1.17895
2026-04-17 20:15:00,1.17895,1.17957,1.17895,1.17956
2026-04-17 20:18:00,1.1795499999999999,1.17956,1.17929,1.17929
2026-04-17 20:21:00,1.17929,1.17943,1.17913,1.17941
2026-04-17 20:24:00,1.17942,1.17942,1.17862,1.1789100000000001
2026-04-17 20:27:00,1.1789,1.17901,1.17875,1.17889
2026-04-17 20:30:00,1.17889,1.17922,1.17881,1.17903
2026-04-17 20:33:00,1.17903,1.17917,1.17892,1.17902
2026-04-17 20:36:00,1.17902,1.17903,1.17881,1.1789399999999999
2026-04-17 20:39:00,1.1789399999999999,1.1791,1.17882,1.17901
2026-04-17 20:42:00,1.17901,1.17917,1.17887,1.1789
2026-04-17 20:45:00,1.1789,1.17915,1.17884,1.17915
2026-04-17 20:48:00,1.17915,1.17939,1.17905,1.17921
2026-04-17 20:51:00,1.1793,1.17944,1.17919,1.17944
2026-04-17 20:54:00,1.17944,1.17956,1.17932,1.1795499999999999
2026-04-17 20:57:00,1.1795499999999999,1.17959,1.17943,1.17953
2026-04-17 21:00:00,1.17953,1.17959,1.17933,1.17935
2026-04-17 21:03:00,1.17935,1.17947,1.17921,1.17947
2026-04-17 21:06:00,1.17947,1.17959,1.17935,1.17942
2026-04-17 21:09:00,1.17942,1.17944,1.17902,1.17916
2026-04-17 21:12:00,1.17916,1.1791800000000001,1.17889,1.17892
2026-04-17 21:15:00,1.17892,1.17914,1.17889,1.17914
2026-04-17 21:18:00,1.17914,1.17917,1.17901,1.17907
2026-04-17 21:21:00,1.17907,1.17953,1.17898,1.17938
2026-04-17 21:24:00,1.17938,1.17975,1.17935,1.17961
2026-04-17 21:27:00,1.17961,1.17964,1.17906,1.17912
2026-04-17 21:30:00,1.17912,1.17933,1.17912,1.17919
2026-04-17 21:33:00,1.17919,1.17936,1.17895,1.17908
2026-04-17 21:36:00,1.17908,1.17914,1.1789100000000001,1.17905
2026-04-17 21:39:00,1.17904,1.17907,1.1786699999999999,1.17884
2026-04-17 21:42:00,1.17884,1.17888,1.17836,1.1786699999999999
2026-04-17 21:45:00,1.1786699999999999,1.17871,1.17848,1.17858
2026-04-17 21:48:00,1.17858,1.1786,1.17779,1.17788
2026-04-17 21:51:00,1.17788,1.17793,1.17738,1.17767
2026-04-17 21:54:00,1.17767,1.17777,1.1774499999999999,1.17774
2026-04-17 21:57:00,1.17774,1.17809,1.17769,1.17798
2026-04-17 22:00:00,1.17798,1.17811,1.17778,1.17797
2026-04-17 22:03:00,1.17797,1.1781,1.17775,1.17804
2026-04-17 22:06:00,1.17804,1.17826,1.17794,1.17826
2026-04-17 22:09:00,1.17826,1.17836,1.17809,1.17812
2026-04-17 22:12:00,1.17811,1.17829,1.17799,1.17829
2026-04-17 22:15:00,1.17829,1.17837,1.17813,1.17824
2026-04-17 22:18:00,1.17824,1.17834,1.1779,1.17799
2026-04-17 22:21:00,1.17799,1.17804,1.17765,1.17767
2026-04-17 22:24:00,1.17767,1.17775,1.17758,1.17764
2026-04-17 22:27:00,1.17764,1.17765,1.17742,1.17755
2026-04-17 22:30:00,1.17755,1.17764,1.17744,1.17749
2026-04-17 22:33:00,1.17749,1.17752,1.17733,1.17733
2026-04-17 22:36:00,1.17733,1.17738,1.177,1.1770100000000001
2026-04-17 22:39:00,1.1770100000000001,1.17713,1.17682,1.17698
2026-04-17 22:42:00,1.17698,1.17712,1.17694,1.17707
2026-04-17 22:45:00,1.17707,1.17712,1.17686,1.17694
2026-04-17 22:48:00,1.17694,1.17718,1.17694,1.17702
2026-04-17 22:51:00,1.17702,1.17704,1.17689,1.17694
2026-04-17 22:54:00,1.17694,1.1771,1.17664,1.17696
2026-04-17 22:57:00,1.17696,1.17698,1.17665,1.17689
2026-04-17 23:00:00,1.17688,1.17693,1.17677,1.17693
2026-04-17 23:03:00,1.17693,1.17693,1.17655,1.17668
2026-04-17 23:06:00,1.17668,1.17689,1.17663,1.17683
2026-04-17 23:09:00,1.17685,1.17695,1.17673,1.17693
2026-04-17 23:12:00,1.17694,1.17713,1.1768,1.1771
2026-04-17 23:15:00,1.1771,1.17717,1.177,1.17705
2026-04-17 23:18:00,1.17705,1.17707,1.17677,1.17685
2026-04-17 23:21:00,1.17685,1.17698,1.17672,1.17698
2026-04-17 23:24:00,1.17698,1.17708,1.1768,1.17687
2026-04-17 23:27:00,1.17687,1.17689,1.17638,1.17638
2026-04-17 23:30:00,1.17638,1.17663,1.17634,1.17658
2026-04-17 23:33:00,1.17658,1.1768399999999999,1.17658,1.1767400000000001
2026-04-17 23:36:00,1.1767400000000001,1.17688,1.17673,1.17682
2026-04-17 23:39:00,1.17682,1.17691,1.17667,1.17668
2026-04-17 23:42:00,1.17668,1.17679,1.17662,1.17663
2026-04-17 23:45:00,1.17663,1.17676,1.17652,1.17657
2026-04-17 23:48:00,1.17657,1.17658,1.17631,1.17637
2026-04-17 23:51:00,1.17637,1.1764000000000001,1.17603,1.17631
2026-04-17 23:54:00,1.17631,1.17657,1.1762,1.17656
2026-04-17 23:57:00,1.17656,1.17656,1.17616,1.17616
2026-04-20 00:00:00,1.17355,1.17388,1.17336,1.17381
2026-04-20 00:03:00,1.17381,1.17423,1.17377,1.17403
2026-04-20 00:06:00,1.17405,1.17405,1.17377,1.17394
2026-04-20 00:09:00,1.17394,1.17409,1.1739,1.17391
2026-04-20 00:12:00,1.17391,1.17398,1.17377,1.17385
2026-04-20 00:15:00,1.17385,1.17405,1.1738,1.17399
2026-04-20 00:18:00,1.17399,1.17401,1.17383,1.17401
2026-04-20 00:21:00,1.17401,1.17403,1.1737,1.17398
2026-04-20 00:24:00,1.17398,1.17402,1.17384,1.17397
2026-04-20 00:27:00,1.17397,1.17397,1.17385,1.17389
2026-04-20 00:30:00,1.17389,1.1739600000000001,1.17388,1.1739
2026-04-20 00:33:00,1.1739,1.17394,1.17363,1.17363
2026-04-20 00:36:00,1.17363,1.17367,1.17305,1.17318
2026-04-20 00:39:00,1.17318,1.1733,1.17306,1.17327
2026-04-20 00:42:00,1.17327,1.1733500000000001,1.17304,1.17313
2026-04-20 00:45:00,1.17313,1.1734499999999999,1.17312,1.17334
2026-04-20 00:48:00,1.17334,1.17349,1.1733,1.1733
2026-04-20 00:51:00,1.1733,1.17344,1.17325,1.17334
2026-04-20 00:54:00,1.17334,1.17334,1.17317,1.17324
2026-04-20 00:57:00,1.17324,1.1733,1.17305,1.17306
2026-04-20 01:00:00,1.17306,1.17341,1.17289,1.1733500000000001
2026-04-20 01:03:00,1.1733500000000001,1.17341,1.173,1.17325
2026-04-20 01:06:00,1.17325,1.17392,1.17314,1.1738
2026-04-20 01:09:00,1.1738,1.1739600000000001,1.17363,1.17375
2026-04-20 01:12:00,1.17375,1.17375,1.17351,1.17351
2026-04-20 01:15:00,1.17351,1.1737,1.17338,1.17343
2026-04-20 01:18:00,1.17343,1.17351,1.17318,1.17339
2026-04-20 01:21:00,1.17339,1.17341,1.17295,1.17298
2026-04-20 01:24:00,1.17298,1.17319,1.17291,1.17309
2026-04-20 01:27:00,1.17309,1.17343,1.17291,1.17315
2026-04-20 01:30:00,1.17315,1.17371,1.17315,1.17361
2026-04-20 01:33:00,1.17361,1.17373,1.1734,1.17368
2026-04-20 01:36:00,1.17368,1.17378,1.17358,1.17367
2026-04-20 01:39:00,1.17367,1.17374,1.17356,1.17372
2026-04-20 01:42:00,1.17372,1.17376,1.17363,1.17372
2026-04-20 01:45:00,1.17372,1.17382,1.17362,1.17376
2026-04-20 01:48:00,1.17371,1.17382,1.17362,1.17375
2026-04-20 01:51:00,1.17375,1.17384,1.17363,1.17383
2026-04-20 01:54:00,1.17383,1.17389,1.17377,1.17385
2026-04-20 01:57:00,1.17385,1.174,1.17378,1.17399
2026-04-20 02:00:00,1.17399,1.17414,1.17393,1.17412
2026-04-20 02:03:00,1.17413,1.17434,1.17405,1.17431
2026-04-20 02:06:00,1.17431,1.17431,1.17413,1.17423
2026-04-20 02:09:00,1.17423,1.17438,1.17421,1.17438
2026-04-20 02:12:00,1.17438,1.17444,1.17425,1.17443
2026-04-20 02:15:00,1.17443,1.17454,1.17429,1.17444
2026-04-20 02:18:00,1.17444,1.17446,1.17438,1.17443
2026-04-20 02:21:00,1.17444,1.17444,1.17419,1.17423
2026-04-20 02:24:00,1.17426,1.17434,1.17414,1.17423
2026-04-20 02:27:00,1.17423,1.17423,1.1741,1.17417
2026-04-20 02:30:00,1.17417,1.17434,1.17417,1.17433
2026-04-20 02:33:00,1.17433,1.17452,1.17429,1.17436
2026-04-20 02:36:00,1.17436,1.17436,1.17417,1.17417
2026-04-20 02:39:00,1.17417,1.17423,1.17405,1.17407
2026-04-20 02:42:00,1.17407,1.17411,1.1739,1.17403
2026-04-20 02:45:00,1.17403,1.17407,1.17371,1.17376
2026-04-20 02:48:00,1.17376,1.17394,1.17373,1.17378
2026-04-20 02:51:00,1.17378,1.17383,1.17357,1.17374
2026-04-20 02:54:00,1.17374,1.17399,1.1737,1.17398
2026-04-20 02:57:00,1.17398,1.17399,1.17376,1.17387
2026-04-20 03:00:00,1.17389,1.17448,1.1736900000000001,1.17445
2026-04-20 03:03:00,1.17444,1.17481,1.17438,1.17475
2026-04-20 03:06:00,1.17475,1.17493,1.17448,1.17486
2026-04-20 03:09:00,1.17486,1.17509,1.17481,1.17495
2026-04-20 03:12:00,1.17495,1.17499,1.17464,1.17489
2026-04-20 03:15:00,1.17489,1.17523,1.17485,1.17507
2026-04-20 03:18:00,1.17507,1.17539,1.17506,1.17537
2026-04-20 03:21:00,1.17537,1.17537,1.17517,1.17525
2026-04-20 03:24:00,1.17525,1.17546,1.17521,1.17536
2026-04-20 03:27:00,1.17536,1.17546,1.17526,1.17545
2026-04-20 03:30:00,1.17545,1.17554,1.17529,1.17553
2026-04-20 03:33:00,1.17553,1.17567,1.17545,1.17546
2026-04-20 03:36:00,1.17543,1.1755,1.1753,1.17535
2026-04-20 03:39:00,1.17526,1.17549,1.1751800000000001,1.17547
2026-04-20 03:42:00,1.17547,1.17563,1.17546,1.1756199999999999
2026-04-20 03:45:00,1.1756199999999999,1.17569,1.17543,1.17543
2026-04-20 03:48:00,1.17543,1.17554,1.17532,1.17533
2026-04-20 03:51:00,1.17535,1.17547,1.17521,1.17547
2026-04-20 03:54:00,1.17547,1.17555,1.17529,1.17539
2026-04-20 03:57:00,1.17539,1.17555,1.17531,1.17544
2026-04-20 04:00:00,1.17544,1.17567,1.17525,1.1755200000000001
2026-04-20 04:03:00,1.17559,1.17565,1.17533,1.17539
2026-04-20 04:06:00,1.17539,1.17555,1.17522,1.17555
2026-04-20 04:09:00,1.17555,1.17558,1.17523,1.17529
2026-04-20 04:12:00,1.17529,1.17539,1.17519,1.17536
2026-04-20 04:15:00,1.17536,1.17539,1.17513,1.1752
2026-04-20 04:18:00,1.1752,1.17532,1.17507,1.17532
2026-04-20 04:21:00,1.17532,1.17533,1.17517,1.17523
2026-04-20 04:24:00,1.17523,1.17525,1.17508,1.1752
2026-04-20 04:27:00,1.1752,1.1752,1.17506,1.17514
2026-04-20 04:30:00,1.17514,1.17573,1.17513,1.17566
2026-04-20 04:33:00,1.17566,1.17575,1.17541,1.17555
2026-04-20 04:36:00,1.17555,1.17584,1.17545,1.17581
2026-04-20 04:39:00,1.17581,1.17595,1.17563,1.1758899999999999
2026-04-20 04:42:00,1.1758899999999999,1.17592,1.1757,1.17577
2026-04-20 04:45:00,1.17577,1.17592,1.17573,1.17588
2026-04-20 04:48:00,1.17587,1.17597,1.1757900000000001,1.17596
2026-04-20 04:51:00,1.17596,1.17599,1.17578,1.17591
2026-04-20 04:54:00,1.17591,1.17593,1.17569,1.17578
2026-04-20 04:57:00,1.1757900000000001,1.1757900000000001,1.17561,1.17567
2026-04-20 05:00:00,1.17567,1.17581,1.1755,1.17581
2026-04-20 05:03:00,1.17573,1.17586,1.17568,1.17575
2026-04-20 05:06:00,1.17576,1.17584,1.1756,1.17576
2026-04-20 05:09:00,1.17576,1.17586,1.17571,1.1758
2026-04-20 05:12:00,1.1758,1.1759,1.17567,1.17582
2026-04-20 05:15:00,1.17582,1.17595,1.17573,1.17586
2026-04-20 05:18:00,1.17586,1.17596,1.17581,1.17592
2026-04-20 05:21:00,1.17592,1.17597,1.17576,1.17592
2026-04-20 05:24:00,1.17592,1.176,1.17588,1.17596
2026-04-20 05:27:00,1.17596,1.17601,1.17587,1.17595
2026-04-20 05:30:00,1.176,1.17616,1.17598,1.17604
2026-04-20 05:33:00,1.17604,1.17612,1.17595,1.17596
2026-04-20 05:36:00,1.17596,1.17601,1.17577,1.17586
2026-04-20 05:39:00,1.17586,1.17587,1.17572,1.17582
2026-04-20 05:42:00,1.17582,1.17587,1.17573,1.17581
2026-04-20 05:45:00,1.17581,1.17586,1.17557,1.17565
2026-04-20 05:48:00,1.17565,1.17565,1.1755200000000001,1.1756199999999999
2026-04-20 05:51:00,1.1756199999999999,1.17568,1.17544,1.17553
2026-04-20 05:54:00,1.17553,1.17559,1.17535,1.17553
2026-04-20 05:57:00,1.17553,1.17568,1.1755200000000001,1.17568
2026-04-20 06:00:00,1.17568,1.17574,1.17549,1.17561
2026-04-20 06:03:00,1.17561,1.17572,1.17551,1.17572
2026-04-20 06:06:00,1.17572,1.17575,1.1756,1.17566
2026-04-20 06:09:00,1.17566,1.17572,1.1755200000000001,1.17557
2026-04-20 06:12:00,1.17557,1.17565,1.17543,1.17564
2026-04-20 06:15:00,1.17564,1.17568,1.17553,1.17555
2026-04-20 06:18:00,1.17555,1.17572,1.17545,1.17572
2026-04-20 06:21:00,1.17572,1.17584,1.1756,1.17584
2026-04-20 06:24:00,1.17584,1.17587,1.17574,1.17582
2026-04-20 06:27:00,1.17582,1.17595,1.17576,1.17591
2026-04-20 06:30:00,1.17591,1.17597,1.17582,1.17596
2026-04-20 06:33:00,1.17596,1.17597,1.17583,1.17594
2026-04-20 06:36:00,1.17594,1.17605,1.17587,1.17601
2026-04-20 06:39:00,1.17601,1.17625,1.17597,1.1762299999999999
2026-04-20 06:42:00,1.1762299999999999,1.1762299999999999,1.17603,1.17611
2026-04-20 06:45:00,1.1761,1.1761,1.17594,1.17602
2026-04-20 06:48:00,1.17602,1.1761300000000001,1.17597,1.17609
2026-04-20 06:51:00,1.17609,1.1761300000000001,1.17598,1.1761
2026-04-20 06:54:00,1.1761,1.17612,1.17596,1.17605
2026-04-20 06:57:00,1.17605,1.17608,1.17596,1.17598
2026-04-20 07:00:00,1.17598,1.17601,1.17582,1.1759
2026-04-20 07:03:00,1.17593,1.17606,1.17583,1.17605
2026-04-20 07:06:00,1.17604,1.17621,1.17602,1.1761300000000001
2026-04-20 07:09:00,1.1761300000000001,1.17619,1.17603,1.17609
2026-04-20 07:12:00,1.17609,1.17614,1.17594,1.17603
2026-04-20 07:15:00,1.17603,1.17603,1.1759,1.17599
2026-04-20 07:18:00,1.17599,1.17601,1.17581,1.17581
2026-04-20 07:21:00,1.17585,1.1759,1.17575,1.17584
2026-04-20 07:24:00,1.17584,1.17585,1.17569,1.17576
2026-04-20 07:27:00,1.17576,1.17586,1.17563,1.17582
2026-04-20 07:30:00,1.17581,1.17585,1.17568,1.1757
2026-04-20 07:33:00,1.1757,1.17578,1.17563,1.17576
2026-04-20 07:36:00,1.17576,1.17576,1.17557,1.17576
2026-04-20 07:39:00,1.17577,1.1758,1.17566,1.17567
2026-04-20 07:42:00,1.17564,1.17582,1.1755,1.17581
2026-04-20 07:45:00,1.17581,1.17597,1.17576,1.17596
2026-04-20 07:48:00,1.17596,1.1761,1.17591,1.17604
2026-04-20 07:51:00,1.17604,1.17605,1.17568,1.17587
2026-04-20 07:54:00,1.17587,1.1759,1.17571,1.17584
2026-04-20 07:57:00,1.17583,1.17594,1.17583,1.17591
2026-04-20 08:00:00,1.1759,1.17596,1.17577,1.17588
2026-04-20 08:03:00,1.1759,1.17608,1.17582,1.17588
2026-04-20 08:06:00,1.17588,1.17597,1.17582,1.17593
2026-04-20 08:09:00,1.17593,1.17593,1.17559,1.17578
2026-04-20 08:12:00,1.17578,1.17578,1.17558,1.17575
2026-04-20 08:15:00,1.17575,1.17586,1.17564,1.17583
2026-04-20 08:18:00,1.17583,1.17587,1.17567,1.17568
2026-04-20 08:21:00,1.17568,1.17573,1.17553,1.17568
2026-04-20 08:24:00,1.17568,1.17576,1.17535,1.17542
2026-04-20 08:27:00,1.17542,1.17549,1.17534,1.17542
2026-04-20 08:30:00,1.17541,1.17546,1.17507,1.17517
2026-04-20 08:33:00,1.17519,1.17531,1.17503,1.1752799999999999
2026-04-20 08:36:00,1.1752799999999999,1.17529,1.17505,1.17511
2026-04-20 08:39:00,1.17511,1.17511,1.17493,1.17498
2026-04-20 08:42:00,1.17498,1.1750099999999999,1.1747,1.17473
2026-04-20 08:45:00,1.17473,1.17512,1.17473,1.17507
2026-04-20 08:48:00,1.17507,1.17512,1.17489,1.17495
2026-04-20 08:51:00,1.17495,1.17517,1.1748,1.17516
2026-04-20 08:54:00,1.17516,1.17547,1.17516,1.17538
2026-04-20 08:57:00,1.17539,1.17544,1.17524,1.1752799999999999
2026-04-20 09:00:00,1.1752799999999999,1.17543,1.17505,1.1751800000000001
2026-04-20 09:03:00,1.1751800000000001,1.17544,1.1751800000000001,1.17543
2026-04-20 09:06:00,1.17543,1.17543,1.17493,1.17507
2026-04-20 09:09:00,1.17508,1.17523,1.17496,1.17519
2026-04-20 09:12:00,1.17519,1.17531,1.17499,1.17507
2026-04-20 09:15:00,1.17507,1.17508,1.17484,1.17494
2026-04-20 09:18:00,1.17494,1.17512,1.17487,1.17508
2026-04-20 09:21:00,1.17509,1.17511,1.17478,1.17495
2026-04-20 09:24:00,1.17495,1.17496,1.17469,1.17477
2026-04-20 09:27:00,1.17477,1.1750099999999999,1.17465,1.1750099999999999
2026-04-20 09:30:00,1.1750099999999999,1.17566,1.1750099999999999,1.17557
2026-04-20 09:33:00,1.17557,1.1756,1.17506,1.17529
2026-04-20 09:36:00,1.17529,1.17553,1.17521,1.17542
2026-04-20 09:39:00,1.17542,1.17582,1.17539,1.17577
2026-04-20 09:42:00,1.17577,1.17624,1.17577,1.17622
2026-04-20 09:45:00,1.17622,1.17628,1.17591,1.176
2026-04-20 09:48:00,1.176,1.17622,1.1758,1.17588
2026-04-20 09:51:00,1.17587,1.17595,1.17573,1.17588
2026-04-20 09:54:00,1.17588,1.17656,1.17577,1.17631
2026-04-20 09:57:00,1.1763,1.17651,1.17611,1.17649
2026-04-20 10:00:00,1.17651,1.17673,1.17618,1.17654
2026-04-20 10:03:00,1.17654,1.17665,1.17622,1.17627
2026-04-20 10:06:00,1.17627,1.17671,1.17622,1.1766
2026-04-20 10:09:00,1.1766,1.17667,1.17633,1.17652
2026-04-20 10:12:00,1.17653,1.17681,1.17638,1.17669
2026-04-20 10:15:00,1.17669,1.17682,1.17637,1.17678
2026-04-20 10:18:00,1.17678,1.17695,1.17659,1.17695
2026-04-20 10:21:00,1.17695,1.17718,1.17691,1.17714
2026-04-20 10:24:00,1.17714,1.17714,1.1769,1.17697
2026-04-20 10:27:00,1.17697,1.17697,1.17655,1.17664
2026-04-20 10:30:00,1.17664,1.17667,1.17611,1.17627
2026-04-20 10:33:00,1.17627,1.17648,1.17596,1.17621
2026-04-20 10:36:00,1.17622,1.17634,1.17608,1.1763
2026-04-20 10:39:00,1.1763,1.17634,1.17609,1.17614
2026-04-20 10:42:00,1.17614,1.17633,1.17593,1.1762299999999999
2026-04-20 10:45:00,1.1762299999999999,1.1762299999999999,1.1757900000000001,1.17594
2026-04-20 10:48:00,1.17594,1.17597,1.1754,1.17567
2026-04-20 10:51:00,1.17567,1.17571,1.17538,1.17554
2026-04-20 10:54:00,1.17554,1.17559,1.17533,1.17545
2026-04-20 10:57:00,1.17545,1.17595,1.17531,1.17593
2026-04-20 11:00:00,1.17593,1.17614,1.17565,1.17602
2026-04-20 11:03:00,1.17601,1.17635,1.17595,1.17616
2026-04-20 11:06:00,1.17616,1.1763,1.1757900000000001,1.1759
2026-04-20 11:09:00,1.1759,1.17616,1.17581,1.1761300000000001
2026-04-20 11:12:00,1.1761300000000001,1.17625,1.17602,1.17609
2026-04-20 11:15:00,1.17609,1.17616,1.17577,1.17593
2026-04-20 11:18:00,1.17593,1.17608,1.17568,1.17583
2026-04-20 11:21:00,1.17584,1.17622,1.17571,1.17585
2026-04-20 11:24:00,1.17585,1.17592,1.17566,1.17568
2026-04-20 11:27:00,1.17568,1.17619,1.17567,1.17615
2026-04-20 11:30:00,1.17615,1.17627,1.17592,1.17615
2026-04-20 11:33:00,1.17615,1.17622,1.176,1.17606
2026-04-20 11:36:00,1.17606,1.17606,1.1759,1.17601
2026-04-20 11:39:00,1.17601,1.17621,1.17588,1.1762
2026-04-20 11:42:00,1.1762,1.17624,1.17598,1.17619
2026-04-20 11:45:00,1.17619,1.17626,1.17608,1.1762
2026-04-20 11:48:00,1.1762,1.1763,1.17603,1.17624
2026-04-20 11:51:00,1.1762299999999999,1.17626,1.17573,1.17586
2026-04-20 11:54:00,1.1759,1.17601,1.17584,1.17592
2026-04-20 11:57:00,1.1758899999999999,1.17647,1.17582,1.17606
2026-04-20 12:00:00,1.17606,1.17642,1.176,1.17639
2026-04-20 12:03:00,1.17639,1.17644,1.17618,1.17641
2026-04-20 12:06:00,1.17641,1.17648,1.17619,1.17622
2026-04-20 12:09:00,1.17622,1.17639,1.17598,1.17631
2026-04-20 12:12:00,1.17631,1.17646,1.17626,1.17631
2026-04-20 12:15:00,1.17631,1.17631,1.17598,1.17607
2026-04-20 12:18:00,1.17607,1.1761300000000001,1.17584,1.17595
2026-04-20 12:21:00,1.17596,1.17634,1.17575,1.17593
2026-04-20 12:24:00,1.17594,1.17605,1.17578,1.1758899999999999
2026-04-20 12:27:00,1.1758899999999999,1.1758899999999999,1.17549,1.17553
2026-04-20 12:30:00,1.17555,1.17596,1.17554,1.1759
2026-04-20 12:33:00,1.1759,1.17603,1.17584,1.17596
2026-04-20 12:36:00,1.17596,1.17622,1.17584,1.17611
2026-04-20 12:39:00,1.17611,1.17615,1.17596,1.17605
2026-04-20 12:42:00,1.17605,1.17624,1.17594,1.17608
2026-04-20 12:45:00,1.17608,1.17634,1.17597,1.17626
2026-04-20 12:48:00,1.17626,1.17648,1.17618,1.17647
2026-04-20 12:51:00,1.17647,1.17653,1.17624,1.17637
2026-04-20 12:54:00,1.17637,1.17643,1.17618,1.17635
2026-04-20 12:57:00,1.17632,1.17657,1.17622,1.17653
2026-04-20 13:00:00,1.17654,1.1766,1.1764000000000001,1.17657
2026-04-20 13:03:00,1.17657,1.17671,1.17649,1.17665
2026-04-20 13:06:00,1.17666,1.17686,1.17653,1.1768
2026-04-20 13:09:00,1.1768,1.17693,1.17664,1.17667
2026-04-20 13:12:00,1.17667,1.17676,1.17639,1.1766
2026-04-20 13:15:00,1.1766,1.17671,1.1764999999999999,1.17669
2026-04-20 13:18:00,1.17666,1.17676,1.17646,1.1766
2026-04-20 13:21:00,1.1766,1.17664,1.17625,1.17634
2026-04-20 13:24:00,1.17634,1.17645,1.17625,1.17635
2026-04-20 13:27:00,1.17638,1.17644,1.17609,1.1764000000000001
2026-04-20 13:30:00,1.1764000000000001,1.17644,1.17628,1.17641
2026-04-20 13:33:00,1.17641,1.17663,1.17632,1.17655
2026-04-20 13:36:00,1.17655,1.17676,1.17642,1.17675
2026-04-20 13:39:00,1.17675,1.17675,1.17654,1.17665
2026-04-20 13:42:00,1.17665,1.17667,1.17649,1.17661
2026-04-20 13:45:00,1.17661,1.17665,1.17647,1.17656
2026-04-20 13:48:00,1.17656,1.17661,1.17643,1.17656
2026-04-20 13:51:00,1.17656,1.17671,1.17648,1.17665
2026-04-20 13:54:00,1.17662,1.17702,1.17658,1.17693
2026-04-20 13:57:00,1.17695,1.17712,1.17688,1.17706
2026-04-20 14:00:00,1.17706,1.17714,1.17687,1.17693
2026-04-20 14:03:00,1.17693,1.17713,1.17677,1.17699
2026-04-20 14:06:00,1.17689,1.17721,1.17682,1.17717
2026-04-20 14:09:00,1.17717,1.17725,1.177,1.1771
2026-04-20 14:12:00,1.1771,1.17729,1.17709,1.17728
2026-04-20 14:15:00,1.17728,1.17743,1.17718,1.17743
2026-04-20 14:18:00,1.17743,1.17743,1.17725,1.17734
2026-04-20 14:21:00,1.17734,1.17746,1.17722,1.17738
2026-04-20 14:24:00,1.17741,1.17741,1.17719,1.17728
2026-04-20 14:27:00,1.17729,1.17731,1.17712,1.17725
2026-04-20 14:30:00,1.17726,1.17739,1.17703,1.17714
2026-04-20 14:33:00,1.17714,1.17734,1.17703,1.17725
2026-04-20 14:36:00,1.17717,1.17724,1.17705,1.17713
2026-04-20 14:39:00,1.17713,1.17722,1.17692,1.1770100000000001
2026-04-20 14:42:00,1.1770100000000001,1.17715,1.17681,1.17715
2026-04-20 14:45:00,1.17715,1.17754,1.17707,1.17734
2026-04-20 14:48:00,1.17734,1.17738,1.17709,1.17723
2026-04-20 14:51:00,1.17723,1.17738,1.17693,1.177
2026-04-20 14:54:00,1.177,1.177,1.17639,1.17673
2026-04-20 14:57:00,1.17672,1.17681,1.17656,1.1767
2026-04-20 15:00:00,1.1767,1.1767,1.17628,1.17646
2026-04-20 15:03:00,1.17646,1.17681,1.17629,1.17647
2026-04-20 15:06:00,1.17647,1.17649,1.17615,1.17618
2026-04-20 15:09:00,1.17618,1.17622,1.17568,1.17575
2026-04-20 15:12:00,1.17575,1.17583,1.17544,1.17563
2026-04-20 15:15:00,1.17573,1.17585,1.17556,1.1758
2026-04-20 15:18:00,1.1758,1.17588,1.17561,1.17584
2026-04-20 15:21:00,1.17584,1.1761,1.17575,1.17594
2026-04-20 15:24:00,1.17594,1.17614,1.17578,1.17584
2026-04-20 15:27:00,1.17584,1.17593,1.17567,1.17576
2026-04-20 15:30:00,1.1758,1.17602,1.17577,1.17595
2026-04-20 15:33:00,1.17595,1.1762299999999999,1.17587,1.17622
2026-04-20 15:36:00,1.17622,1.17628,1.17599,1.17615
2026-04-20 15:39:00,1.17616,1.17641,1.17611,1.17638
2026-04-20 15:42:00,1.17638,1.17646,1.17619,1.1764000000000001
2026-04-20 15:45:00,1.1764000000000001,1.17655,1.1763,1.17646
2026-04-20 15:48:00,1.17646,1.17675,1.17643,1.17656
2026-04-20 15:51:00,1.17656,1.17666,1.1762299999999999,1.17635
2026-04-20 15:54:00,1.17635,1.17655,1.1762299999999999,1.17625
2026-04-20 15:57:00,1.17625,1.1764999999999999,1.17609,1.1764999999999999
2026-04-20 16:00:00,1.1764999999999999,1.17654,1.17615,1.17635
2026-04-20 16:03:00,1.17635,1.17635,1.17606,1.17618
2026-04-20 16:06:00,1.17618,1.17714,1.17611,1.17676
2026-04-20 16:09:00,1.17676,1.17679,1.1764000000000001,1.17668
2026-04-20 16:12:00,1.17668,1.17685,1.17661,1.17675
2026-04-20 16:15:00,1.17675,1.17695,1.17665,1.17685
2026-04-20 16:18:00,1.17685,1.17693,1.17661,1.17668
2026-04-20 16:21:00,1.17665,1.17706,1.17651,1.177
2026-04-20 16:24:00,1.177,1.17716,1.17677,1.17694
2026-04-20 16:27:00,1.17694,1.17743,1.17692,1.17731
2026-04-20 16:30:00,1.17731,1.17744,1.17699,1.17719
2026-04-20 16:33:00,1.17719,1.17753,1.1771,1.17751
2026-04-20 16:36:00,1.17751,1.17775,1.1774,1.17749
2026-04-20 16:39:00,1.17749,1.17763,1.17719,1.1775
2026-04-20 16:42:00,1.1775,1.17812,1.17741,1.17811
2026-04-20 16:45:00,1.17811,1.17814,1.17785,1.17807
2026-04-20 16:48:00,1.17807,1.17815,1.17781,1.17784
2026-04-20 16:51:00,1.17784,1.17785,1.17734,1.17751
2026-04-20 16:54:00,1.17751,1.17767,1.17742,1.17767
2026-04-20 16:57:00,1.17766,1.17779,1.17739,1.1775
2026-04-20 17:00:00,1.1775,1.1775,1.177,1.17724
2026-04-20 17:03:00,1.17724,1.17725,1.1769,1.17718
2026-04-20 17:06:00,1.17718,1.17721,1.17677,1.17692
2026-04-20 17:09:00,1.17692,1.17703,1.17661,1.17678
2026-04-20 17:12:00,1.17679,1.17716,1.1766,1.1771
2026-04-20 17:15:00,1.1771,1.17725,1.17695,1.17712
2026-04-20 17:18:00,1.17712,1.17759,1.177,1.17732
2026-04-20 17:21:00,1.17732,1.17748,1.17719,1.17734
2026-04-20 17:24:00,1.17734,1.17744,1.17723,1.17741
2026-04-20 17:27:00,1.17741,1.17755,1.17727,1.17755
2026-04-20 17:30:00,1.17755,1.17768,1.17746,1.17765
2026-04-20 17:33:00,1.17765,1.1777,1.17716,1.17726
2026-04-20 17:36:00,1.17728,1.17765,1.17713,1.17737
2026-04-20 17:39:00,1.17737,1.17753,1.17717,1.17743
2026-04-20 17:42:00,1.17743,1.17764,1.17714,1.17764
2026-04-20 17:45:00,1.17764,1.1778,1.17746,1.17751
2026-04-20 17:48:00,1.17751,1.17769,1.17733,1.17736
2026-04-20 17:51:00,1.17736,1.17736,1.17621,1.17692
2026-04-20 17:54:00,1.17692,1.17708,1.17681,1.17703
2026-04-20 17:57:00,1.17703,1.17722,1.17675,1.1772
2026-04-20 18:00:00,1.1772,1.1773500000000001,1.17696,1.17728
2026-04-20 18:03:00,1.17732,1.1774,1.17681,1.17691
2026-04-20 18:06:00,1.17694,1.17722,1.17681,1.17693
2026-04-20 18:09:00,1.17693,1.1773500000000001,1.17675,1.17728
2026-04-20 18:12:00,1.17731,1.1774499999999999,1.17708,1.17741
2026-04-20 18:15:00,1.17741,1.1776,1.1772,1.17751
2026-04-20 18:18:00,1.17755,1.17784,1.17741,1.17778
2026-04-20 18:21:00,1.17778,1.17836,1.17766,1.17835
2026-04-20 18:24:00,1.17835,1.17865,1.17821,1.17849
2026-04-20 18:27:00,1.17849,1.1786699999999999,1.17828,1.17851
2026-04-20 18:30:00,1.17852,1.17855,1.17828,1.17847
2026-04-20 18:33:00,1.17846,1.17848,1.17812,1.17846
2026-04-20 18:36:00,1.17846,1.17893,1.17811,1.17881
2026-04-20 18:39:00,1.17881,1.17893,1.17853,1.17888
2026-04-20 18:42:00,1.17888,1.1789399999999999,1.17852,1.17855
2026-04-20 18:45:00,1.17855,1.17855,1.17828,1.17836
2026-04-20 18:48:00,1.17836,1.17855,1.17829,1.17832
2026-04-20 18:51:00,1.17832,1.17851,1.17814,1.1783
2026-04-20 18:54:00,1.1783,1.1784,1.17809,1.17838
2026-04-20 18:57:00,1.17839,1.17861,1.17835,1.17839
2026-04-20 19:00:00,1.1784,1.17873,1.1784,1.17865
2026-04-20 19:03:00,1.17865,1.17873,1.1783299999999999,1.17859
2026-04-20 19:06:00,1.17859,1.17866,1.17838,1.17852
2026-04-20 19:09:00,1.17852,1.17875,1.17846,1.17861
2026-04-20 19:12:00,1.17861,1.17864,1.17841,1.17859
2026-04-20 19:15:00,1.17859,1.17869,1.17843,1.17868
2026-04-20 19:18:00,1.17868,1.1788,1.17856,1.17875
2026-04-20 19:21:00,1.17875,1.17875,1.17855,1.17856
2026-04-20 19:24:00,1.1786,1.17865,1.17834,1.17841
2026-04-20 19:27:00,1.17841,1.17875,1.17836,1.17866
2026-04-20 19:30:00,1.17866,1.17871,1.17843,1.17849
2026-04-20 19:33:00,1.17849,1.1785,1.17809,1.1782
2026-04-20 19:36:00,1.1782,1.1783,1.17812,1.17825
2026-04-20 19:39:00,1.17819,1.1786,1.17816,1.17856
2026-04-20 19:42:00,1.17856,1.17864,1.17834,1.1785
2026-04-20 19:45:00,1.1785,1.1785,1.17818,1.17843
2026-04-20 19:48:00,1.17843,1.17847,1.17827,1.17839
2026-04-20 19:51:00,1.17839,1.17864,1.17835,1.17856
2026-04-20 19:54:00,1.17856,1.17862,1.17832,1.17848
2026-04-20 19:57:00,1.17849,1.1786,1.17832,1.17851
2026-04-20 20:00:00,1.17851,1.17902,1.1785,1.17881
2026-04-20 20:03:00,1.17881,1.17885,1.17845,1.1786
2026-04-20 20:06:00,1.1786,1.1788,1.1786,1.1788
2026-04-20 20:09:00,1.17879,1.17883,1.17864,1.1786699999999999
2026-04-20 20:12:00,1.1786699999999999,1.17875,1.17854,1.1786699999999999
2026-04-20 20:15:00,1.17868,1.17875,1.1785700000000001,1.17874
2026-04-20 20:18:00,1.17875,1.17875,1.17843,1.17851
2026-04-20 20:21:00,1.17851,1.17856,1.17834,1.17846
2026-04-20 20:24:00,1.17846,1.17847,1.1783,1.17835
2026-04-20 20:27:00,1.17835,1.17836,1.17814,1.1782
2026-04-20 20:30:00,1.17819,1.1783299999999999,1.17805,1.17809
2026-04-20 20:33:00,1.17811,1.17851,1.1780599999999999,1.17832
2026-04-20 20:36:00,1.1783299999999999,1.17848,1.17819,1.17842
2026-04-20 20:39:00,1.17842,1.17861,1.17821,1.17826
2026-04-20 20:42:00,1.17831,1.17842,1.1782,1.17834
2026-04-20 20:45:00,1.17834,1.17839,1.17824,1.17836
2026-04-20 20:48:00,1.17836,1.17841,1.17825,1.17834
2026-04-20 20:51:00,1.17834,1.1784,1.17813,1.17825
2026-04-20 20:54:00,1.17825,1.1783299999999999,1.17815,1.17817
2026-04-20 20:57:00,1.17817,1.17836,1.17815,1.17836
2026-04-20 21:00:00,1.17837,1.17855,1.1783,1.17847
2026-04-20 21:03:00,1.17847,1.17855,1.17839,1.17855
2026-04-20 21:06:00,1.17856,1.17878,1.17846,1.1786
2026-04-20 21:09:00,1.1786,1.17874,1.1783299999999999,1.17851
2026-04-20 21:12:00,1.17851,1.17892,1.17849,1.17889
2026-04-20 21:15:00,1.17889,1.1789,1.1786699999999999,1.1787
2026-04-20 21:18:00,1.1787,1.1789,1.17862,1.17889
2026-04-20 21:21:00,1.1789,1.17896,1.17874,1.17881
2026-04-20 21:24:00,1.17881,1.17885,1.17856,1.17865
2026-04-20 21:27:00,1.17866,1.17875,1.17831,1.17846
2026-04-20 21:30:00,1.17846,1.17851,1.17834,1.17841
2026-04-20 21:33:00,1.17841,1.17853,1.17834,1.17847
2026-04-20 21:36:00,1.17848,1.1785700000000001,1.1781,1.17817
2026-04-20 21:39:00,1.17817,1.17832,1.17799,1.17825
2026-04-20 21:42:00,1.17825,1.1783,1.17805,1.17821
2026-04-20 21:45:00,1.17821,1.1783,1.17808,1.17817
2026-04-20 21:48:00,1.17817,1.17823,1.17809,1.17817
2026-04-20 21:51:00,1.17817,1.17823,1.17802,1.17812
2026-04-20 21:54:00,1.17812,1.17822,1.17803,1.17807
2026-04-20 21:57:00,1.17807,1.17811,1.17777,1.17802
2026-04-20 22:00:00,1.178,1.17841,1.17797,1.17836
2026-04-20 22:03:00,1.17836,1.17846,1.17821,1.17843
2026-04-20 22:06:00,1.17842,1.17862,1.1784,1.17856
2026-04-20 22:09:00,1.17856,1.17865,1.17839,1.17865
2026-04-20 22:12:00,1.17865,1.17877,1.17859,1.17875
2026-04-20 22:15:00,1.17875,1.17881,1.17851,1.17858
2026-04-20 22:18:00,1.17858,1.17858,1.17841,1.17847
2026-04-20 22:21:00,1.17847,1.17856,1.1784,1.17845
2026-04-20 22:24:00,1.17846,1.1785700000000001,1.17841,1.17853
2026-04-20 22:27:00,1.17853,1.17861,1.17845,1.17861
2026-04-20 22:30:00,1.17861,1.1786699999999999,1.17851,1.17866
2026-04-20 22:33:00,1.17866,1.17873,1.17853,1.17871
2026-04-20 22:36:00,1.17871,1.17887,1.1786,1.17883
2026-04-20 22:39:00,1.17883,1.17886,1.17858,1.17871
2026-04-20 22:42:00,1.17871,1.17881,1.17863,1.17871
2026-04-20 22:45:00,1.17871,1.17872,1.17855,1.17866
2026-04-20 22:48:00,1.17866,1.1787,1.17853,1.17866
2026-04-20 22:51:00,1.17866,1.1787,1.17852,1.17853
2026-04-20 22:54:00,1.17853,1.17878,1.17853,1.17877
2026-04-20 22:57:00,1.17877,1.17877,1.1785,1.17859
2026-04-20 23:00:00,1.17858,1.17861,1.17843,1.17861
2026-04-20 23:03:00,1.17861,1.17862,1.17849,1.1786
2026-04-20 23:06:00,1.1786,1.17885,1.17858,1.17881
2026-04-20 23:09:00,1.17881,1.17884,1.17861,1.17873
2026-04-20 23:12:00,1.17873,1.17873,1.17858,1.17869
2026-04-20 23:15:00,1.17869,1.1787,1.17851,1.17856
2026-04-20 23:18:00,1.17856,1.1786,1.17848,1.17858
2026-04-20 23:21:00,1.17858,1.17865,1.17848,1.17864
2026-04-20 23:24:00,1.17864,1.17864,1.17843,1.17848
2026-04-20 23:27:00,1.17848,1.17859,1.1784,1.1785700000000001
2026-04-20 23:30:00,1.1785700000000001,1.17859,1.17834,1.17834
2026-04-20 23:33:00,1.17834,1.17864,1.17834,1.17863
2026-04-20 23:36:00,1.17863,1.17866,1.17852,1.17862
2026-04-20 23:39:00,1.17862,1.17866,1.17858,1.17865
2026-04-20 23:42:00,1.17865,1.17866,1.1785,1.17855
2026-04-20 23:45:00,1.17855,1.17865,1.1785,1.17865
2026-04-20 23:48:00,1.17865,1.17875,1.17864,1.17874
2026-04-20 23:51:00,1.17874,1.17878,1.17864,1.1786699999999999
2026-04-20 23:54:00,1.1786699999999999,1.17875,1.1786699999999999,1.17871
2026-04-20 23:57:00,1.17871,1.1788,1.17865,1.17871
2026-04-21 00:00:00,1.17874,1.17874,1.17842,1.17842
2026-04-21 00:03:00,1.17842,1.17855,1.17818,1.17846
2026-04-21 00:06:00,1.17846,1.1785,1.17831,1.17831
2026-04-21 00:09:00,1.17831,1.17852,1.17831,1.17845
2026-04-21 00:12:00,1.17845,1.17852,1.17835,1.17852
2026-04-21 00:15:00,1.17852,1.17855,1.17826,1.17849
2026-04-21 00:18:00,1.17849,1.17859,1.17838,1.17838
2026-04-21 00:21:00,1.17838,1.17842,1.17829,1.17839
2026-04-21 00:24:00,1.17839,1.17871,1.17836,1.17848
2026-04-21 00:27:00,1.17864,1.17874,1.1784,1.17852
2026-04-21 00:30:00,1.17852,1.17876,1.17839,1.17869
2026-04-21 00:33:00,1.17869,1.17875,1.17854,1.1785700000000001
2026-04-21 00:36:00,1.1785700000000001,1.17875,1.1783299999999999,1.1785700000000001
2026-04-21 00:39:00,1.17868,1.17874,1.17844,1.17874
2026-04-21 00:42:00,1.17874,1.17874,1.17848,1.1786699999999999
2026-04-21 00:45:00,1.1786699999999999,1.17874,1.17849,1.1786699999999999
2026-04-21 00:48:00,1.1786699999999999,1.17874,1.17848,1.17872
2026-04-21 00:51:00,1.17872,1.17874,1.17864,1.17869
2026-04-21 00:54:00,1.17869,1.17871,1.17849,1.1785
2026-04-21 00:57:00,1.1785,1.17873,1.17831,1.17862
2026-04-21 01:00:00,1.17868,1.1789,1.17851,1.17883
2026-04-21 01:03:00,1.17883,1.17883,1.17863,1.17874
2026-04-21 01:06:00,1.17874,1.17878,1.17869,1.17874
2026-04-21 01:09:00,1.17874,1.17875,1.1786,1.17868
2026-04-21 01:12:00,1.17869,1.17869,1.1785700000000001,1.17864
2026-04-21 01:15:00,1.17864,1.17864,1.17852,1.17861
2026-04-21 01:18:00,1.17861,1.17869,1.17846,1.17866
2026-04-21 01:21:00,1.17866,1.17866,1.17859,1.17859
2026-04-21 01:24:00,1.17859,1.17863,1.17859,1.17862
2026-04-21 01:27:00,1.17862,1.17866,1.1786,1.17865
2026-04-21 01:30:00,1.17865,1.1786699999999999,1.17855,1.1786
2026-04-21 01:33:00,1.1786,1.17862,1.17854,1.17855
2026-04-21 01:36:00,1.17855,1.17863,1.17855,1.17862
2026-04-21 01:39:00,1.17862,1.1787,1.17851,1.1787
2026-04-21 01:42:00,1.17869,1.17872,1.17861,1.17862
2026-04-21 01:45:00,1.17862,1.17888,1.17862,1.17881
2026-04-21 01:48:00,1.17881,1.17887,1.17872,1.17886
2026-04-21 01:51:00,1.17886,1.17896,1.17879,1.17885
2026-04-21 01:54:00,1.17885,1.1789399999999999,1.17876,1.1789399999999999
2026-04-21 01:57:00,1.1789399999999999,1.17903,1.17882,1.179
2026-04-21 02:00:00,1.179,1.17908,1.17887,1.17888
2026-04-21 02:03:00,1.17888,1.17897,1.17879,1.1788
2026-04-21 02:06:00,1.1788,1.17881,1.1786699999999999,1.17878
2026-04-21 02:09:00,1.17879,1.1788,1.17862,1.17869
2026-04-21 02:12:00,1.17869,1.17869,1.17856,1.17859
2026-04-21 02:15:00,1.17859,1.1786,1.17848,1.17855
2026-04-21 02:18:00,1.17855,1.17856,1.1784,1.1785
2026-04-21 02:21:00,1.1785,1.17851,1.17841,1.17846
2026-04-21 02:24:00,1.17846,1.17855,1.17841,1.1785
2026-04-21 02:27:00,1.1785,1.17855,1.17839,1.1785
2026-04-21 02:30:00,1.1785,1.17851,1.17839,1.17851
2026-04-21 02:33:00,1.17851,1.17851,1.17837,1.17839
2026-04-21 02:36:00,1.17838,1.17843,1.1783,1.17843
2026-04-21 02:39:00,1.17843,1.17843,1.1783,1.17835
2026-04-21 02:42:00,1.17835,1.17853,1.17835,1.17853
2026-04-21 02:45:00,1.17853,1.17853,1.17842,1.17844
2026-04-21 02:48:00,1.17844,1.17845,1.17837,1.17841
2026-04-21 02:51:00,1.17841,1.17846,1.1783299999999999,1.17837
2026-04-21 02:54:00,1.17837,1.17842,1.17827,1.17837
2026-04-21 02:57:00,1.17837,1.17845,1.17828,1.17832
2026-04-21 03:00:00,1.17841,1.17849,1.17821,1.17827
2026-04-21 03:03:00,1.17827,1.17834,1.17814,1.17827
2026-04-21 03:06:00,1.1783,1.17836,1.17802,1.17817
2026-04-21 03:09:00,1.17817,1.17831,1.17813,1.17825
2026-04-21 03:12:00,1.17825,1.17841,1.17824,1.1784
2026-04-21 03:15:00,1.1784,1.17843,1.17832,1.17836
2026-04-21 03:18:00,1.17836,1.17848,1.1783,1.17843
2026-04-21 03:21:00,1.17842,1.17854,1.17841,1.17848
2026-04-21 03:24:00,1.17848,1.17849,1.1782,1.1783
2026-04-21 03:27:00,1.17829,1.17842,1.17818,1.17823
2026-04-21 03:30:00,1.17823,1.17827,1.17812,1.17812
2026-04-21 03:33:00,1.17816,1.17828,1.17807,1.17817
2026-04-21 03:36:00,1.17817,1.17821,1.17803,1.17821
2026-04-21 03:39:00,1.17821,1.1784,1.17807,1.17836
2026-04-21 03:42:00,1.17836,1.17845,1.17831,1.17841
2026-04-21 03:45:00,1.17841,1.17855,1.17822,1.17828
2026-04-21 03:48:00,1.17828,1.17831,1.1781,1.17821
2026-04-21 03:51:00,1.17821,1.1783299999999999,1.1782,1.17823
2026-04-21 03:54:00,1.17823,1.17835,1.17812,1.17819
2026-04-21 03:57:00,1.17819,1.17832,1.17813,1.17828
2026-04-21 04:00:00,1.17828,1.17831,1.17812,1.17822
2026-04-21 04:03:00,1.17822,1.17838,1.1782,1.17831
2026-04-21 04:06:00,1.17831,1.17836,1.17827,1.17827
2026-04-21 04:09:00,1.17827,1.17832,1.17824,1.17826
2026-04-21 04:12:00,1.17826,1.17827,1.17805,1.1782
2026-04-21 04:15:00,1.1782,1.17861,1.1781,1.17848
2026-04-21 04:18:00,1.17848,1.17858,1.1783299999999999,1.17842
2026-04-21 04:21:00,1.17842,1.17847,1.17832,1.17836
2026-04-21 04:24:00,1.17836,1.17843,1.17825,1.17842
2026-04-21 04:27:00,1.17842,1.1785,1.17831,1.1785
2026-04-21 04:30:00,1.17849,1.17855,1.17827,1.17844
2026-04-21 04:33:00,1.17844,1.17855,1.17841,1.17851
2026-04-21 04:36:00,1.17851,1.17854,1.1784,1.17849
2026-04-21 04:39:00,1.17849,1.1785,1.17834,1.17837
2026-04-21 04:42:00,1.17837,1.17841,1.17823,1.17835
2026-04-21 04:45:00,1.17835,1.17838,1.17811,1.17821
2026-04-21 04:48:00,1.17821,1.17829,1.17812,1.17829
2026-04-21 04:51:00,1.17829,1.1783,1.17807,1.17807
2026-04-21 04:54:00,1.17807,1.1781,1.17788,1.17799
2026-04-21 04:57:00,1.17799,1.1780599999999999,1.17791,1.17804
2026-04-21 05:00:00,1.17804,1.17809,1.17789,1.17795
2026-04-21 05:03:00,1.17794,1.17805,1.17785,1.17804
2026-04-21 05:06:00,1.17804,1.17805,1.17794,1.17799
2026-04-21 05:09:00,1.17799,1.1781,1.17798,1.1780599999999999
2026-04-21 05:12:00,1.1780599999999999,1.17822,1.178,1.1782
2026-04-21 05:15:00,1.1782,1.1782,1.17801,1.17809
2026-04-21 05:18:00,1.17809,1.1781,1.17795,1.17801
2026-04-21 05:21:00,1.17801,1.17805,1.17786,1.17794
2026-04-21 05:24:00,1.17794,1.17797,1.17766,1.1779600000000001
2026-04-21 05:27:00,1.1779600000000001,1.17802,1.1779,1.17798
2026-04-21 05:30:00,1.17798,1.17798,1.1778,1.17795
2026-04-21 05:33:00,1.17795,1.17795,1.17768,1.1777199999999999
2026-04-21 05:36:00,1.17771,1.17785,1.17764,1.17777
2026-04-21 05:39:00,1.17777,1.17788,1.17777,1.17782
2026-04-21 05:42:00,1.17783,1.17784,1.17773,1.17783
2026-04-21 05:45:00,1.17783,1.17791,1.17776,1.17781
2026-04-21 05:48:00,1.17781,1.17784,1.1777,1.17782
2026-04-21 05:51:00,1.17782,1.17791,1.1777199999999999,1.17788
2026-04-21 05:54:00,1.17788,1.178,1.17781,1.17799
2026-04-21 05:57:00,1.17799,1.178,1.17781,1.17792
2026-04-21 06:00:00,1.17792,1.17795,1.17774,1.17788
2026-04-21 06:03:00,1.17788,1.17795,1.17774,1.17779
2026-04-21 06:06:00,1.17779,1.17781,1.17769,1.17779
2026-04-21 06:09:00,1.17779,1.17782,1.17755,1.17769
2026-04-21 06:12:00,1.17769,1.17777,1.17763,1.1777199999999999
2026-04-21 06:15:00,1.17771,1.17777,1.17768,1.17774
2026-04-21 06:18:00,1.17774,1.17775,1.17749,1.17767
2026-04-21 06:21:00,1.17768,1.17768,1.1774499999999999,1.1775
2026-04-21 06:24:00,1.1775,1.17757,1.1774,1.17756
2026-04-21 06:27:00,1.17756,1.1777,1.17753,1.17767
2026-04-21 06:30:00,1.17767,1.17768,1.17749,1.1775
2026-04-21 06:33:00,1.1775,1.17751,1.17741,1.17742
2026-04-21 06:36:00,1.17742,1.1774499999999999,1.1773,1.1773500000000001
2026-04-21 06:39:00,1.17734,1.17737,1.17731,1.17736
2026-04-21 06:42:00,1.17736,1.1774,1.17725,1.17734
2026-04-21 06:45:00,1.17734,1.17756,1.17732,1.17755
2026-04-21 06:48:00,1.17755,1.17757,1.17739,1.1775
2026-04-21 06:51:00,1.1775,1.17765,1.1775,1.17765
2026-04-21 06:54:00,1.17765,1.17766,1.17751,1.1776
2026-04-21 06:57:00,1.1776,1.1776,1.17742,1.17755
2026-04-21 07:00:00,1.17755,1.17765,1.17752,1.17758
2026-04-21 07:03:00,1.17758,1.17761,1.17744,1.17751
2026-04-21 07:06:00,1.17751,1.17751,1.17742,1.1775
2026-04-21 07:09:00,1.1775,1.1775,1.17736,1.17744
2026-04-21 07:12:00,1.17744,1.1775,1.17733,1.1774
2026-04-21 07:15:00,1.1774,1.17749,1.17726,1.17748
2026-04-21 07:18:00,1.17748,1.17748,1.17732,1.17742
2026-04-21 07:21:00,1.17742,1.17747,1.17742,1.17742
2026-04-21 07:24:00,1.1774,1.17746,1.17733,1.17741
2026-04-21 07:27:00,1.17741,1.1776,1.17731,1.17752
2026-04-21 07:30:00,1.17752,1.17763,1.17748,1.17757
2026-04-21 07:33:00,1.17757,1.1776200000000001,1.17752,1.1776200000000001
2026-04-21 07:36:00,1.1776200000000001,1.1776200000000001,1.1774499999999999,1.17748
2026-04-21 07:39:00,1.17748,1.17766,1.17748,1.17749
2026-04-21 07:42:00,1.17749,1.17761,1.17749,1.17756
2026-04-21 07:45:00,1.17756,1.17763,1.17746,1.17761
2026-04-21 07:48:00,1.1776,1.17761,1.17744,1.17758
2026-04-21 07:51:00,1.17758,1.17765,1.17746,1.17765
2026-04-21 07:54:00,1.17765,1.17765,1.17752,1.17757
2026-04-21 07:57:00,1.17757,1.17758,1.1774499999999999,1.17755
2026-04-21 08:00:00,1.17755,1.1777199999999999,1.17747,1.17771
2026-04-21 08:03:00,1.17771,1.17788,1.1776200000000001,1.17776
2026-04-21 08:06:00,1.17776,1.17795,1.17769,1.17793
2026-04-21 08:09:00,1.17793,1.17799,1.17778,1.17791
2026-04-21 08:12:00,1.17791,1.1779600000000001,1.17776,1.17786
2026-04-21 08:15:00,1.17792,1.17801,1.17777,1.17798
2026-04-21 08:18:00,1.17798,1.17822,1.17785,1.17807
2026-04-21 08:21:00,1.1780599999999999,1.17819,1.17805,1.1781
2026-04-21 08:24:00,1.17808,1.17811,1.17797,1.17809
2026-04-21 08:27:00,1.1781,1.17819,1.178,1.17809
2026-04-21 08:30:00,1.17808,1.17813,1.17798,1.1781
2026-04-21 08:33:00,1.1781,1.17816,1.17794,1.17807
2026-04-21 08:36:00,1.17807,1.1782,1.17799,1.17802
2026-04-21 08:39:00,1.17802,1.17815,1.17802,1.17813
2026-04-21 08:42:00,1.17813,1.17815,1.17791,1.17802
2026-04-21 08:45:00,1.17802,1.17807,1.17786,1.17798
2026-04-21 08:48:00,1.17798,1.17799,1.17774,1.17791
2026-04-21 08:51:00,1.17791,1.17802,1.17778,1.17795
2026-04-21 08:54:00,1.17795,1.17802,1.17776,1.17781
2026-04-21 08:57:00,1.17781,1.17791,1.17775,1.17782
2026-04-21 09:00:00,1.17782,1.17801,1.17718,1.17721
2026-04-21 09:03:00,1.17721,1.17756,1.1772,1.17746
2026-04-21 09:06:00,1.17746,1.17751,1.17723,1.17742
2026-04-21 09:09:00,1.17742,1.1777,1.17732,1.1776200000000001
2026-04-21 09:12:00,1.17763,1.17766,1.17746,1.17766
2026-04-21 09:15:00,1.17766,1.17766,1.17733,1.17747
2026-04-21 09:18:00,1.17747,1.1775,1.17721,1.17722
2026-04-21 09:21:00,1.17722,1.1774,1.17712,1.17739
2026-04-21 09:24:00,1.17739,1.1774499999999999,1.1772,1.17737
2026-04-21 09:27:00,1.17737,1.17751,1.17733,1.17744
2026-04-21 09:30:00,1.17744,1.17748,1.17719,1.1774499999999999
2026-04-21 09:33:00,1.17744,1.17757,1.17719,1.17736
2026-04-21 09:36:00,1.17736,1.1774,1.17712,1.17731
2026-04-21 09:39:00,1.17731,1.17737,1.17714,1.17728
2026-04-21 09:42:00,1.17727,1.17763,1.17727,1.17756
2026-04-21 09:45:00,1.17756,1.17756,1.1773500000000001,1.17739
2026-04-21 09:48:00,1.17739,1.17746,1.17719,1.17726
2026-04-21 09:51:00,1.17726,1.17731,1.17715,1.17729
2026-04-21 09:54:00,1.17729,1.17757,1.17717,1.17748
2026-04-21 09:57:00,1.17748,1.17766,1.17744,1.17746
2026-04-21 10:00:00,1.17744,1.17769,1.17729,1.17732
2026-04-21 10:03:00,1.17732,1.17751,1.17709,1.17712
2026-04-21 10:06:00,1.17712,1.17729,1.17708,1.1772
2026-04-21 10:09:00,1.1772,1.1774499999999999,1.17719,1.17734
2026-04-21 10:12:00,1.17734,1.17751,1.17728,1.17734
2026-04-21 10:15:00,1.17732,1.17749,1.17731,1.17746
2026-04-21 10:18:00,1.17746,1.17757,1.17738,1.1774499999999999
2026-04-21 10:21:00,1.17743,1.17755,1.1773,1.17742
2026-04-21 10:24:00,1.17743,1.17766,1.17725,1.17759
2026-04-21 10:27:00,1.17759,1.17765,1.1774,1.17748
2026-04-21 10:30:00,1.17747,1.17751,1.17734,1.1774
2026-04-21 10:33:00,1.1774,1.17746,1.17717,1.1773
2026-04-21 10:36:00,1.1773,1.17742,1.17703,1.17712
2026-04-21 10:39:00,1.17712,1.17734,1.17706,1.17726
2026-04-21 10:42:00,1.17726,1.1773,1.1771,1.17718
2026-04-21 10:45:00,1.17718,1.1773,1.17704,1.17706
2026-04-21 10:48:00,1.17706,1.1774,1.17703,1.17731
2026-04-21 10:51:00,1.17731,1.17731,1.17681,1.17694
2026-04-21 10:54:00,1.17694,1.17702,1.17652,1.17664
2026-04-21 10:57:00,1.17664,1.1769,1.1762,1.17641
2026-04-21 11:00:00,1.17641,1.17661,1.17638,1.17647
2026-04-21 11:03:00,1.17647,1.17654,1.17583,1.17606
2026-04-21 11:06:00,1.17607,1.17626,1.17576,1.1761
2026-04-21 11:09:00,1.1761,1.17626,1.1757,1.17577
2026-04-21 11:12:00,1.17577,1.17585,1.1756199999999999,1.17573
2026-04-21 11:15:00,1.17573,1.17601,1.17568,1.17601
2026-04-21 11:18:00,1.17601,1.17609,1.17587,1.17608
2026-04-21 11:21:00,1.17608,1.17656,1.17607,1.17647
2026-04-21 11:24:00,1.17647,1.17647,1.17615,1.17631
2026-04-21 11:27:00,1.17631,1.17646,1.17617,1.17633
2026-04-21 11:30:00,1.17633,1.17662,1.17617,1.17655
2026-04-21 11:33:00,1.17655,1.17664,1.17617,1.17628
2026-04-21 11:36:00,1.17628,1.17639,1.17609,1.17635
2026-04-21 11:39:00,1.17635,1.17647,1.17635,1.17643
2026-04-21 11:42:00,1.17643,1.17669,1.17632,1.17658
2026-04-21 11:45:00,1.17657,1.17661,1.17631,1.17641
2026-04-21 11:48:00,1.1764000000000001,1.17645,1.17628,1.17639
2026-04-21 11:51:00,1.17639,1.17642,1.17622,1.17624
2026-04-21 11:54:00,1.17624,1.17638,1.1761300000000001,1.17638
2026-04-21 11:57:00,1.17636,1.17653,1.17628,1.17652
2026-04-21 12:00:00,1.17652,1.17652,1.17614,1.17624
2026-04-21 12:03:00,1.17624,1.17628,1.17601,1.1761
2026-04-21 12:06:00,1.1761,1.17616,1.17574,1.17585
2026-04-21 12:09:00,1.17584,1.17604,1.17569,1.17595
2026-04-21 12:12:00,1.17595,1.17606,1.17576,1.17588
2026-04-21 12:15:00,1.1758899999999999,1.17607,1.17574,1.17596
2026-04-21 12:18:00,1.17596,1.17622,1.17582,1.17616
2026-04-21 12:21:00,1.17616,1.17616,1.17577,1.17585
2026-04-21 12:24:00,1.17585,1.17588,1.1756199999999999,1.17586
2026-04-21 12:27:00,1.17586,1.17586,1.17564,1.17578
2026-04-21 12:30:00,1.1757900000000001,1.17597,1.1757,1.17594
2026-04-21 12:33:00,1.17592,1.17592,1.17573,1.17583
2026-04-21 12:36:00,1.17583,1.17593,1.17557,1.17578
2026-04-21 12:39:00,1.17578,1.17591,1.1756,1.1759
2026-04-21 12:42:00,1.1759,1.17604,1.17583,1.17598
2026-04-21 12:45:00,1.17597,1.17601,1.1757900000000001,1.1757900000000001
2026-04-21 12:48:00,1.1757900000000001,1.1758,1.1756199999999999,1.17566
2026-04-21 12:51:00,1.17566,1.1759,1.17564,1.17587
2026-04-21 12:54:00,1.17587,1.17625,1.17584,1.17621
2026-04-21 12:57:00,1.1762,1.17622,1.1758,1.17595
2026-04-21 13:00:00,1.17595,1.17595,1.1757,1.1758899999999999
2026-04-21 13:03:00,1.1758899999999999,1.17598,1.17578,1.17592
2026-04-21 13:06:00,1.17592,1.17605,1.1757900000000001,1.17603
2026-04-21 13:09:00,1.17603,1.17614,1.17594,1.17605
2026-04-21 13:12:00,1.17605,1.1761,1.17575,1.17586
2026-04-21 13:15:00,1.17586,1.17594,1.17563,1.17565
2026-04-21 13:18:00,1.17565,1.17576,1.1756,1.17574
2026-04-21 13:21:00,1.17574,1.17591,1.17565,1.17591
2026-04-21 13:24:00,1.17591,1.17592,1.17569,1.17582
2026-04-21 13:27:00,1.17582,1.1759,1.17575,1.17577
2026-04-21 13:30:00,1.17577,1.17605,1.17575,1.17593
2026-04-21 13:33:00,1.17602,1.17606,1.17588,1.17605
2026-04-21 13:36:00,1.17606,1.17609,1.1759,1.17601
2026-04-21 13:39:00,1.17601,1.17604,1.17582,1.17583
2026-04-21 13:42:00,1.17583,1.17598,1.1757,1.17597
2026-04-21 13:45:00,1.17597,1.1761300000000001,1.17591,1.17595
2026-04-21 13:48:00,1.17595,1.17606,1.17587,1.17594
2026-04-21 13:51:00,1.17594,1.17606,1.1758899999999999,1.17593
2026-04-21 13:54:00,1.17593,1.17604,1.17591,1.17602
2026-04-21 13:57:00,1.17602,1.17614,1.17585,1.17609
2026-04-21 14:00:00,1.17609,1.17617,1.17599,1.17617
2026-04-21 14:03:00,1.17617,1.1762299999999999,1.176,1.17622
2026-04-21 14:06:00,1.17622,1.17627,1.17605,1.17611
2026-04-21 14:09:00,1.17611,1.17611,1.17556,1.17585
2026-04-21 14:12:00,1.17585,1.17587,1.17569,1.17585
2026-04-21 14:15:00,1.17585,1.17605,1.17575,1.17605
2026-04-21 14:18:00,1.17605,1.17619,1.176,1.17616
2026-04-21 14:21:00,1.17616,1.17642,1.17606,1.1764000000000001
2026-04-21 14:24:00,1.1764000000000001,1.17662,1.17634,1.17645
2026-04-21 14:27:00,1.17645,1.17662,1.17631,1.17654
2026-04-21 14:30:00,1.17663,1.17683,1.17656,1.17675
2026-04-21 14:33:00,1.17675,1.17675,1.17644,1.17659
2026-04-21 14:36:00,1.17659,1.17668,1.17646,1.17655
2026-04-21 14:39:00,1.17655,1.17662,1.1764000000000001,1.17662
2026-04-21 14:42:00,1.17662,1.17663,1.17636,1.17642
2026-04-21 14:45:00,1.17646,1.17663,1.1764000000000001,1.1766
2026-04-21 14:48:00,1.1766,1.17662,1.17648,1.17661
2026-04-21 14:51:00,1.17661,1.17663,1.17641,1.17653
2026-04-21 14:54:00,1.17653,1.17672,1.17653,1.17668
2026-04-21 14:57:00,1.17667,1.17676,1.17656,1.17667
2026-04-21 15:00:00,1.17671,1.17677,1.17661,1.17666
2026-04-21 15:03:00,1.17666,1.1767,1.17644,1.17669
2026-04-21 15:06:00,1.17669,1.17676,1.17659,1.1766
2026-04-21 15:09:00,1.1766,1.17671,1.17647,1.17662
2026-04-21 15:12:00,1.17662,1.17682,1.17656,1.17679
2026-04-21 15:15:00,1.17679,1.17682,1.1761300000000001,1.17618
2026-04-21 15:18:00,1.17618,1.17626,1.17597,1.176
2026-04-21 15:21:00,1.17602,1.17639,1.176,1.17638
2026-04-21 15:24:00,1.17638,1.17641,1.17611,1.1762
2026-04-21 15:27:00,1.1762,1.17621,1.17595,1.17603
2026-04-21 15:30:00,1.17603,1.17618,1.17553,1.17599
2026-04-21 15:33:00,1.17595,1.17637,1.17595,1.17628
2026-04-21 15:36:00,1.17631,1.17637,1.17539,1.1757900000000001
2026-04-21 15:39:00,1.1758,1.17588,1.1756,1.17575
2026-04-21 15:42:00,1.17575,1.1759,1.17556,1.17572
2026-04-21 15:45:00,1.17578,1.17609,1.17565,1.17602
2026-04-21 15:48:00,1.17602,1.17606,1.1756199999999999,1.17572
2026-04-21 15:51:00,1.17572,1.1758899999999999,1.17556,1.17574
2026-04-21 15:54:00,1.17574,1.1761,1.17572,1.17585
2026-04-21 15:57:00,1.17585,1.17596,1.17578,1.17591
2026-04-21 16:00:00,1.17595,1.17622,1.17577,1.1761300000000001
2026-04-21 16:03:00,1.1761300000000001,1.17633,1.17599,1.17622
2026-04-21 16:06:00,1.17622,1.1763,1.17601,1.17622
2026-04-21 16:09:00,1.17619,1.17633,1.17606,1.17625
2026-04-21 16:12:00,1.17625,1.17634,1.17603,1.17621
2026-04-21 16:15:00,1.17621,1.17637,1.17603,1.17627
2026-04-21 16:18:00,1.17627,1.17645,1.17615,1.17638
2026-04-21 16:21:00,1.17638,1.17667,1.17633,1.17664
2026-04-21 16:24:00,1.17664,1.17666,1.17618,1.17618
2026-04-21 16:27:00,1.17618,1.17672,1.17603,1.1767
2026-04-21 16:30:00,1.17669,1.17715,1.17656,1.17708
2026-04-21 16:33:00,1.17708,1.17708,1.17672,1.1768399999999999
2026-04-21 16:36:00,1.1768399999999999,1.1769,1.17653,1.17667
2026-04-21 16:39:00,1.17667,1.17685,1.17656,1.17672
2026-04-21 16:42:00,1.17672,1.17676,1.17657,1.17676
2026-04-21 16:45:00,1.17675,1.17681,1.17659,1.17665
2026-04-21 16:48:00,1.17665,1.1769,1.17656,1.17685
2026-04-21 16:51:00,1.17685,1.1770100000000001,1.17671,1.17695
2026-04-21 16:54:00,1.17695,1.17695,1.17664,1.17675
2026-04-21 16:57:00,1.1767400000000001,1.17677,1.17645,1.17656
2026-04-21 17:00:00,1.17656,1.17672,1.17641,1.17658
2026-04-21 17:03:00,1.1766,1.17666,1.17643,1.17659
2026-04-21 17:06:00,1.17659,1.17692,1.17651,1.1768399999999999
2026-04-21 17:09:00,1.17685,1.17689,1.17654,1.1768
2026-04-21 17:12:00,1.17682,1.17688,1.17669,1.1768
2026-04-21 17:15:00,1.17681,1.17703,1.17677,1.17692
2026-04-21 17:18:00,1.17692,1.17695,1.17659,1.17666
2026-04-21 17:21:00,1.17666,1.17686,1.17652,1.17666
2026-04-21 17:24:00,1.17666,1.17667,1.17639,1.17644
2026-04-21 17:27:00,1.17644,1.17665,1.1763,1.17648
2026-04-21 17:30:00,1.17652,1.1767400000000001,1.17644,1.17661
2026-04-21 17:33:00,1.17661,1.17667,1.17629,1.17654
2026-04-21 17:36:00,1.17659,1.17723,1.17654,1.17722
2026-04-21 17:39:00,1.17722,1.17759,1.177,1.17734
2026-04-21 17:42:00,1.17734,1.17734,1.17713,1.17715
2026-04-21 17:45:00,1.17715,1.17715,1.17627,1.17636
2026-04-21 17:48:00,1.17636,1.17644,1.17578,1.17596
2026-04-21 17:51:00,1.17596,1.1762,1.17572,1.1761
2026-04-21 17:54:00,1.1761,1.17625,1.17551,1.17564
2026-04-21 17:57:00,1.17564,1.17566,1.17508,1.17523
2026-04-21 18:00:00,1.17523,1.17523,1.17483,1.17519
2026-04-21 18:03:00,1.17519,1.17554,1.17508,1.1754
2026-04-21 18:06:00,1.1754,1.17569,1.17531,1.17555
2026-04-21 18:09:00,1.17555,1.17588,1.17551,1.17582
2026-04-21 18:12:00,1.17581,1.17591,1.17557,1.1757900000000001
2026-04-21 18:15:00,1.1757900000000001,1.17593,1.1755,1.17585
2026-04-21 18:18:00,1.17582,1.17597,1.17556,1.17565
2026-04-21 18:21:00,1.17565,1.17578,1.17534,1.1754
2026-04-21 18:24:00,1.1754,1.17542,1.17504,1.17511
2026-04-21 18:27:00,1.17511,1.17511,1.17464,1.17469
2026-04-21 18:30:00,1.17469,1.17488,1.17455,1.1748
2026-04-21 18:33:00,1.1748,1.17483,1.17443,1.17452
2026-04-21 18:36:00,1.17452,1.17458,1.17408,1.1743999999999999
2026-04-21 18:39:00,1.17442,1.17471,1.17433,1.17443
2026-04-21 18:42:00,1.17443,1.17494,1.17436,1.17475
2026-04-21 18:45:00,1.17476,1.1749,1.17456,1.1748
2026-04-21 18:48:00,1.17482,1.1751,1.17471,1.17495
2026-04-21 18:51:00,1.17495,1.17497,1.17473,1.1748
2026-04-21 18:54:00,1.17481,1.1751800000000001,1.17475,1.17516
2026-04-21 18:57:00,1.17516,1.17519,1.17497,1.17514
2026-04-21 19:00:00,1.17514,1.17541,1.1751,1.17538
2026-04-21 19:03:00,1.17538,1.17557,1.1751800000000001,1.17533
2026-04-21 19:06:00,1.17533,1.17541,1.17522,1.17532
2026-04-21 19:09:00,1.17532,1.17547,1.1752,1.17532
2026-04-21 19:12:00,1.17532,1.17542,1.17515,1.17525
2026-04-21 19:15:00,1.17525,1.1752799999999999,1.17503,1.17515
2026-04-21 19:18:00,1.17517,1.17521,1.17495,1.17497
2026-04-21 19:21:00,1.17497,1.17519,1.17485,1.1749100000000001
2026-04-21 19:24:00,1.1749,1.17496,1.17472,1.17475
2026-04-21 19:27:00,1.17476,1.17477,1.17445,1.17455
2026-04-21 19:30:00,1.17455,1.1746699999999999,1.17445,1.17466
2026-04-21 19:33:00,1.17466,1.17482,1.17454,1.17477
2026-04-21 19:36:00,1.17477,1.17482,1.17439,1.17442
2026-04-21 19:39:00,1.17442,1.17459,1.17433,1.17444
2026-04-21 19:42:00,1.17444,1.17447,1.17416,1.17431
2026-04-21 19:45:00,1.17431,1.17443,1.17423,1.17438
2026-04-21 19:48:00,1.17438,1.17447,1.17419,1.17426
2026-04-21 19:51:00,1.17426,1.17427,1.17402,1.17411
2026-04-21 19:54:00,1.17411,1.17429,1.17394,1.17427
2026-04-21 19:57:00,1.17428,1.17428,1.17401,1.17415
2026-04-21 20:00:00,1.17415,1.17422,1.17403,1.17421
2026-04-21 20:03:00,1.17421,1.17422,1.17337,1.17367
2026-04-21 20:06:00,1.17368,1.17383,1.17336,1.17354
2026-04-21 20:09:00,1.17354,1.17359,1.17269,1.1727400000000001
2026-04-21 20:12:00,1.17276,1.17286,1.17222,1.17252
2026-04-21 20:15:00,1.17252,1.17273,1.1723,1.17253
2026-04-21 20:18:00,1.17253,1.17253,1.17207,1.17227
2026-04-21 20:21:00,1.17227,1.17245,1.17199,1.17239
2026-04-21 20:24:00,1.1724,1.17291,1.17238,1.1729
2026-04-21 20:27:00,1.1729,1.17323,1.17276,1.17321
2026-04-21 20:30:00,1.1732,1.17355,1.17317,1.17352
2026-04-21 20:33:00,1.17352,1.17365,1.17332,1.1734499999999999
2026-04-21 20:36:00,1.1734499999999999,1.17436,1.17331,1.17419
2026-04-21 20:39:00,1.17419,1.17458,1.17389,1.17454
2026-04-21 20:42:00,1.17453,1.17635,1.17449,1.17586
2026-04-21 20:45:00,1.17586,1.17592,1.17502,1.17517
2026-04-21 20:48:00,1.17517,1.17527,1.1747,1.17473
2026-04-21 20:51:00,1.17473,1.17486,1.17454,1.17464
2026-04-21 20:54:00,1.17464,1.17473,1.1739,1.17417
2026-04-21 20:57:00,1.17417,1.17443,1.17412,1.17428
2026-04-21 21:00:00,1.17427,1.1747,1.17426,1.17462
2026-04-21 21:03:00,1.17462,1.17469,1.17418,1.1745
2026-04-21 21:06:00,1.1745,1.17455,1.17426,1.17444
2026-04-21 21:09:00,1.17444,1.17449,1.17391,1.17403
2026-04-21 21:12:00,1.17404,1.17425,1.17372,1.17383
2026-04-21 21:15:00,1.17383,1.17409,1.17314,1.17367
2026-04-21 21:18:00,1.17367,1.17372,1.17322,1.17333
2026-04-21 21:21:00,1.17333,1.17334,1.17303,1.17319
2026-04-21 21:24:00,1.17318,1.17326,1.17298,1.17318
2026-04-21 21:27:00,1.17318,1.17322,1.17289,1.1732
2026-04-21 21:30:00,1.1732,1.17354,1.1732,1.17349
2026-04-21 21:33:00,1.17349,1.1737,1.17347,1.17366
2026-04-21 21:36:00,1.17366,1.17373,1.17339,1.17359
2026-04-21 21:39:00,1.17359,1.17359,1.17339,1.17341
2026-04-21 21:42:00,1.1734,1.17344,1.17311,1.1733
2026-04-21 21:45:00,1.1733,1.17342,1.17315,1.17338
2026-04-21 21:48:00,1.17339,1.17344,1.17325,1.17333
2026-04-21 21:51:00,1.17333,1.17342,1.17315,1.17328
2026-04-21 21:54:00,1.17328,1.17437,1.17324,1.17365
2026-04-21 21:57:00,1.17364,1.17411,1.17359,1.1740599999999999
2026-04-21 22:00:00,1.17407,1.17433,1.17404,1.1742
2026-04-21 22:03:00,1.1742,1.17437,1.17407,1.17432
2026-04-21 22:06:00,1.17432,1.17435,1.17411,1.17424
2026-04-21 22:09:00,1.17424,1.17471,1.17413,1.17465
2026-04-21 22:12:00,1.17465,1.17523,1.17442,1.17469
2026-04-21 22:15:00,1.17474,1.17493,1.17435,1.17451
2026-04-21 22:18:00,1.17452,1.17454,1.17426,1.17443
2026-04-21 22:21:00,1.17443,1.17511,1.17439,1.17482
2026-04-21 22:24:00,1.17482,1.17508,1.17482,1.17495
2026-04-21 22:27:00,1.17494,1.17504,1.17478,1.17494
2026-04-21 22:30:00,1.17494,1.175,1.17469,1.17484
2026-04-21 22:33:00,1.17481,1.1749,1.17444,1.1745
2026-04-21 22:36:00,1.17452,1.17456,1.17342,1.17352
2026-04-21 22:39:00,1.17352,1.17358,1.1724999999999999,1.17254
2026-04-21 22:42:00,1.17254,1.17263,1.1718600000000001,1.17242
2026-04-21 22:45:00,1.17242,1.17291,1.17229,1.17281
2026-04-21 22:48:00,1.17281,1.17313,1.17272,1.17273
2026-04-21 22:51:00,1.17264,1.17271,1.17224,1.17236
2026-04-21 22:54:00,1.17236,1.17283,1.17236,1.17271
2026-04-21 22:57:00,1.17271,1.17271,1.1724,1.17254
2026-04-21 23:00:00,1.17254,1.17255,1.17227,1.17252
2026-04-21 23:03:00,1.17252,1.17272,1.17242,1.17264
2026-04-21 23:06:00,1.17264,1.17264,1.1723,1.17252
2026-04-21 23:09:00,1.17252,1.17533,1.17238,1.17453
2026-04-21 23:12:00,1.17453,1.17482,1.1740599999999999,1.17447
2026-04-21 23:15:00,1.17447,1.17512,1.17421,1.1748
2026-04-21 23:18:00,1.17481,1.17506,1.1746,1.175
2026-04-21 23:21:00,1.175,1.17523,1.17478,1.17516
2026-04-21 23:24:00,1.17516,1.17522,1.17481,1.17493
2026-04-21 23:27:00,1.17493,1.17508,1.17475,1.17484
2026-04-21 23:30:00,1.17484,1.17485,1.17459,1.17475
2026-04-21 23:33:00,1.17475,1.17493,1.17461,1.17461
2026-04-21 23:36:00,1.17461,1.17468,1.17454,1.17466
2026-04-21 23:39:00,1.17466,1.1746699999999999,1.1745,1.17458
2026-04-21 23:42:00,1.1745700000000001,1.17465,1.17439,1.17444
2026-04-21 23:45:00,1.17443,1.17444,1.17405,1.17417
2026-04-21 23:48:00,1.17417,1.17426,1.17417,1.17424
2026-04-21 23:51:00,1.17424,1.17428,1.17418,1.17426
2026-04-21 23:54:00,1.17426,1.17428,1.1740599999999999,1.1742
2026-04-21 23:57:00,1.1742,1.17442,1.1740599999999999,1.17426
2026-04-22 00:00:00,1.17411,1.1750099999999999,1.1737,1.17437
2026-04-22 00:03:00,1.17437,1.17516,1.1743000000000001,1.17455
2026-04-22 00:06:00,1.17439,1.17466,1.17438,1.17455
2026-04-22 00:09:00,1.17455,1.17455,1.17421,1.17427
2026-04-22 00:12:00,1.17427,1.17435,1.17427,1.17428
2026-04-22 00:15:00,1.17431,1.17431,1.17393,1.17394
2026-04-22 00:18:00,1.17394,1.17401,1.17342,1.17391
2026-04-22 00:21:00,1.17391,1.17392,1.17348,1.17371
2026-04-22 00:24:00,1.17371,1.17371,1.17338,1.17339
2026-04-22 00:27:00,1.17338,1.17351,1.17338,1.17346
2026-04-22 00:30:00,1.17346,1.17363,1.17346,1.1736
2026-04-22 00:33:00,1.1736,1.17421,1.17359,1.17418
2026-04-22 00:36:00,1.17418,1.17461,1.1740599999999999,1.1742
2026-04-22 00:39:00,1.17421,1.1743000000000001,1.17421,1.17424
2026-04-22 00:42:00,1.17424,1.1743000000000001,1.17424,1.17425
2026-04-22 00:45:00,1.17425,1.17426,1.17397,1.17415
2026-04-22 00:48:00,1.17415,1.1742,1.17381,1.17391
2026-04-22 00:51:00,1.17391,1.17392,1.17378,1.17385
2026-04-22 00:54:00,1.17385,1.1739,1.17377,1.17385
2026-04-22 00:57:00,1.17387,1.17404,1.17374,1.17404
2026-04-22 01:00:00,1.17404,1.17438,1.17402,1.17415
2026-04-22 01:03:00,1.17415,1.17423,1.1739,1.174
2026-04-22 01:06:00,1.174,1.17408,1.17384,1.1739
2026-04-22 01:09:00,1.1739,1.17401,1.17387,1.17401
2026-04-22 01:12:00,1.17401,1.17412,1.17394,1.17404
2026-04-22 01:15:00,1.17404,1.17412,1.17392,1.1740599999999999
2026-04-22 01:18:00,1.17405,1.17408,1.17397,1.17401
2026-04-22 01:21:00,1.17401,1.17402,1.17382,1.17382
2026-04-22 01:24:00,1.17382,1.17397,1.17382,1.1739600000000001
2026-04-22 01:27:00,1.1739600000000001,1.17397,1.17377,1.17389
2026-04-22 01:30:00,1.17389,1.17394,1.17385,1.17393
2026-04-22 01:33:00,1.17393,1.17398,1.17391,1.17397
2026-04-22 01:36:00,1.17397,1.1740599999999999,1.17395,1.17402
2026-04-22 01:39:00,1.17402,1.17403,1.17384,1.17394
2026-04-22 01:42:00,1.17394,1.17394,1.17384,1.17391
2026-04-22 01:45:00,1.17391,1.17393,1.17382,1.1739
2026-04-22 01:48:00,1.1739,1.17394,1.1739,1.17392
2026-04-22 01:51:00,1.17392,1.17392,1.17386,1.17387
2026-04-22 01:54:00,1.17388,1.17391,1.17386,1.17387
2026-04-22 01:57:00,1.17387,1.17387,1.17378,1.17386
2026-04-22 02:00:00,1.17386,1.17392,1.17381,1.17388
2026-04-22 02:03:00,1.17388,1.17389,1.17378,1.17379
2026-04-22 02:06:00,1.17379,1.17384,1.17365,1.17384
2026-04-22 02:09:00,1.17384,1.17385,1.17373,1.17384
2026-04-22 02:12:00,1.17384,1.17389,1.17382,1.17386
2026-04-22 02:15:00,1.17387,1.17395,1.17383,1.17394
2026-04-22 02:18:00,1.17394,1.17409,1.17384,1.17405
2026-04-22 02:21:00,1.17405,1.1741,1.17399,1.1741
2026-04-22 02:24:00,1.1741,1.1741,1.17401,1.17409
2026-04-22 02:27:00,1.17409,1.17413,1.17404,1.17407
2026-04-22 02:30:00,1.17407,1.17413,1.1740599999999999,1.17409
2026-04-22 02:33:00,1.17409,1.17418,1.17395,1.17403
2026-04-22 02:36:00,1.17401,1.17408,1.17394,1.17404
2026-04-22 02:39:00,1.1739600000000001,1.17412,1.1739,1.17405
2026-04-22 02:42:00,1.17404,1.17407,1.17402,1.17404
2026-04-22 02:45:00,1.17404,1.17415,1.17404,1.17413
2026-04-22 02:48:00,1.17413,1.1743000000000001,1.17413,1.17429
2026-04-22 02:51:00,1.17429,1.17439,1.1742,1.17432
2026-04-22 02:54:00,1.17432,1.1743999999999999,1.17427,1.17435
2026-04-22 02:57:00,1.17435,1.1743999999999999,1.17416,1.17438
2026-04-22 03:00:00,1.1743999999999999,1.17468,1.17432,1.1746699999999999
2026-04-22 03:03:00,1.1746699999999999,1.17479,1.17459,1.17476
2026-04-22 03:06:00,1.17476,1.175,1.17474,1.175
2026-04-22 03:09:00,1.175,1.17513,1.17492,1.1751
2026-04-22 03:12:00,1.1751,1.17513,1.17481,1.1749100000000001
2026-04-22 03:15:00,1.1749100000000001,1.175,1.17482,1.175
2026-04-22 03:18:00,1.175,1.17512,1.17495,1.17505
2026-04-22 03:21:00,1.17505,1.17512,1.17497,1.17504
2026-04-22 03:24:00,1.17504,1.17504,1.17486,1.17493
2026-04-22 03:27:00,1.17493,1.17493,1.17463,1.1746699999999999
2026-04-22 03:30:00,1.1746699999999999,1.17503,1.17466,1.17497
2026-04-22 03:33:00,1.17485,1.17502,1.17485,1.17489
2026-04-22 03:36:00,1.17489,1.17497,1.17476,1.17481
2026-04-22 03:39:00,1.17481,1.17484,1.17473,1.17483
2026-04-22 03:42:00,1.17482,1.17493,1.1746699999999999,1.17478
2026-04-22 03:45:00,1.17476,1.17481,1.17463,1.17477
2026-04-22 03:48:00,1.17477,1.17478,1.17453,1.17466
2026-04-22 03:51:00,1.17466,1.17479,1.17462,1.1746699999999999
2026-04-22 03:54:00,1.1746699999999999,1.17483,1.17456,1.17465
2026-04-22 03:57:00,1.17465,1.17465,1.17421,1.17437
2026-04-22 04:00:00,1.17437,1.17469,1.17436,1.17466
2026-04-22 04:03:00,1.17466,1.17466,1.17421,1.17426
2026-04-22 04:06:00,1.17426,1.17432,1.1740599999999999,1.17412
2026-04-22 04:09:00,1.17412,1.17417,1.1738,1.17391
2026-04-22 04:12:00,1.1739,1.17408,1.17389,1.17398
2026-04-22 04:15:00,1.17402,1.1742,1.17381,1.17415
2026-04-22 04:18:00,1.17415,1.17415,1.1739600000000001,1.17403
2026-04-22 04:21:00,1.17403,1.1743000000000001,1.174,1.17425
2026-04-22 04:24:00,1.17426,1.17426,1.17412,1.1742
2026-04-22 04:27:00,1.1742,1.17423,1.17409,1.17416
2026-04-22 04:30:00,1.17416,1.17438,1.1741,1.17428
2026-04-22 04:33:00,1.17428,1.17453,1.17426,1.17451
2026-04-22 04:36:00,1.17451,1.17461,1.17431,1.17431
2026-04-22 04:39:00,1.17431,1.17469,1.1743000000000001,1.17447
2026-04-22 04:42:00,1.17447,1.17447,1.17426,1.17431
2026-04-22 04:45:00,1.17431,1.17438,1.17424,1.17434
2026-04-22 04:48:00,1.17434,1.17456,1.17434,1.1745
2026-04-22 04:51:00,1.1745,1.1745700000000001,1.1743999999999999,1.17444
2026-04-22 04:54:00,1.17444,1.17451,1.17442,1.17449
2026-04-22 04:57:00,1.17449,1.17453,1.17431,1.17442
2026-04-22 05:00:00,1.17442,1.17466,1.1743999999999999,1.17466
2026-04-22 05:03:00,1.17466,1.17471,1.17447,1.17458
2026-04-22 05:06:00,1.17458,1.17464,1.17449,1.17464
2026-04-22 05:09:00,1.17464,1.1748,1.17462,1.17478
2026-04-22 05:12:00,1.17478,1.17483,1.17463,1.1746699999999999
2026-04-22 05:15:00,1.1746699999999999,1.17476,1.17443,1.17459
2026-04-22 05:18:00,1.17454,1.17462,1.17444,1.17462
2026-04-22 05:21:00,1.17462,1.17463,1.17439,1.1745700000000001
2026-04-22 05:24:00,1.1745700000000001,1.1746,1.17449,1.1745700000000001
2026-04-22 05:27:00,1.1745700000000001,1.17463,1.17454,1.17461
2026-04-22 05:30:00,1.17461,1.1746699999999999,1.17456,1.1745700000000001
2026-04-22 05:33:00,1.1745700000000001,1.17462,1.17444,1.17453
2026-04-22 05:36:00,1.17454,1.17462,1.1743999999999999,1.1745
2026-04-22 05:39:00,1.1745,1.17453,1.17435,1.17444
2026-04-22 05:42:00,1.17444,1.17451,1.17432,1.17439
2026-04-22 05:45:00,1.17439,1.17448,1.17426,1.17442
2026-04-22 05:48:00,1.17442,1.17442,1.174,1.17413
2026-04-22 05:51:00,1.17413,1.17425,1.17408,1.17417
2026-04-22 05:54:00,1.17417,1.17421,1.17398,1.17408
2026-04-22 05:57:00,1.17408,1.17412,1.17392,1.17405
2026-04-22 06:00:00,1.17405,1.17408,1.17386,1.17408
2026-04-22 06:03:00,1.17408,1.17424,1.17407,1.17419
2026-04-22 06:06:00,1.17419,1.17423,1.17408,1.1742
2026-04-22 06:09:00,1.1742,1.17422,1.17403,1.17418
2026-04-22 06:12:00,1.17418,1.17419,1.17399,1.17402
2026-04-22 06:15:00,1.17402,1.17408,1.17393,1.17404
2026-04-22 06:18:00,1.17404,1.17407,1.17386,1.174
2026-04-22 06:21:00,1.174,1.17408,1.17388,1.17401
2026-04-22 06:24:00,1.17401,1.17405,1.17385,1.17403
2026-04-22 06:27:00,1.17403,1.17409,1.17397,1.17407
2026-04-22 06:30:00,1.17407,1.17422,1.1740599999999999,1.17419
2026-04-22 06:33:00,1.17419,1.17423,1.17411,1.17411
2026-04-22 06:36:00,1.17414,1.17418,1.17397,1.17403
2026-04-22 06:39:00,1.17403,1.17404,1.17382,1.17394
2026-04-22 06:42:00,1.17394,1.17402,1.17384,1.17401
2026-04-22 06:45:00,1.17401,1.17403,1.17385,1.17394
2026-04-22 06:48:00,1.17394,1.17394,1.17373,1.17391
2026-04-22 06:51:00,1.17391,1.17391,1.17376,1.17386
2026-04-22 06:54:00,1.17386,1.17387,1.17373,1.17386
2026-04-22 06:57:00,1.17386,1.17398,1.17378,1.17383
2026-04-22 07:00:00,1.17384,1.174,1.17372,1.17388
2026-04-22 07:03:00,1.17392,1.17403,1.1739,1.174
2026-04-22 07:06:00,1.174,1.17407,1.17389,1.17405
2026-04-22 07:09:00,1.17405,1.1740599999999999,1.17384,1.17403
2026-04-22 07:12:00,1.17403,1.1740599999999999,1.17386,1.17398
2026-04-22 07:15:00,1.17398,1.17403,1.17387,1.17387
2026-04-22 07:18:00,1.17393,1.17399,1.17387,1.17398
2026-04-22 07:21:00,1.17398,1.17398,1.17384,1.17393
2026-04-22 07:24:00,1.17393,1.17407,1.17386,1.17399
2026-04-22 07:27:00,1.17399,1.17409,1.17397,1.17405
2026-04-22 07:30:00,1.17405,1.17409,1.17395,1.17407
2026-04-22 07:33:00,1.17407,1.17408,1.17373,1.17388
2026-04-22 07:36:00,1.17388,1.174,1.17385,1.17398
2026-04-22 07:39:00,1.17398,1.17416,1.17394,1.17415
2026-04-22 07:42:00,1.17408,1.17417,1.17403,1.17413
2026-04-22 07:45:00,1.17413,1.17423,1.17408,1.17412
2026-04-22 07:48:00,1.17414,1.17423,1.1741,1.1741
2026-04-22 07:51:00,1.17417,1.17418,1.17398,1.17402
2026-04-22 07:54:00,1.17402,1.17402,1.17381,1.17398
2026-04-22 07:57:00,1.17398,1.17398,1.17381,1.17395
2026-04-22 08:00:00,1.17395,1.17409,1.17389,1.17401
2026-04-22 08:03:00,1.17401,1.17404,1.17391,1.1739600000000001
2026-04-22 08:06:00,1.17395,1.17417,1.17392,1.17415
2026-04-22 08:09:00,1.17415,1.1743000000000001,1.17412,1.17419
2026-04-22 08:12:00,1.17419,1.17433,1.17418,1.17418
2026-04-22 08:15:00,1.17418,1.17545,1.17416,1.17522
2026-04-22 08:18:00,1.17522,1.17599,1.17507,1.17596
2026-04-22 08:21:00,1.17596,1.17625,1.17554,1.17556
2026-04-22 08:24:00,1.17556,1.17587,1.17537,1.17547
2026-04-22 08:27:00,1.17548,1.17578,1.17544,1.1757
2026-04-22 08:30:00,1.1757,1.17573,1.1751800000000001,1.17529
2026-04-22 08:33:00,1.17529,1.17544,1.17506,1.17535
2026-04-22 08:36:00,1.17535,1.17556,1.1752799999999999,1.17537
2026-04-22 08:39:00,1.17537,1.17538,1.17503,1.17517
2026-04-22 08:42:00,1.17517,1.17538,1.17511,1.17526
2026-04-22 08:45:00,1.17526,1.17534,1.1751800000000001,1.1751800000000001
2026-04-22 08:48:00,1.1751800000000001,1.1753,1.17517,1.1752799999999999
2026-04-22 08:51:00,1.1752799999999999,1.1754,1.17523,1.1753
2026-04-22 08:54:00,1.17531,1.17532,1.17495,1.17499
2026-04-22 08:57:00,1.17499,1.17523,1.17483,1.1750099999999999
2026-04-22 09:00:00,1.1750099999999999,1.17523,1.17471,1.17482
2026-04-22 09:03:00,1.17483,1.17499,1.17464,1.1748
2026-04-22 09:06:00,1.1748,1.17487,1.17454,1.17458
2026-04-22 09:09:00,1.17458,1.17474,1.17439,1.17459
2026-04-22 09:12:00,1.1746,1.1749,1.1745,1.1749
2026-04-22 09:15:00,1.17488,1.17512,1.17474,1.17478
2026-04-22 09:18:00,1.17478,1.17483,1.17461,1.17483
2026-04-22 09:21:00,1.17483,1.17487,1.17472,1.17481
2026-04-22 09:24:00,1.17481,1.17504,1.17481,1.17499
2026-04-22 09:27:00,1.17499,1.17538,1.17499,1.17535
2026-04-22 09:30:00,1.17535,1.1755,1.17515,1.17515
2026-04-22 09:33:00,1.17515,1.17534,1.17499,1.17508
2026-04-22 09:36:00,1.17508,1.1752799999999999,1.17498,1.17516
2026-04-22 09:39:00,1.17516,1.17519,1.17492,1.17503
2026-04-22 09:42:00,1.17503,1.17503,1.17478,1.17489
2026-04-22 09:45:00,1.17489,1.17514,1.17483,1.17484
2026-04-22 09:48:00,1.17484,1.17504,1.17476,1.17504
2026-04-22 09:51:00,1.17504,1.1752,1.17498,1.17507
2026-04-22 09:54:00,1.17507,1.17509,1.17489,1.17494
2026-04-22 09:57:00,1.17494,1.17512,1.17477,1.17492
2026-04-22 10:00:00,1.17492,1.17516,1.1748,1.17508
2026-04-22 10:03:00,1.17508,1.1752,1.1749,1.17495
2026-04-22 10:06:00,1.17495,1.17503,1.17486,1.175
2026-04-22 10:09:00,1.175,1.17509,1.17486,1.17503
2026-04-22 10:12:00,1.175,1.17512,1.17493,1.17505
2026-04-22 10:15:00,1.17505,1.17508,1.1746,1.1746699999999999
2026-04-22 10:18:00,1.1746699999999999,1.17484,1.17466,1.17469
2026-04-22 10:21:00,1.17469,1.17502,1.1746699999999999,1.17468
2026-04-22 10:24:00,1.17468,1.17484,1.17448,1.17484
2026-04-22 10:27:00,1.17486,1.17499,1.17476,1.17488
2026-04-22 10:30:00,1.17488,1.17492,1.17471,1.17485
2026-04-22 10:33:00,1.17485,1.175,1.17473,1.17489
2026-04-22 10:36:00,1.17489,1.17502,1.1748,1.17493
2026-04-22 10:39:00,1.17499,1.17524,1.17482,1.17509
2026-04-22 10:42:00,1.17509,1.17534,1.17508,1.17527
2026-04-22 10:45:00,1.17527,1.17527,1.17487,1.17523
2026-04-22 10:48:00,1.17522,1.17522,1.17503,1.17509
2026-04-22 10:51:00,1.17509,1.1752799999999999,1.17506,1.17525
2026-04-22 10:54:00,1.17525,1.1755,1.17516,1.17544
2026-04-22 10:57:00,1.17544,1.17563,1.17533,1.17553
2026-04-22 11:00:00,1.1755200000000001,1.1756199999999999,1.1751800000000001,1.17527
2026-04-22 11:03:00,1.17527,1.17529,1.17511,1.17526
2026-04-22 11:06:00,1.17526,1.17553,1.17511,1.17549
2026-04-22 11:09:00,1.17549,1.17569,1.17536,1.17567
2026-04-22 11:12:00,1.17567,1.1758,1.17558,1.1757
2026-04-22 11:15:00,1.1757,1.1759,1.17559,1.17585
2026-04-22 11:18:00,1.17585,1.17588,1.17556,1.17558
2026-04-22 11:21:00,1.17557,1.17564,1.17526,1.17537
2026-04-22 11:24:00,1.17537,1.17538,1.17502,1.17525
2026-04-22 11:27:00,1.17525,1.17536,1.17514,1.1753
2026-04-22 11:30:00,1.1753,1.17543,1.17505,1.17512
2026-04-22 11:33:00,1.17512,1.17512,1.17475,1.17496
2026-04-22 11:36:00,1.17496,1.17499,1.1746699999999999,1.17493
2026-04-22 11:39:00,1.17493,1.17498,1.17475,1.17478
2026-04-22 11:42:00,1.17478,1.17508,1.17477,1.17503
2026-04-22 11:45:00,1.17504,1.17541,1.17503,1.1751800000000001
2026-04-22 11:48:00,1.1751800000000001,1.17532,1.17497,1.17524
2026-04-22 11:51:00,1.17524,1.17544,1.17519,1.17531
2026-04-22 11:54:00,1.17531,1.17542,1.17529,1.1753
2026-04-22 11:57:00,1.1753,1.17539,1.17527,1.17536
2026-04-22 12:00:00,1.17536,1.17563,1.17515,1.17527
2026-04-22 12:03:00,1.17527,1.17533,1.17515,1.17523
2026-04-22 12:06:00,1.17523,1.17546,1.1752,1.17537
2026-04-22 12:09:00,1.17541,1.17558,1.1754,1.17555
2026-04-22 12:12:00,1.17555,1.17573,1.17549,1.17558
2026-04-22 12:15:00,1.17558,1.17558,1.17535,1.1755200000000001
2026-04-22 12:18:00,1.1755200000000001,1.17553,1.17519,1.17533
2026-04-22 12:21:00,1.17533,1.17537,1.17509,1.17515
2026-04-22 12:24:00,1.17515,1.17521,1.1750099999999999,1.1752
2026-04-22 12:27:00,1.1752,1.17523,1.17504,1.1751800000000001
2026-04-22 12:30:00,1.1751800000000001,1.17538,1.17503,1.17526
2026-04-22 12:33:00,1.17526,1.1753,1.1751,1.1752799999999999
2026-04-22 12:36:00,1.1752799999999999,1.17535,1.17516,1.17534
2026-04-22 12:39:00,1.17534,1.17539,1.1752,1.17531
2026-04-22 12:42:00,1.17531,1.17534,1.17512,1.17521
2026-04-22 12:45:00,1.17521,1.17523,1.17508,1.17519
2026-04-22 12:48:00,1.17519,1.17525,1.17507,1.17519
2026-04-22 12:51:00,1.17519,1.17521,1.17502,1.17507
2026-04-22 12:54:00,1.17507,1.1751,1.17453,1.17473
2026-04-22 12:57:00,1.17473,1.17487,1.17465,1.17476
2026-04-22 13:00:00,1.17476,1.17483,1.17452,1.17455
2026-04-22 13:03:00,1.17455,1.17473,1.17428,1.1747
2026-04-22 13:06:00,1.1747,1.17508,1.17464,1.17488
2026-04-22 13:09:00,1.17488,1.17489,1.17453,1.17472
2026-04-22 13:12:00,1.17472,1.17472,1.1743999999999999,1.17458
2026-04-22 13:15:00,1.17458,1.17497,1.17448,1.1749100000000001
2026-04-22 13:18:00,1.1749100000000001,1.1750099999999999,1.17482,1.17492
2026-04-22 13:21:00,1.17495,1.17504,1.17478,1.17482
2026-04-22 13:24:00,1.17482,1.17487,1.17466,1.17485
2026-04-22 13:27:00,1.17485,1.17499,1.17481,1.17496
2026-04-22 13:30:00,1.17496,1.17503,1.17481,1.17487
2026-04-22 13:33:00,1.17487,1.17513,1.17478,1.17513
2026-04-22 13:36:00,1.17513,1.1751800000000001,1.17498,1.17499
2026-04-22 13:39:00,1.17499,1.17514,1.17487,1.17487
2026-04-22 13:42:00,1.17487,1.17504,1.17483,1.175
2026-04-22 13:45:00,1.175,1.17507,1.1749,1.17502
2026-04-22 13:48:00,1.17502,1.17523,1.17499,1.1751800000000001
2026-04-22 13:51:00,1.17519,1.17532,1.17504,1.17526
2026-04-22 13:54:00,1.17526,1.17531,1.17512,1.17524
2026-04-22 13:57:00,1.17524,1.17527,1.17503,1.17505
2026-04-22 14:00:00,1.17504,1.17515,1.17477,1.17498
2026-04-22 14:03:00,1.17498,1.1750099999999999,1.17469,1.17487
2026-04-22 14:06:00,1.17487,1.17495,1.17476,1.17481
2026-04-22 14:09:00,1.17481,1.17485,1.17466,1.17476
2026-04-22 14:12:00,1.17476,1.17484,1.17451,1.1745700000000001
2026-04-22 14:15:00,1.1745700000000001,1.1746,1.17436,1.17446
2026-04-22 14:18:00,1.17446,1.1746699999999999,1.17441,1.17465
2026-04-22 14:21:00,1.17465,1.17478,1.17464,1.17472
2026-04-22 14:24:00,1.17472,1.17481,1.1745,1.17456
2026-04-22 14:27:00,1.17456,1.1746,1.17421,1.17442
2026-04-22 14:30:00,1.17442,1.17456,1.17433,1.17446
2026-04-22 14:33:00,1.17446,1.17454,1.17424,1.17441
2026-04-22 14:36:00,1.17441,1.17441,1.1740599999999999,1.17416
2026-04-22 14:39:00,1.17416,1.17418,1.17381,1.1739
2026-04-22 14:42:00,1.1739,1.1740599999999999,1.1737,1.17383
2026-04-22 14:45:00,1.17383,1.1740599999999999,1.17368,1.17382
2026-04-22 14:48:00,1.17382,1.17401,1.17378,1.17395
2026-04-22 14:51:00,1.17395,1.17398,1.17357,1.17371
2026-04-22 14:54:00,1.17371,1.17374,1.17325,1.17329
2026-04-22 14:57:00,1.17329,1.17353,1.17316,1.17346
2026-04-22 15:00:00,1.17346,1.1736900000000001,1.17336,1.17364
2026-04-22 15:03:00,1.17364,1.17376,1.1734499999999999,1.17357
2026-04-22 15:06:00,1.17356,1.17361,1.17325,1.17337
2026-04-22 15:09:00,1.17336,1.17337,1.17293,1.17297
2026-04-22 15:12:00,1.17297,1.17328,1.17295,1.17322
2026-04-22 15:15:00,1.17322,1.17327,1.17309,1.17318
2026-04-22 15:18:00,1.17318,1.17336,1.17306,1.17331
2026-04-22 15:21:00,1.17331,1.17344,1.17316,1.17325
2026-04-22 15:24:00,1.17326,1.17352,1.17326,1.17346
2026-04-22 15:27:00,1.17346,1.17368,1.17268,1.17277
2026-04-22 15:30:00,1.17277,1.17283,1.17246,1.17282
2026-04-22 15:33:00,1.17282,1.17288,1.17239,1.17254
2026-04-22 15:36:00,1.17254,1.17268,1.1724700000000001,1.17266
2026-04-22 15:39:00,1.17265,1.17283,1.17242,1.17257
2026-04-22 15:42:00,1.17257,1.17278,1.1724700000000001,1.17261
2026-04-22 15:45:00,1.17261,1.17288,1.17249,1.17278
2026-04-22 15:48:00,1.17278,1.17278,1.1724700000000001,1.17273
2026-04-22 15:51:00,1.17273,1.17289,1.17257,1.17275
2026-04-22 15:54:00,1.17275,1.17294,1.17266,1.17293
2026-04-22 15:57:00,1.17293,1.17303,1.17273,1.17275
2026-04-22 16:00:00,1.17275,1.17278,1.17249,1.17273
2026-04-22 16:03:00,1.17273,1.1728,1.17256,1.17279
2026-04-22 16:06:00,1.17278,1.17281,1.17246,1.17252
2026-04-22 16:09:00,1.17252,1.17344,1.17232,1.17254
2026-04-22 16:12:00,1.17255,1.17263,1.17239,1.17257
2026-04-22 16:15:00,1.17257,1.17278,1.17244,1.17256
2026-04-22 16:18:00,1.17256,1.17385,1.17249,1.17358
2026-04-22 16:21:00,1.17358,1.17358,1.17304,1.17327
2026-04-22 16:24:00,1.17327,1.17348,1.1730800000000001,1.17316
2026-04-22 16:27:00,1.17316,1.17328,1.17307,1.17323
2026-04-22 16:30:00,1.17324,1.17333,1.17275,1.17292
2026-04-22 16:33:00,1.17292,1.1730800000000001,1.17289,1.17307
2026-04-22 16:36:00,1.17307,1.17364,1.17302,1.17338
2026-04-22 16:39:00,1.17338,1.17384,1.17338,1.17368
2026-04-22 16:42:00,1.17367,1.17412,1.17352,1.17405
2026-04-22 16:45:00,1.1740599999999999,1.17432,1.17402,1.17417
2026-04-22 16:48:00,1.17417,1.17423,1.174,1.1740599999999999
2026-04-22 16:51:00,1.1740599999999999,1.1740599999999999,1.17372,1.17377
2026-04-22 16:54:00,1.17377,1.17393,1.17364,1.17378
2026-04-22 16:57:00,1.17379,1.17408,1.17377,1.17407
2026-04-22 17:00:00,1.17407,1.1743000000000001,1.17388,1.17412
2026-04-22 17:03:00,1.17412,1.17412,1.1736900000000001,1.17374
2026-04-22 17:06:00,1.17374,1.17386,1.17356,1.17373
2026-04-22 17:09:00,1.17373,1.17384,1.17357,1.17358
2026-04-22 17:12:00,1.17358,1.17358,1.17331,1.17344
2026-04-22 17:15:00,1.17344,1.17368,1.17334,1.17358
2026-04-22 17:18:00,1.17358,1.17392,1.1734,1.17392
2026-04-22 17:21:00,1.17392,1.17401,1.1735,1.17352
2026-04-22 17:24:00,1.17352,1.17356,1.1732,1.1733
2026-04-22 17:27:00,1.1733,1.17339,1.17314,1.17337
2026-04-22 17:30:00,1.17337,1.17344,1.17259,1.17286
2026-04-22 17:33:00,1.17286,1.17312,1.17266,1.17292
2026-04-22 17:36:00,1.17292,1.17332,1.17283,1.17327
2026-04-22 17:39:00,1.17327,1.17347,1.17318,1.17322
2026-04-22 17:42:00,1.17322,1.17332,1.17279,1.17287
2026-04-22 17:45:00,1.17287,1.17316,1.17268,1.17298
2026-04-22 17:48:00,1.17298,1.17298,1.17273,1.17281
2026-04-22 17:51:00,1.17281,1.17291,1.17219,1.17236
2026-04-22 17:54:00,1.17235,1.17258,1.17221,1.17236
2026-04-22 17:57:00,1.17236,1.17236,1.1717,1.17185
2026-04-22 18:00:00,1.17184,1.1718600000000001,1.17146,1.1716
2026-04-22 18:03:00,1.1716,1.17176,1.1715200000000001,1.17161
2026-04-22 18:06:00,1.1716199999999999,1.17208,1.17144,1.17195
2026-04-22 18:09:00,1.17192,1.17219,1.1718,1.1719
2026-04-22 18:12:00,1.1719,1.17199,1.17175,1.17198
2026-04-22 18:15:00,1.17198,1.17199,1.17169,1.17174
2026-04-22 18:18:00,1.17174,1.17194,1.1716199999999999,1.17175
2026-04-22 18:21:00,1.17175,1.17188,1.17168,1.17187
2026-04-22 18:24:00,1.1718600000000001,1.17203,1.1718,1.17201
2026-04-22 18:27:00,1.17201,1.1723,1.17195,1.17218
2026-04-22 18:30:00,1.17219,1.17228,1.17191,1.17228
2026-04-22 18:33:00,1.17227,1.17239,1.17211,1.17215
2026-04-22 18:36:00,1.17226,1.17233,1.17204,1.17205
2026-04-22 18:39:00,1.17205,1.1721300000000001,1.17178,1.17187
2026-04-22 18:42:00,1.17187,1.17188,1.1712,1.17133
2026-04-22 18:45:00,1.17133,1.17145,1.17117,1.17143
2026-04-22 18:48:00,1.17143,1.17166,1.17143,1.1716
2026-04-22 18:51:00,1.1716,1.1716199999999999,1.1714,1.17145
2026-04-22 18:54:00,1.17145,1.17166,1.1713,1.17153
2026-04-22 18:57:00,1.17153,1.17161,1.17122,1.17132
2026-04-22 19:00:00,1.17132,1.17149,1.17109,1.17127
2026-04-22 19:03:00,1.1712799999999999,1.17153,1.17119,1.1715200000000001
2026-04-22 19:06:00,1.1715200000000001,1.17153,1.17118,1.1713
2026-04-22 19:09:00,1.1713,1.17137,1.17115,1.17123
2026-04-22 19:12:00,1.17123,1.17143,1.17116,1.17142
2026-04-22 19:15:00,1.17143,1.17144,1.17117,1.17127
2026-04-22 19:18:00,1.17121,1.17126,1.17094,1.17105
2026-04-22 19:21:00,1.17105,1.1712799999999999,1.17103,1.1712799999999999
2026-04-22 19:24:00,1.1712799999999999,1.17136,1.17094,1.17106
2026-04-22 19:27:00,1.17106,1.17132,1.17095,1.1712500000000001
2026-04-22 19:30:00,1.1712500000000001,1.1712500000000001,1.17095,1.17108
2026-04-22 19:33:00,1.17108,1.17135,1.17103,1.17124
2026-04-22 19:36:00,1.17129,1.17134,1.1712,1.1712500000000001
2026-04-22 19:39:00,1.1712500000000001,1.17156,1.1712500000000001,1.17148
2026-04-22 19:42:00,1.17148,1.17149,1.17112,1.17134
2026-04-22 19:45:00,1.17133,1.17154,1.17113,1.1715
2026-04-22 19:48:00,1.17149,1.1715,1.17132,1.17135
2026-04-22 19:51:00,1.17135,1.17146,1.17122,1.17137
2026-04-22 19:54:00,1.17139,1.17147,1.17123,1.1713
2026-04-22 19:57:00,1.1713,1.17135,1.17116,1.17126
2026-04-22 20:00:00,1.17126,1.17168,1.17106,1.17133
2026-04-22 20:03:00,1.17133,1.17136,1.17119,1.17132
2026-04-22 20:06:00,1.17132,1.17137,1.17108,1.17112
2026-04-22 20:09:00,1.17112,1.17148,1.17098,1.17132
2026-04-22 20:12:00,1.17132,1.1714,1.1712,1.17131
2026-04-22 20:15:00,1.17131,1.1716,1.17129,1.17158
2026-04-22 20:18:00,1.17158,1.17158,1.1712799999999999,1.17144
2026-04-22 20:21:00,1.17144,1.17167,1.17131,1.17144
2026-04-22 20:24:00,1.17145,1.1715,1.1713,1.17135
2026-04-22 20:27:00,1.17136,1.17149,1.17126,1.17149
2026-04-22 20:30:00,1.17149,1.17167,1.17145,1.1716
2026-04-22 20:33:00,1.17161,1.17164,1.17146,1.17155
2026-04-22 20:36:00,1.17155,1.17158,1.17129,1.17138
2026-04-22 20:39:00,1.17138,1.17142,1.17127,1.1713
2026-04-22 20:42:00,1.1713,1.17147,1.1713,1.17144
2026-04-22 20:45:00,1.17144,1.17151,1.17115,1.17137
2026-04-22 20:48:00,1.17137,1.17145,1.17129,1.17135
2026-04-22 20:51:00,1.17135,1.17141,1.1712500000000001,1.1712500000000001
2026-04-22 20:54:00,1.1712500000000001,1.1712799999999999,1.1711,1.17111
2026-04-22 20:57:00,1.17111,1.1712,1.17094,1.17098
2026-04-22 21:00:00,1.17098,1.17126,1.17083,1.17119
2026-04-22 21:03:00,1.17119,1.17129,1.17118,1.17123
2026-04-22 21:06:00,1.17123,1.1712500000000001,1.17111,1.17118
2026-04-22 21:09:00,1.17118,1.17119,1.17104,1.17109
2026-04-22 21:12:00,1.17109,1.17113,1.17103,1.17112
2026-04-22 21:15:00,1.17111,1.17112,1.17085,1.17097
2026-04-22 21:18:00,1.17097,1.171,1.17081,1.1709
2026-04-22 21:21:00,1.1709,1.17092,1.17065,1.17079
2026-04-22 21:24:00,1.17079,1.17098,1.17072,1.17086
2026-04-22 21:27:00,1.17086,1.17094,1.17084,1.1709
2026-04-22 21:30:00,1.1709,1.17097,1.17082,1.17092
2026-04-22 21:33:00,1.17092,1.17099,1.17073,1.17085
2026-04-22 21:36:00,1.17085,1.17093,1.17069,1.17086
2026-04-22 21:39:00,1.17086,1.17098,1.17085,1.17097
2026-04-22 21:42:00,1.17097,1.17118,1.17094,1.17117
2026-04-22 21:45:00,1.17117,1.17119,1.17104,1.17118
2026-04-22 21:48:00,1.17118,1.17121,1.17103,1.17116
2026-04-22 21:51:00,1.17116,1.17116,1.17095,1.1710099999999999
2026-04-22 21:54:00,1.1710099999999999,1.17103,1.17089,1.17089
2026-04-22 21:57:00,1.17089,1.17094,1.17074,1.17088
2026-04-22 22:00:00,1.17088,1.1709,1.17051,1.1707
2026-04-22 22:03:00,1.1707,1.17093,1.17054,1.17089
2026-04-22 22:06:00,1.17088,1.17099,1.17085,1.1709
2026-04-22 22:09:00,1.1709,1.17093,1.17082,1.1709100000000001
2026-04-22 22:12:00,1.1709100000000001,1.17095,1.1708,1.17093
2026-04-22 22:15:00,1.17093,1.17111,1.17089,1.17104
2026-04-22 22:18:00,1.17104,1.17105,1.17089,1.17094
2026-04-22 22:21:00,1.17094,1.17099,1.17081,1.17083
2026-04-22 22:24:00,1.17083,1.17098,1.17075,1.1708
2026-04-22 22:27:00,1.1708,1.17104,1.1708,1.17102
2026-04-22 22:30:00,1.17102,1.17102,1.17075,1.17086
2026-04-22 22:33:00,1.17086,1.17088,1.17059,1.17066
2026-04-22 22:36:00,1.17066,1.1709,1.17063,1.17082
2026-04-22 22:39:00,1.17082,1.17085,1.17058,1.17068
2026-04-22 22:42:00,1.17069,1.17078,1.17062,1.17073
2026-04-22 22:45:00,1.17073,1.17076,1.17054,1.17063
2026-04-22 22:48:00,1.17063,1.17078,1.1705,1.17063
2026-04-22 22:51:00,1.17064,1.17065,1.17048,1.17058
2026-04-22 22:54:00,1.17058,1.17063,1.17049,1.17052
2026-04-22 22:57:00,1.17052,1.17058,1.17038,1.17056
2026-04-22 23:00:00,1.17055,1.17056,1.17034,1.17045
2026-04-22 23:03:00,1.17045,1.17051,1.1703999999999999,1.17044
2026-04-22 23:06:00,1.17044,1.17044,1.1702,1.17032
2026-04-22 23:09:00,1.17032,1.17036,1.17024,1.17034
2026-04-22 23:12:00,1.17034,1.17055,1.17033,1.17053
2026-04-22 23:15:00,1.17053,1.17057,1.17045,1.17046
2026-04-22 23:18:00,1.17046,1.1706,1.17046,1.17057
2026-04-22 23:21:00,1.17057,1.17064,1.1705,1.17064
2026-04-22 23:24:00,1.17064,1.17064,1.17053,1.17059
2026-04-22 23:27:00,1.17059,1.17065,1.17054,1.17064
2026-04-22 23:30:00,1.17064,1.17072,1.17058,1.17072
2026-04-22 23:33:00,1.17072,1.17075,1.17069,1.17069
2026-04-22 23:36:00,1.17069,1.17071,1.17033,1.17059
2026-04-22 23:39:00,1.17059,1.1706,1.17053,1.17057
2026-04-22 23:42:00,1.17057,1.17061,1.17055,1.1706
2026-04-22 23:45:00,1.1706,1.1706699999999999,1.17054,1.17066
2026-04-22 23:48:00,1.17066,1.17077,1.1706,1.17064
2026-04-22 23:51:00,1.17064,1.17069,1.17046,1.17049
2026-04-22 23:54:00,1.17049,1.17055,1.17047,1.17054
2026-04-22 23:57:00,1.17054,1.17069,1.17045,1.17049
2026-04-23 00:00:00,1.17044,1.1705,1.17028,1.17048
2026-04-23 00:03:00,1.17048,1.17052,1.17045,1.17045
2026-04-23 00:06:00,1.17045,1.17061,1.17044,1.17052
2026-04-23 00:09:00,1.17049,1.1706,1.17049,1.17059
2026-04-23 00:12:00,1.1706,1.17061,1.1705,1.1706
2026-04-23 00:15:00,1.1706,1.17062,1.17044,1.17044
2026-04-23 00:18:00,1.17044,1.17056,1.17037,1.17046
2026-04-23 00:21:00,1.17046,1.17047,1.17046,1.17046
2026-04-23 00:24:00,1.17046,1.1705,1.17045,1.1705
2026-04-23 00:27:00,1.17049,1.17051,1.17045,1.17046
2026-04-23 00:30:00,1.17045,1.17045,1.17042,1.17042
2026-04-23 00:33:00,1.17042,1.17049,1.17042,1.17049
2026-04-23 00:36:00,1.17049,1.17051,1.17046,1.17051
2026-04-23 00:39:00,1.17051,1.17052,1.17046,1.17051
2026-04-23 00:42:00,1.17051,1.17055,1.17047,1.17055
2026-04-23 00:45:00,1.17055,1.17076,1.17055,1.17068
2026-04-23 00:48:00,1.17068,1.17079,1.17065,1.17074
2026-04-23 00:51:00,1.17074,1.17083,1.17064,1.17083
2026-04-23 00:54:00,1.17083,1.17084,1.17073,1.17076
2026-04-23 00:57:00,1.17079,1.17084,1.17061,1.17077
2026-04-23 01:00:00,1.17077,1.17088,1.17072,1.17078
2026-04-23 01:03:00,1.17078,1.17079,1.17061,1.17071
2026-04-23 01:06:00,1.17071,1.17077,1.17069,1.17077
2026-04-23 01:09:00,1.17077,1.17077,1.1706699999999999,1.17069
2026-04-23 01:12:00,1.17069,1.17069,1.1705,1.17061
2026-04-23 01:15:00,1.1706,1.17069,1.17059,1.1706699999999999
2026-04-23 01:18:00,1.1706699999999999,1.1707,1.17066,1.17069
2026-04-23 01:21:00,1.17069,1.1707,1.17057,1.17065
2026-04-23 01:24:00,1.17065,1.17069,1.17058,1.17068
2026-04-23 01:27:00,1.17068,1.1707,1.17061,1.17064
2026-04-23 01:30:00,1.17064,1.17071,1.17055,1.17068
2026-04-23 01:33:00,1.17068,1.17069,1.17052,1.17062
2026-04-23 01:36:00,1.17062,1.17062,1.17058,1.17059
2026-04-23 01:39:00,1.17059,1.17061,1.17056,1.1706
2026-04-23 01:42:00,1.1706,1.17061,1.17048,1.17052
2026-04-23 01:45:00,1.17051,1.17061,1.1705,1.1705
2026-04-23 01:48:00,1.17051,1.1707,1.17051,1.17068
2026-04-23 01:51:00,1.17068,1.17069,1.17061,1.17063
2026-04-23 01:54:00,1.17063,1.17066,1.17049,1.17056
2026-04-23 01:57:00,1.17056,1.17064,1.17048,1.17062
2026-04-23 02:00:00,1.17062,1.17064,1.17051,1.17054
2026-04-23 02:03:00,1.17054,1.17054,1.17043,1.17054
2026-04-23 02:06:00,1.17054,1.17055,1.1705,1.17055
2026-04-23 02:09:00,1.17055,1.17055,1.17046,1.17048
2026-04-23 02:12:00,1.17048,1.17054,1.17044,1.17054
2026-04-23 02:15:00,1.17054,1.17058,1.17047,1.17058
2026-04-23 02:18:00,1.17058,1.17059,1.17057,1.17057
2026-04-23 02:21:00,1.17057,1.17059,1.17046,1.17058
2026-04-23 02:24:00,1.17058,1.17059,1.17058,1.17059
2026-04-23 02:27:00,1.17059,1.17063,1.17058,1.17061
2026-04-23 02:30:00,1.17061,1.17062,1.17056,1.17056
2026-04-23 02:33:00,1.17056,1.1707,1.17053,1.1707
2026-04-23 02:36:00,1.1707,1.1707,1.17068,1.17068
2026-04-23 02:39:00,1.17068,1.17069,1.17061,1.17065
2026-04-23 02:42:00,1.17065,1.17065,1.17061,1.17062
2026-04-23 02:45:00,1.17062,1.1707,1.17061,1.1707
2026-04-23 02:48:00,1.1707,1.1707,1.17064,1.17066
2026-04-23 02:51:00,1.17066,1.17066,1.17048,1.17059
2026-04-23 02:54:00,1.17059,1.17065,1.17052,1.17053
2026-04-23 02:57:00,1.17053,1.17055,1.1705,1.17055
2026-04-23 03:00:00,1.17055,1.17065,1.17031,1.17057
2026-04-23 03:03:00,1.17056,1.17075,1.17056,1.17061
2026-04-23 03:06:00,1.17062,1.17076,1.17062,1.1707
2026-04-23 03:09:00,1.1707,1.1707,1.17022,1.17033
2026-04-23 03:12:00,1.17032,1.17032,1.16967,1.16977
2026-04-23 03:15:00,1.16977,1.16989,1.16921,1.16984
2026-04-23 03:18:00,1.16984,1.17129,1.16943,1.17074
2026-04-23 03:21:00,1.17074,1.17094,1.17052,1.17065
2026-04-23 03:24:00,1.17065,1.17087,1.17047,1.17082
2026-04-23 03:27:00,1.17082,1.1711,1.17053,1.17104
2026-04-23 03:30:00,1.17104,1.17136,1.17097,1.17111
2026-04-23 03:33:00,1.17111,1.1713,1.17105,1.17113
2026-04-23 03:36:00,1.17113,1.17132,1.17111,1.17116
2026-04-23 03:39:00,1.17115,1.17134,1.17113,1.17116
2026-04-23 03:42:00,1.17116,1.17121,1.17097,1.17108
2026-04-23 03:45:00,1.17109,1.1712799999999999,1.17098,1.17109
2026-04-23 03:48:00,1.17109,1.17109,1.17093,1.17103
2026-04-23 03:51:00,1.17103,1.17122,1.171,1.1711
2026-04-23 03:54:00,1.1711,1.17124,1.17099,1.17116
2026-04-23 03:57:00,1.17116,1.17126,1.17104,1.17115
2026-04-23 04:00:00,1.17115,1.17129,1.1710099999999999,1.17119
2026-04-23 04:03:00,1.17119,1.17124,1.1710099999999999,1.17112
2026-04-23 04:06:00,1.17112,1.1712,1.17099,1.17107
2026-04-23 04:09:00,1.17107,1.17117,1.17088,1.17095
2026-04-23 04:12:00,1.17095,1.17108,1.17085,1.1709100000000001
2026-04-23 04:15:00,1.1709100000000001,1.17097,1.17065,1.17079
2026-04-23 04:18:00,1.17079,1.17088,1.17077,1.17084
2026-04-23 04:21:00,1.17084,1.17095,1.17076,1.17095
2026-04-23 04:24:00,1.17095,1.17116,1.17084,1.17114
2026-04-23 04:27:00,1.17114,1.17119,1.17081,1.17085
2026-04-23 04:30:00,1.17085,1.1711,1.1708,1.171
2026-04-23 04:33:00,1.171,1.17104,1.1708,1.1710099999999999
2026-04-23 04:36:00,1.1710099999999999,1.17104,1.17089,1.1709
2026-04-23 04:39:00,1.1709,1.17119,1.1709,1.17117
2026-04-23 04:42:00,1.17117,1.17124,1.171,1.17115
2026-04-23 04:45:00,1.17115,1.17121,1.17102,1.17105
2026-04-23 04:48:00,1.17105,1.17114,1.171,1.1711
2026-04-23 04:51:00,1.1711,1.17111,1.17077,1.17086
2026-04-23 04:54:00,1.17086,1.17099,1.17071,1.17089
2026-04-23 04:57:00,1.1709,1.17095,1.17074,1.1709
2026-04-23 05:00:00,1.1709,1.17104,1.1709,1.17096
2026-04-23 05:03:00,1.17096,1.17097,1.17066,1.17074
2026-04-23 05:06:00,1.17074,1.17089,1.1707,1.17081
2026-04-23 05:09:00,1.17081,1.17081,1.17037,1.17048
2026-04-23 05:12:00,1.17048,1.17064,1.17044,1.17044
2026-04-23 05:15:00,1.17044,1.17055,1.17024,1.17033
2026-04-23 05:18:00,1.17033,1.1706,1.17029,1.17055
2026-04-23 05:21:00,1.17055,1.1707,1.17036,1.17047
2026-04-23 05:24:00,1.17047,1.17062,1.1703999999999999,1.1706
2026-04-23 05:27:00,1.1706,1.1706,1.17039,1.17042
2026-04-23 05:30:00,1.17042,1.17053,1.17029,1.17039
2026-04-23 05:33:00,1.17039,1.17055,1.17036,1.17054
2026-04-23 05:36:00,1.17054,1.17064,1.17036,1.17049
2026-04-23 05:39:00,1.17049,1.17064,1.17043,1.17053
2026-04-23 05:42:00,1.17053,1.17054,1.17036,1.17045
2026-04-23 05:45:00,1.17044,1.17053,1.17031,1.17041
2026-04-23 05:48:00,1.1703999999999999,1.17043,1.1702,1.17036
2026-04-23 05:51:00,1.17036,1.17037,1.1702,1.17029
2026-04-23 05:54:00,1.17029,1.17029,1.16959,1.16967
2026-04-23 05:57:00,1.16967,1.16987,1.16966,1.1697
2026-04-23 06:00:00,1.1697,1.17015,1.16939,1.16991
2026-04-23 06:03:00,1.16991,1.17016,1.16991,1.17002
2026-04-23 06:06:00,1.17002,1.17002,1.1696900000000001,1.16984
2026-04-23 06:09:00,1.16984,1.1699,1.16967,1.1697899999999999
2026-04-23 06:12:00,1.1697899999999999,1.1697899999999999,1.16957,1.1696900000000001
2026-04-23 06:15:00,1.1696900000000001,1.16981,1.16965,1.16966
2026-04-23 06:18:00,1.16966,1.16977,1.16965,1.16973
2026-04-23 06:21:00,1.16974,1.16982,1.1696900000000001,1.1697
2026-04-23 06:24:00,1.1697,1.16972,1.16946,1.16961
2026-04-23 06:27:00,1.16961,1.16973,1.16952,1.16965
2026-04-23 06:30:00,1.16965,1.16987,1.16958,1.16977
2026-04-23 06:33:00,1.16978,1.16986,1.1696900000000001,1.1698
2026-04-23 06:36:00,1.1697899999999999,1.1699,1.16971,1.16981
2026-04-23 06:39:00,1.16981,1.16986,1.16971,1.16984
2026-04-23 06:42:00,1.16984,1.16986,1.1696,1.1696900000000001
2026-04-23 06:45:00,1.1696900000000001,1.16975,1.16953,1.1696900000000001
2026-04-23 06:48:00,1.1696900000000001,1.16977,1.16965,1.16976
2026-04-23 06:51:00,1.16976,1.16981,1.16964,1.16971
2026-04-23 06:54:00,1.16971,1.16974,1.1694,1.16955
2026-04-23 06:57:00,1.16954,1.1696,1.16941,1.16955
2026-04-23 07:00:00,1.16957,1.1696900000000001,1.1695,1.16963
2026-04-23 07:03:00,1.16963,1.16971,1.16946,1.16955
2026-04-23 07:06:00,1.16955,1.16973,1.16946,1.16959
2026-04-23 07:09:00,1.16959,1.16968,1.16943,1.16963
2026-04-23 07:12:00,1.16963,1.1697899999999999,1.16958,1.16975
2026-04-23 07:15:00,1.16975,1.16982,1.1696,1.1697899999999999
2026-04-23 07:18:00,1.1698,1.16991,1.16977,1.1699
2026-04-23 07:21:00,1.1699,1.16996,1.16983,1.16993
2026-04-23 07:24:00,1.16984,1.16992,1.1696900000000001,1.16985
2026-04-23 07:27:00,1.16985,1.16987,1.16974,1.16981
2026-04-23 07:30:00,1.16981,1.16991,1.16974,1.16982
2026-04-23 07:33:00,1.16982,1.16992,1.16982,1.16989
2026-04-23 07:36:00,1.16989,1.16996,1.16982,1.16988
2026-04-23 07:39:00,1.16988,1.16989,1.16975,1.16989
2026-04-23 07:42:00,1.16989,1.16995,1.16983,1.16989
2026-04-23 07:45:00,1.16989,1.1700599999999999,1.1698,1.16999
2026-04-23 07:48:00,1.16999,1.16999,1.16983,1.16995
2026-04-23 07:51:00,1.16994,1.17002,1.16988,1.17001
2026-04-23 07:54:00,1.17001,1.17001,1.16989,1.16998
2026-04-23 07:57:00,1.16998,1.17002,1.16986,1.17001
2026-04-23 08:00:00,1.17001,1.17015,1.16986,1.17008
2026-04-23 08:03:00,1.17008,1.1701,1.17,1.17008
2026-04-23 08:06:00,1.17008,1.17022,1.17003,1.17021
2026-04-23 08:09:00,1.17021,1.17024,1.17007,1.17016
2026-04-23 08:12:00,1.17016,1.17025,1.17005,1.17012
2026-04-23 08:15:00,1.17012,1.17022,1.17008,1.17021
2026-04-23 08:18:00,1.17021,1.17026,1.17005,1.17024
2026-04-23 08:21:00,1.17024,1.17031,1.17014,1.17025
2026-04-23 08:24:00,1.17026,1.17032,1.1702,1.17026
2026-04-23 08:27:00,1.17026,1.1703000000000001,1.17015,1.17016
2026-04-23 08:30:00,1.17017,1.17033,1.17008,1.1703000000000001
2026-04-23 08:33:00,1.1703000000000001,1.17036,1.17016,1.1702
2026-04-23 08:36:00,1.1702,1.17027,1.17007,1.17011
2026-04-23 08:39:00,1.17011,1.17025,1.1700599999999999,1.17019
2026-04-23 08:42:00,1.17019,1.17026,1.17005,1.17021
2026-04-23 08:45:00,1.1702,1.17036,1.17016,1.17032
2026-04-23 08:48:00,1.17032,1.17044,1.17028,1.17041
2026-04-23 08:51:00,1.17041,1.17053,1.17024,1.17035
2026-04-23 08:54:00,1.17035,1.17065,1.17028,1.17056
2026-04-23 08:57:00,1.17056,1.17069,1.1705,1.17069
2026-04-23 09:00:00,1.17069,1.17079,1.17058,1.17068
2026-04-23 09:03:00,1.17068,1.17077,1.17049,1.1706
2026-04-23 09:06:00,1.1706,1.17072,1.17049,1.1706699999999999
2026-04-23 09:09:00,1.17066,1.17066,1.1703999999999999,1.17056
2026-04-23 09:12:00,1.17056,1.17061,1.17033,1.17037
2026-04-23 09:15:00,1.17037,1.17046,1.17025,1.17042
2026-04-23 09:18:00,1.17041,1.17043,1.17018,1.17032
2026-04-23 09:21:00,1.17033,1.17041,1.17028,1.17034
2026-04-23 09:24:00,1.17034,1.17062,1.17034,1.17051
2026-04-23 09:27:00,1.17051,1.17052,1.17028,1.17042
2026-04-23 09:30:00,1.17042,1.17061,1.1703999999999999,1.17059
2026-04-23 09:33:00,1.17059,1.17059,1.17046,1.17057
2026-04-23 09:36:00,1.17056,1.17065,1.1703999999999999,1.17062
2026-04-23 09:39:00,1.17062,1.17079,1.1706,1.1706699999999999
2026-04-23 09:42:00,1.17066,1.17078,1.17061,1.17076
2026-04-23 09:45:00,1.17076,1.1709100000000001,1.17066,1.17086
2026-04-23 09:48:00,1.17086,1.17089,1.17052,1.17066
2026-04-23 09:51:00,1.17065,1.17087,1.17056,1.1707
2026-04-23 09:54:00,1.1707,1.17077,1.1703999999999999,1.1703999999999999
2026-04-23 09:57:00,1.1703999999999999,1.17048,1.17027,1.17035
2026-04-23 10:00:00,1.17035,1.1703999999999999,1.17003,1.17015
2026-04-23 10:03:00,1.17015,1.17046,1.16999,1.1703999999999999
2026-04-23 10:06:00,1.1703999999999999,1.17119,1.17035,1.17075
2026-04-23 10:09:00,1.17075,1.17078,1.1703999999999999,1.17042
2026-04-23 10:12:00,1.17042,1.17057,1.1701,1.17035
2026-04-23 10:15:00,1.17035,1.17073,1.17015,1.17066
2026-04-23 10:18:00,1.17066,1.17071,1.17013,1.1702
2026-04-23 10:21:00,1.1702,1.17022,1.17004,1.17021
2026-04-23 10:24:00,1.17021,1.17021,1.16991,1.17018
2026-04-23 10:27:00,1.17018,1.17038,1.17012,1.17026
2026-04-23 10:30:00,1.17026,1.17026,1.16955,1.16987
2026-04-23 10:33:00,1.16988,1.1700599999999999,1.16949,1.17
2026-04-23 10:36:00,1.17,1.1700599999999999,1.16972,1.16995
2026-04-23 10:39:00,1.16995,1.16995,1.16961,1.16964
2026-04-23 10:42:00,1.16964,1.16982,1.16956,1.16977
2026-04-23 10:45:00,1.16976,1.16996,1.16973,1.16992
2026-04-23 10:48:00,1.16992,1.17036,1.16987,1.1703000000000001
2026-04-23 10:51:00,1.1703000000000001,1.17032,1.16999,1.17003
2026-04-23 10:54:00,1.17005,1.17008,1.16985,1.17
2026-04-23 10:57:00,1.17,1.17026,1.16999,1.17024
2026-04-23 11:00:00,1.17024,1.17037,1.17001,1.17001
2026-04-23 11:03:00,1.1700599999999999,1.17036,1.17005,1.17029
2026-04-23 11:06:00,1.17029,1.17041,1.17019,1.17024
2026-04-23 11:09:00,1.17024,1.17044,1.1702,1.1703000000000001
2026-04-23 11:12:00,1.1703000000000001,1.17031,1.17011,1.17015
2026-04-23 11:15:00,1.17015,1.17024,1.17005,1.17011
2026-04-23 11:18:00,1.17011,1.17036,1.17011,1.17022
2026-04-23 11:21:00,1.17022,1.17033,1.17008,1.1702
2026-04-23 11:24:00,1.1702,1.1703999999999999,1.17008,1.17039
2026-04-23 11:27:00,1.17038,1.17052,1.17023,1.17025
2026-04-23 11:30:00,1.17031,1.17045,1.1697899999999999,1.16985
2026-04-23 11:33:00,1.16985,1.17019,1.16971,1.17014
2026-04-23 11:36:00,1.17014,1.17028,1.1696900000000001,1.16982
2026-04-23 11:39:00,1.16982,1.16987,1.16952,1.16975
2026-04-23 11:42:00,1.16975,1.17003,1.16963,1.16976
2026-04-23 11:45:00,1.16976,1.16995,1.16962,1.16995
2026-04-23 11:48:00,1.16995,1.17003,1.16975,1.17001
2026-04-23 11:51:00,1.17001,1.17008,1.16978,1.16996
2026-04-23 11:54:00,1.16996,1.17018,1.16993,1.17011
2026-04-23 11:57:00,1.17011,1.17024,1.17004,1.17015
2026-04-23 12:00:00,1.17015,1.17023,1.16978,1.16988
2026-04-23 12:03:00,1.16988,1.1699,1.16947,1.16971
2026-04-23 12:06:00,1.16971,1.16975,1.16949,1.16953
2026-04-23 12:09:00,1.16953,1.16961,1.16939,1.16952
2026-04-23 12:12:00,1.16952,1.1696,1.16943,1.1695
2026-04-23 12:15:00,1.1695,1.1697899999999999,1.1693,1.16968
2026-04-23 12:18:00,1.16968,1.17011,1.16962,1.16973
2026-04-23 12:21:00,1.16973,1.16981,1.16963,1.16963
2026-04-23 12:24:00,1.16963,1.16966,1.16946,1.1696
2026-04-23 12:27:00,1.1696,1.16968,1.16931,1.16948
2026-04-23 12:30:00,1.16948,1.16962,1.16943,1.16951
2026-04-23 12:33:00,1.1695,1.16961,1.1694,1.16955
2026-04-23 12:36:00,1.16955,1.16955,1.16911,1.1693
2026-04-23 12:39:00,1.1693,1.1693,1.16891,1.16915
2026-04-23 12:42:00,1.16921,1.16966,1.16909,1.16961
2026-04-23 12:45:00,1.16961,1.16967,1.16917,1.16926
2026-04-23 12:48:00,1.16926,1.16936,1.16916,1.16933
2026-04-23 12:51:00,1.1693500000000001,1.1694499999999999,1.16921,1.16944
2026-04-23 12:54:00,1.1694499999999999,1.16966,1.16939,1.16966
2026-04-23 12:57:00,1.16966,1.16966,1.16913,1.16936
2026-04-23 13:00:00,1.16936,1.16961,1.16915,1.16936
2026-04-23 13:03:00,1.16936,1.16941,1.16907,1.16913
2026-04-23 13:06:00,1.16913,1.16914,1.16888,1.16891
2026-04-23 13:09:00,1.16891,1.16893,1.16849,1.16851
2026-04-23 13:12:00,1.16851,1.16865,1.16843,1.16864
2026-04-23 13:15:00,1.16864,1.16869,1.16815,1.16816
2026-04-23 13:18:00,1.16816,1.1685699999999999,1.1681300000000001,1.16848
2026-04-23 13:21:00,1.16848,1.1686,1.16835,1.16855
2026-04-23 13:24:00,1.16855,1.16855,1.16826,1.16843
2026-04-23 13:27:00,1.16843,1.16851,1.16819,1.16835
2026-04-23 13:30:00,1.16835,1.16848,1.1683,1.16839
2026-04-23 13:33:00,1.16839,1.16865,1.16833,1.1684700000000001
2026-04-23 13:36:00,1.16846,1.16849,1.16828,1.16832
2026-04-23 13:39:00,1.16833,1.16837,1.1681300000000001,1.16825
2026-04-23 13:42:00,1.16825,1.16836,1.1681300000000001,1.16826
2026-04-23 13:45:00,1.16826,1.16832,1.1679599999999999,1.16799
2026-04-23 13:48:00,1.16799,1.16812,1.16797,1.16812
2026-04-23 13:51:00,1.16809,1.16824,1.16797,1.16809
2026-04-23 13:54:00,1.16809,1.1683,1.16798,1.16807
2026-04-23 13:57:00,1.16806,1.16835,1.16791,1.16822
2026-04-23 14:00:00,1.16824,1.16828,1.16792,1.16809
2026-04-23 14:03:00,1.16809,1.16814,1.16791,1.16804
2026-04-23 14:06:00,1.16805,1.16816,1.1679599999999999,1.16816
2026-04-23 14:09:00,1.16816,1.16821,1.16798,1.16816
2026-04-23 14:12:00,1.16816,1.16826,1.16792,1.16819
2026-04-23 14:15:00,1.16819,1.16819,1.16783,1.16785
2026-04-23 14:18:00,1.16785,1.16825,1.16785,1.16825
2026-04-23 14:21:00,1.16825,1.16831,1.16799,1.16801
2026-04-23 14:24:00,1.16801,1.16819,1.16791,1.16795
2026-04-23 14:27:00,1.16795,1.16819,1.1679,1.16815
2026-04-23 14:30:00,1.16815,1.16824,1.16788,1.16799
2026-04-23 14:33:00,1.16799,1.16812,1.16781,1.16812
2026-04-23 14:36:00,1.16812,1.16839,1.16791,1.16792
2026-04-23 14:39:00,1.16792,1.16809,1.16782,1.16809
2026-04-23 14:42:00,1.16809,1.16841,1.16806,1.16836
2026-04-23 14:45:00,1.16836,1.16896,1.1683,1.16886
2026-04-23 14:48:00,1.16894,1.16905,1.16851,1.16861
2026-04-23 14:51:00,1.16861,1.16977,1.16861,1.1693
2026-04-23 14:54:00,1.1693,1.1696,1.16922,1.16927
2026-04-23 14:57:00,1.16927,1.16931,1.16898,1.16904
2026-04-23 15:00:00,1.1690800000000001,1.16937,1.16892,1.1693
2026-04-23 15:03:00,1.1693,1.16931,1.16858,1.1691
2026-04-23 15:06:00,1.1691,1.16966,1.16904,1.1693500000000001
2026-04-23 15:09:00,1.1693500000000001,1.16967,1.16927,1.16959
2026-04-23 15:12:00,1.16961,1.16981,1.1694499999999999,1.16956
2026-04-23 15:15:00,1.16956,1.16956,1.16929,1.16942
2026-04-23 15:18:00,1.16942,1.16943,1.1691,1.16915
2026-04-23 15:21:00,1.16915,1.16917,1.16855,1.16879
2026-04-23 15:24:00,1.1688,1.16904,1.16875,1.16899
2026-04-23 15:27:00,1.16899,1.1691,1.16875,1.16887
2026-04-23 15:30:00,1.16887,1.16928,1.16872,1.16928
2026-04-23 15:33:00,1.16928,1.16943,1.16912,1.16937
2026-04-23 15:36:00,1.16937,1.1694499999999999,1.16915,1.16941
2026-04-23 15:39:00,1.16941,1.16965,1.1693500000000001,1.16963
2026-04-23 15:42:00,1.16962,1.16975,1.16946,1.16948
2026-04-23 15:45:00,1.16958,1.16981,1.16863,1.16907
2026-04-23 15:48:00,1.16907,1.16926,1.16866,1.1688399999999999
2026-04-23 15:51:00,1.1688399999999999,1.16921,1.16868,1.1690800000000001
2026-04-23 15:54:00,1.1690800000000001,1.1692,1.1689,1.1690800000000001
2026-04-23 15:57:00,1.1690800000000001,1.1693500000000001,1.16899,1.16919
2026-04-23 16:00:00,1.16921,1.1693,1.16905,1.16924
2026-04-23 16:03:00,1.16924,1.16934,1.16907,1.16912
2026-04-23 16:06:00,1.16912,1.16923,1.16889,1.16895
2026-04-23 16:09:00,1.16895,1.16914,1.16879,1.16889
2026-04-23 16:12:00,1.16889,1.169,1.16831,1.16848
2026-04-23 16:15:00,1.16848,1.16886,1.16833,1.16853
2026-04-23 16:18:00,1.16853,1.16876,1.16831,1.16872
2026-04-23 16:21:00,1.16872,1.16895,1.16865,1.16889
2026-04-23 16:24:00,1.16889,1.16906,1.16872,1.16906
2026-04-23 16:27:00,1.16906,1.16906,1.16879,1.16883
2026-04-23 16:30:00,1.16882,1.16937,1.1688,1.16922
2026-04-23 16:33:00,1.16922,1.16947,1.1690800000000001,1.16924
2026-04-23 16:36:00,1.16924,1.16949,1.1690800000000001,1.16948
2026-04-23 16:39:00,1.16948,1.16951,1.16923,1.16936
2026-04-23 16:42:00,1.16939,1.1694,1.16915,1.16927
2026-04-23 16:45:00,1.16914,1.16936,1.16856,1.16913
2026-04-23 16:48:00,1.16912,1.16948,1.16903,1.16924
2026-04-23 16:51:00,1.16929,1.16966,1.16923,1.16948
2026-04-23 16:54:00,1.16948,1.16967,1.16881,1.1689
2026-04-23 16:57:00,1.1689,1.1694,1.16876,1.1691
2026-04-23 17:00:00,1.1691,1.16914,1.16868,1.1687400000000001
2026-04-23 17:03:00,1.1687400000000001,1.16957,1.16873,1.1694499999999999
2026-04-23 17:06:00,1.16944,1.16965,1.16905,1.16963
2026-04-23 17:09:00,1.16962,1.16973,1.16947,1.16963
2026-04-23 17:12:00,1.16963,1.1697899999999999,1.1694499999999999,1.16977
2026-04-23 17:15:00,1.16977,1.17014,1.16966,1.17001
2026-04-23 17:18:00,1.17001,1.17019,1.16975,1.17007
2026-04-23 17:21:00,1.17007,1.17044,1.17,1.1703999999999999
2026-04-23 17:24:00,1.17042,1.17073,1.17037,1.17072
2026-04-23 17:27:00,1.17072,1.17072,1.17039,1.17056
2026-04-23 17:30:00,1.17056,1.17073,1.17032,1.17057
2026-04-23 17:33:00,1.17056,1.17065,1.17036,1.17045
2026-04-23 17:36:00,1.17045,1.17063,1.17027,1.1703000000000001
2026-04-23 17:39:00,1.1703000000000001,1.17053,1.17026,1.1703999999999999
2026-04-23 17:42:00,1.1703999999999999,1.17076,1.17034,1.17074
2026-04-23 17:45:00,1.17074,1.17108,1.17074,1.17084
2026-04-23 17:48:00,1.17084,1.1712,1.17082,1.17095
2026-04-23 17:51:00,1.17095,1.1715,1.17094,1.17147
2026-04-23 17:54:00,1.17147,1.17164,1.17078,1.17087
2026-04-23 17:57:00,1.17087,1.17123,1.17085,1.17104
2026-04-23 18:00:00,1.17106,1.1713,1.17098,1.17121
2026-04-23 18:03:00,1.17121,1.17124,1.1707,1.17093
2026-04-23 18:06:00,1.17093,1.17095,1.17053,1.17062
2026-04-23 18:09:00,1.17062,1.17084,1.17052,1.17065
2026-04-23 18:12:00,1.17065,1.17087,1.17051,1.17072
2026-04-23 18:15:00,1.17072,1.17098,1.17059,1.17082
2026-04-23 18:18:00,1.17082,1.1713,1.17081,1.17107
2026-04-23 18:21:00,1.17107,1.17142,1.17104,1.17139
2026-04-23 18:24:00,1.17139,1.1715200000000001,1.17123,1.17143
2026-04-23 18:27:00,1.17143,1.17154,1.17104,1.17107
2026-04-23 18:30:00,1.17107,1.17111,1.17079,1.17093
2026-04-23 18:33:00,1.17093,1.17093,1.1706699999999999,1.17077
2026-04-23 18:36:00,1.17077,1.17104,1.1707,1.17088
2026-04-23 18:39:00,1.17088,1.17094,1.17068,1.17087
2026-04-23 18:42:00,1.17087,1.17093,1.17028,1.17028
2026-04-23 18:45:00,1.17028,1.17046,1.17004,1.17045
2026-04-23 18:48:00,1.17045,1.1708,1.17037,1.1706
2026-04-23 18:51:00,1.1706,1.17066,1.17035,1.17054
2026-04-23 18:54:00,1.17054,1.17069,1.17032,1.17061
2026-04-23 18:57:00,1.17062,1.17062,1.17028,1.17033
2026-04-23 19:00:00,1.17033,1.17038,1.17016,1.17017
2026-04-23 19:03:00,1.17017,1.17026,1.16991,1.17011
2026-04-23 19:06:00,1.17011,1.17018,1.16993,1.16998
2026-04-23 19:09:00,1.16998,1.17009,1.1697899999999999,1.16994
2026-04-23 19:12:00,1.16994,1.17014,1.16982,1.16986
2026-04-23 19:15:00,1.16986,1.16998,1.16975,1.16987
2026-04-23 19:18:00,1.16987,1.16999,1.16978,1.16995
2026-04-23 19:21:00,1.16995,1.17022,1.16993,1.17003
2026-04-23 19:24:00,1.17003,1.17038,1.16997,1.17029
2026-04-23 19:27:00,1.17029,1.17038,1.17019,1.17033
2026-04-23 19:30:00,1.17033,1.17033,1.17003,1.1702
2026-04-23 19:33:00,1.1702,1.17046,1.17011,1.17043
2026-04-23 19:36:00,1.17043,1.1705,1.17021,1.17039
2026-04-23 19:39:00,1.17039,1.17044,1.17019,1.17021
2026-04-23 19:42:00,1.17021,1.17042,1.17021,1.17041
2026-04-23 19:45:00,1.17041,1.17054,1.17029,1.17034
2026-04-23 19:48:00,1.17034,1.17043,1.17024,1.1703000000000001
2026-04-23 19:51:00,1.1703000000000001,1.17034,1.17008,1.17025
2026-04-23 19:54:00,1.17025,1.17029,1.17004,1.17012
2026-04-23 19:57:00,1.17011,1.17026,1.17002,1.17021
2026-04-23 20:00:00,1.17021,1.17027,1.16931,1.16973
2026-04-23 20:03:00,1.16973,1.16984,1.16895,1.16917
2026-04-23 20:06:00,1.16917,1.16921,1.1688399999999999,1.16897
2026-04-23 20:09:00,1.16897,1.16902,1.16814,1.16829
2026-04-23 20:12:00,1.16829,1.16862,1.16814,1.16841
2026-04-23 20:15:00,1.16841,1.16843,1.16785,1.16812
2026-04-23 20:18:00,1.16812,1.16816,1.16788,1.16797
2026-04-23 20:21:00,1.1679599999999999,1.16818,1.16775,1.16812
2026-04-23 20:24:00,1.16812,1.16879,1.16795,1.16853
2026-04-23 20:27:00,1.16853,1.16862,1.16818,1.16827
2026-04-23 20:30:00,1.16827,1.16862,1.16819,1.1685699999999999
2026-04-23 20:33:00,1.1685699999999999,1.16875,1.16839,1.16855
2026-04-23 20:36:00,1.16855,1.16861,1.16794,1.16818
2026-04-23 20:39:00,1.16818,1.16819,1.16705,1.16718
2026-04-23 20:42:00,1.16717,1.16765,1.16703,1.16715
2026-04-23 20:45:00,1.16716,1.16771,1.16687,1.16757
2026-04-23 20:48:00,1.16757,1.16768,1.16721,1.16742
2026-04-23 20:51:00,1.16742,1.16901,1.16724,1.1684
2026-04-23 20:54:00,1.16841,1.1691,1.16784,1.16885
2026-04-23 20:57:00,1.16887,1.16933,1.16878,1.16916
2026-04-23 21:00:00,1.16932,1.16976,1.169,1.16952
2026-04-23 21:03:00,1.16954,1.16961,1.16915,1.16947
2026-04-23 21:06:00,1.16947,1.16964,1.16928,1.16944
2026-04-23 21:09:00,1.16944,1.16999,1.16924,1.16961
2026-04-23 21:12:00,1.16961,1.16965,1.16929,1.16958
2026-04-23 21:15:00,1.16957,1.16978,1.16937,1.16951
2026-04-23 21:18:00,1.1695,1.16985,1.16942,1.16959
2026-04-23 21:21:00,1.16959,1.16984,1.16923,1.1695
2026-04-23 21:24:00,1.1695,1.16954,1.16924,1.16938
2026-04-23 21:27:00,1.16939,1.16954,1.16927,1.16953
2026-04-23 21:30:00,1.16953,1.16984,1.16947,1.16949
2026-04-23 21:33:00,1.1695,1.1698,1.16949,1.16975
2026-04-23 21:36:00,1.16974,1.16984,1.1694499999999999,1.1694499999999999
2026-04-23 21:39:00,1.1694499999999999,1.16953,1.16931,1.16937
2026-04-23 21:42:00,1.16937,1.16943,1.16906,1.16941
2026-04-23 21:45:00,1.16941,1.16943,1.16913,1.16923
2026-04-23 21:48:00,1.16922,1.16927,1.16901,1.16921
2026-04-23 21:51:00,1.16921,1.16949,1.16912,1.16939
2026-04-23 21:54:00,1.16939,1.16946,1.1691,1.1692
2026-04-23 21:57:00,1.1692,1.1692,1.16878,1.16893
2026-04-23 22:00:00,1.16893,1.16902,1.1685699999999999,1.16875
2026-04-23 22:03:00,1.16877,1.16879,1.16843,1.1685699999999999
2026-04-23 22:06:00,1.1685699999999999,1.1687400000000001,1.16852,1.16856
2026-04-23 22:09:00,1.16856,1.16872,1.16835,1.16864
2026-04-23 22:12:00,1.16864,1.16868,1.16845,1.16861
2026-04-23 22:15:00,1.16861,1.16876,1.1685,1.16865
2026-04-23 22:18:00,1.16863,1.1687,1.16856,1.16868
2026-04-23 22:21:00,1.16868,1.16869,1.1685,1.16859
2026-04-23 22:24:00,1.16856,1.16858,1.16842,1.16854
2026-04-23 22:27:00,1.16853,1.16854,1.16837,1.16852
2026-04-23 22:30:00,1.16853,1.16861,1.16849,1.16849
2026-04-23 22:33:00,1.1685,1.1685,1.1679599999999999,1.16819
2026-04-23 22:36:00,1.16819,1.16849,1.1681,1.16849
2026-04-23 22:39:00,1.16849,1.16849,1.1682,1.16837
2026-04-23 22:42:00,1.16837,1.16839,1.1681300000000001,1.1682299999999999
2026-04-23 22:45:00,1.16824,1.16835,1.16819,1.1683
2026-04-23 22:48:00,1.1683,1.16837,1.16803,1.16831
2026-04-23 22:51:00,1.16831,1.16878,1.16829,1.1686
2026-04-23 22:54:00,1.1686,1.16866,1.16854,1.16866
2026-04-23 22:57:00,1.16866,1.16877,1.16861,1.16865
2026-04-23 23:00:00,1.16864,1.16867,1.16833,1.16851
2026-04-23 23:03:00,1.16851,1.1686,1.1685,1.16852
2026-04-23 23:06:00,1.16851,1.16851,1.1682,1.1683
2026-04-23 23:09:00,1.1683,1.16834,1.1681300000000001,1.1682299999999999
2026-04-23 23:12:00,1.1682299999999999,1.16832,1.16812,1.16819
2026-04-23 23:15:00,1.16819,1.16819,1.16799,1.1681300000000001
2026-04-23 23:18:00,1.1681300000000001,1.16827,1.16803,1.16826
2026-04-23 23:21:00,1.16826,1.16838,1.16821,1.16837
2026-04-23 23:24:00,1.16838,1.16849,1.16827,1.16827
2026-04-23 23:27:00,1.16835,1.16837,1.16827,1.1683
2026-04-23 23:30:00,1.16833,1.16841,1.16832,1.16841
2026-04-23 23:33:00,1.16841,1.16853,1.1684,1.16845
2026-04-23 23:36:00,1.16845,1.1684700000000001,1.16842,1.16844
2026-04-23 23:39:00,1.16844,1.16848,1.16839,1.16842
2026-04-23 23:42:00,1.16842,1.16846,1.16842,1.16846
2026-04-23 23:45:00,1.16846,1.1685,1.16844,1.16846
2026-04-23 23:48:00,1.16845,1.16845,1.16834,1.16834
2026-04-23 23:51:00,1.16834,1.16836,1.16816,1.16822
2026-04-23 23:54:00,1.16822,1.16835,1.16821,1.1682299999999999
2026-04-23 23:57:00,1.1682299999999999,1.1683,1.16818,1.16829
2026-04-24 00:00:00,1.16821,1.16843,1.16775,1.16824
2026-04-24 00:03:00,1.16827,1.16855,1.16801,1.16839
2026-04-24 00:06:00,1.16839,1.16867,1.1681,1.16853
2026-04-24 00:09:00,1.16853,1.1685699999999999,1.1683,1.1683
2026-04-24 00:12:00,1.1683,1.16868,1.1682299999999999,1.16842
2026-04-24 00:15:00,1.16875,1.16887,1.16833,1.16864
2026-04-24 00:18:00,1.16864,1.16876,1.16783,1.1679
2026-04-24 00:21:00,1.1679,1.16815,1.1679,1.16794
2026-04-24 00:24:00,1.16794,1.16812,1.16773,1.16782
2026-04-24 00:27:00,1.16782,1.16855,1.16782,1.16853
2026-04-24 00:30:00,1.16854,1.16872,1.16805,1.16845
2026-04-24 00:33:00,1.16845,1.16863,1.1684,1.16861
2026-04-24 00:36:00,1.16864,1.16872,1.16845,1.16868
2026-04-24 00:39:00,1.16868,1.16871,1.168,1.16822
2026-04-24 00:42:00,1.16822,1.16825,1.16793,1.16821
2026-04-24 00:45:00,1.16821,1.16829,1.16821,1.16822
2026-04-24 00:48:00,1.16822,1.16841,1.16811,1.16837
2026-04-24 00:51:00,1.16837,1.16837,1.1682,1.1682
2026-04-24 00:54:00,1.1682,1.16841,1.1682,1.16841
2026-04-24 00:57:00,1.16841,1.16858,1.16839,1.16855
2026-04-24 01:00:00,1.16855,1.16863,1.16849,1.16853
2026-04-24 01:03:00,1.16853,1.16859,1.16853,1.16859
2026-04-24 01:06:00,1.16859,1.16863,1.16852,1.16854
2026-04-24 01:09:00,1.16854,1.1686,1.16844,1.16856
2026-04-24 01:12:00,1.16856,1.1686,1.1685,1.1685699999999999
2026-04-24 01:15:00,1.1685699999999999,1.16859,1.16851,1.16856
2026-04-24 01:18:00,1.16856,1.1686,1.16844,1.16855
2026-04-24 01:21:00,1.16855,1.1686,1.16854,1.1686
2026-04-24 01:24:00,1.1686,1.1686,1.1685,1.16853
2026-04-24 01:27:00,1.16854,1.1685699999999999,1.16853,1.1685699999999999
2026-04-24 01:30:00,1.1685699999999999,1.1686,1.16855,1.16859
2026-04-24 01:33:00,1.1685699999999999,1.16859,1.1685,1.16855
2026-04-24 01:36:00,1.16855,1.16862,1.16852,1.16862
2026-04-24 01:39:00,1.16862,1.16862,1.16845,1.1685699999999999
2026-04-24 01:42:00,1.1685699999999999,1.16859,1.16846,1.16858
2026-04-24 01:45:00,1.16858,1.16863,1.16849,1.16863
2026-04-24 01:48:00,1.16863,1.16864,1.16849,1.16859
2026-04-24 01:51:00,1.16859,1.1686,1.1684700000000001,1.16859
2026-04-24 01:54:00,1.16859,1.16859,1.16848,1.16854
2026-04-24 01:57:00,1.16854,1.1686,1.16846,1.16855
2026-04-24 02:00:00,1.16855,1.16858,1.16841,1.16848
2026-04-24 02:03:00,1.16848,1.1685,1.16838,1.16838
2026-04-24 02:06:00,1.16838,1.16838,1.16826,1.16834
2026-04-24 02:09:00,1.16834,1.16836,1.16821,1.16833
2026-04-24 02:12:00,1.16833,1.16834,1.16832,1.16832
2026-04-24 02:15:00,1.16833,1.16833,1.16818,1.16821
2026-04-24 02:18:00,1.16821,1.16827,1.16821,1.16824
2026-04-24 02:21:00,1.16824,1.16832,1.16824,1.16831
2026-04-24 02:24:00,1.16831,1.16834,1.1682299999999999,1.1683
2026-04-24 02:27:00,1.1683,1.1684,1.16825,1.16834
2026-04-24 02:30:00,1.16842,1.16842,1.16831,1.16835
2026-04-24 02:33:00,1.16835,1.16839,1.16821,1.16834
2026-04-24 02:36:00,1.16834,1.1684,1.16827,1.16827
2026-04-24 02:39:00,1.16831,1.1684,1.16826,1.16839
2026-04-24 02:42:00,1.16839,1.16839,1.16825,1.16836
2026-04-24 02:45:00,1.16836,1.16841,1.16834,1.16839
2026-04-24 02:48:00,1.16839,1.16839,1.16828,1.16828
2026-04-24 02:51:00,1.16828,1.16842,1.16826,1.16834
2026-04-24 02:54:00,1.16834,1.16839,1.16827,1.16833
2026-04-24 02:57:00,1.16833,1.16834,1.16821,1.16833
2026-04-24 03:00:00,1.16833,1.16841,1.16817,1.1683
2026-04-24 03:03:00,1.1683,1.16844,1.16812,1.16834
2026-04-24 03:06:00,1.16834,1.1685699999999999,1.16831,1.16855
2026-04-24 03:09:00,1.16855,1.16865,1.16849,1.16855
2026-04-24 03:12:00,1.16855,1.16867,1.16846,1.16867
2026-04-24 03:15:00,1.16867,1.16877,1.16862,1.16867
2026-04-24 03:18:00,1.16867,1.16871,1.16854,1.1685699999999999
2026-04-24 03:21:00,1.1685699999999999,1.16862,1.1685,1.16862
2026-04-24 03:24:00,1.16862,1.16862,1.1684700000000001,1.16856
2026-04-24 03:27:00,1.16856,1.16872,1.16854,1.16871
2026-04-24 03:30:00,1.16871,1.16883,1.16856,1.16879
2026-04-24 03:33:00,1.16879,1.16882,1.16867,1.16879
2026-04-24 03:36:00,1.16879,1.16885,1.16865,1.1687
2026-04-24 03:39:00,1.16871,1.16872,1.1684,1.16844
2026-04-24 03:42:00,1.16844,1.16848,1.16825,1.16845
2026-04-24 03:45:00,1.16844,1.16853,1.16836,1.16842
2026-04-24 03:48:00,1.16842,1.16845,1.16834,1.16838
2026-04-24 03:51:00,1.16838,1.16855,1.16825,1.16832
2026-04-24 03:54:00,1.16832,1.16848,1.16826,1.16846
2026-04-24 03:57:00,1.16846,1.16861,1.16831,1.16853
2026-04-24 04:00:00,1.16853,1.16859,1.16831,1.1684700000000001
2026-04-24 04:03:00,1.1684700000000001,1.16855,1.16829,1.1685
2026-04-24 04:06:00,1.16849,1.16863,1.16849,1.16855
2026-04-24 04:09:00,1.16855,1.16868,1.16841,1.16861
2026-04-24 04:12:00,1.1686,1.16868,1.1684700000000001,1.16858
2026-04-24 04:15:00,1.16858,1.16873,1.16852,1.16864
2026-04-24 04:18:00,1.16862,1.16869,1.16852,1.16856
2026-04-24 04:21:00,1.16856,1.16866,1.16851,1.1686
2026-04-24 04:24:00,1.1686,1.16862,1.16844,1.16851
2026-04-24 04:27:00,1.16851,1.1685699999999999,1.1684,1.1684700000000001
2026-04-24 04:30:00,1.1684700000000001,1.16851,1.16811,1.16832
2026-04-24 04:33:00,1.16832,1.16876,1.16826,1.1686
2026-04-24 04:36:00,1.1686,1.16861,1.16837,1.16852
2026-04-24 04:39:00,1.16852,1.16863,1.16834,1.1685699999999999
2026-04-24 04:42:00,1.1685699999999999,1.16866,1.16833,1.16841
2026-04-24 04:45:00,1.16841,1.16858,1.16835,1.16855
2026-04-24 04:48:00,1.16856,1.16869,1.16855,1.16865
2026-04-24 04:51:00,1.16865,1.16879,1.16855,1.16878
2026-04-24 04:54:00,1.16878,1.16878,1.1685699999999999,1.16869
2026-04-24 04:57:00,1.16869,1.16886,1.16858,1.16885
2026-04-24 05:00:00,1.16885,1.16894,1.16856,1.16868
2026-04-24 05:03:00,1.16868,1.16876,1.16864,1.16865
2026-04-24 05:06:00,1.16865,1.16866,1.16856,1.1686
2026-04-24 05:09:00,1.1686,1.1686,1.16837,1.16846
2026-04-24 05:12:00,1.16846,1.16846,1.16835,1.16838
2026-04-24 05:15:00,1.16838,1.16845,1.16835,1.1684
2026-04-24 05:18:00,1.1684,1.16841,1.16828,1.16835
2026-04-24 05:21:00,1.16835,1.16836,1.16802,1.1682
2026-04-24 05:24:00,1.1682,1.1682,1.16803,1.16805
2026-04-24 05:27:00,1.16805,1.1681,1.16795,1.16803
2026-04-24 05:30:00,1.16803,1.16825,1.16803,1.16822
2026-04-24 05:33:00,1.16822,1.16832,1.16817,1.16824
2026-04-24 05:36:00,1.16824,1.16827,1.16801,1.1682
2026-04-24 05:39:00,1.16821,1.16822,1.1679599999999999,1.16804
2026-04-24 05:42:00,1.16804,1.16815,1.16794,1.16804
2026-04-24 05:45:00,1.16804,1.16804,1.16785,1.16795
2026-04-24 05:48:00,1.16795,1.1679599999999999,1.16778,1.16785
2026-04-24 05:51:00,1.16785,1.16791,1.16778,1.1679
2026-04-24 05:54:00,1.1679,1.1679599999999999,1.16782,1.16793
2026-04-24 05:57:00,1.16793,1.16793,1.16768,1.16789
2026-04-24 06:00:00,1.16789,1.16799,1.16766,1.16775
2026-04-24 06:03:00,1.16772,1.16775,1.16754,1.1677
2026-04-24 06:06:00,1.1677,1.16775,1.16764,1.16774
2026-04-24 06:09:00,1.16774,1.16775,1.1676,1.16768
2026-04-24 06:12:00,1.16768,1.16774,1.1676,1.16769
2026-04-24 06:15:00,1.16769,1.16774,1.16758,1.16774
2026-04-24 06:18:00,1.16774,1.16775,1.16763,1.1677
2026-04-24 06:21:00,1.1677,1.16772,1.16753,1.1676
2026-04-24 06:24:00,1.1676,1.16769,1.16757,1.16763
2026-04-24 06:27:00,1.16763,1.16764,1.1675,1.16754
2026-04-24 06:30:00,1.16754,1.16756,1.16717,1.16729
2026-04-24 06:33:00,1.16729,1.16745,1.16716,1.16739
2026-04-24 06:36:00,1.1674,1.16759,1.16731,1.16756
2026-04-24 06:39:00,1.16757,1.16771,1.16755,1.16763
2026-04-24 06:42:00,1.16769,1.16774,1.16761,1.16761
2026-04-24 06:45:00,1.16761,1.16772,1.16759,1.16766
2026-04-24 06:48:00,1.16766,1.1678,1.16757,1.16773
2026-04-24 06:51:00,1.16773,1.16783,1.16765,1.16783
2026-04-24 06:54:00,1.16783,1.16785,1.16768,1.16782
2026-04-24 06:57:00,1.16783,1.1678600000000001,1.1677,1.1678
2026-04-24 07:00:00,1.1678,1.1678,1.1675200000000001,1.1676199999999999
2026-04-24 07:03:00,1.16769,1.16788,1.16765,1.16784
2026-04-24 07:06:00,1.16784,1.16785,1.16768,1.16781
2026-04-24 07:09:00,1.1678,1.168,1.16776,1.16791
2026-04-24 07:12:00,1.16791,1.16799,1.16779,1.16792
2026-04-24 07:15:00,1.16792,1.16795,1.1677,1.16781
2026-04-24 07:18:00,1.16781,1.1679,1.16778,1.16785
2026-04-24 07:21:00,1.16785,1.1679,1.16772,1.16779
2026-04-24 07:24:00,1.16779,1.16783,1.16769,1.16776
2026-04-24 07:27:00,1.16776,1.16781,1.16767,1.16776
2026-04-24 07:30:00,1.16776,1.16798,1.16776,1.16783
2026-04-24 07:33:00,1.16784,1.16788,1.16775,1.16788
2026-04-24 07:36:00,1.16788,1.16798,1.16787,1.16794
2026-04-24 07:39:00,1.16794,1.1679599999999999,1.16777,1.16789
2026-04-24 07:42:00,1.16789,1.16792,1.1677,1.16783
2026-04-24 07:45:00,1.16783,1.1681,1.16779,1.16809
2026-04-24 07:48:00,1.16809,1.16815,1.16791,1.16801
2026-04-24 07:51:00,1.16801,1.16807,1.16788,1.16804
2026-04-24 07:54:00,1.16804,1.16806,1.16789,1.16804
2026-04-24 07:57:00,1.16804,1.16804,1.16778,1.16787
2026-04-24 08:00:00,1.16787,1.16802,1.16787,1.168
2026-04-24 08:03:00,1.168,1.16802,1.16784,1.16785
2026-04-24 08:06:00,1.16785,1.16785,1.16761,1.16768
2026-04-24 08:09:00,1.16768,1.16777,1.16753,1.1677
2026-04-24 08:12:00,1.16769,1.1678600000000001,1.16759,1.16784
2026-04-24 08:15:00,1.16784,1.16795,1.16777,1.16785
2026-04-24 08:18:00,1.16784,1.16788,1.16769,1.16782
2026-04-24 08:21:00,1.16782,1.16795,1.16776,1.16789
2026-04-24 08:24:00,1.16789,1.16802,1.16788,1.16797
2026-04-24 08:27:00,1.16797,1.16806,1.16783,1.16792
2026-04-24 08:30:00,1.16792,1.16815,1.16791,1.1681
2026-04-24 08:33:00,1.1681,1.1682,1.1679599999999999,1.16819
2026-04-24 08:36:00,1.16818,1.16821,1.1681,1.16815
2026-04-24 08:39:00,1.16815,1.16831,1.16806,1.16821
2026-04-24 08:42:00,1.16821,1.16826,1.1681300000000001,1.1682
2026-04-24 08:45:00,1.1682,1.1682,1.16807,1.16807
2026-04-24 08:48:00,1.16809,1.16817,1.168,1.16807
2026-04-24 08:51:00,1.16807,1.16815,1.16806,1.1681
2026-04-24 08:54:00,1.1681,1.16822,1.16807,1.16817
2026-04-24 08:57:00,1.16817,1.1683,1.16808,1.1682
2026-04-24 09:00:00,1.1682,1.16822,1.16789,1.16806
2026-04-24 09:03:00,1.16808,1.16821,1.168,1.16814
2026-04-24 09:06:00,1.16814,1.16821,1.16806,1.1682
2026-04-24 09:09:00,1.1682,1.16821,1.16806,1.16816
2026-04-24 09:12:00,1.16816,1.1682,1.16802,1.16815
2026-04-24 09:15:00,1.16815,1.1682,1.1679599999999999,1.16801
2026-04-24 09:18:00,1.16801,1.16806,1.16787,1.1679
2026-04-24 09:21:00,1.1679,1.16791,1.16772,1.1678600000000001
2026-04-24 09:24:00,1.1678600000000001,1.16803,1.16781,1.16801
2026-04-24 09:27:00,1.16801,1.16805,1.16774,1.16797
2026-04-24 09:30:00,1.16797,1.1681300000000001,1.16797,1.16811
2026-04-24 09:33:00,1.16811,1.1681300000000001,1.16791,1.16812
2026-04-24 09:36:00,1.16812,1.16812,1.16782,1.16809
2026-04-24 09:39:00,1.16809,1.16835,1.16806,1.16835
2026-04-24 09:42:00,1.16835,1.16837,1.16818,1.1682299999999999
2026-04-24 09:45:00,1.1682299999999999,1.16825,1.16787,1.16806
2026-04-24 09:48:00,1.16806,1.16811,1.16797,1.16804
2026-04-24 09:51:00,1.16804,1.1681,1.16784,1.1681
2026-04-24 09:54:00,1.1681,1.1681300000000001,1.16795,1.16795
2026-04-24 09:57:00,1.16795,1.16798,1.16769,1.16784
2026-04-24 10:00:00,1.16783,1.1679,1.16759,1.16778
2026-04-24 10:03:00,1.16778,1.1679,1.16758,1.1678
2026-04-24 10:06:00,1.1678,1.16808,1.16767,1.16805
2026-04-24 10:09:00,1.16805,1.16809,1.16792,1.16799
2026-04-24 10:12:00,1.16799,1.16817,1.16787,1.16811
2026-04-24 10:15:00,1.16811,1.16822,1.16794,1.1682
2026-04-24 10:18:00,1.16821,1.16831,1.16807,1.16828
2026-04-24 10:21:00,1.16829,1.16829,1.16808,1.16815
2026-04-24 10:24:00,1.16815,1.16818,1.1679599999999999,1.1681300000000001
2026-04-24 10:27:00,1.1681300000000001,1.16821,1.16803,1.16811
2026-04-24 10:30:00,1.16811,1.16811,1.16778,1.16787
2026-04-24 10:33:00,1.16787,1.16807,1.16776,1.168
2026-04-24 10:36:00,1.16797,1.16819,1.16797,1.16809
2026-04-24 10:39:00,1.16818,1.16832,1.16806,1.16827
2026-04-24 10:42:00,1.16827,1.16851,1.16815,1.16851
2026-04-24 10:45:00,1.16851,1.16868,1.16846,1.16862
2026-04-24 10:48:00,1.16862,1.16895,1.16855,1.16891
2026-04-24 10:51:00,1.16891,1.16898,1.16867,1.1688
2026-04-24 10:54:00,1.16881,1.169,1.16863,1.16898
2026-04-24 10:57:00,1.16898,1.16937,1.16886,1.1690800000000001
2026-04-24 11:00:00,1.1690800000000001,1.1691,1.16842,1.16859
2026-04-24 11:03:00,1.16859,1.16873,1.16838,1.16866
2026-04-24 11:06:00,1.16866,1.1687,1.16829,1.16848
2026-04-24 11:09:00,1.16848,1.16878,1.16848,1.16863
2026-04-24 11:12:00,1.16865,1.16881,1.16853,1.1687
2026-04-24 11:15:00,1.16858,1.16922,1.16858,1.16911
2026-04-24 11:18:00,1.16911,1.16958,1.169,1.1694499999999999
2026-04-24 11:21:00,1.1694499999999999,1.16956,1.16924,1.16928
2026-04-24 11:24:00,1.16929,1.16942,1.16895,1.16931
2026-04-24 11:27:00,1.16931,1.16931,1.16897,1.16915
2026-04-24 11:30:00,1.16915,1.16916,1.16895,1.16905
2026-04-24 11:33:00,1.16905,1.16914,1.16892,1.16911
2026-04-24 11:36:00,1.16911,1.16911,1.16878,1.1688399999999999
2026-04-24 11:39:00,1.16885,1.16892,1.16867,1.16872
2026-04-24 11:42:00,1.16872,1.16876,1.16858,1.16869
2026-04-24 11:45:00,1.16869,1.16916,1.16855,1.16915
2026-04-24 11:48:00,1.16916,1.16937,1.1689,1.16899
2026-04-24 11:51:00,1.16899,1.16901,1.16879,1.16893
2026-04-24 11:54:00,1.16893,1.16894,1.16867,1.16883
2026-04-24 11:57:00,1.16883,1.169,1.16872,1.16898
2026-04-24 12:00:00,1.16898,1.1690800000000001,1.16872,1.16882
2026-04-24 12:03:00,1.16882,1.16885,1.16869,1.16872
2026-04-24 12:06:00,1.16873,1.16887,1.16853,1.16863
2026-04-24 12:09:00,1.16866,1.16879,1.1686,1.16879
2026-04-24 12:12:00,1.16879,1.16893,1.1687,1.16879
2026-04-24 12:15:00,1.16879,1.16895,1.16871,1.1687400000000001
2026-04-24 12:18:00,1.1687400000000001,1.1687400000000001,1.1684700000000001,1.16861
2026-04-24 12:21:00,1.16861,1.16879,1.16832,1.16862
2026-04-24 12:24:00,1.16862,1.16872,1.16852,1.16853
2026-04-24 12:27:00,1.16853,1.1686,1.16843,1.1685
2026-04-24 12:30:00,1.1685,1.1686,1.16834,1.16851
2026-04-24 12:33:00,1.16851,1.16868,1.16848,1.16856
2026-04-24 12:36:00,1.16856,1.16881,1.16853,1.16879
2026-04-24 12:39:00,1.16879,1.16881,1.16864,1.16872
2026-04-24 12:42:00,1.16873,1.16893,1.16862,1.16867
2026-04-24 12:45:00,1.16867,1.1688,1.16855,1.16865
2026-04-24 12:48:00,1.16865,1.16866,1.16843,1.1685699999999999
2026-04-24 12:51:00,1.16859,1.16872,1.16855,1.16865
2026-04-24 12:54:00,1.16865,1.16876,1.16856,1.1687
2026-04-24 12:57:00,1.1687,1.16875,1.1685,1.16864
2026-04-24 13:00:00,1.16864,1.16871,1.16851,1.16866
2026-04-24 13:03:00,1.16866,1.16868,1.16845,1.16864
2026-04-24 13:06:00,1.16864,1.1688,1.16851,1.16878
2026-04-24 13:09:00,1.16878,1.16903,1.16875,1.16901
2026-04-24 13:12:00,1.16901,1.16901,1.16873,1.16882
2026-04-24 13:15:00,1.16882,1.16899,1.16871,1.16885
2026-04-24 13:18:00,1.16885,1.16895,1.16877,1.1689
2026-04-24 13:21:00,1.1689,1.16916,1.16873,1.16916
2026-04-24 13:24:00,1.16913,1.16946,1.16907,1.16941
2026-04-24 13:27:00,1.16942,1.16962,1.16937,1.1696
2026-04-24 13:30:00,1.1696,1.16962,1.16934,1.16949
2026-04-24 13:33:00,1.1695,1.16952,1.16941,1.16949
2026-04-24 13:36:00,1.16949,1.16949,1.1693500000000001,1.16941
2026-04-24 13:39:00,1.16941,1.1698,1.1693500000000001,1.16968
2026-04-24 13:42:00,1.16968,1.17011,1.16968,1.17001
2026-04-24 13:45:00,1.17001,1.17001,1.16972,1.1698
2026-04-24 13:48:00,1.1698,1.17003,1.1697,1.17003
2026-04-24 13:51:00,1.17003,1.17013,1.17001,1.17001
2026-04-24 13:54:00,1.17001,1.17017,1.16993,1.17017
2026-04-24 13:57:00,1.17017,1.17035,1.16992,1.17032
2026-04-24 14:00:00,1.17032,1.17046,1.1702,1.17036
2026-04-24 14:03:00,1.17035,1.17119,1.17023,1.17044
2026-04-24 14:06:00,1.17046,1.17123,1.17019,1.17073
2026-04-24 14:09:00,1.17072,1.17107,1.17061,1.17075
2026-04-24 14:12:00,1.17075,1.17086,1.17059,1.17074
2026-04-24 14:15:00,1.17074,1.1709100000000001,1.17053,1.17073
2026-04-24 14:18:00,1.17073,1.17073,1.1703000000000001,1.17042
2026-04-24 14:21:00,1.17042,1.17167,1.17031,1.17163
2026-04-24 14:24:00,1.17163,1.17176,1.17135,1.17163
2026-04-24 14:27:00,1.17163,1.17182,1.1716,1.17179
2026-04-24 14:30:00,1.17179,1.17183,1.1712799999999999,1.1712799999999999
2026-04-24 14:33:00,1.1712799999999999,1.17157,1.17107,1.17144
2026-04-24 14:36:00,1.17144,1.17154,1.17113,1.17118
2026-04-24 14:39:00,1.17119,1.1716199999999999,1.17114,1.17159
2026-04-24 14:42:00,1.17159,1.17176,1.17138,1.17166
2026-04-24 14:45:00,1.17166,1.17167,1.1714,1.17167
2026-04-24 14:48:00,1.17166,1.17184,1.1716,1.17174
2026-04-24 14:51:00,1.17175,1.17183,1.17153,1.1716
2026-04-24 14:54:00,1.17161,1.17166,1.1712,1.17142
2026-04-24 14:57:00,1.17142,1.17158,1.17129,1.17144
2026-04-24 15:00:00,1.17144,1.17168,1.17133,1.17161
2026-04-24 15:03:00,1.17161,1.17174,1.17147,1.17155
2026-04-24 15:06:00,1.17155,1.1716,1.17114,1.17127
2026-04-24 15:09:00,1.17127,1.17141,1.17106,1.17133
2026-04-24 15:12:00,1.17133,1.17164,1.17124,1.17154
2026-04-24 15:15:00,1.17154,1.1716199999999999,1.17139,1.17154
2026-04-24 15:18:00,1.17155,1.17155,1.1710099999999999,1.1713
2026-04-24 15:21:00,1.1713,1.1714,1.17106,1.17139
2026-04-24 15:24:00,1.17139,1.17141,1.17114,1.17139
2026-04-24 15:27:00,1.17139,1.17148,1.17126,1.17136
2026-04-24 15:30:00,1.17137,1.17139,1.17095,1.17106
2026-04-24 15:33:00,1.17106,1.17112,1.17065,1.17087
2026-04-24 15:36:00,1.17087,1.17093,1.17066,1.1708
2026-04-24 15:39:00,1.1708,1.17092,1.17076,1.17088
2026-04-24 15:42:00,1.17088,1.17095,1.17057,1.17074
2026-04-24 15:45:00,1.17074,1.17114,1.1707,1.1711
2026-04-24 15:48:00,1.1711,1.1711,1.17026,1.17053
2026-04-24 15:51:00,1.17054,1.17057,1.17029,1.17032
2026-04-24 15:54:00,1.17032,1.17049,1.17013,1.17039
2026-04-24 15:57:00,1.17037,1.1709100000000001,1.17034,1.17087
2026-04-24 16:00:00,1.17089,1.1712500000000001,1.17077,1.17104
2026-04-24 16:03:00,1.17104,1.17115,1.17077,1.17093
2026-04-24 16:06:00,1.17093,1.171,1.17073,1.17084
2026-04-24 16:09:00,1.17084,1.1712500000000001,1.17058,1.17093
2026-04-24 16:12:00,1.17093,1.17104,1.1707,1.17071
2026-04-24 16:15:00,1.17081,1.17093,1.1706699999999999,1.1708
2026-04-24 16:18:00,1.1708,1.17082,1.17059,1.17079
2026-04-24 16:21:00,1.17079,1.1708,1.17054,1.17055
2026-04-24 16:24:00,1.17057,1.17057,1.17022,1.17038
2026-04-24 16:27:00,1.17038,1.17048,1.17016,1.17022
2026-04-24 16:30:00,1.17022,1.17034,1.16989,1.16996
2026-04-24 16:33:00,1.16996,1.17008,1.16985,1.17004
2026-04-24 16:36:00,1.17004,1.17015,1.16985,1.17009
2026-04-24 16:39:00,1.17009,1.17041,1.16996,1.17024
2026-04-24 16:42:00,1.17024,1.1703999999999999,1.17013,1.17035
2026-04-24 16:45:00,1.17035,1.17059,1.17024,1.17051
2026-04-24 16:48:00,1.17051,1.17072,1.17039,1.17056
2026-04-24 16:51:00,1.17056,1.17074,1.17033,1.17059
2026-04-24 16:54:00,1.17059,1.17059,1.17022,1.17045
2026-04-24 16:57:00,1.17045,1.17077,1.17032,1.17068
2026-04-24 17:00:00,1.17068,1.17094,1.17059,1.17069
2026-04-24 17:03:00,1.1707,1.17111,1.17002,1.17079
2026-04-24 17:06:00,1.17079,1.17088,1.17044,1.17082
2026-04-24 17:09:00,1.17082,1.1713,1.17075,1.1713
2026-04-24 17:12:00,1.1713,1.17149,1.17098,1.17107
2026-04-24 17:15:00,1.17107,1.17138,1.17096,1.17103
2026-04-24 17:18:00,1.17103,1.1716,1.17086,1.17155
2026-04-24 17:21:00,1.17155,1.17155,1.17099,1.1710099999999999
2026-04-24 17:24:00,1.1710099999999999,1.1710099999999999,1.1707,1.17084
2026-04-24 17:27:00,1.17084,1.17116,1.17072,1.17115
2026-04-24 17:30:00,1.17115,1.1712799999999999,1.1711,1.17124
2026-04-24 17:33:00,1.17124,1.17165,1.17116,1.17149
2026-04-24 17:36:00,1.17151,1.17168,1.17116,1.17151
2026-04-24 17:39:00,1.17151,1.17153,1.17112,1.17113
2026-04-24 17:42:00,1.17113,1.17147,1.17109,1.17116
2026-04-24 17:45:00,1.17117,1.17122,1.1706699999999999,1.17075
2026-04-24 17:48:00,1.17077,1.17098,1.17072,1.17089
2026-04-24 17:51:00,1.17087,1.17099,1.17063,1.17065
2026-04-24 17:54:00,1.17065,1.17077,1.17031,1.17037
2026-04-24 17:57:00,1.17037,1.17074,1.17023,1.17059
2026-04-24 18:00:00,1.17059,1.17066,1.17041,1.17065
2026-04-24 18:03:00,1.17064,1.17078,1.17053,1.17059
2026-04-24 18:06:00,1.17059,1.17062,1.17038,1.17053
2026-04-24 18:09:00,1.17053,1.17072,1.17049,1.17059
2026-04-24 18:12:00,1.17059,1.1706699999999999,1.17037,1.17052
2026-04-24 18:15:00,1.17049,1.17058,1.1703000000000001,1.17053
2026-04-24 18:18:00,1.17052,1.17053,1.17033,1.17042
2026-04-24 18:21:00,1.17042,1.17063,1.1703999999999999,1.17062
2026-04-24 18:24:00,1.17062,1.1708,1.17053,1.1706
2026-04-24 18:27:00,1.1706,1.17083,1.17051,1.17071
2026-04-24 18:30:00,1.17068,1.17087,1.1703999999999999,1.17048
2026-04-24 18:33:00,1.17048,1.17061,1.17039,1.17048
2026-04-24 18:36:00,1.17048,1.17054,1.17015,1.17039
2026-04-24 18:39:00,1.17039,1.17051,1.17025,1.17037
2026-04-24 18:42:00,1.17037,1.17119,1.17005,1.17102
2026-04-24 18:45:00,1.17099,1.17144,1.17094,1.17133
2026-04-24 18:48:00,1.17133,1.17198,1.1713,1.17191
2026-04-24 18:51:00,1.17191,1.17191,1.17115,1.1715200000000001
2026-04-24 18:54:00,1.1715200000000001,1.17191,1.1715,1.17176
2026-04-24 18:57:00,1.17176,1.17182,1.17159,1.17167
2026-04-24 19:00:00,1.17166,1.17192,1.1716,1.17174
2026-04-24 19:03:00,1.17173,1.17184,1.17154,1.1718
2026-04-24 19:06:00,1.1718,1.17187,1.17123,1.17139
2026-04-24 19:09:00,1.17139,1.17165,1.17129,1.17157
2026-04-24 19:12:00,1.17157,1.1717,1.17148,1.17157
2026-04-24 19:15:00,1.17157,1.1717,1.17148,1.17159
2026-04-24 19:18:00,1.17159,1.1716199999999999,1.17136,1.1716199999999999
2026-04-24 19:21:00,1.17161,1.17167,1.17142,1.17144
2026-04-24 19:24:00,1.17144,1.1715200000000001,1.17134,1.17146
2026-04-24 19:27:00,1.17146,1.17154,1.1713,1.17133
2026-04-24 19:30:00,1.17133,1.17175,1.17133,1.17158
2026-04-24 19:33:00,1.17158,1.17165,1.17147,1.17158
2026-04-24 19:36:00,1.17158,1.17177,1.17154,1.1717
2026-04-24 19:39:00,1.1717,1.17183,1.17158,1.17173
2026-04-24 19:42:00,1.17173,1.17173,1.17148,1.17148
2026-04-24 19:45:00,1.17149,1.17178,1.17143,1.17176
2026-04-24 19:48:00,1.17176,1.17193,1.1716199999999999,1.17187
2026-04-24 19:51:00,1.17187,1.17195,1.17168,1.17178
2026-04-24 19:54:00,1.17178,1.17192,1.17172,1.17182
2026-04-24 19:57:00,1.17182,1.17197,1.17169,1.1719
2026-04-24 20:00:00,1.1719,1.17199,1.1718,1.1719
2026-04-24 20:03:00,1.1719,1.17211,1.17181,1.17201
2026-04-24 20:06:00,1.17201,1.17201,1.17178,1.1719
2026-04-24 20:09:00,1.1719,1.17202,1.17173,1.17201
2026-04-24 20:12:00,1.17201,1.17207,1.17184,1.17191
2026-04-24 20:15:00,1.17191,1.17194,1.17168,1.1719
2026-04-24 20:18:00,1.1719,1.1719,1.17173,1.1718
2026-04-24 20:21:00,1.1718,1.17181,1.17154,1.17154
2026-04-24 20:24:00,1.17154,1.17169,1.17153,1.17163
2026-04-24 20:27:00,1.17163,1.17168,1.17141,1.1716
2026-04-24 20:30:00,1.1716,1.1716,1.17129,1.17141
2026-04-24 20:33:00,1.1714,1.17149,1.1713,1.17147
2026-04-24 20:36:00,1.17148,1.1716199999999999,1.17133,1.17137
2026-04-24 20:39:00,1.17137,1.17138,1.1711,1.17132
2026-04-24 20:42:00,1.17132,1.17142,1.1712500000000001,1.17142
2026-04-24 20:45:00,1.17142,1.17143,1.17127,1.17135
2026-04-24 20:48:00,1.17135,1.17138,1.1712,1.17127
2026-04-24 20:51:00,1.17127,1.17134,1.17118,1.17132
2026-04-24 20:54:00,1.17132,1.17187,1.17124,1.17139
2026-04-24 20:57:00,1.17139,1.17146,1.17121,1.17134
2026-04-24 21:00:00,1.17135,1.17144,1.17116,1.17138
2026-04-24 21:03:00,1.17138,1.17138,1.17105,1.17114
2026-04-24 21:06:00,1.17114,1.17137,1.17106,1.17129
2026-04-24 21:09:00,1.17129,1.17131,1.17111,1.17129
2026-04-24 21:12:00,1.17129,1.17143,1.1712,1.17131
2026-04-24 21:15:00,1.17131,1.17149,1.1712799999999999,1.17134
2026-04-24 21:18:00,1.17134,1.1714,1.17114,1.17139
2026-04-24 21:21:00,1.17139,1.17158,1.17131,1.1715
2026-04-24 21:24:00,1.1715,1.17153,1.17136,1.17142
2026-04-24 21:27:00,1.17142,1.1715200000000001,1.17134,1.17149
2026-04-24 21:30:00,1.17149,1.17155,1.17127,1.17147
2026-04-24 21:33:00,1.17147,1.17154,1.17139,1.17144
2026-04-24 21:36:00,1.17144,1.17185,1.17137,1.17181
2026-04-24 21:39:00,1.17181,1.17185,1.17171,1.17184
2026-04-24 21:42:00,1.17184,1.17185,1.17165,1.1718
2026-04-24 21:45:00,1.1718,1.1718,1.17159,1.17175
2026-04-24 21:48:00,1.17175,1.17175,1.17159,1.17171
2026-04-24 21:51:00,1.17171,1.17183,1.17171,1.17176
2026-04-24 21:54:00,1.17176,1.17183,1.17166,1.17174
2026-04-24 21:57:00,1.17174,1.17196,1.17166,1.17177
2026-04-24 22:00:00,1.17177,1.17193,1.17166,1.1718600000000001
2026-04-24 22:03:00,1.17185,1.17188,1.17161,1.17174
2026-04-24 22:06:00,1.17174,1.17184,1.17165,1.17178
2026-04-24 22:09:00,1.17177,1.17185,1.1717,1.17181
2026-04-24 22:12:00,1.17181,1.17204,1.1718,1.17199
2026-04-24 22:15:00,1.172,1.17209,1.1718600000000001,1.17206
2026-04-24 22:18:00,1.17206,1.17206,1.17181,1.17192
2026-04-24 22:21:00,1.17192,1.17193,1.1717,1.17179
2026-04-24 22:24:00,1.17179,1.1718899999999999,1.17172,1.17174
2026-04-24 22:27:00,1.17174,1.17181,1.1716,1.1718
2026-04-24 22:30:00,1.1718,1.17194,1.17167,1.17183
2026-04-24 22:33:00,1.17183,1.17193,1.1717,1.17171
2026-04-24 22:36:00,1.17175,1.17177,1.17161,1.17174
2026-04-24 22:39:00,1.17174,1.17185,1.17172,1.1718
2026-04-24 22:42:00,1.1718,1.17185,1.1717,1.1717
2026-04-24 22:45:00,1.1717,1.17172,1.17156,1.17165
2026-04-24 22:48:00,1.17165,1.17177,1.1716199999999999,1.17173
2026-04-24 22:51:00,1.17173,1.17175,1.17145,1.17167
2026-04-24 22:54:00,1.17167,1.17178,1.1716199999999999,1.17176
2026-04-24 22:57:00,1.17176,1.1719,1.17168,1.17185
2026-04-24 23:00:00,1.17184,1.17192,1.17172,1.17177
2026-04-24 23:03:00,1.17178,1.17205,1.17177,1.17205
2026-04-24 23:06:00,1.17205,1.17208,1.17168,1.17197
2026-04-24 23:09:00,1.17197,1.17199,1.17183,1.17188
2026-04-24 23:12:00,1.17188,1.17199,1.17188,1.17198
2026-04-24 23:15:00,1.17198,1.17205,1.17197,1.17204
2026-04-24 23:18:00,1.17204,1.17205,1.17188,1.1719
2026-04-24 23:21:00,1.17191,1.17198,1.17184,1.17192
2026-04-24 23:24:00,1.17193,1.17195,1.17171,1.17184
2026-04-24 23:27:00,1.17183,1.17194,1.17173,1.17194
2026-04-24 23:30:00,1.17195,1.17199,1.17183,1.17184
2026-04-24 23:33:00,1.17184,1.1718600000000001,1.17172,1.17182
2026-04-24 23:36:00,1.17182,1.17198,1.17179,1.17197
2026-04-24 23:39:00,1.17197,1.17198,1.1718600000000001,1.17196
2026-04-24 23:42:00,1.17196,1.17209,1.17194,1.17208
2026-04-24 23:45:00,1.17209,1.1721300000000001,1.17202,1.17204
2026-04-24 23:48:00,1.17204,1.17217,1.172,1.17214
2026-04-24 23:51:00,1.17214,1.1722299999999999,1.17203,1.17218
2026-04-24 23:54:00,1.17218,1.17228,1.17211,1.17225
2026-04-24 23:57:00,1.17225,1.17229,1.17154,1.17195
2026-04-27 00:00:00,1.1693500000000001,1.16988,1.16852,1.16988
2026-04-27 00:03:00,1.16987,1.17003,1.16972,1.16996
2026-04-27 00:06:00,1.16995,1.17,1.16985,1.16986
2026-04-27 00:09:00,1.16986,1.16993,1.16982,1.16993
2026-04-27 00:12:00,1.16993,1.16993,1.16984,1.16985
2026-04-27 00:15:00,1.16985,1.16996,1.16985,1.16991
2026-04-27 00:18:00,1.16991,1.17023,1.16988,1.17018
2026-04-27 00:21:00,1.17018,1.17025,1.16997,1.17025
2026-04-27 00:24:00,1.17025,1.17025,1.16996,1.17021
2026-04-27 00:27:00,1.17021,1.17024,1.16998,1.1702
2026-04-27 00:30:00,1.1702,1.17023,1.17004,1.17021
2026-04-27 00:33:00,1.17021,1.17071,1.1702,1.17071
2026-04-27 00:36:00,1.17071,1.17076,1.17065,1.17071
2026-04-27 00:39:00,1.17071,1.17078,1.17064,1.1707
2026-04-27 00:42:00,1.1707,1.1709,1.17051,1.17071
2026-04-27 00:45:00,1.17071,1.17074,1.17056,1.17059
2026-04-27 00:48:00,1.17058,1.17065,1.1705,1.17059
2026-04-27 00:51:00,1.1706,1.1709100000000001,1.1706,1.17085
2026-04-27 00:54:00,1.17085,1.1709,1.17075,1.17079
2026-04-27 00:57:00,1.17079,1.17084,1.17063,1.17078
2026-04-27 01:00:00,1.17078,1.1712,1.17076,1.17086
2026-04-27 01:03:00,1.17086,1.17088,1.17052,1.17066
2026-04-27 01:06:00,1.17066,1.17076,1.1705,1.17073
2026-04-27 01:09:00,1.17073,1.17076,1.1703999999999999,1.17055
2026-04-27 01:12:00,1.17054,1.17075,1.17054,1.17068
2026-04-27 01:15:00,1.17068,1.17073,1.1706,1.1706
2026-04-27 01:18:00,1.1706,1.17079,1.17058,1.17066
2026-04-27 01:21:00,1.17066,1.17068,1.17054,1.17058
2026-04-27 01:24:00,1.17058,1.17063,1.17042,1.17051
2026-04-27 01:27:00,1.17051,1.1707,1.17051,1.17068
2026-04-27 01:30:00,1.17068,1.17068,1.17048,1.17062
2026-04-27 01:33:00,1.17062,1.17068,1.1706,1.17068
2026-04-27 01:36:00,1.17069,1.17083,1.17068,1.17077
2026-04-27 01:39:00,1.17077,1.17081,1.1706699999999999,1.17077
2026-04-27 01:42:00,1.17077,1.17078,1.1706699999999999,1.1707
2026-04-27 01:45:00,1.1707,1.17078,1.17058,1.17073
2026-04-27 01:48:00,1.17073,1.17074,1.17065,1.17071
2026-04-27 01:51:00,1.17059,1.17075,1.17059,1.17069
2026-04-27 01:54:00,1.17069,1.17072,1.17062,1.17062
2026-04-27 01:57:00,1.17062,1.17082,1.17062,1.17078
2026-04-27 02:00:00,1.17078,1.17081,1.17071,1.1708
2026-04-27 02:03:00,1.1708,1.17083,1.17073,1.17083
2026-04-27 02:06:00,1.17083,1.17089,1.17077,1.17079
2026-04-27 02:09:00,1.17079,1.17089,1.17078,1.17084
2026-04-27 02:12:00,1.17084,1.17088,1.17078,1.17082
2026-04-27 02:15:00,1.17083,1.17084,1.17073,1.17084
2026-04-27 02:18:00,1.17085,1.17094,1.17085,1.1709100000000001
2026-04-27 02:21:00,1.1709100000000001,1.1709100000000001,1.17082,1.17087
2026-04-27 02:24:00,1.17087,1.17087,1.1706699999999999,1.17073
2026-04-27 02:27:00,1.17073,1.17073,1.17063,1.17064
2026-04-27 02:30:00,1.17064,1.17064,1.17053,1.17064
2026-04-27 02:33:00,1.17063,1.17064,1.17056,1.17063
2026-04-27 02:36:00,1.17063,1.17064,1.17052,1.17062
2026-04-27 02:39:00,1.17062,1.17063,1.17049,1.17053
2026-04-27 02:42:00,1.17053,1.17064,1.17053,1.17058
2026-04-27 02:45:00,1.17058,1.17074,1.17058,1.17063
2026-04-27 02:48:00,1.17063,1.17064,1.17052,1.17055
2026-04-27 02:51:00,1.17055,1.17068,1.17052,1.1706699999999999
2026-04-27 02:54:00,1.1706699999999999,1.17068,1.17056,1.17061
2026-04-27 02:57:00,1.17061,1.17061,1.17049,1.17054
2026-04-27 03:00:00,1.17055,1.17094,1.17055,1.1709
2026-04-27 03:03:00,1.1709,1.17096,1.17072,1.17096
2026-04-27 03:06:00,1.17095,1.17096,1.17069,1.17078
2026-04-27 03:09:00,1.17078,1.1710099999999999,1.17072,1.17099
2026-04-27 03:12:00,1.17099,1.171,1.17084,1.171
2026-04-27 03:15:00,1.171,1.17103,1.17077,1.17089
2026-04-27 03:18:00,1.17089,1.17104,1.17083,1.17102
2026-04-27 03:21:00,1.17102,1.17105,1.1709,1.17099
2026-04-27 03:24:00,1.17099,1.1710099999999999,1.17085,1.1710099999999999
2026-04-27 03:27:00,1.171,1.1712,1.17098,1.17116
2026-04-27 03:30:00,1.17116,1.17121,1.17112,1.1712
2026-04-27 03:33:00,1.1712,1.1712500000000001,1.17106,1.17115
2026-04-27 03:36:00,1.17115,1.17127,1.17108,1.1712
2026-04-27 03:39:00,1.1712,1.1712500000000001,1.17117,1.1712
2026-04-27 03:42:00,1.1712,1.17139,1.1712,1.17138
2026-04-27 03:45:00,1.17138,1.17153,1.17132,1.17148
2026-04-27 03:48:00,1.17148,1.17148,1.17133,1.17139
2026-04-27 03:51:00,1.17139,1.17142,1.17119,1.1713
2026-04-27 03:54:00,1.1713,1.17145,1.17118,1.17144
2026-04-27 03:57:00,1.17144,1.1717,1.17133,1.17159
2026-04-27 04:00:00,1.17159,1.17267,1.17159,1.17251
2026-04-27 04:03:00,1.1724999999999999,1.1724999999999999,1.17216,1.17238
2026-04-27 04:06:00,1.17238,1.17238,1.17175,1.17184
2026-04-27 04:09:00,1.17184,1.17203,1.17155,1.17203
2026-04-27 04:12:00,1.17203,1.17221,1.17188,1.17197
2026-04-27 04:15:00,1.17199,1.17233,1.1718899999999999,1.17229
2026-04-27 04:18:00,1.17233,1.17253,1.17228,1.17251
2026-04-27 04:21:00,1.17251,1.17259,1.17239,1.17258
2026-04-27 04:24:00,1.17258,1.17268,1.17228,1.17238
2026-04-27 04:27:00,1.17239,1.17239,1.17195,1.17225
2026-04-27 04:30:00,1.17225,1.1723,1.17207,1.17224
2026-04-27 04:33:00,1.17225,1.17234,1.17214,1.17228
2026-04-27 04:36:00,1.17228,1.17232,1.17214,1.1723
2026-04-27 04:39:00,1.1723,1.17243,1.17221,1.1724
2026-04-27 04:42:00,1.1724,1.17244,1.17229,1.17243
2026-04-27 04:45:00,1.17243,1.1724999999999999,1.17232,1.17236
2026-04-27 04:48:00,1.17236,1.1726,1.17236,1.17254
2026-04-27 04:51:00,1.17254,1.17265,1.17249,1.17259
2026-04-27 04:54:00,1.17259,1.17259,1.17228,1.17248
2026-04-27 04:57:00,1.17248,1.1724999999999999,1.17226,1.17241
2026-04-27 05:00:00,1.17241,1.17255,1.17235,1.17249
2026-04-27 05:03:00,1.17249,1.1724999999999999,1.17199,1.17206
2026-04-27 05:06:00,1.17206,1.17233,1.17193,1.1723
2026-04-27 05:09:00,1.1723,1.17238,1.1722299999999999,1.17234
2026-04-27 05:12:00,1.17234,1.17237,1.17221,1.1723
2026-04-27 05:15:00,1.1723,1.1724999999999999,1.17215,1.1724700000000001
2026-04-27 05:18:00,1.1724700000000001,1.17256,1.17216,1.17225
2026-04-27 05:21:00,1.17225,1.17239,1.17212,1.17228
2026-04-27 05:24:00,1.17228,1.17235,1.17218,1.17234
2026-04-27 05:27:00,1.17234,1.17239,1.1722,1.17234
2026-04-27 05:30:00,1.17234,1.17255,1.17234,1.17249
2026-04-27 05:33:00,1.17249,1.17259,1.17236,1.1724999999999999
2026-04-27 05:36:00,1.1724999999999999,1.17281,1.17248,1.17281
2026-04-27 05:39:00,1.17281,1.17281,1.17263,1.17265
2026-04-27 05:42:00,1.17265,1.1727,1.17256,1.17267
2026-04-27 05:45:00,1.17267,1.17269,1.17253,1.17263
2026-04-27 05:48:00,1.17263,1.17279,1.17255,1.17279
2026-04-27 05:51:00,1.17279,1.17282,1.17268,1.17278
2026-04-27 05:54:00,1.17278,1.17279,1.17263,1.17263
2026-04-27 05:57:00,1.17263,1.17278,1.17252,1.17264
2026-04-27 06:00:00,1.17264,1.17283,1.17263,1.17281
2026-04-27 06:03:00,1.17281,1.17295,1.17268,1.17273
2026-04-27 06:06:00,1.17272,1.17279,1.17262,1.17275
2026-04-27 06:09:00,1.17275,1.1728,1.17268,1.17278
2026-04-27 06:12:00,1.17278,1.17287,1.1727,1.17285
2026-04-27 06:15:00,1.17285,1.17291,1.17271,1.17277
2026-04-27 06:18:00,1.17277,1.1729,1.17269,1.17289
2026-04-27 06:21:00,1.17289,1.1729,1.1727400000000001,1.1728399999999999
2026-04-27 06:24:00,1.17285,1.17285,1.1727400000000001,1.1728
2026-04-27 06:27:00,1.1728,1.17286,1.17271,1.17278
2026-04-27 06:30:00,1.17278,1.17287,1.17273,1.1728
2026-04-27 06:33:00,1.1728,1.17291,1.17271,1.17277
2026-04-27 06:36:00,1.17285,1.17296,1.17269,1.17295
2026-04-27 06:39:00,1.17295,1.17305,1.17279,1.173
2026-04-27 06:42:00,1.173,1.17317,1.173,1.17312
2026-04-27 06:45:00,1.17312,1.17325,1.17286,1.17298
2026-04-27 06:48:00,1.17298,1.173,1.17285,1.17298
2026-04-27 06:51:00,1.17299,1.17305,1.17288,1.17298
2026-04-27 06:54:00,1.17298,1.17305,1.17296,1.17299
2026-04-27 06:57:00,1.17299,1.17301,1.17287,1.17294
2026-04-27 07:00:00,1.17294,1.17295,1.17275,1.17289
2026-04-27 07:03:00,1.17289,1.17295,1.17282,1.17294
2026-04-27 07:06:00,1.17294,1.17296,1.1728,1.17294
2026-04-27 07:09:00,1.17294,1.17295,1.17281,1.17285
2026-04-27 07:12:00,1.17285,1.1729,1.17279,1.1729
2026-04-27 07:15:00,1.1729,1.17296,1.1728399999999999,1.17293
2026-04-27 07:18:00,1.17293,1.17298,1.17276,1.17295
2026-04-27 07:21:00,1.17295,1.17305,1.17288,1.17304
2026-04-27 07:24:00,1.17305,1.17306,1.17293,1.17301
2026-04-27 07:27:00,1.17301,1.17306,1.17295,1.17305
2026-04-27 07:30:00,1.17305,1.17315,1.17301,1.17304
2026-04-27 07:33:00,1.17304,1.1730800000000001,1.17286,1.17298
2026-04-27 07:36:00,1.17298,1.17309,1.17295,1.17309
2026-04-27 07:39:00,1.17309,1.17314,1.17301,1.17305
2026-04-27 07:42:00,1.17305,1.1731,1.17288,1.17299
2026-04-27 07:45:00,1.17299,1.17299,1.17283,1.17288
2026-04-27 07:48:00,1.17288,1.17292,1.17259,1.17268
2026-04-27 07:51:00,1.17268,1.17269,1.17251,1.17253
2026-04-27 07:54:00,1.1726,1.17264,1.17241,1.17241
2026-04-27 07:57:00,1.17241,1.17269,1.17241,1.17266
2026-04-27 08:00:00,1.17266,1.17269,1.17253,1.1726
2026-04-27 08:03:00,1.1726,1.1727400000000001,1.17255,1.1727
2026-04-27 08:06:00,1.1727,1.17279,1.17269,1.17269
2026-04-27 08:09:00,1.17276,1.17276,1.1726,1.17263
2026-04-27 08:12:00,1.17263,1.17268,1.17239,1.17243
2026-04-27 08:15:00,1.17243,1.17254,1.17236,1.17248
2026-04-27 08:18:00,1.17245,1.17253,1.17232,1.17232
2026-04-27 08:21:00,1.17243,1.17255,1.17235,1.17255
2026-04-27 08:24:00,1.17251,1.1726,1.17245,1.17259
2026-04-27 08:27:00,1.17259,1.17264,1.17252,1.17254
2026-04-27 08:30:00,1.17254,1.1726,1.17244,1.17258
2026-04-27 08:33:00,1.17258,1.17259,1.17234,1.1724
2026-04-27 08:36:00,1.17236,1.17255,1.17236,1.1724700000000001
2026-04-27 08:39:00,1.17241,1.1724999999999999,1.17234,1.17245
2026-04-27 08:42:00,1.17245,1.17256,1.17243,1.17255
2026-04-27 08:45:00,1.17254,1.17263,1.17249,1.17262
2026-04-27 08:48:00,1.17262,1.17269,1.1724700000000001,1.17254
2026-04-27 08:51:00,1.17254,1.17257,1.17233,1.1724700000000001
2026-04-27 08:54:00,1.1724700000000001,1.17254,1.1723,1.17248
2026-04-27 08:57:00,1.17248,1.17248,1.17212,1.1722299999999999
2026-04-27 09:00:00,1.1722299999999999,1.17229,1.17203,1.17208
2026-04-27 09:03:00,1.17208,1.1722,1.1719,1.1722
2026-04-27 09:06:00,1.1722,1.1722,1.17175,1.17196
2026-04-27 09:09:00,1.17196,1.17205,1.17184,1.17193
2026-04-27 09:12:00,1.17193,1.17197,1.17175,1.17192
2026-04-27 09:15:00,1.17192,1.17193,1.17165,1.17173
2026-04-27 09:18:00,1.17174,1.17195,1.1717,1.17195
2026-04-27 09:21:00,1.17195,1.17211,1.17185,1.1718899999999999
2026-04-27 09:24:00,1.1718899999999999,1.17199,1.17179,1.17195
2026-04-27 09:27:00,1.17194,1.17196,1.17166,1.17188
2026-04-27 09:30:00,1.17187,1.17214,1.17175,1.17214
2026-04-27 09:33:00,1.17214,1.17215,1.17191,1.17201
2026-04-27 09:36:00,1.17201,1.1722,1.17199,1.17219
2026-04-27 09:39:00,1.17219,1.17221,1.17194,1.17207
2026-04-27 09:42:00,1.17207,1.17211,1.1718600000000001,1.17193
2026-04-27 09:45:00,1.17193,1.17232,1.17193,1.1723
2026-04-27 09:48:00,1.1723,1.17265,1.17227,1.17265
2026-04-27 09:51:00,1.17262,1.17273,1.1724700000000001,1.17273
2026-04-27 09:54:00,1.17273,1.17273,1.1724700000000001,1.17267
2026-04-27 09:57:00,1.17267,1.17297,1.1724700000000001,1.17292
2026-04-27 10:00:00,1.17292,1.17314,1.17287,1.17314
2026-04-27 10:03:00,1.17313,1.17342,1.17301,1.1733500000000001
2026-04-27 10:06:00,1.1733500000000001,1.17355,1.17332,1.1735
2026-04-27 10:09:00,1.1735,1.17363,1.17318,1.1733
2026-04-27 10:12:00,1.1733,1.17346,1.1732,1.17338
2026-04-27 10:15:00,1.17338,1.1734499999999999,1.17312,1.17324
2026-04-27 10:18:00,1.17324,1.17325,1.17297,1.17306
2026-04-27 10:21:00,1.17306,1.17324,1.17287,1.17321
2026-04-27 10:24:00,1.1732,1.17339,1.17312,1.17324
2026-04-27 10:27:00,1.17324,1.17325,1.17296,1.17302
2026-04-27 10:30:00,1.17304,1.17318,1.17287,1.17317
2026-04-27 10:33:00,1.17317,1.17329,1.17307,1.17314
2026-04-27 10:36:00,1.17314,1.17327,1.17287,1.17324
2026-04-27 10:39:00,1.17324,1.1734,1.17319,1.17334
2026-04-27 10:42:00,1.17334,1.17336,1.17324,1.17329
2026-04-27 10:45:00,1.17328,1.17347,1.17318,1.17343
2026-04-27 10:48:00,1.17343,1.1736,1.17334,1.17348
2026-04-27 10:51:00,1.17355,1.17415,1.17355,1.17407
2026-04-27 10:54:00,1.1740599999999999,1.1741,1.17384,1.17401
2026-04-27 10:57:00,1.17401,1.1745,1.17395,1.17439
2026-04-27 11:00:00,1.17438,1.17464,1.17399,1.17413
2026-04-27 11:03:00,1.17413,1.17428,1.17395,1.17419
2026-04-27 11:06:00,1.17419,1.17464,1.17409,1.17462
2026-04-27 11:09:00,1.17462,1.17475,1.17443,1.17458
2026-04-27 11:12:00,1.17458,1.17465,1.17428,1.17435
2026-04-27 11:15:00,1.17435,1.17447,1.17408,1.17417
2026-04-27 11:18:00,1.17417,1.17418,1.17387,1.17405
2026-04-27 11:21:00,1.17405,1.1743000000000001,1.17398,1.1743000000000001
2026-04-27 11:24:00,1.1743000000000001,1.1746,1.17428,1.17437
2026-04-27 11:27:00,1.17437,1.17451,1.17418,1.17431
2026-04-27 11:30:00,1.17436,1.17442,1.17405,1.17417
2026-04-27 11:33:00,1.17417,1.17422,1.174,1.17417
2026-04-27 11:36:00,1.17417,1.1742,1.17388,1.17392
2026-04-27 11:39:00,1.17398,1.17435,1.17391,1.17434
2026-04-27 11:42:00,1.17434,1.1745700000000001,1.17425,1.17453
2026-04-27 11:45:00,1.17453,1.17481,1.17446,1.17474
2026-04-27 11:48:00,1.17474,1.17483,1.17465,1.17479
2026-04-27 11:51:00,1.17479,1.17494,1.17469,1.17477
2026-04-27 11:54:00,1.17475,1.17508,1.17475,1.17497
2026-04-27 11:57:00,1.17498,1.17502,1.17469,1.17484
2026-04-27 12:00:00,1.17484,1.17503,1.1748,1.17499
2026-04-27 12:03:00,1.17499,1.17499,1.17469,1.17488
2026-04-27 12:06:00,1.17487,1.17498,1.1746699999999999,1.1749100000000001
2026-04-27 12:09:00,1.1749100000000001,1.17508,1.17474,1.17502
2026-04-27 12:12:00,1.17502,1.17502,1.17485,1.17494
2026-04-27 12:15:00,1.17494,1.17496,1.1746699999999999,1.17469
2026-04-27 12:18:00,1.17469,1.17478,1.17447,1.17447
2026-04-27 12:21:00,1.17446,1.1746,1.17439,1.17449
2026-04-27 12:24:00,1.17447,1.17463,1.17435,1.17449
2026-04-27 12:27:00,1.17449,1.17462,1.1743999999999999,1.17441
2026-04-27 12:30:00,1.17441,1.1746,1.1743000000000001,1.17453
2026-04-27 12:33:00,1.17453,1.17459,1.17437,1.17445
2026-04-27 12:36:00,1.17445,1.17449,1.1743000000000001,1.17431
2026-04-27 12:39:00,1.17431,1.17443,1.17424,1.17436
2026-04-27 12:42:00,1.17436,1.17448,1.17433,1.17433
2026-04-27 12:45:00,1.17433,1.17458,1.17427,1.17439
2026-04-27 12:48:00,1.17439,1.17439,1.17403,1.17412
2026-04-27 12:51:00,1.17412,1.17434,1.17409,1.17433
2026-04-27 12:54:00,1.17433,1.17438,1.17415,1.17426
2026-04-27 12:57:00,1.17426,1.17428,1.1741,1.17422
2026-04-27 13:00:00,1.17422,1.17437,1.17405,1.17432
2026-04-27 13:03:00,1.17431,1.17437,1.17418,1.1742
2026-04-27 13:06:00,1.1742,1.17441,1.17415,1.1742
2026-04-27 13:09:00,1.1742,1.17423,1.17402,1.17402
2026-04-27 13:12:00,1.17412,1.17417,1.17393,1.1739600000000001
2026-04-27 13:15:00,1.17395,1.17405,1.17383,1.17393
2026-04-27 13:18:00,1.17393,1.17407,1.17386,1.17397
2026-04-27 13:21:00,1.17397,1.17415,1.17394,1.1741
2026-04-27 13:24:00,1.17411,1.17417,1.1739,1.174
2026-04-27 13:27:00,1.174,1.17424,1.17398,1.17423
2026-04-27 13:30:00,1.17423,1.17428,1.17405,1.17425
2026-04-27 13:33:00,1.17425,1.17425,1.17403,1.17412
2026-04-27 13:36:00,1.17412,1.1743999999999999,1.17405,1.17438
2026-04-27 13:39:00,1.17438,1.1743999999999999,1.17421,1.17438
2026-04-27 13:42:00,1.17438,1.17443,1.17427,1.1743000000000001
2026-04-27 13:45:00,1.1743000000000001,1.17443,1.17414,1.1743999999999999
2026-04-27 13:48:00,1.1743999999999999,1.17456,1.17436,1.17445
2026-04-27 13:51:00,1.17445,1.1747,1.17442,1.17463
2026-04-27 13:54:00,1.17463,1.1747,1.1745,1.17464
2026-04-27 13:57:00,1.17463,1.17477,1.1745,1.17459
2026-04-27 14:00:00,1.17459,1.1747,1.17441,1.17452
2026-04-27 14:03:00,1.17452,1.17454,1.17428,1.17445
2026-04-27 14:06:00,1.17445,1.17456,1.17433,1.17454
2026-04-27 14:09:00,1.17454,1.17454,1.174,1.17404
2026-04-27 14:12:00,1.17399,1.17415,1.17395,1.17408
2026-04-27 14:15:00,1.17408,1.17418,1.17393,1.17401
2026-04-27 14:18:00,1.17401,1.17425,1.1739600000000001,1.17422
2026-04-27 14:21:00,1.17422,1.17447,1.17418,1.17442
2026-04-27 14:24:00,1.17442,1.17448,1.17416,1.17438
2026-04-27 14:27:00,1.17438,1.17445,1.1742,1.17437
2026-04-27 14:30:00,1.17437,1.17442,1.17423,1.17438
2026-04-27 14:33:00,1.17438,1.17439,1.17411,1.17416
2026-04-27 14:36:00,1.17416,1.17418,1.1739,1.17407
2026-04-27 14:39:00,1.17407,1.17413,1.17379,1.17391
2026-04-27 14:42:00,1.17391,1.1741,1.17387,1.17404
2026-04-27 14:45:00,1.17404,1.17417,1.17393,1.17398
2026-04-27 14:48:00,1.17405,1.17414,1.17389,1.17408
2026-04-27 14:51:00,1.17408,1.17408,1.17373,1.17379
2026-04-27 14:54:00,1.17379,1.17397,1.1736900000000001,1.17397
2026-04-27 14:57:00,1.17397,1.17414,1.17384,1.17412
2026-04-27 15:00:00,1.17412,1.17442,1.17401,1.17434
2026-04-27 15:03:00,1.17434,1.1746699999999999,1.17423,1.17465
2026-04-27 15:06:00,1.17465,1.17484,1.17453,1.17474
2026-04-27 15:09:00,1.17473,1.17505,1.1747,1.17504
2026-04-27 15:12:00,1.17504,1.17517,1.17494,1.17514
2026-04-27 15:15:00,1.17514,1.17547,1.17505,1.1754
2026-04-27 15:18:00,1.1754,1.17549,1.17503,1.17505
2026-04-27 15:21:00,1.17506,1.17512,1.17472,1.17481
2026-04-27 15:24:00,1.17481,1.17492,1.1746699999999999,1.1748
2026-04-27 15:27:00,1.1748,1.17493,1.17464,1.17493
2026-04-27 15:30:00,1.17492,1.17494,1.17469,1.17485
2026-04-27 15:33:00,1.17484,1.17497,1.17479,1.17487
2026-04-27 15:36:00,1.17487,1.17487,1.17452,1.17461
2026-04-27 15:39:00,1.17458,1.17478,1.17447,1.17462
2026-04-27 15:42:00,1.17462,1.17482,1.17461,1.17479
2026-04-27 15:45:00,1.17479,1.17492,1.17454,1.17481
2026-04-27 15:48:00,1.17482,1.17502,1.17477,1.17492
2026-04-27 15:51:00,1.17492,1.17499,1.17478,1.17486
2026-04-27 15:54:00,1.17486,1.17498,1.17459,1.17472
2026-04-27 15:57:00,1.17472,1.17485,1.17428,1.17443
2026-04-27 16:00:00,1.17447,1.17469,1.17426,1.17469
2026-04-27 16:03:00,1.17469,1.17495,1.17444,1.17476
2026-04-27 16:06:00,1.17476,1.17514,1.1747,1.17486
2026-04-27 16:09:00,1.17486,1.1753,1.17477,1.17499
2026-04-27 16:12:00,1.17499,1.17512,1.17483,1.17494
2026-04-27 16:15:00,1.17495,1.17539,1.17488,1.17519
2026-04-27 16:18:00,1.17523,1.17532,1.17508,1.1752
2026-04-27 16:21:00,1.1752,1.17529,1.17494,1.17504
2026-04-27 16:24:00,1.17504,1.1752,1.17504,1.17515
2026-04-27 16:27:00,1.17515,1.17517,1.17487,1.17488
2026-04-27 16:30:00,1.1749,1.17494,1.17471,1.17488
2026-04-27 16:33:00,1.17488,1.17495,1.17462,1.17484
2026-04-27 16:36:00,1.17484,1.17493,1.17465,1.17486
2026-04-27 16:39:00,1.17487,1.17488,1.17461,1.17468
2026-04-27 16:42:00,1.17468,1.17468,1.17425,1.17434
2026-04-27 16:45:00,1.17434,1.17438,1.1739600000000001,1.1740599999999999
2026-04-27 16:48:00,1.1740599999999999,1.17418,1.17379,1.17401
2026-04-27 16:51:00,1.17407,1.17407,1.17384,1.1739600000000001
2026-04-27 16:54:00,1.1739600000000001,1.1739600000000001,1.17368,1.17378
2026-04-27 16:57:00,1.17378,1.17402,1.17349,1.17399
2026-04-27 17:00:00,1.17399,1.17399,1.17355,1.1739
2026-04-27 17:03:00,1.1739,1.17409,1.17375,1.17397
2026-04-27 17:06:00,1.17397,1.17419,1.1738,1.17391
2026-04-27 17:09:00,1.17391,1.17403,1.17368,1.17395
2026-04-27 17:12:00,1.17395,1.17404,1.17374,1.17379
2026-04-27 17:15:00,1.17379,1.17401,1.17367,1.17395
2026-04-27 17:18:00,1.17395,1.17413,1.17382,1.17408
2026-04-27 17:21:00,1.17408,1.17418,1.17398,1.174
2026-04-27 17:24:00,1.174,1.17405,1.17378,1.17384
2026-04-27 17:27:00,1.17384,1.17393,1.17371,1.17383
2026-04-27 17:30:00,1.17384,1.17391,1.1736900000000001,1.17379
2026-04-27 17:33:00,1.17379,1.17438,1.1736900000000001,1.17425
2026-04-27 17:36:00,1.17434,1.17451,1.1741,1.17426
2026-04-27 17:39:00,1.17426,1.17431,1.17405,1.17419
2026-04-27 17:42:00,1.17419,1.17454,1.1740599999999999,1.1743999999999999
2026-04-27 17:45:00,1.1743999999999999,1.17453,1.1743000000000001,1.17452
2026-04-27 17:48:00,1.17443,1.17481,1.17436,1.17455
2026-04-27 17:51:00,1.17455,1.17459,1.17383,1.1739
2026-04-27 17:54:00,1.1739,1.17399,1.17329,1.17364
2026-04-27 17:57:00,1.17364,1.17378,1.17336,1.17359
2026-04-27 18:00:00,1.1736,1.17367,1.17331,1.17333
2026-04-27 18:03:00,1.17333,1.17344,1.17306,1.17342
2026-04-27 18:06:00,1.17342,1.17353,1.17331,1.17342
2026-04-27 18:09:00,1.17342,1.17351,1.17321,1.17338
2026-04-27 18:12:00,1.17337,1.17339,1.17318,1.17331
2026-04-27 18:15:00,1.17332,1.17365,1.17331,1.17364
2026-04-27 18:18:00,1.17364,1.17367,1.17346,1.17353
2026-04-27 18:21:00,1.17354,1.17355,1.17294,1.17318
2026-04-27 18:24:00,1.17318,1.17332,1.17294,1.17329
2026-04-27 18:27:00,1.17329,1.17336,1.17309,1.1733500000000001
2026-04-27 18:30:00,1.1733500000000001,1.17352,1.17324,1.17332
2026-04-27 18:33:00,1.17333,1.17338,1.17314,1.17329
2026-04-27 18:36:00,1.17329,1.17331,1.17306,1.17329
2026-04-27 18:39:00,1.17329,1.1734499999999999,1.17318,1.17334
2026-04-27 18:42:00,1.17334,1.17355,1.1733,1.1734
2026-04-27 18:45:00,1.1734,1.1734499999999999,1.17321,1.17321
2026-04-27 18:48:00,1.17321,1.17323,1.17297,1.17311
2026-04-27 18:51:00,1.17311,1.17326,1.17303,1.17324
2026-04-27 18:54:00,1.17324,1.17329,1.17296,1.17299
2026-04-27 18:57:00,1.17299,1.17313,1.17286,1.17306
2026-04-27 19:00:00,1.17306,1.17314,1.17294,1.1731
2026-04-27 19:03:00,1.1731,1.17325,1.1731,1.17322
2026-04-27 19:06:00,1.17323,1.17338,1.17322,1.17332
2026-04-27 19:09:00,1.17331,1.17332,1.17285,1.173
2026-04-27 19:12:00,1.17302,1.17311,1.17287,1.17303
2026-04-27 19:15:00,1.17303,1.17324,1.17295,1.17323
2026-04-27 19:18:00,1.17323,1.17324,1.17297,1.173
2026-04-27 19:21:00,1.173,1.17303,1.17276,1.17282
2026-04-27 19:24:00,1.17282,1.17313,1.17268,1.17302
2026-04-27 19:27:00,1.17307,1.17312,1.17281,1.17289
2026-04-27 19:30:00,1.17289,1.17303,1.1727400000000001,1.17302
2026-04-27 19:33:00,1.17302,1.17304,1.17286,1.17298
2026-04-27 19:36:00,1.17298,1.17303,1.17279,1.17299
2026-04-27 19:39:00,1.17299,1.17302,1.17289,1.17296
2026-04-27 19:42:00,1.17296,1.17299,1.17285,1.1729
2026-04-27 19:45:00,1.1729,1.17322,1.17289,1.17312
2026-04-27 19:48:00,1.17312,1.17313,1.1727,1.1729
2026-04-27 19:51:00,1.1729,1.17297,1.17273,1.17277
2026-04-27 19:54:00,1.17277,1.17277,1.17242,1.17276
2026-04-27 19:57:00,1.17277,1.17292,1.17257,1.1726
2026-04-27 20:00:00,1.1726,1.17271,1.17242,1.1724700000000001
2026-04-27 20:03:00,1.17254,1.17254,1.1721300000000001,1.1723
2026-04-27 20:06:00,1.1723,1.17244,1.17222,1.17238
2026-04-27 20:09:00,1.17239,1.17244,1.1722,1.17222
2026-04-27 20:12:00,1.17221,1.17249,1.1722,1.17246
2026-04-27 20:15:00,1.17246,1.17252,1.17217,1.17218
2026-04-27 20:18:00,1.17218,1.17222,1.17195,1.17204
2026-04-27 20:21:00,1.17204,1.1724700000000001,1.17194,1.1722299999999999
2026-04-27 20:24:00,1.1722299999999999,1.1723,1.1721300000000001,1.1723
2026-04-27 20:27:00,1.17229,1.17231,1.17214,1.17226
2026-04-27 20:30:00,1.17226,1.17268,1.17225,1.17268
2026-04-27 20:33:00,1.17268,1.1729,1.1726,1.1729
2026-04-27 20:36:00,1.1729,1.17299,1.17279,1.17281
2026-04-27 20:39:00,1.17281,1.17282,1.17253,1.17262
2026-04-27 20:42:00,1.17262,1.17265,1.17244,1.17258
2026-04-27 20:45:00,1.17258,1.17259,1.17229,1.17235
2026-04-27 20:48:00,1.17235,1.17243,1.17224,1.17233
2026-04-27 20:51:00,1.17232,1.17233,1.1722,1.17227
2026-04-27 20:54:00,1.17228,1.17238,1.17217,1.17231
2026-04-27 20:57:00,1.17231,1.17239,1.1722,1.17231
2026-04-27 21:00:00,1.17231,1.17235,1.17216,1.17225
2026-04-27 21:03:00,1.17225,1.17232,1.17204,1.17218
2026-04-27 21:06:00,1.17218,1.1722299999999999,1.17205,1.17215
2026-04-27 21:09:00,1.17215,1.17235,1.17209,1.17234
2026-04-27 21:12:00,1.17234,1.17235,1.17227,1.17233
2026-04-27 21:15:00,1.17233,1.1724700000000001,1.17224,1.17243
2026-04-27 21:18:00,1.17242,1.17244,1.17229,1.17241
2026-04-27 21:21:00,1.17241,1.17242,1.17224,1.17228
2026-04-27 21:24:00,1.17228,1.17233,1.17216,1.17232
2026-04-27 21:27:00,1.17233,1.17238,1.17218,1.17225
2026-04-27 21:30:00,1.17225,1.17229,1.1721300000000001,1.1722
2026-04-27 21:33:00,1.17219,1.17221,1.17205,1.17208
2026-04-27 21:36:00,1.17215,1.17226,1.17212,1.17224
2026-04-27 21:39:00,1.17224,1.17227,1.17209,1.17221
2026-04-27 21:42:00,1.17221,1.17235,1.17221,1.17221
2026-04-27 21:45:00,1.17221,1.17231,1.17209,1.1723
2026-04-27 21:48:00,1.1723,1.17233,1.17214,1.17224
2026-04-27 21:51:00,1.17224,1.17224,1.17195,1.17204
2026-04-27 21:54:00,1.17204,1.17204,1.17184,1.17192
2026-04-27 21:57:00,1.17192,1.17201,1.17183,1.17199
2026-04-27 22:00:00,1.17199,1.17208,1.1719,1.17191
2026-04-27 22:03:00,1.17191,1.17205,1.1719,1.17203
2026-04-27 22:06:00,1.17201,1.17204,1.1719,1.17197
2026-04-27 22:09:00,1.17197,1.1721,1.17196,1.1721
2026-04-27 22:12:00,1.1721,1.17226,1.17206,1.17224
2026-04-27 22:15:00,1.17224,1.17231,1.17209,1.17228
2026-04-27 22:18:00,1.17229,1.17243,1.17225,1.1724
2026-04-27 22:21:00,1.1724,1.17246,1.17229,1.17246
2026-04-27 22:24:00,1.17246,1.17251,1.1724,1.17248
2026-04-27 22:27:00,1.17248,1.17253,1.17245,1.17248
2026-04-27 22:30:00,1.17248,1.1724999999999999,1.1724,1.1724700000000001
2026-04-27 22:33:00,1.17248,1.17248,1.17227,1.17232
2026-04-27 22:36:00,1.17232,1.17234,1.17221,1.17233
2026-04-27 22:39:00,1.17233,1.17241,1.17232,1.17236
2026-04-27 22:42:00,1.17236,1.17242,1.17233,1.17241
2026-04-27 22:45:00,1.17241,1.17258,1.17214,1.17221
2026-04-27 22:48:00,1.17221,1.17224,1.17216,1.1722299999999999
2026-04-27 22:51:00,1.1722299999999999,1.1723,1.17216,1.17229
2026-04-27 22:54:00,1.17229,1.17229,1.17204,1.17207
2026-04-27 22:57:00,1.17207,1.17214,1.17196,1.17204
2026-04-27 23:00:00,1.17204,1.17224,1.17199,1.17219
2026-04-27 23:03:00,1.17219,1.17229,1.17215,1.1722
2026-04-27 23:06:00,1.1722,1.17225,1.17212,1.1721300000000001
2026-04-27 23:09:00,1.1721300000000001,1.1721300000000001,1.17202,1.17212
2026-04-27 23:12:00,1.17212,1.17215,1.17209,1.17214
2026-04-27 23:15:00,1.17214,1.17216,1.17209,1.17211
2026-04-27 23:18:00,1.17211,1.1722299999999999,1.17211,1.17222
2026-04-27 23:21:00,1.17222,1.17222,1.17214,1.17215
2026-04-27 23:24:00,1.17215,1.17215,1.17208,1.17212
2026-04-27 23:27:00,1.17212,1.17217,1.17199,1.17209
2026-04-27 23:30:00,1.1721,1.1723,1.1721,1.17218
2026-04-27 23:33:00,1.17218,1.1722,1.17214,1.17214
2026-04-27 23:36:00,1.17214,1.17215,1.17208,1.17214
2026-04-27 23:39:00,1.17214,1.17228,1.17214,1.1722299999999999
2026-04-27 23:42:00,1.1722299999999999,1.17231,1.17222,1.17231
2026-04-27 23:45:00,1.17231,1.17231,1.17222,1.17224
2026-04-27 23:48:00,1.17224,1.17226,1.1722,1.17224
2026-04-27 23:51:00,1.17224,1.17226,1.1722299999999999,1.1722299999999999
2026-04-27 23:54:00,1.1722299999999999,1.1722299999999999,1.17207,1.17208
2026-04-27 23:57:00,1.17208,1.17215,1.17194,1.17203
2026-04-28 00:00:00,1.17204,1.17243,1.17204,1.17225
2026-04-28 00:03:00,1.17225,1.17234,1.17197,1.17207
2026-04-28 00:06:00,1.17207,1.17209,1.17197,1.17197
2026-04-28 00:09:00,1.17197,1.17211,1.17193,1.17209
2026-04-28 00:12:00,1.17209,1.17209,1.17209,1.17209
2026-04-28 00:15:00,1.17209,1.17209,1.17193,1.17203
2026-04-28 00:18:00,1.17203,1.17216,1.17195,1.17206
2026-04-28 00:21:00,1.17206,1.17207,1.17206,1.17207
2026-04-28 00:24:00,1.17207,1.17216,1.17206,1.17206
2026-04-28 00:27:00,1.17206,1.17216,1.17206,1.17208
2026-04-28 00:30:00,1.17208,1.17217,1.17197,1.1721
2026-04-28 00:33:00,1.1721,1.1721300000000001,1.1721,1.1721
2026-04-28 00:36:00,1.1721,1.17214,1.17207,1.1721
2026-04-28 00:39:00,1.1721,1.17216,1.172,1.17207
2026-04-28 00:42:00,1.17207,1.17218,1.17201,1.17207
2026-04-28 00:45:00,1.17207,1.17214,1.17194,1.17194
2026-04-28 00:48:00,1.17194,1.17212,1.17191,1.17209
2026-04-28 00:51:00,1.17209,1.1721,1.17208,1.17208
2026-04-28 00:54:00,1.17208,1.1721300000000001,1.17188,1.17207
2026-04-28 00:57:00,1.17207,1.1721300000000001,1.17196,1.17209
2026-04-28 01:00:00,1.17209,1.17221,1.17204,1.1721300000000001
2026-04-28 01:03:00,1.1721300000000001,1.17224,1.17192,1.17215
2026-04-28 01:06:00,1.17215,1.17222,1.1721,1.17215
2026-04-28 01:09:00,1.17211,1.17221,1.17205,1.17219
2026-04-28 01:12:00,1.17219,1.17225,1.17207,1.17221
2026-04-28 01:15:00,1.17221,1.17224,1.17212,1.17214
2026-04-28 01:18:00,1.17214,1.17218,1.17208,1.17212
2026-04-28 01:21:00,1.17212,1.17216,1.17209,1.17214
2026-04-28 01:24:00,1.17214,1.17218,1.172,1.1721300000000001
2026-04-28 01:27:00,1.1721300000000001,1.17219,1.17212,1.17219
2026-04-28 01:30:00,1.17219,1.17228,1.17218,1.17227
2026-04-28 01:33:00,1.17227,1.17228,1.17225,1.17226
2026-04-28 01:36:00,1.17226,1.17229,1.17222,1.17225
2026-04-28 01:39:00,1.17225,1.17225,1.17219,1.1722
2026-04-28 01:42:00,1.1722,1.17225,1.17217,1.17222
2026-04-28 01:45:00,1.17222,1.1722299999999999,1.17216,1.17216
2026-04-28 01:48:00,1.17216,1.17225,1.17215,1.17224
2026-04-28 01:51:00,1.17224,1.17224,1.17219,1.17224
2026-04-28 01:54:00,1.1722299999999999,1.17231,1.17217,1.17228
2026-04-28 01:57:00,1.17228,1.17228,1.1722,1.17221
2026-04-28 02:00:00,1.17221,1.17224,1.17217,1.17224
2026-04-28 02:03:00,1.1722299999999999,1.17229,1.17219,1.17228
2026-04-28 02:06:00,1.17228,1.17228,1.17222,1.17224
2026-04-28 02:09:00,1.17224,1.17228,1.17221,1.17222
2026-04-28 02:12:00,1.17222,1.17228,1.17214,1.17224
2026-04-28 02:15:00,1.17224,1.17229,1.17224,1.17227
2026-04-28 02:18:00,1.17225,1.17228,1.17212,1.1722
2026-04-28 02:21:00,1.1722,1.1723,1.17219,1.17229
2026-04-28 02:24:00,1.17229,1.17229,1.17199,1.1721300000000001
2026-04-28 02:27:00,1.1721300000000001,1.17219,1.1721300000000001,1.17218
2026-04-28 02:30:00,1.17218,1.17219,1.17211,1.17214
2026-04-28 02:33:00,1.17214,1.17219,1.1721,1.17216
2026-04-28 02:36:00,1.17216,1.1722,1.17212,1.17219
2026-04-28 02:39:00,1.17219,1.17219,1.17211,1.17211
2026-04-28 02:42:00,1.17211,1.17222,1.1721,1.17222
2026-04-28 02:45:00,1.17222,1.17228,1.17218,1.17219
2026-04-28 02:48:00,1.17218,1.17219,1.17217,1.17217
2026-04-28 02:51:00,1.17217,1.17226,1.17216,1.17226
2026-04-28 02:54:00,1.17226,1.17226,1.17218,1.17219
2026-04-28 02:57:00,1.17219,1.17229,1.17211,1.17229
2026-04-28 03:00:00,1.1723,1.17244,1.17224,1.17243
2026-04-28 03:03:00,1.17243,1.17246,1.17232,1.17244
2026-04-28 03:06:00,1.17244,1.17261,1.17239,1.17259
2026-04-28 03:09:00,1.17259,1.17267,1.1724700000000001,1.17267
2026-04-28 03:12:00,1.17267,1.17269,1.17234,1.17237
2026-04-28 03:15:00,1.17236,1.17241,1.17224,1.17224
2026-04-28 03:18:00,1.17224,1.1724,1.17224,1.1723
2026-04-28 03:21:00,1.1723,1.17242,1.17224,1.17237
2026-04-28 03:24:00,1.17237,1.17241,1.17222,1.17224
2026-04-28 03:27:00,1.17224,1.17224,1.17176,1.172
2026-04-28 03:30:00,1.172,1.17201,1.17185,1.17201
2026-04-28 03:33:00,1.17201,1.17202,1.17183,1.17195
2026-04-28 03:36:00,1.17195,1.17207,1.1718,1.17207
2026-04-28 03:39:00,1.17207,1.1722,1.17199,1.17216
2026-04-28 03:42:00,1.17216,1.17216,1.17198,1.17205
2026-04-28 03:45:00,1.17205,1.17211,1.17191,1.1721
2026-04-28 03:48:00,1.1721,1.17218,1.17207,1.17209
2026-04-28 03:51:00,1.1721,1.17211,1.17184,1.17188
2026-04-28 03:54:00,1.17188,1.17191,1.17157,1.17185
2026-04-28 03:57:00,1.17185,1.17196,1.17175,1.17188
2026-04-28 04:00:00,1.17187,1.17187,1.17135,1.17145
2026-04-28 04:03:00,1.17145,1.17159,1.17141,1.17156
2026-04-28 04:06:00,1.17156,1.17156,1.17141,1.17141
2026-04-28 04:09:00,1.17141,1.17154,1.17135,1.17153
2026-04-28 04:12:00,1.17153,1.17155,1.17139,1.1715
2026-04-28 04:15:00,1.1715,1.17151,1.17134,1.17142
2026-04-28 04:18:00,1.17142,1.17155,1.17138,1.17146
2026-04-28 04:21:00,1.17146,1.17157,1.17144,1.17145
2026-04-28 04:24:00,1.17145,1.1716,1.17143,1.17159
2026-04-28 04:27:00,1.17159,1.17167,1.17154,1.17161
2026-04-28 04:30:00,1.1716199999999999,1.17165,1.17151,1.17161
2026-04-28 04:33:00,1.17161,1.17175,1.1716,1.17174
2026-04-28 04:36:00,1.17174,1.17181,1.17164,1.17175
2026-04-28 04:39:00,1.17175,1.17183,1.17165,1.17174
2026-04-28 04:42:00,1.17174,1.17174,1.1715,1.1715
2026-04-28 04:45:00,1.1715,1.1716,1.17146,1.1715
2026-04-28 04:48:00,1.1715,1.1715,1.17124,1.17138
2026-04-28 04:51:00,1.17138,1.17141,1.1713,1.17131
2026-04-28 04:54:00,1.17131,1.17136,1.17123,1.17131
2026-04-28 04:57:00,1.17131,1.17132,1.17112,1.17127
2026-04-28 05:00:00,1.17127,1.17132,1.1712,1.17124
2026-04-28 05:03:00,1.1712500000000001,1.17135,1.17117,1.17133
2026-04-28 05:06:00,1.17133,1.17133,1.17113,1.17122
2026-04-28 05:09:00,1.17122,1.17122,1.17106,1.1712
2026-04-28 05:12:00,1.1712,1.1712500000000001,1.17112,1.17123
2026-04-28 05:15:00,1.17124,1.1712500000000001,1.17115,1.17124
2026-04-28 05:18:00,1.17124,1.1713,1.1712,1.1712500000000001
2026-04-28 05:21:00,1.1712500000000001,1.17129,1.17115,1.17124
2026-04-28 05:24:00,1.17124,1.1713,1.17111,1.1712
2026-04-28 05:27:00,1.1712,1.17129,1.17117,1.1712500000000001
2026-04-28 05:30:00,1.1712500000000001,1.17127,1.17118,1.17127
2026-04-28 05:33:00,1.17127,1.1712799999999999,1.17111,1.17114
2026-04-28 05:36:00,1.17114,1.17119,1.171,1.17112
2026-04-28 05:39:00,1.17112,1.17112,1.17098,1.17106
2026-04-28 05:42:00,1.17106,1.17111,1.1709100000000001,1.17104
2026-04-28 05:45:00,1.17104,1.17105,1.17088,1.17105
2026-04-28 05:48:00,1.17105,1.17107,1.17097,1.17103
2026-04-28 05:51:00,1.17103,1.17108,1.171,1.17105
2026-04-28 05:54:00,1.17105,1.17105,1.1709100000000001,1.17092
2026-04-28 05:57:00,1.17092,1.17092,1.17076,1.17081
2026-04-28 06:00:00,1.17081,1.17085,1.17079,1.17085
2026-04-28 06:03:00,1.17085,1.17118,1.17076,1.17106
2026-04-28 06:06:00,1.17106,1.1714,1.17096,1.1713
2026-04-28 06:09:00,1.17131,1.17135,1.17113,1.1712500000000001
2026-04-28 06:12:00,1.1712500000000001,1.17133,1.17121,1.1713
2026-04-28 06:15:00,1.1713,1.17136,1.1712500000000001,1.17127
2026-04-28 06:18:00,1.17127,1.17149,1.17127,1.17145
2026-04-28 06:21:00,1.17145,1.17153,1.17137,1.17142
2026-04-28 06:24:00,1.17142,1.17156,1.17135,1.1715
2026-04-28 06:27:00,1.1715,1.17172,1.1715,1.17168
2026-04-28 06:30:00,1.17168,1.17178,1.1715200000000001,1.17155
2026-04-28 06:33:00,1.17155,1.17168,1.17153,1.17161
2026-04-28 06:36:00,1.17161,1.17165,1.17147,1.17151
2026-04-28 06:39:00,1.17151,1.17155,1.17127,1.17132
2026-04-28 06:42:00,1.17132,1.17147,1.17129,1.17136
2026-04-28 06:45:00,1.17136,1.17139,1.17127,1.17135
2026-04-28 06:48:00,1.17135,1.17141,1.17118,1.1713
2026-04-28 06:51:00,1.1713,1.1713,1.17112,1.17127
2026-04-28 06:54:00,1.17127,1.17145,1.1712500000000001,1.17144
2026-04-28 06:57:00,1.17144,1.17145,1.1712799999999999,1.17133
2026-04-28 07:00:00,1.17133,1.17135,1.17114,1.17124
2026-04-28 07:03:00,1.17124,1.1712500000000001,1.1711,1.17119
2026-04-28 07:06:00,1.17119,1.1712500000000001,1.17105,1.17112
2026-04-28 07:09:00,1.17119,1.17133,1.17109,1.17131
2026-04-28 07:12:00,1.17131,1.17135,1.1712,1.17134
2026-04-28 07:15:00,1.17134,1.17141,1.1713,1.17134
2026-04-28 07:18:00,1.17134,1.1714,1.17133,1.17135
2026-04-28 07:21:00,1.17135,1.1714,1.1712500000000001,1.17139
2026-04-28 07:24:00,1.17139,1.17144,1.17124,1.17133
2026-04-28 07:27:00,1.17133,1.17141,1.17122,1.1714
2026-04-28 07:30:00,1.17139,1.17145,1.17133,1.17139
2026-04-28 07:33:00,1.17139,1.17151,1.17137,1.17144
2026-04-28 07:36:00,1.17144,1.17157,1.17139,1.17156
2026-04-28 07:39:00,1.1715,1.1716199999999999,1.17148,1.17155
2026-04-28 07:42:00,1.17155,1.17161,1.17149,1.1716
2026-04-28 07:45:00,1.1716,1.17163,1.17148,1.17154
2026-04-28 07:48:00,1.17154,1.17155,1.17139,1.17153
2026-04-28 07:51:00,1.17153,1.17155,1.17142,1.17143
2026-04-28 07:54:00,1.17142,1.17144,1.17119,1.17119
2026-04-28 07:57:00,1.17119,1.1712500000000001,1.17116,1.17124
2026-04-28 08:00:00,1.17124,1.17132,1.17117,1.17132
2026-04-28 08:03:00,1.17132,1.17132,1.17121,1.1712500000000001
2026-04-28 08:06:00,1.1712500000000001,1.1712500000000001,1.17088,1.17106
2026-04-28 08:09:00,1.17106,1.17114,1.17092,1.17104
2026-04-28 08:12:00,1.17104,1.17106,1.17086,1.17105
2026-04-28 08:15:00,1.17105,1.17108,1.17097,1.17099
2026-04-28 08:18:00,1.17099,1.17112,1.17099,1.1711
2026-04-28 08:21:00,1.1711,1.17127,1.1710099999999999,1.17127
2026-04-28 08:24:00,1.17127,1.17129,1.17115,1.1712
2026-04-28 08:27:00,1.1712,1.1712799999999999,1.17117,1.17127
2026-04-28 08:30:00,1.17126,1.17127,1.17105,1.17116
2026-04-28 08:33:00,1.17116,1.17126,1.1710099999999999,1.1710099999999999
2026-04-28 08:36:00,1.1710099999999999,1.1710099999999999,1.17071,1.17077
2026-04-28 08:39:00,1.17077,1.17086,1.17073,1.17077
2026-04-28 08:42:00,1.17077,1.17082,1.17064,1.17069
2026-04-28 08:45:00,1.17078,1.17092,1.1707,1.17089
2026-04-28 08:48:00,1.17089,1.1709,1.17076,1.17083
2026-04-28 08:51:00,1.17083,1.17087,1.17075,1.17079
2026-04-28 08:54:00,1.17078,1.17083,1.17065,1.17075
2026-04-28 08:57:00,1.17075,1.17079,1.17047,1.17059
2026-04-28 09:00:00,1.17057,1.17057,1.17011,1.17029
2026-04-28 09:03:00,1.17029,1.1706,1.17026,1.17058
2026-04-28 09:06:00,1.17058,1.17078,1.17055,1.17077
2026-04-28 09:09:00,1.17077,1.1708,1.17047,1.17062
2026-04-28 09:12:00,1.17062,1.17063,1.17031,1.1705
2026-04-28 09:15:00,1.1705,1.17055,1.1702,1.17025
2026-04-28 09:18:00,1.17025,1.17034,1.17007,1.1702
2026-04-28 09:21:00,1.1702,1.17026,1.17011,1.17023
2026-04-28 09:24:00,1.17023,1.17036,1.17007,1.17033
2026-04-28 09:27:00,1.17034,1.17045,1.17023,1.17039
2026-04-28 09:30:00,1.17039,1.17045,1.17025,1.17031
2026-04-28 09:33:00,1.17031,1.17031,1.1700599999999999,1.17011
2026-04-28 09:36:00,1.17011,1.17016,1.1698,1.17002
2026-04-28 09:39:00,1.17002,1.17023,1.16998,1.17013
2026-04-28 09:42:00,1.17013,1.17031,1.16999,1.17
2026-04-28 09:45:00,1.17,1.17009,1.16928,1.1694
2026-04-28 09:48:00,1.1694,1.16941,1.1691,1.16939
2026-04-28 09:51:00,1.16939,1.16944,1.16914,1.16924
2026-04-28 09:54:00,1.16924,1.16926,1.16894,1.16911
2026-04-28 09:57:00,1.16911,1.16911,1.16859,1.16875
2026-04-28 10:00:00,1.16875,1.16899,1.16853,1.16898
2026-04-28 10:03:00,1.16898,1.16901,1.16867,1.16891
2026-04-28 10:06:00,1.16891,1.16917,1.1689,1.16915
2026-04-28 10:09:00,1.16916,1.16942,1.16905,1.16942
2026-04-28 10:12:00,1.16941,1.16943,1.16916,1.16933
2026-04-28 10:15:00,1.16934,1.16972,1.16928,1.16972
2026-04-28 10:18:00,1.16971,1.16999,1.1696900000000001,1.16997
2026-04-28 10:21:00,1.16997,1.17001,1.16981,1.16993
2026-04-28 10:24:00,1.16993,1.17007,1.16957,1.16972
2026-04-28 10:27:00,1.16972,1.16973,1.16946,1.1696
2026-04-28 10:30:00,1.16959,1.1698,1.16948,1.16975
2026-04-28 10:33:00,1.16975,1.16977,1.16939,1.1696900000000001
2026-04-28 10:36:00,1.1696900000000001,1.16971,1.16941,1.16946
2026-04-28 10:39:00,1.16946,1.16956,1.16929,1.16949
2026-04-28 10:42:00,1.16949,1.16967,1.16937,1.1695
2026-04-28 10:45:00,1.1695,1.16956,1.16934,1.16946
2026-04-28 10:48:00,1.16946,1.16953,1.16924,1.1693500000000001
2026-04-28 10:51:00,1.1693500000000001,1.16962,1.16926,1.16957
2026-04-28 10:54:00,1.16957,1.16987,1.16954,1.16972
2026-04-28 10:57:00,1.16972,1.16997,1.16965,1.16965
2026-04-28 11:00:00,1.16966,1.16996,1.16949,1.16972
2026-04-28 11:03:00,1.16972,1.16975,1.16948,1.16972
2026-04-28 11:06:00,1.16972,1.17032,1.1697,1.17031
2026-04-28 11:09:00,1.17031,1.17041,1.17013,1.1703000000000001
2026-04-28 11:12:00,1.1703000000000001,1.17032,1.16994,1.17007
2026-04-28 11:15:00,1.17007,1.17071,1.17007,1.17068
2026-04-28 11:18:00,1.17068,1.17077,1.17038,1.17049
2026-04-28 11:21:00,1.17049,1.17051,1.17024,1.17033
2026-04-28 11:24:00,1.17033,1.1703999999999999,1.17014,1.17026
2026-04-28 11:27:00,1.17026,1.17066,1.17013,1.17066
2026-04-28 11:30:00,1.17066,1.17069,1.17041,1.1706
2026-04-28 11:33:00,1.1706,1.1706,1.17034,1.17039
2026-04-28 11:36:00,1.17039,1.1705,1.17014,1.17025
2026-04-28 11:39:00,1.17025,1.17027,1.16985,1.16995
2026-04-28 11:42:00,1.16995,1.17013,1.16988,1.17011
2026-04-28 11:45:00,1.17008,1.17026,1.16993,1.17025
2026-04-28 11:48:00,1.17025,1.17038,1.17011,1.17034
2026-04-28 11:51:00,1.17034,1.17036,1.17012,1.17029
2026-04-28 11:54:00,1.17028,1.17032,1.17007,1.17013
2026-04-28 11:57:00,1.17013,1.17026,1.17003,1.17021
2026-04-28 12:00:00,1.17021,1.17021,1.16991,1.17002
2026-04-28 12:03:00,1.17002,1.17009,1.16986,1.17007
2026-04-28 12:06:00,1.17007,1.17013,1.16977,1.17002
2026-04-28 12:09:00,1.17002,1.1701,1.16974,1.16985
2026-04-28 12:12:00,1.16985,1.1702,1.1698,1.17002
2026-04-28 12:15:00,1.17002,1.17002,1.16971,1.16978
2026-04-28 12:18:00,1.16978,1.17002,1.1695,1.16966
2026-04-28 12:21:00,1.16966,1.16968,1.16947,1.16959
2026-04-28 12:24:00,1.16959,1.1696900000000001,1.16946,1.16957
2026-04-28 12:27:00,1.16956,1.16959,1.16941,1.16952
2026-04-28 12:30:00,1.16954,1.16954,1.16906,1.16909
2026-04-28 12:33:00,1.16909,1.16909,1.1687400000000001,1.16881
2026-04-28 12:36:00,1.16878,1.1688,1.16855,1.16864
2026-04-28 12:39:00,1.16864,1.16901,1.16861,1.16897
2026-04-28 12:42:00,1.16898,1.16914,1.16892,1.16912
2026-04-28 12:45:00,1.16912,1.16966,1.16904,1.16944
2026-04-28 12:48:00,1.16947,1.16982,1.16944,1.16981
2026-04-28 12:51:00,1.16982,1.1699,1.16939,1.1694499999999999
2026-04-28 12:54:00,1.1694499999999999,1.16949,1.16902,1.16929
2026-04-28 12:57:00,1.1691799999999999,1.16936,1.16898,1.16922
2026-04-28 13:00:00,1.16923,1.1694,1.16905,1.16929
2026-04-28 13:03:00,1.16929,1.16938,1.16914,1.16927
2026-04-28 13:06:00,1.16927,1.16928,1.1690800000000001,1.16911
2026-04-28 13:09:00,1.16911,1.1691799999999999,1.16903,1.16907
2026-04-28 13:12:00,1.16907,1.16921,1.169,1.16912
2026-04-28 13:15:00,1.16912,1.16912,1.16895,1.16911
2026-04-28 13:18:00,1.16911,1.16923,1.16898,1.16922
2026-04-28 13:21:00,1.16923,1.16933,1.16901,1.16917
2026-04-28 13:24:00,1.16917,1.16927,1.16899,1.16927
2026-04-28 13:27:00,1.16927,1.16932,1.16914,1.16914
2026-04-28 13:30:00,1.16914,1.16932,1.16907,1.16927
2026-04-28 13:33:00,1.16927,1.16943,1.16909,1.16942
2026-04-28 13:36:00,1.16941,1.1694499999999999,1.1692,1.16943
2026-04-28 13:39:00,1.16943,1.16956,1.16933,1.1695
2026-04-28 13:42:00,1.1695,1.16956,1.16939,1.16943
2026-04-28 13:45:00,1.16943,1.1694499999999999,1.16904,1.16939
2026-04-28 13:48:00,1.16939,1.1694499999999999,1.16923,1.1694
2026-04-28 13:51:00,1.1694,1.16957,1.16929,1.16953
2026-04-28 13:54:00,1.16952,1.16952,1.16927,1.16928
2026-04-28 13:57:00,1.16928,1.16936,1.16917,1.16931
2026-04-28 14:00:00,1.16931,1.16963,1.16929,1.16953
2026-04-28 14:03:00,1.16953,1.16989,1.16926,1.16985
2026-04-28 14:06:00,1.16989,1.16991,1.16953,1.16973
2026-04-28 14:09:00,1.16975,1.16993,1.1696900000000001,1.16971
2026-04-28 14:12:00,1.16971,1.16977,1.16953,1.16958
2026-04-28 14:15:00,1.16958,1.1697,1.1694,1.16958
2026-04-28 14:18:00,1.16958,1.16967,1.16944,1.16953
2026-04-28 14:21:00,1.16953,1.16971,1.1695,1.16967
2026-04-28 14:24:00,1.16968,1.16975,1.1694,1.16946
2026-04-28 14:27:00,1.16946,1.16949,1.16922,1.16946
2026-04-28 14:30:00,1.16946,1.16946,1.16917,1.16925
2026-04-28 14:33:00,1.16925,1.16927,1.16883,1.16892
2026-04-28 14:36:00,1.16892,1.16892,1.16873,1.16883
2026-04-28 14:39:00,1.16883,1.16913,1.16882,1.16909
2026-04-28 14:42:00,1.16909,1.16923,1.1689,1.16903
2026-04-28 14:45:00,1.16903,1.16903,1.16875,1.16878
2026-04-28 14:48:00,1.16877,1.16877,1.16816,1.16825
2026-04-28 14:51:00,1.16825,1.16842,1.1682,1.16833
2026-04-28 14:54:00,1.16834,1.16869,1.16827,1.16864
2026-04-28 14:57:00,1.16864,1.16866,1.16824,1.16829
2026-04-28 15:00:00,1.16829,1.16837,1.16773,1.16783
2026-04-28 15:03:00,1.16783,1.16822,1.16778,1.1682
2026-04-28 15:06:00,1.1682,1.16832,1.1679,1.16815
2026-04-28 15:09:00,1.16815,1.1682,1.16773,1.16775
2026-04-28 15:12:00,1.16775,1.1683,1.16774,1.16829
2026-04-28 15:15:00,1.16829,1.16848,1.16818,1.16845
2026-04-28 15:18:00,1.16845,1.16932,1.1682299999999999,1.16883
2026-04-28 15:21:00,1.16883,1.16883,1.1683,1.1687
2026-04-28 15:24:00,1.1687,1.16876,1.1684,1.1687400000000001
2026-04-28 15:27:00,1.16875,1.16895,1.16861,1.1689
2026-04-28 15:30:00,1.1689,1.16891,1.16855,1.16871
2026-04-28 15:33:00,1.16871,1.1695,1.16867,1.16939
2026-04-28 15:36:00,1.16939,1.16948,1.16916,1.16933
2026-04-28 15:39:00,1.16933,1.16967,1.16932,1.16962
2026-04-28 15:42:00,1.16962,1.1696900000000001,1.1694499999999999,1.1694499999999999
2026-04-28 15:45:00,1.1694499999999999,1.16974,1.1694499999999999,1.1696900000000001
2026-04-28 15:48:00,1.1696900000000001,1.16997,1.16962,1.16996
2026-04-28 15:51:00,1.16996,1.16998,1.16954,1.16956
2026-04-28 15:54:00,1.16956,1.1698,1.16941,1.16975
2026-04-28 15:57:00,1.16975,1.16986,1.16948,1.16968
2026-04-28 16:00:00,1.1697,1.16973,1.16947,1.16959
2026-04-28 16:03:00,1.16959,1.1696900000000001,1.16941,1.16955
2026-04-28 16:06:00,1.16955,1.16956,1.16931,1.16941
2026-04-28 16:09:00,1.16941,1.1695,1.16927,1.1694499999999999
2026-04-28 16:12:00,1.16944,1.16976,1.16936,1.16943
2026-04-28 16:15:00,1.16943,1.16946,1.16901,1.16901
2026-04-28 16:18:00,1.16901,1.1691,1.16886,1.16888
2026-04-28 16:21:00,1.16888,1.1692,1.16878,1.16915
2026-04-28 16:24:00,1.16915,1.16933,1.16909,1.16931
2026-04-28 16:27:00,1.16931,1.16997,1.16906,1.1699
2026-04-28 16:30:00,1.1699,1.16995,1.16907,1.16931
2026-04-28 16:33:00,1.1693,1.17001,1.16924,1.16995
2026-04-28 16:36:00,1.16995,1.17037,1.16974,1.1701
2026-04-28 16:39:00,1.1701,1.17032,1.16992,1.1702
2026-04-28 16:42:00,1.1702,1.17036,1.17007,1.17014
2026-04-28 16:45:00,1.17014,1.17021,1.16996,1.1702
2026-04-28 16:48:00,1.1702,1.17025,1.16973,1.16973
2026-04-28 16:51:00,1.16974,1.17004,1.16972,1.16991
2026-04-28 16:54:00,1.16991,1.16991,1.16966,1.16971
2026-04-28 16:57:00,1.16971,1.1699,1.1696,1.16974
2026-04-28 17:00:00,1.16974,1.16974,1.16894,1.16905
2026-04-28 17:03:00,1.16905,1.16946,1.16904,1.16946
2026-04-28 17:06:00,1.16946,1.16963,1.16936,1.16962
2026-04-28 17:09:00,1.16962,1.16974,1.16942,1.16971
2026-04-28 17:12:00,1.16971,1.16987,1.16962,1.16972
2026-04-28 17:15:00,1.16972,1.16984,1.1695,1.16975
2026-04-28 17:18:00,1.16975,1.16992,1.16954,1.16971
2026-04-28 17:21:00,1.16971,1.16978,1.1693500000000001,1.1694
2026-04-28 17:24:00,1.1694,1.16973,1.16933,1.16954
2026-04-28 17:27:00,1.16954,1.16983,1.16939,1.16966
2026-04-28 17:30:00,1.16966,1.17032,1.16956,1.1703000000000001
2026-04-28 17:33:00,1.17029,1.17032,1.16976,1.16987
2026-04-28 17:36:00,1.16994,1.17001,1.16971,1.16978
2026-04-28 17:39:00,1.16978,1.1697899999999999,1.16941,1.16978
2026-04-28 17:42:00,1.1697899999999999,1.16989,1.16948,1.16966
2026-04-28 17:45:00,1.16965,1.16987,1.16932,1.1697899999999999
2026-04-28 17:48:00,1.16977,1.16977,1.1693500000000001,1.16942
2026-04-28 17:51:00,1.16942,1.16971,1.1692,1.16943
2026-04-28 17:54:00,1.16943,1.17005,1.16934,1.16983
2026-04-28 17:57:00,1.16983,1.17009,1.16948,1.17009
2026-04-28 18:00:00,1.17008,1.17065,1.17008,1.17065
2026-04-28 18:03:00,1.17065,1.17095,1.17042,1.17086
2026-04-28 18:06:00,1.17085,1.1709100000000001,1.17044,1.17052
2026-04-28 18:09:00,1.17052,1.17058,1.17028,1.17044
2026-04-28 18:12:00,1.17044,1.17057,1.17042,1.17043
2026-04-28 18:15:00,1.17043,1.17082,1.17029,1.17072
2026-04-28 18:18:00,1.17072,1.17087,1.17058,1.17076
2026-04-28 18:21:00,1.17076,1.17088,1.17063,1.17084
2026-04-28 18:24:00,1.17084,1.17126,1.17075,1.17123
2026-04-28 18:27:00,1.17123,1.17127,1.17089,1.17106
2026-04-28 18:30:00,1.17106,1.17112,1.1707,1.1709
2026-04-28 18:33:00,1.1709,1.17097,1.17074,1.17094
2026-04-28 18:36:00,1.17094,1.17131,1.17086,1.17122
2026-04-28 18:39:00,1.17119,1.17156,1.17114,1.17141
2026-04-28 18:42:00,1.1714,1.17146,1.171,1.17105
2026-04-28 18:45:00,1.17105,1.17126,1.171,1.17115
2026-04-28 18:48:00,1.17115,1.1712500000000001,1.17097,1.17114
2026-04-28 18:51:00,1.17114,1.1712500000000001,1.17106,1.17124
2026-04-28 18:54:00,1.17124,1.17127,1.171,1.17113
2026-04-28 18:57:00,1.17114,1.17139,1.17104,1.17136
2026-04-28 19:00:00,1.17136,1.17147,1.17122,1.17135
2026-04-28 19:03:00,1.17135,1.17157,1.17132,1.17153
2026-04-28 19:06:00,1.17153,1.17169,1.17142,1.17148
2026-04-28 19:09:00,1.17148,1.1715,1.17113,1.17131
2026-04-28 19:12:00,1.17131,1.17145,1.17116,1.17131
2026-04-28 19:15:00,1.1713,1.1713,1.17086,1.1709
2026-04-28 19:18:00,1.1709,1.17098,1.17066,1.1709100000000001
2026-04-28 19:21:00,1.1709100000000001,1.17094,1.17055,1.17073
2026-04-28 19:24:00,1.17073,1.17083,1.17055,1.17079
2026-04-28 19:27:00,1.17079,1.1708,1.17047,1.17064
2026-04-28 19:30:00,1.17063,1.17069,1.17051,1.17068
2026-04-28 19:33:00,1.17068,1.17071,1.17053,1.17069
2026-04-28 19:36:00,1.17069,1.17086,1.1706,1.1708
2026-04-28 19:39:00,1.1708,1.17096,1.17068,1.17087
2026-04-28 19:42:00,1.17086,1.1709,1.17071,1.17089
2026-04-28 19:45:00,1.17089,1.17105,1.17071,1.17077
2026-04-28 19:48:00,1.17077,1.17103,1.17062,1.17081
2026-04-28 19:51:00,1.17081,1.17119,1.17077,1.17116
2026-04-28 19:54:00,1.17116,1.1712,1.17099,1.1710099999999999
2026-04-28 19:57:00,1.171,1.17108,1.1709100000000001,1.17105
2026-04-28 20:00:00,1.17105,1.17117,1.17093,1.17099
2026-04-28 20:03:00,1.17099,1.17099,1.17073,1.17079
2026-04-28 20:06:00,1.17079,1.1708,1.17061,1.17069
2026-04-28 20:09:00,1.17069,1.17088,1.17069,1.17086
2026-04-28 20:12:00,1.17086,1.1710099999999999,1.17071,1.1710099999999999
2026-04-28 20:15:00,1.1710099999999999,1.1710099999999999,1.17062,1.1706699999999999
2026-04-28 20:18:00,1.1706699999999999,1.17074,1.17053,1.17074
2026-04-28 20:21:00,1.17073,1.17079,1.17053,1.1707
2026-04-28 20:24:00,1.1707,1.17097,1.1707,1.1709100000000001
2026-04-28 20:27:00,1.1709100000000001,1.17107,1.17087,1.17096
2026-04-28 20:30:00,1.17096,1.1712,1.17086,1.1712
2026-04-28 20:33:00,1.1712,1.17132,1.17107,1.17126
2026-04-28 20:36:00,1.17129,1.17144,1.17115,1.1712799999999999
2026-04-28 20:39:00,1.1712799999999999,1.17137,1.17115,1.17131
2026-04-28 20:42:00,1.17131,1.17135,1.17118,1.1712500000000001
2026-04-28 20:45:00,1.1712500000000001,1.17158,1.17117,1.17154
2026-04-28 20:48:00,1.17154,1.17176,1.17144,1.17161
2026-04-28 20:51:00,1.17161,1.17161,1.17135,1.17149
2026-04-28 20:54:00,1.17149,1.17157,1.17137,1.1714
2026-04-28 20:57:00,1.1714,1.17146,1.17116,1.17135
2026-04-28 21:00:00,1.17135,1.17156,1.17133,1.17151
2026-04-28 21:03:00,1.17151,1.17151,1.17118,1.17129
2026-04-28 21:06:00,1.17129,1.17129,1.17111,1.17129
2026-04-28 21:09:00,1.17129,1.1714,1.17114,1.17116
2026-04-28 21:12:00,1.17116,1.17126,1.17114,1.1712500000000001
2026-04-28 21:15:00,1.1712500000000001,1.17134,1.17117,1.17134
2026-04-28 21:18:00,1.17134,1.17138,1.17129,1.17137
2026-04-28 21:21:00,1.17137,1.17158,1.1712,1.17144
2026-04-28 21:24:00,1.17144,1.17151,1.17126,1.17135
2026-04-28 21:27:00,1.17135,1.17158,1.17124,1.17153
2026-04-28 21:30:00,1.17153,1.17154,1.1712799999999999,1.1714
2026-04-28 21:33:00,1.17141,1.17145,1.17126,1.17136
2026-04-28 21:36:00,1.17136,1.17148,1.17133,1.17146
2026-04-28 21:39:00,1.17146,1.17156,1.17138,1.17144
2026-04-28 21:42:00,1.17141,1.17158,1.17141,1.17153
2026-04-28 21:45:00,1.17155,1.17161,1.17145,1.17155
2026-04-28 21:48:00,1.1715,1.17161,1.1714,1.17147
2026-04-28 21:51:00,1.17147,1.17147,1.17127,1.17137
2026-04-28 21:54:00,1.17137,1.17141,1.17103,1.1712
2026-04-28 21:57:00,1.1712,1.17123,1.17109,1.17115
2026-04-28 22:00:00,1.17115,1.17145,1.17104,1.17141
2026-04-28 22:03:00,1.17141,1.17141,1.17123,1.17136
2026-04-28 22:06:00,1.17136,1.1715200000000001,1.17123,1.17123
2026-04-28 22:09:00,1.17123,1.1712500000000001,1.17105,1.1711
2026-04-28 22:12:00,1.1711,1.17117,1.17102,1.17109
2026-04-28 22:15:00,1.17109,1.1711,1.17093,1.17095
2026-04-28 22:18:00,1.17096,1.171,1.17085,1.1709
2026-04-28 22:21:00,1.17089,1.17104,1.17089,1.17094
2026-04-28 22:24:00,1.17094,1.17097,1.17084,1.17085
2026-04-28 22:27:00,1.17085,1.17095,1.17085,1.17093
2026-04-28 22:30:00,1.17092,1.17102,1.17083,1.17085
2026-04-28 22:33:00,1.17085,1.17093,1.17077,1.17092
2026-04-28 22:36:00,1.17092,1.17093,1.1708,1.17088
2026-04-28 22:39:00,1.17088,1.17098,1.17087,1.17093
2026-04-28 22:42:00,1.17093,1.17093,1.1708,1.17086
2026-04-28 22:45:00,1.17087,1.17087,1.17079,1.1708
2026-04-28 22:48:00,1.1708,1.17086,1.17069,1.17073
2026-04-28 22:51:00,1.1707,1.1708,1.17057,1.17075
2026-04-28 22:54:00,1.17075,1.17084,1.1706699999999999,1.17084
2026-04-28 22:57:00,1.17084,1.17099,1.17077,1.17097
2026-04-28 23:00:00,1.17096,1.17106,1.17086,1.17105
2026-04-28 23:03:00,1.17105,1.17118,1.17102,1.17117
2026-04-28 23:06:00,1.17115,1.17141,1.17106,1.17141
2026-04-28 23:09:00,1.17141,1.17142,1.1711,1.1712500000000001
2026-04-28 23:12:00,1.1712500000000001,1.1712500000000001,1.1711,1.17119
2026-04-28 23:15:00,1.17119,1.17122,1.17109,1.17112
2026-04-28 23:18:00,1.17112,1.17117,1.17107,1.17117
2026-04-28 23:21:00,1.17117,1.17122,1.17113,1.17118
2026-04-28 23:24:00,1.17118,1.17124,1.1711,1.17118
2026-04-28 23:27:00,1.17119,1.17124,1.17114,1.17122
2026-04-28 23:30:00,1.17123,1.17147,1.17123,1.17144
2026-04-28 23:33:00,1.17144,1.17146,1.17135,1.17142
2026-04-28 23:36:00,1.17142,1.17142,1.17133,1.17137
2026-04-28 23:39:00,1.17137,1.17149,1.17132,1.17138
2026-04-28 23:42:00,1.17138,1.17147,1.17136,1.17142
2026-04-28 23:45:00,1.17141,1.17145,1.17137,1.17142
2026-04-28 23:48:00,1.17142,1.17144,1.17136,1.17136
2026-04-28 23:51:00,1.17136,1.1714,1.17134,1.1714
2026-04-28 23:54:00,1.1714,1.1714,1.17131,1.17132
2026-04-28 23:57:00,1.17132,1.17133,1.1712,1.1712
2026-04-29 00:00:00,1.17108,1.17122,1.17105,1.17112
2026-04-29 00:03:00,1.17114,1.17123,1.17108,1.17123
2026-04-29 00:06:00,1.17123,1.17144,1.17117,1.17127
2026-04-29 00:09:00,1.1712799999999999,1.1715200000000001,1.17119,1.17121
2026-04-29 00:12:00,1.17121,1.1712799999999999,1.17121,1.17127
2026-04-29 00:15:00,1.17127,1.1712799999999999,1.17099,1.17115
2026-04-29 00:18:00,1.17115,1.17131,1.17102,1.1712799999999999
2026-04-29 00:21:00,1.1712799999999999,1.1712799999999999,1.17102,1.17118
2026-04-29 00:24:00,1.17118,1.17131,1.171,1.1712
2026-04-29 00:27:00,1.1712,1.1712799999999999,1.171,1.17123
2026-04-29 00:30:00,1.17122,1.17131,1.17114,1.1712799999999999
2026-04-29 00:33:00,1.1712799999999999,1.1713,1.1710099999999999,1.1712500000000001
2026-04-29 00:36:00,1.1712500000000001,1.1712799999999999,1.17102,1.17127
2026-04-29 00:39:00,1.17127,1.17136,1.17108,1.17118
2026-04-29 00:42:00,1.17134,1.17138,1.17108,1.17129
2026-04-29 00:45:00,1.17129,1.17136,1.17121,1.17135
2026-04-29 00:48:00,1.17135,1.17135,1.17112,1.17132
2026-04-29 00:51:00,1.17132,1.17132,1.17119,1.17127
2026-04-29 00:54:00,1.17127,1.17129,1.17097,1.1712799999999999
2026-04-29 00:57:00,1.1712799999999999,1.17129,1.17126,1.17127
2026-04-29 01:00:00,1.1712799999999999,1.17176,1.1712799999999999,1.17168
2026-04-29 01:03:00,1.17168,1.1718,1.17155,1.17171
2026-04-29 01:06:00,1.17171,1.17179,1.1717,1.17176
2026-04-29 01:09:00,1.17175,1.17175,1.17165,1.17171
2026-04-29 01:12:00,1.17171,1.17173,1.17161,1.17169
2026-04-29 01:15:00,1.17169,1.17172,1.17166,1.17168
2026-04-29 01:18:00,1.17168,1.17169,1.17163,1.17166
2026-04-29 01:21:00,1.17166,1.17173,1.1716,1.17164
2026-04-29 01:24:00,1.17164,1.17164,1.17148,1.17155
2026-04-29 01:27:00,1.17155,1.17155,1.17141,1.17143
2026-04-29 01:30:00,1.17143,1.17154,1.17143,1.17153
2026-04-29 01:33:00,1.17151,1.17156,1.17149,1.17155
2026-04-29 01:36:00,1.17155,1.17155,1.17153,1.17153
2026-04-29 01:39:00,1.17153,1.17154,1.17146,1.17153
2026-04-29 01:42:00,1.17153,1.17159,1.17141,1.1715200000000001
2026-04-29 01:45:00,1.1715200000000001,1.17157,1.1715200000000001,1.17156
2026-04-29 01:48:00,1.17156,1.17156,1.17153,1.17155
2026-04-29 01:51:00,1.17155,1.17158,1.1714,1.17157
2026-04-29 01:54:00,1.17157,1.17157,1.1715,1.17154
2026-04-29 01:57:00,1.17154,1.17155,1.17151,1.17155
2026-04-29 02:00:00,1.17155,1.17156,1.17148,1.17154
2026-04-29 02:03:00,1.17154,1.17164,1.17146,1.17158
2026-04-29 02:06:00,1.17158,1.1716199999999999,1.17156,1.17158
2026-04-29 02:09:00,1.17158,1.17158,1.17153,1.17153
2026-04-29 02:12:00,1.17153,1.17154,1.17143,1.1715
2026-04-29 02:15:00,1.1715,1.17163,1.1715,1.17158
2026-04-29 02:18:00,1.17158,1.1716199999999999,1.17156,1.17161
2026-04-29 02:21:00,1.17161,1.1716199999999999,1.17153,1.17156
2026-04-29 02:24:00,1.17156,1.17158,1.17153,1.17157
2026-04-29 02:27:00,1.17157,1.17158,1.17154,1.17155
2026-04-29 02:30:00,1.17155,1.17159,1.1715200000000001,1.17159
2026-04-29 02:33:00,1.17159,1.17159,1.1715,1.17154
2026-04-29 02:36:00,1.17154,1.17156,1.1715,1.17156
2026-04-29 02:39:00,1.17156,1.17156,1.17151,1.17151
2026-04-29 02:42:00,1.17151,1.17165,1.17151,1.17164
2026-04-29 02:45:00,1.17164,1.17169,1.17153,1.17163
2026-04-29 02:48:00,1.17163,1.17167,1.17154,1.17164
2026-04-29 02:51:00,1.17164,1.17172,1.17161,1.17165
2026-04-29 02:54:00,1.17165,1.1717,1.1716199999999999,1.17168
2026-04-29 02:57:00,1.17168,1.17175,1.17166,1.17174
2026-04-29 03:00:00,1.17175,1.17194,1.17175,1.1718899999999999
2026-04-29 03:03:00,1.1718899999999999,1.17205,1.17184,1.17195
2026-04-29 03:06:00,1.17195,1.17196,1.17181,1.1718600000000001
2026-04-29 03:09:00,1.1718600000000001,1.1718600000000001,1.17176,1.17183
2026-04-29 03:12:00,1.17183,1.1718600000000001,1.17176,1.17183
2026-04-29 03:15:00,1.17182,1.1718600000000001,1.17168,1.17169
2026-04-29 03:18:00,1.17169,1.17171,1.1715,1.17161
2026-04-29 03:21:00,1.17161,1.17164,1.17145,1.17149
2026-04-29 03:24:00,1.17151,1.17159,1.17144,1.17156
2026-04-29 03:27:00,1.17156,1.17158,1.17148,1.17155
2026-04-29 03:30:00,1.17155,1.17163,1.17147,1.1716199999999999
2026-04-29 03:33:00,1.1716199999999999,1.1716199999999999,1.17155,1.17159
2026-04-29 03:36:00,1.17159,1.17165,1.17158,1.17163
2026-04-29 03:39:00,1.17163,1.17181,1.17163,1.17181
2026-04-29 03:42:00,1.17181,1.17185,1.17169,1.17181
2026-04-29 03:45:00,1.17181,1.17182,1.17164,1.17166
2026-04-29 03:48:00,1.17166,1.17166,1.17147,1.1715200000000001
2026-04-29 03:51:00,1.1715200000000001,1.1716,1.17143,1.17149
2026-04-29 03:54:00,1.17149,1.17173,1.17149,1.17172
2026-04-29 03:57:00,1.17172,1.17173,1.17155,1.17155
2026-04-29 04:00:00,1.17155,1.1716,1.17102,1.1711
2026-04-29 04:03:00,1.17113,1.17113,1.17083,1.17096
2026-04-29 04:06:00,1.17096,1.1710099999999999,1.17061,1.17079
2026-04-29 04:09:00,1.17079,1.17106,1.17075,1.17096
2026-04-29 04:12:00,1.17096,1.17096,1.17073,1.17073
2026-04-29 04:15:00,1.17073,1.17085,1.17072,1.17081
2026-04-29 04:18:00,1.17081,1.17097,1.17076,1.17095
2026-04-29 04:21:00,1.17095,1.17095,1.17078,1.17095
2026-04-29 04:24:00,1.17095,1.17112,1.1709100000000001,1.17108
2026-04-29 04:27:00,1.17108,1.17114,1.17094,1.17106
2026-04-29 04:30:00,1.17106,1.17131,1.17092,1.17113
2026-04-29 04:33:00,1.17113,1.17127,1.17109,1.1712
2026-04-29 04:36:00,1.1712,1.17139,1.17102,1.1712500000000001
2026-04-29 04:39:00,1.1712500000000001,1.17146,1.17113,1.17141
2026-04-29 04:42:00,1.17142,1.17158,1.17134,1.17142
2026-04-29 04:45:00,1.17142,1.17149,1.1712,1.17121
2026-04-29 04:48:00,1.17121,1.17122,1.17099,1.17112
2026-04-29 04:51:00,1.17112,1.17119,1.1710099999999999,1.17116
2026-04-29 04:54:00,1.17117,1.1712,1.1710099999999999,1.17102
2026-04-29 04:57:00,1.17102,1.1712,1.17102,1.17119
2026-04-29 05:00:00,1.17119,1.17157,1.17119,1.17151
2026-04-29 05:03:00,1.17151,1.17157,1.1714,1.17147
2026-04-29 05:06:00,1.17148,1.17167,1.17148,1.1716
2026-04-29 05:09:00,1.17157,1.17166,1.17143,1.17149
2026-04-29 05:12:00,1.17153,1.17155,1.17134,1.17146
2026-04-29 05:15:00,1.17146,1.17156,1.1714,1.17155
2026-04-29 05:18:00,1.17155,1.17165,1.17142,1.17142
2026-04-29 05:21:00,1.17141,1.17142,1.17123,1.1713
2026-04-29 05:24:00,1.17131,1.17142,1.17118,1.17136
2026-04-29 05:27:00,1.17136,1.1714,1.17127,1.1712799999999999
2026-04-29 05:30:00,1.17129,1.17131,1.17118,1.17123
2026-04-29 05:33:00,1.17123,1.17123,1.17094,1.171
2026-04-29 05:36:00,1.171,1.1710099999999999,1.17087,1.17095
2026-04-29 05:39:00,1.17095,1.17096,1.17062,1.17075
2026-04-29 05:42:00,1.17075,1.17081,1.1706699999999999,1.17077
2026-04-29 05:45:00,1.17077,1.171,1.17077,1.171
2026-04-29 05:48:00,1.171,1.17107,1.17096,1.17106
2026-04-29 05:51:00,1.17106,1.17107,1.17078,1.1709
2026-04-29 05:54:00,1.17089,1.17092,1.17076,1.17083
2026-04-29 05:57:00,1.17084,1.17086,1.1707,1.1707
2026-04-29 06:00:00,1.1707,1.17096,1.1707,1.1709
2026-04-29 06:03:00,1.1709,1.17103,1.17085,1.17097
2026-04-29 06:06:00,1.17097,1.17106,1.17093,1.17095
2026-04-29 06:09:00,1.17097,1.17099,1.17084,1.17095
2026-04-29 06:12:00,1.17095,1.17097,1.17084,1.1709100000000001
2026-04-29 06:15:00,1.1709,1.1710099999999999,1.17085,1.1709100000000001
2026-04-29 06:18:00,1.1709100000000001,1.1709100000000001,1.17076,1.17086
2026-04-29 06:21:00,1.17086,1.1710099999999999,1.17078,1.17098
2026-04-29 06:24:00,1.17098,1.17107,1.17088,1.17094
2026-04-29 06:27:00,1.17094,1.17102,1.17088,1.17094
2026-04-29 06:30:00,1.17094,1.17094,1.17082,1.17087
2026-04-29 06:33:00,1.17087,1.17094,1.17081,1.17086
2026-04-29 06:36:00,1.17087,1.1709,1.17071,1.17074
2026-04-29 06:39:00,1.17074,1.17076,1.1706,1.17071
2026-04-29 06:42:00,1.1707,1.17072,1.17057,1.17064
2026-04-29 06:45:00,1.17064,1.17066,1.17056,1.17056
2026-04-29 06:48:00,1.17056,1.17061,1.17045,1.17053
2026-04-29 06:51:00,1.17053,1.17054,1.1705,1.17054
2026-04-29 06:54:00,1.17054,1.17059,1.17038,1.17057
2026-04-29 06:57:00,1.17057,1.1706,1.17046,1.17049
2026-04-29 07:00:00,1.1705,1.17065,1.17045,1.17056
2026-04-29 07:03:00,1.17056,1.1706,1.17047,1.17051
2026-04-29 07:06:00,1.17051,1.1706,1.17043,1.17056
2026-04-29 07:09:00,1.17056,1.1706,1.17046,1.17056
2026-04-29 07:12:00,1.17056,1.17073,1.17056,1.17064
2026-04-29 07:15:00,1.17064,1.17069,1.17055,1.17066
2026-04-29 07:18:00,1.17066,1.1706699999999999,1.17052,1.17064
2026-04-29 07:21:00,1.17064,1.17065,1.17057,1.17061
2026-04-29 07:24:00,1.17061,1.17061,1.17039,1.17051
2026-04-29 07:27:00,1.17051,1.17059,1.17048,1.17056
2026-04-29 07:30:00,1.17056,1.17076,1.17056,1.1707
2026-04-29 07:33:00,1.1707,1.17072,1.17058,1.1707
2026-04-29 07:36:00,1.1707,1.17076,1.17063,1.17065
2026-04-29 07:39:00,1.17065,1.1707,1.17062,1.17062
2026-04-29 07:42:00,1.17062,1.1706699999999999,1.17058,1.17059
2026-04-29 07:45:00,1.17058,1.1706,1.17051,1.17055
2026-04-29 07:48:00,1.17055,1.17062,1.17049,1.17051
2026-04-29 07:51:00,1.17051,1.17062,1.17046,1.17046
2026-04-29 07:54:00,1.17056,1.17058,1.17035,1.17035
2026-04-29 07:57:00,1.17035,1.17056,1.17034,1.17055
2026-04-29 08:00:00,1.17055,1.17056,1.17044,1.1705
2026-04-29 08:03:00,1.1705,1.17058,1.17049,1.17056
2026-04-29 08:06:00,1.17056,1.17056,1.17045,1.17046
2026-04-29 08:09:00,1.17046,1.17047,1.17043,1.17046
2026-04-29 08:12:00,1.17046,1.17047,1.1702,1.1702
2026-04-29 08:15:00,1.17026,1.17033,1.17016,1.17021
2026-04-29 08:18:00,1.17021,1.17028,1.17007,1.17027
2026-04-29 08:21:00,1.17027,1.17028,1.17012,1.1702
2026-04-29 08:24:00,1.1702,1.17024,1.17008,1.17013
2026-04-29 08:27:00,1.17016,1.1702,1.17002,1.17017
2026-04-29 08:30:00,1.17017,1.1703000000000001,1.17002,1.17005
2026-04-29 08:33:00,1.17005,1.17005,1.16978,1.1698
2026-04-29 08:36:00,1.16981,1.16996,1.1698,1.16986
2026-04-29 08:39:00,1.16986,1.16997,1.16975,1.16988
2026-04-29 08:42:00,1.16988,1.1700599999999999,1.16987,1.17005
2026-04-29 08:45:00,1.17005,1.17012,1.17,1.17012
2026-04-29 08:48:00,1.17012,1.17012,1.16985,1.1700599999999999
2026-04-29 08:51:00,1.17007,1.17016,1.16999,1.1700599999999999
2026-04-29 08:54:00,1.1700599999999999,1.1702,1.16999,1.17016
2026-04-29 08:57:00,1.17016,1.17018,1.16995,1.16995
2026-04-29 09:00:00,1.16998,1.1703999999999999,1.16998,1.17031
2026-04-29 09:03:00,1.17031,1.17035,1.17019,1.17032
2026-04-29 09:06:00,1.17032,1.17032,1.1701,1.17011
2026-04-29 09:09:00,1.17011,1.17015,1.16987,1.16996
2026-04-29 09:12:00,1.16996,1.16996,1.16967,1.1697
2026-04-29 09:15:00,1.1697,1.16986,1.16959,1.16975
2026-04-29 09:18:00,1.16975,1.16982,1.1697,1.16977
2026-04-29 09:21:00,1.16977,1.16985,1.16967,1.1697
2026-04-29 09:24:00,1.1697,1.16992,1.1697,1.16992
2026-04-29 09:27:00,1.16992,1.16997,1.16978,1.1699
2026-04-29 09:30:00,1.1699,1.1699,1.16965,1.16968
2026-04-29 09:33:00,1.16968,1.16975,1.16958,1.16971
2026-04-29 09:36:00,1.16971,1.16995,1.1696900000000001,1.16992
2026-04-29 09:39:00,1.16992,1.17036,1.1698,1.17016
2026-04-29 09:42:00,1.17016,1.1702,1.17003,1.1700599999999999
2026-04-29 09:45:00,1.17005,1.17034,1.16985,1.17033
2026-04-29 09:48:00,1.17033,1.17033,1.16999,1.17
2026-04-29 09:51:00,1.16992,1.17021,1.16992,1.17015
2026-04-29 09:54:00,1.17015,1.1702,1.16998,1.17016
2026-04-29 09:57:00,1.17016,1.17016,1.16982,1.16998
2026-04-29 10:00:00,1.16998,1.1701,1.16974,1.16999
2026-04-29 10:03:00,1.16999,1.1703000000000001,1.16992,1.17016
2026-04-29 10:06:00,1.17016,1.17049,1.17014,1.17046
2026-04-29 10:09:00,1.17046,1.17072,1.17043,1.1706699999999999
2026-04-29 10:12:00,1.1706699999999999,1.17072,1.17048,1.17062
2026-04-29 10:15:00,1.17062,1.17066,1.1705,1.1706
2026-04-29 10:18:00,1.1706,1.1706,1.17039,1.17051
2026-04-29 10:21:00,1.17051,1.17056,1.17032,1.17034
2026-04-29 10:24:00,1.17034,1.1705,1.17031,1.17031
2026-04-29 10:27:00,1.17031,1.17052,1.17024,1.1705
2026-04-29 10:30:00,1.1705,1.17057,1.17035,1.17045
2026-04-29 10:33:00,1.17045,1.17074,1.17043,1.1707
2026-04-29 10:36:00,1.1707,1.17071,1.17049,1.17063
2026-04-29 10:39:00,1.17063,1.17066,1.17046,1.17054
2026-04-29 10:42:00,1.17054,1.17065,1.17045,1.17048
2026-04-29 10:45:00,1.17049,1.17066,1.17041,1.17061
2026-04-29 10:48:00,1.1706,1.17076,1.17052,1.17065
2026-04-29 10:51:00,1.17065,1.17082,1.17056,1.17071
2026-04-29 10:54:00,1.17071,1.1708,1.17061,1.17071
2026-04-29 10:57:00,1.17071,1.17079,1.17049,1.17051
2026-04-29 11:00:00,1.17049,1.17057,1.16989,1.16991
2026-04-29 11:03:00,1.16991,1.16996,1.16947,1.16968
2026-04-29 11:06:00,1.16968,1.16987,1.1694499999999999,1.1698
2026-04-29 11:09:00,1.1698,1.16988,1.16942,1.16949
2026-04-29 11:12:00,1.16949,1.1696,1.16931,1.16953
2026-04-29 11:15:00,1.16953,1.16995,1.16946,1.16995
2026-04-29 11:18:00,1.16995,1.17016,1.16985,1.17
2026-04-29 11:21:00,1.17,1.17024,1.16985,1.16989
2026-04-29 11:24:00,1.16989,1.17,1.16973,1.16992
2026-04-29 11:27:00,1.16992,1.16998,1.1697899999999999,1.16987
2026-04-29 11:30:00,1.16987,1.16996,1.1697899999999999,1.16986
2026-04-29 11:33:00,1.16986,1.16986,1.1695,1.16958
2026-04-29 11:36:00,1.16958,1.1698,1.16948,1.1698
2026-04-29 11:39:00,1.1698,1.16982,1.1696,1.16976
2026-04-29 11:42:00,1.16976,1.16991,1.16965,1.16991
2026-04-29 11:45:00,1.16991,1.17012,1.1698,1.16983
2026-04-29 11:48:00,1.16983,1.17,1.16972,1.16998
2026-04-29 11:51:00,1.16998,1.17004,1.16987,1.16988
2026-04-29 11:54:00,1.16988,1.17002,1.16982,1.16995
2026-04-29 11:57:00,1.16995,1.17011,1.16983,1.17001
2026-04-29 12:00:00,1.17001,1.17017,1.16985,1.17005
2026-04-29 12:03:00,1.17008,1.17026,1.17,1.1701
2026-04-29 12:06:00,1.17011,1.17018,1.16993,1.17004
2026-04-29 12:09:00,1.17004,1.17004,1.16986,1.16999
2026-04-29 12:12:00,1.16999,1.17007,1.16978,1.16997
2026-04-29 12:15:00,1.16996,1.1701,1.16984,1.17009
2026-04-29 12:18:00,1.17009,1.17018,1.16989,1.16992
2026-04-29 12:21:00,1.16992,1.16992,1.16963,1.16989
2026-04-29 12:24:00,1.16989,1.16995,1.16974,1.16993
2026-04-29 12:27:00,1.16991,1.17021,1.1699,1.17014
2026-04-29 12:30:00,1.17014,1.17042,1.17008,1.1703999999999999
2026-04-29 12:33:00,1.1703999999999999,1.17044,1.1703000000000001,1.17041
2026-04-29 12:36:00,1.17041,1.17041,1.17009,1.17018
2026-04-29 12:39:00,1.17018,1.17018,1.16986,1.16993
2026-04-29 12:42:00,1.16992,1.17009,1.16985,1.16998
2026-04-29 12:45:00,1.16997,1.17005,1.16978,1.17004
2026-04-29 12:48:00,1.17005,1.17019,1.1699,1.17012
2026-04-29 12:51:00,1.1701,1.17011,1.16989,1.16995
2026-04-29 12:54:00,1.16995,1.17002,1.1698,1.16984
2026-04-29 12:57:00,1.16985,1.16992,1.16957,1.16974
2026-04-29 13:00:00,1.16974,1.17,1.16958,1.17
2026-04-29 13:03:00,1.17,1.17018,1.16997,1.17015
2026-04-29 13:06:00,1.17015,1.17015,1.17,1.17005
2026-04-29 13:09:00,1.17005,1.17014,1.1699,1.16995
2026-04-29 13:12:00,1.16999,1.17016,1.16993,1.17016
2026-04-29 13:15:00,1.17015,1.1702,1.17003,1.17003
2026-04-29 13:18:00,1.17003,1.17025,1.16997,1.17024
2026-04-29 13:21:00,1.17024,1.17029,1.17014,1.17029
2026-04-29 13:24:00,1.17029,1.17029,1.16999,1.17009
2026-04-29 13:27:00,1.17009,1.17017,1.17004,1.1701
2026-04-29 13:30:00,1.1701,1.17018,1.16996,1.17016
2026-04-29 13:33:00,1.17016,1.17016,1.17,1.17008
2026-04-29 13:36:00,1.17007,1.17016,1.1700599999999999,1.17012
2026-04-29 13:39:00,1.17012,1.17016,1.16989,1.17011
2026-04-29 13:42:00,1.17011,1.17018,1.16996,1.1701
2026-04-29 13:45:00,1.1701,1.17019,1.17,1.17017
2026-04-29 13:48:00,1.17017,1.17039,1.1700599999999999,1.17039
2026-04-29 13:51:00,1.17039,1.1705,1.1702,1.17046
2026-04-29 13:54:00,1.17046,1.17052,1.17027,1.17052
2026-04-29 13:57:00,1.17052,1.17093,1.17052,1.17083
2026-04-29 14:00:00,1.17083,1.17097,1.17056,1.17066
2026-04-29 14:03:00,1.17066,1.1708,1.1706,1.1707
2026-04-29 14:06:00,1.1707,1.17089,1.17066,1.17079
2026-04-29 14:09:00,1.17079,1.17082,1.17042,1.1706
2026-04-29 14:12:00,1.1706,1.17064,1.1703999999999999,1.17048
2026-04-29 14:15:00,1.17048,1.17057,1.17026,1.17054
2026-04-29 14:18:00,1.17054,1.17058,1.1703999999999999,1.17044
2026-04-29 14:21:00,1.17044,1.17075,1.17043,1.17068
2026-04-29 14:24:00,1.17068,1.17071,1.17052,1.17062
2026-04-29 14:27:00,1.17062,1.17065,1.17033,1.17052
2026-04-29 14:30:00,1.17052,1.1706,1.17039,1.17052
2026-04-29 14:33:00,1.1705,1.1709,1.17037,1.17078
2026-04-29 14:36:00,1.17078,1.1708,1.17044,1.17058
2026-04-29 14:39:00,1.17058,1.17058,1.17043,1.17054
2026-04-29 14:42:00,1.17054,1.17054,1.17023,1.17037
2026-04-29 14:45:00,1.17037,1.17051,1.17027,1.17027
2026-04-29 14:48:00,1.17027,1.17042,1.17024,1.17032
2026-04-29 14:51:00,1.17032,1.17043,1.17026,1.1703999999999999
2026-04-29 14:54:00,1.1703999999999999,1.17041,1.16997,1.1700599999999999
2026-04-29 14:57:00,1.1700599999999999,1.17016,1.16988,1.17008
2026-04-29 15:00:00,1.17008,1.17033,1.17001,1.17021
2026-04-29 15:03:00,1.17021,1.17066,1.17021,1.17056
2026-04-29 15:06:00,1.17056,1.17081,1.17046,1.17055
2026-04-29 15:09:00,1.17062,1.17063,1.17027,1.17045
2026-04-29 15:12:00,1.17045,1.17057,1.17033,1.17039
2026-04-29 15:15:00,1.1703999999999999,1.17064,1.17033,1.17042
2026-04-29 15:18:00,1.17042,1.17066,1.1703999999999999,1.17061
2026-04-29 15:21:00,1.17061,1.17077,1.17042,1.17043
2026-04-29 15:24:00,1.17043,1.17045,1.17005,1.17034
2026-04-29 15:27:00,1.17034,1.17055,1.17028,1.17044
2026-04-29 15:30:00,1.17045,1.17045,1.17015,1.17034
2026-04-29 15:33:00,1.17034,1.17045,1.17014,1.17042
2026-04-29 15:36:00,1.17042,1.17046,1.16978,1.1699
2026-04-29 15:39:00,1.1699,1.16995,1.16959,1.16989
2026-04-29 15:42:00,1.16989,1.17016,1.16975,1.16996
2026-04-29 15:45:00,1.16996,1.1701,1.16976,1.16982
2026-04-29 15:48:00,1.16982,1.17,1.1696900000000001,1.16971
2026-04-29 15:51:00,1.1697,1.16981,1.16932,1.16962
2026-04-29 15:54:00,1.16962,1.16984,1.16951,1.16967
2026-04-29 15:57:00,1.16967,1.16993,1.16963,1.16989
2026-04-29 16:00:00,1.16989,1.17014,1.16987,1.1700599999999999
2026-04-29 16:03:00,1.1700599999999999,1.17032,1.1697899999999999,1.17001
2026-04-29 16:06:00,1.17001,1.17016,1.16981,1.17003
2026-04-29 16:09:00,1.17003,1.17011,1.1699,1.17005
2026-04-29 16:12:00,1.17005,1.17012,1.16975,1.16989
2026-04-29 16:15:00,1.16989,1.16989,1.16941,1.16961
2026-04-29 16:18:00,1.16961,1.16961,1.16901,1.16925
2026-04-29 16:21:00,1.16925,1.1694499999999999,1.16894,1.16911
2026-04-29 16:24:00,1.16911,1.16929,1.16895,1.16901
2026-04-29 16:27:00,1.16902,1.16924,1.16889,1.1690800000000001
2026-04-29 16:30:00,1.1690800000000001,1.16919,1.16882,1.16882
2026-04-29 16:33:00,1.16878,1.16883,1.16824,1.16833
2026-04-29 16:36:00,1.16833,1.16865,1.1682299999999999,1.1685699999999999
2026-04-29 16:39:00,1.1685699999999999,1.16902,1.16853,1.1689
2026-04-29 16:42:00,1.1689,1.16893,1.16855,1.16869
2026-04-29 16:45:00,1.16869,1.1688399999999999,1.16852,1.16852
2026-04-29 16:48:00,1.16853,1.16885,1.16844,1.16882
2026-04-29 16:51:00,1.16882,1.16888,1.16842,1.16877
2026-04-29 16:54:00,1.16876,1.16897,1.1685699999999999,1.16883
2026-04-29 16:57:00,1.16883,1.16893,1.16844,1.16888
2026-04-29 17:00:00,1.16888,1.16891,1.1684,1.16859
2026-04-29 17:03:00,1.16859,1.16866,1.16832,1.16853
2026-04-29 17:06:00,1.16853,1.16865,1.16833,1.16844
2026-04-29 17:09:00,1.16844,1.1687,1.16835,1.16862
2026-04-29 17:12:00,1.16862,1.16882,1.16851,1.16875
2026-04-29 17:15:00,1.16875,1.16924,1.16872,1.1691799999999999
2026-04-29 17:18:00,1.1691799999999999,1.16927,1.16893,1.16913
2026-04-29 17:21:00,1.16912,1.16915,1.1689,1.16913
2026-04-29 17:24:00,1.16913,1.16928,1.16907,1.16917
2026-04-29 17:27:00,1.1691799999999999,1.16928,1.16894,1.16906
2026-04-29 17:30:00,1.16906,1.16917,1.16892,1.16909
2026-04-29 17:33:00,1.16909,1.16955,1.1690800000000001,1.16938
2026-04-29 17:36:00,1.16938,1.16947,1.16923,1.1693
2026-04-29 17:39:00,1.1693,1.1693500000000001,1.16907,1.16912
2026-04-29 17:42:00,1.16912,1.16919,1.16891,1.16903
2026-04-29 17:45:00,1.16903,1.16907,1.16872,1.16888
2026-04-29 17:48:00,1.16888,1.16942,1.16879,1.16934
2026-04-29 17:51:00,1.16934,1.16988,1.16925,1.16987
2026-04-29 17:54:00,1.16987,1.1703000000000001,1.16966,1.16976
2026-04-29 17:57:00,1.16976,1.17016,1.16972,1.17009
2026-04-29 18:00:00,1.1700599999999999,1.17013,1.16953,1.16964
2026-04-29 18:03:00,1.16964,1.17,1.16963,1.16997
2026-04-29 18:06:00,1.16998,1.17015,1.16962,1.1698
2026-04-29 18:09:00,1.1698,1.16981,1.16952,1.16954
2026-04-29 18:12:00,1.16954,1.16968,1.16936,1.16947
2026-04-29 18:15:00,1.16947,1.16972,1.16937,1.16971
2026-04-29 18:18:00,1.16971,1.16972,1.16947,1.16948
2026-04-29 18:21:00,1.16948,1.16966,1.16934,1.16958
2026-04-29 18:24:00,1.16958,1.16961,1.16929,1.16933
2026-04-29 18:27:00,1.16933,1.16951,1.16896,1.16922
2026-04-29 18:30:00,1.16922,1.16958,1.16917,1.16951
2026-04-29 18:33:00,1.16952,1.16982,1.16938,1.16973
2026-04-29 18:36:00,1.16974,1.16978,1.16941,1.16954
2026-04-29 18:39:00,1.16954,1.17001,1.16944,1.16974
2026-04-29 18:42:00,1.16974,1.16989,1.16964,1.16988
2026-04-29 18:45:00,1.16987,1.17014,1.16978,1.17008
2026-04-29 18:48:00,1.17001,1.17037,1.16995,1.17033
2026-04-29 18:51:00,1.17033,1.1703999999999999,1.16882,1.169
2026-04-29 18:54:00,1.169,1.16934,1.1687400000000001,1.16926
2026-04-29 18:57:00,1.16925,1.16952,1.16915,1.16947
2026-04-29 19:00:00,1.16947,1.16987,1.16931,1.16973
2026-04-29 19:03:00,1.16973,1.16973,1.16938,1.1694499999999999
2026-04-29 19:06:00,1.1694499999999999,1.16959,1.16929,1.16954
2026-04-29 19:09:00,1.16954,1.16974,1.16937,1.16944
2026-04-29 19:12:00,1.16944,1.16944,1.16903,1.16917
2026-04-29 19:15:00,1.1691799999999999,1.16934,1.16896,1.16912
2026-04-29 19:18:00,1.16912,1.16916,1.16883,1.169
2026-04-29 19:21:00,1.169,1.16914,1.1689,1.16911
2026-04-29 19:24:00,1.1691,1.16948,1.16903,1.1694499999999999
2026-04-29 19:27:00,1.1694499999999999,1.1695,1.16916,1.16924
2026-04-29 19:30:00,1.16924,1.16929,1.16888,1.16926
2026-04-29 19:33:00,1.16927,1.16928,1.1687400000000001,1.16886
2026-04-29 19:36:00,1.16886,1.16897,1.16862,1.16893
2026-04-29 19:39:00,1.16893,1.16897,1.1688,1.16885
2026-04-29 19:42:00,1.16885,1.16886,1.16862,1.16866
2026-04-29 19:45:00,1.16867,1.1687,1.16851,1.16853
2026-04-29 19:48:00,1.16853,1.16865,1.16836,1.16862
2026-04-29 19:51:00,1.16862,1.16877,1.16849,1.16854
2026-04-29 19:54:00,1.16854,1.16863,1.16846,1.16855
2026-04-29 19:57:00,1.16855,1.1685699999999999,1.16827,1.16846
2026-04-29 20:00:00,1.16846,1.16848,1.16811,1.1682299999999999
2026-04-29 20:03:00,1.1682299999999999,1.16826,1.16799,1.16816
2026-04-29 20:06:00,1.16816,1.1683,1.16809,1.16817
2026-04-29 20:09:00,1.16817,1.16817,1.16795,1.16799
2026-04-29 20:12:00,1.16799,1.1681,1.16795,1.1681
2026-04-29 20:15:00,1.1681,1.16831,1.16794,1.16827
2026-04-29 20:18:00,1.16827,1.16854,1.16815,1.16832
2026-04-29 20:21:00,1.16832,1.16833,1.16817,1.16832
2026-04-29 20:24:00,1.16832,1.16844,1.16824,1.16835
2026-04-29 20:27:00,1.16835,1.16837,1.16815,1.16822
2026-04-29 20:30:00,1.16821,1.16841,1.16797,1.16834
2026-04-29 20:33:00,1.16834,1.16845,1.16811,1.16818
2026-04-29 20:36:00,1.16818,1.16833,1.16803,1.16812
2026-04-29 20:39:00,1.16812,1.16833,1.16805,1.16816
2026-04-29 20:42:00,1.16817,1.16835,1.16802,1.16833
2026-04-29 20:45:00,1.16834,1.16849,1.16827,1.1684
2026-04-29 20:48:00,1.1684,1.16877,1.16837,1.16877
2026-04-29 20:51:00,1.16877,1.16889,1.16853,1.16868
2026-04-29 20:54:00,1.16867,1.1687400000000001,1.16853,1.16869
2026-04-29 20:57:00,1.16869,1.16876,1.1686,1.16868
2026-04-29 21:00:00,1.16868,1.16905,1.16761,1.1683
2026-04-29 21:03:00,1.16831,1.16853,1.16784,1.16799
2026-04-29 21:06:00,1.16799,1.16815,1.1674,1.16754
2026-04-29 21:09:00,1.16754,1.16754,1.16704,1.16734
2026-04-29 21:12:00,1.16734,1.16758,1.16733,1.16749
2026-04-29 21:15:00,1.16749,1.16811,1.16737,1.16804
2026-04-29 21:18:00,1.16804,1.16834,1.16804,1.16824
2026-04-29 21:21:00,1.16824,1.16833,1.16776,1.16777
2026-04-29 21:24:00,1.16778,1.16804,1.16773,1.16799
2026-04-29 21:27:00,1.16799,1.16804,1.16745,1.16757
2026-04-29 21:30:00,1.16755,1.16768,1.16719,1.16758
2026-04-29 21:33:00,1.16758,1.16775,1.16712,1.1675
2026-04-29 21:36:00,1.1675,1.16843,1.16668,1.16695
2026-04-29 21:39:00,1.16702,1.1676,1.16694,1.167
2026-04-29 21:42:00,1.167,1.16714,1.16631,1.16638
2026-04-29 21:45:00,1.16639,1.16667,1.166,1.16657
2026-04-29 21:48:00,1.16657,1.16697,1.16645,1.1669100000000001
2026-04-29 21:51:00,1.16689,1.16703,1.16651,1.1666400000000001
2026-04-29 21:54:00,1.1666400000000001,1.16726,1.16648,1.1672
2026-04-29 21:57:00,1.16721,1.1673499999999999,1.16705,1.16721
2026-04-29 22:00:00,1.16721,1.16755,1.16712,1.16715
2026-04-29 22:03:00,1.16715,1.1673,1.16676,1.16684
2026-04-29 22:06:00,1.16683,1.16703,1.16663,1.16692
2026-04-29 22:09:00,1.16692,1.167,1.16665,1.16675
2026-04-29 22:12:00,1.16675,1.16767,1.16669,1.16764
2026-04-29 22:15:00,1.16765,1.16804,1.16759,1.16783
2026-04-29 22:18:00,1.16783,1.16785,1.16765,1.16773
2026-04-29 22:21:00,1.16773,1.16779,1.1673,1.16738
2026-04-29 22:24:00,1.16738,1.16765,1.16732,1.1675
2026-04-29 22:27:00,1.1675,1.16754,1.16732,1.16745
2026-04-29 22:30:00,1.16745,1.16749,1.16709,1.16717
2026-04-29 22:33:00,1.16717,1.16718,1.16696,1.16718
2026-04-29 22:36:00,1.16718,1.16723,1.16711,1.16713
2026-04-29 22:39:00,1.16712,1.16729,1.16699,1.16699
2026-04-29 22:42:00,1.16699,1.16719,1.1667399999999999,1.16712
2026-04-29 22:45:00,1.16712,1.16721,1.16697,1.16712
2026-04-29 22:48:00,1.16712,1.1673499999999999,1.16708,1.16733
2026-04-29 22:51:00,1.16733,1.16759,1.1673,1.16755
2026-04-29 22:54:00,1.16755,1.16766,1.16741,1.16765
2026-04-29 22:57:00,1.16765,1.16769,1.16746,1.1676199999999999
2026-04-29 23:00:00,1.1676199999999999,1.16766,1.16742,1.16764
2026-04-29 23:03:00,1.16764,1.16774,1.16744,1.16765
2026-04-29 23:06:00,1.16766,1.16768,1.1674,1.16757
2026-04-29 23:09:00,1.16757,1.16764,1.16738,1.16738
2026-04-29 23:12:00,1.16737,1.16743,1.16709,1.16723
2026-04-29 23:15:00,1.16723,1.16726,1.16706,1.16712
2026-04-29 23:18:00,1.16712,1.1672500000000001,1.16707,1.16723
2026-04-29 23:21:00,1.16723,1.16728,1.16709,1.16723
2026-04-29 23:24:00,1.16723,1.16732,1.16717,1.16723
2026-04-29 23:27:00,1.16724,1.16747,1.16717,1.1674
2026-04-29 23:30:00,1.16741,1.1675200000000001,1.16734,1.1673499999999999
2026-04-29 23:33:00,1.1673499999999999,1.16737,1.16727,1.16729
2026-04-29 23:36:00,1.16729,1.16741,1.16722,1.16739
2026-04-29 23:39:00,1.16739,1.16755,1.16739,1.16747
2026-04-29 23:42:00,1.16747,1.16749,1.16744,1.16745
2026-04-29 23:45:00,1.16745,1.16749,1.16739,1.16742
2026-04-29 23:48:00,1.16742,1.16744,1.1673499999999999,1.1673499999999999
2026-04-29 23:51:00,1.1673499999999999,1.16738,1.16731,1.16733
2026-04-29 23:54:00,1.16733,1.16734,1.16714,1.16731
2026-04-29 23:57:00,1.16731,1.16748,1.16728,1.16743
2026-04-30 00:00:00,1.16775,1.1678,1.16665,1.1678
2026-04-30 00:03:00,1.1678,1.1678,1.16598,1.16726
2026-04-30 00:06:00,1.16726,1.16755,1.16721,1.16755
2026-04-30 00:09:00,1.16755,1.16756,1.16715,1.16738
2026-04-30 00:12:00,1.16738,1.16743,1.16723,1.16738
2026-04-30 00:15:00,1.1673,1.16743,1.16709,1.16734
2026-04-30 00:18:00,1.16734,1.16738,1.16709,1.16734
2026-04-30 00:21:00,1.16734,1.16739,1.16696,1.16717
2026-04-30 00:24:00,1.16717,1.16754,1.16717,1.16754
2026-04-30 00:27:00,1.16754,1.16754,1.16697,1.1675
2026-04-30 00:30:00,1.1675,1.16766,1.1673499999999999,1.16764
2026-04-30 00:33:00,1.16764,1.16778,1.16719,1.16765
2026-04-30 00:36:00,1.16765,1.16788,1.16719,1.16767
2026-04-30 00:39:00,1.16767,1.16783,1.16738,1.16768
2026-04-30 00:42:00,1.16768,1.16784,1.16696,1.16758
2026-04-30 00:45:00,1.16758,1.1678,1.16737,1.16765
2026-04-30 00:48:00,1.16765,1.16785,1.1673,1.16771
2026-04-30 00:51:00,1.16771,1.16785,1.16742,1.16742
2026-04-30 00:54:00,1.16742,1.16764,1.16736,1.16745
2026-04-30 00:57:00,1.16745,1.1675,1.16719,1.16727
2026-04-30 01:00:00,1.16727,1.16759,1.16719,1.16722
2026-04-30 01:03:00,1.16722,1.16731,1.1671,1.16731
2026-04-30 01:06:00,1.16731,1.16739,1.1672500000000001,1.1673499999999999
2026-04-30 01:09:00,1.1673499999999999,1.16739,1.1672500000000001,1.1673
2026-04-30 01:12:00,1.1673,1.16737,1.16714,1.16723
2026-04-30 01:15:00,1.16723,1.16746,1.16722,1.16744
2026-04-30 01:18:00,1.16743,1.16758,1.16737,1.16757
2026-04-30 01:21:00,1.16756,1.16764,1.16743,1.16754
2026-04-30 01:24:00,1.16754,1.16773,1.1675200000000001,1.1677
2026-04-30 01:27:00,1.1677,1.16777,1.16765,1.16774
2026-04-30 01:30:00,1.16774,1.16785,1.16773,1.16778
2026-04-30 01:33:00,1.16778,1.16779,1.16771,1.16776
2026-04-30 01:36:00,1.16776,1.16778,1.16767,1.16772
2026-04-30 01:39:00,1.16772,1.16774,1.16763,1.16773
2026-04-30 01:42:00,1.16773,1.16777,1.16768,1.16774
2026-04-30 01:45:00,1.16774,1.16784,1.16771,1.1678
2026-04-30 01:48:00,1.1678,1.16784,1.16771,1.16783
2026-04-30 01:51:00,1.16784,1.16784,1.16767,1.16774
2026-04-30 01:54:00,1.16774,1.1678,1.16764,1.16777
2026-04-30 01:57:00,1.16777,1.16777,1.16768,1.16776
2026-04-30 02:00:00,1.16776,1.16784,1.16766,1.16772
2026-04-30 02:03:00,1.16772,1.16773,1.16763,1.16768
2026-04-30 02:06:00,1.16768,1.16768,1.16755,1.1676199999999999
2026-04-30 02:09:00,1.1676199999999999,1.16767,1.16756,1.16767
2026-04-30 02:12:00,1.16767,1.16772,1.16755,1.16772
2026-04-30 02:15:00,1.16772,1.16792,1.16772,1.1679
2026-04-30 02:18:00,1.1679,1.16792,1.16779,1.16787
2026-04-30 02:21:00,1.16787,1.16792,1.16778,1.16787
2026-04-30 02:24:00,1.16787,1.16788,1.16782,1.16787
2026-04-30 02:27:00,1.16787,1.16793,1.1678,1.16793
2026-04-30 02:30:00,1.16793,1.168,1.16783,1.16795
2026-04-30 02:33:00,1.16802,1.16828,1.16802,1.16826
2026-04-30 02:36:00,1.16826,1.16839,1.16819,1.16833
2026-04-30 02:39:00,1.16833,1.16853,1.16825,1.16848
2026-04-30 02:42:00,1.16848,1.16858,1.16833,1.1685699999999999
2026-04-30 02:45:00,1.1685699999999999,1.16863,1.16851,1.16858
2026-04-30 02:48:00,1.16858,1.16858,1.16838,1.1684700000000001
2026-04-30 02:51:00,1.1684700000000001,1.16854,1.1684,1.16848
2026-04-30 02:54:00,1.16848,1.16848,1.16826,1.16841
2026-04-30 02:57:00,1.16841,1.16848,1.16839,1.16845
2026-04-30 03:00:00,1.16845,1.1688399999999999,1.16844,1.16854
2026-04-30 03:03:00,1.16858,1.16872,1.16837,1.16844
2026-04-30 03:06:00,1.16844,1.16888,1.16842,1.16878
2026-04-30 03:09:00,1.16878,1.16892,1.16867,1.16868
2026-04-30 03:12:00,1.16869,1.16879,1.16863,1.16872
2026-04-30 03:15:00,1.16872,1.16879,1.1685699999999999,1.1685699999999999
2026-04-30 03:18:00,1.16859,1.1688399999999999,1.1685699999999999,1.16879
2026-04-30 03:21:00,1.16878,1.16878,1.16859,1.16873
2026-04-30 03:24:00,1.16873,1.1688399999999999,1.1687,1.16877
2026-04-30 03:27:00,1.16877,1.16877,1.1684700000000001,1.16855
2026-04-30 03:30:00,1.16855,1.16872,1.16844,1.16853
2026-04-30 03:33:00,1.16853,1.16856,1.16832,1.16842
2026-04-30 03:36:00,1.16841,1.16843,1.16819,1.16835
2026-04-30 03:39:00,1.16835,1.1684700000000001,1.16822,1.16832
2026-04-30 03:42:00,1.16821,1.1683,1.16814,1.16822
2026-04-30 03:45:00,1.16822,1.16839,1.16818,1.16829
2026-04-30 03:48:00,1.16829,1.16834,1.16818,1.16834
2026-04-30 03:51:00,1.16832,1.16835,1.16809,1.1682
2026-04-30 03:54:00,1.16821,1.16839,1.16791,1.16794
2026-04-30 03:57:00,1.16794,1.16807,1.16791,1.16791
2026-04-30 04:00:00,1.16792,1.16802,1.16774,1.16798
2026-04-30 04:03:00,1.16798,1.16801,1.16773,1.16779
2026-04-30 04:06:00,1.16779,1.1679599999999999,1.16768,1.16794
2026-04-30 04:09:00,1.16794,1.16795,1.16784,1.16789
2026-04-30 04:12:00,1.16789,1.168,1.16787,1.16797
2026-04-30 04:15:00,1.16797,1.16811,1.16792,1.1681
2026-04-30 04:18:00,1.1681300000000001,1.16817,1.16802,1.16809
2026-04-30 04:21:00,1.16809,1.16814,1.1678600000000001,1.16794
2026-04-30 04:24:00,1.16794,1.168,1.16788,1.16793
2026-04-30 04:27:00,1.16794,1.16805,1.16789,1.16789
2026-04-30 04:30:00,1.16789,1.16815,1.16782,1.16803
2026-04-30 04:33:00,1.16803,1.16808,1.16759,1.16769
2026-04-30 04:36:00,1.16769,1.1678,1.1674,1.16777
2026-04-30 04:39:00,1.16777,1.16778,1.16743,1.16763
2026-04-30 04:42:00,1.16763,1.16764,1.16748,1.1675200000000001
2026-04-30 04:45:00,1.1675200000000001,1.16754,1.16729,1.16732
2026-04-30 04:48:00,1.16732,1.16757,1.16732,1.16737
2026-04-30 04:51:00,1.16737,1.16757,1.16731,1.16757
2026-04-30 04:54:00,1.16757,1.16788,1.16754,1.16759
2026-04-30 04:57:00,1.16759,1.16764,1.16728,1.16738
2026-04-30 05:00:00,1.16738,1.1675200000000001,1.16714,1.1673
2026-04-30 05:03:00,1.16732,1.16743,1.16727,1.16727
2026-04-30 05:06:00,1.16727,1.16758,1.16727,1.1675
2026-04-30 05:09:00,1.16749,1.16755,1.16738,1.16746
2026-04-30 05:12:00,1.16746,1.16757,1.16737,1.16757
2026-04-30 05:15:00,1.16757,1.16766,1.16748,1.16755
2026-04-30 05:18:00,1.16755,1.16755,1.16714,1.16726
2026-04-30 05:21:00,1.16726,1.16728,1.16712,1.16717
2026-04-30 05:24:00,1.16717,1.16729,1.16708,1.16716
2026-04-30 05:27:00,1.16716,1.16723,1.16698,1.16711
2026-04-30 05:30:00,1.16711,1.16711,1.16652,1.1669
2026-04-30 05:33:00,1.1669,1.16699,1.16658,1.1666
2026-04-30 05:36:00,1.1666,1.1667,1.1665,1.16654
2026-04-30 05:39:00,1.16654,1.16671,1.16642,1.16661
2026-04-30 05:42:00,1.16661,1.16667,1.16632,1.16647
2026-04-30 05:45:00,1.16647,1.16647,1.16618,1.1663000000000001
2026-04-30 05:48:00,1.1663000000000001,1.16652,1.16625,1.16652
2026-04-30 05:51:00,1.16652,1.16654,1.16633,1.16652
2026-04-30 05:54:00,1.16652,1.16653,1.16639,1.16648
2026-04-30 05:57:00,1.16647,1.16669,1.16645,1.16668
2026-04-30 06:00:00,1.16668,1.16689,1.16667,1.16687
2026-04-30 06:03:00,1.16687,1.16688,1.1667399999999999,1.16682
2026-04-30 06:06:00,1.16682,1.16709,1.16673,1.16709
2026-04-30 06:09:00,1.16709,1.1671,1.16695,1.16699
2026-04-30 06:12:00,1.16699,1.16704,1.16655,1.1667
2026-04-30 06:15:00,1.1667,1.16682,1.16657,1.16675
2026-04-30 06:18:00,1.16675,1.1669,1.1667399999999999,1.1668
2026-04-30 06:21:00,1.1668,1.16685,1.16668,1.16683
2026-04-30 06:24:00,1.16683,1.1670099999999999,1.16679,1.16688
2026-04-30 06:27:00,1.16688,1.167,1.16688,1.16694
2026-04-30 06:30:00,1.16694,1.16696,1.16672,1.1669100000000001
2026-04-30 06:33:00,1.1669100000000001,1.16699,1.16686,1.16687
2026-04-30 06:36:00,1.1669100000000001,1.16698,1.16684,1.16693
2026-04-30 06:39:00,1.16693,1.16695,1.1667399999999999,1.16682
2026-04-30 06:42:00,1.16682,1.16683,1.16659,1.16668
2026-04-30 06:45:00,1.16668,1.16669,1.16652,1.16655
2026-04-30 06:48:00,1.16659,1.16663,1.16652,1.16656
2026-04-30 06:51:00,1.16656,1.16659,1.16644,1.16654
2026-04-30 06:54:00,1.16654,1.16663,1.16649,1.16659
2026-04-30 06:57:00,1.16659,1.16665,1.1665,1.16658
2026-04-30 07:00:00,1.16658,1.16659,1.16634,1.16638
2026-04-30 07:03:00,1.16638,1.16649,1.16623,1.16636
2026-04-30 07:06:00,1.16636,1.16657,1.16623,1.16656
2026-04-30 07:09:00,1.16656,1.1666,1.16644,1.16649
2026-04-30 07:12:00,1.16649,1.16649,1.1663000000000001,1.16643
2026-04-30 07:15:00,1.16643,1.16645,1.1662,1.16621
2026-04-30 07:18:00,1.16621,1.16623,1.16604,1.16617
2026-04-30 07:21:00,1.16617,1.16619,1.16591,1.16598
2026-04-30 07:24:00,1.16598,1.16609,1.16595,1.16595
2026-04-30 07:27:00,1.16595,1.16601,1.16567,1.16588
2026-04-30 07:30:00,1.16586,1.16594,1.16575,1.16576
2026-04-30 07:33:00,1.16576,1.16582,1.16549,1.16566
2026-04-30 07:36:00,1.16566,1.16574,1.16555,1.16561
2026-04-30 07:39:00,1.16561,1.16571,1.16543,1.16557
2026-04-30 07:42:00,1.16557,1.16587,1.1655,1.16585
2026-04-30 07:45:00,1.16584,1.16595,1.16575,1.16586
2026-04-30 07:48:00,1.16586,1.1660300000000001,1.16577,1.166
2026-04-30 07:51:00,1.166,1.16606,1.16588,1.16605
2026-04-30 07:54:00,1.16605,1.16605,1.16588,1.16604
2026-04-30 07:57:00,1.16604,1.16609,1.1659,1.166
2026-04-30 08:00:00,1.166,1.16619,1.16597,1.16606
2026-04-30 08:03:00,1.16606,1.16615,1.16597,1.16614
2026-04-30 08:06:00,1.16614,1.16636,1.16602,1.16633
2026-04-30 08:09:00,1.16633,1.16646,1.16623,1.16641
2026-04-30 08:12:00,1.16641,1.16644,1.16617,1.16632
2026-04-30 08:15:00,1.16633,1.1663999999999999,1.1661299999999999,1.1663000000000001
2026-04-30 08:18:00,1.16631,1.16634,1.16616,1.16624
2026-04-30 08:21:00,1.16624,1.16639,1.16622,1.1663000000000001
2026-04-30 08:24:00,1.1663000000000001,1.16643,1.16607,1.16611
2026-04-30 08:27:00,1.16611,1.16612,1.16599,1.16609
2026-04-30 08:30:00,1.16609,1.16618,1.16592,1.16616
2026-04-30 08:33:00,1.16617,1.16643,1.1661299999999999,1.16634
2026-04-30 08:36:00,1.16642,1.16642,1.16624,1.16631
2026-04-30 08:39:00,1.16632,1.16643,1.16628,1.16633
2026-04-30 08:42:00,1.16633,1.16633,1.16606,1.16614
2026-04-30 08:45:00,1.16614,1.16621,1.16611,1.16612
2026-04-30 08:48:00,1.16612,1.16618,1.16602,1.1661
2026-04-30 08:51:00,1.1661,1.16619,1.16594,1.16597
2026-04-30 08:54:00,1.16597,1.16615,1.1657899999999999,1.16588
2026-04-30 08:57:00,1.16588,1.166,1.16581,1.16593
2026-04-30 09:00:00,1.16592,1.16631,1.16585,1.16618
2026-04-30 09:03:00,1.16618,1.1663000000000001,1.16598,1.16619
2026-04-30 09:06:00,1.16619,1.16652,1.16617,1.16638
2026-04-30 09:09:00,1.16638,1.16645,1.16583,1.16583
2026-04-30 09:12:00,1.16582,1.16608,1.16577,1.16606
2026-04-30 09:15:00,1.16605,1.16619,1.16592,1.16602
2026-04-30 09:18:00,1.16602,1.16628,1.1659,1.16627
2026-04-30 09:21:00,1.16627,1.16644,1.16623,1.1663999999999999
2026-04-30 09:24:00,1.1663999999999999,1.16655,1.16634,1.16643
2026-04-30 09:27:00,1.16643,1.16659,1.16634,1.16654
2026-04-30 09:30:00,1.16654,1.1669,1.16644,1.1669
2026-04-30 09:33:00,1.1669,1.16703,1.16676,1.16687
2026-04-30 09:36:00,1.16687,1.16693,1.16662,1.16683
2026-04-30 09:39:00,1.16683,1.16687,1.16656,1.1666
2026-04-30 09:42:00,1.1666,1.16677,1.16653,1.16676
2026-04-30 09:45:00,1.16676,1.16687,1.16661,1.16673
2026-04-30 09:48:00,1.16672,1.16692,1.16661,1.16689
2026-04-30 09:51:00,1.16689,1.167,1.1668,1.1669100000000001
2026-04-30 09:54:00,1.1669100000000001,1.16705,1.16679,1.1668
2026-04-30 09:57:00,1.1668,1.16705,1.1668,1.16703
2026-04-30 10:00:00,1.16703,1.1674,1.167,1.16732
2026-04-30 10:03:00,1.16732,1.16742,1.16716,1.16721
2026-04-30 10:06:00,1.16721,1.16753,1.16716,1.16753
2026-04-30 10:09:00,1.16753,1.16788,1.1675,1.16784
2026-04-30 10:12:00,1.16783,1.16808,1.16771,1.16805
2026-04-30 10:15:00,1.16805,1.16805,1.16779,1.16788
2026-04-30 10:18:00,1.16788,1.16797,1.16761,1.16771
2026-04-30 10:21:00,1.16771,1.16783,1.16759,1.16783
2026-04-30 10:24:00,1.16783,1.16803,1.16782,1.16793
2026-04-30 10:27:00,1.16793,1.1681300000000001,1.1679,1.16811
2026-04-30 10:30:00,1.16811,1.1681300000000001,1.16789,1.16792
2026-04-30 10:33:00,1.16792,1.16795,1.16759,1.16772
2026-04-30 10:36:00,1.16772,1.1678,1.16749,1.1678
2026-04-30 10:39:00,1.16778,1.16788,1.16771,1.16781
2026-04-30 10:42:00,1.16781,1.16793,1.1676199999999999,1.16787
2026-04-30 10:45:00,1.16787,1.16793,1.16754,1.16761
2026-04-30 10:48:00,1.16761,1.16778,1.16749,1.16769
2026-04-30 10:51:00,1.16769,1.16776,1.1676,1.1677
2026-04-30 10:54:00,1.1677,1.16799,1.16749,1.16799
2026-04-30 10:57:00,1.16799,1.16837,1.16766,1.1679599999999999
2026-04-30 11:00:00,1.16795,1.1684700000000001,1.1678600000000001,1.16828
2026-04-30 11:03:00,1.16828,1.16927,1.16825,1.16925
2026-04-30 11:06:00,1.16926,1.16974,1.16917,1.16953
2026-04-30 11:09:00,1.16955,1.16968,1.16925,1.16943
2026-04-30 11:12:00,1.16943,1.16951,1.16886,1.16902
2026-04-30 11:15:00,1.16901,1.16912,1.16862,1.16872
2026-04-30 11:18:00,1.16872,1.16877,1.16856,1.16871
2026-04-30 11:21:00,1.16871,1.16871,1.16843,1.16851
2026-04-30 11:24:00,1.16851,1.1686,1.16837,1.16844
2026-04-30 11:27:00,1.16844,1.16872,1.16844,1.16871
2026-04-30 11:30:00,1.16872,1.16887,1.16848,1.16852
2026-04-30 11:33:00,1.16852,1.16871,1.16822,1.16829
2026-04-30 11:36:00,1.16829,1.16907,1.16824,1.16903
2026-04-30 11:39:00,1.16903,1.16903,1.1685699999999999,1.16868
2026-04-30 11:42:00,1.16868,1.16871,1.16849,1.16861
2026-04-30 11:45:00,1.16861,1.16863,1.16835,1.1684700000000001
2026-04-30 11:48:00,1.1684700000000001,1.16852,1.16799,1.16807
2026-04-30 11:51:00,1.16807,1.16821,1.16787,1.16804
2026-04-30 11:54:00,1.16804,1.16827,1.16742,1.16771
2026-04-30 11:57:00,1.16771,1.16812,1.16756,1.16794
2026-04-30 12:00:00,1.1679599999999999,1.16814,1.16767,1.1679
2026-04-30 12:03:00,1.1679,1.16806,1.16776,1.16793
2026-04-30 12:06:00,1.16793,1.16793,1.16761,1.16761
2026-04-30 12:09:00,1.16761,1.1679,1.16732,1.1678600000000001
2026-04-30 12:12:00,1.1678600000000001,1.1681300000000001,1.16777,1.16803
2026-04-30 12:15:00,1.16804,1.16804,1.16771,1.16793
2026-04-30 12:18:00,1.16793,1.16808,1.16782,1.1679
2026-04-30 12:21:00,1.1679,1.16828,1.16785,1.16819
2026-04-30 12:24:00,1.16819,1.16833,1.16785,1.16801
2026-04-30 12:27:00,1.16802,1.16865,1.16799,1.16862
2026-04-30 12:30:00,1.16866,1.16954,1.16858,1.16871
2026-04-30 12:33:00,1.16871,1.1688399999999999,1.1685,1.1688399999999999
2026-04-30 12:36:00,1.16885,1.16896,1.16868,1.1689
2026-04-30 12:39:00,1.1689,1.16923,1.16887,1.16898
2026-04-30 12:42:00,1.169,1.16912,1.16888,1.16903
2026-04-30 12:45:00,1.1690800000000001,1.16933,1.16904,1.16917
2026-04-30 12:48:00,1.16917,1.16954,1.16904,1.16953
2026-04-30 12:51:00,1.16953,1.16973,1.1693500000000001,1.1697
2026-04-30 12:54:00,1.1697,1.1697,1.16949,1.16956
2026-04-30 12:57:00,1.16957,1.16961,1.16937,1.16943
2026-04-30 13:00:00,1.16943,1.16948,1.16904,1.16914
2026-04-30 13:03:00,1.16914,1.16957,1.16902,1.1695
2026-04-30 13:06:00,1.1695,1.16954,1.16913,1.16951
2026-04-30 13:09:00,1.16952,1.16959,1.16939,1.16951
2026-04-30 13:12:00,1.16951,1.16959,1.16881,1.16894
2026-04-30 13:15:00,1.16894,1.16934,1.16892,1.16924
2026-04-30 13:18:00,1.16924,1.1695,1.16921,1.16938
2026-04-30 13:21:00,1.16938,1.16961,1.16929,1.1696
2026-04-30 13:24:00,1.1696,1.16996,1.16942,1.16984
2026-04-30 13:27:00,1.16984,1.17072,1.16982,1.17063
2026-04-30 13:30:00,1.17065,1.17116,1.17051,1.17106
2026-04-30 13:33:00,1.17105,1.17116,1.17038,1.17062
2026-04-30 13:36:00,1.17061,1.17078,1.17021,1.17063
2026-04-30 13:39:00,1.17063,1.17078,1.17035,1.17069
2026-04-30 13:42:00,1.17069,1.171,1.17053,1.17085
2026-04-30 13:45:00,1.17084,1.17089,1.17011,1.17016
2026-04-30 13:48:00,1.17016,1.1709100000000001,1.1701,1.1708
2026-04-30 13:51:00,1.1708,1.1711,1.1706699999999999,1.1710099999999999
2026-04-30 13:54:00,1.17099,1.1712,1.17071,1.17103
2026-04-30 13:57:00,1.17103,1.17151,1.17089,1.17147
2026-04-30 14:00:00,1.17147,1.17195,1.17143,1.1718899999999999
2026-04-30 14:03:00,1.1718899999999999,1.17191,1.17109,1.17121
2026-04-30 14:06:00,1.17121,1.17121,1.17052,1.17054
2026-04-30 14:09:00,1.17054,1.17081,1.17028,1.17046
2026-04-30 14:12:00,1.17046,1.17105,1.17042,1.17081
2026-04-30 14:15:00,1.17082,1.17106,1.17068,1.171
2026-04-30 14:18:00,1.171,1.17141,1.17092,1.17133
2026-04-30 14:21:00,1.17133,1.17167,1.17113,1.17165
2026-04-30 14:24:00,1.17165,1.17184,1.17129,1.17172
2026-04-30 14:27:00,1.17172,1.1719,1.17156,1.17167
2026-04-30 14:30:00,1.17167,1.17169,1.17097,1.17115
2026-04-30 14:33:00,1.17115,1.17156,1.17087,1.17155
2026-04-30 14:36:00,1.17157,1.17194,1.17149,1.17183
2026-04-30 14:39:00,1.17183,1.17185,1.17141,1.17176
2026-04-30 14:42:00,1.17176,1.17176,1.1712799999999999,1.17161
2026-04-30 14:45:00,1.17161,1.17191,1.17157,1.1716199999999999
2026-04-30 14:48:00,1.1716199999999999,1.17182,1.17141,1.1715
2026-04-30 14:51:00,1.1715,1.17151,1.17053,1.17064
2026-04-30 14:54:00,1.17064,1.17077,1.17039,1.17059
2026-04-30 14:57:00,1.17059,1.1706,1.17033,1.17048
2026-04-30 15:00:00,1.17048,1.17055,1.1700599999999999,1.17008
2026-04-30 15:03:00,1.17007,1.17018,1.16974,1.17009
2026-04-30 15:06:00,1.17009,1.1705,1.17004,1.17013
2026-04-30 15:09:00,1.17013,1.17034,1.16999,1.17007
2026-04-30 15:12:00,1.17008,1.17046,1.16992,1.17045
2026-04-30 15:15:00,1.17045,1.17048,1.16895,1.16907
2026-04-30 15:18:00,1.16907,1.16976,1.16907,1.16976
2026-04-30 15:21:00,1.16976,1.17004,1.16962,1.17002
2026-04-30 15:24:00,1.17003,1.17028,1.16973,1.17025
2026-04-30 15:27:00,1.17025,1.17048,1.16994,1.17003
2026-04-30 15:30:00,1.17003,1.17027,1.16933,1.16949
2026-04-30 15:33:00,1.16948,1.1697,1.1693,1.1697
2026-04-30 15:36:00,1.1697,1.17001,1.1695,1.16993
2026-04-30 15:39:00,1.16993,1.16999,1.16928,1.16937
2026-04-30 15:42:00,1.16937,1.16954,1.16886,1.169
2026-04-30 15:45:00,1.169,1.16997,1.16888,1.16988
2026-04-30 15:48:00,1.16988,1.16991,1.1692,1.16933
2026-04-30 15:51:00,1.16933,1.16953,1.16913,1.16934
2026-04-30 15:54:00,1.16934,1.16978,1.16919,1.16968
2026-04-30 15:57:00,1.16968,1.1697,1.16921,1.16926
2026-04-30 16:00:00,1.16926,1.16941,1.16898,1.1693
2026-04-30 16:03:00,1.1693,1.16991,1.16852,1.1696
2026-04-30 16:06:00,1.1696,1.1699,1.1694,1.16941
2026-04-30 16:09:00,1.16941,1.17008,1.16933,1.16955
2026-04-30 16:12:00,1.16955,1.16968,1.16904,1.16931
2026-04-30 16:15:00,1.16931,1.16938,1.16859,1.16866
2026-04-30 16:18:00,1.16866,1.16892,1.16863,1.16875
2026-04-30 16:21:00,1.16875,1.16879,1.1685,1.16853
2026-04-30 16:24:00,1.16853,1.16875,1.16817,1.16864
2026-04-30 16:27:00,1.16864,1.1691799999999999,1.16854,1.16916
2026-04-30 16:30:00,1.16916,1.16924,1.1686,1.16875
2026-04-30 16:33:00,1.16875,1.16895,1.16832,1.16843
2026-04-30 16:36:00,1.16843,1.16896,1.16842,1.16892
2026-04-30 16:39:00,1.16892,1.1694499999999999,1.16887,1.16922
2026-04-30 16:42:00,1.1692,1.16928,1.16899,1.16912
2026-04-30 16:45:00,1.16912,1.1694499999999999,1.16885,1.16944
2026-04-30 16:48:00,1.16944,1.16967,1.16928,1.16946
2026-04-30 16:51:00,1.16946,1.16952,1.16899,1.16931
2026-04-30 16:54:00,1.16931,1.16946,1.16909,1.1694499999999999
2026-04-30 16:57:00,1.1694499999999999,1.16956,1.16898,1.169
2026-04-30 17:00:00,1.16901,1.17,1.16862,1.16959
2026-04-30 17:03:00,1.16958,1.16964,1.16903,1.16948
2026-04-30 17:06:00,1.16948,1.16967,1.16919,1.16925
2026-04-30 17:09:00,1.16924,1.16939,1.16889,1.16909
2026-04-30 17:12:00,1.16909,1.16987,1.16892,1.16978
2026-04-30 17:15:00,1.16975,1.17057,1.16974,1.1705
2026-04-30 17:18:00,1.1705,1.17081,1.17039,1.17069
2026-04-30 17:21:00,1.17069,1.17117,1.17066,1.1710099999999999
2026-04-30 17:24:00,1.1710099999999999,1.17135,1.17089,1.17134
2026-04-30 17:27:00,1.17134,1.17149,1.17116,1.17133
2026-04-30 17:30:00,1.17133,1.17142,1.17104,1.17139
2026-04-30 17:33:00,1.17139,1.17147,1.17102,1.17117
2026-04-30 17:36:00,1.17117,1.17117,1.17045,1.17071
2026-04-30 17:39:00,1.17071,1.17117,1.17058,1.17115
2026-04-30 17:42:00,1.17115,1.17145,1.17098,1.1714
2026-04-30 17:45:00,1.1714,1.1715200000000001,1.1712799999999999,1.17145
2026-04-30 17:48:00,1.17145,1.17198,1.17138,1.17198
2026-04-30 17:51:00,1.17198,1.17282,1.17194,1.17275
2026-04-30 17:54:00,1.17275,1.17332,1.17263,1.17318
2026-04-30 17:57:00,1.17318,1.17327,1.17243,1.17276
2026-04-30 18:00:00,1.17277,1.1732,1.17253,1.17268
2026-04-30 18:03:00,1.17267,1.17283,1.17225,1.1724
2026-04-30 18:06:00,1.1724,1.17311,1.17222,1.17295
2026-04-30 18:09:00,1.17295,1.17357,1.17286,1.17347
2026-04-30 18:12:00,1.17347,1.17355,1.17329,1.17346
2026-04-30 18:15:00,1.17344,1.17352,1.17291,1.1731
2026-04-30 18:18:00,1.1731,1.17317,1.17275,1.1728399999999999
2026-04-30 18:21:00,1.1728399999999999,1.17309,1.1724999999999999,1.17307
2026-04-30 18:24:00,1.17307,1.17318,1.17282,1.17289
2026-04-30 18:27:00,1.1729,1.17295,1.1726,1.17267
2026-04-30 18:30:00,1.17267,1.17296,1.1724999999999999,1.1724999999999999
2026-04-30 18:33:00,1.1724999999999999,1.17319,1.17246,1.17317
2026-04-30 18:36:00,1.17317,1.17332,1.17298,1.17332
2026-04-30 18:39:00,1.17332,1.17333,1.17294,1.1730800000000001
2026-04-30 18:42:00,1.1730800000000001,1.17336,1.17293,1.17313
2026-04-30 18:45:00,1.17312,1.17312,1.17245,1.17253
2026-04-30 18:48:00,1.17253,1.17261,1.17232,1.1724700000000001
2026-04-30 18:51:00,1.1724700000000001,1.17263,1.17221,1.17262
2026-04-30 18:54:00,1.17262,1.17293,1.17258,1.17272
2026-04-30 18:57:00,1.17272,1.17297,1.17272,1.17275
2026-04-30 19:00:00,1.17276,1.17288,1.17259,1.17268
2026-04-30 19:03:00,1.17268,1.17341,1.1726,1.1734
2026-04-30 19:06:00,1.1734,1.17355,1.17324,1.17325
2026-04-30 19:09:00,1.17325,1.1734,1.17302,1.17315
2026-04-30 19:12:00,1.17316,1.17338,1.17303,1.17316
2026-04-30 19:15:00,1.17316,1.17324,1.17269,1.17269
2026-04-30 19:18:00,1.17269,1.1727,1.17237,1.17264
2026-04-30 19:21:00,1.17264,1.17281,1.17253,1.17262
2026-04-30 19:24:00,1.17262,1.1727,1.17248,1.17257
2026-04-30 19:27:00,1.17259,1.17265,1.17244,1.17257
2026-04-30 19:30:00,1.17257,1.17261,1.17234,1.17248
2026-04-30 19:33:00,1.17248,1.17252,1.17232,1.17249
2026-04-30 19:36:00,1.17249,1.17263,1.17228,1.17258
2026-04-30 19:39:00,1.17258,1.17267,1.17244,1.1726
2026-04-30 19:42:00,1.1726,1.1727,1.17249,1.17257
2026-04-30 19:45:00,1.17257,1.17258,1.17234,1.17254
2026-04-30 19:48:00,1.17254,1.17257,1.17243,1.1724700000000001
2026-04-30 19:51:00,1.1724700000000001,1.1724999999999999,1.17224,1.1724700000000001
2026-04-30 19:54:00,1.1724700000000001,1.17285,1.17244,1.17261
2026-04-30 19:57:00,1.17261,1.17262,1.17238,1.17254
2026-04-30 20:00:00,1.17254,1.1731,1.17249,1.17298
2026-04-30 20:03:00,1.17298,1.1730800000000001,1.17275,1.17286
2026-04-30 20:06:00,1.17286,1.17288,1.17253,1.17255
2026-04-30 20:09:00,1.17255,1.17268,1.17249,1.17254
2026-04-30 20:12:00,1.17254,1.17268,1.17233,1.17241
2026-04-30 20:15:00,1.17241,1.17253,1.17217,1.17221
2026-04-30 20:18:00,1.17221,1.1728399999999999,1.17221,1.1728399999999999
2026-04-30 20:21:00,1.1728399999999999,1.17288,1.17259,1.17279
2026-04-30 20:24:00,1.17279,1.17289,1.17252,1.17259
2026-04-30 20:27:00,1.17259,1.17277,1.17243,1.17266
2026-04-30 20:30:00,1.17276,1.17323,1.17261,1.17268
2026-04-30 20:33:00,1.17268,1.1728399999999999,1.1726,1.17272
2026-04-30 20:36:00,1.17272,1.17279,1.17261,1.17272
2026-04-30 20:39:00,1.17272,1.1728399999999999,1.17269,1.17282
2026-04-30 20:42:00,1.17282,1.17285,1.17273,1.17283
2026-04-30 20:45:00,1.17283,1.17293,1.1727,1.17276
2026-04-30 20:48:00,1.17276,1.17282,1.1726,1.17273
2026-04-30 20:51:00,1.17272,1.17273,1.17257,1.17262
2026-04-30 20:54:00,1.17259,1.17271,1.1724999999999999,1.17263
2026-04-30 20:57:00,1.17263,1.17273,1.17241,1.17249
2026-04-30 21:00:00,1.17249,1.17298,1.17249,1.17285
2026-04-30 21:03:00,1.17285,1.17289,1.17265,1.1727400000000001
2026-04-30 21:06:00,1.1727400000000001,1.17285,1.17259,1.17263
2026-04-30 21:09:00,1.17263,1.17276,1.17258,1.17269
2026-04-30 21:12:00,1.17269,1.17275,1.17255,1.17261
2026-04-30 21:15:00,1.17261,1.17275,1.1724999999999999,1.17268
2026-04-30 21:18:00,1.17268,1.17307,1.17263,1.17298
2026-04-30 21:21:00,1.17298,1.17326,1.17291,1.17318
2026-04-30 21:24:00,1.17318,1.17318,1.17291,1.17302
2026-04-30 21:27:00,1.17302,1.17314,1.17289,1.17293
2026-04-30 21:30:00,1.17296,1.17321,1.17294,1.17307
2026-04-30 21:33:00,1.17307,1.17334,1.17305,1.17327
2026-04-30 21:36:00,1.17327,1.17348,1.17319,1.17343
2026-04-30 21:39:00,1.17343,1.17353,1.17331,1.17334
2026-04-30 21:42:00,1.17338,1.1737,1.17334,1.17359
2026-04-30 21:45:00,1.17359,1.17375,1.1735,1.17373
2026-04-30 21:48:00,1.17373,1.17395,1.17368,1.17379
2026-04-30 21:51:00,1.17379,1.17398,1.17376,1.17397
2026-04-30 21:54:00,1.17397,1.174,1.17385,1.17387
2026-04-30 21:57:00,1.17387,1.17398,1.17355,1.17363
2026-04-30 22:00:00,1.17361,1.174,1.17361,1.17377
2026-04-30 22:03:00,1.17377,1.17377,1.17356,1.17368
2026-04-30 22:06:00,1.17368,1.17397,1.17363,1.17372
2026-04-30 22:09:00,1.17372,1.17416,1.17371,1.17387
2026-04-30 22:12:00,1.17387,1.17407,1.17382,1.17393
2026-04-30 22:15:00,1.17393,1.1740599999999999,1.17377,1.17392
2026-04-30 22:18:00,1.17392,1.17392,1.17322,1.17324
2026-04-30 22:21:00,1.17324,1.17333,1.17315,1.17332
2026-04-30 22:24:00,1.17332,1.17342,1.17324,1.17328
2026-04-30 22:27:00,1.17328,1.17346,1.17327,1.17343
2026-04-30 22:30:00,1.17343,1.17349,1.17329,1.17337
2026-04-30 22:33:00,1.17337,1.17367,1.17337,1.17351
2026-04-30 22:36:00,1.17351,1.17366,1.17343,1.17353
2026-04-30 22:39:00,1.17352,1.17389,1.17352,1.17368
2026-04-30 22:42:00,1.17368,1.17382,1.17358,1.17367
2026-04-30 22:45:00,1.17367,1.17378,1.1735,1.17375
2026-04-30 22:48:00,1.17375,1.17378,1.17357,1.17367
2026-04-30 22:51:00,1.17367,1.17373,1.17351,1.17364
2026-04-30 22:54:00,1.17364,1.17386,1.17361,1.17367
2026-04-30 22:57:00,1.17367,1.17368,1.1733500000000001,1.1733500000000001
2026-04-30 23:00:00,1.17334,1.17362,1.1733,1.17331
2026-04-30 23:03:00,1.17331,1.1733500000000001,1.17307,1.17326
2026-04-30 23:06:00,1.17326,1.17332,1.17296,1.17301
2026-04-30 23:09:00,1.17301,1.17314,1.17291,1.17309
2026-04-30 23:12:00,1.17309,1.17321,1.17301,1.17318
2026-04-30 23:15:00,1.17318,1.17337,1.17314,1.1733500000000001
2026-04-30 23:18:00,1.1733500000000001,1.17355,1.17334,1.17354
2026-04-30 23:21:00,1.17354,1.17356,1.17334,1.1734
2026-04-30 23:24:00,1.1734,1.17351,1.17334,1.17343
2026-04-30 23:27:00,1.17344,1.17346,1.17322,1.17333
2026-04-30 23:30:00,1.17334,1.17342,1.1733,1.17341
2026-04-30 23:33:00,1.17341,1.17362,1.1734,1.17344
2026-04-30 23:36:00,1.17344,1.17349,1.1733500000000001,1.1733500000000001
2026-04-30 23:39:00,1.1733500000000001,1.17336,1.17313,1.17318
2026-04-30 23:42:00,1.17318,1.17319,1.17305,1.17306
2026-04-30 23:45:00,1.17306,1.17323,1.17306,1.17314
2026-04-30 23:48:00,1.17313,1.17327,1.17313,1.17324
2026-04-30 23:51:00,1.17324,1.17328,1.17311,1.1732
2026-04-30 23:54:00,1.1732,1.17326,1.17302,1.17309
2026-04-30 23:57:00,1.17309,1.17323,1.17301,1.17306
2026-05-01 00:00:00,1.17316,1.17321,1.17264,1.17264
2026-05-01 00:03:00,1.17264,1.1731,1.17264,1.17302
2026-05-01 00:06:00,1.17302,1.17323,1.1729,1.17299
2026-05-01 00:09:00,1.17299,1.17299,1.17281,1.17297
2026-05-01 00:12:00,1.17296,1.17321,1.17295,1.17315
2026-05-01 00:15:00,1.17317,1.17341,1.17307,1.17318
2026-05-01 00:18:00,1.17318,1.17328,1.17289,1.17291
2026-05-01 00:21:00,1.17291,1.17314,1.17291,1.17307
2026-05-01 00:24:00,1.17307,1.17307,1.17292,1.17305
2026-05-01 00:27:00,1.17305,1.17305,1.17289,1.17301
2026-05-01 00:30:00,1.173,1.17304,1.17293,1.173
2026-05-01 00:33:00,1.173,1.17301,1.17295,1.17297
2026-05-01 00:36:00,1.17297,1.17305,1.17292,1.17303
2026-05-01 00:39:00,1.17303,1.17305,1.17295,1.17304
2026-05-01 00:42:00,1.17304,1.17306,1.17298,1.17299
2026-05-01 00:45:00,1.17299,1.1732,1.17296,1.1732
2026-05-01 00:48:00,1.1732,1.17346,1.17315,1.17329
2026-05-01 00:51:00,1.17329,1.17351,1.17328,1.1733500000000001
2026-05-01 00:54:00,1.1733500000000001,1.17346,1.17313,1.17337
2026-05-01 00:57:00,1.17337,1.17351,1.17311,1.17322
2026-05-01 01:00:00,1.17322,1.17359,1.17315,1.17315
2026-05-01 01:03:00,1.17329,1.17338,1.17319,1.17338
2026-05-01 01:06:00,1.17338,1.17342,1.17332,1.17333
2026-05-01 01:09:00,1.17333,1.17337,1.17317,1.17317
2026-05-01 01:12:00,1.17317,1.17322,1.17301,1.1731
2026-05-01 01:15:00,1.17309,1.17315,1.17303,1.17313
2026-05-01 01:18:00,1.17313,1.17317,1.17304,1.17306
2026-05-01 01:21:00,1.17316,1.1732,1.1731,1.17311
2026-05-01 01:24:00,1.17311,1.17318,1.17302,1.17312
2026-05-01 01:27:00,1.17312,1.17313,1.17301,1.1731
2026-05-01 01:30:00,1.1731,1.17317,1.17293,1.17301
2026-05-01 01:33:00,1.17301,1.17302,1.1728399999999999,1.17294
2026-05-01 01:36:00,1.17294,1.17305,1.17288,1.17304
2026-05-01 01:39:00,1.17304,1.1730800000000001,1.17301,1.17306
2026-05-01 01:42:00,1.17306,1.1730800000000001,1.17303,1.17304
2026-05-01 01:45:00,1.17303,1.1730800000000001,1.17292,1.17303
2026-05-01 01:48:00,1.17303,1.17311,1.17291,1.17307
2026-05-01 01:51:00,1.17307,1.1730800000000001,1.17296,1.17303
2026-05-01 01:54:00,1.17303,1.17307,1.17302,1.17306
2026-05-01 01:57:00,1.17307,1.17314,1.17306,1.17312
2026-05-01 02:00:00,1.17312,1.17319,1.17312,1.17312
2026-05-01 02:03:00,1.17312,1.17329,1.17312,1.17326
2026-05-01 02:06:00,1.17326,1.17327,1.17317,1.17317
2026-05-01 02:09:00,1.17317,1.17323,1.17315,1.17318
2026-05-01 02:12:00,1.17318,1.17324,1.17312,1.17314
2026-05-01 02:15:00,1.17314,1.17319,1.17312,1.17317
2026-05-01 02:18:00,1.17317,1.17324,1.17309,1.17323
2026-05-01 02:21:00,1.17323,1.17326,1.17319,1.17321
2026-05-01 02:24:00,1.17321,1.17326,1.17316,1.17322
2026-05-01 02:27:00,1.17322,1.17322,1.17313,1.17317
2026-05-01 02:30:00,1.17318,1.17326,1.17314,1.17323
2026-05-01 02:33:00,1.17322,1.17326,1.17315,1.17317
2026-05-01 02:36:00,1.17317,1.17323,1.17315,1.17315
2026-05-01 02:39:00,1.17315,1.17315,1.1730800000000001,1.17311
2026-05-01 02:42:00,1.17311,1.17316,1.17295,1.17296
2026-05-01 02:45:00,1.17296,1.17299,1.17292,1.17292
2026-05-01 02:48:00,1.17293,1.17302,1.17289,1.17299
2026-05-01 02:51:00,1.17299,1.17304,1.1729,1.17303
2026-05-01 02:54:00,1.17303,1.1730800000000001,1.17292,1.17292
2026-05-01 02:57:00,1.17292,1.17297,1.17279,1.17286
2026-05-01 03:00:00,1.17287,1.17297,1.1728,1.17288
2026-05-01 03:03:00,1.17288,1.17297,1.17281,1.1729
2026-05-01 03:06:00,1.1729,1.17295,1.17279,1.17286
2026-05-01 03:09:00,1.17286,1.17296,1.17272,1.17291
2026-05-01 03:12:00,1.17291,1.17292,1.17237,1.17255
2026-05-01 03:15:00,1.17255,1.17264,1.1723,1.17244
2026-05-01 03:18:00,1.17244,1.17267,1.17232,1.17267
2026-05-01 03:21:00,1.17267,1.1727400000000001,1.17259,1.17269
2026-05-01 03:24:00,1.17269,1.17273,1.17255,1.17265
2026-05-01 03:27:00,1.17266,1.17275,1.17254,1.17272
2026-05-01 03:30:00,1.17273,1.17279,1.17257,1.17267
2026-05-01 03:33:00,1.17263,1.1729,1.17262,1.17289
2026-05-01 03:36:00,1.17288,1.17289,1.17255,1.17275
2026-05-01 03:39:00,1.17275,1.17291,1.1727,1.17287
2026-05-01 03:42:00,1.17287,1.17292,1.17268,1.1729
2026-05-01 03:45:00,1.1729,1.17296,1.17279,1.17288
2026-05-01 03:48:00,1.17288,1.17291,1.17267,1.17273
2026-05-01 03:51:00,1.17271,1.17287,1.17263,1.17286
2026-05-01 03:54:00,1.17286,1.17294,1.17267,1.17285
2026-05-01 03:57:00,1.17285,1.17294,1.1727,1.17276
2026-05-01 04:00:00,1.17276,1.17278,1.17243,1.17264
2026-05-01 04:03:00,1.17264,1.1727,1.17254,1.17269
2026-05-01 04:06:00,1.17269,1.17271,1.17253,1.17253
2026-05-01 04:09:00,1.17253,1.17268,1.1724999999999999,1.17257
2026-05-01 04:12:00,1.17258,1.1728,1.17258,1.17278
2026-05-01 04:15:00,1.17278,1.17286,1.17276,1.17283
2026-05-01 04:18:00,1.17283,1.17283,1.17255,1.17265
2026-05-01 04:21:00,1.17264,1.17294,1.17257,1.17283
2026-05-01 04:24:00,1.17285,1.17302,1.17275,1.17297
2026-05-01 04:27:00,1.17297,1.17298,1.17278,1.17289
2026-05-01 04:30:00,1.17289,1.17328,1.17289,1.17312
2026-05-01 04:33:00,1.17312,1.17318,1.17305,1.17312
2026-05-01 04:36:00,1.17312,1.17315,1.17302,1.1731
2026-05-01 04:39:00,1.1731,1.17314,1.17301,1.17311
2026-05-01 04:42:00,1.17311,1.17313,1.17299,1.17307
2026-05-01 04:45:00,1.17307,1.17311,1.17295,1.1730800000000001
2026-05-01 04:48:00,1.1730800000000001,1.17319,1.17299,1.17317
2026-05-01 04:51:00,1.17317,1.17317,1.17299,1.17312
2026-05-01 04:54:00,1.17312,1.17318,1.173,1.17315
2026-05-01 04:57:00,1.17315,1.17318,1.17295,1.17302
2026-05-01 05:00:00,1.17303,1.17313,1.17297,1.17304
2026-05-01 05:03:00,1.17304,1.17326,1.173,1.1732
2026-05-01 05:06:00,1.1732,1.1732,1.17307,1.17313
2026-05-01 05:09:00,1.17313,1.17336,1.17313,1.1733500000000001
2026-05-01 05:12:00,1.1733500000000001,1.1734,1.17317,1.17324
2026-05-01 05:15:00,1.17324,1.1734,1.17324,1.17331
2026-05-01 05:18:00,1.17333,1.1733500000000001,1.17317,1.17331
2026-05-01 05:21:00,1.17331,1.17333,1.17309,1.17322
2026-05-01 05:24:00,1.17322,1.17334,1.17315,1.17334
2026-05-01 05:27:00,1.17334,1.1733500000000001,1.17316,1.17327
2026-05-01 05:30:00,1.17327,1.17338,1.17316,1.17325
2026-05-01 05:33:00,1.17325,1.17337,1.17314,1.17327
2026-05-01 05:36:00,1.17326,1.17334,1.1732,1.17327
2026-05-01 05:39:00,1.17327,1.1733500000000001,1.17315,1.17328
2026-05-01 05:42:00,1.17328,1.1733500000000001,1.17307,1.1732
2026-05-01 05:45:00,1.1732,1.17324,1.17306,1.1730800000000001
2026-05-01 05:48:00,1.1730800000000001,1.1731,1.17289,1.17295
2026-05-01 05:51:00,1.17295,1.17312,1.17295,1.1730800000000001
2026-05-01 05:54:00,1.17309,1.17322,1.17306,1.1732
2026-05-01 05:57:00,1.1732,1.17339,1.1732,1.1733500000000001
2026-05-01 06:00:00,1.1733500000000001,1.17344,1.1732,1.17337
2026-05-01 06:03:00,1.17337,1.17339,1.17318,1.17327
2026-05-01 06:06:00,1.17327,1.17336,1.17325,1.1733
2026-05-01 06:09:00,1.1733,1.17339,1.17321,1.17331
2026-05-01 06:12:00,1.17331,1.1734499999999999,1.17329,1.17344
2026-05-01 06:15:00,1.17344,1.17351,1.17328,1.1734499999999999
2026-05-01 06:18:00,1.1734499999999999,1.17349,1.1733500000000001,1.17346
2026-05-01 06:21:00,1.17346,1.1736,1.17343,1.17358
2026-05-01 06:24:00,1.17358,1.17363,1.17347,1.17355
2026-05-01 06:27:00,1.17355,1.17358,1.17346,1.17353
2026-05-01 06:30:00,1.17353,1.17361,1.17346,1.17349
2026-05-01 06:33:00,1.17349,1.17352,1.17341,1.17344
2026-05-01 06:36:00,1.17344,1.17355,1.17331,1.17349
2026-05-01 06:39:00,1.17349,1.17363,1.17331,1.17336
2026-05-01 06:42:00,1.17336,1.1734,1.17312,1.17324
2026-05-01 06:45:00,1.17324,1.17334,1.17318,1.17325
2026-05-01 06:48:00,1.17325,1.17325,1.17303,1.17312
2026-05-01 06:51:00,1.17312,1.17325,1.1730800000000001,1.17324
2026-05-01 06:54:00,1.17324,1.17324,1.17303,1.17309
2026-05-01 06:57:00,1.17309,1.17315,1.17302,1.17311
2026-05-01 07:00:00,1.17311,1.17312,1.17297,1.17305
2026-05-01 07:03:00,1.17305,1.17323,1.17276,1.1732
2026-05-01 07:06:00,1.1732,1.1732,1.17286,1.1729
2026-05-01 07:09:00,1.1729,1.17298,1.17278,1.17294
2026-05-01 07:12:00,1.17294,1.17295,1.1728399999999999,1.1729
2026-05-01 07:15:00,1.17289,1.17293,1.17272,1.17287
2026-05-01 07:18:00,1.17287,1.17289,1.1727400000000001,1.17282
2026-05-01 07:21:00,1.17282,1.1728399999999999,1.17266,1.17275
2026-05-01 07:24:00,1.17275,1.17277,1.17261,1.17272
2026-05-01 07:27:00,1.17272,1.17272,1.17255,1.17264
2026-05-01 07:30:00,1.17264,1.17275,1.17257,1.17269
2026-05-01 07:33:00,1.17269,1.17272,1.17259,1.17269
2026-05-01 07:36:00,1.17269,1.1727400000000001,1.1726,1.17265
2026-05-01 07:39:00,1.17265,1.17271,1.17261,1.17264
2026-05-01 07:42:00,1.17264,1.17271,1.17259,1.1727
2026-05-01 07:45:00,1.1727,1.17275,1.17258,1.17264
2026-05-01 07:48:00,1.17264,1.1727,1.17253,1.17264
2026-05-01 07:51:00,1.17264,1.1727400000000001,1.17264,1.17271
2026-05-01 07:54:00,1.17271,1.17275,1.17261,1.17264
2026-05-01 07:57:00,1.17264,1.1727,1.1724999999999999,1.17266
2026-05-01 08:00:00,1.17266,1.17266,1.17246,1.17255
2026-05-01 08:03:00,1.17255,1.1727,1.17252,1.17269
2026-05-01 08:06:00,1.17269,1.17271,1.17258,1.1726
2026-05-01 08:09:00,1.1726,1.1726,1.1724700000000001,1.17254
2026-05-01 08:12:00,1.17254,1.17257,1.17245,1.17253
2026-05-01 08:15:00,1.17253,1.17254,1.17234,1.17243
2026-05-01 08:18:00,1.17243,1.17248,1.17232,1.17244
2026-05-01 08:21:00,1.17244,1.17255,1.17234,1.17249
2026-05-01 08:24:00,1.17249,1.17249,1.1724,1.17245
2026-05-01 08:27:00,1.17245,1.17249,1.1724,1.17244
2026-05-01 08:30:00,1.17243,1.1724700000000001,1.17236,1.17245
2026-05-01 08:33:00,1.17245,1.17255,1.1724,1.1724999999999999
2026-05-01 08:36:00,1.17251,1.17252,1.17242,1.17245
2026-05-01 08:39:00,1.17245,1.17253,1.17236,1.17248
2026-05-01 08:42:00,1.17249,1.17262,1.17243,1.17252
2026-05-01 08:45:00,1.17252,1.17253,1.17234,1.17241
2026-05-01 08:48:00,1.17242,1.1724999999999999,1.17242,1.17248
2026-05-01 08:51:00,1.17248,1.17248,1.17227,1.17227
2026-05-01 08:54:00,1.17227,1.17234,1.17218,1.17225
2026-05-01 08:57:00,1.17225,1.17225,1.17208,1.17224
2026-05-01 09:00:00,1.17224,1.17242,1.17217,1.17236
2026-05-01 09:03:00,1.17236,1.17238,1.1721300000000001,1.1722299999999999
2026-05-01 09:06:00,1.17222,1.17241,1.17212,1.17227
2026-05-01 09:09:00,1.17227,1.17231,1.17211,1.1722
2026-05-01 09:12:00,1.17219,1.17225,1.17218,1.1722
2026-05-01 09:15:00,1.1722,1.17227,1.17205,1.1721300000000001
2026-05-01 09:18:00,1.1721300000000001,1.1722,1.17194,1.17207
2026-05-01 09:21:00,1.17207,1.17217,1.1718899999999999,1.17209
2026-05-01 09:24:00,1.17209,1.1721300000000001,1.17202,1.17202
2026-05-01 09:27:00,1.17202,1.1722,1.1718899999999999,1.17207
2026-05-01 09:30:00,1.17207,1.17209,1.17179,1.17195
2026-05-01 09:33:00,1.17195,1.17198,1.17185,1.17195
2026-05-01 09:36:00,1.17195,1.17214,1.1718600000000001,1.17193
2026-05-01 09:39:00,1.17193,1.17195,1.17181,1.17195
2026-05-01 09:42:00,1.17195,1.17215,1.17193,1.17214
2026-05-01 09:45:00,1.17214,1.17311,1.17209,1.17305
2026-05-01 09:48:00,1.17304,1.17393,1.17304,1.17393
2026-05-01 09:51:00,1.17393,1.17429,1.17378,1.17427
2026-05-01 09:54:00,1.17427,1.17449,1.17409,1.17419
2026-05-01 09:57:00,1.1741,1.17428,1.17353,1.17354
2026-05-01 10:00:00,1.17354,1.17357,1.17317,1.17341
2026-05-01 10:03:00,1.17343,1.17358,1.17322,1.17355
2026-05-01 10:06:00,1.17355,1.17386,1.17318,1.17339
2026-05-01 10:09:00,1.17339,1.1735,1.17318,1.17328
2026-05-01 10:12:00,1.17328,1.17352,1.17318,1.17341
2026-05-01 10:15:00,1.1734,1.17372,1.1731,1.17358
2026-05-01 10:18:00,1.17358,1.1739,1.17348,1.17387
2026-05-01 10:21:00,1.17387,1.17391,1.1733500000000001,1.1735
2026-05-01 10:24:00,1.1735,1.17384,1.17347,1.17366
2026-05-01 10:27:00,1.17367,1.17399,1.17356,1.17395
2026-05-01 10:30:00,1.17395,1.17398,1.17367,1.17379
2026-05-01 10:33:00,1.17378,1.17393,1.17364,1.17387
2026-05-01 10:36:00,1.17387,1.1739,1.17325,1.17327
2026-05-01 10:39:00,1.17327,1.17368,1.17317,1.17364
2026-05-01 10:42:00,1.17364,1.17382,1.17358,1.17368
2026-05-01 10:45:00,1.17367,1.17399,1.17354,1.17389
2026-05-01 10:48:00,1.17389,1.17407,1.17373,1.17391
2026-05-01 10:51:00,1.17391,1.17419,1.17377,1.1739
2026-05-01 10:54:00,1.17389,1.1739,1.17324,1.17328
2026-05-01 10:57:00,1.17327,1.17347,1.173,1.17344
2026-05-01 11:00:00,1.17344,1.17386,1.17331,1.17373
2026-05-01 11:03:00,1.17372,1.17385,1.17351,1.17361
2026-05-01 11:06:00,1.17361,1.17373,1.17339,1.17362
2026-05-01 11:09:00,1.17362,1.17362,1.17318,1.17337
2026-05-01 11:12:00,1.17337,1.17337,1.17313,1.17324
2026-05-01 11:15:00,1.17324,1.1736,1.17312,1.17353
2026-05-01 11:18:00,1.17353,1.1738,1.17343,1.17374
2026-05-01 11:21:00,1.17374,1.17414,1.17372,1.17401
2026-05-01 11:24:00,1.17401,1.17421,1.17395,1.17414
2026-05-01 11:27:00,1.17418,1.1748,1.17417,1.17443
2026-05-01 11:30:00,1.17443,1.17449,1.17417,1.17443
2026-05-01 11:33:00,1.17443,1.17473,1.17441,1.17465
2026-05-01 11:36:00,1.17465,1.1746699999999999,1.17428,1.17434
2026-05-01 11:39:00,1.17434,1.17444,1.17412,1.17432
2026-05-01 11:42:00,1.17432,1.1745,1.17427,1.17446
2026-05-01 11:45:00,1.17446,1.17458,1.17428,1.17431
2026-05-01 11:48:00,1.17431,1.17446,1.17418,1.17437
2026-05-01 11:51:00,1.17437,1.17439,1.17408,1.17425
2026-05-01 11:54:00,1.17425,1.17434,1.17413,1.17422
2026-05-01 11:57:00,1.17422,1.17439,1.1740599999999999,1.17434
2026-05-01 12:00:00,1.17435,1.17438,1.17412,1.1742
2026-05-01 12:03:00,1.1742,1.1742,1.17376,1.1739
2026-05-01 12:06:00,1.1739,1.17398,1.17368,1.17372
2026-05-01 12:09:00,1.17372,1.17389,1.17359,1.17374
2026-05-01 12:12:00,1.17374,1.17386,1.1736,1.17379
2026-05-01 12:15:00,1.17379,1.1739,1.17363,1.17381
2026-05-01 12:18:00,1.17382,1.17388,1.17348,1.17358
2026-05-01 12:21:00,1.17358,1.1736,1.17338,1.17348
2026-05-01 12:24:00,1.17348,1.17353,1.17322,1.17334
2026-05-01 12:27:00,1.17334,1.17352,1.17325,1.17338
2026-05-01 12:30:00,1.17333,1.17354,1.17329,1.17348
2026-05-01 12:33:00,1.17348,1.17366,1.1734,1.17357
2026-05-01 12:36:00,1.17357,1.17368,1.17337,1.1736
2026-05-01 12:39:00,1.1736,1.17364,1.17338,1.17364
2026-05-01 12:42:00,1.17364,1.17385,1.17357,1.1736900000000001
2026-05-01 12:45:00,1.1736900000000001,1.17373,1.17346,1.17346
2026-05-01 12:48:00,1.17346,1.17356,1.1734,1.17353
2026-05-01 12:51:00,1.17351,1.17355,1.17329,1.17341
2026-05-01 12:54:00,1.17341,1.17349,1.17319,1.17332
2026-05-01 12:57:00,1.17332,1.17333,1.17303,1.17313
2026-05-01 13:00:00,1.17313,1.17337,1.1730800000000001,1.17319
2026-05-01 13:03:00,1.17319,1.1736900000000001,1.17319,1.1736900000000001
2026-05-01 13:06:00,1.1736900000000001,1.17407,1.17364,1.17402
2026-05-01 13:09:00,1.17399,1.17422,1.17392,1.17418
2026-05-01 13:12:00,1.17419,1.17422,1.17401,1.17417
2026-05-01 13:15:00,1.17417,1.17421,1.17404,1.1741
2026-05-01 13:18:00,1.1741,1.17441,1.17405,1.1743999999999999
2026-05-01 13:21:00,1.1743999999999999,1.17442,1.1742,1.17434
2026-05-01 13:24:00,1.17433,1.17437,1.17415,1.17435
2026-05-01 13:27:00,1.17435,1.17435,1.17405,1.1742
2026-05-01 13:30:00,1.1742,1.17437,1.17415,1.1743000000000001
2026-05-01 13:33:00,1.1743000000000001,1.17435,1.17408,1.17413
2026-05-01 13:36:00,1.17413,1.17416,1.17385,1.17405
2026-05-01 13:39:00,1.17405,1.17409,1.17389,1.1740599999999999
2026-05-01 13:42:00,1.17405,1.17412,1.17397,1.17404
2026-05-01 13:45:00,1.17403,1.17436,1.17402,1.17436
2026-05-01 13:48:00,1.17436,1.1745700000000001,1.17427,1.17445
2026-05-01 13:51:00,1.17445,1.17449,1.17424,1.17439
2026-05-01 13:54:00,1.17439,1.17443,1.17431,1.17437
2026-05-01 13:57:00,1.1743999999999999,1.17446,1.17429,1.17446
2026-05-01 14:00:00,1.17446,1.17453,1.17434,1.17445
2026-05-01 14:03:00,1.17448,1.17466,1.17448,1.1745700000000001
2026-05-01 14:06:00,1.1745700000000001,1.17466,1.17443,1.17448
2026-05-01 14:09:00,1.17448,1.17497,1.17443,1.17478
2026-05-01 14:12:00,1.17478,1.17509,1.17474,1.17508
2026-05-01 14:15:00,1.17508,1.17536,1.1749100000000001,1.17534
2026-05-01 14:18:00,1.17534,1.17541,1.1751800000000001,1.17541
2026-05-01 14:21:00,1.1754,1.17547,1.17523,1.1752799999999999
2026-05-01 14:24:00,1.1752799999999999,1.17582,1.17519,1.17576
2026-05-01 14:27:00,1.17576,1.17577,1.17542,1.17554
2026-05-01 14:30:00,1.17554,1.17569,1.17517,1.17527
2026-05-01 14:33:00,1.17527,1.1752799999999999,1.175,1.17505
2026-05-01 14:36:00,1.17505,1.17517,1.17493,1.17495
2026-05-01 14:39:00,1.17496,1.17507,1.17483,1.17487
2026-05-01 14:42:00,1.17488,1.17497,1.17475,1.17477
2026-05-01 14:45:00,1.17477,1.17492,1.1746699999999999,1.17479
2026-05-01 14:48:00,1.17479,1.17485,1.17451,1.1745700000000001
2026-05-01 14:51:00,1.1745700000000001,1.17472,1.1745,1.17468
2026-05-01 14:54:00,1.1746699999999999,1.17504,1.17461,1.175
2026-05-01 14:57:00,1.17503,1.17515,1.1749,1.17513
2026-05-01 15:00:00,1.17513,1.17524,1.17473,1.17487
2026-05-01 15:03:00,1.17487,1.1754,1.17478,1.17519
2026-05-01 15:06:00,1.17519,1.1753,1.17492,1.17499
2026-05-01 15:09:00,1.17499,1.17543,1.17489,1.17537
2026-05-01 15:12:00,1.17537,1.17614,1.1752799999999999,1.17585
2026-05-01 15:15:00,1.17585,1.17614,1.17573,1.17601
2026-05-01 15:18:00,1.17609,1.1764999999999999,1.176,1.17617
2026-05-01 15:21:00,1.17617,1.17689,1.17607,1.17685
2026-05-01 15:24:00,1.17685,1.17685,1.1764999999999999,1.17663
2026-05-01 15:27:00,1.17663,1.17663,1.17638,1.17654
2026-05-01 15:30:00,1.17654,1.17668,1.17637,1.17652
2026-05-01 15:33:00,1.17652,1.17658,1.17626,1.17636
2026-05-01 15:36:00,1.17636,1.17648,1.17622,1.17632
2026-05-01 15:39:00,1.17632,1.17648,1.17601,1.17604
2026-05-01 15:42:00,1.17604,1.17616,1.17587,1.17595
2026-05-01 15:45:00,1.17595,1.17618,1.17567,1.17576
2026-05-01 15:48:00,1.17577,1.1758899999999999,1.17561,1.1757900000000001
2026-05-01 15:51:00,1.1757900000000001,1.17609,1.17571,1.1758899999999999
2026-05-01 15:54:00,1.1758899999999999,1.1759,1.17574,1.17586
2026-05-01 15:57:00,1.17586,1.17597,1.17574,1.17574
2026-05-01 16:00:00,1.17574,1.17603,1.17563,1.17596
2026-05-01 16:03:00,1.17597,1.17602,1.17577,1.17586
2026-05-01 16:06:00,1.17587,1.17614,1.1757,1.17604
2026-05-01 16:09:00,1.17604,1.17622,1.17597,1.17603
2026-05-01 16:12:00,1.17603,1.17603,1.17577,1.17592
2026-05-01 16:15:00,1.17592,1.17611,1.17575,1.17586
2026-05-01 16:18:00,1.17585,1.17593,1.17558,1.17582
2026-05-01 16:21:00,1.17582,1.17585,1.1756,1.17564
2026-05-01 16:24:00,1.17565,1.17568,1.17543,1.17548
2026-05-01 16:27:00,1.17548,1.17551,1.17527,1.17549
2026-05-01 16:30:00,1.17549,1.17559,1.1752799999999999,1.17557
2026-05-01 16:33:00,1.17557,1.17582,1.1755,1.17568
2026-05-01 16:36:00,1.17568,1.17576,1.17535,1.17548
2026-05-01 16:39:00,1.17548,1.17559,1.17531,1.17549
2026-05-01 16:42:00,1.17549,1.17554,1.17519,1.17533
2026-05-01 16:45:00,1.17532,1.17538,1.17456,1.1746699999999999
2026-05-01 16:48:00,1.1746699999999999,1.17538,1.17434,1.17535
2026-05-01 16:51:00,1.17535,1.1754,1.17463,1.17509
2026-05-01 16:54:00,1.17509,1.17637,1.1750099999999999,1.17603
2026-05-01 16:57:00,1.17603,1.1762299999999999,1.17578,1.1762
2026-05-01 17:00:00,1.1762,1.17703,1.17602,1.17699
2026-05-01 17:03:00,1.177,1.17731,1.17677,1.17718
2026-05-01 17:06:00,1.17718,1.17749,1.17708,1.17742
2026-05-01 17:09:00,1.17742,1.17784,1.17727,1.17779
2026-05-01 17:12:00,1.17779,1.17832,1.17761,1.17785
2026-05-01 17:15:00,1.17785,1.178,1.17765,1.17777
2026-05-01 17:18:00,1.17777,1.17824,1.17752,1.17817
2026-05-01 17:21:00,1.17817,1.17842,1.17808,1.17842
2026-05-01 17:24:00,1.17842,1.17852,1.17807,1.17825
2026-05-01 17:27:00,1.17825,1.17834,1.17781,1.1779
2026-05-01 17:30:00,1.1779,1.17803,1.17768,1.17789
2026-05-01 17:33:00,1.17789,1.17789,1.17722,1.17732
2026-05-01 17:36:00,1.17732,1.17748,1.17712,1.17721
2026-05-01 17:39:00,1.17722,1.17724,1.17673,1.17687
2026-05-01 17:42:00,1.17687,1.17737,1.17673,1.17703
2026-05-01 17:45:00,1.17703,1.17734,1.17693,1.17706
2026-05-01 17:48:00,1.17706,1.17718,1.17665,1.17679
2026-05-01 17:51:00,1.1768,1.177,1.1764999999999999,1.17657
2026-05-01 17:54:00,1.17656,1.17689,1.17638,1.17683
2026-05-01 17:57:00,1.17683,1.17685,1.17654,1.17673
2026-05-01 18:00:00,1.17673,1.17676,1.17644,1.17671
2026-05-01 18:03:00,1.17671,1.17687,1.17649,1.17657
2026-05-01 18:06:00,1.17657,1.17673,1.17635,1.17673
2026-05-01 18:09:00,1.17676,1.17687,1.17658,1.17666
2026-05-01 18:12:00,1.17666,1.17703,1.17665,1.17697
2026-05-01 18:15:00,1.17697,1.17707,1.17672,1.17683
2026-05-01 18:18:00,1.17672,1.17692,1.17669,1.17679
2026-05-01 18:21:00,1.17679,1.17686,1.1764000000000001,1.17649
2026-05-01 18:24:00,1.17649,1.17662,1.17632,1.17639
2026-05-01 18:27:00,1.17639,1.17648,1.17622,1.1764000000000001
2026-05-01 18:30:00,1.1764000000000001,1.17666,1.1762,1.17626
2026-05-01 18:33:00,1.17635,1.17649,1.17621,1.17632
2026-05-01 18:36:00,1.17632,1.17681,1.17621,1.17652
2026-05-01 18:39:00,1.17652,1.17652,1.17625,1.17632
2026-05-01 18:42:00,1.17632,1.17648,1.17602,1.17639
2026-05-01 18:45:00,1.17639,1.17661,1.17625,1.17655
2026-05-01 18:48:00,1.17655,1.17685,1.17532,1.17599
2026-05-01 18:51:00,1.17599,1.17625,1.17567,1.17622
2026-05-01 18:54:00,1.17622,1.17637,1.17588,1.17598
2026-05-01 18:57:00,1.17598,1.17598,1.17547,1.17549
2026-05-01 19:00:00,1.17546,1.17551,1.17523,1.17544
2026-05-01 19:03:00,1.17546,1.17571,1.17543,1.17567
2026-05-01 19:06:00,1.17567,1.17567,1.17543,1.17553
2026-05-01 19:09:00,1.17553,1.17554,1.17505,1.17544
2026-05-01 19:12:00,1.17544,1.17545,1.17527,1.1753
2026-05-01 19:15:00,1.1753,1.17563,1.1753,1.17555
2026-05-01 19:18:00,1.17555,1.17558,1.17532,1.17537
2026-05-01 19:21:00,1.17537,1.17549,1.1747,1.17493
2026-05-01 19:24:00,1.17493,1.17512,1.17465,1.1749100000000001
2026-05-01 19:27:00,1.1749100000000001,1.17496,1.17469,1.17479
2026-05-01 19:30:00,1.17479,1.17488,1.17466,1.17481
2026-05-01 19:33:00,1.17481,1.17481,1.17413,1.17447
2026-05-01 19:36:00,1.17447,1.17447,1.17423,1.17432
2026-05-01 19:39:00,1.17432,1.17473,1.17429,1.17462
2026-05-01 19:42:00,1.17462,1.17465,1.17439,1.17451
2026-05-01 19:45:00,1.17451,1.17453,1.17413,1.17432
2026-05-01 19:48:00,1.17432,1.17437,1.17414,1.17427
2026-05-01 19:51:00,1.17427,1.17434,1.17401,1.17414
2026-05-01 19:54:00,1.17414,1.17423,1.17378,1.1739
2026-05-01 19:57:00,1.1739,1.17409,1.17372,1.17381
2026-05-01 20:00:00,1.17381,1.17401,1.17376,1.17392
2026-05-01 20:03:00,1.17392,1.17392,1.17347,1.1736
2026-05-01 20:06:00,1.17364,1.17395,1.17363,1.17381
2026-05-01 20:09:00,1.17392,1.17397,1.17375,1.17389
2026-05-01 20:12:00,1.17389,1.17404,1.17362,1.1737
2026-05-01 20:15:00,1.1737,1.17378,1.17354,1.17364
2026-05-01 20:18:00,1.17364,1.17379,1.17352,1.17373
2026-05-01 20:21:00,1.17373,1.17393,1.17367,1.17373
2026-05-01 20:24:00,1.17373,1.17374,1.17352,1.1736
2026-05-01 20:27:00,1.1736,1.17368,1.17344,1.17364
2026-05-01 20:30:00,1.17364,1.17378,1.17364,1.17365
2026-05-01 20:33:00,1.17365,1.17372,1.17293,1.17312
2026-05-01 20:36:00,1.17312,1.17329,1.17291,1.17319
2026-05-01 20:39:00,1.17319,1.17333,1.17319,1.17333
2026-05-01 20:42:00,1.17333,1.17339,1.17302,1.17306
2026-05-01 20:45:00,1.17306,1.17316,1.17295,1.17304
2026-05-01 20:48:00,1.17304,1.17314,1.17292,1.17306
2026-05-01 20:51:00,1.17306,1.17372,1.17299,1.17332
2026-05-01 20:54:00,1.17332,1.17338,1.17323,1.17328
2026-05-01 20:57:00,1.17328,1.17333,1.17311,1.1733
2026-05-01 21:00:00,1.1733,1.17339,1.17277,1.17282
2026-05-01 21:03:00,1.17282,1.17293,1.17235,1.17254
2026-05-01 21:06:00,1.17253,1.17269,1.17236,1.1726
2026-05-01 21:09:00,1.1726,1.17264,1.1724,1.17263
2026-05-01 21:12:00,1.17264,1.17267,1.17248,1.17255
2026-05-01 21:15:00,1.17256,1.1726,1.17225,1.17252
2026-05-01 21:18:00,1.17252,1.17269,1.17248,1.17267
2026-05-01 21:21:00,1.17267,1.17278,1.1724999999999999,1.17264
2026-05-01 21:24:00,1.17264,1.17268,1.17237,1.17237
2026-05-01 21:27:00,1.17237,1.17248,1.17196,1.17238
2026-05-01 21:30:00,1.17239,1.17258,1.17193,1.17214
2026-05-01 21:33:00,1.17215,1.17219,1.17196,1.17218
2026-05-01 21:36:00,1.17219,1.1724,1.17209,1.17239
2026-05-01 21:39:00,1.17239,1.17265,1.17239,1.17254
2026-05-01 21:42:00,1.17254,1.17264,1.17238,1.17262
2026-05-01 21:45:00,1.17262,1.17278,1.17252,1.17271
2026-05-01 21:48:00,1.17271,1.17279,1.17259,1.1726
2026-05-01 21:51:00,1.1726,1.17265,1.17242,1.17249
2026-05-01 21:54:00,1.17248,1.17286,1.17241,1.17277
2026-05-01 21:57:00,1.17277,1.17292,1.17266,1.17273
2026-05-01 22:00:00,1.17273,1.17283,1.17257,1.17257
2026-05-01 22:03:00,1.17257,1.17261,1.17238,1.17257
2026-05-01 22:06:00,1.17257,1.17265,1.17254,1.17256
2026-05-01 22:09:00,1.17255,1.1726,1.17232,1.17246
2026-05-01 22:12:00,1.17246,1.17248,1.17229,1.17245
2026-05-01 22:15:00,1.17245,1.17252,1.17231,1.17244
2026-05-01 22:18:00,1.17244,1.17246,1.17232,1.17243
2026-05-01 22:21:00,1.17243,1.17252,1.17236,1.17242
2026-05-01 22:24:00,1.17242,1.17249,1.17228,1.1724700000000001
2026-05-01 22:27:00,1.1724700000000001,1.17249,1.17226,1.17228
2026-05-01 22:30:00,1.17228,1.17228,1.17201,1.17219
2026-05-01 22:33:00,1.17219,1.17225,1.17207,1.17215
2026-05-01 22:36:00,1.17215,1.1722,1.17196,1.1722
2026-05-01 22:39:00,1.1722,1.17234,1.17219,1.17229
2026-05-01 22:42:00,1.17229,1.1723,1.17188,1.17205
2026-05-01 22:45:00,1.17204,1.1721,1.17199,1.17204
2026-05-01 22:48:00,1.17204,1.17209,1.17166,1.17179
2026-05-01 22:51:00,1.1718,1.17196,1.17177,1.1719
2026-05-01 22:54:00,1.1718899999999999,1.17199,1.17184,1.17193
2026-05-01 22:57:00,1.17193,1.17202,1.17171,1.17195
2026-05-01 23:00:00,1.17194,1.1721300000000001,1.17192,1.17204
2026-05-01 23:03:00,1.17204,1.1721300000000001,1.17199,1.172
2026-05-01 23:06:00,1.17202,1.17207,1.17197,1.17207
2026-05-01 23:09:00,1.17207,1.17222,1.17206,1.17222
2026-05-01 23:12:00,1.17222,1.1722299999999999,1.17201,1.17202
2026-05-01 23:15:00,1.17202,1.17205,1.1718600000000001,1.17192
2026-05-01 23:18:00,1.17192,1.17195,1.17182,1.17191
2026-05-01 23:21:00,1.1719,1.17199,1.1718600000000001,1.17195
2026-05-01 23:24:00,1.17195,1.17195,1.17181,1.17188
2026-05-01 23:27:00,1.17181,1.1718899999999999,1.17159,1.17166
2026-05-01 23:30:00,1.17167,1.1718899999999999,1.1716199999999999,1.17179
2026-05-01 23:33:00,1.17179,1.17185,1.17175,1.17179
2026-05-01 23:36:00,1.17179,1.17182,1.17159,1.17159
2026-05-01 23:39:00,1.1716,1.17175,1.17154,1.17173
2026-05-01 23:42:00,1.17172,1.17192,1.17172,1.17191
2026-05-01 23:45:00,1.17191,1.17193,1.17179,1.17187
2026-05-01 23:48:00,1.17187,1.17191,1.17179,1.1718
2026-05-01 23:51:00,1.1718,1.17199,1.17169,1.17188
2026-05-01 23:54:00,1.17184,1.17209,1.17179,1.17196
2026-05-01 23:57:00,1.17196,1.17208,1.1715200000000001,1.17179
2026-05-04 00:00:00,1.17439,1.17464,1.17384,1.17447
2026-05-04 00:03:00,1.17447,1.17468,1.17447,1.17464
2026-05-04 00:06:00,1.17465,1.17469,1.17436,1.17446
2026-05-04 00:09:00,1.17446,1.17463,1.17432,1.17463
2026-05-04 00:12:00,1.17463,1.17481,1.17463,1.17481
2026-05-04 00:15:00,1.17481,1.17481,1.17424,1.17435
2026-05-04 00:18:00,1.17436,1.17464,1.17435,1.17462
2026-05-04 00:21:00,1.17462,1.17478,1.17452,1.17474
2026-05-04 00:24:00,1.17474,1.1749,1.1746699999999999,1.1749
2026-05-04 00:27:00,1.1749,1.1749,1.17461,1.17468
2026-05-04 00:30:00,1.17468,1.17484,1.17462,1.1747
2026-05-04 00:33:00,1.1747,1.17478,1.17463,1.17468
2026-05-04 00:36:00,1.17468,1.17469,1.17458,1.17466
2026-05-04 00:39:00,1.17466,1.17468,1.17464,1.17464
2026-05-04 00:42:00,1.17464,1.17475,1.17464,1.17466
2026-05-04 00:45:00,1.17464,1.17464,1.17446,1.1745
2026-05-04 00:48:00,1.1745,1.1745700000000001,1.17423,1.17425
2026-05-04 00:51:00,1.17425,1.17432,1.17413,1.17421
2026-05-04 00:54:00,1.17421,1.17421,1.1741,1.1741
2026-05-04 00:57:00,1.1741,1.17424,1.17383,1.17411
2026-05-04 01:00:00,1.17411,1.17419,1.17339,1.17394
2026-05-04 01:03:00,1.17394,1.1739600000000001,1.17359,1.1738
2026-05-04 01:06:00,1.1738,1.17399,1.17359,1.17361
2026-05-04 01:09:00,1.17361,1.17362,1.17327,1.17362
2026-05-04 01:12:00,1.17362,1.17366,1.17325,1.17339
2026-05-04 01:15:00,1.17339,1.17339,1.17296,1.17306
2026-05-04 01:18:00,1.17306,1.17314,1.17294,1.17294
2026-05-04 01:21:00,1.17294,1.1731,1.17266,1.17275
2026-05-04 01:24:00,1.17277,1.17295,1.17269,1.1729
2026-05-04 01:27:00,1.1729,1.1733500000000001,1.1729,1.1732
2026-05-04 01:30:00,1.1732,1.17337,1.17317,1.17333
2026-05-04 01:33:00,1.17333,1.17347,1.17315,1.17319
2026-05-04 01:36:00,1.17319,1.17356,1.17319,1.1735
2026-05-04 01:39:00,1.1735,1.17361,1.17334,1.17357
2026-05-04 01:42:00,1.17357,1.17359,1.17343,1.17352
2026-05-04 01:45:00,1.17352,1.17359,1.17343,1.1734499999999999
2026-05-04 01:48:00,1.17344,1.17344,1.17325,1.17332
2026-05-04 01:51:00,1.17332,1.17334,1.17315,1.17317
2026-05-04 01:54:00,1.17319,1.17334,1.17292,1.17312
2026-05-04 01:57:00,1.17312,1.17332,1.17312,1.17331
2026-05-04 02:00:00,1.17331,1.17331,1.17304,1.17314
2026-05-04 02:03:00,1.17314,1.17323,1.17313,1.17319
2026-05-04 02:06:00,1.17319,1.17321,1.17314,1.1732
2026-05-04 02:09:00,1.1732,1.17327,1.17315,1.17324
2026-05-04 02:12:00,1.17324,1.17324,1.17314,1.17322
2026-05-04 02:15:00,1.17322,1.17322,1.17296,1.17313
2026-05-04 02:18:00,1.17313,1.17315,1.17296,1.17309
2026-05-04 02:21:00,1.17309,1.17314,1.17303,1.1731
2026-05-04 02:24:00,1.1731,1.17312,1.173,1.17311
2026-05-04 02:27:00,1.17311,1.17312,1.173,1.17306
2026-05-04 02:30:00,1.17306,1.17311,1.17295,1.17307
2026-05-04 02:33:00,1.17307,1.17317,1.17299,1.17311
2026-05-04 02:36:00,1.17312,1.17321,1.17309,1.17314
2026-05-04 02:39:00,1.17314,1.17316,1.17285,1.17294
2026-05-04 02:42:00,1.17294,1.17294,1.1726,1.17261
2026-05-04 02:45:00,1.17264,1.17298,1.1724999999999999,1.17292
2026-05-04 02:48:00,1.17292,1.17292,1.1727,1.1727400000000001
2026-05-04 02:51:00,1.17275,1.17294,1.17273,1.17285
2026-05-04 02:54:00,1.17285,1.17285,1.17266,1.17269
2026-05-04 02:57:00,1.17269,1.1727,1.17248,1.17257
2026-05-04 03:00:00,1.17258,1.1726,1.17238,1.17258
2026-05-04 03:03:00,1.17258,1.17272,1.1724,1.17266
2026-05-04 03:06:00,1.17266,1.17288,1.17264,1.17271
2026-05-04 03:09:00,1.17271,1.17281,1.17256,1.17263
2026-05-04 03:12:00,1.17263,1.17264,1.17241,1.17254
2026-05-04 03:15:00,1.17254,1.17266,1.17239,1.17249
2026-05-04 03:18:00,1.17248,1.17255,1.1724,1.17242
2026-05-04 03:21:00,1.17242,1.17242,1.17216,1.17233
2026-05-04 03:24:00,1.17233,1.1724,1.17206,1.17221
2026-05-04 03:27:00,1.17221,1.17244,1.17215,1.17235
2026-05-04 03:30:00,1.17235,1.17254,1.17229,1.17242
2026-05-04 03:33:00,1.17242,1.17258,1.17236,1.17255
2026-05-04 03:36:00,1.17255,1.17258,1.17245,1.1724999999999999
2026-05-04 03:39:00,1.1724999999999999,1.1726,1.17245,1.17253
2026-05-04 03:42:00,1.17253,1.17257,1.17241,1.17245
2026-05-04 03:45:00,1.17246,1.17257,1.17234,1.1724999999999999
2026-05-04 03:48:00,1.1724999999999999,1.17265,1.1724,1.17264
2026-05-04 03:51:00,1.17264,1.17268,1.17234,1.1724
2026-05-04 03:54:00,1.1724,1.17265,1.17234,1.17263
2026-05-04 03:57:00,1.17263,1.1727400000000001,1.17257,1.1727
2026-05-04 04:00:00,1.1727,1.17271,1.17227,1.17241
2026-05-04 04:03:00,1.1724,1.17245,1.17216,1.17225
2026-05-04 04:06:00,1.17226,1.17226,1.172,1.172
2026-05-04 04:09:00,1.172,1.17226,1.172,1.1722
2026-05-04 04:12:00,1.1722,1.17227,1.17202,1.17225
2026-05-04 04:15:00,1.17226,1.17291,1.17221,1.17264
2026-05-04 04:18:00,1.17264,1.17265,1.17226,1.17231
2026-05-04 04:21:00,1.17231,1.17251,1.17229,1.17237
2026-05-04 04:24:00,1.17237,1.17239,1.17212,1.17225
2026-05-04 04:27:00,1.17225,1.17231,1.17214,1.17224
2026-05-04 04:30:00,1.17224,1.17232,1.17216,1.17224
2026-05-04 04:33:00,1.17224,1.17227,1.17209,1.1722
2026-05-04 04:36:00,1.1722,1.17236,1.1722,1.17228
2026-05-04 04:39:00,1.17228,1.17251,1.17226,1.17245
2026-05-04 04:42:00,1.17245,1.17257,1.1724,1.17255
2026-05-04 04:45:00,1.17255,1.17263,1.17229,1.17238
2026-05-04 04:48:00,1.1723,1.1724,1.17212,1.17231
2026-05-04 04:51:00,1.17231,1.17231,1.17214,1.17218
2026-05-04 04:54:00,1.1722,1.1724700000000001,1.17219,1.17241
2026-05-04 04:57:00,1.17241,1.17253,1.1723,1.17238
2026-05-04 05:00:00,1.17251,1.17257,1.17228,1.1724
2026-05-04 05:03:00,1.1724,1.17257,1.17228,1.17244
2026-05-04 05:06:00,1.17244,1.17257,1.17232,1.17254
2026-05-04 05:09:00,1.17254,1.17259,1.17242,1.17248
2026-05-04 05:12:00,1.17248,1.17279,1.17245,1.1727
2026-05-04 05:15:00,1.1727,1.1727,1.17236,1.17244
2026-05-04 05:18:00,1.17244,1.17252,1.17237,1.17244
2026-05-04 05:21:00,1.17244,1.17249,1.17233,1.17233
2026-05-04 05:24:00,1.17233,1.17246,1.17227,1.17232
2026-05-04 05:27:00,1.17232,1.17234,1.17225,1.17226
2026-05-04 05:30:00,1.17226,1.17234,1.17224,1.17233
2026-05-04 05:33:00,1.17233,1.17254,1.17233,1.17251
2026-05-04 05:36:00,1.17251,1.17264,1.17243,1.17254
2026-05-04 05:39:00,1.17254,1.17261,1.1724700000000001,1.1724700000000001
2026-05-04 05:42:00,1.1724700000000001,1.17258,1.1724700000000001,1.17258
2026-05-04 05:45:00,1.17258,1.17263,1.17254,1.17257
2026-05-04 05:48:00,1.17257,1.17266,1.17256,1.17257
2026-05-04 05:51:00,1.17257,1.17266,1.17255,1.17262
2026-05-04 05:54:00,1.17262,1.1728399999999999,1.17258,1.1727
2026-05-04 05:57:00,1.1727,1.17286,1.17262,1.1727400000000001
2026-05-04 06:00:00,1.1727400000000001,1.17278,1.17256,1.17264
2026-05-04 06:03:00,1.17264,1.17266,1.17255,1.17255
2026-05-04 06:06:00,1.17255,1.17276,1.17252,1.1727400000000001
2026-05-04 06:09:00,1.1727400000000001,1.17279,1.1726,1.17268
2026-05-04 06:12:00,1.17265,1.17285,1.17249,1.17271
2026-05-04 06:15:00,1.17271,1.17273,1.17251,1.17266
2026-05-04 06:18:00,1.17266,1.1727,1.17261,1.17264
2026-05-04 06:21:00,1.17264,1.17266,1.1724700000000001,1.1726
2026-05-04 06:24:00,1.1726,1.1727,1.17259,1.17262
2026-05-04 06:27:00,1.17262,1.17268,1.17258,1.17261
2026-05-04 06:30:00,1.17261,1.17266,1.17249,1.17261
2026-05-04 06:33:00,1.17261,1.17264,1.17251,1.17257
2026-05-04 06:36:00,1.17257,1.17261,1.17248,1.17258
2026-05-04 06:39:00,1.17258,1.17259,1.17238,1.1724700000000001
2026-05-04 06:42:00,1.1724700000000001,1.17262,1.17243,1.1726
2026-05-04 06:45:00,1.17257,1.17322,1.17255,1.17299
2026-05-04 06:48:00,1.17299,1.17334,1.17291,1.17325
2026-05-04 06:51:00,1.17325,1.17379,1.17314,1.17371
2026-05-04 06:54:00,1.17371,1.17389,1.17351,1.17356
2026-05-04 06:57:00,1.17356,1.1738,1.17352,1.17374
2026-05-04 07:00:00,1.17375,1.17382,1.1734499999999999,1.17357
2026-05-04 07:03:00,1.17356,1.17356,1.17332,1.17351
2026-05-04 07:06:00,1.17351,1.1736,1.17325,1.17344
2026-05-04 07:09:00,1.17344,1.17349,1.17333,1.1734
2026-05-04 07:12:00,1.1734,1.17344,1.17322,1.17328
2026-05-04 07:15:00,1.17328,1.17334,1.17316,1.17334
2026-05-04 07:18:00,1.17334,1.1733500000000001,1.17324,1.17327
2026-05-04 07:21:00,1.17327,1.1733,1.17297,1.17302
2026-05-04 07:24:00,1.17302,1.17304,1.17287,1.173
2026-05-04 07:27:00,1.173,1.17305,1.17279,1.17282
2026-05-04 07:30:00,1.17297,1.17302,1.1728,1.17287
2026-05-04 07:33:00,1.17287,1.1729,1.17275,1.17277
2026-05-04 07:36:00,1.17277,1.17293,1.17277,1.17288
2026-05-04 07:39:00,1.17288,1.17289,1.17269,1.1728
2026-05-04 07:42:00,1.1728,1.1728399999999999,1.17276,1.1728
2026-05-04 07:45:00,1.1728,1.1729,1.17271,1.1729
2026-05-04 07:48:00,1.17289,1.17289,1.17269,1.17278
2026-05-04 07:51:00,1.1728399999999999,1.17292,1.17281,1.17286
2026-05-04 07:54:00,1.17288,1.17292,1.17278,1.17286
2026-05-04 07:57:00,1.17286,1.17291,1.17276,1.17288
2026-05-04 08:00:00,1.17288,1.17288,1.17267,1.17281
2026-05-04 08:03:00,1.17281,1.17298,1.17275,1.17297
2026-05-04 08:06:00,1.17297,1.173,1.17286,1.17291
2026-05-04 08:09:00,1.17291,1.17301,1.17281,1.17296
2026-05-04 08:12:00,1.17296,1.17312,1.17269,1.17282
2026-05-04 08:15:00,1.17282,1.1728399999999999,1.17263,1.17273
2026-05-04 08:18:00,1.17271,1.17323,1.17256,1.17302
2026-05-04 08:21:00,1.17302,1.1730800000000001,1.17292,1.17303
2026-05-04 08:24:00,1.17303,1.17305,1.1728,1.17285
2026-05-04 08:27:00,1.17285,1.17285,1.17259,1.17266
2026-05-04 08:30:00,1.17267,1.17273,1.17262,1.17264
2026-05-04 08:33:00,1.17264,1.17271,1.17254,1.17259
2026-05-04 08:36:00,1.17259,1.17291,1.17259,1.17273
2026-05-04 08:39:00,1.17273,1.17287,1.17269,1.17281
2026-05-04 08:42:00,1.17281,1.17288,1.17277,1.17287
2026-05-04 08:45:00,1.17282,1.17293,1.17282,1.17287
2026-05-04 08:48:00,1.17287,1.17299,1.1728,1.17299
2026-05-04 08:51:00,1.17299,1.17309,1.17291,1.17306
2026-05-04 08:54:00,1.17306,1.17317,1.173,1.1731
2026-05-04 08:57:00,1.17311,1.17318,1.17303,1.17306
2026-05-04 09:00:00,1.17306,1.17322,1.173,1.1732
2026-05-04 09:03:00,1.17321,1.17336,1.17314,1.17326
2026-05-04 09:06:00,1.17326,1.17332,1.17317,1.17327
2026-05-04 09:09:00,1.17327,1.17333,1.17314,1.17326
2026-05-04 09:12:00,1.17326,1.17356,1.17319,1.17349
2026-05-04 09:15:00,1.17349,1.17358,1.17333,1.1735
2026-05-04 09:18:00,1.1735,1.17363,1.1734499999999999,1.17361
2026-05-04 09:21:00,1.17362,1.17371,1.17346,1.17352
2026-05-04 09:24:00,1.17352,1.17363,1.17331,1.17344
2026-05-04 09:27:00,1.17344,1.1736,1.17344,1.17354
2026-05-04 09:30:00,1.17354,1.17367,1.17351,1.17355
2026-05-04 09:33:00,1.17355,1.17355,1.17318,1.17337
2026-05-04 09:36:00,1.17338,1.17344,1.17316,1.17329
2026-05-04 09:39:00,1.17329,1.17329,1.17297,1.17301
2026-05-04 09:42:00,1.17301,1.17304,1.17266,1.17281
2026-05-04 09:45:00,1.17281,1.17281,1.17206,1.1724700000000001
2026-05-04 09:48:00,1.1724700000000001,1.17299,1.1724,1.17295
2026-05-04 09:51:00,1.17295,1.17315,1.17286,1.17311
2026-05-04 09:54:00,1.17311,1.17314,1.17276,1.17295
2026-05-04 09:57:00,1.17295,1.17302,1.1728399999999999,1.17288
2026-05-04 10:00:00,1.17288,1.17291,1.17266,1.17271
2026-05-04 10:03:00,1.17271,1.17277,1.1724,1.17266
2026-05-04 10:06:00,1.17262,1.17267,1.17237,1.1724
2026-05-04 10:09:00,1.1724,1.17271,1.17231,1.17266
2026-05-04 10:12:00,1.17266,1.17277,1.17257,1.17261
2026-05-04 10:15:00,1.17261,1.1727400000000001,1.17241,1.17256
2026-05-04 10:18:00,1.17256,1.17263,1.17236,1.17261
2026-05-04 10:21:00,1.17261,1.17283,1.17252,1.17256
2026-05-04 10:24:00,1.17256,1.17256,1.17226,1.17241
2026-05-04 10:27:00,1.17241,1.17243,1.17201,1.17206
2026-05-04 10:30:00,1.17206,1.17232,1.17205,1.1722
2026-05-04 10:33:00,1.1722,1.17244,1.1722,1.17235
2026-05-04 10:36:00,1.17235,1.17237,1.172,1.172
2026-05-04 10:39:00,1.172,1.17219,1.17192,1.172
2026-05-04 10:42:00,1.17199,1.17207,1.1718,1.17181
2026-05-04 10:45:00,1.17181,1.17199,1.17179,1.17191
2026-05-04 10:48:00,1.17191,1.17196,1.17171,1.17183
2026-05-04 10:51:00,1.17184,1.17187,1.17145,1.17156
2026-05-04 10:54:00,1.17156,1.17191,1.17156,1.17183
2026-05-04 10:57:00,1.17188,1.17216,1.17175,1.17178
2026-05-04 11:00:00,1.17177,1.17177,1.17117,1.17145
2026-05-04 11:03:00,1.17145,1.17147,1.17113,1.17127
2026-05-04 11:06:00,1.17127,1.17137,1.17119,1.17131
2026-05-04 11:09:00,1.17131,1.17157,1.1712500000000001,1.17145
2026-05-04 11:12:00,1.17146,1.17159,1.17135,1.17158
2026-05-04 11:15:00,1.17158,1.17159,1.17133,1.17143
2026-05-04 11:18:00,1.17142,1.17154,1.1712799999999999,1.1715200000000001
2026-05-04 11:21:00,1.1715200000000001,1.1716,1.17148,1.17158
2026-05-04 11:24:00,1.17159,1.1718899999999999,1.17154,1.1718600000000001
2026-05-04 11:27:00,1.1718600000000001,1.1718899999999999,1.17153,1.17182
2026-05-04 11:30:00,1.17182,1.17199,1.17163,1.17196
2026-05-04 11:33:00,1.17196,1.1721300000000001,1.1718,1.17211
2026-05-04 11:36:00,1.17211,1.17218,1.1718,1.1718600000000001
2026-05-04 11:39:00,1.1718600000000001,1.17201,1.1718,1.172
2026-05-04 11:42:00,1.17201,1.17211,1.17188,1.172
2026-05-04 11:45:00,1.172,1.17221,1.172,1.17205
2026-05-04 11:48:00,1.17205,1.17231,1.17199,1.17216
2026-05-04 11:51:00,1.17214,1.17229,1.17196,1.1722
2026-05-04 11:54:00,1.1722,1.17222,1.17193,1.172
2026-05-04 11:57:00,1.172,1.1721300000000001,1.17174,1.17191
2026-05-04 12:00:00,1.17191,1.17214,1.17172,1.17204
2026-05-04 12:03:00,1.17204,1.17237,1.17204,1.17225
2026-05-04 12:06:00,1.17225,1.17233,1.17195,1.17201
2026-05-04 12:09:00,1.17201,1.17205,1.17181,1.1718600000000001
2026-05-04 12:12:00,1.1718600000000001,1.172,1.17168,1.17195
2026-05-04 12:15:00,1.17195,1.17204,1.1717,1.17182
2026-05-04 12:18:00,1.17183,1.17207,1.17174,1.17198
2026-05-04 12:21:00,1.17198,1.17199,1.1716,1.17161
2026-05-04 12:24:00,1.17161,1.17173,1.17153,1.17166
2026-05-04 12:27:00,1.17165,1.1718899999999999,1.1715,1.17187
2026-05-04 12:30:00,1.1718600000000001,1.17193,1.17173,1.17187
2026-05-04 12:33:00,1.17187,1.17207,1.17173,1.17205
2026-05-04 12:36:00,1.17202,1.17212,1.17191,1.17208
2026-05-04 12:39:00,1.17208,1.17211,1.1718899999999999,1.172
2026-05-04 12:42:00,1.172,1.17209,1.17187,1.17204
2026-05-04 12:45:00,1.17204,1.17205,1.17183,1.1719
2026-05-04 12:48:00,1.1719,1.17198,1.17183,1.1719
2026-05-04 12:51:00,1.1719,1.17192,1.1716,1.1718
2026-05-04 12:54:00,1.1718,1.17196,1.17172,1.17174
2026-05-04 12:57:00,1.17174,1.17184,1.17163,1.1717
2026-05-04 13:00:00,1.1717,1.17172,1.17104,1.17129
2026-05-04 13:03:00,1.17129,1.17148,1.17044,1.17097
2026-05-04 13:06:00,1.17097,1.17097,1.16962,1.16974
2026-05-04 13:09:00,1.16974,1.17015,1.16942,1.16967
2026-05-04 13:12:00,1.16967,1.16972,1.16929,1.16959
2026-05-04 13:15:00,1.16959,1.16968,1.169,1.16909
2026-05-04 13:18:00,1.16909,1.16962,1.16891,1.16924
2026-05-04 13:21:00,1.16924,1.16933,1.16878,1.16925
2026-05-04 13:24:00,1.16925,1.17034,1.16923,1.17029
2026-05-04 13:27:00,1.17029,1.17038,1.17005,1.17027
2026-05-04 13:30:00,1.17027,1.17143,1.17022,1.17079
2026-05-04 13:33:00,1.17079,1.17132,1.17071,1.17115
2026-05-04 13:36:00,1.17117,1.17131,1.17074,1.17086
2026-05-04 13:39:00,1.17086,1.17122,1.17084,1.17113
2026-05-04 13:42:00,1.17112,1.17115,1.17078,1.1710099999999999
2026-05-04 13:45:00,1.1710099999999999,1.17109,1.17078,1.17095
2026-05-04 13:48:00,1.17095,1.17127,1.17095,1.17115
2026-05-04 13:51:00,1.17115,1.17121,1.17077,1.1709
2026-05-04 13:54:00,1.1709100000000001,1.17096,1.1703999999999999,1.17052
2026-05-04 13:57:00,1.17052,1.17052,1.17027,1.17041
2026-05-04 14:00:00,1.17041,1.17085,1.17035,1.17051
2026-05-04 14:03:00,1.17051,1.17054,1.17007,1.17017
2026-05-04 14:06:00,1.17017,1.17019,1.16992,1.17
2026-05-04 14:09:00,1.17,1.17027,1.16996,1.17001
2026-05-04 14:12:00,1.17005,1.17011,1.16959,1.16959
2026-05-04 14:15:00,1.16958,1.16995,1.16953,1.16988
2026-05-04 14:18:00,1.16986,1.1702,1.16972,1.17018
2026-05-04 14:21:00,1.17018,1.17018,1.16975,1.16992
2026-05-04 14:24:00,1.16992,1.17005,1.16982,1.16997
2026-05-04 14:27:00,1.16997,1.17014,1.16992,1.17007
2026-05-04 14:30:00,1.17007,1.17009,1.16976,1.16992
2026-05-04 14:33:00,1.16991,1.16992,1.1696900000000001,1.16983
2026-05-04 14:36:00,1.16983,1.17012,1.16982,1.1700599999999999
2026-05-04 14:39:00,1.1700599999999999,1.1700599999999999,1.1694499999999999,1.16982
2026-05-04 14:42:00,1.16982,1.17013,1.16971,1.16995
2026-05-04 14:45:00,1.16994,1.16999,1.16967,1.1698
2026-05-04 14:48:00,1.1697899999999999,1.16996,1.16964,1.16993
2026-05-04 14:51:00,1.16993,1.17004,1.16952,1.16965
2026-05-04 14:54:00,1.16965,1.16978,1.16952,1.16962
2026-05-04 14:57:00,1.16962,1.16964,1.1692,1.16931
2026-05-04 15:00:00,1.16932,1.16968,1.1691,1.16953
2026-05-04 15:03:00,1.16953,1.16982,1.16953,1.16971
2026-05-04 15:06:00,1.16972,1.17012,1.16953,1.16994
2026-05-04 15:09:00,1.16994,1.17004,1.16981,1.16989
2026-05-04 15:12:00,1.16989,1.17021,1.16977,1.17018
2026-05-04 15:15:00,1.17018,1.17052,1.17,1.1705
2026-05-04 15:18:00,1.1705,1.17096,1.17048,1.17086
2026-05-04 15:21:00,1.17086,1.17097,1.17051,1.17063
2026-05-04 15:24:00,1.17064,1.17087,1.17051,1.17069
2026-05-04 15:27:00,1.17069,1.17095,1.17055,1.17086
2026-05-04 15:30:00,1.17086,1.17097,1.17052,1.17065
2026-05-04 15:33:00,1.17065,1.17078,1.17048,1.17058
2026-05-04 15:36:00,1.17058,1.17111,1.17048,1.17081
2026-05-04 15:39:00,1.17081,1.1709100000000001,1.1706699999999999,1.1708
2026-05-04 15:42:00,1.1708,1.17087,1.17061,1.17082
2026-05-04 15:45:00,1.17082,1.17092,1.1706699999999999,1.17084
2026-05-04 15:48:00,1.17084,1.17115,1.17084,1.17113
2026-05-04 15:51:00,1.17113,1.17118,1.17085,1.17088
2026-05-04 15:54:00,1.17088,1.17108,1.17083,1.17108
2026-05-04 15:57:00,1.17108,1.17124,1.17078,1.1709100000000001
2026-05-04 16:00:00,1.17092,1.17092,1.17022,1.17039
2026-05-04 16:03:00,1.17039,1.17079,1.17019,1.17045
2026-05-04 16:06:00,1.17045,1.17082,1.17045,1.17079
2026-05-04 16:09:00,1.17079,1.17137,1.1706699999999999,1.17103
2026-05-04 16:12:00,1.17104,1.17115,1.17081,1.17094
2026-05-04 16:15:00,1.17094,1.17102,1.17068,1.171
2026-05-04 16:18:00,1.171,1.171,1.1705,1.17087
2026-05-04 16:21:00,1.17087,1.17094,1.17064,1.17064
2026-05-04 16:24:00,1.17064,1.1708,1.17043,1.17049
2026-05-04 16:27:00,1.17049,1.17081,1.17043,1.17072
2026-05-04 16:30:00,1.17072,1.17116,1.17054,1.17111
2026-05-04 16:33:00,1.17111,1.17163,1.17109,1.17149
2026-05-04 16:36:00,1.1715,1.17166,1.17147,1.1716
2026-05-04 16:39:00,1.1716,1.17166,1.17147,1.17153
2026-05-04 16:42:00,1.17144,1.17178,1.17144,1.17157
2026-05-04 16:45:00,1.17157,1.17168,1.17136,1.17163
2026-05-04 16:48:00,1.17163,1.17173,1.17145,1.17155
2026-05-04 16:51:00,1.17155,1.17173,1.17138,1.17154
2026-05-04 16:54:00,1.17154,1.17174,1.17141,1.17148
2026-05-04 16:57:00,1.17148,1.17155,1.17122,1.17149
2026-05-04 17:00:00,1.17148,1.17149,1.17121,1.17134
2026-05-04 17:03:00,1.17134,1.17135,1.17102,1.17119
2026-05-04 17:06:00,1.17118,1.17122,1.17069,1.17092
2026-05-04 17:09:00,1.17092,1.1710099999999999,1.17061,1.1709100000000001
2026-05-04 17:12:00,1.1709,1.17117,1.17076,1.17092
2026-05-04 17:15:00,1.17092,1.17112,1.17087,1.1710099999999999
2026-05-04 17:18:00,1.1710099999999999,1.17134,1.17095,1.17122
2026-05-04 17:21:00,1.17122,1.17156,1.17111,1.17142
2026-05-04 17:24:00,1.17142,1.17146,1.17112,1.17142
2026-05-04 17:27:00,1.17142,1.17145,1.17126,1.17138
2026-05-04 17:30:00,1.17138,1.17157,1.17123,1.17133
2026-05-04 17:33:00,1.17133,1.17145,1.17116,1.17118
2026-05-04 17:36:00,1.17118,1.17163,1.17118,1.17161
2026-05-04 17:39:00,1.17161,1.17163,1.17124,1.17134
2026-05-04 17:42:00,1.17133,1.17133,1.17078,1.17084
2026-05-04 17:45:00,1.17086,1.17103,1.1706,1.1707
2026-05-04 17:48:00,1.1707,1.17087,1.17047,1.17077
2026-05-04 17:51:00,1.17077,1.17082,1.1705,1.17072
2026-05-04 17:54:00,1.17072,1.17085,1.17051,1.17051
2026-05-04 17:57:00,1.17051,1.1709,1.17036,1.17072
2026-05-04 18:00:00,1.17072,1.17118,1.17045,1.171
2026-05-04 18:03:00,1.171,1.17133,1.17079,1.17132
2026-05-04 18:06:00,1.17132,1.17143,1.1711,1.17121
2026-05-04 18:09:00,1.1711,1.17156,1.17107,1.1715
2026-05-04 18:12:00,1.17148,1.17154,1.17094,1.1711
2026-05-04 18:15:00,1.1711,1.17153,1.17097,1.17107
2026-05-04 18:18:00,1.17107,1.17108,1.17001,1.17017
2026-05-04 18:21:00,1.17016,1.17029,1.16963,1.17016
2026-05-04 18:24:00,1.17016,1.17016,1.16961,1.16991
2026-05-04 18:27:00,1.16991,1.1702,1.16986,1.17018
2026-05-04 18:30:00,1.17018,1.17024,1.16987,1.16991
2026-05-04 18:33:00,1.16989,1.17017,1.1697899999999999,1.16999
2026-05-04 18:36:00,1.16999,1.17016,1.1696900000000001,1.17005
2026-05-04 18:39:00,1.17005,1.17017,1.16967,1.16995
2026-05-04 18:42:00,1.16995,1.17012,1.16955,1.17007
2026-05-04 18:45:00,1.17007,1.1703000000000001,1.16992,1.16993
2026-05-04 18:48:00,1.16992,1.17,1.16961,1.16976
2026-05-04 18:51:00,1.16976,1.17011,1.1693,1.16998
2026-05-04 18:54:00,1.16998,1.17016,1.16976,1.16992
2026-05-04 18:57:00,1.16991,1.17,1.16965,1.16971
2026-05-04 19:00:00,1.16971,1.1701,1.16951,1.16971
2026-05-04 19:03:00,1.16971,1.16974,1.16939,1.16953
2026-05-04 19:06:00,1.16953,1.1697,1.16885,1.1691
2026-05-04 19:09:00,1.1691,1.16911,1.16856,1.16893
2026-05-04 19:12:00,1.16893,1.16893,1.16846,1.16854
2026-05-04 19:15:00,1.16854,1.16909,1.16836,1.16871
2026-05-04 19:18:00,1.16872,1.16956,1.16865,1.1694499999999999
2026-05-04 19:21:00,1.1694499999999999,1.16968,1.1693500000000001,1.16951
2026-05-04 19:24:00,1.16951,1.16961,1.1693500000000001,1.1694
2026-05-04 19:27:00,1.16939,1.16941,1.16883,1.16906
2026-05-04 19:30:00,1.16906,1.16924,1.16895,1.16906
2026-05-04 19:33:00,1.16907,1.16931,1.16886,1.16909
2026-05-04 19:36:00,1.1690800000000001,1.16912,1.16858,1.16876
2026-05-04 19:39:00,1.16876,1.16876,1.16852,1.16867
2026-05-04 19:42:00,1.16867,1.1687400000000001,1.16834,1.16834
2026-05-04 19:45:00,1.16833,1.1685,1.16809,1.16833
2026-05-04 19:48:00,1.16833,1.16852,1.1683,1.1685
2026-05-04 19:51:00,1.1685,1.16855,1.16818,1.16827
2026-05-04 19:54:00,1.16828,1.16835,1.16809,1.16815
2026-05-04 19:57:00,1.16815,1.16831,1.16809,1.16822
2026-05-04 20:00:00,1.16822,1.16866,1.16807,1.16848
2026-05-04 20:03:00,1.16848,1.16887,1.16828,1.16876
2026-05-04 20:06:00,1.16876,1.1688,1.16849,1.16859
2026-05-04 20:09:00,1.16858,1.1689,1.16858,1.16887
2026-05-04 20:12:00,1.16887,1.16898,1.16877,1.16889
2026-05-04 20:15:00,1.16889,1.16939,1.16873,1.16921
2026-05-04 20:18:00,1.16921,1.16944,1.1690800000000001,1.16922
2026-05-04 20:21:00,1.16922,1.16953,1.16913,1.16948
2026-05-04 20:24:00,1.16948,1.16959,1.16937,1.16939
2026-05-04 20:27:00,1.16939,1.16959,1.16933,1.16947
2026-05-04 20:30:00,1.16947,1.16966,1.16939,1.16961
2026-05-04 20:33:00,1.16961,1.16971,1.16939,1.1694499999999999
2026-05-04 20:36:00,1.1694499999999999,1.1694499999999999,1.16914,1.1693500000000001
2026-05-04 20:39:00,1.1693500000000001,1.16942,1.16907,1.16917
2026-05-04 20:42:00,1.16917,1.16933,1.1691,1.16929
2026-05-04 20:45:00,1.16929,1.1693,1.16903,1.1692
2026-05-04 20:48:00,1.1691,1.16928,1.16905,1.16926
2026-05-04 20:51:00,1.16926,1.16944,1.16922,1.16938
2026-05-04 20:54:00,1.16938,1.16946,1.16936,1.16938
2026-05-04 20:57:00,1.16938,1.16946,1.16928,1.16934
2026-05-04 21:00:00,1.16934,1.16946,1.16909,1.16937
2026-05-04 21:03:00,1.16941,1.1696,1.16941,1.16957
2026-05-04 21:06:00,1.16957,1.16968,1.1691799999999999,1.1693
2026-05-04 21:09:00,1.16939,1.16947,1.16927,1.16936
2026-05-04 21:12:00,1.16936,1.16953,1.16929,1.16944
2026-05-04 21:15:00,1.16944,1.16944,1.1690800000000001,1.1692
2026-05-04 21:18:00,1.16919,1.16924,1.16904,1.16912
2026-05-04 21:21:00,1.16912,1.16919,1.1688,1.16895
2026-05-04 21:24:00,1.16899,1.16911,1.16889,1.16906
2026-05-04 21:27:00,1.16906,1.1691799999999999,1.16885,1.16914
2026-05-04 21:30:00,1.16917,1.16922,1.16903,1.16917
2026-05-04 21:33:00,1.16917,1.16925,1.169,1.16909
2026-05-04 21:36:00,1.16909,1.1691799999999999,1.16897,1.16913
2026-05-04 21:39:00,1.16913,1.16928,1.16909,1.16916
2026-05-04 21:42:00,1.16916,1.16916,1.16901,1.16901
2026-05-04 21:45:00,1.16901,1.16913,1.16898,1.16905
2026-05-04 21:48:00,1.16904,1.16923,1.16897,1.1691799999999999
2026-05-04 21:51:00,1.1691799999999999,1.1691799999999999,1.16882,1.16897
2026-05-04 21:54:00,1.16897,1.16909,1.16886,1.16909
2026-05-04 21:57:00,1.16909,1.16977,1.169,1.16972
2026-05-04 22:00:00,1.1696900000000001,1.16978,1.16946,1.16955
2026-05-04 22:03:00,1.16955,1.16977,1.16934,1.16972
2026-05-04 22:06:00,1.16977,1.17005,1.1695,1.16989
2026-05-04 22:09:00,1.16989,1.16994,1.16957,1.16958
2026-05-04 22:12:00,1.16958,1.16977,1.16948,1.16977
2026-05-04 22:15:00,1.16976,1.16988,1.1696900000000001,1.16981
2026-05-04 22:18:00,1.16981,1.16992,1.16968,1.16991
2026-05-04 22:21:00,1.16991,1.16997,1.16974,1.16995
2026-05-04 22:24:00,1.16995,1.17022,1.16972,1.16996
2026-05-04 22:27:00,1.16996,1.17012,1.16987,1.16996
2026-05-04 22:30:00,1.16996,1.17004,1.16983,1.17002
2026-05-04 22:33:00,1.17002,1.17007,1.16991,1.17002
2026-05-04 22:36:00,1.17002,1.17007,1.16992,1.17
2026-05-04 22:39:00,1.17,1.17002,1.16982,1.16987
2026-05-04 22:42:00,1.16987,1.16997,1.1696900000000001,1.16988
2026-05-04 22:45:00,1.16988,1.16988,1.16976,1.16985
2026-05-04 22:48:00,1.16985,1.16988,1.16961,1.16961
2026-05-04 22:51:00,1.16961,1.16966,1.16954,1.16966
2026-05-04 22:54:00,1.16966,1.16966,1.16941,1.1695
2026-05-04 22:57:00,1.1695,1.16958,1.1693500000000001,1.16949
2026-05-04 23:00:00,1.16948,1.16948,1.16926,1.16934
2026-05-04 23:03:00,1.16934,1.16934,1.16924,1.16932
2026-05-04 23:06:00,1.16932,1.16934,1.16923,1.1693
2026-05-04 23:09:00,1.1693,1.1694499999999999,1.16921,1.16921
2026-05-04 23:12:00,1.16919,1.16922,1.16909,1.16909
2026-05-04 23:15:00,1.16909,1.1691,1.16898,1.16905
2026-05-04 23:18:00,1.16905,1.16905,1.16888,1.16894
2026-05-04 23:21:00,1.16893,1.16894,1.16861,1.16861
2026-05-04 23:24:00,1.16871,1.1688,1.16866,1.16875
2026-05-04 23:27:00,1.16875,1.16896,1.16873,1.16895
2026-05-04 23:30:00,1.16895,1.16901,1.16894,1.16896
2026-05-04 23:33:00,1.16896,1.169,1.16894,1.16898
2026-05-04 23:36:00,1.16898,1.169,1.16888,1.169
2026-05-04 23:39:00,1.169,1.16912,1.169,1.16907
2026-05-04 23:42:00,1.16907,1.16919,1.16907,1.16914
2026-05-04 23:45:00,1.16914,1.16915,1.1690800000000001,1.16911
2026-05-04 23:48:00,1.16911,1.16924,1.16911,1.1692
2026-05-04 23:51:00,1.1692,1.1692,1.1691,1.1691
2026-05-04 23:54:00,1.1691,1.16916,1.16909,1.16911
2026-05-04 23:57:00,1.16911,1.16916,1.16905,1.16907
2026-05-05 00:00:00,1.16915,1.16975,1.16866,1.16936
2026-05-05 00:03:00,1.16936,1.16936,1.1684700000000001,1.1684700000000001
2026-05-05 00:06:00,1.1684700000000001,1.16891,1.1684700000000001,1.16865
2026-05-05 00:09:00,1.16891,1.16902,1.16871,1.16898
2026-05-05 00:12:00,1.16898,1.16898,1.16871,1.16883
2026-05-05 00:15:00,1.16883,1.16901,1.1687400000000001,1.1689
2026-05-05 00:18:00,1.1689,1.16893,1.16887,1.16891
2026-05-05 00:21:00,1.16891,1.16912,1.16886,1.16904
2026-05-05 00:24:00,1.16904,1.16912,1.16903,1.16903
2026-05-05 00:27:00,1.16903,1.16917,1.16898,1.16916
2026-05-05 00:30:00,1.16916,1.1691799999999999,1.1691,1.1691799999999999
2026-05-05 00:33:00,1.1691799999999999,1.1691799999999999,1.1689,1.1691799999999999
2026-05-05 00:36:00,1.1691799999999999,1.1691799999999999,1.16914,1.1691799999999999
2026-05-05 00:39:00,1.1691799999999999,1.16919,1.16899,1.16903
2026-05-05 00:42:00,1.16903,1.16919,1.16899,1.1691799999999999
2026-05-05 00:45:00,1.1691799999999999,1.16919,1.1689,1.16898
2026-05-05 00:48:00,1.16898,1.169,1.16892,1.16892
2026-05-05 00:51:00,1.16892,1.169,1.16888,1.16896
2026-05-05 00:54:00,1.16896,1.16898,1.1688,1.16898
2026-05-05 00:57:00,1.16898,1.169,1.16887,1.169
2026-05-05 01:00:00,1.169,1.16924,1.16898,1.16899
2026-05-05 01:03:00,1.16899,1.16904,1.16879,1.16898
2026-05-05 01:06:00,1.16898,1.169,1.1689,1.16896
2026-05-05 01:09:00,1.16896,1.16901,1.16896,1.16898
2026-05-05 01:12:00,1.16898,1.169,1.16881,1.16894
2026-05-05 01:15:00,1.16894,1.16896,1.16881,1.16886
2026-05-05 01:18:00,1.16886,1.16898,1.16886,1.16895
2026-05-05 01:21:00,1.16896,1.16899,1.16895,1.16899
2026-05-05 01:24:00,1.16899,1.16904,1.1689,1.169
2026-05-05 01:27:00,1.169,1.16909,1.16898,1.1690800000000001
2026-05-05 01:30:00,1.1690800000000001,1.16915,1.16903,1.16914
2026-05-05 01:33:00,1.16914,1.16915,1.16907,1.16911
2026-05-05 01:36:00,1.16911,1.16915,1.1690800000000001,1.1691
2026-05-05 01:39:00,1.1691,1.16913,1.16901,1.16911
2026-05-05 01:42:00,1.16911,1.16912,1.16905,1.16911
2026-05-05 01:45:00,1.16911,1.16911,1.16898,1.1690800000000001
2026-05-05 01:48:00,1.1690800000000001,1.1690800000000001,1.16891,1.16897
2026-05-05 01:51:00,1.16897,1.16904,1.16897,1.169
2026-05-05 01:54:00,1.169,1.16903,1.16898,1.16903
2026-05-05 01:57:00,1.16903,1.16903,1.16891,1.169
2026-05-05 02:00:00,1.169,1.1691,1.1689,1.16906
2026-05-05 02:03:00,1.16906,1.16911,1.169,1.1691
2026-05-05 02:06:00,1.1691,1.16911,1.16901,1.16909
2026-05-05 02:09:00,1.16909,1.1691,1.16897,1.16909
2026-05-05 02:12:00,1.16909,1.1691,1.16904,1.16909
2026-05-05 02:15:00,1.1691,1.1691,1.16903,1.16904
2026-05-05 02:18:00,1.16904,1.1691,1.16903,1.1691
2026-05-05 02:21:00,1.1691,1.1691,1.16905,1.16907
2026-05-05 02:24:00,1.16909,1.1692,1.169,1.16907
2026-05-05 02:27:00,1.16907,1.16922,1.16905,1.16916
2026-05-05 02:30:00,1.16915,1.16917,1.16914,1.16917
2026-05-05 02:33:00,1.16917,1.16927,1.16916,1.16921
2026-05-05 02:36:00,1.16921,1.16921,1.16906,1.1691
2026-05-05 02:39:00,1.16909,1.16921,1.16909,1.16916
2026-05-05 02:42:00,1.16916,1.16916,1.16905,1.16916
2026-05-05 02:45:00,1.16915,1.16921,1.16905,1.16919
2026-05-05 02:48:00,1.16919,1.1692,1.16911,1.16913
2026-05-05 02:51:00,1.16913,1.16914,1.16904,1.16911
2026-05-05 02:54:00,1.16911,1.1691799999999999,1.16906,1.16914
2026-05-05 02:57:00,1.16914,1.1691799999999999,1.16912,1.16916
2026-05-05 03:00:00,1.16917,1.16938,1.16903,1.16932
2026-05-05 03:03:00,1.16932,1.16939,1.16919,1.16932
2026-05-05 03:06:00,1.16932,1.1693500000000001,1.16917,1.1692
2026-05-05 03:09:00,1.1692,1.16938,1.1692,1.16933
2026-05-05 03:12:00,1.16931,1.16933,1.1690800000000001,1.1693
2026-05-05 03:15:00,1.16929,1.16929,1.16907,1.16912
2026-05-05 03:18:00,1.16912,1.16916,1.16899,1.16899
2026-05-05 03:21:00,1.16899,1.16907,1.16885,1.16885
2026-05-05 03:24:00,1.16885,1.16885,1.16863,1.16865
2026-05-05 03:27:00,1.16865,1.16872,1.16859,1.16871
2026-05-05 03:30:00,1.16871,1.16871,1.1685,1.16851
2026-05-05 03:33:00,1.16851,1.16858,1.16838,1.16842
2026-05-05 03:36:00,1.16854,1.16866,1.16851,1.16862
2026-05-05 03:39:00,1.16862,1.16868,1.16858,1.1686
2026-05-05 03:42:00,1.16861,1.16863,1.16852,1.16853
2026-05-05 03:45:00,1.16853,1.16885,1.16853,1.16879
2026-05-05 03:48:00,1.16879,1.16889,1.16876,1.16883
2026-05-05 03:51:00,1.16882,1.16887,1.16872,1.16887
2026-05-05 03:54:00,1.16887,1.16888,1.16861,1.16867
2026-05-05 03:57:00,1.16867,1.16868,1.1686,1.16863
2026-05-05 04:00:00,1.16864,1.16865,1.16838,1.1685
2026-05-05 04:03:00,1.1685,1.16855,1.1684700000000001,1.16853
2026-05-05 04:06:00,1.16853,1.16856,1.16842,1.16854
2026-05-05 04:09:00,1.16854,1.16856,1.16841,1.16852
2026-05-05 04:12:00,1.16852,1.16859,1.1684,1.16842
2026-05-05 04:15:00,1.16842,1.16852,1.16842,1.16845
2026-05-05 04:18:00,1.16845,1.1684700000000001,1.16833,1.16846
2026-05-05 04:21:00,1.16846,1.16846,1.16788,1.16809
2026-05-05 04:24:00,1.16809,1.16821,1.16805,1.16819
2026-05-05 04:27:00,1.16819,1.16821,1.1681300000000001,1.16816
2026-05-05 04:30:00,1.16817,1.16837,1.16811,1.16835
2026-05-05 04:33:00,1.16835,1.16846,1.16828,1.16836
2026-05-05 04:36:00,1.16839,1.16878,1.16839,1.16854
2026-05-05 04:39:00,1.16854,1.16863,1.16842,1.16863
2026-05-05 04:42:00,1.16863,1.16864,1.16842,1.16849
2026-05-05 04:45:00,1.16849,1.1685699999999999,1.16839,1.16854
2026-05-05 04:48:00,1.16854,1.16873,1.1684700000000001,1.16873
2026-05-05 04:51:00,1.16873,1.16883,1.16861,1.16877
2026-05-05 04:54:00,1.16877,1.16877,1.16861,1.16869
2026-05-05 04:57:00,1.16869,1.16871,1.16853,1.16867
2026-05-05 05:00:00,1.16867,1.16882,1.16864,1.16871
2026-05-05 05:03:00,1.16871,1.1688399999999999,1.16871,1.16875
2026-05-05 05:06:00,1.16875,1.16882,1.16875,1.16879
2026-05-05 05:09:00,1.16879,1.16881,1.16867,1.16872
2026-05-05 05:12:00,1.16872,1.16872,1.16851,1.16866
2026-05-05 05:15:00,1.16866,1.16873,1.16862,1.16871
2026-05-05 05:18:00,1.16871,1.16876,1.16866,1.16876
2026-05-05 05:21:00,1.16876,1.16879,1.16871,1.16877
2026-05-05 05:24:00,1.16877,1.16897,1.16872,1.16896
2026-05-05 05:27:00,1.16896,1.16906,1.16889,1.16897
2026-05-05 05:30:00,1.16897,1.16909,1.16897,1.16901
2026-05-05 05:33:00,1.16901,1.16907,1.1689,1.16901
2026-05-05 05:36:00,1.16901,1.16901,1.16887,1.169
2026-05-05 05:39:00,1.169,1.16905,1.16893,1.16902
2026-05-05 05:42:00,1.16902,1.16913,1.16893,1.1691
2026-05-05 05:45:00,1.1691,1.1691,1.16886,1.16907
2026-05-05 05:48:00,1.16907,1.16915,1.1688399999999999,1.16892
2026-05-05 05:51:00,1.16892,1.16896,1.16885,1.16888
2026-05-05 05:54:00,1.16887,1.16889,1.16872,1.1687400000000001
2026-05-05 05:57:00,1.1687400000000001,1.16881,1.16862,1.1687400000000001
2026-05-05 06:00:00,1.16873,1.16875,1.16842,1.16851
2026-05-05 06:03:00,1.16858,1.16859,1.16838,1.16856
2026-05-05 06:06:00,1.16856,1.16863,1.1685,1.16858
2026-05-05 06:09:00,1.16858,1.16865,1.1684700000000001,1.16861
2026-05-05 06:12:00,1.16861,1.1687,1.16859,1.1687
2026-05-05 06:15:00,1.16869,1.16873,1.16864,1.16869
2026-05-05 06:18:00,1.16869,1.16877,1.16861,1.1687400000000001
2026-05-05 06:21:00,1.1687400000000001,1.16877,1.16866,1.16872
2026-05-05 06:24:00,1.16872,1.16873,1.16862,1.16873
2026-05-05 06:27:00,1.16865,1.1688,1.1686,1.1687
2026-05-05 06:30:00,1.1687,1.1687,1.1685699999999999,1.1686
2026-05-05 06:33:00,1.1686,1.16871,1.16845,1.16859
2026-05-05 06:36:00,1.16859,1.16859,1.16848,1.16855
2026-05-05 06:39:00,1.16855,1.1685699999999999,1.16845,1.16851
2026-05-05 06:42:00,1.16851,1.16853,1.16838,1.16852
2026-05-05 06:45:00,1.16852,1.16855,1.16849,1.16852
2026-05-05 06:48:00,1.16852,1.16856,1.16846,1.16852
2026-05-05 06:51:00,1.16852,1.1685699999999999,1.16845,1.1685699999999999
2026-05-05 06:54:00,1.1685699999999999,1.1685699999999999,1.16828,1.16841
2026-05-05 06:57:00,1.16838,1.16842,1.16826,1.16839
2026-05-05 07:00:00,1.16838,1.1684700000000001,1.16829,1.16845
2026-05-05 07:03:00,1.16845,1.16858,1.16832,1.16849
2026-05-05 07:06:00,1.16849,1.16856,1.1684,1.16856
2026-05-05 07:09:00,1.16856,1.16858,1.16838,1.16845
2026-05-05 07:12:00,1.16853,1.16858,1.16844,1.16851
2026-05-05 07:15:00,1.16851,1.16862,1.16846,1.16859
2026-05-05 07:18:00,1.16859,1.16862,1.16854,1.16858
2026-05-05 07:21:00,1.16858,1.16863,1.16848,1.16862
2026-05-05 07:24:00,1.16862,1.16862,1.16855,1.16861
2026-05-05 07:27:00,1.16861,1.16866,1.16856,1.16862
2026-05-05 07:30:00,1.16862,1.16871,1.1684,1.16853
2026-05-05 07:33:00,1.16853,1.16873,1.16848,1.1685
2026-05-05 07:36:00,1.16849,1.16862,1.16843,1.16858
2026-05-05 07:39:00,1.16858,1.1686,1.16839,1.16852
2026-05-05 07:42:00,1.16852,1.16855,1.16838,1.16842
2026-05-05 07:45:00,1.16842,1.16842,1.16824,1.16824
2026-05-05 07:48:00,1.16824,1.16832,1.16812,1.1683
2026-05-05 07:51:00,1.1683,1.16841,1.16826,1.16837
2026-05-05 07:54:00,1.16837,1.16839,1.1678600000000001,1.16794
2026-05-05 07:57:00,1.16794,1.16794,1.16765,1.16776
2026-05-05 08:00:00,1.16776,1.16792,1.16761,1.16788
2026-05-05 08:03:00,1.16788,1.168,1.16776,1.16792
2026-05-05 08:06:00,1.16792,1.168,1.16785,1.16797
2026-05-05 08:09:00,1.16797,1.16797,1.16779,1.16791
2026-05-05 08:12:00,1.16791,1.16795,1.16783,1.1679
2026-05-05 08:15:00,1.1679,1.1679,1.16765,1.1678600000000001
2026-05-05 08:18:00,1.1678600000000001,1.16787,1.16775,1.1678600000000001
2026-05-05 08:21:00,1.1678600000000001,1.16808,1.1678600000000001,1.16806
2026-05-05 08:24:00,1.16806,1.16818,1.16801,1.16811
2026-05-05 08:27:00,1.16811,1.16812,1.16794,1.16797
2026-05-05 08:30:00,1.16797,1.16811,1.16788,1.168
2026-05-05 08:33:00,1.16802,1.16842,1.16797,1.16833
2026-05-05 08:36:00,1.16833,1.16833,1.1681300000000001,1.16826
2026-05-05 08:39:00,1.16825,1.16842,1.16811,1.16826
2026-05-05 08:42:00,1.16826,1.16843,1.1682299999999999,1.16836
2026-05-05 08:45:00,1.16836,1.16844,1.16826,1.16835
2026-05-05 08:48:00,1.16835,1.16842,1.16822,1.16836
2026-05-05 08:51:00,1.16836,1.16836,1.16805,1.16811
2026-05-05 08:54:00,1.16811,1.1682,1.16809,1.1682
2026-05-05 08:57:00,1.1682,1.16833,1.16806,1.16831
2026-05-05 09:00:00,1.16831,1.16854,1.16819,1.16833
2026-05-05 09:03:00,1.16833,1.16856,1.16829,1.16842
2026-05-05 09:06:00,1.16842,1.16864,1.16833,1.16863
2026-05-05 09:09:00,1.16863,1.16873,1.1685,1.16861
2026-05-05 09:12:00,1.1686,1.16862,1.16838,1.16855
2026-05-05 09:15:00,1.16855,1.16863,1.16822,1.16833
2026-05-05 09:18:00,1.16833,1.16834,1.168,1.16818
2026-05-05 09:21:00,1.16818,1.16821,1.16803,1.16803
2026-05-05 09:24:00,1.16803,1.16816,1.16794,1.16815
2026-05-05 09:27:00,1.16816,1.16858,1.1681,1.1684700000000001
2026-05-05 09:30:00,1.1684700000000001,1.1687,1.1684,1.16868
2026-05-05 09:33:00,1.16868,1.16895,1.16861,1.16873
2026-05-05 09:36:00,1.16873,1.16878,1.16844,1.16861
2026-05-05 09:39:00,1.16861,1.16868,1.16844,1.16855
2026-05-05 09:42:00,1.16855,1.16881,1.16854,1.16872
2026-05-05 09:45:00,1.16872,1.16879,1.16858,1.16866
2026-05-05 09:48:00,1.16866,1.16869,1.16845,1.16866
2026-05-05 09:51:00,1.16866,1.16881,1.1685699999999999,1.1687400000000001
2026-05-05 09:54:00,1.1687400000000001,1.16881,1.16849,1.16855
2026-05-05 09:57:00,1.16855,1.16866,1.16843,1.16858
2026-05-05 10:00:00,1.16858,1.16892,1.16856,1.16891
2026-05-05 10:03:00,1.16891,1.16903,1.16862,1.16896
2026-05-05 10:06:00,1.16896,1.16931,1.16888,1.16911
2026-05-05 10:09:00,1.1691,1.16921,1.16898,1.16905
2026-05-05 10:12:00,1.16905,1.16911,1.1688399999999999,1.16896
2026-05-05 10:15:00,1.16895,1.16903,1.1688,1.1689
2026-05-05 10:18:00,1.1689,1.16904,1.16881,1.16888
2026-05-05 10:21:00,1.16888,1.16912,1.16888,1.1690800000000001
2026-05-05 10:24:00,1.1690800000000001,1.16909,1.16883,1.16893
2026-05-05 10:27:00,1.16893,1.16893,1.16876,1.16876
2026-05-05 10:30:00,1.16876,1.169,1.1685699999999999,1.16894
2026-05-05 10:33:00,1.16894,1.1691799999999999,1.1689,1.1691799999999999
2026-05-05 10:36:00,1.1691799999999999,1.16966,1.16905,1.16946
2026-05-05 10:39:00,1.16946,1.16952,1.16926,1.16936
2026-05-05 10:42:00,1.16936,1.16943,1.16913,1.16919
2026-05-05 10:45:00,1.16919,1.16932,1.16907,1.16912
2026-05-05 10:48:00,1.16912,1.16917,1.16899,1.16909
2026-05-05 10:51:00,1.16909,1.16927,1.16898,1.16927
2026-05-05 10:54:00,1.16925,1.1693,1.169,1.16902
2026-05-05 10:57:00,1.16902,1.16911,1.16889,1.16889
2026-05-05 11:00:00,1.16886,1.16899,1.16877,1.16891
2026-05-05 11:03:00,1.16891,1.16933,1.1689,1.16922
2026-05-05 11:06:00,1.16922,1.16922,1.16892,1.16914
2026-05-05 11:09:00,1.16914,1.16924,1.16905,1.16919
2026-05-05 11:12:00,1.16919,1.16929,1.16901,1.16914
2026-05-05 11:15:00,1.16914,1.16928,1.16912,1.16923
2026-05-05 11:18:00,1.16923,1.16933,1.16914,1.16925
2026-05-05 11:21:00,1.16925,1.16942,1.1692,1.16937
2026-05-05 11:24:00,1.16937,1.16958,1.1693,1.16956
2026-05-05 11:27:00,1.16956,1.16966,1.16938,1.16943
2026-05-05 11:30:00,1.16942,1.16948,1.16916,1.16932
2026-05-05 11:33:00,1.16931,1.16932,1.16889,1.16891
2026-05-05 11:36:00,1.16891,1.16894,1.16854,1.16864
2026-05-05 11:39:00,1.16864,1.16869,1.1684,1.16869
2026-05-05 11:42:00,1.16869,1.16876,1.16856,1.16872
2026-05-05 11:45:00,1.16871,1.16887,1.1685699999999999,1.1685699999999999
2026-05-05 11:48:00,1.16862,1.16873,1.16844,1.16866
2026-05-05 11:51:00,1.16867,1.16904,1.16866,1.16894
2026-05-05 11:54:00,1.16899,1.16907,1.16863,1.16891
2026-05-05 11:57:00,1.16891,1.16897,1.16866,1.16887
2026-05-05 12:00:00,1.16886,1.16898,1.16828,1.16877
2026-05-05 12:03:00,1.16877,1.16881,1.16852,1.16871
2026-05-05 12:06:00,1.1687,1.16877,1.16853,1.16875
2026-05-05 12:09:00,1.16875,1.16898,1.16865,1.16891
2026-05-05 12:12:00,1.16891,1.16903,1.1686,1.16861
2026-05-05 12:15:00,1.16861,1.16862,1.16829,1.16832
2026-05-05 12:18:00,1.16832,1.16838,1.1681,1.16812
2026-05-05 12:21:00,1.16812,1.16852,1.16812,1.16848
2026-05-05 12:24:00,1.16848,1.16852,1.16829,1.16836
2026-05-05 12:27:00,1.16836,1.16868,1.1683,1.16864
2026-05-05 12:30:00,1.16864,1.16909,1.16854,1.16875
2026-05-05 12:33:00,1.16875,1.1689,1.16863,1.16877
2026-05-05 12:36:00,1.16877,1.16887,1.16861,1.16883
2026-05-05 12:39:00,1.16883,1.16901,1.16879,1.16901
2026-05-05 12:42:00,1.16901,1.16916,1.16892,1.16912
2026-05-05 12:45:00,1.16912,1.16928,1.16906,1.16926
2026-05-05 12:48:00,1.16926,1.16928,1.16858,1.16873
2026-05-05 12:51:00,1.16873,1.16889,1.16854,1.16882
2026-05-05 12:54:00,1.16882,1.16899,1.16871,1.16892
2026-05-05 12:57:00,1.16892,1.1691,1.16883,1.16903
2026-05-05 13:00:00,1.16902,1.16905,1.16867,1.16875
2026-05-05 13:03:00,1.16875,1.16887,1.16867,1.16883
2026-05-05 13:06:00,1.16883,1.16895,1.1687400000000001,1.16883
2026-05-05 13:09:00,1.16883,1.16889,1.16865,1.16886
2026-05-05 13:12:00,1.16886,1.16898,1.16881,1.16894
2026-05-05 13:15:00,1.16893,1.16907,1.16885,1.16902
2026-05-05 13:18:00,1.16902,1.16933,1.16899,1.16931
2026-05-05 13:21:00,1.1693,1.16944,1.16917,1.16936
2026-05-05 13:24:00,1.16934,1.16952,1.16921,1.16947
2026-05-05 13:27:00,1.16947,1.16953,1.16929,1.1694
2026-05-05 13:30:00,1.16943,1.16948,1.1691799999999999,1.16932
2026-05-05 13:33:00,1.16932,1.16976,1.16921,1.16933
2026-05-05 13:36:00,1.16933,1.16937,1.16906,1.16915
2026-05-05 13:39:00,1.16915,1.16926,1.16895,1.16912
2026-05-05 13:42:00,1.16912,1.16912,1.1688,1.16892
2026-05-05 13:45:00,1.16892,1.16895,1.16867,1.16876
2026-05-05 13:48:00,1.16877,1.16891,1.16875,1.16887
2026-05-05 13:51:00,1.16887,1.16888,1.1687,1.16881
2026-05-05 13:54:00,1.16881,1.16891,1.1687400000000001,1.16888
2026-05-05 13:57:00,1.16887,1.16897,1.16875,1.16895
2026-05-05 14:00:00,1.16895,1.16902,1.16832,1.16853
2026-05-05 14:03:00,1.16853,1.16863,1.16836,1.16846
2026-05-05 14:06:00,1.16845,1.16864,1.16835,1.1686
2026-05-05 14:09:00,1.1686,1.16863,1.16845,1.16848
2026-05-05 14:12:00,1.16849,1.16863,1.16843,1.16858
2026-05-05 14:15:00,1.16858,1.16859,1.1682299999999999,1.16845
2026-05-05 14:18:00,1.16844,1.16853,1.16835,1.16846
2026-05-05 14:21:00,1.16846,1.16876,1.16839,1.16876
2026-05-05 14:24:00,1.16876,1.16913,1.16868,1.16904
2026-05-05 14:27:00,1.16903,1.16936,1.169,1.16926
2026-05-05 14:30:00,1.16926,1.1694499999999999,1.16906,1.16917
2026-05-05 14:33:00,1.16917,1.16927,1.16905,1.16927
2026-05-05 14:36:00,1.16927,1.16932,1.1690800000000001,1.16909
2026-05-05 14:39:00,1.16909,1.16912,1.1688399999999999,1.16902
2026-05-05 14:42:00,1.16902,1.16915,1.16892,1.16901
2026-05-05 14:45:00,1.16901,1.16903,1.16882,1.16901
2026-05-05 14:48:00,1.16902,1.16915,1.1688399999999999,1.16887
2026-05-05 14:51:00,1.16887,1.16913,1.16885,1.169
2026-05-05 14:54:00,1.169,1.16903,1.1687400000000001,1.16893
2026-05-05 14:57:00,1.16893,1.16895,1.16876,1.1689
2026-05-05 15:00:00,1.16889,1.16899,1.16856,1.16868
2026-05-05 15:03:00,1.1687,1.16875,1.16843,1.16865
2026-05-05 15:06:00,1.16865,1.16881,1.16851,1.16855
2026-05-05 15:09:00,1.16855,1.16903,1.16844,1.16881
2026-05-05 15:12:00,1.16881,1.16923,1.16863,1.16906
2026-05-05 15:15:00,1.1690800000000001,1.16934,1.16907,1.16917
2026-05-05 15:18:00,1.16916,1.1694,1.16906,1.1693
2026-05-05 15:21:00,1.1693,1.16959,1.16917,1.16955
2026-05-05 15:24:00,1.16955,1.16956,1.16933,1.16943
2026-05-05 15:27:00,1.16946,1.16977,1.1694499999999999,1.16963
2026-05-05 15:30:00,1.16962,1.1697,1.16933,1.1694
2026-05-05 15:33:00,1.1694,1.16946,1.16916,1.16931
2026-05-05 15:36:00,1.1693,1.1693,1.16903,1.1690800000000001
2026-05-05 15:39:00,1.1690800000000001,1.1691799999999999,1.169,1.16913
2026-05-05 15:42:00,1.16913,1.16929,1.16897,1.16907
2026-05-05 15:45:00,1.16907,1.16927,1.16899,1.16916
2026-05-05 15:48:00,1.16916,1.1691799999999999,1.169,1.16909
2026-05-05 15:51:00,1.16909,1.16922,1.16894,1.16905
2026-05-05 15:54:00,1.16905,1.16916,1.16897,1.16913
2026-05-05 15:57:00,1.16913,1.1693,1.1691,1.16923
2026-05-05 16:00:00,1.16923,1.16942,1.1691799999999999,1.1694
2026-05-05 16:03:00,1.1694,1.16984,1.16928,1.16982
2026-05-05 16:06:00,1.16982,1.17027,1.16965,1.17021
2026-05-05 16:09:00,1.17021,1.17036,1.16999,1.17025
2026-05-05 16:12:00,1.17025,1.17025,1.16996,1.17007
2026-05-05 16:15:00,1.17007,1.17027,1.16998,1.17026
2026-05-05 16:18:00,1.17026,1.17046,1.17013,1.17039
2026-05-05 16:21:00,1.17039,1.1703999999999999,1.17003,1.1702
2026-05-05 16:24:00,1.1702,1.17027,1.16996,1.17018
2026-05-05 16:27:00,1.17018,1.17028,1.17002,1.17009
2026-05-05 16:30:00,1.17009,1.17028,1.16993,1.17024
2026-05-05 16:33:00,1.17024,1.17033,1.17009,1.17017
2026-05-05 16:36:00,1.17017,1.17029,1.16986,1.17001
2026-05-05 16:39:00,1.17001,1.17014,1.16988,1.17007
2026-05-05 16:42:00,1.17007,1.17007,1.16965,1.16977
2026-05-05 16:45:00,1.16981,1.16989,1.16963,1.16983
2026-05-05 16:48:00,1.16983,1.16998,1.16968,1.16996
2026-05-05 16:51:00,1.16996,1.17008,1.16976,1.16992
2026-05-05 16:54:00,1.16992,1.16999,1.16973,1.16986
2026-05-05 16:57:00,1.16986,1.16994,1.16956,1.16974
2026-05-05 17:00:00,1.16975,1.16999,1.16948,1.1697
2026-05-05 17:03:00,1.1697,1.16996,1.16958,1.16982
2026-05-05 17:06:00,1.16982,1.17058,1.16978,1.1703000000000001
2026-05-05 17:09:00,1.1703000000000001,1.17042,1.17,1.17027
2026-05-05 17:12:00,1.17027,1.17037,1.16957,1.16978
2026-05-05 17:15:00,1.16978,1.16993,1.16954,1.1697
2026-05-05 17:18:00,1.1697,1.16971,1.16912,1.1694499999999999
2026-05-05 17:21:00,1.1694499999999999,1.17024,1.16944,1.17016
2026-05-05 17:24:00,1.17016,1.17043,1.17014,1.1703000000000001
2026-05-05 17:27:00,1.1703000000000001,1.17044,1.17011,1.17011
2026-05-05 17:30:00,1.17021,1.17027,1.16991,1.1701
2026-05-05 17:33:00,1.1701,1.17015,1.16982,1.1699
2026-05-05 17:36:00,1.16991,1.17011,1.16972,1.17011
2026-05-05 17:39:00,1.17011,1.17022,1.1696900000000001,1.1702
2026-05-05 17:42:00,1.17021,1.17041,1.17007,1.17026
2026-05-05 17:45:00,1.17026,1.17032,1.16999,1.17007
2026-05-05 17:48:00,1.17007,1.17048,1.17004,1.17021
2026-05-05 17:51:00,1.17021,1.17021,1.16976,1.17009
2026-05-05 17:54:00,1.17009,1.17035,1.16999,1.17033
2026-05-05 17:57:00,1.17033,1.17058,1.17019,1.17056
2026-05-05 18:00:00,1.17056,1.17072,1.17041,1.17065
2026-05-05 18:03:00,1.17065,1.17105,1.17061,1.17096
2026-05-05 18:06:00,1.17096,1.17098,1.17051,1.17066
2026-05-05 18:09:00,1.17065,1.17078,1.17053,1.17065
2026-05-05 18:12:00,1.17065,1.17071,1.17045,1.1706
2026-05-05 18:15:00,1.1706,1.17061,1.17037,1.17057
2026-05-05 18:18:00,1.17057,1.17057,1.17003,1.17031
2026-05-05 18:21:00,1.17031,1.1705,1.1702,1.17046
2026-05-05 18:24:00,1.17046,1.1705,1.17017,1.17033
2026-05-05 18:27:00,1.17033,1.17058,1.17026,1.17058
2026-05-05 18:30:00,1.17057,1.17063,1.17035,1.17042
2026-05-05 18:33:00,1.17042,1.17078,1.17036,1.17069
2026-05-05 18:36:00,1.17069,1.17107,1.17062,1.17106
2026-05-05 18:39:00,1.17105,1.17112,1.17076,1.17112
2026-05-05 18:42:00,1.17112,1.17133,1.17104,1.17114
2026-05-05 18:45:00,1.17114,1.17135,1.1711,1.17132
2026-05-05 18:48:00,1.17131,1.17132,1.1711,1.17117
2026-05-05 18:51:00,1.17117,1.17117,1.17078,1.17088
2026-05-05 18:54:00,1.17088,1.171,1.17079,1.17087
2026-05-05 18:57:00,1.17086,1.17086,1.17056,1.17064
2026-05-05 19:00:00,1.17064,1.17088,1.17051,1.17087
2026-05-05 19:03:00,1.17087,1.17088,1.17049,1.17059
2026-05-05 19:06:00,1.17059,1.17072,1.17039,1.17047
2026-05-05 19:09:00,1.17047,1.17055,1.17028,1.17034
2026-05-05 19:12:00,1.17034,1.17046,1.17017,1.17017
2026-05-05 19:15:00,1.17017,1.17021,1.17004,1.17014
2026-05-05 19:18:00,1.17014,1.17015,1.1699,1.17014
2026-05-05 19:21:00,1.17013,1.17017,1.16991,1.16995
2026-05-05 19:24:00,1.16995,1.1701,1.16983,1.16983
2026-05-05 19:27:00,1.16982,1.17005,1.16982,1.17003
2026-05-05 19:30:00,1.17003,1.17005,1.16976,1.16992
2026-05-05 19:33:00,1.16992,1.17007,1.16972,1.16999
2026-05-05 19:36:00,1.17001,1.17027,1.17001,1.17023
2026-05-05 19:39:00,1.17023,1.17026,1.17003,1.17016
2026-05-05 19:42:00,1.17015,1.17031,1.17007,1.17026
2026-05-05 19:45:00,1.17029,1.17034,1.17014,1.17031
2026-05-05 19:48:00,1.17031,1.17031,1.1700599999999999,1.17013
2026-05-05 19:51:00,1.17013,1.17025,1.17,1.17011
2026-05-05 19:54:00,1.17001,1.17019,1.16992,1.17004
2026-05-05 19:57:00,1.17004,1.17012,1.16978,1.16993
2026-05-05 20:00:00,1.16993,1.17015,1.16983,1.17014
2026-05-05 20:03:00,1.17014,1.17015,1.16989,1.17009
2026-05-05 20:06:00,1.17009,1.17009,1.16965,1.16976
2026-05-05 20:09:00,1.16976,1.16984,1.16954,1.16982
2026-05-05 20:12:00,1.16982,1.16983,1.1697,1.1697
2026-05-05 20:15:00,1.1697,1.1699,1.16964,1.16987
2026-05-05 20:18:00,1.16987,1.16996,1.16978,1.1698
2026-05-05 20:21:00,1.1698,1.16988,1.1697,1.1697899999999999
2026-05-05 20:24:00,1.1697899999999999,1.16987,1.16965,1.16986
2026-05-05 20:27:00,1.16986,1.16997,1.1697899999999999,1.1697899999999999
2026-05-05 20:30:00,1.16989,1.17014,1.16978,1.17002
2026-05-05 20:33:00,1.17001,1.17021,1.17001,1.17019
2026-05-05 20:36:00,1.17019,1.17041,1.17005,1.17008
2026-05-05 20:39:00,1.17008,1.17026,1.16999,1.17022
2026-05-05 20:42:00,1.17022,1.17022,1.16992,1.16997
2026-05-05 20:45:00,1.16997,1.1701,1.16988,1.1701
2026-05-05 20:48:00,1.1701,1.1701,1.16989,1.17002
2026-05-05 20:51:00,1.17002,1.17013,1.16995,1.16996
2026-05-05 20:54:00,1.16996,1.16996,1.1698,1.16992
2026-05-05 20:57:00,1.16992,1.16992,1.16974,1.16987
2026-05-05 21:00:00,1.16987,1.16993,1.16974,1.16981
2026-05-05 21:03:00,1.16981,1.17003,1.16976,1.16998
2026-05-05 21:06:00,1.16998,1.17004,1.16975,1.16983
2026-05-05 21:09:00,1.16976,1.16988,1.16973,1.1698
2026-05-05 21:12:00,1.1698,1.16994,1.1696900000000001,1.16986
2026-05-05 21:15:00,1.16986,1.16993,1.16974,1.16983
2026-05-05 21:18:00,1.16983,1.16989,1.16974,1.16984
2026-05-05 21:21:00,1.16984,1.16993,1.16974,1.16985
2026-05-05 21:24:00,1.16985,1.17008,1.16977,1.17003
2026-05-05 21:27:00,1.17003,1.17003,1.16982,1.16994
2026-05-05 21:30:00,1.16993,1.16996,1.16975,1.16983
2026-05-05 21:33:00,1.16983,1.16988,1.16961,1.16988
2026-05-05 21:36:00,1.16988,1.16999,1.16978,1.1699
2026-05-05 21:39:00,1.1699,1.16995,1.16975,1.16988
2026-05-05 21:42:00,1.16988,1.16996,1.16975,1.16988
2026-05-05 21:45:00,1.16988,1.17,1.16978,1.16986
2026-05-05 21:48:00,1.16986,1.16999,1.16978,1.16991
2026-05-05 21:51:00,1.16991,1.17008,1.1699,1.17001
2026-05-05 21:54:00,1.17001,1.17008,1.16989,1.16997
2026-05-05 21:57:00,1.16997,1.17002,1.16984,1.16995
2026-05-05 22:00:00,1.16999,1.17011,1.16982,1.16989
2026-05-05 22:03:00,1.16989,1.16995,1.16972,1.16975
2026-05-05 22:06:00,1.16975,1.16988,1.16964,1.16964
2026-05-05 22:09:00,1.16971,1.16983,1.16963,1.16976
2026-05-05 22:12:00,1.16976,1.16987,1.16963,1.16977
2026-05-05 22:15:00,1.16977,1.16978,1.1696900000000001,1.16971
2026-05-05 22:18:00,1.16971,1.16972,1.16958,1.1696900000000001
2026-05-05 22:21:00,1.1696900000000001,1.16971,1.16958,1.16971
2026-05-05 22:24:00,1.16971,1.16974,1.1696,1.1696
2026-05-05 22:27:00,1.1696,1.16964,1.16947,1.16953
2026-05-05 22:30:00,1.16953,1.16966,1.16941,1.16959
2026-05-05 22:33:00,1.16959,1.16963,1.16954,1.16959
2026-05-05 22:36:00,1.16959,1.16967,1.16958,1.16961
2026-05-05 22:39:00,1.16961,1.16965,1.16949,1.16962
2026-05-05 22:42:00,1.16962,1.16963,1.1695,1.16955
2026-05-05 22:45:00,1.16956,1.1696900000000001,1.16947,1.16961
2026-05-05 22:48:00,1.16961,1.16963,1.16936,1.16944
2026-05-05 22:51:00,1.16944,1.16958,1.16932,1.16955
2026-05-05 22:54:00,1.16955,1.16958,1.1693500000000001,1.16943
2026-05-05 22:57:00,1.16943,1.16959,1.1694,1.16953
2026-05-05 23:00:00,1.16952,1.16963,1.16943,1.16959
2026-05-05 23:03:00,1.16959,1.16967,1.16948,1.16966
2026-05-05 23:06:00,1.16966,1.16967,1.16948,1.1696
2026-05-05 23:09:00,1.1696,1.16966,1.16954,1.16963
2026-05-05 23:12:00,1.16963,1.16964,1.1694499999999999,1.16958
2026-05-05 23:15:00,1.16958,1.16958,1.1694,1.16951
2026-05-05 23:18:00,1.16951,1.16952,1.16941,1.16947
2026-05-05 23:21:00,1.16947,1.16948,1.16933,1.16942
2026-05-05 23:24:00,1.16942,1.16947,1.16936,1.16947
2026-05-05 23:27:00,1.16947,1.16948,1.1694,1.1694499999999999
2026-05-05 23:30:00,1.1694499999999999,1.1694499999999999,1.1694,1.16942
2026-05-05 23:33:00,1.16942,1.16946,1.16941,1.1694499999999999
2026-05-05 23:36:00,1.1694499999999999,1.16946,1.1693500000000001,1.1693500000000001
2026-05-05 23:39:00,1.16936,1.16936,1.16927,1.16927
2026-05-05 23:42:00,1.16927,1.1693,1.16924,1.16924
2026-05-05 23:45:00,1.16924,1.16931,1.1692,1.16931
2026-05-05 23:48:00,1.16931,1.16941,1.16931,1.1694
2026-05-05 23:51:00,1.1694,1.16947,1.16938,1.16944
2026-05-05 23:54:00,1.16944,1.16944,1.16932,1.16933
2026-05-05 23:57:00,1.16933,1.16933,1.16923,1.16924
2026-05-06 00:00:00,1.16914,1.16922,1.16876,1.16921
2026-05-06 00:03:00,1.16921,1.16934,1.16911,1.16924
2026-05-06 00:06:00,1.16924,1.16937,1.16923,1.16924
2026-05-06 00:09:00,1.16924,1.16928,1.16922,1.16923
2026-05-06 00:12:00,1.16923,1.16927,1.16922,1.16922
2026-05-06 00:15:00,1.16922,1.16928,1.16922,1.16925
2026-05-06 00:18:00,1.16925,1.16929,1.16921,1.16921
2026-05-06 00:21:00,1.16921,1.16929,1.16921,1.16929
2026-05-06 00:24:00,1.16929,1.16929,1.16925,1.16926
2026-05-06 00:27:00,1.16926,1.16933,1.16924,1.16924
2026-05-06 00:30:00,1.16924,1.16933,1.16923,1.16926
2026-05-06 00:33:00,1.16926,1.16926,1.16926,1.16926
2026-05-06 00:36:00,1.16926,1.16934,1.16925,1.16925
2026-05-06 00:39:00,1.16925,1.16934,1.16925,1.16928
2026-05-06 00:42:00,1.16928,1.16928,1.16925,1.16925
2026-05-06 00:45:00,1.16925,1.16939,1.16921,1.16933
2026-05-06 00:48:00,1.16933,1.16937,1.16927,1.16929
2026-05-06 00:51:00,1.16929,1.16932,1.16926,1.16928
2026-05-06 00:54:00,1.16928,1.16932,1.16923,1.16924
2026-05-06 00:57:00,1.16924,1.16929,1.16923,1.16929
2026-05-06 01:00:00,1.16929,1.16946,1.16929,1.16946
2026-05-06 01:03:00,1.16946,1.16948,1.16941,1.16946
2026-05-06 01:06:00,1.16946,1.16951,1.16939,1.1694499999999999
2026-05-06 01:09:00,1.1694499999999999,1.16951,1.16938,1.16942
2026-05-06 01:12:00,1.16942,1.16946,1.16938,1.16939
2026-05-06 01:15:00,1.16939,1.16939,1.1692,1.16927
2026-05-06 01:18:00,1.16929,1.16932,1.16926,1.16926
2026-05-06 01:21:00,1.16926,1.1693,1.16921,1.16928
2026-05-06 01:24:00,1.16928,1.16929,1.16917,1.16919
2026-05-06 01:27:00,1.16919,1.16928,1.16916,1.16926
2026-05-06 01:30:00,1.16927,1.16928,1.16919,1.16919
2026-05-06 01:33:00,1.16919,1.16927,1.1691799999999999,1.1692
2026-05-06 01:36:00,1.1692,1.16928,1.16914,1.16927
2026-05-06 01:39:00,1.16927,1.1693500000000001,1.16922,1.16932
2026-05-06 01:42:00,1.16932,1.1693500000000001,1.16932,1.16934
2026-05-06 01:45:00,1.16934,1.16936,1.16929,1.16929
2026-05-06 01:48:00,1.16929,1.16932,1.16929,1.1693
2026-05-06 01:51:00,1.1693,1.17024,1.1693,1.16967
2026-05-06 01:54:00,1.16967,1.17094,1.16962,1.17065
2026-05-06 01:57:00,1.17065,1.1707,1.17032,1.17051
2026-05-06 02:00:00,1.17051,1.17072,1.17046,1.17062
2026-05-06 02:03:00,1.17062,1.17123,1.17056,1.17118
2026-05-06 02:06:00,1.17118,1.17156,1.17096,1.17141
2026-05-06 02:09:00,1.17141,1.17187,1.17124,1.1718600000000001
2026-05-06 02:12:00,1.1718600000000001,1.17244,1.1718600000000001,1.17231
2026-05-06 02:15:00,1.17232,1.17239,1.17205,1.1721300000000001
2026-05-06 02:18:00,1.1721300000000001,1.17243,1.1721300000000001,1.17237
2026-05-06 02:21:00,1.17237,1.17253,1.17206,1.17216
2026-05-06 02:24:00,1.17216,1.17217,1.17173,1.17182
2026-05-06 02:27:00,1.17181,1.17195,1.17175,1.17175
2026-05-06 02:30:00,1.17175,1.17212,1.17169,1.17211
2026-05-06 02:33:00,1.17212,1.17212,1.17191,1.17196
2026-05-06 02:36:00,1.17196,1.17197,1.17181,1.1718899999999999
2026-05-06 02:39:00,1.1718899999999999,1.17195,1.17171,1.17179
2026-05-06 02:42:00,1.17179,1.17179,1.1716199999999999,1.17163
2026-05-06 02:45:00,1.17163,1.17176,1.17156,1.17166
2026-05-06 02:48:00,1.17167,1.17171,1.17155,1.17171
2026-05-06 02:51:00,1.17171,1.17176,1.17157,1.17161
2026-05-06 02:54:00,1.17161,1.1716199999999999,1.17146,1.17147
2026-05-06 02:57:00,1.17147,1.17156,1.17137,1.17146
2026-05-06 03:00:00,1.17146,1.17165,1.17131,1.17156
2026-05-06 03:03:00,1.17157,1.1716199999999999,1.1712799999999999,1.1712799999999999
2026-05-06 03:06:00,1.1712500000000001,1.17163,1.1712,1.1715
2026-05-06 03:09:00,1.1715,1.17153,1.17126,1.17129
2026-05-06 03:12:00,1.17129,1.17135,1.1712,1.1712799999999999
2026-05-06 03:15:00,1.1712799999999999,1.17133,1.17103,1.1713
2026-05-06 03:18:00,1.1713,1.17172,1.1712799999999999,1.17166
2026-05-06 03:21:00,1.17166,1.17166,1.17131,1.17158
2026-05-06 03:24:00,1.17158,1.1718,1.17144,1.17172
2026-05-06 03:27:00,1.17172,1.17172,1.1712799999999999,1.17137
2026-05-06 03:30:00,1.17137,1.17164,1.17129,1.17157
2026-05-06 03:33:00,1.17157,1.17203,1.17154,1.17194
2026-05-06 03:36:00,1.17194,1.17197,1.17177,1.17193
2026-05-06 03:39:00,1.1719,1.17202,1.1717,1.17199
2026-05-06 03:42:00,1.172,1.17204,1.17182,1.17192
2026-05-06 03:45:00,1.17192,1.172,1.1718600000000001,1.17198
2026-05-06 03:48:00,1.17198,1.17198,1.1717,1.17184
2026-05-06 03:51:00,1.17184,1.17205,1.17183,1.17187
2026-05-06 03:54:00,1.17188,1.17214,1.17181,1.17209
2026-05-06 03:57:00,1.17209,1.17211,1.17187,1.17201
2026-05-06 04:00:00,1.17199,1.17215,1.17178,1.17193
2026-05-06 04:03:00,1.17192,1.17197,1.17177,1.17183
2026-05-06 04:06:00,1.17183,1.1719,1.17169,1.17179
2026-05-06 04:09:00,1.17179,1.17204,1.17177,1.17202
2026-05-06 04:12:00,1.17202,1.17205,1.17184,1.1718600000000001
2026-05-06 04:15:00,1.1718600000000001,1.17204,1.17181,1.17202
2026-05-06 04:18:00,1.17202,1.17238,1.17194,1.17229
2026-05-06 04:21:00,1.17229,1.17233,1.17212,1.17233
2026-05-06 04:24:00,1.17233,1.17252,1.17224,1.17241
2026-05-06 04:27:00,1.17242,1.17242,1.17216,1.1722299999999999
2026-05-06 04:30:00,1.1722299999999999,1.1722299999999999,1.17198,1.17209
2026-05-06 04:33:00,1.17209,1.17212,1.17192,1.17195
2026-05-06 04:36:00,1.17195,1.17214,1.17182,1.17214
2026-05-06 04:39:00,1.17214,1.1723,1.1721,1.17227
2026-05-06 04:42:00,1.17227,1.17232,1.17218,1.17231
2026-05-06 04:45:00,1.17231,1.17248,1.17228,1.1724700000000001
2026-05-06 04:48:00,1.17242,1.17259,1.17238,1.17246
2026-05-06 04:51:00,1.17246,1.17252,1.17234,1.1724700000000001
2026-05-06 04:54:00,1.1724700000000001,1.1724700000000001,1.1721300000000001,1.1722
2026-05-06 04:57:00,1.1722,1.17225,1.17206,1.17212
2026-05-06 05:00:00,1.17212,1.17239,1.17209,1.17234
2026-05-06 05:03:00,1.17234,1.17248,1.17225,1.17243
2026-05-06 05:06:00,1.17243,1.17243,1.17219,1.17229
2026-05-06 05:09:00,1.17229,1.17233,1.17217,1.17229
2026-05-06 05:12:00,1.17229,1.17231,1.17208,1.17209
2026-05-06 05:15:00,1.17209,1.17233,1.17209,1.17231
2026-05-06 05:18:00,1.17231,1.17231,1.17217,1.17222
2026-05-06 05:21:00,1.17222,1.17224,1.1721,1.17215
2026-05-06 05:24:00,1.17215,1.17216,1.1718600000000001,1.172
2026-05-06 05:27:00,1.172,1.17201,1.17176,1.17183
2026-05-06 05:30:00,1.17183,1.17192,1.17177,1.1718600000000001
2026-05-06 05:33:00,1.17183,1.17192,1.17178,1.17187
2026-05-06 05:36:00,1.1718600000000001,1.17196,1.17177,1.17196
2026-05-06 05:39:00,1.17196,1.17196,1.1717,1.17171
2026-05-06 05:42:00,1.1717,1.17171,1.17156,1.17164
2026-05-06 05:45:00,1.17164,1.17167,1.17148,1.17166
2026-05-06 05:48:00,1.17166,1.17176,1.17153,1.17176
2026-05-06 05:51:00,1.17176,1.17176,1.17161,1.17165
2026-05-06 05:54:00,1.17165,1.17181,1.17156,1.1718
2026-05-06 05:57:00,1.1718,1.17183,1.17161,1.17173
2026-05-06 06:00:00,1.17173,1.17193,1.17165,1.17192
2026-05-06 06:03:00,1.17192,1.17206,1.1718600000000001,1.17194
2026-05-06 06:06:00,1.17194,1.1722,1.1719,1.17202
2026-05-06 06:09:00,1.17202,1.17218,1.17199,1.17208
2026-05-06 06:12:00,1.17208,1.17219,1.17197,1.17209
2026-05-06 06:15:00,1.17209,1.17215,1.17184,1.17193
2026-05-06 06:18:00,1.17193,1.17214,1.17193,1.17208
2026-05-06 06:21:00,1.17208,1.17218,1.17198,1.17207
2026-05-06 06:24:00,1.17207,1.1722,1.17201,1.17206
2026-05-06 06:27:00,1.17207,1.1721,1.1718899999999999,1.17202
2026-05-06 06:30:00,1.17201,1.17203,1.17167,1.17188
2026-05-06 06:33:00,1.17188,1.17201,1.17177,1.172
2026-05-06 06:36:00,1.172,1.1723,1.17197,1.17206
2026-05-06 06:39:00,1.17206,1.17215,1.17202,1.17208
2026-05-06 06:42:00,1.17208,1.17209,1.17191,1.17201
2026-05-06 06:45:00,1.17201,1.17205,1.1718,1.1718
2026-05-06 06:48:00,1.1718,1.1718,1.17159,1.17171
2026-05-06 06:51:00,1.17171,1.17173,1.17159,1.17171
2026-05-06 06:54:00,1.17171,1.1718,1.17158,1.17172
2026-05-06 06:57:00,1.17172,1.17177,1.17168,1.17169
2026-05-06 07:00:00,1.17169,1.17176,1.1716199999999999,1.17169
2026-05-06 07:03:00,1.17169,1.17175,1.17167,1.1717
2026-05-06 07:06:00,1.17167,1.17182,1.17163,1.17167
2026-05-06 07:09:00,1.17167,1.17171,1.17153,1.17168
2026-05-06 07:12:00,1.17168,1.17181,1.17163,1.17181
2026-05-06 07:15:00,1.17182,1.17184,1.17173,1.17179
2026-05-06 07:18:00,1.17179,1.17179,1.17167,1.17176
2026-05-06 07:21:00,1.17176,1.17187,1.17166,1.17187
2026-05-06 07:24:00,1.17187,1.17196,1.17179,1.17195
2026-05-06 07:27:00,1.17195,1.17283,1.17195,1.17282
2026-05-06 07:30:00,1.17282,1.17315,1.17262,1.17315
2026-05-06 07:33:00,1.17315,1.17347,1.17302,1.17333
2026-05-06 07:36:00,1.17333,1.17365,1.17315,1.17337
2026-05-06 07:39:00,1.17337,1.17357,1.17317,1.17343
2026-05-06 07:42:00,1.17343,1.17346,1.17301,1.17332
2026-05-06 07:45:00,1.17331,1.17356,1.17307,1.17339
2026-05-06 07:48:00,1.17339,1.17411,1.17339,1.17403
2026-05-06 07:51:00,1.17403,1.17424,1.17395,1.17423
2026-05-06 07:54:00,1.17423,1.17428,1.17395,1.1742
2026-05-06 07:57:00,1.1742,1.17423,1.17362,1.1736900000000001
2026-05-06 08:00:00,1.1736900000000001,1.17381,1.17351,1.17359
2026-05-06 08:03:00,1.17359,1.17365,1.17343,1.1735
2026-05-06 08:06:00,1.1735,1.17362,1.17344,1.17353
2026-05-06 08:09:00,1.17353,1.1736900000000001,1.17342,1.1735
2026-05-06 08:12:00,1.1735,1.17351,1.17333,1.17334
2026-05-06 08:15:00,1.17334,1.17336,1.1731,1.17322
2026-05-06 08:18:00,1.17322,1.17332,1.17311,1.1733
2026-05-06 08:21:00,1.1733,1.1733,1.17302,1.17307
2026-05-06 08:24:00,1.17305,1.17341,1.17299,1.17332
2026-05-06 08:27:00,1.17332,1.17339,1.17309,1.17331
2026-05-06 08:30:00,1.17331,1.17333,1.17311,1.17321
2026-05-06 08:33:00,1.17321,1.17333,1.17309,1.17321
2026-05-06 08:36:00,1.17322,1.17324,1.17302,1.17302
2026-05-06 08:39:00,1.1730800000000001,1.17326,1.17306,1.17318
2026-05-06 08:42:00,1.17318,1.17332,1.17309,1.17319
2026-05-06 08:45:00,1.17319,1.17333,1.17316,1.17332
2026-05-06 08:48:00,1.17332,1.17332,1.17317,1.17322
2026-05-06 08:51:00,1.17325,1.1733,1.17315,1.1733
2026-05-06 08:54:00,1.1733,1.17332,1.17303,1.17316
2026-05-06 08:57:00,1.17316,1.17332,1.17305,1.17328
2026-05-06 09:00:00,1.1733,1.1735,1.17325,1.1734
2026-05-06 09:03:00,1.17341,1.17351,1.1730800000000001,1.17322
2026-05-06 09:06:00,1.17317,1.17338,1.17312,1.1733
2026-05-06 09:09:00,1.1733,1.1733500000000001,1.17302,1.17306
2026-05-06 09:12:00,1.17306,1.17341,1.17301,1.17325
2026-05-06 09:15:00,1.17325,1.17336,1.173,1.1731
2026-05-06 09:18:00,1.1731,1.17324,1.173,1.17313
2026-05-06 09:21:00,1.17313,1.17332,1.17307,1.17332
2026-05-06 09:24:00,1.17332,1.1735,1.17326,1.17348
2026-05-06 09:27:00,1.17348,1.1735,1.17319,1.17322
2026-05-06 09:30:00,1.17322,1.17329,1.17305,1.17315
2026-05-06 09:33:00,1.17315,1.17317,1.1727400000000001,1.17301
2026-05-06 09:36:00,1.17301,1.17339,1.17292,1.17325
2026-05-06 09:39:00,1.17324,1.17336,1.17302,1.17316
2026-05-06 09:42:00,1.17317,1.17333,1.1728399999999999,1.17315
2026-05-06 09:45:00,1.17315,1.1735,1.17315,1.17337
2026-05-06 09:48:00,1.17337,1.17347,1.17312,1.17316
2026-05-06 09:51:00,1.17316,1.17347,1.17307,1.17346
2026-05-06 09:54:00,1.17346,1.17356,1.1732,1.17338
2026-05-06 09:57:00,1.17338,1.17343,1.17326,1.17333
2026-05-06 10:00:00,1.17333,1.1734,1.17307,1.17338
2026-05-06 10:03:00,1.17338,1.17357,1.17325,1.17352
2026-05-06 10:06:00,1.17352,1.17368,1.17321,1.17321
2026-05-06 10:09:00,1.17321,1.17322,1.17295,1.17306
2026-05-06 10:12:00,1.17306,1.17306,1.17277,1.1728399999999999
2026-05-06 10:15:00,1.1728399999999999,1.17304,1.1727,1.17285
2026-05-06 10:18:00,1.1728399999999999,1.17303,1.17263,1.17286
2026-05-06 10:21:00,1.17286,1.17309,1.17278,1.17282
2026-05-06 10:24:00,1.17282,1.17287,1.17267,1.1728
2026-05-06 10:27:00,1.17279,1.17302,1.17268,1.17297
2026-05-06 10:30:00,1.17297,1.1730800000000001,1.17271,1.17282
2026-05-06 10:33:00,1.17282,1.17282,1.17237,1.17243
2026-05-06 10:36:00,1.17242,1.1728399999999999,1.17237,1.17283
2026-05-06 10:39:00,1.17283,1.17306,1.17273,1.17303
2026-05-06 10:42:00,1.17303,1.17307,1.17267,1.17279
2026-05-06 10:45:00,1.17279,1.17322,1.17273,1.17291
2026-05-06 10:48:00,1.17291,1.17303,1.17276,1.17301
2026-05-06 10:51:00,1.17301,1.17321,1.17292,1.1730800000000001
2026-05-06 10:54:00,1.1730800000000001,1.17333,1.17295,1.17323
2026-05-06 10:57:00,1.17323,1.17382,1.17321,1.17377
2026-05-06 11:00:00,1.17377,1.17398,1.17343,1.17391
2026-05-06 11:03:00,1.17391,1.17392,1.1734,1.17348
2026-05-06 11:06:00,1.17348,1.17365,1.17322,1.17326
2026-05-06 11:09:00,1.17333,1.17353,1.17324,1.17338
2026-05-06 11:12:00,1.17339,1.17351,1.17327,1.17332
2026-05-06 11:15:00,1.17334,1.17354,1.17325,1.17349
2026-05-06 11:18:00,1.17349,1.17358,1.17341,1.17343
2026-05-06 11:21:00,1.17343,1.1735,1.17322,1.17332
2026-05-06 11:24:00,1.17332,1.17365,1.17327,1.17359
2026-05-06 11:27:00,1.17359,1.17381,1.17354,1.17378
2026-05-06 11:30:00,1.17378,1.17422,1.17372,1.17417
2026-05-06 11:33:00,1.17417,1.17475,1.17411,1.17462
2026-05-06 11:36:00,1.17462,1.17473,1.17447,1.17452
2026-05-06 11:39:00,1.17452,1.1749100000000001,1.17442,1.17476
2026-05-06 11:42:00,1.17476,1.17496,1.1747,1.17478
2026-05-06 11:45:00,1.17478,1.17517,1.17477,1.17502
2026-05-06 11:48:00,1.17502,1.17598,1.17473,1.17597
2026-05-06 11:51:00,1.17594,1.17705,1.17594,1.17687
2026-05-06 11:54:00,1.17687,1.17705,1.17641,1.17644
2026-05-06 11:57:00,1.17644,1.17667,1.1762,1.1762299999999999
2026-05-06 12:00:00,1.1762299999999999,1.17644,1.17585,1.17594
2026-05-06 12:03:00,1.17594,1.17607,1.17555,1.17601
2026-05-06 12:06:00,1.17601,1.17632,1.17601,1.1761300000000001
2026-05-06 12:09:00,1.1761300000000001,1.17626,1.176,1.17621
2026-05-06 12:12:00,1.17621,1.17633,1.1758899999999999,1.17595
2026-05-06 12:15:00,1.17595,1.17641,1.1759,1.1764000000000001
2026-05-06 12:18:00,1.1764000000000001,1.17672,1.17621,1.17641
2026-05-06 12:21:00,1.17641,1.17646,1.17607,1.1762299999999999
2026-05-06 12:24:00,1.1762299999999999,1.17663,1.1761300000000001,1.1766
2026-05-06 12:27:00,1.1766,1.17697,1.17659,1.17664
2026-05-06 12:30:00,1.17664,1.17704,1.17642,1.1770100000000001
2026-05-06 12:33:00,1.1770100000000001,1.17726,1.17662,1.17686
2026-05-06 12:36:00,1.17686,1.17723,1.17678,1.17703
2026-05-06 12:39:00,1.17703,1.17736,1.17695,1.17736
2026-05-06 12:42:00,1.17731,1.17737,1.1771,1.17714
2026-05-06 12:45:00,1.17714,1.1773,1.17707,1.1772
2026-05-06 12:48:00,1.1772,1.17757,1.17708,1.17738
2026-05-06 12:51:00,1.17738,1.17769,1.17738,1.17765
2026-05-06 12:54:00,1.17765,1.1777,1.17748,1.17764
2026-05-06 12:57:00,1.17764,1.17769,1.17736,1.17738
2026-05-06 13:00:00,1.17747,1.1777,1.17733,1.17754
2026-05-06 13:03:00,1.17754,1.17765,1.17741,1.17743
2026-05-06 13:06:00,1.17743,1.17747,1.17713,1.17718
2026-05-06 13:09:00,1.17718,1.17725,1.17696,1.177
2026-05-06 13:12:00,1.177,1.1771,1.1768399999999999,1.17689
2026-05-06 13:15:00,1.17689,1.17699,1.17669,1.17698
2026-05-06 13:18:00,1.17698,1.17702,1.17673,1.17686
2026-05-06 13:21:00,1.17685,1.17687,1.17669,1.17672
2026-05-06 13:24:00,1.17672,1.17699,1.17657,1.17694
2026-05-06 13:27:00,1.17694,1.17703,1.17681,1.17693
2026-05-06 13:30:00,1.17693,1.17727,1.17693,1.17726
2026-05-06 13:33:00,1.17726,1.1775,1.17719,1.17725
2026-05-06 13:36:00,1.17725,1.17733,1.17706,1.17731
2026-05-06 13:39:00,1.17731,1.17775,1.17725,1.17764
2026-05-06 13:42:00,1.17764,1.1784,1.17752,1.1783
2026-05-06 13:45:00,1.17829,1.17876,1.17818,1.17876
2026-05-06 13:48:00,1.17876,1.17896,1.1779600000000001,1.17886
2026-05-06 13:51:00,1.17886,1.1795200000000001,1.17865,1.17945
2026-05-06 13:54:00,1.17945,1.17966,1.17904,1.17909
2026-05-06 13:57:00,1.17906,1.1793,1.17882,1.17889
2026-05-06 14:00:00,1.17889,1.17901,1.17855,1.17873
2026-05-06 14:03:00,1.17874,1.17901,1.1786699999999999,1.179
2026-05-06 14:06:00,1.179,1.17917,1.17869,1.17877
2026-05-06 14:09:00,1.17877,1.17899,1.17853,1.1786
2026-05-06 14:12:00,1.1786,1.17866,1.17822,1.17845
2026-05-06 14:15:00,1.17845,1.17875,1.17828,1.17858
2026-05-06 14:18:00,1.17858,1.17864,1.17839,1.17849
2026-05-06 14:21:00,1.17846,1.1785,1.1781,1.17823
2026-05-06 14:24:00,1.17823,1.17897,1.17821,1.17892
2026-05-06 14:27:00,1.17892,1.17896,1.17844,1.17851
2026-05-06 14:30:00,1.17851,1.17859,1.1781,1.17827
2026-05-06 14:33:00,1.17828,1.17853,1.17819,1.17834
2026-05-06 14:36:00,1.17834,1.17862,1.17831,1.17848
2026-05-06 14:39:00,1.17848,1.17866,1.17811,1.1785700000000001
2026-05-06 14:42:00,1.1785700000000001,1.17864,1.1774,1.17753
2026-05-06 14:45:00,1.1775,1.17766,1.17722,1.17765
2026-05-06 14:48:00,1.17765,1.17766,1.17726,1.1773
2026-05-06 14:51:00,1.1773,1.17739,1.17703,1.17729
2026-05-06 14:54:00,1.17729,1.17733,1.17679,1.17686
2026-05-06 14:57:00,1.17683,1.17714,1.17675,1.17699
2026-05-06 15:00:00,1.17699,1.177,1.17633,1.17649
2026-05-06 15:03:00,1.17649,1.17649,1.17603,1.17617
2026-05-06 15:06:00,1.17617,1.17644,1.17599,1.17639
2026-05-06 15:09:00,1.17637,1.17643,1.1756,1.17569
2026-05-06 15:12:00,1.17569,1.17584,1.17523,1.17568
2026-05-06 15:15:00,1.17566,1.17587,1.17517,1.17567
2026-05-06 15:18:00,1.17564,1.1762299999999999,1.17539,1.17599
2026-05-06 15:21:00,1.17599,1.17603,1.17539,1.1756
2026-05-06 15:24:00,1.1756,1.17604,1.17549,1.17603
2026-05-06 15:27:00,1.17603,1.17612,1.17587,1.17603
2026-05-06 15:30:00,1.17603,1.17637,1.17603,1.17634
2026-05-06 15:33:00,1.17634,1.17639,1.17578,1.17592
2026-05-06 15:36:00,1.17592,1.17599,1.17566,1.17574
2026-05-06 15:39:00,1.17574,1.17585,1.1755,1.17583
2026-05-06 15:42:00,1.17583,1.17618,1.17582,1.17611
2026-05-06 15:45:00,1.17611,1.17611,1.1755,1.17583
2026-05-06 15:48:00,1.17583,1.17601,1.1756199999999999,1.17588
2026-05-06 15:51:00,1.17588,1.17588,1.17554,1.17584
2026-05-06 15:54:00,1.17584,1.17592,1.17533,1.17536
2026-05-06 15:57:00,1.17536,1.17546,1.17524,1.17535
2026-05-06 16:00:00,1.17535,1.17573,1.1751800000000001,1.17572
2026-05-06 16:03:00,1.17572,1.17591,1.17508,1.17542
2026-05-06 16:06:00,1.17542,1.17542,1.17459,1.1749
2026-05-06 16:09:00,1.1749,1.17546,1.17459,1.17525
2026-05-06 16:12:00,1.17527,1.17564,1.17527,1.17557
2026-05-06 16:15:00,1.17557,1.1757900000000001,1.17549,1.17558
2026-05-06 16:18:00,1.17558,1.17559,1.17516,1.17529
2026-05-06 16:21:00,1.17529,1.17535,1.17504,1.17513
2026-05-06 16:24:00,1.17514,1.17532,1.1749,1.17502
2026-05-06 16:27:00,1.17502,1.17516,1.17495,1.17507
2026-05-06 16:30:00,1.17507,1.1751,1.17471,1.17506
2026-05-06 16:33:00,1.17506,1.17546,1.17497,1.17526
2026-05-06 16:36:00,1.17526,1.1756199999999999,1.17522,1.17547
2026-05-06 16:39:00,1.17547,1.1755200000000001,1.1751800000000001,1.17537
2026-05-06 16:42:00,1.17537,1.17542,1.17505,1.17514
2026-05-06 16:45:00,1.17514,1.17538,1.17502,1.1752799999999999
2026-05-06 16:48:00,1.17529,1.17536,1.17498,1.17505
2026-05-06 16:51:00,1.17505,1.17523,1.17495,1.17521
2026-05-06 16:54:00,1.17521,1.1755,1.1751,1.1751
2026-05-06 16:57:00,1.1751,1.17525,1.17492,1.17516
2026-05-06 17:00:00,1.17516,1.1752,1.17487,1.17495
2026-05-06 17:03:00,1.17495,1.17505,1.17473,1.17492
2026-05-06 17:06:00,1.17492,1.17506,1.17444,1.17482
2026-05-06 17:09:00,1.17482,1.17502,1.17472,1.17473
2026-05-06 17:12:00,1.17476,1.17504,1.17468,1.1747
2026-05-06 17:15:00,1.1748,1.1748,1.1745700000000001,1.1747
2026-05-06 17:18:00,1.1747,1.17494,1.1745700000000001,1.17487
2026-05-06 17:21:00,1.17487,1.17519,1.17482,1.17509
2026-05-06 17:24:00,1.17511,1.17512,1.17483,1.17492
2026-05-06 17:27:00,1.17485,1.17495,1.17452,1.1746699999999999
2026-05-06 17:30:00,1.17468,1.17538,1.17463,1.17534
2026-05-06 17:33:00,1.17523,1.17549,1.17522,1.17541
2026-05-06 17:36:00,1.1754,1.1756,1.17537,1.17557
2026-05-06 17:39:00,1.17557,1.17578,1.17546,1.17567
2026-05-06 17:42:00,1.17567,1.1762,1.17545,1.1761300000000001
2026-05-06 17:45:00,1.1761300000000001,1.17628,1.17587,1.17592
2026-05-06 17:48:00,1.17592,1.17598,1.17564,1.17566
2026-05-06 17:51:00,1.17566,1.1762,1.17566,1.17595
2026-05-06 17:54:00,1.17595,1.17595,1.17567,1.17567
2026-05-06 17:57:00,1.17567,1.17584,1.17547,1.1755
2026-05-06 18:00:00,1.1755,1.17553,1.17516,1.17536
2026-05-06 18:03:00,1.17536,1.17542,1.175,1.17533
2026-05-06 18:06:00,1.17533,1.1754,1.17513,1.1751800000000001
2026-05-06 18:09:00,1.1751800000000001,1.17532,1.17506,1.1752799999999999
2026-05-06 18:12:00,1.1752799999999999,1.17535,1.17481,1.1750099999999999
2026-05-06 18:15:00,1.1750099999999999,1.17511,1.1749,1.17511
2026-05-06 18:18:00,1.17511,1.17517,1.17496,1.17511
2026-05-06 18:21:00,1.17511,1.17527,1.17507,1.17512
2026-05-06 18:24:00,1.17512,1.17525,1.1750099999999999,1.1751800000000001
2026-05-06 18:27:00,1.1751800000000001,1.17541,1.17515,1.1753
2026-05-06 18:30:00,1.1753,1.17553,1.17527,1.17553
2026-05-06 18:33:00,1.17553,1.17559,1.17523,1.17523
2026-05-06 18:36:00,1.17523,1.17545,1.17511,1.1753
2026-05-06 18:39:00,1.17531,1.17553,1.17525,1.17549
2026-05-06 18:42:00,1.17549,1.17584,1.17531,1.17555
2026-05-06 18:45:00,1.17557,1.17568,1.17537,1.17546
2026-05-06 18:48:00,1.17546,1.17571,1.1754,1.17553
2026-05-06 18:51:00,1.17546,1.17569,1.17534,1.17566
2026-05-06 18:54:00,1.17566,1.17573,1.17525,1.17548
2026-05-06 18:57:00,1.17548,1.17559,1.17513,1.17527
2026-05-06 19:00:00,1.17527,1.17534,1.17495,1.17499
2026-05-06 19:03:00,1.1750099999999999,1.1752799999999999,1.17492,1.1752799999999999
2026-05-06 19:06:00,1.1752799999999999,1.1752799999999999,1.17484,1.17494
2026-05-06 19:09:00,1.17494,1.17527,1.17485,1.17523
2026-05-06 19:12:00,1.17524,1.1752799999999999,1.17509,1.17513
2026-05-06 19:15:00,1.17513,1.17517,1.17495,1.17511
2026-05-06 19:18:00,1.17511,1.1751800000000001,1.17499,1.17513
2026-05-06 19:21:00,1.17513,1.17525,1.1750099999999999,1.1751800000000001
2026-05-06 19:24:00,1.1751800000000001,1.1752799999999999,1.17511,1.17527
2026-05-06 19:27:00,1.17527,1.17527,1.17506,1.17507
2026-05-06 19:30:00,1.17507,1.17529,1.1750099999999999,1.1751800000000001
2026-05-06 19:33:00,1.1751800000000001,1.17521,1.17503,1.17516
2026-05-06 19:36:00,1.17516,1.1751800000000001,1.17495,1.1750099999999999
2026-05-06 19:39:00,1.1750099999999999,1.17508,1.17492,1.17507
2026-05-06 19:42:00,1.17507,1.17514,1.17495,1.17503
2026-05-06 19:45:00,1.17503,1.17503,1.17474,1.17487
2026-05-06 19:48:00,1.17487,1.17503,1.17481,1.17499
2026-05-06 19:51:00,1.17499,1.17499,1.17458,1.17479
2026-05-06 19:54:00,1.17479,1.17487,1.17459,1.17482
2026-05-06 19:57:00,1.17482,1.1749,1.17412,1.17443
2026-05-06 20:00:00,1.17443,1.17478,1.17423,1.17476
2026-05-06 20:03:00,1.17476,1.17508,1.17476,1.17507
2026-05-06 20:06:00,1.17508,1.17529,1.1750099999999999,1.17521
2026-05-06 20:09:00,1.17521,1.1752799999999999,1.17505,1.17517
2026-05-06 20:12:00,1.17517,1.17523,1.17498,1.17515
2026-05-06 20:15:00,1.17514,1.17519,1.17503,1.17508
2026-05-06 20:18:00,1.17507,1.17524,1.17507,1.17524
2026-05-06 20:21:00,1.17524,1.17547,1.17519,1.17547
2026-05-06 20:24:00,1.17547,1.17555,1.1754,1.17551
2026-05-06 20:27:00,1.17551,1.1755200000000001,1.17531,1.17533
2026-05-06 20:30:00,1.17535,1.17538,1.17507,1.17511
2026-05-06 20:33:00,1.17511,1.17511,1.1746699999999999,1.17478
2026-05-06 20:36:00,1.17478,1.175,1.17476,1.17486
2026-05-06 20:39:00,1.17483,1.17489,1.17458,1.17471
2026-05-06 20:42:00,1.17471,1.17472,1.17448,1.17469
2026-05-06 20:45:00,1.17469,1.17471,1.17446,1.17456
2026-05-06 20:48:00,1.17459,1.17463,1.1743999999999999,1.1745
2026-05-06 20:51:00,1.1745,1.17459,1.17438,1.17451
2026-05-06 20:54:00,1.17451,1.1746,1.17438,1.17459
2026-05-06 20:57:00,1.17459,1.17483,1.17456,1.17481
2026-05-06 21:00:00,1.17481,1.1749100000000001,1.17459,1.17463
2026-05-06 21:03:00,1.17463,1.1748,1.17455,1.17475
2026-05-06 21:06:00,1.17476,1.17496,1.1746699999999999,1.17469
2026-05-06 21:09:00,1.17469,1.17471,1.17454,1.17461
2026-05-06 21:12:00,1.17462,1.17472,1.17454,1.1746
2026-05-06 21:15:00,1.1746,1.1748,1.1745700000000001,1.17477
2026-05-06 21:18:00,1.17477,1.17484,1.17472,1.17475
2026-05-06 21:21:00,1.17475,1.17478,1.17456,1.17462
2026-05-06 21:24:00,1.17462,1.1746699999999999,1.17442,1.17454
2026-05-06 21:27:00,1.17454,1.17458,1.17442,1.17456
2026-05-06 21:30:00,1.17456,1.17473,1.17447,1.17463
2026-05-06 21:33:00,1.17462,1.17465,1.17446,1.17463
2026-05-06 21:36:00,1.17463,1.1747,1.17449,1.1747
2026-05-06 21:39:00,1.1747,1.17478,1.17464,1.17469
2026-05-06 21:42:00,1.17469,1.17481,1.17459,1.1747
2026-05-06 21:45:00,1.1747,1.17473,1.17462,1.17469
2026-05-06 21:48:00,1.17468,1.17479,1.1745700000000001,1.17479
2026-05-06 21:51:00,1.17479,1.17495,1.17472,1.17479
2026-05-06 21:54:00,1.17479,1.17507,1.17473,1.17505
2026-05-06 21:57:00,1.17505,1.17515,1.17484,1.17493
2026-05-06 22:00:00,1.17493,1.1751,1.17486,1.17502
2026-05-06 22:03:00,1.175,1.17515,1.17496,1.17502
2026-05-06 22:06:00,1.175,1.17515,1.17496,1.17515
2026-05-06 22:09:00,1.17514,1.17534,1.17511,1.17533
2026-05-06 22:12:00,1.17533,1.17543,1.17526,1.17534
2026-05-06 22:15:00,1.17534,1.17549,1.17521,1.17538
2026-05-06 22:18:00,1.17538,1.1755,1.17535,1.17545
2026-05-06 22:21:00,1.17545,1.17555,1.17533,1.1754
2026-05-06 22:24:00,1.1754,1.17553,1.1752799999999999,1.17539
2026-05-06 22:27:00,1.17539,1.17541,1.17527,1.17534
2026-05-06 22:30:00,1.17534,1.17534,1.1751,1.17515
2026-05-06 22:33:00,1.17515,1.17527,1.17507,1.17521
2026-05-06 22:36:00,1.17522,1.1753,1.17516,1.17522
2026-05-06 22:39:00,1.17522,1.17529,1.17492,1.17495
2026-05-06 22:42:00,1.17495,1.17503,1.17479,1.17488
2026-05-06 22:45:00,1.17488,1.1750099999999999,1.1748,1.17486
2026-05-06 22:48:00,1.17486,1.17514,1.17482,1.17509
2026-05-06 22:51:00,1.17509,1.17519,1.1749100000000001,1.17502
2026-05-06 22:54:00,1.17502,1.17505,1.1749100000000001,1.17496
2026-05-06 22:57:00,1.17496,1.1750099999999999,1.17466,1.17476
2026-05-06 23:00:00,1.17475,1.17489,1.17458,1.17487
2026-05-06 23:03:00,1.17487,1.17488,1.17469,1.17478
2026-05-06 23:06:00,1.17478,1.17483,1.17461,1.17472
2026-05-06 23:09:00,1.17472,1.1750099999999999,1.17471,1.1749
2026-05-06 23:12:00,1.1749,1.17495,1.17481,1.17493
2026-05-06 23:15:00,1.17493,1.17504,1.17484,1.17484
2026-05-06 23:18:00,1.17484,1.17496,1.1748,1.17496
2026-05-06 23:21:00,1.17496,1.17499,1.17482,1.17492
2026-05-06 23:24:00,1.17492,1.175,1.17483,1.17486
2026-05-06 23:27:00,1.17486,1.17487,1.17473,1.17476
2026-05-06 23:30:00,1.17482,1.17485,1.17477,1.17478
2026-05-06 23:33:00,1.17478,1.17481,1.17473,1.17476
2026-05-06 23:36:00,1.17476,1.17476,1.1745700000000001,1.1745700000000001
2026-05-06 23:39:00,1.1745700000000001,1.17459,1.1745,1.17456
2026-05-06 23:42:00,1.17456,1.17463,1.17456,1.17456
2026-05-06 23:45:00,1.17456,1.1745700000000001,1.1745,1.17451
2026-05-06 23:48:00,1.17451,1.17462,1.17447,1.17462
2026-05-06 23:51:00,1.17462,1.17463,1.1745700000000001,1.1746
2026-05-06 23:54:00,1.1746,1.17486,1.1746,1.17483
2026-05-06 23:57:00,1.17483,1.17489,1.17477,1.17479
2026-05-07 00:00:00,1.17459,1.17474,1.17446,1.17446
2026-05-07 00:03:00,1.17463,1.17463,1.17428,1.17444
2026-05-07 00:06:00,1.17444,1.1746,1.1743000000000001,1.17454
2026-05-07 00:09:00,1.17454,1.17456,1.17441,1.17449
2026-05-07 00:12:00,1.17449,1.17474,1.17441,1.17472
2026-05-07 00:15:00,1.17472,1.17479,1.17471,1.17476
2026-05-07 00:18:00,1.17476,1.17481,1.17474,1.17479
2026-05-07 00:21:00,1.17479,1.17489,1.17476,1.17486
2026-05-07 00:24:00,1.17486,1.17487,1.17474,1.17476
2026-05-07 00:27:00,1.17476,1.1748,1.17475,1.17479
2026-05-07 00:30:00,1.17479,1.17485,1.17477,1.17485
2026-05-07 00:33:00,1.17485,1.17485,1.17477,1.17477
2026-05-07 00:36:00,1.17477,1.17494,1.17477,1.17492
2026-05-07 00:39:00,1.17492,1.17493,1.17485,1.17485
2026-05-07 00:42:00,1.17485,1.17507,1.17485,1.17497
2026-05-07 00:45:00,1.17497,1.17504,1.17487,1.17494
2026-05-07 00:48:00,1.17494,1.17495,1.17487,1.17493
2026-05-07 00:51:00,1.17493,1.17495,1.17487,1.17487
2026-05-07 00:54:00,1.17487,1.17497,1.17487,1.17497
2026-05-07 00:57:00,1.17497,1.175,1.17486,1.17496
2026-05-07 01:00:00,1.17496,1.17506,1.17494,1.175
2026-05-07 01:03:00,1.175,1.17503,1.17488,1.17496
2026-05-07 01:06:00,1.17497,1.175,1.17493,1.17497
2026-05-07 01:09:00,1.17497,1.17504,1.17493,1.17498
2026-05-07 01:12:00,1.17498,1.17506,1.1749,1.17505
2026-05-07 01:15:00,1.17505,1.17511,1.17494,1.17499
2026-05-07 01:18:00,1.17499,1.17509,1.17497,1.1750099999999999
2026-05-07 01:21:00,1.17505,1.17507,1.17496,1.17506
2026-05-07 01:24:00,1.17506,1.17509,1.17495,1.17505
2026-05-07 01:27:00,1.17505,1.17506,1.17494,1.17498
2026-05-07 01:30:00,1.17498,1.17508,1.1749100000000001,1.17508
2026-05-07 01:33:00,1.17508,1.17508,1.17498,1.17503
2026-05-07 01:36:00,1.17503,1.17503,1.17492,1.17502
2026-05-07 01:39:00,1.17502,1.17509,1.17498,1.17503
2026-05-07 01:42:00,1.17503,1.17512,1.17497,1.1751
2026-05-07 01:45:00,1.1751,1.17511,1.17497,1.17507
2026-05-07 01:48:00,1.17507,1.17512,1.17495,1.17503
2026-05-07 01:51:00,1.17503,1.17506,1.1749,1.1749
2026-05-07 01:54:00,1.17496,1.17504,1.17496,1.175
2026-05-07 01:57:00,1.175,1.17504,1.17495,1.17504
2026-05-07 02:00:00,1.17504,1.17513,1.17498,1.17512
2026-05-07 02:03:00,1.17512,1.17514,1.1750099999999999,1.17512
2026-05-07 02:06:00,1.17513,1.1751800000000001,1.17505,1.1751800000000001
2026-05-07 02:09:00,1.1751800000000001,1.17519,1.17515,1.17515
2026-05-07 02:12:00,1.17515,1.17516,1.17499,1.17508
2026-05-07 02:15:00,1.17509,1.17512,1.17504,1.17508
2026-05-07 02:18:00,1.17508,1.1751,1.17485,1.1749
2026-05-07 02:21:00,1.1749,1.17492,1.1748,1.17489
2026-05-07 02:24:00,1.1749,1.17492,1.17478,1.17484
2026-05-07 02:27:00,1.17485,1.1749100000000001,1.1748,1.17486
2026-05-07 02:30:00,1.1749,1.17492,1.17482,1.17489
2026-05-07 02:33:00,1.17489,1.17489,1.17477,1.17487
2026-05-07 02:36:00,1.17487,1.17488,1.1748,1.17488
2026-05-07 02:39:00,1.17489,1.17489,1.1748,1.1748
2026-05-07 02:42:00,1.1748,1.17488,1.17476,1.17476
2026-05-07 02:45:00,1.1748,1.17493,1.17477,1.17482
2026-05-07 02:48:00,1.17482,1.17489,1.1747,1.17472
2026-05-07 02:51:00,1.17473,1.17475,1.17459,1.17469
2026-05-07 02:54:00,1.17469,1.17472,1.17459,1.1746699999999999
2026-05-07 02:57:00,1.17468,1.17479,1.17463,1.17478
2026-05-07 03:00:00,1.17478,1.17524,1.17475,1.17513
2026-05-07 03:03:00,1.17513,1.17514,1.17483,1.17484
2026-05-07 03:06:00,1.17485,1.17499,1.17459,1.1747
2026-05-07 03:09:00,1.1747,1.17525,1.1747,1.17521
2026-05-07 03:12:00,1.17521,1.1754,1.17507,1.17539
2026-05-07 03:15:00,1.17539,1.1754,1.17499,1.17508
2026-05-07 03:18:00,1.17508,1.1752,1.1750099999999999,1.17514
2026-05-07 03:21:00,1.17514,1.1752,1.17493,1.175
2026-05-07 03:24:00,1.175,1.17505,1.17469,1.1748
2026-05-07 03:27:00,1.1748,1.17493,1.17475,1.17485
2026-05-07 03:30:00,1.17485,1.17487,1.17472,1.17482
2026-05-07 03:33:00,1.17483,1.17495,1.17479,1.17489
2026-05-07 03:36:00,1.17489,1.17499,1.17483,1.17489
2026-05-07 03:39:00,1.17489,1.17506,1.17487,1.17489
2026-05-07 03:42:00,1.17488,1.1749,1.1746699999999999,1.17478
2026-05-07 03:45:00,1.17478,1.17485,1.17466,1.17468
2026-05-07 03:48:00,1.17468,1.17494,1.17468,1.17492
2026-05-07 03:51:00,1.17492,1.17494,1.17477,1.17485
2026-05-07 03:54:00,1.17485,1.17487,1.17469,1.17473
2026-05-07 03:57:00,1.17474,1.17487,1.17471,1.17485
2026-05-07 04:00:00,1.17485,1.17486,1.17462,1.17472
2026-05-07 04:03:00,1.17472,1.17486,1.17466,1.1748
2026-05-07 04:06:00,1.1748,1.17497,1.17475,1.17493
2026-05-07 04:09:00,1.17492,1.17512,1.17483,1.17511
2026-05-07 04:12:00,1.17511,1.17559,1.17511,1.1754
2026-05-07 04:15:00,1.1754,1.17565,1.17534,1.1756
2026-05-07 04:18:00,1.1756,1.17572,1.17541,1.1757
2026-05-07 04:21:00,1.1757,1.17575,1.17555,1.17573
2026-05-07 04:24:00,1.17573,1.17578,1.17555,1.17555
2026-05-07 04:27:00,1.17558,1.17574,1.17556,1.17568
2026-05-07 04:30:00,1.17568,1.17575,1.17553,1.17565
2026-05-07 04:33:00,1.17565,1.17597,1.17559,1.17595
2026-05-07 04:36:00,1.17595,1.17618,1.1759,1.17609
2026-05-07 04:39:00,1.17609,1.17627,1.17602,1.17618
2026-05-07 04:42:00,1.17618,1.17626,1.17607,1.17622
2026-05-07 04:45:00,1.17622,1.17633,1.1761,1.17622
2026-05-07 04:48:00,1.17622,1.17625,1.17605,1.17615
2026-05-07 04:51:00,1.17614,1.1762,1.17608,1.1761300000000001
2026-05-07 04:54:00,1.1761300000000001,1.17614,1.17592,1.17597
2026-05-07 04:57:00,1.17597,1.17604,1.17581,1.1758899999999999
2026-05-07 05:00:00,1.17588,1.17609,1.17583,1.17597
2026-05-07 05:03:00,1.17597,1.17602,1.17567,1.17569
2026-05-07 05:06:00,1.17569,1.17577,1.17563,1.17563
2026-05-07 05:09:00,1.17563,1.17567,1.1755200000000001,1.17564
2026-05-07 05:12:00,1.17564,1.17565,1.17557,1.17564
2026-05-07 05:15:00,1.17564,1.17572,1.17558,1.17568
2026-05-07 05:18:00,1.17568,1.17569,1.17547,1.17568
2026-05-07 05:21:00,1.17568,1.17572,1.17544,1.17559
2026-05-07 05:24:00,1.17559,1.17569,1.17549,1.1756
2026-05-07 05:27:00,1.1756,1.17565,1.17554,1.17565
2026-05-07 05:30:00,1.17565,1.17577,1.1756199999999999,1.1757
2026-05-07 05:33:00,1.17569,1.17575,1.17567,1.17571
2026-05-07 05:36:00,1.17571,1.17571,1.17546,1.17554
2026-05-07 05:39:00,1.17554,1.17555,1.17544,1.17549
2026-05-07 05:42:00,1.17549,1.17561,1.17548,1.17554
2026-05-07 05:45:00,1.17555,1.17565,1.17548,1.17561
2026-05-07 05:48:00,1.17561,1.17565,1.1755200000000001,1.17555
2026-05-07 05:51:00,1.17555,1.17577,1.17548,1.17575
2026-05-07 05:54:00,1.17575,1.17578,1.17554,1.17575
2026-05-07 05:57:00,1.17575,1.17577,1.17555,1.17561
2026-05-07 06:00:00,1.17561,1.17566,1.17539,1.1754
2026-05-07 06:03:00,1.1754,1.17546,1.17531,1.17532
2026-05-07 06:06:00,1.17538,1.17554,1.17531,1.17547
2026-05-07 06:09:00,1.17547,1.1755,1.17539,1.17545
2026-05-07 06:12:00,1.17546,1.17546,1.17524,1.17532
2026-05-07 06:15:00,1.17532,1.1754,1.17529,1.1754
2026-05-07 06:18:00,1.1754,1.17553,1.1752799999999999,1.17545
2026-05-07 06:21:00,1.17545,1.17547,1.17527,1.17533
2026-05-07 06:24:00,1.17533,1.1755,1.17529,1.17538
2026-05-07 06:27:00,1.17538,1.1755200000000001,1.17524,1.17525
2026-05-07 06:30:00,1.17526,1.1753,1.17512,1.1752
2026-05-07 06:33:00,1.1752,1.17523,1.17503,1.17515
2026-05-07 06:36:00,1.17515,1.17517,1.17493,1.17504
2026-05-07 06:39:00,1.17504,1.1752,1.17502,1.17519
2026-05-07 06:42:00,1.17519,1.17523,1.17504,1.17512
2026-05-07 06:45:00,1.17512,1.17512,1.17503,1.17504
2026-05-07 06:48:00,1.17504,1.17504,1.17487,1.17498
2026-05-07 06:51:00,1.17498,1.17498,1.17486,1.1749100000000001
2026-05-07 06:54:00,1.1749100000000001,1.17507,1.17482,1.17495
2026-05-07 06:57:00,1.17495,1.17502,1.17478,1.17488
2026-05-07 07:00:00,1.17485,1.17496,1.1747,1.17494
2026-05-07 07:03:00,1.17494,1.17505,1.17478,1.17503
2026-05-07 07:06:00,1.17503,1.17505,1.17494,1.17502
2026-05-07 07:09:00,1.17502,1.17509,1.17497,1.175
2026-05-07 07:12:00,1.175,1.17504,1.17485,1.175
2026-05-07 07:15:00,1.175,1.17519,1.175,1.17516
2026-05-07 07:18:00,1.17516,1.17519,1.17498,1.17514
2026-05-07 07:21:00,1.17514,1.17514,1.17496,1.17508
2026-05-07 07:24:00,1.17508,1.1752,1.17508,1.17519
2026-05-07 07:27:00,1.1752,1.1752799999999999,1.17505,1.17515
2026-05-07 07:30:00,1.17519,1.1753,1.17517,1.1752799999999999
2026-05-07 07:33:00,1.1752799999999999,1.17529,1.17504,1.17514
2026-05-07 07:36:00,1.17514,1.17524,1.17506,1.17523
2026-05-07 07:39:00,1.17523,1.17535,1.17514,1.17521
2026-05-07 07:42:00,1.17521,1.1752799999999999,1.17511,1.17515
2026-05-07 07:45:00,1.17515,1.17524,1.17508,1.17519
2026-05-07 07:48:00,1.17519,1.17526,1.17507,1.17516
2026-05-07 07:51:00,1.17516,1.17523,1.17503,1.1751
2026-05-07 07:54:00,1.1751,1.17516,1.1750099999999999,1.1750099999999999
2026-05-07 07:57:00,1.1750099999999999,1.17517,1.17499,1.17509
2026-05-07 08:00:00,1.17509,1.17529,1.17507,1.1752799999999999
2026-05-07 08:03:00,1.1752799999999999,1.17533,1.17512,1.17514
2026-05-07 08:06:00,1.17513,1.17517,1.17504,1.17514
2026-05-07 08:09:00,1.17514,1.17524,1.1751,1.17519
2026-05-07 08:12:00,1.17519,1.17524,1.17511,1.17521
2026-05-07 08:15:00,1.1752,1.17524,1.17513,1.1752
2026-05-07 08:18:00,1.1752,1.1752,1.17498,1.17507
2026-05-07 08:21:00,1.17507,1.17512,1.17488,1.17505
2026-05-07 08:24:00,1.17505,1.17514,1.1750099999999999,1.17507
2026-05-07 08:27:00,1.17507,1.17516,1.17498,1.17514
2026-05-07 08:30:00,1.17514,1.17524,1.1751,1.17519
2026-05-07 08:33:00,1.17519,1.17534,1.17517,1.17534
2026-05-07 08:36:00,1.17533,1.17534,1.17525,1.17529
2026-05-07 08:39:00,1.17529,1.17529,1.17513,1.17525
2026-05-07 08:42:00,1.17525,1.17526,1.17512,1.17524
2026-05-07 08:45:00,1.17524,1.17536,1.17511,1.17527
2026-05-07 08:48:00,1.17527,1.17534,1.17514,1.17529
2026-05-07 08:51:00,1.17529,1.17537,1.17525,1.17533
2026-05-07 08:54:00,1.17533,1.17533,1.175,1.17515
2026-05-07 08:57:00,1.17515,1.17524,1.17502,1.1751800000000001
2026-05-07 09:00:00,1.17517,1.17523,1.17487,1.17514
2026-05-07 09:03:00,1.17514,1.17515,1.17496,1.17498
2026-05-07 09:06:00,1.1750099999999999,1.17508,1.17489,1.17498
2026-05-07 09:09:00,1.17498,1.17516,1.17487,1.17508
2026-05-07 09:12:00,1.17508,1.17515,1.17495,1.175
2026-05-07 09:15:00,1.1750099999999999,1.1751,1.17494,1.17508
2026-05-07 09:18:00,1.17508,1.17519,1.175,1.17506
2026-05-07 09:21:00,1.17506,1.17506,1.17475,1.17488
2026-05-07 09:24:00,1.17488,1.17513,1.17483,1.17497
2026-05-07 09:27:00,1.17497,1.175,1.1746699999999999,1.17478
2026-05-07 09:30:00,1.17478,1.17504,1.17443,1.17485
2026-05-07 09:33:00,1.17485,1.17538,1.17477,1.17526
2026-05-07 09:36:00,1.17526,1.17527,1.17484,1.1749
2026-05-07 09:39:00,1.1749,1.17516,1.17482,1.17503
2026-05-07 09:42:00,1.17503,1.17564,1.17497,1.1756
2026-05-07 09:45:00,1.1756,1.17568,1.17527,1.17536
2026-05-07 09:48:00,1.17536,1.17538,1.17483,1.17483
2026-05-07 09:51:00,1.17483,1.17488,1.17446,1.17469
2026-05-07 09:54:00,1.17469,1.17479,1.17453,1.17478
2026-05-07 09:57:00,1.17478,1.17492,1.17469,1.1748
2026-05-07 10:00:00,1.1748,1.17509,1.17479,1.17509
2026-05-07 10:03:00,1.17509,1.17577,1.17503,1.17577
2026-05-07 10:06:00,1.17576,1.17645,1.17545,1.17621
2026-05-07 10:09:00,1.17621,1.17654,1.17601,1.17645
2026-05-07 10:12:00,1.17645,1.1767,1.1764000000000001,1.17668
2026-05-07 10:15:00,1.17668,1.17686,1.17658,1.17663
2026-05-07 10:18:00,1.17663,1.17668,1.17587,1.1762
2026-05-07 10:21:00,1.1762,1.17646,1.17599,1.17634
2026-05-07 10:24:00,1.17632,1.17667,1.1763,1.17661
2026-05-07 10:27:00,1.17661,1.17671,1.17629,1.17639
2026-05-07 10:30:00,1.17646,1.17656,1.17616,1.17631
2026-05-07 10:33:00,1.17631,1.17653,1.1761300000000001,1.17633
2026-05-07 10:36:00,1.17633,1.17667,1.17622,1.17644
2026-05-07 10:39:00,1.17631,1.17677,1.17631,1.17665
2026-05-07 10:42:00,1.17664,1.17676,1.17626,1.17644
2026-05-07 10:45:00,1.17644,1.17652,1.17614,1.17622
2026-05-07 10:48:00,1.17622,1.17651,1.17619,1.17646
2026-05-07 10:51:00,1.17646,1.17669,1.17634,1.17657
2026-05-07 10:54:00,1.17657,1.17659,1.17635,1.17654
2026-05-07 10:57:00,1.17652,1.1767400000000001,1.17652,1.17669
2026-05-07 11:00:00,1.17669,1.17676,1.17643,1.17657
2026-05-07 11:03:00,1.17657,1.17663,1.17649,1.17662
2026-05-07 11:06:00,1.17662,1.17673,1.17651,1.17663
2026-05-07 11:09:00,1.17663,1.17664,1.17644,1.17653
2026-05-07 11:12:00,1.17653,1.1767,1.17643,1.17668
2026-05-07 11:15:00,1.17668,1.1767400000000001,1.17653,1.17663
2026-05-07 11:18:00,1.17663,1.17664,1.17629,1.17661
2026-05-07 11:21:00,1.17661,1.17685,1.17653,1.17685
2026-05-07 11:24:00,1.1768399999999999,1.17715,1.17656,1.17681
2026-05-07 11:27:00,1.17681,1.17708,1.17679,1.17696
2026-05-07 11:30:00,1.17696,1.17726,1.17696,1.17719
2026-05-07 11:33:00,1.17719,1.1773500000000001,1.1768399999999999,1.17705
2026-05-07 11:36:00,1.17703,1.17705,1.17679,1.1770100000000001
2026-05-07 11:39:00,1.1770100000000001,1.17714,1.17696,1.17706
2026-05-07 11:42:00,1.17705,1.1771099999999999,1.1769,1.17698
2026-05-07 11:45:00,1.17698,1.17708,1.17687,1.17702
2026-05-07 11:48:00,1.17702,1.17725,1.17698,1.17724
2026-05-07 11:51:00,1.17724,1.17741,1.17717,1.17736
2026-05-07 11:54:00,1.17736,1.17736,1.177,1.17714
2026-05-07 11:57:00,1.17714,1.17722,1.17693,1.17717
2026-05-07 12:00:00,1.17717,1.17719,1.17673,1.17677
2026-05-07 12:03:00,1.17678,1.17715,1.17669,1.17712
2026-05-07 12:06:00,1.17712,1.17715,1.17677,1.17693
2026-05-07 12:09:00,1.17693,1.17697,1.17659,1.17661
2026-05-07 12:12:00,1.17661,1.17686,1.17656,1.1768399999999999
2026-05-07 12:15:00,1.17685,1.17695,1.17664,1.17677
2026-05-07 12:18:00,1.17677,1.17699,1.17675,1.17692
2026-05-07 12:21:00,1.17693,1.17697,1.17688,1.1769
2026-05-07 12:24:00,1.1769,1.17692,1.17655,1.1767
2026-05-07 12:27:00,1.1767,1.17688,1.17662,1.17685
2026-05-07 12:30:00,1.1768399999999999,1.17721,1.17671,1.17716
2026-05-07 12:33:00,1.17716,1.17754,1.17715,1.17746
2026-05-07 12:36:00,1.17746,1.1775,1.17721,1.17736
2026-05-07 12:39:00,1.17736,1.17755,1.17734,1.17754
2026-05-07 12:42:00,1.17754,1.17771,1.17742,1.17766
2026-05-07 12:45:00,1.17767,1.17783,1.17752,1.17764
2026-05-07 12:48:00,1.17764,1.17777,1.1774,1.17742
2026-05-07 12:51:00,1.17742,1.17759,1.17725,1.1773
2026-05-07 12:54:00,1.1773,1.17738,1.1770100000000001,1.17705
2026-05-07 12:57:00,1.17705,1.17718,1.17687,1.17702
2026-05-07 13:00:00,1.1770100000000001,1.17722,1.17678,1.17722
2026-05-07 13:03:00,1.17722,1.1773500000000001,1.1771,1.17733
2026-05-07 13:06:00,1.17732,1.17751,1.17723,1.1775
2026-05-07 13:09:00,1.1775,1.1776,1.17738,1.17744
2026-05-07 13:12:00,1.17744,1.17757,1.17741,1.17753
2026-05-07 13:15:00,1.17753,1.1776,1.17731,1.1774499999999999
2026-05-07 13:18:00,1.1774499999999999,1.17759,1.17724,1.1773500000000001
2026-05-07 13:21:00,1.17736,1.17759,1.1773500000000001,1.17752
2026-05-07 13:24:00,1.17752,1.17757,1.17733,1.17747
2026-05-07 13:27:00,1.17747,1.17749,1.17729,1.17743
2026-05-07 13:30:00,1.17749,1.17757,1.17723,1.17737
2026-05-07 13:33:00,1.17737,1.17741,1.17693,1.1773
2026-05-07 13:36:00,1.1773,1.17734,1.17695,1.17718
2026-05-07 13:39:00,1.17718,1.17724,1.17699,1.17714
2026-05-07 13:42:00,1.17714,1.17725,1.17697,1.17717
2026-05-07 13:45:00,1.17717,1.17725,1.17686,1.1769
2026-05-07 13:48:00,1.1769,1.17694,1.17645,1.17666
2026-05-07 13:51:00,1.17666,1.17679,1.17657,1.17675
2026-05-07 13:54:00,1.17675,1.17694,1.17665,1.17687
2026-05-07 13:57:00,1.17687,1.17694,1.17668,1.1767
2026-05-07 14:00:00,1.1767,1.17685,1.17661,1.17685
2026-05-07 14:03:00,1.17685,1.17685,1.17662,1.17671
2026-05-07 14:06:00,1.17672,1.1768,1.17643,1.17664
2026-05-07 14:09:00,1.17665,1.17673,1.17644,1.17651
2026-05-07 14:12:00,1.17651,1.17658,1.17627,1.17636
2026-05-07 14:15:00,1.17635,1.17648,1.17619,1.17625
2026-05-07 14:18:00,1.17625,1.17641,1.17622,1.17635
2026-05-07 14:21:00,1.17635,1.17658,1.17627,1.17649
2026-05-07 14:24:00,1.17649,1.17666,1.17644,1.17651
2026-05-07 14:27:00,1.17652,1.17652,1.17632,1.17641
2026-05-07 14:30:00,1.17642,1.17656,1.17622,1.17631
2026-05-07 14:33:00,1.17631,1.17649,1.17619,1.17646
2026-05-07 14:36:00,1.17646,1.17669,1.17637,1.17657
2026-05-07 14:39:00,1.17657,1.17672,1.1764999999999999,1.17661
2026-05-07 14:42:00,1.17661,1.17679,1.1764999999999999,1.17656
2026-05-07 14:45:00,1.17656,1.17663,1.17646,1.17649
2026-05-07 14:48:00,1.17649,1.1766,1.17643,1.17649
2026-05-07 14:51:00,1.17649,1.17658,1.17638,1.17654
2026-05-07 14:54:00,1.17654,1.17662,1.1764000000000001,1.1766
2026-05-07 14:57:00,1.1766,1.17702,1.17655,1.1769
2026-05-07 15:00:00,1.17691,1.1771099999999999,1.1768,1.17683
2026-05-07 15:03:00,1.17683,1.17714,1.17678,1.17708
2026-05-07 15:06:00,1.17708,1.17718,1.17699,1.17704
2026-05-07 15:09:00,1.17704,1.17716,1.17691,1.17709
2026-05-07 15:12:00,1.17709,1.17722,1.17696,1.1771099999999999
2026-05-07 15:15:00,1.1771099999999999,1.17733,1.17699,1.17705
2026-05-07 15:18:00,1.17705,1.17709,1.17683,1.17706
2026-05-07 15:21:00,1.17706,1.17714,1.17669,1.17682
2026-05-07 15:24:00,1.17682,1.17717,1.17682,1.17717
2026-05-07 15:27:00,1.17717,1.17719,1.1770100000000001,1.1770100000000001
2026-05-07 15:30:00,1.1770100000000001,1.17706,1.17681,1.17689
2026-05-07 15:33:00,1.17689,1.17715,1.17683,1.17704
2026-05-07 15:36:00,1.17704,1.17713,1.17682,1.17702
2026-05-07 15:39:00,1.17702,1.17728,1.17687,1.17719
2026-05-07 15:42:00,1.17718,1.17747,1.17709,1.17744
2026-05-07 15:45:00,1.17744,1.17753,1.1772,1.1774
2026-05-07 15:48:00,1.17741,1.17769,1.1773500000000001,1.1776
2026-05-07 15:51:00,1.1776,1.17779,1.17746,1.17761
2026-05-07 15:54:00,1.1776200000000001,1.1776200000000001,1.17729,1.17733
2026-05-07 15:57:00,1.17733,1.1774499999999999,1.17726,1.17728
2026-05-07 16:00:00,1.17728,1.17728,1.17695,1.17714
2026-05-07 16:03:00,1.17714,1.17715,1.1769,1.17707
2026-05-07 16:06:00,1.17707,1.17743,1.17703,1.17736
2026-05-07 16:09:00,1.17736,1.17737,1.17699,1.17708
2026-05-07 16:12:00,1.17708,1.17727,1.17705,1.17727
2026-05-07 16:15:00,1.17726,1.17748,1.17717,1.17743
2026-05-07 16:18:00,1.17743,1.17756,1.17729,1.17747
2026-05-07 16:21:00,1.17747,1.17766,1.17738,1.17748
2026-05-07 16:24:00,1.17748,1.17763,1.17739,1.17763
2026-05-07 16:27:00,1.17763,1.1777,1.17747,1.17754
2026-05-07 16:30:00,1.17754,1.17755,1.17719,1.17742
2026-05-07 16:33:00,1.17742,1.1775,1.1773,1.17737
2026-05-07 16:36:00,1.17737,1.17737,1.17696,1.17705
2026-05-07 16:39:00,1.17705,1.17715,1.17688,1.17715
2026-05-07 16:42:00,1.17716,1.17741,1.17705,1.17734
2026-05-07 16:45:00,1.17734,1.17747,1.17695,1.17708
2026-05-07 16:48:00,1.17708,1.17723,1.17687,1.1772
2026-05-07 16:51:00,1.1772,1.1772,1.17669,1.1767
2026-05-07 16:54:00,1.17678,1.17713,1.1766,1.17692
2026-05-07 16:57:00,1.17692,1.17705,1.17683,1.1768399999999999
2026-05-07 17:00:00,1.1768399999999999,1.17702,1.17649,1.17654
2026-05-07 17:03:00,1.17654,1.1767,1.17631,1.1767
2026-05-07 17:06:00,1.1767,1.17678,1.17651,1.17666
2026-05-07 17:09:00,1.17666,1.17682,1.17662,1.1767400000000001
2026-05-07 17:12:00,1.17673,1.17695,1.17664,1.17689
2026-05-07 17:15:00,1.17689,1.17705,1.17649,1.17691
2026-05-07 17:18:00,1.17691,1.17732,1.17685,1.17725
2026-05-07 17:21:00,1.17725,1.17729,1.17688,1.1771099999999999
2026-05-07 17:24:00,1.1771099999999999,1.1773,1.17699,1.1771
2026-05-07 17:27:00,1.1771,1.17714,1.17688,1.17695
2026-05-07 17:30:00,1.17695,1.17724,1.17695,1.17708
2026-05-07 17:33:00,1.17708,1.17719,1.17668,1.1768
2026-05-07 17:36:00,1.1768,1.17697,1.1767400000000001,1.17687
2026-05-07 17:39:00,1.17687,1.17698,1.17678,1.17688
2026-05-07 17:42:00,1.17688,1.17703,1.17677,1.1770100000000001
2026-05-07 17:45:00,1.177,1.17744,1.17691,1.17742
2026-05-07 17:48:00,1.17742,1.17754,1.17727,1.17749
2026-05-07 17:51:00,1.17749,1.17771,1.17741,1.17756
2026-05-07 17:54:00,1.17756,1.17756,1.17714,1.17746
2026-05-07 17:57:00,1.17746,1.1777199999999999,1.17734,1.17757
2026-05-07 18:00:00,1.17757,1.17776,1.1775,1.17754
2026-05-07 18:03:00,1.17754,1.17777,1.17739,1.17773
2026-05-07 18:06:00,1.17773,1.17779,1.17747,1.17765
2026-05-07 18:09:00,1.17765,1.17769,1.17744,1.17768
2026-05-07 18:12:00,1.17768,1.17768,1.17731,1.17731
2026-05-07 18:15:00,1.17732,1.17755,1.17713,1.17753
2026-05-07 18:18:00,1.17753,1.17753,1.1773,1.17733
2026-05-07 18:21:00,1.17732,1.17741,1.1772,1.17738
2026-05-07 18:24:00,1.17738,1.17743,1.17658,1.1768
2026-05-07 18:27:00,1.1768,1.1768399999999999,1.17625,1.17646
2026-05-07 18:30:00,1.17646,1.17699,1.1764000000000001,1.17698
2026-05-07 18:33:00,1.17698,1.1771,1.17689,1.17703
2026-05-07 18:36:00,1.17703,1.17712,1.17679,1.1769
2026-05-07 18:39:00,1.1769,1.17705,1.1768399999999999,1.1770100000000001
2026-05-07 18:42:00,1.1770100000000001,1.17712,1.1768,1.17683
2026-05-07 18:45:00,1.17683,1.17688,1.17671,1.17678
2026-05-07 18:48:00,1.17678,1.17688,1.17647,1.17664
2026-05-07 18:51:00,1.17664,1.17667,1.1764000000000001,1.17656
2026-05-07 18:54:00,1.17656,1.17676,1.17646,1.17664
2026-05-07 18:57:00,1.17664,1.17673,1.1762299999999999,1.17636
2026-05-07 19:00:00,1.17636,1.17659,1.17616,1.17658
2026-05-07 19:03:00,1.17657,1.17657,1.17601,1.1761300000000001
2026-05-07 19:06:00,1.1761300000000001,1.1761300000000001,1.17588,1.17602
2026-05-07 19:09:00,1.17602,1.1761300000000001,1.17584,1.17607
2026-05-07 19:12:00,1.17608,1.17612,1.17584,1.17597
2026-05-07 19:15:00,1.17597,1.17597,1.1756199999999999,1.17591
2026-05-07 19:18:00,1.17592,1.17597,1.17559,1.17597
2026-05-07 19:21:00,1.17597,1.17607,1.1758,1.17603
2026-05-07 19:24:00,1.17603,1.1763,1.17592,1.17622
2026-05-07 19:27:00,1.17622,1.17638,1.17616,1.17632
2026-05-07 19:30:00,1.17632,1.17638,1.17606,1.17638
2026-05-07 19:33:00,1.17638,1.17646,1.1762299999999999,1.17645
2026-05-07 19:36:00,1.17645,1.17645,1.17612,1.17617
2026-05-07 19:39:00,1.17617,1.17629,1.17599,1.1762299999999999
2026-05-07 19:42:00,1.1762299999999999,1.17626,1.17599,1.17604
2026-05-07 19:45:00,1.17604,1.17608,1.1759,1.17598
2026-05-07 19:48:00,1.17598,1.17604,1.1758,1.17583
2026-05-07 19:51:00,1.17587,1.17601,1.17565,1.17601
2026-05-07 19:54:00,1.17601,1.1761300000000001,1.1758899999999999,1.17591
2026-05-07 19:57:00,1.17591,1.17606,1.17583,1.17603
2026-05-07 20:00:00,1.17603,1.17608,1.17582,1.17591
2026-05-07 20:03:00,1.17591,1.176,1.17581,1.1758899999999999
2026-05-07 20:06:00,1.1758899999999999,1.17606,1.17588,1.17593
2026-05-07 20:09:00,1.17593,1.17597,1.17567,1.17585
2026-05-07 20:12:00,1.17585,1.17598,1.17573,1.17594
2026-05-07 20:15:00,1.17594,1.17594,1.17577,1.17584
2026-05-07 20:18:00,1.17585,1.17585,1.17551,1.17568
2026-05-07 20:21:00,1.17568,1.17591,1.1755200000000001,1.1757
2026-05-07 20:24:00,1.1757,1.17592,1.17486,1.17508
2026-05-07 20:27:00,1.17509,1.17517,1.17463,1.17471
2026-05-07 20:30:00,1.17471,1.17494,1.17455,1.17466
2026-05-07 20:33:00,1.17466,1.17475,1.17374,1.17398
2026-05-07 20:36:00,1.17398,1.1745,1.17353,1.17449
2026-05-07 20:39:00,1.17449,1.17477,1.17443,1.17456
2026-05-07 20:42:00,1.17456,1.17458,1.17416,1.17438
2026-05-07 20:45:00,1.17438,1.1746,1.17425,1.17452
2026-05-07 20:48:00,1.17452,1.17459,1.17436,1.17459
2026-05-07 20:51:00,1.17459,1.17459,1.17427,1.17438
2026-05-07 20:54:00,1.17438,1.17498,1.17425,1.17466
2026-05-07 20:57:00,1.17465,1.17492,1.17465,1.17488
2026-05-07 21:00:00,1.17487,1.17513,1.17477,1.17507
2026-05-07 21:03:00,1.17507,1.17512,1.17482,1.17495
2026-05-07 21:06:00,1.17495,1.17507,1.1749100000000001,1.17505
2026-05-07 21:09:00,1.17505,1.17505,1.1745700000000001,1.17477
2026-05-07 21:12:00,1.17477,1.17485,1.17454,1.17482
2026-05-07 21:15:00,1.17482,1.1749100000000001,1.17468,1.1749
2026-05-07 21:18:00,1.1749,1.17508,1.1749,1.17499
2026-05-07 21:21:00,1.17499,1.17504,1.17482,1.17497
2026-05-07 21:24:00,1.17497,1.17514,1.17488,1.17508
2026-05-07 21:27:00,1.17508,1.17513,1.17499,1.17508
2026-05-07 21:30:00,1.17508,1.1752,1.17503,1.17508
2026-05-07 21:33:00,1.17508,1.17517,1.17505,1.1751
2026-05-07 21:36:00,1.1751,1.17511,1.17465,1.17482
2026-05-07 21:39:00,1.17482,1.175,1.17465,1.17469
2026-05-07 21:42:00,1.17469,1.17502,1.17399,1.17434
2026-05-07 21:45:00,1.17434,1.17465,1.17402,1.17452
2026-05-07 21:48:00,1.17452,1.17458,1.17408,1.17434
2026-05-07 21:51:00,1.17434,1.17484,1.17432,1.1748
2026-05-07 21:54:00,1.17479,1.17498,1.17429,1.17478
2026-05-07 21:57:00,1.17478,1.17508,1.17475,1.175
2026-05-07 22:00:00,1.175,1.17514,1.17453,1.17462
2026-05-07 22:03:00,1.17462,1.17483,1.17452,1.17472
2026-05-07 22:06:00,1.17472,1.17542,1.17465,1.1751800000000001
2026-05-07 22:09:00,1.17519,1.17542,1.17496,1.17496
2026-05-07 22:12:00,1.17496,1.17504,1.17464,1.17489
2026-05-07 22:15:00,1.17489,1.1750099999999999,1.17447,1.17453
2026-05-07 22:18:00,1.17453,1.17455,1.17377,1.17415
2026-05-07 22:21:00,1.17415,1.17425,1.17398,1.17411
2026-05-07 22:24:00,1.17411,1.17411,1.17364,1.17399
2026-05-07 22:27:00,1.17399,1.1742,1.17394,1.17412
2026-05-07 22:30:00,1.17412,1.17454,1.17401,1.17444
2026-05-07 22:33:00,1.17444,1.17459,1.17441,1.17453
2026-05-07 22:36:00,1.17453,1.17483,1.17437,1.17478
2026-05-07 22:39:00,1.17478,1.17484,1.17455,1.1745700000000001
2026-05-07 22:42:00,1.1745700000000001,1.1745700000000001,1.17443,1.17453
2026-05-07 22:45:00,1.17453,1.17454,1.17428,1.17441
2026-05-07 22:48:00,1.17439,1.17459,1.17417,1.17438
2026-05-07 22:51:00,1.17438,1.17443,1.17372,1.17384
2026-05-07 22:54:00,1.17384,1.17404,1.17374,1.17377
2026-05-07 22:57:00,1.17377,1.17387,1.17323,1.1733500000000001
2026-05-07 23:00:00,1.1733500000000001,1.17431,1.17331,1.17414
2026-05-07 23:03:00,1.17412,1.17447,1.17392,1.17407
2026-05-07 23:06:00,1.17407,1.17407,1.17376,1.17377
2026-05-07 23:09:00,1.17377,1.17397,1.17376,1.17393
2026-05-07 23:12:00,1.17393,1.17395,1.17376,1.17385
2026-05-07 23:15:00,1.17385,1.17385,1.17368,1.17381
2026-05-07 23:18:00,1.17381,1.17381,1.17353,1.17365
2026-05-07 23:21:00,1.17365,1.17366,1.1733,1.17351
2026-05-07 23:24:00,1.17351,1.17355,1.1733,1.17348
2026-05-07 23:27:00,1.17348,1.17367,1.1734,1.17347
2026-05-07 23:30:00,1.17347,1.17356,1.17326,1.17347
2026-05-07 23:33:00,1.17347,1.17351,1.17324,1.17333
2026-05-07 23:36:00,1.17333,1.1734499999999999,1.17292,1.17298
2026-05-07 23:39:00,1.17298,1.1731,1.17292,1.17293
2026-05-07 23:42:00,1.17293,1.17299,1.17291,1.17294
2026-05-07 23:45:00,1.17294,1.17298,1.17285,1.1729
2026-05-07 23:48:00,1.1729,1.173,1.1729,1.17293
2026-05-07 23:51:00,1.17293,1.17298,1.17291,1.17292
2026-05-07 23:54:00,1.17289,1.17294,1.17259,1.17268
2026-05-07 23:57:00,1.17268,1.17268,1.17226,1.17228
2026-05-08 00:00:00,1.17245,1.17279,1.17237,1.17267
2026-05-08 00:03:00,1.17267,1.17286,1.17245,1.17269
2026-05-08 00:06:00,1.17269,1.17281,1.17243,1.17269
2026-05-08 00:09:00,1.17269,1.17279,1.17243,1.17267
2026-05-08 00:12:00,1.17267,1.17277,1.17236,1.1724700000000001
2026-05-08 00:15:00,1.1724700000000001,1.17293,1.1724700000000001,1.17285
2026-05-08 00:18:00,1.17289,1.17297,1.17267,1.17297
2026-05-08 00:21:00,1.17297,1.17297,1.17282,1.17291
2026-05-08 00:24:00,1.17291,1.17294,1.17278,1.1729
2026-05-08 00:27:00,1.1729,1.17291,1.17277,1.17282
2026-05-08 00:30:00,1.17282,1.17283,1.17231,1.17241
2026-05-08 00:33:00,1.17241,1.17268,1.1723,1.17244
2026-05-08 00:36:00,1.17244,1.17277,1.1724,1.17273
2026-05-08 00:39:00,1.17273,1.17273,1.17266,1.17266
2026-05-08 00:42:00,1.17266,1.17273,1.1726,1.17268
2026-05-08 00:45:00,1.17268,1.17272,1.17259,1.17266
2026-05-08 00:48:00,1.17266,1.1727,1.17253,1.1726
2026-05-08 00:51:00,1.1726,1.17268,1.1726,1.17267
2026-05-08 00:54:00,1.17267,1.17268,1.17256,1.17268
2026-05-08 00:57:00,1.17268,1.17269,1.17257,1.17268
2026-05-08 01:00:00,1.17267,1.17267,1.1723,1.17259
2026-05-08 01:03:00,1.1726,1.17268,1.17236,1.17243
2026-05-08 01:06:00,1.17243,1.17261,1.17239,1.17248
2026-05-08 01:09:00,1.17248,1.17278,1.17242,1.17278
2026-05-08 01:12:00,1.17279,1.17283,1.17264,1.17265
2026-05-08 01:15:00,1.17264,1.17297,1.17252,1.17287
2026-05-08 01:18:00,1.17288,1.17294,1.17276,1.17287
2026-05-08 01:21:00,1.17287,1.17315,1.17286,1.17305
2026-05-08 01:24:00,1.17303,1.17304,1.17281,1.17295
2026-05-08 01:27:00,1.17295,1.17297,1.17276,1.17288
2026-05-08 01:30:00,1.17288,1.17297,1.1727400000000001,1.17296
2026-05-08 01:33:00,1.17296,1.17297,1.17268,1.17279
2026-05-08 01:36:00,1.17279,1.1728399999999999,1.17264,1.17265
2026-05-08 01:39:00,1.17265,1.17269,1.17254,1.17263
2026-05-08 01:42:00,1.17264,1.1727400000000001,1.1724999999999999,1.17269
2026-05-08 01:45:00,1.17269,1.1727400000000001,1.17254,1.17269
2026-05-08 01:48:00,1.17269,1.17269,1.17248,1.17262
2026-05-08 01:51:00,1.17263,1.17263,1.17259,1.17263
2026-05-08 01:54:00,1.17263,1.17267,1.17252,1.17267
2026-05-08 01:57:00,1.17266,1.17266,1.17249,1.1724999999999999
2026-05-08 02:00:00,1.1724999999999999,1.17253,1.17243,1.17249
2026-05-08 02:03:00,1.17249,1.17256,1.17248,1.17253
2026-05-08 02:06:00,1.17254,1.17254,1.17239,1.17249
2026-05-08 02:09:00,1.17249,1.1726,1.17246,1.17259
2026-05-08 02:12:00,1.17258,1.17259,1.17241,1.1724700000000001
2026-05-08 02:15:00,1.1724700000000001,1.17269,1.1724700000000001,1.17258
2026-05-08 02:18:00,1.17258,1.1727,1.17257,1.17269
2026-05-08 02:21:00,1.17268,1.17269,1.17263,1.17269
2026-05-08 02:24:00,1.17269,1.17269,1.17258,1.17269
2026-05-08 02:27:00,1.17269,1.17275,1.17268,1.1727400000000001
2026-05-08 02:30:00,1.1727400000000001,1.17277,1.1726,1.17266
2026-05-08 02:33:00,1.17271,1.17277,1.17267,1.17271
2026-05-08 02:36:00,1.17271,1.1727400000000001,1.1727,1.1727400000000001
2026-05-08 02:39:00,1.1727400000000001,1.17275,1.17267,1.17269
2026-05-08 02:42:00,1.17269,1.17285,1.17269,1.1728399999999999
2026-05-08 02:45:00,1.17285,1.1729,1.17276,1.1729
2026-05-08 02:48:00,1.1729,1.17314,1.17279,1.17309
2026-05-08 02:51:00,1.17309,1.17309,1.17294,1.17299
2026-05-08 02:54:00,1.173,1.1730800000000001,1.17296,1.17298
2026-05-08 02:57:00,1.17299,1.17307,1.17299,1.17304
2026-05-08 03:00:00,1.17305,1.17324,1.17294,1.17309
2026-05-08 03:03:00,1.17309,1.17315,1.17287,1.17315
2026-05-08 03:06:00,1.17315,1.17347,1.17313,1.17334
2026-05-08 03:09:00,1.17334,1.1734499999999999,1.17318,1.1734
2026-05-08 03:12:00,1.1734,1.17341,1.1730800000000001,1.17316
2026-05-08 03:15:00,1.17316,1.17318,1.1728,1.17303
2026-05-08 03:18:00,1.17303,1.17305,1.17261,1.17278
2026-05-08 03:21:00,1.17278,1.17304,1.17273,1.17297
2026-05-08 03:24:00,1.17297,1.17309,1.17292,1.17294
2026-05-08 03:27:00,1.17293,1.17298,1.17278,1.17291
2026-05-08 03:30:00,1.17291,1.17305,1.17285,1.173
2026-05-08 03:33:00,1.173,1.17312,1.173,1.17307
2026-05-08 03:36:00,1.17307,1.1730800000000001,1.17293,1.17293
2026-05-08 03:39:00,1.17294,1.17302,1.17288,1.17293
2026-05-08 03:42:00,1.17293,1.173,1.17287,1.17288
2026-05-08 03:45:00,1.17288,1.17294,1.1727400000000001,1.17278
2026-05-08 03:48:00,1.17278,1.17285,1.1727400000000001,1.17283
2026-05-08 03:51:00,1.17283,1.17299,1.17275,1.17293
2026-05-08 03:54:00,1.17293,1.17294,1.1727400000000001,1.17283
2026-05-08 03:57:00,1.17283,1.17285,1.17269,1.17269
2026-05-08 04:00:00,1.17269,1.17304,1.17269,1.17291
2026-05-08 04:03:00,1.17291,1.17302,1.17281,1.1729
2026-05-08 04:06:00,1.1729,1.17313,1.1728399999999999,1.17313
2026-05-08 04:09:00,1.17313,1.17319,1.17294,1.1730800000000001
2026-05-08 04:12:00,1.1730800000000001,1.17314,1.17299,1.1730800000000001
2026-05-08 04:15:00,1.17309,1.17314,1.17294,1.17306
2026-05-08 04:18:00,1.17306,1.17331,1.17306,1.17329
2026-05-08 04:21:00,1.17329,1.17336,1.17319,1.17332
2026-05-08 04:24:00,1.17333,1.17334,1.1731,1.17331
2026-05-08 04:27:00,1.17331,1.1733500000000001,1.17317,1.17319
2026-05-08 04:30:00,1.17319,1.17331,1.17319,1.1733
2026-05-08 04:33:00,1.1733,1.17331,1.173,1.1731
2026-05-08 04:36:00,1.1731,1.1731,1.1728399999999999,1.17305
2026-05-08 04:39:00,1.17305,1.17314,1.17286,1.17295
2026-05-08 04:42:00,1.17299,1.17306,1.17298,1.173
2026-05-08 04:45:00,1.173,1.17316,1.173,1.17313
2026-05-08 04:48:00,1.17313,1.17328,1.17303,1.17321
2026-05-08 04:51:00,1.17321,1.17326,1.17318,1.17325
2026-05-08 04:54:00,1.17325,1.17326,1.17302,1.1732
2026-05-08 04:57:00,1.1732,1.17326,1.17307,1.17323
2026-05-08 05:00:00,1.17324,1.17325,1.17294,1.1730800000000001
2026-05-08 05:03:00,1.1730800000000001,1.1732,1.17305,1.17319
2026-05-08 05:06:00,1.17319,1.17319,1.17299,1.17311
2026-05-08 05:09:00,1.17311,1.17318,1.17304,1.17313
2026-05-08 05:12:00,1.17313,1.17313,1.17295,1.173
2026-05-08 05:15:00,1.17304,1.17305,1.17283,1.1729
2026-05-08 05:18:00,1.17289,1.17314,1.17286,1.17314
2026-05-08 05:21:00,1.17314,1.1732,1.17294,1.17305
2026-05-08 05:24:00,1.17302,1.17315,1.17302,1.17303
2026-05-08 05:27:00,1.17303,1.1731,1.17295,1.17295
2026-05-08 05:30:00,1.17295,1.17296,1.17282,1.17292
2026-05-08 05:33:00,1.17292,1.17302,1.17269,1.1728
2026-05-08 05:36:00,1.1728,1.1728,1.1724,1.17259
2026-05-08 05:39:00,1.17259,1.17264,1.17243,1.17254
2026-05-08 05:42:00,1.17254,1.17254,1.17238,1.1724700000000001
2026-05-08 05:45:00,1.1724700000000001,1.17269,1.1724700000000001,1.17265
2026-05-08 05:48:00,1.17265,1.17301,1.17257,1.17282
2026-05-08 05:51:00,1.17282,1.17288,1.17269,1.17273
2026-05-08 05:54:00,1.1727400000000001,1.1729,1.17269,1.17278
2026-05-08 05:57:00,1.17278,1.17285,1.17261,1.17268
2026-05-08 06:00:00,1.1727,1.17278,1.17265,1.17275
2026-05-08 06:03:00,1.17275,1.17281,1.17273,1.17278
2026-05-08 06:06:00,1.17278,1.17291,1.17267,1.17288
2026-05-08 06:09:00,1.17288,1.17294,1.17282,1.1729
2026-05-08 06:12:00,1.1729,1.1729,1.17277,1.1729
2026-05-08 06:15:00,1.17289,1.17291,1.17279,1.17289
2026-05-08 06:18:00,1.17289,1.17289,1.17275,1.17279
2026-05-08 06:21:00,1.17279,1.17282,1.1727,1.17281
2026-05-08 06:24:00,1.17281,1.17289,1.17267,1.17278
2026-05-08 06:27:00,1.17278,1.17297,1.17278,1.17288
2026-05-08 06:30:00,1.17288,1.17321,1.17288,1.1732
2026-05-08 06:33:00,1.1732,1.1733,1.17304,1.17322
2026-05-08 06:36:00,1.17322,1.17322,1.17303,1.17321
2026-05-08 06:39:00,1.17321,1.17326,1.17303,1.17311
2026-05-08 06:42:00,1.17311,1.17333,1.17311,1.17333
2026-05-08 06:45:00,1.17333,1.17337,1.17323,1.17323
2026-05-08 06:48:00,1.17323,1.17324,1.17302,1.17309
2026-05-08 06:51:00,1.17309,1.17313,1.17301,1.17309
2026-05-08 06:54:00,1.17309,1.17309,1.17281,1.1728399999999999
2026-05-08 06:57:00,1.17285,1.17299,1.17278,1.17283
2026-05-08 07:00:00,1.17283,1.17306,1.17281,1.173
2026-05-08 07:03:00,1.173,1.17306,1.17289,1.17289
2026-05-08 07:06:00,1.17289,1.173,1.1728,1.1728399999999999
2026-05-08 07:09:00,1.1728399999999999,1.17306,1.1728399999999999,1.17304
2026-05-08 07:12:00,1.17304,1.17304,1.17275,1.17283
2026-05-08 07:15:00,1.17283,1.1729,1.17264,1.17281
2026-05-08 07:18:00,1.17281,1.17301,1.1727,1.17301
2026-05-08 07:21:00,1.17301,1.17301,1.17287,1.1729
2026-05-08 07:24:00,1.1729,1.17293,1.1728,1.1728399999999999
2026-05-08 07:27:00,1.17285,1.17296,1.17282,1.17293
2026-05-08 07:30:00,1.17292,1.17303,1.1729,1.17295
2026-05-08 07:33:00,1.17295,1.17298,1.17281,1.17294
2026-05-08 07:36:00,1.17294,1.17305,1.17288,1.17301
2026-05-08 07:39:00,1.17301,1.1732,1.17293,1.17311
2026-05-08 07:42:00,1.17311,1.17332,1.1730800000000001,1.17331
2026-05-08 07:45:00,1.17331,1.17344,1.17324,1.17331
2026-05-08 07:48:00,1.17331,1.1734499999999999,1.17322,1.17333
2026-05-08 07:51:00,1.17333,1.17349,1.17328,1.17346
2026-05-08 07:54:00,1.17346,1.17358,1.1733500000000001,1.17346
2026-05-08 07:57:00,1.17346,1.17353,1.17336,1.17352
2026-05-08 08:00:00,1.17352,1.17367,1.17347,1.17365
2026-05-08 08:03:00,1.17365,1.17365,1.17351,1.17351
2026-05-08 08:06:00,1.1735,1.17358,1.17334,1.17346
2026-05-08 08:09:00,1.17346,1.1735,1.17322,1.17326
2026-05-08 08:12:00,1.17326,1.17343,1.1732,1.17338
2026-05-08 08:15:00,1.17332,1.17347,1.17325,1.17347
2026-05-08 08:18:00,1.17347,1.1735,1.1733500000000001,1.17349
2026-05-08 08:21:00,1.17349,1.17363,1.17347,1.17358
2026-05-08 08:24:00,1.17358,1.17361,1.17338,1.17351
2026-05-08 08:27:00,1.1735,1.17363,1.17349,1.17363
2026-05-08 08:30:00,1.17363,1.17386,1.17351,1.17366
2026-05-08 08:33:00,1.17365,1.17375,1.17349,1.17364
2026-05-08 08:36:00,1.17364,1.17371,1.17348,1.17351
2026-05-08 08:39:00,1.17351,1.17352,1.17339,1.1735
2026-05-08 08:42:00,1.17349,1.17373,1.17342,1.17368
2026-05-08 08:45:00,1.17368,1.17376,1.17359,1.1736900000000001
2026-05-08 08:48:00,1.1736900000000001,1.1737,1.17355,1.17365
2026-05-08 08:51:00,1.17365,1.17365,1.1734499999999999,1.17353
2026-05-08 08:54:00,1.17353,1.17379,1.1734499999999999,1.17371
2026-05-08 08:57:00,1.17371,1.17387,1.17371,1.17371
2026-05-08 09:00:00,1.17371,1.17388,1.17366,1.17374
2026-05-08 09:03:00,1.17374,1.17455,1.17368,1.17429
2026-05-08 09:06:00,1.17429,1.17459,1.17423,1.17458
2026-05-08 09:09:00,1.17458,1.17463,1.17434,1.17437
2026-05-08 09:12:00,1.17437,1.17442,1.17399,1.17399
2026-05-08 09:15:00,1.17399,1.17435,1.17399,1.1742
2026-05-08 09:18:00,1.1742,1.17429,1.17414,1.17424
2026-05-08 09:21:00,1.17424,1.17434,1.17416,1.17425
2026-05-08 09:24:00,1.17425,1.17449,1.17404,1.17443
2026-05-08 09:27:00,1.17443,1.17475,1.17429,1.17474
2026-05-08 09:30:00,1.17474,1.17477,1.17426,1.17436
2026-05-08 09:33:00,1.17436,1.17459,1.17433,1.17458
2026-05-08 09:36:00,1.17454,1.17462,1.17445,1.17456
2026-05-08 09:39:00,1.17456,1.17482,1.17446,1.17476
2026-05-08 09:42:00,1.17476,1.17478,1.17451,1.17461
2026-05-08 09:45:00,1.17461,1.17463,1.17439,1.17455
2026-05-08 09:48:00,1.17455,1.17478,1.17448,1.17477
2026-05-08 09:51:00,1.17477,1.17478,1.17446,1.17446
2026-05-08 09:54:00,1.17446,1.17462,1.17436,1.17452
2026-05-08 09:57:00,1.17452,1.17458,1.17431,1.17443
2026-05-08 10:00:00,1.17443,1.17455,1.17426,1.17438
2026-05-08 10:03:00,1.17438,1.17472,1.17424,1.17458
2026-05-08 10:06:00,1.17458,1.17478,1.1745,1.17472
2026-05-08 10:09:00,1.17472,1.17476,1.1746,1.17474
2026-05-08 10:12:00,1.17474,1.17479,1.17443,1.17443
2026-05-08 10:15:00,1.17444,1.17455,1.17427,1.17449
2026-05-08 10:18:00,1.17449,1.1745700000000001,1.17443,1.17456
2026-05-08 10:21:00,1.17456,1.17461,1.17436,1.17444
2026-05-08 10:24:00,1.17444,1.17452,1.17416,1.17434
2026-05-08 10:27:00,1.17435,1.17445,1.17412,1.1742
2026-05-08 10:30:00,1.17424,1.17439,1.17418,1.17438
2026-05-08 10:33:00,1.17438,1.17455,1.17433,1.17449
2026-05-08 10:36:00,1.1745,1.17465,1.17435,1.17453
2026-05-08 10:39:00,1.17453,1.17454,1.17429,1.17452
2026-05-08 10:42:00,1.17451,1.17453,1.17435,1.1745
2026-05-08 10:45:00,1.17449,1.17449,1.17413,1.17426
2026-05-08 10:48:00,1.17427,1.17447,1.17413,1.17438
2026-05-08 10:51:00,1.17438,1.17438,1.17422,1.17427
2026-05-08 10:54:00,1.17427,1.17436,1.17413,1.17434
2026-05-08 10:57:00,1.17434,1.17439,1.17421,1.17429
2026-05-08 11:00:00,1.17429,1.17433,1.17412,1.1743000000000001
2026-05-08 11:03:00,1.17429,1.1745,1.17429,1.17443
2026-05-08 11:06:00,1.17442,1.17443,1.17426,1.1743000000000001
2026-05-08 11:09:00,1.1743000000000001,1.17459,1.17427,1.17455
2026-05-08 11:12:00,1.17455,1.17469,1.17446,1.17447
2026-05-08 11:15:00,1.17447,1.17465,1.17447,1.1746
2026-05-08 11:18:00,1.1746,1.17483,1.17458,1.17476
2026-05-08 11:21:00,1.17476,1.1752799999999999,1.17473,1.1752799999999999
2026-05-08 11:24:00,1.1752799999999999,1.17547,1.17512,1.17526
2026-05-08 11:27:00,1.17526,1.1755200000000001,1.17523,1.17548
2026-05-08 11:30:00,1.17548,1.17591,1.17544,1.17583
2026-05-08 11:33:00,1.17583,1.1758899999999999,1.17549,1.1755200000000001
2026-05-08 11:36:00,1.1755200000000001,1.17583,1.17546,1.17571
2026-05-08 11:39:00,1.17571,1.17598,1.17564,1.17591
2026-05-08 11:42:00,1.17591,1.17622,1.17573,1.17614
2026-05-08 11:45:00,1.17614,1.17649,1.17606,1.17644
2026-05-08 11:48:00,1.17644,1.17656,1.17619,1.17627
2026-05-08 11:51:00,1.17627,1.17632,1.1759,1.17595
2026-05-08 11:54:00,1.17593,1.17616,1.1758,1.17609
2026-05-08 11:57:00,1.17609,1.17638,1.176,1.17637
2026-05-08 12:00:00,1.17638,1.17706,1.17629,1.17699
2026-05-08 12:03:00,1.17699,1.17705,1.1767,1.17679
2026-05-08 12:06:00,1.17679,1.1770100000000001,1.17676,1.1768399999999999
2026-05-08 12:09:00,1.1768399999999999,1.17688,1.1767,1.17677
2026-05-08 12:12:00,1.17677,1.17683,1.17666,1.17682
2026-05-08 12:15:00,1.17682,1.17704,1.17671,1.17699
2026-05-08 12:18:00,1.17698,1.1772,1.17681,1.17715
2026-05-08 12:21:00,1.17715,1.17734,1.17709,1.17727
2026-05-08 12:24:00,1.17727,1.17728,1.17682,1.17691
2026-05-08 12:27:00,1.17691,1.17703,1.17672,1.17681
2026-05-08 12:30:00,1.17681,1.177,1.17673,1.17686
2026-05-08 12:33:00,1.17686,1.17705,1.17672,1.17699
2026-05-08 12:36:00,1.17699,1.177,1.17679,1.17689
2026-05-08 12:39:00,1.17689,1.17699,1.17667,1.17698
2026-05-08 12:42:00,1.17698,1.1770100000000001,1.17689,1.1769
2026-05-08 12:45:00,1.1769,1.17704,1.17688,1.17703
2026-05-08 12:48:00,1.17703,1.17716,1.17682,1.1769
2026-05-08 12:51:00,1.1769,1.1770100000000001,1.1767400000000001,1.1768399999999999
2026-05-08 12:54:00,1.1768399999999999,1.17702,1.17656,1.1767400000000001
2026-05-08 12:57:00,1.1767400000000001,1.17696,1.17664,1.1769
2026-05-08 13:00:00,1.1769,1.1771099999999999,1.1768,1.17706
2026-05-08 13:03:00,1.17706,1.17724,1.17695,1.17718
2026-05-08 13:06:00,1.17718,1.17724,1.17704,1.17719
2026-05-08 13:09:00,1.17719,1.17719,1.17702,1.17707
2026-05-08 13:12:00,1.17707,1.17713,1.17695,1.17705
2026-05-08 13:15:00,1.17705,1.17714,1.17698,1.17709
2026-05-08 13:18:00,1.17709,1.17712,1.17689,1.17702
2026-05-08 13:21:00,1.17702,1.17708,1.17686,1.17706
2026-05-08 13:24:00,1.17706,1.17712,1.17697,1.17705
2026-05-08 13:27:00,1.17705,1.17712,1.17688,1.17694
2026-05-08 13:30:00,1.17694,1.17704,1.17692,1.17699
2026-05-08 13:33:00,1.17699,1.17722,1.17691,1.17705
2026-05-08 13:36:00,1.17705,1.17715,1.17683,1.17702
2026-05-08 13:39:00,1.17702,1.17707,1.17681,1.17681
2026-05-08 13:42:00,1.17692,1.17698,1.17668,1.17671
2026-05-08 13:45:00,1.17671,1.17685,1.17651,1.17664
2026-05-08 13:48:00,1.17664,1.17664,1.17635,1.17653
2026-05-08 13:51:00,1.17653,1.17654,1.17636,1.17641
2026-05-08 13:54:00,1.17641,1.17647,1.17611,1.17639
2026-05-08 13:57:00,1.17639,1.17647,1.17619,1.17632
2026-05-08 14:00:00,1.17632,1.17658,1.17632,1.17632
2026-05-08 14:03:00,1.17629,1.17648,1.17616,1.17641
2026-05-08 14:06:00,1.17641,1.17645,1.17626,1.17636
2026-05-08 14:09:00,1.17636,1.17649,1.17611,1.1763
2026-05-08 14:12:00,1.17629,1.17645,1.17629,1.17645
2026-05-08 14:15:00,1.17645,1.17664,1.17634,1.17643
2026-05-08 14:18:00,1.17644,1.17663,1.17631,1.17653
2026-05-08 14:21:00,1.17656,1.17668,1.17638,1.1766
2026-05-08 14:24:00,1.1766,1.17672,1.17656,1.17669
2026-05-08 14:27:00,1.17669,1.17679,1.17661,1.17669
2026-05-08 14:30:00,1.17669,1.1768,1.17655,1.1768
2026-05-08 14:33:00,1.1768,1.17688,1.17657,1.17675
2026-05-08 14:36:00,1.17675,1.17675,1.17645,1.17654
2026-05-08 14:39:00,1.17654,1.17669,1.17648,1.17662
2026-05-08 14:42:00,1.17662,1.17663,1.17644,1.17651
2026-05-08 14:45:00,1.17649,1.17654,1.17629,1.17642
2026-05-08 14:48:00,1.17642,1.1767400000000001,1.17633,1.17665
2026-05-08 14:51:00,1.17665,1.17671,1.17655,1.17664
2026-05-08 14:54:00,1.17664,1.1767,1.17652,1.17662
2026-05-08 14:57:00,1.17662,1.17669,1.17641,1.17652
2026-05-08 15:00:00,1.17652,1.17654,1.1763,1.17642
2026-05-08 15:03:00,1.17642,1.17651,1.17617,1.17621
2026-05-08 15:06:00,1.17621,1.17638,1.17599,1.17622
2026-05-08 15:09:00,1.17622,1.17629,1.17592,1.17594
2026-05-08 15:12:00,1.17594,1.17608,1.17585,1.17593
2026-05-08 15:15:00,1.17593,1.17638,1.17593,1.17638
2026-05-08 15:18:00,1.17638,1.17671,1.17631,1.17664
2026-05-08 15:21:00,1.17664,1.17664,1.17631,1.17639
2026-05-08 15:24:00,1.17639,1.17659,1.17632,1.17646
2026-05-08 15:27:00,1.17646,1.17652,1.17633,1.1764999999999999
2026-05-08 15:30:00,1.1764999999999999,1.17706,1.17574,1.17705
2026-05-08 15:33:00,1.17705,1.1778,1.177,1.17757
2026-05-08 15:36:00,1.17755,1.17779,1.17744,1.17761
2026-05-08 15:39:00,1.17761,1.17787,1.17747,1.1776
2026-05-08 15:42:00,1.1776,1.17774,1.17748,1.17769
2026-05-08 15:45:00,1.17769,1.17777,1.17742,1.1777
2026-05-08 15:48:00,1.1777,1.17781,1.17709,1.17717
2026-05-08 15:51:00,1.17717,1.17763,1.17713,1.1776
2026-05-08 15:54:00,1.17759,1.17782,1.17748,1.1777199999999999
2026-05-08 15:57:00,1.1777199999999999,1.17774,1.17727,1.17741
2026-05-08 16:00:00,1.17738,1.1774499999999999,1.17709,1.17728
2026-05-08 16:03:00,1.17728,1.17749,1.1771,1.17713
2026-05-08 16:06:00,1.17712,1.17719,1.17676,1.17687
2026-05-08 16:09:00,1.17687,1.17696,1.17663,1.17675
2026-05-08 16:12:00,1.17676,1.1769,1.17654,1.17676
2026-05-08 16:15:00,1.17676,1.17763,1.17657,1.1776
2026-05-08 16:18:00,1.1776,1.17767,1.17738,1.17754
2026-05-08 16:21:00,1.17754,1.17754,1.17722,1.17743
2026-05-08 16:24:00,1.17743,1.17773,1.17732,1.1776
2026-05-08 16:27:00,1.1776,1.17788,1.17747,1.17775
2026-05-08 16:30:00,1.17775,1.17814,1.17757,1.17814
2026-05-08 16:33:00,1.17814,1.17855,1.17802,1.17843
2026-05-08 16:36:00,1.17843,1.1787,1.1780599999999999,1.17822
2026-05-08 16:39:00,1.17822,1.17847,1.17791,1.17828
2026-05-08 16:42:00,1.17828,1.17834,1.17807,1.17819
2026-05-08 16:45:00,1.17819,1.17838,1.17805,1.17835
2026-05-08 16:48:00,1.17835,1.17845,1.1779600000000001,1.1781
2026-05-08 16:51:00,1.17811,1.17814,1.17781,1.17791
2026-05-08 16:54:00,1.17791,1.17815,1.17785,1.17799
2026-05-08 16:57:00,1.17799,1.17805,1.17763,1.1779
2026-05-08 17:00:00,1.17789,1.17797,1.17747,1.17763
2026-05-08 17:03:00,1.17763,1.1777199999999999,1.1772,1.17731
2026-05-08 17:06:00,1.17731,1.17736,1.17702,1.17719
2026-05-08 17:09:00,1.17719,1.17719,1.17661,1.17707
2026-05-08 17:12:00,1.17707,1.17739,1.17693,1.17734
2026-05-08 17:15:00,1.17734,1.17755,1.1772,1.17746
2026-05-08 17:18:00,1.17747,1.17761,1.1772,1.17734
2026-05-08 17:21:00,1.17734,1.1775,1.17721,1.17728
2026-05-08 17:24:00,1.17728,1.17742,1.17725,1.17737
2026-05-08 17:27:00,1.17736,1.17738,1.17673,1.17676
2026-05-08 17:30:00,1.17676,1.17729,1.17668,1.17719
2026-05-08 17:33:00,1.17719,1.1773,1.17706,1.17724
2026-05-08 17:36:00,1.17724,1.17744,1.17713,1.17744
2026-05-08 17:39:00,1.1774499999999999,1.17758,1.17724,1.17751
2026-05-08 17:42:00,1.17751,1.17757,1.17719,1.17729
2026-05-08 17:45:00,1.17729,1.17765,1.17727,1.1776200000000001
2026-05-08 17:48:00,1.1776200000000001,1.1776200000000001,1.17733,1.17742
2026-05-08 17:51:00,1.17741,1.17761,1.17734,1.17755
2026-05-08 17:54:00,1.17755,1.17759,1.17733,1.17743
2026-05-08 17:57:00,1.17743,1.1776,1.17724,1.17743
2026-05-08 18:00:00,1.17743,1.17755,1.17725,1.17741
2026-05-08 18:03:00,1.1774,1.17766,1.17728,1.17754
2026-05-08 18:06:00,1.17754,1.17784,1.17747,1.17756
2026-05-08 18:09:00,1.17756,1.17763,1.17734,1.17743
2026-05-08 18:12:00,1.17742,1.17746,1.1768399999999999,1.177
2026-05-08 18:15:00,1.177,1.1771,1.17677,1.17689
2026-05-08 18:18:00,1.17689,1.17693,1.17663,1.17683
2026-05-08 18:21:00,1.17683,1.17719,1.17682,1.17705
2026-05-08 18:24:00,1.17705,1.1772,1.17687,1.17713
2026-05-08 18:27:00,1.17713,1.17728,1.17707,1.17724
2026-05-08 18:30:00,1.17724,1.17727,1.17681,1.17715
2026-05-08 18:33:00,1.17715,1.1775,1.17707,1.17747
2026-05-08 18:36:00,1.17747,1.1776,1.1773500000000001,1.17757
2026-05-08 18:39:00,1.17757,1.17765,1.17746,1.17756
2026-05-08 18:42:00,1.17756,1.17765,1.17712,1.17734
2026-05-08 18:45:00,1.17726,1.1777,1.17719,1.1777
2026-05-08 18:48:00,1.1777,1.17784,1.17754,1.17784
2026-05-08 18:51:00,1.17784,1.17784,1.17756,1.1777199999999999
2026-05-08 18:54:00,1.1777199999999999,1.17779,1.17757,1.17773
2026-05-08 18:57:00,1.17773,1.17779,1.17725,1.17728
2026-05-08 19:00:00,1.17726,1.17756,1.17723,1.1773
2026-05-08 19:03:00,1.1773,1.17785,1.17709,1.17767
2026-05-08 19:06:00,1.17767,1.17775,1.17747,1.17748
2026-05-08 19:09:00,1.17748,1.17754,1.17728,1.17753
2026-05-08 19:12:00,1.17753,1.17754,1.1773500000000001,1.17748
2026-05-08 19:15:00,1.17748,1.17756,1.17743,1.17754
2026-05-08 19:18:00,1.17754,1.17768,1.17746,1.17755
2026-05-08 19:21:00,1.17755,1.17768,1.17748,1.17758
2026-05-08 19:24:00,1.17758,1.17765,1.17753,1.1776
2026-05-08 19:27:00,1.17759,1.17774,1.17758,1.17765
2026-05-08 19:30:00,1.17765,1.17774,1.17747,1.17751
2026-05-08 19:33:00,1.17751,1.17754,1.17728,1.17733
2026-05-08 19:36:00,1.17733,1.17746,1.17727,1.17741
2026-05-08 19:39:00,1.17741,1.17741,1.17712,1.17718
2026-05-08 19:42:00,1.17718,1.17725,1.17704,1.17723
2026-05-08 19:45:00,1.17723,1.17738,1.17717,1.1773
2026-05-08 19:48:00,1.1773,1.17737,1.17716,1.17725
2026-05-08 19:51:00,1.17725,1.17742,1.17719,1.17734
2026-05-08 19:54:00,1.17734,1.17739,1.17708,1.1771099999999999
2026-05-08 19:57:00,1.1771099999999999,1.17725,1.17702,1.1771099999999999
2026-05-08 20:00:00,1.1771099999999999,1.17721,1.17697,1.17718
2026-05-08 20:03:00,1.17718,1.17725,1.17705,1.17724
2026-05-08 20:06:00,1.17724,1.17736,1.17717,1.17718
2026-05-08 20:09:00,1.17718,1.1772,1.17703,1.17708
2026-05-08 20:12:00,1.17709,1.1772,1.17704,1.17712
2026-05-08 20:15:00,1.17712,1.17723,1.17707,1.17714
2026-05-08 20:18:00,1.17714,1.17726,1.17708,1.1772
2026-05-08 20:21:00,1.1772,1.17747,1.17707,1.17747
2026-05-08 20:24:00,1.17747,1.17752,1.1773500000000001,1.17742
2026-05-08 20:27:00,1.17742,1.17754,1.17733,1.17741
2026-05-08 20:30:00,1.17741,1.1774499999999999,1.17722,1.17738
2026-05-08 20:33:00,1.17738,1.17742,1.17729,1.1774
2026-05-08 20:36:00,1.1774,1.17746,1.17736,1.17743
2026-05-08 20:39:00,1.17743,1.17749,1.17739,1.17747
2026-05-08 20:42:00,1.17747,1.17755,1.17741,1.17743
2026-05-08 20:45:00,1.17743,1.17749,1.17736,1.17746
2026-05-08 20:48:00,1.17746,1.17753,1.17737,1.1774499999999999
2026-05-08 20:51:00,1.17746,1.17753,1.17739,1.1774499999999999
2026-05-08 20:54:00,1.1774499999999999,1.1776200000000001,1.17742,1.17752
2026-05-08 20:57:00,1.17752,1.17753,1.17712,1.17712
2026-05-08 21:00:00,1.17718,1.17785,1.17702,1.17782
2026-05-08 21:03:00,1.17783,1.178,1.17774,1.17794
2026-05-08 21:06:00,1.17794,1.17815,1.1779,1.17813
2026-05-08 21:09:00,1.17813,1.17815,1.17783,1.17789
2026-05-08 21:12:00,1.17789,1.17815,1.17789,1.17801
2026-05-08 21:15:00,1.17801,1.1780599999999999,1.17773,1.17787
2026-05-08 21:18:00,1.17787,1.17794,1.17764,1.17783
2026-05-08 21:21:00,1.17783,1.17788,1.17767,1.17782
2026-05-08 21:24:00,1.17782,1.17787,1.17763,1.17781
2026-05-08 21:27:00,1.17781,1.17792,1.17781,1.17783
2026-05-08 21:30:00,1.17783,1.17789,1.17764,1.17782
2026-05-08 21:33:00,1.17783,1.1779,1.17777,1.17787
2026-05-08 21:36:00,1.17787,1.17787,1.17769,1.17782
2026-05-08 21:39:00,1.17782,1.17782,1.17759,1.17768
2026-05-08 21:42:00,1.17768,1.17785,1.17766,1.17784
2026-05-08 21:45:00,1.17784,1.17789,1.17773,1.1778
2026-05-08 21:48:00,1.1778,1.17797,1.17769,1.17794
2026-05-08 21:51:00,1.17795,1.17802,1.17783,1.17784
2026-05-08 21:54:00,1.17784,1.17784,1.17742,1.17775
2026-05-08 21:57:00,1.17775,1.17788,1.17761,1.17784
2026-05-08 22:00:00,1.17785,1.17803,1.1777199999999999,1.17802
2026-05-08 22:03:00,1.17803,1.17808,1.17787,1.17801
2026-05-08 22:06:00,1.17802,1.17815,1.17794,1.17804
2026-05-08 22:09:00,1.17804,1.1782,1.1779600000000001,1.17815
2026-05-08 22:12:00,1.17812,1.1782,1.17805,1.1781
2026-05-08 22:15:00,1.1781,1.1782,1.17802,1.1781
2026-05-08 22:18:00,1.1781,1.17814,1.17799,1.17812
2026-05-08 22:21:00,1.17812,1.17817,1.178,1.17817
2026-05-08 22:24:00,1.17817,1.17819,1.17814,1.17814
2026-05-08 22:27:00,1.17815,1.1782,1.17814,1.17817
2026-05-08 22:30:00,1.17817,1.17817,1.17793,1.17804
2026-05-08 22:33:00,1.17804,1.17819,1.17804,1.17814
2026-05-08 22:36:00,1.17815,1.17825,1.1780599999999999,1.17813
2026-05-08 22:39:00,1.17813,1.17831,1.17805,1.17827
2026-05-08 22:42:00,1.17827,1.17828,1.17811,1.17822
2026-05-08 22:45:00,1.17822,1.17824,1.1781,1.17818
2026-05-08 22:48:00,1.17818,1.17819,1.17807,1.17815
2026-05-08 22:51:00,1.17815,1.17815,1.17767,1.17767
2026-05-08 22:54:00,1.17767,1.17805,1.17764,1.17792
2026-05-08 22:57:00,1.17793,1.17804,1.17786,1.17801
2026-05-08 23:00:00,1.178,1.17809,1.17776,1.178
2026-05-08 23:03:00,1.178,1.1781,1.17797,1.17807
2026-05-08 23:06:00,1.17807,1.17814,1.17797,1.1781
2026-05-08 23:09:00,1.1781,1.17835,1.17805,1.17828
2026-05-08 23:12:00,1.17828,1.17834,1.17818,1.17832
2026-05-08 23:15:00,1.17832,1.17844,1.17829,1.17837
2026-05-08 23:18:00,1.17837,1.17845,1.17827,1.17845
2026-05-08 23:21:00,1.17845,1.17848,1.17838,1.17844
2026-05-08 23:24:00,1.17844,1.17847,1.17837,1.17846
2026-05-08 23:27:00,1.17846,1.17846,1.17828,1.17837
2026-05-08 23:30:00,1.17837,1.17845,1.17829,1.17845
2026-05-08 23:33:00,1.17845,1.17862,1.17844,1.17859
2026-05-08 23:36:00,1.17859,1.17869,1.17859,1.17862
2026-05-08 23:39:00,1.17862,1.17869,1.17855,1.1785700000000001
2026-05-08 23:42:00,1.1785700000000001,1.17863,1.17854,1.1786
2026-05-08 23:45:00,1.1786,1.1786699999999999,1.1786,1.17866
2026-05-08 23:48:00,1.17866,1.1786699999999999,1.1785700000000001,1.17862
2026-05-08 23:51:00,1.17862,1.1787,1.1785,1.17866
2026-05-08 23:54:00,1.17866,1.17877,1.17849,1.1785
2026-05-08 23:57:00,1.1785,1.17871,1.17824,1.17824
2026-05-11 00:00:00,1.17461,1.17519,1.17393,1.17498
2026-05-11 00:03:00,1.17498,1.1753,1.17458,1.1749100000000001
2026-05-11 00:06:00,1.17492,1.17556,1.17489,1.17538
2026-05-11 00:09:00,1.17538,1.17551,1.17512,1.17514
2026-05-11 00:12:00,1.17514,1.17533,1.17503,1.17523
2026-05-11 00:15:00,1.17523,1.17526,1.17503,1.17513
2026-05-11 00:18:00,1.17513,1.17514,1.17493,1.17495
2026-05-11 00:21:00,1.17495,1.17514,1.17483,1.17498
2026-05-11 00:24:00,1.17498,1.17514,1.17473,1.17504
2026-05-11 00:27:00,1.17504,1.1755,1.17496,1.17549
2026-05-11 00:30:00,1.17549,1.1755200000000001,1.1752,1.1755
2026-05-11 00:33:00,1.17549,1.17597,1.17549,1.17574
2026-05-11 00:36:00,1.17574,1.1762,1.1757,1.17619
2026-05-11 00:39:00,1.17619,1.17677,1.1759,1.17671
2026-05-11 00:42:00,1.17671,1.17689,1.17665,1.17685
2026-05-11 00:45:00,1.17685,1.17686,1.17636,1.17642
2026-05-11 00:48:00,1.17642,1.17645,1.17625,1.17633
2026-05-11 00:51:00,1.17633,1.17638,1.17633,1.17633
2026-05-11 00:54:00,1.17633,1.17637,1.17596,1.17621
2026-05-11 00:57:00,1.17621,1.1764000000000001,1.17619,1.17634
2026-05-11 01:00:00,1.17635,1.17648,1.17577,1.17585
2026-05-11 01:03:00,1.17585,1.1761,1.17577,1.17593
2026-05-11 01:06:00,1.17593,1.17607,1.17578,1.176
2026-05-11 01:09:00,1.176,1.17615,1.17595,1.1761300000000001
2026-05-11 01:12:00,1.1761300000000001,1.17624,1.17608,1.17611
2026-05-11 01:15:00,1.17612,1.17616,1.17584,1.17587
2026-05-11 01:18:00,1.17587,1.17608,1.17584,1.17601
2026-05-11 01:21:00,1.17601,1.17607,1.1758,1.17592
2026-05-11 01:24:00,1.17593,1.17614,1.1759,1.17614
2026-05-11 01:27:00,1.17614,1.17633,1.17609,1.17632
2026-05-11 01:30:00,1.17632,1.17636,1.17621,1.17634
2026-05-11 01:33:00,1.1763,1.17643,1.1763,1.17633
2026-05-11 01:36:00,1.17638,1.17642,1.17626,1.17628
2026-05-11 01:39:00,1.17628,1.17637,1.17622,1.1763
2026-05-11 01:42:00,1.1763,1.17643,1.1763,1.17639
2026-05-11 01:45:00,1.17639,1.17643,1.17626,1.17641
2026-05-11 01:48:00,1.17641,1.17644,1.17631,1.1764000000000001
2026-05-11 01:51:00,1.1764000000000001,1.17644,1.17627,1.1764000000000001
2026-05-11 01:54:00,1.1764000000000001,1.17644,1.17637,1.17637
2026-05-11 01:57:00,1.17637,1.17641,1.17632,1.17638
2026-05-11 02:00:00,1.17638,1.17643,1.17634,1.17642
2026-05-11 02:03:00,1.17642,1.17655,1.17632,1.17644
2026-05-11 02:06:00,1.17644,1.17653,1.17635,1.17644
2026-05-11 02:09:00,1.17644,1.17652,1.17635,1.17647
2026-05-11 02:12:00,1.17647,1.17648,1.17637,1.17637
2026-05-11 02:15:00,1.17637,1.1767,1.17635,1.17669
2026-05-11 02:18:00,1.17669,1.17672,1.17657,1.17668
2026-05-11 02:21:00,1.17668,1.17673,1.17659,1.17669
2026-05-11 02:24:00,1.17668,1.17676,1.1766,1.1767400000000001
2026-05-11 02:27:00,1.1767400000000001,1.17675,1.17665,1.17669
2026-05-11 02:30:00,1.17668,1.17673,1.17667,1.17669
2026-05-11 02:33:00,1.17669,1.1767400000000001,1.17658,1.17669
2026-05-11 02:36:00,1.17669,1.17669,1.17663,1.17668
2026-05-11 02:39:00,1.17668,1.17681,1.17659,1.17679
2026-05-11 02:42:00,1.17679,1.17693,1.17676,1.17693
2026-05-11 02:45:00,1.17693,1.17693,1.17671,1.17691
2026-05-11 02:48:00,1.17691,1.17699,1.1768399999999999,1.17685
2026-05-11 02:51:00,1.17685,1.17694,1.17683,1.17692
2026-05-11 02:54:00,1.17692,1.17694,1.17667,1.17667
2026-05-11 02:57:00,1.1767,1.17681,1.17665,1.1767
2026-05-11 03:00:00,1.1767,1.17682,1.17655,1.17681
2026-05-11 03:03:00,1.17681,1.17714,1.17672,1.17709
2026-05-11 03:06:00,1.17709,1.17712,1.1768,1.17689
2026-05-11 03:09:00,1.17689,1.17695,1.17675,1.17689
2026-05-11 03:12:00,1.17689,1.17694,1.17676,1.17681
2026-05-11 03:15:00,1.17681,1.17686,1.17672,1.17686
2026-05-11 03:18:00,1.17686,1.17689,1.17673,1.17679
2026-05-11 03:21:00,1.17679,1.17696,1.1767,1.17694
2026-05-11 03:24:00,1.17694,1.17713,1.17683,1.17705
2026-05-11 03:27:00,1.17705,1.17707,1.17691,1.17705
2026-05-11 03:30:00,1.17706,1.17719,1.177,1.17715
2026-05-11 03:33:00,1.17715,1.17717,1.17699,1.17699
2026-05-11 03:36:00,1.17699,1.17716,1.17699,1.1771
2026-05-11 03:39:00,1.1771,1.1771,1.17692,1.17699
2026-05-11 03:42:00,1.17699,1.17707,1.17692,1.17695
2026-05-11 03:45:00,1.17695,1.17703,1.17677,1.17703
2026-05-11 03:48:00,1.17703,1.17704,1.17689,1.17695
2026-05-11 03:51:00,1.17695,1.17699,1.1766,1.17669
2026-05-11 03:54:00,1.17669,1.17689,1.17669,1.17678
2026-05-11 03:57:00,1.17677,1.177,1.17672,1.17698
2026-05-11 04:00:00,1.17698,1.1771099999999999,1.17666,1.1768
2026-05-11 04:03:00,1.1768,1.17699,1.17679,1.17692
2026-05-11 04:06:00,1.17692,1.177,1.1768,1.1769
2026-05-11 04:09:00,1.1769,1.17691,1.17646,1.17658
2026-05-11 04:12:00,1.17658,1.17679,1.17653,1.17679
2026-05-11 04:15:00,1.17678,1.17685,1.17659,1.17675
2026-05-11 04:18:00,1.1767400000000001,1.1768,1.17664,1.17668
2026-05-11 04:21:00,1.17666,1.17694,1.17666,1.1768
2026-05-11 04:24:00,1.17693,1.177,1.17685,1.17692
2026-05-11 04:27:00,1.17692,1.17694,1.17679,1.1769
2026-05-11 04:30:00,1.17689,1.17695,1.17667,1.17689
2026-05-11 04:33:00,1.17689,1.17692,1.17644,1.17652
2026-05-11 04:36:00,1.17652,1.17659,1.17633,1.17646
2026-05-11 04:39:00,1.17646,1.17652,1.17627,1.17639
2026-05-11 04:42:00,1.17638,1.17653,1.17625,1.1764999999999999
2026-05-11 04:45:00,1.17649,1.17652,1.17633,1.17635
2026-05-11 04:48:00,1.17635,1.17637,1.17617,1.1762299999999999
2026-05-11 04:51:00,1.1762299999999999,1.17628,1.17612,1.17618
2026-05-11 04:54:00,1.17618,1.17629,1.17607,1.17621
2026-05-11 04:57:00,1.17621,1.1763,1.17611,1.17628
2026-05-11 05:00:00,1.17628,1.17645,1.17624,1.17645
2026-05-11 05:03:00,1.17646,1.17656,1.17624,1.17634
2026-05-11 05:06:00,1.17634,1.1764000000000001,1.17624,1.17632
2026-05-11 05:09:00,1.17632,1.17641,1.17628,1.1764000000000001
2026-05-11 05:12:00,1.1764000000000001,1.17645,1.17626,1.1763
2026-05-11 05:15:00,1.17636,1.17652,1.17625,1.1764999999999999
2026-05-11 05:18:00,1.1764999999999999,1.1764999999999999,1.17629,1.17637
2026-05-11 05:21:00,1.17637,1.17644,1.17628,1.17643
2026-05-11 05:24:00,1.17643,1.17647,1.17635,1.17639
2026-05-11 05:27:00,1.17639,1.17654,1.17636,1.17651
2026-05-11 05:30:00,1.17651,1.17662,1.17648,1.17652
2026-05-11 05:33:00,1.17652,1.17659,1.17643,1.17649
2026-05-11 05:36:00,1.17649,1.17654,1.17634,1.17645
2026-05-11 05:39:00,1.17645,1.17648,1.17629,1.17629
2026-05-11 05:42:00,1.17629,1.17643,1.17614,1.17617
2026-05-11 05:45:00,1.17617,1.17618,1.17597,1.17604
2026-05-11 05:48:00,1.17604,1.17619,1.17601,1.17612
2026-05-11 05:51:00,1.17612,1.17621,1.17607,1.17615
2026-05-11 05:54:00,1.17612,1.17622,1.1759,1.176
2026-05-11 05:57:00,1.176,1.17604,1.17588,1.17592
2026-05-11 06:00:00,1.17591,1.17592,1.17567,1.17578
2026-05-11 06:03:00,1.17578,1.17588,1.17569,1.17587
2026-05-11 06:06:00,1.17587,1.1758899999999999,1.17578,1.1758899999999999
2026-05-11 06:09:00,1.17588,1.17592,1.1757900000000001,1.1758899999999999
2026-05-11 06:12:00,1.1758899999999999,1.1759,1.17582,1.17588
2026-05-11 06:15:00,1.17588,1.17592,1.17573,1.17577
2026-05-11 06:18:00,1.17577,1.17583,1.17569,1.17578
2026-05-11 06:21:00,1.17578,1.17578,1.17561,1.17568
2026-05-11 06:24:00,1.17568,1.17577,1.17558,1.17574
2026-05-11 06:27:00,1.17574,1.17578,1.17571,1.17571
2026-05-11 06:30:00,1.17571,1.17577,1.17567,1.17576
2026-05-11 06:33:00,1.17573,1.1757900000000001,1.17567,1.17572
2026-05-11 06:36:00,1.17572,1.17573,1.17564,1.17573
2026-05-11 06:39:00,1.17573,1.17582,1.17569,1.17577
2026-05-11 06:42:00,1.17577,1.1759,1.17569,1.17587
2026-05-11 06:45:00,1.17587,1.1759,1.17573,1.1758899999999999
2026-05-11 06:48:00,1.1758899999999999,1.1759,1.17551,1.17563
2026-05-11 06:51:00,1.17563,1.17575,1.1756,1.1757
2026-05-11 06:54:00,1.1757,1.17581,1.1756,1.17571
2026-05-11 06:57:00,1.17571,1.17573,1.17555,1.17565
2026-05-11 07:00:00,1.17565,1.17572,1.17548,1.17558
2026-05-11 07:03:00,1.17558,1.1756199999999999,1.17546,1.17547
2026-05-11 07:06:00,1.17547,1.17558,1.17533,1.17558
2026-05-11 07:09:00,1.17558,1.17558,1.1754,1.17545
2026-05-11 07:12:00,1.17545,1.17554,1.17541,1.17541
2026-05-11 07:15:00,1.1754,1.17557,1.1754,1.17549
2026-05-11 07:18:00,1.17549,1.17554,1.17545,1.17548
2026-05-11 07:21:00,1.17549,1.17549,1.17544,1.17546
2026-05-11 07:24:00,1.17546,1.17555,1.17541,1.17548
2026-05-11 07:27:00,1.17548,1.17554,1.17539,1.17543
2026-05-11 07:30:00,1.17543,1.17545,1.17529,1.17539
2026-05-11 07:33:00,1.17539,1.17547,1.17535,1.17544
2026-05-11 07:36:00,1.17545,1.17545,1.17537,1.17541
2026-05-11 07:39:00,1.17541,1.17541,1.17513,1.17513
2026-05-11 07:42:00,1.17516,1.1753,1.17509,1.17523
2026-05-11 07:45:00,1.17523,1.17525,1.17513,1.17519
2026-05-11 07:48:00,1.17524,1.17534,1.17513,1.17533
2026-05-11 07:51:00,1.17533,1.17533,1.17505,1.17516
2026-05-11 07:54:00,1.17516,1.1752,1.17507,1.17507
2026-05-11 07:57:00,1.17507,1.17514,1.17498,1.17504
2026-05-11 08:00:00,1.17504,1.17521,1.17494,1.17519
2026-05-11 08:03:00,1.17519,1.17537,1.1751800000000001,1.17531
2026-05-11 08:06:00,1.17531,1.17534,1.1751800000000001,1.17526
2026-05-11 08:09:00,1.17526,1.17531,1.17519,1.17527
2026-05-11 08:12:00,1.17527,1.17546,1.17525,1.17539
2026-05-11 08:15:00,1.17539,1.17542,1.17524,1.17537
2026-05-11 08:18:00,1.17537,1.17539,1.17526,1.17537
2026-05-11 08:21:00,1.17537,1.17541,1.17527,1.17537
2026-05-11 08:24:00,1.17537,1.17542,1.17527,1.17534
2026-05-11 08:27:00,1.17534,1.17534,1.17523,1.17523
2026-05-11 08:30:00,1.17523,1.17526,1.17509,1.17526
2026-05-11 08:33:00,1.17526,1.17532,1.17524,1.17529
2026-05-11 08:36:00,1.17529,1.17529,1.17505,1.1751
2026-05-11 08:39:00,1.1751,1.17515,1.1750099999999999,1.17513
2026-05-11 08:42:00,1.17513,1.17517,1.17499,1.17506
2026-05-11 08:45:00,1.17507,1.17514,1.17486,1.1749
2026-05-11 08:48:00,1.1749,1.17496,1.17487,1.17492
2026-05-11 08:51:00,1.17492,1.17496,1.17485,1.17489
2026-05-11 08:54:00,1.17489,1.17497,1.17475,1.17483
2026-05-11 08:57:00,1.17482,1.1750099999999999,1.17479,1.175
2026-05-11 09:00:00,1.175,1.17544,1.175,1.17538
2026-05-11 09:03:00,1.17538,1.17553,1.17532,1.17547
2026-05-11 09:06:00,1.17546,1.17555,1.17525,1.1755
2026-05-11 09:09:00,1.1755,1.17577,1.17543,1.17569
2026-05-11 09:12:00,1.17569,1.17581,1.17564,1.17575
2026-05-11 09:15:00,1.17575,1.17576,1.17554,1.17565
2026-05-11 09:18:00,1.17564,1.17566,1.17547,1.17565
2026-05-11 09:21:00,1.17565,1.17573,1.17545,1.1756
2026-05-11 09:24:00,1.1756,1.17585,1.17553,1.17582
2026-05-11 09:27:00,1.17582,1.17592,1.17564,1.1759
2026-05-11 09:30:00,1.1759,1.17603,1.17583,1.17598
2026-05-11 09:33:00,1.17599,1.17619,1.17592,1.176
2026-05-11 09:36:00,1.176,1.1761,1.1759,1.17605
2026-05-11 09:39:00,1.17605,1.17625,1.17597,1.17614
2026-05-11 09:42:00,1.17614,1.1762,1.17597,1.17618
2026-05-11 09:45:00,1.17618,1.17621,1.17606,1.17619
2026-05-11 09:48:00,1.17619,1.17628,1.17607,1.17626
2026-05-11 09:51:00,1.17626,1.1764000000000001,1.17616,1.17628
2026-05-11 09:54:00,1.17628,1.17656,1.17622,1.17656
2026-05-11 09:57:00,1.17655,1.17681,1.17651,1.17675
2026-05-11 10:00:00,1.17675,1.17689,1.17647,1.17654
2026-05-11 10:03:00,1.17654,1.1766,1.17647,1.1764999999999999
2026-05-11 10:06:00,1.17649,1.17665,1.17642,1.17661
2026-05-11 10:09:00,1.1766,1.17686,1.17645,1.17677
2026-05-11 10:12:00,1.17677,1.17683,1.17656,1.17671
2026-05-11 10:15:00,1.1767,1.17691,1.17661,1.17685
2026-05-11 10:18:00,1.17691,1.17695,1.1767,1.17688
2026-05-11 10:21:00,1.17688,1.1771099999999999,1.1767400000000001,1.17709
2026-05-11 10:24:00,1.17709,1.17742,1.177,1.1774
2026-05-11 10:27:00,1.1774,1.17746,1.17712,1.17712
2026-05-11 10:30:00,1.17712,1.17714,1.17672,1.1768399999999999
2026-05-11 10:33:00,1.1768399999999999,1.17694,1.1767,1.17671
2026-05-11 10:36:00,1.17675,1.17699,1.17671,1.17699
2026-05-11 10:39:00,1.17699,1.17721,1.17699,1.17719
2026-05-11 10:42:00,1.17719,1.1772,1.17702,1.1771099999999999
2026-05-11 10:45:00,1.1771099999999999,1.17718,1.1768399999999999,1.17692
2026-05-11 10:48:00,1.17692,1.1770100000000001,1.17682,1.17698
2026-05-11 10:51:00,1.17698,1.1772,1.17695,1.17713
2026-05-11 10:54:00,1.17713,1.17721,1.17706,1.17713
2026-05-11 10:57:00,1.17713,1.17722,1.17692,1.1772
2026-05-11 11:00:00,1.1772,1.17737,1.17712,1.1773500000000001
2026-05-11 11:03:00,1.1773500000000001,1.17761,1.17729,1.17758
2026-05-11 11:06:00,1.17758,1.17758,1.17727,1.17744
2026-05-11 11:09:00,1.17744,1.17763,1.17724,1.17755
2026-05-11 11:12:00,1.17755,1.17759,1.17743,1.17757
2026-05-11 11:15:00,1.17757,1.17801,1.17757,1.1779600000000001
2026-05-11 11:18:00,1.1779600000000001,1.17804,1.17776,1.17793
2026-05-11 11:21:00,1.17793,1.17821,1.17789,1.17802
2026-05-11 11:24:00,1.17802,1.1781,1.17785,1.17787
2026-05-11 11:27:00,1.17787,1.17802,1.17783,1.17798
2026-05-11 11:30:00,1.17798,1.17812,1.17793,1.17799
2026-05-11 11:33:00,1.178,1.178,1.17773,1.17788
2026-05-11 11:36:00,1.17788,1.17794,1.17773,1.17784
2026-05-11 11:39:00,1.17784,1.17784,1.17752,1.17752
2026-05-11 11:42:00,1.17752,1.17778,1.17749,1.17752
2026-05-11 11:45:00,1.17752,1.17757,1.17742,1.17747
2026-05-11 11:48:00,1.17747,1.17753,1.17732,1.1775
2026-05-11 11:51:00,1.17749,1.17752,1.17719,1.17732
2026-05-11 11:54:00,1.17732,1.17734,1.1770100000000001,1.1773
2026-05-11 11:57:00,1.1773,1.1774,1.17707,1.17713
2026-05-11 12:00:00,1.17714,1.17728,1.177,1.17725
2026-05-11 12:03:00,1.17725,1.17734,1.17719,1.17726
2026-05-11 12:06:00,1.17726,1.17732,1.17713,1.17719
2026-05-11 12:09:00,1.17719,1.17744,1.17716,1.17736
2026-05-11 12:12:00,1.17736,1.17744,1.17714,1.17732
2026-05-11 12:15:00,1.17733,1.17737,1.17716,1.17718
2026-05-11 12:18:00,1.17718,1.1773500000000001,1.17706,1.17732
2026-05-11 12:21:00,1.17734,1.1773500000000001,1.17703,1.17707
2026-05-11 12:24:00,1.17709,1.17724,1.17709,1.17714
2026-05-11 12:27:00,1.17713,1.17722,1.17704,1.1771
2026-05-11 12:30:00,1.1771,1.17716,1.17696,1.17702
2026-05-11 12:33:00,1.17702,1.17705,1.1769,1.17705
2026-05-11 12:36:00,1.17705,1.17729,1.1770100000000001,1.17726
2026-05-11 12:39:00,1.17726,1.1773,1.17708,1.17719
2026-05-11 12:42:00,1.17719,1.17721,1.17703,1.17703
2026-05-11 12:45:00,1.17703,1.17713,1.17692,1.17694
2026-05-11 12:48:00,1.17694,1.17703,1.17677,1.17698
2026-05-11 12:51:00,1.17698,1.17699,1.17683,1.17692
2026-05-11 12:54:00,1.17693,1.17699,1.17673,1.1768399999999999
2026-05-11 12:57:00,1.17685,1.17688,1.17662,1.17673
2026-05-11 13:00:00,1.17672,1.17673,1.1764000000000001,1.17654
2026-05-11 13:03:00,1.17654,1.17655,1.1764000000000001,1.17652
2026-05-11 13:06:00,1.17652,1.17662,1.17642,1.17661
2026-05-11 13:09:00,1.17661,1.17676,1.17658,1.17671
2026-05-11 13:12:00,1.17671,1.1767400000000001,1.17657,1.17672
2026-05-11 13:15:00,1.17672,1.17678,1.17659,1.17665
2026-05-11 13:18:00,1.17665,1.17671,1.17648,1.17671
2026-05-11 13:21:00,1.17671,1.17672,1.17653,1.17663
2026-05-11 13:24:00,1.17663,1.1768,1.17655,1.17666
2026-05-11 13:27:00,1.17673,1.17686,1.1767,1.17679
2026-05-11 13:30:00,1.17679,1.17702,1.17676,1.17699
2026-05-11 13:33:00,1.17699,1.17704,1.17672,1.1769
2026-05-11 13:36:00,1.1769,1.1771,1.17683,1.1768399999999999
2026-05-11 13:39:00,1.1768399999999999,1.17713,1.17666,1.17702
2026-05-11 13:42:00,1.17702,1.17715,1.17691,1.17715
2026-05-11 13:45:00,1.17715,1.1772,1.1769,1.17699
2026-05-11 13:48:00,1.17699,1.1773,1.17699,1.17714
2026-05-11 13:51:00,1.17719,1.1774,1.17708,1.17719
2026-05-11 13:54:00,1.17719,1.1772,1.17693,1.17706
2026-05-11 13:57:00,1.17706,1.17715,1.17679,1.1769
2026-05-11 14:00:00,1.1769,1.17703,1.1768399999999999,1.17687
2026-05-11 14:03:00,1.17687,1.17707,1.17685,1.17699
2026-05-11 14:06:00,1.17699,1.17703,1.17689,1.17697
2026-05-11 14:09:00,1.17697,1.17729,1.17687,1.17722
2026-05-11 14:12:00,1.17723,1.17736,1.17705,1.17725
2026-05-11 14:15:00,1.17732,1.17734,1.17715,1.17723
2026-05-11 14:18:00,1.17723,1.1773500000000001,1.17716,1.17732
2026-05-11 14:21:00,1.17732,1.17743,1.17716,1.17743
2026-05-11 14:24:00,1.17743,1.17746,1.17733,1.17742
2026-05-11 14:27:00,1.17742,1.17746,1.17725,1.1774
2026-05-11 14:30:00,1.17741,1.1774499999999999,1.17733,1.17738
2026-05-11 14:33:00,1.17738,1.1774499999999999,1.17716,1.1773
2026-05-11 14:36:00,1.1773,1.17733,1.17709,1.17722
2026-05-11 14:39:00,1.17722,1.17729,1.17713,1.17727
2026-05-11 14:42:00,1.17727,1.17729,1.17706,1.17722
2026-05-11 14:45:00,1.17722,1.1774,1.17718,1.17736
2026-05-11 14:48:00,1.17736,1.17741,1.1772,1.17725
2026-05-11 14:51:00,1.17725,1.1773,1.17698,1.17703
2026-05-11 14:54:00,1.17703,1.17713,1.1763,1.17649
2026-05-11 14:57:00,1.17649,1.17686,1.17635,1.17683
2026-05-11 15:00:00,1.17683,1.17688,1.17658,1.17667
2026-05-11 15:03:00,1.17667,1.17675,1.17657,1.17663
2026-05-11 15:06:00,1.17663,1.17672,1.17652,1.17653
2026-05-11 15:09:00,1.17653,1.17668,1.17638,1.1766
2026-05-11 15:12:00,1.17663,1.1768,1.17653,1.17668
2026-05-11 15:15:00,1.17668,1.17671,1.17643,1.17648
2026-05-11 15:18:00,1.17648,1.17663,1.17644,1.17655
2026-05-11 15:21:00,1.17655,1.17718,1.1764999999999999,1.17717
2026-05-11 15:24:00,1.17717,1.1774499999999999,1.17688,1.17698
2026-05-11 15:27:00,1.17698,1.17717,1.17686,1.17717
2026-05-11 15:30:00,1.17716,1.17716,1.17681,1.17702
2026-05-11 15:33:00,1.17702,1.17731,1.17691,1.17725
2026-05-11 15:36:00,1.17725,1.17734,1.17713,1.17727
2026-05-11 15:39:00,1.17727,1.17744,1.17718,1.17743
2026-05-11 15:42:00,1.17743,1.17743,1.17717,1.17729
2026-05-11 15:45:00,1.17729,1.17732,1.17677,1.17685
2026-05-11 15:48:00,1.17685,1.1773,1.17676,1.17723
2026-05-11 15:51:00,1.17723,1.17725,1.17689,1.17689
2026-05-11 15:54:00,1.17689,1.17731,1.17682,1.17728
2026-05-11 15:57:00,1.17724,1.17743,1.1770100000000001,1.1774
2026-05-11 16:00:00,1.1774,1.1777199999999999,1.1774,1.17759
2026-05-11 16:03:00,1.17759,1.17787,1.17753,1.17787
2026-05-11 16:06:00,1.17787,1.1780599999999999,1.17778,1.17799
2026-05-11 16:09:00,1.17799,1.1784,1.17799,1.17818
2026-05-11 16:12:00,1.17818,1.17852,1.17807,1.17832
2026-05-11 16:15:00,1.17832,1.17841,1.17797,1.17797
2026-05-11 16:18:00,1.17797,1.17812,1.17786,1.17809
2026-05-11 16:21:00,1.17809,1.17816,1.17793,1.17807
2026-05-11 16:24:00,1.17809,1.17843,1.1780599999999999,1.17837
2026-05-11 16:27:00,1.17837,1.17848,1.17819,1.1783299999999999
2026-05-11 16:30:00,1.17834,1.17836,1.17792,1.17809
2026-05-11 16:33:00,1.17809,1.17817,1.17782,1.17805
2026-05-11 16:36:00,1.17805,1.1782,1.17789,1.17817
2026-05-11 16:39:00,1.17812,1.17848,1.17805,1.17845
2026-05-11 16:42:00,1.17845,1.17862,1.1783299999999999,1.17859
2026-05-11 16:45:00,1.17859,1.17876,1.17851,1.1787
2026-05-11 16:48:00,1.1787,1.1787,1.17838,1.17853
2026-05-11 16:51:00,1.17853,1.17863,1.17838,1.17859
2026-05-11 16:54:00,1.1786,1.17865,1.17838,1.17855
2026-05-11 16:57:00,1.17855,1.17868,1.17839,1.17853
2026-05-11 17:00:00,1.17853,1.1786,1.1783299999999999,1.17847
2026-05-11 17:03:00,1.17847,1.17852,1.17799,1.17817
2026-05-11 17:06:00,1.17817,1.17818,1.17792,1.17811
2026-05-11 17:09:00,1.17811,1.17839,1.17807,1.17835
2026-05-11 17:12:00,1.17836,1.17854,1.17825,1.17854
2026-05-11 17:15:00,1.17854,1.17861,1.17843,1.17849
2026-05-11 17:18:00,1.17849,1.17872,1.17846,1.1786
2026-05-11 17:21:00,1.1786,1.17875,1.1785,1.17864
2026-05-11 17:24:00,1.17863,1.17875,1.17855,1.17871
2026-05-11 17:27:00,1.17871,1.17873,1.1784,1.17855
2026-05-11 17:30:00,1.17855,1.17863,1.17807,1.17839
2026-05-11 17:33:00,1.17839,1.17861,1.17826,1.17855
2026-05-11 17:36:00,1.17855,1.17862,1.17825,1.17858
2026-05-11 17:39:00,1.17859,1.17872,1.17844,1.17871
2026-05-11 17:42:00,1.17873,1.17878,1.1785700000000001,1.1786699999999999
2026-05-11 17:45:00,1.1786699999999999,1.17868,1.17837,1.17839
2026-05-11 17:48:00,1.17839,1.17849,1.17817,1.17823
2026-05-11 17:51:00,1.17828,1.1784,1.17804,1.1783299999999999
2026-05-11 17:54:00,1.1783299999999999,1.17839,1.17801,1.17813
2026-05-11 17:57:00,1.17813,1.17817,1.17778,1.17794
2026-05-11 18:00:00,1.17794,1.17834,1.17782,1.17826
2026-05-11 18:03:00,1.17826,1.1783299999999999,1.1779600000000001,1.17817
2026-05-11 18:06:00,1.17816,1.1783,1.17808,1.1783
2026-05-11 18:09:00,1.1783,1.17831,1.17803,1.17821
2026-05-11 18:12:00,1.17821,1.17824,1.17793,1.17812
2026-05-11 18:15:00,1.17812,1.17815,1.17791,1.17803
2026-05-11 18:18:00,1.17803,1.17822,1.17792,1.17822
2026-05-11 18:21:00,1.17822,1.17841,1.17814,1.17835
2026-05-11 18:24:00,1.17835,1.17853,1.17814,1.17822
2026-05-11 18:27:00,1.17822,1.17835,1.178,1.17813
2026-05-11 18:30:00,1.17812,1.17825,1.17803,1.17808
2026-05-11 18:33:00,1.17808,1.1782,1.17803,1.17808
2026-05-11 18:36:00,1.17809,1.17827,1.17807,1.1781
2026-05-11 18:39:00,1.1781,1.17822,1.1779,1.17819
2026-05-11 18:42:00,1.17819,1.1782,1.17781,1.17792
2026-05-11 18:45:00,1.17791,1.17797,1.17766,1.17794
2026-05-11 18:48:00,1.17794,1.17805,1.17764,1.17773
2026-05-11 18:51:00,1.17773,1.17803,1.17763,1.17792
2026-05-11 18:54:00,1.17786,1.17816,1.17783,1.17802
2026-05-11 18:57:00,1.17802,1.17811,1.17794,1.17799
2026-05-11 19:00:00,1.17799,1.17801,1.17784,1.17788
2026-05-11 19:03:00,1.17787,1.17803,1.17786,1.17792
2026-05-11 19:06:00,1.17792,1.17793,1.17768,1.17785
2026-05-11 19:09:00,1.17785,1.17802,1.17774,1.17792
2026-05-11 19:12:00,1.17792,1.17802,1.17776,1.17785
2026-05-11 19:15:00,1.17787,1.1779600000000001,1.17777,1.17784
2026-05-11 19:18:00,1.17784,1.17789,1.1777199999999999,1.17785
2026-05-11 19:21:00,1.17785,1.17785,1.17759,1.1777199999999999
2026-05-11 19:24:00,1.1777199999999999,1.17773,1.17755,1.17764
2026-05-11 19:27:00,1.17764,1.17771,1.1775,1.17755
2026-05-11 19:30:00,1.17755,1.17773,1.17748,1.17769
2026-05-11 19:33:00,1.17769,1.1778,1.17761,1.17768
2026-05-11 19:36:00,1.17768,1.17789,1.17766,1.17779
2026-05-11 19:39:00,1.17778,1.17786,1.17753,1.17756
2026-05-11 19:42:00,1.17756,1.17758,1.17723,1.17754
2026-05-11 19:45:00,1.17754,1.17768,1.17743,1.17766
2026-05-11 19:48:00,1.17765,1.17767,1.17742,1.17753
2026-05-11 19:51:00,1.17753,1.17757,1.17742,1.17748
2026-05-11 19:54:00,1.17748,1.17756,1.17723,1.17734
2026-05-11 19:57:00,1.17732,1.17742,1.1772,1.17732
2026-05-11 20:00:00,1.17732,1.1774499999999999,1.17716,1.17728
2026-05-11 20:03:00,1.17728,1.17741,1.17703,1.17729
2026-05-11 20:06:00,1.17729,1.17743,1.1772,1.17738
2026-05-11 20:09:00,1.17738,1.17743,1.17729,1.17742
2026-05-11 20:12:00,1.17742,1.17749,1.17719,1.17748
2026-05-11 20:15:00,1.17748,1.17756,1.1774,1.17752
2026-05-11 20:18:00,1.17752,1.17758,1.17739,1.17755
2026-05-11 20:21:00,1.17755,1.17767,1.17743,1.17757
2026-05-11 20:24:00,1.17757,1.17773,1.17755,1.17768
2026-05-11 20:27:00,1.17768,1.17774,1.17751,1.1776
2026-05-11 20:30:00,1.1776,1.17777,1.17747,1.1777199999999999
2026-05-11 20:33:00,1.1777199999999999,1.17781,1.17756,1.1777
2026-05-11 20:36:00,1.1777,1.17785,1.1776,1.1777199999999999
2026-05-11 20:39:00,1.1777199999999999,1.17777,1.17755,1.17769
2026-05-11 20:42:00,1.17769,1.17776,1.17758,1.17769
2026-05-11 20:45:00,1.17769,1.17777,1.17763,1.17766
2026-05-11 20:48:00,1.17768,1.17783,1.1776,1.17783
2026-05-11 20:51:00,1.17783,1.17783,1.17766,1.17777
2026-05-11 20:54:00,1.17777,1.17785,1.1776200000000001,1.17784
2026-05-11 20:57:00,1.17784,1.17786,1.1777199999999999,1.17779
2026-05-11 21:00:00,1.17779,1.17788,1.1777,1.17775
2026-05-11 21:03:00,1.17775,1.17789,1.17775,1.17788
2026-05-11 21:06:00,1.17788,1.17799,1.17778,1.17787
2026-05-11 21:09:00,1.17787,1.17801,1.17782,1.17788
2026-05-11 21:12:00,1.17789,1.17797,1.17777,1.17789
2026-05-11 21:15:00,1.17789,1.1779600000000001,1.17781,1.17793
2026-05-11 21:18:00,1.17793,1.17798,1.17776,1.17782
2026-05-11 21:21:00,1.17782,1.17804,1.17781,1.17788
2026-05-11 21:24:00,1.17788,1.17793,1.1777199999999999,1.17789
2026-05-11 21:27:00,1.17789,1.178,1.17778,1.17793
2026-05-11 21:30:00,1.17792,1.17795,1.17779,1.17785
2026-05-11 21:33:00,1.17785,1.17799,1.17779,1.17795
2026-05-11 21:36:00,1.17795,1.17799,1.17784,1.17794
2026-05-11 21:39:00,1.17794,1.17794,1.17766,1.17775
2026-05-11 21:42:00,1.17775,1.17775,1.17759,1.17759
2026-05-11 21:45:00,1.17759,1.17765,1.17738,1.17763
2026-05-11 21:48:00,1.17764,1.17767,1.1774499999999999,1.17753
2026-05-11 21:51:00,1.17753,1.17761,1.1774499999999999,1.17754
2026-05-11 21:54:00,1.17754,1.17754,1.1774,1.17752
2026-05-11 21:57:00,1.17752,1.17757,1.17739,1.17749
2026-05-11 22:00:00,1.17749,1.17763,1.17731,1.1776200000000001
2026-05-11 22:03:00,1.1776200000000001,1.17769,1.17757,1.17769
2026-05-11 22:06:00,1.17769,1.1777,1.17758,1.17767
2026-05-11 22:09:00,1.17767,1.17769,1.17748,1.17758
2026-05-11 22:12:00,1.17758,1.1776200000000001,1.17732,1.17748
2026-05-11 22:15:00,1.17749,1.17761,1.1773500000000001,1.17761
2026-05-11 22:18:00,1.17761,1.1776200000000001,1.17743,1.17743
2026-05-11 22:21:00,1.17747,1.17765,1.17747,1.17761
2026-05-11 22:24:00,1.17761,1.17768,1.17759,1.17763
2026-05-11 22:27:00,1.17763,1.17766,1.17752,1.17755
2026-05-11 22:30:00,1.17755,1.17774,1.1775,1.17774
2026-05-11 22:33:00,1.17774,1.17774,1.17761,1.17764
2026-05-11 22:36:00,1.17764,1.1777199999999999,1.17754,1.17764
2026-05-11 22:39:00,1.17764,1.17773,1.1776,1.17761
2026-05-11 22:42:00,1.17761,1.17767,1.17751,1.17764
2026-05-11 22:45:00,1.17764,1.17777,1.17757,1.17776
2026-05-11 22:48:00,1.17776,1.17778,1.17767,1.17769
2026-05-11 22:51:00,1.17769,1.1777,1.17746,1.17749
2026-05-11 22:54:00,1.17749,1.17767,1.17744,1.1774499999999999
2026-05-11 22:57:00,1.17746,1.17775,1.17746,1.17774
2026-05-11 23:00:00,1.17773,1.17786,1.17763,1.17786
2026-05-11 23:03:00,1.17785,1.17785,1.17763,1.17774
2026-05-11 23:06:00,1.17774,1.17779,1.17769,1.17776
2026-05-11 23:09:00,1.17777,1.17791,1.17738,1.17752
2026-05-11 23:12:00,1.17742,1.17788,1.17742,1.17782
2026-05-11 23:15:00,1.17783,1.17793,1.17771,1.17793
2026-05-11 23:18:00,1.17794,1.17794,1.17779,1.17779
2026-05-11 23:21:00,1.17782,1.17795,1.17776,1.17793
2026-05-11 23:24:00,1.17793,1.17802,1.17785,1.17799
2026-05-11 23:27:00,1.17799,1.17809,1.17787,1.17803
2026-05-11 23:30:00,1.17804,1.17818,1.17804,1.17815
2026-05-11 23:33:00,1.17815,1.17828,1.17815,1.17822
2026-05-11 23:36:00,1.17822,1.17829,1.17817,1.17817
2026-05-11 23:39:00,1.17817,1.17827,1.17817,1.17823
2026-05-11 23:42:00,1.17823,1.17823,1.1781,1.17812
2026-05-11 23:45:00,1.17812,1.17818,1.178,1.17816
2026-05-11 23:48:00,1.17818,1.17822,1.17804,1.17804
2026-05-11 23:51:00,1.17804,1.17811,1.17804,1.17811
2026-05-11 23:54:00,1.17811,1.17812,1.1780599999999999,1.17811
2026-05-11 23:57:00,1.17811,1.17823,1.17811,1.17816
2026-05-12 00:00:00,1.1778,1.17789,1.1771,1.17759
2026-05-12 00:03:00,1.17759,1.17814,1.17759,1.17805
2026-05-12 00:06:00,1.17805,1.17838,1.17798,1.1783299999999999
2026-05-12 00:09:00,1.1783299999999999,1.1783299999999999,1.17815,1.17815
2026-05-12 00:12:00,1.17815,1.1783,1.17815,1.17829
2026-05-12 00:15:00,1.17829,1.1783,1.1779,1.17795
2026-05-12 00:18:00,1.17795,1.17809,1.17792,1.17794
2026-05-12 00:21:00,1.17794,1.1784,1.17794,1.17835
2026-05-12 00:24:00,1.17836,1.1784,1.17828,1.17834
2026-05-12 00:27:00,1.17834,1.17834,1.17816,1.17824
2026-05-12 00:30:00,1.17828,1.17828,1.1782,1.17824
2026-05-12 00:33:00,1.17824,1.17826,1.17821,1.17823
2026-05-12 00:36:00,1.17823,1.17823,1.17818,1.17822
2026-05-12 00:39:00,1.17822,1.17827,1.17812,1.17825
2026-05-12 00:42:00,1.17825,1.17826,1.17818,1.17818
2026-05-12 00:45:00,1.17819,1.17828,1.17808,1.17808
2026-05-12 00:48:00,1.17811,1.17823,1.17811,1.17819
2026-05-12 00:51:00,1.17821,1.17838,1.17811,1.17836
2026-05-12 00:54:00,1.17836,1.17843,1.17835,1.17843
2026-05-12 00:57:00,1.17843,1.17845,1.17841,1.17845
2026-05-12 01:00:00,1.17845,1.17868,1.17842,1.17861
2026-05-12 01:03:00,1.17861,1.17874,1.17858,1.1787
2026-05-12 01:06:00,1.1787,1.17871,1.17859,1.17869
2026-05-12 01:09:00,1.17869,1.1787,1.17854,1.17869
2026-05-12 01:12:00,1.17869,1.17871,1.17862,1.17868
2026-05-12 01:15:00,1.17868,1.17875,1.1785700000000001,1.17865
2026-05-12 01:18:00,1.17864,1.17872,1.17864,1.17871
2026-05-12 01:21:00,1.17871,1.17873,1.17864,1.17871
2026-05-12 01:24:00,1.17871,1.17875,1.1786,1.1786699999999999
2026-05-12 01:27:00,1.1786699999999999,1.17873,1.17864,1.17868
2026-05-12 01:30:00,1.17868,1.1787,1.17863,1.17868
2026-05-12 01:33:00,1.17868,1.17872,1.1785700000000001,1.17865
2026-05-12 01:36:00,1.17865,1.1786699999999999,1.17859,1.17861
2026-05-12 01:39:00,1.17862,1.1786699999999999,1.17853,1.17864
2026-05-12 01:42:00,1.17864,1.1786699999999999,1.17851,1.17864
2026-05-12 01:45:00,1.17864,1.17865,1.17855,1.1785700000000001
2026-05-12 01:48:00,1.1785700000000001,1.17858,1.17844,1.17856
2026-05-12 01:51:00,1.17856,1.1785700000000001,1.17843,1.17854
2026-05-12 01:54:00,1.17854,1.17854,1.17847,1.1785
2026-05-12 01:57:00,1.1785,1.17851,1.17842,1.17851
2026-05-12 02:00:00,1.17851,1.17852,1.1783299999999999,1.17842
2026-05-12 02:03:00,1.17842,1.17848,1.17836,1.17847
2026-05-12 02:06:00,1.17847,1.1785,1.17839,1.17847
2026-05-12 02:09:00,1.17847,1.17849,1.17831,1.17843
2026-05-12 02:12:00,1.17843,1.17847,1.17835,1.17841
2026-05-12 02:15:00,1.17841,1.17842,1.17832,1.17835
2026-05-12 02:18:00,1.17835,1.17838,1.17828,1.17835
2026-05-12 02:21:00,1.17835,1.17837,1.17823,1.17832
2026-05-12 02:24:00,1.17832,1.1783299999999999,1.17822,1.17829
2026-05-12 02:27:00,1.17829,1.1783,1.17805,1.1780599999999999
2026-05-12 02:30:00,1.1780599999999999,1.17812,1.17798,1.17812
2026-05-12 02:33:00,1.17812,1.17812,1.17794,1.17802
2026-05-12 02:36:00,1.17802,1.17803,1.1779600000000001,1.1779600000000001
2026-05-12 02:39:00,1.17797,1.17797,1.1777199999999999,1.17779
2026-05-12 02:42:00,1.17779,1.17788,1.17774,1.17787
2026-05-12 02:45:00,1.17787,1.17787,1.17763,1.17776
2026-05-12 02:48:00,1.17776,1.17788,1.17771,1.17787
2026-05-12 02:51:00,1.17788,1.17803,1.17787,1.17792
2026-05-12 02:54:00,1.17792,1.17795,1.17787,1.17788
2026-05-12 02:57:00,1.17788,1.1779,1.17777,1.17783
2026-05-12 03:00:00,1.17784,1.17784,1.17748,1.17759
2026-05-12 03:03:00,1.17759,1.17764,1.1774,1.17749
2026-05-12 03:06:00,1.17749,1.17754,1.17736,1.17748
2026-05-12 03:09:00,1.17748,1.17759,1.17746,1.17753
2026-05-12 03:12:00,1.17753,1.1776200000000001,1.17748,1.17759
2026-05-12 03:15:00,1.17759,1.17768,1.17749,1.17765
2026-05-12 03:18:00,1.17764,1.17771,1.17759,1.1776
2026-05-12 03:21:00,1.1776,1.1776,1.17727,1.1773500000000001
2026-05-12 03:24:00,1.1773500000000001,1.1775,1.17728,1.17747
2026-05-12 03:27:00,1.17747,1.17756,1.17742,1.17748
2026-05-12 03:30:00,1.17748,1.1775,1.17733,1.17738
2026-05-12 03:33:00,1.17738,1.17738,1.1773,1.17734
2026-05-12 03:36:00,1.17734,1.17741,1.1772,1.1773500000000001
2026-05-12 03:39:00,1.1773500000000001,1.1773500000000001,1.1772,1.17726
2026-05-12 03:42:00,1.17726,1.1773,1.17714,1.17718
2026-05-12 03:45:00,1.1772,1.17734,1.17713,1.17722
2026-05-12 03:48:00,1.17722,1.1773,1.17722,1.17728
2026-05-12 03:51:00,1.17728,1.17734,1.17704,1.17705
2026-05-12 03:54:00,1.17706,1.17707,1.17675,1.17678
2026-05-12 03:57:00,1.17678,1.17686,1.17652,1.17669
2026-05-12 04:00:00,1.1767,1.17689,1.17654,1.17672
2026-05-12 04:03:00,1.17672,1.17672,1.17651,1.17668
2026-05-12 04:06:00,1.17668,1.17672,1.17639,1.1764999999999999
2026-05-12 04:09:00,1.1764999999999999,1.17651,1.17631,1.17643
2026-05-12 04:12:00,1.17643,1.1764999999999999,1.17637,1.17648
2026-05-12 04:15:00,1.17648,1.17657,1.17633,1.17648
2026-05-12 04:18:00,1.17648,1.17649,1.17638,1.17647
2026-05-12 04:21:00,1.17646,1.17646,1.17628,1.17641
2026-05-12 04:24:00,1.17641,1.17645,1.17617,1.17625
2026-05-12 04:27:00,1.17625,1.17629,1.1761300000000001,1.1762
2026-05-12 04:30:00,1.1762,1.17663,1.17618,1.17657
2026-05-12 04:33:00,1.17656,1.17658,1.17633,1.17633
2026-05-12 04:36:00,1.17635,1.17636,1.17606,1.1761300000000001
2026-05-12 04:39:00,1.17612,1.17612,1.17572,1.17584
2026-05-12 04:42:00,1.17584,1.17612,1.1757900000000001,1.1761
2026-05-12 04:45:00,1.17609,1.17615,1.17593,1.17604
2026-05-12 04:48:00,1.17604,1.1763,1.17603,1.17627
2026-05-12 04:51:00,1.17626,1.17634,1.17614,1.17626
2026-05-12 04:54:00,1.17626,1.17633,1.17622,1.17628
2026-05-12 04:57:00,1.17628,1.17636,1.1761300000000001,1.17614
2026-05-12 05:00:00,1.17614,1.1762299999999999,1.17605,1.17614
2026-05-12 05:03:00,1.17615,1.1762299999999999,1.17608,1.1762
2026-05-12 05:06:00,1.17614,1.17628,1.17608,1.1762
2026-05-12 05:09:00,1.1762,1.17633,1.17611,1.17628
2026-05-12 05:12:00,1.17628,1.17631,1.17608,1.17614
2026-05-12 05:15:00,1.17614,1.17621,1.17603,1.17603
2026-05-12 05:18:00,1.17604,1.1761300000000001,1.1758899999999999,1.17607
2026-05-12 05:21:00,1.17607,1.1761,1.17592,1.17598
2026-05-12 05:24:00,1.17598,1.17614,1.17598,1.1761
2026-05-12 05:27:00,1.1761,1.17615,1.17599,1.1761
2026-05-12 05:30:00,1.17609,1.17614,1.17602,1.17609
2026-05-12 05:33:00,1.17609,1.17609,1.17593,1.176
2026-05-12 05:36:00,1.176,1.17609,1.17591,1.176
2026-05-12 05:39:00,1.176,1.17601,1.17591,1.17594
2026-05-12 05:42:00,1.17594,1.17605,1.17593,1.17604
2026-05-12 05:45:00,1.17603,1.17616,1.17601,1.1761300000000001
2026-05-12 05:48:00,1.1761300000000001,1.1763,1.17612,1.17627
2026-05-12 05:51:00,1.17627,1.17645,1.17624,1.17635
2026-05-12 05:54:00,1.17635,1.17636,1.17619,1.17629
2026-05-12 05:57:00,1.17629,1.17633,1.17617,1.17624
2026-05-12 06:00:00,1.17624,1.1763,1.1761300000000001,1.17614
2026-05-12 06:03:00,1.1761300000000001,1.17614,1.17588,1.17588
2026-05-12 06:06:00,1.17588,1.17588,1.17575,1.17581
2026-05-12 06:09:00,1.17577,1.17591,1.17577,1.17585
2026-05-12 06:12:00,1.17585,1.1758899999999999,1.17576,1.1758899999999999
2026-05-12 06:15:00,1.1758899999999999,1.1759,1.1757900000000001,1.1758
2026-05-12 06:18:00,1.17582,1.17591,1.1758,1.17585
2026-05-12 06:21:00,1.17585,1.17592,1.1757,1.17571
2026-05-12 06:24:00,1.17573,1.17577,1.1756,1.17565
2026-05-12 06:27:00,1.17565,1.1757,1.17561,1.17568
2026-05-12 06:30:00,1.17568,1.17578,1.1756199999999999,1.17565
2026-05-12 06:33:00,1.17565,1.1757900000000001,1.17555,1.17567
2026-05-12 06:36:00,1.17567,1.17578,1.17564,1.17575
2026-05-12 06:39:00,1.17575,1.17578,1.17569,1.17578
2026-05-12 06:42:00,1.17578,1.17581,1.17574,1.1757900000000001
2026-05-12 06:45:00,1.1757900000000001,1.17582,1.1757,1.17581
2026-05-12 06:48:00,1.17581,1.17581,1.17565,1.17574
2026-05-12 06:51:00,1.17574,1.17574,1.17563,1.17569
2026-05-12 06:54:00,1.17569,1.17573,1.17565,1.17569
2026-05-12 06:57:00,1.17569,1.17569,1.17537,1.17555
2026-05-12 07:00:00,1.17555,1.1757,1.1755200000000001,1.17559
2026-05-12 07:03:00,1.17559,1.17574,1.17555,1.1757
2026-05-12 07:06:00,1.17569,1.17576,1.17561,1.1757
2026-05-12 07:09:00,1.1757,1.17578,1.17557,1.17569
2026-05-12 07:12:00,1.17569,1.1757,1.17553,1.17555
2026-05-12 07:15:00,1.17555,1.17575,1.17554,1.17569
2026-05-12 07:18:00,1.17569,1.17569,1.17554,1.17558
2026-05-12 07:21:00,1.17558,1.17568,1.1755,1.17555
2026-05-12 07:24:00,1.1755200000000001,1.1756199999999999,1.1755200000000001,1.17561
2026-05-12 07:27:00,1.17561,1.1756199999999999,1.1755,1.17558
2026-05-12 07:30:00,1.17558,1.17569,1.17548,1.17568
2026-05-12 07:33:00,1.17568,1.17584,1.17568,1.1757900000000001
2026-05-12 07:36:00,1.1757900000000001,1.17592,1.17577,1.1759
2026-05-12 07:39:00,1.1758899999999999,1.17594,1.17577,1.17592
2026-05-12 07:42:00,1.17592,1.17595,1.17582,1.17594
2026-05-12 07:45:00,1.17595,1.17597,1.1757,1.17574
2026-05-12 07:48:00,1.17574,1.17585,1.17572,1.1758
2026-05-12 07:51:00,1.1758,1.1758,1.17563,1.17572
2026-05-12 07:54:00,1.17571,1.17583,1.17563,1.1757900000000001
2026-05-12 07:57:00,1.1757900000000001,1.17584,1.17568,1.1757
2026-05-12 08:00:00,1.17571,1.1757900000000001,1.17557,1.17573
2026-05-12 08:03:00,1.17573,1.17584,1.17571,1.17576
2026-05-12 08:06:00,1.17576,1.1758,1.17563,1.1757
2026-05-12 08:09:00,1.1757,1.17571,1.17551,1.17554
2026-05-12 08:12:00,1.17554,1.17555,1.1751800000000001,1.17536
2026-05-12 08:15:00,1.17536,1.17542,1.17521,1.1752799999999999
2026-05-12 08:18:00,1.1752799999999999,1.17556,1.17516,1.17553
2026-05-12 08:21:00,1.17553,1.17554,1.17539,1.17549
2026-05-12 08:24:00,1.17549,1.1756,1.17538,1.17559
2026-05-12 08:27:00,1.17559,1.17559,1.17548,1.17548
2026-05-12 08:30:00,1.17549,1.17559,1.17543,1.17553
2026-05-12 08:33:00,1.17553,1.17555,1.17544,1.17548
2026-05-12 08:36:00,1.17548,1.1755200000000001,1.1752799999999999,1.1755
2026-05-12 08:39:00,1.1755,1.17555,1.17539,1.1755
2026-05-12 08:42:00,1.1755,1.1756,1.17542,1.17556
2026-05-12 08:45:00,1.17555,1.17574,1.17555,1.17572
2026-05-12 08:48:00,1.17572,1.1757900000000001,1.17555,1.1756
2026-05-12 08:51:00,1.1756,1.17574,1.17555,1.17573
2026-05-12 08:54:00,1.17573,1.1768,1.17573,1.17605
2026-05-12 08:57:00,1.17605,1.17637,1.17599,1.1762299999999999
2026-05-12 09:00:00,1.17624,1.17658,1.17606,1.1762299999999999
2026-05-12 09:03:00,1.17624,1.17628,1.17597,1.17603
2026-05-12 09:06:00,1.17603,1.17603,1.17563,1.17575
2026-05-12 09:09:00,1.17575,1.17598,1.17569,1.17574
2026-05-12 09:12:00,1.17574,1.17581,1.17564,1.17574
2026-05-12 09:15:00,1.17574,1.17584,1.17554,1.17563
2026-05-12 09:18:00,1.1756199999999999,1.17568,1.17526,1.17533
2026-05-12 09:21:00,1.17533,1.17549,1.17514,1.17538
2026-05-12 09:24:00,1.17536,1.17555,1.17521,1.17548
2026-05-12 09:27:00,1.1755,1.1756199999999999,1.17544,1.17549
2026-05-12 09:30:00,1.17549,1.17563,1.17533,1.17551
2026-05-12 09:33:00,1.17551,1.17588,1.17551,1.17578
2026-05-12 09:36:00,1.17578,1.17585,1.17563,1.17569
2026-05-12 09:39:00,1.17569,1.1757,1.17544,1.17544
2026-05-12 09:42:00,1.17549,1.17558,1.17535,1.17545
2026-05-12 09:45:00,1.17546,1.1755200000000001,1.17531,1.17546
2026-05-12 09:48:00,1.17546,1.17551,1.17529,1.17537
2026-05-12 09:51:00,1.17536,1.17538,1.17509,1.17512
2026-05-12 09:54:00,1.17513,1.1752,1.17494,1.17514
2026-05-12 09:57:00,1.17514,1.1752,1.17488,1.17503
2026-05-12 10:00:00,1.17502,1.17505,1.17461,1.17474
2026-05-12 10:03:00,1.17474,1.17489,1.17442,1.17445
2026-05-12 10:06:00,1.17445,1.1749,1.17441,1.17485
2026-05-12 10:09:00,1.17485,1.1749,1.17461,1.17472
2026-05-12 10:12:00,1.17472,1.17481,1.17463,1.1747
2026-05-12 10:15:00,1.1747,1.17499,1.17463,1.17489
2026-05-12 10:18:00,1.17489,1.1753,1.17485,1.17527
2026-05-12 10:21:00,1.17527,1.1753,1.17506,1.17512
2026-05-12 10:24:00,1.17514,1.17533,1.17492,1.17509
2026-05-12 10:27:00,1.17509,1.17524,1.1749,1.17496
2026-05-12 10:30:00,1.17496,1.17496,1.17468,1.17483
2026-05-12 10:33:00,1.17483,1.1749,1.17465,1.17474
2026-05-12 10:36:00,1.17474,1.17485,1.17468,1.17474
2026-05-12 10:39:00,1.17474,1.17504,1.17471,1.17493
2026-05-12 10:42:00,1.17493,1.175,1.17463,1.17464
2026-05-12 10:45:00,1.17464,1.17465,1.17429,1.1745
2026-05-12 10:48:00,1.17449,1.17453,1.17431,1.17452
2026-05-12 10:51:00,1.17452,1.1746,1.17429,1.17444
2026-05-12 10:54:00,1.17444,1.17477,1.17435,1.1746
2026-05-12 10:57:00,1.1746,1.17478,1.1746,1.17478
2026-05-12 11:00:00,1.17478,1.17485,1.1746,1.17464
2026-05-12 11:03:00,1.17464,1.17476,1.17452,1.1746
2026-05-12 11:06:00,1.1746,1.17461,1.17422,1.17439
2026-05-12 11:09:00,1.1743999999999999,1.17441,1.17411,1.1743000000000001
2026-05-12 11:12:00,1.1743000000000001,1.1745,1.17417,1.17438
2026-05-12 11:15:00,1.17438,1.17465,1.17427,1.1746
2026-05-12 11:18:00,1.1746,1.17474,1.17442,1.17472
2026-05-12 11:21:00,1.17472,1.17504,1.17471,1.17493
2026-05-12 11:24:00,1.17493,1.17495,1.1747,1.17488
2026-05-12 11:27:00,1.17488,1.1749100000000001,1.17455,1.17469
2026-05-12 11:30:00,1.17471,1.17476,1.17445,1.17455
2026-05-12 11:33:00,1.17455,1.17459,1.17431,1.17442
2026-05-12 11:36:00,1.17442,1.17442,1.17393,1.17416
2026-05-12 11:39:00,1.17413,1.17417,1.17386,1.17408
2026-05-12 11:42:00,1.17408,1.17436,1.17405,1.1742
2026-05-12 11:45:00,1.1742,1.17481,1.17419,1.17454
2026-05-12 11:48:00,1.17454,1.1747,1.17449,1.17452
2026-05-12 11:51:00,1.17452,1.17461,1.1743999999999999,1.17454
2026-05-12 11:54:00,1.17454,1.17464,1.17438,1.17449
2026-05-12 11:57:00,1.17449,1.17469,1.17442,1.17446
2026-05-12 12:00:00,1.17445,1.17471,1.17433,1.1747
2026-05-12 12:03:00,1.1747,1.17479,1.17437,1.17442
2026-05-12 12:06:00,1.17442,1.1745700000000001,1.17437,1.17456
2026-05-12 12:09:00,1.17456,1.17472,1.17444,1.17462
2026-05-12 12:12:00,1.17462,1.17471,1.17446,1.17461
2026-05-12 12:15:00,1.17461,1.17468,1.17442,1.17462
2026-05-12 12:18:00,1.17462,1.17468,1.17449,1.17462
2026-05-12 12:21:00,1.17463,1.17466,1.17442,1.17458
2026-05-12 12:24:00,1.1745700000000001,1.17474,1.1745,1.17451
2026-05-12 12:27:00,1.17453,1.17459,1.17429,1.17458
2026-05-12 12:30:00,1.17458,1.175,1.1745,1.17463
2026-05-12 12:33:00,1.17463,1.17509,1.17442,1.17485
2026-05-12 12:36:00,1.17485,1.1749100000000001,1.17468,1.17476
2026-05-12 12:39:00,1.17476,1.17516,1.17471,1.17492
2026-05-12 12:42:00,1.17492,1.17492,1.17449,1.17449
2026-05-12 12:45:00,1.17449,1.17469,1.17432,1.17459
2026-05-12 12:48:00,1.17459,1.17494,1.17445,1.1749
2026-05-12 12:51:00,1.1749,1.17494,1.17464,1.17475
2026-05-12 12:54:00,1.17475,1.1748,1.17456,1.17465
2026-05-12 12:57:00,1.17465,1.17486,1.17464,1.17475
2026-05-12 13:00:00,1.17474,1.17475,1.17447,1.17459
2026-05-12 13:03:00,1.17459,1.17469,1.17444,1.17461
2026-05-12 13:06:00,1.1746699999999999,1.17477,1.17454,1.17473
2026-05-12 13:09:00,1.17474,1.17488,1.17468,1.17473
2026-05-12 13:12:00,1.17473,1.17489,1.17466,1.17485
2026-05-12 13:15:00,1.17485,1.17485,1.17456,1.17463
2026-05-12 13:18:00,1.17463,1.17466,1.17444,1.17458
2026-05-12 13:21:00,1.17458,1.17482,1.17452,1.17476
2026-05-12 13:24:00,1.17475,1.17482,1.17465,1.17475
2026-05-12 13:27:00,1.17475,1.17483,1.17465,1.17481
2026-05-12 13:30:00,1.17481,1.17485,1.17465,1.1748
2026-05-12 13:33:00,1.1748,1.17485,1.1746699999999999,1.1748
2026-05-12 13:36:00,1.17479,1.1749,1.1746699999999999,1.17477
2026-05-12 13:39:00,1.17477,1.1748,1.17464,1.1747
2026-05-12 13:42:00,1.1747,1.1747,1.17442,1.17458
2026-05-12 13:45:00,1.17458,1.17463,1.17444,1.17449
2026-05-12 13:48:00,1.17449,1.17456,1.17441,1.17452
2026-05-12 13:51:00,1.17452,1.17452,1.17433,1.17437
2026-05-12 13:54:00,1.17437,1.17439,1.17414,1.17436
2026-05-12 13:57:00,1.17436,1.17441,1.17401,1.1740599999999999
2026-05-12 14:00:00,1.1740599999999999,1.17409,1.17392,1.17393
2026-05-12 14:03:00,1.17393,1.17393,1.17342,1.17353
2026-05-12 14:06:00,1.17353,1.17392,1.17349,1.17388
2026-05-12 14:09:00,1.17388,1.17446,1.17381,1.17425
2026-05-12 14:12:00,1.17425,1.17441,1.17405,1.17413
2026-05-12 14:15:00,1.17414,1.17421,1.17394,1.17404
2026-05-12 14:18:00,1.17403,1.1742,1.17397,1.17417
2026-05-12 14:21:00,1.17417,1.17431,1.1739600000000001,1.1742
2026-05-12 14:24:00,1.1742,1.1743999999999999,1.17416,1.17424
2026-05-12 14:27:00,1.17424,1.17435,1.17402,1.17415
2026-05-12 14:30:00,1.17415,1.17433,1.17407,1.1743000000000001
2026-05-12 14:33:00,1.1743000000000001,1.17444,1.17421,1.17443
2026-05-12 14:36:00,1.17443,1.17462,1.17431,1.17462
2026-05-12 14:39:00,1.17461,1.17472,1.17448,1.17469
2026-05-12 14:42:00,1.1747,1.17475,1.17456,1.17463
2026-05-12 14:45:00,1.17463,1.17482,1.17441,1.17454
2026-05-12 14:48:00,1.17454,1.17458,1.17425,1.17442
2026-05-12 14:51:00,1.17442,1.17449,1.17416,1.17433
2026-05-12 14:54:00,1.17433,1.17449,1.17421,1.17449
2026-05-12 14:57:00,1.17449,1.17455,1.17437,1.17437
2026-05-12 15:00:00,1.17437,1.17444,1.17408,1.1742
2026-05-12 15:03:00,1.1742,1.1743999999999999,1.1740599999999999,1.17409
2026-05-12 15:06:00,1.17409,1.1742,1.17384,1.17393
2026-05-12 15:09:00,1.17393,1.17402,1.1737,1.17399
2026-05-12 15:12:00,1.174,1.1742,1.17385,1.17418
2026-05-12 15:15:00,1.17418,1.1743999999999999,1.1741,1.17435
2026-05-12 15:18:00,1.17435,1.17439,1.17409,1.17429
2026-05-12 15:21:00,1.17428,1.17431,1.1739600000000001,1.17408
2026-05-12 15:24:00,1.17408,1.17409,1.17382,1.174
2026-05-12 15:27:00,1.174,1.17411,1.17393,1.17411
2026-05-12 15:30:00,1.17409,1.17411,1.17358,1.17388
2026-05-12 15:33:00,1.17388,1.1745,1.17388,1.17438
2026-05-12 15:36:00,1.17438,1.1746,1.17424,1.17432
2026-05-12 15:39:00,1.17432,1.17435,1.17409,1.17419
2026-05-12 15:42:00,1.17419,1.17475,1.17419,1.17472
2026-05-12 15:45:00,1.17472,1.17472,1.1743000000000001,1.1745700000000001
2026-05-12 15:48:00,1.1745700000000001,1.17477,1.17445,1.17453
2026-05-12 15:51:00,1.17453,1.17496,1.17449,1.1749100000000001
2026-05-12 15:54:00,1.17493,1.17498,1.17463,1.17473
2026-05-12 15:57:00,1.17473,1.17486,1.1746,1.17477
2026-05-12 16:00:00,1.17477,1.17499,1.17472,1.17486
2026-05-12 16:03:00,1.17486,1.1749,1.17438,1.1745700000000001
2026-05-12 16:06:00,1.17458,1.1746699999999999,1.17423,1.1745
2026-05-12 16:09:00,1.1745,1.17468,1.17433,1.17455
2026-05-12 16:12:00,1.17455,1.17463,1.17402,1.17405
2026-05-12 16:15:00,1.17405,1.17405,1.17349,1.17353
2026-05-12 16:18:00,1.1735,1.1737,1.17328,1.1734499999999999
2026-05-12 16:21:00,1.1734499999999999,1.17391,1.17343,1.17382
2026-05-12 16:24:00,1.17382,1.17408,1.17376,1.174
2026-05-12 16:27:00,1.174,1.17404,1.17382,1.1739600000000001
2026-05-12 16:30:00,1.1739600000000001,1.17425,1.17378,1.17415
2026-05-12 16:33:00,1.17415,1.17421,1.17362,1.17382
2026-05-12 16:36:00,1.17382,1.17404,1.17376,1.17385
2026-05-12 16:39:00,1.17385,1.17404,1.17371,1.17386
2026-05-12 16:42:00,1.17386,1.17389,1.17355,1.17364
2026-05-12 16:45:00,1.17364,1.1739,1.1735,1.17355
2026-05-12 16:48:00,1.17355,1.17359,1.17278,1.17287
2026-05-12 16:51:00,1.1729,1.17302,1.1727400000000001,1.17297
2026-05-12 16:54:00,1.17297,1.17305,1.1727400000000001,1.17289
2026-05-12 16:57:00,1.17287,1.1730800000000001,1.17261,1.17299
2026-05-12 17:00:00,1.17303,1.17322,1.17283,1.17309
2026-05-12 17:03:00,1.17309,1.17318,1.17289,1.1731
2026-05-12 17:06:00,1.1731,1.17314,1.17269,1.17286
2026-05-12 17:09:00,1.17286,1.17336,1.17286,1.17325
2026-05-12 17:12:00,1.17325,1.17354,1.17316,1.17351
2026-05-12 17:15:00,1.17351,1.17358,1.17311,1.17327
2026-05-12 17:18:00,1.17327,1.17341,1.17305,1.17309
2026-05-12 17:21:00,1.17309,1.17325,1.173,1.17319
2026-05-12 17:24:00,1.17319,1.17324,1.173,1.1730800000000001
2026-05-12 17:27:00,1.1730800000000001,1.17336,1.17307,1.17332
2026-05-12 17:30:00,1.17332,1.17334,1.17304,1.1730800000000001
2026-05-12 17:33:00,1.1730800000000001,1.17341,1.17285,1.17302
2026-05-12 17:36:00,1.17302,1.17323,1.17295,1.17312
2026-05-12 17:39:00,1.17314,1.17331,1.17306,1.1732
2026-05-12 17:42:00,1.17319,1.17351,1.17317,1.17328
2026-05-12 17:45:00,1.17327,1.17328,1.17293,1.17299
2026-05-12 17:48:00,1.17299,1.17307,1.17276,1.1728
2026-05-12 17:51:00,1.17281,1.17338,1.1727,1.17336
2026-05-12 17:54:00,1.17336,1.17337,1.17295,1.17296
2026-05-12 17:57:00,1.17303,1.17361,1.1729,1.17359
2026-05-12 18:00:00,1.17359,1.17365,1.17311,1.17327
2026-05-12 18:03:00,1.17327,1.17339,1.1731,1.1733500000000001
2026-05-12 18:06:00,1.1733500000000001,1.17365,1.17315,1.17355
2026-05-12 18:09:00,1.17355,1.17356,1.1731,1.17315
2026-05-12 18:12:00,1.17315,1.17318,1.1727400000000001,1.17278
2026-05-12 18:15:00,1.17278,1.1729,1.17239,1.17254
2026-05-12 18:18:00,1.17255,1.17276,1.1724700000000001,1.17268
2026-05-12 18:21:00,1.17268,1.17279,1.17244,1.17261
2026-05-12 18:24:00,1.17261,1.17275,1.1721,1.17246
2026-05-12 18:27:00,1.17246,1.17254,1.17222,1.1724
2026-05-12 18:30:00,1.17244,1.1727,1.17232,1.17269
2026-05-12 18:33:00,1.17269,1.1731,1.17262,1.17292
2026-05-12 18:36:00,1.17292,1.17322,1.17288,1.17321
2026-05-12 18:39:00,1.1732,1.1732,1.17289,1.17299
2026-05-12 18:42:00,1.173,1.17317,1.17286,1.17313
2026-05-12 18:45:00,1.17314,1.17332,1.17293,1.17306
2026-05-12 18:48:00,1.17306,1.17322,1.17289,1.17299
2026-05-12 18:51:00,1.173,1.17317,1.17283,1.17311
2026-05-12 18:54:00,1.17311,1.17336,1.17307,1.17326
2026-05-12 18:57:00,1.17327,1.17336,1.17314,1.17325
2026-05-12 19:00:00,1.17325,1.17332,1.1730800000000001,1.17329
2026-05-12 19:03:00,1.17329,1.17349,1.17319,1.1733500000000001
2026-05-12 19:06:00,1.17334,1.17343,1.1732,1.1734
2026-05-12 19:09:00,1.1734,1.17351,1.17322,1.17336
2026-05-12 19:12:00,1.17336,1.17373,1.17321,1.1737
2026-05-12 19:15:00,1.1737,1.1738,1.1734499999999999,1.17378
2026-05-12 19:18:00,1.17376,1.17386,1.17353,1.17368
2026-05-12 19:21:00,1.17368,1.17374,1.17349,1.17364
2026-05-12 19:24:00,1.17364,1.17365,1.17346,1.17356
2026-05-12 19:27:00,1.17356,1.17365,1.17342,1.17359
2026-05-12 19:30:00,1.17359,1.17359,1.17331,1.17343
2026-05-12 19:33:00,1.17343,1.17348,1.17325,1.17342
2026-05-12 19:36:00,1.17342,1.17348,1.17324,1.17333
2026-05-12 19:39:00,1.17333,1.1734499999999999,1.17315,1.17332
2026-05-12 19:42:00,1.17332,1.17344,1.17309,1.17318
2026-05-12 19:45:00,1.17318,1.17319,1.17287,1.17288
2026-05-12 19:48:00,1.1729,1.17295,1.17279,1.17293
2026-05-12 19:51:00,1.17293,1.17309,1.1728,1.17285
2026-05-12 19:54:00,1.17285,1.17309,1.17277,1.17305
2026-05-12 19:57:00,1.17304,1.1730800000000001,1.17264,1.17283
2026-05-12 20:00:00,1.17283,1.1729,1.17262,1.1728399999999999
2026-05-12 20:03:00,1.1728399999999999,1.17323,1.17273,1.17321
2026-05-12 20:06:00,1.17321,1.17328,1.17302,1.1732
2026-05-12 20:09:00,1.1732,1.17321,1.17298,1.17307
2026-05-12 20:12:00,1.17307,1.1730800000000001,1.17283,1.17307
2026-05-12 20:15:00,1.17307,1.1732,1.17303,1.1731
2026-05-12 20:18:00,1.1731,1.17323,1.17293,1.17309
2026-05-12 20:21:00,1.17309,1.17315,1.17295,1.17314
2026-05-12 20:24:00,1.17314,1.17331,1.17303,1.17309
2026-05-12 20:27:00,1.17309,1.17312,1.17298,1.17305
2026-05-12 20:30:00,1.17303,1.17321,1.17299,1.1731
2026-05-12 20:33:00,1.17309,1.17316,1.17302,1.17312
2026-05-12 20:36:00,1.17312,1.17321,1.17305,1.1732
2026-05-12 20:39:00,1.1732,1.17324,1.17306,1.17313
2026-05-12 20:42:00,1.17312,1.17325,1.17298,1.17318
2026-05-12 20:45:00,1.17318,1.17321,1.17307,1.17315
2026-05-12 20:48:00,1.17315,1.17315,1.173,1.17307
2026-05-12 20:51:00,1.17307,1.17318,1.17296,1.17316
2026-05-12 20:54:00,1.17315,1.17336,1.17311,1.17329
2026-05-12 20:57:00,1.17329,1.1733500000000001,1.17319,1.17332
2026-05-12 21:00:00,1.17332,1.17349,1.173,1.17314
2026-05-12 21:03:00,1.17314,1.17316,1.17301,1.17313
2026-05-12 21:06:00,1.17314,1.17314,1.1728399999999999,1.17304
2026-05-12 21:09:00,1.17304,1.17324,1.17297,1.17305
2026-05-12 21:12:00,1.17305,1.1732,1.17295,1.1732
2026-05-12 21:15:00,1.1732,1.17326,1.1730800000000001,1.17324
2026-05-12 21:18:00,1.17324,1.1734499999999999,1.17319,1.17337
2026-05-12 21:21:00,1.17336,1.17346,1.17324,1.17339
2026-05-12 21:24:00,1.17339,1.1734499999999999,1.17328,1.17344
2026-05-12 21:27:00,1.17344,1.17371,1.1733500000000001,1.17358
2026-05-12 21:30:00,1.17359,1.17382,1.17354,1.17379
2026-05-12 21:33:00,1.1738,1.17381,1.17361,1.17378
2026-05-12 21:36:00,1.17378,1.17386,1.17365,1.17372
2026-05-12 21:39:00,1.17372,1.17385,1.17367,1.17377
2026-05-12 21:42:00,1.17377,1.17389,1.17366,1.17386
2026-05-12 21:45:00,1.17386,1.17386,1.1736,1.17373
2026-05-12 21:48:00,1.17373,1.17385,1.17365,1.17384
2026-05-12 21:51:00,1.17384,1.17397,1.17379,1.1739
2026-05-12 21:54:00,1.1739,1.17409,1.17386,1.17405
2026-05-12 21:57:00,1.17405,1.1741,1.17389,1.17404
2026-05-12 22:00:00,1.17404,1.17425,1.17404,1.1741
2026-05-12 22:03:00,1.17411,1.17414,1.17395,1.17404
2026-05-12 22:06:00,1.17404,1.17414,1.17399,1.17414
2026-05-12 22:09:00,1.17414,1.1743000000000001,1.17411,1.17429
2026-05-12 22:12:00,1.17429,1.17446,1.17421,1.17434
2026-05-12 22:15:00,1.17436,1.17443,1.17422,1.17433
2026-05-12 22:18:00,1.17433,1.17435,1.1741,1.17413
2026-05-12 22:21:00,1.17413,1.17418,1.17405,1.1741
2026-05-12 22:24:00,1.1741,1.17431,1.17409,1.17427
2026-05-12 22:27:00,1.17427,1.17432,1.17418,1.17423
2026-05-12 22:30:00,1.17423,1.17446,1.1742,1.17444
2026-05-12 22:33:00,1.17444,1.17463,1.17433,1.17459
2026-05-12 22:36:00,1.17459,1.17468,1.17448,1.17458
2026-05-12 22:39:00,1.17458,1.17458,1.17432,1.1743999999999999
2026-05-12 22:42:00,1.17439,1.17447,1.17419,1.17429
2026-05-12 22:45:00,1.17429,1.17429,1.1740599999999999,1.17418
2026-05-12 22:48:00,1.17418,1.17433,1.17412,1.17429
2026-05-12 22:51:00,1.17429,1.17435,1.17414,1.1743000000000001
2026-05-12 22:54:00,1.1743000000000001,1.17431,1.17417,1.17417
2026-05-12 22:57:00,1.17417,1.1742,1.17393,1.17401
2026-05-12 23:00:00,1.174,1.17407,1.17385,1.17399
2026-05-12 23:03:00,1.17399,1.17404,1.17391,1.17392
2026-05-12 23:06:00,1.17392,1.17393,1.17377,1.17378
2026-05-12 23:09:00,1.17378,1.1739,1.17377,1.17382
2026-05-12 23:12:00,1.17382,1.17389,1.17376,1.17389
2026-05-12 23:15:00,1.17389,1.17397,1.17385,1.17389
2026-05-12 23:18:00,1.17389,1.17394,1.1738,1.1739
2026-05-12 23:21:00,1.1739,1.17391,1.17381,1.17388
2026-05-12 23:24:00,1.17388,1.17389,1.17377,1.17386
2026-05-12 23:27:00,1.17386,1.17388,1.17385,1.17386
2026-05-12 23:30:00,1.17387,1.17389,1.17378,1.17378
2026-05-12 23:33:00,1.17378,1.17384,1.17376,1.17384
2026-05-12 23:36:00,1.17384,1.17388,1.17376,1.17382
2026-05-12 23:39:00,1.17382,1.17384,1.17374,1.17381
2026-05-12 23:42:00,1.17381,1.17387,1.17373,1.1738
2026-05-12 23:45:00,1.1738,1.17382,1.17376,1.17381
2026-05-12 23:48:00,1.17381,1.17388,1.17381,1.17387
2026-05-12 23:51:00,1.17387,1.17398,1.17386,1.17397
2026-05-12 23:54:00,1.17397,1.17402,1.17388,1.17389
2026-05-12 23:57:00,1.17389,1.17407,1.17386,1.17397
2026-05-13 00:00:00,1.17366,1.17366,1.1733,1.17358
2026-05-13 00:03:00,1.17358,1.17358,1.1735,1.17353
2026-05-13 00:06:00,1.17353,1.17362,1.17343,1.17344
2026-05-13 00:09:00,1.17351,1.17368,1.1735,1.1735
2026-05-13 00:12:00,1.17348,1.17361,1.17348,1.17355
2026-05-13 00:15:00,1.17355,1.17358,1.17348,1.17352
2026-05-13 00:18:00,1.17356,1.17364,1.17354,1.17364
2026-05-13 00:21:00,1.17364,1.17387,1.17363,1.17381
2026-05-13 00:24:00,1.17381,1.17401,1.17366,1.17366
2026-05-13 00:27:00,1.17366,1.17366,1.17356,1.1736
2026-05-13 00:30:00,1.1736,1.17365,1.17355,1.17355
2026-05-13 00:33:00,1.17355,1.1736900000000001,1.17355,1.1736
2026-05-13 00:36:00,1.1736,1.1736900000000001,1.1736,1.17366
2026-05-13 00:39:00,1.17366,1.17374,1.17366,1.17374
2026-05-13 00:42:00,1.17374,1.17374,1.17373,1.17374
2026-05-13 00:45:00,1.17374,1.17387,1.17365,1.17387
2026-05-13 00:48:00,1.17387,1.17395,1.17384,1.17393
2026-05-13 00:51:00,1.17393,1.17402,1.17393,1.17401
2026-05-13 00:54:00,1.17401,1.17401,1.1738,1.1738
2026-05-13 00:57:00,1.1738,1.17384,1.17366,1.17366
2026-05-13 01:00:00,1.17366,1.17399,1.17366,1.17387
2026-05-13 01:03:00,1.17387,1.17397,1.17385,1.17397
2026-05-13 01:06:00,1.17397,1.17397,1.1738,1.17382
2026-05-13 01:09:00,1.17382,1.17382,1.17366,1.17376
2026-05-13 01:12:00,1.17376,1.17377,1.17364,1.1737
2026-05-13 01:15:00,1.1737,1.1739,1.1737,1.17382
2026-05-13 01:18:00,1.17382,1.17389,1.1738,1.17387
2026-05-13 01:21:00,1.17387,1.17392,1.17386,1.1739
2026-05-13 01:24:00,1.1739,1.1739,1.17386,1.17386
2026-05-13 01:27:00,1.17386,1.17389,1.17385,1.17388
2026-05-13 01:30:00,1.17388,1.17391,1.17386,1.1739
2026-05-13 01:33:00,1.1739,1.17394,1.17387,1.17389
2026-05-13 01:36:00,1.17389,1.17389,1.17384,1.17387
2026-05-13 01:39:00,1.17387,1.17391,1.17383,1.17388
2026-05-13 01:42:00,1.17388,1.17392,1.17379,1.17387
2026-05-13 01:45:00,1.17387,1.17389,1.17383,1.17388
2026-05-13 01:48:00,1.17388,1.17394,1.17383,1.1739
2026-05-13 01:51:00,1.1739,1.17398,1.1739,1.17398
2026-05-13 01:54:00,1.17398,1.17399,1.17393,1.17393
2026-05-13 01:57:00,1.17393,1.17393,1.1739,1.1739
2026-05-13 02:00:00,1.1739,1.17393,1.1739,1.17392
2026-05-13 02:03:00,1.17392,1.174,1.17392,1.17399
2026-05-13 02:06:00,1.17399,1.17411,1.17398,1.17403
2026-05-13 02:09:00,1.17403,1.17403,1.17385,1.1739
2026-05-13 02:12:00,1.17389,1.17393,1.17383,1.17386
2026-05-13 02:15:00,1.17386,1.17387,1.17383,1.17383
2026-05-13 02:18:00,1.17383,1.17385,1.17379,1.17383
2026-05-13 02:21:00,1.17383,1.17383,1.17371,1.17374
2026-05-13 02:24:00,1.17374,1.17383,1.17373,1.17379
2026-05-13 02:27:00,1.17378,1.17389,1.17378,1.17384
2026-05-13 02:30:00,1.17384,1.17388,1.17384,1.17387
2026-05-13 02:33:00,1.17387,1.17389,1.17375,1.17384
2026-05-13 02:36:00,1.17384,1.17384,1.17366,1.17384
2026-05-13 02:39:00,1.17384,1.17384,1.17368,1.1736900000000001
2026-05-13 02:42:00,1.1737,1.17371,1.17362,1.17367
2026-05-13 02:45:00,1.17367,1.1737,1.17357,1.1736900000000001
2026-05-13 02:48:00,1.1736900000000001,1.17379,1.17366,1.17372
2026-05-13 02:51:00,1.17372,1.17375,1.17365,1.1736900000000001
2026-05-13 02:54:00,1.17368,1.1736900000000001,1.17343,1.17354
2026-05-13 02:57:00,1.17354,1.17355,1.17338,1.17349
2026-05-13 03:00:00,1.1735,1.17361,1.17318,1.17344
2026-05-13 03:03:00,1.17344,1.1738,1.17336,1.1737
2026-05-13 03:06:00,1.1737,1.17378,1.17352,1.17362
2026-05-13 03:09:00,1.17362,1.17365,1.17343,1.1734499999999999
2026-05-13 03:12:00,1.1734499999999999,1.1734499999999999,1.17329,1.17333
2026-05-13 03:15:00,1.17334,1.17349,1.1733,1.17334
2026-05-13 03:18:00,1.1733500000000001,1.17373,1.17334,1.17362
2026-05-13 03:21:00,1.17362,1.17371,1.17353,1.17365
2026-05-13 03:24:00,1.17364,1.17364,1.1735,1.17355
2026-05-13 03:27:00,1.17355,1.17357,1.1733500000000001,1.17353
2026-05-13 03:30:00,1.17353,1.17359,1.1733500000000001,1.17341
2026-05-13 03:33:00,1.17341,1.17348,1.17329,1.17343
2026-05-13 03:36:00,1.17343,1.17351,1.17332,1.1735
2026-05-13 03:39:00,1.1735,1.17366,1.17346,1.1736
2026-05-13 03:42:00,1.1736,1.1736,1.17342,1.17358
2026-05-13 03:45:00,1.17358,1.17359,1.17337,1.17343
2026-05-13 03:48:00,1.17343,1.1734499999999999,1.17331,1.17339
2026-05-13 03:51:00,1.17339,1.17346,1.17336,1.17339
2026-05-13 03:54:00,1.17339,1.17363,1.17329,1.17362
2026-05-13 03:57:00,1.17361,1.17385,1.17357,1.1738
2026-05-13 04:00:00,1.1738,1.17388,1.1736,1.1736
2026-05-13 04:03:00,1.1736,1.17373,1.17356,1.17358
2026-05-13 04:06:00,1.17358,1.17359,1.1734,1.17354
2026-05-13 04:09:00,1.17354,1.17358,1.17338,1.17355
2026-05-13 04:12:00,1.17355,1.17355,1.17337,1.17339
2026-05-13 04:15:00,1.17339,1.17339,1.17318,1.17323
2026-05-13 04:18:00,1.17323,1.17331,1.17306,1.17328
2026-05-13 04:21:00,1.17329,1.1735,1.17328,1.17347
2026-05-13 04:24:00,1.17347,1.17384,1.17346,1.17362
2026-05-13 04:27:00,1.17362,1.17373,1.17352,1.17372
2026-05-13 04:30:00,1.17372,1.17385,1.1736,1.1737
2026-05-13 04:33:00,1.1737,1.17379,1.17359,1.17372
2026-05-13 04:36:00,1.17372,1.17387,1.17365,1.17385
2026-05-13 04:39:00,1.17386,1.17392,1.1736900000000001,1.17378
2026-05-13 04:42:00,1.17378,1.17384,1.17367,1.17378
2026-05-13 04:45:00,1.17378,1.17385,1.17367,1.17385
2026-05-13 04:48:00,1.17385,1.17417,1.17385,1.17411
2026-05-13 04:51:00,1.1741,1.17415,1.17397,1.17408
2026-05-13 04:54:00,1.17408,1.17409,1.17387,1.17389
2026-05-13 04:57:00,1.17389,1.1739,1.17377,1.17387
2026-05-13 05:00:00,1.17387,1.17398,1.17379,1.1739600000000001
2026-05-13 05:03:00,1.1739600000000001,1.17417,1.1739600000000001,1.17404
2026-05-13 05:06:00,1.17411,1.17416,1.17382,1.17394
2026-05-13 05:09:00,1.17394,1.1739600000000001,1.17383,1.17385
2026-05-13 05:12:00,1.17385,1.17389,1.17368,1.17377
2026-05-13 05:15:00,1.17376,1.17382,1.17367,1.17374
2026-05-13 05:18:00,1.17374,1.17377,1.17359,1.17372
2026-05-13 05:21:00,1.17372,1.17378,1.17363,1.17375
2026-05-13 05:24:00,1.17375,1.17377,1.17365,1.17377
2026-05-13 05:27:00,1.17377,1.17381,1.17372,1.17379
2026-05-13 05:30:00,1.17379,1.17382,1.17363,1.17372
2026-05-13 05:33:00,1.17373,1.17378,1.17362,1.17376
2026-05-13 05:36:00,1.17376,1.17376,1.17364,1.17375
2026-05-13 05:39:00,1.17372,1.17374,1.17363,1.1737
2026-05-13 05:42:00,1.1737,1.1737,1.17363,1.17367
2026-05-13 05:45:00,1.17367,1.17371,1.17358,1.17371
2026-05-13 05:48:00,1.17372,1.17382,1.17365,1.17375
2026-05-13 05:51:00,1.17375,1.17377,1.17363,1.17368
2026-05-13 05:54:00,1.17368,1.17388,1.17365,1.1738
2026-05-13 05:57:00,1.1738,1.17381,1.17364,1.1737
2026-05-13 06:00:00,1.1737,1.17376,1.17356,1.17365
2026-05-13 06:03:00,1.17365,1.17366,1.17332,1.17352
2026-05-13 06:06:00,1.17352,1.17352,1.17324,1.17326
2026-05-13 06:09:00,1.17326,1.17354,1.17316,1.1733500000000001
2026-05-13 06:12:00,1.17332,1.17344,1.17327,1.1733500000000001
2026-05-13 06:15:00,1.1733500000000001,1.1735,1.1733500000000001,1.1734
2026-05-13 06:18:00,1.1734,1.1734499999999999,1.17336,1.17336
2026-05-13 06:21:00,1.17336,1.17347,1.1733500000000001,1.1734499999999999
2026-05-13 06:24:00,1.1734499999999999,1.17354,1.17337,1.17349
2026-05-13 06:27:00,1.17348,1.17358,1.17339,1.17351
2026-05-13 06:30:00,1.17351,1.17367,1.17351,1.17363
2026-05-13 06:33:00,1.17363,1.17378,1.17361,1.17374
2026-05-13 06:36:00,1.17374,1.17376,1.17362,1.17364
2026-05-13 06:39:00,1.17364,1.17364,1.17342,1.17354
2026-05-13 06:42:00,1.17354,1.17364,1.1735,1.1736
2026-05-13 06:45:00,1.1736,1.17366,1.17352,1.17359
2026-05-13 06:48:00,1.17359,1.17361,1.17343,1.17349
2026-05-13 06:51:00,1.17349,1.17354,1.17337,1.17352
2026-05-13 06:54:00,1.17352,1.17365,1.17344,1.17348
2026-05-13 06:57:00,1.17348,1.1735,1.17332,1.17344
2026-05-13 07:00:00,1.17344,1.17351,1.17334,1.1735
2026-05-13 07:03:00,1.1735,1.1735,1.17331,1.1734499999999999
2026-05-13 07:06:00,1.1734499999999999,1.1735,1.17336,1.17341
2026-05-13 07:09:00,1.17341,1.1735,1.17334,1.17348
2026-05-13 07:12:00,1.17348,1.17349,1.1733500000000001,1.1733500000000001
2026-05-13 07:15:00,1.17339,1.17351,1.17339,1.17344
2026-05-13 07:18:00,1.17344,1.17346,1.17333,1.17342
2026-05-13 07:21:00,1.17342,1.17351,1.17338,1.17351
2026-05-13 07:24:00,1.17351,1.17351,1.17333,1.17342
2026-05-13 07:27:00,1.17342,1.17344,1.17325,1.17337
2026-05-13 07:30:00,1.17337,1.17342,1.17329,1.17337
2026-05-13 07:33:00,1.17337,1.17337,1.17318,1.17326
2026-05-13 07:36:00,1.17326,1.1733500000000001,1.17315,1.17327
2026-05-13 07:39:00,1.17327,1.1733500000000001,1.17313,1.17318
2026-05-13 07:42:00,1.17324,1.17337,1.17313,1.17334
2026-05-13 07:45:00,1.17334,1.1734,1.17323,1.17336
2026-05-13 07:48:00,1.17336,1.1734499999999999,1.17331,1.17341
2026-05-13 07:51:00,1.17341,1.17343,1.17331,1.1734
2026-05-13 07:54:00,1.1734,1.17346,1.17332,1.17341
2026-05-13 07:57:00,1.17341,1.17346,1.17331,1.17344
2026-05-13 08:00:00,1.17344,1.17355,1.17333,1.17354
2026-05-13 08:03:00,1.17354,1.17364,1.17346,1.17358
2026-05-13 08:06:00,1.17358,1.1736,1.17347,1.1735
2026-05-13 08:09:00,1.1735,1.1736,1.17343,1.17356
2026-05-13 08:12:00,1.17356,1.17363,1.17349,1.1735
2026-05-13 08:15:00,1.1735,1.17353,1.17334,1.17344
2026-05-13 08:18:00,1.17344,1.17354,1.1733500000000001,1.17353
2026-05-13 08:21:00,1.17353,1.17368,1.17343,1.17366
2026-05-13 08:24:00,1.17366,1.1736900000000001,1.17349,1.17361
2026-05-13 08:27:00,1.1736,1.17368,1.17356,1.17363
2026-05-13 08:30:00,1.17364,1.17368,1.17351,1.17359
2026-05-13 08:33:00,1.17359,1.17361,1.17349,1.17349
2026-05-13 08:36:00,1.17349,1.17356,1.1734499999999999,1.17346
2026-05-13 08:39:00,1.17346,1.17355,1.17328,1.17333
2026-05-13 08:42:00,1.17333,1.17342,1.17327,1.17333
2026-05-13 08:45:00,1.17333,1.17352,1.17332,1.17348
2026-05-13 08:48:00,1.17348,1.17349,1.17331,1.17342
2026-05-13 08:51:00,1.17342,1.17342,1.1732,1.17331
2026-05-13 08:54:00,1.17331,1.1733500000000001,1.17319,1.17334
2026-05-13 08:57:00,1.1733500000000001,1.17341,1.17324,1.1734
2026-05-13 09:00:00,1.17339,1.17341,1.1731,1.17319
2026-05-13 09:03:00,1.17319,1.17342,1.17299,1.1734
2026-05-13 09:06:00,1.17339,1.1734,1.17306,1.17309
2026-05-13 09:09:00,1.17309,1.1731,1.17261,1.17269
2026-05-13 09:12:00,1.17269,1.17286,1.17269,1.1727
2026-05-13 09:15:00,1.1727,1.17279,1.17258,1.17275
2026-05-13 09:18:00,1.17275,1.17289,1.17248,1.17264
2026-05-13 09:21:00,1.17264,1.17265,1.17253,1.17259
2026-05-13 09:24:00,1.17259,1.1726,1.17243,1.17259
2026-05-13 09:27:00,1.17259,1.17271,1.17255,1.17265
2026-05-13 09:30:00,1.17265,1.17265,1.17241,1.17251
2026-05-13 09:33:00,1.1724999999999999,1.17259,1.17236,1.17253
2026-05-13 09:36:00,1.17253,1.17253,1.17222,1.17229
2026-05-13 09:39:00,1.17229,1.17237,1.17217,1.17237
2026-05-13 09:42:00,1.17237,1.17256,1.17235,1.17248
2026-05-13 09:45:00,1.17248,1.1724999999999999,1.1721300000000001,1.17227
2026-05-13 09:48:00,1.17227,1.17232,1.17208,1.17221
2026-05-13 09:51:00,1.17221,1.17221,1.17175,1.1719
2026-05-13 09:54:00,1.17191,1.172,1.17175,1.17183
2026-05-13 09:57:00,1.17183,1.17199,1.17174,1.17198
2026-05-13 10:00:00,1.17198,1.17225,1.17192,1.17218
2026-05-13 10:03:00,1.17218,1.17232,1.17208,1.17221
2026-05-13 10:06:00,1.17221,1.17224,1.17205,1.17208
2026-05-13 10:09:00,1.17208,1.1721300000000001,1.17165,1.17174
2026-05-13 10:12:00,1.17174,1.17194,1.17165,1.17181
2026-05-13 10:15:00,1.17181,1.17196,1.17175,1.17194
2026-05-13 10:18:00,1.17194,1.17194,1.17167,1.1718600000000001
2026-05-13 10:21:00,1.1718600000000001,1.17195,1.17171,1.17194
2026-05-13 10:24:00,1.17194,1.17196,1.17172,1.17182
2026-05-13 10:27:00,1.17182,1.1718899999999999,1.17169,1.17171
2026-05-13 10:30:00,1.17171,1.17173,1.17147,1.17163
2026-05-13 10:33:00,1.17166,1.17175,1.17147,1.17171
2026-05-13 10:36:00,1.17172,1.17172,1.17115,1.17122
2026-05-13 10:39:00,1.17122,1.17127,1.171,1.17111
2026-05-13 10:42:00,1.17111,1.17129,1.17102,1.17121
2026-05-13 10:45:00,1.1712500000000001,1.17147,1.1712,1.17139
2026-05-13 10:48:00,1.17139,1.17146,1.17123,1.1713
2026-05-13 10:51:00,1.1713,1.17142,1.17092,1.17104
2026-05-13 10:54:00,1.17104,1.17112,1.17077,1.1709100000000001
2026-05-13 10:57:00,1.17093,1.17094,1.17063,1.1707
2026-05-13 11:00:00,1.1707,1.17085,1.17055,1.17077
2026-05-13 11:03:00,1.17077,1.17077,1.17043,1.17064
2026-05-13 11:06:00,1.17064,1.17089,1.17058,1.17074
2026-05-13 11:09:00,1.17074,1.17096,1.17074,1.17093
2026-05-13 11:12:00,1.17093,1.17093,1.1707,1.17082
2026-05-13 11:15:00,1.17082,1.1710099999999999,1.17072,1.171
2026-05-13 11:18:00,1.171,1.17109,1.1709,1.17098
2026-05-13 11:21:00,1.17098,1.17116,1.17076,1.17105
2026-05-13 11:24:00,1.17105,1.17109,1.1709,1.17095
2026-05-13 11:27:00,1.17095,1.17107,1.17088,1.17106
2026-05-13 11:30:00,1.17106,1.17114,1.1709,1.17102
2026-05-13 11:33:00,1.17102,1.1711,1.17087,1.17092
2026-05-13 11:36:00,1.17092,1.1710099999999999,1.17076,1.17082
2026-05-13 11:39:00,1.17082,1.17084,1.1705,1.17062
2026-05-13 11:42:00,1.17062,1.1708,1.17054,1.17058
2026-05-13 11:45:00,1.17058,1.17065,1.17016,1.17029
2026-05-13 11:48:00,1.17029,1.17029,1.17001,1.17019
2026-05-13 11:51:00,1.17019,1.17022,1.17001,1.17013
2026-05-13 11:54:00,1.17013,1.17044,1.17009,1.17017
2026-05-13 11:57:00,1.17017,1.17037,1.17004,1.1703000000000001
2026-05-13 12:00:00,1.1703000000000001,1.17043,1.17014,1.1703000000000001
2026-05-13 12:03:00,1.17029,1.17037,1.17017,1.17032
2026-05-13 12:06:00,1.17032,1.17037,1.17023,1.17027
2026-05-13 12:09:00,1.17027,1.17029,1.16995,1.17002
2026-05-13 12:12:00,1.17002,1.17011,1.16988,1.17
2026-05-13 12:15:00,1.17,1.17012,1.16973,1.16973
2026-05-13 12:18:00,1.16973,1.1698,1.16948,1.1697
2026-05-13 12:21:00,1.1697,1.16981,1.16955,1.16977
2026-05-13 12:24:00,1.16977,1.16977,1.1695,1.16963
2026-05-13 12:27:00,1.16963,1.1696900000000001,1.1695,1.16957
2026-05-13 12:30:00,1.16957,1.17013,1.16951,1.1700599999999999
2026-05-13 12:33:00,1.1700599999999999,1.17011,1.1696900000000001,1.1697899999999999
2026-05-13 12:36:00,1.1697899999999999,1.16991,1.16973,1.16988
2026-05-13 12:39:00,1.16988,1.16998,1.16973,1.16978
2026-05-13 12:42:00,1.16978,1.16999,1.16975,1.16996
2026-05-13 12:45:00,1.16996,1.1700599999999999,1.16988,1.16997
2026-05-13 12:48:00,1.16997,1.17032,1.16986,1.17025
2026-05-13 12:51:00,1.17025,1.17038,1.17019,1.17037
2026-05-13 12:54:00,1.17037,1.17053,1.17027,1.17038
2026-05-13 12:57:00,1.17037,1.1706699999999999,1.17031,1.1706
2026-05-13 13:00:00,1.17061,1.17066,1.17043,1.17062
2026-05-13 13:03:00,1.17062,1.17066,1.17027,1.17044
2026-05-13 13:06:00,1.17044,1.17062,1.17035,1.17057
2026-05-13 13:09:00,1.17058,1.17064,1.17018,1.17034
2026-05-13 13:12:00,1.17034,1.17057,1.17018,1.17049
2026-05-13 13:15:00,1.17049,1.17051,1.1702,1.17043
2026-05-13 13:18:00,1.17043,1.1706,1.17026,1.17058
2026-05-13 13:21:00,1.17057,1.1707,1.17041,1.1705
2026-05-13 13:24:00,1.17051,1.17062,1.17034,1.17034
2026-05-13 13:27:00,1.17034,1.17058,1.17027,1.17051
2026-05-13 13:30:00,1.17051,1.17062,1.17042,1.17055
2026-05-13 13:33:00,1.17055,1.1706699999999999,1.17049,1.17061
2026-05-13 13:36:00,1.17061,1.17063,1.17046,1.17057
2026-05-13 13:39:00,1.17057,1.17088,1.17053,1.17088
2026-05-13 13:42:00,1.17087,1.17098,1.17079,1.17087
2026-05-13 13:45:00,1.17087,1.17112,1.17078,1.17111
2026-05-13 13:48:00,1.1711,1.17141,1.17104,1.17136
2026-05-13 13:51:00,1.17136,1.17144,1.17123,1.17133
2026-05-13 13:54:00,1.17132,1.17134,1.17116,1.17124
2026-05-13 13:57:00,1.17124,1.1712799999999999,1.17109,1.17126
2026-05-13 14:00:00,1.17126,1.17137,1.17119,1.1713
2026-05-13 14:03:00,1.1713,1.17135,1.17111,1.17122
2026-05-13 14:06:00,1.17121,1.17129,1.17106,1.17126
2026-05-13 14:09:00,1.17126,1.17131,1.17119,1.17131
2026-05-13 14:12:00,1.17131,1.1715200000000001,1.17124,1.17141
2026-05-13 14:15:00,1.17141,1.1715,1.17126,1.17133
2026-05-13 14:18:00,1.17129,1.17141,1.17116,1.17137
2026-05-13 14:21:00,1.17137,1.1714,1.1712799999999999,1.17133
2026-05-13 14:24:00,1.17133,1.17137,1.1712,1.1712
2026-05-13 14:27:00,1.17129,1.17138,1.17122,1.17134
2026-05-13 14:30:00,1.17134,1.17161,1.1713,1.17144
2026-05-13 14:33:00,1.17144,1.17168,1.17135,1.17167
2026-05-13 14:36:00,1.17166,1.17171,1.17157,1.17161
2026-05-13 14:39:00,1.17161,1.17172,1.17151,1.17151
2026-05-13 14:42:00,1.17161,1.1717,1.1715200000000001,1.17168
2026-05-13 14:45:00,1.17168,1.17171,1.1712799999999999,1.17131
2026-05-13 14:48:00,1.17131,1.17149,1.17119,1.17142
2026-05-13 14:51:00,1.17142,1.1715200000000001,1.17133,1.1715
2026-05-13 14:54:00,1.1715,1.17153,1.17131,1.17137
2026-05-13 14:57:00,1.17136,1.17136,1.17112,1.17121
2026-05-13 15:00:00,1.17121,1.17141,1.17118,1.17135
2026-05-13 15:03:00,1.17135,1.17161,1.1712500000000001,1.1714
2026-05-13 15:06:00,1.1714,1.17151,1.17134,1.17148
2026-05-13 15:09:00,1.17148,1.1715200000000001,1.17133,1.17141
2026-05-13 15:12:00,1.17141,1.17141,1.17116,1.17123
2026-05-13 15:15:00,1.17124,1.17124,1.17066,1.17077
2026-05-13 15:18:00,1.17077,1.17095,1.17066,1.17075
2026-05-13 15:21:00,1.17075,1.17075,1.17055,1.17069
2026-05-13 15:24:00,1.17069,1.17069,1.17031,1.1703999999999999
2026-05-13 15:27:00,1.17044,1.17059,1.17031,1.17036
2026-05-13 15:30:00,1.17035,1.17036,1.16971,1.17025
2026-05-13 15:33:00,1.1703000000000001,1.17106,1.17022,1.17079
2026-05-13 15:36:00,1.17079,1.17082,1.17037,1.17053
2026-05-13 15:39:00,1.17053,1.17072,1.17038,1.17064
2026-05-13 15:42:00,1.17064,1.17066,1.17027,1.17051
2026-05-13 15:45:00,1.17052,1.17055,1.17025,1.17039
2026-05-13 15:48:00,1.17039,1.1703999999999999,1.17005,1.17022
2026-05-13 15:51:00,1.17022,1.17031,1.16999,1.17001
2026-05-13 15:54:00,1.17001,1.17008,1.16972,1.17005
2026-05-13 15:57:00,1.17,1.17019,1.16994,1.17017
2026-05-13 16:00:00,1.17017,1.17055,1.17017,1.17037
2026-05-13 16:03:00,1.17037,1.17048,1.17014,1.17042
2026-05-13 16:06:00,1.17042,1.17048,1.17019,1.17032
2026-05-13 16:09:00,1.17032,1.1705,1.17018,1.1703000000000001
2026-05-13 16:12:00,1.1703000000000001,1.17039,1.17016,1.17037
2026-05-13 16:15:00,1.17037,1.17037,1.17,1.17023
2026-05-13 16:18:00,1.17023,1.17039,1.17013,1.17035
2026-05-13 16:21:00,1.17035,1.17036,1.17013,1.17018
2026-05-13 16:24:00,1.17018,1.17045,1.17013,1.17044
2026-05-13 16:27:00,1.17044,1.17045,1.17007,1.17034
2026-05-13 16:30:00,1.17034,1.17089,1.17027,1.17064
2026-05-13 16:33:00,1.17064,1.17072,1.17048,1.17061
2026-05-13 16:36:00,1.17061,1.17061,1.17032,1.17052
2026-05-13 16:39:00,1.17049,1.17066,1.17039,1.17046
2026-05-13 16:42:00,1.17046,1.1709100000000001,1.17041,1.1709
2026-05-13 16:45:00,1.1709,1.1712,1.17073,1.17086
2026-05-13 16:48:00,1.17086,1.17097,1.17058,1.17088
2026-05-13 16:51:00,1.17088,1.17119,1.17083,1.17117
2026-05-13 16:54:00,1.17116,1.17122,1.17093,1.171
2026-05-13 16:57:00,1.171,1.17118,1.17097,1.1710099999999999
2026-05-13 17:00:00,1.1710099999999999,1.17108,1.17063,1.17086
2026-05-13 17:03:00,1.17086,1.17117,1.17079,1.17097
2026-05-13 17:06:00,1.17097,1.1712500000000001,1.17097,1.17113
2026-05-13 17:09:00,1.17113,1.17119,1.17094,1.171
2026-05-13 17:12:00,1.171,1.17111,1.17085,1.17104
2026-05-13 17:15:00,1.17105,1.17108,1.17051,1.17058
2026-05-13 17:18:00,1.17058,1.17074,1.17046,1.17074
2026-05-13 17:21:00,1.17074,1.17099,1.17065,1.17095
2026-05-13 17:24:00,1.17095,1.17112,1.1708,1.17099
2026-05-13 17:27:00,1.17098,1.17105,1.17084,1.17102
2026-05-13 17:30:00,1.17102,1.17103,1.17079,1.17099
2026-05-13 17:33:00,1.17099,1.17116,1.17078,1.17078
2026-05-13 17:36:00,1.17079,1.17087,1.17055,1.17065
2026-05-13 17:39:00,1.17064,1.17087,1.17057,1.17059
2026-05-13 17:42:00,1.17059,1.17071,1.17053,1.17057
2026-05-13 17:45:00,1.17059,1.17063,1.17029,1.17045
2026-05-13 17:48:00,1.17045,1.17056,1.17021,1.17051
2026-05-13 17:51:00,1.17051,1.17102,1.17039,1.17087
2026-05-13 17:54:00,1.17087,1.17093,1.1706,1.17078
2026-05-13 17:57:00,1.17077,1.17088,1.17065,1.17076
2026-05-13 18:00:00,1.17076,1.1711,1.17074,1.17104
2026-05-13 18:03:00,1.17104,1.17111,1.17077,1.17077
2026-05-13 18:06:00,1.1709,1.1710099999999999,1.17079,1.17096
2026-05-13 18:09:00,1.17096,1.17116,1.17083,1.1709
2026-05-13 18:12:00,1.1709,1.17097,1.17074,1.17086
2026-05-13 18:15:00,1.17086,1.17106,1.1708,1.17095
2026-05-13 18:18:00,1.17095,1.17097,1.1707,1.17096
2026-05-13 18:21:00,1.17096,1.17106,1.17087,1.17096
2026-05-13 18:24:00,1.17099,1.17133,1.17089,1.17126
2026-05-13 18:27:00,1.17126,1.1712799999999999,1.17099,1.17109
2026-05-13 18:30:00,1.17109,1.17135,1.17084,1.1712
2026-05-13 18:33:00,1.1712,1.17145,1.17118,1.1714
2026-05-13 18:36:00,1.1714,1.17155,1.17123,1.17135
2026-05-13 18:39:00,1.17134,1.1716199999999999,1.17127,1.17135
2026-05-13 18:42:00,1.17135,1.17157,1.17135,1.17146
2026-05-13 18:45:00,1.17146,1.17149,1.1713,1.1714
2026-05-13 18:48:00,1.1714,1.1714,1.17115,1.1713
2026-05-13 18:51:00,1.1713,1.1713,1.17109,1.17116
2026-05-13 18:54:00,1.17116,1.17127,1.171,1.1711
2026-05-13 18:57:00,1.1711,1.17122,1.17098,1.17109
2026-05-13 19:00:00,1.17109,1.17117,1.17094,1.17113
2026-05-13 19:03:00,1.17113,1.1712500000000001,1.17099,1.17109
2026-05-13 19:06:00,1.17109,1.17126,1.17105,1.1712
2026-05-13 19:09:00,1.1712,1.17131,1.17115,1.17121
2026-05-13 19:12:00,1.17121,1.1713,1.17103,1.1712
2026-05-13 19:15:00,1.1712,1.17124,1.1709100000000001,1.17109
2026-05-13 19:18:00,1.17109,1.1711,1.17094,1.17105
2026-05-13 19:21:00,1.17105,1.1714,1.171,1.17132
2026-05-13 19:24:00,1.17132,1.17171,1.17132,1.17154
2026-05-13 19:27:00,1.17154,1.17175,1.1715200000000001,1.17166
2026-05-13 19:30:00,1.17166,1.17179,1.17135,1.1714
2026-05-13 19:33:00,1.1714,1.1715,1.17124,1.17146
2026-05-13 19:36:00,1.17145,1.17156,1.1713,1.1713
2026-05-13 19:39:00,1.1713,1.17131,1.17103,1.17111
2026-05-13 19:42:00,1.17108,1.17119,1.171,1.1711
2026-05-13 19:45:00,1.17111,1.17129,1.17098,1.1712799999999999
2026-05-13 19:48:00,1.1712799999999999,1.1712799999999999,1.17097,1.171
2026-05-13 19:51:00,1.171,1.17107,1.17089,1.17094
2026-05-13 19:54:00,1.17094,1.171,1.17072,1.17085
2026-05-13 19:57:00,1.17085,1.17088,1.1707,1.17085
2026-05-13 20:00:00,1.17085,1.17094,1.17073,1.17083
2026-05-13 20:03:00,1.17083,1.171,1.17072,1.17089
2026-05-13 20:06:00,1.17098,1.17106,1.17086,1.17103
2026-05-13 20:09:00,1.17103,1.17106,1.1709,1.17093
2026-05-13 20:12:00,1.17093,1.17102,1.17092,1.17096
2026-05-13 20:15:00,1.17096,1.17104,1.17085,1.17103
2026-05-13 20:18:00,1.17103,1.17107,1.17098,1.1710099999999999
2026-05-13 20:21:00,1.1710099999999999,1.17106,1.17094,1.171
2026-05-13 20:24:00,1.171,1.17106,1.17096,1.17096
2026-05-13 20:27:00,1.17096,1.17105,1.17087,1.17094
2026-05-13 20:30:00,1.17095,1.17098,1.17081,1.17086
2026-05-13 20:33:00,1.17086,1.17097,1.17083,1.17088
2026-05-13 20:36:00,1.17088,1.17097,1.17083,1.17088
2026-05-13 20:39:00,1.17088,1.1709,1.1707,1.17081
2026-05-13 20:42:00,1.17081,1.17081,1.17061,1.17071
2026-05-13 20:45:00,1.17071,1.17081,1.17062,1.17069
2026-05-13 20:48:00,1.17069,1.17072,1.17045,1.17061
2026-05-13 20:51:00,1.17061,1.17072,1.17055,1.17062
2026-05-13 20:54:00,1.17061,1.17062,1.17041,1.17056
2026-05-13 20:57:00,1.17056,1.17057,1.17035,1.17042
2026-05-13 21:00:00,1.17042,1.17052,1.17028,1.1705
2026-05-13 21:03:00,1.1705,1.17071,1.17042,1.1706
2026-05-13 21:06:00,1.1706,1.17076,1.1706,1.1706699999999999
2026-05-13 21:09:00,1.1706699999999999,1.17072,1.17053,1.17056
2026-05-13 21:12:00,1.17056,1.1706,1.17053,1.17059
2026-05-13 21:15:00,1.17059,1.17072,1.1705,1.1705
2026-05-13 21:18:00,1.17052,1.17073,1.1705,1.17073
2026-05-13 21:21:00,1.17073,1.17077,1.17062,1.1706699999999999
2026-05-13 21:24:00,1.1706699999999999,1.1706699999999999,1.1705,1.17058
2026-05-13 21:27:00,1.17058,1.17072,1.17054,1.17066
2026-05-13 21:30:00,1.17066,1.1708,1.17056,1.17069
2026-05-13 21:33:00,1.17069,1.17075,1.17053,1.1706
2026-05-13 21:36:00,1.17062,1.17077,1.1706,1.17072
2026-05-13 21:39:00,1.17072,1.17092,1.17058,1.17089
2026-05-13 21:42:00,1.17089,1.17092,1.17077,1.17086
2026-05-13 21:45:00,1.17086,1.17088,1.17035,1.17044
2026-05-13 21:48:00,1.17044,1.17073,1.17042,1.17071
2026-05-13 21:51:00,1.17071,1.1708,1.17064,1.17078
2026-05-13 21:54:00,1.17079,1.17105,1.17073,1.1708
2026-05-13 21:57:00,1.1708,1.17087,1.17072,1.17073
2026-05-13 22:00:00,1.17077,1.17098,1.1706699999999999,1.17093
2026-05-13 22:03:00,1.17093,1.17095,1.17078,1.17086
2026-05-13 22:06:00,1.17086,1.17094,1.17076,1.17093
2026-05-13 22:09:00,1.17093,1.17096,1.17078,1.17082
2026-05-13 22:12:00,1.17082,1.17103,1.17076,1.17095
2026-05-13 22:15:00,1.17095,1.1710099999999999,1.17081,1.17093
2026-05-13 22:18:00,1.17093,1.17105,1.17092,1.17096
2026-05-13 22:21:00,1.17095,1.17102,1.17085,1.17089
2026-05-13 22:24:00,1.17089,1.1710099999999999,1.17089,1.17097
2026-05-13 22:27:00,1.17097,1.17111,1.17089,1.17111
2026-05-13 22:30:00,1.1711,1.1713,1.17097,1.17124
2026-05-13 22:33:00,1.17124,1.1712500000000001,1.17095,1.1710099999999999
2026-05-13 22:36:00,1.1710099999999999,1.17111,1.17096,1.17107
2026-05-13 22:39:00,1.17107,1.17107,1.17098,1.17102
2026-05-13 22:42:00,1.17102,1.17106,1.17095,1.17102
2026-05-13 22:45:00,1.17102,1.17115,1.17094,1.171
2026-05-13 22:48:00,1.171,1.17108,1.1709100000000001,1.17108
2026-05-13 22:51:00,1.17108,1.1711,1.17083,1.17083
2026-05-13 22:54:00,1.17087,1.1710099999999999,1.17087,1.17098
2026-05-13 22:57:00,1.17098,1.171,1.17084,1.17096
2026-05-13 23:00:00,1.17095,1.17103,1.17085,1.1709
2026-05-13 23:03:00,1.1709100000000001,1.17105,1.1708,1.17105
2026-05-13 23:06:00,1.17105,1.17121,1.17097,1.17117
2026-05-13 23:09:00,1.17117,1.17118,1.17102,1.17107
2026-05-13 23:12:00,1.17107,1.17121,1.17102,1.17117
2026-05-13 23:15:00,1.17117,1.1712500000000001,1.17109,1.1712
2026-05-13 23:18:00,1.1712,1.1712,1.17108,1.17111
2026-05-13 23:21:00,1.17117,1.1713,1.17112,1.17126
2026-05-13 23:24:00,1.17126,1.17131,1.17114,1.17122
2026-05-13 23:27:00,1.17122,1.17132,1.17113,1.17121
2026-05-13 23:30:00,1.17121,1.17127,1.17111,1.17111
2026-05-13 23:33:00,1.17111,1.17122,1.17108,1.17121
2026-05-13 23:36:00,1.17121,1.17127,1.17116,1.17126
2026-05-13 23:39:00,1.17126,1.17132,1.17121,1.1712799999999999
2026-05-13 23:42:00,1.1712799999999999,1.17133,1.1712500000000001,1.1713
2026-05-13 23:45:00,1.1713,1.17137,1.1712799999999999,1.17129
2026-05-13 23:48:00,1.17129,1.17135,1.1712799999999999,1.17134
2026-05-13 23:51:00,1.17134,1.17136,1.1713,1.17134
2026-05-13 23:54:00,1.17134,1.17135,1.1712799999999999,1.17135
2026-05-13 23:57:00,1.17135,1.1714,1.1713,1.17139
2026-05-14 00:00:00,1.1709,1.17096,1.17032,1.1705
2026-05-14 00:03:00,1.1705,1.17139,1.17047,1.17113
2026-05-14 00:06:00,1.17113,1.17143,1.17113,1.17132
2026-05-14 00:09:00,1.17132,1.17144,1.1712500000000001,1.17131
2026-05-14 00:12:00,1.17131,1.17156,1.17127,1.17156
2026-05-14 00:15:00,1.17156,1.17156,1.1713,1.17138
2026-05-14 00:18:00,1.17138,1.17147,1.17138,1.17138
2026-05-14 00:21:00,1.17138,1.17145,1.17137,1.17145
2026-05-14 00:24:00,1.17145,1.17145,1.17137,1.17137
2026-05-14 00:27:00,1.17137,1.17145,1.1712799999999999,1.17138
2026-05-14 00:30:00,1.17138,1.17146,1.17138,1.17144
2026-05-14 00:33:00,1.17144,1.17148,1.17137,1.17144
2026-05-14 00:36:00,1.17144,1.17148,1.17137,1.17146
2026-05-14 00:39:00,1.17146,1.17167,1.17146,1.17165
2026-05-14 00:42:00,1.17165,1.17165,1.17153,1.17155
2026-05-14 00:45:00,1.17155,1.17157,1.17149,1.17149
2026-05-14 00:48:00,1.17147,1.17153,1.17141,1.17148
2026-05-14 00:51:00,1.17148,1.17149,1.17137,1.17141
2026-05-14 00:54:00,1.17141,1.17149,1.17136,1.17147
2026-05-14 00:57:00,1.17142,1.17151,1.17135,1.17146
2026-05-14 01:00:00,1.17146,1.17167,1.17141,1.17167
2026-05-14 01:03:00,1.17167,1.17173,1.1716,1.17165
2026-05-14 01:06:00,1.17165,1.17171,1.1716199999999999,1.17166
2026-05-14 01:09:00,1.17166,1.17171,1.17158,1.17164
2026-05-14 01:12:00,1.17164,1.17175,1.17161,1.17163
2026-05-14 01:15:00,1.17167,1.17181,1.17163,1.1717
2026-05-14 01:18:00,1.1717,1.17177,1.17164,1.17166
2026-05-14 01:21:00,1.17166,1.17175,1.17164,1.17175
2026-05-14 01:24:00,1.17175,1.17176,1.17164,1.17171
2026-05-14 01:27:00,1.17171,1.17176,1.17171,1.17175
2026-05-14 01:30:00,1.17175,1.17185,1.17173,1.17181
2026-05-14 01:33:00,1.17181,1.17182,1.17169,1.1718
2026-05-14 01:36:00,1.1718,1.1718,1.17164,1.17176
2026-05-14 01:39:00,1.17176,1.17177,1.17172,1.17177
2026-05-14 01:42:00,1.17175,1.17183,1.17174,1.17181
2026-05-14 01:45:00,1.1718,1.17181,1.17164,1.17165
2026-05-14 01:48:00,1.17165,1.17171,1.17165,1.17168
2026-05-14 01:51:00,1.17168,1.17177,1.17161,1.17172
2026-05-14 01:54:00,1.17172,1.17177,1.1716,1.1717
2026-05-14 01:57:00,1.1717,1.17176,1.1716,1.17172
2026-05-14 02:00:00,1.17172,1.17181,1.17171,1.17176
2026-05-14 02:03:00,1.17176,1.17177,1.17169,1.17171
2026-05-14 02:06:00,1.17171,1.17173,1.17166,1.17172
2026-05-14 02:09:00,1.17172,1.17172,1.17155,1.17164
2026-05-14 02:12:00,1.17164,1.17172,1.17163,1.17167
2026-05-14 02:15:00,1.17167,1.17171,1.17165,1.17166
2026-05-14 02:18:00,1.17166,1.17167,1.17164,1.17166
2026-05-14 02:21:00,1.17166,1.17172,1.17159,1.17172
2026-05-14 02:24:00,1.17172,1.17177,1.17168,1.17168
2026-05-14 02:27:00,1.17168,1.17168,1.17157,1.17166
2026-05-14 02:30:00,1.17166,1.17166,1.1715200000000001,1.17158
2026-05-14 02:33:00,1.17158,1.17163,1.17146,1.1716199999999999
2026-05-14 02:36:00,1.1716199999999999,1.17163,1.17151,1.1716199999999999
2026-05-14 02:39:00,1.1716199999999999,1.1716199999999999,1.17157,1.17158
2026-05-14 02:42:00,1.17158,1.17158,1.17153,1.17157
2026-05-14 02:45:00,1.17157,1.1716199999999999,1.1715,1.17158
2026-05-14 02:48:00,1.17158,1.17159,1.17153,1.17158
2026-05-14 02:51:00,1.17158,1.1716199999999999,1.17144,1.1716199999999999
2026-05-14 02:54:00,1.1716199999999999,1.1716199999999999,1.1715200000000001,1.17156
2026-05-14 02:57:00,1.17156,1.17158,1.17146,1.17157
2026-05-14 03:00:00,1.17158,1.17178,1.1715,1.17169
2026-05-14 03:03:00,1.17169,1.17169,1.17136,1.17151
2026-05-14 03:06:00,1.17151,1.1716,1.17146,1.17159
2026-05-14 03:09:00,1.17159,1.17164,1.17146,1.17159
2026-05-14 03:12:00,1.17159,1.17178,1.17154,1.17177
2026-05-14 03:15:00,1.17177,1.17184,1.17169,1.17178
2026-05-14 03:18:00,1.17178,1.17178,1.17157,1.1716
2026-05-14 03:21:00,1.1716,1.17164,1.17143,1.17153
2026-05-14 03:24:00,1.17153,1.17159,1.17145,1.17153
2026-05-14 03:27:00,1.17153,1.17164,1.17153,1.17164
2026-05-14 03:30:00,1.17164,1.17177,1.1716,1.17163
2026-05-14 03:33:00,1.17163,1.17168,1.17153,1.1716
2026-05-14 03:36:00,1.17161,1.17164,1.17154,1.17158
2026-05-14 03:39:00,1.17158,1.17161,1.17151,1.17151
2026-05-14 03:42:00,1.17151,1.17163,1.17144,1.17157
2026-05-14 03:45:00,1.17157,1.1717,1.17156,1.17168
2026-05-14 03:48:00,1.17168,1.17168,1.1715200000000001,1.17157
2026-05-14 03:51:00,1.17158,1.17163,1.17153,1.17157
2026-05-14 03:54:00,1.17157,1.17173,1.17156,1.17168
2026-05-14 03:57:00,1.17168,1.17174,1.17161,1.1717
2026-05-14 04:00:00,1.1717,1.17173,1.17146,1.17153
2026-05-14 04:03:00,1.17153,1.17154,1.17139,1.17143
2026-05-14 04:06:00,1.17143,1.17168,1.17143,1.17156
2026-05-14 04:09:00,1.17156,1.17168,1.17156,1.17167
2026-05-14 04:12:00,1.17167,1.17172,1.17151,1.17154
2026-05-14 04:15:00,1.17154,1.1716199999999999,1.17147,1.17158
2026-05-14 04:18:00,1.17158,1.1716199999999999,1.17148,1.1716199999999999
2026-05-14 04:21:00,1.1716199999999999,1.17165,1.17159,1.17163
2026-05-14 04:24:00,1.17163,1.17165,1.1716,1.17164
2026-05-14 04:27:00,1.17164,1.17165,1.17157,1.1716
2026-05-14 04:30:00,1.1716,1.17163,1.1715,1.1716199999999999
2026-05-14 04:33:00,1.1716199999999999,1.1717,1.1715,1.1717
2026-05-14 04:36:00,1.1717,1.17174,1.1716,1.1717
2026-05-14 04:39:00,1.1717,1.17176,1.17165,1.17173
2026-05-14 04:42:00,1.17173,1.17174,1.1716199999999999,1.17169
2026-05-14 04:45:00,1.17168,1.17173,1.17159,1.17169
2026-05-14 04:48:00,1.17169,1.17172,1.17158,1.1716199999999999
2026-05-14 04:51:00,1.1716199999999999,1.1716199999999999,1.17139,1.17153
2026-05-14 04:54:00,1.17153,1.17155,1.17144,1.17148
2026-05-14 04:57:00,1.17148,1.1715200000000001,1.17119,1.17137
2026-05-14 05:00:00,1.17137,1.17147,1.17126,1.17147
2026-05-14 05:03:00,1.17147,1.17153,1.17135,1.1715
2026-05-14 05:06:00,1.1715,1.17151,1.17136,1.17143
2026-05-14 05:09:00,1.17143,1.17144,1.17132,1.17141
2026-05-14 05:12:00,1.17141,1.17141,1.17121,1.17132
2026-05-14 05:15:00,1.17132,1.17132,1.17115,1.17119
2026-05-14 05:18:00,1.17119,1.17127,1.17116,1.17126
2026-05-14 05:21:00,1.17126,1.17133,1.1712,1.17127
2026-05-14 05:24:00,1.17127,1.17132,1.17113,1.17131
2026-05-14 05:27:00,1.17131,1.17141,1.17129,1.17139
2026-05-14 05:30:00,1.17139,1.17143,1.17127,1.17137
2026-05-14 05:33:00,1.17137,1.17141,1.17129,1.17138
2026-05-14 05:36:00,1.17138,1.17143,1.1712799999999999,1.17137
2026-05-14 05:39:00,1.17136,1.17139,1.17127,1.1712799999999999
2026-05-14 05:42:00,1.1713,1.17138,1.17129,1.17138
2026-05-14 05:45:00,1.17138,1.17139,1.17119,1.17132
2026-05-14 05:48:00,1.17132,1.17137,1.17126,1.17133
2026-05-14 05:51:00,1.17133,1.17138,1.1712,1.17122
2026-05-14 05:54:00,1.17123,1.17129,1.17121,1.1712500000000001
2026-05-14 05:57:00,1.1712500000000001,1.17133,1.17112,1.17117
2026-05-14 06:00:00,1.17117,1.1713,1.17116,1.17121
2026-05-14 06:03:00,1.17121,1.17121,1.171,1.1711
2026-05-14 06:06:00,1.1711,1.17113,1.17098,1.1710099999999999
2026-05-14 06:09:00,1.1710099999999999,1.17113,1.1709,1.17108
2026-05-14 06:12:00,1.17109,1.17118,1.17106,1.17116
2026-05-14 06:15:00,1.17117,1.17127,1.17111,1.17117
2026-05-14 06:18:00,1.17117,1.1712500000000001,1.17114,1.17122
2026-05-14 06:21:00,1.17122,1.17126,1.17117,1.17122
2026-05-14 06:24:00,1.17121,1.17132,1.1712,1.17132
2026-05-14 06:27:00,1.17132,1.17145,1.17119,1.17141
2026-05-14 06:30:00,1.17141,1.17149,1.17133,1.17144
2026-05-14 06:33:00,1.17143,1.17149,1.17139,1.17145
2026-05-14 06:36:00,1.17145,1.17151,1.17136,1.17144
2026-05-14 06:39:00,1.17144,1.17144,1.17134,1.17142
2026-05-14 06:42:00,1.17142,1.17143,1.17132,1.1714
2026-05-14 06:45:00,1.1714,1.17149,1.17127,1.17137
2026-05-14 06:48:00,1.17136,1.17142,1.17127,1.17137
2026-05-14 06:51:00,1.17137,1.17143,1.1713,1.17141
2026-05-14 06:54:00,1.17141,1.17143,1.17134,1.17136
2026-05-14 06:57:00,1.17136,1.17139,1.17119,1.17122
2026-05-14 07:00:00,1.17122,1.17126,1.17109,1.17121
2026-05-14 07:03:00,1.17121,1.17166,1.17112,1.17137
2026-05-14 07:06:00,1.17137,1.17148,1.17134,1.1714
2026-05-14 07:09:00,1.1714,1.17154,1.1714,1.17148
2026-05-14 07:12:00,1.17148,1.1715200000000001,1.17134,1.17147
2026-05-14 07:15:00,1.17147,1.17157,1.17137,1.17147
2026-05-14 07:18:00,1.17147,1.17158,1.1714,1.17157
2026-05-14 07:21:00,1.17157,1.17161,1.17148,1.17157
2026-05-14 07:24:00,1.17157,1.17158,1.17144,1.17157
2026-05-14 07:27:00,1.17157,1.17158,1.17143,1.1715200000000001
2026-05-14 07:30:00,1.17143,1.17151,1.1714,1.17149
2026-05-14 07:33:00,1.17149,1.17151,1.17136,1.17148
2026-05-14 07:36:00,1.17148,1.1715200000000001,1.17136,1.1715200000000001
2026-05-14 07:39:00,1.1715200000000001,1.17156,1.17142,1.17153
2026-05-14 07:42:00,1.17153,1.17153,1.17136,1.17151
2026-05-14 07:45:00,1.17151,1.17167,1.1714,1.17164
2026-05-14 07:48:00,1.17164,1.17172,1.17157,1.17161
2026-05-14 07:51:00,1.17161,1.1716199999999999,1.17146,1.17159
2026-05-14 07:54:00,1.17159,1.17161,1.1714,1.17147
2026-05-14 07:57:00,1.17148,1.17148,1.17136,1.17144
2026-05-14 08:00:00,1.17144,1.17153,1.17129,1.17137
2026-05-14 08:03:00,1.17137,1.17144,1.17124,1.17132
2026-05-14 08:06:00,1.17131,1.17135,1.17115,1.1712500000000001
2026-05-14 08:09:00,1.17124,1.17131,1.17114,1.17127
2026-05-14 08:12:00,1.17127,1.17133,1.17117,1.17121
2026-05-14 08:15:00,1.17122,1.17129,1.17113,1.17127
2026-05-14 08:18:00,1.17127,1.17132,1.17117,1.17127
2026-05-14 08:21:00,1.17127,1.17136,1.17122,1.17133
2026-05-14 08:24:00,1.17133,1.17137,1.17122,1.17124
2026-05-14 08:27:00,1.17123,1.17133,1.17113,1.17132
2026-05-14 08:30:00,1.17132,1.17133,1.17121,1.1713
2026-05-14 08:33:00,1.17131,1.17136,1.17122,1.17129
2026-05-14 08:36:00,1.17132,1.17133,1.17114,1.1712
2026-05-14 08:39:00,1.17119,1.17129,1.17116,1.17118
2026-05-14 08:42:00,1.17119,1.1712799999999999,1.17116,1.1712799999999999
2026-05-14 08:45:00,1.1712799999999999,1.17144,1.17123,1.17144
2026-05-14 08:48:00,1.17144,1.1716,1.17133,1.1715
2026-05-14 08:51:00,1.1715,1.17158,1.17131,1.1715200000000001
2026-05-14 08:54:00,1.1715200000000001,1.1715200000000001,1.17111,1.17124
2026-05-14 08:57:00,1.17124,1.1712799999999999,1.171,1.17102
2026-05-14 09:00:00,1.1710099999999999,1.17122,1.17088,1.17099
2026-05-14 09:03:00,1.171,1.17119,1.171,1.17116
2026-05-14 09:06:00,1.17116,1.17118,1.17095,1.17098
2026-05-14 09:09:00,1.17097,1.17113,1.17074,1.17082
2026-05-14 09:12:00,1.17082,1.17082,1.17065,1.17076
2026-05-14 09:15:00,1.17076,1.17088,1.17065,1.17081
2026-05-14 09:18:00,1.17081,1.17112,1.1707,1.17112
2026-05-14 09:21:00,1.17112,1.17132,1.17105,1.1712799999999999
2026-05-14 09:24:00,1.1712799999999999,1.1714,1.17102,1.17138
2026-05-14 09:27:00,1.17138,1.17148,1.17122,1.17132
2026-05-14 09:30:00,1.17132,1.17135,1.17119,1.17129
2026-05-14 09:33:00,1.17129,1.17137,1.17117,1.1712799999999999
2026-05-14 09:36:00,1.1712799999999999,1.17129,1.17105,1.17119
2026-05-14 09:39:00,1.17119,1.17149,1.17119,1.17147
2026-05-14 09:42:00,1.17147,1.17155,1.17137,1.17148
2026-05-14 09:45:00,1.17148,1.1719,1.17141,1.17182
2026-05-14 09:48:00,1.17182,1.17205,1.17168,1.17172
2026-05-14 09:51:00,1.17179,1.17212,1.17164,1.17205
2026-05-14 09:54:00,1.17205,1.17214,1.17171,1.17175
2026-05-14 09:57:00,1.17175,1.1718899999999999,1.1717,1.17182
2026-05-14 10:00:00,1.17182,1.17182,1.1716199999999999,1.17172
2026-05-14 10:03:00,1.17175,1.17184,1.17166,1.17173
2026-05-14 10:06:00,1.17173,1.17184,1.17163,1.1718
2026-05-14 10:09:00,1.1718,1.17182,1.17154,1.17158
2026-05-14 10:12:00,1.17158,1.17159,1.1712,1.17134
2026-05-14 10:15:00,1.17134,1.17136,1.17098,1.17108
2026-05-14 10:18:00,1.17109,1.17112,1.17085,1.17098
2026-05-14 10:21:00,1.17098,1.17113,1.17094,1.17097
2026-05-14 10:24:00,1.17098,1.17118,1.17096,1.17113
2026-05-14 10:27:00,1.17113,1.17117,1.17103,1.17112
2026-05-14 10:30:00,1.17112,1.17135,1.17107,1.17123
2026-05-14 10:33:00,1.17127,1.17149,1.17127,1.17146
2026-05-14 10:36:00,1.17148,1.17158,1.17138,1.17151
2026-05-14 10:39:00,1.17151,1.17155,1.17136,1.1715
2026-05-14 10:42:00,1.17149,1.17161,1.17134,1.17137
2026-05-14 10:45:00,1.17137,1.17138,1.17124,1.17133
2026-05-14 10:48:00,1.17133,1.1714,1.17123,1.17129
2026-05-14 10:51:00,1.17131,1.17157,1.17122,1.1715200000000001
2026-05-14 10:54:00,1.1715200000000001,1.17155,1.17114,1.17118
2026-05-14 10:57:00,1.17118,1.17118,1.17053,1.17075
2026-05-14 11:00:00,1.17074,1.17099,1.17062,1.17085
2026-05-14 11:03:00,1.17086,1.17089,1.17042,1.17064
2026-05-14 11:06:00,1.17064,1.17083,1.1706,1.17083
2026-05-14 11:09:00,1.17083,1.17084,1.17061,1.17066
2026-05-14 11:12:00,1.17066,1.17093,1.17058,1.1706699999999999
2026-05-14 11:15:00,1.1706699999999999,1.17092,1.1706699999999999,1.17088
2026-05-14 11:18:00,1.17088,1.17107,1.17086,1.17104
2026-05-14 11:21:00,1.17104,1.17104,1.17088,1.17093
2026-05-14 11:24:00,1.1709100000000001,1.1711,1.1709100000000001,1.17103
2026-05-14 11:27:00,1.17102,1.1712799999999999,1.17097,1.17121
2026-05-14 11:30:00,1.17121,1.17138,1.17112,1.17122
2026-05-14 11:33:00,1.17122,1.17135,1.17105,1.1713
2026-05-14 11:36:00,1.1713,1.17134,1.17105,1.17107
2026-05-14 11:39:00,1.17107,1.17107,1.17086,1.17088
2026-05-14 11:42:00,1.17088,1.17102,1.17083,1.17095
2026-05-14 11:45:00,1.17086,1.1711,1.17084,1.17104
2026-05-14 11:48:00,1.17104,1.17106,1.17087,1.17093
2026-05-14 11:51:00,1.17093,1.17112,1.1709,1.17105
2026-05-14 11:54:00,1.17105,1.17113,1.171,1.17112
2026-05-14 11:57:00,1.17112,1.17119,1.17096,1.17109
2026-05-14 12:00:00,1.1711,1.17122,1.1709100000000001,1.17122
2026-05-14 12:03:00,1.17122,1.17123,1.17088,1.17093
2026-05-14 12:06:00,1.17093,1.17115,1.17089,1.17114
2026-05-14 12:09:00,1.17114,1.17132,1.171,1.17107
2026-05-14 12:12:00,1.17106,1.1712,1.17105,1.17112
2026-05-14 12:15:00,1.17112,1.17121,1.17097,1.17108
2026-05-14 12:18:00,1.17108,1.17126,1.1710099999999999,1.17122
2026-05-14 12:21:00,1.17122,1.17122,1.17089,1.17102
2026-05-14 12:24:00,1.17102,1.17103,1.17088,1.17096
2026-05-14 12:27:00,1.17097,1.17107,1.17093,1.17099
2026-05-14 12:30:00,1.17099,1.17105,1.17088,1.17093
2026-05-14 12:33:00,1.17093,1.1710099999999999,1.17071,1.17075
2026-05-14 12:36:00,1.17075,1.17078,1.17051,1.1706699999999999
2026-05-14 12:39:00,1.1706699999999999,1.17079,1.1706,1.17078
2026-05-14 12:42:00,1.17079,1.17088,1.17069,1.17088
2026-05-14 12:45:00,1.17088,1.17103,1.17081,1.17096
2026-05-14 12:48:00,1.17096,1.17115,1.17095,1.17105
2026-05-14 12:51:00,1.17105,1.17105,1.17079,1.17088
2026-05-14 12:54:00,1.17089,1.17093,1.17066,1.17082
2026-05-14 12:57:00,1.17082,1.17093,1.1707,1.1707
2026-05-14 13:00:00,1.1707,1.17079,1.1706,1.17072
2026-05-14 13:03:00,1.17071,1.17092,1.17068,1.17085
2026-05-14 13:06:00,1.17085,1.17095,1.17063,1.17069
2026-05-14 13:09:00,1.17069,1.17129,1.17059,1.17117
2026-05-14 13:12:00,1.17117,1.17123,1.17079,1.1709100000000001
2026-05-14 13:15:00,1.17093,1.17097,1.17072,1.17077
2026-05-14 13:18:00,1.17078,1.17093,1.17069,1.17074
2026-05-14 13:21:00,1.17074,1.17089,1.17073,1.17088
2026-05-14 13:24:00,1.17087,1.17103,1.17082,1.17097
2026-05-14 13:27:00,1.17097,1.17102,1.17083,1.17093
2026-05-14 13:30:00,1.17093,1.17109,1.1709,1.17095
2026-05-14 13:33:00,1.17096,1.17098,1.17079,1.17082
2026-05-14 13:36:00,1.17082,1.1709100000000001,1.17075,1.17088
2026-05-14 13:39:00,1.17088,1.1709100000000001,1.17076,1.17077
2026-05-14 13:42:00,1.17081,1.17081,1.17042,1.17058
2026-05-14 13:45:00,1.17058,1.17074,1.17053,1.17074
2026-05-14 13:48:00,1.17074,1.17078,1.17061,1.17078
2026-05-14 13:51:00,1.17077,1.17087,1.17062,1.17079
2026-05-14 13:54:00,1.17078,1.17102,1.17065,1.17086
2026-05-14 13:57:00,1.17086,1.17094,1.17078,1.17085
2026-05-14 14:00:00,1.17085,1.17088,1.17042,1.17053
2026-05-14 14:03:00,1.17053,1.17062,1.17043,1.17054
2026-05-14 14:06:00,1.17054,1.17063,1.17035,1.17063
2026-05-14 14:09:00,1.17064,1.17083,1.17059,1.17073
2026-05-14 14:12:00,1.17073,1.17076,1.17065,1.17075
2026-05-14 14:15:00,1.17075,1.17075,1.17048,1.17058
2026-05-14 14:18:00,1.17057,1.17073,1.17055,1.17062
2026-05-14 14:21:00,1.17062,1.1706699999999999,1.17042,1.1705
2026-05-14 14:24:00,1.1705,1.17059,1.17036,1.17042
2026-05-14 14:27:00,1.17042,1.17056,1.17033,1.17045
2026-05-14 14:30:00,1.17045,1.17054,1.1702,1.17035
2026-05-14 14:33:00,1.17035,1.17038,1.17017,1.17019
2026-05-14 14:36:00,1.17022,1.17022,1.16996,1.17007
2026-05-14 14:39:00,1.17007,1.17013,1.16993,1.17009
2026-05-14 14:42:00,1.17009,1.17011,1.16994,1.1700599999999999
2026-05-14 14:45:00,1.1700599999999999,1.17013,1.17,1.17008
2026-05-14 14:48:00,1.17008,1.17033,1.1700599999999999,1.17029
2026-05-14 14:51:00,1.17029,1.17039,1.17021,1.17021
2026-05-14 14:54:00,1.17024,1.17034,1.17015,1.17017
2026-05-14 14:57:00,1.17023,1.17027,1.16995,1.16996
2026-05-14 15:00:00,1.16995,1.17039,1.16994,1.17038
2026-05-14 15:03:00,1.17038,1.17042,1.17017,1.17037
2026-05-14 15:06:00,1.17039,1.17043,1.17019,1.17022
2026-05-14 15:09:00,1.17022,1.17033,1.1701,1.17033
2026-05-14 15:12:00,1.17033,1.17054,1.1702,1.17052
2026-05-14 15:15:00,1.17052,1.17054,1.17036,1.17042
2026-05-14 15:18:00,1.17042,1.17053,1.17028,1.17051
2026-05-14 15:21:00,1.17051,1.17053,1.17024,1.17024
2026-05-14 15:24:00,1.17028,1.17041,1.17027,1.1703999999999999
2026-05-14 15:27:00,1.17036,1.17052,1.17034,1.17045
2026-05-14 15:30:00,1.17045,1.17049,1.16986,1.16998
2026-05-14 15:33:00,1.16998,1.17007,1.16988,1.16998
2026-05-14 15:36:00,1.16998,1.16998,1.16965,1.16983
2026-05-14 15:39:00,1.16983,1.17,1.16981,1.16994
2026-05-14 15:42:00,1.16994,1.16994,1.16952,1.16958
2026-05-14 15:45:00,1.16958,1.16995,1.16958,1.16993
2026-05-14 15:48:00,1.16993,1.17004,1.16982,1.16995
2026-05-14 15:51:00,1.16995,1.17012,1.1698,1.16991
2026-05-14 15:54:00,1.16991,1.16999,1.16975,1.16982
2026-05-14 15:57:00,1.16981,1.16982,1.16958,1.16971
2026-05-14 16:00:00,1.1697,1.16982,1.16942,1.16957
2026-05-14 16:03:00,1.16957,1.1696,1.16943,1.16944
2026-05-14 16:06:00,1.16941,1.16974,1.1693,1.16965
2026-05-14 16:09:00,1.16963,1.16987,1.16954,1.16978
2026-05-14 16:12:00,1.1697899999999999,1.16986,1.16957,1.16972
2026-05-14 16:15:00,1.16972,1.16974,1.16956,1.16964
2026-05-14 16:18:00,1.16964,1.16971,1.16922,1.16927
2026-05-14 16:21:00,1.16927,1.16939,1.16915,1.16932
2026-05-14 16:24:00,1.16932,1.16943,1.16921,1.1693
2026-05-14 16:27:00,1.1693,1.16953,1.16921,1.16947
2026-05-14 16:30:00,1.16947,1.16948,1.16913,1.16922
2026-05-14 16:33:00,1.16922,1.1694,1.16905,1.16914
2026-05-14 16:36:00,1.16913,1.16914,1.16872,1.16876
2026-05-14 16:39:00,1.16876,1.1688399999999999,1.16855,1.16869
2026-05-14 16:42:00,1.16873,1.1694,1.16852,1.16933
2026-05-14 16:45:00,1.16933,1.16996,1.16898,1.16938
2026-05-14 16:48:00,1.16938,1.1696,1.16894,1.16902
2026-05-14 16:51:00,1.16902,1.1691799999999999,1.16888,1.16903
2026-05-14 16:54:00,1.16902,1.16913,1.16879,1.16906
2026-05-14 16:57:00,1.16906,1.16923,1.16894,1.16896
2026-05-14 17:00:00,1.16894,1.16894,1.16859,1.16886
2026-05-14 17:03:00,1.16886,1.16925,1.16877,1.16916
2026-05-14 17:06:00,1.16916,1.16929,1.16899,1.16924
2026-05-14 17:09:00,1.16924,1.16943,1.16913,1.1693
2026-05-14 17:12:00,1.16932,1.16963,1.16926,1.1696
2026-05-14 17:15:00,1.1696,1.16978,1.16952,1.16966
2026-05-14 17:18:00,1.16966,1.16992,1.16957,1.16984
2026-05-14 17:21:00,1.16984,1.17,1.16963,1.16974
2026-05-14 17:24:00,1.16974,1.1697899999999999,1.16924,1.16948
2026-05-14 17:27:00,1.16948,1.16962,1.1693,1.16962
2026-05-14 17:30:00,1.16962,1.16963,1.16946,1.16953
2026-05-14 17:33:00,1.16953,1.16962,1.16942,1.1696
2026-05-14 17:36:00,1.1696,1.16964,1.16925,1.16936
2026-05-14 17:39:00,1.16936,1.16961,1.16928,1.16947
2026-05-14 17:42:00,1.16947,1.16958,1.16936,1.16954
2026-05-14 17:45:00,1.16953,1.16964,1.16939,1.16946
2026-05-14 17:48:00,1.16946,1.16962,1.1694,1.16952
2026-05-14 17:51:00,1.16952,1.16952,1.16866,1.16871
2026-05-14 17:54:00,1.16871,1.16882,1.16845,1.16869
2026-05-14 17:57:00,1.16869,1.16869,1.1678,1.1678600000000001
2026-05-14 18:00:00,1.1678600000000001,1.16809,1.16756,1.16795
2026-05-14 18:03:00,1.16794,1.16798,1.16766,1.16782
2026-05-14 18:06:00,1.16782,1.16791,1.16742,1.1675200000000001
2026-05-14 18:09:00,1.1675200000000001,1.16771,1.1672500000000001,1.16738
2026-05-14 18:12:00,1.16738,1.16755,1.1672500000000001,1.16751
2026-05-14 18:15:00,1.16751,1.1675200000000001,1.16718,1.16729
2026-05-14 18:18:00,1.16729,1.16749,1.16724,1.16744
2026-05-14 18:21:00,1.16741,1.1675,1.16717,1.16719
2026-05-14 18:24:00,1.16719,1.16729,1.16705,1.16723
2026-05-14 18:27:00,1.16723,1.1676,1.16712,1.1675200000000001
2026-05-14 18:30:00,1.1675200000000001,1.1677,1.16745,1.16754
2026-05-14 18:33:00,1.16754,1.1678600000000001,1.16753,1.16779
2026-05-14 18:36:00,1.16779,1.16785,1.16758,1.16771
2026-05-14 18:39:00,1.1677,1.16783,1.16749,1.1676199999999999
2026-05-14 18:42:00,1.1676199999999999,1.16763,1.16748,1.16758
2026-05-14 18:45:00,1.16758,1.16765,1.16749,1.16758
2026-05-14 18:48:00,1.16759,1.16763,1.16747,1.16759
2026-05-14 18:51:00,1.16759,1.16773,1.16745,1.16755
2026-05-14 18:54:00,1.16763,1.1678,1.16756,1.16773
2026-05-14 18:57:00,1.16773,1.16779,1.1676199999999999,1.16773
2026-05-14 19:00:00,1.16772,1.16783,1.16755,1.16758
2026-05-14 19:03:00,1.16758,1.1677,1.16747,1.16755
2026-05-14 19:06:00,1.16755,1.16771,1.16739,1.16748
2026-05-14 19:09:00,1.16748,1.16768,1.1673499999999999,1.16753
2026-05-14 19:12:00,1.1675200000000001,1.1678,1.1675,1.16779
2026-05-14 19:15:00,1.16779,1.16815,1.16774,1.16793
2026-05-14 19:18:00,1.16794,1.168,1.16769,1.16769
2026-05-14 19:21:00,1.16769,1.16779,1.16747,1.16769
2026-05-14 19:24:00,1.1677,1.16773,1.16733,1.16737
2026-05-14 19:27:00,1.16736,1.16753,1.16724,1.16738
2026-05-14 19:30:00,1.16738,1.16747,1.1672,1.1673499999999999
2026-05-14 19:33:00,1.1673499999999999,1.16738,1.16714,1.16734
2026-05-14 19:36:00,1.16734,1.16741,1.16696,1.16733
2026-05-14 19:39:00,1.16733,1.16754,1.16717,1.16753
2026-05-14 19:42:00,1.16754,1.16754,1.16721,1.1673
2026-05-14 19:45:00,1.1673,1.16746,1.16726,1.16743
2026-05-14 19:48:00,1.16743,1.16759,1.1673,1.16755
2026-05-14 19:51:00,1.16755,1.16764,1.16744,1.16754
2026-05-14 19:54:00,1.16753,1.16759,1.1672,1.16729
2026-05-14 19:57:00,1.16729,1.16763,1.16722,1.16763
2026-05-14 20:00:00,1.16763,1.1679,1.16759,1.1678600000000001
2026-05-14 20:03:00,1.1679,1.168,1.16773,1.16797
2026-05-14 20:06:00,1.16797,1.16799,1.16744,1.16767
2026-05-14 20:09:00,1.16774,1.16785,1.16768,1.16778
2026-05-14 20:12:00,1.16778,1.1678,1.16763,1.16766
2026-05-14 20:15:00,1.16766,1.16774,1.16751,1.16774
2026-05-14 20:18:00,1.16767,1.16777,1.16759,1.16774
2026-05-14 20:21:00,1.16774,1.16779,1.16763,1.16777
2026-05-14 20:24:00,1.16777,1.16789,1.16769,1.16785
2026-05-14 20:27:00,1.16785,1.1678600000000001,1.16772,1.16779
2026-05-14 20:30:00,1.16779,1.16797,1.16768,1.16795
2026-05-14 20:33:00,1.16795,1.168,1.16783,1.16793
2026-05-14 20:36:00,1.16793,1.168,1.16774,1.1679599999999999
2026-05-14 20:39:00,1.1679599999999999,1.16804,1.16783,1.16795
2026-05-14 20:42:00,1.16795,1.16804,1.16787,1.1679599999999999
2026-05-14 20:45:00,1.1679599999999999,1.16799,1.16775,1.16785
2026-05-14 20:48:00,1.16784,1.16807,1.1677,1.16804
2026-05-14 20:51:00,1.16804,1.16805,1.16789,1.16799
2026-05-14 20:54:00,1.16798,1.16799,1.16768,1.16778
2026-05-14 20:57:00,1.16778,1.16783,1.16772,1.16778
2026-05-14 21:00:00,1.16778,1.16779,1.16747,1.16765
2026-05-14 21:03:00,1.16765,1.16769,1.16745,1.16761
2026-05-14 21:06:00,1.16761,1.16772,1.16757,1.16764
2026-05-14 21:09:00,1.16764,1.16779,1.16758,1.16769
2026-05-14 21:12:00,1.16769,1.1678,1.16758,1.16779
2026-05-14 21:15:00,1.16779,1.16783,1.16757,1.16767
2026-05-14 21:18:00,1.16768,1.16784,1.16763,1.1678
2026-05-14 21:21:00,1.1678,1.1678,1.16759,1.16769
2026-05-14 21:24:00,1.16769,1.16781,1.16759,1.16763
2026-05-14 21:27:00,1.16763,1.1677,1.16759,1.16767
2026-05-14 21:30:00,1.16767,1.16773,1.16753,1.1676
2026-05-14 21:33:00,1.1676,1.16764,1.1675200000000001,1.1676
2026-05-14 21:36:00,1.1676,1.1676,1.16745,1.16754
2026-05-14 21:39:00,1.16754,1.16755,1.1673,1.16743
2026-05-14 21:42:00,1.16743,1.16758,1.16743,1.1675
2026-05-14 21:45:00,1.1675,1.1676199999999999,1.16745,1.1676199999999999
2026-05-14 21:48:00,1.1676199999999999,1.16767,1.16753,1.16755
2026-05-14 21:51:00,1.16755,1.16759,1.16741,1.16751
2026-05-14 21:54:00,1.16751,1.16759,1.1674,1.16758
2026-05-14 21:57:00,1.16758,1.16773,1.16753,1.16773
2026-05-14 22:00:00,1.16773,1.1679,1.16767,1.1678
2026-05-14 22:03:00,1.1678,1.16781,1.16769,1.16778
2026-05-14 22:06:00,1.16778,1.16779,1.16758,1.16773
2026-05-14 22:09:00,1.16773,1.16776,1.1677,1.16774
2026-05-14 22:12:00,1.16774,1.16775,1.16763,1.1677
2026-05-14 22:15:00,1.16769,1.16772,1.16751,1.16754
2026-05-14 22:18:00,1.16754,1.1676,1.16744,1.16758
2026-05-14 22:21:00,1.16758,1.1676199999999999,1.16742,1.16744
2026-05-14 22:24:00,1.1675200000000001,1.16754,1.16734,1.16742
2026-05-14 22:27:00,1.16743,1.1675,1.16728,1.16731
2026-05-14 22:30:00,1.16731,1.16748,1.16731,1.16739
2026-05-14 22:33:00,1.16739,1.16746,1.16734,1.16737
2026-05-14 22:36:00,1.16737,1.16742,1.16727,1.16729
2026-05-14 22:39:00,1.16728,1.16729,1.16702,1.16703
2026-05-14 22:42:00,1.16703,1.16714,1.16693,1.16702
2026-05-14 22:45:00,1.16702,1.16703,1.16687,1.16699
2026-05-14 22:48:00,1.16693,1.16706,1.16688,1.16697
2026-05-14 22:51:00,1.16697,1.16708,1.16685,1.16705
2026-05-14 22:54:00,1.16704,1.16704,1.16685,1.1669
2026-05-14 22:57:00,1.1669,1.16708,1.1669,1.16708
2026-05-14 23:00:00,1.16707,1.16719,1.16698,1.167
2026-05-14 23:03:00,1.167,1.16704,1.1667399999999999,1.16687
2026-05-14 23:06:00,1.16687,1.1669100000000001,1.16675,1.1669100000000001
2026-05-14 23:09:00,1.1669100000000001,1.16698,1.16684,1.16694
2026-05-14 23:12:00,1.16694,1.16694,1.16682,1.16682
2026-05-14 23:15:00,1.16682,1.16689,1.1667,1.16687
2026-05-14 23:18:00,1.16687,1.16696,1.16682,1.16693
2026-05-14 23:21:00,1.16693,1.16694,1.16665,1.16668
2026-05-14 23:24:00,1.16668,1.16672,1.16655,1.16662
2026-05-14 23:27:00,1.1666,1.16666,1.16649,1.16666
2026-05-14 23:30:00,1.16666,1.16678,1.16666,1.16673
2026-05-14 23:33:00,1.16673,1.16681,1.16668,1.16677
2026-05-14 23:36:00,1.16677,1.16677,1.16659,1.16659
2026-05-14 23:39:00,1.16661,1.16679,1.16661,1.16679
2026-05-14 23:42:00,1.16679,1.16682,1.1667,1.1667
2026-05-14 23:45:00,1.1667,1.16673,1.16668,1.16673
2026-05-14 23:48:00,1.16673,1.1668,1.16673,1.16678
2026-05-14 23:51:00,1.16678,1.16689,1.16672,1.16687
2026-05-14 23:54:00,1.16687,1.16689,1.16684,1.16685
2026-05-14 23:57:00,1.16685,1.16692,1.16677,1.16688
2026-05-15 00:00:00,1.16685,1.16695,1.16652,1.16662
2026-05-15 00:03:00,1.16662,1.16698,1.16646,1.16679
2026-05-15 00:06:00,1.16679,1.16684,1.1667,1.1667
2026-05-15 00:09:00,1.1667,1.16685,1.1667,1.16679
2026-05-15 00:12:00,1.16679,1.16682,1.16666,1.16669
2026-05-15 00:15:00,1.16669,1.16677,1.16668,1.16677
2026-05-15 00:18:00,1.16677,1.16699,1.16672,1.16699
2026-05-15 00:21:00,1.16699,1.16708,1.1668,1.16688
2026-05-15 00:24:00,1.16685,1.16716,1.16685,1.16713
2026-05-15 00:27:00,1.16713,1.1672500000000001,1.16699,1.1672500000000001
2026-05-15 00:30:00,1.1672500000000001,1.16726,1.16713,1.16718
2026-05-15 00:33:00,1.1672,1.16728,1.16719,1.16726
2026-05-15 00:36:00,1.16726,1.16733,1.16721,1.1672500000000001
2026-05-15 00:39:00,1.1672500000000001,1.16726,1.16689,1.16693
2026-05-15 00:42:00,1.16694,1.16696,1.16688,1.16694
2026-05-15 00:45:00,1.16694,1.16696,1.1669100000000001,1.16693
2026-05-15 00:48:00,1.16693,1.16696,1.16692,1.16695
2026-05-15 00:51:00,1.16695,1.16696,1.1669100000000001,1.16693
2026-05-15 00:54:00,1.16693,1.16702,1.16689,1.1670099999999999
2026-05-15 00:57:00,1.16699,1.16703,1.16692,1.16699
2026-05-15 01:00:00,1.167,1.16709,1.16687,1.16695
2026-05-15 01:03:00,1.16695,1.1671,1.16694,1.16702
2026-05-15 01:06:00,1.16703,1.16705,1.1669100000000001,1.1669100000000001
2026-05-15 01:09:00,1.1669100000000001,1.16704,1.1669100000000001,1.1670099999999999
2026-05-15 01:12:00,1.1670099999999999,1.1670099999999999,1.16688,1.1669
2026-05-15 01:15:00,1.1669,1.16698,1.16675,1.16698
2026-05-15 01:18:00,1.16698,1.16698,1.16683,1.16693
2026-05-15 01:21:00,1.16693,1.16693,1.16686,1.16693
2026-05-15 01:24:00,1.16693,1.167,1.16693,1.16697
2026-05-15 01:27:00,1.16697,1.16704,1.16697,1.16698
2026-05-15 01:30:00,1.16698,1.16702,1.16693,1.16702
2026-05-15 01:33:00,1.16702,1.16702,1.16695,1.1670099999999999
2026-05-15 01:36:00,1.167,1.16703,1.16699,1.16699
2026-05-15 01:39:00,1.16699,1.16709,1.16698,1.16705
2026-05-15 01:42:00,1.16705,1.16709,1.16696,1.16702
2026-05-15 01:45:00,1.16702,1.16709,1.1670099999999999,1.16702
2026-05-15 01:48:00,1.16702,1.16707,1.1670099999999999,1.16702
2026-05-15 01:51:00,1.16702,1.16703,1.16696,1.16702
2026-05-15 01:54:00,1.16702,1.16703,1.1669100000000001,1.16703
2026-05-15 01:57:00,1.16703,1.16703,1.16681,1.16696
2026-05-15 02:00:00,1.16696,1.16696,1.16682,1.16693
2026-05-15 02:03:00,1.16693,1.16693,1.1668,1.16688
2026-05-15 02:06:00,1.16689,1.16689,1.16663,1.16663
2026-05-15 02:09:00,1.16663,1.16663,1.16627,1.16638
2026-05-15 02:12:00,1.16638,1.16639,1.16627,1.16629
2026-05-15 02:15:00,1.16629,1.16633,1.16619,1.16628
2026-05-15 02:18:00,1.16628,1.16638,1.16615,1.16625
2026-05-15 02:21:00,1.16625,1.1663000000000001,1.16612,1.16624
2026-05-15 02:24:00,1.16624,1.16638,1.16622,1.16637
2026-05-15 02:27:00,1.16637,1.1663999999999999,1.16631,1.16635
2026-05-15 02:30:00,1.16635,1.1663999999999999,1.16626,1.16629
2026-05-15 02:33:00,1.16629,1.16633,1.1661299999999999,1.16623
2026-05-15 02:36:00,1.16623,1.16632,1.1662,1.16624
2026-05-15 02:39:00,1.16623,1.1663000000000001,1.16615,1.16627
2026-05-15 02:42:00,1.1662,1.16642,1.16616,1.16639
2026-05-15 02:45:00,1.16639,1.16649,1.16621,1.16634
2026-05-15 02:48:00,1.16634,1.16644,1.16628,1.16628
2026-05-15 02:51:00,1.16628,1.16637,1.16615,1.16633
2026-05-15 02:54:00,1.16633,1.16633,1.16605,1.1661299999999999
2026-05-15 02:57:00,1.1661299999999999,1.1662,1.16611,1.16617
2026-05-15 03:00:00,1.16617,1.16628,1.16573,1.16577
2026-05-15 03:03:00,1.16577,1.16586,1.16566,1.1658
2026-05-15 03:06:00,1.1658,1.1660300000000001,1.1657899999999999,1.16597
2026-05-15 03:09:00,1.16597,1.16605,1.16591,1.16594
2026-05-15 03:12:00,1.16594,1.16605,1.16593,1.16599
2026-05-15 03:15:00,1.166,1.16633,1.166,1.16619
2026-05-15 03:18:00,1.16619,1.16635,1.16614,1.16616
2026-05-15 03:21:00,1.16616,1.16625,1.16604,1.16614
2026-05-15 03:24:00,1.16614,1.16617,1.16588,1.16589
2026-05-15 03:27:00,1.16589,1.1660300000000001,1.16583,1.16589
2026-05-15 03:30:00,1.16589,1.16592,1.16567,1.16572
2026-05-15 03:33:00,1.16572,1.16578,1.16563,1.16573
2026-05-15 03:36:00,1.16573,1.16574,1.1654200000000001,1.16553
2026-05-15 03:39:00,1.16553,1.16556,1.16524,1.16533
2026-05-15 03:42:00,1.16533,1.16547,1.16526,1.16543
2026-05-15 03:45:00,1.16543,1.1655,1.16537,1.16548
2026-05-15 03:48:00,1.16548,1.16549,1.16524,1.16527
2026-05-15 03:51:00,1.16528,1.16535,1.16515,1.16525
2026-05-15 03:54:00,1.16525,1.16536,1.16522,1.16536
2026-05-15 03:57:00,1.16537,1.16565,1.16535,1.16554
2026-05-15 04:00:00,1.16554,1.16556,1.1654200000000001,1.16554
2026-05-15 04:03:00,1.16553,1.16564,1.16536,1.16552
2026-05-15 04:06:00,1.16552,1.16558,1.16534,1.16558
2026-05-15 04:09:00,1.16558,1.16558,1.16546,1.16554
2026-05-15 04:12:00,1.16554,1.16557,1.16541,1.16549
2026-05-15 04:15:00,1.16549,1.16554,1.16536,1.16538
2026-05-15 04:18:00,1.16538,1.16543,1.16529,1.16541
2026-05-15 04:21:00,1.16541,1.16541,1.1651,1.16527
2026-05-15 04:24:00,1.16527,1.16543,1.16493,1.16511
2026-05-15 04:27:00,1.16511,1.16512,1.16487,1.16491
2026-05-15 04:30:00,1.16492,1.1651,1.16455,1.1648
2026-05-15 04:33:00,1.1648,1.16512,1.16468,1.1650800000000001
2026-05-15 04:36:00,1.1650800000000001,1.16516,1.16492,1.16503
2026-05-15 04:39:00,1.16503,1.16521,1.1649,1.16496
2026-05-15 04:42:00,1.16496,1.1650800000000001,1.16492,1.16506
2026-05-15 04:45:00,1.16506,1.1651,1.16489,1.16499
2026-05-15 04:48:00,1.16499,1.16504,1.16478,1.16491
2026-05-15 04:51:00,1.16491,1.16493,1.16469,1.1648399999999999
2026-05-15 04:54:00,1.1648399999999999,1.16485,1.16467,1.16474
2026-05-15 04:57:00,1.16474,1.16475,1.16461,1.16468
2026-05-15 05:00:00,1.16468,1.16473,1.16456,1.16473
2026-05-15 05:03:00,1.16473,1.1648,1.16456,1.16471
2026-05-15 05:06:00,1.16471,1.16474,1.16467,1.16473
2026-05-15 05:09:00,1.16472,1.16485,1.16463,1.16479
2026-05-15 05:12:00,1.16479,1.16485,1.16471,1.16479
2026-05-15 05:15:00,1.16479,1.16494,1.16467,1.1649
2026-05-15 05:18:00,1.1649,1.16505,1.1649,1.165
2026-05-15 05:21:00,1.165,1.16509,1.16498,1.1650800000000001
2026-05-15 05:24:00,1.1650800000000001,1.16535,1.16499,1.16529
2026-05-15 05:27:00,1.16529,1.1653,1.16503,1.1651
2026-05-15 05:30:00,1.1651,1.16514,1.16498,1.16507
2026-05-15 05:33:00,1.1650800000000001,1.1653,1.16504,1.1653
2026-05-15 05:36:00,1.1653,1.1653,1.16514,1.1652
2026-05-15 05:39:00,1.16521,1.16526,1.16506,1.16522
2026-05-15 05:42:00,1.16522,1.16537,1.1650800000000001,1.16535
2026-05-15 05:45:00,1.16535,1.16544,1.1653,1.16535
2026-05-15 05:48:00,1.16534,1.16539,1.16524,1.16538
2026-05-15 05:51:00,1.16538,1.16573,1.16536,1.16559
2026-05-15 05:54:00,1.16559,1.16575,1.16553,1.16556
2026-05-15 05:57:00,1.16556,1.16556,1.16521,1.16535
2026-05-15 06:00:00,1.16535,1.16549,1.1652,1.16543
2026-05-15 06:03:00,1.16543,1.16545,1.16527,1.16541
2026-05-15 06:06:00,1.16541,1.1654200000000001,1.16507,1.16519
2026-05-15 06:09:00,1.16519,1.16534,1.16512,1.16528
2026-05-15 06:12:00,1.16528,1.16528,1.16514,1.16519
2026-05-15 06:15:00,1.16519,1.1652,1.16502,1.16507
2026-05-15 06:18:00,1.16506,1.1651799999999999,1.16504,1.16517
2026-05-15 06:21:00,1.16517,1.1652,1.16509,1.16519
2026-05-15 06:24:00,1.16519,1.16524,1.16507,1.1652
2026-05-15 06:27:00,1.16524,1.16526,1.16511,1.16524
2026-05-15 06:30:00,1.16521,1.1653,1.16505,1.16509
2026-05-15 06:33:00,1.1650800000000001,1.16514,1.16489,1.16495
2026-05-15 06:36:00,1.16495,1.16521,1.16494,1.1652
2026-05-15 06:39:00,1.16521,1.1653,1.16506,1.16528
2026-05-15 06:42:00,1.16528,1.16536,1.16514,1.16522
2026-05-15 06:45:00,1.16522,1.16528,1.1651799999999999,1.1651799999999999
2026-05-15 06:48:00,1.16519,1.16524,1.16516,1.16522
2026-05-15 06:51:00,1.16522,1.16522,1.1651,1.16517
2026-05-15 06:54:00,1.16517,1.16524,1.16509,1.16524
2026-05-15 06:57:00,1.16524,1.16526,1.16512,1.16521
2026-05-15 07:00:00,1.1652,1.1652,1.16502,1.16507
2026-05-15 07:03:00,1.16509,1.16519,1.16505,1.16512
2026-05-15 07:06:00,1.16514,1.16519,1.16507,1.16515
2026-05-15 07:09:00,1.16515,1.16521,1.16503,1.16516
2026-05-15 07:12:00,1.16516,1.16525,1.16513,1.16519
2026-05-15 07:15:00,1.16519,1.16526,1.16515,1.16526
2026-05-15 07:18:00,1.16526,1.16526,1.1650800000000001,1.16519
2026-05-15 07:21:00,1.16519,1.1652,1.16512,1.16519
2026-05-15 07:24:00,1.16519,1.16523,1.16505,1.1652
2026-05-15 07:27:00,1.1652,1.16523,1.16515,1.16515
2026-05-15 07:30:00,1.16515,1.16519,1.16501,1.16511
2026-05-15 07:33:00,1.16511,1.1651799999999999,1.165,1.16505
2026-05-15 07:36:00,1.16505,1.1651,1.16488,1.16502
2026-05-15 07:39:00,1.16502,1.16515,1.16496,1.16509
2026-05-15 07:42:00,1.16509,1.16509,1.16487,1.16492
2026-05-15 07:45:00,1.16492,1.16495,1.1648,1.16491
2026-05-15 07:48:00,1.16491,1.16495,1.16479,1.16494
2026-05-15 07:51:00,1.16494,1.16494,1.16471,1.16478
2026-05-15 07:54:00,1.16478,1.16479,1.16454,1.16467
2026-05-15 07:57:00,1.16467,1.16474,1.1646,1.16471
2026-05-15 08:00:00,1.16471,1.16474,1.16442,1.1644700000000001
2026-05-15 08:03:00,1.1644700000000001,1.16466,1.16441,1.1645
2026-05-15 08:06:00,1.1645,1.16455,1.16425,1.16446
2026-05-15 08:09:00,1.16446,1.1645,1.1643,1.16446
2026-05-15 08:12:00,1.16446,1.16456,1.16424,1.1645
2026-05-15 08:15:00,1.1645,1.16459,1.16432,1.16441
2026-05-15 08:18:00,1.16441,1.16446,1.16424,1.16442
2026-05-15 08:21:00,1.16442,1.16453,1.16434,1.1645
2026-05-15 08:24:00,1.1645,1.16472,1.1644700000000001,1.16458
2026-05-15 08:27:00,1.16458,1.16479,1.16453,1.16467
2026-05-15 08:30:00,1.16467,1.16474,1.16433,1.16458
2026-05-15 08:33:00,1.16458,1.16463,1.1644,1.16455
2026-05-15 08:36:00,1.16455,1.16467,1.16449,1.16455
2026-05-15 08:39:00,1.16455,1.16476,1.16448,1.16459
2026-05-15 08:42:00,1.16459,1.16461,1.16439,1.16441
2026-05-15 08:45:00,1.16441,1.16441,1.16344,1.16356
2026-05-15 08:48:00,1.16356,1.16382,1.16344,1.16382
2026-05-15 08:51:00,1.16382,1.16387,1.16343,1.16381
2026-05-15 08:54:00,1.1638,1.1638,1.16356,1.16372
2026-05-15 08:57:00,1.16372,1.16372,1.16315,1.16327
2026-05-15 09:00:00,1.16326,1.1639599999999999,1.16324,1.16374
2026-05-15 09:03:00,1.16373,1.16389,1.16364,1.1638
2026-05-15 09:06:00,1.1638,1.16431,1.16373,1.16426
2026-05-15 09:09:00,1.16426,1.16435,1.16401,1.1642000000000001
2026-05-15 09:12:00,1.1642000000000001,1.16421,1.16379,1.16407
2026-05-15 09:15:00,1.16407,1.16431,1.1639599999999999,1.1642000000000001
2026-05-15 09:18:00,1.1642000000000001,1.16424,1.16404,1.16412
2026-05-15 09:21:00,1.16412,1.16422,1.16409,1.16409
2026-05-15 09:24:00,1.1641,1.16424,1.16381,1.16424
2026-05-15 09:27:00,1.16424,1.16424,1.16371,1.16381
2026-05-15 09:30:00,1.16381,1.16414,1.1635900000000001,1.16407
2026-05-15 09:33:00,1.16413,1.16432,1.16407,1.16425
2026-05-15 09:36:00,1.16424,1.16425,1.1639,1.16398
2026-05-15 09:39:00,1.16398,1.16403,1.16376,1.16376
2026-05-15 09:42:00,1.16376,1.16395,1.16364,1.16391
2026-05-15 09:45:00,1.16391,1.16412,1.16383,1.16411
2026-05-15 09:48:00,1.1641,1.16421,1.16357,1.1635900000000001
2026-05-15 09:51:00,1.1635900000000001,1.1638600000000001,1.16324,1.1633499999999999
2026-05-15 09:54:00,1.1633499999999999,1.16365,1.16318,1.16363
2026-05-15 09:57:00,1.16363,1.16371,1.16336,1.16346
2026-05-15 10:00:00,1.16346,1.16365,1.16309,1.16344
2026-05-15 10:03:00,1.16345,1.1639599999999999,1.16343,1.16389
2026-05-15 10:06:00,1.16389,1.16432,1.16387,1.16413
2026-05-15 10:09:00,1.16412,1.16452,1.16399,1.16445
2026-05-15 10:12:00,1.16445,1.16459,1.16425,1.16433
2026-05-15 10:15:00,1.16433,1.16446,1.16412,1.16433
2026-05-15 10:18:00,1.16433,1.16459,1.16426,1.1645699999999999
2026-05-15 10:21:00,1.1645699999999999,1.1648100000000001,1.16448,1.16476
2026-05-15 10:24:00,1.16477,1.16489,1.16414,1.1642000000000001
2026-05-15 10:27:00,1.1642000000000001,1.16427,1.16411,1.16425
2026-05-15 10:30:00,1.16425,1.16426,1.16401,1.16419
2026-05-15 10:33:00,1.1642000000000001,1.1643,1.16402,1.1642000000000001
2026-05-15 10:36:00,1.1642000000000001,1.16421,1.16389,1.16402
2026-05-15 10:39:00,1.16402,1.1641,1.16382,1.16389
2026-05-15 10:42:00,1.16388,1.16405,1.16378,1.16399
2026-05-15 10:45:00,1.16399,1.16403,1.1638600000000001,1.16391
2026-05-15 10:48:00,1.16391,1.16393,1.1636,1.16379
2026-05-15 10:51:00,1.16379,1.16385,1.16368,1.16378
2026-05-15 10:54:00,1.16378,1.16401,1.16367,1.16391
2026-05-15 10:57:00,1.16391,1.1641,1.16353,1.16366
2026-05-15 11:00:00,1.16366,1.1638,1.16343,1.16344
2026-05-15 11:03:00,1.16346,1.16382,1.16346,1.16378
2026-05-15 11:06:00,1.16378,1.16383,1.16343,1.16355
2026-05-15 11:09:00,1.16355,1.16369,1.1633499999999999,1.1635
2026-05-15 11:12:00,1.1635,1.1635,1.1632500000000001,1.16345
2026-05-15 11:15:00,1.16344,1.16349,1.16297,1.16314
2026-05-15 11:18:00,1.16315,1.1634,1.1631,1.16334
2026-05-15 11:21:00,1.16334,1.1633499999999999,1.16317,1.1632500000000001
2026-05-15 11:24:00,1.16323,1.1634,1.16322,1.1634
2026-05-15 11:27:00,1.1634,1.1634,1.16319,1.16327
2026-05-15 11:30:00,1.16322,1.16329,1.16296,1.16327
2026-05-15 11:33:00,1.16327,1.16342,1.16314,1.16321
2026-05-15 11:36:00,1.16321,1.16329,1.16306,1.16318
2026-05-15 11:39:00,1.16318,1.16326,1.16305,1.16312
2026-05-15 11:42:00,1.16313,1.1636,1.16304,1.1636
2026-05-15 11:45:00,1.1636,1.16364,1.1633,1.16344
2026-05-15 11:48:00,1.16344,1.16355,1.16334,1.16351
2026-05-15 11:51:00,1.16351,1.16351,1.16316,1.16322
2026-05-15 11:54:00,1.16322,1.16324,1.16294,1.16315
2026-05-15 11:57:00,1.16315,1.1633,1.16297,1.16329
2026-05-15 12:00:00,1.16329,1.1633499999999999,1.16312,1.16318
2026-05-15 12:03:00,1.16318,1.16318,1.16279,1.16292
2026-05-15 12:06:00,1.16293,1.16294,1.16232,1.16244
2026-05-15 12:09:00,1.16244,1.16248,1.16212,1.16222
2026-05-15 12:12:00,1.16222,1.1623,1.16194,1.16199
2026-05-15 12:15:00,1.16199,1.16207,1.1616900000000001,1.16177
2026-05-15 12:18:00,1.16177,1.16198,1.16168,1.16194
2026-05-15 12:21:00,1.16194,1.16246,1.16185,1.16242
2026-05-15 12:24:00,1.16242,1.16265,1.16239,1.1625
2026-05-15 12:27:00,1.1625,1.16259,1.1623999999999999,1.16247
2026-05-15 12:30:00,1.16247,1.16256,1.16239,1.16249
2026-05-15 12:33:00,1.16249,1.16254,1.16217,1.16234
2026-05-15 12:36:00,1.16234,1.16253,1.16223,1.16244
2026-05-15 12:39:00,1.16243,1.16251,1.16227,1.16248
2026-05-15 12:42:00,1.16248,1.1626400000000001,1.16228,1.16233
2026-05-15 12:45:00,1.16233,1.1623999999999999,1.16221,1.16233
2026-05-15 12:48:00,1.16233,1.1626,1.16215,1.16252
2026-05-15 12:51:00,1.16251,1.1627,1.16244,1.1625
2026-05-15 12:54:00,1.1625,1.16286,1.16231,1.16285
2026-05-15 12:57:00,1.16285,1.16289,1.16266,1.16279
2026-05-15 13:00:00,1.16279,1.16296,1.1627,1.16295
2026-05-15 13:03:00,1.16288,1.1631,1.16283,1.16304
2026-05-15 13:06:00,1.16304,1.16343,1.16304,1.16338
2026-05-15 13:09:00,1.16338,1.16349,1.16328,1.16339
2026-05-15 13:12:00,1.16339,1.16358,1.16336,1.16351
2026-05-15 13:15:00,1.16351,1.1636,1.1634,1.16352
2026-05-15 13:18:00,1.16352,1.16354,1.16321,1.16343
2026-05-15 13:21:00,1.16343,1.16404,1.1634,1.16404
2026-05-15 13:24:00,1.16404,1.16406,1.1637,1.16376
2026-05-15 13:27:00,1.16376,1.1638600000000001,1.16349,1.16373
2026-05-15 13:30:00,1.16373,1.1639599999999999,1.1635900000000001,1.1639599999999999
2026-05-15 13:33:00,1.1639599999999999,1.1644,1.16391,1.16429
2026-05-15 13:36:00,1.16429,1.16435,1.16409,1.16429
2026-05-15 13:39:00,1.16429,1.1645,1.16412,1.16418
2026-05-15 13:42:00,1.16418,1.16448,1.16411,1.16448
2026-05-15 13:45:00,1.16448,1.16487,1.16438,1.1648
2026-05-15 13:48:00,1.1648,1.1648399999999999,1.16434,1.16463
2026-05-15 13:51:00,1.16462,1.16554,1.16462,1.16535
2026-05-15 13:54:00,1.16534,1.16554,1.16511,1.16511
2026-05-15 13:57:00,1.16514,1.16537,1.16482,1.16491
2026-05-15 14:00:00,1.1649,1.165,1.16436,1.16445
2026-05-15 14:03:00,1.16445,1.16446,1.16402,1.16439
2026-05-15 14:06:00,1.16446,1.16477,1.1644,1.16459
2026-05-15 14:09:00,1.16458,1.16464,1.16429,1.16461
2026-05-15 14:12:00,1.16461,1.1647,1.16444,1.16459
2026-05-15 14:15:00,1.16459,1.16469,1.16437,1.16444
2026-05-15 14:18:00,1.16446,1.16451,1.16428,1.16431
2026-05-15 14:21:00,1.16431,1.16432,1.16407,1.16412
2026-05-15 14:24:00,1.16414,1.16436,1.16394,1.164
2026-05-15 14:27:00,1.164,1.16408,1.16389,1.16399
2026-05-15 14:30:00,1.16399,1.16402,1.16375,1.16381
2026-05-15 14:33:00,1.16381,1.16402,1.1636199999999999,1.16402
2026-05-15 14:36:00,1.16401,1.16401,1.16357,1.16361
2026-05-15 14:39:00,1.16361,1.16365,1.16348,1.16352
2026-05-15 14:42:00,1.16352,1.16358,1.1632,1.16329
2026-05-15 14:45:00,1.16329,1.16337,1.16304,1.16314
2026-05-15 14:48:00,1.16314,1.16345,1.16306,1.16329
2026-05-15 14:51:00,1.16329,1.16342,1.16318,1.16326
2026-05-15 14:54:00,1.1632500000000001,1.1633,1.1629,1.16307
2026-05-15 14:57:00,1.16307,1.1632,1.1629,1.16315
2026-05-15 15:00:00,1.16313,1.16321,1.16289,1.16305
2026-05-15 15:03:00,1.16305,1.1631,1.16289,1.163
2026-05-15 15:06:00,1.163,1.1630099999999999,1.16269,1.16278
2026-05-15 15:09:00,1.16278,1.16295,1.16254,1.16268
2026-05-15 15:12:00,1.16268,1.1627399999999999,1.16257,1.16273
2026-05-15 15:15:00,1.16273,1.16292,1.16267,1.16283
2026-05-15 15:18:00,1.16283,1.16294,1.16257,1.16293
2026-05-15 15:21:00,1.16293,1.16311,1.16271,1.16294
2026-05-15 15:24:00,1.16294,1.16306,1.16275,1.1629800000000001
2026-05-15 15:27:00,1.1629800000000001,1.163,1.16281,1.16295
2026-05-15 15:30:00,1.16295,1.16295,1.16265,1.16281
2026-05-15 15:33:00,1.1628,1.16292,1.16265,1.16272
2026-05-15 15:36:00,1.1627399999999999,1.16275,1.16215,1.16223
2026-05-15 15:39:00,1.16223,1.16235,1.16198,1.16234
2026-05-15 15:42:00,1.16234,1.16234,1.16196,1.16204
2026-05-15 15:45:00,1.16205,1.16237,1.1618,1.16235
2026-05-15 15:48:00,1.16235,1.16247,1.16229,1.16239
2026-05-15 15:51:00,1.1623999999999999,1.16278,1.16239,1.16271
2026-05-15 15:54:00,1.16271,1.16279,1.16258,1.16268
2026-05-15 15:57:00,1.16268,1.16291,1.16254,1.16262
2026-05-15 16:00:00,1.16265,1.16266,1.16223,1.16245
2026-05-15 16:03:00,1.16244,1.16281,1.1623999999999999,1.16277
2026-05-15 16:06:00,1.16277,1.16284,1.16255,1.16257
2026-05-15 16:09:00,1.16257,1.16276,1.16244,1.16268
2026-05-15 16:12:00,1.16268,1.16296,1.16266,1.16281
2026-05-15 16:15:00,1.16287,1.16292,1.16259,1.1629
2026-05-15 16:18:00,1.16289,1.16292,1.16272,1.16291
2026-05-15 16:21:00,1.16291,1.16306,1.16277,1.1630099999999999
2026-05-15 16:24:00,1.1630099999999999,1.16322,1.1628,1.16291
2026-05-15 16:27:00,1.16291,1.16292,1.1626,1.16291
2026-05-15 16:30:00,1.16292,1.1630099999999999,1.16271,1.16287
2026-05-15 16:33:00,1.16287,1.16289,1.16242,1.16268
2026-05-15 16:36:00,1.16268,1.16275,1.16242,1.16262
2026-05-15 16:39:00,1.16262,1.16285,1.16259,1.16277
2026-05-15 16:42:00,1.16277,1.16295,1.16228,1.16234
2026-05-15 16:45:00,1.16233,1.16235,1.16207,1.1621299999999999
2026-05-15 16:48:00,1.16214,1.16222,1.1618,1.16201
2026-05-15 16:51:00,1.16201,1.1625,1.16192,1.1622
2026-05-15 16:54:00,1.1622,1.16257,1.16215,1.16245
2026-05-15 16:57:00,1.16244,1.16249,1.16216,1.16233
2026-05-15 17:00:00,1.16233,1.16249,1.16222,1.16244
2026-05-15 17:03:00,1.16244,1.16268,1.16207,1.16268
2026-05-15 17:06:00,1.16268,1.16273,1.16241,1.16254
2026-05-15 17:09:00,1.16255,1.16269,1.16227,1.16243
2026-05-15 17:12:00,1.16243,1.163,1.16242,1.16265
2026-05-15 17:15:00,1.16265,1.16341,1.16258,1.1633
2026-05-15 17:18:00,1.1633,1.16369,1.16323,1.16358
2026-05-15 17:21:00,1.16358,1.16377,1.16315,1.1632500000000001
2026-05-15 17:24:00,1.16323,1.16339,1.16306,1.16317
2026-05-15 17:27:00,1.16317,1.16324,1.16293,1.16322
2026-05-15 17:30:00,1.16322,1.16338,1.16302,1.16315
2026-05-15 17:33:00,1.16315,1.16332,1.16305,1.16317
2026-05-15 17:36:00,1.16316,1.16326,1.16279,1.16289
2026-05-15 17:39:00,1.16289,1.1630099999999999,1.16268,1.16278
2026-05-15 17:42:00,1.16278,1.16303,1.16261,1.1627
2026-05-15 17:45:00,1.1627,1.16275,1.16224,1.16262
2026-05-15 17:48:00,1.16263,1.16266,1.16242,1.1626
2026-05-15 17:51:00,1.16259,1.16262,1.16225,1.16256
2026-05-15 17:54:00,1.16256,1.1630099999999999,1.16255,1.1629
2026-05-15 17:57:00,1.1629,1.16307,1.16259,1.16294
2026-05-15 18:00:00,1.16294,1.16302,1.1626,1.1626
2026-05-15 18:03:00,1.1626,1.1628,1.16235,1.16278
2026-05-15 18:06:00,1.16278,1.16286,1.16259,1.16272
2026-05-15 18:09:00,1.16272,1.1631,1.1626400000000001,1.16289
2026-05-15 18:12:00,1.16289,1.16294,1.16258,1.16283
2026-05-15 18:15:00,1.16283,1.16295,1.16268,1.16281
2026-05-15 18:18:00,1.16281,1.16283,1.1623,1.1625
2026-05-15 18:21:00,1.1625,1.16253,1.16235,1.1623999999999999
2026-05-15 18:24:00,1.1623999999999999,1.16243,1.162,1.16214
2026-05-15 18:27:00,1.16215,1.16231,1.1621,1.16231
2026-05-15 18:30:00,1.16231,1.16247,1.16223,1.16224
2026-05-15 18:33:00,1.16232,1.16249,1.16232,1.1623999999999999
2026-05-15 18:36:00,1.16239,1.1626,1.16234,1.16255
2026-05-15 18:39:00,1.16256,1.16259,1.16232,1.16255
2026-05-15 18:42:00,1.16255,1.16258,1.1621299999999999,1.16233
2026-05-15 18:45:00,1.16233,1.16244,1.16216,1.16234
2026-05-15 18:48:00,1.16234,1.16243,1.16202,1.16239
2026-05-15 18:51:00,1.16239,1.16239,1.16206,1.16225
2026-05-15 18:54:00,1.16225,1.1623999999999999,1.16219,1.16229
2026-05-15 18:57:00,1.16229,1.16263,1.16222,1.1625
2026-05-15 19:00:00,1.16255,1.16272,1.1622,1.16254
2026-05-15 19:03:00,1.16254,1.16254,1.16235,1.16245
2026-05-15 19:06:00,1.16245,1.16251,1.1623,1.16249
2026-05-15 19:09:00,1.16246,1.16261,1.1623999999999999,1.16242
2026-05-15 19:12:00,1.16242,1.16249,1.16228,1.16244
2026-05-15 19:15:00,1.16244,1.1625,1.16227,1.16244
2026-05-15 19:18:00,1.16244,1.16259,1.16229,1.16254
2026-05-15 19:21:00,1.16254,1.1627399999999999,1.16253,1.16262
2026-05-15 19:24:00,1.16262,1.1627399999999999,1.16252,1.16259
2026-05-15 19:27:00,1.16259,1.16278,1.16247,1.16276
2026-05-15 19:30:00,1.16275,1.16294,1.16271,1.16277
2026-05-15 19:33:00,1.16277,1.1629,1.1626400000000001,1.16266
2026-05-15 19:36:00,1.16266,1.16287,1.1626,1.16284
2026-05-15 19:39:00,1.16284,1.16312,1.16284,1.16292
2026-05-15 19:42:00,1.16292,1.16311,1.16282,1.16306
2026-05-15 19:45:00,1.16306,1.16312,1.16294,1.16303
2026-05-15 19:48:00,1.16303,1.16305,1.16282,1.16286
2026-05-15 19:51:00,1.16285,1.16294,1.16279,1.16282
2026-05-15 19:54:00,1.16282,1.16288,1.16263,1.1628
2026-05-15 19:57:00,1.1628,1.16305,1.16275,1.1629800000000001
2026-05-15 20:00:00,1.1629800000000001,1.16324,1.16285,1.16316
2026-05-15 20:03:00,1.16316,1.16316,1.16278,1.1631
2026-05-15 20:06:00,1.1631,1.16313,1.16296,1.1631
2026-05-15 20:09:00,1.1631,1.1633,1.16305,1.16329
2026-05-15 20:12:00,1.16329,1.16339,1.16313,1.16338
2026-05-15 20:15:00,1.16338,1.16338,1.16322,1.16326
2026-05-15 20:18:00,1.16326,1.16339,1.16324,1.1633499999999999
2026-05-15 20:21:00,1.1633499999999999,1.16339,1.16319,1.16321
2026-05-15 20:24:00,1.16321,1.16356,1.16321,1.16343
2026-05-15 20:27:00,1.16343,1.16347,1.16315,1.16324
2026-05-15 20:30:00,1.16324,1.16333,1.16315,1.1633
2026-05-15 20:33:00,1.1633,1.16333,1.16311,1.16314
2026-05-15 20:36:00,1.16314,1.16315,1.16287,1.16306
2026-05-15 20:39:00,1.16306,1.16311,1.16287,1.16295
2026-05-15 20:42:00,1.16295,1.1630099999999999,1.16275,1.16284
2026-05-15 20:45:00,1.16285,1.163,1.16283,1.163
2026-05-15 20:48:00,1.16299,1.163,1.16281,1.1629
2026-05-15 20:51:00,1.1629,1.16294,1.1628,1.16286
2026-05-15 20:54:00,1.16286,1.16289,1.1627399999999999,1.16285
2026-05-15 20:57:00,1.16285,1.16285,1.1626,1.1626400000000001
2026-05-15 21:00:00,1.1626400000000001,1.16271,1.16249,1.16251
2026-05-15 21:03:00,1.16251,1.1626,1.16242,1.16251
2026-05-15 21:06:00,1.16251,1.16251,1.16229,1.16237
2026-05-15 21:09:00,1.16238,1.16249,1.16224,1.16238
2026-05-15 21:12:00,1.16238,1.16258,1.16233,1.16249
2026-05-15 21:15:00,1.16249,1.16249,1.16218,1.16232
2026-05-15 21:18:00,1.16232,1.16237,1.16205,1.16223
2026-05-15 21:21:00,1.16223,1.16237,1.16215,1.16226
2026-05-15 21:24:00,1.16226,1.16232,1.16212,1.16212
2026-05-15 21:27:00,1.16212,1.16228,1.16207,1.16216
2026-05-15 21:30:00,1.16216,1.16218,1.16167,1.16188
2026-05-15 21:33:00,1.16188,1.1619,1.1617,1.1617
2026-05-15 21:36:00,1.1617,1.16185,1.16168,1.16181
2026-05-15 21:39:00,1.16183,1.16197,1.16174,1.16183
2026-05-15 21:42:00,1.16187,1.1620300000000001,1.16171,1.1620300000000001
2026-05-15 21:45:00,1.1620300000000001,1.16214,1.16189,1.16209
2026-05-15 21:48:00,1.16209,1.1622,1.16206,1.1622
2026-05-15 21:51:00,1.1622,1.16236,1.1621299999999999,1.16227
2026-05-15 21:54:00,1.16238,1.16238,1.1621299999999999,1.16225
2026-05-15 21:57:00,1.16225,1.1623,1.16198,1.16218
2026-05-15 22:00:00,1.16218,1.16225,1.16204,1.16214
2026-05-15 22:03:00,1.16214,1.16215,1.16198,1.16205
2026-05-15 22:06:00,1.16205,1.16219,1.16196,1.16215
2026-05-15 22:09:00,1.16215,1.16217,1.16206,1.16209
2026-05-15 22:12:00,1.16209,1.16214,1.162,1.162
2026-05-15 22:15:00,1.162,1.16201,1.16189,1.16201
2026-05-15 22:18:00,1.16201,1.1621299999999999,1.16189,1.16211
2026-05-15 22:21:00,1.16211,1.1622,1.16206,1.16219
2026-05-15 22:24:00,1.16219,1.16221,1.16204,1.16208
2026-05-15 22:27:00,1.16208,1.16214,1.16199,1.16214
2026-05-15 22:30:00,1.16214,1.1623,1.16211,1.16219
2026-05-15 22:33:00,1.16219,1.16223,1.16207,1.16221
2026-05-15 22:36:00,1.16221,1.16225,1.16205,1.16219
2026-05-15 22:39:00,1.16219,1.16229,1.16215,1.16216
2026-05-15 22:42:00,1.16216,1.16218,1.16188,1.16193
2026-05-15 22:45:00,1.16193,1.16207,1.16189,1.16207
2026-05-15 22:48:00,1.16207,1.16216,1.16197,1.1621
2026-05-15 22:51:00,1.1621,1.16225,1.16195,1.162
2026-05-15 22:54:00,1.162,1.16214,1.16192,1.16211
2026-05-15 22:57:00,1.16211,1.16214,1.16199,1.1621299999999999
2026-05-15 23:00:00,1.16212,1.1621299999999999,1.16183,1.16197
2026-05-15 23:03:00,1.16197,1.16206,1.16181,1.16195
2026-05-15 23:06:00,1.16196,1.16224,1.16195,1.16223
2026-05-15 23:09:00,1.16222,1.16222,1.16205,1.16205
2026-05-15 23:12:00,1.16205,1.16219,1.16198,1.16214
2026-05-15 23:15:00,1.16214,1.16221,1.16198,1.1621299999999999
2026-05-15 23:18:00,1.1621299999999999,1.16225,1.16192,1.16194
2026-05-15 23:21:00,1.16193,1.16212,1.16193,1.16207
2026-05-15 23:24:00,1.16207,1.16219,1.16197,1.16217
2026-05-15 23:27:00,1.16217,1.16217,1.16193,1.16209
2026-05-15 23:30:00,1.16209,1.16236,1.16209,1.16235
2026-05-15 23:33:00,1.16235,1.16241,1.16233,1.16234
2026-05-15 23:36:00,1.16234,1.16241,1.16234,1.1623999999999999
2026-05-15 23:39:00,1.1623999999999999,1.16247,1.16237,1.1623999999999999
2026-05-15 23:42:00,1.1623999999999999,1.16247,1.16238,1.16246
2026-05-15 23:45:00,1.16246,1.16248,1.16234,1.16245
2026-05-15 23:48:00,1.16245,1.16253,1.16235,1.16251
2026-05-15 23:51:00,1.16251,1.16255,1.16237,1.16242
2026-05-15 23:54:00,1.16242,1.16245,1.16228,1.16245
2026-05-15 23:57:00,1.16245,1.16253,1.1623999999999999,1.16242
2026-05-18 00:00:00,1.16175,1.16218,1.16095,1.16154
2026-05-18 00:03:00,1.16154,1.16193,1.16153,1.16193
2026-05-18 00:06:00,1.16187,1.16193,1.16185,1.16193
2026-05-18 00:09:00,1.16193,1.16207,1.16178,1.16205
2026-05-18 00:12:00,1.16205,1.1621299999999999,1.1618,1.16193
2026-05-18 00:15:00,1.16193,1.16215,1.16193,1.16212
2026-05-18 00:18:00,1.16212,1.1621299999999999,1.16212,1.1621299999999999
2026-05-18 00:21:00,1.1621299999999999,1.16219,1.16193,1.16193
2026-05-18 00:24:00,1.16193,1.16193,1.16185,1.16187
2026-05-18 00:27:00,1.16187,1.16193,1.16171,1.16191
2026-05-18 00:30:00,1.16191,1.16199,1.16182,1.16195
2026-05-18 00:33:00,1.16195,1.162,1.16185,1.16195
2026-05-18 00:36:00,1.16195,1.16198,1.16193,1.16197
2026-05-18 00:39:00,1.16197,1.16198,1.1619,1.1619
2026-05-18 00:42:00,1.1619,1.16195,1.16189,1.16189
2026-05-18 00:45:00,1.16188,1.16192,1.16188,1.16189
2026-05-18 00:48:00,1.16189,1.16192,1.16189,1.1619
2026-05-18 00:51:00,1.16191,1.16211,1.16189,1.16208
2026-05-18 00:54:00,1.16208,1.16227,1.16201,1.16224
2026-05-18 00:57:00,1.16225,1.16234,1.16209,1.16234
2026-05-18 01:00:00,1.16229,1.1623999999999999,1.1621299999999999,1.16232
2026-05-18 01:03:00,1.16232,1.16241,1.1622,1.1623999999999999
2026-05-18 01:06:00,1.1623999999999999,1.1623999999999999,1.16212,1.16233
2026-05-18 01:09:00,1.16233,1.16237,1.1622,1.16232
2026-05-18 01:12:00,1.16232,1.16239,1.16218,1.1623
2026-05-18 01:15:00,1.1623,1.16236,1.16216,1.16226
2026-05-18 01:18:00,1.16226,1.1623,1.16214,1.16224
2026-05-18 01:21:00,1.16224,1.16224,1.16198,1.1621299999999999
2026-05-18 01:24:00,1.1621299999999999,1.16217,1.16208,1.1621299999999999
2026-05-18 01:27:00,1.1621299999999999,1.16214,1.16207,1.16207
2026-05-18 01:30:00,1.16207,1.16223,1.16207,1.16208
2026-05-18 01:33:00,1.16209,1.16214,1.16202,1.1621299999999999
2026-05-18 01:36:00,1.1621299999999999,1.1623,1.1620300000000001,1.16229
2026-05-18 01:39:00,1.16229,1.1623,1.16221,1.16225
2026-05-18 01:42:00,1.16225,1.16236,1.16222,1.16234
2026-05-18 01:45:00,1.16234,1.16234,1.16227,1.16231
2026-05-18 01:48:00,1.16231,1.16233,1.16215,1.16231
2026-05-18 01:51:00,1.16231,1.16235,1.16231,1.16233
2026-05-18 01:54:00,1.16233,1.16234,1.16224,1.16224
2026-05-18 01:57:00,1.16224,1.16228,1.16216,1.16228
2026-05-18 02:00:00,1.16227,1.16234,1.16212,1.16217
2026-05-18 02:03:00,1.16217,1.16225,1.16211,1.16214
2026-05-18 02:06:00,1.16214,1.16216,1.162,1.16202
2026-05-18 02:09:00,1.16202,1.16214,1.16202,1.16209
2026-05-18 02:12:00,1.16209,1.1621299999999999,1.16202,1.16209
2026-05-18 02:15:00,1.16209,1.16214,1.16202,1.1621
2026-05-18 02:18:00,1.1621,1.16216,1.16202,1.1621299999999999
2026-05-18 02:21:00,1.1621299999999999,1.16218,1.16205,1.16205
2026-05-18 02:24:00,1.16205,1.16211,1.16187,1.16197
2026-05-18 02:27:00,1.16197,1.162,1.16186,1.16195
2026-05-18 02:30:00,1.16195,1.16195,1.16171,1.1618
2026-05-18 02:33:00,1.1618,1.16183,1.16175,1.16177
2026-05-18 02:36:00,1.16177,1.1618,1.16167,1.16174
2026-05-18 02:39:00,1.16174,1.16174,1.16113,1.16133
2026-05-18 02:42:00,1.16133,1.16148,1.16125,1.16144
2026-05-18 02:45:00,1.16144,1.16145,1.16127,1.16137
2026-05-18 02:48:00,1.16137,1.16147,1.16129,1.16133
2026-05-18 02:51:00,1.16133,1.1614200000000001,1.16127,1.16137
2026-05-18 02:54:00,1.16138,1.1614,1.16113,1.1613
2026-05-18 02:57:00,1.1613,1.16135,1.16119,1.16135
2026-05-18 03:00:00,1.16136,1.16181,1.16129,1.16176
2026-05-18 03:03:00,1.16176,1.16194,1.16163,1.16177
2026-05-18 03:06:00,1.16178,1.1621,1.16172,1.16196
2026-05-18 03:09:00,1.16196,1.16204,1.16173,1.16178
2026-05-18 03:12:00,1.16178,1.16182,1.1614200000000001,1.16154
2026-05-18 03:15:00,1.16154,1.16165,1.16143,1.1615
2026-05-18 03:18:00,1.1615,1.16176,1.16138,1.16173
2026-05-18 03:21:00,1.16173,1.16173,1.16158,1.16165
2026-05-18 03:24:00,1.16165,1.16165,1.16132,1.16158
2026-05-18 03:27:00,1.16157,1.16158,1.16145,1.1615
2026-05-18 03:30:00,1.1615,1.1616,1.16134,1.16146
2026-05-18 03:33:00,1.16145,1.16151,1.16117,1.16138
2026-05-18 03:36:00,1.16137,1.1614200000000001,1.16128,1.16133
2026-05-18 03:39:00,1.16133,1.16134,1.16112,1.16115
2026-05-18 03:42:00,1.16115,1.16117,1.16099,1.16105
2026-05-18 03:45:00,1.16105,1.16117,1.16094,1.16112
2026-05-18 03:48:00,1.16113,1.1612,1.1610800000000001,1.16113
2026-05-18 03:51:00,1.16113,1.16127,1.16085,1.16099
2026-05-18 03:54:00,1.16099,1.161,1.16074,1.16096
2026-05-18 03:57:00,1.16096,1.1612,1.16077,1.16116
2026-05-18 04:00:00,1.16115,1.16127,1.1609099999999999,1.16099
2026-05-18 04:03:00,1.16099,1.16113,1.16084,1.16111
2026-05-18 04:06:00,1.16111,1.16128,1.16102,1.16124
2026-05-18 04:09:00,1.16125,1.16136,1.16117,1.16131
2026-05-18 04:12:00,1.16131,1.16134,1.1611,1.16112
2026-05-18 04:15:00,1.16112,1.16125,1.16098,1.16123
2026-05-18 04:18:00,1.16123,1.16127,1.16104,1.16107
2026-05-18 04:21:00,1.16107,1.16131,1.16102,1.16119
2026-05-18 04:24:00,1.16119,1.16134,1.16115,1.16122
2026-05-18 04:27:00,1.16122,1.16139,1.16119,1.16129
2026-05-18 04:30:00,1.16129,1.16146,1.16123,1.16134
2026-05-18 04:33:00,1.16134,1.16166,1.1613,1.16162
2026-05-18 04:36:00,1.16162,1.16162,1.16127,1.16141
2026-05-18 04:39:00,1.16141,1.16154,1.16135,1.16149
2026-05-18 04:42:00,1.16143,1.16154,1.16132,1.16144
2026-05-18 04:45:00,1.16145,1.16149,1.16117,1.16145
2026-05-18 04:48:00,1.16147,1.1616900000000001,1.16147,1.16168
2026-05-18 04:51:00,1.16168,1.16186,1.16161,1.16176
2026-05-18 04:54:00,1.16176,1.1617899999999999,1.16164,1.1617899999999999
2026-05-18 04:57:00,1.1617899999999999,1.16188,1.1616900000000001,1.16173
2026-05-18 05:00:00,1.16173,1.16173,1.16151,1.16171
2026-05-18 05:03:00,1.1617,1.16172,1.16136,1.16145
2026-05-18 05:06:00,1.16145,1.16156,1.16136,1.16151
2026-05-18 05:09:00,1.16151,1.16165,1.16125,1.16161
2026-05-18 05:12:00,1.16161,1.16172,1.1615199999999999,1.16165
2026-05-18 05:15:00,1.16165,1.16173,1.16156,1.16167
2026-05-18 05:18:00,1.16167,1.16176,1.1616,1.16162
2026-05-18 05:21:00,1.16162,1.16181,1.16158,1.16178
2026-05-18 05:24:00,1.16178,1.16184,1.16165,1.16181
2026-05-18 05:27:00,1.16181,1.16182,1.16158,1.16177
2026-05-18 05:30:00,1.16177,1.16196,1.16161,1.16176
2026-05-18 05:33:00,1.16182,1.16188,1.16168,1.1617
2026-05-18 05:36:00,1.16174,1.16183,1.16174,1.1617899999999999
2026-05-18 05:39:00,1.1617899999999999,1.1617899999999999,1.16161,1.16168
2026-05-18 05:42:00,1.16168,1.1616900000000001,1.16153,1.16167
2026-05-18 05:45:00,1.16167,1.16175,1.16156,1.1617
2026-05-18 05:48:00,1.1617,1.1617,1.16143,1.16147
2026-05-18 05:51:00,1.16147,1.16151,1.16135,1.1615
2026-05-18 05:54:00,1.1615,1.1615,1.16138,1.16145
2026-05-18 05:57:00,1.16145,1.16158,1.1614200000000001,1.16155
2026-05-18 06:00:00,1.16155,1.16171,1.16151,1.16164
2026-05-18 06:03:00,1.16164,1.16164,1.16149,1.1616
2026-05-18 06:06:00,1.1616,1.1616900000000001,1.16148,1.16167
2026-05-18 06:09:00,1.16167,1.16176,1.16164,1.1616900000000001
2026-05-18 06:12:00,1.1616900000000001,1.16175,1.1616,1.16175
2026-05-18 06:15:00,1.16175,1.16178,1.16165,1.16177
2026-05-18 06:18:00,1.16177,1.16177,1.16163,1.16171
2026-05-18 06:21:00,1.16171,1.16196,1.16163,1.16195
2026-05-18 06:24:00,1.16195,1.16196,1.16181,1.16189
2026-05-18 06:27:00,1.16189,1.16205,1.16189,1.16201
2026-05-18 06:30:00,1.16201,1.16204,1.1617899999999999,1.16184
2026-05-18 06:33:00,1.16184,1.1619,1.16172,1.16183
2026-05-18 06:36:00,1.16184,1.16192,1.16171,1.16183
2026-05-18 06:39:00,1.16183,1.162,1.1618,1.16197
2026-05-18 06:42:00,1.16197,1.16215,1.16181,1.16215
2026-05-18 06:45:00,1.16215,1.16219,1.1620300000000001,1.16216
2026-05-18 06:48:00,1.16216,1.16224,1.1621,1.1622
2026-05-18 06:51:00,1.1622,1.16223,1.16198,1.16206
2026-05-18 06:54:00,1.16206,1.16217,1.16195,1.16216
2026-05-18 06:57:00,1.16216,1.16225,1.16205,1.16218
2026-05-18 07:00:00,1.16218,1.16235,1.16212,1.16222
2026-05-18 07:03:00,1.16222,1.16255,1.16214,1.16248
2026-05-18 07:06:00,1.16248,1.1625,1.16231,1.16242
2026-05-18 07:09:00,1.16242,1.16251,1.16236,1.16249
2026-05-18 07:12:00,1.1625,1.16261,1.16242,1.16255
2026-05-18 07:15:00,1.16255,1.1626,1.16243,1.16245
2026-05-18 07:18:00,1.16245,1.16249,1.16227,1.16238
2026-05-18 07:21:00,1.16238,1.16239,1.1621,1.16218
2026-05-18 07:24:00,1.16219,1.1622,1.16204,1.16219
2026-05-18 07:27:00,1.16219,1.16219,1.16204,1.1621299999999999
2026-05-18 07:30:00,1.1621299999999999,1.16228,1.16206,1.16227
2026-05-18 07:33:00,1.16227,1.16232,1.16214,1.16226
2026-05-18 07:36:00,1.16226,1.1623,1.16218,1.1622
2026-05-18 07:39:00,1.1622,1.16222,1.16214,1.16221
2026-05-18 07:42:00,1.1622,1.16227,1.16212,1.16217
2026-05-18 07:45:00,1.16217,1.16227,1.1621299999999999,1.16217
2026-05-18 07:48:00,1.16216,1.16216,1.16192,1.16202
2026-05-18 07:51:00,1.16202,1.1621299999999999,1.16193,1.162
2026-05-18 07:54:00,1.162,1.16205,1.1618,1.16192
2026-05-18 07:57:00,1.16192,1.16208,1.1619,1.16207
2026-05-18 08:00:00,1.16207,1.16215,1.16182,1.16193
2026-05-18 08:03:00,1.16193,1.16216,1.1619,1.16204
2026-05-18 08:06:00,1.16215,1.1622,1.16201,1.16206
2026-05-18 08:09:00,1.16206,1.16208,1.16191,1.16198
2026-05-18 08:12:00,1.16198,1.16199,1.16173,1.16176
2026-05-18 08:15:00,1.16183,1.16183,1.16156,1.16171
2026-05-18 08:18:00,1.16171,1.16187,1.16161,1.16183
2026-05-18 08:21:00,1.16183,1.16201,1.16164,1.16194
2026-05-18 08:24:00,1.16195,1.16201,1.1618,1.162
2026-05-18 08:27:00,1.162,1.16208,1.16191,1.16201
2026-05-18 08:30:00,1.16201,1.16208,1.16186,1.16186
2026-05-18 08:33:00,1.16186,1.16208,1.16182,1.16204
2026-05-18 08:36:00,1.16204,1.16218,1.16198,1.16212
2026-05-18 08:39:00,1.16212,1.16221,1.16195,1.16198
2026-05-18 08:42:00,1.16198,1.16211,1.16192,1.16202
2026-05-18 08:45:00,1.16202,1.16214,1.1619,1.16198
2026-05-18 08:48:00,1.16199,1.16217,1.16195,1.16207
2026-05-18 08:51:00,1.16207,1.16219,1.16197,1.16215
2026-05-18 08:54:00,1.16215,1.16221,1.16205,1.16216
2026-05-18 08:57:00,1.16217,1.16232,1.16208,1.16231
2026-05-18 09:00:00,1.16231,1.16252,1.16219,1.16233
2026-05-18 09:03:00,1.16233,1.16241,1.1622,1.16234
2026-05-18 09:06:00,1.16234,1.16261,1.1623,1.16255
2026-05-18 09:09:00,1.16255,1.1627,1.16242,1.16263
2026-05-18 09:12:00,1.16263,1.16281,1.16252,1.16281
2026-05-18 09:15:00,1.16281,1.16303,1.16279,1.16285
2026-05-18 09:18:00,1.16285,1.16311,1.1627399999999999,1.16311
2026-05-18 09:21:00,1.16311,1.16336,1.16297,1.16336
2026-05-18 09:24:00,1.1633499999999999,1.16336,1.163,1.16307
2026-05-18 09:27:00,1.16307,1.16311,1.16296,1.16306
2026-05-18 09:30:00,1.16303,1.16346,1.1629,1.16339
2026-05-18 09:33:00,1.16339,1.16345,1.16316,1.16338
2026-05-18 09:36:00,1.16338,1.16343,1.16327,1.16336
2026-05-18 09:39:00,1.16336,1.1636199999999999,1.16329,1.16358
2026-05-18 09:42:00,1.16358,1.1636,1.16327,1.16349
2026-05-18 09:45:00,1.16349,1.16365,1.1633499999999999,1.16352
2026-05-18 09:48:00,1.16352,1.16357,1.16339,1.16357
2026-05-18 09:51:00,1.16357,1.1636199999999999,1.16333,1.1633499999999999
2026-05-18 09:54:00,1.1633499999999999,1.16363,1.16332,1.16352
2026-05-18 09:57:00,1.16352,1.16364,1.16346,1.16356
2026-05-18 10:00:00,1.16356,1.16367,1.1633,1.16344
2026-05-18 10:03:00,1.16344,1.16361,1.16313,1.16323
2026-05-18 10:06:00,1.16323,1.16345,1.16313,1.16343
2026-05-18 10:09:00,1.16343,1.16347,1.16313,1.1633
2026-05-18 10:12:00,1.1633,1.1633499999999999,1.16309,1.16329
2026-05-18 10:15:00,1.1632,1.16343,1.16319,1.1633499999999999
2026-05-18 10:18:00,1.1633499999999999,1.16342,1.16319,1.1632500000000001
2026-05-18 10:21:00,1.16326,1.1634,1.16321,1.1632500000000001
2026-05-18 10:24:00,1.1632500000000001,1.16394,1.16311,1.16371
2026-05-18 10:27:00,1.16372,1.16381,1.16354,1.16369
2026-05-18 10:30:00,1.16369,1.164,1.16367,1.16385
2026-05-18 10:33:00,1.16385,1.16395,1.16348,1.16355
2026-05-18 10:36:00,1.16355,1.1638600000000001,1.16345,1.16384
2026-05-18 10:39:00,1.16384,1.16388,1.1636,1.16371
2026-05-18 10:42:00,1.16371,1.16374,1.16357,1.1635900000000001
2026-05-18 10:45:00,1.1635900000000001,1.16366,1.1634,1.16342
2026-05-18 10:48:00,1.16342,1.1635,1.16308,1.16321
2026-05-18 10:51:00,1.16322,1.16327,1.1631,1.1632
2026-05-18 10:54:00,1.1632,1.16351,1.16313,1.16341
2026-05-18 10:57:00,1.16341,1.16353,1.16314,1.16319
2026-05-18 11:00:00,1.16319,1.16336,1.16307,1.16319
2026-05-18 11:03:00,1.1632,1.16322,1.16295,1.16314
2026-05-18 11:06:00,1.16314,1.1632500000000001,1.16297,1.16316
2026-05-18 11:09:00,1.16316,1.16316,1.16284,1.1629800000000001
2026-05-18 11:12:00,1.1629800000000001,1.16336,1.1629800000000001,1.1633499999999999
2026-05-18 11:15:00,1.1633499999999999,1.16351,1.1633,1.16341
2026-05-18 11:18:00,1.16341,1.16355,1.16329,1.1635
2026-05-18 11:21:00,1.1635,1.16364,1.1633499999999999,1.16341
2026-05-18 11:24:00,1.16341,1.16366,1.16337,1.16363
2026-05-18 11:27:00,1.16363,1.16377,1.16354,1.16371
2026-05-18 11:30:00,1.16379,1.16411,1.16366,1.16411
2026-05-18 11:33:00,1.16411,1.16451,1.16404,1.16429
2026-05-18 11:36:00,1.16429,1.16429,1.16395,1.16419
2026-05-18 11:39:00,1.16419,1.16425,1.164,1.16404
2026-05-18 11:42:00,1.16404,1.16406,1.16366,1.16373
2026-05-18 11:45:00,1.16372,1.16405,1.16372,1.1639
2026-05-18 11:48:00,1.1639,1.16439,1.16381,1.16439
2026-05-18 11:51:00,1.16432,1.16444,1.16418,1.16421
2026-05-18 11:54:00,1.16421,1.16452,1.16418,1.16431
2026-05-18 11:57:00,1.16431,1.16431,1.16399,1.16415
2026-05-18 12:00:00,1.16415,1.16427,1.164,1.16404
2026-05-18 12:03:00,1.16404,1.16404,1.16379,1.1639599999999999
2026-05-18 12:06:00,1.1639599999999999,1.16403,1.16389,1.16399
2026-05-18 12:09:00,1.16399,1.164,1.16364,1.16374
2026-05-18 12:12:00,1.16374,1.16403,1.16372,1.16385
2026-05-18 12:15:00,1.16385,1.16399,1.16375,1.16392
2026-05-18 12:18:00,1.16392,1.16398,1.16369,1.16387
2026-05-18 12:21:00,1.16387,1.1639599999999999,1.16378,1.16382
2026-05-18 12:24:00,1.16382,1.16391,1.16369,1.16376
2026-05-18 12:27:00,1.16376,1.16397,1.16364,1.16395
2026-05-18 12:30:00,1.16395,1.16395,1.16376,1.1639
2026-05-18 12:33:00,1.1639,1.16411,1.16373,1.16407
2026-05-18 12:36:00,1.16407,1.16412,1.16381,1.16394
2026-05-18 12:39:00,1.16394,1.16401,1.16381,1.16398
2026-05-18 12:42:00,1.16398,1.16398,1.16383,1.16383
2026-05-18 12:45:00,1.16383,1.1639,1.16367,1.1638
2026-05-18 12:48:00,1.1638,1.16384,1.16368,1.16379
2026-05-18 12:51:00,1.16379,1.16385,1.1636,1.16373
2026-05-18 12:54:00,1.16373,1.16376,1.1636,1.1636199999999999
2026-05-18 12:57:00,1.1636199999999999,1.16365,1.16345,1.1635
2026-05-18 13:00:00,1.16349,1.16367,1.16342,1.16361
2026-05-18 13:03:00,1.16361,1.16361,1.16322,1.16333
2026-05-18 13:06:00,1.16333,1.16334,1.16316,1.16329
2026-05-18 13:09:00,1.16329,1.16337,1.16318,1.16333
2026-05-18 13:12:00,1.16333,1.16357,1.1633,1.16353
2026-05-18 13:15:00,1.16353,1.16353,1.16329,1.16338
2026-05-18 13:18:00,1.16338,1.16354,1.16332,1.16348
2026-05-18 13:21:00,1.16348,1.16354,1.16343,1.16346
2026-05-18 13:24:00,1.16346,1.16364,1.16337,1.16361
2026-05-18 13:27:00,1.16361,1.16361,1.16342,1.1636
2026-05-18 13:30:00,1.1636,1.16364,1.16351,1.16353
2026-05-18 13:33:00,1.16354,1.16356,1.16318,1.16323
2026-05-18 13:36:00,1.1632,1.16343,1.16314,1.1633
2026-05-18 13:39:00,1.1633,1.16346,1.16317,1.16324
2026-05-18 13:42:00,1.16324,1.16342,1.16321,1.16338
2026-05-18 13:45:00,1.16338,1.16343,1.16303,1.16319
2026-05-18 13:48:00,1.16319,1.16324,1.1630099999999999,1.16324
2026-05-18 13:51:00,1.16324,1.1632500000000001,1.16293,1.16304
2026-05-18 13:54:00,1.16304,1.16316,1.16292,1.163
2026-05-18 13:57:00,1.163,1.163,1.16258,1.16269
2026-05-18 14:00:00,1.16268,1.16295,1.1626400000000001,1.16294
2026-05-18 14:03:00,1.16294,1.1630099999999999,1.16279,1.16296
2026-05-18 14:06:00,1.16295,1.16305,1.16288,1.1630099999999999
2026-05-18 14:09:00,1.1630099999999999,1.16309,1.16265,1.16289
2026-05-18 14:12:00,1.16289,1.163,1.16287,1.16296
2026-05-18 14:15:00,1.16296,1.16296,1.16275,1.16283
2026-05-18 14:18:00,1.16284,1.16304,1.16271,1.163
2026-05-18 14:21:00,1.163,1.16316,1.16292,1.16316
2026-05-18 14:24:00,1.16316,1.16324,1.16304,1.16316
2026-05-18 14:27:00,1.16316,1.16334,1.1629800000000001,1.16307
2026-05-18 14:30:00,1.16307,1.16332,1.16299,1.16327
2026-05-18 14:33:00,1.16327,1.16376,1.1632500000000001,1.16364
2026-05-18 14:36:00,1.16364,1.16372,1.16341,1.16366
2026-05-18 14:39:00,1.16366,1.16495,1.16358,1.16485
2026-05-18 14:42:00,1.16485,1.16496,1.16441,1.16488
2026-05-18 14:45:00,1.16488,1.16494,1.16431,1.16444
2026-05-18 14:48:00,1.16444,1.1645,1.16407,1.16417
2026-05-18 14:51:00,1.16417,1.16425,1.16376,1.16398
2026-05-18 14:54:00,1.16398,1.16434,1.16392,1.16409
2026-05-18 14:57:00,1.16409,1.16421,1.16397,1.16416
2026-05-18 15:00:00,1.16416,1.1644,1.164,1.1642000000000001
2026-05-18 15:03:00,1.16426,1.16469,1.16418,1.16466
2026-05-18 15:06:00,1.16466,1.16469,1.1644,1.16451
2026-05-18 15:09:00,1.16451,1.16492,1.1645,1.16476
2026-05-18 15:12:00,1.16478,1.1649,1.16463,1.16475
2026-05-18 15:15:00,1.16474,1.16474,1.16426,1.16449
2026-05-18 15:18:00,1.16449,1.16453,1.16426,1.16445
2026-05-18 15:21:00,1.16445,1.16451,1.16428,1.16446
2026-05-18 15:24:00,1.16446,1.16454,1.16434,1.1645
2026-05-18 15:27:00,1.1645,1.16465,1.16439,1.16465
2026-05-18 15:30:00,1.16465,1.16485,1.16456,1.16476
2026-05-18 15:33:00,1.16477,1.16546,1.16472,1.1653
2026-05-18 15:36:00,1.1653,1.16531,1.16488,1.16494
2026-05-18 15:39:00,1.16494,1.16527,1.16482,1.1652
2026-05-18 15:42:00,1.1652,1.16538,1.16489,1.16535
2026-05-18 15:45:00,1.16537,1.16572,1.16517,1.16567
2026-05-18 15:48:00,1.16567,1.16571,1.16526,1.16532
2026-05-18 15:51:00,1.16538,1.1654,1.16479,1.165
2026-05-18 15:54:00,1.16498,1.16526,1.16478,1.16524
2026-05-18 15:57:00,1.16524,1.16526,1.16499,1.16513
2026-05-18 16:00:00,1.16513,1.16539,1.1647,1.16495
2026-05-18 16:03:00,1.16496,1.16504,1.16454,1.16474
2026-05-18 16:06:00,1.16474,1.16506,1.16458,1.16494
2026-05-18 16:09:00,1.16494,1.16511,1.16479,1.16507
2026-05-18 16:12:00,1.16507,1.16516,1.16495,1.16503
2026-05-18 16:15:00,1.16502,1.16502,1.16468,1.16491
2026-05-18 16:18:00,1.1649,1.16491,1.1644700000000001,1.16479
2026-05-18 16:21:00,1.16479,1.16479,1.1644700000000001,1.16464
2026-05-18 16:24:00,1.16464,1.16496,1.16459,1.1649
2026-05-18 16:27:00,1.1649,1.16497,1.16468,1.16497
2026-05-18 16:30:00,1.16497,1.16499,1.16473,1.16498
2026-05-18 16:33:00,1.16498,1.16504,1.16485,1.16499
2026-05-18 16:36:00,1.16499,1.16499,1.16474,1.1648399999999999
2026-05-18 16:39:00,1.1648399999999999,1.16485,1.16459,1.16464
2026-05-18 16:42:00,1.16464,1.16492,1.16429,1.16466
2026-05-18 16:45:00,1.16466,1.16543,1.16461,1.16543
2026-05-18 16:48:00,1.16543,1.16549,1.16511,1.16534
2026-05-18 16:51:00,1.16536,1.16545,1.16521,1.1654
2026-05-18 16:54:00,1.1654,1.1656,1.16528,1.16545
2026-05-18 16:57:00,1.16545,1.16557,1.16502,1.16506
2026-05-18 17:00:00,1.16506,1.16532,1.16464,1.16475
2026-05-18 17:03:00,1.16475,1.16479,1.16429,1.1644
2026-05-18 17:06:00,1.1644,1.16461,1.16424,1.16445
2026-05-18 17:09:00,1.16445,1.16479,1.16441,1.16474
2026-05-18 17:12:00,1.16474,1.16486,1.16434,1.16453
2026-05-18 17:15:00,1.16453,1.16471,1.16424,1.16459
2026-05-18 17:18:00,1.16459,1.16471,1.1644700000000001,1.1645699999999999
2026-05-18 17:21:00,1.1645699999999999,1.1646,1.16413,1.16434
2026-05-18 17:24:00,1.16434,1.16459,1.16424,1.16458
2026-05-18 17:27:00,1.16459,1.16462,1.16444,1.16455
2026-05-18 17:30:00,1.16454,1.16475,1.16439,1.1645
2026-05-18 17:33:00,1.1645,1.16452,1.16403,1.16403
2026-05-18 17:36:00,1.16409,1.16465,1.16402,1.16455
2026-05-18 17:39:00,1.16455,1.1645699999999999,1.1642000000000001,1.16441
2026-05-18 17:42:00,1.16441,1.1645,1.16417,1.16427
2026-05-18 17:45:00,1.16428,1.16439,1.16411,1.16433
2026-05-18 17:48:00,1.16433,1.16452,1.16417,1.16451
2026-05-18 17:51:00,1.16448,1.16469,1.16434,1.1645699999999999
2026-05-18 17:54:00,1.16458,1.16469,1.1644,1.1645699999999999
2026-05-18 17:57:00,1.1645699999999999,1.1645699999999999,1.16417,1.16418
2026-05-18 18:00:00,1.16418,1.16422,1.16347,1.16375
2026-05-18 18:03:00,1.16375,1.16375,1.16336,1.16353
2026-05-18 18:06:00,1.16354,1.16391,1.16344,1.1639
2026-05-18 18:09:00,1.16389,1.1639,1.16324,1.16382
2026-05-18 18:12:00,1.16382,1.16399,1.16378,1.16395
2026-05-18 18:15:00,1.16395,1.16401,1.16381,1.1639
2026-05-18 18:18:00,1.1639,1.1639,1.16361,1.1638
2026-05-18 18:21:00,1.1638,1.16405,1.16376,1.16385
2026-05-18 18:24:00,1.16385,1.16426,1.16379,1.16425
2026-05-18 18:27:00,1.16425,1.16425,1.16398,1.16405
2026-05-18 18:30:00,1.16404,1.16426,1.16385,1.1642000000000001
2026-05-18 18:33:00,1.1642000000000001,1.1646,1.16413,1.16446
2026-05-18 18:36:00,1.16446,1.16482,1.16446,1.16452
2026-05-18 18:39:00,1.16452,1.16491,1.16445,1.16485
2026-05-18 18:42:00,1.16485,1.16487,1.16451,1.16473
2026-05-18 18:45:00,1.16473,1.16476,1.16446,1.16459
2026-05-18 18:48:00,1.16459,1.16473,1.16452,1.16472
2026-05-18 18:51:00,1.16473,1.1648100000000001,1.16456,1.16479
2026-05-18 18:54:00,1.16478,1.16529,1.16477,1.16513
2026-05-18 18:57:00,1.16513,1.16525,1.1648,1.1648399999999999
2026-05-18 19:00:00,1.1648399999999999,1.16488,1.16431,1.1645
2026-05-18 19:03:00,1.1645,1.1648399999999999,1.16436,1.16483
2026-05-18 19:06:00,1.16483,1.16501,1.16465,1.16501
2026-05-18 19:09:00,1.165,1.16502,1.16482,1.16499
2026-05-18 19:12:00,1.16499,1.1654200000000001,1.16497,1.16537
2026-05-18 19:15:00,1.16537,1.1655,1.16525,1.16529
2026-05-18 19:18:00,1.16522,1.1656,1.16517,1.16555
2026-05-18 19:21:00,1.16555,1.16562,1.16507,1.16527
2026-05-18 19:24:00,1.16527,1.1654,1.16509,1.16516
2026-05-18 19:27:00,1.16516,1.16523,1.1648,1.16495
2026-05-18 19:30:00,1.16496,1.1653,1.16474,1.16521
2026-05-18 19:33:00,1.16521,1.16539,1.16514,1.16532
2026-05-18 19:36:00,1.16531,1.16539,1.16512,1.16523
2026-05-18 19:39:00,1.16523,1.16529,1.16498,1.16503
2026-05-18 19:42:00,1.16503,1.16514,1.16496,1.16505
2026-05-18 19:45:00,1.16505,1.16524,1.16497,1.16523
2026-05-18 19:48:00,1.16523,1.16539,1.16511,1.16537
2026-05-18 19:51:00,1.16537,1.16538,1.16505,1.1651799999999999
2026-05-18 19:54:00,1.1651799999999999,1.16535,1.16509,1.16531
2026-05-18 19:57:00,1.1653,1.16544,1.16503,1.16514
2026-05-18 20:00:00,1.16514,1.16532,1.16496,1.1651
2026-05-18 20:03:00,1.1651,1.16513,1.16495,1.16509
2026-05-18 20:06:00,1.16509,1.16525,1.165,1.165
2026-05-18 20:09:00,1.165,1.16513,1.16496,1.1650800000000001
2026-05-18 20:12:00,1.1650800000000001,1.1651,1.16498,1.16498
2026-05-18 20:15:00,1.16498,1.16534,1.16485,1.16528
2026-05-18 20:18:00,1.16528,1.16529,1.16509,1.16512
2026-05-18 20:21:00,1.16513,1.16525,1.16505,1.16515
2026-05-18 20:24:00,1.16515,1.16522,1.16513,1.16522
2026-05-18 20:27:00,1.16522,1.16526,1.16503,1.16514
2026-05-18 20:30:00,1.16514,1.1652,1.16507,1.1651
2026-05-18 20:33:00,1.1651,1.16513,1.16494,1.16505
2026-05-18 20:36:00,1.16505,1.16521,1.16501,1.16515
2026-05-18 20:39:00,1.16515,1.16532,1.1650800000000001,1.16519
2026-05-18 20:42:00,1.16519,1.16525,1.16509,1.16515
2026-05-18 20:45:00,1.16515,1.1652,1.16505,1.16512
2026-05-18 20:48:00,1.16512,1.16515,1.16495,1.16505
2026-05-18 20:51:00,1.16505,1.16516,1.16494,1.16503
2026-05-18 20:54:00,1.16503,1.16507,1.16488,1.16498
2026-05-18 20:57:00,1.16498,1.16503,1.16475,1.1648
2026-05-18 21:00:00,1.1648100000000001,1.16487,1.16443,1.16476
2026-05-18 21:03:00,1.16476,1.16479,1.16461,1.16473
2026-05-18 21:06:00,1.16473,1.16474,1.16448,1.16456
2026-05-18 21:09:00,1.16456,1.1646,1.16444,1.1645699999999999
2026-05-18 21:12:00,1.16456,1.16466,1.16445,1.16456
2026-05-18 21:15:00,1.16456,1.1645699999999999,1.16432,1.1644700000000001
2026-05-18 21:18:00,1.1644700000000001,1.16452,1.16435,1.16441
2026-05-18 21:21:00,1.16441,1.1645,1.16429,1.16438
2026-05-18 21:24:00,1.16438,1.16438,1.16379,1.16382
2026-05-18 21:27:00,1.16382,1.16393,1.1636199999999999,1.16388
2026-05-18 21:30:00,1.16388,1.16398,1.16378,1.16392
2026-05-18 21:33:00,1.1639,1.16395,1.16374,1.16388
2026-05-18 21:36:00,1.16388,1.16393,1.16357,1.16361
2026-05-18 21:39:00,1.16361,1.16368,1.16349,1.16361
2026-05-18 21:42:00,1.16361,1.16373,1.16346,1.16372
2026-05-18 21:45:00,1.16372,1.16372,1.16356,1.16358
2026-05-18 21:48:00,1.16358,1.16369,1.1635,1.16365
2026-05-18 21:51:00,1.16365,1.16368,1.16354,1.16358
2026-05-18 21:54:00,1.16358,1.16358,1.16343,1.16356
2026-05-18 21:57:00,1.16356,1.16356,1.16273,1.16292
2026-05-18 22:00:00,1.16292,1.16496,1.16288,1.16493
2026-05-18 22:03:00,1.16493,1.16563,1.1645699999999999,1.16478
2026-05-18 22:06:00,1.16479,1.16495,1.16434,1.1644700000000001
2026-05-18 22:09:00,1.1644700000000001,1.16477,1.16443,1.16465
2026-05-18 22:12:00,1.16465,1.16471,1.16453,1.16459
2026-05-18 22:15:00,1.16459,1.16478,1.16437,1.16467
2026-05-18 22:18:00,1.16467,1.16509,1.16458,1.16505
2026-05-18 22:21:00,1.16505,1.16509,1.16478,1.1648399999999999
2026-05-18 22:24:00,1.1648399999999999,1.16485,1.16443,1.16452
2026-05-18 22:27:00,1.1644700000000001,1.16478,1.16444,1.16474
2026-05-18 22:30:00,1.16475,1.16511,1.16469,1.16503
2026-05-18 22:33:00,1.16503,1.16504,1.16478,1.16501
2026-05-18 22:36:00,1.16501,1.16512,1.1649,1.16503
2026-05-18 22:39:00,1.16503,1.16525,1.16495,1.1652
2026-05-18 22:42:00,1.1652,1.16522,1.16498,1.16509
2026-05-18 22:45:00,1.16512,1.16525,1.16506,1.16517
2026-05-18 22:48:00,1.16517,1.16553,1.16515,1.16544
2026-05-18 22:51:00,1.16544,1.16555,1.16525,1.16536
2026-05-18 22:54:00,1.16536,1.16555,1.16529,1.16543
2026-05-18 22:57:00,1.16543,1.16545,1.16498,1.1651
2026-05-18 23:00:00,1.16509,1.16528,1.16506,1.16519
2026-05-18 23:03:00,1.16519,1.16551,1.1651799999999999,1.16551
2026-05-18 23:06:00,1.16551,1.16561,1.16547,1.1656
2026-05-18 23:09:00,1.1656,1.16566,1.16546,1.16562
2026-05-18 23:12:00,1.16562,1.16573,1.16552,1.16571
2026-05-18 23:15:00,1.16571,1.16592,1.16568,1.16592
2026-05-18 23:18:00,1.16592,1.16606,1.16584,1.166
2026-05-18 23:21:00,1.166,1.166,1.16583,1.16592
2026-05-18 23:24:00,1.16592,1.16596,1.16581,1.16583
2026-05-18 23:27:00,1.16583,1.16592,1.16574,1.1659
2026-05-18 23:30:00,1.16591,1.16593,1.16572,1.16575
2026-05-18 23:33:00,1.16576,1.16576,1.16562,1.1657
2026-05-18 23:36:00,1.1657,1.1657,1.16556,1.16556
2026-05-18 23:39:00,1.16556,1.16561,1.16547,1.16551
2026-05-18 23:42:00,1.16551,1.16585,1.16547,1.16576
2026-05-18 23:45:00,1.16576,1.16576,1.16564,1.16568
2026-05-18 23:48:00,1.16568,1.1657,1.16551,1.16555
2026-05-18 23:51:00,1.16555,1.16555,1.16545,1.16552
2026-05-18 23:54:00,1.16552,1.16553,1.16541,1.16545
2026-05-18 23:57:00,1.16545,1.16562,1.16544,1.16554
2026-05-19 00:00:00,1.16567,1.1656900000000001,1.16502,1.16513
2026-05-19 00:03:00,1.16513,1.16544,1.16489,1.1650800000000001
2026-05-19 00:06:00,1.1650800000000001,1.16524,1.16501,1.16501
2026-05-19 00:09:00,1.1651799999999999,1.16525,1.165,1.16521
2026-05-19 00:12:00,1.16521,1.16524,1.16489,1.1651799999999999
2026-05-19 00:15:00,1.1651799999999999,1.16521,1.16495,1.1650800000000001
2026-05-19 00:18:00,1.1650800000000001,1.16521,1.16507,1.16513
2026-05-19 00:21:00,1.16513,1.16522,1.1651,1.16515
2026-05-19 00:24:00,1.16515,1.16523,1.16501,1.16523
2026-05-19 00:27:00,1.16523,1.16526,1.16513,1.16513
2026-05-19 00:30:00,1.16513,1.16537,1.16513,1.16534
2026-05-19 00:33:00,1.16535,1.1654,1.1651,1.1654
2026-05-19 00:36:00,1.1654,1.16543,1.16528,1.16533
2026-05-19 00:39:00,1.16533,1.16573,1.16528,1.16572
2026-05-19 00:42:00,1.16572,1.16574,1.16536,1.1656900000000001
2026-05-19 00:45:00,1.1656900000000001,1.16589,1.16567,1.16574
2026-05-19 00:48:00,1.16574,1.1660300000000001,1.16571,1.16585
2026-05-19 00:51:00,1.16585,1.16608,1.16583,1.16596
2026-05-19 00:54:00,1.16596,1.16602,1.16582,1.16592
2026-05-19 00:57:00,1.16592,1.16596,1.16589,1.16593
2026-05-19 01:00:00,1.16593,1.16614,1.16585,1.16593
2026-05-19 01:03:00,1.16593,1.16605,1.1659,1.16604
2026-05-19 01:06:00,1.1660300000000001,1.1661299999999999,1.16593,1.16598
2026-05-19 01:09:00,1.16598,1.16602,1.1659,1.16595
2026-05-19 01:12:00,1.16595,1.16596,1.16584,1.16595
2026-05-19 01:15:00,1.16595,1.16597,1.1659,1.16596
2026-05-19 01:18:00,1.16596,1.16597,1.16585,1.16595
2026-05-19 01:21:00,1.16595,1.16597,1.16592,1.16592
2026-05-19 01:24:00,1.16592,1.16599,1.16592,1.16595
2026-05-19 01:27:00,1.16595,1.16596,1.16584,1.16589
2026-05-19 01:30:00,1.16589,1.16589,1.16578,1.16588
2026-05-19 01:33:00,1.16587,1.16596,1.16585,1.16593
2026-05-19 01:36:00,1.16592,1.16596,1.16584,1.16591
2026-05-19 01:39:00,1.16589,1.1660300000000001,1.16586,1.16601
2026-05-19 01:42:00,1.16601,1.16602,1.1658,1.16585
2026-05-19 01:45:00,1.16586,1.16586,1.16575,1.16577
2026-05-19 01:48:00,1.16577,1.16588,1.16572,1.16577
2026-05-19 01:51:00,1.16577,1.16586,1.16572,1.16572
2026-05-19 01:54:00,1.16576,1.16581,1.1657,1.16571
2026-05-19 01:57:00,1.16575,1.1657899999999999,1.1656900000000001,1.16576
2026-05-19 02:00:00,1.16576,1.16581,1.16574,1.1657899999999999
2026-05-19 02:03:00,1.1657899999999999,1.16584,1.16567,1.1657899999999999
2026-05-19 02:06:00,1.16577,1.1657899999999999,1.16565,1.16571
2026-05-19 02:09:00,1.16571,1.16575,1.1656,1.16562
2026-05-19 02:12:00,1.16562,1.16566,1.1656,1.16566
2026-05-19 02:15:00,1.16566,1.16566,1.16549,1.16561
2026-05-19 02:18:00,1.16561,1.16565,1.1655,1.16561
2026-05-19 02:21:00,1.16561,1.16567,1.16561,1.16566
2026-05-19 02:24:00,1.16566,1.1658,1.16559,1.16573
2026-05-19 02:27:00,1.16574,1.16581,1.16571,1.1657899999999999
2026-05-19 02:30:00,1.16578,1.16581,1.16553,1.16561
2026-05-19 02:33:00,1.16561,1.1656900000000001,1.16559,1.16568
2026-05-19 02:36:00,1.16568,1.1656900000000001,1.16557,1.16566
2026-05-19 02:39:00,1.16566,1.16578,1.16563,1.16576
2026-05-19 02:42:00,1.16575,1.16576,1.1657,1.16574
2026-05-19 02:45:00,1.16574,1.16575,1.16555,1.16567
2026-05-19 02:48:00,1.16566,1.16567,1.16547,1.16561
2026-05-19 02:51:00,1.16561,1.16565,1.16553,1.16562
2026-05-19 02:54:00,1.16558,1.16558,1.16543,1.16551
2026-05-19 02:57:00,1.16552,1.16554,1.16533,1.16546
2026-05-19 03:00:00,1.16547,1.16559,1.16506,1.16532
2026-05-19 03:03:00,1.16532,1.16535,1.16491,1.16502
2026-05-19 03:06:00,1.16502,1.16507,1.16486,1.16504
2026-05-19 03:09:00,1.16505,1.16512,1.16485,1.16497
2026-05-19 03:12:00,1.16485,1.16517,1.16485,1.1650800000000001
2026-05-19 03:15:00,1.1650800000000001,1.1650800000000001,1.16479,1.16493
2026-05-19 03:18:00,1.16497,1.16522,1.16486,1.16519
2026-05-19 03:21:00,1.16519,1.1654,1.16506,1.16523
2026-05-19 03:24:00,1.16524,1.16525,1.16495,1.16507
2026-05-19 03:27:00,1.16507,1.16513,1.16487,1.16504
2026-05-19 03:30:00,1.16506,1.1650800000000001,1.16492,1.16502
2026-05-19 03:33:00,1.16502,1.16502,1.16483,1.16485
2026-05-19 03:36:00,1.16485,1.16488,1.16471,1.16476
2026-05-19 03:39:00,1.16476,1.16478,1.1644700000000001,1.1645699999999999
2026-05-19 03:42:00,1.1645699999999999,1.16461,1.1644,1.1645699999999999
2026-05-19 03:45:00,1.1645699999999999,1.16462,1.16446,1.1645699999999999
2026-05-19 03:48:00,1.1645699999999999,1.16464,1.16446,1.16451
2026-05-19 03:51:00,1.16451,1.1645699999999999,1.16442,1.16442
2026-05-19 03:54:00,1.16442,1.16448,1.16432,1.16448
2026-05-19 03:57:00,1.16448,1.16452,1.1643,1.16445
2026-05-19 04:00:00,1.16444,1.16452,1.1643,1.16451
2026-05-19 04:03:00,1.16451,1.16451,1.16421,1.16435
2026-05-19 04:06:00,1.16435,1.1645,1.16424,1.1645
2026-05-19 04:09:00,1.1645,1.16458,1.16442,1.16455
2026-05-19 04:12:00,1.16455,1.1646,1.16441,1.16449
2026-05-19 04:15:00,1.1645,1.16471,1.16449,1.16469
2026-05-19 04:18:00,1.16468,1.16469,1.16446,1.1645699999999999
2026-05-19 04:21:00,1.16458,1.16458,1.16443,1.16451
2026-05-19 04:24:00,1.16451,1.16455,1.16438,1.1645
2026-05-19 04:27:00,1.1645,1.16462,1.16448,1.16462
2026-05-19 04:30:00,1.16462,1.16462,1.16439,1.1645
2026-05-19 04:33:00,1.1645,1.16461,1.16441,1.1646
2026-05-19 04:36:00,1.1646,1.1648100000000001,1.1646,1.16476
2026-05-19 04:39:00,1.16476,1.16489,1.1646,1.1648399999999999
2026-05-19 04:42:00,1.1648399999999999,1.16527,1.16478,1.16522
2026-05-19 04:45:00,1.16522,1.16522,1.1649,1.16504
2026-05-19 04:48:00,1.16504,1.16505,1.16482,1.165
2026-05-19 04:51:00,1.165,1.165,1.16477,1.16492
2026-05-19 04:54:00,1.16492,1.165,1.16459,1.16462
2026-05-19 04:57:00,1.16462,1.16477,1.1645699999999999,1.16463
2026-05-19 05:00:00,1.16461,1.16461,1.16434,1.16444
2026-05-19 05:03:00,1.16444,1.16445,1.16401,1.16412
2026-05-19 05:06:00,1.16412,1.16422,1.164,1.16415
2026-05-19 05:09:00,1.16415,1.16427,1.16402,1.16425
2026-05-19 05:12:00,1.16425,1.16442,1.16416,1.16432
2026-05-19 05:15:00,1.16431,1.16446,1.16416,1.16434
2026-05-19 05:18:00,1.16444,1.16458,1.16433,1.16453
2026-05-19 05:21:00,1.16453,1.16467,1.16445,1.1646
2026-05-19 05:24:00,1.1646,1.16467,1.16443,1.1646
2026-05-19 05:27:00,1.16459,1.1647,1.16438,1.1645
2026-05-19 05:30:00,1.1645,1.16459,1.16433,1.16458
2026-05-19 05:33:00,1.16458,1.16466,1.16446,1.16454
2026-05-19 05:36:00,1.16454,1.16461,1.16434,1.16439
2026-05-19 05:39:00,1.1644,1.1644700000000001,1.16426,1.1644
2026-05-19 05:42:00,1.1644,1.1644700000000001,1.16428,1.16446
2026-05-19 05:45:00,1.16445,1.16455,1.16438,1.16444
2026-05-19 05:48:00,1.16444,1.16444,1.16405,1.16428
2026-05-19 05:51:00,1.16428,1.16435,1.16422,1.16429
2026-05-19 05:54:00,1.16429,1.16437,1.16426,1.16429
2026-05-19 05:57:00,1.16428,1.16434,1.1642000000000001,1.16431
2026-05-19 06:00:00,1.16431,1.16431,1.16411,1.16411
2026-05-19 06:03:00,1.16411,1.16416,1.16399,1.16415
2026-05-19 06:06:00,1.16415,1.16426,1.16415,1.1642299999999999
2026-05-19 06:09:00,1.1642299999999999,1.1642299999999999,1.1641,1.16413
2026-05-19 06:12:00,1.16414,1.16436,1.16413,1.16428
2026-05-19 06:15:00,1.16428,1.16435,1.16418,1.16435
2026-05-19 06:18:00,1.16435,1.1645,1.16426,1.16446
2026-05-19 06:21:00,1.16446,1.1645,1.16435,1.16439
2026-05-19 06:24:00,1.16437,1.16456,1.16437,1.16454
2026-05-19 06:27:00,1.16454,1.16456,1.16436,1.1644700000000001
2026-05-19 06:30:00,1.1644700000000001,1.1645,1.16434,1.16443
2026-05-19 06:33:00,1.16443,1.16452,1.16433,1.16449
2026-05-19 06:36:00,1.16449,1.16449,1.16438,1.1644700000000001
2026-05-19 06:39:00,1.1644700000000001,1.1644700000000001,1.16435,1.16439
2026-05-19 06:42:00,1.16439,1.16444,1.16428,1.16436
2026-05-19 06:45:00,1.16436,1.16436,1.16413,1.16421
2026-05-19 06:48:00,1.16421,1.16429,1.16413,1.16421
2026-05-19 06:51:00,1.16421,1.16426,1.1641,1.16417
2026-05-19 06:54:00,1.16417,1.16421,1.16406,1.16412
2026-05-19 06:57:00,1.16412,1.16422,1.16405,1.16411
2026-05-19 07:00:00,1.1641,1.16415,1.16395,1.16411
2026-05-19 07:03:00,1.16411,1.16417,1.164,1.16417
2026-05-19 07:06:00,1.16417,1.16417,1.16411,1.16411
2026-05-19 07:09:00,1.16412,1.1642299999999999,1.16406,1.1642000000000001
2026-05-19 07:12:00,1.1642000000000001,1.1643,1.16415,1.16422
2026-05-19 07:15:00,1.16422,1.16422,1.16403,1.16414
2026-05-19 07:18:00,1.16414,1.16431,1.16409,1.16429
2026-05-19 07:21:00,1.16429,1.1643,1.16401,1.16408
2026-05-19 07:24:00,1.16408,1.16414,1.16397,1.16404
2026-05-19 07:27:00,1.16402,1.16416,1.16402,1.1641
2026-05-19 07:30:00,1.1641,1.1642299999999999,1.164,1.16421
2026-05-19 07:33:00,1.16421,1.16422,1.16401,1.16414
2026-05-19 07:36:00,1.16414,1.16419,1.16389,1.16401
2026-05-19 07:39:00,1.16401,1.16409,1.1639,1.16405
2026-05-19 07:42:00,1.16405,1.16407,1.16369,1.16375
2026-05-19 07:45:00,1.16375,1.16382,1.16355,1.16364
2026-05-19 07:48:00,1.16364,1.16364,1.1634,1.1636199999999999
2026-05-19 07:51:00,1.1636199999999999,1.16379,1.16356,1.16367
2026-05-19 07:54:00,1.16367,1.1637,1.16348,1.16364
2026-05-19 07:57:00,1.16364,1.16368,1.1635,1.16364
2026-05-19 08:00:00,1.16364,1.16376,1.16353,1.16365
2026-05-19 08:03:00,1.16365,1.16365,1.16342,1.1635900000000001
2026-05-19 08:06:00,1.1635900000000001,1.16375,1.16345,1.16374
2026-05-19 08:09:00,1.16374,1.1639599999999999,1.16367,1.1638600000000001
2026-05-19 08:12:00,1.1638600000000001,1.16394,1.16374,1.1638600000000001
2026-05-19 08:15:00,1.1638600000000001,1.1639,1.16368,1.16385
2026-05-19 08:18:00,1.16384,1.1638600000000001,1.16368,1.1638
2026-05-19 08:21:00,1.1638,1.16384,1.16327,1.16342
2026-05-19 08:24:00,1.16342,1.16347,1.16326,1.16334
2026-05-19 08:27:00,1.16334,1.1636199999999999,1.16331,1.16353
2026-05-19 08:30:00,1.16353,1.1636,1.16333,1.16349
2026-05-19 08:33:00,1.16349,1.16365,1.16344,1.1636
2026-05-19 08:36:00,1.1636,1.16387,1.16348,1.16381
2026-05-19 08:39:00,1.16381,1.1639,1.16366,1.16383
2026-05-19 08:42:00,1.16383,1.16394,1.16373,1.16384
2026-05-19 08:45:00,1.16384,1.16387,1.16368,1.16384
2026-05-19 08:48:00,1.16381,1.16403,1.16372,1.16389
2026-05-19 08:51:00,1.16397,1.16428,1.16391,1.16427
2026-05-19 08:54:00,1.16427,1.1643,1.16404,1.16413
2026-05-19 08:57:00,1.16413,1.16425,1.16397,1.1642000000000001
2026-05-19 09:00:00,1.1642000000000001,1.1642299999999999,1.16376,1.16419
2026-05-19 09:03:00,1.16419,1.16419,1.16391,1.16397
2026-05-19 09:06:00,1.1639599999999999,1.16417,1.16378,1.16416
2026-05-19 09:09:00,1.16416,1.16416,1.16395,1.16409
2026-05-19 09:12:00,1.16409,1.16426,1.1639,1.16404
2026-05-19 09:15:00,1.16404,1.16407,1.16388,1.16402
2026-05-19 09:18:00,1.16402,1.1644700000000001,1.16402,1.16443
2026-05-19 09:21:00,1.16442,1.1645699999999999,1.1643,1.16445
2026-05-19 09:24:00,1.16445,1.16445,1.16429,1.16438
2026-05-19 09:27:00,1.16438,1.16441,1.16417,1.16428
2026-05-19 09:30:00,1.16428,1.16429,1.16399,1.16411
2026-05-19 09:33:00,1.16411,1.16411,1.16378,1.1639
2026-05-19 09:36:00,1.1639,1.1641,1.16379,1.16408
2026-05-19 09:39:00,1.16407,1.16417,1.164,1.16404
2026-05-19 09:42:00,1.16404,1.1642299999999999,1.16403,1.16419
2026-05-19 09:45:00,1.16419,1.16424,1.16366,1.16369
2026-05-19 09:48:00,1.16369,1.1639,1.16351,1.16371
2026-05-19 09:51:00,1.16371,1.1639,1.16369,1.16387
2026-05-19 09:54:00,1.1638600000000001,1.1638600000000001,1.16366,1.16375
2026-05-19 09:57:00,1.16375,1.16379,1.16354,1.16366
2026-05-19 10:00:00,1.16365,1.16365,1.16321,1.1633499999999999
2026-05-19 10:03:00,1.1633499999999999,1.16357,1.1632,1.1633499999999999
2026-05-19 10:06:00,1.1633499999999999,1.1633499999999999,1.16295,1.16315
2026-05-19 10:09:00,1.16315,1.16333,1.16304,1.16317
2026-05-19 10:12:00,1.16332,1.16353,1.16316,1.16342
2026-05-19 10:15:00,1.16343,1.16347,1.16324,1.16337
2026-05-19 10:18:00,1.16337,1.16342,1.16303,1.16307
2026-05-19 10:21:00,1.16309,1.16322,1.1630099999999999,1.16305
2026-05-19 10:24:00,1.16305,1.16314,1.16291,1.16302
2026-05-19 10:27:00,1.16302,1.16316,1.16294,1.16316
2026-05-19 10:30:00,1.16316,1.1632,1.16299,1.16311
2026-05-19 10:33:00,1.16311,1.16328,1.16304,1.16311
2026-05-19 10:36:00,1.16311,1.16329,1.16302,1.16328
2026-05-19 10:39:00,1.16328,1.16337,1.16309,1.16319
2026-05-19 10:42:00,1.16319,1.16328,1.16306,1.1631
2026-05-19 10:45:00,1.1631,1.16363,1.16307,1.16355
2026-05-19 10:48:00,1.16355,1.16375,1.16353,1.16371
2026-05-19 10:51:00,1.16371,1.16374,1.16356,1.16365
2026-05-19 10:54:00,1.16364,1.16371,1.16351,1.16364
2026-05-19 10:57:00,1.16363,1.16363,1.16339,1.16347
2026-05-19 11:00:00,1.16347,1.16352,1.16321,1.1633
2026-05-19 11:03:00,1.1633,1.1635900000000001,1.16323,1.16341
2026-05-19 11:06:00,1.16341,1.16341,1.1631,1.16323
2026-05-19 11:09:00,1.16323,1.16332,1.16291,1.16295
2026-05-19 11:12:00,1.16295,1.16296,1.1625,1.1628
2026-05-19 11:15:00,1.1628,1.16308,1.16279,1.163
2026-05-19 11:18:00,1.1629800000000001,1.16322,1.16288,1.16296
2026-05-19 11:21:00,1.16295,1.16307,1.16273,1.16287
2026-05-19 11:24:00,1.16287,1.16297,1.16272,1.16292
2026-05-19 11:27:00,1.16292,1.16306,1.16279,1.1630099999999999
2026-05-19 11:30:00,1.1630099999999999,1.16319,1.1629,1.16316
2026-05-19 11:33:00,1.16316,1.16337,1.16307,1.16329
2026-05-19 11:36:00,1.16329,1.16329,1.16293,1.16302
2026-05-19 11:39:00,1.16303,1.16309,1.16259,1.16279
2026-05-19 11:42:00,1.16279,1.16285,1.16263,1.16272
2026-05-19 11:45:00,1.16272,1.16283,1.1626,1.16269
2026-05-19 11:48:00,1.16269,1.16278,1.16253,1.16277
2026-05-19 11:51:00,1.16277,1.16277,1.1622,1.16229
2026-05-19 11:54:00,1.16229,1.16246,1.16222,1.16237
2026-05-19 11:57:00,1.16237,1.1623999999999999,1.16222,1.16233
2026-05-19 12:00:00,1.16233,1.16233,1.1620300000000001,1.16207
2026-05-19 12:03:00,1.16208,1.16223,1.16197,1.16202
2026-05-19 12:06:00,1.16202,1.16218,1.162,1.16202
2026-05-19 12:09:00,1.16202,1.16217,1.16187,1.16196
2026-05-19 12:12:00,1.16196,1.16197,1.1615199999999999,1.16174
2026-05-19 12:15:00,1.16174,1.1618,1.16157,1.16167
2026-05-19 12:18:00,1.16167,1.1617,1.16143,1.16162
2026-05-19 12:21:00,1.16162,1.16168,1.16149,1.16158
2026-05-19 12:24:00,1.16158,1.16192,1.16155,1.16192
2026-05-19 12:27:00,1.16192,1.16195,1.16162,1.16177
2026-05-19 12:30:00,1.16177,1.16186,1.16136,1.16155
2026-05-19 12:33:00,1.16155,1.16165,1.16139,1.16162
2026-05-19 12:36:00,1.16162,1.1619,1.16151,1.16171
2026-05-19 12:39:00,1.16176,1.16196,1.16172,1.1619
2026-05-19 12:42:00,1.1619,1.16193,1.16173,1.1618
2026-05-19 12:45:00,1.1618,1.16184,1.16162,1.16167
2026-05-19 12:48:00,1.16167,1.16189,1.16164,1.16183
2026-05-19 12:51:00,1.16189,1.16197,1.16174,1.16192
2026-05-19 12:54:00,1.16186,1.162,1.16174,1.1617899999999999
2026-05-19 12:57:00,1.1617899999999999,1.16204,1.1617899999999999,1.16185
2026-05-19 13:00:00,1.16188,1.16199,1.16177,1.16191
2026-05-19 13:03:00,1.16198,1.16198,1.1618,1.16196
2026-05-19 13:06:00,1.16196,1.16214,1.16188,1.16212
2026-05-19 13:09:00,1.16212,1.16246,1.16204,1.16235
2026-05-19 13:12:00,1.16235,1.16259,1.16229,1.16251
2026-05-19 13:15:00,1.16251,1.16258,1.16234,1.16246
2026-05-19 13:18:00,1.16246,1.16251,1.16227,1.16238
2026-05-19 13:21:00,1.16238,1.16265,1.16226,1.1626400000000001
2026-05-19 13:24:00,1.1626400000000001,1.16265,1.1623999999999999,1.16246
2026-05-19 13:27:00,1.16246,1.16259,1.16235,1.16247
2026-05-19 13:30:00,1.16247,1.16253,1.16223,1.16241
2026-05-19 13:33:00,1.16241,1.16252,1.1621,1.16218
2026-05-19 13:36:00,1.16218,1.1622,1.16173,1.16184
2026-05-19 13:39:00,1.16184,1.1621299999999999,1.1618,1.16187
2026-05-19 13:42:00,1.16187,1.16187,1.16106,1.16124
2026-05-19 13:45:00,1.16125,1.16174,1.16116,1.16173
2026-05-19 13:48:00,1.16173,1.1618,1.16145,1.16176
2026-05-19 13:51:00,1.16176,1.16197,1.16163,1.16191
2026-05-19 13:54:00,1.1619,1.1621,1.16173,1.16202
2026-05-19 13:57:00,1.16206,1.16234,1.16193,1.16215
2026-05-19 14:00:00,1.16215,1.16223,1.16193,1.1620300000000001
2026-05-19 14:03:00,1.1620300000000001,1.16219,1.1619,1.16197
2026-05-19 14:06:00,1.16197,1.16205,1.16181,1.16194
2026-05-19 14:09:00,1.16194,1.16205,1.16177,1.16205
2026-05-19 14:12:00,1.16205,1.16207,1.16177,1.16178
2026-05-19 14:15:00,1.16182,1.16187,1.16167,1.16186
2026-05-19 14:18:00,1.16186,1.16199,1.1616900000000001,1.1619
2026-05-19 14:21:00,1.1619,1.16202,1.1618,1.16183
2026-05-19 14:24:00,1.16191,1.16201,1.16174,1.16175
2026-05-19 14:27:00,1.16175,1.16188,1.16164,1.16188
2026-05-19 14:30:00,1.16188,1.16208,1.16182,1.16208
2026-05-19 14:33:00,1.16208,1.16218,1.1619,1.1621299999999999
2026-05-19 14:36:00,1.1621299999999999,1.16219,1.16199,1.16218
2026-05-19 14:39:00,1.16218,1.16219,1.1620300000000001,1.16218
2026-05-19 14:42:00,1.16219,1.16225,1.16204,1.16216
2026-05-19 14:45:00,1.16216,1.16222,1.16195,1.16204
2026-05-19 14:48:00,1.16204,1.16217,1.16204,1.16208
2026-05-19 14:51:00,1.16208,1.16212,1.16186,1.16188
2026-05-19 14:54:00,1.16186,1.1620300000000001,1.16163,1.16172
2026-05-19 14:57:00,1.16172,1.16187,1.1615,1.16165
2026-05-19 15:00:00,1.16153,1.16188,1.1615,1.16177
2026-05-19 15:03:00,1.16177,1.16205,1.16163,1.16192
2026-05-19 15:06:00,1.16192,1.1621,1.16182,1.16209
2026-05-19 15:09:00,1.16208,1.16223,1.1619,1.16219
2026-05-19 15:12:00,1.1622,1.16229,1.16206,1.16219
2026-05-19 15:15:00,1.16219,1.16227,1.16199,1.1621299999999999
2026-05-19 15:18:00,1.16212,1.1622,1.16194,1.16218
2026-05-19 15:21:00,1.16218,1.16219,1.16195,1.1620300000000001
2026-05-19 15:24:00,1.1620300000000001,1.16222,1.1620300000000001,1.16222
2026-05-19 15:27:00,1.16222,1.16238,1.1621,1.16223
2026-05-19 15:30:00,1.16223,1.16232,1.16208,1.16214
2026-05-19 15:33:00,1.16214,1.16223,1.16173,1.16192
2026-05-19 15:36:00,1.16192,1.1620300000000001,1.16176,1.16198
2026-05-19 15:39:00,1.16198,1.16226,1.16161,1.16226
2026-05-19 15:42:00,1.16226,1.16235,1.1616900000000001,1.16181
2026-05-19 15:45:00,1.16181,1.1621299999999999,1.16177,1.16202
2026-05-19 15:48:00,1.16202,1.16217,1.1617899999999999,1.16191
2026-05-19 15:51:00,1.16191,1.16198,1.16148,1.1615
2026-05-19 15:54:00,1.16163,1.1620300000000001,1.16155,1.162
2026-05-19 15:57:00,1.162,1.16208,1.16165,1.16166
2026-05-19 16:00:00,1.16166,1.16178,1.16147,1.16155
2026-05-19 16:03:00,1.16155,1.1618,1.1614200000000001,1.1617
2026-05-19 16:06:00,1.1617,1.16178,1.16104,1.16131
2026-05-19 16:09:00,1.16131,1.1615199999999999,1.16126,1.16148
2026-05-19 16:12:00,1.16148,1.16172,1.16129,1.1614200000000001
2026-05-19 16:15:00,1.1614200000000001,1.16151,1.16112,1.16116
2026-05-19 16:18:00,1.16116,1.16117,1.16058,1.1607
2026-05-19 16:21:00,1.16068,1.16096,1.16059,1.16067
2026-05-19 16:24:00,1.16067,1.16077,1.1605699999999999,1.16065
2026-05-19 16:27:00,1.16066,1.16082,1.16041,1.16055
2026-05-19 16:30:00,1.16055,1.16065,1.16008,1.16031
2026-05-19 16:33:00,1.16031,1.16058,1.16022,1.16048
2026-05-19 16:36:00,1.16048,1.16089,1.16032,1.16073
2026-05-19 16:39:00,1.16073,1.16083,1.16049,1.1605699999999999
2026-05-19 16:42:00,1.1605699999999999,1.16097,1.16045,1.16087
2026-05-19 16:45:00,1.16087,1.16103,1.16067,1.16094
2026-05-19 16:48:00,1.16094,1.16129,1.1608,1.16126
2026-05-19 16:51:00,1.16126,1.16129,1.16094,1.16105
2026-05-19 16:54:00,1.16105,1.16154,1.161,1.16149
2026-05-19 16:57:00,1.16149,1.16156,1.16126,1.16137
2026-05-19 17:00:00,1.16136,1.16137,1.16096,1.16102
2026-05-19 17:03:00,1.16102,1.16168,1.16095,1.16125
2026-05-19 17:06:00,1.16125,1.16153,1.16078,1.16093
2026-05-19 17:09:00,1.16094,1.16119,1.16079,1.16111
2026-05-19 17:12:00,1.16111,1.16117,1.16045,1.16052
2026-05-19 17:15:00,1.16052,1.16064,1.16023,1.16042
2026-05-19 17:18:00,1.16043,1.16055,1.16027,1.16041
2026-05-19 17:21:00,1.16042,1.16042,1.16008,1.16013
2026-05-19 17:24:00,1.16013,1.16015,1.15956,1.15965
2026-05-19 17:27:00,1.15965,1.16017,1.1594,1.16006
2026-05-19 17:30:00,1.16006,1.16013,1.15975,1.15993
2026-05-19 17:33:00,1.15992,1.16008,1.15965,1.15988
2026-05-19 17:36:00,1.15988,1.15992,1.15945,1.1597
2026-05-19 17:39:00,1.1597,1.15991,1.15949,1.15984
2026-05-19 17:42:00,1.15984,1.15993,1.15949,1.15961
2026-05-19 17:45:00,1.15961,1.16009,1.15954,1.15982
2026-05-19 17:48:00,1.15982,1.15998,1.15954,1.15995
2026-05-19 17:51:00,1.15995,1.15998,1.1595900000000001,1.1596899999999999
2026-05-19 17:54:00,1.1596899999999999,1.1598,1.15945,1.15973
2026-05-19 17:57:00,1.15973,1.15998,1.15942,1.15955
2026-05-19 18:00:00,1.15954,1.1598,1.15942,1.15966
2026-05-19 18:03:00,1.15966,1.15971,1.15942,1.1595
2026-05-19 18:06:00,1.1595,1.15975,1.15909,1.15926
2026-05-19 18:09:00,1.15926,1.15953,1.15913,1.15939
2026-05-19 18:12:00,1.15941,1.15952,1.15926,1.15949
2026-05-19 18:15:00,1.15949,1.15966,1.15927,1.15961
2026-05-19 18:18:00,1.15958,1.15973,1.1593499999999999,1.15943
2026-05-19 18:21:00,1.15945,1.15956,1.15926,1.15937
2026-05-19 18:24:00,1.15937,1.15954,1.15926,1.15946
2026-05-19 18:27:00,1.15952,1.15982,1.15945,1.15958
2026-05-19 18:30:00,1.15954,1.15982,1.1594,1.15977
2026-05-19 18:33:00,1.15977,1.15989,1.15963,1.15973
2026-05-19 18:36:00,1.15973,1.16,1.15962,1.15999
2026-05-19 18:39:00,1.15999,1.16013,1.15976,1.16013
2026-05-19 18:42:00,1.16013,1.16029,1.15994,1.15998
2026-05-19 18:45:00,1.15994,1.16018,1.15987,1.16013
2026-05-19 18:48:00,1.16013,1.16022,1.15997,1.16006
2026-05-19 18:51:00,1.16007,1.16017,1.16001,1.1601
2026-05-19 18:54:00,1.1601,1.16019,1.1599,1.16013
2026-05-19 18:57:00,1.16013,1.16028,1.16003,1.16015
2026-05-19 19:00:00,1.16013,1.16024,1.16,1.16004
2026-05-19 19:03:00,1.16004,1.16004,1.15961,1.15962
2026-05-19 19:06:00,1.15962,1.15985,1.15954,1.15981
2026-05-19 19:09:00,1.1598,1.16002,1.15961,1.1599
2026-05-19 19:12:00,1.1599,1.16004,1.15972,1.15984
2026-05-19 19:15:00,1.15984,1.1599,1.15974,1.15979
2026-05-19 19:18:00,1.15979,1.15994,1.1597,1.15987
2026-05-19 19:21:00,1.15987,1.1602000000000001,1.15982,1.16018
2026-05-19 19:24:00,1.16018,1.16038,1.1601,1.16028
2026-05-19 19:27:00,1.16034,1.16058,1.16019,1.16051
2026-05-19 19:30:00,1.16048,1.16082,1.16036,1.1606
2026-05-19 19:33:00,1.16059,1.16065,1.16036,1.1604700000000001
2026-05-19 19:36:00,1.1604700000000001,1.16074,1.16037,1.16071
2026-05-19 19:39:00,1.16071,1.1609,1.1606,1.16082
2026-05-19 19:42:00,1.16083,1.16093,1.1607,1.16084
2026-05-19 19:45:00,1.16084,1.16088,1.16065,1.16078
2026-05-19 19:48:00,1.16077,1.16077,1.1605,1.16061
2026-05-19 19:51:00,1.16061,1.16079,1.16053,1.16078
2026-05-19 19:54:00,1.16078,1.16082,1.16055,1.16067
2026-05-19 19:57:00,1.16067,1.16078,1.16063,1.16069
2026-05-19 20:00:00,1.16069,1.1609,1.16058,1.16089
2026-05-19 20:03:00,1.16089,1.16103,1.16068,1.16079
2026-05-19 20:06:00,1.16079,1.16095,1.1607,1.16088
2026-05-19 20:09:00,1.16088,1.161,1.16084,1.16088
2026-05-19 20:12:00,1.16088,1.16122,1.16084,1.16116
2026-05-19 20:15:00,1.16116,1.1612,1.16097,1.16103
2026-05-19 20:18:00,1.16103,1.1610800000000001,1.16088,1.1609
2026-05-19 20:21:00,1.1609,1.16103,1.1609,1.16096
2026-05-19 20:24:00,1.16096,1.16099,1.1608100000000001,1.1609099999999999
2026-05-19 20:27:00,1.1609099999999999,1.16098,1.16075,1.16094
2026-05-19 20:30:00,1.16094,1.16106,1.1609,1.16094
2026-05-19 20:33:00,1.16094,1.16094,1.1606,1.16075
2026-05-19 20:36:00,1.16075,1.1609,1.16075,1.16083
2026-05-19 20:39:00,1.16083,1.16103,1.16072,1.16079
2026-05-19 20:42:00,1.16079,1.16103,1.16075,1.16102
2026-05-19 20:45:00,1.16102,1.16104,1.16086,1.1609099999999999
2026-05-19 20:48:00,1.1609099999999999,1.16098,1.1608100000000001,1.16098
2026-05-19 20:51:00,1.16098,1.1610800000000001,1.16089,1.16098
2026-05-19 20:54:00,1.16098,1.16111,1.1609099999999999,1.16107
2026-05-19 20:57:00,1.16107,1.16115,1.16093,1.16097
2026-05-19 21:00:00,1.16097,1.16123,1.16097,1.1611799999999999
2026-05-19 21:03:00,1.1611799999999999,1.16138,1.16114,1.1613
2026-05-19 21:06:00,1.1613,1.16136,1.16115,1.16134
2026-05-19 21:09:00,1.16134,1.16147,1.16115,1.16135
2026-05-19 21:12:00,1.16135,1.16135,1.16113,1.16122
2026-05-19 21:15:00,1.16122,1.16122,1.1610800000000001,1.16114
2026-05-19 21:18:00,1.16114,1.16124,1.16111,1.1611799999999999
2026-05-19 21:21:00,1.1611799999999999,1.16124,1.16095,1.161
2026-05-19 21:24:00,1.16097,1.16125,1.1609099999999999,1.16122
2026-05-19 21:27:00,1.16122,1.16126,1.1608,1.16083
2026-05-19 21:30:00,1.16083,1.16087,1.16065,1.16079
2026-05-19 21:33:00,1.16079,1.16083,1.16066,1.16079
2026-05-19 21:36:00,1.16079,1.1608100000000001,1.16055,1.16069
2026-05-19 21:39:00,1.16069,1.16093,1.16064,1.16092
2026-05-19 21:42:00,1.16093,1.16096,1.16079,1.1609099999999999
2026-05-19 21:45:00,1.1609,1.1609,1.16078,1.1608100000000001
2026-05-19 21:48:00,1.1608100000000001,1.16084,1.16066,1.16069
2026-05-19 21:51:00,1.16069,1.16069,1.16032,1.16044
2026-05-19 21:54:00,1.16041,1.16051,1.16017,1.16045
2026-05-19 21:57:00,1.16045,1.16051,1.1602999999999999,1.16032
2026-05-19 22:00:00,1.16031,1.16066,1.16028,1.1604700000000001
2026-05-19 22:03:00,1.16046,1.16054,1.16023,1.16035
2026-05-19 22:06:00,1.16035,1.16036,1.16014,1.16029
2026-05-19 22:09:00,1.16029,1.16048,1.16027,1.16038
2026-05-19 22:12:00,1.16038,1.1605699999999999,1.16037,1.16054
2026-05-19 22:15:00,1.16054,1.16061,1.16032,1.1604700000000001
2026-05-19 22:18:00,1.1604700000000001,1.1605,1.16037,1.16043
2026-05-19 22:21:00,1.16043,1.16044,1.16024,1.16027
2026-05-19 22:24:00,1.16027,1.16036,1.16021,1.16034
2026-05-19 22:27:00,1.16034,1.16048,1.16027,1.16045
2026-05-19 22:30:00,1.16046,1.16051,1.16031,1.16043
2026-05-19 22:33:00,1.16043,1.16048,1.16035,1.16044
2026-05-19 22:36:00,1.16044,1.16062,1.16037,1.16062
2026-05-19 22:39:00,1.16062,1.1608,1.1605699999999999,1.16069
2026-05-19 22:42:00,1.16069,1.16078,1.1606,1.16077
2026-05-19 22:45:00,1.16077,1.16077,1.1605699999999999,1.16061
2026-05-19 22:48:00,1.16061,1.16072,1.1605699999999999,1.16072
2026-05-19 22:51:00,1.16069,1.16073,1.16058,1.16065
2026-05-19 22:54:00,1.16065,1.16065,1.16032,1.16051
2026-05-19 22:57:00,1.16051,1.16064,1.16041,1.16063
2026-05-19 23:00:00,1.16062,1.16063,1.16048,1.16053
2026-05-19 23:03:00,1.16054,1.16054,1.16028,1.16043
2026-05-19 23:06:00,1.16048,1.1605,1.16033,1.1604700000000001
2026-05-19 23:09:00,1.1604700000000001,1.1605,1.16037,1.1605
2026-05-19 23:12:00,1.1605,1.16051,1.16035,1.16041
2026-05-19 23:15:00,1.16041,1.16043,1.16031,1.16038
2026-05-19 23:18:00,1.16038,1.16045,1.16025,1.16025
2026-05-19 23:21:00,1.16033,1.16041,1.16023,1.16041
2026-05-19 23:24:00,1.16041,1.1604700000000001,1.16034,1.16042
2026-05-19 23:27:00,1.16042,1.16048,1.16038,1.16046
2026-05-19 23:30:00,1.1604700000000001,1.16056,1.1604700000000001,1.16053
2026-05-19 23:33:00,1.16053,1.16064,1.16052,1.16063
2026-05-19 23:36:00,1.16063,1.16067,1.16061,1.16066
2026-05-19 23:39:00,1.16066,1.16067,1.1606,1.16061
2026-05-19 23:42:00,1.16061,1.16061,1.16051,1.16052
2026-05-19 23:45:00,1.16052,1.16052,1.16042,1.1604700000000001
2026-05-19 23:48:00,1.1604700000000001,1.1605699999999999,1.16046,1.16056
2026-05-19 23:51:00,1.16056,1.1605699999999999,1.16051,1.16055
2026-05-19 23:54:00,1.16055,1.16062,1.16051,1.16061
2026-05-19 23:57:00,1.16061,1.16067,1.16056,1.16061
2026-05-20 00:00:00,1.16032,1.16032,1.16003,1.16007
2026-05-20 00:03:00,1.16007,1.16036,1.15975,1.1602000000000001
2026-05-20 00:06:00,1.16029,1.16043,1.16007,1.16039
2026-05-20 00:09:00,1.16034,1.16061,1.15993,1.16058
2026-05-20 00:12:00,1.16058,1.16058,1.16021,1.16037
2026-05-20 00:15:00,1.16037,1.16056,1.16037,1.16045
2026-05-20 00:18:00,1.16045,1.16051,1.16034,1.16045
2026-05-20 00:21:00,1.16045,1.16045,1.16035,1.16045
2026-05-20 00:24:00,1.16045,1.16058,1.16036,1.16058
2026-05-20 00:27:00,1.16058,1.16075,1.16058,1.16075
2026-05-20 00:30:00,1.16075,1.16075,1.16069,1.16075
2026-05-20 00:33:00,1.16075,1.16084,1.16069,1.16082
2026-05-20 00:36:00,1.16082,1.16084,1.16072,1.16073
2026-05-20 00:39:00,1.16073,1.16073,1.1607,1.16072
2026-05-20 00:42:00,1.16072,1.16077,1.1606,1.16066
2026-05-20 00:45:00,1.16066,1.16072,1.16058,1.16059
2026-05-20 00:48:00,1.16059,1.16071,1.16059,1.16071
2026-05-20 00:51:00,1.16071,1.16082,1.16071,1.16082
2026-05-20 00:54:00,1.16082,1.16082,1.16063,1.16077
2026-05-20 00:57:00,1.16077,1.16079,1.16063,1.16077
2026-05-20 01:00:00,1.16077,1.16077,1.1605699999999999,1.16062
2026-05-20 01:03:00,1.16062,1.16066,1.16056,1.16066
2026-05-20 01:06:00,1.16066,1.16072,1.16064,1.16069
2026-05-20 01:09:00,1.16069,1.16072,1.16067,1.16067
2026-05-20 01:12:00,1.16067,1.16072,1.16065,1.1607
2026-05-20 01:15:00,1.1607,1.16074,1.16069,1.16073
2026-05-20 01:18:00,1.16073,1.16079,1.16063,1.16077
2026-05-20 01:21:00,1.16077,1.16079,1.16064,1.16078
2026-05-20 01:24:00,1.16078,1.1608,1.16067,1.16079
2026-05-20 01:27:00,1.16079,1.1608100000000001,1.16079,1.16079
2026-05-20 01:30:00,1.16079,1.16079,1.16071,1.16073
2026-05-20 01:33:00,1.16071,1.16086,1.16071,1.16085
2026-05-20 01:36:00,1.16085,1.16086,1.16074,1.16076
2026-05-20 01:39:00,1.16076,1.16077,1.16066,1.16067
2026-05-20 01:42:00,1.16067,1.16073,1.16064,1.16069
2026-05-20 01:45:00,1.16069,1.16072,1.16065,1.1607
2026-05-20 01:48:00,1.1607,1.16074,1.16063,1.16069
2026-05-20 01:51:00,1.16069,1.16071,1.16061,1.16071
2026-05-20 01:54:00,1.16071,1.16078,1.16068,1.16077
2026-05-20 01:57:00,1.16077,1.16087,1.16077,1.16086
2026-05-20 02:00:00,1.16086,1.16088,1.16075,1.16078
2026-05-20 02:03:00,1.16079,1.16083,1.16071,1.16078
2026-05-20 02:06:00,1.16078,1.16086,1.16076,1.16077
2026-05-20 02:09:00,1.16077,1.16088,1.16071,1.16087
2026-05-20 02:12:00,1.16087,1.1609,1.16079,1.16089
2026-05-20 02:15:00,1.16089,1.16094,1.16086,1.16094
2026-05-20 02:18:00,1.16094,1.16098,1.16086,1.16097
2026-05-20 02:21:00,1.16097,1.16098,1.1609,1.1609
2026-05-20 02:24:00,1.16098,1.16098,1.16095,1.16095
2026-05-20 02:27:00,1.16095,1.16103,1.16086,1.16102
2026-05-20 02:30:00,1.16102,1.16109,1.1609099999999999,1.1610800000000001
2026-05-20 02:33:00,1.1610800000000001,1.16128,1.16103,1.16121
2026-05-20 02:36:00,1.16121,1.16123,1.16105,1.16115
2026-05-20 02:39:00,1.16115,1.1611799999999999,1.16106,1.1611
2026-05-20 02:42:00,1.1611,1.16113,1.16099,1.16107
2026-05-20 02:45:00,1.16107,1.16112,1.16094,1.16094
2026-05-20 02:48:00,1.16094,1.16099,1.16089,1.16099
2026-05-20 02:51:00,1.16099,1.16104,1.16096,1.16097
2026-05-20 02:54:00,1.16097,1.16097,1.16077,1.16087
2026-05-20 02:57:00,1.1609,1.16093,1.16061,1.16066
2026-05-20 03:00:00,1.16067,1.16068,1.16044,1.16068
2026-05-20 03:03:00,1.16068,1.16068,1.1604700000000001,1.16054
2026-05-20 03:06:00,1.16056,1.16056,1.16025,1.16039
2026-05-20 03:09:00,1.16039,1.16054,1.16035,1.16049
2026-05-20 03:12:00,1.1605,1.16055,1.16041,1.16048
2026-05-20 03:15:00,1.16049,1.16061,1.16037,1.16051
2026-05-20 03:18:00,1.16051,1.16065,1.16038,1.16063
2026-05-20 03:21:00,1.16063,1.1607,1.16059,1.16065
2026-05-20 03:24:00,1.16065,1.16103,1.16061,1.16086
2026-05-20 03:27:00,1.16086,1.1609099999999999,1.16073,1.16085
2026-05-20 03:30:00,1.16085,1.16105,1.16082,1.16088
2026-05-20 03:33:00,1.16088,1.16092,1.16073,1.16088
2026-05-20 03:36:00,1.16088,1.16093,1.16066,1.16072
2026-05-20 03:39:00,1.16073,1.16077,1.16044,1.16044
2026-05-20 03:42:00,1.16045,1.16046,1.16034,1.16043
2026-05-20 03:45:00,1.16043,1.1604700000000001,1.16032,1.16043
2026-05-20 03:48:00,1.16043,1.1604700000000001,1.16034,1.16037
2026-05-20 03:51:00,1.16037,1.16049,1.16032,1.16048
2026-05-20 03:54:00,1.16048,1.1606,1.16039,1.16043
2026-05-20 03:57:00,1.16043,1.1605,1.15999,1.16007
2026-05-20 04:00:00,1.16007,1.16017,1.1599599999999999,1.16008
2026-05-20 04:03:00,1.16008,1.16016,1.15999,1.16005
2026-05-20 04:06:00,1.16005,1.16005,1.15981,1.16001
2026-05-20 04:09:00,1.16002,1.16023,1.15999,1.15999
2026-05-20 04:12:00,1.15999,1.16001,1.15975,1.15987
2026-05-20 04:15:00,1.15987,1.16004,1.15981,1.16
2026-05-20 04:18:00,1.15999,1.16001,1.15983,1.15992
2026-05-20 04:21:00,1.15992,1.16001,1.15968,1.15987
2026-05-20 04:24:00,1.15987,1.15994,1.15971,1.15982
2026-05-20 04:27:00,1.15982,1.15983,1.15939,1.15957
2026-05-20 04:30:00,1.15957,1.1596,1.1594,1.15953
2026-05-20 04:33:00,1.15953,1.15974,1.15952,1.15961
2026-05-20 04:36:00,1.15961,1.15961,1.1592,1.15951
2026-05-20 04:39:00,1.15951,1.15958,1.15937,1.15954
2026-05-20 04:42:00,1.15955,1.15964,1.15942,1.15952
2026-05-20 04:45:00,1.15952,1.15957,1.15931,1.15941
2026-05-20 04:48:00,1.15941,1.16026,1.15941,1.16005
2026-05-20 04:51:00,1.16005,1.16005,1.1595900000000001,1.15977
2026-05-20 04:54:00,1.15977,1.15992,1.15962,1.15972
2026-05-20 04:57:00,1.15972,1.15981,1.15955,1.15971
2026-05-20 05:00:00,1.15971,1.15982,1.15963,1.15977
2026-05-20 05:03:00,1.15977,1.15993,1.15975,1.1599
2026-05-20 05:06:00,1.1599,1.15999,1.15987,1.15994
2026-05-20 05:09:00,1.15994,1.15994,1.15977,1.15983
2026-05-20 05:12:00,1.15983,1.16004,1.1598,1.16002
2026-05-20 05:15:00,1.16002,1.16011,1.15979,1.1598600000000001
2026-05-20 05:18:00,1.1598600000000001,1.15994,1.15973,1.15994
2026-05-20 05:21:00,1.15994,1.16024,1.15983,1.16014
2026-05-20 05:24:00,1.16013,1.16029,1.16003,1.16011
2026-05-20 05:27:00,1.16011,1.16014,1.15987,1.15991
2026-05-20 05:30:00,1.15991,1.15993,1.15943,1.15984
2026-05-20 05:33:00,1.15984,1.1598600000000001,1.15955,1.15957
2026-05-20 05:36:00,1.15957,1.15957,1.1593499999999999,1.15949
2026-05-20 05:39:00,1.15949,1.15989,1.15937,1.1598600000000001
2026-05-20 05:42:00,1.1598600000000001,1.15987,1.15963,1.15976
2026-05-20 05:45:00,1.15974,1.1599,1.15966,1.15988
2026-05-20 05:48:00,1.15988,1.15994,1.15968,1.15984
2026-05-20 05:51:00,1.15984,1.15994,1.15973,1.15974
2026-05-20 05:54:00,1.15973,1.15985,1.15963,1.15976
2026-05-20 05:57:00,1.15976,1.15985,1.15965,1.15977
2026-05-20 06:00:00,1.15977,1.15977,1.15941,1.15967
2026-05-20 06:03:00,1.15967,1.15979,1.15962,1.15968
2026-05-20 06:06:00,1.15968,1.1598,1.15963,1.15978
2026-05-20 06:09:00,1.15975,1.15984,1.15961,1.15978
2026-05-20 06:12:00,1.15978,1.15979,1.15954,1.1596899999999999
2026-05-20 06:15:00,1.1596899999999999,1.15991,1.15963,1.15989
2026-05-20 06:18:00,1.15989,1.16012,1.15979,1.16008
2026-05-20 06:21:00,1.16008,1.16009,1.15991,1.16005
2026-05-20 06:24:00,1.16005,1.1602000000000001,1.15994,1.16017
2026-05-20 06:27:00,1.16017,1.16028,1.16006,1.16023
2026-05-20 06:30:00,1.16023,1.16026,1.16003,1.16021
2026-05-20 06:33:00,1.16021,1.16038,1.16013,1.16035
2026-05-20 06:36:00,1.16035,1.16053,1.16025,1.16045
2026-05-20 06:39:00,1.16045,1.16049,1.16021,1.16037
2026-05-20 06:42:00,1.16037,1.16053,1.16036,1.16048
2026-05-20 06:45:00,1.16048,1.16055,1.16027,1.16036
2026-05-20 06:48:00,1.16036,1.16036,1.16024,1.16033
2026-05-20 06:51:00,1.16033,1.16038,1.16022,1.16028
2026-05-20 06:54:00,1.16028,1.16041,1.16018,1.16031
2026-05-20 06:57:00,1.16031,1.16033,1.16007,1.16017
2026-05-20 07:00:00,1.16016,1.16067,1.16016,1.16056
2026-05-20 07:03:00,1.16056,1.16061,1.16045,1.1605699999999999
2026-05-20 07:06:00,1.1605699999999999,1.16063,1.16043,1.16052
2026-05-20 07:09:00,1.16054,1.16058,1.16036,1.16036
2026-05-20 07:12:00,1.16036,1.16051,1.16029,1.16049
2026-05-20 07:15:00,1.16049,1.1605,1.16029,1.16033
2026-05-20 07:18:00,1.16034,1.16037,1.16018,1.16021
2026-05-20 07:21:00,1.16021,1.1604,1.1602000000000001,1.16039
2026-05-20 07:24:00,1.16039,1.16039,1.16022,1.16024
2026-05-20 07:27:00,1.16024,1.16031,1.16024,1.1602999999999999
2026-05-20 07:30:00,1.16029,1.1602999999999999,1.15991,1.1599599999999999
2026-05-20 07:33:00,1.1599599999999999,1.15998,1.15961,1.15971
2026-05-20 07:36:00,1.15971,1.15987,1.1596,1.15981
2026-05-20 07:39:00,1.15981,1.15982,1.15968,1.1597
2026-05-20 07:42:00,1.15974,1.1599,1.15966,1.15985
2026-05-20 07:45:00,1.15985,1.15988,1.1597,1.15987
2026-05-20 07:48:00,1.15987,1.15992,1.1597,1.15987
2026-05-20 07:51:00,1.15987,1.15995,1.15972,1.15987
2026-05-20 07:54:00,1.15987,1.15994,1.15976,1.15988
2026-05-20 07:57:00,1.15988,1.15988,1.15963,1.15971
2026-05-20 08:00:00,1.1597,1.16014,1.15967,1.16002
2026-05-20 08:03:00,1.16002,1.16003,1.15979,1.15993
2026-05-20 08:06:00,1.15993,1.16006,1.15988,1.15988
2026-05-20 08:09:00,1.15988,1.16001,1.15977,1.16001
2026-05-20 08:12:00,1.16001,1.16001,1.15978,1.15985
2026-05-20 08:15:00,1.15985,1.15985,1.1597,1.15983
2026-05-20 08:18:00,1.15983,1.16008,1.15983,1.16003
2026-05-20 08:21:00,1.16002,1.16006,1.15987,1.15995
2026-05-20 08:24:00,1.15995,1.15998,1.1598,1.15988
2026-05-20 08:27:00,1.15988,1.15988,1.15937,1.15944
2026-05-20 08:30:00,1.15944,1.15991,1.15944,1.15982
2026-05-20 08:33:00,1.15982,1.15993,1.15975,1.15985
2026-05-20 08:36:00,1.15985,1.15988,1.15967,1.15972
2026-05-20 08:39:00,1.15972,1.15978,1.15936,1.1595
2026-05-20 08:42:00,1.1595,1.15957,1.15945,1.15956
2026-05-20 08:45:00,1.15956,1.15956,1.15926,1.1593499999999999
2026-05-20 08:48:00,1.1593499999999999,1.15936,1.15905,1.1592
2026-05-20 08:51:00,1.1592,1.15944,1.15911,1.15942
2026-05-20 08:54:00,1.15942,1.15944,1.15918,1.15942
2026-05-20 08:57:00,1.15942,1.15955,1.1592500000000001,1.15954
2026-05-20 09:00:00,1.15954,1.15963,1.15936,1.15943
2026-05-20 09:03:00,1.15943,1.15971,1.15929,1.15963
2026-05-20 09:06:00,1.15963,1.15983,1.15956,1.15977
2026-05-20 09:09:00,1.15976,1.1598,1.1595900000000001,1.1598
2026-05-20 09:12:00,1.1598,1.15984,1.15972,1.15982
2026-05-20 09:15:00,1.15982,1.16025,1.15979,1.16024
2026-05-20 09:18:00,1.16024,1.16042,1.16003,1.16029
2026-05-20 09:21:00,1.16029,1.16043,1.16012,1.16037
2026-05-20 09:24:00,1.16037,1.16051,1.16017,1.16048
2026-05-20 09:27:00,1.16048,1.16059,1.16036,1.16043
2026-05-20 09:30:00,1.16043,1.16049,1.16013,1.16022
2026-05-20 09:33:00,1.16022,1.16031,1.16007,1.16012
2026-05-20 09:36:00,1.16012,1.16014,1.15988,1.16005
2026-05-20 09:39:00,1.16005,1.16005,1.1597,1.1599
2026-05-20 09:42:00,1.1599,1.16,1.15976,1.15997
2026-05-20 09:45:00,1.1599599999999999,1.15998,1.1596,1.1598
2026-05-20 09:48:00,1.1598,1.15982,1.1595900000000001,1.15963
2026-05-20 09:51:00,1.15963,1.1598600000000001,1.15957,1.15962
2026-05-20 09:54:00,1.15962,1.15964,1.1592500000000001,1.15951
2026-05-20 09:57:00,1.15951,1.15976,1.15945,1.15966
2026-05-20 10:00:00,1.15965,1.1598,1.1595,1.15964
2026-05-20 10:03:00,1.15964,1.15987,1.15948,1.15983
2026-05-20 10:06:00,1.1598600000000001,1.16013,1.15972,1.1601
2026-05-20 10:09:00,1.1601,1.16014,1.15989,1.1599599999999999
2026-05-20 10:12:00,1.1599599999999999,1.16003,1.15976,1.15983
2026-05-20 10:15:00,1.15983,1.15983,1.15951,1.15955
2026-05-20 10:18:00,1.15955,1.15982,1.15955,1.15982
2026-05-20 10:21:00,1.15982,1.16003,1.15953,1.15966
2026-05-20 10:24:00,1.15966,1.15988,1.15953,1.15974
2026-05-20 10:27:00,1.15974,1.15983,1.1595900000000001,1.1596
2026-05-20 10:30:00,1.15967,1.15979,1.1595,1.15963
2026-05-20 10:33:00,1.1596,1.1596899999999999,1.15943,1.15964
2026-05-20 10:36:00,1.15964,1.15977,1.15951,1.15957
2026-05-20 10:39:00,1.15957,1.1597,1.15949,1.1595900000000001
2026-05-20 10:42:00,1.1595900000000001,1.1596,1.15937,1.15942
2026-05-20 10:45:00,1.15942,1.15947,1.1593,1.15934
2026-05-20 10:48:00,1.15933,1.15944,1.1592,1.15943
2026-05-20 10:51:00,1.15942,1.15945,1.15907,1.15922
2026-05-20 10:54:00,1.15922,1.15943,1.15917,1.15923
2026-05-20 10:57:00,1.15923,1.1594,1.15919,1.15931
2026-05-20 11:00:00,1.1593,1.15939,1.1590799999999999,1.1593499999999999
2026-05-20 11:03:00,1.1593499999999999,1.15948,1.15927,1.15937
2026-05-20 11:06:00,1.15937,1.1595,1.15921,1.15927
2026-05-20 11:09:00,1.15927,1.15934,1.15875,1.15881
2026-05-20 11:12:00,1.15881,1.15887,1.15862,1.15876
2026-05-20 11:15:00,1.15876,1.15897,1.15866,1.15886
2026-05-20 11:18:00,1.15886,1.15889,1.1583,1.1585
2026-05-20 11:21:00,1.1585,1.15879,1.1583700000000001,1.1587399999999999
2026-05-20 11:24:00,1.1587399999999999,1.15883,1.15862,1.15872
2026-05-20 11:27:00,1.15872,1.15888,1.15851,1.15887
2026-05-20 11:30:00,1.15887,1.15914,1.15877,1.15888
2026-05-20 11:33:00,1.15888,1.15893,1.1587399999999999,1.15882
2026-05-20 11:36:00,1.15882,1.15911,1.1587,1.15909
2026-05-20 11:39:00,1.15909,1.1592,1.15892,1.15906
2026-05-20 11:42:00,1.15906,1.15943,1.15901,1.15933
2026-05-20 11:45:00,1.15933,1.15943,1.15921,1.1593499999999999
2026-05-20 11:48:00,1.1593499999999999,1.1593499999999999,1.15907,1.15917
2026-05-20 11:51:00,1.15917,1.15929,1.1590799999999999,1.15912
2026-05-20 11:54:00,1.15912,1.15923,1.1589,1.15906
2026-05-20 11:57:00,1.15907,1.15913,1.15893,1.15902
2026-05-20 12:00:00,1.15902,1.15922,1.15895,1.15917
2026-05-20 12:03:00,1.15917,1.15928,1.15906,1.15928
2026-05-20 12:06:00,1.15928,1.15944,1.1592500000000001,1.15934
2026-05-20 12:09:00,1.1593499999999999,1.15939,1.15911,1.15928
2026-05-20 12:12:00,1.15928,1.15934,1.15917,1.15926
2026-05-20 12:15:00,1.15926,1.15944,1.15904,1.15912
2026-05-20 12:18:00,1.15912,1.15933,1.15901,1.15928
2026-05-20 12:21:00,1.15928,1.15933,1.15913,1.15921
2026-05-20 12:24:00,1.15921,1.15921,1.15901,1.15914
2026-05-20 12:27:00,1.15914,1.15916,1.15903,1.15913
2026-05-20 12:30:00,1.15913,1.15926,1.15904,1.15911
2026-05-20 12:33:00,1.15911,1.15927,1.15905,1.15913
2026-05-20 12:36:00,1.15919,1.15928,1.15903,1.15917
2026-05-20 12:39:00,1.15917,1.15927,1.15912,1.15922
2026-05-20 12:42:00,1.15923,1.15923,1.15901,1.15904
2026-05-20 12:45:00,1.15905,1.15921,1.15891,1.15901
2026-05-20 12:48:00,1.15901,1.15905,1.1588,1.15891
2026-05-20 12:51:00,1.15892,1.15903,1.15887,1.15902
2026-05-20 12:54:00,1.15903,1.15903,1.15883,1.15894
2026-05-20 12:57:00,1.15895,1.15896,1.15871,1.15873
2026-05-20 13:00:00,1.1588,1.15899,1.15868,1.1589800000000001
2026-05-20 13:03:00,1.1589800000000001,1.15914,1.15885,1.1591
2026-05-20 13:06:00,1.1591,1.15934,1.15904,1.1592500000000001
2026-05-20 13:09:00,1.1592500000000001,1.15933,1.15918,1.15921
2026-05-20 13:12:00,1.15921,1.1593499999999999,1.15906,1.15929
2026-05-20 13:15:00,1.15928,1.15957,1.15917,1.15947
2026-05-20 13:18:00,1.15949,1.15958,1.15934,1.15948
2026-05-20 13:21:00,1.15948,1.15962,1.15944,1.15947
2026-05-20 13:24:00,1.15947,1.15962,1.15947,1.15958
2026-05-20 13:27:00,1.15958,1.15965,1.15948,1.15949
2026-05-20 13:30:00,1.15949,1.1596,1.15939,1.15957
2026-05-20 13:33:00,1.15957,1.15988,1.1594,1.15988
2026-05-20 13:36:00,1.15988,1.16019,1.1598600000000001,1.16013
2026-05-20 13:39:00,1.16013,1.16025,1.15989,1.16005
2026-05-20 13:42:00,1.16005,1.16013,1.15994,1.15994
2026-05-20 13:45:00,1.15994,1.16028,1.15994,1.16024
2026-05-20 13:48:00,1.16025,1.16028,1.1599,1.16001
2026-05-20 13:51:00,1.16001,1.16007,1.15992,1.16003
2026-05-20 13:54:00,1.16003,1.16019,1.16,1.16013
2026-05-20 13:57:00,1.16013,1.1602000000000001,1.16003,1.16009
2026-05-20 14:00:00,1.16009,1.16009,1.15971,1.15983
2026-05-20 14:03:00,1.15984,1.15984,1.15964,1.15966
2026-05-20 14:06:00,1.15966,1.15985,1.15962,1.15978
2026-05-20 14:09:00,1.15977,1.1598600000000001,1.1595900000000001,1.1598
2026-05-20 14:12:00,1.1598,1.15984,1.15964,1.15981
2026-05-20 14:15:00,1.15981,1.15989,1.15963,1.15964
2026-05-20 14:18:00,1.15964,1.15985,1.15955,1.15981
2026-05-20 14:21:00,1.15981,1.15987,1.15961,1.15987
2026-05-20 14:24:00,1.1598600000000001,1.16011,1.15982,1.16011
2026-05-20 14:27:00,1.16013,1.16023,1.16004,1.16022
2026-05-20 14:30:00,1.16022,1.16025,1.1601,1.16022
2026-05-20 14:33:00,1.16022,1.16037,1.16014,1.16034
2026-05-20 14:36:00,1.16034,1.16049,1.16027,1.16034
2026-05-20 14:39:00,1.16034,1.16055,1.16026,1.16049
2026-05-20 14:42:00,1.16049,1.16051,1.16003,1.16019
2026-05-20 14:45:00,1.16019,1.16032,1.16005,1.16021
2026-05-20 14:48:00,1.16021,1.1602999999999999,1.15992,1.16003
2026-05-20 14:51:00,1.16004,1.16011,1.15982,1.15988
2026-05-20 14:54:00,1.15985,1.16001,1.15976,1.1599599999999999
2026-05-20 14:57:00,1.1599599999999999,1.1601,1.15982,1.16008
2026-05-20 15:00:00,1.16008,1.16034,1.16002,1.16031
2026-05-20 15:03:00,1.16031,1.16042,1.16006,1.16016
2026-05-20 15:06:00,1.16016,1.16028,1.15997,1.16012
2026-05-20 15:09:00,1.16012,1.16013,1.15989,1.15997
2026-05-20 15:12:00,1.15998,1.16027,1.15991,1.16016
2026-05-20 15:15:00,1.16016,1.16025,1.16004,1.16013
2026-05-20 15:18:00,1.16013,1.16013,1.15961,1.15961
2026-05-20 15:21:00,1.15961,1.15989,1.15952,1.15978
2026-05-20 15:24:00,1.15979,1.16004,1.15971,1.15984
2026-05-20 15:27:00,1.15984,1.15994,1.15975,1.15987
2026-05-20 15:30:00,1.15988,1.16008,1.1598,1.15991
2026-05-20 15:33:00,1.15991,1.16013,1.15979,1.16008
2026-05-20 15:36:00,1.1601,1.16016,1.1599,1.15994
2026-05-20 15:39:00,1.15993,1.15998,1.1596,1.1596
2026-05-20 15:42:00,1.15962,1.15988,1.15962,1.15985
2026-05-20 15:45:00,1.15985,1.15998,1.15975,1.1598
2026-05-20 15:48:00,1.15981,1.15992,1.15961,1.15976
2026-05-20 15:51:00,1.15976,1.15985,1.15964,1.15974
2026-05-20 15:54:00,1.15974,1.15981,1.1595,1.1595900000000001
2026-05-20 15:57:00,1.1596,1.15967,1.1592500000000001,1.15949
2026-05-20 16:00:00,1.15953,1.15954,1.15923,1.15951
2026-05-20 16:03:00,1.15951,1.15955,1.1591,1.15939
2026-05-20 16:06:00,1.1594,1.15944,1.15918,1.15942
2026-05-20 16:09:00,1.15942,1.15943,1.15918,1.15939
2026-05-20 16:12:00,1.15938,1.15943,1.15927,1.15927
2026-05-20 16:15:00,1.15927,1.15938,1.15907,1.15921
2026-05-20 16:18:00,1.15921,1.15921,1.15899,1.15913
2026-05-20 16:21:00,1.15913,1.15919,1.15892,1.15912
2026-05-20 16:24:00,1.15912,1.15932,1.15912,1.15924
2026-05-20 16:27:00,1.15924,1.15924,1.15894,1.1590799999999999
2026-05-20 16:30:00,1.15907,1.15907,1.15886,1.15892
2026-05-20 16:33:00,1.15892,1.15928,1.15888,1.15918
2026-05-20 16:36:00,1.15918,1.1593,1.1590799999999999,1.15918
2026-05-20 16:39:00,1.15922,1.15934,1.15909,1.15913
2026-05-20 16:42:00,1.15913,1.15934,1.15902,1.15928
2026-05-20 16:45:00,1.15928,1.1597,1.15924,1.15948
2026-05-20 16:48:00,1.15952,1.15954,1.15916,1.1593
2026-05-20 16:51:00,1.1593,1.15937,1.15897,1.1590799999999999
2026-05-20 16:54:00,1.1590799999999999,1.15914,1.15889,1.15903
2026-05-20 16:57:00,1.15904,1.15918,1.1589,1.15909
2026-05-20 17:00:00,1.1590799999999999,1.15912,1.15877,1.15882
2026-05-20 17:03:00,1.15882,1.15882,1.15852,1.15854
2026-05-20 17:06:00,1.15854,1.15868,1.15849,1.1586400000000001
2026-05-20 17:09:00,1.1586400000000001,1.15865,1.15814,1.15843
2026-05-20 17:12:00,1.15842,1.15906,1.15819,1.15886
2026-05-20 17:15:00,1.15886,1.16174,1.15886,1.16046
2026-05-20 17:18:00,1.16046,1.16156,1.16043,1.16087
2026-05-20 17:21:00,1.16087,1.16202,1.16077,1.16119
2026-05-20 17:24:00,1.16119,1.16131,1.1608100000000001,1.16101
2026-05-20 17:27:00,1.16101,1.16141,1.16099,1.1613
2026-05-20 17:30:00,1.1613,1.1623999999999999,1.16127,1.16182
2026-05-20 17:33:00,1.16182,1.16197,1.16125,1.16136
2026-05-20 17:36:00,1.16137,1.16168,1.16111,1.16131
2026-05-20 17:39:00,1.16132,1.16185,1.1613,1.16158
2026-05-20 17:42:00,1.16158,1.1616900000000001,1.16132,1.16167
2026-05-20 17:45:00,1.16167,1.16196,1.1615199999999999,1.16173
2026-05-20 17:48:00,1.16173,1.16188,1.16148,1.16171
2026-05-20 17:51:00,1.16171,1.16228,1.1616900000000001,1.16191
2026-05-20 17:54:00,1.16191,1.1623999999999999,1.1618,1.16233
2026-05-20 17:57:00,1.16233,1.16238,1.16174,1.16175
2026-05-20 18:00:00,1.16175,1.16228,1.16174,1.16187
2026-05-20 18:03:00,1.16187,1.16197,1.16166,1.16182
2026-05-20 18:06:00,1.16181,1.16185,1.16126,1.16139
2026-05-20 18:09:00,1.16139,1.16144,1.16125,1.16131
2026-05-20 18:12:00,1.16132,1.16159,1.16124,1.16147
2026-05-20 18:15:00,1.16148,1.16452,1.16145,1.16367
2026-05-20 18:18:00,1.16365,1.16367,1.1630099999999999,1.1634
2026-05-20 18:21:00,1.1634,1.16358,1.16311,1.16322
2026-05-20 18:24:00,1.1632,1.16328,1.16241,1.16251
2026-05-20 18:27:00,1.16251,1.16271,1.16236,1.16251
2026-05-20 18:30:00,1.16251,1.16316,1.16248,1.16311
2026-05-20 18:33:00,1.16311,1.16331,1.16297,1.16323
2026-05-20 18:36:00,1.16323,1.16342,1.16302,1.16321
2026-05-20 18:39:00,1.16321,1.16345,1.16295,1.16315
2026-05-20 18:42:00,1.16315,1.1632500000000001,1.16259,1.16269
2026-05-20 18:45:00,1.16269,1.16289,1.16254,1.16272
2026-05-20 18:48:00,1.16272,1.16276,1.16243,1.16271
2026-05-20 18:51:00,1.16271,1.16272,1.16212,1.16212
2026-05-20 18:54:00,1.1620300000000001,1.16237,1.16195,1.16234
2026-05-20 18:57:00,1.16234,1.16234,1.16167,1.16191
2026-05-20 19:00:00,1.16191,1.1623,1.16183,1.16221
2026-05-20 19:03:00,1.16221,1.16262,1.16209,1.16255
2026-05-20 19:06:00,1.16255,1.16297,1.16232,1.16232
2026-05-20 19:09:00,1.16236,1.16284,1.16234,1.16276
2026-05-20 19:12:00,1.16276,1.16305,1.16268,1.16285
2026-05-20 19:15:00,1.16285,1.16297,1.16278,1.16288
2026-05-20 19:18:00,1.16288,1.16308,1.1626,1.16265
2026-05-20 19:21:00,1.16263,1.16263,1.1623,1.1623999999999999
2026-05-20 19:24:00,1.1623999999999999,1.1623999999999999,1.16206,1.16229
2026-05-20 19:27:00,1.16229,1.1623999999999999,1.16209,1.16237
2026-05-20 19:30:00,1.16237,1.16241,1.16207,1.16214
2026-05-20 19:33:00,1.1621299999999999,1.16219,1.16189,1.16217
2026-05-20 19:36:00,1.16217,1.1625,1.16217,1.16239
2026-05-20 19:39:00,1.16239,1.16243,1.16221,1.16232
2026-05-20 19:42:00,1.16232,1.16275,1.16202,1.16275
2026-05-20 19:45:00,1.16275,1.16302,1.1626400000000001,1.16282
2026-05-20 19:48:00,1.16282,1.16295,1.16243,1.16278
2026-05-20 19:51:00,1.16278,1.1630099999999999,1.16268,1.16283
2026-05-20 19:54:00,1.16283,1.16288,1.16246,1.16273
2026-05-20 19:57:00,1.16272,1.16272,1.16226,1.16255
2026-05-20 20:00:00,1.16255,1.1626400000000001,1.1623,1.16251
2026-05-20 20:03:00,1.1625,1.16251,1.16211,1.1622
2026-05-20 20:06:00,1.1622,1.16255,1.16194,1.1621
2026-05-20 20:09:00,1.162,1.16215,1.16177,1.16195
2026-05-20 20:12:00,1.16195,1.16241,1.16177,1.16238
2026-05-20 20:15:00,1.16239,1.16251,1.16226,1.16238
2026-05-20 20:18:00,1.16238,1.16258,1.16232,1.16248
2026-05-20 20:21:00,1.16248,1.16253,1.16222,1.16238
2026-05-20 20:24:00,1.16238,1.16238,1.16211,1.16233
2026-05-20 20:27:00,1.16233,1.1625,1.16216,1.16245
2026-05-20 20:30:00,1.16245,1.1626,1.16226,1.16235
2026-05-20 20:33:00,1.16235,1.16237,1.16207,1.16228
2026-05-20 20:36:00,1.16228,1.16269,1.16222,1.16236
2026-05-20 20:39:00,1.16236,1.16236,1.16199,1.1621299999999999
2026-05-20 20:42:00,1.1621299999999999,1.16215,1.16195,1.16199
2026-05-20 20:45:00,1.16199,1.16223,1.16191,1.16215
2026-05-20 20:48:00,1.16215,1.16227,1.1621,1.16212
2026-05-20 20:51:00,1.16212,1.16229,1.16206,1.1621299999999999
2026-05-20 20:54:00,1.1621299999999999,1.16226,1.16207,1.1622
2026-05-20 20:57:00,1.1622,1.16223,1.16182,1.16182
2026-05-20 21:00:00,1.16182,1.16207,1.16159,1.16201
2026-05-20 21:03:00,1.16201,1.1621,1.16183,1.16193
2026-05-20 21:06:00,1.16197,1.16224,1.1619,1.1621
2026-05-20 21:09:00,1.1621,1.16231,1.16205,1.16227
2026-05-20 21:12:00,1.16228,1.16239,1.16224,1.16237
2026-05-20 21:15:00,1.16237,1.1626,1.16233,1.16247
2026-05-20 21:18:00,1.16247,1.16267,1.16247,1.16251
2026-05-20 21:21:00,1.16251,1.16276,1.1623999999999999,1.16267
2026-05-20 21:24:00,1.16268,1.16278,1.16231,1.16243
2026-05-20 21:27:00,1.16242,1.16278,1.16241,1.16277
2026-05-20 21:30:00,1.16278,1.16291,1.16268,1.1628
2026-05-20 21:33:00,1.1628,1.16302,1.16272,1.16302
2026-05-20 21:36:00,1.16302,1.16313,1.16297,1.16307
2026-05-20 21:39:00,1.16307,1.16328,1.16307,1.16321
2026-05-20 21:42:00,1.16321,1.16323,1.16267,1.16267
2026-05-20 21:45:00,1.16267,1.163,1.16266,1.1629800000000001
2026-05-20 21:48:00,1.1629800000000001,1.16318,1.16292,1.16304
2026-05-20 21:51:00,1.16304,1.16338,1.16297,1.16337
2026-05-20 21:54:00,1.16337,1.16356,1.16327,1.16346
2026-05-20 21:57:00,1.16346,1.1635,1.16299,1.16308
2026-05-20 22:00:00,1.16308,1.1634,1.16299,1.1633499999999999
2026-05-20 22:03:00,1.16336,1.16336,1.1631,1.16316
2026-05-20 22:06:00,1.16316,1.1633,1.16308,1.16318
2026-05-20 22:09:00,1.16318,1.1632,1.16311,1.16314
2026-05-20 22:12:00,1.16314,1.16314,1.16294,1.16296
2026-05-20 22:15:00,1.16296,1.16314,1.16289,1.16312
2026-05-20 22:18:00,1.16312,1.16319,1.16303,1.16318
2026-05-20 22:21:00,1.16318,1.16324,1.1630099999999999,1.16315
2026-05-20 22:24:00,1.16315,1.16328,1.16312,1.16323
2026-05-20 22:27:00,1.16323,1.16327,1.16316,1.16326
2026-05-20 22:30:00,1.16326,1.16329,1.16318,1.16322
2026-05-20 22:33:00,1.16323,1.16324,1.16305,1.16318
2026-05-20 22:36:00,1.16318,1.16328,1.16307,1.16326
2026-05-20 22:39:00,1.16326,1.16353,1.16314,1.16322
2026-05-20 22:42:00,1.16322,1.1632500000000001,1.16294,1.16306
2026-05-20 22:45:00,1.16306,1.16323,1.1629800000000001,1.16318
2026-05-20 22:48:00,1.16318,1.16324,1.16295,1.16296
2026-05-20 22:51:00,1.16297,1.16307,1.16291,1.16303
2026-05-20 22:54:00,1.16303,1.16303,1.16286,1.16292
2026-05-20 22:57:00,1.16292,1.16295,1.16271,1.16278
2026-05-20 23:00:00,1.16277,1.1628,1.1626,1.16269
2026-05-20 23:03:00,1.16269,1.16277,1.16263,1.16273
2026-05-20 23:06:00,1.1627399999999999,1.16277,1.16266,1.16272
2026-05-20 23:09:00,1.16276,1.16278,1.16259,1.16266
2026-05-20 23:12:00,1.16267,1.16282,1.16267,1.16279
2026-05-20 23:15:00,1.16279,1.16281,1.16258,1.16262
2026-05-20 23:18:00,1.16262,1.16283,1.16251,1.16272
2026-05-20 23:21:00,1.16272,1.16277,1.16259,1.16263
2026-05-20 23:24:00,1.1626400000000001,1.1627399999999999,1.16255,1.16266
2026-05-20 23:27:00,1.16266,1.16273,1.16265,1.16269
2026-05-20 23:30:00,1.1627,1.16273,1.16256,1.16256
2026-05-20 23:33:00,1.16256,1.16262,1.16253,1.16262
2026-05-20 23:36:00,1.16262,1.16265,1.16259,1.16263
2026-05-20 23:39:00,1.16263,1.16263,1.16254,1.16254
2026-05-20 23:42:00,1.16254,1.16254,1.16237,1.16239
2026-05-20 23:45:00,1.16239,1.16243,1.1623,1.16235
2026-05-20 23:48:00,1.16235,1.16245,1.16235,1.1623999999999999
2026-05-20 23:51:00,1.1623999999999999,1.16246,1.16238,1.16245
2026-05-20 23:54:00,1.16245,1.16263,1.16243,1.16244
2026-05-20 23:57:00,1.16244,1.16256,1.16242,1.1625
2026-05-21 00:00:00,1.16221,1.16242,1.16159,1.16183
2026-05-21 00:03:00,1.16163,1.16239,1.16163,1.16221
2026-05-21 00:06:00,1.16221,1.1623999999999999,1.16199,1.1623999999999999
2026-05-21 00:09:00,1.1623999999999999,1.1626,1.16202,1.16253
2026-05-21 00:12:00,1.16253,1.16258,1.16232,1.16246
2026-05-21 00:15:00,1.16246,1.1626,1.1623,1.16257
2026-05-21 00:18:00,1.16258,1.1626,1.16222,1.16224
2026-05-21 00:21:00,1.16222,1.16254,1.16217,1.16231
2026-05-21 00:24:00,1.16231,1.16258,1.1623,1.1625
2026-05-21 00:27:00,1.1625,1.16253,1.16222,1.16232
2026-05-21 00:30:00,1.16232,1.1626,1.16232,1.16258
2026-05-21 00:33:00,1.16258,1.16261,1.1625,1.16256
2026-05-21 00:36:00,1.16256,1.16265,1.16251,1.16261
2026-05-21 00:39:00,1.16261,1.1626400000000001,1.16256,1.16257
2026-05-21 00:42:00,1.16257,1.16262,1.16243,1.16243
2026-05-21 00:45:00,1.16243,1.16263,1.16243,1.16257
2026-05-21 00:48:00,1.16257,1.1626400000000001,1.16247,1.16251
2026-05-21 00:51:00,1.16251,1.16251,1.16237,1.16247
2026-05-21 00:54:00,1.16247,1.16258,1.16244,1.16251
2026-05-21 00:57:00,1.16251,1.16261,1.16241,1.16242
2026-05-21 01:00:00,1.16242,1.1626,1.16233,1.16252
2026-05-21 01:03:00,1.16252,1.16256,1.16252,1.16256
2026-05-21 01:06:00,1.16256,1.16256,1.16239,1.16245
2026-05-21 01:09:00,1.16245,1.1627399999999999,1.16245,1.16273
2026-05-21 01:12:00,1.16272,1.16278,1.16266,1.16277
2026-05-21 01:15:00,1.16277,1.16278,1.16263,1.16273
2026-05-21 01:18:00,1.16273,1.16278,1.16269,1.16273
2026-05-21 01:21:00,1.16273,1.16273,1.16266,1.16266
2026-05-21 01:24:00,1.16266,1.16273,1.16241,1.16262
2026-05-21 01:27:00,1.16262,1.16266,1.16253,1.16262
2026-05-21 01:30:00,1.16262,1.16263,1.16252,1.16257
2026-05-21 01:33:00,1.16257,1.16265,1.16257,1.16263
2026-05-21 01:36:00,1.16263,1.16268,1.16261,1.16267
2026-05-21 01:39:00,1.16267,1.16268,1.16257,1.16261
2026-05-21 01:42:00,1.16261,1.16268,1.16261,1.16267
2026-05-21 01:45:00,1.16267,1.16268,1.1626400000000001,1.16267
2026-05-21 01:48:00,1.16268,1.16268,1.16254,1.16262
2026-05-21 01:51:00,1.16262,1.16263,1.16253,1.16258
2026-05-21 01:54:00,1.16258,1.1626400000000001,1.16254,1.16261
2026-05-21 01:57:00,1.16261,1.16263,1.16249,1.16262
2026-05-21 02:00:00,1.16262,1.1626400000000001,1.16262,1.16262
2026-05-21 02:03:00,1.16262,1.16263,1.16261,1.16263
2026-05-21 02:06:00,1.16263,1.1627399999999999,1.16258,1.16269
2026-05-21 02:09:00,1.16269,1.16269,1.1625,1.1625
2026-05-21 02:12:00,1.1625,1.1626400000000001,1.1625,1.16261
2026-05-21 02:15:00,1.16261,1.1626400000000001,1.16252,1.16259
2026-05-21 02:18:00,1.16259,1.16259,1.16248,1.16248
2026-05-21 02:21:00,1.16248,1.1625,1.16237,1.16239
2026-05-21 02:24:00,1.16239,1.16243,1.16229,1.16235
2026-05-21 02:27:00,1.16234,1.16243,1.16234,1.16239
2026-05-21 02:30:00,1.16239,1.16243,1.16228,1.16243
2026-05-21 02:33:00,1.16243,1.16244,1.1623999999999999,1.16242
2026-05-21 02:36:00,1.16242,1.16242,1.16227,1.16233
2026-05-21 02:39:00,1.16233,1.16234,1.16221,1.16232
2026-05-21 02:42:00,1.16232,1.16233,1.16216,1.1623
2026-05-21 02:45:00,1.1623,1.16263,1.16229,1.16263
2026-05-21 02:48:00,1.16263,1.16268,1.16252,1.16263
2026-05-21 02:51:00,1.16263,1.16263,1.16243,1.1625
2026-05-21 02:54:00,1.16249,1.16257,1.16238,1.16247
2026-05-21 02:57:00,1.16247,1.16251,1.16239,1.16245
2026-05-21 03:00:00,1.16245,1.16249,1.16224,1.16243
2026-05-21 03:03:00,1.16239,1.16253,1.16228,1.1625
2026-05-21 03:06:00,1.1625,1.16256,1.16235,1.16235
2026-05-21 03:09:00,1.16235,1.16255,1.16233,1.16249
2026-05-21 03:12:00,1.16249,1.1626400000000001,1.16248,1.16258
2026-05-21 03:15:00,1.16258,1.16273,1.16251,1.16259
2026-05-21 03:18:00,1.16259,1.16259,1.16222,1.16245
2026-05-21 03:21:00,1.16245,1.16249,1.16229,1.16238
2026-05-21 03:24:00,1.16238,1.16253,1.16226,1.16248
2026-05-21 03:27:00,1.16248,1.16263,1.16233,1.16263
2026-05-21 03:30:00,1.16263,1.1626400000000001,1.16236,1.16249
2026-05-21 03:33:00,1.16243,1.16267,1.16241,1.16259
2026-05-21 03:36:00,1.16259,1.16262,1.16252,1.16261
2026-05-21 03:39:00,1.16261,1.16265,1.16246,1.16263
2026-05-21 03:42:00,1.16263,1.16268,1.16257,1.1626400000000001
2026-05-21 03:45:00,1.1626400000000001,1.16273,1.16256,1.16269
2026-05-21 03:48:00,1.16269,1.16272,1.16263,1.16265
2026-05-21 03:51:00,1.16265,1.16289,1.1626400000000001,1.1628
2026-05-21 03:54:00,1.1628,1.16289,1.16266,1.16277
2026-05-21 03:57:00,1.16277,1.16289,1.16266,1.16284
2026-05-21 04:00:00,1.16284,1.16311,1.16276,1.1630099999999999
2026-05-21 04:03:00,1.16303,1.1631,1.16287,1.16299
2026-05-21 04:06:00,1.16299,1.16326,1.1629800000000001,1.16319
2026-05-21 04:09:00,1.16319,1.16345,1.16319,1.1633499999999999
2026-05-21 04:12:00,1.1633499999999999,1.1633499999999999,1.16318,1.16331
2026-05-21 04:15:00,1.16331,1.16352,1.1633,1.16343
2026-05-21 04:18:00,1.16343,1.16344,1.16319,1.1633
2026-05-21 04:21:00,1.1633,1.16339,1.16323,1.16323
2026-05-21 04:24:00,1.16324,1.1633,1.16313,1.16323
2026-05-21 04:27:00,1.16323,1.16334,1.16318,1.16328
2026-05-21 04:30:00,1.16328,1.16329,1.1629800000000001,1.16329
2026-05-21 04:33:00,1.16329,1.16329,1.16306,1.16306
2026-05-21 04:36:00,1.16306,1.16328,1.16294,1.16324
2026-05-21 04:39:00,1.16324,1.16343,1.16319,1.1633
2026-05-21 04:42:00,1.1633,1.16334,1.1631,1.16311
2026-05-21 04:45:00,1.16311,1.16315,1.16291,1.163
2026-05-21 04:48:00,1.163,1.16302,1.16268,1.16279
2026-05-21 04:51:00,1.16279,1.16284,1.16253,1.16256
2026-05-21 04:54:00,1.16257,1.16259,1.16223,1.16252
2026-05-21 04:57:00,1.16253,1.1626400000000001,1.16245,1.16255
2026-05-21 05:00:00,1.16255,1.16284,1.16255,1.16269
2026-05-21 05:03:00,1.16269,1.16277,1.16259,1.16268
2026-05-21 05:06:00,1.16267,1.16278,1.16263,1.16268
2026-05-21 05:09:00,1.16268,1.1627,1.1626,1.16263
2026-05-21 05:12:00,1.16263,1.16267,1.16242,1.16248
2026-05-21 05:15:00,1.16248,1.16255,1.16233,1.16247
2026-05-21 05:18:00,1.16247,1.16249,1.16212,1.16218
2026-05-21 05:21:00,1.16218,1.16238,1.16216,1.1623
2026-05-21 05:24:00,1.1623,1.16234,1.1621299999999999,1.16219
2026-05-21 05:27:00,1.16219,1.16221,1.16197,1.16211
2026-05-21 05:30:00,1.16212,1.16223,1.16197,1.16206
2026-05-21 05:33:00,1.16206,1.16214,1.16176,1.16207
2026-05-21 05:36:00,1.16207,1.1621299999999999,1.16197,1.1620300000000001
2026-05-21 05:39:00,1.16202,1.1620300000000001,1.16178,1.16189
2026-05-21 05:42:00,1.16188,1.16201,1.16178,1.16199
2026-05-21 05:45:00,1.16198,1.16201,1.16155,1.16178
2026-05-21 05:48:00,1.1617899999999999,1.16186,1.16173,1.16183
2026-05-21 05:51:00,1.16186,1.16194,1.16171,1.16183
2026-05-21 05:54:00,1.16183,1.16184,1.1617,1.1618
2026-05-21 05:57:00,1.1618,1.16189,1.16172,1.16175
2026-05-21 06:00:00,1.16175,1.16195,1.1617,1.16194
2026-05-21 06:03:00,1.16195,1.16201,1.16184,1.16194
2026-05-21 06:06:00,1.16194,1.162,1.16189,1.162
2026-05-21 06:09:00,1.162,1.16207,1.16188,1.162
2026-05-21 06:12:00,1.162,1.162,1.16178,1.16189
2026-05-21 06:15:00,1.16189,1.16193,1.16182,1.1619
2026-05-21 06:18:00,1.1619,1.1621299999999999,1.16187,1.1621
2026-05-21 06:21:00,1.1621,1.16226,1.1621,1.16217
2026-05-21 06:24:00,1.16217,1.1622,1.16212,1.1621299999999999
2026-05-21 06:27:00,1.16214,1.16217,1.1620300000000001,1.1620300000000001
2026-05-21 06:30:00,1.1620300000000001,1.16207,1.16186,1.16194
2026-05-21 06:33:00,1.16194,1.16194,1.16176,1.16184
2026-05-21 06:36:00,1.16184,1.16192,1.16174,1.16191
2026-05-21 06:39:00,1.16191,1.1620300000000001,1.16181,1.16199
2026-05-21 06:42:00,1.16199,1.16215,1.16193,1.16204
2026-05-21 06:45:00,1.1621,1.16215,1.162,1.162
2026-05-21 06:48:00,1.162,1.16208,1.16193,1.16195
2026-05-21 06:51:00,1.16192,1.16201,1.16182,1.16194
2026-05-21 06:54:00,1.16194,1.16196,1.16175,1.16193
2026-05-21 06:57:00,1.16193,1.16198,1.16184,1.16184
2026-05-21 07:00:00,1.16189,1.16197,1.16185,1.16196
2026-05-21 07:03:00,1.16196,1.16207,1.16193,1.16207
2026-05-21 07:06:00,1.16207,1.16207,1.16183,1.16183
2026-05-21 07:09:00,1.16183,1.16198,1.16176,1.1619
2026-05-21 07:12:00,1.16195,1.1621,1.16184,1.1620300000000001
2026-05-21 07:15:00,1.16204,1.1621,1.16189,1.16195
2026-05-21 07:18:00,1.16198,1.16204,1.16189,1.16199
2026-05-21 07:21:00,1.16199,1.1620300000000001,1.16184,1.16199
2026-05-21 07:24:00,1.16199,1.16209,1.16187,1.16208
2026-05-21 07:27:00,1.16208,1.16216,1.16202,1.16211
2026-05-21 07:30:00,1.16211,1.16214,1.16204,1.16207
2026-05-21 07:33:00,1.16207,1.16207,1.16199,1.1620300000000001
2026-05-21 07:36:00,1.1620300000000001,1.1621,1.16194,1.16207
2026-05-21 07:39:00,1.16206,1.16208,1.16201,1.1620300000000001
2026-05-21 07:42:00,1.1620300000000001,1.16214,1.1620300000000001,1.16214
2026-05-21 07:45:00,1.16214,1.16215,1.1620300000000001,1.16209
2026-05-21 07:48:00,1.16209,1.16229,1.16202,1.16229
2026-05-21 07:51:00,1.16229,1.1623,1.16211,1.16224
2026-05-21 07:54:00,1.16224,1.16235,1.1621,1.1623
2026-05-21 07:57:00,1.1623,1.1623,1.16211,1.1622
2026-05-21 08:00:00,1.1622,1.16234,1.16215,1.16227
2026-05-21 08:03:00,1.16227,1.16229,1.1621,1.16223
2026-05-21 08:06:00,1.16223,1.1623,1.16214,1.16215
2026-05-21 08:09:00,1.16214,1.16223,1.16209,1.16215
2026-05-21 08:12:00,1.16216,1.1622,1.16204,1.16216
2026-05-21 08:15:00,1.16216,1.16216,1.16196,1.16214
2026-05-21 08:18:00,1.1621299999999999,1.16215,1.16197,1.1621
2026-05-21 08:21:00,1.1621,1.16214,1.16193,1.16209
2026-05-21 08:24:00,1.16209,1.16219,1.16181,1.16187
2026-05-21 08:27:00,1.16188,1.16201,1.16177,1.16189
2026-05-21 08:30:00,1.16189,1.16209,1.16185,1.16208
2026-05-21 08:33:00,1.16207,1.16215,1.16197,1.1620300000000001
2026-05-21 08:36:00,1.1620300000000001,1.16206,1.16187,1.16202
2026-05-21 08:39:00,1.1620300000000001,1.16207,1.16188,1.162
2026-05-21 08:42:00,1.16199,1.1621,1.16188,1.16202
2026-05-21 08:45:00,1.16202,1.16209,1.16178,1.16186
2026-05-21 08:48:00,1.16185,1.16202,1.16175,1.16199
2026-05-21 08:51:00,1.16199,1.16208,1.1617899999999999,1.16202
2026-05-21 08:54:00,1.16202,1.16218,1.16197,1.16209
2026-05-21 08:57:00,1.16209,1.16222,1.16204,1.16217
2026-05-21 09:00:00,1.16218,1.16233,1.16201,1.16226
2026-05-21 09:03:00,1.16229,1.16247,1.16216,1.16244
2026-05-21 09:06:00,1.16244,1.1626,1.16235,1.16259
2026-05-21 09:09:00,1.16259,1.1626,1.16234,1.16253
2026-05-21 09:12:00,1.16253,1.16265,1.16251,1.16251
2026-05-21 09:15:00,1.16251,1.16256,1.16219,1.16223
2026-05-21 09:18:00,1.16222,1.1623,1.16195,1.16206
2026-05-21 09:21:00,1.16206,1.16265,1.16206,1.16244
2026-05-21 09:24:00,1.16244,1.16253,1.16224,1.16243
2026-05-21 09:27:00,1.16243,1.1625,1.16231,1.16249
2026-05-21 09:30:00,1.16249,1.16257,1.16234,1.16252
2026-05-21 09:33:00,1.16252,1.16252,1.1621299999999999,1.16215
2026-05-21 09:36:00,1.16215,1.16219,1.16194,1.16212
2026-05-21 09:39:00,1.1621299999999999,1.1621299999999999,1.16182,1.16193
2026-05-21 09:42:00,1.16193,1.16194,1.1615199999999999,1.16168
2026-05-21 09:45:00,1.16168,1.16188,1.16154,1.16178
2026-05-21 09:48:00,1.16177,1.16188,1.16164,1.16187
2026-05-21 09:51:00,1.16188,1.16191,1.16166,1.16178
2026-05-21 09:54:00,1.16178,1.1617899999999999,1.16158,1.16172
2026-05-21 09:57:00,1.16172,1.1620300000000001,1.16164,1.16202
2026-05-21 10:00:00,1.16202,1.16209,1.1619,1.16193
2026-05-21 10:03:00,1.16193,1.16193,1.1616,1.16177
2026-05-21 10:06:00,1.16176,1.16183,1.16165,1.16183
2026-05-21 10:09:00,1.16183,1.16184,1.16168,1.16177
2026-05-21 10:12:00,1.16177,1.16188,1.16172,1.1618
2026-05-21 10:15:00,1.16178,1.16178,1.16043,1.16051
2026-05-21 10:18:00,1.16051,1.16058,1.15971,1.15999
2026-05-21 10:21:00,1.16,1.16024,1.15975,1.16001
2026-05-21 10:24:00,1.16001,1.16003,1.15932,1.15942
2026-05-21 10:27:00,1.15942,1.15978,1.15928,1.15973
2026-05-21 10:30:00,1.15973,1.1602000000000001,1.15973,1.16013
2026-05-21 10:33:00,1.16013,1.1602000000000001,1.1597,1.16
2026-05-21 10:36:00,1.16,1.16023,1.15999,1.1602000000000001
2026-05-21 10:39:00,1.1602000000000001,1.16025,1.16,1.16014
2026-05-21 10:42:00,1.16014,1.1604,1.16006,1.16028
2026-05-21 10:45:00,1.16028,1.16051,1.16028,1.1605
2026-05-21 10:48:00,1.1605,1.16063,1.16036,1.16059
2026-05-21 10:51:00,1.16059,1.16089,1.16059,1.16083
2026-05-21 10:54:00,1.16084,1.16089,1.1605699999999999,1.16082
2026-05-21 10:57:00,1.16082,1.16084,1.16062,1.16074
2026-05-21 11:00:00,1.16074,1.16085,1.1606,1.16062
2026-05-21 11:03:00,1.16062,1.16135,1.16062,1.16135
2026-05-21 11:06:00,1.16135,1.16144,1.16115,1.16132
2026-05-21 11:09:00,1.16132,1.16236,1.16129,1.16236
2026-05-21 11:12:00,1.16236,1.16261,1.16193,1.16259
2026-05-21 11:15:00,1.16259,1.16354,1.16259,1.1632500000000001
2026-05-21 11:18:00,1.1632500000000001,1.1632500000000001,1.16246,1.16257
2026-05-21 11:21:00,1.16257,1.16293,1.16233,1.16267
2026-05-21 11:24:00,1.16268,1.16297,1.16255,1.16277
2026-05-21 11:27:00,1.16277,1.16347,1.1627,1.16337
2026-05-21 11:30:00,1.16338,1.16338,1.16268,1.16294
2026-05-21 11:33:00,1.16294,1.163,1.16262,1.16272
2026-05-21 11:36:00,1.16272,1.16278,1.1625,1.16261
2026-05-21 11:39:00,1.16261,1.16272,1.16231,1.16238
2026-05-21 11:42:00,1.16243,1.16245,1.16223,1.16224
2026-05-21 11:45:00,1.16224,1.16287,1.16212,1.16257
2026-05-21 11:48:00,1.16257,1.16267,1.16222,1.1626400000000001
2026-05-21 11:51:00,1.1626400000000001,1.16268,1.16217,1.16225
2026-05-21 11:54:00,1.16225,1.16248,1.16214,1.16215
2026-05-21 11:57:00,1.16221,1.16236,1.16211,1.16235
2026-05-21 12:00:00,1.16236,1.16238,1.16199,1.16236
2026-05-21 12:03:00,1.16236,1.16259,1.16218,1.16244
2026-05-21 12:06:00,1.16244,1.16276,1.16239,1.16276
2026-05-21 12:09:00,1.16275,1.16288,1.16238,1.16273
2026-05-21 12:12:00,1.16273,1.16283,1.16265,1.16279
2026-05-21 12:15:00,1.16279,1.1629,1.16268,1.16279
2026-05-21 12:18:00,1.16278,1.16295,1.1627,1.16289
2026-05-21 12:21:00,1.16289,1.16315,1.16284,1.1631
2026-05-21 12:24:00,1.1631,1.16314,1.1628,1.16292
2026-05-21 12:27:00,1.16292,1.16319,1.16286,1.16317
2026-05-21 12:30:00,1.16317,1.16334,1.16303,1.16313
2026-05-21 12:33:00,1.16313,1.16328,1.16295,1.16323
2026-05-21 12:36:00,1.1632500000000001,1.16327,1.16287,1.16288
2026-05-21 12:39:00,1.16288,1.16306,1.16275,1.16293
2026-05-21 12:42:00,1.16293,1.16294,1.16262,1.16272
2026-05-21 12:45:00,1.16272,1.16293,1.1625,1.16286
2026-05-21 12:48:00,1.16292,1.16296,1.16265,1.16285
2026-05-21 12:51:00,1.16286,1.16291,1.16266,1.16275
2026-05-21 12:54:00,1.16276,1.16283,1.16261,1.16261
2026-05-21 12:57:00,1.16261,1.16273,1.16254,1.16273
2026-05-21 13:00:00,1.16273,1.16299,1.16261,1.16293
2026-05-21 13:03:00,1.16292,1.16302,1.16263,1.16263
2026-05-21 13:06:00,1.16263,1.16273,1.16245,1.16257
2026-05-21 13:09:00,1.16257,1.16259,1.16235,1.16252
2026-05-21 13:12:00,1.16252,1.16259,1.16242,1.16243
2026-05-21 13:15:00,1.16242,1.16251,1.16223,1.16231
2026-05-21 13:18:00,1.16231,1.16233,1.16193,1.16204
2026-05-21 13:21:00,1.16199,1.16222,1.16196,1.16217
2026-05-21 13:24:00,1.16217,1.16221,1.16087,1.16092
2026-05-21 13:27:00,1.16092,1.16146,1.16085,1.16133
2026-05-21 13:30:00,1.16133,1.16136,1.1604,1.16041
2026-05-21 13:33:00,1.16041,1.16086,1.16041,1.16054
2026-05-21 13:36:00,1.16053,1.16086,1.1602999999999999,1.16038
2026-05-21 13:39:00,1.16037,1.16042,1.15995,1.16018
2026-05-21 13:42:00,1.16018,1.16074,1.16005,1.16063
2026-05-21 13:45:00,1.16063,1.16069,1.16028,1.16046
2026-05-21 13:48:00,1.16046,1.16063,1.16034,1.16059
2026-05-21 13:51:00,1.16059,1.16073,1.16036,1.1604
2026-05-21 13:54:00,1.16034,1.16096,1.16031,1.16094
2026-05-21 13:57:00,1.16094,1.16107,1.16069,1.16072
2026-05-21 14:00:00,1.16072,1.16114,1.16061,1.16109
2026-05-21 14:03:00,1.16109,1.16123,1.16098,1.16099
2026-05-21 14:06:00,1.16099,1.1610800000000001,1.16084,1.16105
2026-05-21 14:09:00,1.16105,1.1611,1.16092,1.161
2026-05-21 14:12:00,1.161,1.16102,1.16071,1.16089
2026-05-21 14:15:00,1.16089,1.16104,1.16079,1.16093
2026-05-21 14:18:00,1.16093,1.16134,1.16086,1.16115
2026-05-21 14:21:00,1.16115,1.1616,1.16109,1.16117
2026-05-21 14:24:00,1.16117,1.16132,1.16098,1.16105
2026-05-21 14:27:00,1.16104,1.1613,1.16092,1.16129
2026-05-21 14:30:00,1.16129,1.16144,1.16124,1.16133
2026-05-21 14:33:00,1.16133,1.16133,1.16085,1.16092
2026-05-21 14:36:00,1.16092,1.16098,1.16067,1.16074
2026-05-21 14:39:00,1.16075,1.16107,1.16075,1.16101
2026-05-21 14:42:00,1.16101,1.16109,1.16073,1.16074
2026-05-21 14:45:00,1.16074,1.16077,1.16059,1.16073
2026-05-21 14:48:00,1.16073,1.16077,1.16033,1.16053
2026-05-21 14:51:00,1.16053,1.16068,1.16045,1.1606
2026-05-21 14:54:00,1.1606,1.16063,1.15962,1.1598600000000001
2026-05-21 14:57:00,1.1598600000000001,1.15991,1.15953,1.15988
2026-05-21 15:00:00,1.15989,1.16032,1.15975,1.16027
2026-05-21 15:03:00,1.1602000000000001,1.16033,1.15998,1.16014
2026-05-21 15:06:00,1.16014,1.1602000000000001,1.15982,1.15991
2026-05-21 15:09:00,1.1599,1.15998,1.15971,1.15976
2026-05-21 15:12:00,1.15977,1.15981,1.15949,1.15974
2026-05-21 15:15:00,1.15974,1.15978,1.15936,1.15946
2026-05-21 15:18:00,1.15946,1.15985,1.15936,1.15957
2026-05-21 15:21:00,1.15958,1.1595900000000001,1.15932,1.1595
2026-05-21 15:24:00,1.1595,1.15954,1.15929,1.15938
2026-05-21 15:27:00,1.15938,1.1595900000000001,1.15928,1.15946
2026-05-21 15:30:00,1.15946,1.15991,1.15945,1.15955
2026-05-21 15:33:00,1.15955,1.16041,1.15941,1.16027
2026-05-21 15:36:00,1.16027,1.16043,1.15991,1.16039
2026-05-21 15:39:00,1.1604,1.16049,1.16018,1.16018
2026-05-21 15:42:00,1.16018,1.16064,1.16015,1.16064
2026-05-21 15:45:00,1.16064,1.1609,1.16041,1.16046
2026-05-21 15:48:00,1.16046,1.16063,1.16028,1.16044
2026-05-21 15:51:00,1.16044,1.16045,1.16014,1.16018
2026-05-21 15:54:00,1.16018,1.1604700000000001,1.15999,1.16001
2026-05-21 15:57:00,1.16001,1.16011,1.15962,1.15972
2026-05-21 16:00:00,1.15972,1.1599599999999999,1.1596,1.15989
2026-05-21 16:03:00,1.15989,1.16,1.15973,1.15989
2026-05-21 16:06:00,1.15989,1.15991,1.15929,1.15932
2026-05-21 16:09:00,1.15933,1.15958,1.1593,1.15957
2026-05-21 16:12:00,1.15957,1.1596899999999999,1.1595,1.15954
2026-05-21 16:15:00,1.15954,1.15957,1.15931,1.15951
2026-05-21 16:18:00,1.15952,1.15956,1.15876,1.15882
2026-05-21 16:21:00,1.15881,1.15919,1.1587399999999999,1.15902
2026-05-21 16:24:00,1.15902,1.15924,1.15892,1.1589800000000001
2026-05-21 16:27:00,1.1589800000000001,1.15899,1.15873,1.15893
2026-05-21 16:30:00,1.15895,1.15901,1.1584699999999999,1.15856
2026-05-21 16:33:00,1.15856,1.15858,1.1582,1.15828
2026-05-21 16:36:00,1.15829,1.15853,1.1581299999999999,1.15817
2026-05-21 16:39:00,1.15816,1.15828,1.15793,1.15795
2026-05-21 16:42:00,1.15795,1.15806,1.15763,1.15782
2026-05-21 16:45:00,1.15782,1.15825,1.15779,1.15825
2026-05-21 16:48:00,1.15825,1.15856,1.15816,1.15853
2026-05-21 16:51:00,1.15853,1.15939,1.15836,1.1593499999999999
2026-05-21 16:54:00,1.1593499999999999,1.1601,1.1593,1.15954
2026-05-21 16:57:00,1.15954,1.1596,1.15923,1.15946
2026-05-21 17:00:00,1.15946,1.15956,1.15912,1.15928
2026-05-21 17:03:00,1.15928,1.15952,1.15923,1.15943
2026-05-21 17:06:00,1.15943,1.15944,1.15918,1.15928
2026-05-21 17:09:00,1.15928,1.15942,1.15912,1.15929
2026-05-21 17:12:00,1.15928,1.15934,1.15881,1.15927
2026-05-21 17:15:00,1.15926,1.15938,1.15845,1.15881
2026-05-21 17:18:00,1.15881,1.15888,1.15843,1.15844
2026-05-21 17:21:00,1.15844,1.15878,1.15842,1.15869
2026-05-21 17:24:00,1.15869,1.15893,1.15863,1.1587399999999999
2026-05-21 17:27:00,1.15875,1.15894,1.15872,1.15887
2026-05-21 17:30:00,1.15887,1.15946,1.15886,1.15944
2026-05-21 17:33:00,1.15944,1.15946,1.15891,1.159
2026-05-21 17:36:00,1.159,1.15921,1.15882,1.15917
2026-05-21 17:39:00,1.15917,1.15919,1.15859,1.15878
2026-05-21 17:42:00,1.15878,1.15905,1.15873,1.15902
2026-05-21 17:45:00,1.15903,1.15938,1.15897,1.1590799999999999
2026-05-21 17:48:00,1.1590799999999999,1.15929,1.15899,1.15917
2026-05-21 17:51:00,1.15917,1.15955,1.15913,1.15944
2026-05-21 17:54:00,1.15944,1.15965,1.15926,1.15948
2026-05-21 17:57:00,1.15948,1.15958,1.15924,1.15928
2026-05-21 18:00:00,1.15928,1.15938,1.15912,1.15912
2026-05-21 18:03:00,1.15912,1.15929,1.15896,1.15914
2026-05-21 18:06:00,1.15914,1.15922,1.15821,1.15825
2026-05-21 18:09:00,1.15825,1.15859,1.15822,1.15841
2026-05-21 18:12:00,1.15841,1.15907,1.15834,1.15878
2026-05-21 18:15:00,1.15878,1.15888,1.15854,1.15872
2026-05-21 18:18:00,1.15873,1.15889,1.15865,1.15888
2026-05-21 18:21:00,1.15888,1.15893,1.15853,1.15857
2026-05-21 18:24:00,1.15857,1.15876,1.15852,1.15868
2026-05-21 18:27:00,1.15868,1.1587399999999999,1.1585,1.15855
2026-05-21 18:30:00,1.15854,1.15883,1.15852,1.1587399999999999
2026-05-21 18:33:00,1.15877,1.15884,1.15846,1.15868
2026-05-21 18:36:00,1.15867,1.15873,1.15852,1.1586400000000001
2026-05-21 18:39:00,1.15863,1.15872,1.15836,1.1584699999999999
2026-05-21 18:42:00,1.1584699999999999,1.15854,1.15828,1.15832
2026-05-21 18:45:00,1.15831,1.15861,1.1583,1.15858
2026-05-21 18:48:00,1.15858,1.15863,1.15842,1.15852
2026-05-21 18:51:00,1.1585,1.15859,1.15839,1.15842
2026-05-21 18:54:00,1.15842,1.15871,1.15841,1.15866
2026-05-21 18:57:00,1.15867,1.15889,1.15863,1.15883
2026-05-21 19:00:00,1.15884,1.15918,1.15879,1.15895
2026-05-21 19:03:00,1.15895,1.15913,1.15892,1.15895
2026-05-21 19:06:00,1.15895,1.1590799999999999,1.15893,1.15896
2026-05-21 19:09:00,1.15896,1.15897,1.15861,1.15877
2026-05-21 19:12:00,1.15876,1.15884,1.15844,1.15883
2026-05-21 19:15:00,1.15883,1.15899,1.15865,1.15897
2026-05-21 19:18:00,1.15897,1.1592,1.15894,1.15913
2026-05-21 19:21:00,1.15913,1.15915,1.15879,1.1589800000000001
2026-05-21 19:24:00,1.1589800000000001,1.15931,1.15896,1.15914
2026-05-21 19:27:00,1.15916,1.1593499999999999,1.15913,1.15932
2026-05-21 19:30:00,1.15933,1.15946,1.15922,1.15922
2026-05-21 19:33:00,1.15924,1.15946,1.15923,1.15945
2026-05-21 19:36:00,1.15944,1.1595,1.15932,1.15938
2026-05-21 19:39:00,1.15937,1.15945,1.15922,1.15945
2026-05-21 19:42:00,1.15945,1.15957,1.15944,1.15952
2026-05-21 19:45:00,1.15953,1.1596,1.1594,1.15948
2026-05-21 19:48:00,1.15947,1.15955,1.15937,1.15938
2026-05-21 19:51:00,1.15937,1.1595900000000001,1.15937,1.15957
2026-05-21 19:54:00,1.15957,1.15963,1.15942,1.15955
2026-05-21 19:57:00,1.15955,1.1595900000000001,1.15944,1.15952
2026-05-21 20:00:00,1.15952,1.1595900000000001,1.15941,1.15942
2026-05-21 20:03:00,1.15942,1.1595,1.15937,1.15949
2026-05-21 20:06:00,1.15949,1.15957,1.15927,1.15932
2026-05-21 20:09:00,1.15932,1.16024,1.15928,1.15977
2026-05-21 20:12:00,1.1598,1.1602000000000001,1.15955,1.16018
2026-05-21 20:15:00,1.16019,1.1620300000000001,1.16018,1.16153
2026-05-21 20:18:00,1.16154,1.16183,1.16082,1.16176
2026-05-21 20:21:00,1.16175,1.16189,1.16117,1.16134
2026-05-21 20:24:00,1.16134,1.16174,1.16134,1.16154
2026-05-21 20:27:00,1.16154,1.16198,1.16151,1.16182
2026-05-21 20:30:00,1.16182,1.16228,1.16174,1.16192
2026-05-21 20:33:00,1.16192,1.16208,1.16146,1.16204
2026-05-21 20:36:00,1.16204,1.16215,1.1619,1.16198
2026-05-21 20:39:00,1.16196,1.16235,1.16185,1.16227
2026-05-21 20:42:00,1.16227,1.16244,1.1621299999999999,1.16233
2026-05-21 20:45:00,1.16233,1.16238,1.16196,1.16221
2026-05-21 20:48:00,1.16221,1.16263,1.16214,1.1626
2026-05-21 20:51:00,1.1626,1.16285,1.16259,1.1627399999999999
2026-05-21 20:54:00,1.1627399999999999,1.16299,1.16273,1.16289
2026-05-21 20:57:00,1.1629,1.16299,1.16235,1.16248
2026-05-21 21:00:00,1.16247,1.16299,1.16235,1.16241
2026-05-21 21:03:00,1.16241,1.16247,1.16205,1.16222
2026-05-21 21:06:00,1.16222,1.16235,1.16193,1.16212
2026-05-21 21:09:00,1.16212,1.16224,1.16188,1.16202
2026-05-21 21:12:00,1.16201,1.16232,1.16201,1.16225
2026-05-21 21:15:00,1.16226,1.16228,1.16205,1.1622
2026-05-21 21:18:00,1.1622,1.1626,1.1622,1.16252
2026-05-21 21:21:00,1.16252,1.16262,1.16242,1.16251
2026-05-21 21:24:00,1.16251,1.16276,1.16251,1.16257
2026-05-21 21:27:00,1.16257,1.16277,1.16254,1.16261
2026-05-21 21:30:00,1.16262,1.16268,1.16246,1.16247
2026-05-21 21:33:00,1.16245,1.16256,1.16236,1.16247
2026-05-21 21:36:00,1.16248,1.16266,1.16245,1.16262
2026-05-21 21:39:00,1.16262,1.16271,1.1625,1.16261
2026-05-21 21:42:00,1.16261,1.16263,1.16236,1.16247
2026-05-21 21:45:00,1.16247,1.16253,1.16238,1.16243
2026-05-21 21:48:00,1.16242,1.16242,1.16161,1.16182
2026-05-21 21:51:00,1.16182,1.16184,1.16106,1.16117
2026-05-21 21:54:00,1.16116,1.16133,1.16071,1.16085
2026-05-21 21:57:00,1.16085,1.16119,1.16083,1.16113
2026-05-21 22:00:00,1.16109,1.16147,1.1610800000000001,1.16126
2026-05-21 22:03:00,1.16126,1.16159,1.16126,1.16138
2026-05-21 22:06:00,1.16137,1.1615199999999999,1.16097,1.16147
2026-05-21 22:09:00,1.16147,1.16163,1.16133,1.16144
2026-05-21 22:12:00,1.16143,1.16149,1.16133,1.16147
2026-05-21 22:15:00,1.16148,1.16176,1.16147,1.16175
2026-05-21 22:18:00,1.16175,1.16184,1.1617,1.16178
2026-05-21 22:21:00,1.16178,1.162,1.16178,1.16198
2026-05-21 22:24:00,1.16198,1.16198,1.16189,1.16197
2026-05-21 22:27:00,1.16198,1.16207,1.16188,1.16198
2026-05-21 22:30:00,1.16198,1.16224,1.16198,1.16222
2026-05-21 22:33:00,1.16222,1.16228,1.16212,1.1622
2026-05-21 22:36:00,1.1622,1.1623999999999999,1.16219,1.1623999999999999
2026-05-21 22:39:00,1.16239,1.16239,1.16222,1.16222
2026-05-21 22:42:00,1.16222,1.16222,1.1618,1.16181
2026-05-21 22:45:00,1.16181,1.16197,1.16177,1.16193
2026-05-21 22:48:00,1.16193,1.16214,1.16192,1.16204
2026-05-21 22:51:00,1.16204,1.16206,1.16182,1.16183
2026-05-21 22:54:00,1.16184,1.16233,1.16141,1.16228
2026-05-21 22:57:00,1.16228,1.16241,1.16208,1.16211
2026-05-21 23:00:00,1.1621,1.16226,1.16209,1.16214
2026-05-21 23:03:00,1.16214,1.16226,1.16193,1.16195
2026-05-21 23:06:00,1.16195,1.16199,1.1616900000000001,1.16171
2026-05-21 23:09:00,1.16171,1.16173,1.16164,1.16166
2026-05-21 23:12:00,1.16165,1.16173,1.16164,1.16173
2026-05-21 23:15:00,1.16172,1.16178,1.1616,1.1616
2026-05-21 23:18:00,1.1616,1.16172,1.16158,1.1617
2026-05-21 23:21:00,1.1617,1.16174,1.16161,1.16168
2026-05-21 23:24:00,1.16168,1.16194,1.16164,1.16192
2026-05-21 23:27:00,1.16192,1.16196,1.1617899999999999,1.16183
2026-05-21 23:30:00,1.16184,1.16185,1.16172,1.16172
2026-05-21 23:33:00,1.16172,1.16173,1.16163,1.16165
2026-05-21 23:36:00,1.16165,1.16166,1.1616,1.16164
2026-05-21 23:39:00,1.16164,1.16172,1.16163,1.16171
2026-05-21 23:42:00,1.16171,1.1617899999999999,1.16159,1.16173
2026-05-21 23:45:00,1.16173,1.16178,1.16171,1.16177
2026-05-21 23:48:00,1.16176,1.1618,1.1617,1.1617899999999999
2026-05-21 23:51:00,1.1617899999999999,1.16188,1.1617899999999999,1.1617899999999999
2026-05-21 23:54:00,1.1617899999999999,1.1618,1.16163,1.16164
2026-05-21 23:57:00,1.16164,1.16174,1.16163,1.16173
2026-05-22 00:00:00,1.16177,1.16206,1.1615,1.162
2026-05-22 00:03:00,1.162,1.16205,1.16183,1.16196
2026-05-22 00:06:00,1.16196,1.1621299999999999,1.16173,1.16202
2026-05-22 00:09:00,1.16202,1.16224,1.16199,1.1621
2026-05-22 00:12:00,1.1621,1.16215,1.16207,1.1621
2026-05-22 00:15:00,1.1621,1.16218,1.16204,1.16205
2026-05-22 00:18:00,1.16205,1.16211,1.16204,1.16208
2026-05-22 00:21:00,1.16208,1.16208,1.16205,1.16207
2026-05-22 00:24:00,1.16207,1.16209,1.16205,1.16206
2026-05-22 00:27:00,1.16206,1.1621,1.16206,1.16206
2026-05-22 00:30:00,1.16206,1.16208,1.16202,1.16204
2026-05-22 00:33:00,1.16204,1.16209,1.1620300000000001,1.1620300000000001
2026-05-22 00:36:00,1.1620300000000001,1.16206,1.16183,1.1619
2026-05-22 00:39:00,1.1619,1.16193,1.16176,1.16183
2026-05-22 00:42:00,1.16183,1.16187,1.16172,1.16177
2026-05-22 00:45:00,1.16177,1.16195,1.16176,1.16184
2026-05-22 00:48:00,1.16184,1.16184,1.16181,1.16182
2026-05-22 00:51:00,1.16182,1.16187,1.1617899999999999,1.16184
2026-05-22 00:54:00,1.16183,1.16187,1.1617899999999999,1.16181
2026-05-22 00:57:00,1.16181,1.16187,1.1617899999999999,1.16186
2026-05-22 01:00:00,1.16181,1.16214,1.16175,1.16187
2026-05-22 01:03:00,1.16187,1.16187,1.16171,1.16171
2026-05-22 01:06:00,1.16171,1.16175,1.16163,1.16163
2026-05-22 01:09:00,1.16163,1.16163,1.1615,1.16156
2026-05-22 01:12:00,1.16156,1.16164,1.16155,1.16163
2026-05-22 01:15:00,1.16163,1.16168,1.16161,1.16165
2026-05-22 01:18:00,1.16165,1.16165,1.16162,1.16165
2026-05-22 01:21:00,1.16165,1.1616900000000001,1.16165,1.16166
2026-05-22 01:24:00,1.16166,1.16167,1.16161,1.16165
2026-05-22 01:27:00,1.16166,1.1617,1.16164,1.16166
2026-05-22 01:30:00,1.16166,1.16172,1.16165,1.16167
2026-05-22 01:33:00,1.16167,1.16171,1.16166,1.16171
2026-05-22 01:36:00,1.16171,1.16171,1.16166,1.16167
2026-05-22 01:39:00,1.16167,1.1617899999999999,1.16167,1.16175
2026-05-22 01:42:00,1.16175,1.16187,1.16175,1.16183
2026-05-22 01:45:00,1.16183,1.16189,1.16181,1.16181
2026-05-22 01:48:00,1.16181,1.16183,1.16181,1.16183
2026-05-22 01:51:00,1.16183,1.16184,1.16175,1.16175
2026-05-22 01:54:00,1.16175,1.16178,1.16173,1.16173
2026-05-22 01:57:00,1.16173,1.16176,1.16172,1.16172
2026-05-22 02:00:00,1.16172,1.16184,1.16172,1.1617899999999999
2026-05-22 02:03:00,1.1617899999999999,1.16183,1.16178,1.1617899999999999
2026-05-22 02:06:00,1.1617899999999999,1.16182,1.16172,1.16172
2026-05-22 02:09:00,1.16172,1.16177,1.16171,1.16177
2026-05-22 02:12:00,1.16177,1.16177,1.16172,1.16176
2026-05-22 02:15:00,1.16177,1.16178,1.16176,1.16176
2026-05-22 02:18:00,1.16176,1.16177,1.16171,1.16172
2026-05-22 02:21:00,1.16172,1.16172,1.16164,1.16166
2026-05-22 02:24:00,1.16166,1.16167,1.16158,1.16167
2026-05-22 02:27:00,1.16166,1.16171,1.16166,1.16171
2026-05-22 02:30:00,1.1616900000000001,1.1617,1.16165,1.16168
2026-05-22 02:33:00,1.16167,1.16173,1.16166,1.1616900000000001
2026-05-22 02:36:00,1.1616900000000001,1.16171,1.1616900000000001,1.1617
2026-05-22 02:39:00,1.1617,1.16172,1.16168,1.16171
2026-05-22 02:42:00,1.16171,1.16172,1.16166,1.16168
2026-05-22 02:45:00,1.16168,1.16178,1.16168,1.16177
2026-05-22 02:48:00,1.16177,1.1618,1.16177,1.1618
2026-05-22 02:51:00,1.1618,1.1619,1.1618,1.16183
2026-05-22 02:54:00,1.16183,1.16183,1.16172,1.16173
2026-05-22 02:57:00,1.16173,1.16177,1.16168,1.16177
2026-05-22 03:00:00,1.16178,1.1618,1.1614,1.1615
2026-05-22 03:03:00,1.1615,1.16162,1.1614200000000001,1.16162
2026-05-22 03:06:00,1.16164,1.16165,1.16153,1.16154
2026-05-22 03:09:00,1.16154,1.16159,1.1614,1.1614200000000001
2026-05-22 03:12:00,1.1614200000000001,1.16148,1.16133,1.16137
2026-05-22 03:15:00,1.16138,1.16148,1.16129,1.1613
2026-05-22 03:18:00,1.1613,1.16139,1.16129,1.16134
2026-05-22 03:21:00,1.16134,1.16149,1.16133,1.16135
2026-05-22 03:24:00,1.16134,1.1614,1.16132,1.16137
2026-05-22 03:27:00,1.16136,1.16145,1.16135,1.1614
2026-05-22 03:30:00,1.1614,1.16145,1.16133,1.16139
2026-05-22 03:33:00,1.16139,1.16139,1.16123,1.16132
2026-05-22 03:36:00,1.16133,1.16135,1.16123,1.16131
2026-05-22 03:39:00,1.1613,1.16149,1.16126,1.16147
2026-05-22 03:42:00,1.16147,1.1615,1.16145,1.16148
2026-05-22 03:45:00,1.16148,1.16161,1.16147,1.16149
2026-05-22 03:48:00,1.16149,1.16153,1.16145,1.16149
2026-05-22 03:51:00,1.16149,1.1615,1.16145,1.16147
2026-05-22 03:54:00,1.16147,1.16154,1.16134,1.16139
2026-05-22 03:57:00,1.16139,1.1615199999999999,1.16134,1.16144
2026-05-22 04:00:00,1.16143,1.16153,1.16126,1.16129
2026-05-22 04:03:00,1.16129,1.1614,1.16124,1.1614
2026-05-22 04:06:00,1.16139,1.16153,1.16132,1.16134
2026-05-22 04:09:00,1.16136,1.1614,1.16132,1.16133
2026-05-22 04:12:00,1.16134,1.16145,1.16132,1.16144
2026-05-22 04:15:00,1.16144,1.16149,1.16129,1.1613
2026-05-22 04:18:00,1.1613,1.16155,1.16129,1.16154
2026-05-22 04:21:00,1.16154,1.16157,1.16139,1.16139
2026-05-22 04:24:00,1.16139,1.16144,1.16121,1.16143
2026-05-22 04:27:00,1.16143,1.16144,1.16133,1.16139
2026-05-22 04:30:00,1.16139,1.16145,1.16132,1.16136
2026-05-22 04:33:00,1.16136,1.16139,1.16122,1.16135
2026-05-22 04:36:00,1.16135,1.16145,1.16133,1.1614200000000001
2026-05-22 04:39:00,1.16141,1.1614200000000001,1.16134,1.16139
2026-05-22 04:42:00,1.16139,1.16149,1.16137,1.16139
2026-05-22 04:45:00,1.16139,1.16144,1.16138,1.16139
2026-05-22 04:48:00,1.16139,1.16156,1.16138,1.1615199999999999
2026-05-22 04:51:00,1.1615199999999999,1.16153,1.16141,1.16141
2026-05-22 04:54:00,1.16141,1.16143,1.16112,1.16113
2026-05-22 04:57:00,1.16114,1.16116,1.16098,1.16099
2026-05-22 05:00:00,1.16097,1.16117,1.16095,1.16114
2026-05-22 05:03:00,1.16114,1.16115,1.16104,1.16104
2026-05-22 05:06:00,1.16104,1.16109,1.16102,1.16104
2026-05-22 05:09:00,1.16103,1.16104,1.16098,1.16103
2026-05-22 05:12:00,1.16103,1.1611,1.16099,1.16107
2026-05-22 05:15:00,1.16107,1.16119,1.16104,1.16119
2026-05-22 05:18:00,1.1611799999999999,1.16119,1.16102,1.16103
2026-05-22 05:21:00,1.16103,1.16117,1.16103,1.16115
2026-05-22 05:24:00,1.16115,1.16116,1.1611,1.16114
2026-05-22 05:27:00,1.16114,1.16117,1.16111,1.16113
2026-05-22 05:30:00,1.16114,1.16125,1.16112,1.16124
2026-05-22 05:33:00,1.16121,1.16126,1.16116,1.16124
2026-05-22 05:36:00,1.16125,1.1614,1.16125,1.16137
2026-05-22 05:39:00,1.16138,1.1614,1.16133,1.16138
2026-05-22 05:42:00,1.16138,1.1614200000000001,1.16134,1.16134
2026-05-22 05:45:00,1.16134,1.16135,1.16121,1.16129
2026-05-22 05:48:00,1.16129,1.16139,1.16127,1.16139
2026-05-22 05:51:00,1.16139,1.1614200000000001,1.16117,1.16117
2026-05-22 05:54:00,1.16117,1.1612,1.16104,1.16104
2026-05-22 05:57:00,1.16104,1.16119,1.16099,1.16117
2026-05-22 06:00:00,1.16116,1.16129,1.16114,1.16114
2026-05-22 06:03:00,1.16114,1.16114,1.16098,1.16099
2026-05-22 06:06:00,1.16099,1.16104,1.1609,1.16094
2026-05-22 06:09:00,1.16094,1.16098,1.16088,1.16092
2026-05-22 06:12:00,1.16092,1.16095,1.16088,1.16092
2026-05-22 06:15:00,1.16092,1.16097,1.16086,1.16097
2026-05-22 06:18:00,1.16097,1.16106,1.16097,1.16103
2026-05-22 06:21:00,1.16103,1.16105,1.16095,1.16098
2026-05-22 06:24:00,1.16097,1.16109,1.16097,1.16104
2026-05-22 06:27:00,1.16104,1.16105,1.16098,1.16102
2026-05-22 06:30:00,1.16102,1.16111,1.16102,1.16109
2026-05-22 06:33:00,1.16109,1.16114,1.16102,1.16102
2026-05-22 06:36:00,1.16102,1.16114,1.16102,1.16112
2026-05-22 06:39:00,1.16112,1.16112,1.16107,1.16112
2026-05-22 06:42:00,1.16112,1.16115,1.16109,1.16115
2026-05-22 06:45:00,1.16115,1.16122,1.16113,1.1611799999999999
2026-05-22 06:48:00,1.1611799999999999,1.1612,1.16113,1.16115
2026-05-22 06:51:00,1.16115,1.16115,1.1610800000000001,1.1610800000000001
2026-05-22 06:54:00,1.1610800000000001,1.16112,1.16106,1.1611
2026-05-22 06:57:00,1.16109,1.1612,1.16109,1.16119
2026-05-22 07:00:00,1.1611799999999999,1.16122,1.16112,1.16115
2026-05-22 07:03:00,1.16115,1.16128,1.16113,1.16127
2026-05-22 07:06:00,1.16127,1.1614,1.16127,1.16139
2026-05-22 07:09:00,1.16139,1.1614200000000001,1.16133,1.16134
2026-05-22 07:12:00,1.16134,1.16143,1.16134,1.1614
2026-05-22 07:15:00,1.1614,1.16141,1.16133,1.1614
2026-05-22 07:18:00,1.1614,1.16149,1.16139,1.16139
2026-05-22 07:21:00,1.16139,1.16144,1.16137,1.16139
2026-05-22 07:24:00,1.16139,1.1614,1.16134,1.16134
2026-05-22 07:27:00,1.16134,1.16135,1.16131,1.16135
2026-05-22 07:30:00,1.16135,1.16139,1.1613,1.16138
2026-05-22 07:33:00,1.16138,1.1614,1.16133,1.16135
2026-05-22 07:36:00,1.16135,1.16135,1.16129,1.16134
2026-05-22 07:39:00,1.16134,1.16135,1.1613,1.16134
2026-05-22 07:42:00,1.16134,1.16137,1.16129,1.16134
2026-05-22 07:45:00,1.16134,1.16139,1.16132,1.16137
2026-05-22 07:48:00,1.16137,1.16145,1.16137,1.16145
2026-05-22 07:51:00,1.16145,1.1615,1.16144,1.1615
2026-05-22 07:54:00,1.1615,1.16154,1.16147,1.16153
2026-05-22 07:57:00,1.16153,1.16154,1.16147,1.1615199999999999
2026-05-22 08:00:00,1.16151,1.1616,1.16147,1.16153
2026-05-22 08:03:00,1.16153,1.16163,1.1615199999999999,1.16162
2026-05-22 08:06:00,1.16161,1.16167,1.1616,1.16162
2026-05-22 08:09:00,1.16159,1.16161,1.16154,1.16156
2026-05-22 08:12:00,1.16156,1.16156,1.1615,1.1615
2026-05-22 08:15:00,1.1615,1.16154,1.16148,1.1615199999999999
2026-05-22 08:18:00,1.16153,1.16153,1.1614200000000001,1.16146
2026-05-22 08:21:00,1.16147,1.16156,1.16146,1.16153
2026-05-22 08:24:00,1.16153,1.16155,1.16149,1.16154
2026-05-22 08:27:00,1.16153,1.16155,1.16144,1.16145
2026-05-22 08:30:00,1.16145,1.16154,1.16143,1.1615
2026-05-22 08:33:00,1.1615,1.16153,1.16148,1.16149
2026-05-22 08:36:00,1.16149,1.16155,1.16144,1.16144
2026-05-22 08:39:00,1.16144,1.16146,1.16143,1.16145
2026-05-22 08:42:00,1.16145,1.16147,1.16137,1.16147
2026-05-22 08:45:00,1.16147,1.16147,1.16138,1.16139
2026-05-22 08:48:00,1.1614,1.16154,1.16138,1.16149
2026-05-22 08:51:00,1.16148,1.1616900000000001,1.16147,1.16159
2026-05-22 08:54:00,1.16159,1.16159,1.1610800000000001,1.1610800000000001
2026-05-22 08:57:00,1.1610800000000001,1.16119,1.16071,1.16092
2026-05-22 09:00:00,1.16092,1.1612,1.16075,1.16112
2026-05-22 09:03:00,1.16112,1.16122,1.16103,1.16104
2026-05-22 09:06:00,1.16104,1.16145,1.16099,1.16137
2026-05-22 09:09:00,1.16137,1.16138,1.16123,1.16129
2026-05-22 09:12:00,1.16129,1.16139,1.16122,1.16124
2026-05-22 09:15:00,1.16123,1.16123,1.16092,1.16103
2026-05-22 09:18:00,1.16103,1.1612,1.16103,1.16109
2026-05-22 09:21:00,1.1611,1.16125,1.16109,1.1611799999999999
2026-05-22 09:24:00,1.16117,1.16124,1.16104,1.16112
2026-05-22 09:27:00,1.16112,1.16129,1.16112,1.16122
2026-05-22 09:30:00,1.16122,1.16124,1.16084,1.16084
2026-05-22 09:33:00,1.16085,1.16097,1.16084,1.1609
2026-05-22 09:36:00,1.1609,1.16093,1.16076,1.16082
2026-05-22 09:39:00,1.16082,1.16082,1.16052,1.16065
2026-05-22 09:42:00,1.16065,1.16096,1.16061,1.16095
2026-05-22 09:45:00,1.16095,1.16104,1.16078,1.16095
2026-05-22 09:48:00,1.16094,1.16106,1.16087,1.16087
2026-05-22 09:51:00,1.16087,1.16088,1.16067,1.1608100000000001
2026-05-22 09:54:00,1.1608100000000001,1.1610800000000001,1.1605699999999999,1.16102
2026-05-22 09:57:00,1.16103,1.16106,1.16092,1.16098
2026-05-22 10:00:00,1.16098,1.16098,1.16037,1.16042
2026-05-22 10:03:00,1.16042,1.16055,1.16038,1.16044
2026-05-22 10:06:00,1.16045,1.1605,1.16033,1.16044
2026-05-22 10:09:00,1.16044,1.16055,1.16036,1.1604
2026-05-22 10:12:00,1.16039,1.16039,1.16013,1.16019
2026-05-22 10:15:00,1.16019,1.1605,1.16018,1.16048
2026-05-22 10:18:00,1.16048,1.16048,1.16027,1.16028
2026-05-22 10:21:00,1.16028,1.1607,1.16028,1.16064
2026-05-22 10:24:00,1.16064,1.16065,1.16053,1.16059
2026-05-22 10:27:00,1.16059,1.16085,1.16054,1.16084
2026-05-22 10:30:00,1.16084,1.16084,1.16052,1.16056
2026-05-22 10:33:00,1.16055,1.16075,1.16051,1.16068
2026-05-22 10:36:00,1.16068,1.16072,1.16046,1.16065
2026-05-22 10:39:00,1.16065,1.1607,1.16052,1.16061
2026-05-22 10:42:00,1.16061,1.16068,1.1605699999999999,1.16064
2026-05-22 10:45:00,1.16063,1.16064,1.16051,1.16059
2026-05-22 10:48:00,1.16059,1.16069,1.16058,1.16064
2026-05-22 10:51:00,1.16064,1.1608,1.16063,1.16064
2026-05-22 10:54:00,1.16064,1.16078,1.16053,1.16078
2026-05-22 10:57:00,1.16078,1.16094,1.16078,1.16083
2026-05-22 11:00:00,1.16083,1.16095,1.16068,1.16093
2026-05-22 11:03:00,1.16093,1.16104,1.16074,1.16074
2026-05-22 11:06:00,1.16074,1.16078,1.1606,1.1606
2026-05-22 11:09:00,1.1606,1.16078,1.1606,1.16074
2026-05-22 11:12:00,1.16074,1.16076,1.16058,1.16061
2026-05-22 11:15:00,1.16061,1.16103,1.16061,1.16102
2026-05-22 11:18:00,1.16102,1.16157,1.16096,1.16157
2026-05-22 11:21:00,1.16156,1.16157,1.16096,1.16103
2026-05-22 11:24:00,1.16103,1.16125,1.16102,1.16124
2026-05-22 11:27:00,1.16124,1.16124,1.16096,1.16112
2026-05-22 11:30:00,1.16112,1.16122,1.16098,1.16098
2026-05-22 11:33:00,1.16098,1.16099,1.16032,1.16059
2026-05-22 11:36:00,1.16059,1.16094,1.16049,1.16088
2026-05-22 11:39:00,1.16087,1.16088,1.16068,1.16079
2026-05-22 11:42:00,1.16079,1.16093,1.16067,1.16072
2026-05-22 11:45:00,1.16072,1.16089,1.16072,1.16088
2026-05-22 11:48:00,1.16088,1.16102,1.16082,1.16099
2026-05-22 11:51:00,1.16098,1.16099,1.16071,1.16074
2026-05-22 11:54:00,1.16074,1.16077,1.16063,1.16066
2026-05-22 11:57:00,1.16065,1.16078,1.16059,1.16078
2026-05-22 12:00:00,1.16077,1.16079,1.16062,1.16074
2026-05-22 12:03:00,1.16074,1.16076,1.1606,1.16063
2026-05-22 12:06:00,1.16064,1.16065,1.16032,1.16032
2026-05-22 12:09:00,1.16032,1.16038,1.16023,1.16023
2026-05-22 12:12:00,1.16023,1.16023,1.15992,1.15997
2026-05-22 12:15:00,1.15997,1.15999,1.15961,1.15961
2026-05-22 12:18:00,1.15961,1.15989,1.1596,1.15987
2026-05-22 12:21:00,1.15987,1.15993,1.15983,1.15989
2026-05-22 12:24:00,1.15989,1.1599599999999999,1.15982,1.15995
2026-05-22 12:27:00,1.15995,1.16009,1.15989,1.15993
2026-05-22 12:30:00,1.15993,1.16004,1.15982,1.15999
2026-05-22 12:33:00,1.15999,1.16,1.15982,1.15988
2026-05-22 12:36:00,1.15989,1.16014,1.15988,1.16013
2026-05-22 12:39:00,1.16013,1.16038,1.16013,1.16037
2026-05-22 12:42:00,1.16037,1.16039,1.16016,1.16022
2026-05-22 12:45:00,1.16023,1.16031,1.16022,1.16031
2026-05-22 12:48:00,1.16031,1.16043,1.16026,1.1604
2026-05-22 12:51:00,1.16041,1.16049,1.16038,1.16048
2026-05-22 12:54:00,1.16049,1.1605699999999999,1.16045,1.16046
2026-05-22 12:57:00,1.16046,1.16049,1.16033,1.16041
2026-05-22 13:00:00,1.16042,1.16049,1.16027,1.1604700000000001
2026-05-22 13:03:00,1.1604700000000001,1.16052,1.16037,1.16049
2026-05-22 13:06:00,1.16049,1.16064,1.16049,1.16062
2026-05-22 13:09:00,1.16062,1.16068,1.16062,1.16067
2026-05-22 13:12:00,1.16067,1.16078,1.16035,1.16036
2026-05-22 13:15:00,1.16036,1.16046,1.16032,1.16045
2026-05-22 13:18:00,1.16045,1.16058,1.16027,1.16028
2026-05-22 13:21:00,1.16028,1.16036,1.16018,1.16021
2026-05-22 13:24:00,1.16021,1.16029,1.16018,1.1602000000000001
2026-05-22 13:27:00,1.1602000000000001,1.16022,1.16001,1.16002
2026-05-22 13:30:00,1.16002,1.16012,1.15985,1.15993
2026-05-22 13:33:00,1.15993,1.1599599999999999,1.15972,1.15985
2026-05-22 13:36:00,1.15985,1.15992,1.15977,1.15985
2026-05-22 13:39:00,1.15985,1.15997,1.15983,1.15993
2026-05-22 13:42:00,1.15993,1.15994,1.15982,1.15984
2026-05-22 13:45:00,1.15984,1.15994,1.15976,1.15978
2026-05-22 13:48:00,1.15978,1.15978,1.15952,1.1595900000000001
2026-05-22 13:51:00,1.1595900000000001,1.1596899999999999,1.15956,1.15965
2026-05-22 13:54:00,1.15965,1.15965,1.15951,1.15952
2026-05-22 13:57:00,1.15952,1.15973,1.15952,1.15973
2026-05-22 14:00:00,1.15973,1.15976,1.1593499999999999,1.15944
2026-05-22 14:03:00,1.15943,1.15957,1.15938,1.15954
2026-05-22 14:06:00,1.15954,1.15962,1.15945,1.15947
2026-05-22 14:09:00,1.15947,1.15953,1.15933,1.15938
2026-05-22 14:12:00,1.15938,1.15954,1.15936,1.15954
2026-05-22 14:15:00,1.15954,1.15964,1.15946,1.15949
2026-05-22 14:18:00,1.15949,1.15955,1.15942,1.15953
2026-05-22 14:21:00,1.15954,1.15954,1.15938,1.15942
2026-05-22 14:24:00,1.15942,1.1596899999999999,1.15942,1.15964
2026-05-22 14:27:00,1.15965,1.15965,1.15936,1.15938
2026-05-22 14:30:00,1.15939,1.15948,1.15933,1.15948
2026-05-22 14:33:00,1.15948,1.15967,1.15948,1.15962
2026-05-22 14:36:00,1.15962,1.15979,1.15962,1.15968
2026-05-22 14:39:00,1.15968,1.15974,1.15957,1.15963
2026-05-22 14:42:00,1.15962,1.15987,1.15957,1.1598
2026-05-22 14:45:00,1.1598,1.16017,1.15975,1.16007
2026-05-22 14:48:00,1.16006,1.16021,1.1598,1.1598
2026-05-22 14:51:00,1.15981,1.1599,1.15972,1.15977
2026-05-22 14:54:00,1.15977,1.15987,1.1596,1.15981
2026-05-22 14:57:00,1.1598,1.15985,1.15955,1.15964
2026-05-22 15:00:00,1.15964,1.15984,1.15951,1.1598
2026-05-22 15:03:00,1.1598,1.1598,1.15944,1.15963
2026-05-22 15:06:00,1.15963,1.1596899999999999,1.15948,1.15958
2026-05-22 15:09:00,1.15958,1.15964,1.15953,1.15962
2026-05-22 15:12:00,1.15963,1.16068,1.15962,1.16046
2026-05-22 15:15:00,1.16045,1.16069,1.16032,1.16035
2026-05-22 15:18:00,1.16035,1.1607,1.16019,1.16022
2026-05-22 15:21:00,1.16022,1.16022,1.15988,1.16006
2026-05-22 15:24:00,1.16006,1.16024,1.15993,1.15997
2026-05-22 15:27:00,1.15997,1.15998,1.15964,1.15984
2026-05-22 15:30:00,1.15984,1.16003,1.15983,1.15984
2026-05-22 15:33:00,1.15984,1.15999,1.1598,1.15994
2026-05-22 15:36:00,1.15994,1.15995,1.15982,1.15994
2026-05-22 15:39:00,1.15994,1.1601,1.15991,1.16004
2026-05-22 15:42:00,1.16004,1.16005,1.15977,1.16
2026-05-22 15:45:00,1.16,1.16031,1.16,1.16016
2026-05-22 15:48:00,1.16016,1.16038,1.16009,1.1601
2026-05-22 15:51:00,1.1601,1.16022,1.16008,1.16019
2026-05-22 15:54:00,1.16019,1.16025,1.16012,1.16023
2026-05-22 15:57:00,1.16023,1.16048,1.16015,1.16043
2026-05-22 16:00:00,1.16041,1.16061,1.16039,1.16048
2026-05-22 16:03:00,1.16048,1.16078,1.16039,1.16049
2026-05-22 16:06:00,1.16049,1.16085,1.16038,1.16084
2026-05-22 16:09:00,1.16084,1.16183,1.16079,1.16174
2026-05-22 16:12:00,1.16174,1.16183,1.16115,1.16128
2026-05-22 16:15:00,1.16128,1.1614,1.16109,1.1611
2026-05-22 16:18:00,1.1611,1.16135,1.16099,1.16099
2026-05-22 16:21:00,1.16099,1.16099,1.16076,1.1609099999999999
2026-05-22 16:24:00,1.1609099999999999,1.16104,1.16085,1.16103
2026-05-22 16:27:00,1.16103,1.1611799999999999,1.16097,1.1611
2026-05-22 16:30:00,1.16111,1.16115,1.161,1.16101
2026-05-22 16:33:00,1.16101,1.16109,1.16063,1.16092
2026-05-22 16:36:00,1.16092,1.16103,1.16062,1.16063
2026-05-22 16:39:00,1.16063,1.16085,1.16041,1.16071
2026-05-22 16:42:00,1.16072,1.16074,1.16024,1.16041
2026-05-22 16:45:00,1.16041,1.16054,1.16026,1.16027
2026-05-22 16:48:00,1.16027,1.16027,1.15993,1.16006
2026-05-22 16:51:00,1.16006,1.16053,1.16003,1.16046
2026-05-22 16:54:00,1.16046,1.16056,1.16039,1.16042
2026-05-22 16:57:00,1.16043,1.1605699999999999,1.16033,1.16036
2026-05-22 17:00:00,1.16036,1.16038,1.15907,1.15911
2026-05-22 17:03:00,1.15911,1.15934,1.15891,1.15917
2026-05-22 17:06:00,1.15918,1.15938,1.15896,1.15919
2026-05-22 17:09:00,1.15919,1.15967,1.15912,1.15943
2026-05-22 17:12:00,1.15943,1.15947,1.15892,1.1589800000000001
2026-05-22 17:15:00,1.1589800000000001,1.15912,1.15881,1.15886
2026-05-22 17:18:00,1.15884,1.15917,1.15883,1.15912
2026-05-22 17:21:00,1.15912,1.15919,1.1589800000000001,1.15909
2026-05-22 17:24:00,1.15909,1.15957,1.15906,1.15952
2026-05-22 17:27:00,1.15953,1.15965,1.15943,1.15965
2026-05-22 17:30:00,1.15965,1.16007,1.15954,1.16
2026-05-22 17:33:00,1.16,1.16018,1.15988,1.15993
2026-05-22 17:36:00,1.15993,1.15997,1.15977,1.15993
2026-05-22 17:39:00,1.15993,1.15993,1.15962,1.15987
2026-05-22 17:42:00,1.15987,1.16014,1.15979,1.16008
2026-05-22 17:45:00,1.16007,1.16023,1.16003,1.16007
2026-05-22 17:48:00,1.16007,1.16008,1.15947,1.15954
2026-05-22 17:51:00,1.15954,1.15985,1.15952,1.15985
2026-05-22 17:54:00,1.15985,1.15999,1.15972,1.15989
2026-05-22 17:57:00,1.15989,1.15997,1.15973,1.15977
2026-05-22 18:00:00,1.15976,1.15993,1.15957,1.15988
2026-05-22 18:03:00,1.15988,1.16043,1.15972,1.16041
2026-05-22 18:06:00,1.16041,1.16048,1.16007,1.16011
2026-05-22 18:09:00,1.16012,1.16024,1.16,1.16023
2026-05-22 18:12:00,1.16022,1.16034,1.16015,1.16034
2026-05-22 18:15:00,1.16034,1.16055,1.16027,1.16028
2026-05-22 18:18:00,1.16028,1.16035,1.16009,1.16014
2026-05-22 18:21:00,1.16014,1.16017,1.16001,1.16006
2026-05-22 18:24:00,1.16005,1.16027,1.15993,1.16022
2026-05-22 18:27:00,1.16022,1.16048,1.1602000000000001,1.16026
2026-05-22 18:30:00,1.16026,1.16039,1.16009,1.16012
2026-05-22 18:33:00,1.16012,1.1602000000000001,1.15984,1.15992
2026-05-22 18:36:00,1.15992,1.16018,1.15992,1.15997
2026-05-22 18:39:00,1.15997,1.16006,1.15981,1.16002
2026-05-22 18:42:00,1.16002,1.16018,1.16002,1.16009
2026-05-22 18:45:00,1.16009,1.16029,1.16007,1.16016
2026-05-22 18:48:00,1.16016,1.16019,1.15999,1.16017
2026-05-22 18:51:00,1.16017,1.1604,1.16014,1.16038
2026-05-22 18:54:00,1.16038,1.16044,1.16006,1.16006
2026-05-22 18:57:00,1.16006,1.16027,1.15993,1.16027
2026-05-22 19:00:00,1.16027,1.1602999999999999,1.15994,1.16023
2026-05-22 19:03:00,1.16023,1.16023,1.15997,1.16012
2026-05-22 19:06:00,1.16013,1.16038,1.16008,1.16037
2026-05-22 19:09:00,1.16037,1.16073,1.16031,1.16072
2026-05-22 19:12:00,1.16072,1.16077,1.16063,1.16068
2026-05-22 19:15:00,1.16068,1.16083,1.16052,1.16067
2026-05-22 19:18:00,1.16067,1.16068,1.16052,1.1605699999999999
2026-05-22 19:21:00,1.16056,1.16076,1.16056,1.16073
2026-05-22 19:24:00,1.16073,1.16087,1.1607,1.1608100000000001
2026-05-22 19:27:00,1.1608100000000001,1.16092,1.16077,1.16092
2026-05-22 19:30:00,1.16092,1.16106,1.16089,1.1609
2026-05-22 19:33:00,1.1609,1.16095,1.16062,1.16077
2026-05-22 19:36:00,1.16077,1.16085,1.16054,1.16062
2026-05-22 19:39:00,1.16062,1.16077,1.1606,1.16077
2026-05-22 19:42:00,1.16077,1.16078,1.16055,1.16067
2026-05-22 19:45:00,1.16067,1.161,1.16067,1.1609
2026-05-22 19:48:00,1.1609,1.16092,1.16072,1.16075
2026-05-22 19:51:00,1.16075,1.16097,1.1607,1.16097
2026-05-22 19:54:00,1.16097,1.16105,1.16093,1.16099
2026-05-22 19:57:00,1.16099,1.16111,1.16088,1.16111
2026-05-22 20:00:00,1.16111,1.16141,1.1611,1.16137
2026-05-22 20:03:00,1.16137,1.1615199999999999,1.16134,1.16149
2026-05-22 20:06:00,1.16149,1.16149,1.16111,1.1613
2026-05-22 20:09:00,1.1613,1.16144,1.16125,1.16141
2026-05-22 20:12:00,1.16141,1.16141,1.16115,1.16135
2026-05-22 20:15:00,1.16135,1.1615,1.16135,1.16143
2026-05-22 20:18:00,1.16143,1.16143,1.16106,1.16112
2026-05-22 20:21:00,1.16111,1.16111,1.16086,1.16095
2026-05-22 20:24:00,1.16095,1.16121,1.16088,1.16116
2026-05-22 20:27:00,1.16116,1.16171,1.161,1.16162
2026-05-22 20:30:00,1.16163,1.16191,1.16139,1.1615
2026-05-22 20:33:00,1.16149,1.1615,1.16119,1.1612
2026-05-22 20:36:00,1.1612,1.16145,1.16111,1.16144
2026-05-22 20:39:00,1.16144,1.16149,1.16121,1.16126
2026-05-22 20:42:00,1.16126,1.16146,1.16126,1.16132
2026-05-22 20:45:00,1.16132,1.16137,1.16106,1.1611
2026-05-22 20:48:00,1.1611,1.16125,1.16109,1.16124
2026-05-22 20:51:00,1.16124,1.1614,1.1611799999999999,1.16139
2026-05-22 20:54:00,1.16139,1.16143,1.16119,1.16133
2026-05-22 20:57:00,1.16133,1.16151,1.16132,1.16133
2026-05-22 21:00:00,1.16133,1.16143,1.16129,1.16143
2026-05-22 21:03:00,1.16143,1.16149,1.16093,1.16139
2026-05-22 21:06:00,1.16139,1.16145,1.16122,1.16138
2026-05-22 21:09:00,1.16138,1.1614,1.16112,1.16113
2026-05-22 21:12:00,1.16113,1.16119,1.16107,1.16117
2026-05-22 21:15:00,1.16116,1.16122,1.16111,1.16115
2026-05-22 21:18:00,1.16115,1.16122,1.16104,1.1611
2026-05-22 21:21:00,1.16109,1.16122,1.16104,1.16115
2026-05-22 21:24:00,1.16115,1.16121,1.161,1.16109
2026-05-22 21:27:00,1.16109,1.16121,1.16102,1.16104
2026-05-22 21:30:00,1.16104,1.16104,1.16093,1.16101
2026-05-22 21:33:00,1.16101,1.1610800000000001,1.16101,1.16104
2026-05-22 21:36:00,1.16104,1.16115,1.16104,1.16112
2026-05-22 21:39:00,1.16113,1.16151,1.1610800000000001,1.16111
2026-05-22 21:42:00,1.16111,1.16122,1.1611,1.16117
2026-05-22 21:45:00,1.16117,1.16124,1.16109,1.16111
2026-05-22 21:48:00,1.1611,1.16123,1.1611,1.16119
2026-05-22 21:51:00,1.16119,1.16136,1.16119,1.16136
2026-05-22 21:54:00,1.16135,1.16141,1.16127,1.1613
2026-05-22 21:57:00,1.1613,1.16131,1.16116,1.16117
2026-05-22 22:00:00,1.16117,1.16138,1.1609,1.16093
2026-05-22 22:03:00,1.16093,1.16098,1.1608,1.16092
2026-05-22 22:06:00,1.1609099999999999,1.16097,1.16086,1.1609099999999999
2026-05-22 22:09:00,1.16092,1.16098,1.16085,1.16093
2026-05-22 22:12:00,1.16093,1.16096,1.16082,1.16085
2026-05-22 22:15:00,1.16085,1.16099,1.16083,1.16096
2026-05-22 22:18:00,1.16096,1.16102,1.16089,1.16089
2026-05-22 22:21:00,1.16089,1.16098,1.16088,1.16095
2026-05-22 22:24:00,1.16094,1.16101,1.1609099999999999,1.16092
2026-05-22 22:27:00,1.16092,1.16097,1.1608,1.16082
2026-05-22 22:30:00,1.16082,1.16083,1.16069,1.16074
2026-05-22 22:33:00,1.16074,1.16086,1.16071,1.16084
2026-05-22 22:36:00,1.16084,1.16088,1.16073,1.16074
2026-05-22 22:39:00,1.16073,1.16075,1.16071,1.16073
2026-05-22 22:42:00,1.16073,1.16076,1.16066,1.16068
2026-05-22 22:45:00,1.16068,1.16071,1.16051,1.16059
2026-05-22 22:48:00,1.16059,1.16069,1.16058,1.16064
2026-05-22 22:51:00,1.16064,1.16064,1.16052,1.16059
2026-05-22 22:54:00,1.16058,1.16072,1.16058,1.16067
2026-05-22 22:57:00,1.16067,1.16073,1.16058,1.16059
2026-05-22 23:00:00,1.16058,1.16065,1.1604,1.16044
2026-05-22 23:03:00,1.16044,1.16051,1.1604,1.1605
2026-05-22 23:06:00,1.1605,1.16055,1.16046,1.16048
2026-05-22 23:09:00,1.16048,1.16053,1.16048,1.16053
2026-05-22 23:12:00,1.16053,1.16053,1.16046,1.16046
2026-05-22 23:15:00,1.16046,1.16049,1.1604,1.16044
2026-05-22 23:18:00,1.16044,1.16055,1.16041,1.16054
2026-05-22 23:21:00,1.16054,1.1605699999999999,1.16049,1.16049
2026-05-22 23:24:00,1.16049,1.16049,1.16034,1.16035
2026-05-22 23:27:00,1.16034,1.16044,1.16033,1.16037
2026-05-22 23:30:00,1.16037,1.16038,1.16,1.16006
2026-05-22 23:33:00,1.16006,1.1602000000000001,1.15997,1.16011
2026-05-22 23:36:00,1.16011,1.16016,1.16008,1.16012
2026-05-22 23:39:00,1.16012,1.16016,1.16009,1.16011
2026-05-22 23:42:00,1.16011,1.16016,1.1601,1.16014
2026-05-22 23:45:00,1.16014,1.16015,1.1599,1.15994
2026-05-22 23:48:00,1.15994,1.1599599999999999,1.15978,1.15989
2026-05-22 23:51:00,1.15989,1.16,1.15985,1.15995
2026-05-22 23:54:00,1.15995,1.16034,1.15993,1.16014
2026-05-22 23:57:00,1.16014,1.16032,1.16013,1.16032
